Date,Open,High,Low,Close,Volume
2016-04-25,57.796844974337425,58.29084014892578,57.4345898027581,58.29084014892578,1618600
2016-04-26,58.364920654894554,59.072973522978785,58.30728873686016,58.79304885864258,1280300
2016-04-27,58.97420452954038,59.583463736300416,58.554317310381656,59.41879653930664,1141700
2016-04-28,58.99065042881019,59.82220216198362,58.87538657843867,59.59990310668945,956000
2016-04-29,59.344681478249555,60.00333120519438,58.86715618626333,59.904537200927734,1439200
2016-05-02,60.18444875992537,61.14772777932267,59.8221936878199,61.08186721801758,1578500
2016-05-03,61.12303165461004,61.411191250897,60.54671246203611,60.86780548095703,1372900
2016-05-04,60.76080078603577,61.65821335521456,60.32443747326957,61.29595184326172,1409000
2016-05-05,61.142835278472965,61.96204324721712,60.290527168853465,60.571868896484375,1578600
2016-05-06,60.55533921483374,61.31662373198574,60.034026052411676,61.250423431396484,1583700
2016-05-09,61.39110683746692,61.63934851989038,61.184235612176316,61.473854064941406,1276500
2016-05-10,61.57314420485276,61.788285697582324,61.29179610274896,61.65589141845703,935800
2016-05-11,61.73037343463188,61.82967389724865,61.12631298170433,61.6641731262207,975200
2016-05-12,61.68072733064116,62.14411687039431,61.37455563432769,62.011722564697266,1093900
2016-05-13,61.76348361715281,62.086202281544864,61.3911178699958,61.821407318115234,713700
2016-05-16,61.55659554456038,62.26823299816753,61.44074817427161,62.22685623168945,862000
2016-05-17,62.10274511983945,62.22686280597034,60.265727606595924,60.67947006225586,1469000
2016-05-18,60.33192971715181,61.22560865003813,59.52099170201881,60.10850524902344,1460900
2016-05-19,60.058858837699724,60.74567285738492,59.703040058735866,60.737396240234375,908000
2016-05-20,60.902899632349005,61.1263241357038,60.37330969484067,60.74568176269531,3491900
2016-05-23,60.92770676769664,61.134577978617635,60.48086419452229,60.530517578125,881300
2016-05-24,60.77876624126774,61.26698563812237,60.42294746498693,61.21733856201172,1232200
2016-05-25,61.31663325916129,61.680728655765996,60.47260139173392,60.63809585571289,1289600
2016-05-26,60.762219320300545,61.316632714233016,60.40640054401974,61.21733856201172,1148900
2016-05-27,61.209070711403044,61.41594197577133,60.80360480093999,61.333194732666016,956800
2016-05-31,61.37453591751328,61.71380765956086,61.10146446365161,61.316612243652344,1755200
2016-06-01,61.28353152523014,62.25996398925781,61.19250767842349,62.25996398925781,1044600
2016-06-02,62.25995638223027,62.25995638223027,61.39110110506448,62.22685623168945,966700
2016-06-03,62.756431286370464,63.509445329739826,62.73988437158735,63.269474029541016,1017400
2016-06-06,62.92194763253155,63.16191899234872,62.47510506389354,62.74817657470703,1038900
2016-06-07,62.63231136470272,63.195001144965744,62.533010939995194,62.86400604248047,809100
2016-06-08,62.78127609671078,63.50946047170963,62.63232857532372,63.47636032104492,796100
2016-06-09,63.294302095117466,64.17971045983604,63.03778386174888,64.10523986816406,837800
2016-06-10,63.7991087168027,64.34525198821323,63.73290838453273,64.1301040649414,839900
2016-06-13,64.21282830144729,64.62657075997879,64.11353415185343,64.26248168945312,996000
2016-06-14,63.98111179093405,64.56862512479852,63.71631695999223,64.56034851074219,1188800
2016-06-15,64.7507073932473,64.97412558663198,63.84047506953058,64.38661193847656,948200
2016-06-16,64.4031530553275,65.16443766911719,64.4031530553275,65.10651397705078,1129800
2016-06-17,64.99066570857326,65.19753693645391,64.13008064300465,64.68449401855469,2037500
2016-06-20,64.7506806727671,64.7506806727671,63.50945356721885,64.21281433105469,1999400
2016-06-21,64.37831222051031,64.99892574584992,64.01421693208476,64.66793060302734,1250800
2016-06-22,64.75067266574021,64.95754382441669,64.39485402028838,64.75894927978516,908700
2016-06-23,64.95756751057135,65.32166290283203,64.61002535243657,65.32166290283203,922000
2016-06-24,64.27904292148972,66.93526933907654,64.27904292148972,66.14088439941406,2603000
2016-06-27,66.36428092740853,67.86203276464664,66.22361002129475,67.61378479003906,1957000
2016-06-28,68.12682739171184,68.32542198269653,66.82767646452233,67.95305633544922,1654800
2016-06-29,68.48264851885249,68.83846725981722,67.88685841182237,68.1185531616211,1544600
2016-06-30,68.34197969676858,69.95557915387757,68.18476184762527,69.93075561523438,1951800
2016-07-01,70.17898994169342,70.41896131204766,68.74744464919112,69.59147644042969,1045300
2016-07-05,69.59146840660043,70.53480054628739,69.34322676169786,70.13761138916016,1303100
2016-07-06,69.4259794827031,69.84799851967713,68.70606539765426,69.566650390625,1790200
2016-07-07,69.26048110145238,69.38460509460796,68.12683086987924,68.33370208740234,2064400
2016-07-08,68.01098542501248,69.00396477204609,67.44001882820335,68.97914123535156,1724500
2016-07-11,68.8550010875375,68.8550010875375,68.15164035560674,68.48263549804688,1753600
2016-07-12,68.27577548956357,68.4826466982712,67.19176606295397,67.26624298095703,1933700
2016-07-13,67.70482746085646,68.00272258797166,67.53105635557425,67.85377502441406,1391600
2016-07-14,67.44828528748788,67.75445061155855,67.19176071612192,67.63033294677734,1174000
2016-07-15,67.73792798213682,68.2178708354053,67.44830947178863,67.5145034790039,864600
2016-07-18,67.52275984953211,67.81237827303339,67.3324418768919,67.39863586425781,1456200
2016-07-19,67.53105408316061,67.65517810081685,67.20005880714723,67.62207794189453,1168200
2016-07-20,67.68828089842286,67.84549876792043,67.2993619074367,67.5145034790039,885000
2016-07-21,67.34073154054171,67.34073154054171,66.57944680468933,67.1504135131836,1731000
2016-07-22,67.3324234497957,68.68122106051905,67.3324234497957,68.54882049560547,1385300
2016-07-25,68.64814388018408,68.70606756840603,68.13510098935504,68.54057312011719,797300
2016-07-26,68.67295118826782,68.85499882629168,67.86201974478863,68.0440673828125,902100
2016-07-27,67.82893407484305,68.02752867088186,66.7201010944422,67.41519165039062,1322200
2016-07-28,67.35725238594564,68.15991351386717,67.2248518104008,67.90338897705078,914700
2016-07-29,67.85375934757869,68.6729676012718,67.85375934757869,68.33370208740234,927900
2016-08-01,68.26747876497375,68.68122106051905,68.11853128604919,68.54882049560547,787500
2016-08-02,68.34197915552996,68.47437977819072,67.7379186759654,67.91168975830078,913000
2016-08-03,67.96132342128321,68.1020006333963,67.05109141638015,67.16693878173828,1069000
2016-08-04,67.02145361400201,67.3124162250058,66.28988322918194,66.63072967529297,1391200
2016-08-05,66.76376818408626,66.80533700811243,65.00136167358879,65.24244689941406,2435500
2016-08-08,65.19253166173326,65.78277189222354,64.46096764559933,64.55241394042969,1857200
2016-08-09,64.62725067138672,64.80182828710468,64.12014154560602,64.62725067138672,1500500
2016-08-10,64.63555964455676,64.98471484326376,64.43604329422567,64.9348373413086,1073200
2016-08-11,64.93483463693721,65.11772725983636,64.31965554923927,64.70206451416016,1266300
2016-08-12,65.10941539022743,65.28399299078634,64.58568258855067,64.64387512207031,1121500
2016-08-15,64.66881854985081,64.95146620666905,63.6213465282372,63.629661560058594,1078800
2016-08-16,63.52161757199413,63.52161757199413,62.640407770284476,62.79004669189453,1312800
2016-08-17,62.87315992083741,64.04533219316633,62.14991062664541,63.978824615478516,1687000
2016-08-18,63.88738801286864,64.37787354488556,63.795941665247064,64.34461975097656,1266500
2016-08-19,64.11183334591772,64.21990339194646,63.1474925936204,63.546531677246094,980200
2016-08-22,63.60471658607851,64.0203793413404,63.488331522006,63.704471588134766,740800
2016-08-23,63.6712317340841,63.97050949073763,63.57979174303434,63.58810043334961,964800
2016-08-24,63.48833505155243,63.59640509062482,62.87314957295701,63.396888732910156,663300
2016-08-25,63.38858105059178,63.85412138673674,63.36364229579993,63.40520477294922,608000
2016-08-26,63.44676713320961,63.962191268975275,62.14158624438581,62.18315505981445,1296600
2016-08-29,62.44084337747715,63.06433734835396,62.34939708768119,62.70686721801758,1420500
2016-08-30,62.76509492685964,63.022803883048134,61.46822876989532,61.54304504394531,1129700
2016-08-31,61.51808065504525,61.65940445326671,61.05254045266419,61.509765625,1164800
2016-09-01,61.293638589246356,61.47652489147994,60.92785329975736,60.986045837402344,1143500
2016-09-02,61.09411425218948,62.216402501144465,61.00266793225508,62.18315505981445,1477800
2016-09-06,62.29122744178612,63.297130656363215,62.29122744178612,63.09761428833008,1265900
2016-09-07,62.98952508730413,63.34699527617072,62.49073109743461,63.18073272705078,894400
2016-09-08,62.93134228955017,63.43845138802366,62.706887179288294,62.9562873840332,720200
2016-09-09,62.382661640135005,62.52398544241875,60.262779235839844,60.262779235839844,1523400
2016-09-12,60.171333021692156,61.36844368405562,59.95519297405079,61.0941047668457,1212700
2016-09-13,60.96940863682989,61.21880882183464,60.453990890168306,60.653507232666016,1242100
2016-09-14,60.76989672856044,61.468213492022095,60.50387280498234,60.91122055053711,1296700
2016-09-15,60.86966508652227,61.410028027335635,60.7865337900536,61.28532791137695,892600
2016-09-16,61.16062922265396,61.98363985916872,61.16062922265396,61.79243850708008,1876200
2016-09-19,62.083376030403265,62.56554624503294,61.95867596213574,62.49903869628906,816600
2016-09-20,62.91471881229616,63.23062024268504,62.46580224752625,62.474117279052734,910900
2016-09-21,62.55722355468583,63.88734265412436,62.44915355809363,63.82083511352539,1186100
2016-09-22,64.10351656453454,64.44435675733051,63.93725398402591,64.31134796142578,1015700
2016-09-23,64.67714140326005,64.67714140326005,63.57979174303434,63.58810043334961,1116800
2016-09-26,63.63797031126956,64.1284493176395,63.34700130883555,63.74604034423828,662700
2016-09-27,63.97049174455705,64.36121572638052,63.197358811430384,63.30543518066406,876000
2016-09-28,63.37194061279297,63.5049493841033,62.82326278204987,63.37194061279297,772900
2016-09-29,63.08930488397998,63.18906624815072,62.14990915579039,62.332801818847656,939100
2016-09-30,62.77338922775018,62.947966818720055,61.942063741697375,62.21639633178711,1738900
2016-10-03,62.04183713380003,62.233044842982245,61.37678035330048,61.5679817199707,1080100
2016-10-04,61.39338383670536,61.667722760190316,59.281816411186746,59.780616760253906,1789900
2016-10-05,59.921956649741354,60.25448819087153,59.12388475653591,59.16544723510742,1219900
2016-10-06,59.16544134327378,59.348333989808076,58.6583322206145,59.19038009643555,1466900
2016-10-07,59.67252177347893,60.029991862773564,58.69987281278465,58.72481155395508,1031100
2016-10-10,58.882778808965845,59.52289656761663,58.87446377917549,59.340003967285156,855100
2016-10-11,59.10724874002121,59.10724874002121,58.29255320591522,58.60013961791992,916800
2016-10-12,58.60012724958209,59.4148289542454,58.58350353183818,59.26519012451172,839700
2016-10-13,59.356644237195525,60.104838484294596,59.165436574182806,59.655921936035156,748200
2016-10-14,59.65592782832182,60.262791974651975,59.40652760715175,59.63098907470703,866900
2016-10-17,59.7972590304556,60.02171418316375,59.5478587785471,59.639305114746094,538100
2016-10-18,60.046642315183085,60.4290512755447,59.43977192302676,60.20458984375,954600
2016-10-19,60.01340126645131,60.11315628618044,58.96592916171548,59.57279968261719,1141100
2016-10-20,59.64760971069336,60.01339499148433,59.448093349584994,59.64760971069336,664200
2016-10-21,59.24857489836104,59.73074528628084,59.19038235792322,59.51459884643555,594500
2016-10-24,59.705815983607664,60.00509376538111,59.53123833465852,59.93027114868164,846700
2016-10-25,59.83882529699904,60.4373744594884,59.581110023033204,60.38749694824219,713600
2016-10-26,60.34591635179649,60.57869282471716,59.99676115618104,60.279415130615234,729400
2016-10-27,60.187986617786194,60.31268675096258,59.74738497740693,60.12147903442383,872600
2016-10-28,60.23784704799074,60.578693559159866,59.930254319070585,60.29603958129883,739500
2016-10-31,60.52882759099443,61.925455145376226,60.41244249000531,61.551361083984375,1371900
2016-11-01,61.55966191666827,61.55966191666827,60.611951260087814,60.728336334228516,1169400
2016-11-02,60.67844195491656,60.68675698520082,59.672538935852074,60.262779235839844,1063500
2016-11-03,59.506299576596106,60.19630148138001,59.29015310253479,59.93027114868164,958600
2016-11-04,60.15473496684556,60.312688897324264,58.674976068189686,58.683284759521484,1184600
2016-11-07,59.046836939719235,59.6402297106005,58.28628723426116,59.63187026977539,871900
2016-11-08,59.74051174586465,60.86879372561511,59.74051174586465,60.526126861572266,803600
2016-11-09,61.44547932988611,61.520701543759124,60.166759081509944,60.38405990600586,1735600
2016-11-10,60.26704623298809,60.325549558581756,58.01048210136501,59.364418029785156,2342400
2016-11-11,59.23069992325755,60.50942004555717,59.23069992325755,59.573360443115234,1038200
2016-11-14,59.356080746686075,59.71546027416463,58.32809244518261,59.01342010498047,1231000
2016-11-15,59.456381167113655,60.024702191645005,59.289230550175674,59.85755157470703,1181800
2016-11-16,59.8825902539558,60.275400999508385,59.18890346399629,60.13331604003906,1153700
2016-11-17,59.949459384216304,60.409126562403955,59.757230522381306,59.999603271484375,921100
2016-11-18,59.96617632079442,60.392418523235925,59.67365966279923,60.03303909301758,995500
2016-11-21,60.25868313236458,60.60135000172694,59.97452596142554,60.5428466796875,829300
2016-11-22,60.710016528938986,62.10574363923431,60.25870231111455,61.96366500854492,984100
2016-11-23,61.51231749765498,62.1057100249997,60.333891880359815,60.584617614746094,902000
2016-11-25,60.71000059182171,62.247812305497945,60.71000059182171,62.147518157958984,550200
2016-11-28,62.40660612770543,63.200587150203276,62.38989362391109,62.59883499145508,955400
2016-11-29,62.557045757558484,63.61847150243812,62.523614372735494,63.50146484375,978300
2016-11-30,63.14209162549715,63.14209162549715,60.55957268778376,60.56793212890625,1517100
2016-12-01,60.20018250064831,60.50941800318148,59.28084180906471,59.941097259521484,1005800
2016-12-02,60.367348111264434,60.87715922735829,60.23362256342108,60.60971450805664,1142600
2016-12-05,60.2837664556698,60.634792830566084,59.32264118018222,60.60971450805664,845000
2016-12-06,60.59298390453433,60.87714104425029,60.14166987994147,60.358970642089844,1067900
2016-12-07,60.4926840272015,61.03593269277581,60.375677407094116,60.72670364379883,1056200
2016-12-08,60.27541115687543,61.119529734902066,59.83245007835318,61.05267333984375,961400
2016-12-09,61.1446162032225,61.21983204882896,60.492713659371326,61.02760314941406,987400
2016-12-12,60.59299752649931,61.63770438040447,60.59299752649931,61.62934494018555,1108600
2016-12-13,61.59593223237394,62.323050718662074,61.59593223237394,61.97203063964844,1257600
2016-12-14,62.29794655446999,62.58210369729897,60.06645472207804,60.12495803833008,1171800
2016-12-15,60.08318690090121,60.44256635454802,59.76559827671451,60.158409118652344,1179500
2016-12-16,60.55121168312464,61.08610112621679,60.10825696085006,60.91059112548828,2626000
2016-12-19,61.08608909068562,61.44546846224228,60.434193108881416,61.26995849609375,795200
2016-12-20,61.437141590728714,62.11410980252723,61.01925871897426,61.16969680786133,1193700
2016-12-21,61.3117306575989,61.82154789876136,60.82698535020149,60.84370422363281,922600
2016-12-22,60.86879467053352,61.15295184147256,60.45091197699925,60.5428466796875,799400
2016-12-23,60.72671932937892,61.086092343689316,60.601353239344206,60.969085693359375,393400
2016-12-27,60.80194698322598,61.16968588514863,60.65986836253239,61.07775115966797,507900
2016-12-28,61.111181367597766,61.194756650132646,60.0915463420703,60.158409118652344,595200
2016-12-29,60.15840601700531,60.835374059935695,59.97453657907731,60.77687072753906,794200
2016-12-30,60.72671865801034,60.91894113440546,60.20018236096253,60.47598648071289,775400
2017-01-03,60.48435406570821,60.5512104624581,59.76559519547055,60.38405990600586,806300
2017-01-04,60.58463660581913,61.01087877718437,60.308838849179935,60.852081298828125,640000
2017-01-05,60.75178778323547,61.18638297716231,59.941094340803176,60.952369689941406,763100
2017-01-06,60.718356587112055,61.06937651900939,60.551199684029605,60.87714767456055,919700
2017-01-09,60.9105905314589,61.01088469220498,59.498151098499015,59.63187026977539,794100
2017-01-10,59.51485853173424,59.54828991580048,58.938178315264494,59.1053352355957,1087800
2017-01-11,59.05517977406956,59.548278245544125,58.771016253389064,58.979957580566406,945600
2017-01-12,59.0050390248479,59.23069926532614,58.47014965121814,59.08026123046875,949100
2017-01-13,59.0217532835651,59.38113265112213,58.83788388020329,59.18890380859375,589500
2017-01-17,59.43127427866003,60.450909021249984,59.34769901931636,60.23360824584961,957300
2017-01-18,60.183445847579236,60.70997555818075,59.815707167956944,60.676544189453125,1361100
2017-01-19,60.01631702046311,60.609709745524555,59.949460628179885,60.06646728515625,834300
2017-01-20,60.024680576284496,60.50942611778617,59.8240986329126,60.116615295410156,813000
2017-01-23,60.183471752073196,60.35062229127556,59.74051708444101,59.98288345336914,743500
2017-01-24,59.98289767922969,60.175126583648336,59.59844624677823,60.099910736083984,819100
2017-01-25,59.70708396090575,60.074816411708696,59.339345133718645,59.941097259521484,1202100
2017-01-26,59.8993178508654,60.534501479837935,59.757239231975014,60.333919525146484,941300
2017-01-27,60.42583959465737,60.59299012029776,60.18346686901012,60.4341926574707,869300
2017-01-30,60.10826380155612,60.47600272667745,59.79903459305488,60.099910736083984,1073900
2017-01-31,60.13332122872241,61.403688276141125,60.08317734245578,61.37861633300781,1062500
2017-02-01,60.935661423723744,60.944014487145246,59.865876302031985,60.00796127319336,1315400
2017-02-02,60.09988835424525,61.044300888141535,59.97452227860647,61.00251007080078,1099100
2017-02-03,61.06552881107237,61.30075061530881,60.544675952182075,60.83030700683594,736100
2017-02-06,60.9395335694836,60.9395335694836,60.39347912632692,60.561492919921875,857500
2017-02-07,60.527895288655195,60.6791102666168,60.233861535890945,60.561492919921875,783500
2017-02-08,60.67908499285039,61.45195837637822,60.43546060709022,61.26713943481445,790800
2017-02-09,61.2671248768009,61.42674236282616,60.872285669882324,61.19991683959961,716200
2017-02-10,61.2167420694914,61.72078969468629,60.947916242099915,61.71238708496094,701200
2017-02-13,61.64517859848829,61.914004424016404,61.30915112356308,61.51076889038086,650300
2017-02-14,61.258749363963354,61.510776410281665,60.93111804933797,61.16633987426758,777100
2017-02-15,60.880720964020476,61.35956726988002,60.39347204667157,61.33436584472656,670200
2017-02-16,61.426757537601574,61.939207731561744,61.3343480659489,61.69558334350586,625400
2017-02-17,61.695594049015675,62.18283650036169,61.46037222919749,62.00642013549805,2662800
2017-02-21,62.00640623755022,62.535661622829174,61.85519132880087,62.485252380371094,1024800
2017-02-22,63.00613096000637,63.20774878447017,61.36797411877223,62.93892288208008,1212700
2017-02-23,63.01451506003198,63.636173574935206,62.98931364054192,63.48495864868164,993400
2017-02-24,63.60255426801265,64.42583675970386,63.60255426801265,64.09820556640625,866200
2017-02-27,64.03102035655048,64.47626257752394,63.661382402845454,64.22423553466797,830300
2017-02-28,64.25784961236954,66.13963729874096,64.07303060662638,65.52637481689453,1766400
2017-03-01,64.71988503338902,65.89600051527746,64.5854689054869,65.24073791503906,1647600
2017-03-02,65.13991666542833,65.61876283749143,64.728278547872,65.39193725585938,1341000
2017-03-03,65.42553804202524,65.59355816996863,64.71147012387527,64.97189331054688,914700
2017-03-06,64.87948801660515,65.18191141785917,64.73666931044549,64.93829345703125,752600
2017-03-07,64.93830092395608,65.08951584662668,64.56026041262305,64.59386444091797,692500
2017-03-08,64.11502708894594,64.13182590075172,63.21614003845934,63.40095901489258,650600
2017-03-09,63.41776465146015,63.77900003264145,63.08173069535657,63.24134826660156,557500
2017-03-10,63.68657459479142,63.98900443866003,63.24973504771066,63.77898406982422,597200
2017-03-13,63.84619444699571,64.20742975089729,63.77898638829001,63.92179870605469,674700
2017-03-14,63.846215460077765,64.22424969841788,63.70340309531065,63.854618072509766,367800
2017-03-15,63.4429513699435,65.07271151319966,63.207729577991714,64.87109375,760600
2017-03-16,64.60229030174976,64.71990123845556,63.56059068693466,63.62779235839844,843800
2017-03-17,63.560590301580355,64.45107493390127,63.484979608833406,64.01422882080078,1876600
2017-03-20,64.18223868896597,64.20744011271931,63.43456654081684,63.78739929199219,522400
2017-03-21,63.846182065945136,64.50144448797413,63.45134280925792,64.25782012939453,801300
2017-03-22,64.56866694685166,65.05591577277596,64.56866694685166,64.82069396972656,859600
2017-03-23,64.6862634089181,65.1735121260773,64.08980642452474,64.25782012939453,647700
2017-03-24,64.37542708338486,64.87948098591497,64.09820512816725,64.7618637084961,571900
2017-03-27,65.17353730206659,65.24914157566968,64.1906432893394,64.55187225341797,877600
2017-03-28,64.44265191464218,64.92149811935352,64.2158327268582,64.84589385986328,951600
2017-03-29,64.74505657900961,64.98027828498358,64.24100915059242,64.82906341552734,1035500
2017-03-30,64.72831647546188,64.84592743510646,64.11505383504372,64.68630981445312,949600
2017-03-31,64.7618818176711,65.56836572350933,64.73668039735992,65.33313751220703,1453700
2017-04-03,65.18191285104346,65.31632895172277,64.45944874248575,64.80387878417969,915900
2017-04-04,64.90469337545498,65.50115042438564,64.77027726956558,65.29113006591797,735800
2017-04-05,65.27436782607593,65.95483859388042,64.98874302696848,65.77001953125,896600
2017-04-06,65.5767654645192,65.76998704619251,64.97190570714122,65.47595977783203,684900
2017-04-07,65.55154530192628,65.92958574686416,65.40033040581352,65.44233703613281,540400
2017-04-10,65.52634541914098,65.60194966430866,65.08950593644401,65.54314422607422,487400
2017-04-11,65.475951507169,65.9463950771212,65.31633397765825,65.77838134765625,657300
2017-04-12,65.83719868489098,66.23203166137648,65.61877566968637,66.2152328491211,1039300
2017-04-13,66.1900451549681,66.32445490883224,65.63558809582553,66.0052261352539,581100
2017-04-17,66.03039691931218,66.55965230456401,66.00519550274066,66.50084686279297,788000
2017-04-18,66.55125435171415,66.90408702702378,66.38323421396224,66.7864761352539,660800
2017-04-19,66.76967764649098,66.94609398499222,66.37483833252072,66.63526153564453,723300
2017-04-20,66.63526796932341,66.63526796932341,65.82879045431763,66.5092544555664,874000
2017-04-21,66.60167594021111,67.74418756134874,66.54287047776938,67.63497924804688,1126100
2017-04-24,67.6349693307157,68.26503051134024,67.44174774855946,67.85338592529297,1101400
2017-04-25,67.62656870412422,68.13061638154683,67.62656870412422,68.02140808105469,731800
2017-04-26,67.64336778026947,67.7357772692446,66.90409827778241,67.39974975585938,1104600
2017-04-27,67.49216773618576,68.45826307374408,67.49216773618576,67.55097961425781,913300
2017-04-28,67.50055073485233,67.7861817924705,66.8368855464042,67.0049057006836,1082800
2017-05-01,67.06368855938734,67.24850746217459,66.28241273080303,66.35801696777344,769900
2017-05-02,66.45885467529297,66.85369404557396,66.22363285707804,66.45885467529297,1298600
2017-05-03,66.4968615209656,66.4968615209656,65.50033727640405,65.61856842041016,1254900
2017-05-04,64.55448566479815,65.16253520687064,63.56640193737343,63.912654876708984,1845900
2017-05-05,64.23356150041526,64.90917347615873,64.01399308494494,64.73182678222656,1069200
2017-05-08,64.91762461178087,65.36521483644268,64.45314054291649,64.66426849365234,1331000
2017-05-09,64.40247019071937,64.53758872519231,63.47350852070961,63.591739654541016,1409200
2017-05-10,63.56640193737343,64.11533590969519,63.47351156471989,63.912654876708984,1121200
2017-05-11,63.70999075272107,63.98867483087376,63.211725295624866,63.94645309448242,749300
2017-05-12,63.937988718837225,64.7656131322272,63.76908893313991,64.44469451904297,1078000
2017-05-15,64.36869365984599,64.80783698293213,64.29268424360924,64.60515594482422,798700
2017-05-16,64.76560658193847,64.8331626235166,63.92953533088838,64.05621337890625,1084900
2017-05-17,64.05622904839329,64.05622904839329,63.237051439684706,63.802879333496094,983400
2017-05-18,63.89575620467598,64.14065891964921,63.02590377018609,63.549503326416016,1253600
2017-05-19,63.67617692038077,64.11532012425107,63.20324603569857,64.06465148925781,560800
2017-05-22,63.7775212232966,64.5798112101304,63.76063382414072,64.495361328125,796700
2017-05-23,64.36024372914362,65.02740882664256,64.36024372914362,64.66426849365234,685400
2017-05-24,64.61358995858502,65.14562999349319,64.59669611696796,65.0611801147461,536900
2017-05-25,65.06119799227771,65.74525057413987,64.79095444016178,65.64391326904297,630800
2017-05-26,65.78743949475691,65.84655503516379,65.2976213353223,65.47496795654297,703100
2017-05-30,65.41587676959426,65.87191386955706,65.14563327811034,65.67767333984375,840900
2017-05-31,65.551008859936,66.1843927159694,65.53411501563141,66.02393341064453,1145600
2017-06-01,66.11680557415364,66.58972994853822,65.82966831605489,66.5475082397461,571400
2017-06-02,66.71641540527344,67.13022427903223,66.48840011164245,66.71641540527344,692700
2017-06-05,66.61506189479464,66.92753345568504,66.50527772410342,66.55594635009766,536000
2017-06-06,66.7417646958271,66.919111395798,66.41240561829348,66.50530242919922,612500
2017-06-07,66.66575342159912,67.16401221517667,66.59819094152031,67.02044677734375,869300
2017-06-08,67.02047236861735,67.02047236861735,65.96483237597043,66.45465087890625,1023500
2017-06-09,66.39549491840114,66.96976298288264,66.2012544429114,66.93598175048828,530700
2017-06-12,66.95288567747086,67.70450056528178,66.91910443673507,67.30757904052734,801600
2017-06-13,67.27380080983227,67.83117514574705,67.20623833180849,67.71294403076172,645900
2017-06-14,68.26188836073257,69.00505640365955,68.01697917266137,68.67569732666016,758400
2017-06-15,68.48990573614759,69.36819878189536,68.48990573614759,69.3006362915039,817700
2017-06-16,69.37662809801839,70.00156486776262,69.10638464814693,69.78199005126953,1664300
2017-06-19,69.87488577563485,69.91711393154758,68.52366854688319,68.68412780761719,794900
2017-06-20,68.77703815702542,68.8530411209196,68.36322276544628,68.65036010742188,477400
2017-06-21,68.5068059415883,68.59970276372418,67.78052521022474,68.16055297851562,558200
2017-06-22,68.19433606345248,68.70948883894754,67.78052703568439,68.48991394042969,582000
2017-06-23,68.35481349594002,68.8868538154534,68.32103223774797,68.51526641845703,1010700
2017-06-26,68.51523932917614,69.2499669073482,68.4139020377825,68.58280181884766,869700
2017-06-27,68.34633677910365,68.5067960747942,67.39204081283232,67.62005615234375,792200
2017-06-28,67.92408376822299,68.04231490379304,67.22313743369078,67.26536560058594,771900
2017-06-29,66.88532140778412,67.0119994463783,65.64389467027664,65.95635986328125,1453900
2017-06-30,65.95634414610255,66.53061220018567,65.7452162797942,65.82966613769531,993000
2017-07-03,66.0830349950468,66.32794414072589,65.762122895422,65.93102264404297,381800
2017-07-05,65.93103222620095,66.07459767770526,65.44966078524689,65.79591369628906,605700
2017-07-06,65.65235743974078,65.96482918195586,65.33989214064057,65.53412628173828,577900
2017-07-07,65.69456955099584,66.06615678135158,65.47499469277534,65.66923522949219,659000
2017-07-10,65.88878705413865,66.09147446135883,65.68610609003014,65.76211547851562,623000
2017-07-11,65.82968926488593,65.92258607414686,65.33143041804402,65.6607894897461,486700
2017-07-12,66.25194248120093,66.8177702357,66.16749259702759,66.3110580444336,785700
2017-07-13,66.33640028257939,66.39551584712568,65.6101196649459,65.66923522949219,672000
2017-07-14,66.15060272789428,66.69953661919791,65.97325604481703,66.41239929199219,768000
2017-07-17,66.41240320264,67.0120057692406,66.18438786614642,66.9866714477539,695900
2017-07-18,67.0035742229416,67.50183961793181,66.90223691374105,67.28226470947266,692800
2017-07-19,67.41737460230311,67.67917118321444,67.18091234301376,67.57782745361328,418300
2017-07-20,67.86496193143452,68.61657684231982,67.6876152444618,68.40544891357422,702700
2017-07-21,68.47300920982819,69.1823959350586,68.2956625285206,69.1823959350586,585200
2017-07-24,68.98816710050369,68.98816710050369,68.3294489646716,68.3463363647461,521000
2017-07-25,68.34633186052555,68.50679114466855,67.95785725328037,68.20276641845703,468400
2017-07-26,68.03385433133198,68.79391608114878,67.93251706009798,68.70101928710938,307800
2017-07-27,68.70102695637688,68.72636127701351,67.72139671411959,68.2365493774414,623200
2017-07-28,68.29568046959504,68.53214277345646,67.983208743427,68.44769287109375,495500
2017-07-31,68.43924528812344,68.70948883894754,68.02543626035536,68.48991394042969,775000
2017-08-01,68.59123037689902,68.91214245225045,68.32943385340475,68.72634887695312,599400
2017-08-02,68.46455814361589,69.3428510191379,68.27031763216549,69.24995422363281,870400
2017-08-03,68.61659202189546,68.86994816968364,67.36671157224933,68.1098861694336,1203800
2017-08-04,68.10988969602735,68.72637980812367,68.10144277249985,68.47303009033203,772500
2017-08-07,68.68096963638189,69.34307654594308,68.48572982846157,69.08841705322266,716700
2017-08-08,68.90168367400297,69.25820186586122,68.74040533554982,69.02052307128906,585700
2017-08-09,68.99504326108287,69.50435577708052,68.76585489557495,69.33458709716797,891400
2017-08-10,69.15636304534353,69.41950657528164,68.87623875306296,69.06298828125,595500
2017-08-11,68.93563697670653,68.96959201454197,68.12073549743991,68.51969909667969,497200
2017-08-14,68.59608190102809,69.10540090933559,68.28200918566671,69.03749084472656,763600
2017-08-15,68.7998242384817,69.49588633293331,68.68098484257007,69.40251159667969,609100
2017-08-16,69.28368036743736,69.75903800711569,69.19030562017738,69.25820922851562,689900
2017-08-17,69.25818884031558,69.60622306424169,68.97807115725871,69.03749084472656,604700
2017-08-18,68.92712919941351,69.58924255568017,68.73189587646766,69.130859375,730300
2017-08-21,69.27518493695914,69.71658750215474,69.19878447828853,69.67414855957031,526800
2017-08-22,69.73354680167886,69.86936044292254,69.40249336058905,69.76750183105469,543800
2017-08-23,69.7675082444713,69.7675082444713,69.32609929826836,69.43645477294922,675500
2017-08-24,69.5553133829091,69.61473308714561,69.04599423086819,69.32611846923828,1160100
2017-08-25,69.56379813354295,69.92880674294535,69.3940293983027,69.5722885131836,457300
2017-08-28,69.69112368130122,69.86938278533223,69.45344487592655,69.60623931884766,551500
2017-08-29,69.6062561034687,69.69114048639099,69.03752361399964,69.06298828125,630600
2017-08-30,69.01205533552553,69.07995895255218,68.40936135290903,68.63006591796875,1156100
2017-08-31,68.74041069302535,69.00355416805887,68.35842133518173,68.67250061035156,1195300
2017-09-01,68.81679135928164,68.90167570806346,68.45178283088518,68.61306762695312,414900
2017-09-05,68.63855404455312,68.68099947053092,68.09528626860357,68.60459899902344,784800
2017-09-06,68.81681543638366,68.81681543638366,68.23959259594798,68.63006591796875,662300
2017-09-07,68.7573801988473,69.36855794792777,68.64703117936502,69.18180847167969,568300
2017-09-08,69.07146621084142,69.60624355548407,68.66401217949789,69.5722885131836,463800
2017-09-11,69.56379978682625,70.50603118520591,69.56379978682625,70.38719177246094,553700
2017-09-12,70.37870448393126,70.37870448393126,69.07146453034753,69.39402770996094,591400
2017-09-13,69.52137172054638,69.52137172054638,68.99507818440684,69.06298828125,647000
2017-09-14,68.91868122635093,69.86939663632053,68.6130922799284,69.83544158935547,1039200
2017-09-15,70.013695320548,70.22590947086016,69.58926701992364,70.18346405029297,1285700
2017-09-18,70.18343534764236,70.18343534764236,69.29213369033867,69.8099365234375,658100
2017-09-19,69.81844133192992,70.17495947804574,69.5043621215361,69.87786102294922,687800
2017-09-20,70.03065461037174,70.57392220076348,69.38552191818385,69.94577026367188,1628800
2017-09-21,69.85239144169769,70.02216012513833,69.30912388317546,69.42796325683594,648700
2017-09-22,69.7081066998617,70.05613454008478,69.30065268010631,69.63170623779297,991000
2017-09-25,69.6316902343672,70.05611843911282,69.23272668570462,70.01367950439453,954600
2017-09-26,69.95425042171874,70.38716246952278,69.71656521891744,69.8438949584961,777200
2017-09-27,69.41948466913855,69.76751894843592,67.93398576984355,68.75737762451172,1324000
2017-09-28,68.43481589712135,68.85075378417969,67.85759319668348,68.85075378417969,1462300
2017-09-29,68.63854670502575,68.79983153497989,68.23109267850131,68.68099212646484,1985400
2017-10-02,68.91018081455292,69.52984899800224,68.6640116170874,69.41100311279297,885400
2017-10-03,69.32611762701222,69.40251808939502,68.67250088835135,69.39402770996094,606100
2017-10-04,69.40252677578684,70.12405368770243,69.09693784053225,70.03916931152344,736300
2017-10-05,70.12402549514178,70.39565927546498,69.84390133773532,70.3786849975586,666600
2017-10-06,70.1155531115873,70.47207132545483,69.78449955924434,70.25985717773438,611000
2017-10-09,70.42113243871691,70.91347074886818,70.3532223663662,70.63334655761719,622000
2017-10-10,70.78614249851653,71.38033945366064,70.6842773878085,71.36336517333984,712900
2017-10-11,71.22755913369483,71.90664051572553,71.19360409315404,71.67745208740234,725500
2017-10-12,71.66896143134865,72.29711348827252,71.50767660846832,72.2376937866211,1138900
2017-10-13,72.3395597499229,72.81491736866771,71.98304153586429,72.16978454589844,909500
2017-10-16,72.16978512024774,72.45839973125528,71.53314267167855,72.33106994628906,1123400
2017-10-17,72.25466646249758,73.11200685095658,72.17826601105668,73.0271224975586,1110700
2017-10-18,72.90830650140195,73.22238583363927,72.57725288354298,73.18843078613281,772500
2017-10-19,73.42607782035084,74.06272011359088,73.34968385376699,74.05422973632812,740100
2017-10-20,74.1221447065708,74.58901834301062,73.9608599092078,74.49564361572266,1099900
2017-10-23,74.48714334451668,74.58051805940262,74.17306416933125,74.47016906738281,785900
2017-10-24,74.46170326643336,74.66542704057721,73.16295368234054,73.6977310180664,1268500
2017-10-25,73.71471433479806,73.85902489892014,72.84888333137957,73.7911148071289,931500
2017-10-26,74.06274806542217,74.8352107813582,74.0203026393495,74.26647186279297,779100
2017-10-27,74.02878485069456,74.86915108884409,74.0033201883661,74.41925811767578,965500
2017-10-30,74.42773354564764,74.63994765743652,74.30040378332217,74.49564361572266,855300
2017-10-31,74.30889416114672,74.69087697186242,74.21551943385876,74.49564361572266,641300
2017-11-01,74.69937551992255,74.7418209374271,73.88447401867477,74.02877807617188,831700
2017-11-02,74.69086916330355,76.58382169211633,74.4786550737006,75.9301986694336,1430300
2017-11-03,75.20870039173244,75.69254843924605,74.7248523442188,75.34452056884766,951800
2017-11-06,75.30207797927697,75.72650633434647,75.00497942598088,75.21719360351562,733700
2017-11-07,75.42939117870475,76.50743611374314,74.90309780280352,76.39708709716797,725200
2017-11-08,76.26975367977008,76.81302131062873,75.90474513313744,76.6008071899414,843600
2017-11-09,76.52832365639823,77.09116046351505,75.64996303879062,76.16162872314453,965000
2017-11-10,75.9398951246424,76.18719505705202,75.35147613261067,75.67552947998047,693400
2017-11-13,75.60733012034642,76.56243768926885,75.55615899616674,76.34071350097656,682400
2017-11-14,76.20427270223819,77.39816367507763,76.13604887380568,77.35552215576172,690100
2017-11-15,77.4493206106657,77.93540395421077,76.56243044756593,76.59654235839844,1085900
2017-11-16,76.68182261997902,76.74151684030004,76.15310424175907,76.48568725585938,754400
2017-11-17,76.31515175304959,76.52834639372112,75.62440319925275,75.91434478759766,2047600
2017-11-20,75.95694927671894,76.13603190680875,75.19797724654653,75.3685302734375,1081700
2017-11-21,75.47087682395323,75.94843057272547,75.32590607967336,75.53910064697266,730200
2017-11-22,75.4708750500394,75.85462265968556,75.13829205336427,75.6073226928711,646600
2017-11-24,75.7267005920142,76.1189777513084,75.53908836231243,75.67552947998047,198400
2017-11-27,75.58174950452386,76.28102755313735,75.58174950452386,76.06783294677734,695700
2017-11-28,76.4174737335004,76.49422066732504,75.92286069490966,76.38336181640625,788300
2017-11-29,76.27249047807847,77.32140410571684,75.92284826474443,77.04851531982422,688900
2017-11-30,77.14232842114143,78.26799557794571,77.0399926773656,78.08038330078125,899900
2017-12-01,78.20831066749807,78.4300348856588,77.20203183884028,77.79045104980469,701500
2017-12-04,77.93541902143257,78.19977824876572,77.4493355839132,77.87572479248047,1026600
2017-12-05,78.02919669699237,78.21680892129645,77.12525398663342,77.3128662109375,621800
2017-12-06,77.56874185748799,77.77340690287568,77.03149367352614,77.55168914794922,536100
2017-12-07,77.3384831942017,77.68811899122676,77.0059001042237,77.67106628417969,515800
2017-12-08,77.64547950592267,78.07186872560113,77.33847874725951,78.04627990722656,610300
2017-12-11,78.07187327294709,78.77115137370235,77.15087094331327,78.66881561279297,1291800
2017-12-12,78.44707491236537,78.44707491236537,76.15310568275123,76.17015838623047,1270700
2017-12-13,76.2469191220023,77.29583290029156,76.15311297842419,76.69036102294922,989000
2017-12-14,76.66476770116275,77.50901636592711,75.76934791604347,77.04851531982422,1465800
2017-12-15,77.63690723850068,78.26796111513092,77.38107124480162,77.44929504394531,1782900
2017-12-18,77.40669990747716,77.96100722172068,76.80975757286629,77.16792297363281,785600
2017-12-19,77.41522234768262,77.41522234768262,75.89727783203125,75.89727783203125,560800
2017-12-20,75.99961193309416,76.62213651002381,75.88874657920438,76.18721771240234,695700
2017-12-21,76.07635734083814,76.8267999615873,75.74377429819616,76.49421691894531,1094100
2017-12-22,76.6306749847491,77.48345346754739,76.44306267754412,77.18498229980469,640200
2017-12-26,77.24466298832064,78.21682976774429,77.05705071401391,77.10821533203125,795700
2017-12-27,77.2361451946188,78.30211827421009,76.96325634649077,77.46639251708984,907600
2017-12-28,77.8927702501299,78.19124787329986,77.16790996425085,78.13155364990234,855300
2017-12-29,78.30211699727006,78.68586469719148,77.89278047866173,78.02069854736328,802400
2018-01-02,77.60281722324646,78.01215362736363,75.54761861118021,75.96548461914062,1139600
2018-01-03,75.47941667173356,76.26397122438372,74.96775094201314,75.4282455444336,946800
2018-01-04,75.27474440760054,75.74377511700321,74.49018986294757,74.7119140625,931300
2018-01-05,74.85688393043156,75.07007852194278,73.64594021213163,73.97852325439453,1140900
2018-01-08,74.19170628138951,74.63514809989171,74.02115323723827,74.61809539794922,1284300
2018-01-09,74.6181002305888,74.65221214286463,73.2280739628045,73.94440460205078,864400
2018-01-10,73.77385422810625,73.77385422810625,72.79315785962518,73.08309936523438,829000
2018-01-11,72.36676291742816,72.47762174785889,71.65042580320466,72.2644271850586,1394200
2018-01-12,71.98300876360294,72.16209139933477,68.70833719344357,68.93006134033203,4003600
2018-01-16,69.28825182754711,71.29227996378408,69.040945286436,70.11544799804688,3111500
2018-01-17,70.00457532178793,70.61005370767194,69.91077568402719,70.36274719238281,1482100
2018-01-18,70.32863043851422,70.89146075728031,69.7828528237546,70.2774658203125,1561100
2018-01-19,70.64416151717444,71.23258071167955,70.25188422289871,70.78913879394531,1323900
2018-01-22,71.16433469549142,71.42017074541006,70.49064567598893,70.74647521972656,1317800
2018-01-23,70.6612123601555,72.23032135141655,70.63563005145616,71.8039321899414,1114000
2018-01-24,71.80392122929638,72.05122768594327,71.3178379196611,71.42017364501953,853500
2018-01-25,71.60780384031733,72.15358150002479,70.95116082379924,72.08535766601562,764800
2018-01-26,72.18770625475625,72.48617744889725,71.48842809726132,72.43501281738281,869500
2018-01-29,72.18770610889435,72.18770610889435,70.95117329826006,71.41167449951172,829800
2018-01-30,70.72091216612348,71.65896709419434,70.64415872778328,70.8744125366211,1030600
2018-01-31,71.01083651471725,71.01083651471725,70.37125287675548,70.9255599975586,1175200
2018-02-01,71.01939258992019,71.21553450805776,69.52703021174905,69.79138946533203,1334000
2018-02-02,69.68052440189571,70.1751374504183,69.07505250022827,69.26266479492188,1101800
2018-02-05,69.07503735083262,69.53553838057996,67.03689788035813,67.21598052978516,1883700
2018-02-06,66.8859234631052,67.94897032388678,65.83145789489326,67.69178009033203,2169600
2018-02-07,67.72608790068635,68.36048233572402,66.83450317382812,66.83450317382812,1268700
2018-02-08,66.67160377777623,67.26313742011743,65.18849210666349,65.20563507080078,1572000
2018-02-09,65.67715966434862,67.45175435667333,65.48855432322664,66.8173599243164,1775400
2018-02-12,67.04882457718396,67.16027021254989,66.07151195745003,66.80020904541016,1016900
2018-02-13,66.72303489200463,67.66605474094736,66.27723940955407,67.52888488769531,921200
2018-02-14,66.9545075733561,67.57175889379455,66.59444648330674,67.15168762207031,725600
2018-02-15,67.2374220632014,68.34332969652705,67.16883712300603,68.33475494384766,718100
2018-02-16,68.31761176578168,69.4920977950154,68.09471398115271,69.01201629638672,1012700
2018-02-20,68.7977064329317,69.29493753204028,68.21474741274743,68.45478820800781,1026000
2018-02-21,67.76038366147466,69.49211121642945,67.57177831040984,67.59749603271484,1250400
2018-02-22,67.61461069604876,68.19756941681091,67.09166214327898,67.50315856933594,988200
2018-02-23,67.56319497730634,69.26921113395693,67.56319497730634,69.12346649169922,655800
2018-02-26,69.86929733467868,69.98931769028628,69.08059027193757,69.26919555664062,804200
2018-02-27,69.43209749540557,70.2465290572696,68.35191396966376,68.54908752441406,986700
2018-02-28,68.48050283895988,69.23492420786098,68.03471374511719,68.03471374511719,1069300
2018-03-01,67.96613620220889,68.90058826126715,67.20314653686943,67.85469055175781,1233900
2018-03-02,67.69176912735777,68.70337385322306,66.99736476608881,67.62318420410156,1373800
2018-03-05,67.49460831574027,69.33778105468394,67.43459813178329,68.74625396728516,1992400
2018-03-06,68.71194994101741,68.9005552133334,68.16328362552636,68.31759643554688,1122500
2018-03-07,68.09469435839738,69.029139369039,67.85465367825523,68.73766326904297,1061800
2018-03-08,69.01200534284213,69.50923626785584,68.79768234488299,69.26919555664062,948000
2018-03-09,69.38068493319993,69.76646395666666,68.9777563963303,69.74932098388672,665900
2018-03-12,69.74072427145458,70.63230900965131,69.71500655006963,70.46942138671875,959300
2018-03-13,70.71804334768008,70.8723562306194,69.12347907084761,69.22635650634766,916500
2018-03-14,69.47495823596502,70.15221983508378,69.06345511652596,69.61212158203125,904400
2018-03-15,69.70641229015688,70.49512592210846,69.61210964438679,69.84358215332031,785300
2018-03-16,70.023608972506,70.64086024270522,69.8521531932812,70.43511199951172,1952200
2018-03-19,70.43512470302935,70.80375404078593,69.37207775012699,69.8864517211914,1002800
2018-03-20,69.87786462820685,70.27221811748976,69.61209969148067,69.80070495605469,645400
2018-03-21,69.80928842919326,70.33223707699412,69.08915974180395,69.31205749511719,570600
2018-03-22,69.35494428470739,70.35797464675818,68.66910786893786,68.71197509765625,791200
2018-03-23,69.23491178612964,69.97218351494001,67.74321882377211,67.92325592041016,784700
2018-03-26,68.07755506776004,68.59192891587563,67.63175960293978,68.47190856933594,742400
2018-03-27,68.58336264442806,70.03218827328973,67.94039361963655,69.17489624023438,1111400
2018-03-28,69.27778615320473,69.80930971451862,69.07203784005331,69.60356140136719,846700
2018-03-29,69.7321469220491,70.76090152350356,69.7321469220491,70.40940856933594,1069600
2018-04-02,70.54657344837696,70.57229116697562,68.97772720765704,69.61212158203125,927700
2018-04-03,69.52637785810268,69.91216317118909,69.0205787323953,69.57781982421875,1058100
2018-04-04,69.2863529120813,69.82644462451364,68.8062713899192,69.61212158203125,763400
2018-04-05,69.71498856327752,70.47797795707376,68.76339387382481,70.39225006103516,734100
2018-04-06,70.49512746834662,70.932341700377,70.14363459174501,70.22936248779297,1216400
2018-04-09,70.18651798206453,70.91521507730334,69.82645027070755,70.41798400878906,728400
2018-04-10,70.65799689504591,70.85517691010429,70.0150279694381,70.12648010253906,657300
2018-04-11,69.93788204722684,70.50369135896526,69.7235590499313,70.13505554199219,794300
2018-04-12,69.3549327679719,69.84358900736211,68.79769159026945,69.14060974121094,2152500
2018-04-13,69.47495340544776,69.93789192989654,69.14061000567139,69.32064056396484,934700
2018-04-16,70.29796709239648,71.15525937401107,70.16937194203008,70.8294906616211,1254200
2018-04-17,71.18095579229076,72.39830889809417,70.98378228927903,72.07254028320312,1032200
2018-04-18,72.12399146472828,72.50977688462784,71.73821258544922,71.73821258544922,959400
2018-04-19,71.6096171627836,71.92681763469938,71.28384847802559,71.7210693359375,896800
2018-04-20,71.74677902160663,71.90966007543621,71.30098346015153,71.72962951660156,834600
2018-04-23,71.70391230249787,72.26115348791423,71.30955871267301,72.25257873535156,575500
2018-04-24,72.46690491214186,73.07558155812791,72.0382588340711,72.67265319824219,828200
2018-04-25,72.4754717710296,73.06700538733567,72.02110802426324,72.65550231933594,504300
2018-04-26,72.972708070691,73.75284050370426,72.28687175410407,73.63282012939453,679900
2018-04-27,73.61567297032343,74.57583591009363,73.56423099810753,74.39580535888672,936500
2018-04-30,74.50727324913818,74.74731403477207,74.04433464514958,74.224365234375,745400
2018-05-01,74.05288128270765,74.41294889687138,73.82141531846284,74.26720428466797,571400
2018-05-02,74.12148996849962,74.32723828494912,73.34992560603771,73.92431640625,916600
2018-05-03,73.74427363521191,74.11290955018046,72.10684890171484,73.11845397949219,1107400
2018-05-04,73.04128785861505,73.68425696490786,72.53548863449564,73.4870834350586,555700
2018-05-07,73.55565625830266,73.55565625830266,72.45831700355538,72.6983642578125,647600
2018-05-08,72.19257399279456,72.54406692755231,71.00951313410374,71.16382598876953,629800
2018-05-09,71.31813977831015,71.47245263499876,70.68373884491238,71.35243225097656,853400
2018-05-10,71.89119432068864,72.25323472147463,71.46019196454131,72.18427276611328,607400
2018-05-11,72.32217671442965,72.32217671442965,71.58085234035107,71.96013641357422,480800
2018-05-14,71.9601452967549,72.2618455847114,71.10675602665546,71.26191711425781,838100
2018-05-15,71.02918004024136,71.16709735581152,69.8482313759135,70.23613739013672,806500
2018-05-16,70.2792339701575,70.46887603436714,69.23620919357768,69.40860748291016,691800
2018-05-17,69.0465616109544,69.47756387641176,68.91725961600267,69.2534408569336,723400
2018-05-18,69.48619049265135,69.71892883814739,68.90002710866996,69.3482666015625,765700
2018-05-21,69.40860681137531,69.71031367964788,69.00347017770639,69.41722869873047,753500
2018-05-22,69.6585760212625,69.93441717634398,69.30515762408244,69.39997863769531,630400
2018-05-23,69.51204116539407,69.95166529431789,69.44307922819577,69.77064514160156,644700
2018-05-24,69.96890224457682,70.82229141712078,69.67582387737187,70.72747039794922,1016200
2018-05-25,70.72747050172073,71.72739228276197,70.58092474133096,71.53775024414062,1033100
2018-05-29,71.52051485452846,72.85661789175394,71.35673189402391,72.33941650390625,1052500
2018-05-30,72.19287994743047,72.99454442961111,72.00323789710798,72.58940124511719,621600
2018-05-31,72.33079266695168,72.95143031325883,71.60670554806914,71.66704559326172,872600
2018-06-01,71.8911742272379,72.09805345892552,70.68436665201108,70.79642486572266,742400
2018-06-04,70.87401819390517,71.201577569392,70.1930337810007,70.37405395507812,604500
2018-06-05,70.41714791932472,70.41714791932472,69.18448125259927,69.3655014038086,812000
2018-06-06,69.54649679738004,69.59821494315109,68.0207523080051,68.28797149658203,1011700
2018-06-07,68.47763094979443,69.0379285428856,68.0552440629233,68.33108520507812,1497300
2018-06-08,68.55521517006639,68.78796006230213,67.78803170979882,68.33971405029297,968500
2018-06-11,68.21041791908674,68.45178471827538,67.00361680600766,67.53805541992188,1059100
2018-06-12,67.46046901416692,68.56383364018133,67.27082698596345,68.51211547851562,774400
2018-06-13,68.5207453849174,68.83968946180262,67.72770271309687,68.03802490234375,970400
2018-06-14,68.06389307481929,68.87417963008504,68.06389307481929,68.77073669433594,963500
2018-06-15,68.67590040711002,69.94304813839602,68.02078168913621,69.86547088623047,2407800
2018-06-18,69.68444787779829,70.65851727321089,69.68444787779829,70.64127349853516,867900
2018-06-19,70.52921786776865,71.76188473957136,70.52921786776865,71.37398529052734,1234600
2018-06-20,71.51188148348125,71.89978739450005,71.17570030654113,71.69290161132812,815600
2018-06-21,71.6239495328477,71.89117539538235,70.85676606699194,70.99468994140625,658700
2018-06-22,71.08949998521535,72.0549406507692,70.97743521041264,71.90840148925781,909500
2018-06-25,72.1066678943279,73.69275280099718,71.83082675505622,73.52897644042969,1124700
2018-06-26,73.33935031308685,74.12377105110373,73.27038836918541,73.52037048339844,929000
2018-06-27,73.21004261803833,74.25306727627128,72.9859196060777,73.90826416015625,1092100
2018-06-28,73.92550018739345,74.62372165635391,73.58931899296275,73.70999908447266,720000
2018-06-29,73.59793853759766,74.15824275275229,73.1928019651107,73.59793853759766,833200
2018-07-02,73.77896051756747,74.46856673435666,73.52898500496798,74.39960479736328,674900
2018-07-03,74.5030308767997,75.39951612553102,74.25304884408483,74.89093017578125,336000
2018-07-05,75.02887170413666,75.49435491857892,74.56338848969439,75.48573303222656,682700
2018-07-06,75.52020306464108,76.51150940129189,75.52020306464108,76.27014923095703,608300
2018-07-09,76.43394425721475,76.43394425721475,73.3393509828231,73.51174926757812,869400
2018-07-10,73.19281047676289,74.65821560074465,72.59802522479984,74.33927154541016,685900
2018-07-11,74.53752292095297,75.44262361201852,74.35650278273985,75.20126342773438,509700
2018-07-12,75.20989227294922,75.27023232460388,74.63235083903002,75.20989227294922,947400
2018-07-13,75.31335228780158,75.6581489032518,74.89958714205788,75.59780883789062,452900
2018-07-16,75.59779124851786,75.69261226867678,75.04610890026903,75.48573303222656,620700
2018-07-17,74.9599137866521,75.977079403895,74.8909518452794,75.58917999267578,813100
2018-07-18,75.58915998940948,75.66673722049488,74.8995539113193,75.49433898925781,680700
2018-07-19,75.63227854523278,76.48566779806309,75.41677740440001,76.31326293945312,519700
2018-07-20,76.08052064896468,76.35636183183887,75.09783602393959,75.46849822998047,754800
2018-07-23,75.62364657561211,75.83052578379778,74.84784132420153,75.2357406616211,489400
2018-07-24,74.95992396064783,75.5460873887279,74.16688125694351,75.3564453125,516300
2018-07-25,75.39952305131327,75.80466615614911,75.04609810400663,75.44261932373047,369700
2018-07-26,75.9684597988061,76.44256493926737,75.899504431935,76.31326293945312,361400
2018-07-27,76.28738999071106,76.675289343086,75.91672783277808,76.16670989990234,371300
2018-07-30,76.12361451428195,76.25291650327799,75.30471287826107,75.48573303222656,393300
2018-07-31,75.84775357512775,76.55459681066233,75.52881620549755,76.0718765258789,829300
2018-08-01,75.78743127836563,75.84777132808678,74.49442457585069,74.61510467529297,776700
2018-08-02,74.9168013812336,75.83914577471421,74.4168372787488,75.4598617553711,660600
2018-08-03,75.63224931423373,76.278752486866,74.98574614160147,75.89947509765625,572400
2018-08-06,76.27017032458055,76.47704958828712,75.7357251020509,76.08052825927734,430200
2018-08-07,75.99433884768261,76.01157604829378,75.20128951151386,75.92537689208984,437200
2018-08-08,75.80466256658673,76.17532468999408,75.60639867782746,75.95982360839844,414500
2018-08-09,75.9294939503919,76.50137282338154,75.79086085466126,76.44071960449219,436700
2018-08-10,76.51005034105663,76.94328956923768,75.92950475115745,75.93817138671875,365000
2018-08-13,76.11147066611267,76.29343697427034,75.56559157375926,75.730224609375,636300
2018-08-14,75.86885075945969,76.2414367563708,75.73021764540523,75.89484405517578,453300
2018-08-15,76.18078947534018,77.05593462675346,75.8861899532899,76.51005554199219,659900
2018-08-16,76.38008654820806,77.30721834494702,76.30210004007505,77.0819320678711,601900
2018-08-17,77.14257366904963,77.92240557924073,76.92595406125797,77.54115295410156,571700
2018-08-20,77.8010985603549,77.94839830600962,77.21189296703028,77.42851257324219,515000
2018-08-21,77.30719574901943,77.6537883945915,76.86528996064742,77.090576171875,505800
2018-08-22,77.23790161763455,77.45452126691234,76.16347000821466,76.47540283203125,439900
2018-08-23,76.51872213169285,76.95196142649027,76.22412258436998,76.48406219482422,378800
2018-08-24,76.59668256551674,77.0559150039464,76.20676336652015,76.9865951538086,339900
2018-08-27,77.07324408538965,77.23787708196912,75.91216630723224,76.29341888427734,580600
2018-08-28,76.14612164288388,76.33674795418126,75.39228964365157,75.6002426147461,594400
2018-08-29,75.97282445408892,76.38873698427554,75.74753822479178,75.98149108886719,873400
2018-08-30,76.18081487097693,76.36277462655546,75.58294899142138,75.9122085571289,680300
2018-08-31,75.91218485949373,76.1807910894905,75.40095908708923,75.84286499023438,723600
2018-09-04,75.66091467177777,77.02995251120149,75.66091467177777,76.94330596923828,815700
2018-09-05,76.84795940854696,77.79241754389342,76.64866649896406,77.5498046875,762700
2018-09-06,77.58448410281672,77.71445719731031,77.08192499648479,77.19456481933594,869700
2018-09-07,76.63134589548874,77.10790501227505,76.27608660577607,76.44071960449219,937900
2018-09-10,76.84798360233465,77.09059653510907,76.12013819330478,76.83065032958984,726400
2018-09-11,76.68335006310164,77.3332089619415,76.61403019398915,76.74400329589844,661900
2018-09-12,76.8219815481512,77.33320065384451,76.59669530309193,76.60536193847656,617700
2018-09-13,76.57935999827475,77.41117848404646,76.53604004391397,77.35919189453125,667900
2018-09-14,77.06460720576453,77.48917985998656,76.86531422317469,77.32454681396484,856800
2018-09-17,77.57581288463292,77.7664391972025,77.14257366904963,77.54115295410156,795300
2018-09-18,77.33319149499177,77.65379085919459,77.05591869187491,77.44583129882812,539700
2018-09-19,77.4631674284651,77.48916072179463,75.48759780695626,75.88617706298828,719700
2018-09-20,75.7908773354727,76.71800908907579,75.29698484263191,76.62269592285156,810900
2018-09-21,76.31943829957851,77.28989012138904,76.20679184832748,76.77000427246094,1948200
2018-09-24,76.69199598117642,76.97792879528458,76.05946391513912,76.09412384033203,672600
2018-09-25,75.912194733299,76.31077411732313,74.97639620869934,75.08904266357422,549900
2018-09-26,75.17566853270219,75.6002411016451,74.41316330277382,74.43916320800781,969000
2018-09-27,74.61246311337007,75.66956792619986,74.43050342421668,75.34896850585938,850000
2018-09-28,75.53960978895147,76.28478196487265,75.53960978895147,76.22412872314453,698500
2018-10-01,76.14613115486081,76.15479779119488,75.38363242512769,75.84286499023438,458100
2018-10-02,76.0941351066803,76.7613205859879,76.07680844687088,76.5533676147461,459000
2018-10-03,76.53603666803131,77.04725573759693,75.23631910183417,75.95549774169922,717100
2018-10-04,75.80820596093838,76.04215886980602,75.175680325836,75.96417236328125,609500
2018-10-05,75.92949977131134,77.50649019403502,75.92949977131134,77.15123748779297,586900
2018-10-08,77.31588434301678,78.390315899825,77.31588434301678,77.92241668701172,613400
2018-10-09,78.04373514341745,78.5722876718165,77.74046892483794,78.47697448730469,781900
2018-10-10,78.30368059797081,79.68137852438633,78.295013960183,78.40765380859375,985200
2018-10-11,78.66758602047324,78.82355241928738,75.75621764974699,75.77354431152344,1220900
2018-10-12,75.95552107577883,76.35410045857441,75.2796621807351,76.01617431640625,970800
2018-10-15,76.03349479761991,76.85664679786979,75.88619502674688,76.25011444091797,691300
2018-10-16,76.35407887238974,78.15634891752806,75.96415962655604,78.02638244628906,662100
2018-10-17,77.93108301618837,78.48562876014135,77.52383703938081,77.93974304199219,933600
2018-10-18,78.34697728612238,78.78021649687604,78.0003845953783,78.37297058105469,645600
2018-10-19,78.58958640238377,80.0366103207639,78.47694659286543,79.66402435302734,818600
2018-10-22,79.71602281233173,80.04528226583271,78.93619083224372,79.30877685546875,974900
2018-10-23,79.31744737607082,79.89798641884866,77.64514350770135,77.93974304199219,1218600
2018-10-24,78.08703184164953,80.40052746616544,77.84441234891787,79.43873596191406,1063900
2018-10-25,79.05750147821944,79.15281464809104,77.77511691928534,77.92241668701172,1094900
2018-10-26,78.28631644061586,78.58092251281823,75.77352794069958,76.44938659667969,1059200
2018-10-29,76.75266172564753,78.02638608889721,76.75266172564753,77.55848693847656,995100
2018-10-30,77.92241083414301,78.19101705049296,77.01260577578066,78.13903045654297,1011200
2018-10-31,77.98307520533784,78.06105510740372,76.61403740960773,76.7093505859375,1182800
2018-11-01,77.43717961967688,77.81842563335434,75.34896343156694,76.53604125976562,980500
2018-11-02,76.44939495124657,76.72666778501183,75.03703087647177,75.71288299560547,839400
2018-11-05,75.88618121976164,76.50138010151197,75.81686135994889,76.43206024169922,789200
2018-11-06,76.40607319065218,77.2638850411396,76.2674334596974,77.20323181152344,436600
2018-11-07,77.65382622340329,78.29501863310827,77.52385309165965,78.06106567382812,767300
2018-11-08,78.07411500502955,78.5182640820976,76.91584713947142,77.41224670410156,819900
2018-11-09,77.22934527531552,78.34406637745934,76.87228264252096,78.03926086425781,704400
2018-11-12,77.92605527676925,80.23387337146471,77.85638354146384,79.4936294555664,840300
2018-11-13,79.60686749384257,79.87683722999539,78.90145262581717,79.3717269897461,652800
2018-11-14,79.25849547615678,79.64167673095076,78.47470506638807,78.7098388671875,734000
2018-11-15,78.5008499371347,80.2164786397032,77.70835534548574,80.19035339355469,862700
2018-11-16,80.78255404299811,81.47054768446958,80.66063179202995,81.20928192138672,871000
2018-11-19,81.40958519840687,82.2543303104928,80.96543606629471,81.41828918457031,762200
2018-11-20,81.74921520275656,82.2194895157584,80.76512007500214,81.00896453857422,869800
2018-11-21,80.7476993027462,80.7476993027462,79.65039265609316,79.72877502441406,665300
2018-11-23,79.7723176202691,80.5212722380137,79.35430045573351,80.20775604248047,425600
2018-11-26,80.20776891794755,80.42548816400293,79.59815768669814,80.3384017944336,901200
2018-11-27,80.38192225178885,80.49513383111383,79.7635939464223,80.2164535522461,1118000
2018-11-28,80.39063007566264,80.83477907529269,80.07711391642522,80.66060638427734,977700
2018-11-29,80.6954467480219,81.06121340609351,79.93778154693416,80.53868865966797,883100
2018-11-30,80.62578689846363,83.09037017822266,80.5648257797962,83.09037017822266,2473700
2018-12-03,82.59394859329797,83.38644963284035,81.6272815040094,83.34290313720703,1310200
2018-12-04,83.24712890076125,84.7798742748953,83.12520665280033,83.41259765625,1300700
2018-12-06,83.88285396505097,84.77114538662767,83.11648476517574,84.75373077392578,1471500
2018-12-07,84.50985442683564,85.50265308261612,83.85669706675586,85.17172241210938,1141700
2018-12-10,85.38948459472623,85.38948459472623,83.58676963755303,84.87566375732422,841000
2018-12-11,84.87564942469454,85.27625194261107,83.90026504785705,84.0221939086914,1213400
2018-12-12,84.37055171560867,85.0062947763524,84.33571584228237,84.5795669555664,1824900
2018-12-13,84.70149833724814,85.4678677003987,84.57086545923298,85.04985046386719,921200
2018-12-14,84.80596287413576,85.17173610421952,83.38643637529458,84.59695434570312,1289700
2018-12-17,84.97145514352553,84.9975803862985,81.13959562259642,81.49665832519531,1265800
2018-12-18,81.87982406181168,82.41977000544642,80.31224999504488,80.71285247802734,1672400
2018-12-19,80.87831912858027,81.47921951570773,79.58941872723027,80.63446807861328,1214800
2018-12-20,80.49513638793808,82.01917066483728,79.87681470719328,80.86961364746094,1414600
2018-12-21,81.30505363192471,82.85521317851158,79.33687032330003,79.41525268554688,2376300
2018-12-24,79.36303290323036,79.49366580559683,75.13056938985541,75.1654052734375,576300
2018-12-26,75.3047202293141,77.10743499389054,74.79961007546336,77.09872436523438,1240600
2018-12-27,76.88972018220203,77.86510467529297,75.74016297160995,77.86510467529297,1160500
2018-12-28,78.20474445964423,79.08432530183222,77.82155651618767,78.39633178710938,755100
2018-12-31,78.43116252192516,79.08432012225902,77.76059030905799,79.04948425292969,585800
2019-01-02,78.77080493741458,78.77080493741458,76.79391749891208,77.30773162841797,981100
2019-01-03,77.20323563729367,78.77952064139767,77.20323563729367,77.612548828125,1241400
2019-01-04,77.28159127340669,78.42244419138368,76.63714441936433,78.19601440429688,952300
2019-01-07,77.93478478620693,78.43118443538285,77.18582999702718,77.36871337890625,724700
2019-01-08,77.51675077849067,78.61405083269338,77.49932952059108,78.50083923339844,688100
2019-01-09,78.3789392355019,78.78825253681414,77.35130398864361,77.49935150146484,1131600
2019-01-10,77.77802630753565,79.16272425599833,77.5080565513305,79.04080200195312,806000
2019-01-11,79.19753736203134,79.33687419333256,78.54437976991676,78.93627166748047,723500
2019-01-14,78.62276222210834,78.77952032340538,77.95218996027624,78.7533950805664,1573700
2019-01-15,78.66630983301748,80.6170721755907,78.66630983301748,79.61556243896484,1064900
2019-01-16,79.36299283568368,80.20774431433446,78.99722620913244,79.93777465820312,752700
2019-01-17,79.72005372335246,80.93057180189669,79.72005372335246,80.60834503173828,829800
2019-01-18,80.8609174665779,81.25281605149826,80.29484616231295,80.65190887451172,801300
2019-01-22,80.48643132982178,81.27022176960268,80.17291515390943,80.7912368774414,1283900
2019-01-23,80.73027534484108,82.1410981290531,80.73027534484108,82.07142639160156,714000
2019-01-24,82.19336231295728,82.56783965886243,81.44440762114698,82.41979217529297,499300
2019-01-25,82.00177881698265,82.58526479320236,81.07864470919111,81.22669219970703,838500
2019-01-28,81.28764487469421,81.575035840017,80.44289988139475,81.00896453857422,529800
2019-01-29,81.16573450916606,81.92339989825976,80.6867561411991,81.06123352050781,762900
2019-01-30,80.94799288446265,82.42848737582577,80.93057827258747,81.635986328125,1216500
2019-01-31,81.87983956983622,83.7261009075891,81.37473603995994,83.31678771972656,2127200
2019-02-01,83.36032485199273,83.60416928265181,82.16722129425375,82.91617584228516,1213900
2019-02-04,82.63749622249414,83.2384033203125,81.77533008007916,83.2384033203125,1051600
2019-02-05,83.168730235085,83.73480145558987,82.60265901458011,83.48224639892578,780700
2019-02-06,83.67039001747143,83.81914354904795,82.88286150331544,83.25912475585938,611300
2019-02-07,83.29413195178357,84.78168071208195,82.98786602235357,84.7641830444336,915400
2019-02-08,84.57167192674612,85.56920584144785,84.40541404897891,85.52545166015625,665800
2019-02-11,84.93042936146401,85.95421977263126,84.93042936146401,85.40294647216797,679100
2019-02-12,85.71793949822832,85.96294683436203,84.72915798427465,85.46417999267578,668700
2019-02-13,85.14043576691822,85.52544449101799,84.8341698754511,85.262939453125,670100
2019-02-14,85.52544257964144,85.752952281491,85.02667567524628,85.0966796875,798900
2019-02-15,85.52543566735406,85.91045102768197,85.21917648343391,85.79669952392578,909700
2019-02-19,85.66544322246871,86.4354672630575,85.43793354022337,86.36546325683594,834300
2019-02-20,85.51670413226213,86.61049187904976,84.56291774556901,86.33048248291016,1831700
2019-02-21,86.19920091582689,87.91425879029178,85.5779304620117,87.83550262451172,1188700
2019-02-22,88.26428845243768,88.59679748657622,87.50300986328516,88.36054229736328,770600
2019-02-25,88.4218009734751,88.66680835188282,87.50301662849574,88.27304077148438,755600
2019-02-26,88.58804350690498,88.61429334117584,87.74801543048908,88.41304016113281,621700
2019-02-27,87.77426526475993,88.75430135855335,87.77426526475993,88.41304016113281,655900
2019-02-28,88.40429150448021,89.31432362575197,87.99302628202616,88.92056274414062,1006400
2019-03-01,88.78056682010933,89.10433041032186,88.4218078953422,88.76306915283203,735600
2019-03-04,88.76305815778363,89.24432072173069,88.03678155064802,88.99931335449219,1328500
2019-03-05,89.06933069058472,89.31433809447353,88.39555365393942,88.61431121826172,1217700
2019-03-06,88.70180586965097,88.97306307116442,88.2380342971973,88.4305419921875,1037500
2019-03-07,88.71930578397074,89.39308273351868,88.65805394091639,88.94681549072266,1225100
2019-03-08,88.98180537605442,89.78683139680399,88.98180537605442,89.71682739257812,968700
2019-03-11,89.77808748055607,91.08188046836088,89.77808748055607,91.02938079833984,1785800
2019-03-12,91.15187113275027,92.00065127887972,91.046871808082,91.80814361572266,1342900
2019-03-13,91.75566871616941,92.20193599429378,91.56316100105886,91.97442626953125,1384700
2019-03-14,91.88692725590812,92.56944977409614,91.25690441574967,91.86942291259766,1508100
2019-03-15,91.79067812256397,93.05946936392505,91.57192055157405,92.58695220947266,4074400
2019-03-18,92.5869335822173,92.70943726324946,91.42314861241185,91.99191284179688,1569800
2019-03-19,91.86066810364935,92.22817916449823,90.91563393922344,91.30939483642578,1010900
2019-03-20,91.37940099192157,92.26318333358194,90.90688389863634,91.6069107055664,834200
2019-03-21,91.4668910331623,93.00694580684139,91.4668910331623,92.94569396972656,650700
2019-03-22,93.32195558983133,94.24948530078414,93.04194624260315,93.43570709228516,961200
2019-03-25,93.36569434548252,93.88196549494553,92.77067370383551,93.35694885253906,1116800
2019-03-26,93.3482175408133,94.05698983262842,93.17321417955904,93.80323028564453,921600
2019-03-27,93.29571504260443,93.68072376089566,92.28942905598736,92.63944244384766,936500
2019-03-28,92.73571079889088,92.82321249055616,90.62688464721647,91.28315734863281,1201700
2019-03-29,91.38815756081021,91.54566326615168,90.88939060655402,91.23065185546875,1532100
2019-04-01,91.37940633794975,91.45815585346256,90.13686502510856,90.87188720703125,1410200
2019-04-02,91.13439744664859,91.27439880835475,90.07561169668381,90.74938201904297,1149500
2019-04-03,90.6531175859727,91.32689450567544,90.08434668226191,91.02938079833984,1155000
2019-04-04,91.08189133227722,91.23939703707691,90.47812502717063,90.8806381225586,1189400
2019-04-05,90.78436014451347,91.85189778496705,90.574354819228,91.80814361572266,1054200
2019-04-08,91.6156479549242,91.89565731730453,90.9418777215543,91.1256332397461,775900
2019-04-09,91.00313281603457,91.51939738428489,90.74937327918353,91.50189971923828,699300
2019-04-10,91.75565738806363,92.35943029710506,90.92438145829779,91.02938079833984,774600
2019-04-11,91.03814994158957,91.33565702844176,90.7493883507381,91.28315734863281,863100
2019-04-12,91.04687360792495,91.29188093825952,90.6881081056857,91.14312744140625,965600
2019-04-15,91.37940491446658,91.40565475256193,90.73188442962861,90.9681396484375,771100
2019-04-16,90.87188364524178,91.43190243121848,89.59434037248555,89.62059020996094,1376000
2019-04-17,89.56808903803739,90.05810379858961,89.1830736256318,89.49808502197266,1122800
2019-04-18,89.94434987747633,91.86941353619437,89.90059569961673,91.61565399169922,1882100
2019-04-22,91.31814289393868,91.98316764738918,91.17813487175965,91.81690979003906,882900
2019-04-23,92.01817453764767,92.44693744541908,91.1693942169928,91.70316314697266,1115400
2019-04-24,92.2369407326594,92.8057050474658,91.61566338789541,92.61319732666016,836500
2019-04-25,92.29819458540496,93.48822959485024,92.0881825167225,93.21697235107422,773600
2019-04-26,93.78574325394466,94.45076811882626,93.4182321480697,93.52323150634766,606700
2019-04-29,92.90196995322034,93.49699085374908,92.7707140665247,93.1207275390625,534300
2019-04-30,93.28697574541997,94.70452715769562,93.06821818231298,94.66952514648438,1179500
2019-05-01,94.32825387706755,94.78326662265013,93.54072539822239,93.71572875976562,710100
2019-05-02,93.3307307867988,93.6894897220993,92.10568708694255,93.34822845458984,950900
2019-05-03,93.57571519660127,94.14447938538345,93.17320217680874,93.96072387695312,609700
2019-05-06,94.10950257605363,94.68701904819237,93.40072356013007,93.8119888305664,664600
2019-05-07,93.768238575691,94.1357496540892,93.40072082134223,93.69823455810547,748400
2019-05-08,93.70698258437301,93.86448829021943,92.51694763302883,92.63069915771484,653100
2019-05-09,92.66569802497467,93.16446496391566,92.21067858975978,92.99820709228516,536400
2019-05-10,92.91029466062112,95.2137127765714,92.80479229013642,95.18733215332031,776000
2019-05-13,94.9763255274624,97.59624381033936,94.76532751308827,97.31491088867188,1857900
2019-05-14,97.43801415176551,97.65780575273538,96.51488674468911,96.56763458251953,1063800
2019-05-15,96.79619694912978,97.83361332989999,96.67311421814905,96.9368667602539,836400
2019-05-16,96.60279026080427,98.16771190314034,96.45333360017594,97.7369155883789,704300
2019-05-17,97.6753744405644,98.92378897487204,97.6753744405644,98.50179290771484,941800
2019-05-20,98.58090043927297,98.99410961326194,97.55227762796353,97.83361053466797,861800
2019-05-21,98.0885718270142,98.92377702687064,97.83361282629349,97.95669555664062,787800
2019-05-22,98.15012923140758,99.22271323471409,97.80725489690884,99.18754577636719,715900
2019-05-23,99.18752264731883,100.15460405007572,99.16994227599828,99.62710571289062,751400
2019-05-24,99.78537172846684,100.45353997232752,99.75020427273667,99.9524154663086,678500
2019-05-28,100.36562185756684,100.6645351615878,99.34578579265872,99.64469909667969,1516400
2019-05-29,99.85570289982302,99.85570289982302,98.09737042421074,98.27320098876953,995100
2019-05-30,98.16770628935392,98.99411799983817,98.02703647033165,98.41387176513672,553400
2019-05-31,98.47541966442033,99.57437754526042,98.3171694612791,99.36337280273438,1081000
2019-06-03,99.71501369714855,100.44472314247048,99.0996001333257,100.27767944335938,697100
2019-06-04,100.1370310724782,100.24252672320142,98.22044849677208,100.06669616699219,946800
2019-06-05,100.81398789229823,102.5107789492882,100.18978068685193,102.41407012939453,741300
2019-06-06,102.61628606187458,103.37236957560204,102.37012058438306,103.17015838623047,968100
2019-06-07,104.2075736073128,104.86694828891564,102.23824310302734,102.23824310302734,1045700
2019-06-10,101.78985776718908,102.08877775194576,101.01619395474006,101.84260559082031,928300
2019-06-11,101.81623601119122,102.32615401967497,100.80520024187742,101.43819427490234,966600
2019-06-12,101.86021090303824,103.04708409972687,101.68438032112391,102.94158172607422,627700
2019-06-13,103.5745711453163,103.64490605333806,102.0360302467465,102.58111572265625,743900
2019-06-14,102.5283697119696,104.36582394092856,102.5283697119696,103.97898864746094,646100
2019-06-17,103.86471820423928,104.19001218770873,102.64267744195917,103.40755462646484,540500
2019-06-18,103.94382194862582,103.94382194862582,101.85140211650362,102.54594421386719,828500
2019-06-19,101.9832850433672,104.08449184516023,101.63161720171642,103.72403717041016,705900
2019-06-20,103.90865325927734,104.39219063516384,102.59869081790792,103.90865325927734,772400
2019-06-21,104.04052591674288,104.17240218954751,102.96794877644629,103.80315399169922,1796000
2019-06-24,104.233955357742,104.43616655993858,103.13499747245034,104.09329223632812,997500
2019-06-25,103.89984938364397,104.37459987988224,102.80968530385887,103.02068328857422,902300
2019-06-26,102.80970082269432,103.03827921251214,101.11290973478366,101.37665557861328,820300
2019-06-27,101.81624004391074,102.19428179517303,100.92828697147404,101.33270263671875,926400
2019-06-28,101.14807875030212,102.18549518339519,101.09532421471698,101.98328399658203,1366200
2019-07-01,101.45579178676773,101.95691630662866,100.45354274704586,101.74591827392578,1124100
2019-07-02,101.98326529242154,103.44268420500164,101.98326529242154,103.10859680175781,816500
2019-07-03,103.53939130453605,104.48889232671996,103.46906311243389,104.11964416503906,583500
2019-07-05,103.44270556203283,103.83832769676016,101.4206204773,103.70645141601562,791200
2019-07-08,103.89108497193408,104.18121147444938,103.30204513289284,103.75920867919922,689000
2019-07-09,103.97897969290545,104.22515185414322,103.20531588010341,103.99656677246094,1137600
2019-07-10,104.11086282804855,104.88453339939747,103.61853188810362,104.3658218383789,776900
2019-07-11,104.11966411771327,104.55045372222745,102.66903839597444,103.27566528320312,1045100
2019-07-12,103.11742342881996,103.35479539531427,101.87779563849678,102.53717041015625,1095600
2019-07-15,101.61402281962269,102.61627167027956,100.92827431206855,101.96569061279297,1167600
2019-07-16,101.51731122726171,102.24702070428275,100.47110141581003,101.77227020263672,1178700
2019-07-17,102.32614571145132,102.92397895035619,102.00964536688373,102.06239318847656,899300
2019-07-18,102.29098631989713,103.1525721496541,101.83382284589736,103.08223724365234,783800
2019-07-19,102.9679710377071,103.14380163445658,101.042594478016,101.08655548095703,886200
2019-07-22,101.76348364513564,101.82502500841348,100.5502367515846,101.30632019042969,622400
2019-07-23,101.13928519476113,101.21840693686792,100.3304538626409,100.6381607055664,899400
2019-07-24,100.91948265117796,100.91948265117796,99.50402462026176,100.23373413085938,772700
2019-07-25,100.40958982106196,101.34150402229581,99.79417604807867,100.10188293457031,664300
2019-07-26,100.0754754894157,101.24476797385347,99.75897516719938,101.18321990966797,637700
2019-07-29,101.54369930829291,101.63161458956945,100.69090699414785,101.37665557861328,766000
2019-07-30,101.3942385583405,102.1942763053562,100.73486391417677,101.20082092285156,659400
2019-07-31,101.04257421187701,102.15032553023717,100.2073689835734,100.91069793701172,1116200
2019-08-01,99.89965483170704,103.39873932697435,99.5216130900639,102.8800277709961,1667000
2019-08-02,103.15257620682549,103.90865970731791,102.3261577975649,103.1174087524414,1155900
2019-08-05,103.11740494533842,103.66249040690788,100.77881962143377,101.43819427490234,1128200
2019-08-06,101.53491349487498,103.46908336768222,100.62057974350355,103.23170471191406,1130800
2019-08-07,103.38115405233424,104.84936675820393,102.34374433726768,104.13723754882812,1048600
2019-08-08,104.04012088161517,105.9030258831717,103.67813820909095,105.42626953125,841900
2019-08-09,105.71762175790768,107.0949396245052,105.19671804318877,106.43276977539062,770200
2019-08-12,106.62699963949694,108.46341895434963,106.49457105962678,108.16323852539062,1217600
2019-08-13,107.88953234153419,108.54287807460695,106.85654904824143,107.5628662109375,887700
2019-08-14,108.17207158317827,109.00199334424708,106.52106561501864,107.00665283203125,1179700
2019-08-15,107.11258862863517,110.24686176966581,107.00663903366912,109.9201889038086,1005600
2019-08-16,109.91137472583198,110.63534689451592,108.95785517054775,109.6729965209961,1068600
2019-08-19,109.78775171147696,110.63532824885233,107.00663719874989,109.46990966796875,886400
2019-08-20,109.62881731656798,109.81422403000752,108.8077265936564,109.1343994140625,710200
2019-08-21,108.8430643286383,109.60235296168527,108.55170797820261,109.52289581298828,679300
2019-08-22,109.53172017270902,110.39695840882351,108.77243153773304,110.09677124023438,729700
2019-08-23,109.78774133229588,111.14739733744334,107.92483659516013,108.42808532714844,1010300
2019-08-26,108.89603994808203,110.18506989909807,108.59585950465384,110.14092254638672,451100
2019-08-27,110.5117381664958,111.34165991451998,110.29101487061196,110.44993591308594,911700
2019-08-28,110.89138628071122,111.94203136039376,110.59120582133943,111.27986145019531,990800
2019-08-29,111.81842312728753,112.08328704098605,110.78543971838843,112.03914642333984,663800
2019-08-30,112.27753780415973,112.8337648865319,111.6860009179003,112.40997314453125,787300
2019-09-03,113.32816573488526,114.42295809522538,112.42761094608744,114.33466339111328,1083400
2019-09-04,114.17574854259858,114.6789906323598,112.74545247974598,113.67249298095703,1064100
2019-09-05,112.74544669403038,113.25752631101048,110.84723190905417,111.71246337890625,1273600
2019-09-06,111.7919268059225,112.73662215398335,110.2910044935667,110.97966003417969,1148800
2019-09-09,110.44110984714455,110.67949478908274,107.5363970759595,108.03081512451172,1439100
2019-09-10,107.43926603985575,107.65115850281258,105.39977835009898,106.67997741699219,1221900
2019-09-11,106.5210467724456,107.91601939422569,105.50571842783505,107.05078125,1160200
2019-09-12,108.11909827775763,108.86955613539692,107.1567479424657,107.5010757446289,1267400
2019-09-13,107.27150860481399,107.7041243254699,106.5740222673012,107.02429962158203,1052300
2019-09-16,107.53640355125492,107.53640355125492,106.30918243831526,106.81243133544922,699200
2019-09-17,106.90953219327379,107.9160366179898,106.82124422224689,107.5010757446289,1055000
2019-09-18,108.26037253220167,108.26037253220167,106.6976477105734,107.2891845703125,1380000
2019-09-19,107.96900476334167,108.33981827191933,106.62700339524129,108.0484619140625,1261800
2019-09-20,107.71296731205435,109.13442586217882,107.40395604810128,108.44577026367188,1919800
2019-09-23,108.58702694032577,109.54055316165505,108.15441118166237,108.22504425048828,1139200
2019-09-24,108.6488307390114,110.62651627866337,108.54288787020381,110.24687194824219,1535400
2019-09-25,110.00847271326874,111.09443412888274,109.36396455871638,109.98198699951172,1064800
2019-09-26,110.41460004012863,110.87370818728841,109.664142312742,110.47640228271484,971200
2019-09-27,110.49406394150749,110.79424433815733,109.30215969938386,109.69062805175781,885000
2019-09-30,109.95550316643613,110.54703990359211,109.31098826492055,109.68180847167969,1404200
2019-10-01,109.23152856925638,109.7171157022832,108.66647755951722,109.35513305664062,972200
2019-10-02,108.70179340034649,109.83189541265892,108.38395136739119,108.72827911376953,924000
2019-10-03,109.04611890295438,109.48756541342676,108.51638443757534,109.2403564453125,1063500
2019-10-04,109.54938492037068,111.20922163639803,109.24919774325176,111.05030059814453,841200
2019-10-07,110.96199882415819,111.16506718952775,109.65531414598308,109.98198699951172,752500
2019-10-08,110.01731770792637,110.12326731254777,109.04613657468784,109.372802734375,574700
2019-10-09,109.71713066044309,110.55588320883146,109.67299004375336,110.24687194824219,521000
2019-10-10,109.86721168606311,110.7589288036078,109.3551321079484,110.40577697753906,599900
2019-10-11,110.23802319649255,110.48523216474686,108.59584163772979,109.20503997802734,887800
2019-10-14,109.21389584589784,109.25804320419519,107.35099048956113,107.47460174560547,841300
2019-10-15,107.73943518263893,108.09259374120231,106.29149115487441,106.65348052978516,886900
2019-10-16,106.83007124385604,107.4216080382501,106.08844423045576,107.38629150390625,1080700
2019-10-17,107.12142807597952,108.366303921413,107.12142807597952,108.08377838134766,690900
2019-10-18,108.16325440885568,108.44577998063339,107.49225364990573,108.07496643066406,1089900
2019-10-21,107.80123870075693,108.06610930679837,106.66230587228165,107.97782135009766,1223100
2019-10-22,108.20736405830633,109.22269235674966,107.78357918990814,108.0572738647461,824400
2019-10-23,108.11909752040306,109.20505909065419,107.50989907348605,107.65999603271484,756400
2019-10-24,107.62466590582702,108.79008448148709,107.22735998525275,107.98664855957031,656800
2019-10-25,108.22504672964921,108.67531739786354,106.37097241410804,106.92719268798828,507000
2019-10-28,107.00665249118731,107.29800886203115,105.41744878247098,105.55870819091797,689500
2019-10-29,105.36448175612614,105.9736802803442,104.7641207867928,105.585205078125,965800
2019-10-30,106.17673551884579,107.12143095028193,105.68231075850979,106.8035888671875,777900
2019-10-31,108.04845420241371,109.0284660736664,107.0419566161444,108.834228515625,1260800
2019-11-01,108.9490074628828,109.62883217094202,108.10143091405564,108.401611328125,1009700
2019-11-04,107.9248645655355,108.19856604224475,105.79709542303196,105.9913330078125,1136100
2019-11-05,105.6116648985824,106.17671588941077,104.8523763666682,106.02661895751953,1483200
2019-11-06,106.48574352044695,107.76593589549529,106.22970369824924,107.3509750366211,1161700
2019-11-07,106.3621393629299,107.03314004617698,103.86355011994866,104.31382751464844,1329100
2019-11-08,104.3049687044377,104.78375805233532,102.76220753759057,103.11686706542969,1111300
2019-11-11,103.36511899301232,103.91483479380673,102.4518753430511,102.48733520507812,749400
2019-11-12,102.31000817927641,103.14345698747044,101.92875040154587,102.30113983154297,745500
2019-11-13,102.9040616333362,103.8882385558197,102.17701268528752,103.67544555664062,813800
2019-11-14,104.0832862661321,105.28025601118159,103.54243211773915,104.49114227294922,580400
2019-11-15,104.60641404631,104.89900185025597,103.55130398901277,104.8369369506836,713100
2019-11-18,105.18273869473283,106.32651204342496,104.80148091183545,105.2270736694336,750700
2019-11-19,104.83694664775764,106.07825151858867,104.38476237957617,105.62606048583984,945500
2019-11-20,105.64380476840437,107.00923954792302,105.60833813931154,106.90283966064453,1547300
2019-11-21,107.08902736468654,107.10676406035331,105.64379783794506,105.812255859375,901600
2019-11-22,106.087118860137,106.15805211255565,104.70394749624238,105.5462646484375,1117600
2019-11-25,105.49307955939261,106.20239186698554,104.89902196151644,105.7856674194336,646200
2019-11-26,106.0073144745672,107.33728248191784,105.81225141782504,107.31068420410156,1102800
2019-11-27,107.24861015083728,107.90472575107341,107.08901373298886,107.52346801757812,822200
2019-11-29,107.71854024794104,108.58745565581965,107.23088937065273,107.31068420410156,458200
2019-12-02,107.23087402495611,107.5411984960143,106.47722018365833,106.66342163085938,758900
2019-12-03,107.08015660503702,107.87813877788342,106.78756877879937,107.45255279541016,722100
2019-12-04,106.97376227388207,108.71158633909299,106.78756756309882,108.60518646240234,900400
2019-12-05,108.08206348220705,109.39429473876953,108.08206348220705,109.39429473876953,790300
2019-12-06,109.17262650849138,109.6514157522187,108.71157395780936,108.7647705078125,635000
2019-12-09,109.08396430658068,109.32336231285547,108.37465216349067,108.5963134765625,537400
2019-12-10,108.73819182172015,109.34997931523364,108.28600077153334,108.48106384277344,767200
2019-12-11,106.39744475236178,107.25749184644081,105.51079937942544,107.19542694091797,1118200
2019-12-12,106.92940472227005,107.08900112132311,104.5975303915292,105.00538635253906,1249200
2019-12-13,104.65961294151276,106.02504752723434,104.03895716733012,105.68811798095703,1023900
2019-12-16,105.89205716037075,107.24862349863258,105.44873447390258,107.19542694091797,1020500
2019-12-17,107.65647955843522,107.94907415500039,107.02696215539851,107.19542694091797,1091700
2019-12-18,107.17768295013285,107.7717404506362,106.26443936050013,107.4880142211914,1115600
2019-12-19,107.62986469335422,108.25051365293805,107.08014221160403,107.8692626953125,1111300
2019-12-20,108.69385195155225,109.55389903716704,107.87813983997489,108.80912017822266,1914600
2019-12-23,108.90666205227343,109.15492169549869,106.99150463670509,107.62989044189453,1073100
2019-12-24,107.37276472660585,108.18847693294566,107.08903844768035,107.83382415771484,243400
2019-12-26,107.72741586805179,108.42786654429175,107.64762102921603,108.06433868408203,309600
2019-12-27,108.22393702529097,109.03078759870371,108.0022756718788,109.02191925048828,575500
2019-12-30,108.6938522663534,109.31450808183857,108.63178736126162,109.10171508789062,737800
2019-12-31,109.27901396362421,109.78440142496261,108.47216363584653,108.92435455322266,766800
2020-01-02,109.05739335953224,109.19925988243978,106.02506746034891,106.57478332519531,1618900
2020-01-03,106.78757571645625,108.27714028101947,106.78757571645625,107.26636505126953,869300
2020-01-06,107.27519375771644,107.94904595921992,106.83187118704203,107.0624008178711,765800
2020-01-07,106.77868049277605,107.25746970708133,106.31762797042612,106.39742279052734,841000
2020-01-08,105.99844434070414,107.45254203693906,105.71471812594042,106.8318862915039,1096700
2020-01-09,106.83189010585158,108.36578944843144,106.53043395139974,108.2859878540039,803600
2020-01-10,108.34805872076038,108.8268480199909,108.30373051214119,108.66725158691406,754700
2020-01-13,108.85342356945755,109.97059836772911,108.85342356945755,109.71347045898438,961800
2020-01-14,109.94402191278236,110.44940948486328,109.50956759123807,110.44940948486328,886100
2020-01-15,110.83066026915144,112.63054910959178,110.72426040004905,112.49755096435547,912600
2020-01-16,112.60395493026081,114.13784753603524,112.4532268503069,113.9959945678711,984200
2020-01-17,114.2265151195227,115.7870059701633,114.2087784254434,115.65401458740234,1338400
2020-01-21,115.69835095555847,118.27847851622131,115.44121624026994,118.11888885498047,1666700
2020-01-22,118.63315128317393,119.52865822182693,118.16323032704435,118.85481262207031,1255000
2020-01-23,118.83709333855069,120.16706156679304,118.6420302494109,119.95426177978516,933300
2020-01-24,119.95424130834182,120.9472932824342,119.87444647525784,120.38870239257812,813800
2020-01-27,120.58376144437383,121.31967867080246,119.63504447431997,119.91877746582031,703400
2020-01-28,120.1670350889763,120.92955057965338,119.75918583183129,120.40643310546875,904200
2020-01-29,120.58375706086365,120.94728486958323,119.94537138232843,120.61921691894531,608400
2020-01-30,120.42416160034496,121.57678957573036,120.22909856746658,121.26647186279297,922700
2020-01-31,121.39061728666934,122.11765943355542,120.08724754873765,120.76109313964844,1300500
2020-02-03,120.87638839276767,121.42610429961293,120.71678516001874,121.04485321044922,1253800
2020-02-04,120.5394289246344,121.30194444338119,119.53752890971639,119.55525207519531,1193000
2020-02-05,119.30698043397132,120.29115718414734,118.8902560919695,119.7591781616211,923300
2020-02-06,119.80365670263353,120.39991456576779,119.40318662493438,120.14183807373047,669000
2020-02-07,120.92499493307862,121.14747982891994,119.59898006528026,119.65237426757812,938200
2020-02-10,119.88378076849293,120.63132684375898,119.6523877599092,120.32875061035156,1400000
2020-02-11,120.61354111467452,121.02291940136953,120.23087351527606,120.44445037841797,746800
2020-02-12,119.71468637837035,121.12968717295702,119.69688378301035,120.76480865478516,996000
2020-02-13,120.76482594167453,122.12643272448997,120.63134040587043,121.87725067138672,814200
2020-02-14,122.38452531896448,124.2800878623888,121.93064732932751,123.98641967773438,1091200
2020-02-18,124.89412748135653,125.0988233784507,123.93299102783203,123.93299102783203,1478400
2020-02-19,123.76390296494843,125.81075311981986,123.02525148965299,123.43461608886719,1288700
2020-02-20,123.09643992016696,123.40791060198602,121.47674348887035,122.1886978149414,1022400
2020-02-21,122.28664623585567,122.93629856762306,122.02855605760749,122.60702514648438,1222200
2020-02-24,121.7882586088594,122.58919894150742,120.98730469680862,121.50347137451172,1219400
2020-02-25,121.66364524323421,121.78823624052752,118.15728114589339,118.44205474853516,1056500
2020-02-26,118.31746118929438,120.07953770697398,117.99708240613445,118.39755249023438,1118600
2020-02-27,118.15729560955958,119.5989935517752,113.66309749089994,113.71649169921875,1277700
2020-02-28,110.4504274634995,111.95442787563155,107.3445395092302,110.04995727539062,3988800
2020-03-02,110.64622419513704,116.52872720078142,110.42373923059587,116.43972778320312,1860400
2020-03-03,116.77790921455453,119.9193958259049,116.22615084818617,116.95589447021484,1639200
2020-03-04,118.42428442263365,124.88524186655663,118.42428442263365,124.86743927001953,1528700
2020-03-05,123.27446463189465,125.02764712045914,121.65476768128028,124.02201080322266,1218400
2020-03-06,121.04067261247229,126.1044307956241,119.81256527451019,125.48147583007812,1492800
2020-03-09,118.49547140344217,124.39577624766743,118.05050153173656,122.09083557128906,2322200
2020-03-10,122.94518150141471,125.25903048023575,116.84910184238139,122.55361938476562,2185400
2020-03-11,120.4533320819942,121.59245370057232,114.16145249836904,115.39846801757812,2157100
2020-03-12,108.75953334140814,113.42281561489568,101.70231102695578,104.98619079589844,2494900
2020-03-13,108.00308843982407,114.2059695742946,103.7135791228999,114.17036437988281,1667000
2020-03-16,102.78802846449393,117.79241134456494,102.65453616049602,105.73372650146484,2367600
2020-03-17,107.97640263645435,124.84965443272405,107.23775093822272,123.25666809082031,2364400
2020-03-18,115.34508631990393,118.55776921516694,109.1333041585942,115.76335906982422,2661200
2020-03-19,114.80222862879862,115.92354783379713,101.50652648931698,102.44986724853516,2393300
2020-03-20,102.44985388439818,102.44985388439818,87.43656970109808,89.60802459716797,3441000
2020-03-23,89.33215013668205,89.33215013668205,81.87445743623891,86.3864517211914,2780900
2020-03-24,89.62584354675703,93.69286848351122,85.99488724544803,92.50924682617188,2167300
2020-03-25,92.34904811959822,101.69341582340667,90.19539547834411,98.2938461303711,1757000
2020-03-26,96.58515644574712,108.45695580683683,96.58515644574712,106.18760681152344,1634100
2020-03-27,103.91823861424375,111.26914122299131,102.34304859293354,107.47799682617188,1169900
2020-03-30,109.33799496610801,113.262625615873,108.45695654100996,112.77316284179688,1584200
2020-03-31,111.1712691968814,112.5773755967085,104.29203890138639,106.40119171142578,2831000
2020-04-01,102.34305733909181,105.00397492879205,98.39172321346966,100.38519287109375,1355700
2020-04-02,99.26388858406132,105.41336922488698,98.7388205583124,104.69252014160156,944800
2020-04-03,105.35997911693335,105.72485771732539,100.20722653063403,100.84798431396484,1187700
2020-04-06,103.41099071958793,109.72956803940238,103.41099071958793,108.14546966552734,1224000
2020-04-07,110.35252370921343,111.19796371529873,103.96275633897899,105.25316619873047,1261400
2020-04-08,106.13420305724183,112.42607602206004,104.70139969785446,111.5539321899414,952800
2020-04-09,112.47057877948677,118.24628563088133,111.77642688787925,117.24955749511719,1177300
2020-04-13,115.5052736752954,116.11933427282966,111.60734682123928,113.23593139648438,764900
2020-04-14,116.67110238919659,119.00274010350162,115.25608791810839,118.90484619140625,904400
2020-04-15,116.92919036846236,118.15731164406458,114.73103796502544,114.98912811279297,922900
2020-04-16,117.35635289324324,118.13060972561179,115.32729130799372,116.79570007324219,915500
2020-04-17,118.07720396991864,118.36199121878425,114.41065640689622,117.25846099853516,1189400
2020-04-20,117.24956059791143,117.85471310223893,112.01671737756847,112.54177856445312,773300
2020-04-21,111.42047867135842,113.55633590253683,110.15676557588809,111.62516784667969,1075400
2020-04-22,113.84111208907608,115.51420347162603,112.65749037476206,113.81441497802734,739900
2020-04-23,113.24483224480248,114.97131751813495,110.82419505860065,110.95768737792969,946200
2020-04-24,112.35486589177343,112.85322985688647,110.72627491902215,111.2513427734375,1010900
2020-04-27,112.13241231322999,112.55958639522532,111.2691696400219,111.90992736816406,1476200
2020-04-28,113.69869149166578,113.91227510637404,112.02560060563248,112.59516143798828,929400
2020-04-29,113.61859650565164,113.74318751678689,110.12113331661035,111.88321685791016,934700
2020-04-30,111.24247436638848,111.77643688540678,106.8817680132857,108.2967758178711,1174800
2020-05-01,107.31782619862534,107.46912110925683,105.51124967655979,106.080810546875,820800
2020-05-04,106.04522933530497,108.38576855415877,105.27988056767789,108.09208679199219,720100
2020-05-05,107.85178255369418,110.95766986397882,107.85178255369418,109.84524536132812,784000
2020-05-06,110.1567469337492,110.50382291123745,104.59462320515303,104.81710815429688,1128400
2020-05-07,107.35343211199482,109.9253575065429,105.35996892643232,105.97402954101562,1119000
2020-05-08,106.05412741589934,107.06865827418149,104.58572534532189,105.03959655761719,1068400
2020-05-11,104.62829537408872,107.13179524378407,103.31396510506144,106.83673858642578,1091100
2020-05-12,106.94401894463577,107.2748406195636,104.65510977309968,104.67298889160156,908100
2020-05-13,104.60150765252583,104.60150765252583,102.90270409856335,104.1723403930664,1194700
2020-05-14,103.61796762250631,104.47630876131392,100.58694813120512,103.95772552490234,1039100
2020-05-15,103.40337539853239,106.20192513239583,102.42879616871842,105.2899398803711,3087000
2020-05-18,107.82023759185121,110.20750575912096,107.00660469165577,109.53692626953125,931100
2020-05-19,109.17929299920208,110.05551312974136,107.39108085517647,107.4447250366211,756000
2020-05-20,108.43719320185056,109.14353788167341,107.46262076887876,107.8292007446289,683400
2020-05-21,108.18683426624006,109.02729615333328,107.34637237914684,107.84707641601562,685400
2020-05-22,107.43580458038161,108.21367261090262,106.66687270041467,107.92755889892578,445800
2020-05-26,109.66210676633737,110.69033007284727,107.45366376423453,107.95436096191406,873800
2020-05-27,109.1167022770309,109.3223428468326,105.54922107643435,107.77554321289062,876500
2020-05-28,109.3044829845757,111.39668821892282,109.14354359566524,110.61882019042969,947600
2020-05-29,110.60986561595425,113.90911933179811,109.57270607959359,113.55147552490234,1516800
2020-06-01,113.4710345694032,115.29500543074231,112.38915993622622,114.23995971679688,794200
2020-06-02,114.17734929961904,116.31426239013672,113.63194401829142,116.31426239013672,821900
2020-06-03,116.48413202607021,118.52269267479122,115.81355250628106,118.3349380493164,1117200
2020-06-04,117.44978588712429,118.5584824385424,115.09828231729195,116.85967254638672,1113300
2020-06-05,117.3961231616867,120.04266934098048,116.87754003289835,117.62858581542969,827400
2020-06-08,116.70765759708922,118.80881219944162,116.01025599353719,118.46904754638672,753300
2020-06-09,117.68224857757667,117.68224857757667,115.50062736125764,116.85967254638672,857100
2020-06-10,117.12791251239354,118.63895417730012,116.3858027272569,117.18155670166016,614700
2020-06-11,115.88509193988169,117.002724562694,113.32794795316808,113.99852752685547,1024900
2020-06-12,115.92084451093817,116.0370826637776,112.48748053590707,113.81076049804688,901400
2020-06-15,112.89877510396614,116.61825296107317,111.52185770240642,115.53639221191406,1212300
2020-06-16,117.56601776564176,118.62999258051643,115.1519203450147,115.92980194091797,699800
2020-06-17,116.23379399929851,116.98483985544117,113.96276366719518,116.1086196899414,697700
2020-06-18,115.64367272123711,116.3857823766121,114.03428593124751,115.4916763305664,629200
2020-06-19,117.18153610133612,117.24413007312855,112.97924041748047,112.97924041748047,1766000
2020-06-22,112.95241446096414,114.08792609804549,112.38912330601715,113.39946746826172,1127400
2020-06-23,114.18627531614925,114.60649940195862,111.65595372392784,111.95995330810547,833000
2020-06-24,111.17314038147956,111.94207211220727,110.06445081543703,111.22679138183594,1038000
2020-06-25,111.22679273637753,111.22679273637753,107.89177420584046,109.27764129638672,707800
2020-06-26,109.46541262355048,112.26396232543668,108.93788646519539,110.94068908691406,1789400
2020-06-29,111.20890816204816,112.15666521467219,109.51904827146222,112.09407806396484,617600
2020-06-30,112.18351208047014,115.72416518413817,112.18351208047014,115.03571319580078,1228700
2020-07-01,114.84792315891917,117.24413454582054,114.84792315891917,116.78813171386719,766900
2020-07-02,117.26202298556007,118.16507898147448,116.77027548863084,117.18155670166016,731300
2020-07-06,118.58530494143905,119.73869589052053,116.54674397819456,117.16366577148438,551900
2020-07-07,116.45729637929573,117.6017508683991,115.67942859264816,116.51094055175781,693700
2020-07-08,116.59144149089464,118.19189920793359,116.24274062319539,117.80742645263672,673400
2020-07-09,117.44084420895659,117.74483701515685,115.12509899166795,116.8507308959961,714000
2020-07-10,117.08319514137422,119.28270222683558,116.89544049390636,119.26481628417969,715700
2020-07-13,118.75520225978224,120.17682796589742,118.17402499394474,118.88931274414062,983800
2020-07-14,119.30056360491244,120.90995722218607,118.78199410215679,120.5612564086914,1170400
2020-07-15,120.70432299736072,121.46431863638648,119.2737477861274,119.86386108398438,918700
2020-07-16,119.83702987898208,123.73533270800357,119.41679895425227,123.6727523803711,1100100
2020-07-17,124.20920890582116,126.54282620591084,123.7621558877425,126.26565551757812,786700
2020-07-20,125.94377432552653,127.71410042231885,124.27180043649908,124.91555786132812,696000
2020-07-21,124.99601670209269,126.84680895628067,124.56684965869718,126.22987365722656,566900
2020-07-22,126.00633323816598,129.18041179336322,125.36258956571395,128.5634765625,608000
2020-07-23,129.35033839720208,130.36961888859622,128.67082261726517,129.5470428466797,719300
2020-07-24,129.64541476675288,130.51269897766537,128.03602068243174,129.21624755859375,834100
2020-07-27,129.6454057492004,130.45904570787232,128.4830649000946,129.04635620117188,833000
2020-07-28,128.6439966217283,130.7809097644425,128.6439966217283,129.96726989746094,724700
2020-07-29,130.4858811582789,132.47079832019415,130.46799521148344,132.3188018798828,811300
2020-07-30,131.27266554680804,132.30981826517686,130.40538152914573,131.102783203125,591000
2020-07-31,130.72722251472626,132.78365505823194,130.08346521038573,131.6749725341797,793400
2020-08-03,131.4335842155264,131.76439907535087,130.0030091342218,131.4872283935547,582400
2020-08-04,130.97761868410663,132.05054336712396,130.49479370881346,131.8806610107422,686000
2020-08-05,132.4975816456756,132.52440373652973,130.22654457153445,131.65711975097656,506400
2020-08-06,130.82560531671243,132.29193871016548,129.65431491739605,131.40676879882812,737600
2020-08-07,131.43361132738227,134.15168817097026,130.61997141151713,133.92816162109375,785500
2020-08-10,134.3036974417687,134.53616014080268,132.72112565790573,133.32017517089844,598600
2020-08-11,133.02396695556138,133.26627310447148,127.17282462199807,127.80998229980469,740900
2020-08-12,128.4472306913042,131.99202320113622,128.15108159694248,130.90614318847656,602600
2020-08-13,130.37665043807053,132.07276684654255,129.4882032932567,131.48046875,613400
2020-08-14,131.16635846140366,131.6330050381303,129.93688892412445,130.40354919433594,378600
2020-08-17,131.0227786571849,132.9252968146751,130.2061265448713,131.52532958984375,657900
2020-08-18,131.14841910783832,132.0996782062942,130.3856097662914,131.0227813720703,493300
2020-08-19,131.6958483412905,132.0996829569617,128.86000941084365,129.15615844726562,603000
2020-08-20,128.82413785364736,130.40358592156934,128.48311521089028,129.479248046875,432200
2020-08-21,129.56896970025153,129.9368999759873,127.98053901600305,128.90487670898438,603300
2020-08-24,128.88693275883242,129.51513516327046,127.63055533693009,129.12026977539062,468600
2020-08-25,129.2099869146583,129.2099869146583,127.74720774921335,128.80615234375,389400
2020-08-26,127.77414708484639,128.30361945647053,126.33827541609962,126.44596099853516,583900
2020-08-27,127.3254585168251,128.1151757321676,125.97035082612626,126.86776733398438,704000
2020-08-28,126.66138371029182,126.66138371029182,124.60630563488314,126.34728240966797,773400
2020-08-31,127.56774069230748,128.04337030713404,126.41904875157674,126.84083557128906,881100
2020-09-01,127.23569636247441,127.4331290663661,125.18958806167656,125.79085540771484,451700
2020-09-02,125.99723784202929,130.06253241775408,125.41392274850023,129.362548828125,934600
2020-09-03,129.80228343431205,131.2919976679982,126.80491650158325,127.86386108398438,717300
2020-09-04,128.06129128592622,129.23690433794172,127.10106305540761,128.4830780029297,954200
2020-09-08,128.33055774845013,128.51902123601306,125.76394604574158,126.3293228149414,771700
2020-09-09,127.45111051730338,130.23309378633562,127.45111051730338,128.5100555419922,667600
2020-09-10,128.09723439129078,128.70747103008705,126.27548001663455,126.3293228149414,575500
2020-09-11,127.03823867080169,127.22670210326034,125.88954699782151,126.62543487548828,482500
2020-09-14,127.55874639473598,129.06641282914717,126.76004647266534,128.22283935546875,684600
2020-09-15,129.37154978318512,129.98178635416377,128.19593650583883,128.86001586914062,812900
2020-09-16,129.0933415058023,130.5830421714477,127.96258819281722,128.12413024902344,678200
2020-09-17,127.7292707594714,128.30361667582525,125.37804430400516,126.55365753173828,733400
2020-09-18,126.31135371491047,127.2895342689656,123.84345870449481,124.09473419189453,1420900
2020-09-21,123.78960118906726,125.71007143918165,122.95499694602303,125.38700103759766,746800
2020-09-22,125.8536811287202,126.95749946885093,124.66011567100685,125.79085540771484,718100
2020-09-23,126.22160282159581,126.7241674748351,123.8793456250091,123.8883285522461,585700
2020-09-24,124.66906632532341,127.38823652227677,124.30112236895381,126.23057556152344,902900
2020-09-25,125.22545704257617,129.55997915746588,125.22545704257617,129.43434143066406,898100
2020-09-28,129.64973215338952,131.07662076410858,128.9138442247505,129.72152709960938,599200
2020-09-29,129.9009994984881,130.21510065688014,128.22283552764216,128.95870971679688,565100
2020-09-30,129.79330038450814,131.27403153440005,129.3535615473572,130.0176544189453,1099600
2020-10-01,130.62790054060898,133.58937675425898,130.5202149779803,133.32913208007812,1478200
2020-10-02,132.3868716308499,134.58553907993607,131.80354275269227,133.6791534423828,751200
2020-10-05,133.9393847138658,136.5508694711055,133.34708666085524,136.30856323242188,707000
2020-10-06,136.27266950136573,137.96878574654897,135.39319167535524,136.84701538085938,718400
2020-10-07,138.14826985961602,139.51234649395042,137.22393214972453,138.6597900390625,942400
2020-10-08,139.09951070053748,140.3469186681126,138.27388944153307,139.86231994628906,554400
2020-10-09,140.18538521020486,141.13664415448957,138.74951386829483,139.77256774902344,651900
2020-10-12,140.58025176889186,143.5866017197942,140.2571813672829,142.07894897460938,571000
2020-10-13,140.29307964145826,140.31103180007565,138.65080631182812,140.0687255859375,592900
2020-10-14,139.65588695387322,141.24431726063767,138.68667593754998,139.78152465820312,581900
2020-10-15,138.6866810055135,141.0468897804047,137.7982478115303,139.87127685546875,513900
2020-10-16,140.51746040813455,140.58027243500828,139.548249060828,139.7456817626953,1120200
2020-10-19,140.23027314231408,141.37896496845374,138.1841649711599,138.6687774658203,1175100
2020-10-20,139.35972445074114,139.35972445074114,136.95465614644473,137.4392547607422,725600
2020-10-21,137.6815822942531,138.28284946369385,136.27264607773884,136.63160705566406,818400
2020-10-22,137.34956090333128,138.1662129838208,136.7123893355849,137.85211181640625,455500
2020-10-23,138.0944452331641,138.81236742550774,137.29574515471688,138.27392578125,423700
2020-10-26,138.47131792826158,139.1174586668802,136.4072579962012,138.2110595703125,676200
2020-10-27,138.525175845198,140.15846633433787,137.90595642856496,138.7584991455078,621100
2020-10-28,137.08931790323766,139.63799076672535,136.8649638137625,137.30470275878906,874700
2020-10-29,137.2328582825861,138.16617862634038,134.74701203411297,136.5508270263672,534000
2020-10-30,135.77911131556488,136.712418396312,133.9214526954062,135.0701446533203,831800
2020-11-02,136.40729870488187,139.16237374501924,136.08422823915708,138.4713592529297,731300
2020-11-03,140.05077976027522,143.0571297175914,139.53925961116957,140.98410034179688,742100
2020-11-04,142.02509646014084,144.08915665616473,139.32387836955508,139.46746826171875,728100
2020-11-05,143.58662446299837,146.13528376077957,139.54825064997655,141.98025512695312,766900
2020-11-06,142.55461476698926,145.32762843179424,141.6123247147625,144.60072326660156,744800
2020-11-09,154.87526477035354,155.3885368747255,145.81632472196077,146.17652893066406,1347500
2020-11-10,146.06849443174218,148.21165136877073,145.54620856327998,147.23912048339844,1021400
2020-11-11,148.1216179575704,149.21120325792748,146.94196441282077,148.0135498046875,968000
2020-11-12,147.87847353575734,148.31971859613125,144.1774589701016,145.3480987548828,863600
2020-11-13,145.80737147078716,146.6898480190884,144.6547451145272,145.25807189941406,634900
2020-11-16,146.7528451687881,149.14815168317716,144.98787885808406,149.07611083984375,902800
2020-11-17,147.61731404486483,148.1846271223434,143.06985069304383,143.4390411376953,1082500
2020-11-18,144.6817600324941,144.7177873354231,140.4494588040843,140.64756774902344,858100
2020-11-19,141.26885963021576,141.55700925264685,139.16170282568,141.06173706054688,913000
2020-11-20,140.27832831741236,144.17745158889366,140.27832831741236,142.0162811279297,992800
2020-11-23,142.0702999181453,142.40347679488735,139.35981643853287,139.7740478515625,616900
2020-11-24,140.95369616320082,141.2688731539051,137.66691321619524,137.95506286621094,1006000
2020-11-25,138.65745235629134,139.54894244143046,136.07305034131556,137.8920440673828,1113600
2020-11-27,137.6038780989003,138.8465587265052,136.61334731867683,138.4323272705078,504000
2020-11-30,138.67545637088745,139.4048510533374,137.00054446510413,138.11715698242188,1059700
2020-12-01,139.1977843638927,140.84568316870116,138.71151193472787,138.94564819335938,797200
2020-12-02,139.3328275750542,139.90014072785058,137.51384748898838,139.42288208007812,794100
2020-12-03,138.65743656480734,139.99017156380765,136.80242949421495,137.30670166015625,707700
2020-12-04,137.18066559681805,137.6669379704634,133.1824871485748,134.08297729492188,1318400
2020-12-07,134.02892872111627,136.1090584291543,133.7858063134352,135.36166381835938,1042500
2020-12-08,134.67730018669025,135.29864056812755,133.8308372751895,134.4882049560547,811100
2020-12-09,135.1545444473012,135.1545444473012,133.08341464336735,133.6957550048828,919300
2020-12-10,133.85782811967638,133.85782811967638,131.95779373938885,133.33555603027344,888000
2020-12-11,133.245493270303,134.01091519103932,132.13789452674513,133.52464294433594,760100
2020-12-14,135.18153847770512,136.2711372951127,133.6867356964979,133.7677764892578,811100
2020-12-15,134.18201570543633,138.0901529156604,134.0019204457936,137.76597595214844,1555900
2020-12-16,138.52239430964994,139.35984351075663,135.3076380438541,135.4066925048828,821500
2020-12-17,136.2081287837939,137.9550817917024,135.70385652179738,136.74842834472656,925500
2020-12-18,136.86548462794525,137.3787568001252,134.81236845845063,135.2896270751953,1891400
2020-12-21,134.12799775396522,134.52421559674357,132.39905840943203,134.27207946777344,1134600
2020-12-22,134.4791794986043,134.4791794986043,132.7412403139123,133.32655334472656,823700
2020-12-23,134.12795924873035,135.6678029246744,132.68718374542908,132.7412109375,731500
2020-12-24,133.16444473115956,134.29905700683594,132.75021335029592,134.29905700683594,253700
2020-12-28,134.70431934663594,135.98301372128643,134.16403349643412,134.7583465576172,546600
2020-12-29,135.7848621549558,136.76640656103322,135.01945400572163,135.7308349609375,685100
2020-12-30,135.88394578958236,136.60434059219003,135.3076326955738,135.6408233642578,361800
2020-12-31,135.60481085270308,138.31529504726086,135.26263393295557,138.19822692871094,521900
2021-01-04,138.2522332285947,138.48635568989235,133.83082388290052,135.2896270751953,1378900
2021-01-05,135.52372222156018,136.43321202215643,134.08293296756912,136.0550079345703,867600
2021-01-06,136.67638353722347,138.43233644892373,135.57778453802882,137.19866943359375,1206200
2021-01-07,138.57643493799563,139.20677532359318,136.68540004081308,136.9915771484375,851500
2021-01-08,136.95553644188865,141.71012308560577,136.42425057891154,141.3589324951172,1367400
2021-01-11,140.8006440021543,141.87222950650383,138.90960914266813,141.0527801513672,812300
2021-01-12,141.17883553112267,143.27697909442728,139.0626783186685,140.68356323242188,1128800
2021-01-13,141.01674447063135,145.15899037252018,140.68355381541465,143.79925537109375,898200
2021-01-14,143.64616869167642,143.79023664902684,141.62006619105063,142.2774200439453,712400
2021-01-15,141.8812017364179,144.34854927486865,141.3769295365329,143.82626342773438,946600
2021-01-19,144.82579786646403,144.90683866290547,142.00725997354385,143.42103576660156,873100
2021-01-20,143.3760188222124,147.5632918238083,142.79970577213746,147.1400604248047,1051000
2021-01-21,146.8698978368104,147.671333241721,143.9793194157285,144.88880920410156,785300
2021-01-22,144.47461102782984,145.62723707458244,143.19591693660075,144.89784240722656,674100
2021-01-25,144.87082069051908,147.2841270468175,143.9883306882438,145.16798400878906,928100
2021-01-26,144.30352457823062,144.81681048100862,142.85373510773556,143.45706176757812,1056400
2021-01-27,142.44852310754004,143.0878633479722,139.93614817519406,141.1248016357422,963300
2021-01-28,141.41293487848742,146.43767041906426,141.20582603850198,143.8892822265625,827700
2021-01-29,142.86273220995093,144.807793896835,140.51245277339606,143.1959228515625,1114600
2021-02-01,144.64572320707495,147.2931661905824,143.76323305231384,145.44715881347656,693700
2021-02-02,145.84337194463944,149.55338648759778,145.4111268352635,147.0680389404297,766500
2021-02-03,146.65382155363474,148.45480179438164,145.7803450376414,147.77943420410156,776400
2021-02-04,147.5272842113406,149.04911457027757,146.78887578661173,147.69837951660156,599400
2021-02-05,148.31280074884387,149.55966274596383,147.04787827830253,149.08982849121094,478900
2021-02-08,149.03555918036065,149.27951333902564,145.56604713394552,146.56895446777344,686500
2021-02-09,146.79483425240522,147.87002480963858,145.9907023393962,147.67124938964844,569400
2021-02-10,149.08077436990024,149.21629683195266,147.82488233727915,148.9091033935547,471200
2021-02-11,149.21627367740314,149.69513801783916,147.94232137193902,148.92715454101562,468500
2021-02-12,148.01460453070138,149.85777866079795,144.81613705795297,146.09010314941406,551700
2021-02-16,146.00880920372884,147.49058116495033,144.72579892027633,145.98170471191406,810800
2021-02-17,145.59321208704156,146.34313534060428,144.6174088337294,145.2679443359375,753900
2021-02-18,144.92454935077802,145.68351635034534,144.27401408635805,144.69866943359375,1157200
2021-02-19,144.9064735537239,145.15041391211227,141.36467848136454,141.54537963867188,741500
2021-02-22,140.208202800034,141.49121311097355,136.26886951462615,137.16334533691406,1191500
2021-02-23,137.34402677370565,138.92518627334087,136.09717894317836,138.37403869628906,984700
2021-02-24,138.23850756955602,138.53667071086466,135.36532167686244,135.47373962402344,1204000
2021-02-25,135.22980673590732,135.41050793848254,131.0374754177188,131.588623046875,1353500
2021-02-26,132.03133434613062,133.1426596846691,128.10101825039405,128.19137573242188,1986300
2021-03-01,130.29655966487366,131.72410841391005,129.64602448947306,130.1158447265625,1188100
2021-03-02,129.76349257952361,130.51341557149402,125.85125069415855,126.16748809814453,1512800
2021-03-03,125.48082291932403,125.99582198983784,118.37011335969775,119.38206481933594,2149400
2021-03-04,121.9932301936414,125.36335471602509,119.76153549684845,121.94805145263672,3108600
2021-03-05,121.47821449021377,123.34850678798571,119.59889195910083,122.88770294189453,1720200
2021-03-08,123.52019986539221,124.58634662857143,120.81867065775168,120.95419311523438,1457200
2021-03-09,122.46307562377595,124.19784588529518,121.54149529395384,123.62862396240234,2495600
2021-03-10,124.05324413103914,124.36946771981884,122.53532403040542,123.22200775146484,2165000
2021-03-11,124.2520588475695,125.05619099635715,122.9419577674035,123.818359375,1755600
2021-03-12,124.58633376888807,126.07713579379157,123.29430718552061,125.70670318603516,1029600
2021-03-15,126.04103919413234,127.4234236823641,125.34532493832661,126.77288818359375,1296200
2021-03-16,126.96259570538359,128.90515760083525,126.94452145061832,127.54084777832031,1136600
2021-03-17,126.88127137438556,127.28786628957539,125.34529056276835,125.93258666992188,1209300
2021-03-18,125.30915212060707,126.05003112165858,124.1436039617858,125.58924102783203,1200400
2021-03-19,125.62537310696514,126.07713295727109,123.69184149912037,125.010986328125,2216400
2021-03-22,125.46273516501087,126.59213469163433,124.92061787758549,126.53792572021484,1027300
2021-03-23,126.66444000175922,130.5676382773167,126.26688909320977,130.24237060546875,1033500
2021-03-24,129.22139490243507,131.49825468258956,128.5527853428943,130.92904663085938,1256700
2021-03-25,131.08264178520704,133.06135216508338,130.64895618266132,131.20010375976562,1211200
2021-03-26,131.0555291041782,132.33852536369352,128.64313327255968,132.2030029296875,1163500
2021-03-29,132.20299454651263,134.43467527578798,131.6066683014682,133.63958740234375,940500
2021-03-30,133.65764325053547,133.96485038188214,131.86867836382035,132.68185424804688,768700
2021-03-31,133.2601269408766,136.00682079213047,132.90775480557403,135.45567321777344,1221000
2021-04-01,136.10616810927806,137.1813584504672,135.15746993842805,136.0609893798828,855400
2021-04-05,135.77194669263744,137.669330314909,135.75387243339097,137.3621368408203,577400
2021-04-06,137.19041539417336,138.41017239228228,136.33207451498552,138.05780029296875,848200
2021-04-07,138.28372473265526,139.0155736525721,137.20853383584122,138.17529296875,611600
2021-04-08,138.8077160370045,138.94323845794284,136.5940820598384,137.0548858642578,657300
2021-04-09,137.38922513079407,137.9222985294147,136.39536157539243,137.04588317871094,609700
2021-04-12,137.0187652012263,138.59089453661835,136.75675053863628,137.56088256835938,742100
2021-04-13,136.73865369787418,140.80449191995675,136.68444472743815,140.41598510742188,738700
2021-04-14,139.78351607497441,142.0242407055891,139.09683239143698,141.97003173828125,929100
2021-04-15,141.9881157925319,143.93972165953497,141.9881157925319,143.80419921875,1069200
2021-04-16,144.563167119386,144.8523000712014,143.49702037945715,144.6715850830078,1341700
2021-04-19,144.78001592659152,145.0691350899784,142.7380523803821,143.4066619873047,835100
2021-04-20,143.659666851186,146.73162905536844,143.53317461422836,145.74679565429688,850100
2021-04-21,146.63220917645216,146.82195438361316,144.4095583875195,145.4666748046875,623200
2021-04-22,145.46667197883903,146.71353357894637,144.98780763985044,145.8551788330078,653700
2021-04-23,145.91839439545905,146.23463172458358,143.9216103007799,143.98486328125,1044900
2021-04-26,144.08429995187825,144.2740313845565,141.34663613029323,142.49411010742188,938500
2021-04-27,142.70190265598796,142.82839486166537,139.63897144522684,140.1359100341797,1373100
2021-04-28,140.30755965573147,140.48827461408814,138.7173700431488,139.44921875,699300
2021-04-29,139.5938055383752,141.57251605574885,139.1510758844886,139.5395965576172,752600
2021-04-30,139.74739555175788,140.96715270685408,139.2595009616896,140.94004821777344,1012100
2021-05-03,141.09362544504165,141.68090767622402,139.81062925470263,140.49729919433594,598000
2021-05-04,139.61185596918133,141.6086266149771,138.51859115953056,140.30755615234375,956300
2021-05-05,139.51249712591817,140.18109296166702,136.59411821419377,138.29273986816406,714100
2021-05-06,138.16622031816323,139.26851537091278,137.46147610891228,138.41920471191406,751300
2021-05-07,138.41920751521658,140.7864383712775,137.8861342309182,138.03070068359375,795900
2021-05-10,138.16042748463747,142.0065372664159,137.9971560945209,141.50762939453125,2008300
2021-05-11,141.32621108418107,141.32621108418107,138.39628137269355,139.42129516601562,667600
2021-05-12,138.60491295876312,138.76818435052758,135.2939889328389,135.693115234375,837100
2021-05-13,135.7022068175965,138.47793144738228,135.4300739665632,137.87924194335938,560700
2021-05-14,138.02438557058653,139.54830743741766,137.87924620005438,138.63214111328125,830800
2021-05-17,138.4688441652932,139.5392296309921,136.7907170494849,136.83607482910156,540400
2021-05-18,136.88140547281415,137.8247973687098,135.92896139962585,137.0537567138672,515500
2021-05-19,136.58206835926183,137.98806243774672,136.16479622415565,137.94271850585938,605600
2021-05-20,138.00618457809182,140.51885529217728,138.00618457809182,140.07437133789062,703400
2021-05-21,140.29207711455427,141.82507819576168,139.83852715401937,140.70933532714844,1605300
2021-05-24,141.1448189375891,141.95213768938223,140.36471208879158,140.45541381835938,450100
2021-05-25,140.45538442834166,141.26270301120493,139.32150923660953,140.5279541015625,581500
2021-05-26,140.8635527661223,141.30803674851788,139.65712194765112,140.5732879638672,485100
2021-05-27,141.50764834130038,141.55300612504485,138.87706297914892,139.16732788085938,1029500
2021-05-28,140.30119224132213,141.46227943941358,139.59365516252427,140.61868286132812,562200
2021-06-01,141.39880270604368,141.6618557094279,139.81137714160644,139.92929077148438,619300
2021-06-02,139.90208293550646,141.62558190317077,139.48482452611344,140.9906005859375,504100
2021-06-03,139.70250242236617,142.1244583925564,139.70250242236617,141.54391479492188,720800
2021-06-04,141.6981557294927,142.5961762427246,141.5167245814125,141.897705078125,403200
2021-06-07,142.00653396015264,143.0043358394402,141.71625526281434,142.841064453125,487600
2021-06-08,143.14038937095285,143.339952487458,141.5348184213426,142.2423553466797,479800
2021-06-09,142.75943647889125,143.67560271455784,142.04281955687162,142.95899963378906,644500
2021-06-10,143.11321968477614,145.13604949911948,142.60524572612957,144.89112854003906,541500
2021-06-11,144.9545811519045,145.53512459178114,144.46473940626794,145.46255493164062,745500
2021-06-14,145.6167841667892,146.49667240867998,143.73001421723205,145.57142639160156,735400
2021-06-15,145.58959707797808,147.42194354603654,145.1541928127347,146.75975036621094,640700
2021-06-16,147.45822107192734,147.85734741451776,143.64840261845396,143.74818420410156,795500
2021-06-17,143.43974726027346,147.34026672653664,143.2038923692672,147.1316375732422,619700
2021-06-18,146.14292616554894,146.77789359113092,142.75036614707977,142.90457153320312,1741100
2021-06-21,143.25829494138412,146.62364199829693,141.83415515289764,146.3152313232422,808800
2021-06-22,146.77791985837032,147.45824518779824,144.80951356617612,144.8639373779297,581800
2021-06-23,144.98180348228547,145.13600883071828,141.46225083894106,141.84323120117188,855100
2021-06-24,142.8592213726204,142.90456531149,139.39409182191196,140.38282775878906,867500
2021-06-25,140.3828353420712,140.94524693169714,139.14011237888914,140.80917358398438,1041300
2021-06-28,141.15386730804366,144.09287703534645,141.15386730804366,142.71408081054688,742900
2021-06-29,141.90674137262047,143.54859033339787,140.97242938012008,141.03591918945312,655300
2021-06-30,141.2899040564358,141.99744101443278,139.0856574968103,139.81134033203125,627700
2021-07-01,139.8929934266084,141.4169151130924,139.19452239967796,141.11758422851562,497200
2021-07-02,141.44412145960493,142.36030148060635,141.04500901541869,142.30587768554688,397700
2021-07-06,143.14043605752923,145.11790814991696,142.01562665592854,145.02720642089844,761300
2021-07-07,145.13602344275927,148.40158950672128,144.55547990263824,148.2020263671875,871300
2021-07-08,147.46729387137842,148.75537456180405,146.10664350020684,146.5692596435547,569900
2021-07-09,146.63274606098048,147.39472077050684,145.55330841821592,147.2042236328125,519800
2021-07-12,147.17696277624958,148.05685081047048,146.55106161363403,147.83914184570312,414500
2021-07-13,147.71217241496112,148.67369627676192,146.59644320185723,147.17698669433594,473900
2021-07-14,147.14071545649773,148.84605425731263,146.27895927593386,148.0750274658203,363800
2021-07-15,147.31304321290185,151.03215897029125,147.14977184700345,150.6783905029297,627000
2021-07-16,151.06848551901052,153.99842960202727,150.7600747232991,152.67405700683594,629800
2021-07-19,151.812255859375,153.25454153087966,149.48100222623756,151.812255859375,768500
2021-07-20,152.3656135975756,153.70811794662293,150.3155722374594,151.21359252929688,955100
2021-07-21,150.95958476418832,150.95958476418832,147.60331743405425,148.30178833007812,749200
2021-07-22,148.39253659924785,149.5354918498533,148.01155612946346,149.1454315185547,535900
2021-07-23,149.46290139244613,151.81228755023747,149.22704648589152,151.73065185546875,603100
2021-07-26,151.03219156548315,151.52201961013952,149.63526327118424,150.74191284179688,556300
2021-07-27,150.9233126961014,154.87826951879623,150.17948400170192,154.388427734375,584200
2021-07-28,154.34305928365868,154.98710637305714,152.937065358295,154.5244903564453,484800
2021-07-29,154.6696232846904,155.39530608703794,153.89859655321033,154.8691864013672,406100
2021-07-30,154.72406533456814,156.11192733213358,154.15258786218877,154.30679321289062,631200
2021-08-02,154.18884976374065,156.2661164560908,154.05279030408764,156.2479705810547,621800
2021-08-03,157.1551508074058,160.411638056348,156.1119908407126,159.01470947265625,912800
2021-08-04,156.14824286549458,160.69281032094943,156.0756731815774,160.07598876953125,1084800
2021-08-05,160.55674274659737,163.3506131513866,159.64964250509115,162.97869873046875,525200
2021-08-06,163.21452455709212,163.65900861674106,160.88328435173938,160.9649200439453,1000300
2021-08-09,162.10540872788317,162.48768819171582,159.73890093640998,161.21340942382812,985600
2021-08-10,161.28621121242176,161.39544382630882,159.74798268302865,160.2030792236328,624000
2021-08-11,160.61270029022188,161.14971095204064,158.85602016918156,159.79351806640625,728800
2021-08-12,159.92092549671443,161.95976304826002,159.56595074191063,161.51376342773438,789000
2021-08-13,161.7231466358506,163.0065225836451,160.96769838244353,162.85179138183594,649900
2021-08-16,162.9154932071088,165.42762155243844,162.68794489685783,165.2000732421875,617600
2021-08-17,165.04530519067092,165.291061199611,163.41605187568007,165.09991455078125,579100
2021-08-18,164.90878008680076,165.04531738560868,162.90635803361894,163.7255401611328,583100
2021-08-19,164.07138520366058,166.0374054171685,163.3159233469392,165.44578552246094,549100
2021-08-20,165.15453873839974,168.05805701145377,164.2898580526537,167.56655883789062,666600
2021-08-23,167.56653319844938,168.6041526402669,165.05439168467018,165.837158203125,993500
2021-08-24,165.41850953717545,165.618753143014,162.9245752843787,164.38088989257812,745800
2021-08-25,164.3808892153818,165.13633731158868,163.4342805574183,164.6357421875,502400
2021-08-26,164.29894723447555,165.35477453641195,163.61630242712008,164.9451904296875,520800
2021-08-27,165.30016662931953,165.94640983022117,163.84385213876175,164.11691284179688,748700
2021-08-30,164.8996840740409,166.8474967739262,164.5538062479345,166.1830596923828,520100
2021-08-31,166.18302524276078,167.22064461753754,165.4821728045742,165.88265991210938,918100
2021-09-01,164.45367364473594,168.54954237066218,164.45367364473594,167.8668975830078,751700
2021-09-02,168.3857626723892,170.13333216432133,167.93066601651788,170.0696258544922,460000
2021-09-03,169.38691119812088,170.22428703387928,168.00341404456952,168.522216796875,466300
2021-09-07,168.6041693091342,169.10476438694573,166.4652100389712,167.47552490234375,608700
2021-09-08,167.4846149613242,172.34505631156662,167.02951844493606,171.79893493652344,590000
2021-09-09,170.89787545713537,171.91730131644627,169.78743860810954,170.6976318359375,987900
2021-09-10,171.35293576172248,171.35293576172248,168.112650779416,168.19456481933594,518600
2021-09-13,169.3323187248258,169.77831834501367,166.06472881917745,166.69276428222656,690200
2021-09-14,167.53015470039333,168.5313727550371,166.70187557231947,168.27651977539062,483300
2021-09-15,168.1581851877824,168.85903780506993,166.47432229764163,167.15696716308594,738000
2021-09-16,167.69397828192658,168.34020759205671,164.86327724382645,165.382080078125,724000
2021-09-17,163.55259287049446,165.1181260418691,161.59566946205422,162.05076599121094,1961900
2021-09-20,161.34993640022583,164.51740453233282,160.23038887592733,163.15211486816406,645200
2021-09-21,163.3614466144397,164.87237042813936,162.31473015021237,162.4330596923828,604700
2021-09-22,162.924552191635,163.36144095679253,160.48524154035834,161.75950622558594,619900
2021-09-23,161.66848774486778,163.4797769438769,161.29531914347245,161.85963439941406,665800
2021-09-24,161.85964881044748,162.88817150967057,160.19399368675022,160.9130401611328,470400
2021-09-27,158.63753767553297,159.0653295122934,155.23342461932464,155.37905883789062,922400
2021-09-28,154.8329727986769,154.9148868571485,152.89425675083575,153.0854034423828,725000
2021-09-29,153.43124459236498,156.5531999955917,152.79409836534919,155.00587463378906,689700
2021-09-30,155.7978014549207,156.07995918467444,153.73165856349164,153.8590850830078,863900
2021-10-01,153.54957865252564,155.0878072683761,152.45734967137494,153.22190856933594,662600
2021-10-04,153.44944166683513,156.30744726409526,153.12177161607215,155.56109619140625,730500
2021-10-05,155.99801651954445,156.95372218496837,155.3062746673106,156.1891632080078,577500
2021-10-06,155.78867160128695,158.5556528211425,154.80566127768873,158.53744506835938,488000
2021-10-07,158.84690141343796,160.08476456715104,156.7443576048648,156.9810028076172,497800
2021-10-08,156.81715533275212,157.82747017932516,154.45975865356294,155.48828125,442600
2021-10-11,154.82388086127077,155.57932905392224,153.25834732499726,153.6952362060547,746000
2021-10-12,153.64061387448513,154.98769591239832,152.83054248762872,154.31414794921875,499400
2021-10-13,154.58717843318658,155.1515075469887,153.14907180195416,154.1866912841797,773700
2021-10-14,154.65091896579358,156.30746325019538,154.65091896579358,155.80685424804688,547200
2021-10-15,155.92516202702757,156.42577095927254,154.92395805098073,156.02528381347656,659200
2021-10-18,155.3881797450276,155.98891057297345,154.15031647309934,155.0878143310547,531900
2021-10-19,156.2437541266573,157.83659208476348,155.85236386353134,157.14483642578125,594500
2021-10-20,158.42822753203976,159.85723753478072,157.70918100877353,158.3463134765625,556800
2021-10-21,158.61023379602867,160.45792455202314,157.58172510726928,157.96400451660156,743000
2021-10-22,158.3098895449644,160.62178794732566,158.22797549384686,160.02105712890625,537700
2021-10-25,158.81046646939217,161.09505972639855,158.38267465985084,159.14724731445312,585000
2021-10-26,159.22921483460718,160.79474838934036,158.8014228813692,159.23831176757812,540400
2021-10-27,160.14845829742438,160.2849955828135,157.49979328912792,157.66363525390625,519900
2021-10-28,157.5908612862261,159.684308572614,157.50894722563473,159.56597900390625,472100
2021-10-29,159.28381015956114,160.48527185121878,157.78199693343512,158.53744506835938,779900
2021-11-01,158.63755346416093,159.13816246002818,155.63392726584718,158.09144592285156,726500
2021-11-02,159.08354054528846,160.95853601058516,158.3007739648939,160.92213439941406,962000
2021-11-03,156.55321481289613,158.37360103165074,151.2832028205172,152.92153930664062,1637900
2021-11-04,150.79169228586315,153.9773682008367,150.79169228586315,153.61329650878906,1145800
2021-11-05,153.60420338596364,155.28806640468505,152.7759381078629,154.4233856201172,657200
2021-11-08,154.02285745247434,154.55986797837483,151.6199485366653,153.8317108154297,953000
2021-11-09,154.84841918945312,155.6431181347322,153.83448670077757,154.84841918945312,528300
2021-11-10,154.44650593013802,157.1411872420996,154.36429857395638,157.11378479003906,779200
2021-11-11,157.29646895816552,157.33301485221833,154.74794340588235,155.880615234375,525900
2021-11-12,156.27336940625725,156.27336940625725,154.42819246860302,155.96279907226562,393300
2021-11-15,156.40127673679567,158.13683022986703,156.09070635393843,157.7349090576172,491700
2021-11-16,157.9267152916394,158.02719556889213,155.49692963310684,155.96279907226562,636400
2021-11-17,155.7801080217127,156.02674398035094,153.50562131504827,155.97193908691406,709000
2021-11-18,156.24599751356965,157.87194127201568,156.04503691976853,156.64791870117188,606500
2021-11-19,157.50653797292057,158.85845710833888,156.38299579931254,158.37432861328125,746300
2021-11-22,158.01806316756213,160.73101666544122,156.6296122541353,159.46131896972656,650700
2021-11-23,159.33346340847126,160.55749997139966,157.58878026824604,158.10031127929688,571500
2021-11-24,158.02724513440776,158.79454170781727,156.52005444105507,158.40176391601562,404200
2021-11-26,157.47914954419707,159.4796120394536,155.29599940140196,155.57003784179688,399300
2021-11-29,156.66617419202618,158.84932428642242,155.16811321434224,158.3195343017578,623800
2021-11-30,157.60702883216,159.1964406010271,153.91668825544897,153.9806365966797,1561900
2021-12-01,153.53301764856883,157.01326762496134,152.1445666713716,153.27725219726562,937500
2021-12-02,154.09025440092756,156.62965041098403,153.8710208543982,155.62484741210938,835900
2021-12-03,156.72096720452828,156.9493302058021,153.13109357665445,156.77577209472656,831100
2021-12-06,157.3695082585472,159.73534557555018,156.9767305918306,158.86756896972656,611200
2021-12-07,159.17818842535164,162.07383046454956,158.5844500218659,161.2425994873047,663900
2021-12-08,161.58059103824309,162.6950040575702,160.3200222928652,161.4618377685547,636900
2021-12-09,161.2243054482779,161.35218819252296,159.70797152496243,160.60316467285156,870300
2021-12-10,161.343043308621,162.92331148433243,160.26516262001314,160.89544677734375,593800
2021-12-13,160.6853821334369,166.29397816371053,160.6853821334369,165.24349975585938,830500
2021-12-14,165.09735582138228,165.53580897515988,162.6766991259024,163.781982421875,632400
2021-12-15,164.5675343271496,166.55885322264322,164.55839088568302,166.4949188232422,622200
2021-12-16,166.09298941917118,168.02950332238765,165.6910682834457,167.0977783203125,750900
2021-12-17,166.851171613747,168.85163403496503,166.47665289034097,167.26222229003906,2131400
2021-12-20,165.82810618232142,167.39924508068484,164.01034522555196,166.81463623046875,715700
2021-12-21,167.70066830669938,168.17566730312367,163.6632116825253,165.5814666748047,952800
2021-12-22,165.01513424440407,167.61847858793328,164.55840814470943,167.49972534179688,457700
2021-12-23,167.66412571943707,167.84681334088117,166.0655846400001,166.32135009765625,322800
2021-12-27,167.37184498825616,168.30357014766483,166.20262727134804,167.69155883789062,428600
2021-12-28,167.8376888624192,170.04824120586179,167.4266242791496,170.02996826171875,375000
2021-12-29,170.3588572185619,171.47327016099746,169.23531477069452,171.1718292236328,373700
2021-12-30,170.92516387986214,172.3958224163733,170.14873790603565,171.75640869140625,373700
2021-12-31,171.7290027436896,173.23619320313873,171.26314716888268,172.5145721435547,382200
2022-01-03,172.59,172.85,166.41,168.18,71253300
2022-01-04,168.07,168.77,163.85,163.87,113968300
2022-01-05,161.94,164.67,161.89,162.67,113341500
2022-01-06,162.23,163.4,159.64,160.11,105748900
2022-01-07,157.86,159.34,156.22,158.47,119923800
2022-01-10,157.72,157.96,152.66,155.29,108204200
2022-01-11,155.43,156.26,151.54,153.72,75945800
2022-01-12,152.95,154.91,151.16,154.52,86391400
2022-01-13,154.48,155.57,153.01,153.52,85884500
2022-01-14,153.29,153.41,146.73,149.4,156864200
2022-01-18,147.08,149.54,145.87,147.97,116686500
2022-01-19,147.59,150.09,146.84,147.07,94090400
2022-01-20,147.56,150.43,145.71,148.6,106730800
2022-01-21,149.86,151.01,147.21,147.4,91028700
2022-01-24,146.87,148.55,141.8,145.94,141764200
2022-01-25,144.11,146.03,141.97,143.39,114695000
2022-01-26,143.81,145.65,141.18,142.07,109027700
2022-01-27,143.28,145.6,142.17,142.62,92131800
2022-01-28,142.73,144.16,140.07,144.16,90334000
2022-01-31,143.5,147.16,143.1,146.87,96645400
2022-02-01,147.05,147.45,143.0,144.96,90477400
2022-02-02,144.66,147.03,143.61,146.88,86314500
2022-02-03,145.45,145.9,143.67,143.86,73250400
2022-02-04,143.0,143.68,140.44,142.02,89560900
2022-02-07,142.76,143.23,140.77,142.51,94234500
2022-02-08,142.58,144.72,142.18,142.73,91200000
2022-02-09,143.95,144.09,141.6,142.79,90479100
2022-02-10,140.06,141.45,137.58,137.91,85406700
2022-02-11,138.77,139.62,136.05,137.04,95022700
2022-02-14,137.05,138.37,134.04,135.73,121999500
2022-02-15,136.99,137.19,133.31,134.58,184909500
2022-02-16,134.84,134.88,132.35,134.14,187016900
2022-02-17,135.63,136.76,132.22,135.76,140774400
2022-02-18,134.79,137.05,134.09,135.94,248956900
2022-02-22,134.93,137.03,133.22,135.55,109833500
2022-02-23,136.9,137.59,134.4,134.54,99775400
2022-02-24,132.91,136.66,132.64,136.25,122578300
2022-02-25,137.08,140.08,136.55,140.0,115003700
2022-02-28,139.71,140.26,136.88,138.54,360608300
2022-03-01,138.72,140.48,136.33,138.47,135656600
2022-03-02,138.12,139.86,138.07,139.46,82165100
2022-03-03,139.83,142.73,139.83,142.07,108459000
2022-03-04,142.16,148.03,142.07,147.66,160265200
2022-03-07,148.28,148.53,144.97,145.99,124440600
2022-03-08,144.33,146.08,140.76,141.43,1363175
2022-03-09,143.0,143.75,139.93,141.01,881199
2022-03-10,140.51,140.55,138.59,140.41,958680
2022-03-11,140.59,142.06,138.69,139.44,964547
2022-03-14,140.85,142.08,139.04,139.94,1013421
2022-03-15,142.09,143.34,140.55,142.99,677090
2022-03-16,143.09,143.91,141.32,143.18,985359
2022-03-17,143.15,145.55,142.83,144.35,638433
2022-03-18,144.84,147.4,144.41,145.53,1800667
2022-03-21,144.96,146.65,143.39,143.97,657287
2022-03-22,144.06,144.57,142.37,143.57,876783
2022-03-23,143.65,144.23,142.43,142.67,760210
2022-03-24,143.08,145.1,142.68,145.01,520766
2022-03-25,145.4,146.37,144.72,146.29,507108
2022-03-28,147.16,148.01,146.21,148.01,512713
2022-03-29,149.95,150.87,149.17,150.78,678509
2022-03-30,150.75,152.29,149.48,152.07,715192
2022-03-31,152.01,153.56,151.77,151.78,986903
2022-04-01,151.96,154.93,150.69,154.81,590530
2022-04-04,154.34,154.53,150.94,152.44,607521
2022-04-05,152.73,154.64,152.61,153.71,871282
2022-04-06,153.62,155.36,153.24,154.95,896977
2022-04-07,155.77,157.5,153.68,156.92,822054
2022-04-08,156.84,159.42,155.51,155.76,773106
2022-04-11,155.88,156.62,154.04,155.16,873554
2022-04-12,154.96,156.9,154.28,154.55,776985
2022-04-13,154.55,154.91,152.59,153.26,825638
2022-04-14,153.88,154.66,152.27,152.35,581891
2022-04-18,152.3,153.25,148.08,148.94,635009
2022-04-19,149.36,150.9,148.66,150.72,582258
2022-04-20,152.25,155.08,151.79,153.64,783802
2022-04-21,154.0,155.11,151.46,151.57,942624
2022-04-22,151.74,152.68,149.56,150.56,993106
2022-04-25,151.11,151.13,145.08,147.45,820341
2022-04-26,147.15,148.11,144.79,145.11,726342
2022-04-27,144.32,145.83,143.06,143.26,920995
2022-04-28,143.39,147.93,142.83,147.33,786464
2022-04-29,145.96,146.61,140.96,141.28,1358590
2022-05-02,141.97,142.06,135.3,136.47,1349520
2022-05-03,136.69,140.34,136.58,137.19,1111924
2022-05-04,137.53,140.08,136.57,139.83,852494
2022-05-05,138.96,139.71,134.89,136.03,693532
2022-05-06,134.63,137.21,134.46,136.63,1110011
2022-05-09,135.64,136.25,133.49,134.27,953937
2022-05-10,134.47,136.41,131.36,132.21,1065570
2022-05-11,132.29,134.66,131.83,132.66,1004000
2022-05-12,132.84,134.67,132.38,134.3,1255220
2022-05-13,135.41,136.22,133.64,134.9,710819
2022-05-16,134.78,136.38,134.19,134.43,780847
2022-05-17,135.13,135.13,132.55,134.84,664274
2022-05-18,134.88,135.92,132.55,132.88,676810
2022-05-19,132.68,133.97,131.11,133.59,940307
2022-05-20,134.31,135.07,131.91,134.06,2037997
2022-05-23,135.64,136.87,134.59,136.63,972489
2022-05-24,136.69,137.32,132.74,136.74,1315529
2022-05-25,136.16,136.89,134.75,135.28,677177
2022-05-26,136.64,137.62,136.13,137.06,829711
2022-05-27,137.09,140.07,136.66,139.77,843773
2022-05-31,138.69,139.84,135.68,139.3,1555929
2022-06-01,139.76,141.55,139.34,139.91,1238000
2022-06-02,140.67,143.01,138.31,142.81,812872
2022-06-03,141.88,144.09,141.53,142.89,768678
2022-06-06,143.82,144.84,142.68,142.84,606380
2022-06-07,142.43,144.78,141.43,144.45,828146
2022-06-08,143.54,144.03,140.82,141.46,532004
2022-06-09,141.01,142.61,138.54,138.66,704571
2022-06-10,136.39,137.96,134.56,136.55,845113
2022-06-13,134.3,134.34,129.07,129.54,1044497
2022-06-14,129.59,129.59,121.72,122.92,1299705
2022-06-15,124.05,126.48,121.93,124.35,1061871
2022-06-16,122.1,122.82,119.65,120.54,1070066
2022-06-17,119.41,122.19,119.22,121.42,1640439
2022-06-21,122.4,124.36,121.78,123.81,954097
2022-06-22,122.64,128.0,122.64,126.18,897357
2022-06-23,127.08,133.33,126.86,133.15,1136450
2022-06-24,134.49,136.91,133.24,136.62,1079400
2022-06-27,136.19,137.41,135.43,137.18,881822
2022-06-28,137.31,137.69,133.52,133.63,772716
2022-06-29,134.1,134.71,133.08,134.3,671257
2022-06-30,133.99,137.67,132.66,137.01,923608
2022-07-01,137.7,142.89,137.34,141.3,1477504
2022-07-05,140.68,140.82,136.06,137.82,1228886
2022-07-06,138.5,141.41,137.58,140.21,640615
2022-07-07,140.11,142.1,139.11,141.12,734995
2022-07-08,140.43,141.07,138.84,138.94,437855
2022-07-11,138.52,139.26,136.33,138.3,607203
2022-07-12,137.57,139.93,135.72,136.33,549167
2022-07-13,135.08,137.41,134.67,136.32,599427
2022-07-14,133.51,135.19,133.33,134.96,757329
2022-07-15,136.01,137.16,133.86,136.83,766715
2022-07-18,136.34,136.34,133.46,133.6,645123
2022-07-19,134.78,135.81,134.03,135.17,667221
2022-07-20,135.82,135.82,132.72,133.27,825153
2022-07-21,133.3,134.52,131.99,134.41,942320
2022-07-22,135.22,137.01,134.91,136.51,676492
2022-07-25,136.43,138.1,135.83,137.99,467940
2022-07-26,137.56,138.84,137.08,138.66,683063
2022-07-27,138.83,139.77,137.53,139.31,733597
2022-07-28,139.82,143.25,138.26,143.22,957535
2022-07-29,143.41,144.93,142.88,143.16,777725
2022-08-01,142.51,144.32,142.38,144.25,568691
2022-08-02,145.44,145.89,143.1,143.19,670234
2022-08-03,143.33,145.58,141.48,145.19,754249
2022-08-04,145.38,146.66,143.9,146.1,690036
2022-08-05,145.83,146.01,141.81,143.34,773847
2022-08-08,144.52,145.82,142.48,143.49,565514
2022-08-09,143.79,145.4,143.42,143.69,617978
2022-08-10,145.08,145.67,143.37,144.99,687332
2022-08-11,145.29,146.32,143.42,143.54,602764
2022-08-12,144.53,146.51,144.0,146.43,484590
2022-08-15,146.43,147.8,145.71,147.27,439643
2022-08-16,146.27,147.87,145.71,147.51,495391
2022-08-17,147.14,147.93,146.29,147.0,466802
2022-08-18,147.15,147.41,145.84,146.82,481834
2022-08-19,146.61,147.48,145.62,145.95,619850
2022-08-22,144.82,145.8,142.94,143.52,499543
2022-08-23,143.07,143.07,139.87,141.32,866217
2022-08-24,141.59,142.99,140.82,142.92,777573
2022-08-25,143.27,143.79,142.07,143.65,442943
2022-08-26,144.06,144.06,139.69,139.74,587575
2022-08-29,139.03,141.38,138.42,140.25,424142
2022-08-30,140.54,141.47,138.7,139.18,565739
2022-08-31,140.09,141.13,137.16,137.29,1029497
2022-09-01,137.29,140.13,136.65,140.1,609832
2022-09-02,140.34,141.59,136.21,136.99,717415
2022-09-06,137.16,139.48,136.89,137.27,610683
2022-09-07,138.14,142.18,137.95,141.82,742186
2022-09-08,140.97,143.48,140.24,142.91,592979
2022-09-09,143.67,144.93,142.87,143.26,641842
2022-09-12,143.07,145.29,142.71,145.08,556950
2022-09-13,143.08,143.77,140.08,140.71,832309
2022-09-14,140.56,143.15,140.47,141.95,756305
2022-09-15,141.11,141.15,136.31,136.75,947840
2022-09-16,136.75,138.4,136.08,137.25,1581601
2022-09-19,136.88,137.5,134.83,137.39,598275
2022-09-20,136.15,136.15,133.47,134.51,662289
2022-09-21,135.45,137.37,133.47,133.47,598990
2022-09-22,132.65,133.08,131.45,132.06,468861
2022-09-23,130.7,131.22,128.47,130.32,641818
2022-09-26,129.09,129.72,126.2,127.01,830605
2022-09-27,128.24,128.6,123.63,124.59,691710
2022-09-28,125.96,127.86,124.36,127.09,712357
2022-09-29,125.93,126.77,123.04,123.19,828511
2022-09-30,124.36,124.51,120.15,120.38,1380202
2022-10-03,122.46,125.0,120.96,124.25,980828
2022-10-04,125.0,127.23,124.8,126.26,711685
2022-10-05,124.58,124.67,121.95,123.38,677874
2022-10-06,122.84,123.11,120.8,121.38,1026819
2022-10-07,120.66,120.96,116.47,117.87,1051760
2022-10-10,117.99,119.17,117.5,117.86,759366
2022-10-11,117.46,119.51,117.05,118.12,830158
2022-10-12,118.14,118.14,115.63,116.54,1295922
2022-10-13,114.2,119.75,113.54,119.29,1322370
2022-10-14,120.68,121.83,118.05,118.79,1190329
2022-10-17,120.59,122.62,120.25,121.54,1026391
2022-10-18,123.82,124.86,122.42,124.64,920237
2022-10-19,123.16,123.98,122.11,123.93,950830
2022-10-20,124.27,124.29,119.61,120.17,1324814
2022-10-21,120.81,123.71,119.33,122.78,1292600
2022-10-24,124.27,126.15,123.23,125.74,1014733
2022-10-25,126.31,129.46,126.22,129.06,971020
2022-10-26,129.66,130.65,128.29,128.76,721883
2022-10-27,130.05,132.2,129.71,131.35,1021649
2022-10-28,131.69,135.06,131.69,134.97,845918
2022-10-31,134.96,135.1,133.25,134.42,956330
2022-11-01,136.53,138.18,130.82,131.18,1791822
2022-11-02,131.29,132.73,127.74,127.78,1523932
2022-11-03,126.2,128.65,125.52,127.48,1029041
2022-11-04,128.09,129.15,126.49,128.59,800699
2022-11-07,128.74,128.85,126.01,128.27,718621
2022-11-08,128.01,130.51,127.43,129.9,581843
2022-11-09,129.5,130.53,128.32,129.59,680904
2022-11-10,134.36,137.2,132.26,137.07,969142
2022-11-11,136.75,136.75,132.58,135.61,1403478
2022-11-14,135.67,137.13,134.5,134.5,787545
2022-11-15,135.83,136.76,134.45,135.69,708876
2022-11-16,135.89,137.45,135.52,136.64,767859
2022-11-17,135.02,135.88,131.8,132.74,773783
2022-11-18,134.38,136.69,133.8,136.33,868524
2022-11-21,136.89,139.69,136.79,137.26,739018
2022-11-22,137.72,139.22,136.61,137.73,561167
2022-11-23,137.65,140.76,137.65,140.55,743671
2022-11-25,141.21,142.51,140.79,142.08,351534
2022-11-28,140.7,141.07,138.71,139.15,704849
2022-11-29,138.19,138.34,135.98,136.72,533573
2022-11-30,136.4,141.18,136.2,141.02,1467381
2022-12-01,142.63,144.52,141.57,143.11,811807
2022-12-02,141.55,143.61,140.84,142.86,584492
2022-12-05,141.53,142.81,141.05,142.34,589454
2022-12-06,142.17,144.34,141.9,143.73,887618
2022-12-07,143.74,144.93,142.05,142.91,589629
2022-12-08,142.73,144.46,142.28,144.41,557074
2022-12-09,143.56,145.83,143.56,145.09,678936
2022-12-12,146.45,146.51,144.13,145.88,995579
2022-12-13,148.56,150.45,145.24,147.92,783287
2022-12-14,148.09,149.78,145.95,147.14,678227
2022-12-15,146.63,147.16,144.37,145.35,675722
2022-12-16,143.86,144.7,140.13,141.61,1919331
2022-12-19,141.25,143.07,140.02,140.76,686286
2022-12-20,140.55,140.94,139.04,139.63,991261
2022-12-21,140.02,142.07,139.7,141.73,598695
2022-12-22,140.96,141.61,138.54,141.18,539886
2022-12-23,141.24,142.39,140.97,142.19,440296
2022-12-27,141.87,143.94,141.19,143.36,392757
2022-12-28,143.73,144.54,141.79,142.28,580616
2022-12-29,143.15,144.53,142.76,143.82,476686
2022-12-30,143.59,143.76,140.3,141.63,550718
2023-01-03,142.89,144.04,140.99,143.19,640784
2023-01-04,144.53,147.24,143.77,146.05,668733
2023-01-05,144.84,146.12,143.01,143.72,975693
2023-01-06,144.2,147.82,144.2,147.06,541245
2023-01-09,146.66,149.85,146.27,147.23,789679
2023-01-10,146.94,149.71,146.32,149.39,715747
2023-01-11,149.6,150.9,148.73,150.0,854319
2023-01-12,149.81,149.83,147.8,148.14,569439
2023-01-13,146.99,148.48,146.68,147.63,537755
2023-01-17,147.58,148.05,145.44,146.11,814561
2023-01-18,146.97,147.24,141.3,141.88,786684
2023-01-19,141.97,142.14,139.5,139.56,493571
2023-01-20,139.3,140.92,137.67,140.81,756553
2023-01-23,140.22,141.77,138.54,140.28,643878
2023-01-24,139.81,143.77,139.4,143.6,656617
2023-01-25,142.79,144.62,141.84,144.5,847973
2023-01-26,144.12,145.32,143.37,145.14,812670
2023-01-27,144.62,146.72,144.51,145.91,759139
2023-01-30,145.54,147.24,143.96,144.03,813163
2023-01-31,144.32,145.41,143.21,145.41,967386
2023-02-01,144.93,148.2,144.22,147.39,962875
2023-02-02,148.13,151.08,146.84,149.23,925470
2023-02-03,147.7,148.63,144.12,145.53,1316777
2023-02-06,144.68,146.04,144.44,145.95,1156819
2023-02-07,145.02,145.88,143.17,145.07,1006061
2023-02-08,144.64,144.79,140.31,140.62,1652771
2023-02-09,141.25,142.9,138.69,139.09,916072
2023-02-10,139.1,140.41,137.89,140.39,825626
2023-02-13,140.95,142.21,140.47,141.57,746123
2023-02-14,141.3,141.77,138.56,139.33,845826
2023-02-15,138.69,139.56,138.24,139.27,690157
2023-02-16,137.04,138.0,134.51,137.6,1445343
2023-02-17,137.32,140.58,136.71,139.61,2711318
2023-02-21,138.61,138.97,137.47,137.79,1106583
2023-02-22,138.22,138.74,136.52,136.87,633019
2023-02-23,137.17,137.51,133.95,134.24,1018187
2023-02-24,132.54,132.94,130.96,132.09,917745
2023-02-27,133.05,134.41,129.89,130.43,1159775
2023-02-28,129.76,132.37,129.25,130.99,2130324
2023-03-01,127.65,131.19,127.56,128.9,6564897
2023-03-02,128.7,130.28,128.44,129.3,5301148
2023-03-03,129.99,131.25,128.62,130.36,2557491
2023-03-06,130.64,131.83,129.9,130.56,1368887
2023-03-07,130.73,131.06,127.02,127.96,1136429
2023-03-08,126.96,129.22,126.76,129.0,867545
2023-03-09,128.95,129.27,126.18,126.79,1272867
2023-03-10,127.5,128.04,123.99,124.71,1489590
2023-03-13,124.78,130.4,124.28,127.25,1660650
2023-03-14,128.98,129.44,126.52,128.47,1417672
2023-03-15,128.19,131.84,127.03,131.23,1523414
2023-03-16,131.27,133.41,130.46,133.11,1416572
2023-03-17,132.52,132.73,130.62,132.33,2613821
2023-03-20,132.63,133.55,132.25,133.03,1793694
2023-03-21,132.88,133.2,127.66,129.58,1431617
2023-03-22,129.12,130.73,127.24,127.26,1058400
2023-03-23,127.08,128.98,126.47,127.58,1105752
2023-03-24,128.1,132.44,127.65,132.36,837643
2023-03-27,133.3,134.11,131.53,132.21,861235
2023-03-28,131.81,133.65,131.35,131.78,675450
2023-03-29,132.4,134.76,132.4,134.5,608827
2023-03-30,134.76,136.25,134.56,136.14,766910
2023-03-31,136.68,137.41,134.87,136.7,1060654
2023-04-03,135.36,136.71,134.38,135.72,583230
2023-04-04,135.86,137.91,135.51,137.29,818293
2023-04-05,138.26,140.76,137.47,140.17,905728
2023-04-06,140.9,142.13,140.36,141.72,1059265
2023-04-10,140.81,141.77,138.51,141.74,925607
2023-04-11,141.24,142.12,140.7,141.89,665038
2023-04-12,142.67,143.17,140.6,140.74,865312
2023-04-13,140.23,141.88,139.15,141.84,972872
2023-04-14,140.13,141.32,138.53,139.69,798478
2023-04-17,140.42,140.9,138.68,139.82,661765
2023-04-18,139.8,140.24,137.53,138.2,664295
2023-04-19,138.7,139.9,138.36,139.05,552553
2023-04-20,139.1,139.63,137.8,139.62,649023
2023-04-21,140.43,141.65,139.63,140.84,837071
2023-04-24,140.94,142.22,140.12,141.38,988346
2023-04-25,142.04,142.76,141.59,142.23,825343
2023-04-26,140.6,141.88,138.92,139.08,805817
2023-04-27,138.25,139.27,134.82,138.53,1054469
2023-04-28,138.44,140.18,137.49,138.34,770035
2023-05-01,138.23,138.53,136.77,136.79,607551
2023-05-02,136.46,137.73,135.22,136.93,826697
2023-05-03,137.84,139.15,136.49,136.7,591945
2023-05-04,137.16,138.46,136.3,137.94,642546
2023-05-05,137.6,138.94,137.28,138.51,548423
2023-05-08,138.48,139.54,137.2,138.27,560020
2023-05-09,138.33,138.72,137.46,138.66,705775
2023-05-10,139.62,140.82,138.9,140.4,967455
2023-05-11,140.64,140.67,138.78,140.1,753104
2023-05-12,140.97,141.81,139.87,140.43,850230
2023-05-15,141.04,141.07,137.83,138.36,594167
2023-05-16,137.98,138.26,134.98,135.68,789552
2023-05-17,135.87,135.96,134.23,134.66,738378
2023-05-18,133.62,133.96,131.73,132.89,719698
2023-05-19,133.64,134.17,132.57,132.63,727454
2023-05-22,132.68,135.49,132.48,134.62,1180627
2023-05-23,134.19,136.02,133.89,134.55,952232
2023-05-24,134.64,135.51,133.86,134.24,684619
2023-05-25,134.44,134.5,132.71,133.57,864113
2023-05-26,133.97,134.57,133.01,134.51,879295
2023-05-30,135.02,136.52,134.11,134.27,801690
2023-05-31,134.39,135.58,133.0,135.44,2454132
2023-06-01,135.44,135.5,133.36,134.62,1088018
2023-06-02,133.92,137.06,133.47,136.7,917368
2023-06-05,136.32,137.76,135.6,136.81,665776
2023-06-06,137.49,137.49,135.73,135.76,588391
2023-06-07,135.26,138.03,134.05,137.91,731035
2023-06-08,137.05,138.25,136.56,137.95,631688
2023-06-09,138.32,138.56,136.29,137.51,866180
2023-06-12,137.96,138.28,135.65,136.92,867249
2023-06-13,136.17,137.33,135.69,137.23,672102
2023-06-14,137.58,138.94,136.83,137.0,797836
2023-06-15,137.53,139.46,135.87,138.85,711895
2023-06-16,138.91,140.67,138.91,139.69,2041868
2023-06-20,139.06,139.6,137.03,138.87,930308
2023-06-21,138.58,139.4,136.61,139.37,734515
2023-06-22,139.8,139.8,138.41,139.24,744623
2023-06-23,139.52,140.12,136.26,136.67,975860
2023-06-26,135.68,136.16,131.11,131.49,2613979
2023-06-27,131.47,134.22,130.63,133.97,2290301
2023-06-28,133.87,133.87,131.27,132.19,1308635
2023-06-29,131.26,132.67,130.34,131.71,969544
2023-06-30,131.97,133.93,131.47,133.85,1088339
2023-07-03,133.62,135.08,132.81,134.99,511744
2023-07-05,134.12,137.65,134.06,135.77,1228909
2023-07-06,134.79,135.19,133.23,133.54,941333
2023-07-07,132.53,133.39,131.94,132.26,619490
2023-07-10,131.86,132.62,131.0,131.83,717607
2023-07-11,131.85,133.66,131.65,133.64,717385
2023-07-12,134.7,136.86,133.79,136.37,890441
2023-07-13,136.06,136.46,135.47,136.38,823712
2023-07-14,136.16,137.34,135.36,137.09,762794
2023-07-17,136.15,136.86,135.06,135.09,756380
2023-07-18,134.84,136.32,132.55,133.75,1143167
2023-07-19,134.6,136.38,134.43,135.0,1100889
2023-07-20,135.06,138.23,134.24,137.78,730548
2023-07-21,138.25,140.04,137.78,139.54,752276
2023-07-24,139.63,139.71,137.49,138.51,678633
2023-07-25,138.11,139.31,137.66,139.02,867969
2023-07-26,138.31,140.08,137.87,138.56,793120
2023-07-27,141.21,141.79,138.11,139.23,1719011
2023-07-28,140.14,140.17,137.26,137.78,1017973
2023-07-31,138.04,138.96,137.62,138.24,994180
2023-08-01,137.98,138.41,135.36,135.45,970119
2023-08-02,134.75,136.95,134.65,136.59,794831
2023-08-03,135.94,136.22,133.27,133.27,699379
2023-08-04,133.48,134.22,132.4,133.12,1024888
2023-08-07,133.38,134.66,133.38,133.92,679160
2023-08-08,134.53,134.53,132.48,133.88,911691
2023-08-09,133.47,134.84,132.24,132.35,859183
2023-08-10,132.83,133.62,130.97,131.44,666154
2023-08-11,131.4,132.41,131.03,132.12,461308
2023-08-14,132.07,134.22,130.99,133.95,1722262
2023-08-15,133.18,133.69,132.54,132.58,1115890
2023-08-16,133.12,133.28,131.63,131.95,861124
2023-08-17,132.31,133.19,130.21,130.23,604435
2023-08-18,130.03,131.82,130.03,130.95,2192076
2023-08-21,130.34,131.03,128.71,129.56,650436
2023-08-22,129.53,130.85,128.91,130.42,594560
2023-08-23,131.74,131.97,130.75,131.5,577585
2023-08-24,131.32,132.78,129.91,130.28,587532
2023-08-25,130.96,132.75,130.75,132.32,638338
2023-08-28,132.75,133.14,131.98,132.05,424944
2023-08-29,131.99,132.24,130.98,132.0,583013
2023-08-30,132.21,133.6,131.31,131.49,578272
2023-08-31,132.04,132.46,130.65,130.74,1301429
2023-09-01,131.52,131.84,128.46,129.86,681596
2023-09-05,129.43,129.76,127.37,128.52,896921
2023-09-06,128.98,129.51,127.25,127.91,801886
2023-09-07,128.57,130.14,127.99,129.77,727473
2023-09-08,129.86,130.08,129.02,129.79,999327
2023-09-11,129.51,131.17,129.51,130.25,553785
2023-09-12,130.3,130.66,129.24,129.63,999633
2023-09-13,129.23,131.94,129.21,131.28,925630
2023-09-14,131.87,133.01,131.73,132.85,875254
2023-09-15,132.25,132.85,130.38,130.89,2180992
2023-09-18,131.04,131.16,129.76,130.44,782156
2023-09-19,130.02,130.23,129.33,129.64,941839
2023-09-20,130.43,131.0,128.94,129.29,711193
2023-09-21,128.65,129.08,125.83,125.85,1001306
2023-09-22,125.8,125.95,124.47,124.63,1071897
2023-09-25,124.01,125.2,123.84,125.05,897154
2023-09-26,124.65,125.56,122.16,122.17,1166647
2023-09-27,121.88,122.53,118.9,119.06,1426614
2023-09-28,119.55,119.55,115.95,116.46,2229728
2023-09-29,117.99,118.08,115.22,116.69,1962358
2023-10-02,115.91,116.23,112.11,112.85,1688724
2023-10-03,112.28,112.33,108.74,110.25,2451274
2023-10-04,111.2,112.59,109.15,112.47,1565189
2023-10-05,112.26,112.96,111.06,111.89,1105036
2023-10-06,110.25,112.42,109.0,112.0,1240675
2023-10-09,111.85,113.86,111.64,113.84,1089309
2023-10-10,113.9,115.66,113.79,114.83,1222220
2023-10-11,115.62,116.26,113.6,115.17,955963
2023-10-12,114.37,114.95,111.09,111.51,1390057
2023-10-13,111.51,113.5,110.19,111.23,1720110
2023-10-16,111.68,113.12,110.29,113.06,1628823
2023-10-17,112.11,113.48,111.89,113.36,1404532
2023-10-18,113.17,113.54,109.75,111.33,1541079
2023-10-19,110.71,112.31,110.15,110.27,1376779
2023-10-20,110.07,110.96,108.97,109.12,1340031
2023-10-23,108.01,110.07,107.66,108.84,1054691
2023-10-24,110.1,111.68,109.56,110.98,996416
2023-10-25,110.53,110.53,109.0,109.78,1049024
2023-10-26,110.37,112.22,110.24,111.22,966556
2023-10-27,110.92,111.21,109.22,109.68,843928
2023-10-30,109.95,110.84,108.86,109.98,1178922
2023-10-31,110.27,111.31,109.61,110.87,1452342
2023-11-01,110.81,112.56,109.3,111.95,1426193
2023-11-02,113.31,117.94,113.31,117.31,1883628
2023-11-03,119.83,123.91,119.58,122.54,2506503
2023-11-06,122.58,123.68,119.92,120.22,1236148
2023-11-07,121.28,122.67,119.32,119.55,1186393
2023-11-08,119.25,119.25,118.11,118.87,831052
2023-11-09,119.13,119.28,116.8,117.11,929145
2023-11-10,117.78,117.78,115.85,116.38,981190
2023-11-13,116.02,116.41,114.78,115.43,930633
2023-11-14,119.85,123.13,119.34,122.96,1584165
2023-11-15,123.06,124.69,121.18,123.64,1508478
2023-11-16,124.84,126.05,124.0,124.15,1346106
2023-11-17,124.68,125.25,123.81,125.2,1161492
2023-11-20,124.02,125.09,122.73,123.84,1465812
2023-11-21,124.13,124.87,123.33,124.0,1093084
2023-11-22,124.85,125.45,123.6,123.65,1021871
2023-11-24,123.54,125.16,123.29,125.16,595681
2023-11-27,124.77,125.33,123.78,123.92,1244936
2023-11-28,123.58,124.87,123.19,123.83,1048303
2023-11-29,124.57,125.61,123.67,124.36,960503
2023-11-30,124.88,125.97,124.05,124.95,2075571
2023-12-01,124.7,126.46,123.81,126.28,1063847
2023-12-04,125.04,126.83,124.89,126.18,801964
2023-12-05,125.92,126.06,123.77,124.52,814186
2023-12-06,125.3,126.09,124.83,125.77,720005
2023-12-07,126.09,126.48,124.88,125.63,790896
2023-12-08,125.25,125.3,124.07,124.49,714782
2023-12-11,123.56,124.51,122.99,123.88,1037122
2023-12-12,124.08,124.26,123.21,124.18,1144202
2023-12-13,124.27,128.09,123.21,128.02,1414890
2023-12-14,129.56,130.25,126.76,127.46,1253565
2023-12-15,126.17,126.86,123.63,124.87,2258357
2023-12-18,124.94,125.61,123.49,124.03,1026051
2023-12-19,124.4,125.71,124.1,125.69,938531
2023-12-20,125.5,126.91,123.92,123.97,1054169
2023-12-21,124.65,125.54,123.68,124.63,597652
2023-12-22,125.27,126.0,124.25,124.69,654427
2023-12-26,124.77,125.88,124.49,125.36,515874
2023-12-27,125.24,126.02,124.8,125.32,571394
2023-12-28,124.36,126.32,124.36,126.03,604409
2023-12-29,125.55,126.15,124.54,125.09,800867
2024-01-02,124.34,127.02,123.94,126.53,1132395
2024-01-03,126.24,126.99,125.52,126.53,998796
2024-01-04,126.31,126.72,124.57,124.88,816379
2024-01-05,124.49,125.95,123.6,125.0,862070
2024-01-08,124.61,126.18,123.9,126.09,1026410
2024-01-09,125.39,127.8,124.89,125.81,1201967
2024-01-10,126.15,127.28,125.84,126.64,614016
2024-01-11,126.36,126.6,123.64,124.66,878572
2024-01-12,125.39,126.1,124.84,125.3,673155
2024-01-16,124.54,125.83,123.5,123.6,800833
2024-01-17,122.22,124.05,120.79,121.71,1301185
2024-01-18,121.3,121.42,118.86,119.26,1083265
2024-01-19,119.46,119.65,117.98,118.75,1301186
2024-01-22,118.87,120.97,118.75,120.23,1137242
2024-01-23,120.79,121.33,119.08,119.66,1247760
2024-01-24,120.49,120.64,115.04,115.57,1279615
2024-01-25,116.61,117.51,115.84,117.5,1196342
2024-01-26,118.09,118.46,116.52,116.72,748986
2024-01-29,117.97,119.75,116.0,119.18,1252053
2024-01-30,118.5,118.92,117.48,117.9,1056936
2024-01-31,118.95,119.97,116.72,117.54,1607733
2024-02-01,117.39,118.81,116.5,118.7,1148411
2024-02-02,116.83,118.43,115.88,116.92,1201212
2024-02-05,115.58,116.12,114.85,115.17,1205865
2024-02-06,115.02,116.47,114.31,116.12,1375825
2024-02-07,116.64,117.25,115.7,116.25,1372673
2024-02-08,115.94,116.31,114.92,116.14,1269170
2024-02-09,115.75,116.89,115.39,116.49,1231231
2024-02-12,116.45,118.06,115.87,117.86,1301881
2024-02-13,116.03,116.63,113.42,114.18,1789739
2024-02-14,114.39,115.32,113.67,114.85,1462681
2024-02-15,116.61,118.53,114.98,118.45,1749524
2024-02-16,116.49,117.44,115.2,117.08,2007924
2024-02-20,116.39,117.47,114.86,115.5,2187466
2024-02-21,115.47,116.3,114.78,116.04,2828396
2024-02-22,115.76,116.0,112.31,114.09,2401556
2024-02-23,113.95,114.3,112.79,113.4,1671990
2024-02-26,113.28,113.28,111.25,111.94,1944049
2024-02-27,111.85,112.79,111.56,112.52,1464378
2024-02-28,112.7,113.64,111.97,112.4,1443675
2024-02-29,113.24,113.83,111.96,113.0,2159168
2024-03-01,112.66,114.75,111.39,114.09,1789503
2024-03-04,113.36,116.19,113.28,116.02,1274044
2024-03-05,116.18,116.69,113.03,113.69,1479100
2024-03-06,114.54,115.27,113.78,114.69,1313759
2024-03-07,113.97,114.79,112.56,113.07,2097369
2024-03-08,114.33,114.39,112.33,112.91,2312660
2024-03-11,112.55,115.41,112.55,114.71,1574522
2024-03-12,113.95,115.09,112.71,113.61,1821090
2024-03-13,113.42,115.88,113.12,114.91,1293502
2024-03-14,114.51,115.01,111.97,112.94,1354887
2024-03-15,111.55,112.87,111.2,111.67,4764655
2024-03-18,111.68,112.69,110.94,111.75,1394511
2024-03-19,112.24,112.8,111.47,112.49,1061055
2024-03-20,112.26,112.64,111.25,112.57,1134351
2024-03-21,113.42,114.56,112.55,112.69,1025956
2024-03-22,113.5,113.5,111.86,112.25,906071
2024-03-25,112.38,112.95,111.53,111.67,1082988
2024-03-26,111.52,112.4,111.14,112.33,1739750
2024-03-27,113.01,116.03,112.46,115.82,1805146
2024-03-28,116.0,116.66,114.81,116.5,2004209
2024-04-01,116.72,116.78,113.95,114.68,913897
2024-04-02,114.5,115.8,113.27,113.97,1183148
2024-04-03,113.62,114.18,112.73,113.37,1101351
2024-04-04,114.49,115.31,113.69,114.76,1272608
2024-04-05,113.67,114.42,112.34,112.98,1109007
2024-04-08,113.29,114.83,113.1,114.41,1217020
2024-04-09,115.14,116.5,114.57,116.16,1492928
2024-04-10,113.43,113.75,111.56,112.78,2354580
2024-04-11,113.65,114.01,111.44,112.32,1697256
2024-04-12,112.36,112.36,110.55,111.12,1072122
2024-04-15,111.27,111.94,109.75,110.56,1862849
2024-04-16,110.06,110.06,108.05,108.5,2331081
2024-04-17,108.52,110.36,108.23,110.01,1902807
2024-04-18,110.69,112.08,109.71,111.87,1399827
2024-04-19,112.43,113.81,112.15,112.98,1874555
2024-04-22,113.06,114.19,112.17,113.69,1247628
2024-04-23,113.74,114.92,113.46,114.27,1255475
2024-04-24,113.24,115.98,112.63,115.69,1297995
2024-04-25,115.7,116.65,114.33,115.87,1404208
2024-04-26,116.0,116.5,115.12,115.14,1058519
2024-04-29,116.04,116.84,115.99,116.57,2486241
2024-04-30,115.83,117.35,115.34,116.61,1325075
2024-05-01,116.42,119.97,116.39,119.28,2712491
2024-05-02,117.95,120.2,116.68,120.07,2778751
2024-05-03,121.85,122.83,121.28,122.73,1735768
2024-05-06,123.56,124.3,122.22,124.17,1479489
2024-05-07,125.17,126.27,124.01,125.66,1597727
2024-05-08,125.26,126.79,125.07,126.66,1417915
2024-05-09,126.66,128.48,126.0,128.1,1308683
2024-05-10,128.53,129.37,128.13,129.17,1763571
2024-05-13,129.42,129.93,127.77,128.25,852532
2024-05-14,129.25,129.42,127.37,127.63,1060894
2024-05-15,129.18,129.52,127.58,128.22,1281741
2024-05-16,127.89,129.04,127.59,128.72,1248229
2024-05-17,128.59,128.59,127.64,128.23,924165
2024-05-20,128.27,128.44,126.99,128.05,913972
2024-05-21,128.07,128.82,127.33,128.8,715990
2024-05-22,128.56,129.03,127.65,128.22,1495438
2024-05-23,127.35,127.35,123.09,123.28,1031845
2024-05-24,123.37,123.6,122.31,122.93,830758
2024-05-28,122.75,123.64,120.81,121.02,1164681
2024-05-29,119.85,120.11,118.57,118.98,987799
2024-05-30,119.43,121.14,118.98,121.06,886781
2024-05-31,121.62,125.53,121.39,125.36,3003142
2024-06-03,125.71,126.75,124.63,125.36,1186025
2024-06-04,125.36,127.65,124.86,127.33,1134847
2024-06-05,127.14,127.14,125.69,126.23,861086
2024-06-06,125.68,126.69,124.75,125.22,797867
2024-06-07,123.92,124.2,122.85,122.95,1096066
2024-06-10,122.71,123.52,122.06,123.24,1185307
2024-06-11,122.25,123.54,121.84,122.63,1050547
2024-06-12,125.17,125.47,122.75,122.83,846702
2024-06-13,122.8,124.56,121.93,123.88,947213
2024-06-14,123.1,124.33,122.17,123.95,953785
2024-06-17,122.98,124.65,122.09,123.4,781879
2024-06-18,122.89,125.25,122.83,125.08,1085222
2024-06-20,125.1,125.58,124.1,124.87,1061582
2024-06-21,124.89,126.25,124.11,125.14,1960281
2024-06-24,125.42,127.84,125.29,126.72,802053
2024-06-25,126.83,126.88,123.88,124.02,782369
2024-06-26,123.08,124.39,122.83,124.22,691111
2024-06-27,123.95,124.12,122.69,123.92,662054
2024-06-28,124.39,124.55,122.97,123.82,1201891
2024-07-01,124.13,125.55,121.94,122.48,767267
2024-07-02,122.78,124.43,122.52,123.15,665363
2024-07-03,123.28,124.51,122.56,122.67,402683
2024-07-05,123.31,124.8,121.95,124.63,713906
2024-07-08,124.96,125.4,124.31,124.55,874614
2024-07-09,124.18,125.88,123.54,125.31,698189
2024-07-10,125.81,126.97,125.45,126.76,681957
2024-07-11,127.94,131.55,127.73,130.59,1251035
2024-07-12,131.29,134.93,131.1,133.33,1207417
2024-07-15,132.53,132.83,130.6,130.69,794673
2024-07-16,131.57,133.46,131.16,133.33,670059
2024-07-17,133.8,137.53,133.33,136.64,1190632
2024-07-18,135.88,138.29,134.71,135.5,835243
2024-07-19,135.65,136.23,134.57,135.32,856018
2024-07-22,135.08,136.37,134.74,135.94,545873
2024-07-23,135.46,135.95,134.44,134.68,573633
2024-07-24,135.28,137.48,134.92,136.51,987140
2024-07-25,137.09,138.33,133.54,134.31,1009077
2024-07-26,135.26,136.47,134.57,135.85,645036
2024-07-29,136.12,136.13,134.12,135.51,748286
2024-07-30,135.58,137.97,135.58,137.73,848283
2024-07-31,135.82,137.08,135.5,136.47,1123995
2024-08-01,137.08,139.46,136.25,138.53,1109124
2024-08-02,141.0,142.03,138.07,141.26,1210560
2024-08-05,142.83,142.84,136.8,136.82,1299229
2024-08-06,138.19,139.63,137.04,137.66,1132177
2024-08-07,137.94,140.35,137.69,137.84,797593
2024-08-08,137.5,140.53,137.24,138.73,1188272
2024-08-09,138.86,139.01,134.47,136.4,1057111
2024-08-12,136.23,136.88,135.26,136.66,676711
2024-08-13,137.32,137.56,136.11,136.28,873327
2024-08-14,135.9,137.64,135.1,136.55,562395
2024-08-15,136.18,137.83,135.51,136.9,883670
2024-08-16,137.03,137.54,135.57,135.88,643659
2024-08-19,136.07,136.94,135.97,136.45,457857
2024-08-20,136.61,136.97,135.86,136.16,520577
2024-08-21,135.99,136.28,134.97,135.68,632910
2024-08-22,135.59,136.05,133.87,134.96,771941
2024-08-23,135.34,136.05,134.51,135.34,521426
2024-08-26,136.1,137.11,135.43,135.96,418788
2024-08-27,135.43,136.6,134.64,135.1,553083
2024-08-28,135.74,138.16,134.76,136.65,983117
2024-08-29,136.73,137.26,135.64,136.69,811314
2024-08-30,137.05,138.33,135.96,137.95,1833474
2024-09-03,137.69,139.99,137.37,138.29,914521
2024-09-04,138.62,140.44,137.82,138.94,832592
2024-09-05,139.84,140.13,138.76,139.29,702491
2024-09-06,139.67,140.3,138.37,138.74,871870
2024-09-09,138.84,140.78,138.43,140.73,837676
2024-09-10,141.14,143.18,140.58,142.84,958103
2024-09-11,142.41,142.63,139.52,141.72,1052918
2024-09-12,141.58,142.39,140.21,141.81,706820
2024-09-13,142.2,142.83,141.3,142.78,738103
2024-09-16,143.56,144.37,143.15,143.7,714239
2024-09-17,143.7,145.23,143.45,144.48,1028042
2024-09-18,144.08,144.73,142.76,143.56,1183226
2024-09-19,142.86,143.88,141.83,143.69,1190606
2024-09-20,143.69,143.74,140.47,141.91,3350380
2024-09-23,142.54,143.71,141.83,142.21,814898
2024-09-24,141.19,142.64,139.62,139.8,1838831
2024-09-25,140.43,140.73,138.21,138.91,1082264
2024-09-26,138.08,138.96,137.42,138.0,938628
2024-09-27,139.13,140.39,138.93,139.69,796620
2024-09-30,139.99,140.99,138.35,140.95,1791166
2024-10-01,141.18,141.89,139.92,140.41,1003932
2024-10-02,139.37,141.67,139.06,140.82,1324517
2024-10-03,140.61,140.96,139.27,139.45,847631
2024-10-04,138.16,138.93,136.59,137.42,853596
2024-10-07,136.92,136.92,130.79,132.04,1689176
2024-10-08,132.75,133.43,132.23,132.42,918738
2024-10-09,131.94,132.82,130.6,131.26,857934
2024-10-10,128.77,131.84,128.77,131.3,876442
2024-10-11,132.05,133.97,131.72,133.85,689286
2024-10-14,134.21,135.63,133.96,135.3,597674
2024-10-15,135.32,137.51,135.25,136.1,833797
2024-10-16,136.2,137.68,136.17,137.43,651607
2024-10-17,137.14,137.35,135.16,135.7,585710
2024-10-18,135.91,137.06,134.06,136.83,818528
2024-10-21,136.81,137.63,135.62,135.95,564938
2024-10-22,134.55,135.89,133.91,135.66,888857
2024-10-23,136.15,137.51,135.97,136.98,1290045
2024-10-24,137.24,137.8,134.69,134.75,712508
2024-10-25,135.19,135.19,132.6,132.68,592318
2024-10-28,133.87,134.84,133.19,133.77,564825
2024-10-29,132.55,133.14,130.84,130.89,1054627
2024-10-30,131.32,131.96,130.63,130.79,1329864
2024-10-31,132.86,134.93,130.12,133.12,1544564
2024-11-01,133.35,133.87,131.06,131.08,1044446
2024-11-04,131.52,131.53,129.16,130.41,1569047
2024-11-05,130.76,132.17,129.68,132.15,911545
2024-11-06,128.91,130.71,126.77,128.75,2141197
2024-11-07,128.96,129.76,127.89,128.04,1260214
2024-11-08,128.92,131.4,128.68,131.17,1076188
2024-11-11,130.42,131.6,129.64,129.9,926780
2024-11-12,129.77,129.77,128.18,128.38,932799
2024-11-13,129.29,129.87,127.72,128.38,1260330
2024-11-14,128.82,129.32,127.85,127.98,980565
2024-11-15,128.18,130.27,127.72,130.12,1590378
2024-11-18,129.38,132.7,129.1,132.49,1373948
2024-11-19,133.81,134.16,132.02,133.97,1585000
2024-11-20,134.38,134.91,133.39,133.67,1096537
2024-11-21,134.18,134.82,132.51,134.54,953026
2024-11-22,134.73,135.43,132.83,133.11,1207697
2024-11-25,134.03,135.1,132.19,132.55,4339223
2024-11-26,132.57,133.44,130.96,133.38,1332914
2024-11-27,134.12,135.22,133.7,134.07,746698
2024-11-29,133.5,134.34,132.58,132.75,593793
2024-12-02,133.24,133.32,130.9,131.45,1000034
2024-12-03,131.97,132.62,129.97,129.99,1455789
2024-12-04,129.89,130.22,126.42,127.0,1876588
2024-12-05,127.19,128.49,126.19,128.06,1050177
2024-12-06,127.79,128.72,127.09,128.32,1308021
2024-12-09,127.93,128.74,126.54,126.72,1229395
2024-12-10,126.72,127.75,124.82,126.97,838106
2024-12-11,126.82,127.56,126.03,126.35,822552
2024-12-12,126.4,127.79,125.64,126.55,739246
2024-12-13,126.24,126.53,125.37,125.62,747829
2024-12-16,125.51,126.93,124.78,124.96,856440
2024-12-17,124.33,127.15,124.28,125.22,1114101
2024-12-18,124.27,124.82,120.59,120.62,1750030
2024-12-19,120.09,121.61,120.04,120.04,1368581
2024-12-20,118.95,122.44,118.95,122.06,3327563
2024-12-23,121.46,122.18,120.4,122.12,956233
2024-12-24,121.4,122.38,120.9,121.88,470068
2024-12-26,121.33,122.72,120.99,122.3,643742
2024-12-27,121.69,122.69,120.93,121.45,703755
2024-12-30,120.74,121.06,119.63,120.44,793184
2024-12-31,120.72,121.31,120.06,120.68,1015988
2025-01-02,121.76,121.92,119.89,120.07,719078
2025-01-03,120.25,121.29,119.86,119.98,728531
2025-01-06,119.18,119.27,117.04,118.24,1044422
2025-01-07,118.58,119.47,117.51,117.91,759099
2025-01-08,117.19,118.95,116.05,118.86,972713
2025-01-10,118.02,119.07,117.22,117.41,1308987
2025-01-13,117.65,118.14,115.1,117.31,1548135
2025-01-14,117.44,118.98,117.33,118.77,773461
2025-01-15,120.78,121.2,118.9,119.75,1279097
2025-01-16,119.47,122.53,119.04,122.49,970627
2025-01-17,122.21,123.54,121.99,122.72,1003495
2025-01-21,123.29,124.46,122.14,122.46,1036068
2025-01-22,122.1,122.92,117.78,117.95,1289387
2025-01-23,117.96,118.17,116.94,118.08,1202112
2025-01-24,117.78,118.68,117.59,117.91,786354
2025-01-27,118.96,126.23,118.84,125.97,2271488
2025-01-28,124.23,124.85,121.85,122.46,1417875
2025-01-29,122.67,123.16,119.69,120.45,890534
2025-01-30,121.31,122.13,119.13,119.87,1646160
2025-01-31,119.87,121.13,119.55,120.82,1073086
2025-02-03,120.53,122.58,119.72,121.91,1112011
2025-02-04,120.93,121.09,119.49,120.06,1353846
2025-02-05,120.91,121.17,119.33,119.83,889688
2025-02-06,120.0,120.42,119.29,120.18,794710
2025-02-07,119.79,120.44,118.91,119.48,776187
2025-02-10,119.49,120.32,118.42,120.08,828764
2025-02-11,119.47,122.17,119.19,122.01,1230797
2025-02-12,120.62,122.24,119.95,121.95,1541186
2025-02-13,121.78,123.79,121.41,123.75,3304626
2025-02-14,123.88,124.33,121.97,122.57,1698820
2025-02-18,121.79,124.36,121.4,124.05,1345830
2025-02-19,123.61,125.05,123.35,124.72,1805870
2025-02-20,126.81,128.57,123.5,125.51,1831613
2025-02-21,125.05,130.53,125.02,129.42,2116815
2025-02-24,129.59,131.87,127.37,130.31,1789197
2025-02-25,130.88,135.32,129.78,133.88,2203953
2025-02-26,133.15,134.46,130.71,131.74,1188733
2025-02-27,130.15,132.83,129.9,130.73,1179958
2025-02-28,132.71,134.18,131.25,132.63,2339981
2025-03-03,131.87,136.21,131.78,136.14,1192640
2025-03-04,136.24,138.61,135.29,135.78,2385942
2025-03-05,134.78,136.85,133.89,134.43,1468597
2025-03-06,134.87,135.53,131.93,134.78,1441629
2025-03-07,135.4,142.4,135.2,141.83,2702907
2025-03-10,142.59,148.33,142.21,145.64,3047547
2025-03-11,145.13,145.37,139.74,139.91,1772227
2025-03-12,137.91,139.22,135.51,137.4,1919522
2025-03-13,137.98,140.05,136.62,139.04,1598843
2025-03-14,138.62,141.16,138.24,140.77,1386781
2025-03-17,140.86,143.16,139.5,141.26,1645866
2025-03-18,141.21,142.08,139.93,141.19,1182211
2025-03-19,140.46,140.69,137.73,138.56,1548621
2025-03-20,139.01,139.31,137.3,138.33,1387288
2025-03-21,138.34,140.22,136.54,137.66,2607230
2025-03-24,136.75,138.55,135.99,136.27,1093089
2025-03-25,136.17,137.03,133.57,135.74,1729405
2025-03-26,135.91,138.19,135.86,137.66,1329839
2025-03-27,138.28,140.66,137.94,139.54,1346459
2025-03-28,141.03,143.69,140.64,142.65,1596786
2025-03-31,143.81,146.31,143.25,143.9,1863683
2025-04-01,143.23,144.09,142.26,143.39,1186376
2025-04-02,143.59,143.88,141.88,142.6,982697
2025-04-03,145.26,150.28,145.09,148.23,2764871
2025-04-04,151.19,151.68,142.67,143.61,3275454
2025-04-07,141.5,143.91,138.48,138.86,3007658
2025-04-08,140.84,140.84,135.78,137.41,2723921
2025-04-09,136.1,141.76,134.03,135.59,2990910
2025-04-10,135.88,141.04,135.09,139.63,1984517
2025-04-11,139.72,143.18,138.57,142.5,1549082
2025-04-14,141.75,145.77,141.75,145.17,1091116
2025-04-15,145.98,145.98,143.12,143.27,1471330
2025-04-16,144.57,144.87,142.57,142.8,1124573
2025-04-17,142.97,145.88,142.44,144.75,946071
2025-04-21,144.36,145.31,142.25,143.51,838336
2025-04-22,144.65,146.07,143.53,145.59,1071444
2025-04-23,144.03,144.17,141.03,143.55,1510822
2025-04-24,143.73,143.73,141.62,142.45,1209512
2025-04-25,141.34,141.76,138.42,140.43,1342069
2025-04-28,140.24,141.59,138.81,140.72,1408986
2025-04-29,140.71,142.72,140.23,142.28,1205518
2025-04-30,143.38,143.85,140.72,143.4,1421336
2025-05-01,141.44,143.93,140.85,142.83,1255471
2025-05-02,143.82,144.05,141.82,143.5,1115860
2025-05-05,144.2,144.91,142.29,144.51,841823
2025-05-06,144.69,146.81,144.51,145.53,1124228
2025-05-07,145.4,146.6,144.41,144.44,1041151
2025-05-08,144.06,144.69,141.56,141.83,1182448
2025-05-09,141.84,143.47,140.92,143.33,724566
2025-05-12,140.46,141.91,134.47,135.23,2412499
2025-05-13,134.93,135.48,130.8,131.34,2330840
2025-05-14,131.62,131.84,129.19,131.32,1994445
2025-05-15,132.77,137.85,132.27,137.75,2529224
2025-05-16,137.96,140.64,137.73,139.9,1495102
2025-05-19,139.56,141.08,139.25,141.03,956662
2025-05-20,140.53,141.59,139.52,141.13,1119056
2025-05-21,141.04,141.95,140.08,140.8,1699361
2025-05-22,140.33,140.84,138.04,139.2,1163377
2025-05-23,140.72,141.22,138.76,140.93,740331
2025-05-27,140.95,141.47,140.1,140.47,1093099
2025-05-28,139.79,140.3,137.81,138.24,920100
2025-05-29,137.38,139.34,137.09,138.9,1097052
2025-05-30,139.57,141.0,138.19,140.3,3771555
2025-06-02,139.18,140.49,138.29,139.76,791390
2025-06-03,139.58,139.58,137.5,139.21,1097096
2025-06-04,139.11,139.11,136.22,136.25,1436611
2025-06-05,136.59,137.8,135.94,137.4,793566
2025-06-06,137.55,138.8,136.81,137.43,719118
2025-06-09,136.79,137.67,134.83,137.2,895037
2025-06-10,137.21,139.51,136.81,138.63,924162
2025-06-11,138.7,139.44,137.57,137.98,826938
2025-06-12,138.97,139.07,137.55,138.68,709613
2025-06-13,139.57,140.49,138.5,138.8,741151
2025-06-16,139.41,140.18,137.07,137.85,1126026
2025-06-17,137.85,138.49,135.79,138.29,1196400
2025-06-18,138.38,139.01,137.24,138.46,976201
2025-06-20,138.36,139.59,137.46,138.61,2415946
2025-06-23,139.38,141.4,139.35,141.3,861730
2025-06-24,140.22,140.78,139.17,139.52,990849
2025-06-25,138.56,139.07,136.68,137.43,1077940
2025-06-26,137.94,138.29,135.31,135.83,929933
2025-06-27,135.14,136.24,134.19,135.34,1564751
2025-06-30,135.46,136.59,134.86,136.51,1298093
2025-07-01,136.77,140.5,136.46,139.9,1397708
2025-07-02,139.38,139.83,137.47,137.69,1205685
2025-07-03,137.85,138.67,136.99,137.43,683750
2025-07-07,137.39,137.87,136.31,137.34,888331
2025-07-08,136.02,138.55,134.44,138.38,1381927
2025-07-09,138.19,139.55,137.3,139.15,1413299
2025-07-10,137.65,140.98,137.56,140.01,922287
2025-07-11,139.03,140.35,138.11,139.63,948452
2025-07-14,139.9,141.65,139.73,140.67,998876
2025-07-15,140.0,140.37,138.08,138.2,958005
2025-07-16,138.1,139.42,137.14,139.07,941950
2025-07-17,138.58,140.06,137.4,139.55,1194983
2025-07-18,139.81,141.97,139.35,140.24,1934449
2025-07-21,140.5,141.62,139.91,140.17,753069
2025-07-22,140.03,143.57,139.44,142.2,1137228
2025-07-23,141.66,142.05,137.79,139.23,1173282
2025-07-24,139.27,139.43,137.84,137.88,1188021
2025-07-25,137.57,138.43,137.07,137.7,893935
2025-07-28,136.94,137.91,135.28,136.12,1065868
2025-07-29,136.03,138.37,135.33,138.32,1138041
2025-07-30,137.16,138.53,136.59,137.04,1109033
2025-07-31,135.91,138.44,134.93,137.62,2078211
2025-08-01,139.82,143.68,138.08,143.0,2693178
2025-08-04,143.0,144.89,142.81,144.25,1303994
2025-08-05,139.47,140.05,138.09,138.86,6160001
2025-08-06,139.35,140.71,138.83,139.26,2087807
2025-08-07,138.51,142.0,138.51,141.72,1771118
2025-08-08,142.12,142.92,141.88,142.64,1986719
2025-08-11,143.09,143.47,142.0,142.83,1093731
2025-08-12,142.38,143.11,138.84,140.24,1657668
2025-08-13,140.22,141.89,139.92,141.85,1174166
2025-08-14,141.92,142.36,140.92,141.54,1085280
2025-08-15,141.07,143.09,141.02,142.04,923760
2025-08-18,142.44,142.91,140.77,140.8,900062
2025-08-19,141.05,143.38,141.05,143.31,1562664
2025-08-20,144.16,145.94,143.46,143.72,1107425
2025-08-21,143.41,144.31,143.35,143.97,849072
2025-08-22,144.54,145.91,143.22,144.29,963951
2025-08-25,143.64,144.39,142.19,142.51,854961
2025-08-26,142.49,142.74,141.18,142.07,1764564
2025-08-27,141.96,143.07,141.29,142.86,1208828
2025-08-28,142.32,142.47,141.0,141.06,947787
2025-08-29,141.21,142.65,141.07,141.64,941303
2025-09-02,141.12,141.86,139.15,139.56,1018831
2025-09-03,139.0,139.52,137.99,138.86,1054831
2025-09-04,140.13,140.59,138.9,139.72,1128405
2025-09-05,140.14,141.72,139.73,141.72,782181
2025-09-08,140.79,141.36,137.21,138.19,1331826
2025-09-09,137.71,138.76,136.92,138.26,725591
2025-09-10,138.38,138.65,135.73,136.69,989965
2025-09-11,136.94,137.94,135.87,137.81,926642
2025-09-12,136.69,138.06,136.41,137.46,994552
2025-09-15,137.48,137.83,135.45,135.78,1084092
2025-09-16,135.61,136.49,134.4,134.47,1055963
2025-09-17,135.05,136.14,134.11,134.31,1024091
2025-09-18,132.38,134.02,131.56,133.62,1197387
2025-09-19,133.25,133.89,132.63,133.3,2660206
2025-09-22,133.31,134.46,133.03,133.29,1021468
2025-09-23,133.13,135.56,132.11,135.39,1251510
2025-09-24,134.64,135.31,133.51,134.63,1700555
2025-09-25,135.86,136.33,133.27,133.34,1433363
2025-09-26,133.51,134.74,133.44,134.58,911082
2025-09-29,134.38,135.49,133.28,135.25,1200396
2025-09-30,135.62,137.6,135.34,137.37,1428766
2025-10-01,137.58,137.8,134.25,134.29,1250291
2025-10-02,133.72,135.33,133.26,133.82,1114622
2025-10-03,133.8,136.41,133.8,135.95,967204
2025-10-06,135.95,137.18,134.89,137.13,1555522
2025-10-07,137.56,141.1,137.3,140.65,1815748
2025-10-08,141.64,141.64,138.37,139.19,952576
2025-10-09,139.6,139.9,138.37,139.21,988764
2025-10-10,139.9,142.16,138.31,141.11,1513085
2025-10-13,139.16,140.14,137.39,137.81,1321906
2025-10-14,138.13,141.66,137.68,139.71,1629374
2025-10-15,139.64,141.24,139.18,140.67,1007555
2025-10-16,140.37,142.42,140.37,141.34,845578
2025-10-17,141.66,142.93,140.96,141.93,1306596
2025-10-20,142.11,143.71,141.15,143.53,1107188
2025-10-21,143.55,143.74,140.94,142.28,1096221
2025-10-22,141.46,143.52,140.99,141.85,828398
2025-10-23,142.36,142.99,139.8,140.72,746416
2025-10-24,141.62,141.62,139.66,139.74,966471
2025-10-27,137.22,138.67,133.63,136.19,3438853
2025-10-28,136.1,137.77,132.56,133.05,2031462
2025-10-29,132.11,132.7,128.26,128.36,2211027
2025-10-30,128.43,129.34,124.8,125.05,2298770
2025-10-31,124.13,127.07,122.28,126.75,2811703
2025-11-03,126.61,126.74,123.85,124.33,1907388
2025-11-04,125.74,127.97,125.14,126.41,2796626
2025-11-05,128.32,130.85,127.71,129.26,2952519
2025-11-06,129.46,130.71,127.62,127.81,1415573
2025-11-07,128.49,129.87,128.02,129.13,1446671
2025-11-10,128.02,128.66,125.94,127.26,1777623
2025-11-11,127.7,129.08,127.27,128.31,1419719
2025-11-12,128.26,128.66,127.33,128.08,1512099
2025-11-13,127.75,131.33,127.14,130.58,2193913
2025-11-14,131.76,133.08,129.86,130.74,2018997
2025-11-17,131.42,132.37,130.58,131.79,2082158
2025-11-18,132.01,132.42,128.64,129.04,1784068
2025-11-19,128.83,129.37,125.89,126.27,1955453
2025-11-20,126.46,127.46,125.07,127.27,2059385
2025-11-21,128.19,133.08,127.08,131.85,3643425
2025-11-24,131.85,131.96,130.13,130.63,5459711
2025-11-25,131.76,132.11,129.38,129.52,1493626
2025-11-26,130.12,130.81,128.96,128.98,1515781
2025-11-28,128.31,129.79,127.64,129.2,845028
2025-12-01,128.92,131.1,128.18,130.12,3293488
2025-12-02,130.85,132.48,128.61,129.87,2735214
2025-12-03,130.34,131.56,128.76,130.09,2182893
2025-12-04,129.98,130.67,127.14,128.07,2613107
2025-12-05,127.52,129.41,127.21,128.63,1942764
2025-12-08,128.26,129.13,126.78,127.6,2257300
2025-12-09,128.07,129.24,127.02,127.29,2182540
2025-12-10,127.29,128.31,126.66,127.86,2798741
2025-12-11,128.77,131.31,128.14,129.22,2064901
2025-12-12,129.66,131.31,129.55,130.67,1946529
2025-12-15,131.18,133.51,130.62,133.23,2187848
2025-12-16,133.78,134.62,131.07,131.83,2641742
2025-12-17,131.31,133.31,130.7,133.11,1796475
2025-12-18,131.87,133.74,131.66,132.13,1766078
2025-12-19,131.79,131.79,129.35,129.38,2985154
2025-12-22,128.93,131.3,128.22,130.79,1038539
2025-12-23,130.67,130.85,129.59,129.87,869117
2025-12-24,129.78,130.52,129.75,130.4,368647
2025-12-26,130.45,130.64,129.36,129.68,563436
2025-12-29,130.0,130.64,128.69,130.07,732534
2025-12-30,130.06,130.96,129.82,130.25,789427
2025-12-31,130.04,130.5,129.49,129.63,658893
2026-01-02,129.36,130.48,128.26,129.45,864766
2026-01-05,128.71,129.23,124.72,126.55,2391660
2026-01-06,126.33,129.06,126.0,128.11,1662254
2026-01-07,128.69,129.66,126.32,126.42,1419185
2026-01-08,125.87,129.06,125.87,128.4,1742579
2026-01-09,127.71,129.05,126.72,127.12,1467469
2026-01-12,129.44,131.38,128.39,129.43,1691621
2026-01-13,128.8,130.5,127.82,130.38,2202147
2026-01-14,130.59,131.98,129.97,131.56,1515611
2026-01-15,131.32,132.75,131.0,132.46,1682532
2026-01-16,131.8,132.83,131.43,132.45,1532010
2026-01-20,131.87,132.61,129.03,130.54,1455314
2026-01-21,131.34,131.97,129.66,130.11,1334642
2026-01-22,130.2,131.79,128.96,130.68,1205104
2026-01-23,130.68,131.0,128.4,128.84,1184872
2026-01-26,129.58,131.25,129.29,129.86,1292475
2026-01-27,129.52,130.75,128.5,129.66,1284346
2026-01-28,129.62,130.32,125.51,126.2,1489285
2026-01-29,126.2,129.18,126.2,128.14,1377477
2026-01-30,128.39,128.39,126.66,128.26,1039299
2026-02-02,128.74,129.02,125.53,125.72,1656277
2026-02-03,125.72,129.05,124.68,125.05,2644635
2026-02-04,126.18,126.57,123.17,123.47,2150054
2026-02-05,124.11,126.65,123.73,124.84,2052014
2026-02-06,125.61,126.42,123.32,123.5,1370141
2026-02-09,123.5,123.71,120.47,122.13,1828396
2026-02-10,122.58,126.38,122.0,125.03,1714015
2026-02-11,124.59,124.98,122.96,123.69,1649691
2026-02-12,123.75,129.89,123.5,128.37,3449440
2026-02-13,127.85,133.68,127.85,133.5,3176791
2026-02-17,134.04,135.0,132.06,133.51,2177145
2026-02-18,132.37,134.6,130.44,131.16,2357636
2026-02-19,132.1,134.21,129.18,131.36,1577600
2026-02-20,132.28,132.5,129.22,129.37,2333060
2026-02-23,130.41,133.19,130.2,132.92,2022962
2026-02-24,133.26,134.11,131.75,134.08,1705934
2026-02-25,133.62,134.32,131.35,134.22,1603960
2026-02-26,134.66,135.18,133.22,134.32,1616149
2026-02-27,135.26,137.72,134.47,136.03,2565081
2026-03-02,135.52,137.27,135.09,135.44,1465411
2026-03-03,134.24,136.49,131.71,135.81,2007318
2026-03-04,135.4,136.76,134.01,136.41,1782095
2026-03-05,135.37,136.89,134.47,134.63,1928179
2026-03-06,134.3,137.81,132.87,137.49,1661591
2026-03-09,137.0,138.59,134.92,137.73,2658193
2026-03-10,136.82,137.77,132.6,132.84,1636777
2026-03-11,132.44,134.64,132.04,134.34,1432455
2026-03-12,134.53,141.21,133.04,138.25,2707302
2026-03-13,139.83,140.63,138.31,139.69,1603984
2026-03-16,140.44,140.44,137.48,139.12,1598589
2026-03-17,140.08,140.08,137.93,138.23,1662924
2026-03-18,138.0,138.56,135.54,136.75,1481274
2026-03-19,135.89,137.37,134.55,137.1,2104723
2026-03-20,137.09,137.74,135.14,135.79,4091888
2026-03-23,135.71,136.96,135.21,135.73,1728393
2026-03-24,135.34,137.7,133.55,133.58,1886649
2026-03-25,134.34,135.4,131.52,134.59,1782797
2026-03-26,134.95,138.2,133.6,137.51,1456891
2026-03-27,137.72,138.74,136.61,136.86,1609401
2026-03-30,138.17,139.49,137.0,138.82,1150365
2026-03-31,139.11,139.3,134.76,136.09,1900522
2026-04-01,135.08,137.46,135.08,136.79,1728949
2026-04-02,137.92,139.25,137.39,138.14,1608253
2026-04-06,137.91,138.56,137.2,137.91,1051153
2026-04-07,138.17,138.63,135.31,135.37,1658444
2026-04-08,133.0,136.42,130.86,136.36,3006339
2026-04-09,136.05,139.49,135.6,139.25,2729343
2026-04-10,138.99,139.63,136.59,137.22,1726659
2026-04-13,136.03,136.93,133.47,134.41,1829012
2026-04-14,134.19,134.6,132.19,133.39,1880442
2026-04-15,132.1,132.27,128.79,130.31,2950756
2026-04-16,130.31,130.74,128.81,130.7,2285540
2026-04-17,129.49,131.81,128.5,131.61,2097470
