Date,Open,Close,High,Low,Volume
2015-12-21,32.078,31.384,32.167,30.982, 0 
2015-12-22,31.444,32.264,32.473,31.243, 0 
2015-12-23,33.017,34.314,34.343,33.002, 0 
2015-12-24,34.321,33.986,34.448,33.591, 0 
2015-12-28,33.255,32.942,33.389,32.756, 0 
2015-12-29,33.717,33.374,33.822,32.95, 0 
2015-12-30,32.756,32.502,33.352,32.458, 0 
2015-12-31,32.1,32.57,32.95,31.966, 0 
2016-01-04,32.361,32.711,33.374,32.115, 0 
2016-01-05,32.555,33.099,33.188,32.048, 0 
2016-01-06,32.13,31.571,32.294,31.34, 0 
2016-01-07,31.116,30.609,31.772,30.505, 0 
2016-01-08,30.699,30.035,31.004,29.719, 0 
2016-01-11,30.058,28.418,30.281,28.031, 0 
2016-01-12,28.977,27.77,29.104,26.935, 0 
2016-01-13,28.142,26.838,28.918,26.741, 0 
2016-01-14,26.995,28.515,28.947,26.585, 0 
2016-01-15,27.092,27.106,27.919,26.361, 0 
2016-01-19,27.39,24.9,27.501,24.304, 0 
2016-01-20,24.259,23.671,24.312,22.15, 0 
2016-01-21,23.76,25.28,25.601,23.589, 0 
2016-01-22,26.249,25.847,27.263,25.157, 0 
2016-01-25,25.198,23.261,25.704,23.253, 0 
2016-01-26,23.909,24.118,24.535,22.694, 0 
2016-01-27,23.797,24.759,25.892,23.246, 0 
2016-01-28,26.033,26.108,27.159,25.407, 0 
2016-01-29,26.16,26.898,27.039,25.735, 0 
2016-02-01,26.272,26.54,26.823,25.802, 0 
2016-02-02,25.802,25.042,26.227,24.93, 0 
2016-02-03,25.787,26.562,26.637,24.297, 0 
2016-02-04,26.465,24.095,26.838,23.872, 0 
2016-02-05,23.126,22.292,23.417,21.315, 0 
2016-02-08,21.584,23.432,23.484,21.382, 0 
2016-02-09,22.53,22.799,23.231,22.143, 0 
2016-02-10,22.582,21.874,23.395,21.662, 0 
2016-02-11,21.228,21.716,22.091,21.092, 0 
2016-02-12,22.024,22.482,22.82,21.731, 0 
2016-02-16,22.925,22.377,23.083,22.219, 0 
2016-02-17,22.782,23.241,23.601,22.577, 0 
2016-02-18,23.669,23.083,23.691,22.888, 0 
2016-02-19,22.67,22.459,22.767,21.874, 0 
2016-02-22,23.075,23.646,23.834,22.94, 0 
2016-02-23,23.248,22.497,23.766,22.489, 0 
2016-02-24,21.881,22.527,22.587,21.671, 0 
2016-02-25,22.61,22.602,22.82,21.783, 0 
2016-02-26,23.203,23.398,23.917,23.173, 0 
2016-02-29,23.736,23.18,23.751,22.993, 0 
2016-03-01,23.361,23.654,23.871,22.811, 0 
2016-03-02,23.518,25.178,25.193,23.383, 0 
2016-03-03,25.186,26.733,26.921,25.051, 0 
2016-03-04,27.004,28.656,29.077,26.913, 0 
2016-03-07,28.754,28.866,29.651,28.491, 0 
2016-03-08,28.716,26.778,28.754,26.733, 0 
2016-03-09,27.327,27.101,27.601,26.598, 0 
2016-03-10,26.966,27.086,27.169,26.583, 0 
2016-03-11,27.665,28.205,28.307,27.612, 0 
2016-03-14,27.589,27.822,28.16,27.357, 0 
2016-03-15,27.221,27.687,27.702,26.925, 0 
2016-03-16,27.995,29.219,29.294,27.95, 0 
2016-03-17,29.617,30.076,30.65,29.46, 0 
2016-03-18,30.511,30.083,31.116,29.657, 0 
2016-03-21,29.865,29.753,30.376,29.437, 0 
2016-03-22,29.505,29.257,29.903,29.249, 0 
2016-03-23,28.784,27.702,29.077,27.672, 0 
2016-03-24,27.011,27.845,27.89,26.711, 0 
2016-03-28,27.89,27.574,27.927,27.079, 0 
2016-03-29,27.079,27.529,27.608,26.733, 0 
2016-03-30,28.175,27.875,28.386,27.492, 0 
2016-03-31,27.785,28.018,28.22,27.589, 0 
2016-04-01,27.357,27.649,27.755,26.906, 0 
2016-04-04,27.657,27.139,28.07,27.049, 0 
2016-04-05,26.876,27.094,27.281,26.455, 0 
2016-04-06,27.364,28.378,28.551,27.191, 0 
2016-04-07,28.138,28.048,28.588,27.619, 0 
2016-04-08,29.031,28.739,29.234,28.513, 0 
2016-04-11,28.889,28.709,29.302,28.678, 0 
2016-04-12,28.994,30.421,30.691,28.836, 0 
2016-04-13,30.541,30.504,30.789,30.076, 0 
2016-04-14,30.691,30.984,31.044,30.414, 0 
2016-04-15,30.631,30.594,30.943,30.459, 0 
2016-04-18,29.385,31.57,31.57,29.347, 0 
2016-04-19,31.728,33.117,33.147,31.548, 0 
2016-04-20,32.87,33.132,33.564,32.389, 0 
2016-04-21,33.065,32.494,33.313,32.411, 0 
2016-04-22,32.577,33.538,33.628,32.517, 0 
2016-04-25,33.193,32.524,33.245,32.201, 0 
2016-04-26,32.772,33.884,33.951,32.577, 0 
2016-04-27,34.237,33.906,34.507,33.688, 0 
2016-04-28,33.921,33.576,34.837,33.448, 0 
2016-04-29,33.748,33.666,34.447,33.035, 0 
2016-05-02,33.493,32.96,33.591,32.408, 0 
2016-05-03,32.396,31.63,32.517,31.352, 0 
2016-05-04,31.698,30.376,32.058,30.211, 0 
2016-05-05,31.225,30.226,31.555,29.888, 0 
2016-05-06,29.865,29.888,30.504,29.52, 0 
2016-05-09,29.55,29.054,29.685,28.653, 0 
2016-05-10,29.031,29.97,29.985,29.001, 0 
2016-05-11,29.97,30.579,31.138,29.55, 0 
2016-05-12,30.857,30.616,31.335,30.103, 0 
2016-05-13,30.346,30.083,30.759,29.948, 0 
2016-05-16,30.661,30.879,31.202,30.661, 0 
2016-05-17,30.729,30.654,31.157,30.414, 0 
2016-05-18,30.54,30.51,31.099,30.291, 0 
2016-05-19,30.064,30.525,30.722,29.551, 0 
2016-05-20,30.646,30.691,31.001,30.286, 0 
2016-05-23,30.404,30.699,30.948,30.253, 0 
2016-05-24,30.948,30.601,30.993,30.472, 0 
2016-05-25,30.933,31.688,31.806,30.895, 0 
2016-05-26,32.081,31.56,32.353,31.526, 0 
2016-05-27,31.213,31.258,31.333,30.895, 0 
2016-05-31,31.454,30.85,31.968,30.767, 0 
2016-06-01,30.533,31.054,31.069,30.412, 0 
2016-06-02,30.82,31.296,31.484,30.593, 0 
2016-06-03,31.303,31.145,31.552,30.782, 0 
2016-06-06,31.613,32.157,32.24,31.364, 0 
2016-06-07,32.497,33.683,33.705,32.368, 0 
2016-06-08,33.992,33.645,34.37,33.607, 0 
2016-06-09,33.063,32.95,33.381,32.935, 0 
2016-06-10,32.444,31.394,32.61,31.205, 0 
2016-06-13,30.978,30.918,31.734,30.857, 0 
2016-06-14,30.888,31.25,31.462,30.518, 0 
2016-06-15,30.941,30.789,31.394,30.563, 0 
2016-06-16,30.404,30.374,30.495,29.664, 0 
2016-06-17,30.706,31.122,31.568,30.638, 0 
2016-06-20,31.764,31.53,32.034,31.439, 0 
2016-06-21,31.447,31.613,31.821,31.197, 0 
2016-06-22,31.855,31.001,31.9,30.941, 0 
2016-06-23,31.462,32.24,32.247,31.215, 0 
2016-06-24,30.495,30.382,31.326,30.193, 0 
2016-06-27,29.883,29.785,29.974,29.687, 0 
2016-06-28,29.475,29.46,29.604,29.075, 0 
2016-06-29,29.875,30.941,31.175,29.641, 0 
2016-06-30,30.797,30.706,31.099,30.412, 0 
2016-07-01,30.895,30.638,31.326,30.631, 0 
2016-07-05,30.042,29.271,30.079,29.018, 0 
2016-07-06,29.158,29.422,29.52,28.871, 0 
2016-07-07,29.724,29.128,30.095,28.886, 0 
2016-07-08,29.762,29.724,29.823,29.207, 0 
2016-07-11,30.057,29.838,30.223,29.8, 0 
2016-07-12,30.374,30.857,31.228,30.336, 0 
2016-07-13,30.857,30.155,31.046,29.581, 0 
2016-07-14,30.638,30.268,30.646,30.011, 0 
2016-07-15,30.457,30.208,30.62,30.011, 0 
2016-07-18,30.049,30.034,30.208,29.656, 0 
2016-07-19,29.838,29.43,29.989,29.271, 0 
2016-07-20,29.286,29.52,29.747,28.954, 0 
2016-07-21,29.534,28.957,29.845,28.835, 0 
2016-07-22,29.01,28.744,29.147,28.637, 0 
2016-07-25,28.493,28.349,28.675,28.022, 0 
2016-07-26,28.204,28.767,28.823,28.128, 0 
2016-07-27,28.881,28.219,29.261,28.166, 0 
2016-07-28,28.356,28.364,28.751,27.916, 0 
2016-07-29,27.992,28.789,28.854,27.916, 0 
2016-08-01,28.478,27.87,28.489,27.726, 0 
2016-08-02,28.022,28.007,28.205,27.254, 0 
2016-08-03,28.03,28.402,28.425,27.786, 0 
2016-08-04,28.295,28.242,28.516,27.908, 0 
2016-08-05,28.387,28.622,28.653,28.105, 0 
2016-08-08,28.911,29.352,29.534,28.858, 0 
2016-08-09,29.488,29.109,29.633,28.953, 0 
2016-08-10,29.268,28.622,29.337,28.546, 0 
2016-08-11,28.767,29.223,29.466,28.411, 0 
2016-08-12,29.344,29.207,29.42,29.063, 0 
2016-08-15,29.428,29.823,29.868,29.359, 0 
2016-08-16,29.823,30.34,30.492,29.504, 0 
2016-08-17,30.21,30.598,30.636,29.99, 0 
2016-08-18,30.704,30.894,30.97,30.552, 0 
2016-08-19,30.659,30.689,30.811,30.461, 0 
2016-08-22,30.248,30.165,30.393,29.922, 0 
2016-08-23,30.142,30.613,30.697,30.035, 0 
2016-08-24,30.416,30.416,30.727,30.333, 0 
2016-08-25,30.37,30.279,30.469,30.005, 0 
2016-08-26,30.37,29.914,30.666,29.792, 0 
2016-08-29,29.823,29.952,30.043,29.701, 0 
2016-08-30,30.134,29.861,30.347,29.762, 0 
2016-08-31,29.732,28.964,29.785,28.754, 0 
2016-09-01,28.85,28.622,29.002,28.265, 0 
2016-09-02,29.04,28.865,29.162,28.789, 0 
2016-09-06,28.957,28.926,29.101,28.63, 0 
2016-09-07,29.093,29.291,29.306,28.941, 0 
2016-09-08,29.625,30.659,30.7,29.435, 0 
2016-09-09,30.317,29.876,30.773,29.853, 0 
2016-09-12,29.663,30.195,30.545,29.352, 0 
2016-09-13,29.625,28.934,29.701,28.675, 0 
2016-09-14,28.82,28.159,29.268,28.071, 0 
2016-09-15,28.174,28.189,28.539,27.988, 0 
2016-09-16,27.878,28.068,28.151,27.786, 0 
2016-09-19,28.257,27.619,28.349,27.619, 0 
2016-09-20,27.657,27.414,28.037,27.406, 0 
2016-09-21,27.771,28.212,28.265,27.665, 0 
2016-09-22,28.736,28.941,29.177,28.736, 0 
2016-09-23,28.44,28.121,29.086,27.862, 0 
2016-09-26,28.227,28.181,28.751,28.159, 0 
2016-09-27,27.817,27.733,27.862,27.406, 0 
2016-09-28,27.862,29.823,29.891,27.498, 0 
2016-09-29,29.663,30.947,31.327,29.663, 0 
2016-09-30,31.069,30.803,31.297,30.621, 0 
2016-10-03,30.963,30.773,31.061,30.294, 0 
2016-10-04,30.773,30.347,30.856,30.134, 0 
2016-10-05,30.826,31.137,31.297,30.681, 0 
2016-10-06,31.274,31.601,31.631,30.849, 0 
2016-10-07,31.586,31.373,31.73,31.221, 0 
2016-10-10,31.685,31.502,31.996,31.479, 0 
2016-10-11,31.449,30.697,31.654,30.579, 0 
2016-10-12,30.575,30.803,30.856,30.119, 0 
2016-10-13,30.369,29.987,30.4,29.773, 0 
2016-10-14,30.14,29.62,30.438,29.597, 0 
2016-10-17,29.551,29.184,29.735,28.97, 0 
2016-10-18,29.559,28.84,29.582,28.626, 0 
2016-10-19,29.077,29.658,29.949,29.016, 0 
2016-10-20,29.398,29.482,29.926,29.177, 0 
2016-10-21,29.238,29.521,29.563,29.077, 0 
2016-10-24,29.773,30.056,30.3,29.593, 0 
2016-10-25,29.972,29.727,30.369,29.7, 0 
2016-10-26,29.299,29.719,30.094,29.207, 0 
2016-10-27,30.017,31.401,32.051,29.987, 0 
2016-10-28,31.936,32.142,32.807,31.623, 0 
2016-10-31,31.982,30.98,32.012,30.828, 0 
2016-11-01,31.378,31.049,31.454,30.285, 0 
2016-11-02,30.575,30.812,31.065,30.137, 0 
2016-11-03,30.988,31.095,31.412,30.705, 0 
2016-11-04,30.896,30.453,31.248,30.392, 0 
2016-11-07,31.019,31.34,31.401,30.774, 0 
2016-11-08,31.118,31.653,32.051,31.019, 0 
2016-11-09,30.996,32.723,33.09,30.935, 0 
2016-11-10,32.677,31.997,32.731,31.667, 0 
2016-11-11,31.638,31.355,31.921,30.958, 0 
2016-11-14,31.08,31.5,31.6,30.958, 0 
2016-11-15,31.592,32.379,32.616,31.592, 0 
2016-11-16,32.287,31.691,32.663,31.538, 0 
2016-11-17,32.012,31.103,32.226,31.019, 0 
2016-11-18,31.179,31.982,32.135,31.149, 0 
2016-11-21,32.654,33.205,33.312,32.578, 0 
2016-11-22,33.151,32.983,33.457,32.379, 0 
2016-11-23,32.715,33.159,33.273,32.57, 0 
2016-11-25,32.777,32.738,32.96,32.295, 0 
2016-11-28,33.48,32.547,33.579,32.463, 0 
2016-11-29,31.76,31.577,31.821,31.271, 0 
2016-11-30,33.159,34.856,35.467,33.105, 0 
2016-12-01,36.094,34.626,36.101,34.485, 0 
2016-12-02,34.496,34.55,34.825,34.252, 0 
2016-12-05,35.093,35.131,36.063,34.94, 0 
2016-12-06,34.817,35.91,36.021,34.557, 0 
2016-12-07,35.574,35.91,36.017,35.41, 0 
2016-12-08,36.056,35.819,36.124,35.161, 0 
2016-12-09,35.964,36.575,36.61,35.849, 0 
2016-12-12,37.638,37.042,38.356,36.957, 0 
2016-12-13,37.714,38.005,38.41,37.23, 0 
2016-12-14,37.699,37.126,37.989,37.042, 0 
2016-12-15,36.843,37.317,37.615,36.43, 0 
2016-12-16,37.5,37.47,37.622,37.183, 0 
2016-12-19,37.515,37.5,37.584,37.179, 0 
2016-12-20,37.684,37.171,37.959,37.026, 0 
2016-12-21,37.393,37.118,37.638,37.087, 0 
2016-12-22,37.171,37.164,37.347,37.042, 0 
2016-12-23,37.011,37.034,37.244,36.919, 0 
2016-12-27,37.095,37.21,37.47,37.019, 0 
2016-12-28,37.11,36.575,37.317,36.464, 0 
2016-12-29,36.491,36.399,36.613,36.17, 0 
2016-12-30,36.3,36.094,36.629,35.933, 0 
2017-01-03,36.613,36.453,37.217,35.926, 0 
2017-01-04,36.522,36.812,36.824,36.231, 0 
2017-01-05,36.912,36.698,37.271,36.537, 0 
2017-01-06,36.766,36.552,36.812,36.208, 0 
2017-01-09,36.193,35.727,36.392,35.704, 0 
2017-01-10,35.895,35.727,36.017,35.505, 0 
2017-01-11,35.956,36.919,37.126,35.574, 0 
2017-01-12,37.133,36.101,37.156,36.056, 0 
2017-01-13,35.91,36.438,36.652,35.864, 0 
2017-01-17,36.415,36.101,36.529,35.987, 0 
2017-01-18,35.834,36.193,36.434,35.826, 0 
2017-01-19,36.14,35.88,36.331,35.819, 0 
2017-01-20,36.285,36.545,36.82,36.231, 0 
2017-01-23,36.185,35.941,36.422,35.666, 0 
2017-01-24,36.094,36.193,37.053,35.994, 0 
2017-01-25,36.3,36.514,36.925,36.231, 0 
2017-01-26,36.468,36.468,36.766,36.247, 0 
2017-01-27,36.239,35.551,36.338,35.375, 0 
2017-01-30,35.23,34.061,35.36,33.839, 0 
2017-01-31,34.313,35.039,35.062,33.977, 0 
2017-02-01,35.222,34.84,35.337,34.03, 0 
2017-02-02,35.031,34.985,35.482,33.91, 0 
2017-02-03,35.108,36.315,36.361,35.081, 0 
2017-02-06,36.369,36.056,36.736,35.49, 0 
2017-02-07,35.643,35.543,36.163,35.284, 0 
2017-02-08,35.261,35.681,36.109,34.848, 0 
2017-02-09,36.017,35.842,36.239,35.589, 0 
2017-02-10,36.213,36.298,36.605,36.048, 0 
2017-02-13,36.221,35.96,36.221,35.591, 0 
2017-02-14,36.19,36.298,36.329,35.676, 0 
2017-02-15,36.06,35.699,36.413,35.66, 0 
2017-02-16,35.875,34.915,35.921,34.861, 0 
2017-02-17,34.823,34.277,34.838,33.962, 0 
2017-02-21,34.754,34.754,35.053,34.515, 0 
2017-02-22,34.5,33.962,34.608,33.908, 0 
2017-02-23,34.492,34.116,34.546,33.908, 0 
2017-02-24,33.893,33.916,34.262,33.662, 0 
2017-02-27,34.062,34.162,34.377,33.858, 0 
2017-02-28,34.016,34.323,34.4,33.885, 0 
2017-03-01,34.654,35.46,35.599,34.546, 0 
2017-03-02,35.13,34.815,35.284,34.584, 0 
2017-03-03,34.8,34.515,34.992,34.377, 0 
2017-03-06,34.485,34.9,35.011,34.146, 0 
2017-03-07,34.999,34.438,35.046,34.342, 0 
2017-03-08,34.2,33.048,34.392,32.967, 0 
2017-03-09,32.817,33.486,33.601,32.717, 0 
2017-03-10,33.793,32.863,33.793,32.717, 0 
2017-03-13,32.871,32.994,33.244,32.763, 0 
2017-03-14,32.464,32.302,32.502,31.726, 0 
2017-03-15,32.71,32.994,33.209,32.233, 0 
2017-03-16,33.078,32.994,33.217,32.74, 0 
2017-03-17,33.094,32.879,33.393,32.84, 0 
2017-03-20,32.656,33.009,33.101,32.387, 0 
2017-03-21,33.148,32.487,33.247,32.256, 0 
2017-03-22,32.372,32.08,32.594,32.064, 0 
2017-03-23,32.08,31.949,32.348,31.849, 0 
2017-03-24,32.072,31.657,32.256,31.557, 0 
2017-03-27,31.188,31.803,31.918,31.011, 0 
2017-03-28,31.895,32.64,32.725,31.734, 0 
2017-03-29,32.602,33.078,33.163,32.352, 0 
2017-03-30,35.676,36.19,36.505,35.122, 0 
2017-03-31,35.914,36.091,36.229,35.438, 0 
2017-04-03,36.114,35.768,36.137,35.268, 0 
2017-04-04,35.752,35.983,36.029,35.457, 0 
2017-04-05,36.198,35.507,36.502,35.384, 0 
2017-04-06,35.722,36.044,36.167,35.545, 0 
2017-04-07,36.075,35.837,36.187,35.714, 0 
2017-04-10,36.029,36.306,36.552,35.983, 0 
2017-04-11,36.306,36.306,36.375,35.86, 0 
2017-04-12,36.298,35.76,36.667,35.649, 0 
2017-04-13,35.883,35.13,36.025,35.065, 0 
2017-04-17,35.107,35.384,35.437,35.007, 0 
2017-04-18,35.122,35.184,35.626,34.984, 0 
2017-04-19,35.238,34.654,35.476,34.515, 0 
2017-04-20,34.669,34.615,35.176,34.569, 0 
2017-04-21,34.546,34.454,34.754,34.116, 0 
2017-04-24,34.654,34.584,34.8,34.431, 0 
2017-04-25,34.631,35.261,35.341,34.5, 0 
2017-04-26,34.861,34.915,35.829,34.838, 0 
2017-04-27,34.523,34.546,34.761,33.778, 0 
2017-04-28,34.769,34.584,34.9,34.454, 0 
2017-05-01,34.577,34.254,34.677,34.239, 0 
2017-05-02,34.316,33.655,34.362,33.324, 0 
2017-05-03,33.309,33.947,34.223,33.309, 0 
2017-05-04,33.716,33.055,33.77,32.879, 0 
2017-05-05,33.078,33.709,33.77,33.032, 0 
2017-05-08,33.732,33.985,34.062,33.516, 0 
2017-05-09,34.024,33.324,34.047,33.163, 0 
2017-05-10,33.662,34.354,34.546,33.524, 0 
2017-05-11,34.096,34.413,34.715,34.096, 0 
2017-05-12,34.398,34.065,34.606,33.768, 0 
2017-05-15,34.931,34.429,35.116,34.29, 0 
2017-05-16,34.606,34.189,34.645,33.837, 0 
2017-05-17,34.096,33.633,34.398,33.571, 0 
2017-05-18,33.316,33.64,34.058,33.177, 0 
2017-05-19,34.004,34.46,34.619,33.795, 0 
2017-05-22,34.73,34.035,34.784,33.988, 0 
2017-05-23,33.98,33.903,34.34,33.834, 0 
2017-05-24,33.81,33.834,33.895,33.424, 0 
2017-05-25,33.679,32.582,34.065,32.296, 0 
2017-05-26,32.798,32.814,32.852,32.296, 0 
2017-05-30,32.489,32.381,32.613,32.18, 0 
2017-05-31,32.018,32.304,32.435,31.84, 0 
2017-06-01,32.389,32.435,32.79,32.072, 0 
2017-06-02,32.219,31.971,32.25,31.786, 0 
2017-06-05,31.817,31.786,32.18,31.77, 0 
2017-06-06,31.732,32.141,32.165,31.616, 0 
2017-06-07,31.925,31.43,32.103,31.183, 0 
2017-06-08,31.199,31.052,31.655,31.013, 0 
2017-06-09,31.075,32.404,32.497,31.052, 0 
2017-06-12,32.736,33.1,33.347,32.736, 0 
2017-06-13,33.1,33.648,33.826,33.011, 0 
2017-06-14,33.362,32.868,33.401,32.69, 0 
2017-06-15,32.821,32.845,33.2,32.466, 0 
2017-06-16,33.177,33.725,33.834,33.015, 0 
2017-06-19,33.733,33.594,33.868,33.486, 0 
2017-06-20,32.86,33.177,33.347,32.775, 0 
2017-06-21,33.177,32.505,33.486,32.28, 0 
2017-06-22,32.535,32.396,32.841,32.226, 0 
2017-06-23,32.381,32.412,32.784,32.134, 0 
2017-06-26,32.489,31.948,32.512,31.817, 0 
2017-06-27,32.172,31.747,32.257,31.736, 0 
2017-06-28,31.809,31.74,32.029,31.554, 0 
2017-06-29,31.817,31.832,32.28,31.755, 0 
2017-06-30,32.072,31.74,32.219,31.539, 0 
2017-07-03,31.933,33.053,33.185,31.917, 0 
2017-07-05,32.752,31.894,32.891,31.585, 0 
2017-07-06,31.886,31.237,32.01,31.168, 0 
2017-07-07,31.09,30.998,31.214,30.611, 0 
2017-07-10,30.866,31.183,31.365,30.821, 0 
2017-07-11,31.191,31.268,31.508,30.936, 0 
2017-07-12,31.631,31.183,31.77,30.944, 0 
2017-07-13,31.168,31.191,31.361,30.92, 0 
2017-07-14,31.245,31.345,31.6,31.206, 0 
2017-07-17,31.237,31.145,31.4,31.07, 0 
2017-07-18,31.345,31.052,31.345,30.843, 0 
2017-07-19,30.959,31.508,31.577,30.951, 0 
2017-07-20,31.808,31.38,31.849,31.279, 0 
2017-07-21,31.171,30.93,31.326,30.867, 0 
2017-07-24,30.992,30.898,31.171,30.844, 0 
2017-07-25,31.474,31.707,31.948,31.38, 0 
2017-07-26,31.909,31.746,32.275,31.653, 0 
2017-07-27,32.243,32.492,32.492,31.838, 0 
2017-07-28,32.547,32.959,33.487,32.461, 0 
2017-07-31,33.013,33.044,33.429,32.912, 0 
2017-08-01,33.013,32.562,33.013,32.461, 0 
2017-08-02,32.282,33.231,33.242,32.189, 0 
2017-08-03,33.254,32.687,33.495,32.504, 0 
2017-08-04,32.71,33.192,33.215,32.648, 0 
2017-08-07,32.966,32.889,33.13,32.624, 0 
2017-08-08,32.873,33.246,33.62,32.757, 0 
2017-08-09,33.371,33.262,33.534,33.044, 0 
2017-08-10,33.285,32.733,33.495,32.702, 0 
2017-08-11,32.725,32.593,33.052,32.5, 0 
2017-08-14,32.601,32.399,32.827,32.29, 0 
2017-08-15,32.321,32.368,32.523,32.018, 0 
2017-08-16,32.438,31.738,32.492,31.598, 0 
2017-08-17,31.59,31.202,31.87,31.171, 0 
2017-08-18,31.171,31.287,31.637,30.824, 0 
2017-08-21,31.124,30.813,31.151,30.63, 0 
2017-08-22,30.922,31.349,31.482,30.906, 0 
2017-08-23,31.163,31.738,31.94,31.069, 0 
2017-08-24,31.606,31.435,31.633,31.264, 0 
2017-08-25,31.583,31.653,32.065,31.482, 0 
2017-08-28,31.668,31.241,31.691,30.968, 0 
2017-08-29,30.984,31.085,31.19,30.759, 0 
2017-08-30,30.914,31.52,31.586,30.751, 0 
2017-08-31,31.808,31.715,32.096,31.606, 0 
2017-09-01,31.793,32.166,32.282,31.575, 0 
2017-09-05,32.36,32.282,32.531,32.065, 0 
2017-09-06,32.562,32.803,33.029,32.547, 0 
2017-09-07,32.679,32.842,32.904,32.345, 0 
2017-09-08,32.757,32.345,32.757,32.057, 0 
2017-09-11,32.492,32.702,32.984,32.368, 0 
2017-09-12,32.78,32.702,32.978,32.593, 0 
2017-09-13,32.788,33.192,33.371,32.757, 0 
2017-09-14,33.332,33.402,33.814,33.262, 0 
2017-09-15,33.402,33.931,33.931,33.363, 0 
2017-09-18,33.69,34.381,34.488,33.666, 0 
2017-09-19,34.397,34.739,34.918,34.378, 0 
2017-09-20,34.98,35.345,35.711,34.933, 0 
2017-09-21,35.237,35.625,35.695,35.003, 0 
2017-09-22,35.633,35.929,36.372,35.579, 0 
2017-09-25,36.185,36.628,36.792,36.17, 0 
2017-09-26,36.434,36.387,36.667,36.037, 0 
2017-09-27,36.387,36.815,36.815,36.317, 0 
2017-09-28,36.994,36.644,37.289,36.496, 0 
2017-09-29,36.473,36.683,36.722,36.341, 0 
2017-10-02,36.294,36.885,36.897,36.1, 0 
2017-10-03,36.776,36.053,36.823,36.045, 0 
2017-10-04,36.146,36.107,36.325,35.796, 0 
2017-10-05,36.224,36.411,36.481,36.185, 0 
2017-10-06,35.983,35.758,36.208,35.633, 0 
2017-10-09,35.944,35.796,36.022,35.734, 0 
2017-10-10,36.154,36.014,36.395,35.952, 0 
2017-10-11,36.022,36.333,36.434,35.781, 0 
2017-10-12,35.936,36.496,36.543,35.874, 0 
2017-10-13,36.843,36.382,36.976,36.351, 0 
2017-10-16,36.624,36.632,36.953,36.577, 0 
2017-10-17,36.617,36.632,36.8,36.32, 0 
2017-10-18,36.656,36.624,36.992,36.503, 0 
2017-10-19,36.374,36.624,36.882,36.304, 0 
2017-10-20,36.773,37.046,37.164,36.507, 0 
2017-10-23,37.07,37.054,37.437,36.796, 0 
2017-10-24,37.226,37.625,37.883,37.179, 0 
2017-10-25,37.679,36.82,37.734,36.656, 0 
2017-10-26,37.156,37.992,38.234,36.687, 0 
2017-10-27,37.758,37.797,38.594,37.007, 0 
2017-10-30,37.937,37.937,38.258,37.543, 0 
2017-10-31,37.883,37.75,38.109,37.648, 0 
2017-11-01,38.266,38.492,38.633,37.969, 0 
2017-11-02,38.461,38.789,38.875,38.172, 0 
2017-11-03,38.703,39.165,39.407,38.406, 0 
2017-11-06,39.204,39.719,39.931,39.039, 0 
2017-11-07,39.923,39.571,40.032,39.141, 0 
2017-11-08,40.056,39.602,40.149,39.321, 0 
2017-11-09,39.407,39.61,39.704,39.063, 0 
2017-11-10,39.508,39.188,39.579,38.805, 0 
2017-11-13,38.93,38.86,39.165,38.813, 0 
2017-11-14,38.563,37.812,38.75,37.695, 0 
2017-11-15,37.429,37.234,37.765,36.812, 0 
2017-11-16,37.164,37.023,37.359,36.914, 0 
2017-11-17,37.039,36.953,37.257,36.851, 0 
2017-11-20,36.851,36.914,37.046,36.523, 0 
2017-11-21,37.062,36.859,37.425,36.593, 0 
2017-11-22,37.257,37.023,37.312,36.867, 0 
2017-11-24,37.203,37.218,37.531,37.195, 0 
2017-11-27,37.023,36.194,37.046,36.132, 0 
2017-11-28,36.351,36.953,36.976,36.046, 0 
2017-11-29,36.788,37.422,37.499,36.632, 0 
2017-11-30,37.57,37.539,38.242,37.359, 0 
2017-12-01,38.031,38.211,38.782,37.812, 0 
2017-12-04,38.313,37.859,38.696,37.828, 0 
2017-12-05,37.812,37.812,38.176,37.719, 0 
2017-12-06,37.687,37.148,37.82,37.101, 0 
2017-12-07,37.101,37.273,37.501,36.914, 0 
2017-12-08,37.531,38.078,38.188,37.429, 0 
2017-12-11,38.055,38.172,38.656,37.953, 0 
2017-12-12,38.43,38.383,38.461,37.793, 0 
2017-12-13,38.352,38.164,38.485,38.086, 0 
2017-12-14,38.336,38.656,39.008,38.297, 0 
2017-12-15,39.024,38.547,39.235,38.461, 0 
2017-12-18,38.5,38.68,38.93,38.5, 0 
2017-12-19,38.774,38.946,39.141,38.524, 0 
2017-12-20,39.118,40.173,40.376,38.774, 0 
2017-12-21,40.095,41.502,41.595,39.998, 0 
2017-12-22,41.58,41.15,41.705,41.115, 0 
2017-12-26,41.369,41.72,41.83,41.181, 0 
2017-12-27,41.587,41.22,41.595,40.868, 0 
2017-12-28,41.142,40.9,41.22,40.837, 0 
2017-12-29,41.103,40.673,41.15,40.657, 0 
2018-01-02,40.829,41.009,41.158,40.618, 0 
2018-01-03,41.056,41.806,41.845,41.017, 0 
2018-01-04,41.861,42.314,42.467,41.611, 0 
2018-01-05,42.072,42.228,42.252,41.681, 0 
2018-01-08,42.135,42.682,42.682,42.002, 0 
2018-01-09,42.69,43.049,43.354,42.643, 0 
2018-01-10,43.213,42.83,43.323,42.761, 0 
2018-01-11,43.237,44.026,44.261,42.744, 0 
2018-01-12,44.19,44.706,44.855,43.979, 0 
2018-01-16,44.667,43.76,44.839,43.729, 0 
2018-01-17,43.862,44.558,44.813,43.713, 0 
2018-01-18,44.37,44.479,44.714,44.003, 0 
2018-01-19,44.417,44.472,44.518,44.096, 0 
2018-01-22,44.558,45.191,45.198,44.503, 0 
2018-01-23,45.144,45.034,45.214,44.69, 0 
2018-01-24,45.089,45.05,45.695,45.019, 0 
2018-01-25,45.253,44.261,45.37,44.198, 0 
2018-01-26,44.433,44.972,45.073,44.362, 0 
2018-01-29,44.604,44.401,45.081,44.323, 0 
2018-01-30,43.838,43.463,44.136,43.166, 0 
2018-01-31,43.518,43.737,44.073,43.323, 0 
2018-02-01,43.885,44.159,44.644,43.222, 0 
2018-02-02,44.018,42.885,44.229,42.799, 0 
2018-02-05,42.432,41.494,43.471,41.079, 0 
2018-02-06,40.564,41.494,41.963,40.306, 0 
2018-02-07,41.587,41.251,42.299,41.251, 0 
2018-02-08,41.244,39.383,41.408,39.376, 0 
2018-02-09,39.609,38.651,39.892,37.205, 0 
2018-02-12,39.13,39.743,40.175,39.067, 0 
2018-02-13,39.366,39.672,40.159,39.114, 0 
2018-02-14,39.185,41.393,41.668,39.059, 0 
2018-02-15,41.495,40.631,41.55,40.018, 0 
2018-02-16,40.513,40.717,41.04,40.387, 0 
2018-02-20,40.678,40.867,41.228,40.474, 0 
2018-02-21,40.67,40.01,41.338,39.994, 0 
2018-02-22,40.411,40.922,41.385,40.356, 0 
2018-02-23,41.267,42.603,42.674,41.047, 0 
2018-02-26,42.768,42.242,42.988,42.183, 0 
2018-02-27,42.171,41.645,43.051,41.637, 0 
2018-02-28,41.794,40.45,42.234,40.442, 0 
2018-03-01,40.599,40.112,41,39.829, 0 
2018-03-02,39.845,40.254,40.372,39.248, 0 
2018-03-05,39.806,40.199,40.383,39.664, 0 
2018-03-06,40.427,40.254,40.513,39.814, 0 
2018-03-07,39.664,40.262,40.568,39.61, 0 
2018-03-08,40.309,39.869,40.505,39.358, 0 
2018-03-09,40.262,41.04,41.047,40.214, 0 
2018-03-12,41,40.788,41.315,40.67, 0 
2018-03-13,40.945,40.175,41.157,39.876, 0 
2018-03-14,40.474,40.175,40.78,40.104, 0 
2018-03-15,40.45,40.23,40.607,39.719, 0 
2018-03-16,40.293,40.937,41.142,39.924, 0 
2018-03-19,40.804,39.869,40.922,39.719, 0 
2018-03-20,40.285,40.757,41.362,40.136, 0 
2018-03-21,41.071,42.595,43.028,41.024, 0 
2018-03-22,42.1,42.171,42.784,41.817, 0 
2018-03-23,42.595,43.146,43.649,42.54, 0 
2018-03-26,43.641,44.199,44.214,43.515, 0 
2018-03-27,44.254,44.246,44.779,43.892, 0 
2018-03-28,44.261,43.924,44.717,43.688, 0 
2018-03-29,43.931,44.364,44.599,43.931, 0 
2018-04-02,44.348,43.421,44.371,42.226, 0 
2018-04-03,43.774,44.945,44.984,43.24, 0 
2018-04-04,43.994,44.576,44.713,43.704, 0 
2018-04-05,44.788,45.283,45.841,44.709, 0 
2018-04-06,45.087,44.34,45.432,43.77, 0 
2018-04-09,44.812,45.409,45.825,44.537, 0 
2018-04-10,46.053,46.76,47.279,46.006, 0 
2018-04-11,46.729,47.46,47.495,46.179, 0 
2018-04-12,47.507,47.468,47.971,47.153, 0 
2018-04-13,48.026,48.772,48.851,47.861, 0 
2018-04-16,48.827,49.424,49.629,48.364, 0 
2018-04-17,49.574,50.037,50.352,49.212, 0 
2018-04-18,50.422,49.967,50.658,49.935, 0 
2018-04-19,49.55,49.88,50.104,49.283, 0 
2018-04-20,49.519,49.472,49.724,49.118, 0 
2018-04-23,49.307,49.228,49.346,48.434, 0 
2018-04-24,49.637,49.094,50.124,48.733, 0 
2018-04-25,48.819,48.898,49.291,48.002, 0 
2018-04-26,49.44,50.399,50.525,48.929, 0 
2018-04-27,49.975,48.811,50.234,48.811, 0 
2018-04-30,48.756,49.244,49.751,48.662, 0 
2018-05-01,48.89,49.409,49.464,48.497, 0 
2018-05-02,48.992,49.204,49.633,48.961, 0 
2018-05-03,48.772,49.629,49.762,48.316, 0 
2018-05-04,49.637,50.312,50.493,49.322, 0 
2018-05-07,50.635,50.242,51.711,50.179, 0 
2018-05-08,50.265,51.004,51.004,49.204, 0 
2018-05-09,51.688,51.758,52.898,51.601, 0 
2018-05-10,52.356,52.261,52.548,51.719, 0 
2018-05-11,52.312,52.565,52.92,52.115, 0 
2018-05-14,52.612,52.683,53.172,52.494, 0 
2018-05-15,52.651,53.078,53.472,52.407, 0 
2018-05-16,53.007,52.888,53.163,52.296, 0 
2018-05-17,53.164,53.527,53.796,53.078, 0 
2018-05-18,53.401,52.651,53.665,52.636, 0 
2018-05-21,53.007,53.527,53.618,52.667, 0 
2018-05-22,53.614,53.109,54.356,52.959, 0 
2018-05-23,52.707,52.312,52.904,51.649, 0 
2018-05-24,51.428,51.783,52.075,50.959, 0 
2018-05-25,50.481,49.432,50.529,48.619, 0 
2018-05-29,48.903,49.621,49.708,48.54, 0 
2018-05-30,50.118,51.468,52.012,49.984, 0 
2018-05-31,51.097,50.947,51.697,50.592, 0 
2018-06-01,51.239,51.657,52.198,50.908, 0 
2018-06-04,52.178,51.349,52.533,51.109, 0 
2018-06-05,51.207,51.081,51.87,51.05, 0 
2018-06-06,51.2,51.334,51.76,50.884, 0 
2018-06-07,51.823,52.596,52.754,51.634, 0 
2018-06-08,52.991,52.557,53.298,52.162, 0 
2018-06-11,52.975,53.393,53.784,52.628, 0 
2018-06-12,53.062,52.557,53.255,52.32, 0 
2018-06-13,52.494,52.707,52.951,51.957, 0 
2018-06-14,52.999,51.531,53.022,51.302, 0 
2018-06-15,50.994,49.345,51.271,49.227, 0 
2018-06-18,49.511,50.324,51.239,49.369, 0 
2018-06-19,49.629,50.055,50.667,49.4, 0 
2018-06-20,50.766,51.01,51.136,50.474, 0 
2018-06-21,50.529,49.148,50.608,48.895, 0 
2018-06-22,51.01,51.255,51.751,50.837, 0 
2018-06-25,51.263,49.961,51.531,49.353, 0 
2018-06-26,50.174,50.908,51.144,49.984, 0 
2018-06-27,51.61,52.012,52.624,51.499, 0 
2018-06-28,52.454,51.752,52.612,51.381, 0 
2018-06-29,52.17,52.707,53.504,51.989, 0 
2018-07-02,52.146,51.894,52.478,51.589, 0 
2018-07-03,52.502,52.659,54.143,52.502, 0 
2018-07-05,53.046,52.162,53.456,51.933, 0 
2018-07-06,51.973,52.73,52.857,51.799, 0 
2018-07-09,53.125,53.796,53.796,52.912, 0 
2018-07-10,54.182,54.38,54.585,54.08, 0 
2018-07-11,53.732,53.046,54.395,52.557, 0 
2018-07-12,53.685,54.151,54.348,53.33, 0 
2018-07-13,54.088,54.585,55.034,54.072, 0 
2018-07-16,53.701,53.464,54.261,52.644, 0 
2018-07-17,53.18,53.227,53.555,52.296, 0 
2018-07-18,52.596,53.283,53.401,52.068, 0 
2018-07-19,53.109,52.762,53.354,52.604, 0 
2018-07-20,53.036,53.242,53.345,52.988, 0 
2018-07-23,53.63,53.218,53.725,53.147, 0 
2018-07-24,53.788,53.907,54.458,53.527, 0 
2018-07-25,53.963,54.43,54.502,53.622, 0 
2018-07-26,54.201,54.66,54.775,53.717, 0 
2018-07-27,54.407,54.383,55.032,54.177, 0 
2018-07-30,55.056,55.032,55.562,54.929, 0 
2018-07-31,55.246,54.953,55.433,54.723, 0 
2018-08-01,54.438,54.668,54.858,53.951, 0 
2018-08-02,54.311,54.47,54.565,54.01, 0 
2018-08-03,54.224,54.256,54.407,53.717, 0 
2018-08-06,54.375,54.605,54.937,54.082, 0 
2018-08-07,55.254,55.532,56.209,55.128, 0 
2018-08-08,55.001,54.335,55.246,53.812, 0 
2018-08-09,54.977,54.62,55.326,54.438, 0 
2018-08-10,54.502,54.771,54.842,54.216, 0 
2018-08-13,54.747,54.082,55.231,54.034, 0 
2018-08-14,54.763,54.937,55.365,54.589, 0 
2018-08-15,54.248,51.507,54.319,51.419, 0 
2018-08-16,51.863,52.766,52.964,51.824, 0 
2018-08-17,53.131,53.052,53.321,52.695, 0 
2018-08-20,52.98,53.646,54.082,52.98, 0 
2018-08-21,54.058,53.939,54.47,53.86, 0 
2018-08-22,54.391,54.819,55.223,54.327, 0 
2018-08-23,54.462,54.858,54.906,54.201, 0 
2018-08-24,55.405,55.302,56.055,55.088, 0 
2018-08-27,55.302,55.484,55.753,55.302, 0 
2018-08-28,55.484,54.858,55.682,54.755, 0 
2018-08-29,55.429,56.039,56.197,55.199, 0 
2018-08-30,56.15,56.055,56.744,55.817, 0 
2018-08-31,55.674,55.952,56.039,55.583, 0 
2018-09-04,56.348,55.698,56.514,55.476, 0 
2018-09-05,55.484,55.611,55.698,54.85, 0 
2018-09-06,54.953,53.662,55.191,53.638, 0 
2018-09-07,53.178,53.408,53.725,52.774, 0 
2018-09-10,53.678,54.145,54.541,53.646, 0 
2018-09-11,54.018,54.399,54.882,53.709, 0 
2018-09-12,54.937,54.795,55.238,54.573, 0 
2018-09-13,54.811,55.254,55.278,54.121, 0 
2018-09-14,55.143,56.007,56.348,55.143, 0 
2018-09-17,56.173,56.593,57.116,56.102, 0 
2018-09-18,56.997,57.227,57.774,56.902, 0 
2018-09-19,57.195,57.615,57.877,56.918, 0 
2018-09-20,57.275,57.481,58.107,57.045, 0 
2018-09-21,57.806,58.21,58.511,57.481, 0 
2018-09-24,58.78,58.828,59.493,58.614, 0 
2018-09-25,59.533,59.66,60.054,59.287, 0 
2018-09-26,59.366,59.002,59.881,58.939, 0 
2018-09-27,59.351,59.192,59.565,59.026, 0 
2018-09-28,59.034,59.097,60.111,59.034, 0 
2018-10-01,59.39,61.07,61.347,59.366, 0 
2018-10-02,60.595,59.794,60.737,59.747, 0 
2018-10-03,60.072,60.024,60.293,59.485, 0 
2018-10-04,59.897,59.794,60.266,59.248, 0 
2018-10-05,59.572,59.881,60.024,59.248, 0 
2018-10-08,59.359,59.794,60.183,58.994, 0 
2018-10-09,60.04,60.682,61.125,59.683, 0 
2018-10-10,60.816,57.267,60.88,57.203, 0 
2018-10-11,56.53,55.444,57.013,54.763, 0 
2018-10-12,56.428,56.515,56.849,55.529, 0 
2018-10-15,56.515,56.07,56.802,55.863, 0 
2018-10-16,56.46,56.491,56.794,56.038, 0 
2018-10-17,56.706,55.441,56.706,55.234, 0 
2018-10-18,54.757,55.529,55.998,54.669, 0 
2018-10-19,55.592,55.449,56.571,55.266, 0 
2018-10-22,55.545,55.099,55.672,54.47, 0 
2018-10-23,53.897,52.847,53.937,52.04, 0 
2018-10-24,53.229,50.038,53.484,49.489, 0 
2018-10-25,51.781,51.892,52.425,50.715, 0 
2018-10-26,51.049,52.258,52.728,50.818, 0 
2018-10-29,52.815,51.359,53.233,50.46, 0 
2018-10-30,51.224,53.086,53.237,50.969, 0 
2018-10-31,53.778,53.388,54.916,53.269, 0 
2018-11-01,53.627,53.134,54.228,52.266, 0 
2018-11-02,53.221,51.749,53.667,51.382, 0 
2018-11-05,52.425,52.696,53.07,52.075, 0 
2018-11-06,52.951,53.07,53.126,52.075, 0 
2018-11-07,54.057,53.492,54.47,52.871, 0 
2018-11-08,53.277,51.009,53.714,50.818, 0 
2018-11-09,50.07,50.866,51.248,49.322, 0 
2018-11-12,51.55,49.601,51.932,49.601, 0 
2018-11-13,49.314,48.471,49.951,47.58, 0 
2018-11-14,49.346,48.789,50.293,48.312, 0 
2018-11-15,48.36,49.657,49.717,48.097, 0 
2018-11-16,49.959,50.381,50.635,49.792, 0 
2018-11-19,49.784,50.635,50.866,49.513, 0 
2018-11-20,49.935,48.686,49.935,48.073, 0 
2018-11-21,49.02,49.871,50.404,48.869, 0 
2018-11-23,47.803,48.535,48.638,47.429, 0 
2018-11-26,49.251,49.251,49.967,49.116, 0 
2018-11-27,49.275,49.712,49.967,48.813, 0 
2018-11-28,49.577,50.564,50.786,49.561, 0 
2018-11-29,50.651,50.977,51.487,50.452, 0 
2018-11-30,50.309,50.428,51.033,49.832, 0 
2018-12-03,51.956,52.76,52.879,51.526, 0 
2018-12-04,53.014,51.017,53.245,50.914, 0 
2018-12-06,49.426,50.77,50.77,48.94, 0 
2018-12-07,52.067,50.214,52.768,50.134, 0 
2018-12-10,49.561,49.649,50.118,48.137, 0 
2018-12-11,50.397,49.84,50.882,49.275, 0 
2018-12-12,50.325,49.704,51.129,49.665, 0 
2018-12-13,49.585,50.389,51.144,49.402, 0 
2018-12-14,50.381,49.131,50.516,48.94, 0 
2018-12-17,49.147,47.994,49.362,47.654, 0 
2018-12-18,47.922,47.031,48.391,46.681, 0 
2018-12-19,47.548,46.53,48.503,46.164, 0 
2018-12-20,45.726,45.511,46.88,45.249, 0 
2018-12-21,44.883,45.352,46.283,44.564, 0 
2018-12-24,44.58,43.132,45.257,43.132, 0 
2018-12-26,43.665,46.705,46.729,42.925, 0 
2018-12-27,46.012,47.285,47.293,45.074, 0 
2018-12-28,47.699,46.84,47.795,46.426, 0 
2018-12-31,47.206,47.381,47.683,46.852, 0 
2019-01-02,46.06,48.2,48.574,45.853, 0 
2019-01-03,48.328,47.246,48.463,46.832, 0 
2019-01-04,47.962,48.495,48.622,47.628, 0 
2019-01-07,48.622,48.272,48.909,47.651, 0 
2019-01-08,48.861,48.948,49.155,48.264, 0 
2019-01-09,49.545,50.643,50.882,49.171, 0 
2019-01-10,50.182,51.829,51.884,49.832, 0 
2019-01-11,51.304,50.595,51.351,50.118, 0 
2019-01-14,49.983,49.975,50.54,49.752, 0 
2019-01-15,50.317,50.309,50.906,50.094, 0 
2019-01-16,50.078,50.015,50.5,49.879, 0 
2019-01-17,49.537,51.129,51.216,49.497, 0 
2019-01-18,51.59,51.797,52.123,51.216, 0 
2019-01-22,51.081,50.086,51.272,49.953, 0 
2019-01-23,50.46,50.174,50.651,49.609, 0 
2019-01-24,50.261,50.381,50.866,49.848, 0 
2019-01-25,50.802,51.073,51.566,50.699, 0 
2019-01-28,50.182,49.768,50.185,49.394, 0 
2019-01-29,50.452,49.728,50.516,49.688, 0 
2019-01-30,50.126,50.038,50.365,49.577, 0 
2019-01-31,50.715,51.63,52.123,50.206, 0 
2019-02-01,52.147,52.418,53.03,51.956, 0 
2019-02-04,52.028,53.412,53.476,52.028, 0 
2019-02-05,53.189,52.879,53.436,52.76, 0 
2019-02-06,52.402,52.76,53.11,52.282, 0 
2019-02-07,52.171,51.463,52.537,51.28, 0 
2019-02-08,51.162,50.73,51.386,49.927, 0 
2019-02-11,50.187,51.114,51.378,50.187, 0 
2019-02-12,52.129,51.681,52.361,51.514, 0 
2019-02-13,51.889,51.945,52.784,51.833, 0 
2019-02-14,51.721,53,53.472,51.717, 0 
2019-02-15,53.672,53.863,53.975,53.304, 0 
2019-02-19,53.336,53.312,53.728,53.064, 0 
2019-02-20,53.288,54.239,54.319,53.28, 0 
2019-02-21,53.911,53.911,54.391,53.664, 0 
2019-02-22,54.399,53.696,54.527,53.616, 0 
2019-02-25,53.448,53.12,53.728,53.104, 0 
2019-02-26,53,52.856,53.344,52.713, 0 
2019-02-27,53.152,53.096,53.991,52.725, 0 
2019-02-28,53.04,52.001,53.072,51.849, 0 
2019-03-01,52.193,52.864,53.008,52.193, 0 
2019-03-04,53.4,53.64,53.768,52.705, 0 
2019-03-05,53.72,52.928,53.768,52.537, 0 
2019-03-06,52.609,52.353,52.633,52.073, 0 
2019-03-07,52.409,52.081,52.441,51.761, 0 
2019-03-08,51.082,50.067,51.082,49.651, 0 
2019-03-11,50.682,50.419,50.794,49.995, 0 
2019-03-12,50.658,50.227,50.858,49.843, 0 
2019-03-13,50.594,51.602,51.61,50.547, 0 
2019-03-14,51.546,51.338,52.009,51.298, 0 
2019-03-15,50.97,51.793,52.065,50.946, 0 
2019-03-18,52.025,51.809,52.361,51.563, 0 
2019-03-19,52.233,51.602,52.517,51.402, 0 
2019-03-20,51.634,51.753,52.249,51.058, 0 
2019-03-21,51.905,52.233,52.345,51.53, 0 
2019-03-22,51.689,50.578,51.921,50.035, 0 
2019-03-25,50.555,51.378,51.713,50.139, 0 
2019-03-26,52.097,52.569,53.398,52.049, 0 
2019-03-27,52.361,52.049,52.984,51.781, 0 
2019-03-28,51.642,51.626,51.809,51.13, 0 
2019-03-29,52.345,51.114,52.553,50.986, 0 
2019-04-01,51.713,51.873,52.217,51.57, 0 
2019-04-02,51.793,50.802,51.985,50.594, 0 
2019-04-03,51.17,50.131,51.29,49.859, 0 
2019-04-04,50.179,49.851,50.339,49.699, 0 
2019-04-05,50.131,50.618,50.674,49.931, 0 
2019-04-08,50.93,50.962,51.733,50.674, 0 
2019-04-09,50.69,50.283,50.742,50.083, 0 
2019-04-10,50.586,51.298,51.466,50.547, 0 
2019-04-11,51.034,50.818,51.801,50.299, 0 
2019-04-12,51.769,51.618,52.297,51.518, 0 
2019-04-15,51.37,50.794,51.506,50.686, 0 
2019-04-16,51.13,50.395,51.25,50.395, 0 
2019-04-17,50.914,50.347,51.322,50.347, 0 
2019-04-18,50.475,50.443,50.83,50.139, 0 
2019-04-22,51.082,51.29,51.561,50.788, 0 
2019-04-23,51.314,50.882,51.657,50.866, 0 
2019-04-24,51.322,49.483,51.322,49.476, 0 
2019-04-25,49.428,48.9,49.444,48.868, 0 
2019-04-26,48.588,47.949,48.646,47.389, 0 
2019-04-29,47.941,47.845,48.221,47.613, 0 
2019-04-30,48.564,48.221,48.9,47.765, 0 
2019-05-01,48.708,47.861,49.344,47.861, 0 
2019-05-02,47.485,46.758,48.373,46.75, 0 
2019-05-03,47.246,47.333,48.029,46.938, 0 
2019-05-06,46.726,47.23,47.601,46.51, 0 
2019-05-07,46.654,46.526,46.798,45.963, 0 
2019-05-08,46.558,46.87,47.437,46.494, 0 
2019-05-09,46.39,46.958,47.186,46.246, 0 
2019-05-10,46.988,47.51,47.799,46.345, 0 
2019-05-13,47.165,46.924,47.498,46.627, 0 
2019-05-14,47.165,47.832,48.289,47.125, 0 
2019-05-15,47.574,47.607,47.832,47.012, 0 
2019-05-16,48.056,48.032,48.482,47.976, 0 
2019-05-17,47.55,47.655,48.032,47.43, 0 
2019-05-20,47.599,47.936,48.024,47.478, 0 
2019-05-21,48.137,48.876,49.149,48.129, 0 
2019-05-22,48.434,48.418,48.948,48.165, 0 
2019-05-23,47.446,45.566,47.55,45.341, 0 
2019-05-24,45.984,45.872,46.297,45.108, 0 
2019-05-28,45.992,46.008,46.482,45.791, 0 
2019-05-29,45.398,46.08,46.249,45.116, 0 
2019-05-30,46.024,45.124,46.213,44.843, 0 
2019-05-31,44.402,45.132,45.486,44.217, 0 
2019-06-03,45.221,45.502,46.129,45.181, 0 
2019-06-04,45.863,45.245,45.968,45.128, 0 
2019-06-05,45.333,43.622,45.406,43.542, 0 
2019-06-06,43.863,44.522,44.787,43.791, 0 
2019-06-07,44.61,45.132,45.414,44.482, 0 
2019-06-10,45.43,45.373,45.719,44.996, 0 
2019-06-11,45.719,44.948,45.863,44.892, 0 
2019-06-12,44.498,44.803,44.851,44.265, 0 
2019-06-13,45.446,45.213,45.663,45.048, 0 
2019-06-14,45.213,45.02,45.478,44.916, 0 
2019-06-17,44.642,45.173,45.253,44.585, 0 
2019-06-18,45.51,45.831,46.145,45.333, 0 
2019-06-19,45.767,45.687,46.201,45.478, 0 
2019-06-20,46.554,46.53,46.932,46.289, 0 
2019-06-21,46.53,46.233,46.763,46.185, 0 
2019-06-24,46.225,46.386,46.594,46.185, 0 
2019-06-25,46.209,45.783,46.675,45.775, 0 
2019-06-26,46.635,48.177,48.619,46.627, 0 
2019-06-27,48.04,46.988,48.263,46.675, 0 
2019-06-28,46.988,46.771,47.325,46.514, 0 
2019-07-01,47.574,47.775,48.225,47.342, 0 
2019-07-02,47.759,46.048,47.84,45.896, 0 
2019-07-03,46.386,46.37,46.578,45.96, 0 
2019-07-05,46.121,45.888,46.434,45.639, 0 
2019-07-08,45.807,45.88,46.406,45.767, 0 
2019-07-09,45.952,45.88,46.113,45.165, 0 
2019-07-10,46.353,46.94,46.988,46.169, 0 
2019-07-11,46.811,47.141,47.149,46.577, 0 
2019-07-12,47.133,47.382,47.542,46.996, 0 
2019-07-15,47.454,46.49,47.502,46.434, 0 
2019-07-16,46.49,45.767,46.635,45.618, 0 
2019-07-17,46.056,45.791,46.402,45.783, 0 
2019-07-18,46.016,46.225,46.321,45.799, 0 
2019-07-19,46.158,46.481,46.68,45.698, 0 
2019-07-22,46.586,46.57,46.982,46.187, 0 
2019-07-23,46.49,46.441,46.586,46.086, 0 
2019-07-24,46.32,46.28,46.793,46.126, 0 
2019-07-25,46.691,45.44,46.699,45.327, 0 
2019-07-26,45.327,45.206,45.701,44.955, 0 
2019-07-29,45.157,44.754,45.254,44.176, 0 
2019-07-30,43.874,45.819,46.102,43.809, 0 
2019-07-31,45.795,45.472,46.005,44.907, 0 
2019-08-01,44.665,45.246,46.437,44.511, 0 
2019-08-02,45.359,43.365,45.658,43.244, 0 
2019-08-05,42.622,41.92,42.751,41.556, 0 
2019-08-06,42.194,41.556,42.202,41.306, 0 
2019-08-07,40.789,40.822,41.145,39.998, 0 
2019-08-08,41.193,42.235,42.251,40.805, 0 
2019-08-09,42.146,41.379,42.557,41.354, 0 
2019-08-12,41.201,40.66,41.314,40.442, 0 
2019-08-13,40.434,41.266,42.041,40.111, 0 
2019-08-14,40.127,39.578,40.45,39.36, 0 
2019-08-15,39.271,38.876,39.764,38.617, 0 
2019-08-16,38.989,39.328,39.59,38.787, 0 
2019-08-19,40.216,41.322,41.613,40.127, 0 
2019-08-20,40.975,40.329,41.048,40.281, 0 
2019-08-21,40.83,40.264,41.107,40.071, 0 
2019-08-22,40.491,39.966,40.846,39.941, 0 
2019-08-23,39.473,38.48,39.909,38.246, 0 
2019-08-26,38.989,39.247,39.522,38.698, 0 
2019-08-27,39.538,38.932,39.635,38.561, 0 
2019-08-28,39.279,39.715,39.946,39.15, 0 
2019-08-29,40.006,39.99,40.523,39.925, 0 
2019-08-30,40.046,39.901,40.515,39.449, 0 
2019-09-03,38.989,39.788,39.853,38.738, 0 
2019-09-04,40.394,40.805,40.947,40.238, 0 
2019-09-05,41.04,40.918,41.564,40.797, 0 
2019-09-06,40.628,41.072,41.201,40.305, 0 
2019-09-09,41.532,42.154,42.218,41.262, 0 
2019-09-10,42.614,43.244,44.188,42.493, 0 
2019-09-11,43.575,43.954,44.18,43.22, 0 
2019-09-12,42.977,43.268,43.769,42.65, 0 
2019-09-13,43.777,44.067,44.358,43.688, 0 
2019-09-16,47.386,48.258,48.758,46.627, 0 
2019-09-17,48.209,47.2,48.814,46.376, 0 
2019-09-18,46.215,46.223,46.514,45.626, 0 
2019-09-19,46.603,46.191,46.772,46.013, 0 
2019-09-20,46.417,46.877,47.2,46.32, 0 
2019-09-23,46.215,46.36,46.756,46.102, 0 
2019-09-24,46.207,45.65,46.263,44.879, 0 
2019-09-25,44.972,45.795,45.811,44.842, 0 
2019-09-26,45.456,44.342,45.513,44.027, 0 
2019-09-27,43.841,44.519,44.875,43.76, 0 
2019-09-30,44.253,43.777,44.528,43.542, 0 
2019-10-01,44.196,42.299,44.358,42.198, 0 
2019-10-02,42.008,40.62,42.21,40.563, 0 
2019-10-03,40.394,41.096,41.217,39.998, 0 
2019-10-04,40.991,40.967,41.363,40.321, 0 
2019-10-07,41.492,41.855,42.687,41.209, 0 
2019-10-08,41.29,41.29,42.485,41.154, 0 
2019-10-09,41.847,42.13,42.461,41.605, 0 
2019-10-10,42.178,42.889,42.989,42.178, 0 
2019-10-11,43.373,43.333,43.785,43.147, 0 
2019-10-14,42.848,43.09,43.345,42.695, 0 
2019-10-15,42.816,42.945,43.381,42.509, 0 
2019-10-16,42.863,42.196,43.119,42.156, 0 
2019-10-17,42.318,42.131,42.4,41.684, 0 
2019-10-18,42.237,41.659,42.412,41.659, 0 
2019-10-21,41.903,43.295,43.417,41.765, 0 
2019-10-22,43.278,43.766,44.669,43.27, 0 
2019-10-23,43.831,43.53,43.994,42.977, 0 
2019-10-24,43.791,43.457,44.059,43.107, 0 
2019-10-25,43.4,43.612,43.896,42.997, 0 
2019-10-28,43.718,43.067,44.1,42.4, 0 
2019-10-29,43.164,44.214,44.93,42.017, 0 
2019-10-30,44.498,42.546,44.515,42.473, 0 
2019-10-31,42.408,42.676,42.676,41.805, 0 
2019-11-01,43.042,44.263,44.539,42.896, 0 
2019-11-04,44.759,44.954,45.418,44.311, 0 
2019-11-05,45.458,45.369,46.036,45.245, 0 
2019-11-06,45.157,44.653,45.833,44.421, 0 
2019-11-07,45.198,46.207,46.28,45.198, 0 
2019-11-08,45.678,45.898,46.008,44.888, 0 
2019-11-11,45.491,45.694,45.963,45.198, 0 
2019-11-12,45.751,45.141,46.134,44.901, 0 
2019-11-13,44.824,44.596,44.969,44.32, 0 
2019-11-14,44.759,44.344,44.995,44.108, 0 
2019-11-15,44.596,45.157,45.186,44.588, 0 
2019-11-18,44.71,43.896,44.775,43.646, 0 
2019-11-19,44.002,44.279,44.572,43.571, 0 
2019-11-20,44.222,46.06,46.215,44.075, 0 
2019-11-21,46.215,46.752,47.028,46.093, 0 
2019-11-22,46.98,46.5,47.712,46.284, 0 
2019-11-25,46.581,47.435,47.525,45.938, 0 
2019-11-26,47.232,46.671,47.687,46.638, 0 
2019-11-27,46.866,46.858,46.972,45.987, 0 
2019-11-29,46.264,46.532,46.821,46.117, 0 
2019-12-02,46.776,46.882,47.639,46.597, 0 
2019-12-03,46.37,45.678,46.508,45.451, 0 
2019-12-04,46.06,47.094,47.435,45.914, 0 
2019-12-05,47.395,46.451,47.61,46.125, 0 
2019-12-06,46.833,48.184,48.314,46.687, 0 
2019-12-09,47.866,48.07,48.387,47.704, 0 
2019-12-10,48.078,48.013,48.216,47.663, 0 
2019-12-11,47.696,47.948,48.078,47.415, 0 
2019-12-12,47.793,48.688,48.981,47.696, 0 
2019-12-13,49.388,48.777,49.892,48.607, 0 
2019-12-16,49.062,48.875,49.485,48.635, 0 
2019-12-17,48.94,49.445,49.656,48.94, 0 
2019-12-18,49.404,49.184,49.798,49.144, 0 
2019-12-19,49.005,49.176,49.323,48.944, 0 
2019-12-20,49.778,49.607,49.851,49.209, 0 
2019-12-23,49.567,50.323,50.514,49.396, 0 
2019-12-24,50.453,50.38,51.063,50.331, 0 
2019-12-26,50.722,50.649,51.247,50.527, 0 
2019-12-27,50.811,50.632,51.161,50.331, 0 
2019-12-30,50.705,50.331,50.852,50.266, 0 
2019-12-31,49.957,50.673,50.787,49.754, 0 
2020-01-02,50.876,51.023,51.202,50.527, 0 
2020-01-03,52.308,51.218,52.381,50.703, 0 
2020-01-06,51.69,51.853,52.227,51.364, 0 
2020-01-07,51.82,51.853,51.861,51.251, 0 
2020-01-08,51.828,50.6,51.975,50.258, 0 
2020-01-09,50.299,51.519,51.584,50.071, 0 
2020-01-10,51.348,50.99,51.625,50.917, 0 
2020-01-13,50.941,50.754,51.063,50.551, 0 
2020-01-14,50.828,50.762,50.917,50.372, 0 
2020-01-15,50.649,50.649,50.917,50.193, 0 
2020-01-16,50.966,50.705,51.149,50.449, 0 
2020-01-17,50.876,50.705,50.998,50.518, 0 
2020-01-21,50.299,49.859,50.527,49.786, 0 
2020-01-22,49.672,49.03,49.672,48.883, 0 
2020-01-23,48.216,49.135,49.31,47.901, 0 
2020-01-24,48.777,48.712,48.777,48.249, 0 
2020-01-27,47.696,47.427,48.07,47.264, 0 
2020-01-28,47.891,47.541,47.948,47.313, 0 
2020-01-29,47.875,46.98,47.948,46.801, 0 
2020-01-30,46.378,47.305,47.386,46.248, 0 
2020-01-31,46.581,46.117,46.915,45.861, 0 
2020-02-03,46.101,45.914,46.858,45.654, 0 
2020-02-04,45.711,43.726,46.435,43.677, 0 
2020-02-05,44.368,45.589,45.727,43.994, 0 
2020-02-06,45.824,45.288,45.824,44.897, 0 
2020-02-07,44.799,44.946,45.255,44.596, 0 
2020-02-10,44.515,44.848,45.066,44.311, 0 
2020-02-11,45.646,45.532,45.776,45.125, 0 
2020-02-12,46.5,46.386,47.517,46.207, 0 
2020-02-13,46.18,45.958,46.475,45.778, 0 
2020-02-14,45.999,45.795,46.184,45.434, 0 
2020-02-18,45.623,45.532,45.754,45.049, 0 
2020-02-19,45.901,46.319,46.401,45.847, 0 
2020-02-20,46.311,46.008,46.556,45.762, 0 
2020-02-21,45.549,45.647,45.782,45.098, 0 
2020-02-24,43.771,43.96,44.418,43.64, 0 
2020-02-25,44.074,41.87,44.209,41.633, 0 
2020-02-26,42.026,39.691,42.215,39.642, 0 
2020-02-27,38.405,36.382,38.413,36.382, 0 
2020-02-28,34.981,37.438,37.455,34.735, 0 
2020-03-02,38.176,38.102,38.225,36.177, 0 
2020-03-03,38.348,37.193,39.953,36.644, 0 
2020-03-04,37.709,38.266,38.364,36.881, 0 
2020-03-05,37.078,36.849,37.619,36.095, 0 
2020-03-06,35.439,34.907,35.857,34.374, 0 
2020-03-09,25.584,25.682,27.427,23.987, 0 
2020-03-10,27.788,26.346,28.427,24.806, 0 
2020-03-11,25.289,24.445,25.58,23.584, 0 
2020-03-12,22.627,20.873,23.503,20.562, 0 
2020-03-13,22.84,23.479,23.774,20.37, 0 
2020-03-16,20.292,19.137,23.29,18.997, 0 
2020-03-17,19.366,19.276,19.768,17.752, 0 
2020-03-18,17.637,16.343,18.743,14.844, 0 
2020-03-19,16.72,18.735,19.063,14.975, 0 
2020-03-20,19.94,19.759,21.029,18.981, 0 
2020-03-23,19.686,17.883,19.866,16.9, 0 
2020-03-24,19.44,22.954,23.061,19.44, 0 
2020-03-25,23.356,23.118,24.445,21.93, 0 
2020-03-26,23.266,24.06,24.362,22.674, 0 
2020-03-27,22.446,21.734,22.569,21.365, 0 
2020-03-30,21.127,21.766,22.463,20.316, 0 
2020-03-31,22.373,23.003,23.921,22.111, 0 
2020-04-01,21.791,22.037,22.782,21.385, 0 
2020-04-02,23.372,25.51,26.788,22.93, 0 
2020-04-03,26.125,24.732,26.428,23.67, 0 
2020-04-06,25.199,24.642,25.461,23.815, 0 
2020-04-07,26.346,25.027,27.214,24.822, 0 
2020-04-08,25.666,27.001,27.173,25.514, 0 
2020-04-09,28.845,26.223,28.886,25.042, 0 
2020-04-13,27.214,25.871,27.247,25.437, 0 
2020-04-14,25.928,25.691,26.01,25.355, 0 
2020-04-15,24.126,24.15,24.806,22.946, 0 
2020-04-16,23.855,23.225,24.175,22.774, 0 
2020-04-17,23.97,26.657,26.743,23.864, 0 
2020-04-20,24.372,26.092,26.993,24.314, 0 
2020-04-21,24.765,24.961,25.732,24.486, 0 
2020-04-22,26.608,26.428,26.878,26.067, 0 
2020-04-23,27.763,27.411,28.244,26.747, 0 
2020-04-24,28.058,27.337,28.329,27.083, 0 
2020-04-27,27.157,28.206,28.419,26.182, 0 
2020-04-28,28.812,29.295,29.713,28.542, 0 
2020-04-29,30.598,32.351,32.625,30.246, 0 
2020-04-30,32.654,32.261,33.473,31.229, 0 
2020-05-01,30.983,29.836,31.605,29.484, 0 
2020-05-04,29.41,30.835,30.868,29.025, 0 
2020-05-05,33.08,31.294,33.465,31.077, 0 
2020-05-06,31.433,30.942,32.04,30.393, 0 
2020-05-07,32.179,32.523,33.285,32.105, 0 
2020-05-08,33.45,33.417,33.64,32.573, 0 
2020-05-11,32.713,32.746,33.582,32.589, 0 
2020-05-12,33.036,32.175,33.474,32.134, 0 
2020-05-13,31.712,30.777,31.844,30.487, 0 
2020-05-14,29.983,30.81,31.249,29.031, 0 
2020-05-15,30.761,31.588,32.151,30.636, 0 
2020-05-18,33.723,33.847,34.683,33.487, 0 
2020-05-19,33.93,33.077,34.079,33.028, 0 
2020-05-20,33.839,34.302,34.84,33.599, 0 
2020-05-21,34.5,33.946,34.898,33.863, 0 
2020-05-22,33.276,33.582,33.648,32.771, 0 
2020-05-26,34.848,33.905,35.105,33.76, 0 
2020-05-27,34.459,34.732,34.741,33.317, 0 
2020-05-28,34.774,33.359,34.774,33.164, 0 
2020-05-29,33.028,32.672,33.164,32.25, 0 
2020-06-01,32.738,33.673,33.93,32.225, 0 
2020-06-02,34.194,34.343,34.745,33.93, 0 
2020-06-03,35.096,35.105,35.196,34.194, 0 
2020-06-04,34.74,34.765,35.113,34.323, 0 
2020-06-05,36.983,37.976,38.129,36.685, 0 
2020-06-08,39.316,39.399,39.796,38.158, 0 
2020-06-09,37.694,38.009,38.472,37.388, 0 
2020-06-10,37.521,35.758,37.727,35.725, 0 
2020-06-11,32.589,32.622,34.385,32.357, 0 
2020-06-12,35.262,33.954,35.344,32.614, 0 
2020-06-15,31.753,33.64,34.103,31.571, 0 
2020-06-16,35.253,35.096,35.568,33.843, 0 
2020-06-17,34.997,34.194,35.088,34.103, 0 
2020-06-18,33.789,34.55,34.873,33.499, 0 
2020-06-19,35.75,33.93,35.75,33.665, 0 
2020-06-22,33.549,33.814,34.161,33.069, 0 
2020-06-23,34.277,34.021,34.616,33.839, 0 
2020-06-24,33.35,31.687,33.491,31.638, 0 
2020-06-25,31.414,32.573,32.622,31.29, 0 
2020-06-26,32.167,31.158,32.209,31, 0 
2020-06-29,31.199,31.944,31.985,30.802, 0 
2020-06-30,31.588,32.539,32.804,31.104, 0 
2020-07-01,32.813,31.48,33.21,31.431, 0 
2020-07-02,32.374,32.341,32.945,32.175, 0 
2020-07-06,33.044,32.217,33.243,31.993, 0 
2020-07-07,31.82,31.398,32.217,31.34, 0 
2020-07-08,31.348,31.729,32.167,31.116, 0 
2020-07-09,31.414,29.503,31.604,29.453, 0 
2020-07-10,29.511,30.612,30.719,29.395, 0 
2020-07-13,30.976,30.587,31.29,30.041, 0 
2020-07-14,30.405,31.952,31.977,30.264, 0 
2020-07-15,32.68,32.209,32.87,31.737, 0 
2020-07-16,31.935,32.184,32.573,31.414, 0 
2020-07-17,32.334,31.172,32.602,31.018, 0 
2020-07-20,31.172,30.646,31.49,30.574, 0 
2020-07-21,31.289,32.593,32.946,31.206, 0 
2020-07-22,32.1,31.95,32.246,31.473, 0 
2020-07-23,31.649,31.59,32.146,31.394, 0 
2020-07-24,31.824,31.44,32.338,31.34, 0 
2020-07-27,31.139,31.014,31.607,30.738, 0 
2020-07-28,30.846,30.336,31.172,30.203, 0 
2020-07-29,30.345,31.156,31.156,30.036, 0 
2020-07-30,29.634,29.233,29.927,27.779, 0 
2020-07-31,28.74,29.024,29.2,28.452, 0 
2020-08-03,28.924,28.456,29.024,28.439, 0 
2020-08-04,28.414,29.233,29.588,28.255, 0 
2020-08-05,29.952,29.551,30.111,29.292, 0 
2020-08-06,29.233,29.576,29.893,29.208, 0 
2020-08-07,29.425,29.785,29.86,28.995, 0 
2020-08-10,29.96,30.905,30.93,29.91, 0 
2020-08-11,31.682,30.963,32.167,30.855, 0 
2020-08-12,31.515,32.593,32.61,31.415, 0 
2020-08-13,32.167,31.732,32.731,31.724, 0 
2020-08-14,31.39,31.891,32.042,31.172, 0 
2020-08-17,31.833,31.791,32.025,31.131, 0 
2020-08-18,31.724,31.482,32.313,31.314, 0 
2020-08-19,31.298,30.913,31.473,30.805, 0 
2020-08-20,30.42,30.178,30.629,30.144, 0 
2020-08-21,30.069,29.668,30.211,29.488, 0 
2020-08-24,29.818,30.261,30.838,29.605, 0 
2020-08-25,30.713,30.245,30.746,29.91, 0 
2020-08-26,30.228,29.166,30.332,29.133, 0 
2020-08-27,29.342,29.659,29.768,29.116, 0 
2020-08-28,29.81,29.852,29.919,29.434, 0 
2020-08-31,29.827,29.442,29.91,29.175, 0 
2020-09-01,29.049,28.832,29.2,28.376, 0 
2020-09-02,28.698,28.18,28.836,28.18, 0 
2020-09-03,27.887,27.854,28.59,27.729, 0 
2020-09-04,28.163,27.745,28.439,27.586, 0 
2020-09-08,27.277,26.241,27.277,25.973, 0 
2020-09-09,26.901,26.575,26.901,26.374, 0 
2020-09-10,26.55,25.288,26.625,25.238, 0 
2020-09-11,25.254,25.447,25.722,25.054, 0 
2020-09-14,25.555,25.789,26.082,25.363, 0 
2020-09-15,25.965,26.023,26.374,25.865, 0 
2020-09-16,26.291,27.093,27.469,25.898, 0 
2020-09-17,26.525,27.938,27.954,26.324, 0 
2020-09-18,27.695,27.754,28.238,27.361, 0 
2020-09-21,26.868,26.491,27.093,26.266, 0 
2020-09-22,26.475,26.441,26.868,26.199, 0 
2020-09-23,26.491,25.288,26.684,25.254, 0 
2020-09-24,25.196,25.856,26.408,24.903, 0 
2020-09-25,25.43,25.94,26.182,25.338, 0 
2020-09-28,26.475,25.948,26.809,25.873, 0 
2020-09-29,25.957,24.903,26.007,24.661, 0 
2020-09-30,25.129,25.221,25.597,24.979, 0 
2020-10-01,24.711,24.878,25.137,24.26, 0 
2020-10-02,24.168,25.413,25.597,24.059, 0 
2020-10-05,25.823,26.425,26.45,25.547, 0 
2020-10-06,26.926,25.605,27.093,25.455, 0 
2020-10-07,25.748,26.466,26.634,25.622, 0 
2020-10-08,26.608,27.469,27.545,26.441, 0 
2020-10-09,27.812,27.135,27.837,26.893, 0 
2020-10-12,27.085,27.52,27.729,26.801, 0 
2020-10-13,27.469,26.926,27.862,26.776, 0 
2020-10-14,26.224,26.634,27.469,26.224, 0 
2020-10-15,26.082,27.361,27.419,25.915, 0 
2020-10-16,27.224,26.344,27.359,26.327, 0 
2020-10-19,26.64,25.439,26.708,25.422, 0 
2020-10-20,25.616,25.337,25.735,24.906, 0 
2020-10-21,24.99,23.696,25.193,23.645, 0 
2020-10-22,23.679,24.77,24.821,23.552, 0 
2020-10-23,25.075,25.303,25.853,24.779, 0 
2020-10-26,24.643,23.425,24.787,23.222, 0 
2020-10-27,23.29,23.374,23.738,23.12, 0 
2020-10-28,22.613,22.13,22.993,21.927, 0 
2020-10-29,21.564,22.444,22.469,21.064, 0 
2020-10-30,22.249,21.987,22.283,21.149, 0 
2020-11-02,22.663,23.349,23.62,21.894, 0 
2020-11-03,23.763,22.57,23.78,22.427, 0 
2020-11-04,22.807,23.476,23.679,22.486, 0 
2020-11-05,23.239,23.256,23.924,23.188, 0 
2020-11-06,23.264,22.469,23.704,22.122, 0 
2020-11-09,25.828,26.014,27.241,25.583, 0 
2020-11-10,26.835,27.833,27.842,26.192, 0 
2020-11-11,28.197,27.622,28.4,27.436, 0 
2020-11-12,27.046,26.547,27.562,26.2, 0 
2020-11-13,26.835,27.689,27.859,26.75, 0 
2020-11-16,29.035,29.991,30.033,28.569, 0 
2020-11-17,29.517,30.642,30.879,29.28, 0 
2020-11-18,30.735,30.921,32.351,30.473, 0 
2020-11-19,30.524,31.167,31.285,30.245, 0 
2020-11-20,31.031,31.319,31.556,30.888, 0 
2020-11-23,31.92,33.908,34.018,31.844, 0 
2020-11-24,35.067,35.347,36.15,34.814, 0 
2020-11-25,35,34.687,35.372,34.458, 0 
2020-11-27,34.492,33.967,34.924,33.646, 0 
2020-11-30,33.248,31.243,33.341,31.226, 0 
2020-12-01,32.377,30.998,32.419,30.955, 0 
2020-12-02,30.921,31.59,32.436,30.625, 0 
2020-12-03,31.658,32.631,33.434,31.302, 0 
2020-12-04,33.553,35.228,35.296,33.401, 0 
2020-12-07,34.45,34.001,34.526,33.747, 0 
2020-12-08,33.308,33.883,34.526,33.054, 0 
2020-12-09,34.391,33.9,34.577,33.071, 0 
2020-12-10,33.824,35,35.186,33.688, 0 
2020-12-11,34.585,34.56,34.847,34.297, 0 
2020-12-14,35.067,33.578,35.211,33.527, 0 
2020-12-15,33.866,33.984,34.137,33.062, 0 
2020-12-16,34.027,33.578,34.103,33.417, 0 
2020-12-17,33.959,33.282,33.959,32.986, 0 
2020-12-18,33.299,32.444,33.477,32.233, 0 
2020-12-21,31.116,31.818,32.394,30.71, 0 
2020-12-22,31.785,30.795,31.852,30.668, 0 
2020-12-23,31.116,31.683,32.216,31.048, 0 
2020-12-24,31.624,31.184,31.624,30.735, 0 
2020-12-28,31.243,31.023,32.013,30.854, 0 
2020-12-29,31.074,30.828,31.565,30.575, 0 
2020-12-30,30.761,31.624,31.649,30.608, 0 
2020-12-31,31.539,31.607,31.861,31.285, 0 
2021-01-04,32.038,31.251,32.165,30.921, 0 
2021-01-05,31.818,33.172,34.044,31.615, 0 
2021-01-06,33.756,34.585,34.957,33.24, 0 
2021-01-07,35.042,35.592,35.837,34.661, 0 
2021-01-08,35.846,35.592,36.252,35.16, 0 
2021-01-11,35.084,36.15,36.447,34.416, 0 
2021-01-12,36.709,37.893,38.105,36.455, 0 
2021-01-13,37.834,37.563,37.936,37.2, 0 
2021-01-14,37.893,38.274,38.63,37.343, 0 
2021-01-15,37.775,35.947,37.775,35.448, 0 
2021-01-19,35.973,36.692,36.819,35.727, 0 
2021-01-20,37.005,36.15,37.107,36.1, 0 
2021-01-21,36.193,34.314,36.438,33.9, 0 
2021-01-22,33.358,33.891,34.137,33.096, 0 
2021-01-25,33.417,33.798,33.841,32.664, 0 
2021-01-26,34.213,33.037,34.746,32.978, 0 
2021-01-27,32.444,32.165,33.384,31.793, 0 
2021-01-28,32.554,32.554,33.003,31.937, 0 
2021-01-29,32.131,31.641,32.851,31.598, 0 
2021-02-01,31.979,32.216,32.444,31.361, 0 
2021-02-02,32.927,32.436,33.561,32.377, 0 
2021-02-03,32.673,34.331,34.687,32.47, 0 
2021-02-04,34.67,35.008,35.017,33.807, 0 
2021-02-05,35.753,35.355,35.778,35.076, 0 
2021-02-08,36.057,37.352,37.733,35.93, 0 
2021-02-09,36.878,37.436,37.91,36.573, 0 
2021-02-10,37.699,37.75,38.384,37.039, 0 
2021-02-11,37.476,37.425,37.493,36.375, 0 
2021-02-12,37.143,38.04,38.091,37.007, 0 
2021-02-16,38.757,39.483,39.807,38.603, 0 
2021-02-17,39.773,39.918,40.021,38.979, 0 
2021-02-18,39.611,38.492,39.722,38.441, 0 
2021-02-19,38.458,39.116,39.244,38.339, 0 
2021-02-22,39.756,41.216,41.899,39.449, 0 
2021-02-23,42.173,42.258,42.6,40.175, 0 
2021-02-24,42.173,44.453,44.64,41.712, 0 
2021-02-25,44.709,43.052,45.17,42.19, 0 
2021-02-26,42.685,42.181,42.907,41.199, 0 
2021-03-01,43.428,42.694,43.846,42.318, 0 
2021-03-02,42.608,42.412,43.274,42.378, 0 
2021-03-03,42.736,43.59,44.529,42.642, 0 
2021-03-04,43.846,45.264,46.434,43.607, 0 
2021-03-05,47.296,47.586,48.568,46.536, 0 
2021-03-08,47.953,47.962,48.952,47.031, 0 
2021-03-09,47.834,47.211,48.662,46.826, 0 
2021-03-10,47.176,48.508,48.807,46.767, 0 
2021-03-11,48.585,48.859,49.977,48.491, 0 
2021-03-12,49.209,48.312,49.405,48.133, 0 
2021-03-15,47.202,47.433,47.783,46.416, 0 
2021-03-16,46.51,46.083,46.784,45.563, 0 
2021-03-17,45.861,46.297,46.553,45.178, 0 
2021-03-18,45.938,43.351,46.083,43.12, 0 
2021-03-19,43.274,42.685,43.983,42.472, 0 
2021-03-22,42.907,42.378,43.035,42.207, 0 
2021-03-23,41.421,41.925,42.839,40.917, 0 
2021-03-24,42.822,43.206,43.838,42.753, 0 
2021-03-25,42.224,43.513,43.71,41.805, 0 
2021-03-26,44.444,44.768,44.837,43.906, 0 
2021-03-29,44.307,43.744,44.324,43.129, 0 
2021-03-30,43.197,43.394,44.017,43.061, 0 
2021-03-31,43.291,43.001,43.616,42.728, 0 
2021-04-01,43.129,43.897,43.915,42.625, 0 
2021-04-05,43.804,42.352,43.804,42.13, 0 
2021-04-06,42.702,42.668,43.59,42.523, 0 
2021-04-07,42.847,42.497,43.163,42.292, 0 
2021-04-08,41.848,41.524,42.019,41.353, 0 
2021-04-09,41.635,41.515,42.164,41.25, 0 
2021-04-12,41.959,41.199,42.378,41.165, 0 
2021-04-13,40.875,41.139,41.601,40.798, 0 
2021-04-14,41.643,42.762,43.505,41.643, 0 
2021-04-15,42.77,42.087,42.864,41.976, 0 
2021-04-16,42.378,41.396,42.429,41.353, 0 
2021-04-19,41.566,41.225,41.942,40.96, 0 
2021-04-20,40.892,39.312,41.011,39.116, 0 
2021-04-21,38.783,40.499,40.576,38.629, 0 
2021-04-22,40.499,40.004,40.533,39.773, 0 
2021-04-23,39.978,40.226,40.465,39.748, 0 
2021-04-26,40.158,40.678,41.25,40.123, 0 
2021-04-27,40.841,41.575,41.908,40.687, 0 
2021-04-28,41.916,43.061,43.325,41.891, 0 
2021-04-29,43.88,43.138,44.307,42.898, 0 
2021-04-30,42.326,41.438,43.035,41.293, 0 
2021-05-03,42.104,42.805,42.967,41.797, 0 
2021-05-04,41.942,42.659,43.052,41.865, 0 
2021-05-05,44.179,45.11,45.306,43.214, 0 
2021-05-06,45.161,45.332,45.349,43.616, 0 
2021-05-07,44.794,46.527,46.732,44.581, 0 
2021-05-10,47.475,46.442,48.44,46.408, 0 
2021-05-11,45.409,45.349,46.203,44.862, 0 
2021-05-12,45.682,45.323,47.048,45.127, 0 
2021-05-13,44.763,44.445,45.469,43.868, 0 
2021-05-14,45.133,46.407,46.519,45.125, 0 
2021-05-17,46.019,47.938,47.964,46.019, 0 
2021-05-18,47.913,47.069,48.231,46.785, 0 
2021-05-19,45.908,45.598,46.415,44.944, 0 
2021-05-20,45.658,45.434,45.667,44.78, 0 
2021-05-21,46.011,45.658,46.329,45.589, 0 
2021-05-24,46.062,46.045,46.183,45.322, 0 
2021-05-25,45.959,44.995,46.286,44.901, 0 
2021-05-26,45.159,45.46,45.581,44.815, 0 
2021-05-27,45.727,45.555,46.235,45.202, 0 
2021-05-28,45.787,45.735,45.916,45.374, 0 
2021-06-01,46.889,47.913,48.093,46.863, 0 
2021-06-02,48.248,48.532,48.894,47.456, 0 
2021-06-03,48.3,48.945,49.401,48.162, 0 
2021-06-04,49.246,49.272,49.513,48.455, 0 
2021-06-07,49.238,49.238,49.857,49.048, 0 
2021-06-08,48.911,49.806,49.935,48.222, 0 
2021-06-09,49.943,49.126,50.158,49.04, 0 
2021-06-10,50.27,49.548,50.503,48.782, 0 
2021-06-11,49.831,49.375,50.201,49.229, 0 
2021-06-14,49.961,49.668,50.322,49.272, 0 
2021-06-15,50.004,50.408,50.744,49.806, 0 
2021-06-16,50.339,50.374,50.933,49.883, 0 
2021-06-17,50.176,48.549,50.752,48.154, 0 
2021-06-18,47.577,47.276,48.721,47.233, 0 
2021-06-21,47.878,49.788,49.857,47.861, 0 
2021-06-22,49.53,50.081,50.365,49.091, 0 
2021-06-23,50.348,50.055,51.423,50.047, 0 
2021-06-24,50.236,50.597,50.701,49.677, 0 
2021-06-25,50.864,50.528,50.907,50.279, 0 
2021-06-28,50.365,49.048,50.408,48.859, 0 
2021-06-29,49.487,48.584,49.573,48.403, 0 
2021-06-30,49.814,50.176,50.219,49.238, 0 
2021-07-01,51.716,51.879,52.473,51.423, 0 
2021-07-02,51.518,51.768,52.129,50.769, 0 
2021-07-06,51.793,49.642,51.888,49.582, 0 
2021-07-07,49.401,48.549,50.072,48.222, 0 
2021-07-08,47.895,48.721,49.091,47.672, 0 
2021-07-09,49.186,49.513,49.797,48.833, 0 
2021-07-12,48.463,49.229,49.78,48.308, 0 
2021-07-13,48.962,48.937,49.393,48.369, 0 
2021-07-14,49.307,47.396,49.926,47.112, 0 
2021-07-15,46.82,46.889,47.87,46.639, 0 
2021-07-16,47.422,45.529,47.594,45.365, 0 
2021-07-19,43.748,43.98,44.496,43.223, 0 
2021-07-20,43.808,44.643,45.314,43.619, 0 
2021-07-21,45.727,46.837,47.181,45.624, 0 
2021-07-22,46.837,46.536,47,46.114, 0 
2021-07-23,46.328,45.756,46.571,45.236, 0 
2021-07-26,46.077,47.083,47.499,45.955, 0 
2021-07-27,46.467,46.614,46.866,45.756, 0 
2021-07-28,46.744,46.953,47.325,46.163, 0 
2021-07-29,47.559,47.265,47.924,47.074, 0 
2021-07-30,46.987,46.38,47.109,46.085, 0 
2021-08-02,46.788,45.791,47.854,45.747, 0 
2021-08-03,45.539,46.883,46.996,45.036, 0 
2021-08-04,45.747,45.4,46.762,45.383, 0 
2021-08-05,45.86,46.285,46.866,45.504, 0 
2021-08-06,46.84,46.762,47.343,46.415, 0 
2021-08-09,46.042,45.851,46.476,45.661, 0 
2021-08-10,46.198,46.744,47.005,46.12, 0 
2021-08-11,46.658,47.36,47.507,46.285, 0 
2021-08-12,47.317,47.23,47.698,46.788, 0 
2021-08-13,47.152,46.302,47.395,46.198, 0 
2021-08-16,45.652,45.296,45.964,45.114, 0 
2021-08-17,44.95,45.045,45.843,44.811, 0 
2021-08-18,44.924,44.186,45.513,44.126, 0 
2021-08-19,43.441,43.241,43.71,42.348, 0 
2021-08-20,42.747,43.527,43.718,42.504, 0 
2021-08-23,44.724,45.279,45.574,44.611, 0 
2021-08-24,45.617,45.817,46.059,45.149, 0 
2021-08-25,45.851,46.346,46.666,45.504, 0 
2021-08-26,46.111,45.574,46.406,45.426, 0 
2021-08-27,46.146,46.97,47.299,45.912, 0 
2021-08-30,47.178,46.502,47.317,46.484, 0 
2021-08-31,46.111,45.921,46.614,45.721, 0 
2021-09-01,45.947,45.158,46.259,44.958, 0 
2021-09-02,45.687,46.848,47.178,45.643, 0 
2021-09-03,46.623,46.536,47.152,46.276, 0 
2021-09-07,46.233,46.311,46.744,45.739, 0 
2021-09-08,46.606,45.704,46.857,45.626, 0 
2021-09-09,45.591,45.964,46.796,45.314, 0 
2021-09-10,46.857,46.094,46.97,45.86, 0 
2021-09-13,46.822,47.707,48.132,46.822, 0 
2021-09-14,48.253,47.143,48.314,46.857, 0 
2021-09-15,48.14,49.207,49.328,48.114, 0 
2021-09-16,49.172,49.129,49.502,48.721, 0 
2021-09-17,48.99,48.86,49.719,48.739, 0 
2021-09-20,47.62,47.256,48.071,46.588, 0 
2021-09-21,48.47,49.216,49.649,47.82, 0 
2021-09-22,49.979,51.756,52.302,49.979, 0 
2021-09-23,51.748,53.013,53.369,51.748, 0 
2021-09-24,53.083,54.149,54.739,52.866, 0 
2021-09-27,55.606,55.615,55.823,54.826, 0 
2021-09-28,56.343,56.56,57.288,56.014, 0 
2021-09-29,56.412,56.768,57.15,55.537, 0 
2021-09-30,56.924,56.534,57.505,56.491, 0 
2021-10-01,57.063,58.554,58.754,57.002, 0 
2021-10-04,59.205,59.759,60.731,59.014, 0 
2021-10-05,60.288,59.968,60.947,59.083, 0 
2021-10-06,58.814,60.037,60.297,58.285, 0 
2021-10-07,60.21,59.777,60.314,58.996, 0 
2021-10-08,60.366,62.734,62.89,60.366, 0 
2021-10-11,62.916,61.91,63.254,61.719, 0 
2021-10-12,62.057,61.424,62.465,61.086, 0 
2021-10-13,60.592,61.268,61.728,59.733, 0 
2021-10-14,62.187,61.806,62.465,60.93, 0 
2021-10-15,62.482,62.057,62.742,62.049, 0 
2021-10-18,62.604,62.369,63.453,62.049, 0 
2021-10-19,62.664,63.08,63.54,62.265, 0 
2021-10-20,62.56,63.687,63.757,62.404, 0 
2021-10-21,63.367,62.447,63.367,62.031, 0 
2021-10-22,62.907,63.427,63.739,62.794, 0 
2021-10-25,64.156,64.121,65.387,63.843, 0 
2021-10-26,64.268,64.563,65.083,64.078, 0 
2021-10-27,63.684,62.698,64.644,62.541, 0 
2021-10-28,62.646,63.326,63.492,62.428, 0 
2021-10-29,62.698,62.751,63.457,62.297, 0 
2021-11-01,63.152,62.838,63.553,62.69, 0 
2021-11-02,62.794,61.477,63.414,61.285, 0 
2021-11-03,61.146,61.224,62.053,60.797, 0 
2021-11-04,62.323,61.721,63.004,61.337, 0 
2021-11-05,62.812,63.588,63.902,62.253, 0 
2021-11-08,63.78,64.007,65.071,63.597, 0 
2021-11-09,63.902,63.85,64.059,62.951, 0 
2021-11-10,62.759,61.451,63.169,61.39, 0 
2021-11-11,61.713,60.701,62.027,60.57, 0 
2021-11-12,60.221,60.893,61.05,60.142, 0 
2021-11-15,60.779,61.207,61.791,60.352, 0 
2021-11-16,61.451,61.137,62.157,61.076, 0 
2021-11-17,60.683,60.552,62.262,60.343, 0 
2021-11-18,60.683,61.207,61.634,60.238, 0 
2021-11-19,59.636,58.494,59.968,58.319, 0 
2021-11-22,58.52,60.483,61.303,58.494, 0 
2021-11-23,61.372,62.131,62.951,61.311, 0 
2021-11-24,61.651,63.047,63.623,61.625, 0 
2021-11-26,59.296,60.125,60.247,58.258, 0 
2021-11-29,61.87,60.709,62.934,60.535, 0 
2021-11-30,59.436,58.947,60.788,58.843, 0 
2021-12-01,60.587,58.136,60.736,58.092, 0 
2021-12-02,58.127,59.933,60.273,57.299, 0 
2021-12-03,60.727,59.802,61.407,58.991, 0 
2021-12-06,61.015,61.285,61.896,60.256, 0 
2021-12-07,62.463,62.82,64.033,62.41, 0 
2021-12-08,62.864,62.419,63.518,61.966, 0 
2021-12-09,62.288,61.058,62.288,60.98, 0 
2021-12-10,61.791,61.878,62.018,60.221, 0 
2021-12-13,61.337,59.724,61.564,59.287, 0 
2021-12-14,59.322,59.427,60.352,58.86, 0 
2021-12-15,59.366,59.453,59.898,57.674, 0 
2021-12-16,60.343,60.317,61.503,59.985, 0 
2021-12-17,59.619,57.621,59.793,57.525, 0 
2021-12-20,56.261,57.613,57.648,55.397, 0 
2021-12-21,58.337,59.427,59.567,58.223, 0 
2021-12-22,59.27,59.776,60.247,58.712, 0 
2021-12-23,59.959,59.872,60.701,59.741, 0 
2021-12-27,59.872,61.634,61.669,59.235, 0 
2021-12-28,61.809,61.556,62.253,61.355, 0 
2021-12-29,61.678,61.381,62.131,60.962, 0 
2021-12-30,61.521,60.823,62.061,60.753, 0 
2021-12-31,60.589,60.912,61.341,60.475, 0 
2022-01-03,60.781,62.303,62.469,60.772, 576987600 
2022-01-04,62.994,65.103,65.461,62.749, 918057600 
2022-01-05,65.986,63.948,66.24,63.834, 903264500 
2022-01-06,65.846,66.432,66.695,65.041, 859874100 
2022-01-07,66.765,68.313,68.567,66.336, 1083669200 
2022-01-10,68.322,68.654,68.768,67.062, 912128500 
2022-01-11,69.162,70.894,71.051,68.304, 848776300 
2022-01-12,71.252,71.602,71.725,70.465, 773749000 
2022-01-13,71.2,70.92,72.005,70.544, 680812800 
2022-01-14,71.445,73.649,73.763,71.139, 794663700 
2022-01-18,74.751,74.323,75.722,72.844, 1078256100 
2022-01-19,74.655,74.121,75.136,72.757, 736576500 
2022-01-20,73.046,72.678,75.162,72.477, 769780900 
2022-01-21,72.048,70.133,72.223,69.634, 1062432600 
2022-01-24,68.365,70.395,70.771,66.686, 950415200 
2022-01-25,70.482,73.973,74.104,68.908, 850379500 
2022-01-26,75.381,73.929,75.792,73.317, 941524700 
2022-01-27,75.582,76.203,76.273,74.585, 962355200 
2022-01-28,74.734,75.819,76.256,74.489, 1155966900 
2022-01-31,75.434,75.294,76.002,73.807, 753887400 
2022-02-01,74.226,77.848,78.154,74.069, 941983500 
2022-02-02,76.895,78.434,78.784,75.609, 879670800 
2022-02-03,78.933,77.262,79.081,76.037, 1325454900 
2022-02-04,78.25,78.137,80.814,78.032, 1203269300 
2022-02-07,76.868,79.073,80.201,76.221, 842023700 
2022-02-08,78.207,77.664,79.256,76.501, 748096500 
2022-02-09,77.839,79.081,80.035,77.594, 696530400 
2022-02-10,78.46,78.172,80.289,77.629, 714472300 
2022-02-11,78.514,79.991,80.141,78.083, 957575100 
2022-02-14,79.094,78.259,79.288,77.081, 711107700 
2022-02-15,75.736,76.615,76.826,74.901, 837888500 
2022-02-16,76.694,77.081,78.567,76.58, 685205300 
2022-02-17,77.037,77.916,78.523,77.037, 684162800 
2022-02-18,76.554,76.571,77.459,75.754, 657477700 
2022-02-22,79.297,74.989,79.402,73.749, 926581700 
2022-02-23,75.138,75.34,76.439,74.567, 734739500 
2022-02-24,76.897,74.901,77.116,72.756, 1150407300 
2022-02-25,75.472,78.013,78.233,74.98, 1054296000 
2022-02-28,77.486,81.169,81.354,76.765, 1509229400 
2022-03-01,82.04,83.016,84.334,81.117, 1444269400 
2022-03-02,84.255,83.965,85.662,83.218, 1616467900 
2022-03-03,83.227,83.411,84.097,81.846, 870494400 
2022-03-04,83.587,85.926,85.987,83.438, 1098073500 
2022-03-07,86.998,86.805,89.003,84.915, 1378882900 
2022-03-08,87.016,84.633,89.592,82.048, 17231393 
2022-03-09,81.609,82.356,84.563,79.323, 12656214 
2022-03-10,83.297,85.442,85.539,82.558, 9480956 
2022-03-11,84.66,84.29,86.62,84.071, 7666506 
2022-03-14,83.385,82.655,83.534,80.598, 10532224 
2022-03-15,79.411,81.336,82.013,78.936, 8863644 
2022-03-16,81.468,81.134,81.961,80.501, 9314226 
2022-03-17,82.743,84.66,84.871,82.62, 8868334 
2022-03-18,84.906,85.337,85.82,84.343, 16146890 
2022-03-21,86.717,88.115,89.179,86.453, 8107359 
2022-03-22,88.036,87.244,88.211,85.97, 6377480 
2022-03-23,88.519,89.53,90.102,88.493, 7681542 
2022-03-24,90.058,89.68,90.831,88.985, 6192473 
2022-03-25,89.354,92.282,92.3,89.047, 7834438 
2022-03-28,90.137,88.765,90.207,88.335, 6091062 
2022-03-29,85.679,86.295,86.515,83.789, 10977578 
2022-03-30,87.134,86.923,88.387,86.482, 6069241 
2022-03-31,85.953,85.953,88.113,85.424, 9777896 
2022-04-01,86.085,86.464,87.417,85.318, 6934069 
2022-04-04,87.196,86.438,87.637,85.618, 4947996 
2022-04-05,86.702,84.233,87.417,84.101, 5708085 
2022-04-06,85.732,83.783,86.103,83.149, 5680173 
2022-04-07,84.833,85.917,86.129,83.228, 6285316 
2022-04-08,86.561,88.642,88.872,86.42, 6175229 
2022-04-11,87.628,84.171,87.716,84.004, 7002194 
2022-04-12,85.997,85.953,87.611,85.432, 7412050 
2022-04-13,86.905,86.156,87.478,85, 7365086 
2022-04-14,86.12,87.161,88.051,85.812, 6337804 
2022-04-18,88.342,89.013,89.577,87.452, 4867040 
2022-04-19,88.448,87.328,89.11,86.852, 5331654 
2022-04-20,87.805,88.307,89.013,87.17, 6059151 
2022-04-21,88.704,84.78,89.268,84.462, 6290572 
2022-04-22,84.074,82.434,85.468,82.223, 6483855 
2022-04-25,79.78,78.598,80.15,76.076, 11913390 
2022-04-26,79.348,78.299,80.918,78.281, 5970304 
2022-04-27,78.651,79.833,80.6,76.05, 6765809 
2022-04-28,79.815,83.792,84.595,78.193, 9521302 
2022-04-29,83.969,82.002,84.903,81.473, 8777670 
2022-05-02,80.9,82.355,82.47,79.41, 6980671 
2022-05-03,83.025,85.009,85.538,82.549, 5748014 
2022-05-04,86.835,89.357,89.648,85.168, 7989800 
2022-05-05,90,88.475,91.764,86.42, 10592982 
2022-05-06,89.63,92.734,92.752,88.422, 9213091 
2022-05-09,90.512,83.484,90.803,82.849, 9750874 
2022-05-10,84.965,84.189,87.293,82.399, 7845924 
2022-05-11,85.697,85.106,88.501,84.895, 6651649 
2022-05-12,84.586,85.6,85.653,81.958, 7244408 
2022-05-13,86.685,88.519,89.312,86.57, 6549927 
2022-05-16,89.08,91.223,92.632,88.69, 7990622 
2022-05-17,92.623,92.57,93.704,91.409, 6577545 
2022-05-18,93.19,90.32,93.526,88.796, 8956954 
2022-05-19,87.972,90.435,92.295,87.972, 6784087 
2022-05-20,90.896,90.798,93.039,88.291, 6717710 
2022-05-23,91.702,94.341,94.704,91.462, 8646902 
2022-05-24,93.393,94.749,95.192,91.932, 6859109 
2022-05-25,95.165,96.272,96.565,94.811, 6706998 
2022-05-26,97.539,98,99.284,97.14, 6159020 
2022-05-27,97.114,99.284,99.284,96.866, 6788667 
2022-05-31,100.728,97.3,102.287,96.379, 17278542 
2022-06-01,99.071,100.303,101.676,98.912, 7246645 
2022-06-02,98.983,99.603,100.48,97.964, 5042665 
2022-06-03,100.037,102.402,102.668,99.745, 5387105 
2022-06-06,102.464,101.747,103.013,101.073, 5608362 
2022-06-07,101.569,106.468,106.468,101.525, 8559028 
2022-06-08,106.477,105.715,107.681,105.396, 7010902 
2022-06-09,104.617,102.792,105.644,102.677, 6653439 
2022-06-10,101.41,101.259,103.749,99.904, 7299647 
2022-06-13,97.38,96.768,98.77,93.766, 9516863 
2022-06-14,98.77,96.529,100.666,95.245, 7737670 
2022-06-15,96.529,94.616,97.034,93.075, 7681383 
2022-06-16,90.789,88.495,91.852,87.352, 11848362 
2022-06-17,87.671,80.806,88.424,79.982, 24455113 
2022-06-21,82.826,85.714,86.44,82.79, 10454859 
2022-06-22,80.018,80.204,81.967,78.787, 11287463 
2022-06-23,80.815,75.624,81.214,75.066, 13554892 
2022-06-24,77.493,78.299,79.309,76.041, 12282392 
2022-06-27,79.522,80.103,81.495,78.96, 8986106 
2022-06-28,82.558,82.772,84.423,81.281, 8904586 
2022-06-29,84.263,79.415,84.762,79.255, 7990081 
2022-06-30,76.827,77.942,79.638,76.175, 12749010 
2022-07-01,79.835,78.987,80.174,76.603, 6004979 
2022-07-05,77.532,73.327,77.532,71.917, 13488003 
2022-07-06,72.497,72.167,74.265,69.578, 12130929 
2022-07-07,74.711,74.854,75.621,74.256, 8072413 
2022-07-08,75.907,74.952,76.202,73.354, 5615501 
2022-07-11,74.175,74.14,75.077,72.926, 4689352 
2022-07-12,71.47,72.265,72.792,70.622, 5573054 
2022-07-13,71.292,71.961,73.818,71.292, 5535252 
2022-07-14,69.033,70.622,70.765,67.668, 8890151 
2022-07-15,72.64,71.765,72.702,70.81, 5898990 
2022-07-18,73.416,73.711,74.889,73.336, 7057624 
2022-07-19,74.015,76.755,76.96,73.541, 6674814 
2022-07-20,76.103,78.746,79.201,75.63, 7720461 
2022-07-21,75.746,77.157,77.273,75.318, 8016664 
2022-07-22,77.407,76.443,78.282,75.916, 6243528 
2022-07-25,77.63,79.942,80.022,76.139, 5815080 
2022-07-26,81.183,79.085,81.843,78.085, 7127158 
2022-07-27,79.933,81.031,81.379,79.264, 6237834 
2022-07-28,81.879,81.736,82.807,80.433, 4656115 
2022-07-29,83.629,84.745,85.182,82.932, 7394770 
2022-08-01,82.852,82.665,83.522,81.397, 5598924 
2022-08-02,82.665,82.316,83.334,81.62, 4653034 
2022-08-03,82.888,79.29,83.182,78.496, 6783271 
2022-08-04,80.558,78.005,80.79,77.469, 7810483 
2022-08-05,76.523,80.656,81.165,76.327, 5848042 
2022-08-08,80.808,81.352,82.299,80.656, 4788154 
2022-08-09,82.843,83.031,84.611,82.45, 7477881 
2022-08-10,82.924,83.45,83.745,80.933, 5625750 
2022-08-11,85.361,87.36,88.217,84.825, 6481603 
2022-08-12,86.816,89.494,89.681,86.459, 6684131 
2022-08-15,85.999,88.133,88.751,85.245, 6585945 
2022-08-16,88.527,87.532,89.281,86.483, 6924364 
2022-08-17,87.532,88.662,89.854,87.236, 5346541 
2022-08-18,89.819,91.818,92.024,89.433, 5966657 
2022-08-19,91.558,92.051,92.545,90.608, 7067070 
2022-08-22,90.733,92.141,92.554,89.72, 6701726 
2022-08-23,93.925,95.019,97.019,93.486, 8252951 
2022-08-24,94.715,96.876,97.091,94.472, 6286120 
2022-08-25,97.71,98.275,98.328,96.992, 5240955 
2022-08-26,98.759,98.31,100.22,97.745, 6508841 
2022-08-29,98.283,99.476,101.314,98.104, 6479677 
2022-08-30,97.459,96.858,97.763,95.423, 7746894 
2022-08-31,94.481,95.916,98.077,93.764, 6775742 
2022-09-01,94.419,94.194,95.459,92.598, 6717327 
2022-09-02,96.087,96.643,98.203,95.513, 6096743 
2022-09-06,97.306,95.181,97.916,94.688, 7270939 
2022-09-07,92.661,93.504,94.177,91.711, 6890850 
2022-09-08,94.024,94.903,95.683,93.361, 7147237 
2022-09-09,96.454,98.176,98.579,96.293, 6085960 
2022-09-12,99.055,100.346,101.261,98.938, 6208604 
2022-09-13,99.01,98.499,100.346,98.041, 6977448 
2022-09-14,99.718,103.323,103.933,99.512, 9457897 
2022-09-15,101.018,101.395,102.884,100.561, 9997473 
2022-09-16,101.404,99.216,101.467,97.485, 14608194 
2022-09-19,96.23,98.983,99.53,95.907, 6600643 
2022-09-20,98.696,98.266,98.956,96.903, 5655402 
2022-09-21,100.149,97.387,100.794,97.36, 5818006 
2022-09-22,99.279,96.463,99.862,96.347, 4971638 
2022-09-23,92.007,87.971,92.168,87.084, 10157266 
2022-09-26,87.523,86.725,89.881,86.653, 8719008 
2022-09-27,88.671,86.33,89.756,86.115, 8778984 
2022-09-28,87.67,91.463,91.863,87.333, 9207531 
2022-09-29,90.18,92.063,92.454,88.634, 5929783 
2022-09-30,90.944,90.862,92.309,89.644, 7171985 
2022-10-03,95.038,97.803,98.594,94.674, 7701872 
2022-10-04,100.077,102.942,103.152,99.395, 7582876 
2022-10-05,103.515,103.224,104.434,101.25, 10072971 
2022-10-06,102.187,104.789,105.435,102.087, 6388906 
2022-10-07,105.235,105.571,108.164,104.489, 9373513 
2022-10-10,105.662,104.016,107.327,102.788, 5883230 
2022-10-11,101.569,102.906,105.207,100.75, 7602529 
2022-10-12,102.16,103.561,104.507,101.46, 6221624 
2022-10-13,101.924,109.419,110.028,101.86, 7999109 
2022-10-14,107.918,105.071,109.637,104.234, 7647416 
2022-10-17,106.726,105.435,108.236,105.125, 6666960 
2022-10-18,106.544,105.007,106.963,103.015, 6826198 
2022-10-19,105.489,107.936,108.382,105.189, 5500398 
2022-10-20,109.201,108.573,111.393,108.546, 6456075 
2022-10-21,109.355,111.011,111.256,108.355, 5886227 
2022-10-24,111.047,111.602,112.748,110.747, 5734912 
2022-10-25,110.865,110.51,111.92,109.546, 7000792 
2022-10-26,111.22,112.903,114.367,111.093, 8141443 
2022-10-27,113.931,112.966,115.523,112.603, 8948517 
2022-10-28,114.658,113.449,115.104,110.574, 7293389 
2022-10-31,112.002,112.466,116.014,111.993, 7121033 
2022-11-01,114.877,114.003,115.404,113.194, 5875587 
2022-11-02,113.367,112.848,115.841,112.193, 7681864 
2022-11-03,115.677,119.498,121.59,114.467, 13209063 
2022-11-04,122.39,118.133,123.746,115.704, 10663704 
2022-11-07,118.524,120.516,121.863,118.397, 6882396 
2022-11-08,119.934,120.062,120.826,118.051, 5039770 
2022-11-09,118.261,111.711,118.361,111.375, 7069481 
2022-11-10,114.295,115.532,115.814,111.993, 7543858 
2022-11-11,117.114,119.625,120.444,116.532, 8662041 
2022-11-14,118.647,119.241,121.66,118.556, 6163372 
2022-11-15,119.752,120.208,120.893,118.218, 8300574 
2022-11-16,118.83,115.78,119.67,115.643, 7365573 
2022-11-17,114.273,117.561,117.725,113.762, 5737002 
2022-11-18,115.022,115.186,115.743,113.278, 5727237 
2022-11-21,111.945,112.356,113.835,108.996, 6573237 
2022-11-22,114.648,116.456,116.976,113.242, 5604173 
2022-11-23,114.273,113.497,115.762,112.639, 7482609 
2022-11-25,113.634,113.561,114.438,113.278, 2547757 
2022-11-28,109.808,110.849,111.963,108.475, 5649277 
2022-11-29,112.657,111.224,113.579,110.922, 4909898 
2022-11-30,113.415,110.548,113.442,109.571, 8484461 
2022-12-01,111.607,110.137,112.246,109.982, 5285124 
2022-12-02,109.279,109.333,110.877,108.566, 4879727 
2022-12-05,111.233,106.768,111.625,106.165, 5478737 
2022-12-06,105.918,103.334,107.106,102.357, 6498386 
2022-12-07,103.955,102.668,105.151,101.947, 6099116 
2022-12-08,105.325,100.586,105.416,99.929, 7720368 
2022-12-09,100.413,98.23,101.819,97.965, 6385654 
2022-12-12,99.034,99.837,100.312,98.276, 5636529 
2022-12-13,102.275,101.326,103.316,101.289, 6285220 
2022-12-14,102.549,100.833,103.371,100.075, 5926992 
2022-12-15,99.709,100.54,100.878,98.641, 6401004 
2022-12-16,98.623,98.614,99.326,97.308, 17422571 
2022-12-19,100.184,98.614,100.732,97.883, 4991437 
2022-12-20,98.623,100.632,101.691,98.212, 5538726 
2022-12-21,102.723,103.946,104.302,101.453, 5433018 
2022-12-22,103.736,100.86,104.403,98.066, 5295900 
2022-12-23,102.192,105.316,105.362,102.192, 5001719 
2022-12-27,106.115,106.621,107.163,105.325, 3849439 
2022-12-28,106.382,103.717,106.437,103.194, 3856401 
2022-12-29,103.184,104.71,105.27,103.083, 2921561 
2022-12-30,104.416,106.189,106.382,104.36, 4220531 
2023-01-03,104.866,101.705,106.17,100.603, 5424363 
2023-01-04,99.959,101.907,102.799,99.261, 4837794 
2023-01-05,102.082,105.059,106.005,102.082, 5177715 
2023-01-06,106.648,106.4,108.201,105.766, 4442319 
2023-01-09,108.32,105.601,108.633,105.141, 5403382 
2023-01-10,106.4,106.262,106.759,104.976, 4042752 
2023-01-11,107.282,106.409,107.613,105.187, 4569918 
2023-01-12,106.547,108.173,109.037,106.051, 5072452 
2023-01-13,108.559,109.377,109.726,106.657, 4360209 
2023-01-17,109,108.247,110.36,107.622, 5228472 
2023-01-18,109.129,106.694,111.435,106.52, 5138681 
2023-01-19,105.775,107.696,108.265,104.59, 5049200 
2023-01-20,108.173,109.68,109.781,107.337, 5101417 
2023-01-23,110.287,108.146,110.939,107.999, 3963235 
2023-01-24,108.945,106.933,108.945,105.858, 4216908 
2023-01-25,106.373,108.366,108.376,104.939, 3984733 
2023-01-26,110.13,112.299,112.372,108.761, 5807356 
2023-01-27,112.336,111.343,113.898,111.261, 4857454 
2023-01-30,109.947,108.513,110.415,108.33, 5246251 
2023-01-31,108.229,109.745,109.947,107.2, 5200119 
2023-02-01,108.679,105.913,108.918,103.616, 7282283 
2023-02-02,102.045,100.033,103.791,98.618, 11531289 
2023-02-03,100.042,97.102,101.034,96.78, 13504188 
2023-02-06,97.525,96.532,98.793,95.834, 11516341 
2023-02-07,97.378,100.694,100.814,96.459, 7370606 
2023-02-08,100.887,99.564,101.595,98.691, 6713232 
2023-02-09,99.399,98.774,100.437,98.701, 5768446 
2023-02-10,100.658,103.488,103.772,100.52, 10779152 
2023-02-13,102.93,101.417,103.069,101.242, 6018245 
2023-02-14,100.208,102.561,103.392,99.793, 7308073 
2023-02-15,100.965,100.808,101.288,99.267, 7205062 
2023-02-16,100.097,97.772,100.863,97.523, 6531921 
2023-02-17,95.723,93.859,96.212,92.982, 11294542 
2023-02-21,93.757,94.957,95.705,93.296, 7200780 
2023-02-22,95.114,93.822,95.114,92.788, 7929502 
2023-02-23,95.594,95.068,95.963,93.813, 6095809 
2023-02-24,93.905,94.902,95.179,93.157, 5617868 
2023-02-27,94.828,95.465,95.76,93.231, 7429338 
2023-02-28,96.203,93.148,96.803,93.111, 8771764 
2023-03-01,93.499,95.825,97.144,93.037, 6064687 
2023-03-02,95.658,97.744,98.325,95.391, 5459001 
2023-03-03,95.843,98.03,98.436,95.428, 7075136 
2023-03-06,97.052,98.879,98.916,96.609, 6201092 
2023-03-07,97.984,97.116,98.289,96.212, 4973233 
2023-03-08,96.517,96.729,97.929,95.372, 4576832 
2023-03-09,97.366,95.418,98.593,95.003, 5191573 
2023-03-10,95.345,93.951,96.821,93.379, 5313088 
2023-03-13,91.902,90.684,93.36,89.66, 8789731 
2023-03-14,91.026,91.312,94.136,89.706, 7090814 
2023-03-15,87.676,85.664,88.866,84.141, 10661237 
2023-03-16,82.683,86.734,86.827,82.24, 10112607 
2023-03-17,86.688,84.879,87.242,84.058, 17056186 
2023-03-20,85.295,86.513,87.187,85.175, 7932903 
2023-03-21,88.294,89.789,90.14,88.211, 6770198 
2023-03-22,90.057,88.552,91.063,88.479, 5635491 
2023-03-23,88.682,86.753,89.835,85.904, 5866448 
2023-03-24,85.036,85.839,86.273,83.837, 8386765 
2023-03-27,86.651,87.731,88.672,85.996, 6049698 
2023-03-28,87.484,88.71,89.416,87.317, 3791999 
2023-03-29,90.298,90.4,90.911,89.397, 7596324 
2023-03-30,91.199,89.936,91.431,89.583, 5461125 
2023-03-31,90.456,89.899,90.539,89.648, 7708836 
2023-04-03,95.396,98.451,99.12,95.285, 12394311 
2023-04-04,98.368,96.483,98.776,95.378, 5425514 
2023-04-05,97.049,97.829,97.95,96.13, 5806765 
2023-04-06,97.04,96.445,97.82,96.102, 5087830 
2023-04-10,97.17,96.158,98.071,95.842, 4374681 
2023-04-11,96.297,96.9,97.318,95.73, 4812163 
2023-04-12,98.507,97.625,99.073,97.513, 8108154 
2023-04-13,98.006,99.027,99.826,97.244, 7160126 
2023-04-14,99.436,98.526,99.937,98.173, 5052162 
2023-04-17,96.947,95.842,97.773,95.758, 6278847 
2023-04-18,95.266,95.229,95.925,94.44, 7745310 
2023-04-19,94.208,95.517,96.028,93.882, 4717450 
2023-04-20,93.836,94.143,94.254,92.601, 5351734 
2023-04-21,94.44,92.731,94.533,92.146, 5279044 
2023-04-24,92.443,94.022,94.3,92.276, 5215951 
2023-04-25,92.118,92.573,92.87,91.078, 5355812 
2023-04-26,91.867,91.069,92.61,90.307, 4295136 
2023-04-27,91.05,91.775,92.425,90.456, 4196680 
2023-04-28,91.162,93.316,94.096,90.93, 6638223 
2023-05-01,92.1,92.982,93.427,91.682, 3644944 
2023-05-02,91.45,89.369,91.923,88.292, 8100082 
2023-05-03,87.689,87.001,88.385,86.639, 9085109 
2023-05-04,87.104,88.181,89.258,86.741, 6840031 
2023-05-05,91.672,90.976,92.118,89.648, 5566846 
2023-05-08,92.573,91.468,93.186,91.19, 5058854 
2023-05-09,90.642,92.053,93.065,90.586, 4896149 
2023-05-10,92.48,91.069,92.731,90.214, 5285881 
2023-05-11,89.592,90.53,90.744,89.286, 5671717 
2023-05-12,91.227,90.103,91.515,89.434, 5004431 
2023-05-15,90.483,91.379,91.528,89.671, 5838070 
2023-05-16,90.987,89.307,91.631,88.7, 4822389 
2023-05-17,90.679,91.771,92.471,89.764, 5013660 
2023-05-18,91.295,91.799,91.902,90.408, 5503403 
2023-05-19,93.283,93.535,94.459,92.816, 6068181 
2023-05-22,93.656,94.59,95.701,93.367, 5561913 
2023-05-23,95.271,95.206,96.307,94.833, 5415899 
2023-05-24,96.233,94.823,96.41,94.347, 5141870 
2023-05-25,92.919,92.686,93.348,91.575, 4952048 
2023-05-26,93.6,92.835,93.768,91.93, 5709469 
2023-05-30,91.762,92.228,92.592,91.136, 6721927 
2023-05-31,90.576,90.455,92.032,90.39, 22757261 
2023-06-01,90.707,90.67,92.023,89.596, 5857807 
2023-06-02,92.378,93.302,93.843,91.556, 4958494 
2023-06-05,95.075,93.04,95.075,92.014, 5154045 
2023-06-06,92.088,92.919,93.666,91.435, 3622436 
2023-06-07,93.274,95.598,96.223,93.274, 4827718 
2023-06-08,95.635,95.346,96.307,93.526, 5232512 
2023-06-09,95.626,94.739,96.195,94.496, 4086562 
2023-06-12,93.171,93.74,94.982,92.443, 6049836 
2023-06-13,94.702,94.291,96.214,94.114, 4904282 
2023-06-14,95.243,93.6,95.729,93.012, 4915283 
2023-06-15,93.806,94.982,96.065,93.75, 4614623 
2023-06-16,95.645,95.701,96.223,95.047, 9928380 
2023-06-20,94.963,93.003,95.542,92.06, 8590745 
2023-06-21,92.788,94.562,95.243,92.788, 6477538 
2023-06-22,93.572,92.443,93.796,92.135, 4967926 
2023-06-23,91.136,91.538,91.967,90.763, 7148968 
2023-06-26,91.822,92.902,93.428,91.672, 4361047 
2023-06-27,92.62,92.414,93.193,91.982, 3816967 
2023-06-28,92.442,94.029,94.226,91.634, 5462975 
2023-06-29,94.029,94.545,94.78,93.371, 4260450 
2023-06-30,95.193,95.062,95.803,94.057, 6999955 
2023-07-03,95.381,95.644,96.357,95.08, 2233953 
2023-07-05,96.367,95.447,96.367,94.62, 4155100 
2023-07-06,94.301,91.991,95.08,91.061, 6005673 
2023-07-07,92.188,94.705,96.001,91.784, 7393100 
2023-07-10,94.348,95.756,95.86,94.254, 6405872 
2023-07-11,96.367,98.658,98.818,96.226, 5648842 
2023-07-12,99.785,100.414,100.658,99.606, 6229243 
2023-07-13,100.959,101.578,102.714,100.667, 6054896 
2023-07-14,101.128,98.329,101.278,97.728, 4738178 
2023-07-17,97.954,97.719,98.865,97.437, 4082279 
2023-07-18,97.728,99.888,100.592,97.681, 4396928 
2023-07-19,99.907,100.574,101.71,99.907, 5408236 
2023-07-20,101.531,102.649,102.733,101.25, 6702271 
2023-07-21,103.099,103.776,104.067,102.799, 4957130 
2023-07-24,104.254,105.494,106.414,104.254, 3999564 
2023-07-25,105.165,106.865,107.184,104.724, 3664667 
2023-07-26,106.057,107.475,107.766,105.907, 4006263 
2023-07-27,107.954,106.489,108.471,106.067, 4568487 
2023-07-28,106.452,106.63,106.978,105.447, 3142166 
2023-07-31,107.841,108.311,108.809,107.41, 4126075 
2023-08-01,107.879,107.992,108.414,106.874, 3309684 
2023-08-02,107.344,106.311,108.142,105.672, 4577833 
2023-08-03,105.672,105.747,107.907,103.888, 7289530 
2023-08-04,106.574,104.546,107.344,104.423, 6928850 
2023-08-07,105.278,105.269,105.381,104.114, 3635136 
2023-08-08,103.55,106.311,106.499,102.283, 4281335 
2023-08-09,107.381,107.109,109.363,106.978, 4818826 
2023-08-10,106.968,106.536,108.189,105.907, 3589283 
2023-08-11,106.677,108.395,108.621,106.198, 3771611 
2023-08-14,107.795,108.283,108.367,106.978, 4252439 
2023-08-15,107.638,106.704,107.968,106.195, 4214904 
2023-08-16,106.93,105.884,108.024,105.808, 3767199 
2023-08-17,107.638,107.855,108.939,107.374, 4044801 
2023-08-18,107.015,108.383,109.081,106.836, 4267613 
2023-08-21,109.184,108.307,110.099,107.675, 3271628 
2023-08-22,108.666,107.308,108.807,107.242, 3195938 
2023-08-23,106.233,106.987,107.487,105.148, 3136727 
2023-08-24,106.402,106.035,107.525,105.978, 3538524 
2023-08-25,106.874,107.657,108.232,105.997, 3710368 
2023-08-28,107.619,108.6,109.43,107.562, 2821634 
2023-08-29,108.92,108.732,109.147,107.713, 3213683 
2023-08-30,109.307,109.713,109.939,109.062, 2847501 
2023-08-31,110.156,110.024,110.524,109.147, 4395692 
2023-09-01,110.938,112.957,113.296,110.91, 6398268 
2023-09-05,113.551,113.607,115.644,113.353, 5785711 
2023-09-06,113.268,113.834,114.183,112.749, 4664053 
2023-09-07,113.758,112.551,114.409,112.457, 3504089 
2023-09-08,113.541,113.504,114.72,113.249, 4368399 
2023-09-11,114.183,111.353,114.616,110.769, 4294523 
2023-09-12,112.117,113.843,114.183,112.07, 4486691 
2023-09-13,114.22,113.117,114.428,112.325, 3879694 
2023-09-14,114.239,115.182,115.55,114.183, 4686211 
2023-09-15,114.758,114.305,116.587,113.947, 12440960 
2023-09-18,115.824,115.163,116.342,114.777, 4945258 
2023-09-19,116.446,113.919,116.625,112.994, 4193297 
2023-09-20,113.419,112.042,114.532,111.938, 3444949 
2023-09-21,112.853,110.061,112.976,109.76, 4470852 
2023-09-22,110.863,110.146,112.051,110.033, 3641227 
2023-09-25,110.269,111.948,112.136,109.892, 3291260 
2023-09-26,110.75,111.071,112.296,110.316, 5204548 
2023-09-27,113.137,114.436,115.223,112.265, 5364088 
2023-09-28,114.218,114.085,115.592,113.573, 3964642 
2023-09-29,113.858,111.318,113.981,111.166, 5308920 
2023-10-02,111.735,108.759,111.801,107.678, 4769473 
2023-10-03,108.436,109.232,109.299,107.782, 4162818 
2023-10-04,107.071,105.185,107.365,103.612, 7287593 
2023-10-05,104.408,105.271,106.37,104.105, 4070087 
2023-10-06,106.181,107.081,108.275,105.024, 4209663 
2023-10-09,110.521,113.232,113.28,110.322, 6532807 
2023-10-10,112.692,111.877,113.63,111.687, 5705550 
2023-10-11,111.033,111.545,111.687,109.64, 7300713 
2023-10-12,112.531,112.559,113.147,111.943, 3859459 
2023-10-13,115.355,116.113,117.166,114.758, 5592376 
2023-10-16,116.796,116.54,117.308,115.469, 3769643 
2023-10-17,116.436,116.682,117.602,116.189, 4213810 
2023-10-18,117.393,117.753,118.369,116.673, 4781897 
2023-10-19,116.9,117.554,118.474,116.123, 4491345 
2023-10-20,117.374,115.355,117.829,115.166, 5289405 
2023-10-23,114.407,112.777,114.502,112.114, 5969409 
2023-10-24,112.995,111.46,113.393,111.412, 4664482 
2023-10-25,111.062,111.896,112.389,110.341, 5010668 
2023-10-26,110.303,109.905,110.711,108.901, 6066469 
2023-10-27,109.327,109.422,109.934,108.133, 5312460 
2023-10-30,109.403,109.744,110.085,108.199, 5830549 
2023-10-31,109.517,110.37,110.55,108.18, 4504952 
2023-11-01,111.014,108.351,111.289,108.18, 8350870 
2023-11-02,109.488,113.422,114.588,109.014, 9068754 
2023-11-03,112.929,111.27,113.299,110.891, 5935585 
2023-11-06,111.735,110.057,112.038,109.792, 4611040 
2023-11-07,108.114,107.005,108.19,106.133, 5490996 
2023-11-08,106.958,106.247,107.356,105.792, 5884491 
2023-11-09,107.384,105.963,107.782,105.868, 4306290 
2023-11-10,106.996,107.346,107.915,106.389, 4603092 
2023-11-13,107.306,107.659,108.183,107.306, 3225900 
2023-11-14,108.268,107.83,109.04,107.64, 5421704 
2023-11-15,107.316,107.344,108.907,107.202, 4733260 
2023-11-16,105.897,104.449,106.135,102.534, 6733326 
2023-11-17,105.22,106.925,107.821,104.677, 5799107 
2023-11-20,107.306,107.687,108.821,106.925, 4046639 
2023-11-21,107.487,107.478,107.916,106.897, 3720155 
2023-11-22,104.477,107.173,107.44,103.658, 4559075 
2023-11-24,107.211,107.783,108.811,107.183, 2159208 
2023-11-27,107.297,107.125,107.44,105.754, 5289707 
2023-11-28,107.564,107.297,108.249,106.821, 3469209 
2023-11-29,107.659,106.335,107.849,105.716, 6065301 
2023-11-30,107.478,107.859,108.935,106.02, 10242737 
2023-12-01,107.344,107.535,109.259,107.173, 4675800 
2023-12-04,106.44,106.868,108.192,106.249, 4824795 
2023-12-05,107.059,105.544,107.221,105.449, 5821399 
2023-12-06,104.773,103.048,104.773,102.305, 7489627 
2023-12-07,103.81,103.363,104.372,103.172, 5816770 
2023-12-08,104.211,104.525,104.639,103.563, 5713905 
2023-12-11,104.573,104.611,105.058,104.02, 7250110 
2023-12-12,103.287,103.563,103.963,102.267, 6888838 
2023-12-13,103.982,104.315,104.706,103.382, 8570114 
2023-12-14,105.363,107.268,108.602,105.173, 11490415 
2023-12-15,106.697,106.878,108.021,106.001, 30860370 
2023-12-18,108.107,107.221,109.478,106.983, 7000685 
2023-12-19,107.268,108.735,108.878,106.601, 6379264 
2023-12-20,109.097,108.926,111.069,108.63, 7767197 
2023-12-21,108.745,109.059,109.107,107.583, 4149328 
2023-12-22,110.174,109.85,110.774,109.497, 4299453 
2023-12-26,110.84,111.145,111.536,110.536, 2893651 
2023-12-27,110.659,110.64,111.736,110.25, 3441412 
2023-12-28,109.85,108.745,110.364,108.688, 3711359 
2023-12-29,109.421,108.335,109.745,108.087, 3643582 
2024-01-02,109.383,109.783,110.936,109.078, 4688408 
2024-01-03,110.126,112.012,112.25,109.612, 4882068 
2024-01-04,112.66,108.726,113.26,108.526, 5891538 
2024-01-05,109.697,108.773,109.955,108.268, 3984668 
2024-01-08,107.278,106.84,107.364,104.915, 6769837 
2024-01-09,106.84,105.182,106.84,104.696, 5935592 
2024-01-10,105.154,103.677,105.154,103.344, 4445207 
2024-01-11,104.087,103.506,104.687,103.449, 4212627 
2024-01-12,105.411,104.172,105.763,103.553, 5549817 
2024-01-16,103.982,101.258,104.211,100.972, 6677744 
2024-01-17,99.619,100.238,101.162,99.295, 4864060 
2024-01-18,100.019,99.629,100.019,98.524, 6150889 
2024-01-19,98.79,100.524,100.572,98.667, 5702183 
2024-01-22,100.172,100.705,101.019,99.695, 5740242 
2024-01-23,100.477,100.638,102.001,100.315, 3969624 
2024-01-24,101.524,102.239,102.572,101.048, 5331984 
2024-01-25,102.363,104.506,104.534,101.848, 5958806 
2024-01-26,104.496,104.677,104.887,102.972, 4155987 
2024-01-29,104.496,104.077,104.553,103.02, 4705884 
2024-01-30,103.706,106.411,106.678,103.277, 6206541 
2024-01-31,106.335,104.334,106.459,104.258, 5501432 
2024-02-01,104.782,103.868,105.62,103.315, 5255188 
2024-02-02,104.134,103.153,104.411,102.258, 4610163 
2024-02-05,102.791,102.525,103.372,101.877, 4520460 
2024-02-06,103.391,104.001,104.887,102.744, 4777831 
2024-02-07,104.192,104.763,105.382,103.934, 6100714 
2024-02-08,105.516,106.268,107.592,105.02, 7715527 
2024-02-09,106.354,103.658,106.649,103.525, 5974069 
2024-02-12,103.763,103.601,104.592,103.058, 5802121 
2024-02-13,103.601,102.334,104.392,101.448, 6321089 
2024-02-14,102.744,102.667,103.544,102.096, 7248447 
2024-02-15,102.382,104.249,104.915,102.191, 9421885 
2024-02-16,104.706,103.839,105.011,103.677, 6967785 
2024-02-20,103.82,102.858,104.849,102.686, 6458274 
2024-02-21,103.296,106.03,106.792,103.01, 6927935 
2024-02-22,105.258,105.411,106.068,104.544, 5104996 
2024-02-23,104.334,104.734,105.449,103.391, 5206217 
2024-02-26,104.439,105.601,105.697,103.877, 5751167 
2024-02-27,106.182,104.83,106.468,104.306, 5060027 
2024-02-28,105.106,105.239,106.459,104.392, 4578996 
2024-02-29,105.687,105.716,106.306,105.058, 6623961 
2024-03-01,106.916,107.335,108.564,106.754, 5094400 
2024-03-04,107.144,104.858,107.478,104.801, 5877361 
2024-03-05,104.449,104.458,105.963,104.106, 6246956 
2024-03-06,105.487,105.192,106.059,104.706, 4888748 
2024-03-07,104.944,105.906,106.563,104.906, 5097325 
2024-03-08,105.401,106.154,106.354,105.068, 5227705 
2024-03-11,106.506,108.297,108.402,105.82, 5899335 
2024-03-12,108.135,108.078,108.754,107.449, 5652993 
2024-03-13,109.774,110.488,111.498,109.173, 7685432 
2024-03-14,112.031,112.612,112.812,111.621, 7800847 
2024-03-15,111.993,112.86,113.584,111.993, 17549004 
2024-03-18,113.679,113.069,113.841,112.022, 4828002 
2024-03-19,113.165,114.746,114.879,113.107, 4457939 
2024-03-20,113.984,114.641,115.07,113.803, 3596962 
2024-03-21,114.794,116.165,116.241,114.422, 4925649 
2024-03-22,116.203,115.708,116.68,115.403, 4976248 
2024-03-25,116.365,118.756,119.156,115.822, 7054378 
2024-03-26,119.013,118.528,119.394,117.775, 5203426 
2024-03-27,118.204,119.337,119.509,117.889, 3847838 
2024-03-28,120.442,119.756,121.052,119.213, 4657970 
2024-04-01,120.442,121.09,121.338,119.252, 3036214 
2024-04-02,121.89,122.986,123.148,121.042, 4969715 
2024-04-03,123.214,123.9,124.252,122.843, 3707331 
2024-04-04,124.376,124.014,124.662,123.348, 3908373 
2024-04-05,124.214,125.7,126.005,123.481, 3595473 
2024-04-08,125.919,124.653,126.177,124.424, 4481961 
2024-04-09,125.005,124.491,125.396,123.319, 3756123 
2024-04-10,124.71,125.034,125.853,124.024, 4402423 
2024-04-11,124.767,125.129,125.386,122.967, 4328801 
2024-04-12,126.424,123.49,127.282,122.719, 4955293 
2024-04-15,124.376,122.586,124.834,122.376, 4219317 
2024-04-16,122.347,121.9,123.109,120.919, 3878617 
2024-04-17,121.509,120.757,122.481,120.014, 3869900 
2024-04-18,121.138,120.261,121.604,119.728, 3588154 
2024-04-19,120.576,121.757,122.833,120.261, 3984807 
2024-04-22,121.023,121.709,122.728,119.433, 4195048 
2024-04-23,121.042,122.195,122.528,120.185, 3773647 
2024-04-24,121.747,121.662,122.052,120.718, 3846633 
2024-04-25,122.062,122.452,122.957,120.728, 3666362 
2024-04-26,121.833,122.576,123.081,121.261, 4823139 
2024-04-29,122.109,122.557,122.766,121.204, 3915236 
2024-04-30,122.166,118.175,122.214,117.994, 6296791 
2024-05-01,117.661,116.956,118.28,116.079, 5433051 
2024-05-02,117.318,114.965,117.775,114.403, 7685897 
2024-05-03,115.213,114.946,115.375,113.66, 5020657 
2024-05-06,115.756,116.203,117.794,115.698, 4848582 
2024-05-07,116.308,116.194,117.527,115.746, 5902236 
2024-05-08,115.517,115.737,116.603,115.394, 4200328 
2024-05-09,115.67,116.051,116.851,115.346, 5430639 
2024-05-10,116.461,115.384,117.356,115.06, 4515911 
2024-05-13,115.346,115.079,116.003,114.774, 6421346 
2024-05-14,115.022,114.555,115.632,113.974, 6144949 
2024-05-15,114.203,114.232,115.384,112.288, 6138611 
2024-05-16,113.898,113.403,114.889,113.184, 5002908 
2024-05-17,114.422,115.194,115.46,113.622, 4450253 
2024-05-20,115.232,114.413,115.575,114.031, 2814786 
2024-05-21,114.222,113.955,115.213,113.841, 2756867 
2024-05-22,113.107,111.841,113.298,111.079, 4468079 
2024-05-23,112.45,111.326,113.022,110.898, 3757306 
2024-05-24,112.031,110.945,112.222,110.574, 2851146 
2024-05-28,111.498,112.574,112.831,111.402, 3830701 
2024-05-29,111.279,109.04,111.336,107.668, 14291213 
2024-05-30,109.469,107.449,110.116,106.83, 9917059 
2024-05-31,107.716,110.212,110.269,107.63, 13830213 
2024-06-03,110.002,107.726,110.164,106.859, 7129476 
2024-06-04,106.706,106.201,106.897,105.277, 7683582 
2024-06-05,106.001,106.163,106.373,105.277, 5119098 
2024-06-06,105.725,106.135,106.325,105.506, 5355190 
2024-06-07,105.916,105.944,106.697,105.135, 4375865 
2024-06-10,106.306,107.183,107.849,105.916, 5307542 
2024-06-11,107.078,107.497,107.516,106.563, 4181946 
2024-06-12,108.326,106.125,108.773,105.525, 8650055 
2024-06-13,105.944,104.887,106.106,104.125, 5939304 
2024-06-14,105.163,103.458,105.163,103.201, 5690366 
2024-06-17,102.991,103.601,103.944,102.591, 5754208 
2024-06-18,104.106,103.477,105.182,103.096, 5690191 
2024-06-20,103.658,105.306,105.801,103.334, 5442578 
2024-06-21,105.782,105.316,106.192,104.734, 27097211 
2024-06-24,106.182,108.964,109.745,105.858, 8802734 
2024-06-25,108.526,108.792,108.859,107.525, 4961491 
2024-06-26,108.992,107.478,108.992,106.668, 5366540 
2024-06-27,107.849,107.821,108.164,107.002, 3846595 
2024-06-28,109.183,108.211,109.345,107.506, 7191846 
2024-07-01,108.84,108.192,109.24,107.516, 3925186 
2024-07-02,109.164,107.964,109.383,107.211, 3836725 
2024-07-03,107.897,108.583,109.431,107.564, 2326248 
2024-07-05,108.354,106.468,108.535,106.078, 4188395 
2024-07-08,105.916,106.163,106.554,105.296, 4199597 
2024-07-09,104.906,105.173,106.554,104.668, 3461634 
2024-07-10,104.792,106.449,106.544,104.496, 3867878 
2024-07-11,106.449,107.84,108.211,105.906, 5839484 
2024-07-12,108.23,107.03,108.421,106.754, 4505875 
2024-07-15,107.859,108.392,108.992,106.916, 5118338 
2024-07-16,107.583,108.983,109.202,107.04, 4633690 
2024-07-17,109.516,109.831,111.088,109.307, 6484037 
2024-07-18,110.04,110.336,112.041,109.135, 5957102 
2024-07-19,110.859,108.183,111.012,108.068, 7559145 
2024-07-22,107.468,106.249,107.535,106.039, 5172805 
2024-07-23,105.801,104.83,105.992,104.106, 5714279 
2024-07-24,105.678,105.087,106.344,104.525, 4808122 
2024-07-25,104.992,105.02,105.982,104.468, 5492133 
2024-07-26,105.135,104.858,105.506,103.972, 5199044 
2024-07-29,105.22,103.201,105.268,102.496, 4629531 
2024-07-30,103.248,103.953,104.296,103.029, 9794242 
2024-07-31,105.573,105.182,106.325,105.087, 7554556 
2024-08-01,106.373,102.505,106.592,102.058, 9704569 
2024-08-02,101.867,100.01,102.21,98.305, 7445068 
2024-08-05,98.324,98.867,99.572,96.676, 8474984 
2024-08-06,98.867,100.038,100.657,98.428, 8424866 
2024-08-07,101.42,101.115,102.553,100.648, 7735376 
2024-08-08,101.41,102.391,102.744,101.105, 5392929 
2024-08-09,102.391,102.715,103.182,101.267, 5776222 
2024-08-12,103.306,104.811,105.001,103.144, 5906943 
2024-08-13,103.82,103.201,104.192,102.744, 5866836 
2024-08-14,103.363,104.144,104.63,103.096, 6388043 
2024-08-15,104.477,105.954,106.087,104.477, 6307107 
2024-08-16,105.087,105.906,106.097,104.649, 3819194 
2024-08-19,105.944,106.44,107.402,105.849, 4335845 
2024-08-20,106.278,104.639,106.506,103.687, 6783295 
2024-08-21,105.554,104.42,105.916,103.734, 4012061 
2024-08-22,104.401,104.754,105.277,104.22, 3644660 
2024-08-23,105.573,106.116,106.201,105.039, 4024190 
2024-08-26,107.659,108.173,109.573,107.583, 6253903 
2024-08-27,108.268,107.097,108.268,106.744, 3521682 
2024-08-28,106.725,106.83,106.878,105.392, 4506609 
2024-08-29,107.621,108.945,109.678,106.754, 5270355 
2024-08-30,107.754,108.392,108.63,107.078, 5559473 
2024-09-03,106.592,104.639,106.601,104.03, 6369950 
2024-09-04,105.096,103.41,105.916,103.296, 6251482 
2024-09-05,104.039,102.353,104.201,102.201, 5582550 
2024-09-06,102.62,100.991,103.468,100.705, 5229946 
2024-09-09,101.019,100.591,101.61,100.534, 6477014 
2024-09-10,100.543,99.067,100.724,98.343, 5611503 
2024-09-11,98.876,97.705,99.105,96.495, 6803068 
2024-09-12,97.847,98.019,98.762,97.304, 6775934 
2024-09-13,98.419,98.59,99.419,98.162, 5441624 
2024-09-16,99.981,100.543,100.677,99.495, 9325463 
2024-09-17,100.505,103.153,103.353,100.305, 8661529 
2024-09-18,102.42,103.468,104.715,102.41, 7424108 
2024-09-19,105.258,105.306,106.068,104.182, 7990658 
2024-09-20,105.887,104.658,106.44,104.525, 33515146 
2024-09-23,104.877,104.487,105.678,102.391, 8197582 
2024-09-24,106.059,103.744,106.182,103.62, 7787402 
2024-09-25,103.353,100.715,103.658,100.677, 6561430 
2024-09-26,98.114,97.457,99.276,97.324, 9523996 
2024-09-27,97.762,99.753,99.867,97.733, 5489511 
2024-09-30,99.448,100.286,100.572,98.943, 6584319 
2024-10-01,99.581,104.182,104.477,99.162, 8067607 
2024-10-02,106.001,105.125,106.344,103.439, 7559883 
2024-10-03,105.449,107.087,107.173,104.773, 7397411 
2024-10-04,108.183,109.107,109.192,106.735, 7585770 
2024-10-07,109.488,109.278,110.574,109.011, 4899753 
2024-10-08,107.392,105.544,107.564,104.935, 5579751 
2024-10-09,104.696,105.706,106.23,104.353, 4217323 
2024-10-10,106.344,106.554,107.478,105.506, 3946412 
2024-10-11,105.497,105.249,106.401,105.039, 6820341 
2024-10-14,104.496,104.277,105.192,103.734, 5173958 
2024-10-15,100.972,100.219,102.048,100.134, 6395653 
2024-10-16,100.629,100.172,100.972,100.057, 4602918 
2024-10-17,100.324,101.115,101.2,99.962, 5093494 
2024-10-18,100.905,100.657,101.105,99.734, 4326673 
2024-10-21,101.591,100.01,101.772,99.724, 4387062 
2024-10-22,100.762,100.019,100.791,99.791, 4711056 
2024-10-23,99.629,99.553,100.076,98.743, 4541611 
2024-10-24,100.019,99.419,100.181,98.543, 3504595 
2024-10-25,100.076,99.6,100.429,99.305, 3823136 
2024-10-28,96.971,98.362,98.448,96.685, 4439122 
2024-10-29,98.076,97.466,98.838,97.314, 3809359 
2024-10-30,97.981,98.095,98.524,97.514, 6413077 
2024-10-31,101.896,104.344,105.401,100.972, 11969396 
2024-11-01,104.315,102.725,104.792,101.62, 7428060 
2024-11-04,103.83,103.696,104.849,103.563, 5441897 
2024-11-05,104.011,104.03,104.801,103.429, 6003071 
2024-11-06,106.687,108.24,109.421,106.106, 7733605 
2024-11-07,108.507,107.068,108.583,106.554, 5441982 
2024-11-08,106.565,107.035,107.429,106.047, 5314319 
2024-11-11,106.968,107.477,108.148,106.421, 3820476 
2024-11-12,107.87,106.124,108.225,105.961, 5175841 
2024-11-13,105.913,107.256,107.87,105.031, 5961567 
2024-11-14,107.994,108.311,108.407,106.805, 4389852 
2024-11-15,108.081,107.735,109.414,107.313, 4124037 
2024-11-18,108.762,109.117,109.788,108.148, 5089153 
2024-11-19,108.023,108.474,109.481,107.668, 5100327 
2024-11-20,108.292,108.8,109.337,108.042, 4092747 
2024-11-21,109.606,107.333,110.671,106.949, 12535797 
2024-11-22,107.592,107.189,108.129,106.594, 7516628 
2024-11-25,107.333,101.769,107.39,101.232, 23447383 
2024-11-26,102.268,102.422,102.968,100.618, 12073684 
2024-11-27,102.978,103.007,104.541,102.738, 6237819 
2024-11-29,103.352,103.918,104.091,102.978, 3918669 
2024-12-02,103.918,101.808,104.302,101.232, 5939700 
2024-12-03,102.661,101.721,103.275,101.395, 5862557 
2024-12-04,101.616,99.285,101.779,98.633, 7291015 
2024-12-05,100.791,100.177,101.549,99.765, 7074715 
2024-12-06,100.187,99.007,100.321,98.22, 5365601 
2024-12-09,99.966,98.949,100.762,98.681, 6526514 
2024-12-10,99.4,98.182,99.889,97.933, 5861215 
2024-12-11,98.182,98.019,98.527,97.539, 8195505 
2024-12-12,98.201,96.791,98.431,96.753, 5908601 
2024-12-13,96.925,96.897,98.086,96.475, 6887814 
2024-12-16,97.002,95.506,97.348,95.372, 7441806 
2024-12-17,94.739,94.249,95.209,92.801, 8737833 
2024-12-18,94,91.938,94.489,91.842, 8466527 
2024-12-19,93.031,91.295,93.031,91.218, 9953878 
2024-12-20,90.892,91.238,92.446,90.384, 29542161 
2024-12-23,91.535,92.446,92.926,90.72, 7892584 
2024-12-24,92.561,93.146,93.223,91.938, 2677353 
2024-12-26,93.165,92.935,93.185,92.312, 4325685 
2024-12-27,93.041,92.964,93.981,92.532, 5889944 
2024-12-30,93.281,93.127,93.616,92.216, 5238836 
2024-12-31,93.329,95.122,95.247,93.137, 5556515 
2025-01-02,95.918,95.995,97.146,95.458, 5080848 
2025-01-03,96.513,96.964,97.261,96.197, 5759562 
2025-01-06,97.405,95.909,97.981,95.573, 5935524 
2025-01-07,96.398,97.52,98.307,95.832, 5074668 
2025-01-08,96.878,97.472,98.268,96.638, 5119883 
2025-01-10,99.275,97.76,100.177,97.06, 7013460 
2025-01-13,97.856,99.976,100.81,97.856, 7342078 
2025-01-14,99.16,100.599,100.666,98.94, 4808477 
2025-01-15,100.733,101.175,101.549,100.177, 4566904 
2025-01-16,100.897,101.299,101.837,100.801, 5273472 
2025-01-17,101.482,101.53,101.817,100.877, 8559268 
2025-01-21,100.714,100.024,101.414,99.793, 7144716 
2025-01-22,100.024,98.853,100.705,98.719, 4839050 
2025-01-23,99.861,99.745,101.175,99.4, 5734192 
2025-01-24,100.244,97.674,100.474,97.578, 5962078 
2025-01-27,98.278,98.499,99.477,97.261, 6830959 
2025-01-28,98.69,97.242,99.112,96.628, 4742316 
2025-01-29,97.021,97.415,97.741,96.254, 4130613 
2025-01-30,97.837,97.319,98.096,96.82, 4047118 
2025-01-31,97.194,94.796,97.204,94.537, 6267053 
2025-02-03,94.719,94.46,94.902,93.079, 5949006 
2025-02-04,93.712,96.475,96.686,93.549, 5310997 
2025-02-05,96.427,96.12,96.762,95.343, 6961064 
2025-02-06,94.854,95.861,96.973,94.575, 8543441 
2025-02-07,95.976,94.345,96.35,94.259, 12121721 
2025-02-10,95.544,95.42,95.544,93.827, 10338489 
2025-02-11,95.468,97.559,98.422,95.151, 8063670 
2025-02-12,96.878,94.384,97.559,94.317, 7585846 
2025-02-13,93.827,92.945,94.01,92.475, 9329145 
2025-02-14,93.704,93.076,95.203,93.056, 7960820 
2025-02-18,93.056,94.226,94.4,92.138, 11777661 
2025-02-19,95.096,96.276,96.972,94.913, 7515131 
2025-02-20,96.45,98.626,98.713,95.918, 6309218 
2025-02-21,97.707,94.7,98.21,94.555, 8562255 
2025-02-24,94.816,95.551,96.063,94.652, 6277733 
2025-02-25,95.996,93.868,96.46,93.675, 5822238 
2025-02-26,94.081,92.95,94.178,92.08, 6292478 
2025-02-27,93.984,94.149,95.715,93.124, 6306413 
2025-02-28,93.917,95.87,95.909,92.911, 9002606 
2025-03-03,96.45,89.566,96.46,88.531, 12640207 
2025-03-04,88.048,87.641,89.063,85.543, 14000537 
2025-03-05,85.891,85.94,86.443,83.938, 12081063 
2025-03-06,85.862,85.669,86.675,85.011, 8679383 
2025-03-07,86.433,87.632,88.057,86.433, 8603746 
2025-03-10,88.425,89.827,90.919,87.651, 12086735 
2025-03-11,89.827,92.254,92.96,89.827, 14544284 
2025-03-12,92.031,94.516,94.555,91.867, 10147276 
2025-03-13,93.791,93.008,96.083,92.96, 11354768 
2025-03-14,93.733,95.677,96.344,93.037, 7626002 
2025-03-17,95.967,96.073,97.195,95.744, 8031086 
2025-03-18,97.137,97.204,97.591,95.464, 7861631 
2025-03-19,97.175,97.978,99.264,96.953, 8784655 
2025-03-20,97.804,98.925,99.235,97.504, 11577818 
2025-03-21,99.022,98.548,99.554,97.988, 55090759 
2025-03-24,98.655,98.809,99.525,98.21, 6768289 
2025-03-25,99.186,99.157,99.931,98.065, 6556474 
2025-03-26,100.221,99.786,101.401,99.216, 7170916 
2025-03-27,99.496,99.419,100.405,98.848, 4712025 
2025-03-28,99.051,98.983,99.844,98.249, 3745397 
2025-03-31,98.838,101.546,101.971,98.635, 7906112 
2025-04-01,101.439,101.904,102.213,100.579, 6809745 
2025-04-02,100.946,102.59,102.687,100.792, 6527497 
2025-04-03,97.011,92.099,98.084,91.973, 13870885 
2025-04-04,89.053,83.435,89.585,82.72, 15158357 
2025-04-07,81.231,82.836,86.462,79.017, 12870244 
2025-04-08,84.267,79.925,85.36,78.581, 11509792 
2025-04-09,78.427,88.483,89.411,77.237, 17841878 
2025-04-10,85.572,80.535,85.717,78.127, 15621870 
2025-04-11,80.544,83.532,84.103,79.732, 9233806 
2025-04-14,85.669,83.59,85.688,82.759, 6537159 
2025-04-15,83.735,82.884,84.808,82.643, 5739945 
2025-04-16,83.522,83.503,85.437,83.165, 6093265 
2025-04-17,84.905,86.036,87.487,84.789, 7804562 
2025-04-21,84.373,84.654,84.953,83.474, 6213528 
2025-04-22,85.949,86.791,87.477,84.915, 5556799 
2025-04-23,87.777,86.955,88.637,86.133, 7699684 
2025-04-24,87.748,88.763,89.16,87.158, 6520274 
2025-04-25,87.651,88.686,88.966,87.612, 4736947 
2025-04-28,88.589,89.856,90.252,88.589, 4667605 
2025-04-29,87.99,88.84,89.546,87.4, 4828811 
2025-04-30,87.729,86.172,87.748,85.157, 8415290 
2025-05-01,85.505,87.651,88.357,85.331, 8027689 
2025-05-02,88.724,88.386,89.382,86.733, 6895606 
2025-05-05,86.839,84.712,86.839,84.654, 9274977 
2025-05-06,85.592,84.731,86.607,84.683, 8902397 
2025-05-07,85.282,84.808,85.398,84.006, 9202605 
2025-05-08,86.404,85.882,89.208,85.756, 15884530 
2025-05-09,87.883,85.659,88.057,85.379, 7569266 
2025-05-12,90.301,89.218,91.103,89.044, 8799567 
2025-05-13,89.662,91.055,91.935,89.237, 8293827 
2025-05-14,89.933,89.508,90.716,89.314, 7605184 
2025-05-15,87.903,89.885,90.001,87.729, 6696217 
2025-05-16,90.475,89.372,90.523,88.483, 6696225 
2025-05-19,89.466,88.16,89.613,87.76, 7190245 
2025-05-20,87.916,87.458,88.179,86.999, 5313223 
2025-05-21,87.331,84.981,87.331,84.874, 8639053 
2025-05-22,84.23,83.986,84.415,82.748, 6587207 
2025-05-23,82.923,83.07,83.586,82.66, 6789594 
2025-05-27,83.518,83.421,83.655,82.455, 7227053 
2025-05-28,84.366,82.475,84.454,82.182, 6792984 
2025-05-29,82.689,83.469,83.479,82.241, 7000457 
2025-05-30,82.836,83.226,83.908,82.436, 20170550 
2025-06-02,84.883,84.562,85.381,83.723, 8634361 
2025-06-03,84.503,85.722,86.395,83.255, 5642890 
2025-06-04,85.761,83.811,86.658,83.664, 7268039 
2025-06-05,84.679,83.226,84.679,83.109, 5110709 
2025-06-06,84.591,85.049,85.605,84.571, 6042449 
2025-06-09,85.615,85.849,86.599,84.854, 6212589 
2025-06-10,87.107,88.91,89.408,86.863, 9687643 
2025-06-11,89.535,91.026,91.485,88.871, 8738497 
2025-06-12,90.393,92.333,92.401,89.837, 7862291 
2025-06-13,94.127,94.547,95.805,93.084, 16849720 
2025-06-16,93.728,92.635,94.508,91.67, 10330383 
2025-06-17,93.542,93.123,94.342,92.47, 9468113 
2025-06-18,93.142,91.465,93.757,90.987, 9115952 
2025-06-20,92.002,92.333,92.811,91.358, 16026429 
2025-06-23,93.854,89.427,93.913,88.881, 9749666 
2025-06-24,87.994,87.165,89.369,86.824, 11016197 
2025-06-25,87.087,86.785,87.779,86.59, 8380832 
2025-06-26,87.058,88.628,88.647,86.99, 6544995 
2025-06-27,88.637,87.926,88.686,87.565, 7555727 
2025-06-30,87.282,87.506,87.945,86.882, 6519202 
2025-07-01,87.623,89.7,90.032,86.98, 11895193 
2025-07-02,90.802,92.089,92.128,89.622, 9436035 
2025-07-03,91.612,91.348,92.411,91.221, 4331501 
2025-07-07,91.026,90.246,91.387,88.969, 6287147 
2025-07-08,90.246,93.406,94.508,90.217, 12934664 
2025-07-09,92.85,92.177,93.406,92.05, 5351500 
2025-07-10,91.758,92.996,93.162,90.88, 4066491 
2025-07-11,92.343,93.23,93.796,92.304, 4903431 
2025-07-14,92.596,91.826,93.279,91.475, 5504632 
2025-07-15,91.924,90.246,92.206,90.168, 4152412 
2025-07-16,90.11,89.232,90.685,88.832, 3774052 
2025-07-17,88.832,90.5,90.656,88.511, 4899410 
2025-07-18,91.046,89.359,91.417,88.657, 7968179 
2025-07-21,89.457,88.735,89.856,88.637, 4436764 
2025-07-22,88.979,90.666,90.978,88.881, 5545502 
2025-07-23,91.212,92.674,92.908,90.831, 6921475 
2025-07-24,92.05,93.24,93.406,91.953, 5048208 
2025-07-25,93.318,92.587,93.62,92.382, 4501837 
2025-07-28,93.308,94.605,94.898,93.308, 4632430 
2025-07-29,94.888,95.551,95.629,94.244, 5157789 
2025-07-30,94.966,94.264,95.024,93.484, 6607594 
2025-07-31,92.889,92.967,94.537,92.733, 5648167 
2025-08-01,92.577,90.451,93.113,90.081, 6349218 
2025-08-04,89.954,90.539,91.534,89.808, 9384502 
2025-08-05,90.831,90.88,91.182,89.671, 7716174 
2025-08-06,92.236,90.792,93.318,90.276, 7078514 
2025-08-07,89.749,90.295,92.772,88.91, 10307297 
2025-08-08,91.231,91.573,92.567,89.418, 8765310 
2025-08-11,92.255,91.202,93.123,90.558, 6491368 
2025-08-12,92.041,92.236,94.371,91.202, 7526991 
2025-08-13,92.05,93.494,93.494,91.914, 7263344 
2025-08-14,93.22,93.269,93.396,91.943, 10057790 
2025-08-15,93.074,92.957,94.03,92.372, 6564712 
2025-08-18,92.87,92.418,93.008,91.769, 4849707 
2025-08-19,91.966,92.182,92.969,91.622, 5412150 
2025-08-20,92.418,93.293,93.598,92.369, 6133511 
2025-08-21,93.165,93.185,93.765,92.231, 5342090 
2025-08-22,93.627,95.151,95.761,93.578, 6338575 
2025-08-25,95.161,96.528,96.567,94.581, 6850791 
2025-08-26,95.948,95.417,96.351,94.758, 7052117 
2025-08-27,95.466,96.252,96.97,95.142, 5759528 
2025-08-28,96.42,96.793,97,95.2, 4240982 
2025-08-29,96.636,97.304,97.649,96.41, 4594400 
2025-09-02,97.432,97.324,97.973,96.144, 5192258 
2025-09-03,95.987,93.057,96.626,92.752, 9793520 
2025-09-04,92.959,94.158,94.552,92.398, 5612659 
2025-09-05,92.546,91.386,93.273,90.58, 8510324 
2025-09-08,91.464,89.862,91.661,88.987, 9750614 
2025-09-09,90.757,90.314,92.084,89.911, 5838579 
2025-09-10,90.314,92.733,92.743,90.147, 4353843 
2025-09-11,91.268,92.546,92.575,91.12, 4721131 
2025-09-12,93.165,90.875,93.47,90.865, 5170407 
2025-09-15,91.14,90.776,91.484,90.147, 4932200 
2025-09-16,91.514,92.949,93.5,91.091, 7860793 
2025-09-17,92.438,92.241,93.598,91.573, 7073063 
2025-09-18,92.025,91.907,92.811,91.346, 4416563 
2025-09-19,92.212,90.373,92.251,89.832, 15284109 
2025-09-22,89.96,90.462,91.268,89.547, 5798849 
2025-09-23,91.042,91.897,93.922,91.042, 8241930 
2025-09-24,92.9,94.021,95.024,92.418, 7935814 
2025-09-25,93.598,95.181,95.436,93.598, 8076300 
2025-09-26,95.427,96.823,97.973,95.23, 6812913 
2025-09-29,95.564,94.237,95.751,93.067, 8700508 
2025-09-30,93.018,92.998,93.47,91.976, 7318461 
2025-10-01,92.684,93.854,94.325,92.251, 4794582 
2025-10-02,93.401,91.809,94.522,91.563, 5428565 
2025-10-03,92.084,92.575,93.116,91.907, 4321560 
2025-10-06,93.185,93.313,93.814,92.752, 3454270 
2025-10-07,92.861,93.627,93.677,91.071, 4072066 
2025-10-08,93.588,92.172,93.608,91.72, 5289732 
2025-10-09,92.723,90.403,93.421,90.275, 6940005 
2025-10-10,89.39,86.165,89.469,86.165, 7892361 
2025-10-13,86.873,87.286,87.483,86.106, 5887288 
2025-10-14,85.438,86.686,87.394,85.29, 6004300 
2025-10-15,87.433,86.263,87.492,85.133, 6036125 
2025-10-16,86.145,85.447,86.942,84.159, 7816573 
2025-10-17,85.467,85.025,86.018,84.681, 5775031 
2025-10-20,85.241,85.595,85.782,84.749, 4636382 
2025-10-21,85.782,84.956,86.204,84.789, 5895521 
2025-10-22,85.801,85.939,86.283,85.064, 8307836 
2025-10-23,88.2,88.564,89.459,87.65, 7866274 
2025-10-24,88.967,86.549,89.075,86.45, 7886582 
2025-10-27,87.207,87.197,87.886,86.824, 5715952 
2025-10-28,86.814,85.329,86.873,85.231, 5234831 
2025-10-29,85.388,86.598,86.922,85.28, 5476320 
2025-10-30,86.45,86.657,87.748,85.821, 6114224 
2025-10-31,86.431,87.365,88.102,86.057, 5635803 
2025-11-03,87.207,87.08,87.335,85.919, 5310240 
2025-11-04,85.9,86.431,86.588,85.546, 5740444 
2025-11-05,86.136,86.224,87.217,86.087, 6384644 
2025-11-06,85.536,84.218,86.873,84.13, 13101817 
2025-11-07,84.651,85.369,85.91,84.15, 7567677 
2025-11-10,85.86,86.745,87.06,84.946, 6071385 
2025-11-11,87.62,89.164,89.852,87.306, 6561640 
2025-11-12,87.827,87.571,88.741,87.443, 6941510 
2025-11-13,88.033,87.915,89.134,87.148, 8207911 
2025-11-14,88.721,89.832,90.275,87.178, 7628389 
2025-11-17,89.833,88.037,90.022,87.422, 8610848 
2025-11-18,87.719,88.99,89.654,87.422, 6877012 
2025-11-19,87.322,87.303,87.819,86.37, 5092856 
2025-11-20,87.809,86.797,89.893,86.767, 4911208 
2025-11-21,86.727,86.697,87.809,85.874, 7046556 
2025-11-24,86.429,86.886,87.451,85.655, 7143896 
2025-11-25,85.993,85.953,86.31,85.04, 6926710 
2025-11-26,85.784,86.419,86.965,85.735, 5066051 
2025-11-28,86.419,88.007,88.702,86.211, 3304675 
2025-12-01,88.444,89.565,90.478,88.096, 8525595 
2025-12-02,89.386,88.603,89.704,87.898, 5135408 
2025-12-03,89.327,91.103,91.133,89.277, 5647601 
2025-12-04,90.934,92.403,92.482,90.934, 7312422 
2025-12-05,91.56,92.969,94.338,91.371, 9873734 
2025-12-08,91.818,92.165,93.514,91.55, 7975008 
2025-12-09,91.917,92.711,92.909,91.47, 6177238 
2025-12-10,93.008,96.055,96.66,92.84, 10640134 
2025-12-11,95.42,95.965,96.958,95.172, 8225500 
2025-12-12,96.69,94.804,96.908,94.507, 5731331 
2025-12-15,94.804,93.633,94.864,92.592, 8942104 
2025-12-16,92.611,90.071,92.691,90.061, 9060380 
2025-12-17,91.222,94.229,94.388,91.103, 9661331 
2025-12-18,93.524,91.52,93.762,91.45, 7336901 
2025-12-19,91.738,91.232,92.681,90.895, 14612770 
2025-12-22,92.393,92.592,93.802,91.857, 4850700 
2025-12-23,92.631,92.016,93.058,91.728, 5671129 
2025-12-24,92.036,91.093,92.443,90.984, 3079183 
2025-12-26,91.202,90.835,91.768,90.051, 4575613 
2025-12-29,91.292,91.917,92.016,90.994, 5256406 
2025-12-30,92.631,93.375,93.584,92.393, 4553633 
2025-12-31,93.723,92.889,93.862,92.701, 3551875 
2026-01-02,92.889,95.955,96.194,92.413, 7005619 
2026-01-05,100.421,98.436,102.187,96.362, 15706515 
2026-01-06,99.429,96.362,99.538,96.233, 9026863 
2026-01-07,96.442,93.217,96.491,93.187, 7988439 
2026-01-08,93.673,97.96,99.091,93.604, 9605230 
2026-01-09,98.377,96.759,99.528,96.531, 8940700 
2026-01-12,97.851,94.765,97.97,93.951, 10232876 
2026-01-13,96.253,95.717,96.997,95.162, 7868289 
2026-01-14,95.856,99.567,101.135,95.856, 13563744 
2026-01-15,98.228,98.168,99.746,97.404, 7461373 
2026-01-16,96.749,97.434,98.188,96.382, 8939244 
2026-01-20,96.849,94.785,97.91,94.249, 10796662 
2026-01-21,96.293,96.402,97.166,95.638, 10599078 
2026-01-22,96.263,96.134,96.263,95.231, 7771193 
2026-01-23,97.623,97.593,98.645,96.938, 6972751 
2026-01-26,98.784,97.692,98.922,97.017, 7278227 
2026-01-27,97.99,99.101,99.161,97.533, 7276868 
2026-01-28,99.657,100.609,100.738,99.071, 6817438 
2026-01-29,103.497,102.008,104.906,101.899, 14466865 
2026-01-30,101.522,103.427,103.467,100.947, 9169003 
2026-02-02,100.728,101.006,102.266,99.726, 7514047 
2026-02-03,101.631,104.102,104.42,100.967, 9346556 
2026-02-04,104.658,106.762,107.506,104.648, 10367076 
2026-02-05,106.127,104.172,107.605,102.356, 10441023 
2026-02-06,104.44,106.791,107.297,104.311, 6756124 
2026-02-09,106.772,107.863,108.052,106.236, 6337762 
2026-02-10,107.714,106.672,107.843,106.285, 5255320 
2026-02-11,107.665,110.354,110.582,107.595, 8984747 
2026-02-12,110.354,109.977,111.118,107.863, 12517721 
2026-02-13,109.54,110.572,111.207,109.54, 6836436 
2026-02-17,110.8,107.942,112.1,107.049, 7619442 
2026-02-18,109.92,110.52,110.81,108.84, 9456225 
2026-02-19,112,111.59,113.8,111.07, 8851738 
2026-02-20,111.22,110.53,111.44,109.58, 6822988 
2026-02-23,110.7,109.88,111.91,109.68, 4872200 
2026-02-24,110.24,110.59,110.9,108.4, 5152249 
2026-02-25,110.99,110.01,111.53,108.66, 6907312 
2026-02-26,109.17,110.7,111.69,108.11, 7205841 
2026-02-27,112.4,113.46,113.79,111.06, 9009879 
2026-03-02,119.28,118.24,119.3,115.72, 19667899 
2026-03-03,120.85,118.52,122.5,117.3, 17354694 
2026-03-04,116.39,115.65,117.44,114.43, 10160639 
2026-03-05,117,116.82,118.52,115.83, 9881261 
2026-03-06,118.77,117.07,119.48,116.6, 11554613 
2026-03-09,117.54,117.03,118.77,116.2, 13694739 
2026-03-10,116.12,114.15,116.54,112.93, 13917875 
2026-03-11,114.65,117.03,117.16,114, 9528436 
2026-03-12,118,120.26,120.99,117.66, 12766368 
2026-03-13,119.68,121.89,122.26,119.24, 10884489 
2026-03-16,121.19,121.32,122.38,120.4, 7556780 
2026-03-17,121.95,122.87,123.96,121.21, 7953143 
2026-03-18,123.8,123.65,124.87,123.11, 10273029 
2026-03-19,124.71,126.02,126.35,123.97, 11205373 
2026-03-20,126.3,126.92,128.13,126.11, 31963978 
2026-03-23,123.63,127.19,128.36,122.95, 10584044 
2026-03-24,127.53,129.35,131,127.44, 10439710 
2026-03-25,128,128.93,129.68,127.81, 7495794 
2026-03-26,129.64,133.25,133.55,129.64, 8168016 
2026-03-27,133.08,133.8,134.87,132.33, 9182906 
2026-03-30,135.15,132.89,135.87,131.91, 8913896 
2026-03-31,132.76,132,135.2,128.35, 13519316 
2026-04-01,128.15,128.38,129.93,126.44, 12979932 
2026-04-02,131.3,130.52,134.41,129.11, 7383761 
2026-04-06,130.5,131.64,131.73,129.35, 4210017 
2026-04-07,132,131.77,133.69,131.15, 6794313 
2026-04-08,122.16,125.22,125.89,120.7, 12713760 
2026-04-09,126.29,123.47,127.91,123.28, 9069416 
2026-04-10,123.3,122.55,124.05,121.32, 10487658 
2026-04-13,124.96,123.62,125.33,122.38, 8639417 
2026-04-14,121.64,118.79,122.28,117.95, 9849214 
2026-04-15,118.17,118.92,120.36,117.35, 6592499 
2026-04-16,119.51,121.57,122.44,119.37, 6904336 
2026-04-17,116.33,116.04,116.5,112.21, 11665728 
2026-04-20,116.84,116.45,118.22,116.07, 6124672 
2026-04-21,117.04,120.26,120.62,116.72, 8138860 
2026-04-22,121.44,122.6,123.23,120.91, 6562715 
2026-04-23,123.39,124.37,125.58,123.38, 7958110 
2026-06-04,117.98,119.2,117.6,119.04,1411266
2026-06-03,117.59,119.55,116.91,119.05,1752869
2026-06-02,115.48,117.45,115.37,116.87,6113636
2026-06-01,115.7,117.6,115.32,115.58,7449906
2026-05-29,114.12,114.55,112.64,113.98,12402914
2026-05-28,115.83,116.89,114.45,114.99,5989877
2026-05-27,115.21,116.45,114.24,115.13,5830454
2026-05-26,118.75,119.89,116.18,116.57,7180740
2026-05-22,120.05,121.59,119.6,120.46,4949755
2026-05-21,124.01,124.41,119.8,120.55,5754521
2026-05-20,124.27,126,121.77,122.36,5665688
2026-05-19,125.86,126,124.12,125.11,6029008
2026-05-18,122,125.15,120.39,124.54,5805180
2026-05-15,120.78,122.48,120.49,122.41,7059485
2026-05-14,117.13,119.52,117.01,118.97,5316392
2026-05-13,117.65,118.01,115.69,117.4,5977149
2026-05-12,116.67,118.25,115.68,117.87,6875254
2026-05-11,114.43,115.97,113.8,115.55,6200051
2026-05-08,113.792,114.635,112.779,113.027,8009464
2026-05-07,115.271,115.38,113.206,114.03,10356589
2026-05-06,117.087,119.112,116.551,118.02,13180791
2026-05-05,123.152,123.827,122.11,122.407,7258347
2026-05-04,123.092,124.343,120.799,123.986,7793482
2026-05-01,124.075,124.829,121.564,122.278,7784340
2026-04-30,123.618,127.152,122.854,124.849,11948020
2026-04-29,125.068,127.331,124.154,127.301,9676863
2026-04-28,123.251,123.638,121.554,123.4,7241070
2026-04-27,121.306,122.735,119.33,120.78,12215395
2026-04-24,122.556,123.221,119.598,120.859,10968292
