Date,Open,High,Low,Close,Volume
2016-04-25,173.44678852765819,174.1757593791263,172.90966135433501,173.64630126953125,986300
2016-04-26,174.83565634462457,178.18887532232856,174.83565634462457,178.14283752441406,1918300
2016-04-27,176.55443273687445,180.00740748571667,176.45468809479345,179.28611755371094,1405700
2016-04-28,178.17352651814474,179.92303309998564,177.94332581874588,178.57254028320312,1034900
2016-04-29,178.09680989174154,178.7643814165927,177.1146311185259,178.31166076660156,952200
2016-05-02,178.58793935827237,179.40130523971135,178.35005782125972,178.9716033935547,1008100
2016-05-03,178.28091826041253,180.19156848332625,177.5366094411545,180.09181213378906,1166400
2016-05-04,179.4396417212727,181.3502807800031,178.85646499906193,181.09706115722656,1382900
2016-05-05,181.16610172235028,182.74679514717113,180.65966255464264,182.7314453125,1198900
2016-05-06,182.6240583210162,184.542378261363,182.46291429428894,184.35821533203125,1140800
2016-05-09,184.358201588361,185.69335638236674,183.7903864217855,184.4042510986328,1498800
2016-05-10,185.16388955869598,187.6500361144769,185.1485397226588,187.50424194335938,1141400
2016-05-11,187.20497787119305,187.6039916344914,185.40175272709905,185.56289672851562,1006700
2016-05-12,185.71639823146896,188.27927098735813,185.30971532086065,187.94932556152344,969300
2016-05-13,185.98495893458096,187.6116905001747,185.46316982145922,185.7854461669922,1198700
2016-05-16,185.087190054951,187.22036093548843,184.85698931571042,186.43768310546875,921200
2016-05-17,186.4606602097049,186.86734301751574,184.3658585400481,185.3326873779297,1016100
2016-05-18,184.84165078868483,186.60650761953337,184.25848569428564,185.37110900878906,738000
2016-05-19,183.91319087491559,184.97978815949924,182.46294125407184,183.3070068359375,1360600
2016-05-20,183.7673812301249,184.38891501747045,182.92331577292993,184.21243286132812,1009000
2016-05-23,184.48863421931313,184.55770262608934,183.42204894803322,183.79037475585938,849600
2016-05-24,184.46563258966248,185.5015299948519,184.38890682055285,184.90301513671875,741200
2016-05-25,185.1562291682522,185.3557302121037,184.54236449144653,184.80325317382812,737300
2016-05-26,184.6114186364761,185.6933537971511,184.2431045188933,185.3403778076172,648700
2016-05-27,185.42532612015683,186.05886830979924,184.81497294218218,185.49485778808594,794100
2016-05-31,185.22447224080082,185.89663534558446,182.4508091553868,182.5126190185547,2546000
2016-06-01,182.5126758111881,184.3283042660095,181.8405124972468,183.94200134277344,972700
2016-06-02,183.98059387565985,184.0733027845317,182.94529330747346,183.74880981445312,921400
2016-06-03,183.55566880373473,185.1549565175995,182.51264636367202,184.59095764160156,1516700
2016-06-06,184.2818918189623,185.71120511179845,184.2818918189623,184.96177673339844,1154100
2016-06-07,185.57991473122243,186.47614030756392,184.96956132347296,185.03909301757812,993000
2016-06-08,184.85369796543247,186.0048850912531,184.83052072972743,185.71902465820312,918900
2016-06-09,185.46401189107763,186.0975424732066,185.42537924592912,185.94302368164062,894100
2016-06-10,185.43306800636068,186.7387733720565,185.22447297999082,185.8734588623047,760200
2016-06-13,185.4331034483739,185.96620330681864,183.8106384324859,183.84153747558594,1073000
2016-06-14,183.71015641974665,185.51805067267972,183.30067639978384,185.1935577392578,1220000
2016-06-15,185.5103192212643,185.88116658461553,184.8304225642661,185.00039672851562,854200
2016-06-16,184.69134450722865,185.77298747624224,183.94963805060203,185.3248748779297,1212300
2016-06-17,185.59535631567283,185.59535631567283,182.844881700684,183.54022216796875,1455700
2016-06-20,184.807245234527,185.27081328021814,183.7719566267119,184.3745880126953,1067000
2016-06-21,185.03138139851913,185.3095199792941,184.11970035468954,184.3051300048828,928300
2016-06-22,184.61415196142715,184.86139147403065,183.9110778601184,184.0115203857422,1001700
2016-06-23,185.26311687741838,185.4253692626953,184.0192212203867,185.4253692626953,755800
2016-06-24,181.44642769765133,187.6427160471767,181.36916242296843,185.1935577392578,3471200
2016-06-27,184.48280635275864,185.40220911295452,182.38905130049017,184.8768310546875,1868200
2016-06-28,185.5103615470375,186.1670811304765,183.60974627179866,186.12844848632812,1994700
2016-06-29,186.97055462584552,189.04886556970752,186.7078715520184,188.57757568359375,1190000
2016-06-30,189.11843111345598,192.16249959951628,189.03344401093554,191.73756408691406,2045600
2016-07-01,191.73753493807288,193.08959477051565,191.73753493807288,192.6492156982422,1427800
2016-07-05,192.2242989665088,193.44501737734058,191.9307050303894,192.77284240722656,1327600
2016-07-06,193.88537416324584,194.1712462535543,191.51348108684627,193.2132110595703,1387400
2016-07-07,193.32910108997135,194.09398489820967,192.07748375742335,192.9737091064453,961300
2016-07-08,193.75407009341777,194.92843414071916,191.99252991697983,194.619384765625,1082800
2016-07-11,194.99021873493118,198.04973052300917,194.63481494690865,196.54315185546875,6337100
2016-07-12,197.50893562538437,198.0806681307072,196.26503988267598,196.78268432617188,4167000
2016-07-13,197.09170275352943,198.12699147794908,196.952627608548,197.70977783203125,4781700
2016-07-14,198.70648161804274,199.28593595063285,196.78268898979331,197.78707885742188,3323800
2016-07-15,198.64463890547785,199.03867535486862,197.8643231866777,198.54421997070312,3460700
2016-07-18,199.1622679230551,199.55630431868622,197.2462093619755,198.01109313964844,2345800
2016-07-19,199.74952387234816,203.48119976866212,194.77394029188986,200.07400512695312,4980000
2016-07-20,200.3521338503898,200.7384367352264,197.7020899301159,198.3047332763672,3361600
2016-07-21,198.93822804570698,198.93822804570698,194.38759287288357,196.35000610351562,2733400
2016-07-22,196.70540904654274,198.93822718075592,195.50786789567786,198.79916381835938,1864500
2016-07-25,198.4206055281722,198.77599755547308,196.7981288098907,197.49346923828125,1295200
2016-07-26,197.49345133647773,198.1424372493519,196.11049241816062,196.82901000976562,2121500
2016-07-27,197.3775901529444,197.7870702537068,195.49243025334428,196.365478515625,2593300
2016-07-28,196.39640757376836,196.9295075042806,194.7353096876774,196.6668243408203,2716000
2016-07-29,196.6281354010614,196.86764126324283,195.23744289110715,195.2606201171875,2178300
2016-08-01,195.18335633279025,196.9603397800428,194.92839507032622,196.89080810546875,2782400
2016-08-02,196.37321653449726,198.91508445214728,195.26066228626334,198.5596923828125,4770800
2016-08-03,198.95367863666237,199.13909643851497,196.82127960314912,198.44375610351562,6827200
2016-08-04,199.06187960186975,199.93492792812867,197.8952608772569,199.13914489746094,5720200
2016-08-05,200.213040197254,201.10153198242188,199.04639811647203,201.10153198242188,4418100
2016-08-08,200.8775407563724,202.32231006547644,199.94269418778657,201.0243377685547,8743400
2016-08-09,201.20975857699625,201.87421194361596,200.24400115544472,201.38746643066406,9900300
2016-08-10,200.738425072352,202.49996518173938,200.1589707787633,201.88186645507812,9565300
2016-08-11,202.03640346273488,204.02200589737367,200.99338098546133,202.8399200439453,12648900
2016-08-12,202.801227424553,205.0031580027223,202.16770877990714,204.08375549316406,13962300
2016-08-15,204.13790430878177,206.23165941353727,204.12246068096658,205.89944458007812,9143800
2016-08-16,204.9182349974263,205.5517538037287,196.5818122132546,198.38197326660156,7884400
2016-08-17,198.3278830380228,198.9459581369355,194.34895680186798,197.5089111328125,4381100
2016-08-18,197.50893294791726,197.77934967532957,196.31912528316508,197.33895874023438,2596300
2016-08-19,196.80586947095966,197.014476335066,195.23748066129693,196.33457946777344,2412700
2016-08-22,196.52771912513708,198.1115750455295,196.04870733684245,196.39637756347656,3791000
2016-08-23,197.19987660909055,197.19987660909055,191.71437160437227,192.95826721191406,10627900
2016-08-24,192.19339602575235,192.95827993802516,189.1338839547167,191.6989288330078,10559900
2016-08-25,191.30490543643575,193.29822963618182,190.06100973853705,192.0157012939453,4383900
2016-08-26,192.37877696225004,192.9968637440301,188.24533266130663,188.85569763183594,4697100
2016-08-29,189.2883801793142,190.1227956780531,188.54667358409304,188.74755859375,1637600
2016-08-30,188.74755498670788,189.2609449749168,185.79169913283067,186.25840759277344,1887400
2016-08-31,185.9083878562221,189.5020943170587,185.59724885853282,188.99649047851562,2890200
2016-09-01,189.12100023821762,189.67327388379124,188.16422442541537,189.49436950683594,1337100
2016-09-02,189.60321160751576,190.57553576960558,188.44419693339577,189.26873779296875,1492700
2016-09-06,189.98435569274213,190.17882051363534,188.44418576545056,189.01980590820312,1599800
2016-09-07,188.36639226388485,189.01979116250772,187.5807468524835,187.7518768310547,1245900
2016-09-08,187.06737302067611,188.4364010110471,186.68621771992284,187.95413208007812,1249600
2016-09-09,186.79516596236087,187.18409568343426,185.0449822175306,185.08387756347656,1574200
2016-09-12,183.96371369911444,186.29729146273957,183.01472445903835,185.75279235839844,1822000
2016-09-13,184.87383950997366,185.69059424204409,184.35267514378586,184.67160034179688,1609000
2016-09-14,184.67160034179688,185.91616824234924,184.28267064740072,184.67160034179688,1494500
2016-09-15,184.67156520975664,186.28951385494815,184.11927992633656,185.97836303710938,1267100
2016-09-16,185.45720694148497,185.62833693153894,184.5471130139383,184.7026824951172,2892900
2016-09-19,186.1417085810888,188.15636105666547,185.97057860787797,187.3707275390625,1456600
2016-09-20,187.7363618049969,188.42865616255165,187.0596160888672,187.0596160888672,1007900
2016-09-21,187.5730149652589,189.69656780076065,187.16852475448013,189.65768432617188,1660200
2016-09-22,190.53666950489685,192.1546185818139,190.37332566748694,191.835693359375,1173000
2016-09-23,191.41567921210168,191.7734879578363,190.2955595626468,191.22898864746094,858800
2016-09-26,191.12781381472146,192.5046162298267,190.5833028093992,190.98779296875,880700
2016-09-27,191.3845130591423,192.1468237831265,190.80890472497333,191.19004821777344,946500
2016-09-28,191.45451061607227,192.10013525030033,190.46662599558442,191.15892028808594,1352500
2016-09-29,191.41557558457492,191.41557558457492,187.4329406485613,188.50637817382812,1134100
2016-09-30,189.06647674008892,189.3854018969398,184.60934634091487,186.4684295654297,2167000
2016-10-03,185.68282733729978,187.69748038613173,184.77272137117356,187.13742065429688,1338300
2016-10-04,187.43300341159772,187.50300790793275,183.96374531762413,184.4304656982422,1409600
2016-10-05,185.94725670121375,185.94725670121375,183.9637132333167,184.04150390625,1172100
2016-10-06,184.35268111198295,184.36824162363638,182.39247206539295,182.57916259765625,1899700
2016-10-07,181.3967779190695,182.0112933841326,180.12887539030152,181.65347290039062,2183900
2016-10-10,181.87908853074384,182.74250106047117,181.3345774616004,181.46681213378906,990000
2016-10-11,181.2412284506219,181.73128363899454,180.18333926043428,180.34669494628906,1060700
2016-10-12,180.40886068195204,181.33451493729865,179.97326147218618,180.54110717773438,1256000
2016-10-13,180.1988747395513,181.56790273172126,179.72438012745536,181.23342895507812,1112000
2016-10-14,181.53684833420053,182.08912191549476,180.40894259847673,180.9067840576172,1081000
2016-10-17,180.99233104105645,182.2758062544503,180.93011272997668,181.06234741210938,793300
2016-10-18,182.2446545787832,186.37509753172225,180.91452179038544,181.07786560058594,867900
2016-10-19,181.30344145400474,181.81683142471277,180.13665254013588,180.7200469970703,992400
2016-10-20,180.58007035626213,181.01568162751843,179.46773701665126,180.33116149902344,922800
2016-10-21,179.73995878894678,179.8099632791484,177.7408546391199,179.3121337890625,1553000
2016-10-24,180.07445478551924,180.8445398801896,179.6232948999824,180.5878448486328,1304900
2016-10-25,187.52632252013942,194.30147041439432,185.62834391842307,193.8892059326172,3130700
2016-10-26,193.37581784913658,196.02053460003228,192.5123935910117,194.53482055664062,2112300
2016-10-27,194.6826190925555,195.42936922166555,192.9479962264856,193.3213653564453,1294400
2016-10-28,193.46919363653927,194.5970874085521,192.66799939281472,192.9091339111328,1119000
2016-10-31,193.09580565473416,193.53917930384563,191.10447578637985,191.64898681640625,1320900
2016-11-01,192.27908749721672,192.27908749721672,189.97661820514682,190.5600128173828,1081000
2016-11-02,190.53668769905858,192.63690603637227,189.95329305707173,190.66114807128906,953800
2016-11-03,188.66979696125762,189.33097031964041,184.4382399908384,185.67503356933594,1695100
2016-11-04,185.79175299948474,186.45292647672895,183.73820432045403,183.7926483154297,1512200
2016-11-07,186.55400753585383,186.62401202807274,184.75715435375164,186.118408203125,1376000
2016-11-08,185.90837243667784,187.40186086625954,185.59723346479495,186.05616760253906,1259300
2016-11-09,199.59095731364988,200.28326363205713,194.46486628693276,197.15626525878906,4184300
2016-11-10,200.29877397667892,200.83549880407537,196.6195027334129,200.11985778808594,2627400
2016-11-11,200.65661235148838,202.03343873814316,198.40082474727038,201.59783935546875,2002900
2016-11-14,203.2002334182629,208.3185381732376,202.8657358123563,207.87515258789062,2455100
2016-11-15,209.08079947148352,209.81975153368765,203.68245424787094,206.85610961914062,2014600
2016-11-16,206.80943997540993,207.04281199905336,203.3790777517662,204.8492431640625,1464200
2016-11-17,204.96594507531393,205.72046961772614,204.1025325644875,204.79481506347656,913500
2016-11-18,204.685956167457,205.71271264593128,203.47247353219177,204.6470489501953,1197100
2016-11-21,205.3937484831881,205.6115481480591,204.2969877075619,204.90371704101562,965500
2016-11-22,205.73603958062122,206.63059694424993,204.90374800525277,205.8682861328125,1244700
2016-11-23,206.06273150566298,206.77058639110396,205.01261659345087,205.666015625,1038000
2016-11-25,206.3971712355084,207.29170462831897,205.86044645214596,206.8483428955078,653000
2016-11-28,206.700552008436,207.08948164276902,206.02379450445656,206.85610961914062,1364900
2016-11-29,207.1615633270687,209.72268255631107,206.54281321286166,208.7906494140625,1209500
2016-11-30,209.55040377838068,209.8637107539462,207.74900817871094,207.74900817871094,1468000
2016-12-01,207.78028088508998,208.75146529043698,207.0127172699859,208.64964294433594,874900
2016-12-02,208.79071513486724,210.0203759065012,208.34429803282225,209.6052703857422,1091000
2016-12-05,210.64690760717116,211.39095183875384,208.57919652150326,209.06478881835938,1270300
2016-12-06,208.20328317363607,208.9630072417781,206.77784147938448,208.33644104003906,1145900
2016-12-07,208.3912218071754,209.119610218657,207.04408328714152,208.63401794433594,1269400
2016-12-08,208.63404222572782,208.63404222572782,202.54841059699237,203.0496826171875,2767300
2016-12-09,202.5405934417011,203.8094053700213,202.11764816493925,203.26898193359375,1545300
2016-12-12,197.1990542842823,198.70283466786813,192.28043554495449,198.24073791503906,7080300
2016-12-13,199.4625310653019,200.11260475753627,195.89887954928628,197.1285400390625,2519200
2016-12-14,197.6141206176715,199.58783720866583,197.43398346938866,197.60629272460938,1844900
2016-12-15,197.63766917073357,198.3973932855577,196.1260607872285,196.31402587890625,1855600
2016-12-16,196.80747614338202,197.99013377361294,195.04523154184673,195.86761474609375,2138100
2016-12-19,195.44462966695053,197.73164160235473,195.44462966695053,197.5123291015625,1045600
2016-12-20,197.51232551222108,198.76548173205418,197.44967845711452,198.726318359375,900200
2016-12-21,199.32939701861443,199.32939701861443,197.5906484736111,197.77862548828125,819600
2016-12-22,197.3791898156965,198.54619145639407,196.6664689803958,197.99794006347656,831100
2016-12-23,194.37156397741853,197.27731331320317,193.46302657286796,195.48373413085938,2086400
2016-12-27,196.41582610027365,197.17555012934326,195.96155726168683,196.47848510742188,788800
2016-12-28,196.1495214926292,196.5881225630828,194.64574127208132,195.4759521484375,1007700
2016-12-29,195.95374569772804,197.3087124811499,195.3741587965434,196.26702880859375,900900
2016-12-30,196.2200160322513,196.83876624222813,194.84938165820597,195.75791931152344,1058100
2017-01-03,196.74474516722879,199.02391688654762,196.40012665903166,198.3973388671875,1667700
2017-01-04,199.01617785887873,199.64274420703356,198.4209230967498,198.93002319335938,1077600
2017-01-05,199.2276173245883,202.08636482313213,199.01615658263685,200.4886016845703,1279200
2017-01-06,200.09694738851957,202.51710512388345,200.09694738851957,201.95318603515625,1246000
2017-01-09,202.07067338958547,202.84605320861365,201.6242324444619,201.92185974121094,1067100
2017-01-10,202.19595885154263,202.82252492132218,200.63735961914062,200.63735961914062,1146400
2017-01-11,200.739199120927,201.2874624705446,197.1442355248174,199.82284545898438,1613000
2017-01-12,199.6505439832502,199.97949483530485,196.83094817851816,197.85696411132812,1153300
2017-01-13,197.95096244856245,200.4650911348561,197.38704327666792,199.35292053222656,1162000
2017-01-17,198.51483770597272,199.2040628017219,197.41832313608347,199.03175354003906,1431000
2017-01-18,199.01611037863356,199.50953061295252,198.1075727504844,198.99261474609375,925300
2017-01-19,200.1674496188807,201.63206652493386,199.86982233064103,201.31094360351562,1076500
2017-01-20,202.03930182910446,202.13328434772185,200.58252498660914,201.8591766357422,1184400
2017-01-23,202.1881042629347,203.43342036963207,199.73663541379068,201.66336059570312,1606300
2017-01-24,196.1025312555637,198.50700926189265,195.0373520998884,198.08407592773438,2985000
2017-01-25,198.2015653539345,199.19625766894436,194.23847578436255,196.588134765625,2329900
2017-01-26,195.8049371760642,199.713208024453,195.45249067934424,199.69754028320312,1956700
2017-01-27,199.70531943580136,202.94784792598622,195.90671175231154,198.54615783691406,2597200
2017-01-30,199.1962374524521,200.72351324507224,197.27735186936616,198.0214080810547,1537400
2017-01-31,197.62199517826213,197.76296898403592,195.77359625744128,196.8466033935547,1276300
2017-02-01,196.45496172964087,197.80992820879055,195.7892203298198,196.50978088378906,1210400
2017-02-02,196.509834246861,197.50452669462993,196.07123309064372,197.34788513183594,1045700
2017-02-03,197.89609540540113,200.8644924385814,196.97972990516894,199.29806518554688,1803700
2017-02-06,199.27458424490214,201.34229574359412,199.0239601532628,199.9638214111328,980800
2017-02-07,200.50423415483317,201.52241015811376,200.17528332979094,200.7940216064453,977800
2017-02-08,201.23259964213003,201.9218366923548,200.81749422351254,201.0837860107422,973400
2017-02-09,201.0838227008281,202.88524239296277,201.0838227008281,202.2273406982422,869300
2017-02-10,202.44659430188855,204.3576518821868,202.0706403198425,204.06784057617188,748800
2017-02-13,204.45946133991598,206.0728917589423,204.43596570864725,205.4776611328125,906700
2017-02-14,205.35239390519865,206.11211804001522,205.08610205099097,205.64218139648438,824200
2017-02-15,205.2035670562583,206.5820414148846,204.4751784516533,206.34706115722656,1063800
2017-02-16,206.70735726330443,207.8665071417974,205.77532389226445,207.81167602539062,858500
2017-02-17,207.32608995575941,207.89000912266056,206.37840076623445,207.82736206054688,882100
2017-02-21,207.40440313981927,208.39126759282004,206.91881075880872,208.0701446533203,957300
2017-02-22,207.55323103350173,208.35210656333672,206.93448074654847,208.2738037109375,712700
2017-02-23,208.57922398186594,208.57922398186594,206.58983936970714,207.43572998046875,1008300
2017-02-24,207.2164426009955,208.33644104003906,206.12775574066094,208.33644104003906,929200
2017-02-27,208.98306589286582,212.92614260782554,208.3521832451244,212.42141723632812,1499700
2017-02-28,212.64223456842763,212.70531320118994,210.126549912707,210.2290496826172,2049400
2017-03-01,212.20851554319734,212.92615844669874,210.82054473496325,211.6486053466797,1125600
2017-03-02,212.1375539392698,212.1375539392698,209.9452039727486,210.55242919921875,954200
2017-03-03,210.61549097651607,211.60912987519427,209.9688206636456,211.15963745117188,771100
2017-03-06,210.89940759162403,211.72746818961076,210.40257604615834,211.12811279296875,778300
2017-03-07,210.8047087656793,212.43714786302021,210.79681491304876,212.1690216064453,884000
2017-03-08,212.13753952768428,212.17696067046055,210.80477759565565,211.12811279296875,818000
2017-03-09,211.348909701905,212.13752503661362,210.98615338659548,211.88516235351562,729400
2017-03-10,212.84730600262486,212.84730600262486,210.77324351007408,211.8694305419922,687200
2017-03-13,211.75113133067282,212.3425928878663,211.3489297704589,212.28738403320312,819100
2017-03-14,212.08235988346513,212.25585625551247,210.86001548947377,211.3489532470703,701600
2017-03-15,211.34898023674228,212.82368755414998,211.1518263372677,212.48458862304688,748500
2017-03-16,213.46243447759718,213.46243447759718,210.66285912235276,211.3016357421875,982200
2017-03-17,211.96404621581655,214.64533376206614,211.58550215988888,214.4876251220703,2127700
2017-03-20,214.62960822143202,216.53017456053647,214.21164294796165,214.52708435058594,1325000
2017-03-21,214.77936278304196,215.30772151002577,211.63277164887512,212.1374969482422,1359600
2017-03-22,212.00347623353804,213.14697823787657,211.27796351259704,212.46878051757812,1021200
2017-03-23,212.46876645163704,214.08541835537474,212.1217737588081,212.53184509277344,803800
2017-03-24,212.79212864863487,212.91044023743626,210.34743963511866,210.89158630371094,870500
2017-03-27,209.49572148354682,211.25434286969707,208.2260619670668,210.68653869628906,994300
2017-03-28,210.2685481597772,213.54919142704767,209.78748020489718,212.23219299316406,1021300
2017-03-29,212.07450012068895,212.07450012068895,210.76539544546193,211.53822326660156,814100
2017-03-30,211.7905379370844,213.65955247886436,211.51451774934714,213.3520050048828,562200
2017-03-31,213.29680004399037,213.29680004399037,211.03347778320312,211.03347778320312,1214400
2017-04-03,211.03346838134757,212.37410001037415,210.83631454767044,211.88516235351562,799100
2017-04-04,211.77479876491546,212.96559172394984,211.5460935467481,212.5791778564453,567900
2017-04-05,212.79990712527496,213.67528244793442,210.41040420660207,210.5444793701172,949500
2017-04-06,210.45775846445275,211.1832951201309,210.02402968186635,210.6470184326172,740400
2017-04-07,214.77157236578668,214.77157236578668,211.49092853978706,213.10760498046875,1020800
2017-04-10,213.07602122185995,213.9986878680758,212.0034916405409,212.16122436523438,789300
2017-04-11,212.13756611605848,213.33625299294883,211.4908956403815,213.13909912109375,744400
2017-04-12,212.83940691787075,213.30468708321487,211.3804637169538,211.75111389160156,955400
2017-04-13,211.45937096866183,213.1469956179994,211.3489532470703,211.3489532470703,764000
2017-04-17,211.45140528232233,212.84724557419403,211.2779089692117,212.83148193359375,811600
2017-04-18,212.8315320628441,213.47820247917232,211.52242758587448,211.96405029296875,762800
2017-04-19,212.68168389398423,212.96557387898326,211.87730486985546,212.63436889648438,815900
2017-04-20,213.04444551161254,215.44973692176043,212.66592552223054,214.38510131835938,814600
2017-04-21,214.66109046677715,216.46700214366822,214.5033577829324,215.36294555664062,955500
2017-04-24,217.29508174101275,218.16256344518084,216.32507618999333,217.8234405517578,1098800
2017-04-25,216.00181861260438,216.4749928091216,211.0966283775427,212.94198608398438,2963900
2017-04-26,213.39140840575456,214.90556035167714,212.56337197801219,213.2021484375,1477200
2017-04-27,213.5885505221531,215.11057217225022,212.8788016134688,213.8251495361328,953800
2017-04-28,213.77003080448324,214.14068108932898,211.8379130090165,212.4924774169922,1004200
2017-05-01,212.57126416592894,213.01288684947932,211.64070380177853,211.68801879882812,841500
2017-05-02,211.49879627654946,212.82366456189422,211.34895740380549,212.52398681640625,737100
2017-05-03,211.94038986657955,212.8867379782181,211.50666102094735,212.6107177734375,636500
2017-05-04,212.82361326458832,213.4860472475929,212.0271040874214,213.32833862304688,691100
2017-05-05,213.46236221058604,215.37082163442042,213.09171209410948,215.31561279296875,812700
2017-05-08,215.22899527789664,216.0806895964736,214.5823246644246,214.89776611328125,674800
2017-05-09,215.2919816446576,216.254093294526,214.71628379898377,215.9780731201172,897900
2017-05-10,215.19737294648547,215.8519131353466,213.0602319636176,214.29833984375,934500
2017-05-11,213.8251554962739,214.7005068925043,213.0838552184039,214.57432556152344,605500
2017-05-12,213.6438253461473,214.26683832208658,213.51764397971436,213.9198455810547,599700
2017-05-15,213.9356098511012,214.8740642125437,213.75421962383055,214.77943420410156,616500
2017-05-16,214.5664700659744,215.49705453999215,214.05387486303385,214.2273712158203,614100
2017-05-17,214.22736344161314,214.22736344161314,212.0665649989318,212.32679748535156,943300
2017-05-18,211.7748255522446,212.1375819649018,209.7796291826751,210.81271362304688,1245900
2017-05-19,211.9009546490339,215.1973610434689,211.43565041285078,215.1263885498047,1254100
2017-05-22,221.43537129389523,221.43537129389523,217.83139238489392,218.4701690673828,1601200
2017-05-23,219.2350766886299,219.7240143759075,217.7367122727893,219.5189666748047,874700
2017-05-24,219.40858993135313,221.25394718348625,219.32182971780878,220.85174560546875,871700
2017-05-25,221.6009591300748,222.64980717293668,221.25396637905988,222.4368896484375,834300
2017-05-26,222.42109089864024,223.96677032135608,222.02678320441248,223.6907501220703,854600
2017-05-30,223.69073668575277,224.4923895945873,222.0239691016724,222.3096923828125,902200
2017-05-31,221.81760399895077,223.25421372427923,221.65885268989996,223.13516235351562,1506600
2017-06-01,223.1748761803689,223.58761996556385,221.84145215601546,223.00025939941406,829300
2017-06-02,223.25421951151424,224.53210218296638,222.83355517587898,223.6352081298828,748500
2017-06-05,223.42883743858462,224.06379425047828,222.309706074431,222.34146118164062,622500
2017-06-06,221.8731837063092,222.19860695544256,219.6349209032265,219.7619171142578,890800
2017-06-07,220.1825932359474,220.53182677943911,219.2539439902871,220.15878295898438,658900
2017-06-08,220.15880670418133,221.19856261379437,219.59528060724367,220.3492889404297,1116400
2017-06-09,220.38099747782218,221.5953699213651,219.54758942626174,219.85714721679688,1021700
2017-06-12,219.8571632155247,220.03972481466732,217.41255270823146,219.76986694335938,835900
2017-06-13,219.77782291588633,221.3969946263066,218.65077069685097,220.93663024902344,638500
2017-06-14,220.7302663178991,224.07971605851125,220.6508906495138,222.47640991210938,828900
2017-06-15,222.03985536549072,223.48441001440463,220.46830450570025,222.97642517089844,617700
2017-06-16,223.9288757384953,224.04792711206804,222.7779892758432,223.11927795410156,1287600
2017-06-19,223.62728244035992,225.79411451810574,223.34155911866245,224.06381225585938,1064100
2017-06-20,224.57977082829294,226.19099769158294,224.1432167346193,224.5321502685547,967600
2017-06-21,225.1591413207143,225.4289992080103,224.09557521594078,224.61148071289062,801400
2017-06-22,224.40513327906476,225.18295183088225,222.53991412165618,222.57958984375,694000
2017-06-23,222.26211749235955,223.41300412925355,222.26211749235955,222.7462921142578,1026800
2017-06-26,223.1669350751462,224.77816167879112,221.83348695119275,222.00018310546875,886500
2017-06-27,221.69852579800536,222.40491332708098,220.51588439941406,220.51588439941406,740500
2017-06-28,221.50806278196623,222.96850711273925,220.94453677016682,222.254150390625,955700
2017-06-29,222.1191719046805,222.1191719046805,218.02363602668984,219.64280700683594,905200
2017-06-30,220.34925342633136,221.3810885578342,219.31744251687905,220.34130859375,1085900
2017-07-03,220.16667022875384,222.61922500292135,220.01586377339976,221.38104248046875,462800
2017-07-05,221.84140936100795,225.19085844260348,221.7620337082401,224.14315795898438,869500
2017-07-06,223.82572274775083,225.0004196579973,222.55578472462958,223.00025939941406,766000
2017-07-07,223.55583648484046,227.75455930631236,223.42884027643873,226.36557006835938,1197200
2017-07-10,226.6036448291317,228.51648410718963,225.58769950946268,226.65921020507812,1347800
2017-07-11,226.65925128213755,228.38952930510982,226.254452358377,227.3339080810547,915600
2017-07-12,227.91327580446497,229.19907904943577,227.28623962402344,227.28623962402344,812600
2017-07-13,227.88945252081865,228.46886812000253,226.82588663542234,227.60372924804688,705100
2017-07-14,227.83394363442025,229.19912279426555,227.5640857358763,228.691162109375,887900
2017-07-17,228.98482776804568,230.2230106875367,228.27841580623112,228.9768829345703,1319300
2017-07-18,230.68334464955228,232.532673951744,227.02433754116345,227.6275634765625,1811000
2017-07-19,228.33399484079743,231.19134952654153,227.82603413113998,230.7071990966797,1139700
2017-07-20,230.6356440279185,230.76264020577895,229.33397559342617,229.91339111328125,1150900
2017-07-21,228.8259756145707,230.23085408576222,227.68303431212854,229.47682189941406,1230100
2017-07-24,229.75471182618233,231.15956660925752,229.54041933379682,230.39761352539062,768700
2017-07-25,231.35001230943462,231.8182971141855,229.95307850404527,230.04037475585938,805200
2017-07-26,230.82617216225285,230.96108896129076,229.19905618821835,230.0562744140625,882400
2017-07-27,230.33414400132702,230.56430195411087,227.13550072045246,228.691162109375,1117400
2017-07-28,228.64356464614136,230.78656260587368,227.4609227623584,230.50083923339844,1086200
2017-07-31,231.30248645508092,233.2232470017369,230.9929285874643,231.8660125732422,1139200
2017-08-01,233.2946013410552,233.61207971667,231.68337496831384,232.27865600585938,1036700
2017-08-02,232.3421711170427,234.01688351142747,231.88180687394643,233.90577697753906,983700
2017-08-03,233.3501993618358,234.86618485617274,232.39773987970185,234.7947540283203,983600
2017-08-04,235.15193800869952,235.7313537597656,234.1756923487786,235.73135375976562,796400
2017-08-07,235.97730745728595,236.31067545226273,235.41378159787047,235.85031127929688,769100
2017-08-08,236.35829380187002,238.4457495557738,235.99317071026704,238.19175720214844,1009300
2017-08-09,239.06496219720404,242.5096534933673,238.90621084004925,242.2556610107422,1750600
2017-08-10,243.31122860178868,243.7477826263252,240.49357430127074,240.69200134277344,1339600
2017-08-11,240.366681092999,243.23198139563877,240.1603091303428,241.08895874023438,987800
2017-08-14,242.438281641058,244.5098492902754,241.49376654689047,244.1288604736328,1203000
2017-08-15,244.43830198301836,244.8431008939837,242.49370731032099,243.033447265625,1020300
2017-08-16,242.7794373363271,243.51758005552702,242.35877301249877,242.71592712402344,1035600
2017-08-17,242.28736900325114,242.59690260082746,239.1204568649683,239.23953247070312,1067000
2017-08-18,238.802941672935,239.11249944490936,237.17584982828672,237.4774627685547,1204700
2017-08-21,238.1124542610375,239.88243222431637,236.3424762977586,239.60462951660156,962200
2017-08-22,240.89842069125237,242.46202705531823,240.46981141496553,241.9222869873047,960400
2017-08-23,241.2872508895838,241.73172546661658,240.1204990693608,240.36654663085938,697100
2017-08-24,240.89833312571474,241.32691802415704,239.1045452180035,240.17605590820312,574400
2017-08-25,241.22381241841023,241.82701419345995,240.2634080341705,240.3348388671875,571100
2017-08-28,241.07291116932282,241.16815224257914,240.1045865544784,240.97764587402344,830400
2017-08-29,241.68407256634856,244.604912030707,241.68407256634856,244.57318115234375,1277600
2017-08-30,244.65312811417405,245.29185765998133,243.9185672071224,244.5572967529297,1273000
2017-08-31,245.00437889214322,245.00437889214322,243.4953701904492,243.83071899414062,982400
2017-09-01,244.28582207226907,244.5892271179675,241.2757720947266,241.27577209472656,1188800
2017-09-05,243.0802218874755,243.14408509310783,241.05221789358558,241.2837677001953,1387200
2017-09-06,242.2497025968414,242.67286612181317,240.57300819689422,240.68479919433594,1217400
2017-09-07,240.68489625804023,241.73879729603763,239.71878578809373,241.40347290039062,923400
2017-09-08,240.74079184871908,242.44943087699042,240.74079184871908,241.84262084960938,1161100
2017-09-11,242.48146282626692,243.19204776294396,241.2917940839134,243.10423278808594,917600
2017-09-12,243.08016097030864,243.32767042480697,241.85058136779347,242.5052947998047,640800
2017-09-13,241.9703859502695,241.9703859502695,239.61502530206866,239.68690490722656,1143100
2017-09-14,239.6868705586208,240.63699697280987,238.2496928828729,240.59706115722656,1507600
2017-09-15,241.39551495021902,242.20193100641728,240.34958143473781,241.3635711669922,2025900
2017-09-18,241.81069770043462,242.9843820364029,241.44342945745572,242.56121826171875,1005500
2017-09-19,242.95236343153357,245.32368288239172,242.44935258347903,244.0382080078125,1365100
2017-09-20,243.80674351063573,245.88265080568,243.71093652818195,245.83474731445312,1265000
2017-09-21,245.99447792803917,246.64119952038575,245.42760362143292,245.92262268066406,875600
2017-09-22,246.43356384610198,248.59728607345883,246.12219115499045,246.3457489013672,1018600
2017-09-25,246.29787990890375,246.68909992836873,243.28780539939788,244.99644470214844,1222400
2017-09-26,246.35366507223537,248.0623037784686,246.08220389166746,247.17604064941406,1025800
2017-09-27,247.27193314690317,248.5653761837982,246.7210186140082,247.61524963378906,973300
2017-09-28,246.7209654960118,247.80681025311992,244.7807769924159,246.8167724609375,824200
2017-09-29,246.67317172352787,247.79892842805734,246.46557362988278,247.74305725097656,911500
2017-10-02,248.14223278743944,248.61330008238252,246.92861256158082,248.5733642578125,1007800
2017-10-03,248.61323957160118,250.7210660116373,248.54935201422694,249.79489135742188,803000
2017-10-04,250.1301901341212,250.7849034535716,249.4754768146708,249.92259216308594,903700
2017-10-05,249.76298803659736,251.73509618471033,249.61927757219206,251.16819763183594,950400
2017-10-06,251.50351271355242,252.66920471191406,250.92864656699723,252.66920471191406,857700
2017-10-09,252.7970432616363,254.1703337350924,251.90281213770592,253.3399658203125,880100
2017-10-10,254.15439456692408,254.15439456692408,252.47769889104643,253.66734313964844,941500
2017-10-11,253.6193830424049,254.53756578483538,253.14032376105985,254.36990356445312,706300
2017-10-12,254.1782715440916,256.7412056231874,254.12237601927868,256.4138488769531,867700
2017-10-13,256.7891062846217,257.24421378286195,254.80903048758807,255.00863647460938,1095500
2017-10-16,255.28805188813203,256.03060463878876,253.69120407625212,254.64932250976562,588200
2017-10-17,254.4577665350797,254.64138848105816,253.11639554940288,254.1144256591797,741600
2017-10-18,254.16228218795416,254.553526487547,251.26402375215238,251.95864868164062,1131100
2017-10-19,251.9586513480733,253.15628727116598,249.92265565923657,252.97264099121094,727600
2017-10-20,253.84292306337738,255.49566650390625,252.78102992049534,255.49566650390625,933400
2017-10-23,256.34205200840194,256.74126407773116,255.39192533412069,256.0785827636719,1239000
2017-10-24,251.25600779610014,253.1003649732846,247.99842478494338,250.02642822265625,2567800
2017-10-25,249.7948850263181,252.270003943614,248.5573377506518,249.45156860351562,1658800
2017-10-26,250.25802577338578,251.04049008159274,242.1699865847014,245.8267822265625,1599400
2017-10-27,245.87466984695163,247.81483423469177,245.71497530751415,245.91458129882812,998600
2017-10-30,246.31381877307135,247.84680366604002,245.77089626834072,246.41761779785156,1157300
2017-10-31,246.8407824491726,247.3757129182228,246.0263986891714,246.0423583984375,693900
2017-11-01,246.75290746926038,247.23995874011715,244.50137048974563,244.79678344726562,1016100
2017-11-02,244.4055152425862,248.19802856445312,244.4055152425862,248.19802856445312,868900
2017-11-03,248.24598602146526,248.9885144494261,246.74494509227645,247.50343322753906,652200
2017-11-06,247.28782021663758,249.05232999149786,246.45745264248424,247.5752410888672,717300
2017-11-07,247.57528622116845,250.20210782350134,247.57528622116845,250.13824462890625,874200
2017-11-08,250.25798407651962,252.06242985093635,250.1461930371302,252.0145263671875,729600
2017-11-09,251.38374589648865,251.55140807708406,247.73494317244237,248.37367248535156,890600
2017-11-10,247.75098351408928,248.8528126485434,247.31985205223546,248.4456329345703,630800
2017-11-13,248.3098542860057,250.13025996015193,247.75893979828038,249.86679077148438,702800
2017-11-14,249.10832369060577,250.70517191939172,248.07038208828303,250.49757385253906,605700
2017-11-15,249.98654653738737,250.52946898189563,247.94258315079642,248.02243041992188,754900
2017-11-16,248.38174917749197,249.74704755960244,248.30989393274612,249.62728881835938,635500
2017-11-17,248.78085883648689,249.45153187739325,247.1121560860247,247.2718505859375,692300
2017-11-20,247.6711186241646,251.958651329974,247.51941612463986,251.22409057617188,901800
2017-11-21,251.69517494149994,253.59542796744296,251.19216392098951,253.05250549316406,858000
2017-11-22,252.5494208995087,252.98854422690314,250.98451713178548,251.39968872070312,685700
2017-11-24,251.57534499598654,252.48555979751768,251.51944948376058,252.158203125,320900
2017-11-27,252.30194863449503,253.01255759055206,251.54343619443003,252.86085510253906,657800
2017-11-28,252.92478199861756,255.04060096177423,252.4377549998777,254.7052764892578,967200
2017-11-29,255.09639524201327,256.4616930701356,254.16222870742862,256.1024169921875,1190500
2017-11-30,256.79347099369943,257.85400934455873,255.87756934075753,256.3917541503906,2626200
2017-12-01,256.3435984420707,256.8015616143475,249.97237398998087,251.93275451660156,1707400
2017-12-04,253.83677782507678,254.30275845921005,250.35789709607732,250.49449157714844,1365900
2017-12-05,252.67985368113963,252.67985368113963,249.1206489080874,249.17689514160156,1171000
2017-12-06,250.65518268365602,251.53092222329744,249.26523395440296,250.6471405029297,824800
2017-12-07,250.5347011408062,253.37082090888885,250.51864129479384,252.61561584472656,972300
2017-12-08,254.33488093495808,254.33488093495808,251.836214773095,253.7644500732422,853900
2017-12-11,253.44305716523226,254.88118519171292,253.2020124516862,254.0215301513672,765800
2017-12-12,254.19024431522837,254.6080208257112,253.0091963233598,253.79656982421875,1082200
2017-12-13,254.41522120118125,256.96209132675585,254.12597242986791,255.32310485839844,862400
2017-12-14,255.66054706326165,256.31936836597123,254.22241886493157,254.69644165039062,867600
2017-12-15,256.0462260962016,259.814331202432,255.83732553852354,259.3644104003906,1929400
2017-12-18,259.98300101757343,260.26420760058363,256.29524479491687,259.316162109375,1254400
2017-12-19,259.31632492173327,259.61359153198566,256.9220831513165,257.0747375488281,931000
2017-12-20,256.97024337201407,258.1111300662815,255.210721527351,255.2669677734375,932400
2017-12-21,256.29536914829606,256.45606570765415,254.69654381374858,254.84115600585938,868700
2017-12-22,255.73294000335963,256.48816965202525,255.17055111785078,255.51602172851562,542100
2017-12-26,255.78106143673142,256.91390554377506,255.4677351409517,255.90159606933594,516900
2017-12-27,256.83360224596856,256.83360224596856,255.54810371961287,256.6488037109375,574700
2017-12-28,256.9620792631032,258.946560631647,256.86567118347193,258.785888671875,721700
2017-12-29,258.88238041278953,259.6295677902354,257.9182502672252,257.9423522949219,731200
2018-01-02,258.7056087520894,259.20373364095684,255.09015769810054,255.9257354736328,1189600
2018-01-03,256.27925114981485,258.3199547812801,255.99804449417053,258.0708923339844,893400
2018-01-04,258.05478631295426,262.64238435021815,257.89408981881337,262.4977722167969,1443000
2018-01-05,261.911334869118,265.27772391604725,261.9033172052165,264.8760070800781,1241100
2018-01-08,264.2974916660833,265.4624801119682,263.3735479946121,263.6547546386719,1084500
2018-01-09,264.32959334273426,266.60329911723994,263.86361275066366,265.54278564453125,865400
2018-01-10,265.99276893444136,268.1379229247411,265.14113127643395,265.9766845703125,1504600
2018-01-11,266.6193665571087,266.80414053863916,265.2615622114094,266.0408935546875,1152000
2018-01-12,266.2176913083126,270.23485875066274,265.9605867074796,270.1545104980469,1428100
2018-01-16,270.23490863070293,270.49201327899243,265.1331001334561,265.2214660644531,1374900
2018-01-17,266.3060206273398,269.74471450469395,265.3901193261458,269.0376892089844,1009600
2018-01-18,268.4352261663356,269.88946374466883,267.535384330507,267.5434265136719,973200
2018-01-19,268.5396738887192,269.0619254123913,266.5632338384054,266.739990234375,1511800
2018-01-22,266.55518386899394,267.3023958276323,264.30557936677667,264.3296813964844,1463000
2018-01-23,265.1251266058504,266.0571128081033,263.9360602075853,264.0887145996094,1066200
2018-01-24,264.22517503268136,267.1255827593107,263.0602111521868,265.5267333984375,1360200
2018-01-25,265.968633051842,269.3028771774177,265.30176951542006,268.9252624511719,1782900
2018-01-26,270.65264731220344,277.2729317040635,268.9413299830344,277.1042175292969,2057300
2018-01-29,281.20170405870226,284.6725424047491,274.8947466496171,282.34259033203125,2881100
2018-01-30,278.4057070833975,283.3870035082803,277.22465911433744,281.5150146484375,2032900
2018-01-31,283.8369921645089,288.0469759514075,283.1701531330811,285.098388671875,1887200
2018-02-01,284.62445511222563,290.67431041757334,284.423596669792,287.13116455078125,1579700
2018-02-02,285.2188986759476,287.62919922813876,282.4229412086217,283.3388671875,1958600
2018-02-05,280.1010391642612,284.40743117255244,262.0077001390591,270.3232421875,2947100
2018-02-06,264.09655685756053,273.1753679853648,262.90749124904914,271.2310485839844,2603000
2018-02-07,271.7935268302913,281.47489074227934,271.4159121028008,277.530029296875,2052900
2018-02-08,281.3704924554482,281.99716972337404,268.35488200186876,268.5878601074219,2627600
2018-02-09,271.64097401337204,277.0882542232807,266.94088135659575,274.3083801269531,2366600
2018-02-12,276.81497546520234,279.9724631274312,273.247728885991,277.8353271484375,1829200
2018-02-13,277.34529602560696,282.05340527984447,276.79092486511166,281.3865661621094,1279300
2018-02-14,280.2456186602385,285.532224471554,279.7555360266592,284.9457092285156,1652100
2018-02-15,287.1470638532656,290.055488550566,285.009928278398,290.0394287109375,1167600
2018-02-16,290.03951049983976,291.64637759402166,287.50065754877073,289.6618957519531,1084800
2018-02-20,288.55322744620645,291.3813299484401,287.0106483712174,288.18365478515625,1102600
2018-02-21,288.4326560310123,291.6303305151884,286.8257888664941,286.8739929199219,1391000
2018-02-22,287.9827426805913,288.4085615095158,284.8252545046695,285.54833984375,1432700
2018-02-23,286.22327446659966,288.18365478515625,284.2869961798756,288.18365478515625,902500
2018-02-26,289.2361042930327,290.29664255996414,286.89006732547375,288.191650390625,1156300
2018-02-27,288.7138538188859,291.10005246564197,287.70151969030866,287.76580810546875,1379700
2018-02-28,288.72718085769156,290.21382118805565,284.73595569105777,284.7521057128906,988400
2018-03-01,284.76825318366684,285.6731475286364,272.74602909987885,274.4508056640625,2307100
2018-03-02,272.68147407439227,277.00398533546974,270.7019986962781,276.09100341796875,1684100
2018-03-05,274.5639324081848,276.94737996790275,272.7783809016355,276.6080322265625,1812400
2018-03-06,277.0443408850811,277.9249979931977,273.0450278522504,274.2973327636719,1307800
2018-03-07,271.6552676666478,277.2785561296271,269.9343414326263,276.47869873046875,1351000
2018-03-08,277.22207813097293,277.69070002793654,274.1680470869024,276.1394348144531,1056400
2018-03-09,276.1394851238441,276.76968133802154,273.1500782847935,275.09722900390625,1568600
2018-03-12,275.509256189246,275.7920418820357,269.0780206318814,269.1264953613281,2283200
2018-03-13,270.4838211789679,271.3968029573552,268.3023598561572,269.4173278808594,1622100
2018-03-14,271.23523520708204,271.7765692581651,264.6666377784903,267.9792175292969,1712400
2018-03-15,268.1892808508658,270.20105612763615,265.6361715437801,269.2315368652344,1877200
2018-03-16,269.3527001344444,270.13640774768874,265.99973341422236,267.7529602050781,4718100
2018-03-19,266.8642484414475,271.6553814757246,266.82386105030355,270.86358642578125,1502900
2018-03-20,271.2513380468867,274.2972813075927,270.8392782761908,271.14630126953125,1153900
2018-03-21,271.6796654586122,273.67529112278413,268.6336962226738,271.0413818359375,1270500
2018-03-22,269.19109037292793,271.0412911974735,263.2203900615185,264.3191833496094,1536300
2018-03-23,264.1979456645366,278.04613116538445,264.0121094869581,271.71990966796875,2898600
2018-03-26,276.64046212527177,278.41795162434687,274.1115894247151,277.8766174316406,1611100
2018-03-27,278.9833237844428,279.5004202808344,271.95421896430975,273.7720947265625,1295100
2018-03-28,274.7012752804331,275.23452189123077,269.2234096596312,270.92816162109375,1422000
2018-03-29,271.501896625853,275.50929768840155,270.97673720672645,273.0289001464844,1039300
2018-04-02,272.32603220863115,273.004703280323,265.61200895108976,269.0457763671875,1298600
2018-04-03,270.6373502111769,272.3017150159881,267.17125909630124,270.4272766113281,1296500
2018-04-04,265.71689057892627,276.2928850843788,264.601922806485,276.1474609375,1449400
2018-04-05,278.11894442426245,280.30038135151915,274.70941519231627,280.07415771484375,1589400
2018-04-06,277.60184546024556,278.48250263352884,268.91643590087375,270.38690185546875,1417900
2018-04-09,272.66533035297186,275.38001414472404,271.0332654161539,271.3968505859375,981200
2018-04-10,275.2103100344953,275.54963312775317,272.3582651630932,274.1842041015625,996300
2018-04-11,273.49745743368146,279.7509435599226,273.0692475893669,274.24884033203125,1481100
2018-04-12,275.2022345684095,278.33706525713336,275.12143513340123,277.0281982421875,1091600
2018-04-13,277.99774494583744,278.78954003666917,275.2588238212194,276.802001953125,763100
2018-04-16,278.6360323610733,280.9548309334949,278.3774840025346,279.306640625,1141300
2018-04-17,280.99520678635093,282.8777078433031,279.65401508779684,282.0859375,1061800
2018-04-18,283.83105619814955,284.59861377712025,282.2474909713781,283.7098693847656,843600
2018-04-19,284.07348598705556,286.18221074337777,282.9261931612239,285.5116271972656,781700
2018-04-20,286.44076772570793,286.8205028989056,283.69375938981256,284.3885803222656,1185300
2018-04-23,285.0349367623324,289.7452454833895,284.76023840828947,289.7290954589844,1986000
2018-04-24,290.8763958573617,292.46804874442114,267.13898872851325,271.8654479980469,3780500
2018-04-25,272.0189350826471,272.39867024459454,258.9948647467021,266.2178955078125,3030800
2018-04-26,266.6218952358494,270.5484967669163,261.87926122624424,266.945068359375,1847500
2018-04-27,266.5815233773704,266.807747042675,259.9159756080212,260.1825866699219,1580600
2018-04-30,260.44110483014776,262.95380222623965,258.7040278170372,259.2210998535156,1451100
2018-05-01,258.93828144804206,259.5442401893557,244.07209859245316,249.2187042236328,3880100
2018-05-02,248.26534231900922,253.20996184776192,246.584827542799,246.98880004882812,2644800
2018-05-03,245.57487705654185,250.86690660870562,242.78745712050255,250.4063720703125,2889900
2018-05-04,248.93599341548733,252.64448372542037,248.24925969401176,251.62646484375,1675500
2018-05-07,252.2646768758083,256.8618859101659,252.15155274038523,256.69219970703125,1816800
2018-05-08,256.6922111345192,262.8972477656903,256.36095071013625,261.9277038574219,2949500
2018-05-09,263.0830879838738,265.4503612854941,262.33979227560746,263.487060546875,1700000
2018-05-10,265.3937918937194,265.8300644565026,260.92585687143793,262.1700744628906,1261600
2018-05-11,262.33161674357905,263.27689841556105,260.77228909217615,261.80645751953125,844900
2018-05-14,261.1683373323018,261.7581463208049,256.47417676839564,257.7991943359375,1417200
2018-05-15,256.72449701156387,258.82515872408015,256.11853832467585,258.3565368652344,1131200
2018-05-16,258.62329332400896,259.92407341112295,257.6052743643312,258.00115966796875,915800
2018-05-17,257.73442126847095,259.75428350411727,256.441704506353,258.8817138671875,961600
2018-05-18,259.15649740402336,260.1583415123043,258.38085229774504,258.9060363769531,1013900
2018-05-21,260.5623467027643,262.2024745965235,259.47970301168243,262.00048828125,1001500
2018-05-22,261.1763402070998,261.4510385815708,256.1509207124807,256.2236328125,1501700
2018-05-23,255.1732826986661,263.01035980444925,253.7997908623356,262.8406982421875,1603400
2018-05-24,262.3074529208502,265.91896841869396,261.24095949650757,263.6728820800781,1211900
2018-05-25,263.39001314120446,264.3757068146808,258.429220076974,259.1886901855469,1020300
2018-05-29,258.27577640614805,259.09987138961884,254.79351094192978,256.2801513671875,1159800
2018-05-30,257.7588039393653,260.0048910253643,256.24795008040843,259.3827819824219,901400
2018-05-31,259.5451595204926,260.39069639541935,255.66711291813695,255.72402954101562,1452700
2018-06-01,257.6590891266184,258.3745169437158,256.48021493547697,257.4233093261719,886900
2018-06-04,257.8134799078496,259.5533324796814,257.0899142163271,258.67529296875,857000
2018-06-05,258.6265609938079,261.17128588774983,258.12249883802883,260.1794128417969,873100
2018-06-06,260.78923413172095,261.6916882212614,258.95184822456673,260.0900573730469,1083400
2018-06-07,260.56969131132024,261.9111527786291,259.301397762836,261.7485656738281,1088200
2018-06-08,261.5696334789529,262.2769479854037,258.6184041428608,262.0411682128906,1260300
2018-06-11,261.88677987114244,262.29328487524174,259.48027719398175,259.5940856933594,911100
2018-06-12,259.8623967498643,260.1875957957544,253.049368810195,256.2282409667969,1743100
2018-06-13,255.82981020956328,258.3745100972207,254.20379057443643,255.56964111328125,2014200
2018-06-14,255.724016485676,256.7483915897834,252.041084422833,252.5126190185547,1396200
2018-06-15,251.7241610447659,252.82172954541835,249.0574891438318,252.14694213867188,1786300
2018-06-18,249.90294847346973,252.0330301130379,248.78099101480515,251.6427764892578,1259300
2018-06-19,249.36644970435935,250.10629184551433,245.24448269410954,245.95179748535156,1821600
2018-06-20,245.82978253010103,247.94361308645787,244.90296420982318,246.2281494140625,1620800
2018-06-21,246.05742220167693,246.2281473203385,242.35823736782586,244.21189880371094,1517500
2018-06-22,245.02486889753604,245.37445711607484,242.8378708058879,243.3988494873047,1364200
2018-06-25,241.74846358800244,246.61024620422106,240.70781205970948,242.90292358398438,1944800
2018-06-26,242.935540765386,244.2526131292518,241.52902439067446,243.15504455566406,1670800
2018-06-27,243.40704616245415,245.6265473130183,239.46394318050312,239.6590576171875,1523900
2018-06-28,239.83790559520648,241.22814549070355,237.00862238703954,240.03302001953125,1424300
2018-06-29,241.85410829721891,243.8866323271136,240.04922596622907,240.1874237060547,1267800
2018-07-02,239.16314618080477,243.33386635285837,237.6590728219504,243.18753051757812,977900
2018-07-03,243.9029146397451,246.00860682547108,242.78095726262828,243.46388244628906,651000
2018-07-05,244.1305624000495,246.47203440822238,241.61836529451475,243.244384765625,986300
2018-07-06,242.61023816433553,245.13057330677404,240.821606821679,243.244384765625,1103500
2018-07-09,244.71597678003516,249.9761517584152,244.19563854134444,249.17127990722656,1244400
2018-07-10,250.49649522015488,252.77293807072962,249.76479119397206,251.0818634033203,1525500
2018-07-11,250.26885649051604,251.52903687267923,248.72414245824461,249.25259399414062,896200
2018-07-12,251.5452796526006,255.6672461534727,251.05746870858164,254.72415161132812,1283300
2018-07-13,255.02490326807532,259.7566261689123,254.89481872521398,258.8379211425781,1662500
2018-07-16,259.65914582558486,262.91118592647797,258.1957128935248,259.3908386230469,1303400
2018-07-17,260.0737205938091,260.9598983112987,257.0086577243692,258.130615234375,868200
2018-07-18,258.30139768991984,260.6347323978955,257.31766254640695,259.9761962890625,860400
2018-07-19,259.5939728419192,260.8622659184652,258.6834059983565,259.837890625,759900
2018-07-20,258.8217617397147,262.4803070687511,258.0819195958444,262.23638916015625,1563900
2018-07-23,262.2363843957037,263.00875387557346,257.55346333116586,258.80548095703125,1585300
2018-07-24,264.2282634753879,268.00875520597015,254.47214297783512,262.2526550292969,3253400
2018-07-25,262.6428143375474,264.20380412018505,257.45583248952323,263.7078552246094,2104600
2018-07-26,264.089920100582,264.93545710420227,261.1143265431365,262.5533447265625,2011800
2018-07-27,263.74040388425385,264.3420480756071,261.61845997641046,263.4883728027344,1009900
2018-07-30,263.4964895536576,265.03306522294196,259.8541966013945,260.2525634765625,1270500
2018-07-31,261.2850903562302,265.39077987249254,261.2850903562302,265.12249755859375,986300
2018-08-01,264.70794582492863,265.0981995906876,262.2526643444948,264.1713562011719,1392200
2018-08-02,262.2200323141933,262.7240943868032,260.3582330492508,261.8053894042969,820400
2018-08-03,262.2932268265234,262.2932268265234,259.4395543897484,260.61029052734375,945400
2018-08-06,259.03308261167587,259.03308261167587,255.02494960024032,257.65911865234375,1736700
2018-08-07,257.91927250671137,258.7322824690309,254.9436530672903,258.0574951171875,1088500
2018-08-08,258.13065242054887,258.35829420819255,255.45584280741545,256.35015869140625,922600
2018-08-09,255.92733791701954,257.31757759769397,254.20376127223716,256.67529296875,1048200
2018-08-10,256.01678231314463,256.01678231314463,253.1631347726932,254.5696258544922,1081900
2018-08-13,254.07375691058945,256.3095343566563,253.659113881041,254.99246215820312,790300
2018-08-14,256.008693510469,260.33388722388236,255.7973030017165,259.0168151855469,974500
2018-08-15,258.8379461222199,259.27697839536035,255.64282331518476,258.2932434082031,1321400
2018-08-16,260.16320246343344,265.54532474462025,260.00872857708305,264.92742919921875,1195200
2018-08-17,264.9274281470416,266.19574658022236,264.0006096437167,264.4152526855469,1397400
2018-08-20,264.4395005224536,265.01673036971135,263.2606267222127,263.5939636230469,877400
2018-08-21,263.740474069376,264.5616222179966,262.70796016422594,263.73236083984375,1167600
2018-08-22,263.4559339737268,263.83804974361925,261.62666110296345,261.7242431640625,690600
2018-08-23,261.8541760172758,261.9110926558834,259.24442160056236,260.1712646484375,717700
2018-08-24,260.1631853097697,261.2932810552845,259.12253356097443,261.21197509765625,773200
2018-08-27,261.84609638883995,264.2282093678635,261.7891797429293,263.6916198730469,737500
2018-08-28,263.951788987702,264.2282093678635,262.03307278098583,263.6916198730469,820000
2018-08-29,263.7891624783319,264.1631648640942,261.95177713418775,263.67535400390625,966000
2018-08-30,263.41520261784586,265.43958929100745,260.9192563173911,261.667236328125,1409700
2018-08-31,260.6119791231578,262.5181518059451,259.34394362140586,262.1254577636719,1055500
2018-09-04,261.7899164674806,263.6306268176426,259.8264970872209,263.35247802734375,947400
2018-09-05,262.51805252783015,263.1561645013032,261.3890794287085,262.87799072265625,892700
2018-09-06,263.06613995123735,269.5945349720119,262.85342765520573,269.0791320800781,1326600
2018-09-07,268.35923324357265,270.69080491544753,267.4266195545634,268.7682800292969,1292000
2018-09-10,268.9237297164311,269.300045782621,263.9660844880371,264.2033386230469,1424000
2018-09-11,263.45887906097283,264.9396265309683,262.03537917062164,263.61431884765625,798200
2018-09-12,262.91893688135076,266.56762750943335,262.91893688135076,266.1094970703125,1326400
2018-09-13,267.2875312202915,271.492519172409,267.18117506197945,271.0180358886719,1294800
2018-09-14,271.0425278264103,275.28843465539217,269.5617807398268,274.71575927734375,1312000
2018-09-17,275.2883735796227,277.889904075049,274.8793269621196,277.61175537109375,1117300
2018-09-18,278.15180952379256,282.1195682705405,277.7264098617769,280.78607177734375,1149100
2018-09-19,280.78613152790336,282.87226055676103,275.29672958001066,277.5791931152344,1771200
2018-09-20,278.03721633345845,278.3971794337392,269.16092274426325,272.5314636230469,2003900
2018-09-21,273.30050457370425,276.44198065266323,273.30050457370425,276.2374572753906,1875700
2018-09-24,275.5421349492308,277.59555810940117,273.48871178906046,276.17205810546875,1176800
2018-09-25,276.908330465125,282.5122516470628,276.0656950565374,281.0478820800781,1360500
2018-09-26,280.60610180666765,282.12774390264275,280.10707669978393,280.5079345703125,1159900
2018-09-27,281.5551038790136,283.70669409897874,280.1234400408413,283.1012878417969,1170000
2018-09-28,282.8313144550969,284.6965668253029,282.0050319472421,283.02764892578125,1827500
2018-10-01,283.9521170859394,284.96654520525027,282.13594821560883,284.6393127441406,809500
2018-10-02,285.20368640205794,286.23449196425196,283.36297645026957,285.57183837890625,960500
2018-10-03,286.33272065120565,287.4371518526781,284.05842175439676,284.2384033203125,1237500
2018-10-04,283.73120673627835,286.05458938739235,282.7249426970659,285.8909606933594,1203600
2018-10-05,284.9419508362874,287.06899889051346,282.77400809430446,284.05023193359375,889000
2018-10-08,283.78849565527906,286.7336125879885,283.2812566609939,286.2754821777344,825100
2018-10-09,285.20375004097934,285.8909455803705,283.1912470351744,284.1320495605469,986100
2018-10-10,283.7557615781564,284.08299401502035,275.4930114746094,275.4930114746094,1792500
2018-10-11,273.84050942522754,276.5156667996148,265.8886377718672,266.9112548828125,1937900
2018-10-12,270.4535733369345,271.17349973442697,263.91701314530275,268.0238342285156,1294000
2018-10-15,268.2774331765556,273.22691452707477,268.2774331765556,270.9853210449219,1003600
2018-10-16,271.9915448488048,276.02473978084583,270.903491487327,275.8038635253906,860300
2018-10-17,274.65036336972423,275.85296186833034,272.68694387324564,272.75238037109375,1181700
2018-10-18,271.07539717203986,272.68704302535144,265.91322707141205,268.33477783203125,1323000
2018-10-19,267.68023927659743,270.00362213390065,266.7476005770625,268.4492492675781,1101200
2018-10-22,271.29614769750924,271.29614769750924,265.446784484379,267.3365783691406,1407700
2018-10-23,266.06855488201614,273.8731488050789,258.18212165043144,262.89434814453125,2995700
2018-10-24,268.42462742267764,268.42462742267764,253.95257739444287,254.53341674804688,2396800
2018-10-25,256.23505329613766,258.96748253848847,249.8866648332958,250.67202758789062,2352500
2018-10-26,248.20956841291144,252.76635530089268,246.78609368052813,249.55941772460938,1909600
2018-10-29,253.20000230475998,253.20000230475998,231.69231175818038,234.52293395996094,3262900
2018-10-30,233.65568876298505,239.29236535286714,232.1095049231467,238.12249755859375,2870000
2018-10-31,240.81403084591548,244.69181165979833,240.13502411279396,240.39682006835938,1980100
2018-11-01,241.93483062482912,246.60613811555726,241.34580223099277,244.95359802246094,1526900
2018-11-02,246.27893370746898,247.6778669397695,243.58739845191204,244.83908081054688,1597200
2018-11-05,247.06425197912353,248.94585715670942,245.91073707823983,248.05413818359375,1650500
2018-11-06,248.74136151813465,252.59460054229336,248.74136151813465,250.79478454589844,1123200
2018-11-07,252.02190877025836,253.5762815945091,248.8313487696942,253.46176147460938,983000
2018-11-08,253.6090260663399,254.44347258361634,250.63115326034816,252.43096923828125,879000
2018-11-09,251.31014942550647,257.0122622363066,251.2692547361592,256.16143798828125,1294300
2018-11-12,256.226893400781,257.0695287045478,249.19128432910904,249.61668395996094,1117800
2018-11-13,249.36317167022415,252.6764416068057,247.25250063029847,250.12399291992188,1121000
2018-11-14,252.19373811117873,253.34725323419008,247.89058218868206,248.2014617919922,1192800
2018-11-15,247.20333673670106,251.97281110460983,245.21535045397326,249.91122436523438,1233100
2018-11-16,248.5695685989973,249.7230836274262,245.32173584932121,246.44252014160156,1319500
2018-11-19,246.31975902567734,246.31975902567734,239.881367433871,241.0021514892578,1558900
2018-11-20,238.35977969161243,241.5421763185202,236.06912721005796,240.40501403808594,1281100
2018-11-21,241.33758378230678,243.66915526294164,240.7076607718034,240.75674438476562,1355600
2018-11-23,239.75043964178641,243.74273925911797,238.82599014438443,241.64842224121094,434300
2018-11-26,243.00656435492283,244.48731198336276,239.63602224010404,241.56671142578125,1375900
2018-11-27,240.4377127489791,241.87756552628738,236.91992012815285,241.5748748779297,1477400
2018-11-28,243.6691548598478,245.86163945597448,240.4704062671955,245.37896728515625,1282700
2018-11-29,246.24620914318388,249.5022311290029,245.65718066751407,247.4079132080078,2788500
2018-11-30,247.844662280626,250.13562772898973,245.47953187142772,247.58094787597656,3666200
2018-12-03,251.2975228153307,251.6189042190089,243.8477565157951,244.58120727539062,1764700
2018-12-04,243.6994565110039,243.6994565110039,235.71403679365918,236.29090881347656,2208100
2018-12-06,233.1346372324303,236.4227675280316,228.4373477588632,235.97775268554688,2793700
2018-12-07,235.19483947753906,239.27408737992985,235.03826065952026,235.19483947753906,1407200
2018-12-10,238.92795929463102,246.3447553763539,238.31814188676148,245.90798950195312,2417900
2018-12-11,249.43508123674135,249.90481768005606,239.25758404417203,240.75743103027344,1764500
2018-12-12,243.921959400177,244.58946910699208,240.642103099823,241.0458984375,1121500
2018-12-13,241.68044403305007,243.32862116052138,239.80977204707747,240.8234100341797,1125300
2018-12-14,238.9856798630878,240.00754161890055,236.20025653598606,237.0902862548828,1881600
2018-12-17,235.85409577883863,236.34030488733217,228.96470409674959,230.11019897460938,1649100
2018-12-18,232.02210692899763,233.90927663425396,229.1377971813139,230.30801391601562,1707900
2018-12-19,230.5387834529578,233.88458112223458,223.756525291769,225.76730346679688,1716900
2018-12-20,224.14386109708968,225.65195739150764,215.4250143534301,218.6224822998047,2327700
2018-12-21,214.90577920203518,216.4385967553634,210.389778138444,211.4198760986328,3738600
2018-12-24,208.51912203181712,209.8376687241468,201.9099284276878,202.08299255371094,1515400
2018-12-26,202.9812392331513,207.5796546357632,198.75366114575482,207.35714721679688,1797600
2018-12-27,205.40408032951325,214.08998107910156,204.5387847981612,214.08998107910156,2201400
2018-12-28,216.74351590222454,218.24333779981436,214.37838602418014,215.30136108398438,1983800
2018-12-31,216.03476225905845,218.47405680483348,214.139369058138,215.779296875,1184900
2019-01-02,212.9114701364249,218.63064572988816,211.6176704424549,218.1609344482422,1064700
2019-01-03,216.1749235746039,217.5593863610967,212.10392395424532,212.68077087402344,1165600
2019-01-04,215.8453357795051,218.78731349426644,214.54326147509622,218.41648864746094,1443800
2019-01-07,219.2075530098942,222.50390719049412,217.4439914516637,220.92164611816406,1465200
2019-01-08,223.43516457899253,223.94609552928273,220.69918416542342,222.3968048095703,1791400
2019-01-09,222.6110190299805,224.33336088811134,221.78693057254847,222.9488983154297,1235900
2019-01-10,222.1907189293085,228.83286967682275,222.09183234137458,228.68453979492188,1842500
2019-01-11,227.2753963927831,228.89885190044208,224.50644568795514,228.87413024902344,1157800
2019-01-14,228.00059394190666,230.34922622866299,226.15461845811643,228.6928253173828,1388600
2019-01-15,229.28616707803903,229.36855581396196,225.3964681032154,227.4484405517578,1193500
2019-01-16,226.9540003810689,227.19299312207622,223.0231067266795,224.4735107421875,1324900
2019-01-17,223.46807052358352,230.7365113593841,223.196107258269,229.75584411621094,1242000
2019-01-18,231.7171823185145,235.1701149058976,230.51402023375726,233.10989379882812,2073500
2019-01-22,231.89034198050933,234.5521325078832,229.09666908800367,230.40696716308594,1885100
2019-01-23,232.48360031296633,235.46682188077702,231.1568298673334,233.63734436035156,1631000
2019-01-24,234.52734186132844,237.53525983935955,232.87916487071575,235.0712432861328,1017500
2019-01-25,237.47761081311526,238.4088097582936,235.79646311310353,236.54638671875,1050400
2019-01-28,234.86526208628416,237.6754073628333,233.12644712981768,237.2303924560547,1166400
2019-01-29,231.6595034721371,241.34254323464646,231.56886580979892,240.67503356933594,2037300
2019-01-30,242.24085952118944,242.27380495852077,236.32388412567065,240.3619384765625,1781800
2019-01-31,239.12578090048734,241.3178342689474,237.16444616632037,238.73020935058594,1311100
2019-02-01,239.68611248935653,241.11176930398844,238.32637168007236,239.46359252929688,1358900
2019-02-04,239.72733357617255,246.45189858453546,239.0762966358146,246.21290588378906,1328900
2019-02-05,247.2265394710225,249.68233215014095,244.94382347694633,246.78152465820312,1454800
2019-02-06,247.21835928414828,249.43515988311242,246.41076845944906,247.0865020751953,1114300
2019-02-07,246.22943403670678,247.5232339948528,244.04560432797683,247.33370971679688,1150100
2019-02-08,246.5837714147876,248.5698277937128,244.75429386879082,248.4626922607422,1021600
2019-02-11,248.6934274318701,249.49279428575554,246.23763463919875,247.259521484375,1077900
2019-02-12,248.43797522211995,250.7866326104541,247.93526813096992,250.61355590820312,840600
2019-02-13,251.34703994442236,252.12993422687603,250.25923688328353,250.86907958984375,958500
2019-02-14,249.99549613021736,250.52292488579735,247.9764942264067,248.0506591796875,888200
2019-02-15,250.53112668485636,253.26708110483256,250.53112668485636,253.1846923828125,847700
2019-02-19,252.14636778910582,252.65729865233462,250.32513918492984,251.49533081054688,929500
2019-02-20,251.34701400609757,253.16001892089844,250.76191816280664,253.16001892089844,870600
2019-02-21,253.04462248286293,253.1352852989092,249.92956883960764,250.94320678710938,1045000
2019-02-22,252.09696677876377,253.29188025468798,250.4405405127256,253.10235595703125,581800
2019-02-25,254.5526502008747,254.97291813762084,251.80017311361976,252.14630126953125,1088000
2019-02-26,251.84149129612973,253.88521501066305,251.35528202052095,252.07223510742188,871600
2019-02-27,251.36344959670012,253.7697989328123,250.61352609039776,253.47311401367188,1121300
2019-02-28,255.18299480453075,258.76040202502344,254.08735526678956,256.8181457519531,1839100
2019-03-01,258.60273113444407,258.60273113444407,254.35300481824487,256.86798095703125,1424900
2019-03-04,258.78525088175206,258.78525088175206,251.89605198596476,252.90037536621094,1070900
2019-03-05,253.9960500260635,255.00037354603762,252.5102976473381,253.78854370117188,907600
2019-03-06,254.38620433604706,255.93834784601805,251.76332092285156,251.76332092285156,879200
2019-03-07,251.41468074116395,251.6637035516049,246.86615790266748,251.50599670410156,1255500
2019-03-08,249.48069840897577,250.41032264706277,247.98663774316964,249.79611206054688,1054100
2019-03-11,248.6921935496672,252.8091122301729,247.87047655149698,252.6597137451172,1294400
2019-03-12,252.8256883279513,253.41499914456398,249.6632942505463,250.60122680664062,1248800
2019-03-13,251.5474328015234,252.79247059021847,249.93718190171575,251.87115478515625,1133400
2019-03-14,251.84633252956354,252.70954075745533,247.61319767949635,247.77090454101562,1178400
2019-03-15,248.06132721534863,248.36845782688127,243.83650184900483,245.8119659423828,4516500
2019-03-18,245.57960595088616,247.646361048297,243.42153488957976,247.04876708984375,1793600
2019-03-19,248.57600875222633,250.78387929228597,245.22269914029562,246.18553161621094,1504000
2019-03-20,246.44276997023223,247.93680510593163,244.90721837887838,245.6708526611328,1321800
2019-03-21,245.1646083480902,249.065738019406,244.85750299041842,248.1859130859375,1145700
2019-03-22,247.05699942681383,247.67951833616934,243.9278134947162,244.0357208251953,942800
2019-03-25,244.36782020996375,245.53815925113705,242.80736815506606,244.12710571289062,779700
2019-03-26,245.76229932743345,247.01564620371016,242.94021709556472,244.7911834716797,882300
2019-03-27,245.37210540988482,247.25627928480682,243.072944164119,243.98597717285156,835600
2019-03-28,244.88231781989927,245.63764374242908,243.73687906552126,245.35543823242188,567100
2019-03-29,246.9324501712801,249.49722451324857,246.30162303319648,249.14031982421875,1212000
2019-04-01,251.13252812633885,254.07910869369636,250.53490871773144,252.5684814453125,1153900
2019-04-02,253.04979353032337,254.6351447950589,251.3897430328446,251.58065795898438,872600
2019-04-03,252.00402727682516,252.65975450751188,245.80376117343064,246.74166870117188,1178300
2019-04-04,247.48041797766564,250.70920415558152,247.2563202008605,248.7337646484375,789500
2019-04-05,248.93293982514783,251.2155098500224,248.76692460028292,251.1490936279297,705200
2019-04-08,250.6593318965027,253.8715257502264,249.56371775308477,253.70553588867188,1121400
2019-04-09,252.62652279760323,252.80912940186252,249.99535642073678,251.23208618164062,867100
2019-04-10,250.85861413747847,250.95821314388647,246.7914689531204,248.2772216796875,1226200
2019-04-11,249.19856689945703,253.84668947089153,249.00765191405705,253.64749145507812,829500
2019-04-12,254.81772926366614,257.12519824182965,254.01260382899983,257.0588073730469,891800
2019-04-15,257.2746839223237,257.3078920331533,255.26603649855414,256.2371520996094,864800
2019-04-16,256.6604477395384,257.83078655915796,255.73082337142304,257.357666015625,833900
2019-04-17,258.32045854689875,259.32478200389903,257.12522016403875,257.72283935546875,1041400
2019-04-18,258.1627894572918,261.1010863554896,256.8679519083295,260.8437805175781,1107100
2019-04-22,260.8354943255079,262.5038535643811,260.0220602759826,261.673828125,1319000
2019-04-23,271.0198344855856,279.98412234988274,269.3597839918669,276.4814147949219,3425800
2019-04-24,277.1455216385639,278.7059737004218,272.11556891258215,274.0080261230469,2089900
2019-04-25,274.1158368388291,277.41934642897314,272.6300845595258,272.97039794921875,1506500
2019-04-26,273.57639585690833,274.5309200669559,271.48471549258255,272.5222473144531,873200
2019-04-29,272.5803302604366,274.86290005991253,271.5925980298706,272.738037109375,969100
2019-04-30,273.5099684440145,277.1122757425084,272.6301435214976,276.67236328125,990000
2019-05-01,277.43605661675065,279.89292529862394,275.21987712085115,275.4440002441406,1104300
2019-05-02,275.57670692129784,276.1494264025708,272.4474953406462,276.02490234375,962300
2019-05-03,276.8797694883732,278.5896445463197,274.90433097239503,277.2864990234375,806700
2019-05-06,274.32342437731984,279.3284770675703,274.04952711104926,278.6561584472656,812800
2019-05-07,277.8427208261552,277.8427208261552,272.94557556451747,274.6554260253906,1176400
2019-05-08,274.65535626743036,279.6189164917527,274.19885250192164,277.3778381347656,1083800
2019-05-09,277.22838473013127,282.48243249298343,275.51853504235595,281.67730712890625,1496500
2019-05-10,280.05886064248995,283.5532603266336,278.2825942079007,283.32916259765625,1204900
2019-05-13,278.26600159571893,282.0011157110977,276.56445974196964,278.3656005859375,1504000
2019-05-14,278.8968254729473,282.97225297398523,277.85098542805446,279.0296325683594,1171600
2019-05-15,278.29917674676693,278.64777317125163,273.8502281777207,277.3529357910156,1127000
2019-05-16,278.8221424032217,281.91812092146137,277.9340091494702,281.70233154296875,1092100
2019-05-17,279.270375704969,282.99720746555437,279.270375704969,280.5403137207031,1268400
2019-05-20,279.9177765257232,285.7694711856075,279.9177765257232,283.87701416015625,1388200
2019-05-21,285.19676018565326,286.19277556410185,281.79365064929374,285.4872741699219,1097800
2019-05-22,284.9394571564263,284.9394571564263,282.10906719983734,283.2876892089844,1049300
2019-05-23,281.9761182390482,283.4037623749177,278.95481482090514,282.2666320800781,1461200
2019-05-24,282.76471325125885,283.553222041068,279.9426071350902,281.1959533691406,1293100
2019-05-28,281.34538325683053,283.2710481324667,279.8015482769527,280.457275390625,3559400
2019-05-29,279.53587369078525,282.507352632251,278.2908359449096,281.6607360839844,1184400
2019-05-30,282.208576353517,285.09707325394714,282.0010700473747,283.8354187011719,859100
2019-05-31,282.0226745231993,284.98835973131395,281.93912942681595,282.8163146972656,1024000
2019-06-03,282.4319669453602,288.02915607617933,282.28160109267526,287.8537292480469,1345100
2019-06-04,288.9481761596284,292.1226861824879,288.9481761596284,291.8470153808594,1573300
2019-06-05,292.38158637265394,294.779179871494,291.1452109067045,294.6455383300781,1750500
2019-06-06,295.20527327186346,296.0156122349572,292.51528444024757,294.49517822265625,1149800
2019-06-07,295.27211390803166,297.52767841057533,294.39492868950146,296.7591247558594,1125800
2019-06-10,299.04811706538123,299.5994840842292,292.99982966761485,293.72662353515625,1356200
2019-06-11,294.0692119238841,294.52030964426683,284.7628421116514,287.41107177734375,1684300
2019-06-12,287.56969679037184,289.1653135479215,285.97408003282214,288.6390075683594,1131900
2019-06-13,290.36826863325587,292.1476743927818,287.71170322901884,291.6213684082031,1203900
2019-06-14,291.6214105839477,294.44506656430093,291.08676785972517,292.5069580078125,1059400
2019-06-17,293.4092154676155,294.40334359677684,289.68333827019353,291.295654296875,904200
2019-06-18,291.96390579555333,295.9654784947645,291.04498629192267,295.33056640625,826400
2019-06-19,295.53117105264676,297.86191916116906,295.05498683909883,297.1769104003906,816500
2019-06-20,298.8810686241832,303.52589089237193,298.8309466604132,303.0831298828125,1048800
2019-06-21,302.6069393902458,303.0329760374684,298.7139724825661,300.2093200683594,1544700
2019-06-24,301.11151066230457,303.14988824574436,300.5267205954043,300.72723388671875,1766700
2019-06-25,300.743970078283,303.0830796478056,300.5267579416908,301.2117919921875,1168900
2019-06-26,302.1140314473334,302.4147631734071,298.23776368206165,300.3262634277344,977700
2019-06-27,300.68549754632147,301.17838045694054,298.4549939591873,299.9837646484375,826500
2019-06-28,300.30957231089064,303.876720790022,298.7975004957885,303.7012939453125,1369600
2019-07-01,305.2634931627473,306.3996248365042,301.62113619079753,301.9720153808594,1003900
2019-07-02,302.0639296804744,307.0679931640625,301.6378930041061,307.0679931640625,1052800
2019-07-03,307.3770882016527,309.49064925175315,305.21340518944606,309.41546630859375,742100
2019-07-05,308.9977047968068,309.791319368465,306.3160783802862,309.0311279296875,716900
2019-07-08,307.8782601984091,309.03111604183067,306.4079483407841,308.41290283203125,646600
2019-07-09,307.21827471564296,309.3067742038526,305.83987015230025,308.87237548828125,651000
2019-07-10,309.09795424634575,311.91324775051555,307.29348745412244,307.5608215332031,818700
2019-07-11,307.5608396170347,308.5800285458724,305.9317995646328,307.61932373046875,1358000
2019-07-12,308.42966930125925,308.6886412441628,306.449750020118,308.6385192871094,1148700
2019-07-15,308.96431770316775,309.10634691369245,306.50823978474585,307.168212890625,1010700
2019-07-16,307.42721442885437,307.7780936628519,305.0546813768276,305.2134094238281,1027100
2019-07-17,305.2133138259733,305.31355772017855,298.9478154943646,299.46575927734375,1867000
2019-07-18,299.31543536420156,299.3906182953872,294.72073594406214,297.5777893066406,1704900
2019-07-19,298.77240644378395,299.99208305309696,297.2770336146363,298.2043151855469,1463300
2019-07-22,298.60527958114557,299.46574027765257,297.03472401989956,298.7640075683594,1144700
2019-07-23,303.25015646869474,303.25015646869474,293.06662989098066,298.90606689453125,2343900
2019-07-24,299.2402525349574,308.25419904449245,299.0731623582337,308.17901611328125,1900400
2019-07-25,308.06216477983156,311.3619800468585,306.71715729300405,309.3653869628906,1143300
2019-07-26,308.7721860063608,309.6911311178675,307.2434152028792,308.6468811035156,791300
2019-07-29,308.6050907315188,309.1898553850003,307.38541397399996,308.780517578125,659200
2019-07-30,307.95354591517656,309.6577692740582,305.19671026192856,305.7480773925781,699400
2019-07-31,305.68121151560285,308.0203212754277,300.1508676950007,302.55682373046875,1037100
2019-08-01,302.18085411170466,306.8757974902411,300.06729337563957,303.3253479003906,1220300
2019-08-02,304.1941885221102,304.3445543947793,300.31792050852977,302.339599609375,836300
2019-08-05,297.8618779074651,301.6629634351409,295.7065569939855,299.43243408203125,1464600
2019-08-06,301.81328982402766,306.4998967525908,299.77491192736096,306.4079895019531,1124900
2019-08-07,304.1022128257192,309.87482825262197,302.4314132982004,308.51312255859375,1243000
2019-08-08,309.1062727087059,316.11526342335674,309.1062727087059,315.0877380371094,1185800
2019-08-09,314.19394553726937,316.9173322048876,311.8798712176343,314.95416259765625,872000
2019-08-12,313.27490971006193,315.8228687779528,312.10535514601986,314.9457092285156,706100
2019-08-13,315.7727958556337,318.71341978104516,313.50886929508033,315.1295471191406,1054900
2019-08-14,314.1104161603702,314.1104161603702,306.8925475517202,308.2124938964844,1469100
2019-08-15,308.38780204319914,312.9156797505257,306.7337269112963,311.9883728027344,1066900
2019-08-16,314.19385454408695,316.0651418465543,311.9132040234218,314.9457092285156,821400
2019-08-19,317.2431155377521,318.85543124395326,316.2155644713969,317.8446044921875,799900
2019-08-20,317.86966004337296,320.8771047642102,317.0342601483838,318.9139099121094,920600
2019-08-21,320.7935602969974,321.02747124827204,316.8588339224064,319.9581604003906,791500
2019-08-22,319.95817981486994,323.0073845236285,318.05346895480744,322.3641357421875,742600
2019-08-23,321.86284257159036,323.2412471797477,312.9491152485821,314.8538513183594,1392700
2019-08-26,317.4519347351369,317.91975659940675,313.6926355080103,317.7192687988281,688100
2019-08-27,318.9138848559115,319.29816163898806,315.1545856238182,317.4435729980469,760300
2019-08-28,316.6500132704605,319.9581900289379,314.7536390131521,318.2623291015625,820500
2019-08-29,321.2363160832942,322.28056593734675,318.12026534082406,321.15277099609375,1063500
2019-08-30,322.0097940923445,323.2616961107938,320.54784002295435,322.73236083984375,760700
2019-09-03,320.11094565775915,323.63142041616885,319.1027111024457,323.2197265625,891700
2019-09-04,325.4210134268835,327.4291231940009,324.23631686972885,326.9081726074219,792200
2019-09-05,328.0845254869705,330.5631244307033,323.46338012892676,323.606201171875,941500
2019-09-06,325.3957833612225,326.3788380943892,324.16067646114936,324.79083251953125,701100
2019-09-09,325.9587644536076,326.2444321497809,319.3127148611443,319.4555358886719,1146900
2019-09-10,317.0021759098971,320.3882141113281,311.2635392379841,320.3882141113281,1297600
2019-09-11,320.2873685482629,324.1523056642827,319.32951891509913,320.5814208984375,1125300
2019-09-12,323.05167341811756,326.42932711451726,322.02661829072645,324.8497314453125,855100
2019-09-13,325.8074657737423,325.8074657737423,322.3038125701162,323.3624572753906,898600
2019-09-16,326.7569770481457,331.54617423800937,325.06817593390315,329.9161682128906,1689900
2019-09-17,329.7565458422462,336.0496976765204,326.36209719953985,331.0252685546875,975800
2019-09-18,331.69731312162463,333.75583297749444,328.98343205158255,333.59619140625,780300
2019-09-19,333.68033208182334,334.82300304671594,330.2270626818853,330.5631408691406,1044400
2019-09-20,331.45373710775027,332.2519451842883,326.0427940444828,326.2108459472656,2106700
2019-09-23,326.05955833103684,327.7315642182666,324.4127320196453,325.7234802246094,1132200
2019-09-24,327.681187184484,330.19340141440705,325.3369992043433,326.98382568359375,1162400
2019-09-25,328.1684760408768,328.43734879299194,325.7570828404269,328.0424499511719,1336400
2019-09-26,328.73142369095075,331.5797414972486,326.78213471800797,330.13458251953125,875400
2019-09-27,332.6720889541998,332.68049924267757,324.6816995133817,325.8916015625,751800
2019-09-30,326.4713464413658,330.8908504594535,326.3537306086264,327.7316589355469,1293200
2019-10-01,328.88269023964136,329.76492423610364,322.54753886038935,322.7995910644531,1240000
2019-10-02,321.5813276796982,321.8502004988841,314.29673582531416,317.7331848144531,1759000
2019-10-03,318.32970941391494,320.278998792527,314.5151566135681,319.3295593261719,849800
2019-10-04,319.45556690371825,323.6818133140658,318.85061594687767,323.43817138671875,762200
2019-10-07,323.48854336537886,324.89167659659114,321.5392543316589,322.455078125,850100
2019-10-08,320.1696842338816,324.15226226971487,318.6825251848197,321.060302734375,1001300
2019-10-09,323.33725158121877,324.59756365225,321.379578112974,323.15240478515625,712000
2019-10-10,322.6315696951231,326.4293275364921,321.9678236145781,325.0597839355469,690200
2019-10-11,327.5048218944482,328.2946197994851,320.3294353628065,320.5142822265625,1327000
2019-10-14,321.60651281721204,323.7910594646903,320.4470469339964,321.4720764160156,622300
2019-10-15,322.3795501128676,324.06837713426916,321.0184166620587,321.5897521972656,835300
2019-10-16,321.28723540419736,322.9676518538768,319.47238256160915,321.6653137207031,851300
2019-10-17,322.2618729313004,322.81641346855025,316.16197830379537,316.8089294433594,1004600
2019-10-18,316.5232597634602,317.3550577436656,309.1966426404652,312.9607849121094,1935600
2019-10-21,314.24628684154766,315.82588240915834,313.17082133780934,314.2798767089844,1160000
2019-10-22,304.99560636047494,317.17862644925424,304.99560636047494,313.9690246582031,2567200
2019-10-23,314.05301229668635,315.0696570143319,309.8099712468099,313.4732666015625,1279700
2019-10-24,314.03620106022964,317.14495577820196,312.5574265359771,314.8595886230469,1126900
2019-10-25,314.5571416834035,314.98565605920686,310.4905371800952,311.4903869628906,1173500
2019-10-28,312.0449868182898,315.4562306177574,310.9779058191869,312.4230651855469,1321700
2019-10-29,312.2634043496586,315.2881593073472,310.91068131699785,311.8013000488281,1298500
2019-10-30,313.58250438093404,318.43049644791796,312.1121400358514,318.1364440917969,1064900
2019-10-31,317.5314690271385,319.43032197248635,315.2965123155679,316.4895935058594,911800
2019-11-01,317.69117316857535,320.0773874937676,316.7081437387413,318.5818176269531,915600
2019-11-04,319.22032455943025,319.9345067231777,312.70871041201343,314.6412048339844,1117500
2019-11-05,314.28828533456044,315.7250342140476,311.9777127250564,313.927001953125,1364200
2019-11-06,314.64957263556585,319.22030746950264,314.2630840283116,319.1026916503906,1505800
2019-11-07,319.5648099065122,321.58130462358497,317.5231099670181,318.2288818359375,1157200
2019-11-08,317.2626189597696,321.69891719532865,317.2626189597696,320.8418884277344,783500
2019-11-11,318.86738307652695,322.14418952638687,318.6993312006916,320.4385681152344,580500
2019-11-12,320.5898696832384,325.58070892423126,320.5898696832384,324.57244873046875,910700
2019-11-13,324.2699007873078,328.11804242072463,323.55571880795344,325.7402648925781,956100
2019-11-14,325.3959001107312,329.61373694402613,325.3959001107312,327.8157043457031,915600
2019-11-15,329.58844449685523,331.45370763093393,327.91643846967804,330.6639099121094,1533600
2019-11-18,330.201855405922,332.4536074517674,329.31964696472136,330.0002136230469,827700
2019-11-19,331.0420215051278,332.5712065400606,328.126498107344,328.36175537109375,800300
2019-11-20,328.5717839302708,330.6555092896318,327.8912174073131,329.9497375488281,907700
2019-11-21,328.4037626069487,329.57166430508505,327.1098604489756,327.899658203125,1416900
2019-11-22,327.8408437386741,328.8491038478216,325.8495543821715,328.3029479980469,758600
2019-11-25,329.02550071018624,330.2858128740599,325.5722320477916,327.66436767578125,801400
2019-11-26,328.1852869940174,332.6804054299262,327.6643620777614,329.78167724609375,1206600
2019-11-27,330.73116815113116,331.4453502715592,329.0423414114667,331.2436828613281,770300
2019-11-29,331.3789854284671,331.5480666586694,329.72209772481335,330.5589904785156,401500
2019-12-02,330.2884206256127,330.98161744663327,324.1427032346938,324.29486083984375,1283400
2019-12-03,322.4435675894548,325.157174166753,321.35307883598574,322.60418701171875,1384300
2019-12-04,324.2187724753103,327.9552502799815,323.1620794737614,325.10638427734375,1081100
2019-12-05,326.3575113964116,326.72946938919455,323.7791908446905,326.2560729980469,1203700
2019-12-06,327.29583600898053,328.7582824386146,325.54594641467355,327.03375244140625,709600
2019-12-09,326.4928529017795,327.50728873563656,323.96525091668263,324.0582275390625,821600
2019-12-10,324.1934323781309,326.9577321491376,323.9820937651073,324.9880676269531,862100
2019-12-11,325.8926123331272,326.8224816182899,324.6414784211713,326.50970458984375,578900
2019-12-12,326.30680715639414,327.81999879648777,324.1511636978154,324.6583557128906,736100
2019-12-13,324.6160752548455,327.8115137137087,324.6160752548455,326.7041015625,658000
2019-12-16,327.91301323789025,328.2934330912631,324.65839317536717,326.26458740234375,847500
2019-12-17,325.4614717661339,327.9975351824934,325.4614717661339,327.0592041015625,730000
2019-12-18,327.4903744701445,327.69327712160595,320.9473379699219,321.71661376953125,1526000
2019-12-19,322.0716141272433,325.1909744067774,321.429162227205,323.8975830078125,766300
2019-12-20,325.4867892164409,326.8478231553431,323.7707208922027,326.7041015625,1599600
2019-12-23,327.71010847136745,333.65294921003954,327.650927468435,331.2944030761719,1050400
2019-12-24,331.6748061094276,331.6748061094276,329.29090049470295,329.8319396972656,516300
2019-12-26,330.4490163719459,331.75933111760014,330.093981985348,331.63250732421875,711600
2019-12-27,333.06112006223987,333.49225899467996,331.32815413070966,332.7314453125,728800
2019-12-30,332.7737733604604,332.86677576480713,330.4236890264889,331.2944030761719,776900
2019-12-31,331.16764017959116,331.3620810106254,327.2113871342912,329.1641540527344,775400
2020-01-02,332.1058963234943,337.6091613769531,330.49129222338286,337.6091613769531,1258400
2020-01-03,341.540141143801,352.656574282141,340.67788877716663,349.7569885253906,2990100
2020-01-06,353.34966820919504,353.34966820919504,344.6425284349542,349.2243347167969,2477800
2020-01-07,347.65207269942374,351.76894539614426,345.14983035406084,350.39947509765625,1059900
2020-01-08,352.56355113468584,353.5103440615564,346.35865210492756,347.466064453125,1708100
2020-01-09,347.0095633776008,351.66747496731864,346.59534792452075,350.762939453125,1064300
2020-01-10,350.82211443764004,351.3293322928469,348.69183040357746,349.8330383300781,987800
2020-01-13,350.7713028437914,355.8603262616509,350.53460468012736,354.2203369140625,986800
2020-01-14,353.0115761605979,353.58641101861724,350.88129214655294,351.78582763671875,967200
2020-01-15,352.0225046753162,356.2999960465043,351.78580646577825,355.8519592285156,833000
2020-01-16,357.6948036529604,359.90116620605517,355.6152390974857,359.86737060546875,1085200
2020-01-17,360.63665891597987,361.4228581815481,358.85297336318604,359.8335876464844,1195600
2020-01-21,358.78538640375075,361.6257652844148,357.59343340263064,360.2478332519531,1071400
2020-01-22,361.3890811327355,362.23443570848457,358.7346553817597,358.785400390625,918700
2020-01-23,358.48105578111307,363.1305059017265,358.43033657092394,362.47113037109375,978400
2020-01-24,363.41782672343874,366.47800531593833,363.2403095349799,365.6157531738281,1086700
2020-01-27,360.0026460650619,367.26426374249127,360.0026460650619,365.5143737792969,1737900
2020-01-28,367.5347577610745,371.1021546964545,360.3492446853988,369.5636291503906,2063200
2020-01-29,370.0285758060083,370.2568122355378,364.364690290298,366.74859619140625,1268500
2020-01-30,363.7898216756301,369.41988526538637,363.7898216756301,368.489990234375,1210200
2020-01-31,367.6700087763946,368.21104801344586,360.20554025228324,361.91314697265625,1650100
2020-02-03,363.09656753681037,363.50234688579,356.7733339204139,358.3118591308594,1795800
2020-02-04,359.6645121451995,365.18467590309433,359.6645121451995,364.16180419921875,1216300
2020-02-05,366.3089923493614,368.50691905429744,362.6739527763059,367.8898010253906,1251800
2020-02-06,368.2025738903082,371.83758762421985,367.6530986698104,371.0852355957031,833500
2020-02-07,370.38361942496425,372.9788380381435,369.6650629666913,371.25433349609375,883800
2020-02-10,371.1106655657688,373.24094984841616,370.1131533396369,371.7531433105469,870400
2020-02-11,373.10563028334496,374.0947063479707,369.81721486485065,371.82916259765625,744600
2020-02-12,371.1190639041406,371.69389873634026,367.39104769838343,369.0817565917969,1419200
2020-02-13,368.4055163739573,371.3558214067558,367.1374845014473,367.47564697265625,800200
2020-02-14,367.7122950612296,370.66257389338415,367.1458962175784,370.1384582519531,948600
2020-02-18,369.41986597349154,371.06831734229735,366.8922646196131,368.194091796875,776100
2020-02-19,369.4199571385655,370.4935481843255,367.22203003714503,367.2896728515625,787200
2020-02-20,366.5710914467252,367.7207612321648,358.56558296164445,360.0956726074219,1190600
2020-02-21,359.37709532692816,362.42037663926453,357.2975305127365,361.64263916015625,1055500
2020-02-24,354.7529551218136,358.5993329724065,353.4426661716033,354.4993591308594,1117800
2020-02-25,355.1333888499711,356.51132065064945,336.0537338369611,338.4460754394531,1600100
2020-02-26,338.40386234233495,347.0349246789056,337.58386743447693,338.9026184082031,1678000
2020-02-27,332.66386866202674,337.304882062533,324.8950593244521,325.1233215332031,1894100
2020-02-28,314.62612861949117,317.9947719760323,306.5278281639158,314.6346435546875,3363800
2020-03-02,315.89367015184524,325.8889591333392,306.72352521403894,324.4002990722656,2859900
2020-03-03,327.3691571847892,337.6281512445985,320.35118719083044,321.04022216796875,2531400
2020-03-04,327.86244758343906,342.78305348415705,325.9654603107411,341.991943359375,2025800
2020-03-05,335.0931123050012,338.4362109853758,325.14034684293404,327.25,1967200
2020-03-06,316.52311295314996,327.4626498812832,313.43520288609307,325.3529968261719,2161000
2020-03-09,306.22164280373954,314.2944254890874,298.81235018769826,299.4588623046875,3086700
2020-03-10,308.7990697037106,312.7631609325016,298.24234266372275,312.33782958984375,2505600
2020-03-11,303.32087952670054,311.24906406468625,297.5533860452414,303.6271057128906,1950800
2020-03-12,273.91342957670554,288.73198740671484,263.7735172829444,264.87939453125,3892600
2020-03-13,278.4474436711585,280.00417113715565,257.83590058469576,279.519287109375,3877800
2020-03-16,250.95407337496195,265.0325341507541,242.43892933899355,244.93988037109375,2351500
2020-03-17,249.24416111880626,271.76120292449883,244.2677793310566,271.2167663574219,2626200
2020-03-18,252.57877307388338,288.57030880345303,251.8301857656927,283.61944580078125,3589400
2020-03-19,283.6194194544195,284.2063787229006,264.73469942538225,267.2781982421875,2836700
2020-03-20,267.27823417132475,268.6733075180319,245.16949266026168,247.72999572753906,3040100
2020-03-23,242.4388849088144,244.191248105377,226.36985302362717,235.46343994140625,3172100
2020-03-24,244.96538946809255,250.9370335126328,238.3897560902004,245.7650146484375,3088400
2020-03-25,255.7262541042906,280.56561895955514,249.7630993983005,271.931396484375,2950100
2020-03-26,277.3160802546218,299.51838512348274,275.6232695443707,298.0126953125,2680900
2020-03-27,289.21680917138775,310.5684485841742,284.98052545046164,296.3538818359375,3562800
2020-03-30,298.999459438549,303.24428446593106,291.16486231484214,296.75372314453125,1756300
2020-03-31,293.3170246405397,295.11193656612994,286.02683854592016,288.3321533203125,2169300
2020-04-01,276.3208520667087,290.06756932158805,273.92200212603075,287.9664306640625,2082300
2020-04-02,285.18469282525655,301.1346197170494,284.58921850389595,301.1005859375,1896200
2020-04-03,299.43325104761055,302.69979248927393,297.4001548651303,298.1572570800781,2113200
2020-04-06,307.86333292915504,314.70266812954225,307.86333292915504,313.0013427734375,2525400
2020-04-07,323.6771971982032,324.8681199327857,301.1771556291358,302.2234802246094,2101500
2020-04-08,307.40401553515466,316.9994909947678,305.03917396146073,307.43804931640625,1447700
2020-04-09,314.5240428379042,320.129907351414,309.23291939423194,315.59588623046875,1629400
2020-04-13,315.55339164491886,318.13938799344834,311.0959006996275,314.6942138671875,1237200
2020-04-14,321.79722934210696,328.84920507566477,318.615732901612,323.2773742675781,1653400
2020-04-15,320.48722768291066,320.48722768291066,312.49949108681335,318.4711608886719,1251500
2020-04-16,317.81607894874713,324.35767718984937,316.87185581244046,321.44842529296875,1568400
2020-04-17,329.56387445023165,342.34933844023607,327.3606344114265,341.5497131347656,1768400
2020-04-20,335.22912058610495,340.2395359792066,325.982421875,325.982421875,1487200
2020-04-21,325.8124203759505,333.9192371412946,315.60446511414443,317.67156982421875,2042000
2020-04-22,326.22070834079824,326.6035170311894,319.2792959375959,323.5921630859375,1188400
2020-04-23,325.5911646903377,327.3945655508025,320.01081917637737,320.4701843261719,1164400
2020-04-24,322.1629963319512,326.705532282182,317.2802004752181,324.75750732421875,1029200
2020-04-27,326.5779982126742,326.6885885436939,321.55057734062007,322.03546142578125,1457400
2020-04-28,324.83408862065147,329.9125466418707,323.6091580558912,327.2755126953125,1313900
2020-04-29,330.19331758253185,334.7443693337174,322.82657368184414,329.98065185546875,1500400
2020-04-30,325.88888930571426,332.9834131899934,323.6261233825006,330.9588317871094,1343300
2020-05-01,328.0495933775852,329.55525709027637,324.17906231250316,326.2036437988281,911600
2020-05-04,324.97019030220247,325.7783303382918,318.25847437574873,323.3879699707031,1077900
2020-05-05,325.30195605575267,334.1233249101364,324.6044063473405,332.013671875,1270900
2020-05-06,332.5156293665151,332.5156293665151,321.8993471589683,322.0439453125,1089800
2020-05-07,325.8124144173192,326.7651527373693,319.8492590203496,320.3086242675781,1462000
2020-05-08,321.57609750127375,324.2131577034211,320.0619185661319,321.8908386230469,1130400
2020-05-11,318.9986208900831,322.82660434076405,318.2670631803921,320.3256530761719,1287800
2020-05-12,321.550469995885,325.32741410122117,315.6213505027925,315.68939208984375,1447700
2020-05-13,315.8340836361844,316.83785951066756,307.94844881858967,309.79437255859375,1287400
2020-05-14,307.08074152937877,307.5486216236379,299.6544722465651,303.0741271972656,1776400
2020-05-15,299.88417542009256,307.5231372083752,299.70554348927976,306.5788879394531,1854500
2020-05-18,315.7745306619376,323.6686804061005,311.35958865392405,321.15924072265625,1879700
2020-05-19,321.61004483992303,325.34444049633777,315.8000042126104,316.0041809082031,1087100
2020-05-20,316.8207605923711,318.1477920868295,308.0334019577374,308.3736877441406,1880500
2020-05-21,308.526888044404,314.7707497807158,308.45033150885604,313.741455078125,1179100
2020-05-22,314.62614987675494,314.88136430837335,311.01934769271105,313.89459228515625,752600
2020-05-26,320.65740926487274,320.65740926487274,315.2301754923048,316.61676025390625,1596100
2020-05-27,320.5127373625004,337.8152160644531,320.34259441385876,337.8152160644531,1986900
2020-05-28,341.5070413327173,343.88891247620654,338.69986479807386,338.93804931640625,1487900
2020-05-29,338.9380889133988,339.10923680295156,329.2930055896889,332.4338684082031,1733800
2020-06-01,332.8617992951607,337.19223556093505,331.46681200985415,332.87890625,1090300
2020-06-02,332.6050608080683,336.5332615942224,331.19294046562106,333.5721130371094,1404700
2020-06-03,336.89259876047157,345.40799447264993,335.98543417840295,344.5778503417969,1382200
2020-06-04,343.8504181129031,346.49489154607335,341.4712460647204,345.4679260253906,1261700
2020-06-05,350.8852972958194,356.0202040855143,347.84715455891114,351.52716064453125,1702500
2020-06-08,355.1644210992781,357.40665977175723,352.3830129822356,354.5653381347656,1294600
2020-06-09,351.3388857202654,352.5455919706735,348.31784988512584,349.6529235839844,1188400
2020-06-10,347.88998116884665,350.1151129631663,345.2797469846865,345.5535888671875,1188200
2020-06-11,336.0710006345904,340.0248735936857,328.2659486450809,328.53125,1698800
2020-06-12,336.61875957859877,337.56016425847383,322.18968590177246,326.81109619140625,1788100
2020-06-15,319.45965576171875,322.7716663488899,314.5558105431445,319.45965576171875,2271300
2020-06-16,330.82491653876195,335.3008528978689,324.85129907555915,327.58135986328125,2038600
2020-06-17,327.3503220195224,330.55107236611724,322.574869989991,327.01654052734375,1519000
2020-06-18,324.9368718173139,326.3404254410965,321.84738232597607,323.8328857421875,1562000
2020-06-19,328.06922867567886,328.28318314939,318.36425688223835,318.5354309082031,4322200
2020-06-22,318.58675506729276,322.5063892531634,317.02916034207203,321.7532653808594,1370600
2020-06-23,323.71298582020523,324.16656807354894,317.54254864462956,318.1073913574219,1469300
2020-06-24,317.4228184335537,317.7052529348028,306.65664194572315,307.94036865234375,2302800
2020-06-25,306.2629676166661,310.9271854124409,302.38611374577476,310.5078430175781,1391600
2020-06-26,307.71790460462216,314.4446473730996,303.8239433210097,305.3216247558594,2008600
2020-06-29,308.428179187282,314.5130310058594,307.6579222989934,314.5130310058594,1073000
2020-06-30,312.67298800220664,314.29903633633865,310.15688198679356,312.30499267578125,1482100
2020-07-01,313.52025306215467,315.1891080240323,308.35967337621196,308.4538269042969,1430100
2020-07-02,311.1154916995354,313.2892765591837,308.68497190734587,309.80609130859375,1396000
2020-07-06,313.6401487568425,314.1878586236495,308.81332333581645,310.3110046386719,1202300
2020-07-07,310.3110381902811,310.5934727494368,301.91546589706604,302.3348083496094,1395900
2020-07-08,302.53166981764304,305.783767843933,298.36384024251856,299.733154296875,1965100
2020-07-09,297.824568446371,299.09972849965277,290.27624983996503,290.94378662109375,1823800
2020-07-10,292.9721376693134,298.96286312173373,292.3987542875191,298.8944091796875,1514200
2020-07-13,302.6171476558617,305.5440295999765,298.3380591033678,302.1549987792969,2031300
2020-07-14,298.79160844785997,304.60261737329705,298.68034797898486,304.3800964355469,1651900
2020-07-15,309.4980050596891,312.8699036356844,308.5737070804902,311.9969787597656,1617300
2020-07-16,310.06280533419874,313.17799493226477,307.2557237518977,313.12664794921875,955400
2020-07-17,313.48602598461764,315.79674431685675,310.53347046840605,315.36883544921875,1135500
2020-07-20,315.7968687109623,315.7968687109623,310.1741377071781,312.8271789550781,1444500
2020-07-21,323.48207673556874,324.26941462034733,317.14900303913606,321.034423828125,1997300
2020-07-22,322.3951295271757,337.7656366587231,321.46229122049573,337.26068115234375,2280700
2020-07-23,336.9952983408986,337.3205132186885,330.0974103411331,331.7320251464844,1442800
2020-07-24,332.0572811659025,336.75571217325796,328.30022877301946,330.5253601074219,1305700
2020-07-27,329.25876096665064,330.3370735344486,325.3048611597776,326.9993896484375,1047000
2020-07-28,326.922378123255,333.9486344867779,326.922378123255,330.9104919433594,1132100
2020-07-29,333.3923473134795,334.17114456903926,329.1731722423282,331.45819091796875,1209600
2020-07-30,327.52999043818,330.2087040652826,325.94672244172324,326.6827392578125,983300
2020-07-31,325.68137341569405,326.3831501076638,319.80191075140414,324.3291931152344,1101800
2020-08-03,322.5063608612135,323.85000100976407,317.884950190499,322.7288818359375,923100
2020-08-04,324.4233471487573,325.92959458835855,322.0356346812994,323.4905090332031,900600
2020-08-05,325.2107837582505,329.37861251866997,323.73020947200274,328.2061462402344,1018500
2020-08-06,326.73412639878023,327.94083265953617,323.5761565523839,324.9882507324219,698500
2020-08-07,325.21926144061166,330.91044337798513,324.1494894178918,330.0203857421875,924900
2020-08-10,330.3628436846461,334.71895402190233,330.3114966957977,333.1357116699219,856000
2020-08-11,335.0612782263149,341.89068843138494,334.90721115325726,335.4463806152344,1312800
2020-08-12,337.2093891609723,339.34893409881346,334.8730228040446,335.8572082519531,878500
2020-08-13,334.06850166431553,337.2350120264371,331.20150665453195,333.1185302734375,1053600
2020-08-14,332.6050196176837,337.36336417137875,332.07439067922706,334.98419189453125,648600
2020-08-17,337.17512860609577,338.21066089987096,331.82626700138553,332.87890625,864100
2020-08-18,333.05858639996643,335.40351854459095,332.3482430818976,333.9914245605469,806100
2020-08-19,333.83731899119596,335.45482679679463,332.77611352137285,333.8116455078125,717400
2020-08-20,332.2969422659967,333.0843061524727,328.2745880630518,331.9546203613281,1203700
2020-08-21,331.80913565604357,334.4450692943576,331.0816852505191,333.4009704589844,996000
2020-08-24,334.47923340916213,338.5358272272612,333.6833291849249,338.0822448730469,1006400
2020-08-25,338.6641343926972,344.36388261953124,335.8228137539487,337.9110107421875,987400
2020-08-26,336.3364542130603,340.32456899253543,334.2482563265112,338.4246520996094,908600
2020-08-27,339.6227191139832,342.40412685339015,337.94532360557525,338.06512451171875,700300
2020-08-28,338.4845550910573,338.90389751573997,335.24956438674303,338.5530090332031,728300
2020-08-31,337.67474421203457,340.1114807273046,334.48887932483836,336.0301513671875,1030400
2020-09-01,333.92913913101904,335.1087618463414,331.50099566153506,333.0594787597656,908400
2020-09-02,331.6301827328047,343.46950529502084,330.73469206874717,342.7548522949219,1214500
2020-09-03,343.9861071511495,346.03539029167365,330.10612124963046,332.61175537109375,1500800
2020-09-04,334.52336435310724,337.14091255445226,326.8342409655374,331.518310546875,933600
2020-09-08,330.63135843902666,331.75072829486425,325.78368998473576,327.39385986328125,1071600
2020-09-09,329.51193550690726,335.3067535892722,328.0653922611927,331.70758056640625,1218300
2020-09-10,332.37933673432093,334.54055999953783,325.7579233782644,326.4295349121094,716000
2020-09-11,328.4615504765433,336.2367553166564,327.84159945407663,335.3326721191406,933800
2020-09-14,338.7079562123617,341.5494094785055,337.201133295695,339.03515625,991000
2020-09-15,340.6711572416505,340.97252710432133,333.1284495103678,338.0019226074219,955700
2020-09-16,336.7619524953056,344.07221322051663,336.60697132069697,340.6108093261719,1052200
2020-09-17,337.52830094151744,343.1681128061818,335.4101460023257,340.9208068847656,959500
2020-09-18,339.37960644834135,343.5556642643298,339.37960644834135,340.2320556640625,2636400
2020-09-21,334.51459523468816,335.69421778835476,324.8106677875638,326.85992431640625,1447400
2020-09-22,328.8144911641717,337.9415351798284,328.3495214547017,334.4457092285156,1286300
2020-09-23,335.1431910996388,339.62059111472706,328.909232797481,329.98553466796875,1223300
2020-09-24,329.9942119050781,331.0618951409882,322.9767277226865,326.1281433105469,1295100
2020-09-25,325.00017804965654,334.4285682566246,324.1391364082765,332.9648132324219,1375400
2020-09-28,335.8062521842367,341.4977250250083,335.5048823435619,336.2453918457031,980000
2020-09-29,335.47038490143564,338.51847933887086,333.6622186721682,334.7212829589844,1113100
2020-09-30,335.3499621062897,335.5996715941713,327.63503467794993,330.0201110839844,1410300
2020-10-01,330.6399850524846,335.8062348189296,326.33477691378033,327.962158203125,1103900
2020-10-02,323.75163158551004,330.19223201397085,322.2706390282449,327.6951904296875,1217200
2020-10-05,329.9855483134651,332.26732939477574,326.21418219901904,330.6054992675781,825000
2020-10-06,332.38794187231247,332.4568136496792,323.768905645493,324.14776611328125,954900
2020-10-07,325.99037727592474,330.50222715941106,325.95592825203914,329.727294921875,826500
2020-10-08,330.55387574828836,335.1087933181412,329.1589925151721,334.5921630859375,694900
2020-10-09,334.4371810216936,335.892343471411,331.7507353535708,332.3017883300781,675000
2020-10-12,332.3620592098433,336.2453652532621,330.00281362302536,334.8763122558594,807400
2020-10-13,332.4826357075376,336.28842508963254,331.60435640635734,334.90216064453125,973300
2020-10-14,333.34366058509096,340.50750679000254,333.34366058509096,336.4261779785156,1090300
2020-10-15,333.507246090872,334.8332575709501,329.9683775715411,332.46539306640625,792000
2020-10-16,334.5060056893283,335.6167565877146,332.4395113338175,332.79254150390625,952100
2020-10-19,333.42973452904596,335.4618063309681,328.6337528773393,330.3902587890625,1181000
2020-10-20,329.42595985098103,332.1813039606716,320.13531201456465,320.48834228515625,1779200
2020-10-21,320.4883252376719,322.89063894898646,314.2802219103468,316.12286376953125,1931200
2020-10-22,316.4328278693915,319.541175824118,314.4093745990628,317.68994140625,1255100
2020-10-23,319.73915393937983,323.9152105544283,317.73293876554106,322.31365966796875,1178800
2020-10-26,318.0945737963301,318.47343418082335,312.12756215591645,317.33685302734375,1387200
2020-10-27,316.00231936292926,316.846149729907,310.67246887697127,312.0673522949219,977400
2020-10-28,307.27990990009494,309.9749742975982,301.75203757352074,302.10504150390625,1679900
2020-10-29,301.3645108381389,306.7288085907418,299.8921372998617,303.4654541015625,1548000
2020-10-30,301.9156716541825,304.57628733062944,297.61905574055163,301.4765319824219,1309800
2020-11-02,306.6341106539073,309.8974654654236,301.98449156851973,303.4482727050781,1707700
2020-11-03,307.5038104601733,315.313464577626,306.71164057571997,312.9369812011719,1484600
2020-11-04,319.5067496833619,328.45295927559135,318.16352673453224,320.4452819824219,2146400
2020-11-05,322.5031511587588,324.18219294773684,313.221122887188,314.02191162109375,1709300
2020-11-06,312.816394797694,313.18666264670566,308.20984337660684,311.0684814453125,1401600
2020-11-09,326.85139432291896,328.50457946825753,313.18666843106496,313.3760986328125,1956900
2020-11-10,314.280130210964,321.5473221733366,313.36742837332525,319.6874694824219,1708000
2020-11-11,321.0565904197322,321.4526622145227,314.86569895842825,317.9654541015625,1115200
2020-11-12,316.43276639109683,319.0761702290382,314.7193021327171,316.7685852050781,856100
2020-11-13,319.0762028811737,323.7516526218889,317.92241025112213,323.01116943359375,921000
2020-11-16,325.5167528991542,327.7899152420034,323.82049996627,324.724609375,1306700
2020-11-17,323.45885527335554,327.6090816384261,323.1058251026934,323.6654968261719,1321100
2020-11-18,325.0346609530365,330.18370038115427,323.9583587021105,325.0949401855469,1066800
2020-11-19,322.8906525302977,325.25851731551984,320.4539159677088,324.14776611328125,1075400
2020-11-20,323.7258149882112,324.8193283726359,316.5361122932072,316.8805236816406,1117500
2020-11-23,319.91147323071976,322.485979767904,318.4649030566105,319.3173522949219,929200
2020-11-24,323.131740901231,325.8870849609375,321.2202272005754,325.8870849609375,959000
2020-11-25,324.6902078967093,328.87488417626406,323.9497246558419,325.7665100097656,854800
2020-11-27,326.17118386944645,326.17118386944645,321.55601325908896,322.32232666015625,612300
2020-11-30,321.4986090509221,322.92925909660147,315.08234191891063,316.4783020019531,1608400
2020-12-01,319.48705762669294,323.66631225434816,316.3656220861062,316.46966552734375,1299700
2020-12-02,316.4695275481565,317.3365911280233,312.15156785525556,313.32208251953125,2520000
2020-12-03,313.98120030655764,320.3801366332409,312.97540292695913,313.9031677246094,1758400
2020-12-04,314.8481627336851,318.84534010229476,313.9724199397707,317.87420654296875,1222600
2020-12-07,318.1257227037389,318.1257227037389,312.61120929406616,313.9898376464844,1390500
2020-12-08,312.9927647959146,314.89163702757264,311.1372351789476,311.47540283203125,1783600
2020-12-09,312.01291138980025,314.3886577166213,309.49843168073374,313.3135070800781,1522200
2020-12-10,311.72673334130656,315.8019433344466,307.9810382500857,308.1457824707031,1378700
2020-12-11,307.4175206894706,314.84826528010456,307.10539036068184,313.6257019042969,1409800
2020-12-14,315.1777246597063,317.01589587655593,309.92331959241346,310.11407470703125,1370500
2020-12-15,311.041838546676,312.04763583358636,308.1978700480877,310.0360412597656,1521000
2020-12-16,309.75853906038185,310.32212523189526,306.6371041234093,307.434814453125,1986200
2020-12-17,308.61399522482094,310.1140250432125,305.10239760978556,305.7266845703125,1658100
2020-12-18,305.241228650422,309.35978279454423,303.4810897272565,308.7008056640625,4342000
2020-12-21,306.2122634965527,306.88857222136954,300.5243269235574,302.90875244140625,2128700
2020-12-22,302.9087180200068,304.0098794263612,301.20928052575937,301.6688232421875,1820800
2020-12-23,303.42899962268433,307.8076614048727,302.95209863705253,304.8596496582031,1307500
2020-12-24,305.92608202320827,306.99257992932036,303.8191235249555,305.180419921875,508800
2020-12-28,306.16891498225397,310.2528049223105,304.95503083836144,307.0966796875,1023400
2020-12-29,308.67475185604053,309.8452934262844,305.0330728509908,306.8539123535156,1055900
2020-12-30,306.0735484310151,309.20363632432026,306.0735484310151,307.079345703125,840800
2020-12-31,306.78457738465875,308.7007813316803,305.4059488603652,307.7903747558594,1318500
2021-01-04,307.7903269355657,307.7903269355657,295.7294659227453,298.82489013671875,1887200
2021-01-05,298.82487781315774,304.5041350633879,297.6629890471064,302.4231872558594,1479100
2021-01-06,297.4029513741679,305.13717388059763,297.21219623614155,301.7642822265625,1897500
2021-01-07,298.58210935885126,301.60818033733756,295.96358592901043,297.0127258300781,2048900
2021-01-08,296.43170089570697,297.8103288123072,290.47497833619036,291.4200744628906,3226300
2021-01-11,290.4664359954155,293.93469194759956,289.0097748460645,292.7901611328125,3196400
2021-01-12,291.7842668611903,297.7236584996103,291.01259392757936,296.4057312011719,3002200
2021-01-13,296.0243108390122,301.044618594724,294.0820960289469,299.5619201660156,1648100
2021-01-14,301.7382086505001,307.6255793834493,300.74109055198227,301.2526550292969,1965600
2021-01-15,300.94915948199935,303.9058501004847,298.51271241545237,301.105224609375,1853100
2021-01-19,304.11398750515235,304.31342173041844,296.0849936870915,296.1023254394531,2017200
2021-01-20,297.0040666781343,298.0792174140001,294.12540826715673,296.2497253417969,1780000
2021-01-21,296.24975290860124,297.93183263610786,293.8999905407483,294.515625,1661800
2021-01-22,293.7091968741794,296.39710007196436,292.3825902565939,294.6976623535156,1557600
2021-01-25,294.2467568546041,300.77577263508937,292.9808511225328,297.8450927734375,1976600
2021-01-26,293.93463789849625,298.25262529081743,286.7293395996094,286.7293395996094,3542400
2021-01-27,288.1079693570249,291.0993501650071,285.84494545413355,288.3074035644531,2666300
2021-01-28,287.98663145427867,290.18895482334597,283.685975234472,284.3362731933594,1837800
2021-01-29,283.6165785404872,285.2466627427295,278.9517709925732,279.0384826660156,2101100
2021-02-01,281.69172151452574,282.3593511856307,277.29570123077326,280.9547119140625,1615500
2021-02-02,283.90266424654374,290.63976620883665,283.2610455684909,288.47210693359375,2065400
2021-02-03,287.5877652006879,289.0791162563061,284.65708480970744,288.2033996582031,2683100
2021-02-04,289.59065839905855,293.43177151860976,288.0212748845226,292.39996337890625,2174100
2021-02-05,294.4462318924595,296.032973675828,291.76700756881917,292.2352294921875,1454700
2021-02-08,293.9433399266776,294.368192768407,290.63982859891536,292.9288635253906,1549900
2021-02-09,293.5357351245132,298.71210616717184,291.82761867765447,296.83056640625,1677500
2021-02-10,297.5936361720406,298.04449981867464,294.0646801830152,296.7005615234375,1728900
2021-02-11,295.47803181316175,298.7988748740739,293.09360611213214,294.0560607910156,1181600
2021-02-12,293.41441408007626,295.35665518030095,291.819019703217,292.83349609375,1207300
2021-02-16,294.15141163497356,294.80170952362863,289.44326127167625,290.4924011230469,1668400
2021-02-17,290.20626433331864,294.1687257876813,288.5501693006693,292.20050048828125,2010900
2021-02-18,292.09656743183655,294.43762469907455,290.70925953604893,292.9983215332031,1296200
2021-02-19,293.99534414698735,294.0126758980319,290.68315390996105,290.83056640625,1849200
2021-02-22,289.42593094355277,297.8884834173,288.91436639714186,295.2092590332031,1657200
2021-02-23,299.2498070571797,301.2787336724302,293.35375589203284,300.2035827636719,2400000
2021-02-24,301.114043243271,303.7325675051157,298.7989702717064,300.4637451171875,2068700
2021-02-25,299.83061740315594,302.6919434945998,295.3826028413062,296.2669982910156,1568000
2021-02-26,295.3146641837386,295.97869385448394,288.3249679900407,288.54339599609375,2024000
2021-03-01,291.81984736177657,295.0700575067203,290.7888734619727,291.3567810058594,1654500
2021-03-02,291.18201501742993,297.07085256209257,290.65780910080485,295.8301696777344,2076300
2021-03-03,296.72136647407524,302.5927131096883,295.830189691944,297.8572082519531,4052300
2021-03-04,297.48143767538227,300.8626984663539,291.9508264100059,295.5330505371094,2196700
2021-03-05,295.7253369176835,298.08437026399633,292.80714168985156,297.43780517578125,1451300
2021-03-08,300.12013986693995,302.356840959645,295.6991582802979,298.32904052734375,1599100
2021-03-09,298.2940865673235,299.55223427332663,294.6769052466695,294.87786865234375,1448800
2021-03-10,296.5466490290923,299.84927994521126,293.2964387097704,297.7960510253906,1760100
2021-03-11,297.9358377215507,300.2337049003557,295.7166014351835,296.82623291015625,1673500
2021-03-12,296.7475574427745,300.25112444292864,295.8563541351911,297.22808837890625,2151900
2021-03-15,300.88896324244627,302.8635610287727,299.3337568434635,302.66259765625,2055800
2021-03-16,302.75002023633294,304.9255550624558,299.07167270957837,303.2917175292969,1687700
2021-03-17,303.9032857923387,310.6483446655336,303.2917032847015,306.6904296875,2083000
2021-03-18,309.18054247991006,313.66269048476505,308.0185169463016,313.1821594238281,2272200
2021-03-19,314.0383454891146,314.0383454891146,305.8866230221671,310.2289733886719,5739100
2021-03-22,307.54669852385746,313.1122410463123,307.54669852385746,312.4919128417969,2190900
2021-03-23,312.01133112884554,313.8810879166231,308.13207373769615,308.9533386230469,1474600
2021-03-24,310.1590633226184,316.87791179662884,310.1590633226184,311.1463623046875,1592300
2021-03-25,309.9669009943729,316.100378363953,309.4863698980273,315.60235595703125,1598100
2021-03-26,316.5546464687624,319.1233623190783,314.3179455011319,318.65155029296875,2010500
2021-03-29,318.9049560712739,326.9780483446776,318.9049560712739,325.711181640625,2245500
2021-03-30,326.1130527007611,326.88192364175393,322.0590156168276,323.74530029296875,1518600
2021-03-31,323.9288102125444,325.55390216654143,320.9844042550727,322.836669921875,1375500
2021-04-01,322.3910382505556,325.88588685656555,321.82313068479476,324.1646728515625,1261600
2021-04-05,325.0733209640673,332.3600766598588,325.0733209640673,330.91845703125,1489300
2021-04-06,328.9613628800228,332.0979862297764,328.7953554420946,331.1106872558594,1035700
2021-04-07,330.9097120149698,332.36007729969316,328.5769156410301,332.1766052246094,976900
2021-04-08,331.66110813186236,338.4935429396806,330.5340120922704,337.27032470703125,1863400
2021-04-09,338.0217649936071,340.97491636290925,335.2084107696448,337.453857421875,1400900
2021-04-12,338.2402498026482,339.62070351625204,335.7589100494624,338.86932373046875,1067400
2021-04-13,337.7421557658827,339.1750564445593,335.80251378839256,338.2226867675781,1124300
2021-04-14,338.4761531821755,341.8312053483099,338.1266735809586,339.5857849121094,1078800
2021-04-15,339.5857188783833,342.4951686556516,338.7382170118504,341.2981872558594,1289400
2021-04-16,343.2116510164093,344.53968403199485,340.57302296769427,342.3291931152344,1499500
2021-04-19,342.49513949173,342.8359000055576,337.7945641784518,342.2592468261719,1317600
2021-04-20,339.00031586754176,342.05830840758404,336.0471645198426,338.4149169921875,1370100
2021-04-21,338.58094206033303,341.5253745710032,336.3355219712163,338.3363037109375,1358500
2021-04-22,337.9255617985899,337.9255617985899,330.61259703252824,332.08917236328125,1670500
2021-04-23,330.7786372495356,330.7786372495356,326.17418440840294,329.642822265625,1298000
2021-04-26,327.01294501838686,327.91286736337395,323.902532253369,325.00341796875,1518100
2021-04-27,324.5841278012912,326.9780910325392,323.39589184123884,326.0869140625,1564900
2021-04-28,326.296483737749,326.663454518363,324.10348469733924,325.8421630859375,1110400
2021-04-29,327.6420411304895,333.7405612549529,327.5022439933112,332.31640625,1385600
2021-04-30,331.0145566795741,333.7580254992105,329.91369755392464,332.4998779296875,1103700
2021-05-03,331.8096215867812,337.5936178590282,331.18929348594526,336.6499938964844,1347400
2021-05-04,338.3450570983808,340.87881720294104,335.9773044486596,338.5460205078125,1509600
2021-05-05,337.54996157605353,338.54600626317847,333.50466990264516,337.576171875,1079300
2021-05-06,338.99158312631954,340.13614395896127,337.2529044053835,338.4236755371094,1079500
2021-05-07,338.12660440300937,343.01939780977386,337.1567967082783,341.0447998046875,1203700
2021-05-10,341.9359776976717,346.85498141829436,341.87483811087077,343.4912109375,1578600
2021-05-11,341.6476258255003,342.2155333319019,335.8636562532833,338.843017578125,1353200
2021-05-12,338.9741277331757,341.05356706254054,332.185393449291,332.5523376464844,1633700
2021-05-13,333.5658197376518,341.0797494742547,332.8406503934372,338.7993469238281,1105800
2021-05-14,340.8962476583587,342.5825055422024,339.51576766597816,341.42919921875,799800
2021-05-17,340.42443488456047,342.5213385000374,339.62935370874175,341.72625732421875,979100
2021-05-18,341.85737148978023,344.39115826434664,338.1965151466559,338.31884765625,1171800
2021-05-19,336.3791706491733,337.0169901040976,333.1901267017085,336.8509826660156,995000
2021-05-20,337.94318950324777,340.34589833905784,337.31411557787413,339.27996826171875,1094700
2021-05-21,340.1361573459638,342.6611984659647,336.86848216815656,338.31884765625,892500
2021-05-24,340.3109618566866,340.5293899451697,337.21801265796194,338.74700927734375,931400
2021-05-25,338.9129253489222,340.3108700708892,336.53642732065174,337.121826171875,978500
2021-05-26,336.8771966887059,337.31405275931496,333.9415100291524,335.6190490722656,999500
2021-05-27,338.47603466288604,338.95659227692573,335.7500573988922,338.4673156738281,3979300
2021-05-28,338.3881873082698,339.5316770374794,335.5909888423128,336.18914794921875,935500
2021-06-01,337.9747506994282,338.15065773350887,335.24793665564005,335.9428405761719,962200
2021-06-02,336.02205721826067,339.09190792438704,334.80818305831815,338.73126220703125,1007600
2021-06-03,337.56139005656775,340.88633692409275,336.9808403693814,340.7192077636719,1649700
2021-06-04,341.2908939993119,347.90559444606725,340.9478309889045,346.65655517578125,1836100
2021-06-07,347.48339933166574,348.0815315749578,342.70706560124626,344.37835693359375,1087900
2021-06-08,344.37837522759963,345.3899279841435,340.47287910071026,341.7571105957031,1065000
2021-06-09,342.4080034761695,342.4080034761695,338.7576035875626,340.2353515625,1046100
2021-06-10,342.29374412330367,342.8214921881709,339.61089952274284,341.044677734375,913700
2021-06-11,341.97706844063634,342.3025220285535,338.8016679274484,341.044677734375,751000
2021-06-14,340.9478797189423,342.5751743767119,339.42616150974675,342.2673034667969,868400
2021-06-15,343.05017096264095,344.8533726622544,342.22332994153913,342.8742370605469,943900
2021-06-16,343.7626150434595,343.9297441766201,337.0687523448643,337.42059326171875,1524200
2021-06-17,338.01871402700027,339.1094288853351,333.87573167095513,336.8048400878906,1246400
2021-06-18,334.4035370192539,336.10118900233226,333.37437476348657,333.54150390625,2416200
2021-06-21,335.33587024588553,339.0390444652074,334.7904860163728,336.4529724121094,1186900
2021-06-22,335.60861433634585,337.6669120532919,333.9461276166528,336.4354553222656,636200
2021-06-23,336.1979246158847,336.4618254442451,331.8438428072296,331.9053955078125,1024000
2021-06-24,333.83172536874065,334.24514580237974,331.48316659079865,332.2572326660156,1032700
2021-06-25,331.5184352881799,337.2623257963048,331.5184352881799,336.0220642089844,1708100
2021-06-28,335.7230035648299,336.6553942468919,333.21609294678757,334.31561279296875,778200
2021-06-29,334.14837363139554,334.60576407309105,328.3165179920248,328.466064453125,1223900
2021-06-30,329.41608642132746,333.7613902161468,328.64202029441753,332.8026123046875,1077600
2021-07-01,331.8877943648991,335.2391280015355,331.80863217392425,334.4474792480469,752800
2021-07-02,335.7933449375169,337.0599938871384,333.3304313375557,335.56463623046875,778700
2021-07-06,334.25398357658395,334.55304970906127,328.69480561775947,333.0841064453125,1142700
2021-07-07,332.85540510220085,338.3002288390956,331.9757893365473,337.3150634765625,952900
2021-07-08,333.84062221595207,335.74059578554244,332.4332314039873,334.1836853027344,894500
2021-07-09,336.6289441683731,338.11549687113285,334.931265440708,336.98956298828125,542900
2021-07-12,335.925305816832,337.17437220227157,330.9378987115396,333.4360046386719,1008200
2021-07-13,333.3743919846611,334.86094485103683,332.09016041833,332.3540344238281,709500
2021-07-14,332.3539854395784,332.83779017001126,330.0405919052777,331.456787109375,698900
2021-07-15,329.96151955558696,333.0665626788742,329.8559699402057,332.7147216796875,713400
2021-07-16,333.04009531882633,334.0076779671034,330.1021820731423,331.73828125,890800
2021-07-19,329.9878820924077,331.45685237909254,323.3116009851747,327.23468017578125,1357600
2021-07-20,328.1054365930339,334.8169081829121,328.09663184668767,334.2363586425781,1268000
2021-07-21,334.2363812136636,338.38816836487945,333.72618907842934,335.0368347167969,922800
2021-07-22,334.91373528801773,335.61741723136106,332.34524519169815,334.19244384765625,688400
2021-07-23,335.9867934218896,336.45298864613335,334.4210786269069,334.9312438964844,795900
2021-07-26,328.09663131696476,329.2928956936084,322.29116276673716,323.7425231933594,2720700
2021-07-27,323.9185186673706,330.3397032761644,323.9185186673706,329.6184387207031,1460600
2021-07-28,330.7355419892769,330.94664119203793,325.976817272916,327.9295654296875,775200
2021-07-29,329.7239780193968,330.61237169676303,326.64532281257465,327.7448425292969,754800
2021-07-30,327.27865980175983,328.65966306145424,325.55459349228715,326.92681884765625,798600
2021-08-02,327.4809571561529,329.89112274277204,323.76897734345283,323.9624938964844,1176500
2021-08-03,324.9124499998137,325.37864524482404,321.93934465310076,324.9740295410156,872900
2021-08-04,320.6111314225931,321.3763928188642,316.3186023305864,318.104248046875,1608100
2021-08-05,318.8079437284738,319.31810906687076,316.5561294913377,317.3477783203125,912600
2021-08-06,318.68477820695466,319.7051357069108,317.1542553788917,318.4648742675781,704500
2021-08-09,317.2773804289872,318.7903204433228,316.4681222076608,317.5764465332031,945100
2021-08-10,316.82887807884885,319.3533716153351,316.74971586287444,318.632080078125,842100
2021-08-11,318.81677062152283,320.4880353418334,317.5413169213214,319.5644226074219,900100
2021-08-12,318.71120006701625,320.4440443704191,315.6061571810325,316.4418029785156,1005400
2021-08-13,316.8815445638211,317.60283585445836,314.471406222229,314.88482666015625,1222200
2021-08-16,314.88484327030534,317.1102699551584,312.7561614290914,316.8815612792969,1625700
2021-08-17,315.82608561027445,318.88715867825766,315.49185410913475,318.0691223144531,1571000
2021-08-18,316.2218703629392,317.10148613585426,313.6357978430697,313.6709899902344,961000
2021-08-19,312.4659501552036,316.57374116976035,311.0057846131597,311.410400390625,1345700
2021-08-20,312.03490695798826,315.6149497828523,311.0057714825324,314.1723937988281,904300
2021-08-23,314.8496585393029,315.8436286155016,313.5038475376224,314.3306884765625,827800
2021-08-24,315.7556865742108,317.09269293397665,314.8321007165181,315.7820739746094,822600
2021-08-25,316.38897469826696,317.23339825780346,314.89361726406975,315.5621337890625,953500
2021-08-26,315.87001740463427,318.40331502924414,314.2339181705146,318.0866394042969,1172400
2021-08-27,319.5556566287529,320.47043780519755,317.69965318604625,318.4121398925781,1203900
2021-08-30,318.6408081565764,320.14494358566384,318.20100027782337,318.4648742675781,986000
2021-08-31,318.42057748666167,319.7052567636975,317.26881657738926,318.77496337890625,1083900
2021-09-01,317.4460324284802,318.5180857007593,315.88672891610673,315.9930419921875,1116000
2021-09-02,316.12594380009756,317.83587558545463,314.9830241185753,317.22454833984375,2071500
2021-09-03,317.22457018534374,317.41948652400356,315.080517498002,315.4083251953125,893200
2021-09-07,314.2742270091171,314.2742270091171,309.2684549683151,309.3836364746094,2033500
2021-09-08,310.4379794868364,313.26422566182094,309.613999039471,311.3859558105469,1215300
2021-09-09,310.544239412885,311.5985556742468,308.1963754627488,309.1443786621094,1098900
2021-09-10,309.5962496762226,310.16326171085535,306.389012656141,306.4421691894531,1222600
2021-09-13,308.2406906994637,309.45447655423004,303.66903976652566,306.8231201171875,1489200
2021-09-14,308.32044255008697,308.58622521987934,303.4298521605268,305.0777587890625,1325600
2021-09-15,305.485286393159,307.3724243707726,304.6967798191269,305.7245178222656,1149700
2021-09-16,306.0878186555413,306.49536113732796,301.8971312091431,302.5616149902344,1451400
2021-09-17,301.1883345438475,303.722219509065,300.47953567958547,302.10089111328125,2108000
2021-09-20,300.0808782876695,301.80851984930695,297.5912812844855,299.86822509765625,1709800
2021-09-21,300.11631629937773,301.2946827194244,296.8913689644443,297.7330322265625,1317000
2021-09-22,299.5847521338681,304.0678007194233,299.4784120129618,302.7654113769531,1335900
2021-09-23,301.4895570258472,305.4675908582258,301.3300603863415,304.9537353515625,1366200
2021-09-24,309.1798370259544,312.69717182870596,307.88631632629154,309.6671142578125,1693000
2021-09-27,311.98837693504885,316.50684413353963,311.2618683205329,313.0692443847656,1866000
2021-09-28,313.0692489695677,314.79691730340403,310.021508785863,311.9972229003906,1140100
2021-09-29,308.4357094037253,312.37829763217195,305.6360140095602,310.34942626953125,1547700
2021-09-30,311.4479633615704,312.1301569466176,305.5739226680316,305.7511291503906,1054300
2021-10-01,307.70912878616195,309.80889308279495,303.6867796345112,308.14324951171875,960400
2021-10-04,308.045785684828,310.33159771603187,304.51074105313785,306.53961181640625,1127400
2021-10-05,306.5485367709831,310.4911515995335,305.5030887127137,308.0989990234375,889400
2021-10-06,307.4610082386442,310.2164144517315,304.95370187357116,310.08349609375,995700
2021-10-07,310.243051940398,314.0616164809329,310.243051940398,311.6694641113281,1042600
2021-10-08,311.9351386526817,314.66396617658256,310.8010878349046,313.41473388671875,768500
2021-10-11,314.43368614351465,318.358563434555,313.74262416667705,316.3651123046875,996800
2021-10-12,316.27652838625227,319.2888490569346,315.41712839417215,317.2865295410156,840200
2021-10-13,318.6155593397275,321.06973690024824,313.1490875563791,320.5115661621094,1102100
2021-10-14,320.74181767983066,322.6378240027727,319.271090625806,320.7861328125,973300
2021-10-15,322.58465835922794,324.48063759068987,322.0619344814438,323.93133544921875,952700
2021-10-18,322.7884931809409,325.93373267112736,320.6178623599651,323.3821105957031,1014600
2021-10-19,324.7109915831786,328.85736283107747,322.18594845114404,328.7599182128906,1051300
2021-10-20,329.3889602321317,330.08889055124706,327.6347137364185,328.8130798339844,955200
2021-10-21,329.25612770641965,330.70027669548375,325.27809369790054,330.5939636230469,803600
2021-10-22,331.29380339665846,334.0314726377272,329.8053665926049,331.8874206542969,1092000
2021-10-25,333.0480703107266,334.98836474285275,331.89628242139594,333.420166015625,1350300
2021-10-26,308.6128121538658,311.15559260987726,288.82892843131043,294.0650634765625,9439700
2021-10-27,295.03077107648465,298.0696701273028,292.85127204995837,293.2056579589844,2822900
2021-10-28,292.37278648802265,296.678627274469,288.0669457015763,293.60430908203125,2874600
2021-10-29,292.37286837494815,296.2357211728545,291.345130199141,294.4283447265625,1821500
2021-11-01,292.78923491719604,296.093943540931,292.43484902289214,293.19677734375,1865000
2021-11-02,293.6574870981299,294.18021099495036,288.21756793686694,289.1035461425781,2745000
2021-11-03,288.3859603209784,295.1194013612477,287.2607775212707,293.5689392089844,1902600
2021-11-04,293.5245776295984,297.4583231451659,293.5245776295984,297.2456970214844,1847900
2021-11-05,298.5303841183317,301.69330594284594,297.99879175724936,301.1351623535156,2145300
2021-11-08,302.6768925447449,303.90838881674046,299.088662765554,302.8097839355469,1733000
2021-11-09,302.455280417773,303.00458264504016,298.6632943246674,299.6112976074219,1769200
2021-11-10,300.1428441701038,301.8528027536717,299.01766151818686,299.1328430175781,1268700
2021-11-11,298.6987816340889,298.7607795755317,295.2966006608017,297.59130859375,1216500
2021-11-12,297.3519827529725,301.57811583807774,296.82925888836036,300.3997497558594,1097400
2021-11-15,300.8338861322463,302.6944457544932,300.72757307461654,302.0476989746094,1068600
2021-11-16,302.9070984494726,304.4575602926816,301.01996056567276,301.5603942871094,1307500
2021-11-17,300.7719099707282,304.3778209464975,300.7719099707282,302.9956970214844,1751000
2021-11-18,303.64253968235596,303.98805722293775,301.4187250898394,303.07550048828125,1431300
2021-11-19,302.0123076506267,303.89057744756,300.656761841488,302.5084533691406,1426500
2021-11-22,302.76540664217225,307.9572270584189,302.5439120434331,305.64483642578125,1229400
2021-11-23,305.6448115249893,308.4001911306252,305.37016040796163,305.8219909667969,1212700
2021-11-24,305.5385007433865,307.4345075143255,303.93488198826145,304.4044494628906,1134500
2021-11-26,300.60355725504286,304.09431359814766,299.5315041436142,303.6424560546875,1079900
2021-11-29,304.77653787419763,305.3081302664443,300.5238528120481,302.3223876953125,1492300
2021-11-30,301.2236711278788,302.25988511470075,297.49856226701826,297.75762939453125,2763200
2021-12-01,299.25839091657457,300.10704501934254,293.18390313992927,293.38043212890625,2248300
2021-12-02,294.7918063723229,298.28464589497634,293.2999691752688,295.2652587890625,1804100
2021-12-03,295.997750898912,298.7044743254332,295.0955006695351,298.1952819824219,1603200
2021-12-06,301.26828956403114,305.87776466389124,301.26828956403114,303.68914794921875,1946900
2021-12-07,303.7248629489335,305.6097306304852,302.65288193976403,302.9834289550781,1540700
2021-12-08,303.4658384023932,305.85098421433264,302.84945332498006,304.6896667480469,1376900
2021-12-09,303.6712534326956,308.2896424992291,302.17941644026354,306.9407653808594,1591500
2021-12-10,308.94179701084647,310.1924234125468,307.83410323528494,308.084228515625,1180700
2021-12-13,307.6553486937867,309.7992829916131,305.0737020873518,308.6826477050781,1740700
2021-12-14,307.0748173307062,311.2286966800934,307.0748173307062,308.76318359375,1786000
2021-12-15,308.53978901237633,308.7631161034377,303.72484384352055,307.67327880859375,1208900
2021-12-16,308.7899843262756,310.83564131618635,307.0033671924129,308.04852294921875,1185900
2021-12-17,308.68272819729793,310.12096899742505,306.3333498415507,307.4231872558594,2749500
2021-12-20,304.6181676086247,304.7878983873412,297.84690186040905,301.4201354980469,2315400
2021-12-21,302.62610277353997,306.7442690262947,302.5189101182164,304.4127197265625,2352400
2021-12-22,304.761085810259,307.6107416824145,304.6449513606714,306.52984619140625,1311400
2021-12-23,307.1015393182419,311.1571668056298,307.1015393182419,309.995849609375,1061200
2021-12-27,310.0673365015702,313.3815028763659,309.9780002134523,312.9080505371094,965900
2021-12-28,312.71156307622107,317.27638356678796,312.2202543188321,316.00787353515625,827500
2021-12-29,315.730947557417,317.5711608231709,315.06096620546936,316.4723815917969,771700
2021-12-30,317.12446689393306,319.6525175504027,315.7934461650504,315.85595703125,778500
2021-12-31,315.4897206840861,318.964675975446,314.05148007038787,317.49072265625,887200
2022-01-03,316.92,318.62,315.44,316.63,120561400
2022-01-04,317.68,324.83,317.39,323.45,136108500
2022-01-05,324.35,325.25,319.77,320.01,168176100
2022-01-06,321.67,322.78,319.48,319.88,136880400
2022-01-07,320.85,324.34,320.02,321.8,163424600
2022-01-10,324.35,330.12,322.93,324.57,238950800
2022-01-11,325.25,326.17,322.81,325.37,112795900
2022-01-12,324.69,327.18,321.18,322.83,146282600
2022-01-13,323.51,328.25,321.78,326.3,124360500
2022-01-14,326.3,333.28,325.22,332.95,216498300
2022-01-18,331.01,337.18,329.59,336.45,247146200
2022-01-19,335.52,340.84,334.34,337.16,333501100
2022-01-20,336.87,340.57,334.19,335.19,210856700
2022-01-21,334.18,336.95,330.32,331.68,279351400
2022-01-24,330.2,334.66,326.44,333.58,302189400
2022-01-25,337.62,346.69,331.3,345.95,318026000
2022-01-26,346.69,351.72,342.85,349.58,363962000
2022-01-27,347.93,353.48,343.78,347.65,256615700
2022-01-28,347.67,351.45,343.81,351.29,214505700
2022-01-31,348.92,349.36,343.72,347.7,236337300
2022-02-01,348.67,348.93,345.09,345.81,195103600
2022-02-02,345.0,347.0,344.02,346.1,161970800
2022-02-03,346.85,350.42,345.25,348.21,164738600
2022-02-04,346.69,351.01,344.3,347.88,164522600
2022-02-07,350.26,353.46,346.96,350.57,124274500
2022-02-08,353.55,354.59,349.01,353.87,131090700
2022-02-09,353.39,355.29,351.77,352.53,154128200
2022-02-10,351.19,353.53,343.05,344.39,229917000
2022-02-11,345.58,356.38,344.32,354.01,327155300
2022-02-14,352.03,353.41,342.93,345.77,279972500
2022-02-15,341.25,346.06,338.04,341.52,241822700
2022-02-16,342.09,347.32,341.33,345.71,177605300
2022-02-17,345.01,349.99,344.7,347.38,124873800
2022-02-18,347.71,349.44,344.64,345.31,145994900
2022-02-22,349.61,351.53,344.07,345.08,167986600
2022-02-23,347.74,348.73,343.56,347.49,183718800
2022-02-24,355.83,356.5,346.17,353.58,413972100
2022-02-25,353.15,370.32,353.14,365.89,337240900
2022-02-28,372.28,390.36,372.0,390.27,580203600
2022-03-01,391.35,412.52,391.35,410.79,571452000
2022-03-02,400.68,406.25,386.2,404.84,500091600
2022-03-03,400.09,410.15,393.54,402.88,460347100
2022-03-04,404.89,416.23,398.61,412.17,332279200
2022-03-07,416.55,431.82,416.54,419.37,521014800
2022-03-08,417.24,421.04,403.37,403.93,4133678
2022-03-09,393.6,410.01,389.04,403.69,3477455
2022-03-10,405.41,411.1,397.86,399.77,3049605
2022-03-11,397.64,403.66,394.6,394.98,2649146
2022-03-14,404.34,404.64,395.13,399.85,2475664
2022-03-15,400.12,405.22,396.1,403.64,1778690
2022-03-16,391.39,393.05,370.08,379.06,5815501
2022-03-17,384.2,388.45,382.17,385.58,2947717
2022-03-18,391.05,393.59,379.38,383.41,5215744
2022-03-21,388.31,402.98,388.31,395.85,3245174
2022-03-22,395.35,399.3,390.62,396.38,2113816
2022-03-23,399.44,402.59,397.96,400.57,1715074
2022-03-24,400.61,406.19,398.75,404.6,1375374
2022-03-25,404.87,411.62,404.84,408.13,1646550
2022-03-28,404.23,405.25,398.82,400.32,1676187
2022-03-29,389.77,394.15,386.24,393.28,2451105
2022-03-30,395.23,402.2,395.22,401.2,1719608
2022-03-31,397.61,403.82,396.75,397.11,1660687
2022-04-01,397.84,403.93,394.78,401.23,1174396
2022-04-04,402.57,403.04,395.44,399.45,1166477
2022-04-05,400.34,409.17,398.89,402.36,2240156
2022-04-06,401.58,411.64,401.58,408.96,1941375
2022-04-07,407.54,420.5,405.55,418.8,2032701
2022-04-08,420.78,424.26,413.49,415.21,1710860
2022-04-11,417.25,426.84,415.81,417.66,1911179
2022-04-12,419.42,424.4,415.08,420.63,1502527
2022-04-13,423.73,426.98,419.46,422.11,1212375
2022-04-14,424.55,426.19,419.27,420.73,1965159
2022-04-18,420.14,424.61,413.04,420.53,1638891
2022-04-19,416.08,427.78,412.43,413.75,2044006
2022-04-20,413.73,415.06,407.34,408.32,1636172
2022-04-21,409.34,410.19,394.81,395.43,1937573
2022-04-22,396.65,405.65,394.4,401.05,1451796
2022-04-25,398.54,400.18,389.79,398.44,1499844
2022-04-26,402.18,406.93,398.71,401.32,1440435
2022-04-27,401.45,406.64,395.19,400.32,1017592
2022-04-28,403.94,403.94,393.61,397.38,1349467
2022-04-29,399.83,400.35,387.19,388.76,1479532
2022-05-02,386.49,393.59,383.38,387.58,1397135
2022-05-03,390.79,393.69,387.71,391.14,1331984
2022-05-04,393.17,401.23,391.25,401.01,1172615
2022-05-05,401.01,402.57,394.6,398.68,1183765
2022-05-06,397.22,404.46,395.76,404.33,1409797
2022-05-09,402.17,403.74,393.25,394.8,1354467
2022-05-10,395.79,401.69,393.6,395.06,978706
2022-05-11,393.6,400.33,392.8,396.21,1018188
2022-05-12,395.18,397.03,385.36,390.98,1390225
2022-05-13,391.67,393.79,385.95,391.5,1114755
2022-05-16,391.35,396.18,388.79,393.64,1004671
2022-05-17,395.67,397.84,387.98,396.75,798112
2022-05-18,396.75,397.71,389.64,390.74,986895
2022-05-19,387.61,389.54,377.21,382.91,1539795
2022-05-20,385.05,385.05,375.41,381.59,1632492
2022-05-23,384.55,391.93,384.55,389.57,1038386
2022-05-24,389.55,398.82,389.55,398.35,1034278
2022-05-25,398.98,403.61,397.01,402.63,1032343
2022-05-26,404.84,408.49,402.83,403.03,1143164
2022-05-27,405.87,406.16,399.86,405.35,1265926
2022-05-31,401.03,402.84,396.88,398.41,2539099
2022-06-01,401.06,401.8,395.14,397.68,1199127
2022-06-02,399.91,400.61,389.66,399.32,1209973
2022-06-03,398.31,404.27,397.55,400.75,928107
2022-06-06,401.77,403.75,399.73,401.4,689983
2022-06-07,400.13,413.41,399.58,413.07,1126120
2022-06-08,409.18,411.57,400.95,401.4,1151604
2022-06-09,401.41,401.53,391.52,391.73,995196
2022-06-10,390.17,393.2,385.42,389.43,1166079
2022-06-13,384.19,387.78,381.59,383.77,1483046
2022-06-14,383.84,383.98,372.16,376.74,1498032
2022-06-15,378.0,379.3,370.13,374.87,1241740
2022-06-16,371.55,373.77,364.84,366.44,1580297
2022-06-17,365.34,366.99,357.27,365.74,3757111
2022-06-21,372.97,380.66,370.26,379.27,1474357
2022-06-22,374.83,380.59,372.78,376.09,1073621
2022-06-23,376.02,376.83,368.6,371.72,988848
2022-06-24,376.44,379.74,371.77,379.34,1767980
2022-06-27,379.34,383.1,377.92,379.53,779026
2022-06-28,382.93,387.05,379.62,380.85,953621
2022-06-29,382.98,384.2,376.98,379.2,733833
2022-06-30,378.54,389.55,377.38,389.23,1269511
2022-07-01,389.03,393.75,384.26,392.45,1296938
2022-07-05,384.55,385.43,368.63,375.91,1713202
2022-07-06,377.4,387.32,375.94,385.54,1044956
2022-07-07,384.26,387.45,379.8,382.19,1177278
2022-07-08,385.23,386.52,380.18,380.53,681978
2022-07-11,378.31,382.93,376.03,379.37,602659
2022-07-12,379.73,380.11,373.51,374.77,680454
2022-07-13,370.35,378.19,369.1,369.35,1155525
2022-07-14,364.99,366.97,359.86,362.38,1160735
2022-07-15,365.46,365.46,360.12,360.64,1223234
2022-07-18,362.08,362.1,350.36,350.59,2759730
2022-07-19,342.93,353.57,338.27,353.4,3023792
2022-07-20,353.65,359.82,349.13,357.78,1560459
2022-07-21,356.96,358.08,352.73,357.76,941017
2022-07-22,362.06,363.89,356.18,357.34,769437
2022-07-25,357.01,365.48,356.34,361.92,1038252
2022-07-26,362.27,364.8,359.0,359.22,992431
2022-07-27,360.1,361.43,356.67,360.78,838642
2022-07-28,361.33,368.23,358.61,367.61,1014819
2022-07-29,367.98,374.91,363.92,374.61,1493633
2022-08-01,378.62,387.9,377.17,379.56,1721893
2022-08-02,384.75,391.83,379.39,388.16,2453931
2022-08-03,386.79,390.86,379.88,388.63,1330652
2022-08-04,389.9,393.47,386.45,387.57,1126420
2022-08-05,384.97,387.31,379.78,386.01,932609
2022-08-08,387.0,388.69,381.73,383.7,815818
2022-08-09,386.5,390.96,385.37,387.95,747479
2022-08-10,389.33,391.3,385.95,389.25,1409345
2022-08-11,388.57,391.52,386.73,388.22,949367
2022-08-12,388.27,393.15,386.72,393.1,978009
2022-08-15,391.69,398.29,389.14,396.51,885044
2022-08-16,395.53,402.84,395.53,398.46,851050
2022-08-17,394.81,403.29,393.79,399.75,996600
2022-08-18,400.04,402.46,395.48,397.73,866540
2022-08-19,396.94,399.15,394.73,398.34,1013644
2022-08-22,396.97,399.8,390.93,391.37,1086763
2022-08-23,391.92,393.54,389.53,392.09,915242
2022-08-24,392.87,394.2,390.11,392.62,740243
2022-08-25,392.62,397.26,391.46,397.08,727686
2022-08-26,398.68,400.83,390.11,390.29,876348
2022-08-29,387.14,392.79,386.08,388.97,868264
2022-08-30,388.75,389.6,383.84,384.84,976123
2022-08-31,384.89,387.06,382.75,382.84,909298
2022-09-01,381.13,386.0,380.73,385.11,948908
2022-09-02,387.28,387.92,380.5,381.43,869980
2022-09-06,381.83,385.71,378.89,380.71,962529
2022-09-07,378.5,383.56,375.68,382.86,1255723
2022-09-08,382.34,383.71,377.97,382.42,1112677
2022-09-09,383.36,386.03,381.84,384.13,1284687
2022-09-12,383.65,384.09,380.46,381.5,1349659
2022-09-13,380.29,383.46,371.22,373.01,1621432
2022-09-14,373.8,381.28,372.07,379.67,1004293
2022-09-15,378.02,378.02,374.29,376.89,1189166
2022-09-16,374.76,378.88,373.63,377.53,2023341
2022-09-19,377.27,380.58,376.11,379.56,695575
2022-09-20,379.09,384.02,375.75,383.26,1112250
2022-09-21,390.02,395.3,382.76,382.92,2106395
2022-09-22,382.58,387.04,376.36,384.63,1409886
2022-09-23,382.54,382.75,371.42,376.42,1874579
2022-09-26,375.16,375.64,370.44,371.48,1208273
2022-09-27,372.89,373.91,363.02,364.27,1052147
2022-09-28,361.96,366.42,356.4,364.51,1161708
2022-09-29,363.58,363.97,351.65,355.21,1127761
2022-09-30,347.77,355.31,347.7,352.02,1343719
2022-10-03,355.16,367.09,354.56,364.27,1273772
2022-10-04,367.34,371.65,364.36,370.08,1060128
2022-10-05,370.08,371.49,365.22,366.8,828365
2022-10-06,365.99,367.79,362.76,364.15,746670
2022-10-07,363.2,368.77,360.87,368.12,1124719
2022-10-10,371.43,381.49,370.11,373.61,1112472
2022-10-11,369.67,379.24,369.67,374.59,1013559
2022-10-12,370.82,372.62,361.9,362.16,921846
2022-10-13,358.13,370.94,356.51,369.94,1012657
2022-10-14,368.46,369.41,353.67,354.86,1370491
2022-10-17,358.13,365.07,357.36,362.06,1617203
2022-10-18,367.38,396.87,365.91,393.52,4588540
2022-10-19,395.47,407.86,392.17,400.93,2623664
2022-10-20,400.62,405.8,399.09,404.92,1781303
2022-10-21,404.35,414.35,401.1,414.27,1620175
2022-10-24,418.35,424.82,415.14,416.87,2013669
2022-10-25,413.76,422.41,412.07,419.32,1536954
2022-10-26,421.16,428.88,419.61,421.52,1554812
2022-10-27,423.36,432.11,423.2,430.06,1513809
2022-10-28,431.94,447.56,430.39,441.85,2045544
2022-10-31,437.82,444.91,436.89,443.5,1288421
2022-11-01,442.91,447.58,440.94,442.54,1229929
2022-11-02,441.55,445.5,438.78,439.29,1292138
2022-11-03,437.2,446.5,436.09,441.8,1291110
2022-11-04,442.11,443.33,430.64,438.93,1447171
2022-11-07,439.67,446.49,438.29,445.28,944759
2022-11-08,445.5,450.77,443.64,450.28,1220973
2022-11-09,446.3,448.75,441.28,442.13,1383237
2022-11-10,444.94,447.64,437.14,447.23,1601072
2022-11-11,438.09,440.9,421.56,422.7,3061838
2022-11-14,425.88,430.1,418.61,421.05,2286803
2022-11-15,424.51,432.85,417.41,425.79,3272823
2022-11-16,423.96,427.63,420.63,424.87,1022748
2022-11-17,423.74,432.65,423.07,430.82,1403073
2022-11-18,431.61,438.2,430.82,434.51,2160399
2022-11-21,436.04,441.02,435.8,438.27,1730774
2022-11-22,440.12,441.29,436.76,436.96,838407
2022-11-23,437.21,440.14,436.25,438.39,1020415
2022-11-25,441.33,441.51,438.71,440.56,321504
2022-11-28,437.51,442.19,437.41,440.34,939150
2022-11-29,440.24,442.06,439.0,441.15,802623
2022-11-30,440.14,445.6,438.06,444.9,1469962
2022-12-01,446.12,447.48,440.75,443.52,913652
2022-12-02,441.8,457.52,441.8,455.02,1744461
2022-12-05,450.11,453.88,447.77,449.93,1357208
2022-12-06,450.52,450.52,442.16,443.81,1076620
2022-12-07,444.08,448.61,440.58,441.24,999948
2022-12-08,444.96,448.22,441.56,445.07,762292
2022-12-09,445.31,449.64,443.08,443.42,856508
2022-12-12,444.68,446.71,442.43,445.94,1129195
2022-12-13,449.31,449.65,438.92,440.34,1731061
2022-12-14,441.23,447.72,440.27,444.9,1071788
2022-12-15,441.06,444.82,435.67,439.03,1067653
2022-12-16,436.13,442.53,434.34,441.78,2590742
2022-12-19,441.77,447.46,440.08,441.78,929944
2022-12-20,442.78,450.64,441.81,445.78,1014530
2022-12-21,447.37,449.83,445.36,447.16,988276
2022-12-22,446.1,446.39,434.59,439.5,1520980
2022-12-23,439.68,443.97,438.64,443.16,661647
2022-12-27,444.73,448.61,443.35,445.18,788966
2022-12-28,445.78,448.39,442.8,443.09,810358
2022-12-29,443.81,448.92,443.17,446.61,764234
2022-12-30,447.48,449.14,441.28,446.09,910037
2023-01-03,443.25,444.04,434.65,437.88,1657329
2023-01-04,433.95,439.87,430.33,436.93,1391458
2023-01-05,436.19,438.44,430.88,437.45,1210096
2023-01-06,440.14,447.48,427.09,433.94,1969440
2023-01-09,428.94,431.7,417.49,420.88,2376959
2023-01-10,423.8,426.82,418.96,423.9,1003543
2023-01-11,424.89,426.89,422.75,424.55,1056366
2023-01-12,424.54,427.19,421.06,423.4,936688
2023-01-13,409.42,416.03,407.81,412.48,2208772
2023-01-17,412.91,415.84,409.58,410.03,1753149
2023-01-18,410.03,411.01,404.06,404.63,1645124
2023-01-19,405.99,408.89,402.57,402.83,1470078
2023-01-20,404.69,406.53,401.28,406.47,1409967
2023-01-23,406.31,409.73,404.25,404.64,1739634
2023-01-24,405.45,413.51,401.34,411.93,2865003
2023-01-25,410.8,417.96,407.9,416.45,2352520
2023-01-26,417.54,425.25,415.23,421.63,2169006
2023-01-27,422.59,427.93,419.46,421.44,1587800
2023-01-30,423.64,427.94,421.71,422.34,1641993
2023-01-31,423.89,424.99,420.89,424.79,2062014
2023-02-01,424.1,426.64,421.62,423.87,1242598
2023-02-02,420.31,422.2,416.23,419.23,2104724
2023-02-03,421.13,424.19,417.16,420.96,1303069
2023-02-06,425.08,430.76,424.32,430.15,1393473
2023-02-07,433.31,433.71,424.69,429.44,1334786
2023-02-08,426.36,432.24,424.85,430.65,865028
2023-02-09,433.2,434.95,429.32,431.05,799047
2023-02-10,433.15,441.85,433.15,440.9,1436296
2023-02-13,444.9,448.85,440.23,441.95,1203050
2023-02-14,442.39,444.73,439.83,441.59,875679
2023-02-15,440.9,444.04,437.76,440.61,927174
2023-02-16,437.39,437.92,427.39,432.12,1939493
2023-02-17,432.61,436.16,431.74,436.13,1184204
2023-02-21,440.61,442.34,435.74,439.4,1379425
2023-02-22,439.05,441.67,437.82,439.71,900548
2023-02-23,440.14,442.97,436.04,439.3,917415
2023-02-24,439.65,441.79,437.67,440.51,1009522
2023-02-27,440.63,443.9,437.56,439.67,1149228
2023-02-28,440.2,441.57,435.38,437.63,1155631
2023-03-01,436.72,440.37,434.89,437.7,957722
2023-03-02,436.45,442.17,436.44,441.37,835810
2023-03-03,441.92,442.51,439.59,440.99,1060540
2023-03-06,440.0,444.59,440.0,443.09,905744
2023-03-07,444.32,447.63,441.09,441.69,1137895
2023-03-08,443.89,449.98,439.9,442.47,1253138
2023-03-09,445.7,445.94,437.96,439.1,1035072
2023-03-10,438.97,445.05,437.78,438.78,1335057
2023-03-13,435.43,441.92,434.44,440.47,1701202
2023-03-14,443.2,444.1,438.2,441.89,1761423
2023-03-15,438.32,438.44,428.69,436.76,2273507
2023-03-16,434.57,441.13,431.62,436.69,1633150
2023-03-17,437.51,438.24,427.51,429.89,6525176
2023-03-20,432.06,440.87,429.28,438.96,1515475
2023-03-21,441.89,442.24,434.9,438.1,1069059
2023-03-22,438.72,439.95,432.15,432.69,1261876
2023-03-23,432.44,434.58,430.47,431.77,1168501
2023-03-24,431.77,438.94,431.07,437.89,1126060
2023-03-27,440.26,440.68,435.93,436.83,1273024
2023-03-28,437.39,438.88,434.77,435.03,1076126
2023-03-29,434.87,437.67,434.33,437.57,1146490
2023-03-30,437.89,439.06,435.3,436.64,950392
2023-03-31,437.57,438.64,434.65,436.22,1409664
2023-04-03,436.47,450.22,436.24,449.04,1656866
2023-04-04,448.09,452.74,447.31,450.81,1081320
2023-04-05,450.31,455.69,449.42,452.15,1305943
2023-04-06,453.52,458.6,451.25,452.32,1093500
2023-04-10,453.79,459.93,453.79,458.39,1024500
2023-04-11,458.05,458.39,449.4,450.17,1224239
2023-04-12,445.51,453.31,444.49,450.41,1105640
2023-04-13,449.23,455.4,448.45,454.13,909542
2023-04-14,452.1,453.54,447.65,450.31,843217
2023-04-17,448.99,454.25,448.99,451.83,1287772
2023-04-18,460.46,468.86,459.54,462.69,2561788
2023-04-19,463.23,464.46,455.74,456.92,962227
2023-04-20,457.54,457.54,451.29,452.71,839984
2023-04-21,453.3,453.34,443.49,445.29,1382714
2023-04-24,445.14,446.19,441.75,443.78,955282
2023-04-25,443.58,443.78,438.83,438.85,839245
2023-04-26,437.35,437.35,424.11,425.97,1571857
2023-04-27,426.18,430.32,425.54,429.09,1491502
2023-04-28,428.92,430.16,426.69,428.58,1040270
2023-05-01,429.13,434.7,428.68,433.18,1524523
2023-05-02,432.21,432.35,421.94,423.45,1105493
2023-05-03,422.81,423.99,417.73,418.08,1116729
2023-05-04,418.63,418.98,411.75,417.03,962887
2023-05-05,417.73,421.8,417.17,420.36,930634
2023-05-08,421.24,422.91,415.31,416.13,808318
2023-05-09,417.92,418.86,415.34,417.13,623917
2023-05-10,417.84,418.28,414.06,418.15,851078
2023-05-11,415.78,417.3,413.9,415.88,645427
2023-05-12,417.83,418.82,413.22,415.98,696606
2023-05-15,415.98,418.34,414.71,417.02,668310
2023-05-16,417.18,417.5,413.09,413.15,569703
2023-05-17,415.25,423.01,415.19,421.99,1101942
2023-05-18,420.24,421.47,414.69,420.55,1456533
2023-05-19,421.74,422.88,417.89,419.39,804256
2023-05-22,418.94,422.05,416.72,419.6,628089
2023-05-23,417.19,421.15,415.25,417.68,1027289
2023-05-24,418.24,421.47,416.34,417.76,858759
2023-05-25,416.63,416.63,405.74,408.63,1205011
2023-05-26,408.66,416.88,407.96,413.82,1135533
2023-05-30,413.48,414.37,409.93,413.38,1163307
2023-05-31,413.05,414.27,411.55,412.48,1673655
2023-06-01,413.96,418.77,411.94,417.74,878675
2023-06-02,420.02,423.96,418.57,422.22,894658
2023-06-05,423.75,424.33,420.35,422.41,807333
2023-06-06,424.11,426.73,422.13,426.07,816865
2023-06-07,425.59,430.82,422.7,428.96,893317
2023-06-08,429.36,433.3,428.69,431.21,863512
2023-06-09,432.35,432.35,427.7,429.84,713249
2023-06-12,429.93,430.0,425.65,427.22,954660
2023-06-13,423.63,424.52,414.23,420.25,1486493
2023-06-14,419.36,421.23,416.72,420.42,945891
2023-06-15,421.76,425.95,421.69,423.58,892547
2023-06-16,425.23,428.98,424.18,426.57,1642807
2023-06-20,426.86,429.1,425.0,425.83,775250
2023-06-21,428.32,434.0,425.49,432.95,907074
2023-06-22,432.47,432.96,428.73,430.53,688681
2023-06-23,430.61,432.37,425.6,426.75,1348206
2023-06-26,423.57,423.77,414.96,420.65,997176
2023-06-27,420.64,423.28,420.3,420.98,671166
2023-06-28,421.38,421.54,415.69,417.73,848995
2023-06-29,417.98,425.05,416.92,424.96,684263
2023-06-30,426.63,429.82,424.36,427.69,982764
2023-07-03,427.34,430.43,425.06,429.74,385446
2023-07-05,428.8,430.45,426.35,429.9,625509
2023-07-06,430.13,430.13,426.73,428.86,675968
2023-07-07,427.34,429.1,425.57,426.14,642167
2023-07-10,425.95,429.75,425.53,427.69,718374
2023-07-11,428.52,433.94,427.14,433.18,709253
2023-07-12,434.03,434.05,428.38,429.16,1067254
2023-07-13,428.27,434.25,427.65,433.27,821864
2023-07-14,432.91,433.4,429.53,431.34,933202
2023-07-17,433.18,440.34,432.56,436.6,1890261
2023-07-18,440.69,445.45,422.02,423.34,3122613
2023-07-19,424.55,426.67,416.29,419.45,2141500
2023-07-20,420.49,425.67,419.91,423.63,1354029
2023-07-21,422.52,424.5,421.16,422.47,934414
2023-07-24,423.62,425.44,421.8,424.37,892432
2023-07-25,420.31,422.47,415.65,421.9,1207812
2023-07-26,422.07,424.6,419.79,420.66,1322292
2023-07-27,419.44,420.3,413.7,416.79,1603778
2023-07-28,416.19,418.65,414.79,417.12,1163175
2023-07-31,417.78,417.78,413.06,414.68,1806448
2023-08-01,415.29,420.95,415.17,419.24,1048012
2023-08-02,419.24,420.96,416.11,416.71,905975
2023-08-03,415.56,418.24,414.31,416.12,1240780
2023-08-04,416.73,418.32,413.69,414.07,846951
2023-08-07,415.56,418.49,414.59,417.85,746803
2023-08-08,417.12,418.52,415.79,417.56,791637
2023-08-09,418.12,421.81,418.04,420.66,1211810
2023-08-10,419.91,421.74,417.36,418.1,688916
2023-08-11,419.14,421.85,418.53,421.81,690706
2023-08-14,422.31,423.26,417.73,418.12,752307
2023-08-15,416.19,418.05,411.81,412.08,725274
2023-08-16,411.42,415.29,410.9,413.52,821965
2023-08-17,414.93,418.25,414.74,414.96,635778
2023-08-18,413.79,423.04,413.76,418.11,1075714
2023-08-21,417.9,420.86,417.12,419.43,573502
2023-08-22,419.67,421.66,418.48,420.78,671893
2023-08-23,422.3,422.59,419.99,422.3,1043311
2023-08-24,421.08,425.18,420.32,420.42,697790
2023-08-25,422.94,422.94,417.18,419.06,785305
2023-08-28,418.8,421.14,418.3,420.2,641013
2023-08-29,420.2,421.08,412.93,416.56,1053749
2023-08-30,417.53,423.55,416.65,420.29,876092
2023-08-31,421.59,424.21,419.09,419.28,826499
2023-09-01,421.13,422.59,418.75,419.13,668746
2023-09-05,418.96,419.26,416.2,416.33,854110
2023-09-06,411.7,412.73,396.19,396.46,2547965
2023-09-07,396.51,400.05,394.64,398.33,1195778
2023-09-08,398.69,398.79,394.88,395.66,1162522
2023-09-11,394.85,395.32,389.52,393.39,1618480
2023-09-12,392.34,392.87,388.98,390.74,1307739
2023-09-13,392.6,394.88,391.44,393.7,971568
2023-09-14,393.45,399.0,393.45,398.28,992409
2023-09-15,396.43,401.08,396.24,396.56,1681583
2023-09-18,399.94,403.48,398.94,401.99,951207
2023-09-19,402.36,403.13,397.5,397.74,862437
2023-09-20,399.27,402.92,399.01,399.27,1044263
2023-09-21,398.13,398.95,390.14,390.47,1669759
2023-09-22,388.98,390.43,386.44,386.83,1453371
2023-09-25,386.44,387.11,384.83,386.13,748376
2023-09-26,384.01,384.61,381.32,382.25,1107966
2023-09-27,382.65,383.42,379.42,382.22,1317558
2023-09-28,383.33,386.09,382.32,384.32,819809
2023-09-29,384.32,384.78,381.17,382.45,764063
2023-10-02,382.45,384.35,379.58,381.38,733257
2023-10-03,380.98,381.08,376.49,377.65,899181
2023-10-04,374.69,375.94,371.37,375.31,1243459
2023-10-05,374.97,375.4,369.04,371.59,1162794
2023-10-06,369.77,376.33,368.24,374.75,1135594
2023-10-09,400.93,408.3,395.94,408.23,5343747
2023-10-10,412.9,413.93,404.49,406.89,2626166
2023-10-11,406.54,410.35,405.21,408.34,1419534
2023-10-12,409.65,410.62,402.23,406.0,1122110
2023-10-13,410.1,414.39,406.49,412.47,1520907
2023-10-16,410.93,414.75,406.23,411.86,1931317
2023-10-17,408.26,423.44,406.92,412.53,3103947
2023-10-18,414.57,418.85,411.73,417.15,2024122
2023-10-19,414.9,420.52,413.52,420.06,2012401
2023-10-20,422.11,423.26,415.23,415.38,1715061
2023-10-23,415.41,422.75,414.74,417.24,1502365
2023-10-24,420.01,421.4,411.79,412.32,1367136
2023-10-25,415.53,420.25,414.92,418.67,1228868
2023-10-26,418.97,421.85,414.92,417.06,1432131
2023-10-27,414.67,418.64,411.7,414.64,1288605
2023-10-30,415.61,417.89,414.09,416.94,948802
2023-10-31,418.3,425.62,416.53,425.17,1418804
2023-11-01,426.75,427.09,422.19,423.05,1267032
2023-11-02,421.53,428.51,421.53,428.35,1242239
2023-11-03,425.61,428.08,421.88,423.95,1365625
2023-11-06,425.35,425.35,421.43,421.91,1440995
2023-11-07,423.78,423.78,420.54,420.97,1220143
2023-11-08,420.97,422.48,415.24,415.83,1386408
2023-11-09,416.53,416.72,411.18,413.77,1775623
2023-11-10,415.23,416.93,412.38,416.03,1525619
2023-11-13,416.15,419.49,414.55,416.18,1003947
2023-11-14,414.28,417.77,413.21,415.42,1336811
2023-11-15,414.72,418.97,414.72,416.28,1098462
2023-11-16,416.9,418.65,414.8,416.7,912979
2023-11-17,417.68,418.24,415.42,415.85,898624
2023-11-20,415.24,416.7,412.19,415.04,982113
2023-11-21,416.15,419.49,415.37,419.1,1177877
2023-11-22,418.49,422.42,418.49,421.2,833765
2023-11-24,422.41,423.25,420.58,422.71,326644
2023-11-27,422.57,423.47,416.55,416.61,1497004
2023-11-28,418.82,421.65,417.09,419.21,1124950
2023-11-29,420.4,420.4,415.13,416.16,1272912
2023-11-30,417.24,421.82,416.78,421.74,1514694
2023-12-01,422.33,424.46,422.09,423.28,856928
2023-12-04,421.36,424.74,420.17,424.49,1265775
2023-12-05,424.11,424.44,419.97,420.29,1055774
2023-12-06,419.6,424.25,419.6,423.28,864227
2023-12-07,424.23,425.14,420.34,421.11,861191
2023-12-08,422.49,424.33,421.44,421.97,761176
2023-12-11,425.61,426.91,423.37,425.02,1021581
2023-12-12,425.42,427.37,424.18,425.37,1008242
2023-12-13,426.61,427.78,424.31,425.19,1300265
2023-12-14,424.32,424.65,415.77,419.38,1891203
2023-12-15,415.36,418.7,413.2,416.12,3973469
2023-12-18,416.97,421.25,416.56,420.93,1197385
2023-12-19,421.65,422.51,420.21,421.75,695031
2023-12-20,421.99,422.47,416.84,416.87,1306864
2023-12-21,418.41,422.05,418.39,421.97,637239
2023-12-22,423.84,425.48,422.06,422.16,623775
2023-12-26,422.09,425.19,421.78,424.0,516985
2023-12-27,422.47,424.8,422.34,422.87,699955
2023-12-28,422.87,425.56,422.38,424.99,741854
2023-12-29,425.72,427.13,424.92,426.89,832537
2024-01-02,427.89,435.19,427.89,429.6,1206678
2024-01-03,432.12,437.12,431.19,432.43,1174302
2024-01-04,435.43,436.98,431.15,431.25,1087809
2024-01-05,433.29,433.36,426.92,429.96,705324
2024-01-08,427.99,432.02,427.16,431.94,716216
2024-01-09,431.89,431.94,426.92,429.76,733045
2024-01-10,429.68,432.93,428.34,428.92,666085
2024-01-11,430.01,431.18,423.23,426.78,784784
2024-01-12,430.78,436.44,429.99,436.25,966475
2024-01-16,439.16,439.16,429.83,431.22,814920
2024-01-17,431.06,435.88,428.62,429.93,920830
2024-01-18,429.58,433.24,427.17,432.85,780470
2024-01-19,433.78,434.06,429.45,431.14,866575
2024-01-22,430.98,434.04,428.96,432.09,1216791
2024-01-23,431.93,432.31,408.66,414.11,3613453
2024-01-24,413.96,417.43,406.46,406.55,1768872
2024-01-25,405.0,408.71,401.0,405.98,1813860
2024-01-26,406.85,408.22,401.9,404.91,1260544
2024-01-29,405.94,406.91,400.83,403.12,1903320
2024-01-30,406.19,406.74,402.91,406.58,1016375
2024-01-31,407.21,408.5,404.11,404.44,1120062
2024-02-01,405.21,406.67,401.89,404.78,1175196
2024-02-02,403.25,403.96,399.7,401.2,973880
2024-02-05,399.35,399.7,395.42,397.18,1379621
2024-02-06,397.44,404.08,395.92,402.13,1065843
2024-02-07,401.74,405.27,401.74,405.09,980872
2024-02-08,404.4,404.76,400.98,402.17,972223
2024-02-09,402.67,402.8,399.79,401.7,1038785
2024-02-12,401.94,405.52,401.23,403.18,1007277
2024-02-13,404.38,406.79,398.63,401.72,1089533
2024-02-14,402.81,403.59,389.85,393.88,2503797
2024-02-15,394.24,398.74,394.24,398.52,1136780
2024-02-16,398.52,400.44,397.97,399.41,805983
2024-02-20,400.47,403.39,399.13,399.6,1364125
2024-02-21,401.43,403.32,399.7,402.69,970022
2024-02-22,400.37,404.51,399.19,403.95,1236978
2024-02-23,403.93,406.35,403.3,406.05,842229
2024-02-26,406.41,407.31,401.98,404.23,980642
2024-02-27,403.75,406.16,401.7,405.4,886991
2024-02-28,406.77,409.73,405.79,407.33,1029529
2024-02-29,407.34,408.69,405.66,406.31,1503319
2024-03-01,405.98,406.94,402.28,404.62,1059046
2024-03-04,406.62,411.66,405.08,409.82,1271868
2024-03-05,411.52,413.68,407.75,409.86,1038169
2024-03-06,409.86,411.59,408.85,411.28,775393
2024-03-07,411.77,413.27,407.48,407.97,1086001
2024-03-08,406.55,410.8,405.67,410.73,763168
2024-03-11,412.07,413.68,410.44,412.48,950995
2024-03-12,410.75,413.46,410.21,412.63,825086
2024-03-13,413.39,415.37,411.52,412.34,987112
2024-03-14,414.01,415.2,411.11,413.45,1153598
2024-03-15,410.96,415.77,410.96,413.5,5151336
2024-03-18,413.5,413.75,409.57,411.01,965427
2024-03-19,412.96,414.89,411.75,414.8,898856
2024-03-20,414.65,418.38,414.2,417.85,844995
2024-03-21,418.75,421.15,416.83,420.46,912244
2024-03-22,421.73,423.39,420.95,423.04,1008295
2024-03-25,424.92,425.58,422.03,423.45,775124
2024-03-26,423.63,425.64,423.02,423.15,766716
2024-03-27,424.94,433.7,424.92,433.38,1277694
2024-03-28,433.4,433.7,430.7,431.57,1119541
2024-04-01,430.88,432.04,428.11,429.6,717234
2024-04-02,430.4,432.35,429.38,430.03,837966
2024-04-03,429.72,430.89,424.67,424.96,758767
2024-04-04,427.2,432.63,424.25,430.79,1398347
2024-04-05,429.24,432.24,426.81,432.06,892120
2024-04-08,432.64,433.59,429.11,429.21,751180
2024-04-09,425.71,428.91,423.33,424.65,842962
2024-04-10,421.91,429.43,420.16,428.57,1247755
2024-04-11,428.38,430.51,425.96,429.15,942782
2024-04-12,430.85,434.52,427.06,427.33,1251154
2024-04-15,435.48,435.78,428.5,429.88,2442119
2024-04-16,431.42,435.35,430.4,431.04,1452309
2024-04-17,433.32,433.82,428.59,432.69,848290
2024-04-18,431.55,434.59,431.0,432.73,715044
2024-04-19,434.35,441.53,433.86,440.11,1388020
2024-04-22,441.4,445.49,436.83,437.7,1820925
2024-04-23,442.24,449.29,434.22,436.52,1789487
2024-04-24,439.0,439.94,432.7,435.62,1018853
2024-04-25,434.5,441.75,434.1,440.98,927710
2024-04-26,440.14,442.13,435.65,437.66,857964
2024-04-29,438.33,443.7,438.3,443.6,951555
2024-04-30,443.16,444.01,439.88,441.12,711757
2024-05-01,438.92,441.56,436.97,438.08,995050
2024-05-02,437.48,439.86,435.49,439.48,1011394
2024-05-03,439.22,439.22,433.75,438.25,910781
2024-05-06,439.44,439.76,436.61,439.08,796391
2024-05-07,440.24,442.9,439.44,442.78,723436
2024-05-08,443.56,444.03,440.03,442.29,599051
2024-05-09,442.21,444.75,441.38,444.4,595046
2024-05-10,444.98,446.52,444.01,444.87,482564
2024-05-13,445.81,448.16,445.45,446.46,634358
2024-05-14,446.98,446.98,442.89,443.25,565691
2024-05-15,442.4,443.46,439.77,440.31,804062
2024-05-16,439.86,444.33,429.8,441.02,1130786
2024-05-17,441.98,443.08,439.43,442.32,677219
2024-05-20,443.81,444.76,441.11,443.16,735291
2024-05-21,444.03,445.09,442.93,444.32,558976
2024-05-22,443.53,445.83,442.87,445.65,548809
2024-05-23,444.12,445.62,442.35,443.16,866955
2024-05-24,443.72,444.66,441.63,443.41,513802
2024-05-28,441.76,442.13,433.83,435.0,1150758
2024-05-29,432.63,432.64,428.66,429.53,1267964
2024-05-30,431.7,439.23,431.7,437.33,1173703
2024-05-31,437.29,446.27,435.96,446.25,1651560
2024-06-03,445.12,449.43,444.17,446.64,990132
2024-06-04,446.56,449.09,445.27,447.88,845778
2024-06-05,447.43,447.84,442.84,444.38,915412
2024-06-06,444.38,448.74,443.54,447.62,768313
2024-06-07,447.8,453.99,447.62,449.06,1042800
2024-06-10,449.65,449.65,444.89,446.51,900460
2024-06-11,444.81,445.67,441.85,442.06,908416
2024-06-12,441.58,442.47,437.16,438.53,1026596
2024-06-13,438.08,439.14,435.57,438.01,742025
2024-06-14,436.04,438.01,434.07,437.8,702880
2024-06-17,437.24,438.61,435.86,438.44,669784
2024-06-18,439.19,440.05,436.89,439.38,658084
2024-06-20,439.38,446.54,438.58,445.44,1041412
2024-06-21,446.21,448.75,442.87,446.64,3365244
2024-06-24,447.94,454.37,446.85,450.38,1031607
2024-06-25,449.72,450.48,445.75,447.09,715816
2024-06-26,446.07,447.12,442.94,446.06,932061
2024-06-27,447.87,447.87,444.46,446.19,871215
2024-06-28,448.98,450.61,444.04,446.17,3472549
2024-07-01,449.67,450.54,443.93,445.54,562562
2024-07-02,444.73,445.75,443.22,444.83,502492
2024-07-03,444.63,445.56,443.33,445.14,313283
2024-07-05,444.14,444.16,439.09,441.45,631595
2024-07-08,441.94,443.75,440.45,441.06,447867
2024-07-09,441.01,441.89,439.15,439.67,537209
2024-07-10,439.74,440.71,436.76,440.35,655973
2024-07-11,439.31,444.9,435.67,439.75,1132976
2024-07-12,441.64,444.06,438.94,442.95,579436
2024-07-15,445.79,446.31,442.04,443.09,783092
2024-07-16,442.97,448.16,442.97,447.58,736547
2024-07-17,448.94,455.41,448.65,454.73,1123060
2024-07-18,453.23,459.31,451.82,454.67,981061
2024-07-19,458.05,458.05,451.62,453.64,889361
2024-07-22,453.71,454.79,451.66,453.32,881562
2024-07-23,466.93,479.28,461.22,478.82,2579132
2024-07-24,482.37,496.3,478.94,492.11,2580066
2024-07-25,491.92,503.08,489.88,498.03,1923901
2024-07-26,498.88,504.95,496.7,501.28,1141310
2024-07-29,499.56,505.73,495.99,503.99,961345
2024-07-30,504.29,514.33,501.5,513.56,1234234
2024-07-31,518.66,522.49,514.06,517.63,1481529
2024-08-01,519.66,524.51,516.46,524.26,1271748
2024-08-02,526.42,535.97,517.13,524.18,1484756
2024-08-05,528.37,537.39,514.12,520.94,1683773
2024-08-06,521.51,524.85,516.89,517.29,1033745
2024-08-07,515.67,527.42,512.68,523.93,1306584
2024-08-08,521.06,528.88,519.32,526.9,846337
2024-08-09,527.41,528.8,523.57,526.86,825286
2024-08-12,526.37,532.57,525.73,531.95,793920
2024-08-13,531.94,534.61,527.56,534.35,793610
2024-08-14,533.07,538.93,532.04,537.98,796727
2024-08-15,536.62,538.8,533.78,535.18,974590
2024-08-16,536.14,537.22,532.04,535.03,912022
2024-08-19,530.43,537.54,530.37,533.37,709735
2024-08-20,532.96,533.85,526.27,532.05,972254
2024-08-21,533.36,534.89,528.51,528.94,883062
2024-08-22,529.34,533.16,528.47,532.07,774578
2024-08-23,532.99,533.82,528.01,530.14,870355
2024-08-26,531.19,535.04,531.19,533.09,795360
2024-08-27,534.38,536.99,532.06,535.29,749831
2024-08-28,537.0,543.24,536.6,538.7,829310
2024-08-29,538.72,543.09,537.77,541.45,662462
2024-08-30,539.65,543.59,537.34,542.64,1082809
2024-09-03,544.9,549.39,542.85,544.8,1267110
2024-09-04,546.83,555.85,546.24,552.06,941774
2024-09-05,552.46,553.15,542.1,546.11,841029
2024-09-06,546.55,549.49,542.62,544.23,976688
2024-09-09,545.07,555.15,545.04,553.78,810168
2024-09-10,554.73,555.0,547.87,549.57,756528
2024-09-11,548.62,549.78,538.89,544.55,809242
2024-09-12,542.66,546.48,541.61,545.8,739418
2024-09-13,544.58,549.83,542.21,547.38,638809
2024-09-16,551.7,554.19,546.5,550.27,597813
2024-09-17,544.26,545.65,541.32,544.59,739890
2024-09-18,543.93,547.02,540.05,543.13,731817
2024-09-19,544.08,545.09,539.94,542.84,917669
2024-09-20,540.82,550.83,540.68,549.31,3794353
2024-09-23,548.91,558.75,548.25,557.56,884699
2024-09-24,556.04,558.18,553.37,555.75,690123
2024-09-25,558.57,560.67,554.05,555.09,844517
2024-09-26,552.27,559.5,551.73,554.57,746294
2024-09-27,554.81,560.98,552.59,559.34,848122
2024-09-30,561.05,561.83,556.31,561.45,975501
2024-10-01,562.95,587.32,558.9,581.91,2356212
2024-10-02,581.02,585.88,577.64,579.35,1192488
2024-10-03,580.54,584.92,577.24,581.87,856577
2024-10-04,579.79,582.32,575.63,581.21,560051
2024-10-07,583.0,587.41,580.12,581.6,1102382
2024-10-08,583.21,586.61,579.25,584.01,571794
2024-10-09,582.72,583.14,579.18,581.19,543837
2024-10-10,582.15,583.28,572.65,573.87,853770
2024-10-11,576.84,580.65,576.37,580.28,526025
2024-10-14,582.04,587.8,579.91,586.72,562291
2024-10-15,588.28,590.32,579.85,581.08,849839
2024-10-16,579.16,588.77,578.8,588.6,549404
2024-10-17,588.6,590.19,583.23,585.52,617493
2024-10-18,587.22,589.12,584.43,587.62,864086
2024-10-21,591.3,594.48,587.19,590.31,1017480
2024-10-22,582.91,584.29,551.31,554.17,2259193
2024-10-23,554.21,559.16,548.43,548.52,1402177
2024-10-24,548.17,551.24,541.88,541.9,1102782
2024-10-25,544.3,547.45,538.92,540.06,1077563
2024-10-28,540.74,540.9,532.58,533.22,1278667
2024-10-29,530.95,531.52,524.81,525.18,1041740
2024-10-30,525.28,529.47,521.73,524.36,1005163
2024-10-31,525.41,529.87,521.23,524.46,1245472
2024-11-01,526.34,527.61,523.09,523.79,792756
2024-11-04,524.13,527.11,519.04,521.63,827556
2024-11-05,523.45,525.54,520.57,525.13,610142
2024-11-06,539.21,539.21,518.65,530.0,1751305
2024-11-07,533.06,534.98,527.94,530.02,818596
2024-11-08,533.51,544.4,532.79,542.24,1166089
2024-11-11,547.68,553.37,547.27,548.02,1171364
2024-11-12,551.62,553.64,542.47,543.59,1133912
2024-11-13,541.7,542.66,534.34,535.68,1118648
2024-11-14,539.16,539.16,512.69,517.68,1972732
2024-11-15,516.61,521.09,510.41,513.69,1757312
2024-11-18,515.19,516.71,507.84,509.97,1298755
2024-11-19,515.85,518.0,510.21,512.18,936050
2024-11-20,513.06,514.07,508.28,513.59,994374
2024-11-21,513.98,523.15,512.62,520.58,1321954
2024-11-22,523.45,524.41,518.58,520.78,1311155
2024-11-25,511.91,513.04,494.54,501.26,3613491
2024-11-26,498.86,503.34,498.86,500.83,1345788
2024-11-27,502.84,509.04,502.49,504.96,890394
2024-11-29,506.9,508.55,503.85,508.48,658246
2024-12-02,507.63,509.12,501.88,502.89,1115967
2024-12-03,502.69,504.01,498.93,499.66,1188389
2024-12-04,498.82,502.39,495.93,500.14,1543010
2024-12-05,500.06,503.1,496.77,500.12,1113691
2024-12-06,498.42,500.08,492.51,495.82,1285011
2024-12-09,494.04,499.04,491.49,492.9,1170477
2024-12-10,492.08,497.35,491.06,495.74,1178870
2024-12-11,496.57,496.76,486.43,487.33,1307967
2024-12-12,483.23,484.29,472.32,479.92,1863009
2024-12-13,478.95,482.48,475.67,478.06,990249
2024-12-16,478.2,478.2,473.71,475.16,1483720
2024-12-17,472.66,476.46,471.4,474.15,1354504
2024-12-18,473.08,473.8,466.23,466.74,1424702
2024-12-19,463.9,467.77,461.3,463.57,1250426
2024-12-20,463.37,472.62,461.75,472.62,3973490
2024-12-23,471.08,472.45,465.67,470.17,1053854
2024-12-24,469.76,472.34,467.77,471.76,375892
2024-12-26,471.63,476.92,469.96,473.55,662456
2024-12-27,472.0,476.85,470.07,472.57,820791
2024-12-30,469.7,470.23,465.69,467.16,887811
2024-12-31,468.13,470.21,465.83,469.64,731985
2025-01-02,469.64,473.29,465.27,466.07,953946
2025-01-03,465.27,467.69,464.78,465.66,817601
2025-01-06,462.69,463.9,450.23,450.37,1698606
2025-01-07,450.1,457.54,447.41,448.4,1276844
2025-01-08,447.95,453.48,445.77,453.12,998673
2025-01-10,452.3,455.77,450.11,452.35,1127790
2025-01-13,453.27,468.56,453.08,466.95,1435205
2025-01-14,468.73,468.93,461.94,468.21,1162107
2025-01-15,471.4,471.4,464.26,467.74,882406
2025-01-16,465.64,470.67,465.35,470.53,956516
2025-01-17,471.19,475.55,467.95,473.87,1337574
2025-01-21,478.4,492.46,478.13,489.31,1615890
2025-01-22,486.36,488.57,478.57,482.59,1325048
2025-01-23,486.63,489.03,477.41,480.6,913142
2025-01-24,478.4,480.61,478.01,480.29,759695
2025-01-27,483.32,490.1,480.12,486.8,1948555
2025-01-28,457.81,463.64,441.93,442.11,4023939
2025-01-29,444.57,446.98,434.33,439.12,2396823
2025-01-30,441.26,444.46,436.18,444.23,1911777
2025-01-31,444.57,448.66,441.82,447.42,1474589
2025-02-03,443.41,445.86,438.37,440.14,1476323
2025-02-04,438.77,440.13,436.12,438.46,1234237
2025-02-05,441.67,441.77,433.72,434.78,1139696
2025-02-06,434.91,437.0,429.72,433.48,1292115
2025-02-07,434.81,436.36,428.89,429.48,1347367
2025-02-10,429.88,433.88,425.93,433.19,1427815
2025-02-11,432.88,436.65,430.07,434.29,906230
2025-02-12,432.26,434.07,426.26,427.14,1283227
2025-02-13,427.66,430.36,417.52,420.14,2400020
2025-02-14,419.01,420.56,405.62,409.0,3252806
2025-02-18,415.28,418.41,409.3,414.17,2812914
2025-02-19,416.54,423.31,411.31,418.43,2802115
2025-02-20,415.17,423.31,414.91,421.66,1357981
2025-02-21,421.75,428.85,421.06,425.94,1652401
2025-02-24,427.17,433.24,423.83,425.5,1946160
2025-02-25,426.93,436.52,426.21,433.42,1715745
2025-02-26,430.88,432.97,424.6,426.69,1467161
2025-02-27,427.36,432.08,426.64,431.49,1458062
2025-02-28,432.01,435.68,430.1,435.26,1433568
2025-03-03,440.9,442.42,436.96,439.99,1579417
2025-03-04,438.86,451.48,436.63,436.95,2268654
2025-03-05,439.2,451.23,437.49,448.25,2060073
2025-03-06,449.13,451.25,441.42,449.3,1395779
2025-03-07,445.89,464.87,445.89,461.13,2169135
2025-03-10,462.89,481.14,461.18,466.5,2284410
2025-03-11,464.11,466.0,454.21,456.49,1457086
2025-03-12,452.84,454.48,443.95,449.3,1271506
2025-03-13,447.89,456.14,447.7,455.56,1159511
2025-03-14,453.6,456.6,449.75,453.85,972659
2025-03-17,451.58,459.79,450.6,455.25,1051563
2025-03-18,455.75,459.16,453.09,456.88,881956
2025-03-19,458.77,463.12,454.43,458.11,1122652
2025-03-20,456.76,457.48,451.94,454.4,922084
2025-03-21,465.45,468.77,421.08,428.08,7141725
2025-03-24,414.38,424.25,413.08,423.48,3015364
2025-03-25,425.22,432.27,421.55,430.38,1600166
2025-03-26,432.54,439.27,431.29,433.4,1349944
2025-03-27,434.24,436.29,428.58,430.59,1559606
2025-03-28,430.54,433.98,427.94,429.82,1595839
2025-03-31,429.9,439.14,429.09,434.9,1690178
2025-04-01,436.16,439.32,432.73,436.78,1042421
2025-04-02,434.42,443.87,433.25,440.9,1270320
2025-04-03,441.52,449.67,438.88,442.76,1814160
2025-04-04,438.1,442.9,420.71,420.73,2392742
2025-04-07,411.04,427.31,407.81,419.43,1968379
2025-04-08,436.59,439.46,425.87,431.64,2151484
2025-04-09,427.64,455.95,423.87,450.02,2291550
2025-04-10,447.84,456.7,438.47,451.44,1832891
2025-04-11,452.06,465.54,448.15,462.35,1452289
2025-04-14,460.3,466.09,455.23,462.77,1079637
2025-04-15,461.73,462.77,455.63,457.17,1224466
2025-04-16,464.71,470.06,461.99,464.47,1530125
2025-04-17,449.44,457.25,436.54,451.81,3052804
2025-04-21,447.12,450.99,440.82,446.21,1532920
2025-04-22,445.94,458.32,430.66,449.87,2877958
2025-04-23,454.65,458.93,445.55,451.3,1352902
2025-04-24,453.46,455.23,448.0,454.47,1105038
2025-04-25,457.57,465.81,455.53,465.01,1521687
2025-04-28,466.64,471.0,461.75,463.7,1159942
2025-04-29,463.4,466.63,460.84,463.3,897221
2025-04-30,465.63,465.96,458.68,465.12,1095139
2025-05-01,463.42,466.78,460.5,465.09,986353
2025-05-02,471.94,478.09,455.15,460.3,2090480
2025-05-05,461.47,461.95,456.93,459.09,1150283
2025-05-06,457.35,458.7,451.21,455.83,1135393
2025-05-07,456.02,462.35,454.71,458.86,1204634
2025-05-08,460.5,466.34,459.26,461.99,1093134
2025-05-09,462.71,464.03,455.71,461.0,979219
2025-05-12,460.98,463.12,453.47,460.65,1364863
2025-05-13,460.31,460.31,447.0,447.67,1859414
2025-05-14,448.66,449.59,433.3,437.31,2129688
2025-05-15,446.84,453.11,443.0,452.84,1758661
2025-05-16,453.89,456.11,450.43,455.94,1319203
2025-05-19,457.0,461.9,455.41,460.56,1200022
2025-05-20,458.77,464.49,458.44,463.24,1058518
2025-05-21,468.13,468.22,457.62,457.85,1435110
2025-05-22,456.4,460.37,454.77,458.01,885138
2025-05-23,455.59,457.14,453.25,456.49,866694
2025-05-27,458.35,464.25,456.27,464.25,1548007
2025-05-28,464.92,466.32,456.6,457.56,956931
2025-05-29,455.56,462.01,453.02,461.17,851603
2025-05-30,461.15,469.63,458.61,469.63,2196347
2025-06-02,468.81,470.25,464.63,469.35,1154508
2025-06-03,469.53,471.62,467.12,470.68,1032298
2025-06-04,472.46,477.24,472.17,472.68,1274033
2025-06-05,474.79,475.54,462.42,468.58,1063462
2025-06-06,468.36,472.43,467.54,472.17,714571
2025-06-09,470.79,473.29,467.2,471.32,1064298
2025-06-10,470.51,472.13,466.24,467.47,1150649
2025-06-11,454.97,454.97,434.64,447.57,3618239
2025-06-12,448.27,459.99,447.48,459.99,1700596
2025-06-13,469.5,478.65,463.99,476.83,2729692
2025-06-16,472.48,473.19,455.34,457.83,2766611
2025-06-17,461.45,472.06,458.26,469.86,2191204
2025-06-18,468.99,472.82,458.71,459.34,1871162
2025-06-20,459.73,464.93,451.99,461.26,2419367
2025-06-23,463.58,472.83,459.27,463.12,2666358
2025-06-24,458.6,459.43,448.63,451.1,1970232
2025-06-25,455.03,455.69,447.48,449.33,1265509
2025-06-26,450.23,454.89,447.61,448.85,1590105
2025-06-27,446.63,450.1,442.54,449.52,1996362
2025-06-30,450.37,454.65,448.83,453.98,1205616
2025-07-01,453.85,460.16,450.91,456.73,1242775
2025-07-02,456.79,457.7,449.54,453.4,1127591
2025-07-03,454.54,456.15,451.86,453.38,707859
2025-07-07,455.32,461.25,452.25,459.79,1224120
2025-07-08,455.02,457.39,451.54,453.86,1242958
2025-07-09,456.18,456.78,451.11,453.9,892696
2025-07-10,449.61,457.26,446.99,455.13,1255293
2025-07-11,455.56,458.95,452.69,458.27,1209186
2025-07-14,460.71,465.37,458.75,464.21,1488005
2025-07-15,463.93,464.57,459.25,460.83,1039511
2025-07-16,460.38,463.26,457.19,462.15,935241
2025-07-17,461.2,465.02,458.46,459.92,926150
2025-07-18,459.94,461.89,451.86,454.79,1845269
2025-07-21,455.45,458.12,451.43,451.43,1577788
2025-07-22,414.39,428.8,402.0,402.62,8886507
2025-07-23,405.58,415.0,402.88,411.1,4578552
2025-07-24,412.68,418.44,411.82,412.24,3083942
2025-07-25,413.21,417.25,410.24,412.84,2461751
2025-07-28,417.48,420.38,412.84,413.01,2423723
2025-07-29,414.38,415.27,409.1,411.82,2428781
2025-07-30,411.82,414.44,408.9,410.4,1632102
2025-07-31,408.88,414.23,404.39,412.66,2178023
2025-08-01,412.44,415.58,408.76,412.69,2006314
2025-08-04,411.7,416.21,410.72,415.32,1548178
2025-08-05,414.96,421.57,413.52,419.77,1643922
2025-08-06,419.31,427.99,419.2,426.25,2032345
2025-08-07,421.92,426.25,419.59,422.23,1490332
2025-08-08,422.67,425.02,415.53,417.21,1478047
2025-08-11,417.58,419.36,415.74,417.83,1462070
2025-08-12,417.5,423.06,416.6,423.03,1493389
2025-08-13,423.97,434.68,422.89,433.82,1890577
2025-08-14,427.42,435.12,426.24,428.67,1733619
2025-08-15,429.18,432.7,427.83,428.91,1501663
2025-08-18,431.84,435.0,430.44,431.93,1154395
2025-08-19,431.16,435.71,429.93,432.38,1248122
2025-08-20,431.44,438.24,431.44,437.18,1282792
2025-08-21,436.19,439.62,435.91,438.36,1026288
2025-08-22,441.09,443.61,436.06,437.38,1890334
2025-08-25,438.23,439.88,436.3,438.87,985189
2025-08-26,441.61,447.35,438.16,446.46,2051502
2025-08-27,447.84,450.39,445.02,445.49,1294214
2025-08-28,444.9,447.52,441.46,447.16,1386030
2025-08-29,448.48,450.81,445.89,446.62,1373187
2025-09-02,448.05,450.0,441.92,446.77,1645554
2025-09-03,445.36,446.28,441.04,443.38,1541829
2025-09-04,445.25,451.38,443.81,451.07,1449229
2025-09-05,450.99,458.11,450.99,458.03,1465197
2025-09-08,457.07,457.07,447.04,453.3,1477595
2025-09-09,451.82,452.07,446.69,451.27,1008428
2025-09-10,450.43,458.5,449.94,458.0,1076857
2025-09-11,457.98,466.42,457.13,464.77,1623736
2025-09-12,462.99,466.99,461.25,465.34,1041423
2025-09-15,465.5,468.29,463.05,467.26,1148734
2025-09-16,467.59,472.38,465.7,468.31,1156857
2025-09-17,468.92,471.15,466.66,467.13,1016718
2025-09-18,465.15,468.35,462.06,467.62,1108002
2025-09-19,468.23,470.96,465.41,466.95,2839217
2025-09-22,467.67,475.97,467.02,474.31,1410218
2025-09-23,474.81,480.62,473.27,480.51,1135459
2025-09-24,480.98,488.97,479.36,480.09,1424205
2025-09-25,483.38,484.53,477.93,478.21,1205694
2025-09-26,481.73,484.54,478.44,481.27,914275
2025-09-29,490.71,492.67,483.03,485.75,1391134
2025-09-30,486.34,493.56,484.92,492.89,1312722
2025-10-01,489.89,497.69,488.73,492.68,1187448
2025-10-02,492.92,497.22,490.72,493.04,915832
2025-10-03,493.1,500.39,492.93,498.1,1006534
2025-10-06,500.22,508.9,500.22,507.73,1389696
2025-10-07,507.69,509.45,502.69,504.6,922414
2025-10-08,508.73,509.47,504.75,507.51,798430
2025-10-09,507.38,508.67,497.43,501.33,1185975
2025-10-10,502.39,506.95,494.2,498.66,1313768
2025-10-13,495.94,501.0,493.67,497.45,926722
2025-10-14,494.9,500.58,492.68,498.78,1078265
2025-10-15,496.63,498.61,479.33,493.09,1678496
2025-10-16,494.4,494.96,485.77,487.0,1099659
2025-10-17,484.27,490.39,481.92,488.88,1915507
2025-10-20,490.14,499.5,490.14,499.5,1433308
2025-10-21,476.6,500.19,476.6,483.3,2869991
2025-10-22,485.25,486.18,476.43,480.97,1726057
2025-10-23,481.94,487.73,480.36,481.87,1446086
2025-10-24,484.07,485.59,477.95,479.26,1368445
2025-10-27,477.95,481.14,473.79,480.75,1423236
2025-10-28,480.21,483.2,477.5,479.62,1220554
2025-10-29,478.86,482.63,477.55,479.19,971473
2025-10-30,479.42,488.2,479.35,483.52,1080955
2025-10-31,482.81,487.36,479.9,485.65,1185204
2025-11-03,484.78,485.29,478.61,481.76,846724
2025-11-04,478.33,482.31,474.91,478.84,1169694
2025-11-05,476.9,479.7,467.15,467.15,1708024
2025-11-06,467.12,468.18,460.21,462.98,1094022
2025-11-07,462.96,463.47,450.42,452.55,2514529
2025-11-10,450.23,451.31,442.8,446.38,1630052
2025-11-11,446.05,455.92,445.29,451.28,1322089
2025-11-12,450.37,453.95,449.46,451.25,935756
2025-11-13,452.21,455.07,449.34,450.08,819819
2025-11-14,450.08,460.49,448.25,459.87,1177328
2025-11-17,461.36,465.63,458.84,464.82,1822363
2025-11-18,469.2,478.86,465.23,468.71,1242107
2025-11-19,466.02,466.44,462.37,463.96,861612
2025-11-20,467.88,471.38,459.13,462.33,1044904
2025-11-21,462.67,463.46,454.14,454.95,1575475
2025-11-24,453.61,455.35,444.36,445.35,1411197
2025-11-25,445.35,448.28,442.8,446.68,1615925
2025-11-26,447.56,451.47,447.25,448.41,1299839
2025-11-28,448.79,452.06,446.88,452.06,748020
2025-12-01,450.92,451.73,436.22,436.91,1659207
2025-12-02,438.69,440.45,434.98,439.52,1535584
2025-12-03,441.1,446.14,436.77,444.48,1751846
2025-12-04,445.85,447.19,443.11,446.02,1283664
2025-12-05,445.45,450.46,444.09,449.85,1290903
2025-12-08,451.14,463.14,449.13,462.96,1390663
2025-12-09,463.86,470.35,462.58,464.46,1102519
2025-12-10,462.79,470.62,453.51,465.51,2313731
2025-12-11,467.85,477.21,467.85,472.41,1293962
2025-12-12,473.19,478.34,468.34,477.75,1384459
2025-12-15,476.5,482.25,474.76,481.9,1002652
2025-12-16,477.12,477.3,471.4,474.58,1262401
2025-12-17,468.55,474.41,459.85,472.32,1989183
2025-12-18,469.95,473.72,466.56,467.69,1364004
2025-12-19,463.92,473.25,462.46,471.67,2826455
2025-12-22,472.49,482.5,472.49,481.06,1120783
2025-12-23,481.48,482.43,478.5,480.04,864247
2025-12-24,482.48,488.63,481.93,483.22,581596
2025-12-26,482.68,484.53,478.68,480.52,606016
2025-12-29,481.31,486.88,480.78,486.33,933384
2025-12-30,486.8,489.14,485.4,485.46,996445
2025-12-31,486.46,487.13,481.01,481.15,670337
2026-01-02,480.74,494.57,474.06,494.49,1126471
2026-01-05,501.31,513.2,500.38,508.91,1982594
2026-01-06,514.37,535.93,514.37,519.33,2813074
2026-01-07,522.58,529.61,493.42,494.29,4084938
2026-01-08,529.12,540.05,510.34,515.74,4108772
2026-01-09,523.14,543.23,523.14,540.1,2647693
2026-01-12,546.11,551.39,537.5,548.37,2970017
2026-01-13,557.11,560.37,547.98,555.4,2012997
2026-01-14,554.09,575.03,553.23,569.72,2643085
2026-01-15,565.7,576.59,556.82,574.88,1763376
2026-01-16,575.2,579.9,574.42,579.4,2375721
2026-01-20,576.98,583.8,570.41,573.07,1522344
2026-01-21,573.07,585.91,573.07,583.18,1817740
2026-01-22,582.14,592.85,579.47,590.82,1493620
2026-01-23,591.55,593.13,582.96,587.75,1271698
2026-01-26,586.93,587.33,572.64,578.63,1460532
2026-01-27,576.98,592.77,570.84,591.86,1710669
2026-01-28,589.82,596.2,579.97,594.16,1323994
2026-01-29,606.07,642.31,604.4,619.27,3931918
2026-01-30,617.77,637.86,612.31,630.92,2099633
2026-02-02,616.78,637.65,611.98,632.69,1967841
2026-02-03,636.67,643.23,615.23,624.99,2300697
2026-02-04,627.54,628.76,593.13,599.63,2654783
2026-02-05,599.6,610.81,591.91,606.01,1684393
2026-02-06,611.39,620.85,608.02,620.34,1095768
2026-02-09,622.03,635.65,621.76,634.97,1589847
2026-02-10,634.15,634.97,623.25,626.29,1211685
2026-02-11,627.95,630.29,618.45,625.43,1024589
2026-02-12,626.72,640.9,626.72,634.12,1745649
2026-02-13,635.68,652.93,635.68,649.19,1490800
2026-02-17,649.6,652.81,638.66,646.2,1169583
2026-02-18,653.75,657.12,643.83,646.43,1350276
2026-02-19,653.09,666.27,652.09,663.04,1370273
2026-02-20,663.3,664.77,645.04,654.84,1447700
2026-02-23,652.21,659.82,650.29,657.18,1196310
2026-02-24,654.87,665.62,649.18,660.98,1361463
2026-02-25,659.0,660.1,630.74,644.13,1664449
2026-02-26,643.1,644.13,634.71,638.29,1269242
2026-02-27,644.72,659.02,643.74,654.66,2599949
2026-03-02,685.5,692.0,664.01,676.7,3246470
2026-03-03,682.0,686.47,657.56,667.82,2142139
2026-03-04,670.0,671.0,652.54,664.48,1650894
2026-03-05,662.1,663.0,647.23,655.0,1721536
2026-03-06,661.65,672.86,656.4,671.77,1895091
2026-03-09,675.58,676.08,657.35,664.15,2369743
2026-03-10,657.95,659.89,646.2,651.22,1653018
2026-03-11,645.32,657.0,644.13,649.47,1365219
2026-03-12,651.95,661.0,646.63,652.83,1411169
2026-03-13,652.67,660.0,640.5,646.0,1071344
2026-03-16,645.23,651.55,639.0,645.2,1180980
2026-03-17,644.96,645.0,632.79,636.33,1389066
2026-03-18,641.11,645.85,636.45,642.28,1026183
2026-03-19,639.06,640.0,623.75,637.51,1540841
2026-03-20,635.86,638.51,622.37,627.43,6511253
2026-03-23,629.07,629.66,610.63,616.25,1386641
2026-03-24,612.95,615.3,605.0,610.17,1078188
2026-03-25,612.5,626.93,612.42,624.2,1190275
2026-03-26,619.8,632.92,619.8,627.33,1262434
2026-03-27,625.7,631.45,613.66,615.84,1061125
2026-03-30,621.03,623.32,593.88,598.57,1849318
2026-03-31,604.5,610.0,598.7,604.39,1327800
2026-04-01,608.82,619.1,606.11,617.64,1118050
2026-04-02,616.7,626.51,616.01,622.79,1116763
2026-04-06,623.11,637.92,621.37,637.9,1128782
2026-04-07,635.6,636.8,625.82,627.7,732124
2026-04-08,612.27,630.67,605.5,628.5,1283649
2026-04-09,627.99,636.88,623.09,623.87,911060
2026-04-10,619.28,621.7,607.16,613.72,874037
2026-04-13,617.87,622.51,615.01,619.69,678726
2026-04-14,617.0,617.0,609.06,611.58,905708
2026-04-15,611.0,615.59,607.34,611.1,879314
2026-04-16,610.71,613.0,601.41,607.49,853841
2026-04-17,604.33,609.38,588.41,592.19,1701585
