Date,Open,High,Low,Close,Volume
2016-04-25,94.77857075751848,95.9120109200718,94.77857075751848,94.95230865478516,649300
2016-04-26,95.57280788196726,96.04438399787156,95.03505040621961,95.90373992919922,803300
2016-04-27,94.76203551540226,96.21813280549793,93.0742876747922,95.71346282958984,908600
2016-04-28,95.02676941958472,95.93682775849074,94.19944250930591,94.51382446289062,739400
2016-04-29,94.2821813582961,94.64620724731009,93.36384791065005,93.87679290771484,894200
2016-05-02,93.92642611841205,94.24081439405637,92.8922674474844,93.6865005493164,1120800
2016-05-03,93.08255825346676,93.10737705240388,92.37933159823184,92.95845794677734,694500
2016-05-04,92.6771661808597,93.13219854789463,91.37826306551017,91.87466430664062,768700
2016-05-05,92.41240252363377,93.17354798901506,91.84155131460113,92.39585876464844,1091300
2016-05-06,92.19730728429309,92.88398378086691,91.63472476709808,92.81780242919922,496900
2016-05-09,92.46206398535061,92.89227123270523,91.77538108499249,92.0732192993164,535500
2016-05-10,92.32142761307651,94.30701390588175,92.09805207443814,94.14982604980469,994900
2016-05-11,94.10015775208369,94.83647817179641,93.63685671819788,94.24907684326172,877000
2016-05-12,94.57795805959228,95.05256084629595,93.85357770605614,94.92766571044922,1120000
2016-05-13,94.75285793021482,95.50221637946599,93.70374720785647,94.15336608886719,1177900
2016-05-16,94.4031126660854,95.83523008500646,93.87856068924235,95.40226745605469,613500
2016-05-17,95.22740095440705,96.16826568243405,94.34481341723635,94.70284271240234,526200
2016-05-18,94.0534210126595,95.1191811495277,92.97101115284151,93.4622573852539,763500
2016-05-19,92.60464753969207,92.72954268698547,91.02265716298146,91.78034973144531,1086800
2016-05-20,92.38813004905695,92.9543156758264,92.22160748041898,92.56298065185547,587000
2016-05-23,92.38816552615833,93.4872314175257,91.92189707298164,93.0792465209961,650100
2016-05-24,93.32901163736798,95.17744170723262,93.07089970321877,94.64456176757812,628400
2016-05-25,95.25239833067454,96.52631486238073,95.0275857942375,96.3764419555664,958700
2016-05-26,96.60957430001989,97.59207303617661,96.2432169010503,97.22571563720703,1108900
2016-05-27,97.22570205037218,97.49214202536241,96.5512772532722,97.00922393798828,685800
2016-05-31,97.159123688648,97.40890766103293,96.01842385555142,96.6262435913086,788100
2016-06-01,96.10999956445674,96.8343863215737,95.1191727965205,96.71781921386719,634800
2016-06-02,96.58457956951173,97.80854034423828,96.10998318262081,97.80854034423828,695600
2016-06-03,97.70863828607158,98.58289793428197,96.20158759113433,98.39971923828125,821700
2016-06-06,98.74942713126376,99.57372496571733,98.241524841239,99.0075454711914,967300
2016-06-07,99.29061925411835,99.91508855760338,98.89095610481863,98.94091796875,686500
2016-06-08,99.33226930389442,99.90677683727063,98.79938925275724,99.09912872314453,700500
2016-06-09,98.3830639373775,99.11577232739508,98.07499011589996,98.86598205566406,505000
2016-06-10,97.70033007361117,98.14994886800037,96.51800269897599,97.16744995117188,779400
2016-06-13,96.44302523835161,97.22568898647961,95.93512311170439,96.53461456298828,715600
2016-06-14,96.15163686587393,97.33396405951476,95.75197365901009,96.68451690673828,441500
2016-06-15,96.89264591428393,97.50878709585363,96.12662551423502,96.23487091064453,677100
2016-06-16,95.54381849190392,96.79275729571965,94.81111001387393,96.49301147460938,842300
2016-06-17,96.6762036689737,97.60874705945855,96.19327907287804,97.16744995117188,1094000
2016-06-20,98.59125001745306,99.61537646406855,98.10832540156275,98.24987030029297,715800
2016-06-21,98.27483541764681,98.31646925423668,97.00924682595289,97.60041046142578,676700
2016-06-22,97.94177792396609,98.63285891445962,97.8585166081981,98.24152374267578,833900
2016-06-23,99.57370320343664,100.41465692889456,99.20735221954229,100.3480453491211,981400
2016-06-24,96.06003389688759,97.4172115660179,93.32069445038913,93.5621566772461,2047200
2016-06-27,91.8719501845003,92.12174052654355,89.23252727777422,90.01519775390625,1410600
2016-06-28,90.91443974376563,91.88028265118615,90.42318707472101,91.47229766845703,1318700
2016-06-29,92.65462509441663,93.14587776329422,92.10509520903014,92.9377212524414,795100
2016-06-30,93.27906230964575,95.61041696445257,92.86274943217528,95.60208892822266,1007200
2016-07-01,95.36063978428861,97.25070406475793,94.9359988123105,96.49301147460938,942500
2016-07-05,95.61875830901938,95.81859310504436,93.27908148933754,93.8202896118164,1418500
2016-07-06,93.54553238656935,94.07009084646474,92.32989915563203,93.96184539794922,1057400
2016-07-07,94.39481161819837,95.06923664335754,93.34570108272572,94.06175994873047,530700
2016-07-08,95.14413805925152,96.54294952044822,94.71950351656028,96.33479309082031,691300
2016-07-11,96.97594145400375,98.24985808910907,96.70950141497799,97.84187316894531,890200
2016-07-12,98.37475908864491,99.30729610439471,98.10831903379753,99.10746765136719,987900
2016-07-13,99.40721900305165,99.82353200879436,98.22489159132608,98.94927215576172,725900
2016-07-14,99.87346417599576,100.53956737035347,98.64118152459412,98.857666015625,848000
2016-07-15,99.31562455168574,99.79022109985038,98.74943863874967,99.21571350097656,544200
2016-07-18,99.62369407256543,99.62369407256543,98.54960585758091,99.35725402832031,358000
2016-07-19,98.89931028650118,99.40721262913557,98.74110932168433,99.08248901367188,275100
2016-07-20,99.23232734195842,99.64031214049788,98.707775458122,99.50709533691406,309400
2016-07-21,99.24901498608956,99.86516278945503,98.08334368768388,98.63287353515625,758900
2016-07-22,98.39972144938322,98.7244450168882,97.73361824030938,98.6911392211914,572000
2016-07-25,98.40804727512607,98.95757701069736,97.75860015470958,98.39971923828125,904900
2016-07-26,98.49133573875298,100.53126701037888,98.49133573875298,100.44800567626953,969200
2016-07-27,98.63284119010001,98.80769182752141,96.82604491764887,97.35892486572266,1253100
2016-07-28,96.75114655818663,97.35063834352076,95.73534809129578,96.77613067626953,821500
2016-07-29,96.47635660875702,96.72614054474444,94.91934402946868,95.25239562988281,1190700
2016-08-01,95.09417652563644,95.37727255526269,93.97846118266695,94.89434814453125,906800
2016-08-02,94.57793864889894,94.81940083466468,93.29570081782859,94.12832641601562,965100
2016-08-03,94.00344145127055,95.67702086293033,93.5704725361241,95.46886444091797,1268300
2016-08-04,95.40225924439636,96.9759213919049,95.2690360762285,95.79359436035156,634400
2016-08-05,95.96844878591148,97.5421109954306,95.96844878591148,97.53378295898438,526100
2016-08-08,98.00006148024679,98.62453087715346,97.86684464550426,98.24152374267578,799000
2016-08-09,98.33308358579332,99.05747015569042,98.28312808181052,98.72441864013672,625000
2016-08-10,98.83269562540245,99.38223178990084,98.35809909807736,99.35725402832031,963100
2016-08-11,99.64624756584969,100.15725448803448,99.52059536470712,99.70488739013672,968600
2016-08-12,99.6797733780772,99.6797733780772,98.3645601955129,98.54885864257812,534800
2016-08-15,98.76664059224085,99.86404565052614,98.74988270621127,99.57084655761719,386800
2016-08-16,99.50382563889231,99.90593180849372,99.05983753764664,99.63786315917969,525300
2016-08-17,99.72166084627669,99.8892014014641,99.2860451767694,99.6462631225586,361300
2016-08-18,99.68814045094705,99.96458808862141,99.42007175748572,99.94783020019531,500400
2016-08-19,98.22214303075779,99.49546778710356,98.00433520975028,99.21064758300781,1318900
2016-08-22,99.03472167408435,99.16875282283465,98.16349683779154,98.97608184814453,818900
2016-08-23,99.52061992374003,99.97298074200685,99.25255117638116,99.55412292480469,455900
2016-08-24,99.47035045833655,99.67140680789406,98.47347322131476,98.69965362548828,433300
2016-08-25,98.4902158528281,99.01797434255238,98.22214713548622,98.59074401855469,446500
2016-08-26,98.7834285788833,99.9897411682057,98.3310613578874,98.74154663085938,496100
2016-08-29,98.81691140627288,99.48708630711947,98.649370876692,99.10173797607422,341500
2016-08-30,99.2273939332196,99.2273939332196,97.80328020409719,98.305908203125,570100
2016-08-31,98.11324707056002,98.22214779071017,96.73939408611035,97.11636352539062,510800
2016-09-01,97.28388485566352,97.65248166835927,96.45454841835921,97.53520202636719,594800
2016-09-02,98.14674594326885,98.64937393887514,97.69437882984468,98.07972717285156,434000
2016-09-06,98.33103647166334,98.4902044511555,97.35928988051622,97.5938491821289,437700
2016-09-07,97.59387051153897,97.97083998705257,97.29229237462287,97.54360961914062,594900
2016-09-08,97.51846857274664,97.87868011746403,97.08285291510208,97.35092163085938,485800
2016-09-09,96.57182870830098,96.74774817246943,94.24298095703125,94.24298095703125,719100
2016-09-12,94.12570562509674,96.38753471515007,93.42202134493385,96.10271453857422,729200
2016-09-13,94.96343362390218,96.09434831867381,94.92154529061857,95.65036010742188,882400
2016-09-14,95.53307520040147,96.39592113208273,94.89640963875567,95.96031188964844,755800
2016-09-15,96.11946385675932,96.88178794372237,95.77600386389146,96.71424102783203,732500
2016-09-16,95.99380791158258,95.99380791158258,94.88802380129542,95.40740966796875,1399900
2016-09-19,95.92678471410021,96.83151241772805,95.81787763024128,96.28700256347656,694600
2016-09-20,96.85664207783982,97.80325803462316,96.32050481490374,96.37076568603516,683900
2016-09-21,96.89855577124072,98.12161970270292,96.50482844161516,98.03784942626953,663600
2016-09-22,98.94255361305693,99.84728766198694,98.57395683950905,99.3362808227539,786000
2016-09-23,98.8001469068288,98.91742654035266,96.97392725319344,96.9822998046875,498600
2016-09-26,96.68074538148505,97.233634267777,95.910042292356,95.99381256103516,501000
2016-09-27,95.63359519214838,96.9069198154261,95.08069994843132,96.85665893554688,477100
2016-09-28,97.2085015124541,98.69963398974016,97.2085015124541,98.59910583496094,738400
2016-09-29,98.3226643354258,99.12687039775948,97.87866977976488,98.11323547363281,829900
2016-09-30,100.10700547315842,103.13115903682845,99.91432808979945,102.48611450195312,2568200
2016-10-03,101.87459720538193,102.15104489428091,99.8054385984169,101.00337219238281,1096200
2016-10-04,101.35517376525038,103.44108949293093,99.69650102731764,99.8472900390625,957800
2016-10-05,100.38344549199049,101.71541001071041,100.09024635811457,101.56462097167969,584600
2016-10-06,101.53110821431397,101.53110821431397,100.48396392006048,101.08712005615234,341000
2016-10-07,100.63476934313917,100.70178812278863,99.3111835970066,100.27455139160156,887200
2016-10-10,100.54260738073928,100.63475659326684,97.92893921817374,98.04621887207031,1696100
2016-10-11,97.55195071424761,97.70273973407782,95.88489894425756,96.50480651855469,882900
2016-10-12,96.66398155637333,97.76976565230733,95.9016638495703,97.40116882324219,595000
2016-10-13,96.73935855014777,97.91215477099139,96.41264372718699,97.42628479003906,931300
2016-10-14,98.3477740633925,98.99281200970951,97.8283882946786,97.84514617919922,942900
2016-10-17,97.48494375984505,97.97919277986986,96.63884941315877,96.77288055419922,757600
2016-10-18,97.81166018583447,98.11323826670258,96.94043532902238,97.14986419677734,549100
2016-10-19,97.23361129324599,99.10171916057446,96.89015135543619,98.38965606689453,646700
2016-10-20,98.12999562066524,99.01797202773967,97.53521836769443,98.85881042480469,827700
2016-10-21,97.96240608055032,105.67776140360736,97.40951104538385,103.03057861328125,6596300
2016-10-24,103.80131506548265,104.29556406836275,99.75514827495195,100.24939727783203,2482600
2016-10-25,99.4535746451961,100.06510331629605,98.7666482636285,99.36980438232422,884800
2016-10-26,99.26086679441418,101.51432260357088,99.15196612526238,101.04520416259766,734200
2016-10-27,100.94469792573535,101.3803070880319,98.74988144591526,99.02632904052734,847000
2016-10-28,99.26088800718527,100.57610082420662,98.87553972099707,99.52058410644531,620300
2016-10-31,100.09023275950356,100.83579890917642,99.29439934280877,100.2912826538086,790400
2016-11-01,100.7268996468907,101.13738480169154,98.95931961104807,99.65462493896484,842800
2016-11-02,99.54573833700408,100.04836637863599,98.8504329105944,99.11012268066406,626600
2016-11-03,99.59597976684111,99.59597976684111,98.21374812893767,98.40642547607422,608700
2016-11-04,98.67451943755222,99.9897326491981,98.43996009655999,98.48184204101562,1143900
2016-11-07,100.9112030187611,104.63066168698131,100.9112030187611,104.07776641845703,1863300
2016-11-08,104.29557481688354,105.35109808651131,103.61702733918227,104.73956298828125,1080800
2016-11-09,103.74500274419087,107.8917672151028,103.72814880112871,106.91407775878906,1419800
2016-11-10,107.97604808077058,110.28543035742287,107.29335090712809,110.20114135742188,1572600
2016-11-11,109.44260401794836,111.01870818049031,108.96217981356233,111.01028442382812,1021500
2016-11-14,111.25470660125536,112.33353909095717,111.11984932486821,111.44013214111328,1525700
2016-11-15,111.24629182900973,112.55268160984004,109.30776012164714,112.50211334228516,988000
2016-11-16,111.55812476338616,112.49367618380032,111.35583885656514,112.4178237915039,814700
2016-11-17,112.51896510252993,112.6706698935782,111.11142603366966,111.21256256103516,730500
2016-11-18,110.87543540072726,111.66770584961245,110.45401604372007,110.58043670654297,608200
2016-11-21,111.24627821734144,111.67612129966274,110.82485889168234,111.01028442382812,660800
2016-11-22,111.38112262742249,111.38112262742249,110.31072679995034,111.01028442382812,758600
2016-11-23,110.52145005983861,111.2799997950678,110.52145005983861,111.13671875,684000
2016-11-25,111.19569074382571,112.06382633693735,111.12827497298454,112.03010559082031,374600
2016-11-28,111.54125261238609,112.00481639530373,109.90614373847428,109.99043273925781,843100
2016-11-29,109.94830698599215,111.18728091672959,109.28247006477653,110.69843292236328,851800
2016-11-30,111.18727262043011,113.16794858251312,111.18727262043011,112.69596099853516,1183400
2016-12-01,113.34492260203493,116.95227050349581,113.11736545725304,115.62902069091797,2044400
2016-12-02,115.21604061361568,116.14316827072797,114.1962130514893,115.2918930053711,1273900
2016-12-05,115.65430090897632,116.31171391529412,114.23832553027222,114.81146240234375,2048300
2016-12-06,114.37318850057393,115.02217778414784,114.17933923534378,114.96317291259766,1001500
2016-12-07,114.90418556705707,117.28942030030085,114.52491077683514,117.0955581665039,734200
2016-12-08,116.62360034185906,116.62360034185906,115.27506598173284,115.98304748535156,744800
2016-12-09,116.151581269645,117.69397739597085,116.07572888491487,117.62654876708984,710800
2016-12-12,117.62653392382555,117.64339429409218,115.30872814889558,115.80599975585938,905900
2016-12-13,115.97461181330593,116.51402807408277,115.07276821912535,115.52790832519531,1098300
2016-12-14,115.28346891661013,116.29487271919332,114.12034747025605,114.26364135742188,903600
2016-12-15,114.38164309831343,115.03905624087382,113.960223757662,114.80306243896484,837900
2016-12-16,114.69348663432406,115.34247600486738,113.31123174348075,113.70736694335938,1545300
2016-12-19,114.25519930612982,114.76090761371843,112.9572335123406,113.63993072509766,896900
2016-12-20,113.80850128680632,114.42376989710071,113.33651370298064,114.26364135742188,1078600
2016-12-21,114.28892548793416,115.2413244121906,113.80850128680632,114.26364135742188,633600
2016-12-22,114.280488870632,114.68506068022296,113.61465199931301,114.26364135742188,631000
2016-12-23,114.12034363703195,115.02218713066858,113.86750234040174,114.63447570800781,386000
2016-12-27,115.0306114775109,115.30874976592864,114.39848251129695,114.65133666992188,410400
2016-12-28,115.03061023965695,115.25818026604016,113.46292990588843,113.56407928466797,433500
2016-12-29,113.56408654866776,114.19621554851274,113.1763751033893,113.65679931640625,355000
2016-12-30,114.23832407942665,114.23832407942665,112.6116519554184,113.2774887084961,435900
2017-01-03,114.54176743939638,116.86801034523113,113.93492258228272,116.76686096191406,1329200
2017-01-04,116.96073534539163,117.56758026598179,115.71332475267936,116.27803802490234,851000
2017-01-05,116.03360833500368,117.49171576102512,114.51649602377107,116.09261322021484,822500
2017-01-06,116.61514887368659,117.66869712064432,116.0504485566008,116.74156951904297,659300
2017-01-09,117.15457404026618,117.98898894565582,116.5561529314256,116.57301330566406,828100
2017-01-10,117.15458434043383,118.06485171888073,116.54773942146923,117.60128784179688,883500
2017-01-11,118.01430539885338,120.13825014950869,117.77831153766945,119.39656066894531,1148000
2017-01-12,119.00040494948874,119.27854327975669,117.12930189910338,118.63797760009766,714500
2017-01-13,118.79807007222473,119.8853388117173,118.70535733366872,119.67462921142578,559800
2017-01-17,119.11840748335001,119.11840748335001,117.47487441844798,117.69400787353516,1126600
2017-01-18,118.11537356301028,118.37665141085097,117.49166851345674,117.96366882324219,919300
2017-01-19,118.20810037340436,119.08464676024825,117.73611286812728,117.99739074707031,1154600
2017-01-20,118.83181049985974,119.23636939845791,117.68554956991868,118.4693832397461,1754300
2017-01-23,118.67171074895234,118.82341556638328,117.5844414478972,118.01429748535156,1058700
2017-01-24,118.35980439087334,121.14961062906933,117.76139625781693,119.7083511352539,1678200
2017-01-25,127.80806831676432,131.01085815848026,126.0381017866664,128.96275329589844,4674700
2017-01-26,129.5190769274241,130.56420199264974,128.17054214659143,128.88694763183594,2337400
2017-01-27,128.48234483803225,128.70147828954296,127.01580074060148,127.05794525146484,1636800
2017-01-30,126.70391427100022,126.70391427100022,124.56309726173103,125.8442153930664,1964600
2017-01-31,125.81896867968051,126.12239114678178,124.2512880764404,124.7317123413086,2036900
2017-02-01,125.00982695567596,125.70094791807126,123.6949879405769,124.53782653808594,1343500
2017-02-02,123.78770864574093,125.03511910981769,123.36628931993864,124.44512176513672,918600
2017-02-03,124.84966261937181,126.59433150801544,124.36081477937422,126.19819641113281,1151000
2017-02-06,125.67566425951206,126.39208221435547,125.1278243133587,126.39208221435547,745600
2017-02-07,126.83874134032345,128.63397818740665,125.77675684358124,125.92847442626953,901700
2017-02-08,126.0044450987494,126.0044450987494,124.46204800676452,125.27117919921875,815100
2017-02-09,125.72626867296148,126.93153490607244,124.98456637566244,126.7208251953125,949900
2017-02-10,127.45406178311853,127.92604936978199,126.51851036644736,127.64791107177734,1060400
2017-02-13,127.85023232681027,129.52747347453325,127.85023232681027,128.11993408203125,1362300
2017-02-14,127.69848529444633,128.48233196372388,127.45406773304876,128.28848266601562,1215300
2017-02-15,127.7153291424492,128.76045361267742,127.7153291424492,128.5244598388672,836600
2017-02-16,128.68536597400876,129.07501929837667,127.90607225038399,128.6514892578125,859400
2017-02-17,127.56729658128232,128.69387549653624,126.80493449507019,128.68540954589844,691600
2017-02-21,129.05813290677142,129.28684285125203,127.889185329556,128.60919189453125,1292700
2017-02-22,127.82140731788678,129.81200439877898,127.70281938062826,129.49859619140625,1022400
2017-02-23,130.0407214701535,130.34566374345312,126.96588795814195,128.3042449951172,1163500
2017-02-24,127.40635352758076,128.36352295790832,127.02517894558373,128.0247039794922,1005300
2017-02-27,128.12635803222656,128.52447747468543,127.61812952119077,128.12635803222656,765300
2017-02-28,128.12631875652613,128.48208248273076,127.14373876634257,127.99079895019531,949600
2017-03-01,130.17624682098312,132.23461048407188,129.65955234241358,131.70095825195312,1540900
2017-03-02,131.5908658135885,131.90427409105624,129.60026828749133,129.6426239013672,916300
2017-03-03,129.75270232633687,130.54047519789486,128.38894752767197,129.60870361328125,802000
2017-03-06,129.16826018670645,129.99837585695803,127.99084660972602,129.76119995117188,665400
2017-03-07,129.57479971943624,130.1931500458865,128.8547933799944,130.0915069580078,694700
2017-03-08,130.5489335239871,131.1588179937296,129.57481931751457,129.62564086914062,760300
2017-03-09,129.75268465113945,130.1592828827371,128.2279865205467,128.90562438964844,870100
2017-03-10,129.98986072904557,130.9809195872536,129.600207359738,130.70985412597656,847800
2017-03-13,130.7014677943422,130.93017780097486,129.97299507980003,130.82852172851562,609600
2017-03-14,129.9560493161542,129.9899389817714,127.96546445267705,129.1343994140625,852600
2017-03-15,129.44778528230313,133.2426125117886,128.86331149877606,132.53955078125,1110000
2017-03-16,132.8953507704911,132.99699391697217,130.84546545736035,131.819580078125,721100
2017-03-17,132.4463427303809,132.97151595538497,131.76869193756391,132.1329345703125,909700
2017-03-20,132.16685697138547,132.27697897924733,131.3621520315413,132.09909057617188,893900
2017-03-21,132.93761523894182,133.2086677520797,130.07454794171255,130.57431030273438,979900
2017-03-22,130.37957636449153,131.2774586038426,129.70192524560315,130.96405029296875,741000
2017-03-23,130.98944278180915,131.73486020097528,130.0915606678781,130.5150909423828,864300
2017-03-24,130.68443684912853,131.20960999781883,129.23597125351114,129.8119659423828,541400
2017-03-27,128.7278033442011,129.92216191939792,126.54238539547477,129.4732208251953,816600
2017-03-28,129.28681666704912,132.12446089375928,128.9903403944295,131.41293334960938,581800
2017-03-29,131.09103973485216,131.77716939496003,130.6251669370952,130.84539794921875,541600
2017-03-30,130.75222111953127,132.13293346742384,130.4472789115646,131.61622619628906,661800
2017-03-31,131.48915374326268,132.73433329510058,131.44679814742952,131.895751953125,799700
2017-04-03,131.65010769016732,132.46329124925163,130.38798321490668,131.5569305419922,649000
2017-04-04,131.36214183970418,133.835556910066,130.74379130339304,132.10755920410156,981200
2017-04-05,132.78518006700807,135.3433060249952,131.3028244070177,131.4468231201172,1401900
2017-04-06,131.44684223157515,132.64120063901797,130.8708472954316,132.039794921875,591800
2017-04-07,131.62471707944127,132.37013437903383,131.22659765126033,131.5315399169922,1375000
2017-04-10,131.79415381542432,133.39509781011046,131.72638741735435,132.18380737304688,548600
2017-04-11,131.6416793578532,132.33626226763792,130.66755199854725,132.234619140625,635100
2017-04-12,131.85339654589725,132.27692665460813,127.13526493080376,127.25385284423828,1886200
2017-04-13,126.81341328486516,127.49953011441018,125.66141066824778,125.72916412353516,1332400
2017-04-17,125.97480823061832,127.66046287237151,125.62751040729844,127.49951934814453,885200
2017-04-18,126.55082771105714,127.08447993755703,125.63601378722433,126.66094970703125,842800
2017-04-19,127.753590826931,129.24441172047872,126.11875836444622,126.70323181152344,839800
2017-04-20,127.42329822632944,130.57436415750712,126.95742531549747,130.2948455810547,1474600
2017-04-21,130.2270423735153,130.70139402686746,129.54939161510654,130.0999755859375,816000
2017-04-24,132.13296567191503,133.24261280534978,131.794133733195,132.94613647460938,1366400
2017-04-25,134.0388749309436,136.13111566153057,133.36122386119834,135.64828491210938,1989900
2017-04-26,137.02899670784004,139.7649988233486,135.14004226614182,135.49581909179688,2074600
2017-04-27,135.7075087295618,136.52067921399347,134.46232930798345,134.91127014160156,1152000
2017-04-28,134.2759862491289,135.2501003070967,133.25103772216994,133.28492736816406,1450600
2017-05-01,133.9456538777001,133.9456538777001,131.62470392463877,132.56494140625,1206600
2017-05-02,132.60729384426187,133.25105502550375,130.94704995300765,132.11599731445312,1360700
2017-05-03,131.45524458690076,132.20912747631306,129.98983439345866,130.90464782714844,1486400
2017-05-04,131.35363685820437,131.71786655523513,129.65103751361715,131.20962524414062,1454500
2017-05-05,131.4891932509592,132.55649771614233,131.23507252471956,132.47178649902344,709500
2017-05-08,132.54798922234545,132.83599954112537,131.50610869519326,132.25152587890625,675100
2017-05-09,132.22611597450714,133.22564090914074,131.60775265889728,133.0985870361328,720000
2017-05-10,133.22563640326157,134.48776084128178,132.84446187201544,133.53057861328125,1036000
2017-05-11,133.10500224957576,133.8965783676013,131.72610803032896,133.52206420898438,668200
2017-05-12,133.18159909487017,133.40289700441292,132.2453137319418,132.5261993408203,519900
2017-05-15,133.19869631701891,134.99465337920472,133.19869631701891,134.5009765625,1067600
2017-05-16,134.80734750692335,134.80734750692335,133.28375679776664,134.05831909179688,807000
2017-05-17,134.0583434775726,134.0583434775726,130.12596955830512,130.85797119140625,1167000
2017-05-18,129.9897187088778,132.24529727377342,129.18962276880856,131.26646423339844,959100
2017-05-19,132.1687405869986,134.60307006741982,131.67506392450966,133.9391632080078,856200
2017-05-22,134.4838764817132,136.39048801374506,134.4838764817132,134.8668975830078,1017900
2017-05-23,135.24995801216434,136.0670811885599,134.0923744217811,134.98609924316406,820300
2017-05-24,135.2924819053819,135.69252992594392,133.92210768313782,134.4923858642578,722000
2017-05-25,134.6286155329452,135.68406362506448,134.08387106327487,135.55638122558594,1060600
2017-05-26,135.3350851371078,135.90536349708213,134.71373901172274,135.5734100341797,447000
2017-05-30,135.2499554851401,136.05857168178403,134.9860967210698,135.6585235595703,506500
2017-05-31,135.67551063984334,136.12662643515694,134.4072848328305,135.0967254638672,1268900
2017-06-01,135.54786022658072,138.0758182192755,134.89246034276658,137.09698486328125,815200
2017-06-02,137.0374177193828,139.52281528967842,136.69695728039068,138.2205352783203,940500
2017-06-05,138.0673563415445,138.7567972941943,137.56515957196964,138.02479553222656,622900
2017-06-06,137.58217250812217,137.99924761666577,135.94793890076897,135.9649658203125,908300
2017-06-07,135.99898921316117,136.09261777702983,133.05396890916944,134.0753631591797,1109200
2017-06-08,134.0753165332578,136.5862469794225,133.89656643249504,136.228759765625,658000
2017-06-09,136.79055536980334,138.72268806155523,136.79055536980334,137.99920654296875,705700
2017-06-12,137.9055635891777,138.50988261876736,136.98630511947366,137.292724609375,892100
2017-06-13,137.36083792037013,138.18646796392053,136.7224649787217,137.0458984375,622100
2017-06-14,136.9437294468874,137.18205424782562,135.1052127073117,136.06703186035156,662700
2017-06-15,134.82437570505851,137.6076856897517,134.5520099720123,137.54811096191406,880400
2017-06-16,137.96516775088486,139.70154956020193,137.14805759522062,139.66749572753906,1112000
2017-06-19,140.3057826854827,140.77392518955133,138.71411115937315,139.64187622070312,694600
2017-06-20,138.79079769709458,139.52279924571346,137.8460051516415,138.0162353515625,583500
2017-06-21,138.61204741234718,138.74822376675496,136.075569619011,136.28836059570312,621700
2017-06-22,136.4075264631638,137.11399408212554,135.6159502440172,136.63734436035156,393400
2017-06-23,137.35234742753147,138.24607233506632,136.33095309937744,138.05030822753906,1331000
2017-06-26,138.68013163967686,138.93548341393776,137.26720939919718,137.34381103515625,359400
2017-06-27,137.56511277468138,137.7779037611477,135.41166903066056,135.64999389648438,511800
2017-06-28,136.45008725712165,136.87566922123855,135.8542751049042,136.63734436035156,707800
2017-06-29,137.00334443971903,137.99068467417047,134.5094275067716,135.18185424804688,858200
2017-06-30,135.65001316033266,138.49291101392242,135.65001316033266,137.8545379638672,702600
2017-07-03,138.46732629449167,139.53128108709527,138.00770353868788,138.603515625,403400
2017-07-05,138.36516457072625,139.42911916171388,137.52252084680927,139.15675354003906,698900
2017-07-06,138.9014474947527,140.1271256644624,138.24604761472406,138.56097412109375,705200
2017-07-07,138.84187112997577,140.88467257567132,138.3226605569814,139.95689392089844,553100
2017-07-10,139.08865790782679,141.12293855195486,139.04609712694173,140.1781463623047,559200
2017-07-11,140.09309087284407,140.29737492480302,138.8929464195845,139.7270965576172,642600
2017-07-12,140.33138355961114,141.31873676916464,140.12711254227594,141.06338500976562,535400
2017-07-13,141.06345009305127,141.67628940326622,140.47614467178394,141.02088928222656,638900
2017-07-14,141.34428800345805,142.8253179996593,141.11447009300423,142.43377685546875,766000
2017-07-17,142.31459575085302,142.43375817254463,141.36980334039453,141.54855346679688,485000
2017-07-18,141.2931891992967,141.43788548512998,140.44202540893951,140.85910034179688,580900
2017-07-19,140.8676382541698,142.45931073577123,140.7314489007356,142.43377685546875,684100
2017-07-20,142.2975944381789,142.9700212862049,140.97830059913838,141.99969482421875,685300
2017-07-21,141.25916019024294,141.82943841900556,139.53128560242837,140.5101318359375,633600
2017-07-24,140.84207640548377,140.84207640548377,139.25040423995623,139.55682373046875,937100
2017-07-25,140.671884020761,141.53155502248134,137.6928098914896,138.82485961914062,1452500
2017-07-26,134.90097227104417,140.35692304322913,134.48389728110837,138.55245971679688,1939200
2017-07-27,139.13977322826855,141.8975491272761,138.9780499982406,140.41651916503906,1018800
2017-07-28,140.42504052550777,140.44206744297506,138.96955728150175,139.99095153808594,653400
2017-07-31,140.4420259396642,141.8294270792626,140.23774195362415,140.46755981445312,636700
2017-08-01,140.60378079192932,140.90168039410756,138.3567083905313,139.2248992919922,824100
2017-08-02,138.86738744156776,141.42939913610178,138.86738744156776,140.62930297851562,786000
2017-08-03,140.55274326313582,141.3783735453802,140.28888444900844,140.89320373535156,519400
2017-08-04,140.97826199093882,141.33574922242917,140.22923370339984,140.35690307617188,536300
2017-08-07,140.4079979407353,141.7443184652136,140.2973424813797,141.13999938964844,708200
2017-08-08,140.98675384587736,141.47192338588036,140.43350263951027,140.9527130126953,434200
2017-08-09,140.86765395564578,141.3613306760727,140.35695031720886,140.98681640625,435500
2017-08-10,140.49084946240018,140.67041049317191,138.60965996555115,138.70372009277344,662100
2017-08-11,139.16547106767158,139.16547106767158,138.10515801954455,138.23342895507812,680000
2017-08-14,139.19962509893514,140.67037597408725,138.93455018206365,140.20008850097656,388300
2017-08-15,140.2514436657935,141.1749396542188,140.2514436657935,140.33694458007812,407200
2017-08-16,140.73024928777687,141.36301849648186,140.1145854759544,140.25994873046875,552200
2017-08-17,139.55880334624175,140.6875117924148,137.85717492976045,137.89137268066406,536800
2017-08-18,137.5664596129121,139.60155867156055,137.06194815081395,137.99400329589844,567800
2017-08-21,137.97689455871878,138.05384928837196,136.45484012790135,137.2073211669922,605000
2017-08-22,137.88283107069904,139.66141427130717,137.53224213624327,139.52459716796875,402400
2017-08-23,138.40439556825658,138.58396959635778,136.7968276794029,136.82247924804688,551900
2017-08-24,137.01916997193135,137.30135029788158,136.2324913575827,136.92510986328125,600300
2017-08-25,137.62628246855928,138.11368843624814,136.394954810814,136.48046875,597000
2017-08-28,137.1987263411562,137.28424027253453,135.8647925162561,136.44625854492188,341200
2017-08-29,135.7194829566538,137.3441439147462,135.6254228139685,137.13893127441406,482500
2017-08-30,137.14747986930354,139.1569406586366,137.14747986930354,139.0543212890625,383000
2017-08-31,139.72976691781165,140.4907938102026,139.3364211649886,140.2855682373047,582900
2017-09-01,140.8243251413191,141.81622950986832,140.490841626603,140.54214477539062,452500
2017-09-05,140.5336274291352,141.3032009140146,139.42201113617688,139.72984313964844,775300
2017-09-06,140.46516199145694,140.9354625073857,138.65236846165826,138.79774475097656,647700
2017-09-07,139.21676254968975,139.21676254968975,137.8486306852334,139.00299072265625,931000
2017-09-08,138.67801743502943,140.81573515142284,138.26757928680806,140.24282836914062,512100
2017-09-11,141.0893631488849,144.8089970327563,140.6361680565171,144.37289428710938,1094100
2017-09-12,145.1510442869403,145.71540493959645,144.1847916283861,144.61233520507812,621200
2017-09-13,144.5011939333336,145.7496139672615,143.83422694587173,145.27076721191406,440700
2017-09-14,144.7320907463941,147.2888068069713,144.03092585287698,147.2032928466797,746400
2017-09-15,146.75007138972344,148.93909268776406,146.75007138972344,148.55430603027344,1019600
2017-09-18,148.74239274067997,149.91387089519208,148.0412281302737,149.7770538330078,558200
2017-09-19,149.97376748231235,151.64118517958474,149.7941934006381,151.4616241455078,638200
2017-09-20,151.79511713229954,152.2996155609965,150.76901487377745,151.84642028808594,686400
2017-09-21,151.9575973201366,152.17991536122946,151.3504794863382,151.63265991210938,435100
2017-09-22,151.6326347522495,151.96611828235459,151.0511685947655,151.8207550048828,492100
2017-09-25,151.76941516869792,152.13709636149983,150.9314204103979,151.92332458496094,367700
2017-09-26,151.99177969146345,152.90672943824774,151.1537977239884,151.33335876464844,611400
2017-09-27,152.0944013967173,152.61600526600358,150.87163259930801,151.63265991210938,532600
2017-09-28,151.40180099387246,151.85499635599,150.06786649046225,151.5813751220703,467200
2017-09-29,151.5214852084085,153.48818884491033,151.23075862279998,152.3851318359375,621400
2017-10-02,152.889621473335,154.55703920377323,152.20554898075594,154.5142822265625,724900
2017-10-03,154.4886269519012,154.75370193762635,153.77035672330467,154.59979248046875,587800
2017-10-04,154.7024195801993,156.21592801701289,154.52285852271234,155.92520141601562,556300
2017-10-05,155.73702643971953,156.4552965126134,154.39453335452066,156.06195068359375,454900
2017-10-06,155.93370240411411,156.882849718567,155.67717363444666,155.8909454345703,481500
2017-10-09,156.02776538606577,157.233441492348,156.02776538606577,156.7118377685547,335400
2017-10-10,157.4558148141889,157.4558148141889,156.04492563057576,156.25869750976562,371300
2017-10-11,156.42966534295658,157.13938933406405,156.07907643513312,157.12228393554688,375500
2017-10-12,156.70332817636623,158.43915473123343,156.6349196116917,157.76364135742188,444700
2017-10-13,157.90041130812415,159.46522250755902,157.60112555804588,158.94361877441406,524200
2017-10-16,160.00394003626,160.1493033193937,158.9692916540737,159.39683532714844,390500
2017-10-17,159.3882368058143,160.14071766013174,159.02055560046915,159.27708435058594,432500
2017-10-18,158.96070640626667,159.52506709375572,157.814892681434,158.1654815673828,730500
2017-10-19,157.84917310598462,159.6363030237679,157.49002483908748,159.4225311279297,525400
2017-10-20,159.8158150287024,161.2694739120511,159.7388603012584,161.1839599609375,677900
2017-10-23,161.35498210038824,161.5687539402265,160.03815330792762,160.4742431640625,392500
2017-10-24,161.52598035094053,162.38962684552962,160.7136500526171,161.33786010742188,612000
2017-10-25,160.970178354984,161.60294763104397,159.27710921605137,159.961181640625,642500
2017-10-26,160.8590134388798,161.25235932495556,160.0295777412039,160.7820587158203,511200
2017-10-27,160.67946381591398,161.54309732478893,159.80727108324993,161.4233856201172,411800
2017-10-30,161.04713523527607,161.3122102045454,159.1060965033248,159.9013214111328,502300
2017-10-31,180.1326513313231,180.18395446962663,167.02416454343168,171.71859741210938,3465200
2017-11-01,172.9756405926076,173.44594131613934,166.7249532012663,166.87887573242188,1632100
2017-11-02,167.48596168880044,171.0687799145194,167.20378128643614,170.3505096435547,759800
2017-11-03,170.59845715343226,170.68397109977798,169.00799430361474,169.63221740722656,744000
2017-11-06,169.01654770839764,169.63221156762282,167.97334022735478,168.30682373046875,1229800
2017-11-07,168.49498902643973,171.9324443184177,168.01614212956704,171.7272186279297,1029900
2017-11-08,164.77531096418875,170.49584677161783,164.17675249689634,165.6988067626953,1459800
2017-11-09,164.7582193701186,165.14301910410055,161.9107900623125,162.3041229248047,952100
2017-11-10,162.96973054266738,165.76104345051277,161.7329621112747,165.42608642578125,541900
2017-11-13,164.66168866864692,165.87269212448686,163.29609571899613,165.36595153808594,632200
2017-11-14,164.74762112867685,165.2715166127564,163.8028636380001,164.54148864746094,575200
2017-11-15,163.57952037947163,163.57952037947163,161.16609744171964,162.0936737060547,741400
2017-11-16,171.86753658798443,173.4736105135369,165.83829848161778,166.284912109375,2377900
2017-11-17,165.78676945667726,169.1878818447545,165.78676945667726,166.92906188964844,1265000
2017-11-20,166.61989320968553,168.16585360278344,165.81255760966516,166.8174285888672,762400
2017-11-21,167.26407785713545,167.47879426003294,164.8334866037061,165.7782440185547,1001400
2017-11-22,163.553745252275,165.2800732352904,162.22251425723445,164.06048583984375,1102000
2017-11-24,164.73039437939053,164.8248701022105,163.2617287074159,164.45555114746094,280000
2017-11-27,164.91078319603707,165.43469174913875,163.73414148876336,164.0776824951172,680200
2017-11-28,162.32560016508876,170.07257163079714,162.04217294137695,169.3081817626953,1895900
2017-11-29,169.1964984157761,169.33392003690608,162.1795690642591,163.2960968017578,1201900
2017-11-30,164.17214040694506,166.89475566285628,163.80283452048738,165.8297576904297,1250600
2017-12-01,165.70948066303225,167.79651714703442,161.98200823569192,163.57949829101562,862900
2017-12-04,165.58066975143672,168.16586322779546,163.40774114033113,163.85435485839844,1326700
2017-12-05,163.91452561707234,165.38317863884038,161.06308517593683,161.19190979003906,1155900
2017-12-06,161.32935732740552,164.65317706217385,160.77968371031184,163.6912384033203,1156700
2017-12-07,165.64939679843548,166.39661874916624,163.02986731775658,165.12548828125,720900
2017-12-08,166.35371404767795,166.92056860440798,164.8592828813674,165.64085388183594,596100
2017-12-11,165.3315907695922,166.95484586384745,163.49361932368814,164.44696044921875,485900
2017-12-12,164.55862363014336,165.58925953762042,163.7942339123628,163.82858276367188,470800
2017-12-13,164.26655570682738,165.89840747255067,164.02607449591963,164.43833923339844,660800
2017-12-14,165.0653938015194,166.45675198133222,162.62621846485376,162.71209716796875,629600
2017-12-15,164.09488733147904,165.0224639097754,163.656870518916,163.9832305908203,1121300
2017-12-18,166.0358695262535,167.0321434549144,165.29724473977004,165.61502075195312,631400
2017-12-19,165.83831859494194,166.9720272247685,164.7561528980361,166.4824676513672,768500
2017-12-20,167.81374356297988,167.98551405630366,165.58068783402496,165.82118225097656,548500
2017-12-21,166.72297710051015,167.3843072463681,165.35738401530529,166.7401580810547,450500
2017-12-22,166.336464551715,167.20391390924118,165.74384531424568,167.1094512939453,422500
2017-12-26,167.10946571851773,167.99409613029653,166.84320640655497,167.07510375976562,287900
2017-12-27,167.47881975967582,168.87877511339863,167.16962756821715,168.3291015625,389300
2017-12-28,168.97325048860336,169.80635130523322,168.07143884010955,169.65174865722656,531700
2017-12-29,170.14129002976765,170.5363608887194,168.61251022547663,168.63827514648438,486900
2018-01-02,169.8922218295521,170.48484125872733,167.66776281430796,169.76339721679688,613400
2018-01-03,169.2308570229032,172.3914889648362,169.2308570229032,172.2454833984375,841400
2018-01-04,173.17304508854738,174.42698130813972,171.1117601428834,171.4810791015625,734300
2018-01-05,172.21115720108048,172.21115720108048,170.70814222248492,171.74737548828125,627400
2018-01-08,171.74734025952054,173.82579325953103,170.94858850571916,173.49942016601562,765700
2018-01-09,174.08341890659858,175.0539409403038,173.0957158965216,174.13494873046875,489400
2018-01-10,174.1263711724987,174.77052020495879,172.63194069930287,173.6024627685547,543400
2018-01-11,174.1865155275651,177.04653930664062,174.15216667277573,177.04653930664062,503500
2018-01-12,177.0809169220011,178.88454006470397,176.6772621153629,178.57534790039062,603200
2018-01-16,178.72991732060405,179.82926412158588,174.4527576582474,176.08460998535156,779500
2018-01-17,177.2612820089381,178.53239950885165,176.34230257283,177.40728759765625,742400
2018-01-18,177.8796275883973,178.42071702687593,175.43185576268144,176.11036682128906,715300
2018-01-19,176.23063602002827,177.89683739466423,174.6589103863845,174.78773498535156,1015300
2018-01-22,175.20854911230703,175.55209004493844,173.70553459786322,175.14842224121094,897100
2018-01-23,175.20860431990187,178.22321823516288,174.5043281492721,175.8012237548828,1040000
2018-01-24,177.66490751387238,177.66490751387238,170.71668916852747,172.1767578125,1456500
2018-01-25,172.71787046339233,173.76568750171762,170.06396590602012,171.5240478515625,1064800
2018-01-26,171.5497956835221,174.55582486335445,171.44672291435975,174.3582763671875,873000
2018-01-29,173.54234912232846,175.17420132535776,171.1375232635593,171.58413696289062,665200
2018-01-30,170.6222118614816,172.57182697914118,169.72040052628734,171.58413696289062,621600
2018-01-31,172.56324237689182,172.64053712111829,168.6639990513686,169.445556640625,876000
2018-02-01,169.29099636107856,173.32766199853057,168.74132290966276,171.0774383544922,1034900
2018-02-02,169.68607558973724,169.68607558973724,165.76963761364905,166.63710021972656,1153800
2018-02-05,165.4260765979058,167.03215081270926,158.51220703125,158.51220703125,1345400
2018-02-06,153.1185641189145,163.17588645527974,151.76155484511568,161.956298828125,1767000
2018-02-07,161.4581444170429,164.58441459076857,160.81399523477594,162.1366424560547,984100
2018-02-08,161.81026365938143,162.17099872139806,153.35902983016877,153.50503540039062,1264300
2018-02-09,155.60922071057064,158.77843600773014,152.749210574605,157.2067108154297,1418800
2018-02-12,159.8348823449639,161.53543244585268,157.73065128633218,160.00665283203125,800500
2018-02-13,158.01403484648114,159.2508029801882,156.339250125938,158.40911865234375,1131700
2018-02-14,157.55032610123445,161.44098667372538,157.55032610123445,160.6851806640625,823500
2018-02-15,162.05928270407986,162.2310531294112,159.2078438436545,161.10594177246094,988200
2018-02-16,160.67900954373292,162.70637412432148,159.9888420377549,160.083740234375,845900
2018-02-20,158.98803978894472,160.55817060136377,157.9182930642019,159.3158721923828,692900
2018-02-21,159.23824154405244,161.90399936365432,158.57395437799033,158.69473266601562,603500
2018-02-22,159.35041120946133,161.81775058877724,158.44456738948904,159.85076904296875,658400
2018-02-23,161.06715154673412,161.06715154673412,158.12532195060322,160.0060272216797,602100
2018-02-26,160.7997651772734,162.7926138612065,159.8421610242843,162.50791931152344,928600
2018-02-27,162.4647753033981,162.85299031104472,159.18649037378265,159.25550842285156,724400
2018-02-28,160.30803699894054,160.30803699894054,155.92548889115528,155.9772491455078,988600
2018-03-01,155.76153526585136,156.5466007054076,151.25820992393346,151.98287963867188,1275100
2018-03-02,151.1978496558396,154.60554890573403,149.00658219583423,154.09654235839844,1218000
2018-03-05,152.9491316444286,156.52936922496187,152.51777867066664,156.2446746826172,842200
2018-03-06,157.40928847263453,158.2633586943473,155.38192480361505,156.58108520507812,753100
2018-03-07,154.71767809472271,157.97870545212172,153.88085229077055,157.0987548828125,775500
2018-03-08,157.66811535668623,158.9535518036079,156.24465597920747,158.6084747314453,805300
2018-03-09,159.78176860534467,163.2153344675303,159.333157842836,163.16357421875,691600
2018-03-12,163.05133725952788,163.3101515387398,160.96359155787633,162.10235595703125,700900
2018-03-13,162.69768165640426,163.09453211160272,159.46253494629778,159.96290588378906,753500
2018-03-14,161.12757399519091,161.3691305781415,157.92692952532605,158.2288818359375,674000
2018-03-15,158.54805867209149,158.8327531438484,156.1497377857277,156.80538940429688,812000
2018-03-16,156.7882041976879,159.2382862505501,156.17567710254744,158.7206573486328,1487000
2018-03-19,158.27197552400443,158.58255006725656,155.8046369759023,157.0210418701172,525000
2018-03-20,157.84067528341313,159.24687693142235,157.0901122083774,157.2367706298828,470600
2018-03-21,157.34025996749514,158.60843832052558,156.28775802601626,156.47755432128906,525600
2018-03-22,154.47610753402452,156.37405777296595,151.65505571610467,151.80172729492188,815700
2018-03-23,152.18131041312847,152.62992115202664,147.20350701430738,147.5313262939453,1084800
2018-03-26,149.90371103334732,153.6823655397616,149.02376085381022,152.7420196533203,1166300
2018-03-27,152.9146323377255,152.9663925894238,148.7650187511657,149.42930603027344,1048000
2018-03-28,152.026053756285,152.18133451905032,149.93830679695193,150.71473693847656,1078100
2018-03-29,151.09423994968876,153.25100368835842,150.28329467773438,150.28329467773438,1205200
2018-04-02,150.43866562191826,150.43866562191826,144.1063940349553,145.77142333984375,1310200
2018-04-03,145.78862594310917,149.12729244527773,145.7799904621396,149.04965209960938,1215500
2018-04-04,145.9698408444809,149.98143132062182,145.60750593324167,149.54144287109375,1501900
2018-04-05,150.60255501017392,151.60328371494938,149.5241727803268,150.91311645507812,848700
2018-04-06,149.4637891863271,150.33511735977052,143.94247698697401,145.76278686523438,1205300
2018-04-09,146.91879609145423,149.23947673204333,145.76277351246452,146.04745483398438,921800
2018-04-10,149.85204768504894,150.5767176533412,148.10075534641734,148.41995239257812,1130600
2018-04-11,146.73759477913413,149.14455081481879,146.57367860619982,148.26458740234375,715300
2018-04-12,149.64495519697576,151.30134876811198,149.26536253536926,150.08493041992188,803400
2018-04-13,151.29267500154856,151.81892593763942,148.34222346544414,149.14454650878906,684100
2018-04-16,150.25746738301424,151.37898755411652,149.6104380339759,149.74847412109375,667200
2018-04-17,150.75781888391927,151.62914688927165,150.08490950080673,150.57664489746094,1033500
2018-04-18,151.73272801317947,154.19143209367502,150.92178230693702,152.80247497558594,741100
2018-04-19,153.12165507976695,154.3208155987576,149.39475975626343,150.5421600341797,870000
2018-04-20,151.02528607459308,151.5515371768941,147.80739689565576,149.10145568847656,1044300
2018-04-23,149.23083038758162,149.48102241583413,145.71098950268436,145.9784393310547,1137400
2018-04-24,146.51334972597923,148.8685332298766,137.54120015233815,139.76698303222656,2518000
2018-04-25,136.80790702405776,146.34943243843125,134.4182079284126,144.33070373535156,2506000
2018-04-26,144.1753716551602,144.84828104470898,138.79209653877015,142.59661865234375,1756400
2018-04-27,142.90724976637853,143.85623167263734,141.61319071085254,143.45938110351562,1139000
2018-04-30,144.0201185471087,144.88282440814197,141.88923401724878,141.9409942626953,1211100
2018-05-01,141.60450731957846,144.4255585298659,140.74180165462093,144.27890014648438,1218700
2018-05-02,144.96907870699624,146.5909698443156,143.97697228975701,144.4083251953125,1824100
2018-05-03,144.1753777461769,147.72973431409125,143.07111546211948,146.61683654785156,1910500
2018-05-04,145.78867607660538,150.4731628366217,145.1416466458508,149.6708526611328,1220400
2018-05-07,150.7146994228321,150.96489147458644,148.94614991419587,150.15394592285156,962100
2018-05-08,149.5414426024735,151.4825309430991,149.52419796186055,151.05117797851562,950200
2018-05-09,152.05189211140396,153.60476513169377,151.24094658059457,152.8714599609375,730000
2018-05-10,152.88009835796257,153.78592890354182,152.35384730116112,153.57888793945312,711800
2018-05-11,153.93442814138226,154.89700666923227,152.90248626700688,154.28131103515625,1046000
2018-05-14,154.86235212216002,155.71219220436555,153.94313544904747,155.10516357421875,644800
2018-05-15,153.89976145927025,154.68022488988404,152.95453029209273,154.5154571533203,718800
2018-05-16,154.82762170130613,156.69208241971523,154.48075205855633,156.12840270996094,891300
2018-05-17,156.09375,157.72406673431396,155.17453336715698,155.876953125,1136500
2018-05-18,156.4579268218495,158.38308363405577,156.19776799248123,158.1229248046875,821800
2018-05-21,159.51049629606257,160.68119166835424,158.93814927908446,159.27635192871094,758100
2018-05-22,159.5364767154511,160.421011622139,156.81350864354133,157.0649871826172,922900
2018-05-23,155.61679765980975,156.97828841630076,155.07914563226882,156.78750610351562,866300
2018-05-24,156.26716251950307,157.1690448006535,153.47481811001268,155.1398162841797,937000
2018-05-25,154.35064685687402,155.15712456151405,153.51814136387299,154.35931396484375,779500
2018-05-29,153.11928282434934,155.0791215496107,151.6277194645117,152.98919677734375,953700
2018-05-30,153.7262844552608,155.13979064673484,153.197299713992,154.34197998046875,625600
2018-05-31,154.4374136159784,154.92303648283718,151.46296694035283,152.1133575439453,962700
2018-06-01,153.56155581423596,155.24390159075108,152.76374494508838,154.8796844482422,732800
2018-06-04,154.9750890913157,156.46663946717254,153.50954005051233,154.4287567138672,1383600
2018-06-05,154.61951029962447,155.5040451196584,154.25529319307617,154.66287231445312,1297300
2018-06-06,154.97502266856833,155.00103722470342,153.3186920227619,154.35931396484375,1432700
2018-06-07,154.63685921949897,155.40865545474853,153.82170096900927,154.9230194091797,2217900
2018-06-08,154.89699627391317,155.05309687369274,152.85043365079684,154.36801147460938,845200
2018-06-11,154.47207969558892,156.5012948243474,154.23793541696963,154.74957275390625,1002800
2018-06-12,155.18318378756732,156.3278775159188,154.69756095695627,156.27584838867188,869000
2018-06-13,156.41457953044795,156.6487238221355,154.68020481442244,155.07911682128906,723300
2018-06-14,156.03303716720214,157.36851329852502,155.0097622906841,155.17453002929688,744200
2018-06-15,154.74955571958108,154.7755702774276,152.19135608426808,154.06448364257812,1538900
2018-06-18,152.54695462762047,152.99788259546833,151.64507222746275,152.16539001464844,943400
2018-06-19,150.07548202140006,151.00337909301643,147.14438373653485,147.64735412597656,1425300
2018-06-20,148.43645746298264,148.9220802629755,147.57793722084816,148.13294982910156,932100
2018-06-21,148.1416043034127,148.1416043034127,145.27988363928114,145.80886840820312,1034300
2018-06-22,146.92755457945222,147.1270172083167,144.9850632753986,145.67013549804688,902500
2018-06-25,145.31463298452945,145.60079324915142,142.63501323479306,143.53689575195312,1415100
2018-06-26,143.77100992278739,145.22789180476326,142.71305334555723,142.8604736328125,1208900
2018-06-27,143.84040003400906,146.60673053855368,143.25938594176736,143.2767333984375,1258800
2018-06-28,142.5569915179565,143.6669907624404,140.57980453670487,142.77378845214844,1333500
2018-06-29,143.7276592307347,145.76554189111712,143.39812375050846,144.15257263183594,1262900
2018-07-02,142.4268764944151,145.58343839267187,142.21874673558918,145.41867065429688,1145100
2018-07-03,146.9622425064614,147.9508355645363,144.40404244876336,144.92434692382812,2444400
2018-07-05,146.59802575970664,147.18770681265562,145.00240419407277,147.09231567382812,1558600
2018-07-06,146.74548518475916,147.56931074963444,146.20783311273723,146.76283264160156,1236300
2018-07-09,147.39586873281937,148.74001207994866,147.23110098138503,148.2023468017578,1646900
2018-07-10,148.7746937352831,149.09554889398245,148.04625937012315,148.6359405517578,1428500
2018-07-11,146.93622119997605,147.57793134632442,145.01106429647413,145.03707885742188,868600
2018-07-12,146.37259268277612,146.75415735305967,144.733608608864,146.40728759765625,990400
2018-07-13,146.65006875543787,148.75732788672735,146.65006875543787,148.34976196289062,680100
2018-07-16,146.34653565402755,147.02294074338565,144.5514646806477,145.3666229248047,1192000
2018-07-17,144.75093932060247,146.95360303251834,144.75093932060247,146.81484985351562,1031700
2018-07-18,147.00563890348056,148.43649308485303,146.81485658166662,147.77743530273438,657200
2018-07-19,147.02293802703863,149.71122411462514,147.02293802703863,149.21693420410156,868400
2018-07-20,148.02020952801092,149.25161396582402,147.27442788457722,148.5491943359375,1034000
2018-07-23,148.02891378230805,148.4625075621228,145.16719218908432,145.62680053710938,1427100
2018-07-24,146.78016497979414,148.63594587110552,145.86962860687407,147.8294677734375,1890800
2018-07-25,152.19137557404477,159.30230899430657,151.48027561590433,159.0941925048828,3142900
2018-07-26,159.54508153098206,161.54828164719473,159.32828475247896,159.62313842773438,1527000
2018-07-27,159.82260112391555,161.06267244918473,158.14025586489123,159.61447143554688,1013800
2018-07-30,160.34297889541128,161.60907858949685,158.14899536774644,158.47853088378906,800900
2018-07-31,159.43238556883142,163.34339540976845,158.8947204612017,162.64964294433594,1383100
2018-08-01,162.23344767520362,162.2421147870592,158.9901614899269,159.9007110595703,1093300
2018-08-02,158.37446255069253,158.8340708821796,154.62820607642252,156.3799285888672,2549400
2018-08-03,157.30783624388124,157.41190776100854,154.35940349253525,155.64283752441406,1692100
2018-08-06,155.28724978247158,156.52732137876683,154.758264953786,155.1398162841797,1118700
2018-08-07,156.13712042278007,157.85414806014415,155.7295412172708,157.2991485595703,1386100
2018-08-08,157.18642916691456,157.48128302533397,153.53557655904913,153.6656494140625,696600
2018-08-09,153.74369176373486,154.71495092407798,151.9139253034495,152.54698181152344,806600
2018-08-10,152.09363764867263,152.49463365486648,150.40244703540765,151.038818359375,959600
2018-08-13,150.89933426597793,151.15213491459764,149.2081438179111,149.86195373535156,910200
2018-08-14,149.94038432531687,151.33518391882842,149.23427185300224,150.2716522216797,807400
2018-08-15,149.62657602813906,150.21937059399514,148.432287521445,149.670166015625,793500
2018-08-16,150.28040941889077,152.03261545454532,150.02760873484257,151.0911407470703,885500
2018-08-17,151.19575515297828,152.02391188706864,150.40246243533613,151.36138916015625,887100
2018-08-20,151.59673180260313,152.71256641136245,151.3177798013122,151.49212646484375,628700
2018-08-21,151.62291377028566,152.27672386697034,150.57682027595033,151.50086975097656,809400
2018-08-22,150.4460217844115,151.32648101471287,149.02507064577165,149.36505126953125,887900
2018-08-23,149.1994274903216,151.1085547010292,148.4758895071325,150.6378173828125,1115300
2018-08-24,150.98650462587827,152.93049577001426,150.3501333485399,152.59051513671875,896600
2018-08-27,153.2879278241465,154.98783113218045,152.86078047857285,154.220703125,579700
2018-08-28,154.91807313193462,156.71386875613754,154.2904146009012,154.72628784179688,646800
2018-08-29,154.56069199526547,155.98163006575507,154.42120933135269,155.65037536621094,614600
2018-08-30,155.28422787637328,156.36518515948703,154.93552125133849,155.3278045654297,625400
2018-08-31,154.87447015301342,158.09992920465584,154.87447015301342,157.75123596191406,1227900
2018-09-04,157.2020931341743,158.70149860937184,156.90570243139797,158.43997192382812,1224300
2018-09-05,157.78611859473233,159.33782632118877,157.35024533894577,158.6230010986328,2063000
2018-09-06,158.8932799706858,159.5296513581571,157.96923056651661,158.73635864257812,1114400
2018-09-07,158.5358511193399,160.56702247178765,158.39636845866914,159.96551513671875,1151000
2018-09-10,160.43621022203726,161.74382989228417,160.43621022203726,161.0028533935547,1291100
2018-09-11,160.47116335914262,161.53469559098974,159.97426126477734,160.82858276367188,1062400
2018-09-12,160.8808015104217,162.5545530098017,160.5669722729258,161.5782012939453,1194100
2018-09-13,162.56335171545612,164.30684544604344,162.52848769363706,164.21095275878906,1066400
2018-09-14,164.5770680077085,167.29692699437425,164.5770680077085,167.0266876220703,1314900
2018-09-17,167.11382593924222,167.3230499186245,166.44257731113058,166.89588928222656,1100400
2018-09-18,167.15742716635168,169.56344323287558,166.07645648625027,169.1798858642578,940600
2018-09-19,169.33679230830984,170.3916116421466,168.98809895760937,169.66806030273438,659100
2018-09-20,170.5920947920213,171.87356336199417,169.51112421614422,171.69049072265625,711100
2018-09-21,171.38541079816443,172.80634890923912,170.67057210154334,171.27207946777344,1174800
2018-09-24,170.71412803169346,170.71412803169346,167.5496838069789,168.40399169921875,1005800
2018-09-25,168.57839590965773,168.7701812646471,166.573375663187,167.035400390625,792100
2018-09-26,166.71278714238605,167.39274827357775,165.39644155878082,165.92820739746094,853700
2018-09-27,165.1959969174782,165.5359775927826,163.8535128744759,165.1698455810547,1012600
2018-09-28,165.161130862973,165.7800635530834,162.92073552383874,163.46994018554688,827400
2018-10-01,164.50729743591373,165.53595198088058,163.02531765828158,163.89706420898438,745000
2018-10-02,164.05400228477984,165.6057102395985,163.8360656248132,165.2395782470703,1208800
2018-10-03,165.63184235836323,167.34047142706103,165.22212042101722,165.53594970703125,702800
2018-10-04,165.23959564262117,167.08769445712102,164.25451757929272,165.2570343017578,581400
2018-10-05,165.33550014297518,165.90213023835673,160.9331761729017,161.87466430664062,882300
2018-10-08,161.14239756237302,161.6218476498098,159.11993864842785,161.3516082763672,943900
2018-10-09,160.8720861472713,161.06387143293878,158.61426600448945,159.86087036132812,985400
2018-10-10,159.52961122203632,159.78241185697493,152.6863958024491,153.4535369873047,1497400
2018-10-11,153.60177505111156,154.3166137726577,148.63282122477807,148.72000122070312,1757100
2018-10-12,151.17829397075224,153.41868912050435,148.24922485890283,150.62908935546875,1257200
2018-10-15,148.2928061377944,149.54812329795678,147.22056160590432,147.3426055908203,827200
2018-10-16,149.20815746730773,150.43732341696978,147.20313754338062,150.3501434326172,1100500
2018-10-17,150.41115991350435,150.5157785558753,147.88309996980806,149.52198791503906,1072200
2018-10-18,149.05997105502152,149.05997105502152,144.59661896468555,144.92788696289062,1223300
2018-10-19,144.5094475076095,145.49451218787922,142.05984152206165,142.70492553710938,1856600
2018-10-22,143.34128972127587,143.96894834910285,142.14700111362072,142.28648376464844,1034000
2018-10-23,138.3898090404021,141.37989427763893,136.8293880699988,139.9763946533203,1259400
2018-10-24,139.7497353411155,140.70866219646481,133.96133679142818,134.3274688720703,1702800
2018-10-25,136.12323123991558,138.79078710683314,135.82684057752405,137.2913818359375,2182000
2018-10-26,135.76582493811756,142.44339401422013,135.18175629226226,140.6301727294922,1713300
2018-10-29,142.70494262161515,142.86186395608783,136.30632456560673,138.3636474609375,1157900
2018-10-30,138.11077694191067,143.09716745646853,138.11077694191067,142.75718688964844,1368100
2018-10-31,144.40483434064703,146.40114171615323,143.5156622912921,143.6028289794922,879700
2018-11-01,144.7884487604696,151.33527691457897,144.60538934868023,151.1260528564453,1331400
2018-11-02,152.31157336436803,152.5207973457354,148.8507381539794,150.3501434326172,1152200
2018-11-05,151.12601114223483,151.9541678616607,149.234322365677,150.8383331298828,622500
2018-11-06,150.05373835880806,154.83961841953405,149.89681706240242,154.36016845703125,1120600
2018-11-07,152.46846468579002,156.64413806579196,149.83579970951206,156.0164794921875,1378200
2018-11-08,154.91211153274546,155.84119637442078,150.45073086249133,151.0204620361328,1392600
2018-11-09,149.6092940931484,150.5120850479983,146.48896651627481,148.3646697998047,1541000
2018-11-12,148.6100591425805,148.61881929725615,145.1478988976639,145.47219848632812,897600
2018-11-13,145.37582852148302,149.0395804581721,144.97263391815613,146.33120727539062,911200
2018-11-14,147.19897577151912,149.22368262942416,145.42844727540285,146.4714813232422,930700
2018-11-15,145.93679799739655,151.53761511529814,144.94635178526994,151.37107849121094,965300
2018-11-16,150.5997365578445,152.71208438217346,149.75829346600858,150.4069061279297,760100
2018-11-19,149.44274871059866,149.66187297557022,145.98934815476161,147.28656005859375,922900
2018-11-20,145.41088485276035,148.0666703850688,144.4292122366503,147.453125,930500
2018-11-21,148.4873560792437,151.24831620700346,148.4873560792437,148.71524047851562,719500
2018-11-23,147.13759537432207,149.14478165231796,146.4714622505588,146.64675903320312,507400
2018-11-26,148.2244338951915,151.06428948213636,147.88260054091634,148.86427307128906,882900
2018-11-27,148.29455018566426,150.0387708986033,145.7088863510641,147.48817443847656,879600
2018-11-28,148.0140370562937,151.49373105040382,146.70806514807367,151.33596801757812,687700
2018-11-29,150.62606010670896,151.98462016592563,149.40772944521711,150.55593872070312,493700
2018-11-30,150.04754166403603,152.97503878723344,148.09295686313294,152.80850219726562,789000
2018-12-03,157.44518344928713,158.53203132892654,155.14875187843805,156.06907653808594,934800
2018-12-04,156.2005343659615,156.91925494264387,149.83715766336422,150.2841796875,1354400
2018-12-06,148.1367768808414,148.96945986363016,142.27302224610017,146.59414672851562,1590400
2018-12-07,146.9973712250492,148.3121172032887,140.85311646053253,141.59814453125,1050000
2018-12-10,141.64194933616423,141.87859394477482,136.4180202698001,140.37979125976562,1274600
2018-12-11,143.25469254682622,143.58776573478775,137.68893044182553,138.44271850585938,1151500
2018-12-12,140.493760715862,142.89536837847862,139.31049726429367,139.4857940673828,1144000
2018-12-13,139.95022623540785,140.44106224665117,136.47930679917118,137.7852783203125,1587600
2018-12-14,136.56699196931123,140.01163204664618,136.2163985279089,137.38214111328125,1051700
2018-12-17,136.92640370610758,137.64512450824228,133.50806972487212,134.37579345703125,1147800
2018-12-18,135.61164099748393,137.32956793302628,133.04349737669938,134.68255615234375,1117900
2018-12-19,134.94547382240862,137.0841151066404,131.8251335034555,132.55262756347656,1013400
2018-12-20,131.47460015205226,132.5176341198113,127.99490466475159,129.8443145751953,1772700
2018-12-21,129.84427694059804,131.3956805175277,126.79407084595528,126.89924621582031,2627900
2018-12-24,125.97014510873093,128.0474386397867,123.98926677897173,124.26097869873047,605100
2018-12-26,125.14623440979167,130.34386831773696,124.46256785349672,130.22991943359375,914000
2018-12-27,128.02992498647257,131.50960582042384,126.74147330864864,131.2904815673828,1016600
2018-12-28,132.35108525218345,133.01721834996778,130.24749719391642,130.52796936035156,832600
2018-12-31,131.01005199341512,132.35985194549957,130.40526671887204,131.8953094482422,610600
2019-01-02,130.1773763121121,133.2188228628561,129.7829552214477,132.2371368408203,948300
2019-01-03,130.91362496094519,131.44828879867404,127.27616685747412,127.56539916992188,1190900
2019-01-04,129.896869847737,131.75505282718913,128.82754229683903,131.58851623535156,1045000
2019-01-07,131.82515106849308,134.54229727523074,130.36140259881665,132.6841278076172,864900
2019-01-08,133.40283126512392,134.56857379737136,131.68490475654596,134.41957092285156,924400
2019-01-09,135.60289870603322,136.57581121199362,134.32320680545163,135.2259979248047,678100
2019-01-10,134.25308437499424,136.00607890368667,133.4291748066229,134.37579345703125,1667900
2019-01-11,133.35030089488026,137.8029088575156,133.35030089488026,136.60211181640625,1361600
2019-01-14,135.62916572102068,137.74151356214898,134.10405595618832,136.90884399414062,934600
2019-01-15,136.98774519253664,137.69771917805713,134.9279847416367,137.45230102539062,1257100
2019-01-16,137.2594360450318,139.06501773166224,137.10165962983535,138.19728088378906,851100
2019-01-17,137.30329720325207,142.08897836364363,137.30329720325207,140.4674530029297,1129300
2019-01-18,141.48418610329048,145.3583023875488,141.1949404025781,144.40292358398438,1490800
2019-01-22,143.4913241695616,144.1223896806584,140.98454231216195,143.2809600830078,1248200
2019-01-23,143.4825985710429,143.71925657568679,140.10809214969734,141.82601928710938,922700
2019-01-24,141.86110743573647,143.10573212036246,141.3352036538207,142.6411895751953,946500
2019-01-25,146.13840191812145,146.31369871625952,144.5782376784022,145.81410217285156,1053500
2019-01-28,143.97340727107854,145.20927137851425,142.91285328117056,143.08815002441406,1280100
2019-01-29,157.59420456366732,157.68184626205928,149.95990780883932,152.18621826171875,2420900
2019-01-30,152.3263966827913,152.76464515096404,147.4267820184479,150.64352416992188,1867600
2019-01-31,150.7224564648696,151.86189206547775,147.62840920735178,148.58380126953125,1391200
2019-02-01,149.07464545448303,151.1694732285454,147.7861934999043,148.06666564941406,1150900
2019-02-04,147.56709054132753,148.72406005859375,145.77026834572257,148.72406005859375,1667900
2019-02-05,148.19813325985513,149.7407633617953,147.59334811286107,149.64434814453125,1409200
2019-02-06,149.21488349014857,150.74875354232174,149.21488349014857,149.84596252441406,1047100
2019-02-07,148.29457417111914,149.3814222184597,147.47066460343396,148.97824096679688,754200
2019-02-08,147.48817186524178,148.513671875,146.9272142520163,148.513671875,856400
2019-02-11,148.43476546077386,149.16224616788722,148.11922602034062,148.7415313720703,649300
2019-02-12,149.7144991570228,151.6866180488795,149.26749035627867,151.37107849121094,1094800
2019-02-13,151.88820635434288,155.62209329197105,151.65156172042978,154.9822540283203,1119900
2019-02-14,154.12325397977622,155.98143701219925,153.70253909712486,154.62286376953125,1265500
2019-02-15,156.20928033403075,156.6146906924745,155.61878197839795,156.3414764404297,702600
2019-02-19,155.58352674726888,157.31977406915672,155.51301767171347,156.40318298339844,475800
2019-02-20,156.6675630096546,158.1041567347644,156.00655560704286,157.61941528320312,563400
2019-02-21,157.117101648713,157.3198068780644,155.821525692682,156.84388732910156,533500
2019-02-22,157.26689476050512,158.65941873655402,156.75571405171013,157.96315002441406,656300
2019-02-25,158.69463438737188,159.9725791762427,158.1658366031296,158.71226501464844,712200
2019-02-26,157.90143854941581,159.37327996413623,157.90143854941581,158.0248260498047,569100
2019-02-27,157.46083120562477,159.24995741508695,156.68524463072058,159.09130859375,561800
2019-02-28,158.47428312321023,158.63293185673365,156.65871868982921,157.3726043701172,735500
2019-03-01,158.6241430659184,159.15295435752753,156.01537476282877,157.3285675048828,753100
2019-03-04,158.64177211996787,159.24990106481116,155.9184249261502,156.73806762695312,842400
2019-03-05,156.8879362588356,157.9543677068219,156.42964736635932,157.0818328857422,705900
2019-03-06,157.01128544797626,158.15703429577803,156.56180525806258,156.91433715820312,561900
2019-03-07,156.75573261511127,156.75573261511127,153.6886614473622,154.6845703125,727400
2019-03-08,153.43302290951652,153.84725525819024,152.3313439924543,153.82081604003906,545500
2019-03-11,153.71508585154652,157.48723404253394,153.67101599756796,157.21401977539062,687400
2019-03-12,157.7251862945225,158.86211311471027,157.14349655013336,157.46958923339844,650800
2019-03-13,158.27163355226813,160.42211338485106,157.46079931917208,159.87567138671875,742300
2019-03-14,159.531903174519,159.54953380130294,158.0336226553529,159.24105834960938,715000
2019-03-15,159.29402812188746,159.89333524331317,157.32862244537992,158.05133056640625,1867100
2019-03-18,158.40382150223732,159.46143073225556,158.139415832675,159.33804321289062,548900
2019-03-19,159.41734320721582,160.21935520240947,156.95838844300607,157.55770874023438,593600
2019-03-20,156.5882594997848,156.8438565829018,153.8384727598556,155.13404846191406,627500
2019-03-21,154.3143663561132,156.6234945157542,153.57404134992095,156.01536560058594,554600
2019-03-22,155.0194430680336,155.3014793256391,149.66087520759055,149.76663208007812,788200
2019-03-25,149.54628778314148,151.07102099858764,148.4886787737893,149.67849731445312,651100
2019-03-26,151.14159055795645,152.03174258622767,149.97821076823146,151.16802978515625,556700
2019-03-27,150.9741224834566,151.72325628156162,149.86362122661572,150.74496459960938,582600
2019-03-28,151.2737550570626,153.3360950367366,151.14155894871072,153.21270751953125,602600
2019-03-29,154.36729043918479,155.16050756457122,153.8649316965164,154.64051818847656,656000
2019-04-01,156.35914556404748,159.79637965892246,156.35914556404748,159.44384765625,780000
2019-04-02,159.53193612731482,160.60717596336215,159.00313824861936,160.46617126464844,639300
2019-04-03,161.10954930810527,162.48444263081285,160.98616179063742,161.57666015625,620100
2019-04-04,161.18005336680275,163.04849670124275,161.18005336680275,163.03968811035156,532600
2019-04-05,163.04850630332734,164.15018539997146,162.74003077697452,163.34815979003906,602300
2019-04-08,163.35701798649896,164.54682360528292,162.59906206231548,163.9298858642578,408200
2019-04-09,162.74001247252178,162.9339090475808,160.60716359510226,160.82749938964844,610900
2019-04-10,160.94209399354762,161.79699803557415,159.34686483726023,161.1624298095703,924900
2019-04-11,161.68243192087414,161.89395916238226,160.5983833856381,161.24176025390625,834900
2019-04-12,162.02619291891688,162.51974314884652,161.28586757402238,162.3787384033203,792600
2019-04-15,162.82820652377222,164.00039495583698,162.6078706556751,163.9298858642578,668400
2019-04-16,164.22069334744987,165.67490436573456,163.58612511628502,165.32237243652344,669000
2019-04-17,166.43284384119372,168.7595893118514,165.90404599908908,165.95692443847656,867000
2019-04-18,166.58267902315038,167.73724995070205,166.16844662928588,167.38470458984375,917500
2019-04-22,166.6532078506468,167.43760288022304,165.60440713114141,166.89117431640625,414300
2019-04-23,167.27896504364787,167.9576031664372,166.6796445921863,166.97048950195312,818700
2019-04-24,167.0497921691696,167.94876604150187,166.32709770381942,166.48573303222656,850400
2019-04-25,157.11707445468915,160.21058460810357,154.6228712924053,155.31031799316406,2494600
2019-04-26,155.3102957501705,157.37263555708574,154.49946164099603,157.258056640625,966000
2019-04-29,157.24926927679553,159.937369019554,156.7380885512684,159.5143280029297,953800
2019-04-30,159.92855505730097,159.92855505730097,157.3285816625251,159.26754760742188,970200
2019-05-01,160.12242865004404,160.38683430386644,156.2357152973067,156.31503295898438,645900
2019-05-02,156.3855771843224,156.5354039505814,153.42426278193435,155.00186157226562,736000
2019-05-03,156.1299237826122,157.73397466945622,155.09875397602462,157.55770874023438,723900
2019-05-06,154.67572805585849,156.30621831779044,152.77202355990354,156.18283081054688,596200
2019-05-07,154.3056234844134,155.01070098269923,151.0182159546402,152.47242736816406,783200
2019-05-08,151.9259480565377,152.9747486365304,150.2513878752263,150.365966796875,628100
2019-05-09,148.4446037134883,149.422895038612,146.1443112593023,148.9469757080078,1041000
2019-05-10,148.45063851156885,149.14205378583202,145.17970512324158,147.58193969726562,1480800
2019-05-13,144.78966344341575,144.78966344341575,141.35917915843933,142.58245849609375,1186100
2019-05-14,143.2915462480998,144.00956662215492,142.35193168005114,143.45111083984375,907800
2019-05-15,142.6001420355099,144.64779535779158,142.0151078904743,143.7968292236328,681500
2019-05-16,144.3641221331203,145.684908908191,143.95635800949327,144.47048950195312,526800
2019-05-17,142.804070889508,144.44396048433222,141.99741525604963,142.11265563964844,579900
2019-05-20,140.73864499103283,142.4671826294226,139.56854965066879,140.57022094726562,685000
2019-05-21,141.7846350211571,144.03617732414887,141.7846350211571,143.16746520996094,760800
2019-05-22,142.62673505372499,143.2472475420651,141.29708862304688,141.29708862304688,489500
2019-05-23,138.6821115970655,140.8893294073319,136.89151739185976,137.52088928222656,972400
2019-05-24,138.62895202363092,138.81510849639105,136.47493105436587,137.20179748535156,767800
2019-05-28,137.61841336185427,138.28323661481008,134.30315653780363,134.35635375976562,1188200
2019-05-29,134.40952160301688,136.33307503159313,133.9485737480919,135.721435546875,1074300
2019-05-30,136.34198561056954,138.34532885116226,136.34198561056954,137.7779998779297,1254000
2019-05-31,135.7125986724502,135.7125986724502,131.2804434385474,131.9452667236328,1575800
2019-06-03,131.8122504270675,134.60451541794694,131.8122504270675,133.2305450439453,1019400
2019-06-04,136.53696969073326,139.40901108087715,135.38460665312755,139.2228546142578,1109700
2019-06-05,140.11817479200786,140.58798220743202,137.47660029389337,139.28492736816406,1054100
2019-06-06,139.63951290818326,140.49935229768963,136.8649787837431,138.4428253173828,825200
2019-06-07,139.44447847867087,140.15362608572084,137.65388381418944,139.28492736816406,905700
2019-06-10,140.10931599156262,142.2722103251301,140.10931599156262,140.77413940429688,798200
2019-06-11,142.73309038182705,143.09651672808153,140.80953718000018,141.01341247558594,1018000
2019-06-12,140.80954939295054,141.3945834886719,138.97463099594773,140.03834533691406,591700
2019-06-13,140.95139890769642,141.2439227825228,139.94086803368927,141.2173309326172,374200
2019-06-14,140.37522220923657,140.8627619939593,137.70706960682963,138.7530517578125,478200
2019-06-17,138.83281064552497,140.02949783479127,137.98184451055312,138.1502685546875,577300
2019-06-18,139.4090161341076,142.3519602101614,138.45166896935817,140.73866271972656,846700
2019-06-19,141.36800502920417,141.54528851517335,139.0987439467276,140.6765899658203,777500
2019-06-20,142.78630735944432,145.33036000573523,141.43892844978356,144.53257751464844,988700
2019-06-21,144.9491987642195,145.43673851218412,143.29156362113974,144.24005126953125,1051800
2019-06-24,143.67272690383203,145.19738918705386,142.92812816808066,143.75250244140625,443200
2019-06-25,144.43508503935777,144.78079262598573,142.6622228462165,142.85723876953125,567200
2019-06-26,143.4511427403588,144.568041027494,143.05225146108657,143.9298095703125,571100
2019-06-27,143.92982161160705,145.50766797779173,143.0345310187073,143.7170867919922,432500
2019-06-28,144.2577924352656,145.92427359422206,143.91208487042135,145.2239990234375,955500
2019-07-01,147.1918774837304,147.91874390597752,144.87829191907622,145.90655517578125,714500
2019-07-02,145.6051335817605,145.83561427043978,143.11426493713483,144.3641357421875,687100
2019-07-03,144.4882418221409,145.4278564453125,144.24890168341483,145.4278564453125,423900
2019-07-05,144.12483062503014,144.12483062503014,139.11650027442852,141.2882537841797,1047300
2019-07-08,140.57911331605217,142.36084859023768,139.5153986375649,139.55972290039062,780900
2019-07-09,138.38960908490276,139.41787233341154,137.0688354971205,137.52976989746094,1164700
2019-07-10,138.23887695975264,138.85051635998389,135.55299278767126,136.12918090820312,1177900
2019-07-11,136.60788788838195,138.5669064349062,135.0743659789728,138.4605255126953,1073200
2019-07-12,139.39128538645528,142.74199374006687,138.50485431881486,142.14808654785156,1107700
2019-07-15,142.13922852251255,142.7419951620979,140.76525764880913,141.19960021972656,903900
2019-07-16,140.8804645355046,146.66887108873223,139.69265030749403,144.10708618164062,1842800
2019-07-17,143.5929582959459,143.98297656264054,141.43892399645142,141.77577209472656,1061000
2019-07-18,141.35919550426513,142.02401895580238,140.05614045718266,141.07553100585938,668900
2019-07-19,141.42121271026653,143.30045585271318,140.93368642262286,141.78465270996094,1077500
2019-07-22,141.82011109082856,143.43340859718242,141.0311879832779,141.2173309326172,770100
2019-07-23,142.05055736863503,148.07829043328786,141.8378090748722,147.7857666015625,1253800
2019-07-24,146.52706033763928,150.48940835024158,144.7630576178221,149.7004852294922,1911200
2019-07-25,142.31648102011735,149.8511435282272,142.19238123748886,148.22897338867188,2440000
2019-07-26,148.26444798879686,148.4328720472496,144.94033165364257,145.9242706298828,1087700
2019-07-29,145.79130097854295,146.52704029796848,144.05389034669207,144.70985412597656,1096700
2019-07-30,143.5397844218563,146.92595778447807,142.99020145706308,146.60684204101562,1157900
2019-07-31,146.553649798588,146.553649798588,140.80958027682908,142.5203857421875,1270500
2019-08-01,142.12150770658621,144.33758557852974,137.3613767659286,138.0705108642578,1557400
2019-08-02,137.4588859804268,137.8134530328082,135.3846267938108,136.33311462402344,1118700
2019-08-05,133.8599558231178,134.96799470044735,132.42394176637555,133.67381286621094,1243800
2019-08-06,134.58683365824933,135.91648028969712,133.93974275152027,135.73919677734375,928900
2019-08-07,133.2305874242476,134.7907011783934,131.31589314016128,134.6754608154297,1052300
2019-08-08,135.68599302498882,138.85054450673763,135.47324472608503,138.62893676757812,1159400
2019-08-09,137.67454444707266,138.24540042978745,135.9262903442261,136.90745544433594,851800
2019-08-12,136.22956360918639,136.47931226748378,133.33068261583074,133.7588348388672,769800
2019-08-13,133.3307152735451,139.07496304192983,133.0720518177668,136.506103515625,1001700
2019-08-14,133.7944896993306,134.25831440783315,130.77964950948297,131.0472412109375,931800
2019-08-15,131.42188677404823,131.42188677404823,129.4863277897449,130.16421508789062,782700
2019-08-16,131.40405259009466,134.3832070335845,131.15429032049585,134.07101440429688,853100
2019-08-19,136.3455130854645,136.95204160766494,135.1681149749153,136.68446350097656,621400
2019-08-20,136.4615345968814,136.4615345968814,134.15133821531174,134.41893005371094,512300
2019-08-21,136.48825813031794,136.79152245284894,134.75784676838492,135.47142028808594,433600
2019-08-22,136.03330993652344,136.85391449074865,134.4367017124907,136.03330993652344,504600
2019-08-23,134.87382209137232,135.64091133261888,131.0472906214468,131.8946533203125,793500
2019-08-26,132.79555388544622,134.07105538467022,128.36249341211996,128.933349609375,1258500
2019-08-27,130.2266856136485,130.8956583137186,129.38823765191512,130.44967651367188,582700
2019-08-28,129.91445750769424,132.26032549197996,129.03142249481155,131.91246032714844,547600
2019-08-29,133.7231752981897,135.39114280030122,133.7231752981897,134.90057373046875,630300
2019-08-30,136.37228283824842,137.09477101013545,136.05117547182292,136.2830810546875,728200
2019-09-03,134.64185471722416,134.68645560338717,130.16419522999487,132.21571350097656,722400
2019-09-04,133.8837172394733,134.37428624123743,132.7509198644364,133.64288330078125,665100
2019-09-05,136.58636663779362,142.81226767071973,136.327689617081,141.55459594726562,1086300
2019-09-06,141.51890592791517,144.23046847645725,140.8053325382103,143.6417694091797,1034600
2019-09-09,144.50701099029288,145.76468287230875,143.96291267603465,144.4891815185547,852700
2019-09-10,144.47129086857134,146.166015625,143.11550289726085,146.166015625,857200
2019-09-11,144.29288284197722,146.16599729412872,142.74977679034393,146.08572387695312,917600
2019-09-12,147.17396176310882,149.61794639148235,145.8449313905164,148.181884765625,1071000
2019-09-13,149.47525570785692,151.72300770030967,147.98567818901662,148.73492431640625,997800
2019-09-16,148.13727611721652,149.091669832849,147.03123665368994,147.8875274658203,1150100
2019-09-17,146.64768759033515,146.98662438511732,144.2661472422736,146.3354949951172,791000
2019-09-18,145.42569606921174,146.72796852611276,144.05207852259701,145.90736389160156,1203100
2019-09-19,145.98765543911355,147.2809997125658,145.35436901479486,145.39895629882812,1044200
2019-09-20,146.4960618387309,147.191792145503,144.34642695254212,144.55157470703125,1625100
2019-09-23,143.5615011381842,146.98663719960325,142.73198174014652,146.43362426757812,1009700
2019-09-24,146.61201007190766,146.8885165300992,143.26714754162847,143.73097229003906,1241300
2019-09-25,143.365245377025,145.4167635170623,141.45644461948808,144.87266540527344,888000
2019-09-26,144.7032503374081,147.09371985152728,144.7032503374081,145.82713317871094,986800
2019-09-27,146.98662228167643,148.50297073928738,145.39001400596217,148.2888946533203,757700
2019-09-30,144.49807464269853,147.3523548765473,142.72306252979357,146.99557495117188,1149700
2019-10-01,148.39594130371185,149.7963303255848,144.56942444029627,144.75672912597656,959500
2019-10-02,143.2404003438228,143.2404003438228,137.17504645077221,138.99465942382812,1651600
2019-10-03,138.34357297357974,141.3584009735796,136.5239594346043,141.26028442382812,815000
2019-10-04,141.2959291562589,142.2057220486532,139.94014094191758,142.15220642089844,486800
2019-10-07,142.02730048985643,142.17001787230723,139.87767946166065,139.98471069335938,664900
2019-10-08,138.0758958062044,138.5129490311,136.17600997630817,136.72010803222656,593700
2019-10-09,138.24541133212688,138.24541133212688,136.43472673117697,137.28208923339844,760200
2019-10-10,136.97880149966272,139.64576288057683,136.1225107994902,138.07591247558594,667900
2019-10-11,140.99269170126388,148.29786209647727,140.99269170126388,146.37123107910156,1504600
2019-10-14,144.85484282144515,146.89744651788288,143.32959311232727,146.39794921875,469700
2019-10-15,146.9063923308025,150.1174665192407,146.21957659405365,149.28793334960938,875700
2019-10-16,148.35134777358004,149.6892927703391,147.04907532154454,147.1293487548828,780200
2019-10-17,148.63678786022984,150.82209557739193,148.09268961462539,148.3870391845703,691100
2019-10-18,148.63676104618972,151.4196821359475,148.49404365433557,150.91127014160156,971700
2019-10-21,151.50893016904618,153.1858260096444,151.41081363347323,153.0787811279297,533800
2019-10-22,152.86469759231235,154.77349879563843,151.4643084687473,152.50790405273438,811300
2019-10-23,153.1322791944363,155.19272620506862,151.91922196330566,153.6317901611328,760400
2019-10-24,154.52376258490065,155.60303080474395,153.3017633274335,154.8716278076172,551600
2019-10-25,156.08463924276177,158.60889663455768,155.04995870423411,158.2164306640625,716400
2019-10-28,159.4027835931046,159.94688180602233,156.56633293239668,157.64561462402344,790100
2019-10-29,156.6644411988343,158.40376699761248,155.71896223182057,156.04006958007812,965100
2019-10-30,155.68330399473874,156.2898462547868,153.3463639696228,156.27200317382812,802700
2019-10-31,155.9330564071451,156.27199326216473,152.42763298152224,153.40879821777344,658200
2019-11-01,154.65754693536823,158.5019073486328,154.58618822388078,158.5019073486328,661900
2019-11-04,160.5266264707535,162.27486681114976,159.63466322475736,162.20352172851562,777900
2019-11-05,162.40869280882583,163.5504048389882,161.409698185004,162.22137451171875,802200
2019-11-06,161.84678298175257,161.85571132780964,158.48407659659176,159.14413452148438,1123700
2019-11-07,160.9369505620589,161.3026588244193,158.48405119936294,158.8140869140625,1058400
2019-11-08,158.46425387931967,159.81887431475005,158.1323301905363,159.52284240722656,627300
2019-11-11,158.89484302107834,162.3756062537535,158.64365533301955,160.7608184814453,1210100
2019-11-12,180.34458463697618,185.79897160146805,176.13717008502962,177.6353302001953,4132200
2019-11-13,175.54502909001505,180.5060190303225,174.5402785647372,177.68911743164062,1513300
2019-11-14,177.92236709582426,179.33081111349165,176.80098880299678,178.2991485595703,1211200
2019-11-15,179.06169311564778,180.2099834042162,177.92236892558225,179.66275024414062,825900
2019-11-18,178.89127079069073,179.42055815195044,176.6395340251143,177.33030700683594,1156200
2019-11-19,175.8052278313003,178.11077479141213,175.25799460370385,176.43319702148438,738800
2019-11-20,176.03842474835847,177.41099051729577,174.73762882410588,176.02049255371094,1123700
2019-11-21,175.3655903840674,176.42417843720114,174.50437966193252,175.12338256835938,936200
2019-11-22,176.04746073247253,176.3165806250763,174.12766126258427,174.75563049316406,631500
2019-11-25,174.9888415799856,177.10600439195287,174.36983855824727,175.5809326171875,914400
2019-11-26,175.08751021338503,176.26271241183588,174.01995594496046,176.1191864013672,902600
2019-11-27,177.33923718170672,177.33923718170672,175.17723029736538,176.20889282226562,659500
2019-11-29,176.07432934744202,176.99834392096608,174.78249942636396,175.68856811523438,330800
2019-12-02,176.44215756732817,178.18253904584424,173.83159903825535,174.01101684570312,592100
2019-12-03,171.47219930453517,174.7825102603136,170.63790041386582,174.07379150390625,966500
2019-12-04,174.5941459516724,177.2316304251669,174.54032197281785,174.9440155029297,911100
2019-12-05,175.85004808433544,176.41521339023538,175.22207902850283,176.2178497314453,543600
2019-12-06,178.57723540374545,179.16036028749656,177.50071505742653,177.78778076171875,635800
2019-12-09,177.84163719770777,179.69863259571775,177.84163719770777,178.30812072753906,891700
2019-12-10,177.9582524784702,180.07541532972792,177.03423782237087,179.19625854492188,641500
2019-12-11,180.40734621740125,182.62319083130654,179.64480349860636,182.34507751464844,720300
2019-12-12,181.9862139023561,184.525015622857,180.76615395343512,184.32765197753906,828900
2019-12-13,184.46227385047462,185.65542222031976,181.37623802000329,182.53350830078125,938500
2019-12-16,183.86116886641645,184.79416320429237,182.201537326195,183.37673950195312,963000
2019-12-17,182.88338517065708,183.78048800899273,180.92769386495976,182.66807556152344,908300
2019-12-18,183.3767649668883,183.75354645572637,181.5646136921616,182.8743896484375,1039300
2019-12-19,182.7219011181101,183.1435405508619,181.43905061879943,181.9683380126953,893300
2019-12-20,183.08073069539265,183.42163412046574,181.2775590974725,183.3229522705078,1256100
2019-12-23,181.14293729867413,183.47540930172576,180.16509884740242,183.27804565429688,1001600
2019-12-24,183.60107176313048,183.60107176313048,181.46596260908544,181.9683380126953,253900
2019-12-26,182.36305054912765,183.20632934570312,180.6495809678904,183.20632934570312,297600
2019-12-27,183.5741241406399,183.6548600958269,181.72609482662375,182.08493041992188,451100
2019-12-30,182.37196869127928,183.26010513068277,181.81576949882162,182.04901123046875,337000
2019-12-31,181.69919866933273,183.1166227639072,181.510814743294,181.81582641601562,436300
2020-01-02,182.8474440890467,184.48016357421875,181.75297790822552,184.48016357421875,638200
2020-01-03,181.13398309284355,182.3181513664589,179.87803128232554,181.7888641357422,542600
2020-01-06,180.74826727501792,183.29604961582652,180.24589190009021,183.23324584960938,1006900
2020-01-07,183.45745655310074,184.1482292932509,181.43897597977812,182.8563995361328,708700
2020-01-08,181.9144457251503,185.5208016450623,179.88699898223751,184.24691772460938,671100
2020-01-09,185.44007791102297,186.54351023716478,183.87911451429397,185.8527374267578,676100
2020-01-10,185.73614878586696,186.25647002757012,183.63693161977974,183.98680114746094,777200
2020-01-13,183.90607749334544,185.34144747609162,183.59208603190012,185.32350158691406,547400
2020-01-14,185.3234390982267,185.3234390982267,181.48384143105176,182.0220947265625,805000
2020-01-15,181.67223865283984,184.28281044743602,180.89176378817257,181.42105102539062,711600
2020-01-16,182.67699909987306,184.19310462000612,181.72607257424372,184.13926696777344,562900
2020-01-17,184.60577120463543,185.29654403674616,183.4485148782285,183.67279052734375,594600
2020-01-21,182.57830332206404,183.29598805465116,180.64952474769248,181.02630615234375,719200
2020-01-22,182.67700485671386,182.89230071763433,178.60415143077842,178.86431884765625,682900
2020-01-23,179.12447201550478,181.9054955124211,176.50493410247284,181.48385620117188,766200
2020-01-24,181.88757746096869,182.2464130754235,177.5097117833733,179.1693572998047,631200
2020-01-27,175.2310587434221,175.90388571739223,173.68804112135464,173.9661407470703,835600
2020-01-28,175.65272200573432,177.12396997503768,174.18147403643096,176.43319702148438,1165300
2020-01-29,175.83208284689476,178.87325965062735,173.43682091198124,175.98458862304688,1163000
2020-01-30,174.38777543202698,176.14610256684014,170.23418597635413,174.76455688476562,1151100
2020-01-31,173.54451324195193,174.31602210556375,170.80834729026472,171.93870544433594,1250400
2020-02-03,173.0062453917071,176.87275548587573,172.6832879016139,174.540283203125,1019900
2020-02-04,178.21838668899642,182.11180827017472,178.21838668899642,181.5645751953125,843400
2020-02-05,183.84322910735216,184.74033170666863,182.4796430122546,184.14825439453125,762800
2020-02-06,185.1978401590126,185.1978401590126,182.6949165471444,183.93292236328125,491700
2020-02-07,182.67699280938606,183.26907007656976,181.27751505090006,181.86062622070312,583100
2020-02-10,181.08913077264617,182.96407191503323,180.69440343978587,182.8474578857422,500000
2020-02-11,183.40367368993066,184.6955037365091,182.56039498237527,182.9730682373047,534700
2020-02-12,184.53397500051446,185.2157816372218,182.80257380718626,184.66854858398438,614700
2020-02-13,183.50232043142685,184.72238038774236,179.98568024879924,180.45216369628906,572300
2020-02-14,180.91207442910886,181.45308494140625,179.11773619650913,180.94813537597656,455000
2020-02-18,179.83907987448546,180.26286823429712,177.69310268399062,179.1988983154297,560700
2020-02-19,180.0555167388247,180.8309579346752,177.81034061446803,180.65963745117188,678000
2020-02-20,180.44319877916857,185.2310908857077,180.0464595730163,185.12289428710938,893000
2020-02-21,183.46376989339558,189.00005253167095,182.33667641037155,188.7836456298828,1162600
2020-02-24,181.18253689579754,183.38262561379602,180.15462817196644,182.82357788085938,1502400
2020-02-25,183.54501174989193,184.6811313706934,176.80949652946654,177.51280212402344,1120400
2020-02-26,179.0545973767725,182.12931198621123,175.72741490435305,175.9708709716797,854900
2020-02-27,171.2190901749642,175.86271159893028,167.81075927847695,167.89190673828125,1363500
2020-02-28,161.92280249945486,166.28690631462044,160.27273555412606,165.45736694335938,1585800
2020-03-02,166.5123206352066,172.28304889154313,165.2589929352727,171.85023498535156,1649800
2020-03-03,171.6788764456507,178.62178341359746,165.52946146301272,165.85406494140625,1629200
2020-03-04,168.94679244927414,173.72567134611043,166.80982770783385,173.3469696044922,991400
2020-03-05,167.27874783267885,170.92150873497064,164.7901160573062,165.3671875,1228100
2020-03-06,160.21865620728,163.14910038263739,157.34231033842005,161.2646026611328,1321100
2020-03-09,141.0399827703041,149.19113137242903,136.55865752582187,137.63165283203125,2230900
2020-03-10,142.69904189143674,152.7887846095975,139.11038021593475,152.7436981201172,1722300
2020-03-11,141.95972093090765,148.28948358333912,140.8506644807044,143.44747924804688,1761000
2020-03-12,130.86009844434602,141.77035779695302,130.71582714088953,134.88156127929688,2491800
2020-03-13,142.35644118056152,149.99362887554096,137.30705611069385,149.84033203125,2179400
2020-03-16,131.79782047555216,147.72140275244368,130.98631855666426,138.23577880859375,1858400
2020-03-17,140.98589204772387,143.48353544631988,133.53806210841861,139.9038848876953,1989500
2020-03-18,129.4534933252629,129.85021878951332,105.47795020695447,115.91934204101562,2301800
2020-03-19,114.74713640629231,124.25078957676591,108.11080936079742,121.79823303222656,1841100
2020-03-20,124.05242921915506,127.66814046430626,112.22245254802442,114.32335662841797,1701100
2020-03-23,110.42813166826885,113.01593435896152,104.0352527279234,108.81413269042969,2071500
2020-03-24,116.75790822705409,131.897026398909,116.75790822705409,127.94768524169922,2545600
2020-03-25,129.50758346586608,144.2589868810188,124.95412200590155,139.36288452148438,2009500
2020-03-26,142.44661554452094,143.69994326967074,135.449622355274,143.6278076171875,1547900
2020-03-27,135.32343268821447,141.2203831842148,132.1134707738158,136.5677490234375,1168100
2020-03-30,136.50456395532754,138.49727155841254,134.06101889763633,137.2890167236328,1199300
2020-03-31,135.45861600025265,137.82101358748116,131.20270938333763,136.07176208496094,1896800
2020-04-01,128.90347991773936,130.8601132575239,126.28861384084941,129.55267333984375,1408900
2020-04-02,128.46164435324255,137.32511166841772,128.46164435324255,134.98977661132812,997400
2020-04-03,135.50373271817588,137.52348989210768,130.59861798039157,132.34786987304688,935600
2020-04-06,140.59817407740326,143.63682813845614,139.20058885473995,141.9326629638672,1366600
2020-04-07,147.42386047358866,153.19457489087998,144.2770098137949,144.3401336669922,1199900
2020-04-08,146.34185855504856,153.00523640512134,145.92708199195965,151.3010711669922,898200
2020-04-09,153.6093564635974,156.89145297550485,145.92708146552897,151.15679931640625,1240600
2020-04-13,149.7321163438728,150.90429634540814,143.54662661359765,144.75486755371094,730000
2020-04-14,148.3345096615827,149.39849303168725,143.80811227714534,147.685302734375,1072200
2020-04-15,143.03269160820187,143.91632914435402,139.5792751428567,143.3302459716797,718100
2020-04-16,143.52860940982137,144.41226075135975,139.62436905251522,143.32122802734375,765700
2020-04-17,149.18209311484847,153.64538062933474,148.6951947758992,152.0133514404297,1073800
2020-04-20,148.23534355523364,154.22246415908742,146.10739030551332,151.96827697753906,1031600
2020-04-21,147.38779949986957,150.93137559642472,147.38779949986957,148.2894744873047,810900
2020-04-22,150.92237601642336,152.779824439541,147.9648829189113,149.84938049316406,671300
2020-04-23,151.09371163708772,156.2963673515683,150.733033321653,152.68966674804688,876200
2020-04-24,155.02497264856132,158.28001987546597,152.6716141597831,157.42343139648438,850600
2020-04-27,158.6587165684155,164.6818981107378,158.4603469958512,163.8162841796875,1057900
2020-04-28,175.12332796167004,180.30795945920227,172.34616717806256,176.8184814453125,2397600
2020-04-29,177.62994384765625,180.84892963718264,174.79868539453477,177.62994384765625,1492700
2020-04-30,174.60033631876354,175.2946298808495,169.9116293425118,170.849365234375,1391000
2020-05-01,166.9090246533777,168.14431474054587,163.23018977703418,165.1778106689453,701200
2020-05-04,162.3015145517548,170.32641726787028,160.31783212559398,169.44277954101562,1273600
2020-05-05,172.4362798879922,173.97813596770493,169.93863703975416,172.2108612060547,759100
2020-05-06,172.05762376048813,172.9683105238634,169.14520371176846,170.60592651367188,521300
2020-05-07,173.77980195154453,175.06017867567274,171.52561467136093,172.23794555664062,647200
2020-05-08,175.3577736623493,176.34061000057957,173.03145019938313,173.52737426757812,698400
2020-05-11,171.89529785028992,176.13316701678244,170.32637861263692,174.3478546142578,837100
2020-05-12,175.8085646488031,175.8085646488031,169.9567034697485,170.02883911132812,713700
2020-05-13,169.65010817402032,172.55350213168,165.80897847776814,168.48695373535156,1044400
2020-05-14,165.90817645362915,172.5084431209571,165.61062209484305,172.22891235351562,1490200
2020-05-15,171.02326628853558,183.8413985581962,170.7785031607301,179.3722686767578,3215900
2020-05-18,183.1161693113524,189.90597680654642,182.47253708546774,185.9898223876953,1514400
2020-05-19,185.10149482813986,187.88449161361976,183.66013778129192,183.6873321533203,989100
2020-05-20,185.87198764673892,187.25896950246687,184.747916943107,186.77850341796875,840000
2020-05-21,186.6334499670429,186.96885633752055,184.30369806309997,184.68443298339844,789700
2020-05-22,185.12863208403348,185.13769226113578,181.81078139683953,183.2884063720703,736500
2020-05-26,190.36829869515086,197.21249505756197,188.32863835198853,195.71673583984375,1667900
2020-05-27,197.92861921125774,199.8957564672538,194.012478884907,198.74449157714844,1399200
2020-05-28,199.43349135064966,200.6210249268823,195.8255620619961,196.17002868652344,1096000
2020-05-29,195.0550132036033,196.48730990221696,192.7615292165217,195.9524688720703,2935600
2020-06-01,196.215327241545,196.85895949688967,193.76773753389904,194.6017303466797,725300
2020-06-02,195.98866218098345,197.5116155213977,194.9280406309254,197.24871826171875,666200
2020-06-03,197.6204098179605,201.79944747795466,197.2759294478952,199.7053985595703,830600
2020-06-04,198.10089570884674,201.84481037107744,197.6566979893561,201.69070434570312,772300
2020-06-05,203.96605716285032,209.1422685219654,203.94792297360468,206.13262939453125,1043900
2020-06-08,206.68556870493288,207.78245873033828,203.1682835479942,204.4827423095703,649600
2020-06-09,201.23745879708028,202.39779798008462,198.89864624099317,199.46974182128906,1099900
2020-06-10,199.43343403966264,200.24929255507453,197.4934911891155,197.747314453125,1903200
2020-06-11,191.6917928292802,193.43230110294198,186.4430598148395,186.79660034179688,994100
2020-06-12,193.16944562460654,193.47765767225513,183.17965161670392,188.72752380371094,871100
2020-06-15,183.66911749798015,191.36543955407308,181.84702620863496,190.8033905029297,1206200
2020-06-16,198.26403542801793,199.15241685401418,189.54334584157485,193.75865173339844,943400
2020-06-17,194.00345042928984,194.68333731100893,191.05727394184055,192.06350708007812,592700
2020-06-18,189.38926602958486,192.00909595505163,188.3921070187296,190.06915283203125,786800
2020-06-19,193.96715274245005,194.56545638505693,187.8028436193737,189.57962036132812,1837600
2020-06-22,190.02380387207012,192.74335078980337,187.5580802267388,190.8759307861328,590000
2020-06-23,193.30542023307638,193.30542023307638,189.08105358992037,189.18077087402344,603700
2020-06-24,187.3949288031606,189.46178351675684,183.99549488838625,185.8629150390625,652200
2020-06-25,185.2918097243173,188.96320119818034,183.13431169237637,188.736572265625,625800
2020-06-26,188.15637421587513,188.47366020626612,183.93200823394898,186.08045959472656,1402400
2020-06-29,188.35589053443823,189.89696494474325,186.14398931460306,189.16268920898438,577800
2020-06-30,189.67935078305698,193.7042688875035,189.3620647538941,193.0878448486328,757300
2020-07-01,192.76150685559182,193.71335115130645,189.74280777438202,190.82156372070312,571100
2020-07-02,193.76775626813378,194.72866082288658,190.96662570780714,191.26577758789062,615300
2020-07-06,195.51730413876487,195.5445123361506,192.71617387958867,194.52920532226562,677500
2020-07-07,193.93090614189552,193.93090614189552,191.24762729036235,191.67369079589844,647200
2020-07-08,191.71900883545234,193.14223128022851,191.04818224319152,192.43515014648438,700100
2020-07-09,192.18133884056013,194.8011688025933,189.8697209135114,191.6102294921875,617300
2020-07-10,192.24479388178221,192.24479388178221,188.59152283290607,191.1841583251953,444500
2020-07-13,192.42609400869264,194.4022916208136,190.5586738556368,192.00003051757812,737200
2020-07-14,191.37452229785055,199.20681707814157,191.2204162949167,198.59039306640625,663700
2020-07-15,199.43345936976195,202.24366364835967,196.93148095003545,201.28274536132812,716900
2020-07-16,200.0136288749026,203.2136282753933,199.9592401446127,202.40682983398438,749400
2020-07-17,203.966055831942,205.9513276552129,203.26803479004153,204.21987915039062,706200
2020-07-20,203.52185093812787,204.87256441768966,200.72072052315033,201.64537048339844,437900
2020-07-21,207.19319173327963,207.5830006122871,203.23172320921384,205.6249237060547,656700
2020-07-22,205.29862191545323,206.5133496942225,203.8481911902467,205.41647338867188,523500
2020-07-23,205.19890126691632,206.86688689093225,204.08389079168452,204.86349487304688,419200
2020-07-24,205.41644400923093,206.34107997778094,204.0747909389868,205.04476928710938,431200
2020-07-27,204.21987744144826,209.34168615654582,204.09296578328596,207.5921173095703,768200
2020-07-28,202.15302819141613,204.47370648124732,196.90430767123803,201.50033569335938,1190800
2020-07-29,203.23175630891876,203.49463977480377,198.5813263572986,200.31277465820312,1055500
2020-07-30,198.33657731509263,200.20401140240298,194.9280830324766,199.28842163085938,840100
2020-07-31,198.78074169440094,199.4152998544247,194.44759818867107,197.747314453125,770400
2020-08-03,198.73544299132698,201.89012774460377,197.76547833656025,200.13148498535156,501600
2020-08-04,197.63860363047752,200.0136709010592,197.34851189820196,199.8414306640625,493700
2020-08-05,201.0742440964131,203.17736714834948,199.36092998614245,203.005126953125,653000
2020-08-06,202.18922474086042,203.75750662145623,200.04984746253172,201.2011260986328,357800
2020-08-07,201.42779990172008,203.71222349900293,199.97738297938665,202.73318481445312,471700
2020-08-10,203.08672599904236,209.83120551287124,203.08672599904236,207.8822021484375,875200
2020-08-11,208.87932995019665,216.19491772891047,208.51672923087642,210.47479248046875,921500
2020-08-12,212.07937113978855,215.23404228786688,210.28447370771525,214.0465087890625,495600
2020-08-13,212.74113067268829,213.61139196523757,210.77399295994397,212.1156463623047,465800
2020-08-14,210.89556746807477,213.00788466725524,210.54957884953663,211.27796936035156,308300
2020-08-17,212.2977082268295,213.95479699005764,211.73321217877722,212.55264282226562,403400
2020-08-18,212.124751415712,213.7818404718736,211.56935511471121,212.1611785888672,440600
2020-08-19,211.23245646227218,211.6785989795181,206.97139461257083,208.2096405029297,701600
2020-08-20,207.08064953778242,208.5010034959397,205.79686273218087,206.52525329589844,455800
2020-08-21,206.78017809905478,208.66487417938083,206.1610412867553,208.06396484375,380800
2020-08-24,209.57537157306038,210.13076782226562,207.2718462836258,210.13076782226562,596400
2020-08-25,211.23243504074804,213.13534459108806,209.25668505255717,210.17626953125,641000
2020-08-26,209.9668780121894,212.23398992515556,208.73771810541018,211.58753967285156,609100
2020-08-27,211.4964812310655,212.8713219959918,210.21270838463244,211.24154663085938,410300
2020-08-28,210.6224209403574,212.55264400018285,209.24759408642993,212.38876342773438,327300
2020-08-31,211.9153355795143,212.31595111131412,208.9562600021419,209.89405822753906,367300
2020-09-01,208.70132057857805,213.11717728055618,208.00935715320313,212.99880981445312,257600
2020-09-02,213.72720558339827,217.00494250664985,211.66950105713553,216.05804443359375,560000
2020-09-03,215.1839516403735,216.19459021767628,205.47818136002678,208.3280029296875,550800
2020-09-04,210.941086311285,211.61484998332892,205.10489000696566,207.81813049316406,585300
2020-09-08,205.74222221772408,205.88790309937883,200.65261624111807,201.14427185058594,523200
2020-09-09,203.1473306986133,206.006251944409,202.20043277531695,204.46754455566406,624600
2020-09-10,205.18682512491944,206.4432984111916,199.1412074913402,199.73301696777344,592500
2020-09-11,200.8711603961558,203.05633234181332,199.52364672671612,202.35525512695312,524400
2020-09-14,204.5221403114315,205.8605536550784,202.86505183152926,204.54945373535156,389300
2020-09-15,204.84083694480856,207.92737941705101,204.52217564638968,204.64964294433594,410600
2020-09-16,206.63450624170363,208.71041031011893,204.66785589492247,205.11399841308594,489100
2020-09-17,202.93794433876678,205.7968658834982,200.12454980988258,202.30970764160156,537900
2020-09-18,202.7558298215487,204.24902409838873,198.9044836251497,199.35972595214844,774100
2020-09-21,195.99092431266382,196.85589586016823,188.07882423067548,190.3641357421875,1024600
2020-09-22,190.58267223632484,195.13509593133094,190.5553449126918,194.92567443847656,558100
2020-09-23,195.29896014629162,197.10171588840106,193.50530424936738,193.73292541503906,669900
2020-09-24,194.852819291882,199.45076965553284,191.87554442284736,197.91204833984375,471600
2020-09-25,196.2549735801459,197.76638146805018,195.48105605276658,196.36422729492188,563400
2020-09-28,199.50541520217496,201.89089470902536,198.82255163547214,200.29754638671875,470500
2020-09-29,200.35214846177172,202.71030035274197,199.11388879163135,201.426513671875,388700
2020-09-30,202.65569533498478,205.56924372783672,199.89692768096776,200.92576599121094,609200
2020-10-01,202.73768144926527,204.27640323231543,196.9925236574679,199.86965942382812,703800
2020-10-02,196.40979594446395,205.3052369544394,196.2185880101778,203.42962646484375,512900
2020-10-05,206.7983830165291,212.37054462924257,205.97893849572856,212.34323120117188,715300
2020-10-06,212.68924075941266,216.90477565722054,211.60576169626407,211.9517364501953,519200
2020-10-07,214.82883078567198,216.95026149373746,212.49799251722519,215.2567596435547,428900
2020-10-08,216.17635087891819,219.7454627196499,214.32806826116018,219.53604125976562,655500
2020-10-09,222.08540247776168,224.3980411471225,220.92908314308127,222.41317749023438,764000
2020-10-12,225.59989926503692,226.7106917174132,222.19468146430538,222.36767578125,604000
2020-10-13,222.158271205199,223.9883404870458,219.5906976316972,221.3843536376953,480500
2020-10-14,222.84112224962013,224.74403186936738,221.6939165706347,222.14004516601562,460700
2020-10-15,219.21742213555137,226.2372519377585,219.21742213555137,225.29945373535156,371600
2020-10-16,226.6924948333686,229.39663571991642,225.89127768050284,226.73802185058594,452100
2020-10-19,225.92766430221295,228.41328354858604,221.53913543956978,222.57708740234375,406600
2020-10-20,223.67875977797377,225.16285418647703,217.27805387202744,219.40858459472656,844100
2020-10-21,219.007977140732,224.07938343816676,215.46619231831303,215.62098693847656,730200
2020-10-22,216.53146893848685,219.69995167154983,216.37667432023423,217.9062957763672,594900
2020-10-23,219.68176298782095,222.09454205791354,218.75306463751014,221.33885192871094,562300
2020-10-26,218.54361870554555,219.54515732856382,213.6634206652696,215.730224609375,610100
2020-10-27,216.24012475257933,217.32360381104488,212.79849356268565,215.67562866210938,739200
2020-10-28,211.61486310500203,215.20217522891616,210.03972838363737,213.06253051757812,845100
2020-10-29,213.05347085049763,217.34186092792734,210.85009901568716,214.728759765625,488000
2020-10-30,214.07316506325893,216.3584906247843,211.59664548864075,215.89413452148438,478600
2020-11-02,218.5800420742769,224.22504375071267,218.5800420742769,223.42381286621094,694000
2020-11-03,226.88369461501637,231.98240082398868,224.6894230570165,230.68951416015625,573300
2020-11-04,228.54990105272734,228.77752225538322,219.954922217578,220.96556091308594,813700
2020-11-05,225.43601177552543,232.81092932980854,224.2887921900705,227.89431762695312,528400
2020-11-06,228.24033570721497,229.84279793591693,226.99297590747003,227.11134338378906,518100
2020-11-09,240.82319994182564,243.53645431456414,231.45431861650843,231.93687438964844,928800
2020-11-10,220.4465591604479,231.18118194508136,215.80309535678475,226.7562255859375,1032400
2020-11-11,228.6409375001858,229.4694819987479,219.5178898481723,220.51031494140625,987700
2020-11-12,220.51032132355286,220.51032132355286,210.99575770962116,214.03677368164062,1253900
2020-11-13,217.26545372094915,219.4606170315198,216.52459116283353,219.31427001953125,740500
2020-11-16,221.29906726516757,222.24115353099802,216.3233802166533,220.63137817382812,914300
2020-11-17,221.17100789726064,222.8905504264427,218.85694981179898,220.72283935546875,663700
2020-11-18,221.13441839418707,227.82049205930915,220.60392095732016,224.54605102539062,907500
2020-11-19,224.5460431551545,229.24733246173483,221.84783483724183,228.79000854492188,770700
2020-11-20,228.66198914514305,229.88761405742017,225.89060695321754,226.49427795410156,778800
2020-11-23,230.05222039812523,231.918095784179,228.16804814812858,230.29002380371094,573300
2020-11-24,234.25963772689502,237.1224903893573,231.90899966002684,234.8907470703125,896500
2020-11-25,234.24131509410756,235.80535506947282,230.90284213721432,234.5431365966797,539600
2020-11-27,235.66819696833454,236.90297729818735,233.42731225528715,234.08584594726562,243800
2020-11-30,231.76262181477276,233.76570287094563,228.14976554147833,233.74740600585938,972900
2020-12-01,235.9791772154206,237.65297072564738,225.74426415665474,225.8814697265625,977300
2020-12-02,225.5796295813196,227.68330871243737,224.54607292623604,225.63450622558594,780100
2020-12-03,224.71066084057176,229.36622866731577,223.238091306712,224.3082275390625,644600
2020-12-04,224.36314516145586,228.40588742992296,224.34484829463904,226.79611206054688,582900
2020-12-07,226.50340277971608,226.96072672443015,222.36919041170373,224.2076416015625,648800
2020-12-08,223.37531702417982,228.826610833389,223.24726687312912,228.29612731933594,493200
2020-12-09,227.85710538277473,230.7199580899455,227.23515144161428,229.83274841308594,660200
2020-12-10,228.43333446798817,229.02785007622748,223.2930172535219,225.7076873779297,696500
2020-12-11,224.20763948858666,227.802198961082,223.9698221074683,225.66192626953125,578600
2020-12-14,227.0065027834654,227.83883586224994,222.04911200494064,222.25033569335938,428200
2020-12-15,224.73813417775355,228.1497668235265,223.3936006929429,226.11924743652344,483500
2020-12-16,227.30829939987552,227.53696137425592,223.3204340084244,224.7564239501953,535500
2020-12-17,225.63447296496727,226.7594858758507,223.74114527835113,226.091796875,500600
2020-12-18,225.8357290583576,227.19854557400754,221.9942104532744,226.78695678710938,1325300
2020-12-21,223.2198061091891,228.80830491892056,222.54296168944623,228.0765838623047,702900
2020-12-22,227.80221638406337,227.87538989489485,224.67412206722352,226.50341796875,538000
2020-12-23,227.2076780744572,229.47600085768605,226.860107421875,226.860107421875,498000
2020-12-24,227.34487297913415,227.82049378068075,226.11010672498256,227.40890502929688,131900
2020-12-28,229.9515893813462,230.4820867400526,226.88751390018137,227.1619110107422,416000
2020-12-29,228.8723414285473,228.99125012228694,223.79604276300088,225.6070556640625,396300
2020-12-30,226.25640971799214,228.5704674117049,226.0094648738215,227.83876037597656,296000
2020-12-31,228.65282802868316,229.6589323205576,226.51254138744238,229.40283203125,354700
2021-01-04,230.39064775857136,234.59801951992762,224.13445977662943,225.43325805664062,887000
2021-01-05,225.19545793856616,227.50951593032724,223.6314039419515,225.9820556640625,683100
2021-01-06,229.1010214526215,238.64080711346216,229.1010214526215,236.4913787841797,901800
2021-01-07,239.0615345862497,240.1316849889204,235.59501097692038,237.3877410888672,587300
2021-01-08,238.47613611765715,241.69568639490194,236.1895165680365,239.4639434814453,700900
2021-01-11,236.99436863917802,241.58591827687616,235.08275816270591,240.17735290527344,578700
2021-01-12,240.11339212159976,243.15003029716055,238.62253927120102,242.81161499023438,446300
2021-01-13,243.48831415263257,243.63466110877917,239.73825365075623,240.02182006835938,407300
2021-01-14,240.8816522773848,241.97924089851435,238.44871347989502,240.32373046875,376100
2021-01-15,236.86633991761914,236.86633991761914,231.75346210757266,233.7839813232422,663900
2021-01-19,236.51874864170279,240.66210166309244,236.39071247661735,238.72305297851562,525100
2021-01-20,239.17128400241918,242.45486680009222,237.9273761860391,241.4396209716797,519600
2021-01-21,241.63173904082512,245.61961944779821,239.58293613836324,244.851318359375,774100
2021-01-22,242.36341314122754,245.957972726975,240.36033198612023,243.26890563964844,735800
2021-01-25,242.8481539553559,243.96402542299876,237.89075044164122,238.5858917236328,803000
2021-01-26,233.68336691478973,235.23826535335402,223.1832003257851,223.5856475830078,2311000
2021-01-27,224.92104957515662,226.08264226211574,218.13436440110377,220.47586059570312,2246400
2021-01-28,224.12530264707823,232.6681241586209,222.4606508202093,229.75953674316406,938000
2021-01-29,228.66196204218875,233.52789529352745,226.93327816740654,227.3174285888672,1108900
2021-02-01,230.50954486884945,231.0400422731546,226.00032391046457,226.5399627685547,985900
2021-02-02,228.66197184375199,232.37544003346744,228.14061584886701,230.96688842773438,677300
2021-02-03,231.06749000552355,232.18336149514457,224.08872246831356,224.4454345703125,720600
2021-02-04,224.76557056427754,225.46069791487673,217.47582598982663,220.67709350585938,1422600
2021-02-05,223.5490974565472,225.03996404897083,219.87220897647296,222.15882873535156,894400
2021-02-08,224.39968541336663,226.21983953948748,223.24723422246032,226.1558074951172,595700
2021-02-09,226.03689379310245,226.7503178927713,222.84476825023384,225.4789581298828,557700
2021-02-10,227.62840632748038,227.65584464651076,223.32042276268527,223.8600616455078,600100
2021-02-11,224.9119251141212,225.85401138523503,221.6740775149449,225.7899932861328,633400
2021-02-12,224.9172797189395,229.35426260215723,223.272938816089,228.9041290283203,611500
2021-02-16,230.56685581532471,232.1009656149341,228.57343120084397,229.4001922607422,561900
2021-02-17,227.56290360498318,231.38440573517877,226.30438566030548,227.9119873046875,632400
2021-02-18,226.90150679525067,227.0392956257057,222.30835888441564,224.32015991210938,444900
2021-02-19,226.3319463805079,230.11669553007772,225.9185518813852,228.03140258789062,576300
2021-02-22,226.2952252365595,227.50782310612456,223.3004976155422,224.09970092773438,590500
2021-02-23,222.76770217848573,226.27687435960405,217.84384642737933,225.44091796875,586000
2021-02-24,225.65217186190463,227.55374184090087,223.1718747730542,226.93824768066406,607700
2021-02-25,226.92906762552238,227.4710557221973,223.2729257639385,224.5222625732422,427700
2021-02-26,226.44221103668067,227.48944828768455,222.52885373391376,223.48422241210938,617200
2021-03-01,225.5327510193888,232.44084962715627,225.5327510193888,230.7965087890625,722600
2021-03-02,231.61407777774448,231.80698213766678,227.59047577898139,228.4723663330078,438100
2021-03-03,227.03010486389658,232.81747379250294,226.81882399365946,230.4290313720703,737300
2021-03-04,229.06952707998673,233.6994150961677,222.35434549671632,226.0472412109375,940900
2021-03-05,228.38052981561273,233.4238119045925,224.14564634649395,232.49598693847656,575300
2021-03-08,233.74529714091923,238.7518256194521,232.9736516469031,236.8870086669922,721600
2021-03-09,238.43948746320956,242.4630894402762,237.41982210334035,238.5864715576172,746400
2021-03-10,239.1835875680118,243.58383125868818,237.93426475230004,242.2058868408203,628200
2021-03-11,243.44610772680144,246.3765392176201,241.31487972723178,242.74794006347656,743100
2021-03-12,243.4367949914536,243.65725708007812,240.6992692422044,243.65725708007812,644700
2021-03-15,242.51824388410736,243.4919891357422,239.0274621934565,243.4919891357422,553700
2021-03-16,243.60219456444702,243.60219456444702,236.16128907647416,237.3187713623047,861800
2021-03-17,237.6127650865551,240.46052280561776,236.39097186821516,240.06549072265625,505400
2021-03-18,239.9185150710401,243.31742791357155,238.06286525890692,239.12847900390625,600000
2021-03-19,237.8791446030913,239.32137175970476,234.7374190561927,237.28201293945312,1027900
2021-03-22,238.25573911001013,241.70979507996063,235.7019501630047,240.56150817871094,666900
2021-03-23,239.74395850690163,242.0129746968016,236.17967124169687,237.6678466796875,605600
2021-03-24,238.8620861587675,244.3463066271891,238.75185507949934,241.77415466308594,628300
2021-03-25,241.83844532013296,243.73998734777467,235.74792638886143,243.11532592773438,523600
2021-03-26,244.98938130064948,251.7964314187527,244.39227754313652,251.29116821289062,761700
2021-03-29,250.78589535198512,253.01815868126926,248.22291076964842,248.323974609375,619800
2021-03-30,247.79117582225913,250.05102515577263,244.7597089095914,245.86207580566406,586900
2021-03-31,246.66121799260077,248.16775580681264,242.88563613948457,243.8410186767578,734800
2021-04-01,244.94337922652372,245.25570988716134,240.276725745592,242.00375366210938,784500
2021-04-05,244.34627784726362,246.24784784372756,243.17962834994904,245.88040161132812,684900
2021-04-06,244.64947374663996,246.10089636905286,240.54319777706726,241.52613830566406,738400
2021-04-07,240.0838667896705,241.29646466680086,238.32928077829686,240.01036071777344,647800
2021-04-08,239.73480723117927,240.84634138022966,238.15476293814217,239.7991180419922,452800
2021-04-09,241.71901976735336,243.5195259980467,236.24399500541148,243.06021118164062,506500
2021-04-12,242.59172153050906,245.06283769365473,242.05892863371756,243.51954650878906,549800
2021-04-13,239.0917306305528,241.1219223563694,237.72298141321363,240.6258544921875,604600
2021-04-14,241.3791766499173,242.02220069311522,238.2558128839163,238.47630310058594,464200
2021-04-15,239.10094795360067,243.06943516441805,238.71511112712332,242.7754669189453,588800
2021-04-16,245.67836096760172,247.68096724421756,243.94213715368437,244.21774291992188,580200
2021-04-19,243.34494023785575,245.45780483287993,242.30688445449493,245.36593627929688,517500
2021-04-20,246.01815691786467,246.1926987604799,240.09298560336072,241.80165100097656,435100
2021-04-21,241.9027685121694,246.09174611581378,241.7374218794134,246.02743530273438,452100
2021-04-22,246.532629934626,246.532629934626,242.48146989206458,243.48277282714844,694700
2021-04-23,244.05236381286912,247.50639240847042,243.61141146616632,247.16650390625,682600
2021-04-26,246.95520104598972,250.37250452862452,244.46572249802338,245.6599578857422,558500
2021-04-27,246.92764519708624,248.45257382029328,244.8331706614042,246.76229858398438,701900
2021-04-28,245.23739384308877,247.62583683533987,241.93032108722997,244.58517456054688,738700
2021-04-29,247.5339009158469,249.64676561799865,245.0811758134645,245.98141479492188,529100
2021-04-30,243.53781631315405,245.69660091726405,241.73731061613486,242.7570037841797,613900
2021-05-03,245.0903794479298,245.0903794479298,239.32138636632303,239.91851806640625,708000
2021-05-04,238.55894671051928,242.0038080519423,237.19936467540379,241.23216247558594,606100
2021-05-05,242.58254034275075,246.6153099606223,241.0208587115271,244.8423614501953,991200
2021-05-06,245.27417009236424,246.77154123423068,243.25317320744793,246.65211486816406,579500
2021-05-07,245.5588555612086,249.21501115527516,244.30033760013882,248.65463256835938,616200
2021-05-10,248.9853885400973,251.83314606602204,248.35153183794668,248.7740936279297,507800
2021-05-11,247.12977361624266,248.1862202919801,244.35552176972152,246.47755432128906,659800
2021-05-12,244.7045610371294,247.46964514597147,239.24789888779412,239.3397674560547,746200
2021-05-13,239.86336374359175,245.39353193162003,239.76232794309266,244.0890655517578,416400
2021-05-14,246.15513168626484,248.70080972464436,244.0798580195947,246.69007873535156,460800
2021-05-17,247.52023028646738,247.88919041649288,241.95849691357506,244.36582946777344,502600
2021-05-18,244.0983137496984,244.11677864270004,240.20602126622222,241.09149169921875,783700
2021-05-19,237.7987150962464,239.5327261613585,233.69427341238628,238.3521270751953,780000
2021-05-20,238.68416828509612,239.91087336403965,236.59045763396242,238.28756713867188,549100
2021-05-21,239.37592889958728,242.1152916105751,238.8870877224341,239.99391174316406,424000
2021-05-24,241.40508934407302,242.89928202196978,239.8370933883252,242.0138397216797,415500
2021-05-25,242.3458682053642,244.27356364609545,239.7909856461344,240.2982635498047,551800
2021-05-26,239.8555476819787,240.73178574742116,237.27299572231453,240.27984619140625,623400
2021-05-27,243.3696337152219,245.00220033730807,241.90311037768208,242.65943908691406,1717300
2021-05-28,243.2497719972401,243.99686832014007,240.38126777109244,243.24053955078125,598500
2021-06-01,246.5609577045014,247.60321072890406,244.76237598922424,247.08670043945312,737400
2021-06-02,247.48325354184985,251.3294107781695,246.5240082698505,250.71145629882812,751400
2021-06-03,249.84447973895746,253.65376393367697,248.87600191192678,253.12802124023438,642000
2021-06-04,254.30862489405493,255.61836542988627,252.83286923539507,254.2163848876953,502200
2021-06-07,254.90818297079792,255.48926414016427,251.95669933505647,253.3955535888672,452400
2021-06-08,253.55238799991514,256.3102160052242,252.49169791220004,254.04122924804688,649400
2021-06-09,253.85668768114323,258.1455806113466,253.04502065437734,257.4722595214844,1061800
2021-06-10,258.4407537786875,259.9257138418692,256.87275800039504,259.7966003417969,892500
2021-06-11,260.9494891333619,262.15775711532393,258.4499174673742,262.0839538574219,1002700
2021-06-14,261.89032104945176,261.89032104945176,257.5368568513283,259.82427978515625,689900
2021-06-15,260.87577068410786,262.35152669725414,258.08106952106345,261.9549255371094,708600
2021-06-16,261.94571486344967,263.7258321561917,259.3908319326392,261.1432800292969,1395200
2021-06-17,261.1986075464177,261.1986075464177,248.0828743420843,249.9459991455078,933600
2021-06-18,246.5240397560345,251.12652612441056,246.0536354298181,250.61001586914062,1466300
2021-06-21,252.08581279459486,258.56065693541785,252.08581279459486,258.55145263671875,1244700
2021-06-22,259.27078612320025,263.49510733715186,256.85425044578017,263.033935546875,1712800
2021-06-23,263.7902538938744,267.03689303939944,263.05239031688416,263.60577392578125,1808300
2021-06-24,265.3307063250421,265.3307063250421,261.06945347388216,263.33843994140625,715600
2021-06-25,264.22384600507917,266.8986375625031,262.3145874644532,263.45831298828125,1274100
2021-06-28,263.4859763403266,263.4859763403266,259.6674593436774,261.2446594238281,924500
2021-06-29,262.2962418403932,262.9326615750231,260.3962150855509,261.558349609375,747500
2021-06-30,260.56219693281366,264.2976791164845,259.83353724410375,263.808837890625,597200
2021-07-01,265.6442558873148,265.6442558873148,262.6097368006695,263.1446838378906,543200
2021-07-02,263.5412805012701,263.85487398745704,261.2907595790377,263.0801086425781,628500
2021-07-06,264.18696772755766,264.4083494133854,258.57912896267914,261.9456787109375,711600
2021-07-07,261.72430332274325,270.43123163298236,260.66358536314334,269.2875061035156,642000
2021-07-08,263.1631255054474,267.9224226331711,263.1631255054474,265.173828125,460100
2021-07-09,269.2137655204046,270.2006803349463,267.4613175870708,268.5865783691406,429400
2021-07-12,267.940905129414,270.9385228287964,267.84866510912326,270.16375732421875,379000
2021-07-13,270.14537923596134,270.41283876086493,268.34679696672447,268.7987365722656,415100
2021-07-14,269.4074599965818,270.3205715642777,266.6404279512433,269.2137756347656,410200
2021-07-15,269.278303744436,271.9530953343085,267.9224571314464,271.0030822753906,437900
2021-07-16,272.7463122618533,272.7463122618533,270.1914297407477,271.0953369140625,586300
2021-07-19,267.59041793324843,268.82635542849187,263.9932822160917,267.7103271484375,694300
2021-07-20,268.2544799556385,274.47106845101115,267.2675652880508,272.94000244140625,539500
2021-07-21,274.1759330358992,275.51331468674493,273.8531070692469,275.1259460449219,417400
2021-07-22,275.81774028105133,276.04832626653797,273.7147972193213,274.40655517578125,332700
2021-07-23,276.1958936143016,276.68473475804876,273.9269073416316,276.01141357421875,361200
2021-07-26,275.97447267525496,276.7861396998245,273.3734846254093,274.6831970214844,773700
2021-07-27,268.0514868263779,273.7238942161759,259.58437951393654,270.6986083984375,1021300
2021-07-28,266.2068597075248,277.62548031168365,265.183071613284,275.9468078613281,1023900
2021-07-29,278.52939729061876,281.2964287545314,274.0836933164845,281.1396179199219,710300
2021-07-30,280.6230938799165,284.81054250478826,280.0327803523142,283.54693603515625,632300
2021-08-02,284.78293615256746,286.240227255366,281.5547322239221,283.4455261230469,692900
2021-08-03,284.7921517143786,287.9281438872429,283.78680011456714,286.9043273925781,968200
2021-08-04,285.5207636149122,289.4038233918416,285.01348574998843,287.697509765625,542500
2021-08-05,289.95716937750046,290.39990446363333,286.701297411827,289.3484191894531,778100
2021-08-06,290.38149051041046,291.43297596902636,288.61983859604766,289.9203186035156,549600
2021-08-09,289.66205246506036,291.3499573429288,287.9096049149284,289.64361572265625,609300
2021-08-10,290.1509095667454,293.90485570913324,290.1509095667454,293.6835021972656,531300
2021-08-11,294.688921276669,296.02633139600556,289.0995186366651,291.8481140136719,985500
2021-08-12,291.34998982356024,293.5728419559413,291.34998982356024,292.5582580566406,453900
2021-08-13,292.9562127731597,295.1218277843786,291.60504049751705,292.9377136230469,317800
2021-08-16,292.5767175188372,295.73253046002344,291.4846466119224,295.61224365234375,318100
2021-08-17,294.4554957854045,294.8071491008614,288.71759594805354,289.9021911621094,608800
2021-08-18,289.1433039030135,292.0585158348237,288.1993388539732,289.2913818359375,404900
2021-08-19,287.2923605820868,294.54800954645714,285.9504520288149,290.9664611816406,593000
2021-08-20,290.92941949348887,293.95571077828777,290.92941949348887,291.5679931640625,272800
2021-08-23,293.0487164362554,294.6405186144061,290.8461034898985,291.13299560546875,409700
2021-08-24,291.6513199808751,294.10379882179006,290.93869320464466,292.8636779785156,335400
2021-08-25,293.104236828481,296.3803933468105,291.91040639865156,295.56597900390625,315000
2021-08-26,295.94547873506417,296.7321303836755,294.6590958449159,295.9547424316406,359700
2021-08-27,297.703801881047,298.8421348682478,296.9449132229132,297.685302734375,333300
2021-08-30,298.21282217824194,302.1645505431434,297.56498489213993,300.59124755859375,402000
2021-08-31,300.34136922529405,301.90540844864864,298.57372642721367,301.19281005859375,608100
2021-09-01,300.7856352740267,301.36868322088577,297.6205299523518,298.9439392089844,417100
2021-09-02,300.6283389786126,302.7939257912179,299.0180373535163,302.7569274902344,454300
2021-09-03,302.3497521520914,302.8124851500328,299.3512231202043,299.8509826660156,489300
2021-09-07,298.3887115334132,298.68483914050256,294.3906922864552,294.7238464355469,649300
2021-09-08,294.4461661342546,295.6307610829671,291.2625619140326,294.9921875,604700
2021-09-09,295.6030134271277,296.1582985160114,290.36487398457587,291.5494689941406,591800
2021-09-10,292.8544158257255,293.15057167603203,290.2075688084475,290.6795654296875,603000
2021-09-13,293.0024937313359,293.61330458143624,288.810134560945,292.25286865234375,445100
2021-09-14,293.82611217911005,294.28884505450276,289.52270208655256,289.9576721191406,328800
2021-09-15,289.67082911799713,294.9182332417096,289.20809616413453,293.9927673339844,408200
2021-09-16,294.56652260548924,295.0292555136822,291.12378863881486,293.3819274902344,382000
2021-09-17,291.55869053598127,291.55869053598127,287.2737802890482,288.32879638671875,1083600
2021-09-20,283.414747990484,283.8219553605956,277.89897758122544,279.9257507324219,941900
2021-09-21,281.54524483977076,281.58227138480567,276.2700777699566,277.797119140625,678200
2021-09-22,279.2686035776597,280.67530160113614,278.08400833605367,279.4351806640625,543100
2021-09-23,281.896848044941,283.51641296350175,278.9631094512695,281.4803771972656,550100
2021-09-24,280.1847350032992,282.84081698965736,279.9163420477001,280.0181579589844,325200
2021-09-27,279.9996597744366,283.72928572922814,279.80531986913263,280.2587890625,309200
2021-09-28,278.9539125702306,280.53645117286413,273.5121691725718,274.6227111816406,490000
2021-09-29,275.60374554329115,276.87165760477257,274.6227539066552,275.6592712402344,406500
2021-09-30,277.3435746488905,278.0376739750731,272.0036473335963,272.12396240234375,598400
2021-10-01,271.72601072185216,275.2150350012663,267.9778853808904,272.8828430175781,469300
2021-10-04,271.98518995813436,273.6047553012989,268.86634611605285,270.9301452636719,461700
2021-10-05,273.89168336757723,276.94570997486926,272.4757214688536,276.0942687988281,407500
2021-10-06,272.87360269804736,276.2237844478469,270.8098037518064,275.983154296875,421500
2021-10-07,278.65778516339566,283.6275324744577,278.1857885216822,282.1190185546875,697800
2021-10-08,278.5003638320824,280.59192518292707,276.79751047075484,278.87054443359375,364500
2021-10-11,277.99137685662043,281.8505528064815,276.3255217384967,276.4273376464844,347700
2021-10-12,277.7693068415616,278.5651938387593,274.5764386714695,275.75177001953125,334500
2021-10-13,276.5384481564933,279.6480280963383,274.7060156074966,277.5194396972656,330300
2021-10-14,279.7682991222148,287.1905528892953,279.6480122927095,287.06097412109375,393200
2021-10-15,289.13404403970003,292.72482769879514,287.1627973233486,290.7813720703125,379000
2021-10-18,288.68049798006155,292.0584420072538,287.51443044788687,291.5124206542969,290800
2021-10-19,293.97412444022746,294.4646200488909,290.78128525880345,292.5766906738281,331000
2021-10-20,293.96488881339366,296.7505208942952,292.5396639682787,295.59368896484375,288400
2021-10-21,294.08526895645036,294.1500583433767,286.7093051033224,294.0205078125,493800
2021-10-22,295.14956713268504,296.13979407996175,292.02148819105247,292.7248229980469,288200
2021-10-25,292.7247851830039,293.65025086899885,289.07844812074626,292.1510009765625,440600
2021-10-26,293.25231899568325,294.8441211682432,291.290336182685,292.0492248535156,498000
2021-10-27,292.86364568295477,296.28785198642777,289.6430147296969,290.3278503417969,380800
2021-10-28,291.7160094976459,295.29755691988936,291.0219102842509,294.95513916015625,498900
2021-10-29,294.52014554515677,296.66723238453073,294.07594015974627,295.59368896484375,439600
2021-11-01,296.03794699941056,297.99066590068804,292.3083216810971,296.0472106933594,798700
2021-11-02,310.956533979498,319.359751697034,305.26492449721866,317.8142395019531,1543900
2021-11-03,317.4348249560945,317.94381993798663,309.0316064483078,314.0105895996094,886300
2021-11-04,314.9822760468755,319.2486596300633,314.38996440576193,316.4075012207031,437300
2021-11-05,318.3602840301458,320.053874277,312.196677467614,313.7422180175781,475600
2021-11-08,316.95354144539505,317.7309293382792,309.6793654770914,310.47528076171875,480700
2021-11-09,311.16014035366123,314.4640603347284,310.0310708465309,310.6233825683594,377400
2021-11-10,309.72566574218195,310.2531598074143,306.62534952315565,308.6243591308594,457900
2021-11-11,308.71689118962587,308.71689118962587,302.25715751969244,305.0890808105469,571600
2021-11-12,306.881323976745,311.3108350926195,305.07979731611704,310.6051025390625,348200
2021-11-15,310.605089173858,313.8274044189802,309.5650100936836,311.1436767578125,336900
2021-11-16,311.4223015609234,318.8977170528761,311.4223015609234,316.26043701171875,482500
2021-11-17,319.101915475432,322.27778219841,314.3009342910725,317.5418395996094,679500
2021-11-18,317.94119451716494,320.23488903019006,315.6567952807164,320.16058349609375,475600
2021-11-19,320.9313697554208,324.86871307033965,318.6190845802742,323.31793212890625,531500
2021-11-22,323.6243073454514,328.20240050160027,321.5442060884638,322.4635314941406,660200
2021-11-23,321.5534951638048,324.5622456482502,318.20118787725215,321.265625,571800
2021-11-24,319.0741632936992,321.78572059096336,316.9197558936384,320.3185119628906,625300
2021-11-26,314.7931589231415,318.2383625282369,312.9545078587458,314.9881896972656,513900
2021-11-29,317.0868135459509,319.63125351264875,313.14017560506767,316.2696228027344,589500
2021-11-30,314.3381480968451,315.2760641951798,309.0635886318267,312.20233154296875,1427100
2021-12-01,316.3068128650671,319.909866109082,308.05138867634406,308.3114013671875,590700
2021-12-02,309.5557437690287,321.03348304733277,309.5557437690287,319.12982177734375,1165200
2021-12-03,320.17918306642156,321.7114017640295,316.60398721249715,320.8106384277344,1043500
2021-12-06,321.76707396584015,322.68639939432387,316.46465768049984,320.29986572265625,1012800
2021-12-07,323.5407883495839,327.92387982200415,322.74215969549755,325.7230529785156,432700
2021-12-08,326.6516745969693,326.8745345292218,322.1107051025117,323.57794189453125,450700
2021-12-09,323.4851280692533,324.04230633202735,321.00569755257743,321.8321838378906,389900
2021-12-10,323.94939401950944,326.02949568595477,322.8350376471938,325.61163330078125,395800
2021-12-13,325.0173249118888,328.573930598078,323.837986535057,325.9645080566406,533500
2021-12-14,325.13801396371616,326.7631004073271,315.09032983665367,318.1640625,685900
2021-12-15,319.76126404766103,326.3451817313697,318.5262109256393,326.2709045410156,827300
2021-12-16,326.7816458468919,329.6510806478876,322.49142239027185,323.9679260253906,536400
2021-12-17,321.2192185812411,321.95283693510686,316.8918423299584,317.3654479980469,990700
2021-12-20,314.4588166770472,315.6010019446311,307.68916417270106,312.5644226074219,592900
2021-12-21,315.7589269296212,317.6625882184794,312.9730645522146,315.4617614746094,386400
2021-12-22,315.01605858607405,316.87330027097187,311.0508294516914,314.2824401855469,541200
2021-12-23,315.2574936079608,318.2105295453725,314.96035646408046,315.842529296875,585500
2021-12-27,317.3654516290846,323.6057844983955,316.30681032107066,323.4479064941406,230400
2021-12-28,323.4385857615622,324.7386774422579,322.8628454488712,323.4757385253906,237500
2021-12-29,324.06074517024507,324.89649807657855,321.6370305686998,324.1443176269531,236800
2021-12-30,324.6272673088354,325.92735918239816,321.88785277927883,322.0828552246094,235300
2021-12-31,321.31206140080525,325.3886915871941,321.31206140080525,323.9493408203125,305000
2022-01-03,323.98,324.12,311.14,315.44,63813600
2022-01-04,317.17,320.31,314.72,318.64,58816700
2022-01-05,319.78,320.46,312.92,313.31,57812000
2022-01-06,313.1,315.64,308.8,311.22,45345200
2022-01-07,312.15,312.15,304.28,304.5,61338000
2022-01-10,300.71,307.5,294.28,306.61,76646300
2022-01-11,308.62,311.52,302.22,311.12,50279500
2022-01-12,313.37,315.49,307.73,311.21,59405000
2022-01-13,311.58,312.78,306.19,306.48,41477200
2022-01-14,303.29,305.15,297.85,301.88,67782400
2022-01-18,297.81,299.1,293.15,294.86,65975400
2022-01-19,295.98,301.51,292.89,293.13,53257000
2022-01-20,294.42,298.53,290.43,291.38,51855700
2022-01-21,291.69,297.4,288.99,291.85,59419300
2022-01-24,287.9,290.37,277.38,289.55,110070800
2022-01-25,283.34,285.04,275.16,280.13,86809800
2022-01-26,280.94,284.84,273.12,276.79,84830600
2022-01-27,273.87,276.32,264.74,266.52,144238900
2022-01-28,264.97,266.45,255.74,264.31,131141100
2022-01-31,264.03,268.96,260.26,268.6,85037700
2022-02-01,270.17,270.7,262.89,269.42,66714900
2022-02-02,270.7,274.49,269.95,273.37,91591600
2022-02-03,270.15,271.72,263.5,264.42,64571400
2022-02-04,261.85,264.56,256.65,260.67,75259500
2022-02-07,260.77,264.34,259.01,260.29,49810900
2022-02-08,260.31,262.34,258.17,260.99,64382700
2022-02-09,264.43,267.59,264.11,266.01,69794800
2022-02-10,261.22,265.46,255.49,257.56,72651200
2022-02-11,258.29,259.43,249.04,250.21,67409000
2022-02-14,250.37,251.7,247.54,250.24,50573100
2022-02-15,254.45,255.32,251.25,253.9,60545500
2022-02-16,253.0,255.72,250.84,254.56,62367400
2022-02-17,252.88,252.88,247.4,248.46,76978200
2022-02-18,248.91,250.31,246.11,246.71,56113700
2022-02-22,246.72,247.19,242.03,246.1,71520000
2022-02-23,247.21,249.29,238.91,239.82,50492100
2022-02-24,235.21,249.5,233.72,248.08,123629800
2022-02-25,248.29,251.8,245.34,251.09,70538300
2022-02-28,248.58,255.59,245.07,248.57,120622100
2022-03-01,248.55,248.55,242.71,244.41,73737300
2022-03-02,246.76,252.74,245.31,250.58,54035300
2022-03-03,253.09,254.37,250.26,252.19,75788300
2022-03-04,248.26,251.12,246.32,250.88,69308600
2022-03-07,251.76,253.88,246.46,246.67,67914100
2022-03-08,250.73,258.56,247.18,254.98,1406888
2022-03-09,260.91,262.63,252.18,252.73,1036747
2022-03-10,247.59,248.9,241.51,244.81,911802
2022-03-11,246.87,248.14,239.33,239.65,700913
2022-03-14,242.43,244.13,235.77,239.03,741017
2022-03-15,239.83,245.99,239.83,243.38,679289
2022-03-16,245.11,251.0,244.71,250.34,755790
2022-03-17,248.9,253.87,248.9,252.69,569097
2022-03-18,254.99,257.81,250.7,257.19,949376
2022-03-21,256.05,257.23,251.8,254.47,613737
2022-03-22,255.75,257.01,253.66,255.63,534941
2022-03-23,253.55,254.96,250.88,252.17,452774
2022-03-24,253.77,256.42,252.19,256.42,422072
2022-03-25,257.02,261.07,256.17,260.32,526532
2022-03-28,257.55,261.44,256.72,261.31,481850
2022-03-29,265.04,268.9,263.1,265.64,626234
2022-03-30,263.84,264.43,260.74,261.75,656815
2022-03-31,261.06,264.54,260.6,261.11,1083005
2022-04-01,263.0,265.51,260.12,265.26,740472
2022-04-04,263.95,264.81,260.73,262.17,665996
2022-04-05,262.66,264.49,258.98,260.24,756120
2022-04-06,254.36,256.52,251.01,253.84,814462
2022-04-07,252.08,254.13,248.49,252.74,665203
2022-04-08,252.72,256.43,249.74,251.21,472124
2022-04-11,249.99,252.63,247.54,248.1,495918
2022-04-12,248.78,252.13,244.36,245.15,455858
2022-04-13,244.95,249.17,244.34,249.0,460631
2022-04-14,249.02,249.88,243.81,243.98,509809
2022-04-18,243.25,247.08,242.64,243.8,422312
2022-04-19,244.67,252.91,244.0,252.61,529271
2022-04-20,254.88,258.43,253.6,254.13,607498
2022-04-21,257.46,261.51,253.28,253.4,614978
2022-04-22,251.4,251.4,242.78,242.93,593998
2022-04-25,241.6,244.08,235.43,243.66,613923
2022-04-26,241.85,242.92,235.0,235.17,752830
2022-04-27,235.71,241.11,235.71,239.44,575984
2022-04-28,241.96,246.41,239.25,245.56,464707
2022-04-29,244.32,246.65,234.83,235.6,1077774
2022-05-02,234.04,236.13,228.36,233.15,1572836
2022-05-03,213.11,214.46,196.39,199.3,4018485
2022-05-04,198.62,208.25,197.54,207.33,1792314
2022-05-05,204.74,206.44,197.93,199.95,1271335
2022-05-06,199.42,204.68,196.01,200.02,1306645
2022-05-09,196.64,199.08,188.71,189.49,1744532
2022-05-10,192.45,194.53,186.34,191.26,1403926
2022-05-11,189.9,193.37,185.22,185.56,1100557
2022-05-12,183.78,193.95,183.78,190.06,1555691
2022-05-13,192.0,196.32,189.68,191.1,1386991
2022-05-16,190.67,191.39,186.58,189.76,742838
2022-05-17,192.36,192.78,188.14,191.49,812464
2022-05-18,189.35,189.85,182.39,183.21,1072588
2022-05-19,182.62,188.72,179.16,186.32,956957
2022-05-20,187.32,189.05,183.03,187.06,910566
2022-05-23,189.48,190.9,185.35,190.01,701856
2022-05-24,183.53,186.86,181.85,185.81,1046196
2022-05-25,184.87,187.17,183.06,186.42,898977
2022-05-26,189.5,193.04,189.06,191.96,877881
2022-05-27,194.44,198.84,194.19,197.85,1176193
2022-05-31,195.9,201.45,194.29,199.9,2238250
2022-06-01,202.37,205.83,200.38,203.47,1433319
2022-06-02,204.4,206.67,201.42,206.42,1008213
2022-06-03,203.6,205.89,202.01,204.65,794670
2022-06-06,207.6,208.31,199.7,201.45,1197235
2022-06-07,199.49,203.86,198.07,203.73,997011
2022-06-08,202.02,204.6,200.85,201.46,824134
2022-06-09,199.63,203.9,197.41,199.99,992400
2022-06-10,197.34,199.33,195.54,195.71,1194733
2022-06-13,190.28,191.84,186.6,189.0,1370585
2022-06-14,188.5,189.88,185.61,187.91,817775
2022-06-15,189.62,195.69,188.55,192.82,1881575
2022-06-16,187.5,189.16,184.63,185.65,1633276
2022-06-17,184.21,187.67,178.97,179.16,3148473
2022-06-21,180.81,184.76,180.39,181.32,1487054
2022-06-22,178.22,184.47,178.22,183.45,1568218
2022-06-23,183.36,185.58,181.9,184.88,1149434
2022-06-24,187.13,189.17,185.31,188.51,1273692
2022-06-27,190.13,191.58,186.04,188.74,786937
2022-06-28,188.53,190.1,184.72,185.31,927347
2022-06-29,184.88,185.35,182.12,184.87,664965
2022-06-30,182.0,189.11,181.63,186.87,1287442
2022-07-01,187.16,189.2,182.32,186.31,670961
2022-07-05,183.71,187.39,182.7,187.16,612470
2022-07-06,188.1,190.05,186.53,188.05,593175
2022-07-07,188.26,191.02,187.53,190.27,663104
2022-07-08,189.38,189.97,186.64,187.64,588618
2022-07-11,186.84,190.79,186.47,188.31,682299
2022-07-12,187.65,189.79,185.01,186.08,449543
2022-07-13,182.52,187.59,180.86,185.6,757008
2022-07-14,182.79,187.58,182.11,187.22,525713
2022-07-15,189.62,194.38,188.44,193.47,1041945
2022-07-18,194.21,195.13,191.21,191.93,563379
2022-07-19,194.61,203.61,194.21,202.9,1056185
2022-07-20,200.61,203.42,195.7,202.39,1151156
2022-07-21,202.26,207.38,200.65,206.74,849500
2022-07-22,206.85,210.34,206.28,207.77,1084981
2022-07-25,207.03,207.9,204.98,206.23,698592
2022-07-26,204.84,208.75,204.17,205.74,1457832
2022-07-27,233.36,237.24,219.05,225.45,2499121
2022-07-28,227.9,232.13,222.52,231.8,1510668
2022-07-29,231.59,239.92,230.71,239.35,1111224
2022-08-01,236.78,239.28,234.44,236.81,690710
2022-08-02,235.35,235.96,231.6,232.77,821740
2022-08-03,232.97,236.34,230.92,235.4,930160
2022-08-04,235.87,238.64,234.46,238.11,520204
2022-08-05,235.5,238.19,232.8,236.5,588328
2022-08-08,237.87,238.42,232.98,234.92,827173
2022-08-09,233.2,234.34,229.72,229.86,789093
2022-08-10,234.94,238.7,231.33,237.78,953050
2022-08-11,240.19,241.22,236.66,237.14,704628
2022-08-12,237.99,242.95,237.39,242.74,472404
2022-08-15,240.94,245.53,240.48,243.74,603680
2022-08-16,241.86,246.41,241.42,244.32,562843
2022-08-17,239.28,241.35,237.84,241.0,834669
2022-08-18,242.28,242.53,238.85,241.46,436005
2022-08-19,239.19,240.25,235.89,236.95,425943
2022-08-22,232.92,233.7,228.87,229.69,674591
2022-08-23,229.38,231.5,228.4,229.24,682296
2022-08-24,229.46,231.48,227.24,228.97,791534
2022-08-25,231.08,233.24,229.49,232.48,491372
2022-08-26,232.63,233.44,223.04,223.08,485334
2022-08-29,221.32,226.83,220.85,224.06,489031
2022-08-30,225.6,226.0,221.44,222.84,343843
2022-08-31,223.75,226.22,222.84,223.13,865348
2022-09-01,221.31,227.78,220.79,227.68,813625
2022-09-02,230.63,231.39,222.8,224.14,551219
2022-09-06,223.59,225.54,220.72,224.38,437383
2022-09-07,225.36,230.03,224.15,228.84,405642
2022-09-08,227.27,230.83,226.38,230.66,441577
2022-09-09,233.81,241.1,233.54,240.5,1158252
2022-09-12,241.09,243.41,238.9,242.08,702928
2022-09-13,235.45,237.08,232.35,233.18,555954
2022-09-14,233.02,237.55,231.32,236.37,951401
2022-09-15,234.48,238.44,229.0,230.89,685499
2022-09-16,228.02,228.11,221.58,224.04,1373809
2022-09-19,223.15,228.53,222.47,228.05,521131
2022-09-20,225.88,225.88,220.11,222.39,695266
2022-09-21,225.31,227.24,217.6,217.6,802050
2022-09-22,215.68,217.42,211.19,211.89,1072823
2022-09-23,209.7,210.0,204.42,206.96,859237
2022-09-26,206.68,208.26,202.6,202.87,673328
2022-09-27,205.59,205.59,197.08,199.77,1108738
2022-09-28,201.71,205.23,198.99,204.67,1125572
2022-09-29,202.89,205.24,198.9,203.21,743061
2022-09-30,203.64,208.01,202.37,202.58,705375
2022-10-03,206.95,214.53,204.91,212.49,812487
2022-10-04,216.38,219.0,215.62,218.32,792322
2022-10-05,215.31,223.78,215.31,221.03,823824
2022-10-06,220.33,223.29,218.9,219.54,599210
2022-10-07,216.57,216.61,210.65,212.28,545266
2022-10-10,214.01,215.28,210.07,212.2,355398
2022-10-11,210.68,216.69,210.09,212.77,595976
2022-10-12,214.06,215.29,211.08,212.21,532788
2022-10-13,208.45,219.04,206.77,218.46,637018
2022-10-14,219.17,220.9,210.08,210.84,570542
2022-10-17,216.41,218.13,215.3,217.27,434021
2022-10-18,224.13,225.1,218.37,222.99,504794
2022-10-19,219.88,222.54,217.95,220.3,534700
2022-10-20,220.19,221.14,211.56,212.09,768741
2022-10-21,212.08,218.94,208.91,218.36,1030273
2022-10-24,220.8,222.83,217.43,221.56,611892
2022-10-25,221.56,227.83,221.56,227.57,514335
2022-10-26,228.17,230.6,226.19,226.92,385807
2022-10-27,228.79,234.01,228.77,232.28,904434
2022-10-28,235.43,243.03,233.82,242.1,852624
2022-10-31,240.82,244.73,240.14,240.43,912917
2022-11-01,242.92,244.16,238.14,240.75,910454
2022-11-02,226.17,233.57,220.42,221.67,2240029
2022-11-03,218.28,231.36,217.45,228.68,1115222
2022-11-04,231.83,235.16,226.31,233.01,1012015
2022-11-07,234.05,236.76,232.09,236.27,764724
2022-11-08,237.75,245.21,236.45,239.51,763923
2022-11-09,237.88,242.4,237.88,238.68,486178
2022-11-10,251.37,255.45,246.33,251.25,814848
2022-11-11,252.88,260.94,251.79,258.81,1031258
2022-11-14,258.64,263.44,252.77,253.0,1046091
2022-11-15,256.77,259.24,252.86,255.03,751980
2022-11-16,254.75,256.65,248.74,250.09,690414
2022-11-17,246.28,246.95,239.63,244.75,833378
2022-11-18,248.38,250.61,246.94,250.49,705516
2022-11-21,249.25,251.69,248.09,249.41,503015
2022-11-22,251.74,255.34,251.38,252.6,459054
2022-11-23,252.59,254.54,251.54,252.26,376859
2022-11-25,251.99,253.81,250.14,250.61,287671
2022-11-28,247.66,250.7,244.92,246.68,461750
2022-11-29,246.68,247.78,243.28,245.66,384383
2022-11-30,244.62,250.58,241.69,250.0,1266463
2022-12-01,251.24,252.43,246.83,252.4,650863
2022-12-02,247.71,251.71,246.22,251.2,887408
2022-12-05,248.53,249.32,244.65,248.53,741946
2022-12-06,248.85,249.87,241.62,242.95,638093
2022-12-07,242.54,244.82,239.65,241.06,847651
2022-12-08,242.2,244.36,241.43,243.33,542238
2022-12-09,244.12,248.3,243.16,245.83,663807
2022-12-12,243.81,250.37,243.81,250.22,676256
2022-12-13,258.3,261.93,252.69,257.11,1354397
2022-12-14,256.4,258.88,253.46,254.68,1014463
2022-12-15,250.17,250.17,242.53,243.31,685489
2022-12-16,239.52,241.98,236.24,239.45,1460574
2022-12-19,239.66,240.45,235.32,237.17,564606
2022-12-20,236.88,241.81,236.27,240.71,473068
2022-12-21,243.05,248.64,242.23,245.4,642919
2022-12-22,242.9,244.03,238.14,242.19,449871
2022-12-23,242.7,243.96,241.12,242.92,297493
2022-12-27,243.65,246.1,242.03,243.69,290751
2022-12-28,243.85,245.19,240.77,241.46,400763
2022-12-29,244.24,246.95,243.93,245.66,299364
2022-12-30,244.19,245.33,241.59,243.71,301518
2023-01-03,245.77,248.29,244.62,247.35,725047
2023-01-04,248.27,248.98,242.24,246.51,792718
2023-01-05,244.84,248.01,241.75,244.66,616008
2023-01-06,248.28,254.36,245.79,253.12,550798
2023-01-09,256.27,259.84,254.77,254.84,692450
2023-01-10,253.37,257.76,253.37,257.04,542304
2023-01-11,258.02,265.03,258.02,265.03,881909
2023-01-12,265.55,268.34,261.48,266.27,733923
2023-01-13,264.01,269.99,264.01,269.89,525040
2023-01-17,268.96,270.58,266.45,267.0,738992
2023-01-18,267.71,267.83,258.99,259.65,729654
2023-01-19,257.52,257.64,251.04,251.04,876684
2023-01-20,252.97,255.5,251.31,255.47,862117
2023-01-23,257.46,262.27,255.56,260.79,582207
2023-01-24,258.64,263.44,256.56,263.02,688364
2023-01-25,258.84,263.88,257.68,263.12,814217
2023-01-26,274.8,278.38,256.71,266.7,1505409
2023-01-27,267.53,271.82,261.25,271.04,1027881
2023-01-30,267.96,271.45,262.82,263.51,861680
2023-01-31,264.06,267.05,258.31,266.85,1059114
2023-02-01,264.45,270.78,262.15,267.65,831688
2023-02-02,269.54,277.23,267.59,275.49,999310
2023-02-03,272.53,277.55,272.13,274.36,534784
2023-02-06,271.19,273.05,269.37,272.24,482917
2023-02-07,271.95,274.54,268.12,273.82,631925
2023-02-08,272.12,273.48,268.78,270.06,663454
2023-02-09,273.45,274.82,271.14,272.22,536273
2023-02-10,270.92,271.31,267.62,269.83,549504
2023-02-13,271.21,277.98,270.24,277.98,670305
2023-02-14,276.06,278.94,273.56,277.39,610654
2023-02-15,276.86,283.29,276.3,282.01,758829
2023-02-16,277.33,281.96,276.49,279.96,400470
2023-02-17,279.15,282.94,279.1,282.83,614823
2023-02-21,279.58,280.44,273.55,274.28,679961
2023-02-22,275.25,277.23,272.59,274.49,419818
2023-02-23,277.13,278.66,272.87,277.35,683632
2023-02-24,273.08,276.69,272.44,275.87,293868
2023-02-27,278.82,280.05,277.72,279.67,441088
2023-02-28,279.29,282.97,279.02,280.18,752283
2023-03-01,278.81,282.26,276.3,278.01,495145
2023-03-02,277.09,282.81,275.59,281.71,484209
2023-03-03,282.76,288.04,281.8,287.45,720036
2023-03-06,288.28,291.91,288.07,290.28,621962
2023-03-07,290.29,290.68,283.85,284.36,549629
2023-03-08,284.88,287.93,284.23,287.18,587420
2023-03-09,289.25,293.89,283.39,283.97,772955
2023-03-10,282.97,282.97,272.58,274.61,552223
2023-03-13,270.52,274.16,268.38,271.7,985885
2023-03-14,277.99,282.84,276.01,279.58,794646
2023-03-15,274.94,275.47,257.86,262.82,1125379
2023-03-16,260.79,268.88,259.11,267.91,977394
2023-03-17,264.06,264.38,256.9,259.07,1274460
2023-03-20,261.09,265.07,260.44,264.41,687691
2023-03-21,269.08,271.6,267.29,269.0,824175
2023-03-22,269.81,271.5,263.58,263.74,777006
2023-03-23,266.19,270.91,262.55,264.49,639316
2023-03-24,261.32,264.1,257.52,263.71,647652
2023-03-27,265.87,266.74,262.23,264.48,572609
2023-03-28,264.74,266.16,263.61,264.84,623237
2023-03-29,267.88,271.34,267.43,270.31,577280
2023-03-30,272.64,273.46,272.11,273.15,430472
2023-03-31,274.65,279.02,274.23,278.77,594761
2023-04-03,276.61,279.39,274.37,276.72,729554
2023-04-04,277.3,278.48,263.27,264.82,751029
2023-04-05,262.58,264.14,258.98,259.51,790032
2023-04-06,258.57,260.76,257.39,258.54,551776
2023-04-10,257.51,261.5,256.7,261.46,460462
2023-04-11,262.04,264.81,261.56,264.59,610589
2023-04-12,267.71,268.48,264.44,267.06,944845
2023-04-13,266.22,266.58,258.73,264.2,919282
2023-04-14,263.94,267.12,261.54,263.43,666044
2023-04-17,263.92,265.61,262.23,263.94,552744
2023-04-18,265.66,267.05,262.18,263.01,519314
2023-04-19,260.95,261.78,259.06,260.6,551396
2023-04-20,257.96,261.2,257.41,260.13,526328
2023-04-21,261.44,263.16,260.0,261.67,719863
2023-04-24,261.25,263.52,261.25,262.27,548756
2023-04-25,262.35,265.6,260.81,261.18,712337
2023-04-26,259.06,261.82,256.31,257.09,922418
2023-04-27,269.62,269.62,256.78,269.43,2082139
2023-04-28,270.75,273.11,267.55,269.24,849580
2023-05-01,269.81,271.9,266.64,268.51,803210
2023-05-02,267.56,268.42,261.72,265.06,755791
2023-05-03,265.54,269.4,264.15,264.69,674852
2023-05-04,263.05,266.81,261.51,265.24,782220
2023-05-05,268.48,269.31,265.15,269.24,451709
2023-05-08,270.64,271.51,265.18,267.04,421081
2023-05-09,265.73,268.63,263.76,263.87,601985
2023-05-10,261.25,264.16,254.33,256.58,1243075
2023-05-11,254.17,257.15,253.28,256.96,922649
2023-05-12,258.96,259.61,256.12,259.4,861478
2023-05-15,260.27,263.04,258.46,261.58,509490
2023-05-16,258.98,260.44,256.55,257.61,504570
2023-05-17,260.19,263.4,258.89,262.05,470529
2023-05-18,262.92,268.61,261.41,268.23,740004
2023-05-19,271.05,271.21,265.46,268.42,686463
2023-05-22,268.7,270.77,266.38,269.53,562467
2023-05-23,267.21,268.95,264.96,265.7,923062
2023-05-24,264.31,264.94,256.99,257.84,577135
2023-05-25,260.0,262.87,257.45,260.9,714075
2023-05-26,262.53,273.72,262.08,273.12,905026
2023-05-30,274.75,277.32,271.29,273.65,769908
2023-05-31,271.34,271.8,264.24,265.83,1472012
2023-06-01,265.47,269.91,263.27,267.62,556038
2023-06-02,270.87,280.94,267.68,279.42,768529
2023-06-05,278.53,278.68,275.13,278.34,529959
2023-06-06,277.67,282.5,276.07,278.61,636164
2023-06-07,277.82,286.34,277.23,285.4,871995
2023-06-08,284.39,289.95,283.7,289.04,797763
2023-06-09,289.99,292.36,287.32,291.5,878572
2023-06-12,291.03,295.72,288.92,295.59,738976
2023-06-13,295.8,301.33,295.8,301.02,931452
2023-06-14,301.44,303.12,295.23,298.77,718284
2023-06-15,297.77,305.05,296.43,304.77,498340
2023-06-16,306.6,307.19,300.1,301.33,1431779
2023-06-20,298.66,302.27,296.69,300.94,598527
2023-06-21,298.96,306.95,298.16,306.05,712969
2023-06-22,303.61,304.19,298.71,300.55,736508
2023-06-23,296.79,300.86,295.8,298.92,1608740
2023-06-26,298.99,305.04,298.79,303.47,711108
2023-06-27,302.95,309.88,302.71,307.88,604534
2023-06-28,309.39,311.88,300.33,306.49,851696
2023-06-29,305.88,310.34,305.1,309.38,536258
2023-06-30,312.16,316.22,310.53,314.36,617370
2023-07-03,314.36,314.91,311.23,314.37,344337
2023-07-05,311.64,313.7,310.12,312.1,580449
2023-07-06,309.29,310.39,307.04,309.62,581358
2023-07-07,307.71,313.37,306.88,310.47,521908
2023-07-10,310.33,320.47,310.33,320.37,603783
2023-07-11,322.91,326.02,321.35,322.65,747800
2023-07-12,325.83,325.98,322.6,323.99,506609
2023-07-13,324.57,327.91,321.96,326.77,465785
2023-07-14,326.17,326.7,323.05,325.6,384156
2023-07-17,323.69,327.92,323.0,326.88,554188
2023-07-18,326.33,332.55,326.33,331.0,664474
2023-07-19,329.59,329.68,323.48,328.24,639742
2023-07-20,328.2,328.75,324.94,326.87,823315
2023-07-21,327.86,328.24,321.34,321.64,654879
2023-07-24,322.79,324.16,320.77,322.64,426428
2023-07-25,321.21,323.99,319.82,322.41,429778
2023-07-26,320.17,321.44,314.91,318.66,676345
2023-07-27,320.1,322.92,314.67,315.18,799241
2023-07-28,317.84,319.37,314.87,318.03,719073
2023-07-31,320.68,324.09,318.99,320.88,1105832
2023-08-01,288.16,299.76,287.1,296.67,2654478
2023-08-02,295.81,297.2,290.14,290.34,1599522
2023-08-03,289.55,291.06,284.58,288.21,1095450
2023-08-04,288.83,289.58,283.2,285.13,737065
2023-08-07,287.07,296.99,286.79,296.24,1017682
2023-08-08,293.14,294.08,290.51,291.55,807996
2023-08-09,291.7,292.96,289.09,289.88,735498
2023-08-10,288.07,290.72,283.07,285.55,1489377
2023-08-11,284.56,285.66,281.63,283.72,719498
2023-08-14,283.49,286.85,282.96,286.57,467978
2023-08-15,285.1,286.28,283.02,285.13,363473
2023-08-16,285.65,287.75,282.36,282.73,496781
2023-08-17,283.49,284.36,279.21,279.22,513027
2023-08-18,276.67,281.19,275.79,279.27,435839
2023-08-21,279.54,281.39,278.26,280.51,418911
2023-08-22,282.74,284.29,279.21,280.32,535724
2023-08-23,282.3,286.25,281.5,285.02,467419
2023-08-24,288.81,291.78,285.82,285.91,724622
2023-08-25,287.36,291.3,284.55,290.55,663502
2023-08-28,291.96,297.79,291.74,296.05,878231
2023-08-29,296.26,304.37,296.26,303.9,836675
2023-08-30,298.87,299.56,293.46,296.54,1139973
2023-08-31,297.36,300.67,295.86,298.95,854654
2023-09-01,300.72,301.56,297.38,300.83,880013
2023-09-05,300.71,300.71,293.23,294.27,745173
2023-09-06,294.35,298.64,294.1,297.41,413277
2023-09-07,294.05,295.79,291.49,291.63,921046
2023-09-08,290.48,291.65,284.28,284.37,866138
2023-09-11,285.33,287.36,280.31,281.52,1055932
2023-09-12,279.72,283.16,276.64,276.92,931360
2023-09-13,275.5,277.38,272.49,273.46,973205
2023-09-14,276.62,277.76,272.08,275.0,843360
2023-09-15,273.15,276.9,272.12,273.2,1091896
2023-09-18,273.04,279.82,273.01,276.58,884110
2023-09-19,276.54,277.05,271.88,275.65,666799
2023-09-20,277.96,280.08,272.7,273.17,458122
2023-09-21,271.75,271.95,266.44,267.2,942939
2023-09-22,267.43,271.59,267.35,269.52,727928
2023-09-25,268.44,273.18,267.55,272.45,435811
2023-09-26,269.19,271.31,266.97,267.31,493719
2023-09-27,270.21,275.38,269.63,272.81,816409
2023-09-28,272.18,277.17,271.43,274.36,501049
2023-09-29,278.59,279.44,273.06,273.84,595263
2023-10-02,273.68,277.06,270.26,272.0,631140
2023-10-03,270.8,273.53,269.86,272.36,847605
2023-10-04,272.55,277.65,270.89,276.65,844752
2023-10-05,275.08,277.8,270.22,274.12,819425
2023-10-06,272.58,280.64,270.28,278.09,555212
2023-10-09,276.23,279.3,273.55,278.25,437919
2023-10-10,278.86,283.46,277.9,279.43,522237
2023-10-11,279.92,287.63,279.92,287.3,680594
2023-10-12,288.19,290.36,284.32,287.4,746401
2023-10-13,285.95,288.24,272.75,276.19,1284311
2023-10-16,279.63,281.49,276.69,279.5,515864
2023-10-17,277.57,282.95,276.15,278.32,638091
2023-10-18,272.05,273.29,263.94,263.97,1476955
2023-10-19,265.03,266.23,258.68,260.09,971002
2023-10-20,259.91,260.66,254.06,254.86,1120383
2023-10-23,255.59,258.29,253.94,255.62,735409
2023-10-24,258.18,258.99,253.0,254.67,521975
2023-10-25,253.85,255.29,250.18,252.24,646807
2023-10-26,253.72,256.77,251.47,251.55,758687
2023-10-27,253.01,253.04,249.64,250.97,709081
2023-10-30,253.78,253.78,250.04,252.37,769543
2023-10-31,251.64,253.94,250.61,251.75,812705
2023-11-01,253.09,255.91,247.13,255.75,1379096
2023-11-02,244.84,250.45,241.58,247.72,2249100
2023-11-03,250.83,254.27,248.81,252.6,1460827
2023-11-06,252.6,253.19,245.72,247.62,1195788
2023-11-07,246.79,249.12,245.48,246.2,1383180
2023-11-08,247.11,250.86,245.06,246.3,1059096
2023-11-09,248.16,248.5,244.59,246.29,1001102
2023-11-10,247.35,249.59,244.59,248.77,1125552
2023-11-13,248.01,253.39,247.83,251.59,987711
2023-11-14,257.5,260.58,256.23,257.55,983373
2023-11-15,258.91,263.61,258.1,260.07,1040376
2023-11-16,261.11,267.05,260.07,262.59,964763
2023-11-17,264.73,265.21,262.15,264.98,653126
2023-11-20,260.8,262.6,259.81,260.99,1292172
2023-11-21,259.91,261.14,259.2,259.32,1090955
2023-11-22,259.91,264.57,259.48,262.61,1034226
2023-11-24,262.13,263.85,261.87,262.8,315465
2023-11-27,262.36,264.24,260.24,260.93,1054683
2023-11-28,260.51,261.17,258.34,259.19,1109386
2023-11-29,262.32,262.77,258.85,260.45,888478
2023-11-30,262.27,265.48,260.53,265.15,1896335
2023-12-01,265.39,270.98,265.28,270.95,1086798
2023-12-04,267.9,272.58,267.58,269.06,963232
2023-12-05,267.61,268.87,264.06,264.73,614882
2023-12-06,266.4,270.98,266.11,267.72,936349
2023-12-07,268.82,268.95,265.97,267.51,491051
2023-12-08,267.24,270.12,266.35,268.12,741020
2023-12-11,268.87,273.65,268.21,269.34,736404
2023-12-12,270.22,274.84,269.04,273.09,838305
2023-12-13,273.68,280.39,272.22,280.1,979730
2023-12-14,283.98,295.71,281.83,295.38,1638449
2023-12-15,294.73,298.21,292.46,293.0,1710159
2023-12-18,293.35,295.37,290.51,293.89,536098
2023-12-19,298.98,300.7,297.94,298.88,629515
2023-12-20,297.94,299.26,292.09,292.22,470318
2023-12-21,294.8,295.76,292.39,295.29,501004
2023-12-22,297.8,299.08,294.67,296.28,311553
2023-12-26,297.57,300.15,297.23,299.42,407591
2023-12-27,300.01,301.07,298.71,299.59,310667
2023-12-28,298.2,299.66,297.39,299.01,331978
2023-12-29,298.65,300.87,296.7,298.88,326007
2024-01-02,295.8,298.42,293.58,294.93,415055
2024-01-03,296.01,297.13,291.74,292.51,823688
2024-01-04,292.43,296.2,292.14,293.29,753984
2024-01-05,290.83,294.61,289.71,293.65,635210
2024-01-08,293.82,295.36,291.83,294.62,549439
2024-01-09,292.68,294.33,291.06,291.65,578492
2024-01-10,291.49,292.93,289.92,290.78,689251
2024-01-11,291.63,294.2,288.57,293.7,703431
2024-01-12,295.87,296.15,291.0,293.21,455180
2024-01-16,291.62,291.62,286.49,287.23,563351
2024-01-17,284.33,285.47,282.55,284.34,575029
2024-01-18,285.41,289.22,285.41,288.94,529181
2024-01-19,290.13,293.6,287.23,292.11,604557
2024-01-22,292.81,295.46,292.72,294.22,562687
2024-01-23,295.34,295.84,292.23,292.9,427278
2024-01-24,295.82,295.82,289.1,289.13,543638
2024-01-25,291.96,295.51,291.89,292.87,547020
2024-01-26,294.33,294.87,291.15,291.68,385534
2024-01-29,290.43,293.45,289.38,293.24,534610
2024-01-30,291.7,296.21,290.15,295.74,759560
2024-01-31,254.04,262.53,242.69,243.82,6466234
2024-02-01,248.41,255.4,247.96,253.18,2080097
2024-02-02,251.97,260.82,249.89,258.0,1710212
2024-02-05,255.97,259.19,253.65,256.37,1234796
2024-02-06,257.36,257.36,250.14,250.27,1765833
2024-02-07,251.72,260.09,251.62,258.97,1867755
2024-02-08,260.38,269.32,260.12,268.3,2029039
2024-02-09,268.57,273.95,268.27,272.91,1503844
2024-02-12,272.91,275.9,269.34,270.2,1330240
2024-02-13,266.96,269.54,263.35,267.98,1451223
2024-02-14,268.78,269.92,266.25,269.47,1039111
2024-02-15,270.04,273.18,268.75,270.87,1466537
2024-02-16,270.65,274.51,270.34,270.46,1152836
2024-02-20,267.16,276.43,262.87,263.59,1833394
2024-02-21,261.94,265.87,259.71,265.54,970030
2024-02-22,268.86,271.09,267.16,269.39,1055042
2024-02-23,269.62,273.67,269.62,271.22,792024
2024-02-26,270.34,272.18,267.37,268.61,765648
2024-02-27,270.44,272.33,269.54,271.67,785933
2024-02-28,270.73,277.15,270.73,276.93,1227364
2024-02-29,278.07,278.23,273.39,275.64,1155358
2024-03-01,275.56,280.04,275.56,279.48,880841
2024-03-04,280.22,280.55,275.07,278.63,1497598
2024-03-05,277.83,279.06,274.98,278.15,667016
2024-03-06,278.15,282.49,277.26,281.54,779109
2024-03-07,284.45,286.63,281.02,284.4,556952
2024-03-08,286.67,288.74,282.49,284.84,640308
2024-03-11,281.52,283.59,273.73,275.36,1259489
2024-03-12,275.45,276.3,270.54,274.48,974831
2024-03-13,272.56,278.24,271.94,274.96,825719
2024-03-14,276.38,278.94,268.01,270.73,970279
2024-03-15,268.89,271.65,268.54,271.58,1372989
2024-03-18,270.96,274.48,268.81,268.96,567140
2024-03-19,263.48,269.55,260.16,268.98,1328096
2024-03-20,269.6,276.2,254.96,272.45,2011675
2024-03-21,274.23,282.45,272.39,280.49,1204615
2024-03-22,280.46,281.92,274.72,276.9,1149856
2024-03-25,274.41,275.97,272.77,273.11,668770
2024-03-26,275.14,277.78,274.22,275.03,620884
2024-03-27,276.48,282.11,275.15,281.57,664179
2024-03-28,281.37,282.99,279.5,281.68,605702
2024-04-01,281.49,281.55,273.85,273.99,680626
2024-04-02,273.63,274.37,269.0,270.95,942416
2024-04-03,269.49,274.36,269.49,270.61,1062509
2024-04-04,271.7,274.72,266.0,267.18,934776
2024-04-05,269.26,271.04,266.79,269.99,597470
2024-04-08,271.24,273.83,269.22,272.71,683156
2024-04-09,273.49,278.63,272.85,277.33,867262
2024-04-10,272.76,273.13,267.77,272.72,815982
2024-04-11,272.7,279.35,272.24,278.97,915787
2024-04-12,275.12,278.42,273.39,275.39,1122889
2024-04-15,279.26,281.05,274.72,276.43,1391588
2024-04-16,275.01,275.41,266.82,272.07,1094667
2024-04-17,272.95,273.77,266.77,269.42,817860
2024-04-18,271.63,272.13,264.1,264.44,1125002
2024-04-19,265.31,266.18,260.55,261.02,1196641
2024-04-22,261.94,266.36,261.33,264.42,888220
2024-04-23,264.54,269.6,263.45,267.18,663716
2024-04-24,268.65,270.13,265.6,266.44,600494
2024-04-25,263.81,269.53,262.48,267.78,919950
2024-04-26,266.84,273.19,264.44,270.85,626143
2024-04-29,270.95,273.15,268.9,270.7,536259
2024-04-30,268.97,270.07,261.75,261.99,649743
2024-05-01,261.29,264.66,258.16,260.82,854987
2024-05-02,263.47,264.27,258.84,261.1,820991
2024-05-03,264.82,268.51,263.71,264.98,996030
2024-05-06,269.15,269.48,266.43,268.2,996121
2024-05-07,261.06,273.17,254.78,263.03,2383398
2024-05-08,261.49,264.91,257.34,264.53,1355364
2024-05-09,263.13,264.04,259.85,261.54,1515102
2024-05-10,264.69,266.21,261.62,265.75,1146323
2024-05-13,266.8,267.12,260.31,261.22,1150273
2024-05-14,261.79,266.39,261.79,263.08,728579
2024-05-15,265.96,268.49,264.74,267.35,810903
2024-05-16,265.44,265.56,261.59,263.35,682547
2024-05-17,266.04,266.71,260.69,262.03,516567
2024-05-20,262.25,264.77,260.72,263.45,661801
2024-05-21,262.03,264.92,261.36,262.62,698263
2024-05-22,263.02,270.23,261.54,263.05,912327
2024-05-23,263.6,264.98,254.33,254.53,877494
2024-05-24,256.06,258.48,255.37,256.61,592731
2024-05-28,256.44,256.44,250.31,251.19,990782
2024-05-29,248.1,250.1,247.16,247.97,896944
2024-05-30,247.81,249.98,247.5,249.81,982187
2024-05-31,250.07,252.13,247.97,250.15,1698086
2024-06-03,260.42,260.42,247.29,250.57,1149613
2024-06-04,248.25,250.63,244.08,247.69,709801
2024-06-05,249.49,252.15,247.8,252.11,569705
2024-06-06,251.87,251.87,245.95,247.95,480470
2024-06-07,246.95,249.99,245.21,248.58,432761
2024-06-10,247.79,249.04,246.89,247.92,535511
2024-06-11,246.51,248.15,244.11,247.78,479987
2024-06-12,252.47,257.03,251.47,254.65,669119
2024-06-13,253.13,253.85,249.89,253.25,515999
2024-06-14,249.66,251.58,241.87,247.1,741059
2024-06-17,247.32,252.93,246.72,251.11,954126
2024-06-18,250.76,254.5,250.61,252.85,701048
2024-06-20,252.42,255.03,249.67,253.06,1136007
2024-06-21,252.88,253.16,248.47,251.12,2069316
2024-06-24,252.55,259.75,251.22,258.25,1026734
2024-06-25,259.35,265.11,257.69,258.25,1494664
2024-06-26,255.45,259.93,253.32,259.34,1048058
2024-06-27,259.84,260.48,257.25,259.99,842905
2024-06-28,260.31,269.31,259.68,267.39,4325877
2024-07-01,266.95,267.15,257.08,257.92,954612
2024-07-02,257.9,260.05,256.08,257.31,677146
2024-07-03,258.69,261.35,257.3,258.71,405268
2024-07-05,258.07,258.18,254.19,256.51,490924
2024-07-08,255.73,259.16,255.47,257.52,346950
2024-07-09,257.27,258.57,252.63,253.76,504455
2024-07-10,252.5,257.92,250.63,257.49,518386
2024-07-11,259.97,267.06,257.94,266.38,711165
2024-07-12,269.06,277.14,266.86,275.23,1100988
2024-07-15,276.84,282.67,276.04,277.03,908317
2024-07-16,278.42,286.21,278.42,285.94,981764
2024-07-17,283.32,285.38,278.08,279.62,755176
2024-07-18,272.01,276.92,263.89,264.66,1061930
2024-07-19,266.24,267.64,259.9,262.03,764429
2024-07-22,264.49,268.1,261.01,267.83,558266
2024-07-23,267.45,269.41,263.72,264.36,488067
2024-07-24,262.36,265.05,255.14,255.53,698471
2024-07-25,255.82,267.12,252.55,263.24,1222420
2024-07-26,267.12,270.65,265.65,269.11,689228
2024-07-29,268.58,270.04,262.29,264.41,578866
2024-07-30,266.31,268.73,263.62,267.54,527246
2024-07-31,270.91,274.12,268.43,270.67,522222
2024-08-01,266.89,268.97,252.49,257.04,1046856
2024-08-02,251.82,252.54,243.28,246.21,831550
2024-08-05,236.07,245.03,235.85,241.16,887225
2024-08-06,242.5,247.41,239.97,243.59,796945
2024-08-07,247.69,257.65,239.01,242.02,1554452
2024-08-08,241.71,253.6,241.29,251.72,879198
2024-08-09,250.8,253.63,248.05,250.76,625371
2024-08-12,249.96,252.25,245.59,246.95,544311
2024-08-13,249.39,254.75,247.07,254.01,940168
2024-08-14,254.75,256.51,252.67,254.91,860084
2024-08-15,259.14,261.61,256.8,257.5,597857
2024-08-16,257.18,260.91,254.36,256.4,547393
2024-08-19,257.14,260.16,256.0,258.85,380657
2024-08-20,258.31,260.94,257.65,259.05,449926
2024-08-21,260.6,261.54,256.33,259.19,849791
2024-08-22,260.19,260.71,255.88,256.73,489411
2024-08-23,258.41,264.94,257.59,264.49,512920
2024-08-26,265.65,267.08,260.74,261.68,377682
2024-08-27,260.85,260.85,256.46,257.01,518143
2024-08-28,257.5,257.6,253.91,255.66,586246
2024-08-29,257.7,262.81,256.0,260.13,548199
2024-08-30,262.0,265.8,259.33,265.51,962045
2024-09-03,263.03,263.89,253.68,255.22,632600
2024-09-04,254.33,255.86,249.75,250.51,657457
2024-09-05,249.73,252.48,247.13,250.76,560835
2024-09-06,254.03,255.61,247.83,249.55,609244
2024-09-09,253.02,255.92,251.68,253.04,579278
2024-09-10,254.26,255.99,250.89,255.71,552808
2024-09-11,252.08,252.41,243.35,250.7,1189401
2024-09-12,251.51,252.27,246.15,251.82,646402
2024-09-13,253.26,258.15,251.89,256.62,535038
2024-09-16,258.6,259.81,255.6,255.8,547662
2024-09-17,256.49,258.86,254.73,256.89,724390
2024-09-18,259.41,262.14,255.65,256.44,691312
2024-09-19,263.53,263.84,258.26,261.8,801018
2024-09-20,258.99,259.56,253.78,255.33,1304857
2024-09-23,255.79,256.26,252.45,254.81,641521
2024-09-24,255.56,257.26,252.99,255.7,808015
2024-09-25,255.42,255.51,250.98,251.86,738043
2024-09-26,256.1,265.37,256.1,264.66,980727
2024-09-27,267.78,271.28,263.99,264.13,900180
2024-09-30,264.02,264.02,259.15,262.03,595456
2024-10-01,261.81,262.78,256.85,258.9,523805
2024-10-02,257.56,260.14,254.07,259.9,682084
2024-10-03,258.4,258.65,254.75,258.62,569819
2024-10-04,262.68,263.42,257.92,260.61,415821
2024-10-07,258.34,261.2,258.34,260.82,368414
2024-10-08,261.35,261.35,255.48,259.78,434508
2024-10-09,260.48,264.61,258.93,263.35,417639
2024-10-10,260.62,263.14,259.37,261.73,440395
2024-10-11,262.05,267.28,261.9,264.66,597917
2024-10-14,265.4,269.23,263.48,268.68,389518
2024-10-15,268.59,270.41,264.92,265.7,494938
2024-10-16,267.12,269.77,266.45,267.67,535184
2024-10-17,266.13,267.44,264.0,266.1,554701
2024-10-18,269.19,269.19,266.19,266.28,528946
2024-10-21,265.43,266.78,262.47,263.47,465942
2024-10-22,262.77,263.43,260.31,262.35,305888
2024-10-23,261.75,263.33,257.3,260.06,473157
2024-10-24,261.01,262.24,258.05,261.27,480889
2024-10-25,263.81,264.72,261.48,263.39,380817
2024-10-28,265.48,267.06,264.68,264.83,588939
2024-10-29,264.4,265.26,261.43,262.0,481001
2024-10-30,261.57,264.19,259.89,260.24,631784
2024-10-31,259.15,261.7,259.15,260.32,706164
2024-11-01,261.58,263.81,259.45,262.28,718395
2024-11-04,259.66,261.51,256.39,258.31,733805
2024-11-05,257.51,263.22,256.89,262.75,792840
2024-11-06,276.22,287.87,273.46,286.96,2203417
2024-11-07,285.35,285.66,269.31,270.45,2023665
2024-11-08,268.91,269.7,265.26,265.62,1067395
2024-11-11,265.82,274.94,265.82,271.16,891088
2024-11-12,270.35,274.0,268.87,271.22,1044647
2024-11-13,274.12,281.63,273.12,279.7,1033359
2024-11-14,279.05,283.13,276.47,279.57,1348296
2024-11-15,279.46,284.0,277.92,279.29,1110722
2024-11-18,278.56,280.5,275.56,277.62,953115
2024-11-19,274.11,275.16,271.94,272.73,945745
2024-11-20,275.98,276.07,272.37,274.63,995878
2024-11-21,276.31,276.31,271.55,272.89,992381
2024-11-22,274.56,290.24,272.97,285.2,1842415
2024-11-25,288.04,297.65,287.5,292.89,2235164
2024-11-26,290.1,292.6,287.3,290.24,1164781
2024-11-27,290.96,294.12,287.17,289.21,637061
2024-11-29,289.75,292.91,288.88,289.4,395626
2024-12-02,289.75,292.94,288.57,291.34,723957
2024-12-03,289.73,291.22,285.17,285.89,676937
2024-12-04,286.68,288.52,284.98,288.12,575873
2024-12-05,292.46,297.07,290.1,291.32,993319
2024-12-06,293.04,294.61,287.4,289.68,652502
2024-12-09,292.69,296.83,291.22,292.91,905359
2024-12-10,291.67,293.19,287.45,287.99,900475
2024-12-11,292.12,294.09,289.86,291.6,804826
2024-12-12,292.99,297.99,291.54,297.03,1332399
2024-12-13,295.77,298.37,290.44,291.42,1307839
2024-12-16,288.88,291.19,286.58,290.33,794491
2024-12-17,289.26,290.03,284.82,287.78,1238404
2024-12-18,288.13,290.71,281.66,282.1,1477844
2024-12-19,284.87,288.09,274.42,280.44,1337258
2024-12-20,278.86,286.69,277.13,284.15,2982528
2024-12-23,282.85,284.31,279.62,283.59,565839
2024-12-24,283.36,286.79,281.88,286.52,280440
2024-12-26,284.95,288.64,283.83,288.17,371244
2024-12-27,286.24,288.98,283.44,284.85,382276
2024-12-30,281.41,282.22,277.46,280.08,538991
2024-12-31,281.08,282.21,279.42,280.23,375090
2025-01-02,281.38,282.83,274.55,275.43,531070
2025-01-03,275.43,278.35,273.59,277.29,595570
2025-01-06,279.84,281.89,275.56,275.99,564153
2025-01-07,276.58,279.14,274.24,275.84,557889
2025-01-08,272.34,275.61,271.15,274.12,485281
2025-01-10,269.04,272.74,266.79,268.08,837124
2025-01-13,264.75,270.9,264.3,270.17,655972
2025-01-14,271.33,272.89,269.05,271.59,520388
2025-01-15,276.58,277.46,269.21,270.74,712358
2025-01-16,274.05,276.77,271.27,275.5,824744
2025-01-17,278.22,281.89,276.13,281.03,942116
2025-01-21,283.53,287.28,283.51,285.12,751157
2025-01-22,287.24,287.24,282.93,283.33,680009
2025-01-23,282.89,285.35,280.65,285.05,659307
2025-01-24,285.04,286.09,281.71,282.82,720309
2025-01-27,282.47,284.08,276.24,278.69,718298
2025-01-28,277.16,278.54,272.59,276.75,780172
2025-01-29,275.21,277.03,273.25,273.48,401193
2025-01-30,271.93,275.49,269.11,273.57,845383
2025-01-31,274.51,275.46,271.18,273.01,873285
2025-02-03,266.78,268.23,260.99,265.78,861267
2025-02-04,267.6,269.37,264.71,265.08,631979
2025-02-05,266.58,266.67,262.63,265.3,772918
2025-02-06,267.03,268.17,261.21,263.49,1165808
2025-02-07,266.16,266.54,261.56,263.18,1619083
2025-02-10,285.02,302.7,278.97,296.46,2936412
2025-02-11,299.06,301.03,293.89,297.84,1272162
2025-02-12,295.62,297.4,292.99,296.08,944907
2025-02-13,295.38,295.55,291.83,292.85,1031323
2025-02-14,294.28,294.28,287.79,288.68,881937
2025-02-18,290.91,296.68,288.26,296.6,737952
2025-02-19,297.42,297.42,294.0,294.82,662055
2025-02-20,294.65,299.0,290.92,298.6,904655
2025-02-21,299.45,299.45,290.22,290.76,1114036
2025-02-24,291.62,291.9,286.4,288.21,808268
2025-02-25,286.38,289.92,283.27,284.39,618470
2025-02-26,286.38,286.65,282.5,282.75,711148
2025-02-27,284.01,288.84,279.76,280.03,603099
2025-02-28,281.02,283.24,276.96,282.81,834812
2025-03-03,285.58,287.75,273.65,274.42,783590
2025-03-04,267.73,269.27,259.63,263.82,1018708
2025-03-05,265.04,270.56,262.44,269.52,744140
2025-03-06,265.51,269.43,264.07,267.71,1107406
2025-03-07,265.04,273.04,262.68,272.36,1078604
2025-03-10,267.88,271.86,264.97,266.28,856575
2025-03-11,264.56,266.34,258.99,261.14,720095
2025-03-12,263.76,264.59,254.66,258.02,848686
2025-03-13,256.58,256.99,251.14,251.43,599455
2025-03-14,255.45,256.9,251.59,256.26,792442
2025-03-17,254.74,259.85,254.44,258.03,688224
2025-03-18,257.06,257.37,252.02,254.23,775846
2025-03-19,254.62,258.87,254.36,256.1,774232
2025-03-20,253.25,257.3,252.51,254.19,761556
2025-03-21,251.1,254.98,248.92,254.88,1197441
2025-03-24,258.95,264.29,258.64,263.91,1286187
2025-03-25,264.49,270.04,263.61,268.73,1020314
2025-03-26,267.61,270.35,263.51,265.21,769212
2025-03-27,263.29,266.99,261.09,264.03,1025058
2025-03-28,261.72,262.26,253.57,254.72,987895
2025-03-31,251.27,255.64,245.29,254.47,1060497
2025-04-01,253.69,256.03,250.16,254.83,839618
2025-04-02,251.42,258.65,249.95,256.92,1142365
2025-04-03,246.65,246.69,233.91,235.54,1432655
2025-04-04,228.59,228.59,215.18,223.68,1585385
2025-04-07,216.89,234.94,212.45,224.18,1922837
2025-04-08,229.59,230.7,212.04,215.66,1258297
2025-04-09,213.59,240.5,211.75,238.77,1947034
2025-04-10,232.75,232.91,220.84,226.68,1496280
2025-04-11,225.71,228.63,218.93,225.91,1536505
2025-04-14,230.22,232.5,225.41,229.89,1102404
2025-04-15,229.51,234.57,228.1,229.53,810601
2025-04-16,226.43,228.73,221.71,224.66,797083
2025-04-17,226.52,233.22,226.52,228.78,1447336
2025-04-21,225.42,227.97,218.7,223.5,1197313
2025-04-22,226.86,230.95,224.2,230.88,1254712
2025-04-23,240.09,246.1,235.53,236.21,924263
2025-04-24,237.24,245.2,235.95,244.78,692769
2025-04-25,243.46,246.58,243.27,244.63,511477
2025-04-28,244.96,247.59,240.46,242.81,757390
2025-04-29,241.93,245.28,241.07,243.91,585361
2025-04-30,240.66,244.01,236.5,243.94,1018801
2025-05-01,245.29,249.05,243.25,245.41,781365
2025-05-02,249.77,253.38,248.76,249.82,940625
2025-05-05,247.4,252.67,247.4,250.0,982622
2025-05-06,246.84,251.07,246.54,249.22,1148602
2025-05-07,275.77,282.17,273.46,278.89,2275698
2025-05-08,283.9,289.82,281.63,286.84,1568848
2025-05-09,289.7,291.58,285.75,290.34,1024697
2025-05-12,299.85,300.92,294.72,295.25,1868795
2025-05-13,297.44,306.08,295.5,303.85,1350986
2025-05-14,303.35,304.43,300.39,302.89,873678
2025-05-15,301.38,304.96,301.28,303.21,668016
2025-05-16,303.63,304.38,301.19,304.38,664610
2025-05-19,300.34,305.8,298.78,304.82,789593
2025-05-20,303.47,305.32,302.17,304.71,947662
2025-05-21,301.63,305.61,298.17,298.46,713131
2025-05-22,297.7,305.35,295.43,302.94,1198159
2025-05-23,298.48,303.56,298.48,302.19,481498
2025-05-27,305.71,309.78,303.35,309.66,944189
2025-05-28,310.39,311.49,308.06,308.97,938326
2025-05-29,311.55,311.6,306.84,311.48,845422
2025-05-30,311.76,312.75,308.84,312.09,1521023
2025-06-02,311.55,314.36,307.77,313.8,862334
2025-06-03,313.8,315.78,310.87,313.15,1032226
2025-06-04,315.88,316.81,312.63,315.39,872421
2025-06-05,317.48,319.61,316.17,316.99,865657
2025-06-06,319.95,321.24,317.42,320.77,750688
2025-06-09,321.97,324.87,320.33,320.8,974261
2025-06-10,321.83,325.3,318.08,321.66,1081868
2025-06-11,321.78,323.2,319.73,321.48,725556
2025-06-12,319.46,321.58,317.29,321.58,598399
2025-06-13,317.86,319.98,313.56,314.37,696711
2025-06-16,319.05,322.26,317.37,320.75,669465
2025-06-17,317.41,320.64,316.25,316.9,559864
2025-06-18,316.59,321.28,316.08,318.27,662332
2025-06-20,321.16,322.43,315.2,317.87,1083815
2025-06-23,318.2,320.38,313.37,320.26,575799
2025-06-24,323.5,324.37,320.8,322.38,787468
2025-06-25,322.34,322.4,318.41,318.94,646321
2025-06-26,320.38,323.25,319.78,322.63,1098612
2025-06-27,325.39,327.64,322.86,326.33,940358
2025-06-30,327.71,329.03,325.11,328.53,698677
2025-07-01,326.78,336.18,326.31,334.9,1056153
2025-07-02,334.6,339.53,332.77,338.98,784285
2025-07-03,341.22,344.61,341.08,343.27,626807
2025-07-07,341.94,343.79,334.55,335.21,1445197
2025-07-08,336.57,338.61,334.44,334.44,882455
2025-07-09,338.25,338.25,333.84,336.53,574317
2025-07-10,337.13,342.45,333.12,341.17,807125
2025-07-11,337.51,340.63,334.72,339.31,516567
2025-07-14,338.14,341.07,336.57,339.41,663315
2025-07-15,341.71,347.22,340.76,342.79,979590
2025-07-16,348.14,349.84,342.56,347.82,1459793
2025-07-17,349.97,353.72,349.11,352.58,680180
2025-07-18,354.32,355.22,349.54,352.1,681674
2025-07-21,352.59,354.04,346.71,346.87,599738
2025-07-22,346.16,351.3,344.21,349.74,930506
2025-07-23,351.83,355.72,350.28,354.07,629272
2025-07-24,354.43,356.96,352.26,353.1,687693
2025-07-25,353.74,355.16,351.52,354.59,642579
2025-07-28,356.02,356.02,351.94,352.13,876971
2025-07-29,353.94,354.82,348.19,350.02,901118
2025-07-30,350.74,351.37,345.47,347.34,811191
2025-07-31,347.88,351.54,343.49,347.86,1000942
2025-08-01,339.15,341.25,332.68,340.72,1087028
2025-08-04,343.22,346.62,340.55,346.32,949335
2025-08-05,345.77,346.65,337.13,342.21,1337602
2025-08-06,328.6,329.27,302.09,325.07,3061763
2025-08-07,330.19,333.34,325.99,328.94,1728316
2025-08-08,329.11,334.4,326.89,329.58,874712
2025-08-11,329.81,332.52,325.1,326.15,1143486
2025-08-12,327.13,337.01,325.49,336.03,972100
2025-08-13,337.48,345.38,337.48,345.19,1085775
2025-08-14,346.81,347.37,341.0,343.7,1029450
2025-08-15,342.96,343.75,338.5,338.53,959552
2025-08-18,337.32,341.28,336.62,340.36,602915
2025-08-19,340.54,344.68,339.67,341.04,968390
2025-08-20,339.48,340.65,334.74,337.18,989629
2025-08-21,337.45,340.0,334.89,337.08,573057
2025-08-22,340.27,350.98,339.41,348.67,663273
2025-08-25,348.23,349.35,346.94,347.45,465308
2025-08-26,346.97,354.79,345.91,353.11,1498206
2025-08-27,351.11,353.59,345.38,346.69,1221995
2025-08-28,349.08,349.41,345.94,346.62,920895
2025-08-29,345.94,347.24,339.55,340.96,697282
2025-09-02,336.28,338.2,331.9,335.41,1076723
2025-09-03,335.64,336.36,332.75,336.23,514113
2025-09-04,337.48,339.69,334.63,339.4,378552
2025-09-05,341.03,343.19,334.96,337.32,539564
2025-09-08,342.29,345.2,338.28,342.19,1194991
2025-09-09,341.69,341.69,335.79,340.49,540392
2025-09-10,339.46,344.83,334.56,336.95,709750
2025-09-11,338.48,348.98,338.06,348.02,730901
2025-09-12,346.88,346.88,342.42,342.45,545736
2025-09-15,343.71,345.56,341.48,343.95,621361
2025-09-16,343.51,343.82,336.38,339.8,918434
2025-09-17,340.04,345.52,337.76,342.18,892142
2025-09-18,343.43,348.29,342.38,346.06,646779
2025-09-19,346.94,347.7,341.36,345.32,1045596
2025-09-22,345.08,345.33,341.06,342.88,772986
2025-09-23,344.33,346.54,338.99,340.27,865800
2025-09-24,343.2,344.29,338.18,340.02,765674
2025-09-25,336.71,338.63,334.37,337.59,714535
2025-09-26,338.65,342.23,337.01,341.11,543524
2025-09-29,340.81,344.23,340.64,342.05,566617
2025-09-30,341.07,347.64,340.24,347.02,879007
2025-10-01,345.04,349.35,343.07,346.81,921086
2025-10-02,349.15,352.43,343.13,346.18,816625
2025-10-03,346.5,351.08,344.12,346.89,836111
2025-10-06,349.99,350.35,345.64,346.06,759586
2025-10-07,346.64,348.38,339.72,341.75,621620
2025-10-08,343.2,346.02,340.17,345.61,679260
2025-10-09,348.4,348.4,338.33,340.34,588692
2025-10-10,342.46,345.1,330.32,331.35,862082
2025-10-13,335.97,338.53,334.2,336.76,601536
2025-10-14,332.9,346.58,332.76,341.54,1083704
2025-10-15,344.39,350.21,343.46,349.56,827973
2025-10-16,351.56,351.7,343.03,345.52,630244
2025-10-17,344.69,345.6,341.34,345.16,681570
2025-10-20,347.26,351.12,346.82,350.25,422654
2025-10-21,348.72,356.25,347.6,351.62,499399
2025-10-22,354.43,358.11,346.61,347.78,623987
2025-10-23,348.11,354.59,348.11,354.59,414029
2025-10-24,359.0,359.0,353.78,353.92,419098
2025-10-27,357.61,361.92,356.42,358.93,601037
2025-10-28,357.83,359.62,354.08,359.38,549037
2025-10-29,360.52,369.56,359.89,365.5,880762
2025-10-30,362.38,372.32,361.55,363.03,539040
2025-10-31,363.18,367.8,363.18,365.71,723771
2025-11-03,363.85,365.36,357.19,361.92,806626
2025-11-04,356.47,358.5,352.63,357.26,737670
2025-11-05,354.31,362.73,351.56,359.99,1199996
2025-11-06,380.41,394.04,369.82,369.82,2076208
2025-11-07,365.38,372.82,361.17,370.81,1509587
2025-11-10,374.64,390.89,374.64,388.43,1405973
2025-11-11,388.51,390.38,385.13,389.26,1034271
2025-11-12,390.77,395.34,388.8,391.7,1115610
2025-11-13,386.83,390.18,374.51,376.96,1007631
2025-11-14,371.19,378.92,369.02,374.42,866898
2025-11-17,372.74,374.44,365.5,368.81,1559852
2025-11-18,365.39,368.89,362.65,364.73,1007275
2025-11-19,366.34,372.35,364.14,371.18,1204204
2025-11-20,381.28,382.45,367.03,367.41,1455904
2025-11-21,369.86,383.3,367.75,377.4,1644909
2025-11-24,378.12,385.81,375.12,383.02,2140109
2025-11-25,384.67,391.04,383.53,389.93,834611
2025-11-26,390.51,396.17,389.61,392.61,895763
2025-11-28,394.59,397.42,393.47,394.48,540167
2025-12-01,389.61,395.43,387.16,388.6,919016
2025-12-02,391.46,391.99,385.65,389.83,721657
2025-12-03,389.64,399.47,387.18,398.97,771626
2025-12-04,398.97,405.02,398.22,402.48,1310894
2025-12-05,402.1,404.62,400.1,402.88,780316
2025-12-08,403.58,405.07,398.88,400.81,824612
2025-12-09,399.36,403.71,398.6,399.21,594676
2025-12-10,400.26,411.59,398.94,408.79,932475
2025-12-11,408.0,414.43,405.32,411.6,842815
2025-12-12,412.03,413.35,400.96,403.76,797761
2025-12-15,403.25,406.74,399.07,400.24,911176
2025-12-16,407.16,408.05,396.68,399.68,788739
2025-12-17,398.24,402.59,386.96,388.18,816503
2025-12-18,395.28,396.2,389.76,390.25,874629
2025-12-19,391.9,395.05,390.25,394.49,1741153
2025-12-22,396.52,397.89,392.15,397.2,571021
2025-12-23,397.25,398.47,393.67,397.44,508320
2025-12-24,396.83,397.75,394.84,396.83,245268
2025-12-26,396.99,398.52,395.0,398.39,236352
2025-12-29,396.6,398.6,394.31,395.09,438464
2025-12-30,393.61,394.75,391.63,392.3,482525
2025-12-31,392.4,393.58,387.45,387.71,488789
2026-01-02,390.63,397.29,388.95,397.15,532678
2026-01-05,400.73,411.56,400.73,403.31,832247
2026-01-06,400.0,412.54,395.46,411.91,758626
2026-01-07,414.08,414.32,406.11,407.91,571480
2026-01-08,407.32,410.49,399.06,402.25,991292
2026-01-09,402.08,410.99,402.08,409.09,725428
2026-01-12,407.26,413.96,405.48,412.68,483297
2026-01-13,413.84,418.72,413.18,415.42,594722
2026-01-14,413.64,416.95,411.35,415.75,626776
2026-01-15,418.53,424.41,417.25,419.66,546314
2026-01-16,417.55,420.52,412.76,414.07,671795
2026-01-20,403.69,410.93,400.08,402.59,828865
2026-01-21,406.33,420.89,405.93,418.83,974686
2026-01-22,424.1,428.08,420.18,423.83,851994
2026-01-23,422.96,424.26,413.59,416.38,726184
2026-01-26,417.38,419.73,415.04,418.93,453731
2026-01-27,418.62,419.55,414.62,418.28,504125
2026-01-28,418.23,419.13,412.26,413.45,552918
2026-01-29,418.18,427.04,416.29,425.24,720701
2026-01-30,419.98,424.9,414.61,420.17,660942
2026-02-02,418.54,427.77,418.53,427.65,627916
2026-02-03,429.49,432.45,423.51,428.8,916373
2026-02-04,430.98,437.19,421.44,428.34,1467510
2026-02-05,403.86,408.63,384.36,405.28,2605766
2026-02-06,405.59,418.71,396.3,413.57,2180386
2026-02-09,410.02,415.41,408.57,409.22,1161448
2026-02-10,410.06,417.05,405.74,411.16,1131009
2026-02-11,419.78,423.51,405.12,405.35,1436006
2026-02-12,415.69,421.44,378.88,380.66,2677494
2026-02-13,381.13,396.86,380.64,392.99,1354293
2026-02-17,381.68,390.25,374.4,387.11,1718137
2026-02-18,387.11,398.48,385.82,395.07,1244627
2026-02-19,392.91,396.56,389.46,394.0,931789
2026-02-20,391.07,400.71,389.65,397.39,860792
2026-02-23,392.94,394.81,386.39,387.63,1714916
2026-02-24,387.76,407.17,387.6,405.3,1245226
2026-02-25,409.37,410.0,397.78,402.38,1153971
2026-02-26,404.21,411.82,398.28,411.3,905652
2026-02-27,406.09,407.84,400.12,407.45,1207345
2026-03-02,399.7,412.73,395.08,412.15,860984
2026-03-03,401.15,405.96,393.0,398.5,908594
2026-03-04,402.09,404.71,382.54,383.35,1534385
2026-03-05,378.44,386.73,375.41,378.5,1191137
2026-03-06,370.0,371.4,366.08,369.83,1123791
2026-03-09,364.3,376.26,360.58,375.55,1220124
2026-03-10,385.3,385.3,373.55,374.07,925299
2026-03-11,372.07,375.38,366.69,373.25,897955
2026-03-12,365.0,369.03,356.82,358.2,1017949
2026-03-13,363.05,368.06,356.7,360.93,802869
2026-03-16,365.28,367.39,360.78,364.05,691781
2026-03-17,366.82,368.61,347.68,357.39,1562967
2026-03-18,358.03,361.94,354.78,355.11,929382
2026-03-19,349.69,358.63,347.63,355.73,1253787
2026-03-20,354.64,357.57,349.81,355.11,1290370
2026-03-23,359.59,367.81,357.43,357.83,901378
2026-03-24,356.29,363.84,352.0,361.22,816280
2026-03-25,364.31,368.2,358.23,360.65,672953
2026-03-26,356.12,363.15,354.75,354.82,711728
2026-03-27,351.35,355.41,350.71,351.5,818559
2026-03-30,353.43,355.23,347.53,348.51,758661
2026-03-31,352.63,360.94,349.82,358.88,1054534
2026-04-01,363.33,371.73,361.06,368.92,949938
2026-04-02,359.88,370.39,356.79,365.02,543470
2026-04-06,362.11,367.45,361.59,367.18,499613
2026-04-07,365.2,371.7,363.19,369.37,760929
2026-04-08,385.11,394.7,384.76,389.97,907486
2026-04-09,388.75,396.97,385.25,394.9,743563
2026-04-10,397.98,397.98,393.11,396.0,415424
2026-04-13,397.82,408.2,393.78,407.78,780062
2026-04-14,411.44,412.28,404.4,405.27,615257
2026-04-15,403.84,406.7,394.81,397.4,718533
2026-04-16,398.17,405.06,397.26,402.81,548208
2026-04-17,409.0,418.9,406.7,415.73,865676
