Date,Open,High,Low,Close,Volume
2016-04-25,32.432337096701026,32.551016314793145,32.24113392545149,32.485084533691406,4136800
2016-04-26,32.37959852019445,32.59058327922964,32.33344576135155,32.43893814086914,4334700
2016-04-27,32.68947873081393,32.93342935137835,32.148827534893535,32.66310501098633,5822100
2016-04-28,32.491682472493615,32.940025705940535,32.39278478328827,32.933433532714844,4577100
2016-04-29,32.82132965348229,33.04550115536996,32.485073658218475,33.03231430053711,5558600
2016-05-02,33.131221064847665,33.421324383648155,33.025728720271495,33.23671340942383,5694600
2016-05-03,33.19716226797387,33.39496267099097,33.14441733826949,33.29606246948242,3856300
2016-05-04,33.1773812349394,33.981762114347916,33.1773812349394,33.86308288574219,6279400
2016-05-05,33.72461709655628,33.994941386901104,33.190560687034896,33.37517166137695,7703300
2016-05-06,32.40595923693203,32.676283508140635,32.19497456258071,32.630130767822266,23170100
2016-05-09,32.73562551394809,33.08506843496932,32.67628591272411,32.84111785888672,7855400
2016-05-10,32.97299103494169,33.1839783015831,32.73563507585129,33.0587043762207,6568700
2016-05-11,33.15760438849175,33.197162457211384,32.88068533177122,33.17738342285156,5655800
2016-05-12,33.177383913506986,33.55743266562394,32.897350935932735,33.44408416748047,5412500
2016-05-13,33.404073628351156,33.477416314963115,33.1240406904965,33.26405715942383,4032000
2016-05-16,33.17070499564182,33.3107214314287,33.0106843951417,33.297386169433594,4016700
2016-05-17,33.13737828370955,33.25739313506225,32.490631867358026,32.723995208740234,5245400
2016-05-18,32.570627418253174,32.723981642974394,31.963887051691465,32.03056335449219,4851600
2016-05-19,31.997232516448758,32.46395400697456,31.750533964666413,32.450618743896484,4039400
2016-05-20,32.55062847116014,32.577298994469764,32.25726034507751,32.43728256225586,4093500
2016-05-23,32.510623641674066,32.55729833055822,32.05056854654702,32.06390380859375,3789000
2016-05-24,32.210589629078235,32.36394132974588,32.037233763320934,32.31060028076172,4166400
2016-05-25,32.283935150782355,32.51729846392028,32.13058342449027,32.37061309814453,3825300
2016-05-26,32.3172873109897,32.83735011309236,32.3172873109897,32.81734848022461,3309600
2016-05-27,32.82398918295267,32.90399819531864,32.63730063961853,32.77731704711914,3146600
2016-05-31,32.63731090707957,32.96401596069336,32.563968229570754,32.96401596069336,7286700
2016-06-01,32.957349212031104,33.10403456531901,32.87067127204812,33.05069351196289,5770500
2016-06-02,33.01068570259079,33.08402837474817,32.67731176983271,32.910675048828125,3547500
2016-06-03,33.144040365716876,33.62409970914591,33.144040365716876,33.45741271972656,4953400
2016-06-06,33.61075318795358,33.61075318795358,33.2373735410666,33.42406463623047,4687400
2016-06-07,33.437405688975524,33.63742953525198,33.34405885350139,33.39739990234375,3767900
2016-06-08,33.344057746884005,33.58408737182617,33.344057746884005,33.58408737182617,2650300
2016-06-09,33.61077141139954,33.95748072646841,33.597436144268954,33.91080856323242,3642000
2016-06-10,33.80411382109332,34.157489339649295,33.80411382109332,34.07748031616211,5303600
2016-06-13,34.00414866081986,34.230843086963,33.944141237916035,33.99748229980469,5246700
2016-06-14,34.010809018363524,34.22417068481445,33.83078932487033,34.22417068481445,5316200
2016-06-15,34.224166511050974,34.27083865455239,33.81078103512265,33.924129486083984,4478000
2016-06-16,33.950800652249654,34.150827049962835,33.830788374439564,34.04414749145508,4323300
2016-06-17,34.12415811746914,34.14415974079767,33.777448900273434,34.104156494140625,9984900
2016-06-20,34.00415146011024,34.10416468766385,33.61743635990779,33.96414566040039,5473700
2016-06-21,33.997484538671955,34.15083628653792,33.790791725404624,33.937477111816406,3472000
2016-06-22,33.990810790222554,34.05081820852729,33.824123799758475,33.90413284301758,3022900
2016-06-23,33.93079902985485,34.05081385110625,33.7641120607214,34.04414749145508,4063400
2016-06-24,33.837464437951404,34.464206705990584,33.75745538198603,34.13083267211914,10508200
2016-06-27,34.164171290564646,34.90425949151113,34.11083022557284,34.80424880981445,9457200
2016-06-28,34.71090696929594,34.97760468298214,34.41086981588708,34.877593994140625,8531400
2016-06-29,34.93759219170723,35.00426596664806,34.69756253241386,34.81757736206055,5943500
2016-06-30,34.88425349046105,35.764360604951996,34.81757971102208,35.757694244384766,9498400
2016-07-01,35.837707367021345,35.97105748451725,35.35764796141285,35.891048431396484,6238600
2016-07-05,35.871036847077484,36.28441983678331,35.871036847077484,36.17107391357422,6321700
2016-07-06,36.23774877995885,36.331095626139245,35.95771587174212,36.29775619506836,5605600
2016-07-07,36.21775210665229,36.21775210665229,35.671018935784765,35.7776985168457,5507900
2016-07-08,35.61766192827058,36.11772271752257,35.304292229879,36.097721099853516,5985800
2016-07-11,35.93103838637115,36.05772209564919,35.651005532381575,35.86436462402344,6353700
2016-07-12,35.67100279251144,35.764347065765634,35.19094362327195,35.23094940185547,6030600
2016-07-13,35.404323677470686,35.46433110919964,35.22430392572601,35.4243278503418,4883300
2016-07-14,35.55101192869913,35.804376943380376,35.37098961906581,35.74436950683594,8252100
2016-07-15,35.79769749467148,35.91771233241494,35.464323510593346,35.757694244384766,4609200
2016-07-18,35.771018872109245,35.9443721731673,35.71101147108128,35.751014709472656,3561100
2016-07-19,35.757683611498486,35.87102951152858,35.637668809442566,35.751014709472656,3091800
2016-07-20,35.771022065806584,35.864366354974926,35.47098503387896,35.55766296386719,3869400
2016-07-21,35.48431730439103,35.984378134302105,35.390973023091505,35.937705993652344,5540900
2016-07-22,35.90437558178515,36.43110706525361,35.85770342942127,36.36443328857422,5064700
2016-07-25,36.33776276052584,36.404436537205235,36.14440524733744,36.36443328857422,3925300
2016-07-26,36.357766616515114,36.38443714620055,36.144407465915016,36.30442810058594,6097900
2016-07-27,36.09773298746724,36.324427388320196,35.484326104830735,35.69768524169922,8647300
2016-07-28,35.691020039515045,35.691020039515045,35.35764603565351,35.5109977722168,6076800
2016-07-29,35.511003655032525,35.804374454833756,35.4843356633215,35.671024322509766,5759700
2016-08-01,35.63101521587259,35.87104492311044,35.584343055403224,35.771034240722656,4159600
2016-08-02,35.66435664474922,35.724364074909175,35.43766219119408,35.57767868041992,3715900
2016-08-03,35.61101492560889,35.65768708783123,35.17096129362539,35.36431884765625,5053600
2016-08-04,35.4043148863446,35.604341304734696,35.34430746951589,35.44432067871094,3228900
2016-08-05,35.33764397511171,35.41098666201074,34.99760361446558,35.09761428833008,5165100
2016-08-08,35.144282376697106,35.364310411924855,34.96426013244935,35.13094711303711,3422100
2016-08-09,35.16427564765696,35.344295292681075,35.04426085534708,35.23094940185547,4201500
2016-08-10,35.27763101747704,35.42431636825651,35.1976219822525,35.25762939453125,5836900
2016-08-11,35.264369677681564,35.29806338143869,35.041986605687896,35.25762939453125,4479800
2016-08-12,35.36545680594171,35.513712212494625,35.264375677472664,35.27785110473633,3190800
2016-08-15,35.27110771855198,35.36545111821621,34.678088758379154,34.698307037353516,4124500
2016-08-16,34.644400718710685,34.65787871667565,34.24680877607261,34.34115219116211,5030200
2016-08-17,33.754872264149384,34.75222094346668,33.69422256071349,34.68483352661133,21768000
2016-08-18,34.64439567240541,35.26437063516192,34.590486259063255,35.250892639160156,7694200
2016-08-19,35.10938095405793,35.11612123854075,34.82635070174742,35.015037536621094,6552800
2016-08-22,35.10263807088995,35.20372175792363,34.994816671031,35.041988372802734,4830900
2016-08-23,35.06893683796432,35.23066761770512,34.839816091111196,34.846553802490234,3655700
2016-08-24,34.74548523877708,34.96786578378831,34.583751830042736,34.90047836303711,4076800
2016-08-25,34.96112509186176,35.06894649827826,34.860041398680316,34.94764709472656,4108300
2016-08-26,34.97460153306142,35.21719775870719,34.28723913373592,34.401798248291016,6110800
2016-08-29,34.71178430325795,34.71178430325795,34.462447795113455,34.597225189208984,4705000
2016-08-30,34.523101307691256,34.74548441811529,34.30745848158233,34.34115219116211,5579900
2016-08-31,34.34115692252567,34.61071177763246,34.26029149425988,34.59049606323242,6173400
2016-09-01,34.52983675923188,34.61743987774538,34.3748410896605,34.489402770996094,3613600
2016-09-02,34.50287792264851,34.94090119109999,34.46918422056219,34.90720748901367,3869300
2016-09-06,34.981348907426664,35.345247202397154,34.927439477060126,35.12960433959961,5491400
2016-09-07,35.14979734858755,35.27109670188742,35.001542012184586,35.19023132324219,3564500
2016-09-08,35.21719738060117,35.38566847948987,35.09590055441307,35.35871505737305,4375900
2016-09-09,35.09590057750178,35.15654770530325,34.233326802572,34.28049850463867,6415800
2016-09-12,34.21985363156014,35.10938095405793,34.213115917742655,35.015037536621094,10137000
2016-09-13,34.89373611106253,34.95438581458499,34.30071964402654,34.54331588745117,7083900
2016-09-14,34.63765058334648,34.846553050223925,34.44222353893619,34.60395431518555,5147900
2016-09-15,34.550059637920405,34.78591819157941,34.47593192943745,34.678096771240234,4984800
2016-09-16,34.785913201502275,35.13633341000281,34.556792394815965,35.02177429199219,16959300
2016-09-19,35.10938110428277,35.351979933395704,35.04199368315822,35.331764221191406,4464900
2016-09-20,35.392406424052666,35.486749821889106,35.12959193846121,35.136329650878906,3429100
2016-09-21,35.102635608863615,35.857385354939666,34.94090223508636,35.8371696472168,4880000
2016-09-22,35.958471750539765,36.09324914375534,35.77652265529848,36.039337158203125,4134100
2016-09-23,35.938265151828176,36.14043000756891,35.88435315260899,36.07304000854492,4282700
2016-09-26,36.08651263154523,36.140424622731665,35.90456351728888,35.924781799316406,4689600
2016-09-27,36.066285163705686,36.20780023844274,35.55413169704148,35.6080436706543,5774100
2016-09-28,35.68218496248841,35.729356672064355,35.385674135822036,35.51371383666992,5819700
2016-09-29,35.3856736588149,35.43958565226945,34.920694283263444,35.075687408447266,5877900
2016-09-30,35.095902138642,35.29806695230117,34.44223342283446,34.57027053833008,7048700
2016-10-03,34.509618563897384,34.55005255223172,33.92333987170649,34.17941665649414,5459100
2016-10-04,34.13898408860569,34.13898408860569,33.38423426961565,33.58639907836914,10301300
2016-10-05,33.620090738542125,33.85595180995381,33.29662655009011,33.37075424194336,5617300
2016-10-06,33.26967038277479,33.5055314529415,33.11467728729288,33.31010437011719,6087200
2016-10-07,33.58640018868057,33.748133583429016,33.12815856933594,33.12815856933594,5247100
2016-10-10,33.209015155716536,33.545957282120035,33.134887476601456,33.52574157714844,4510200
2016-10-11,33.41119255361077,33.50553596611952,33.12815974541932,33.296630859375,5868600
2016-10-12,33.48531856823587,33.79530737980202,33.3505437300461,33.714439392089844,5651400
2016-10-13,33.76160017217651,34.41526872262204,33.73464675566156,34.206363677978516,5275400
2016-10-14,34.12551129191432,34.38832584040754,33.99073387531986,34.07160186767578,3947800
2016-10-17,34.15245723424248,34.300712605913766,34.08506983111807,34.15919494628906,3054200
2016-10-18,34.35463281941435,34.543319664039736,33.91660942001034,34.42876052856445,4333300
2016-10-19,34.40180004103966,34.45571202999151,34.09181381656188,34.1861572265625,4769800
2016-10-20,34.26701977522118,34.509618563897384,34.085073254378926,34.17941665649414,3180500
2016-10-21,34.031164446748846,34.219851268593224,33.8963870437178,34.0513801574707,3342700
2016-10-24,34.199637573741434,34.31419670213808,33.94356074995473,34.267024993896484,3335100
2016-10-25,34.20637506675362,34.41528018095065,34.152465645110524,34.34789276123047,3587000
2016-10-26,34.34115247685928,34.40854246724475,34.07160022731325,34.34789276123047,3983900
2016-10-27,34.26027565233726,34.32092533815865,33.95028951176772,34.206363677978516,4776700
2016-10-28,34.260282735021846,34.36136642250949,34.02442422510396,34.16593933105469,5012700
2016-10-31,34.26702629878426,35.19698764219554,34.14572688135385,34.75222396850586,6497900
2016-11-01,34.78591275777059,34.82634674808124,33.88964782320392,34.01768493652344,6475800
2016-11-02,33.90986368968409,33.96377567701402,33.370756669709984,33.82225799560547,6211100
2016-11-03,33.84921366174572,34.11876845445709,33.70095826868797,33.957035064697266,4428800
2016-11-04,34.07160104590204,34.21311617311358,33.694224802672586,33.76835250854492,4807200
2016-11-07,33.86942364163655,34.118762682445606,33.316838723659835,34.112022399902344,6570700
2016-11-08,34.19962596651588,34.39505301756972,34.05137060769374,34.206363677978516,5678000
2016-11-09,33.49881172102006,33.613373470107305,32.966442129065065,33.168609619140625,13795200
2016-11-10,33.033813016,33.033813016,31.72647822841226,32.28580093383789,11719200
2016-11-11,32.312754269749604,32.50144106030837,32.05667750351647,32.19819259643555,6956300
2016-11-14,32.01625038952022,32.15776808347691,31.55127102556332,32.09711837768555,7942000
2016-11-15,32.44754345256871,32.70361774127895,32.258854022713265,32.57558059692383,5828500
2016-11-16,32.68340218377436,32.75752989900283,32.29254789281177,32.63623046875,7003800
2016-11-17,32.581677788355094,32.615765651932456,32.349876674996864,32.38396453857422,5224300
2016-11-18,32.42487034986476,32.486229542355645,31.968084672268816,32.131710052490234,5611600
2016-11-21,32.21352255991377,32.46577587080084,32.07716850512118,32.41123580932617,5330100
2016-11-22,32.37033702416596,32.540778985709004,32.17262372459893,32.4521484375,4976800
2016-11-23,32.19989013671875,32.42487473989188,32.104443068974106,32.19989013671875,4562700
2016-11-25,32.322610085475844,32.69076530788813,32.322610085475844,32.57486343383789,2486200
2016-11-28,32.60893966732857,32.983911259463014,32.58848487452145,32.936187744140625,5546900
2016-11-29,32.84073811275931,33.208893174449074,32.79301459743692,32.936187744140625,7445800
2016-11-30,32.622592095107294,32.622592095107294,31.899919805064997,31.920372009277344,9665800
2016-12-01,31.859000670365987,31.86581980300012,31.49766466286933,31.763553619384766,5569200
2016-12-02,31.988547860531263,32.15898983148654,31.715842267445677,31.879465103149414,4386200
2016-12-05,31.77037302060952,31.961269740549806,31.524938839093124,31.954450607299805,5010000
2016-12-06,32.1453587333927,32.1453587333927,31.87946705777983,31.99536895751953,4573200
2016-12-07,32.043089006633444,32.32943025578531,32.043089006633444,32.145355224609375,5727200
2016-12-08,31.968089405399056,32.356696815132004,31.75674306721232,32.322608947753906,5520100
2016-12-09,32.32260485763933,32.69076002050644,32.26124566382814,32.68394088745117,5025300
2016-12-12,32.60895207587395,33.236177144921534,32.59531640905932,33.21572494506836,5017600
2016-12-13,33.2839099257671,33.54979900068118,33.15437495614538,33.536163330078125,5624500
2016-12-14,33.652041964529275,33.842936019521225,32.997545832497046,33.052085876464844,6903800
2016-12-15,32.74530704123308,33.113462282351094,32.581684223450274,33.03846740722656,6247800
2016-12-16,33.065732492082866,33.406616332207435,33.00437329683095,33.352073669433594,6843500
2016-12-19,33.44070047340678,33.60432584277598,33.188447188002236,33.46797180175781,2990700
2016-12-20,33.467981505054595,33.665694791816655,33.33844655893692,33.54297637939453,2949400
2016-12-21,33.583880717510986,33.78159400388725,33.54297631394195,33.570247650146484,2837400
2016-12-22,33.50887944280227,33.66568568274997,33.37934193099633,33.65205001831055,2953300
2016-12-23,33.65204780651863,33.7474948505842,33.54296509890985,33.631595611572266,1923900
2016-12-27,33.62479213351437,33.72023922201549,33.46798583087135,33.61115646362305,1992900
2016-12-28,33.652056294488304,33.70659636168074,33.27026542119103,33.338443756103516,2520600
2016-12-29,33.53615230268457,33.70659422807058,33.345258178488216,33.658870697021484,2766600
2016-12-30,33.70660531150902,33.78160019945674,33.42708056599188,33.536163330078125,3484300
2017-01-03,33.5088823422268,33.57705806958587,33.181631568838874,33.43388748168945,3974400
2017-01-04,33.42025917888444,33.61115333813554,33.29754076201221,33.39980697631836,3864000
2017-01-05,33.44070836302027,33.54979110142311,33.14073148259685,33.50206756591797,4844400
2017-01-06,33.379349021677235,33.54297442897166,33.24299494905482,33.41343688964844,4800200
2017-01-09,33.33844906294095,33.515707560454445,33.0521052122032,33.0861930847168,4271400
2017-01-10,33.133908171962226,33.133908171962226,32.854383527493255,32.98392105102539,3569400
2017-01-11,32.915743556132455,33.2838987364345,32.89529135747257,33.2293586730957,2636400
2017-01-12,33.27026975348922,33.47479958338449,33.093011261110085,33.40662384033203,3500500
2017-01-13,33.29071847164203,33.352075068730876,32.99755814877628,33.270263671875,3590700
2017-01-17,33.37252287650797,33.904300745762704,33.331615886281895,33.87702941894531,4882300
2017-01-18,33.78159165088193,33.98612145669423,33.747503783369474,33.829315185546875,3444500
2017-01-19,33.597510600773575,33.74750032333546,33.33844075365056,33.440704345703125,3738500
2017-01-20,33.467969589562436,33.577052295019314,33.28389203646579,33.44751739501953,3598500
2017-01-23,33.549787932387886,33.611147129489744,33.283898945192306,33.29071807861328,3170500
2017-01-24,33.2907216182407,33.50206796348936,33.065737004700004,33.113460540771484,5507300
2017-01-25,33.045282332732825,33.07937019870097,32.88165693505329,33.05891799926758,4373400
2017-01-26,33.03164333913884,33.22935658287217,32.95664848112018,33.154361724853516,3485700
2017-01-27,33.22934687101718,33.3111582373371,32.970274510144925,33.052085876464844,4255200
2017-01-30,33.14753717633016,33.18162503329565,32.89528391390136,33.174808502197266,4040900
2017-01-31,33.22936446880821,33.81568260546574,33.18845746361627,33.69978332519531,5863000
2017-02-01,33.48843425823297,33.48843425823297,32.799849911183344,33.09982681274414,7546400
2017-02-02,33.12028830705222,33.420265269218426,33.038474280402795,33.39299392700195,4380500
2017-02-03,33.420253005500584,33.5020644013906,33.22935888151143,33.29071807861328,3389300
2017-02-06,33.386169427935336,33.467980834331264,33.215727480846816,33.24299621582031,3145700
2017-02-07,33.31116845888887,33.34525632192069,33.14072654299258,33.24980926513672,3710500
2017-02-08,33.30435794874963,33.638425334724914,33.28390574578267,33.55661392211914,3932000
2017-02-09,33.55660929002716,33.68614422550037,33.20890628315754,33.31117248535156,4827900
2017-02-10,33.277081558124095,33.51569920698406,33.229358028352095,33.440704345703125,3502600
2017-02-13,33.44753117173213,33.604337462867335,33.3111770835639,33.55661392211914,3348800
2017-02-14,33.413427773122145,33.42024690529843,32.89528555941212,33.1270866394043,5319300
2017-02-15,32.963470458984375,32.99756092788811,32.69076491291792,32.963470458984375,6017600
2017-02-16,33.00485363594296,33.29455278827263,32.9427754341018,33.273860931396484,5632700
2017-02-17,33.30834549497312,33.35662824451844,32.88759356503888,32.97036361694336,7118300
2017-02-21,32.92898224637931,33.3428351665207,32.811722252571215,33.301448822021484,8673400
2017-02-22,33.287651225946064,33.860150447453854,33.1152120818118,33.791175842285156,7522600
2017-02-23,33.798064956916264,34.391255905725444,33.756678624018434,34.26020050048828,8940900
2017-02-24,34.34988761625811,34.887899701691026,34.336092164712305,34.83271789550781,8351200
2017-02-27,34.798232519934594,34.798232519934594,34.625793312830076,34.674076080322266,4650300
2017-02-28,34.58439773582109,35.101715219219805,34.570602287184926,35.05343246459961,6668400
2017-03-01,34.674065022641365,34.88099147893451,34.46713856634821,34.52921676635742,7153800
2017-03-02,34.33608787731819,34.88099630487706,34.23952235976863,34.70855712890625,5343900
2017-03-03,34.72234632209038,34.90858091432669,34.44644263776713,34.743038177490234,5710800
2017-03-06,34.9016762069772,34.90857524513177,34.59818430847911,34.65336608886719,4245200
2017-03-07,34.55681141382393,34.83271516065097,34.52922314411173,34.76374053955078,4507300
2017-03-08,34.51542391457266,34.51542391457266,34.2464192380367,34.32918930053711,4324800
2017-03-09,34.41884796891474,34.48092615477402,34.10845703961835,34.1429443359375,4246900
2017-03-10,34.32918574069686,34.32918574069686,34.00499930196929,34.23262023925781,5128100
2017-03-13,34.20502067416076,34.3429724831977,34.1636343420861,34.30158615112305,4403000
2017-03-14,34.27400437697334,34.508521725333765,34.21192617795991,34.405059814453125,3294200
2017-03-15,34.446444786454464,35.07412320779104,34.34987928028156,34.92237854003906,4398600
2017-03-16,34.79822707579146,34.832714385574164,34.508527884947966,34.61888885498047,3785900
2017-03-17,34.77753486860881,35.143107743707354,34.62579016935802,34.949974060058594,9720000
2017-03-20,34.970672387702116,35.09482882966,34.667177693487936,34.74995040893555,3839300
2017-03-21,34.70165882773512,35.28795094158716,34.62578517345037,35.184486389160156,5945200
2017-03-22,35.22588095186894,35.50178473521289,34.977568073102084,34.991363525390625,6175500
2017-03-23,34.92237636166411,35.21207286211224,34.611985374603584,34.743038177490234,8531000
2017-03-24,34.743043362282116,34.915482532914545,34.59819509044198,34.777530670166016,5248800
2017-03-27,34.86719853338525,35.03963769787401,34.570602959967545,34.694759368896484,3680500
2017-03-28,34.61198588264948,34.70855138421628,34.467137630299284,34.54990768432617,5733600
2017-03-29,34.363673343677384,34.58439524352433,34.170542339114455,34.45334243774414,7637000
2017-03-30,34.315382277685394,34.38435686796983,34.011890396737144,34.26020050048828,5575700
2017-03-31,34.232624351172255,34.48783358294645,34.218828901993525,34.33608627319336,6506900
2017-04-03,34.26711219599202,34.47403867449276,34.073981166886384,34.460243225097656,5177600
2017-04-04,34.460238718262495,34.61888241873883,34.3222868735662,34.501625061035156,3854400
2017-04-05,34.43264650604418,34.8189111301768,34.377467349003794,34.784423828125,3586700
2017-04-06,34.66027709327228,34.71545889690063,34.41886328043129,34.57750701904297,6301900
2017-04-07,34.63267579749473,34.6809585455723,34.253310220651336,34.27400207519531,7308600
2017-04-10,34.27399594478756,34.391255905725444,34.06017313617864,34.26020050048828,5021300
2017-04-11,34.23952226674416,34.28090861610139,33.92223481531103,34.0050048828125,9536000
2017-04-12,33.87394934245868,34.32918862405942,33.804972099056876,34.25331497192383,7684800
2017-04-13,34.267110571808,34.267110571808,34.01190134812719,34.087772369384766,5981700
2017-04-17,34.15675069629571,34.37057621174662,34.12915979793826,34.33608627319336,3201700
2017-04-18,34.39126654623887,34.52231936081126,34.322289303401206,34.467140197753906,3755700
2017-04-19,34.425748666534005,34.467135006002614,34.211923192764736,34.31538772583008,3742400
2017-04-20,34.3153938515849,34.33608570940679,33.99810641932263,34.32918930053711,5219000
2017-04-21,34.287802558520916,34.59129716954611,34.287802558520916,34.474037170410156,4433200
2017-04-24,34.50853587365398,34.625795911516505,34.267122018074794,34.59130859375,4097100
2017-04-25,34.4809329507789,34.61198575510626,34.363672962728046,34.59819030761719,3176500
2017-04-26,34.52921840070142,34.71545300954394,34.44644570929622,34.467140197753906,2781600
2017-04-27,34.50852284273372,34.70855289394432,34.4878309861301,34.53611373901367,2944400
2017-04-28,34.48782824302318,34.508520097981005,34.27400276067995,34.349876403808594,7684700
2017-05-01,34.356775821866506,34.3912631242474,34.17743763954583,34.20502853393555,3018200
2017-05-02,34.280900549811776,34.39126149091682,34.10846141488436,34.149845123291016,4031100
2017-05-03,34.19813087385354,34.37746641839573,34.108461785976246,34.122257232666016,4202100
2017-05-04,34.07398236590867,34.38437077897551,33.977414216744805,34.342987060546875,4635300
2017-05-05,34.40506092850294,34.58439649189724,34.3429827274794,34.53611373901367,4593200
2017-05-08,34.55681242551223,34.57750691741865,34.34298951511385,34.50852966308594,3817400
2017-05-09,34.487832619203374,34.54301441437625,34.35677980248701,34.474037170410156,5246100
2017-05-10,34.487828116943156,34.50851997182533,34.21192443952262,34.39815902709961,5279700
2017-05-11,34.37025986312312,34.74013185848497,34.30047359832194,34.733154296875,5507100
2017-05-12,34.761058244550355,34.90761094893495,34.71220734308883,34.80292892456055,3996400
2017-05-15,34.79595186892701,34.914589013572346,34.733143185828155,34.879695892333984,3452600
2017-05-16,34.81688551700096,34.851778636543386,34.43305587768555,34.43305587768555,4477900
2017-05-17,34.43305652435402,34.795950831194176,34.43305652435402,34.642417907714844,4554600
2017-05-18,34.75408964388028,34.87970705026268,34.48889704572018,34.733154296875,4243600
2017-05-19,34.67033087334253,34.809906005859375,34.572629079233,34.809906005859375,6325400
2017-05-22,34.768032226218025,34.92156513625552,34.65637265405645,34.90062713623047,5880200
2017-05-23,34.92854015091395,35.17279727747254,34.893647036312444,34.94947814941406,5441600
2017-05-24,35.02624641465911,35.22165267332283,34.99833351671373,35.158843994140625,4048700
2017-05-25,35.15884402495467,35.32633206147111,35.068119785573224,35.24258804321289,5144200
2017-05-26,35.24259194497762,35.27748506793376,35.137909913934564,35.207698822021484,3265900
2017-05-30,35.22165662513888,35.41008268382661,35.13093237565782,35.29144287109375,3848600
2017-05-31,35.35424431211579,35.542670332189054,35.312370975819256,35.31935119628906,8671000
2017-06-01,35.3472714141786,35.57756813873776,35.263524730543956,35.54267501831055,5270300
2017-06-02,35.6124647094483,35.710166520980025,35.479869774108764,35.598506927490234,4994400
2017-06-05,35.54267116692676,35.577564283572976,35.43101159635438,35.458927154541016,3221700
2017-06-06,35.65433053812683,35.71713921260846,35.38913806118502,35.444969177246094,3850700
2017-06-07,35.424038646276514,35.67527339717223,35.389145522468716,35.598506927490234,4475500
2017-06-08,35.59849950305687,35.59849950305687,35.23560789653085,35.41007614135742,5667000
2017-06-09,35.333309093528925,35.40309532541639,35.13092529401155,35.368202209472656,3498100
2017-06-12,35.49382333036622,35.82880207095485,35.417056869823625,35.48684310913086,4967500
2017-06-13,35.45194767883005,35.70318238344043,35.37518122329085,35.63339614868164,3653400
2017-06-14,35.84275794705309,36.03118397778149,35.73807593147923,35.74505615234375,4916000
2017-06-15,35.7380767344418,36.11492880436571,35.7241189545734,36.087013244628906,5185300
2017-06-16,36.13586351573653,36.2684610910972,35.9055668073418,35.961395263671875,8791500
2017-06-19,35.93348567487191,36.05910037872308,35.752037185201715,35.8846321105957,4144600
2017-06-20,35.8916096508199,36.10795124551866,35.88462942979855,36.087013244628906,2724000
2017-06-21,36.10098157614995,36.12889714404596,35.59153444183566,35.731109619140625,3678000
2017-06-22,35.62641764636146,35.62641764636146,35.0681197548387,35.158843994140625,5180000
2017-06-23,35.10301868869479,35.17280760055459,34.72616655117622,34.78199768066406,5480700
2017-06-26,34.816879637377674,35.14488076246962,34.70522007639355,34.96343231201172,3721100
2017-06-27,34.82387018863395,34.88667887670689,34.39118693205385,34.47493362426758,4399200
2017-06-28,34.558673093575436,34.57960843277866,34.2655650338585,34.30046081542969,4316100
2017-06-29,34.01433023887526,34.02130779732322,33.609562632366085,33.700286865234375,7203200
2017-06-30,33.66539255745485,33.811945239243705,33.40717764705652,33.41415786743164,5782900
2017-07-03,33.49092375806227,33.53279443091609,33.20479595747381,33.25364685058594,2804200
2017-07-05,33.302503698841036,33.309481258173065,33.03731118725785,33.0931396484375,4753800
2017-07-06,32.99544260342774,33.1419979922817,32.89076322530334,33.07918930053711,4044800
2017-07-07,33.11407439305986,33.21875374578891,32.9954345986912,33.051265716552734,3510100
2017-07-10,33.26063397722077,33.2676115373124,32.98846387667595,32.99544143676758,3980100
2017-07-11,33.051272566199735,33.09314325109908,32.862846497628375,32.99544143676758,3380700
2017-07-12,33.18385656503415,33.26062301160703,33.12802811618271,33.155941009521484,3439700
2017-07-13,33.232721856389446,33.253659863183685,32.869827463998256,32.883785247802734,3334900
2017-07-14,33.09313922789021,33.19084369251833,32.953566745627526,32.98147964477539,3453800
2017-07-17,32.974506059967624,33.01637940699812,32.73722908447769,32.82795333862305,5191000
2017-07-18,32.869827463998256,32.918678376226396,32.70931694350938,32.883785247802734,4916700
2017-07-19,32.93960924609845,33.0093954878254,32.85586522359121,32.96054458618164,3519900
2017-07-20,33.01638364507467,33.100127687710504,32.932636940263706,33.02336120605469,3373800
2017-07-21,32.98845493846721,33.41415786743164,32.93960404453759,33.41415786743164,4117200
2017-07-24,33.40020169825638,33.41415947750513,32.96752119024202,32.9744987487793,4513300
2017-07-25,33.002420227743535,33.02335556928526,32.63254566673363,32.64650344848633,4010400
2017-07-26,32.64650601866332,33.07918930053711,32.59765510977029,33.07918930053711,4153200
2017-07-27,32.932627000301096,33.37228775024414,32.834925203019154,33.37228775024414,4629100
2017-07-28,33.365305013692584,33.47696457356935,32.98147278082816,33.155941009521484,4263400
2017-07-31,33.15594287826488,33.49790179713388,33.03032819572576,33.44905090332031,5973100
2017-08-01,33.51883847239112,34.237649454104385,33.50488069329071,33.867774963378906,8875900
2017-08-02,33.85382083201379,34.949483980972914,33.4350980625809,34.74011993408203,9067300
2017-08-03,34.5307464028827,34.684279273349674,34.321385091810875,34.44700241088867,6066700
2017-08-04,34.265556105314815,34.36326054121128,33.87474901042361,34.049217224121094,5375300
2017-08-07,34.04224497716095,34.22369345271727,33.97943629903365,34.195777893066406,4051000
2017-08-08,34.13297304548359,34.33535688240327,34.04224879752397,34.27952575683594,5256800
2017-08-09,34.335355959933246,34.34931374095008,34.04224788292873,34.09109878540039,5181900
2017-08-10,34.06318283081055,34.16786218578756,33.89569213580333,34.06318283081055,3319000
2017-08-11,34.06318069066372,34.0980738067971,33.67934842667418,33.79100799560547,3227000
2017-08-14,33.79100522345481,33.95151833641358,33.72121899691318,33.94453811645508,3773300
2017-08-15,33.867768768746174,34.16785430908203,33.846833435011845,34.16785430908203,2917400
2017-08-16,34.11203054661076,34.300456562600374,34.098072768147745,34.18879699707031,3033300
2017-08-17,34.195867742998274,34.21705660658705,33.82862823235107,33.842750549316406,3346400
2017-08-18,33.786262499704435,34.24531605548427,33.68032623481028,34.11112976074219,4853000
2017-08-21,34.139349397363276,34.20291056089897,33.948665906756204,34.10403823852539,4699300
2017-08-22,34.040492129574545,34.0546171381703,33.74387233720343,33.86393356323242,4134600
2017-08-23,33.892179064625424,33.95574024780248,33.793304017629225,33.927490234375,3224200
2017-08-24,33.920421751060786,33.99810793034104,33.81448825628068,33.913360595703125,2877800
2017-08-25,34.04048550676718,34.25941636223218,33.885113136512494,34.11817169189453,3792600
2017-08-28,34.20292337039945,34.245298393316226,33.96986478546179,34.14642333984375,2549300
2017-08-29,34.18879691265622,34.23823309026077,33.97692719519818,34.026363372802734,2334300
2017-08-30,34.00518168348834,34.06874287649573,33.86393428857523,34.04755401611328,2460800
2017-08-31,34.14642786446373,34.252364088758036,34.04755549195977,34.08286666870117,4325500
2017-09-01,34.12524169723291,34.12524169723291,33.814499570210444,34.08286666870117,3112800
2017-09-05,34.11816981429489,34.739653872973186,34.04754478894332,34.718467712402344,6725300
2017-09-06,34.85265883776753,34.93034503560074,34.66197796281126,34.80322265625,7368000
2017-09-07,34.81734441207348,35.311708875139345,34.67609703775901,35.276397705078125,7074800
2017-09-08,35.121026219329224,35.502393331480306,35.02921501957366,35.45295715332031,5696200
2017-09-11,35.34701964448451,35.763697912250215,35.28345846146705,35.74251174926758,5297700
2017-09-12,35.657774746168286,35.72133594762232,34.789104094939646,35.0009765625,5912600
2017-09-13,34.972728481868714,35.000978504987295,34.71848366194246,34.902103424072266,4398500
2017-09-14,35.06452831100814,35.65776513329337,34.91621708488462,35.59420394897461,6166900
2017-09-15,35.73545618736654,35.876703592840634,35.53771143614492,35.76370620727539,7244800
2017-09-18,35.806073305288464,35.82019831211389,35.12102529163826,35.36114501953125,3859900
2017-09-19,35.36114943037763,35.38233559622367,35.08571849809943,35.21990203857422,5110100
2017-09-20,35.32584362941284,35.38234097828615,34.774981681063984,34.92329025268555,4721000
2017-09-21,34.9515417114197,35.05747525518969,34.77498311106595,34.79616928100586,3040000
2017-09-22,34.85971483040034,34.89502599579978,34.435972763399455,34.47834777832031,4155500
2017-09-25,34.46422586265752,34.71847058683424,34.45010085641776,34.62665939331055,4518300
2017-09-26,34.60547712018274,34.626663284888686,34.3653573752595,34.45716857910156,3976300
2017-09-27,34.27354827889495,34.44304568917423,34.10405356268561,34.26648712158203,6676300
2017-09-28,34.19586436838884,34.577231546507036,34.1605531913194,34.563106536865234,5880800
2017-09-29,34.62665951556677,34.90915425322042,34.30179245311372,34.704345703125,7244900
2017-10-02,34.72553186552471,34.9162154093305,34.57016218447774,34.704345703125,4478500
2017-10-03,34.584290955476796,34.591352112355516,34.33710735960505,34.45716857910156,3546000
2017-10-04,34.421859609617755,34.7043517020328,34.39360959215527,34.67610168457031,4321500
2017-10-05,34.70434974424251,34.9374083340555,34.563102358968266,34.85972213745117,4040700
2017-10-06,34.732603616783216,35.03628458591884,34.61960623483066,35.022159576416016,3208900
2017-10-09,35.008029389290236,35.10690174711692,34.965654367048934,35.06452941894531,2955500
2017-10-10,35.12808791052547,35.49532729883299,35.057462878874425,35.481204986572266,4139000
2017-10-11,35.37526872766832,35.84844431563569,35.37526872766832,35.650699615478516,4431800
2017-10-12,35.65069389520515,35.91199973478108,35.58713272405759,35.83431625366211,3420200
2017-10-13,35.91201710621196,36.11682572276552,35.84139474591712,35.97557830810547,4632200
2017-10-16,35.90495154011675,36.21569365896585,35.883765373443175,36.1168212890625,4365000
2017-10-17,36.067385104110826,36.173321325618716,35.82726533688696,36.1168212890625,3691300
2017-10-18,36.03913979977982,36.20863723754883,35.926142405957265,36.20863723754883,2699600
2017-10-19,36.22981383654993,36.7453644780572,36.215688829294564,36.724178314208984,4804600
2017-10-20,36.65356661772313,36.96430878538458,36.582941560933854,36.87249755859375,4122800
2017-10-23,36.823050088767125,36.921922443921865,36.69592771954828,36.86542510986328,3000000
2017-10-24,36.794801515608754,37.01373509207469,36.65355682789626,36.9854850769043,4889300
2017-10-25,36.851311388592194,36.95724762674088,36.50525534550088,36.87249755859375,4600000
2017-10-26,36.97135783386307,37.140855220567104,36.731238107572935,36.76655197143555,3501800
2017-10-27,36.71006402858174,36.9360588225328,36.59706663160621,36.787750244140625,3179000
2017-10-30,36.75243906272399,36.84424759559317,36.60413048433181,36.787750244140625,3346000
2017-10-31,36.738302740644436,36.921922443921865,36.639430385489696,36.86542510986328,4721100
2017-11-01,37.00667635812686,37.00667635812686,36.55468416801808,36.78068161010742,3957600
2017-11-02,36.992548731410935,37.621096748232894,36.865426357888545,37.606971740722656,6568500
2017-11-03,37.493973037232855,37.79059010215775,37.02079473176316,37.03491973876953,4841800
2017-11-06,36.96430573317446,36.971366891235114,36.41344380605605,36.47700500488281,5631700
2017-11-07,36.526432037353516,36.7171155860347,36.236876136186424,36.526432037353516,5454100
2017-11-08,36.54056233862746,36.72418206355446,36.187445203400976,36.56174850463867,5425000
2017-11-09,36.54763100030959,36.738314615773575,36.413447431236634,36.73125076293945,3633300
2017-11-10,36.53349984412451,36.53349984412451,36.24394389024728,36.272193908691406,3501800
2017-11-13,36.33575900840639,36.71712621618016,36.30044782859112,36.59706497192383,2780200
2017-11-14,36.519361747685174,36.96428994948893,36.47698942927372,36.9431037902832,3890000
2017-11-15,36.96430244721856,37.1832360446197,36.6182464634645,36.66768264770508,3589400
2017-11-16,36.68887995420331,36.74537730888296,36.42757396390989,36.68181610107422,4356100
2017-11-17,36.688945288776864,36.87464130492383,36.388978573530224,36.403263092041016,5389200
2017-11-20,36.460397538659464,36.65323444703961,36.403262190524565,36.553245544433594,2950600
2017-11-21,36.61038512298236,36.774655738523535,36.553249768245344,36.638954162597656,2592000
2017-11-22,36.68181610107422,36.738951468862396,36.51040454872128,36.68181610107422,2643000
2017-11-24,36.71036780253613,36.89606106573031,36.68179876989306,36.703224182128906,1155800
2017-11-27,36.717524882798585,36.89607732878078,36.58896690373188,36.82465744018555,3981300
2017-11-28,36.85322662628479,36.90322109708737,36.56040070108638,36.77466583251953,4185900
2017-11-29,36.62466673617073,36.68894570795703,36.281846461474906,36.48896789550781,5099200
2017-11-30,36.574680113707075,36.78180159208474,36.47469118607481,36.56753921508789,5499800
2017-12-01,36.746092995515234,36.810371983417355,36.31042460245574,36.50326156616211,4709900
2017-12-04,36.68895062063456,36.75322960102786,35.874752018648515,35.94617462158203,5505000
2017-12-05,35.86760904759156,36.067586875260005,35.496219707283316,35.96759796142578,5578200
2017-12-06,36.03901998911351,36.38898393293764,36.01045094788425,36.34613037109375,4041000
2017-12-07,36.53182716814617,36.66752603004369,36.03187983429641,36.66038513183594,6637900
2017-12-08,36.5818179870677,36.73180135494245,36.37469654124438,36.46754455566406,4791400
2017-12-11,36.61038136339152,36.9603452515065,36.37469362200248,36.91035079956055,5095400
2017-12-12,36.82465000071469,37.05319686744037,36.54610595268006,36.56039047241211,4031900
2017-12-13,36.67466033367822,37.088903192079904,36.61752498480854,36.91035079956055,5115800
2017-12-14,36.80321480982575,36.924631842045976,36.44611005840266,36.79607391357422,4534800
2017-12-15,37.07463152071075,37.138910513271185,36.58182772741027,36.6461067199707,9391300
2017-12-18,36.610386397864616,36.774657019126174,36.04616283052921,36.10329818725586,5331800
2017-12-19,36.09616764984793,36.13901849856875,35.55336662043225,35.57479476928711,7315000
2017-12-20,35.56763652201306,35.74618891692728,35.446222201228196,35.667625427246094,7125700
2017-12-21,35.53907522828284,35.92474913920745,35.29624380931111,35.34624099731445,10331200
2017-12-22,35.37479505680271,35.381938677396356,34.62487563955569,34.63916015625,7877200
2017-12-26,34.64631153622257,34.81772306392996,34.29635030704011,34.31777572631836,3961500
2017-12-27,34.31777572631836,34.47490273300898,34.224927701956275,34.31777572631836,4185700
2017-12-28,34.34634535473539,34.59631766556198,34.33920445635199,34.4820442199707,2994500
2017-12-29,34.53204498482802,34.617752128034894,34.289213528063904,34.346351623535156,3632900
2018-01-02,34.2891985073045,34.33205206013547,33.53927904196806,33.68926239013672,7278800
2018-01-03,33.60356689642525,33.83211378965009,33.45358350858905,33.496437072753906,6292800
2018-01-04,33.489290774553055,33.63213325253121,33.26788752195588,33.35359191894531,5231500
2018-01-05,33.41787207721238,33.53214551872918,33.16789705080493,33.410728454589844,6120500
2018-01-08,33.49643860711831,33.732126409586456,33.375021532003075,33.71070098876953,7945500
2018-01-09,33.71069809841828,33.746408038216046,33.26788885103962,33.28931427001953,5694500
2018-01-10,33.1821741933885,33.2178841250797,32.717939632416645,32.825069427490234,7197000
2018-01-11,32.60367817133253,32.739377051314015,32.19657880689393,32.3179931640625,6867800
2018-01-12,32.19656942779421,32.40368813701091,31.739473004418905,32.0251579284668,8591200
2018-01-16,32.09658045933901,32.24656655537542,31.64663034471051,31.896602630615234,9767000
2018-01-17,31.86802627144893,32.33940441981216,31.82517544627506,32.17513656616211,10598400
2018-01-18,32.118002871112914,32.23941718132102,31.61091204311579,32.06800842285156,9885100
2018-01-19,32.13228886781923,32.18942421510861,31.718046020875008,31.739471435546875,8808600
2018-01-22,31.860897636846,31.939461145889947,31.403803829129238,31.453798294067383,9649500
2018-01-23,31.189534407055717,31.96088214421494,30.82528868083739,31.76090431213379,10273700
2018-01-24,31.73946824146549,31.846600753030053,31.482355117797848,31.48235511779785,8133000
2018-01-25,31.48235944730957,31.91802500050304,31.446646788881484,31.868030548095703,6763800
2018-01-26,31.889472245874863,32.02517114231676,31.4109502093265,31.64664077758789,8851900
2018-01-29,31.546634588985413,31.57520362493011,31.31808775041425,31.418079376220703,5900400
2018-01-30,31.410943621618177,32.08229978749532,31.410943621618177,31.99659538269043,8254700
2018-01-31,31.96087880442265,32.24656372710868,31.78946730591236,32.217994689941406,9355200
2018-02-01,32.217995530190876,32.353694373534445,31.582349421354735,31.696622848510742,9120700
2018-02-02,31.568060904690995,31.80374862638744,31.439502974859092,31.546632766723633,7211600
2018-02-05,31.58949407779349,31.93945802263266,31.08240585472511,31.225248336791992,9907400
2018-02-06,30.95384540174086,31.3395192549292,30.446757219489623,31.060977935791016,14707700
2018-02-07,30.98956737226092,31.37524137521584,30.83958394594331,30.953857421875,10125300
2018-02-08,30.85385591162381,31.460932994551342,30.732438860342228,30.9966983795166,9475700
2018-02-09,30.98240819040804,31.889454562367682,30.92527012390997,31.660907745361328,11018600
2018-02-12,31.660916374052285,32.046587530051085,31.403800453723946,31.910888671875,7209700
2018-02-13,31.83946423564388,32.02515752680066,31.49664124128882,31.868030548095703,6832400
2018-02-14,31.67520234174913,31.732340431344472,31.110978691712493,31.125263214111328,8010300
2018-02-15,31.31808542438373,31.832317135222873,31.232381047408214,31.825176239013672,8512300
2018-02-16,31.825184248688704,31.883075859421957,31.48507793669066,31.789003372192383,7861100
2018-02-20,31.651507164355436,31.781757735670443,31.2535093393645,31.456127166748047,8368500
2018-02-21,31.53572960513646,31.73110686012247,31.050897101618734,31.05813217163086,8576300
2018-02-22,31.058134378727125,31.42718646531236,30.66737708056306,31.1304988861084,7088800
2018-02-23,31.13050085467892,31.99885567519963,31.108792881303664,31.890310287475586,5648000
2018-02-26,32.049505497368486,32.201466813085894,31.738345035419393,31.861360549926758,6777700
2018-02-27,31.84688664913934,32.071212460836676,31.405475616455078,31.405475616455078,6709500
2018-02-28,31.43442358097644,31.506788093065783,31.065374230804387,31.159446716308594,7518600
2018-03-01,31.173904871448336,31.998840596051565,31.173904871448336,31.82516860961914,9698300
2018-03-02,31.82518156637114,32.3244842449551,31.53573181837232,31.9843807220459,8117400
2018-03-05,31.926481224628542,32.63563665850915,31.868592393507175,32.44749450683594,10168200
2018-03-06,32.490922868272456,32.490922868272456,31.854128973919245,31.912017822265625,6080600
2018-03-07,31.890316998292676,32.01333531429546,31.456140876878706,31.60086441040039,6400400
2018-03-08,31.622565018140016,31.796234306899,31.369293394766434,31.41271209716797,6059700
2018-03-09,31.434424185133242,31.665985107421875,31.34035445824494,31.665985107421875,5335400
2018-03-12,31.564675825715465,31.76005586080931,31.470606103962854,31.709402084350586,5337300
2018-03-13,31.738346871486595,31.897546026927973,31.456132194421386,31.542966842651367,6201500
2018-03-14,31.608095533363272,32.01332851830214,31.593622630998613,31.875837326049805,4019400
2018-03-15,31.839657151372016,32.18699853449975,31.69493088496281,31.789003372192383,4937200
2018-03-16,31.781779369519477,32.04952404502588,31.72389049402156,31.97715950012207,9154500
2018-03-19,31.984378195902334,32.29553865173263,31.796233252160373,31.96266746520996,6060400
2018-03-20,31.977147271573497,32.121873545610455,31.629805870139243,31.73111343383789,4360100
2018-03-21,31.767286300659183,32.17251641804382,31.687686738909157,31.76728630065918,4510100
2018-03-22,31.767292279105767,32.28830292242665,31.694927772794767,31.702165603637695,9938000
2018-03-23,31.789002402316864,31.832421109042112,31.13050053264847,31.195627212524414,5458100
2018-03-26,31.25351533579828,31.7745287627152,31.166680684786723,31.709402084350586,6647700
2018-03-27,31.709403248904483,32.47645051554441,31.60809569226643,32.22317886352539,6241700
2018-03-28,32.288307248166014,32.54881398493898,32.12911083380123,32.30278015136719,4792500
2018-03-29,32.382379797103546,32.599467824664124,32.24489135708079,32.31725311279297,4507100
2018-04-02,32.36789858677644,32.52709772099422,31.76728843932238,31.99161148071289,4895200
2018-04-03,32.00608616617122,32.15081240895192,31.861359923390516,31.96266746520996,4563000
2018-04-04,31.984390119624802,32.46198496655118,31.817955844528818,32.41133117675781,5422400
2018-04-05,32.41856855754468,32.6790753581293,31.9192656967073,32.57052993774414,4187400
2018-04-06,32.59223835756969,32.736964654304096,32.324493742462465,32.41133117675781,4113500
2018-04-09,32.418562376402924,32.60670736780759,32.2883090009456,32.396854400634766,3227000
2018-04-10,32.38961979480282,32.48369229987584,31.962678746147688,32.0567512512207,4422500
2018-04-11,32.0784638399212,32.230425215049166,31.91202679810528,32.179771423339844,3536200
2018-04-12,32.18699680554983,32.34619596609084,31.65874830789186,31.709402084350586,4581200
2018-04-13,31.78900096762559,31.955435195258467,31.738347192277484,31.796236038208008,4847000
2018-04-16,31.912013093241846,32.62840646328024,31.90477802342965,32.61393356323242,6830200
2018-04-17,32.66459432208983,33.29415042654083,32.5271058828537,33.15666198730469,6351800
2018-04-18,33.19284630449243,33.49677178117125,32.859977778949585,32.87445068359375,4027300
2018-04-19,32.816556075383666,33.01193612964402,32.63564892444898,32.99746322631836,4297600
2018-04-20,33.04087631161645,33.192837630030844,32.65011626961636,32.72248077392578,4990300
2018-04-23,32.75866170647275,32.91062302516828,32.61393545800976,32.73695373535156,3525200
2018-04-24,32.83826709905065,33.214554307551175,32.722486631852334,33.069828033447266,5078300
2018-04-25,32.9902248924745,33.518473389714586,32.97575199058006,33.30862045288086,6090700
2018-04-26,33.29415534542206,33.46059237596052,33.20008560172137,33.352046966552734,4231000
2018-04-27,33.28690254977974,33.82962378700441,33.22177589089586,33.57635498046875,4888700
2018-04-30,33.670444078943554,33.735570775361076,33.36652133594482,33.373756408691406,4999300
2018-05-01,33.286906278944876,33.37374091371057,33.04810758281015,33.149417877197266,5998100
2018-05-02,33.14942365726078,33.59807256893884,33.011932471116396,33.46781921386719,5186800
2018-05-03,33.36650546307447,33.62701212481823,33.105998801330706,33.47504806518555,4566300
2018-05-04,33.48229251519037,33.70661835391854,33.294147550986416,33.30862045288086,4151000
2018-05-07,33.30861524859514,33.42439568523684,32.82378553279032,32.888912200927734,5224700
2018-05-08,32.76589650882863,32.80931521113964,31.940960487884496,31.948198318481445,6020400
2018-05-09,32.049503033554984,32.07121100258195,31.557435492506258,31.68768882751465,4662400
2018-05-10,31.83965609535054,32.38961257695647,31.774529415647645,32.353431701660156,4247800
2018-05-11,32.36067292889813,32.65736055414039,32.26660043491669,32.51263427734375,3467900
2018-05-14,32.52710050443311,32.65735385077139,32.056740891497796,32.237648010253906,4243700
2018-05-15,32.14357278496259,32.208699452558655,31.854123075976016,31.99161148071289,4828700
2018-05-16,32.006083584702445,32.179755614116374,31.564669822014345,31.76004981994629,4736200
2018-05-17,31.774534984929907,31.817953699150003,31.499555315717956,31.564682006835938,5043800
2018-05-18,31.64538386438661,31.828814093233632,31.12443988727946,31.35189437866211,6696800
2018-05-21,31.748098249071425,32.078273157387045,31.572004031662217,31.87282943725586,8321700
2018-05-22,31.916878183093385,32.1736795316633,31.755458593178133,31.953563690185547,4643900
2018-05-23,32.0342532146298,32.32774268350351,32.00490370795783,32.27638244628906,5352600
2018-05-24,32.23236116462079,32.547861393189876,32.11496592600834,32.4671516418457,4156300
2018-05-25,32.4964934303716,32.75329457915931,32.4964934303716,32.66524887084961,4511400
2018-05-29,32.58455116209599,32.81200569132427,32.415795659348674,32.503841400146484,7259900
2018-05-30,32.408455678888956,32.88537545511542,32.25437493847986,32.82667922973633,4749600
2018-05-31,32.789985395413765,33.127499130234405,32.577208465605416,32.944068908691406,6990400
2018-06-01,32.878043648505034,32.936739881332215,32.29106452668987,32.43047332763672,4029600
2018-06-04,32.56987179758835,32.723952521916544,32.22502206311008,32.23236083984375,4196700
2018-06-05,32.30574124249038,32.393789795453095,31.946219447460148,32.11497497558594,5533600
2018-06-06,32.23236411464188,32.27638838274704,31.403258591664382,31.46929359436035,5945100
2018-06-07,31.586687176060884,31.982897171318324,31.42527046604455,31.682071685791016,4871400
2018-06-08,31.704081423313475,31.83615141758397,31.52798996356835,31.755441665649414,3981500
2018-06-11,31.740767200233357,31.792130241960862,31.35189599073781,31.432605743408203,4887300
2018-06-12,31.43259809211679,31.909517715119645,31.410587364536628,31.87282943725586,4338400
2018-06-13,31.880172759650353,32.239694423045954,31.704078517123808,32.12229919433594,7778200
2018-06-14,32.12230869520621,32.59922852729426,32.10029795797637,32.437808990478516,5690100
2018-06-15,32.3570910319423,32.63590576161753,32.12230056450732,32.599220275878906,10329400
2018-06-18,32.569872449231596,32.856023171258634,32.474487942248146,32.701942443847656,4592300
2018-06-19,32.7386309929657,33.076144787948266,32.70928427946929,33.06147003173828,7068200
2018-06-20,33.04679076186072,33.17886075078837,32.900046018727416,33.05412673950195,4269700
2018-06-21,33.05412654417374,33.34761602870601,32.98809155010014,33.230220794677734,4932800
2018-06-22,33.36962991829994,33.69980491991349,33.200874428347106,33.611759185791016,6345600
2018-06-25,33.736496133078234,34.27945098328727,33.64845038401759,34.191402435302734,6812100
2018-06-26,33.817195892333984,34.176720359537825,33.55305592441656,33.817195892333984,5917300
2018-06-27,33.75116828701409,34.07400454127735,33.699808037447745,33.9932975769043,3929900
2018-06-28,34.11802849465247,34.37482974009652,33.949272990657285,34.000633239746094,5500400
2018-06-29,33.978614807128906,34.184055756946755,33.7511603277427,33.978614807128906,4017100
2018-07-02,34.059329532610235,34.41885407584035,34.0226440401803,34.41151809692383,4198900
2018-07-03,34.36015114502144,34.73434757308922,34.26476664417157,34.48488235473633,2346200
2018-07-05,34.49955725189827,34.89576721191406,34.3601512877104,34.89576721191406,4763200
2018-07-06,34.88842646220271,35.10854216123192,34.829730248625644,35.04250717163086,3550300
2018-07-09,34.99114775102333,35.005822504490496,33.890566431292704,34.02263641357422,4564200
2018-07-10,33.93458865935793,35.02049516058664,33.76583320297673,34.734344482421875,8859400
2018-07-11,34.77837449338195,35.13789619503907,34.71967547331848,35.04985046386719,5138500
2018-07-12,35.03517442301908,35.26996489680923,34.91777918612401,35.20392990112305,6483300
2018-07-13,35.145240916566536,35.30665765119688,34.88110087945024,35.18926239013672,3508100
2018-07-16,35.04250671089605,35.18925144129379,34.84440454362046,35.005821228027344,3172200
2018-07-17,35.071852243021176,35.14522599936806,34.859072547999126,34.961795806884766,2192300
2018-07-18,35.02050537666849,35.02050537666849,34.61695935899886,34.88843536376953,3163800
2018-07-19,34.925121592368306,35.39470542530543,34.925121592368306,35.159912109375,4496700
2018-07-20,34.97648103846753,35.086540315311865,34.631634048941066,34.866424560546875,4342400
2018-07-23,34.91045443382328,34.99850019007494,34.5802793492244,34.7490348815918,2342800
2018-07-24,34.62429186516269,34.98381637508822,34.23542064336595,34.88109588623047,4285800
2018-07-25,34.71967985815946,35.06452964727603,34.712343879186704,34.88843536376953,3674500
2018-07-26,35.1599037587854,35.3873582426436,35.03517255077879,35.27730178833008,5977700
2018-07-27,35.31399330364763,35.43138855431673,35.064528046110325,35.196598052978516,3439700
2018-07-30,35.15990479473982,35.25528929709375,34.96180261135397,35.15256881713867,3360500
2018-07-31,35.25530172437119,35.695536106545525,35.2186162255877,35.65884780883789,5986100
2018-08-01,35.526764204343294,35.56345248803754,34.96913755862145,35.27730178833008,5303600
2018-08-02,35.27729161305357,35.61480245387468,35.15255764210178,35.56344223022461,4906800
2018-08-03,35.541442143887295,35.97433762040626,35.365350681632,35.90096664428711,4288600
2018-08-06,35.87895706522921,36.267828289230145,35.83493279878775,35.94499206542969,4468300
2018-08-07,35.900969019411605,36.11374878272681,35.73954950256235,36.01102828979492,4575700
2018-08-08,34.815075306448904,34.85176081067523,34.26478434628035,34.396854400634766,10954000
2018-08-09,33.817198087730794,34.38949952275671,33.66311736275047,34.34547805786133,7202200
2018-08-10,34.27943775604954,34.35280871880146,33.79518212468753,33.84654235839844,6840000
2018-08-13,33.94926653037001,34.08867249437979,33.78784703599428,34.04465103149414,4918200
2018-08-14,34.04464757748564,34.35280898211313,33.97861259093363,34.27943801879883,4402900
2018-08-15,34.352818530642104,34.800388808463026,34.250098033881294,34.594947814941406,6350100
2018-08-16,34.52891694935296,34.93979898565265,34.43353241995884,34.85175323486328,6024400
2018-08-17,34.87403783480331,35.00036475867065,34.66596862620752,34.90376281738281,5421500
2018-08-20,34.85918511933757,34.881477445158616,34.591665870560334,34.636253356933594,4245200
2018-08-21,34.56192883197155,34.60651630280241,34.130927952860596,34.182945251464844,5648200
2018-08-22,34.17551618212508,34.182946010063354,33.499288450532596,33.6330451965332,7524100
2018-08-23,33.64047760409837,33.80396216480304,33.462130552899616,33.54387283325195,5877300
2018-08-24,33.56617758158957,33.60333523894981,33.38783329907799,33.46214294433594,6664300
2018-08-27,33.46956811692466,33.506722931235856,33.031134504699125,33.164894104003906,7225400
2018-08-28,33.105444949747834,33.164894921896355,32.93453053191687,32.94196319580078,6929800
2018-08-29,33.00883987409897,33.194616783344635,32.956822566288636,33.09801483154297,6845900
2018-08-30,33.09801432709368,33.17232395576712,32.74132300694605,32.83792495727539,5573000
2018-08-31,32.83048921730737,32.98654111026347,32.42178066372847,32.53324508666992,6210000
2018-09-04,32.52582192549644,32.89737574758153,32.48866711023407,32.614994049072266,7283500
2018-09-05,32.61499397003217,33.19461702396641,32.56297666184477,33.18718719482422,9068300
2018-09-06,33.29120674726956,34.16807359527055,33.17974235218907,34.00458908081055,11908100
2018-09-07,33.69250066842637,33.79653528495559,32.93453053191687,32.94196319580078,9198200
2018-09-10,33.09801589234346,33.19461784724124,32.79334186480491,32.964256286621094,6248800
2018-09-11,32.971688822732844,33.008843641876865,32.69673975938993,32.82306671142578,6197300
2018-09-12,32.81562891265336,33.03856060811248,32.48122995209953,32.78590393066406,4486500
2018-09-13,32.77847566939431,32.94196024341996,32.44407669285569,32.912235260009766,5140300
2018-09-14,32.815627972583464,32.852782781640556,32.406919403494975,32.62242126464844,5383500
2018-09-17,32.65957924269357,33.038562867417404,32.55554463334704,32.98654556274414,4496000
2018-09-18,32.97911280137601,33.3506665644185,32.86764553857116,33.28378677368164,5845800
2018-09-19,33.298646585637975,33.298646585637975,32.362329590644634,32.47379684448242,7345600
2018-09-20,32.436651451730896,32.45894377507602,32.027939958864636,32.169132232666016,10364700
2018-09-21,32.10968085960622,32.800771200528295,32.06509621485688,32.704166412353516,13119100
2018-09-24,32.62985500209958,32.927099179630964,32.40692328631632,32.57040786743164,9173100
2018-09-25,32.273160848121464,32.295453167317696,31.715830190373197,31.75298500061035,9874500
2018-09-26,31.864452355877006,32.10224654374151,31.634087996188754,31.70096778869629,10275500
2018-09-27,31.723273125034062,32.503538636033454,31.693550965402785,32.13198471069336,9961800
2018-09-28,32.198850007126616,32.52581629344213,32.16169236356764,32.39948654174805,7748800
2018-10-01,32.31775146641894,32.32518129529732,31.901610180964976,32.08738708496094,4762300
2018-10-02,32.221145537305425,32.44407724723028,32.13197342028158,32.273162841796875,5066700
2018-10-03,32.258300916855376,32.29545573004086,31.58950294059458,31.797574996948242,6818000
2018-10-04,31.715834751280166,32.213715516462656,31.61180013376327,31.938766479492188,8156500
2018-10-05,31.990780799317744,32.65214609293798,31.938763495419327,32.481231689453125,6106900
2018-10-08,32.55554767828268,32.94939383185414,32.45151022447498,32.63728713989258,5947300
2018-10-09,32.68186932843183,32.95681832500706,32.55554240707277,32.78590393066406,5865400
2018-10-10,32.83792227699301,33.17232124819058,32.64471555737353,32.65214538574219,7005100
2018-10-11,32.76361277005333,32.84535505604914,32.22857441424833,32.35490417480469,8222900
2018-10-12,32.31775611684141,32.496100382891576,31.975924409905094,32.38463592529297,6174300
2018-10-15,32.503519203790454,33.17231416872438,32.399481785719594,32.86021041870117,6543100
2018-10-16,32.78591397902738,33.26893516283573,32.62243219744228,33.07572555541992,4487600
2018-10-17,33.001410766684906,33.12774054179448,32.815633853376674,32.927101135253906,4176200
2018-10-18,33.01627107252784,33.09058069903569,32.763614373778395,32.9196662902832,4606600
2018-10-19,32.912236412885015,33.87084590096451,32.86021910746029,33.491859436035156,6466500
2018-10-22,33.477000087753254,33.6850721637235,33.21691353620396,33.41755294799805,3815500
2018-10-23,33.41011882382051,33.699930349948225,33.10544480472077,33.23920440673828,5034600
2018-10-24,33.380387365432036,34.37615152363374,33.164888345949606,34.19780731201172,7469400
2018-10-25,34.04919249919137,34.04919249919137,33.469569435850026,33.64048385620117,5570100
2018-10-26,33.81140008571589,33.95258952710916,33.075722221184655,33.335811614990234,7821300
2018-10-29,33.469567399216835,34.153225039020654,33.417550093350485,34.1012077331543,6919600
2018-10-30,34.18295011804582,34.4281769904329,33.56616944002779,34.049190521240234,7970200
2018-10-31,33.81140451345708,33.81140451345708,33.15746886320832,33.46214294433594,8395700
2018-11-01,33.469551224052545,33.56615312555825,33.03111783311468,33.365516662597656,5398200
2018-11-02,33.42498350961201,33.439846003559076,32.94196521262135,33.246639251708984,5800200
2018-11-05,33.35066897019638,33.766807400595106,33.32837381518899,33.62561798095703,5316900
2018-11-06,33.58845507239845,33.94514628450118,33.52157529295859,33.937713623046875,5054200
2018-11-07,34.01945378834409,35.000355269691624,33.900556724990736,34.933475494384766,8829300
2018-11-08,34.963207420528526,35.0895371699946,34.3612921578195,34.613948822021484,5475600
2018-11-09,34.59908564639318,34.92605192046491,34.42073860207126,34.78486251831055,6378300
2018-11-12,34.66597034036031,35.28274816836623,34.57679538821231,34.84431457519531,5580200
2018-11-13,34.76256978401954,35.208436008472084,34.65110535395413,35.12669372558594,5165700
2018-11-14,35.000381551052115,35.43881533289399,34.933501725526014,35.22331619262695,6180800
2018-11-15,35.111847036300425,35.119276867756376,34.59910362389274,35.05982971191406,7808400
2018-11-16,35.28562250768076,35.526479764013466,35.059819188774476,35.293148040771484,7552000
2018-11-19,35.2178817221227,35.5114263279699,35.135086500730914,35.40605163574219,5301300
2018-11-20,35.44368575174605,35.624330135774606,34.90175547090547,35.120033264160156,6324500
2018-11-21,34.999591151072956,35.07485794053466,34.277019635762265,34.34476089477539,6920800
2018-11-23,34.45013950256589,34.52540630066641,34.164120501544154,34.412506103515625,2805400
2018-11-26,34.420045652425195,34.578107715553806,34.134026534921894,34.359832763671875,5739300
2018-11-27,34.35229928492752,34.8114343377544,34.239399058471015,34.69100570678711,6882000
2018-11-28,34.691001616824835,34.84153810559743,34.48777778766854,34.71358108520508,5182600
2018-11-29,34.71358194096461,35.03723439486872,34.3598244855596,35.02970886230469,4810900
2018-11-30,35.104989103176685,35.65444507039134,35.00713991494107,35.62434005737305,7133600
2018-12-03,35.43616005770998,35.74475860595703,35.27809514568485,35.74475860595703,4647500
2018-12-04,35.872715136340005,36.04583112640605,35.50390081228955,35.55659103393555,7202200
2018-12-06,35.68454824082461,35.72971006125512,34.32972521161001,35.01466369628906,8745600
2018-12-07,34.99960354917878,35.78991660345962,34.773800229562106,35.36088943481445,5786900
2018-12-10,35.375943980016864,35.69206805866195,34.85659604885207,35.541534423828125,5023500
2018-12-11,35.67700716306236,35.96302328744445,35.58668356155242,35.79743576049805,5526400
2018-12-12,35.79743700844353,36.00066081205919,35.323248133340336,35.383460998535156,5418900
2018-12-13,35.48884307056943,36.11356562408251,35.48884307056943,35.789913177490234,5298800
2018-12-14,35.759819794070054,35.91788475083401,35.45874956516599,35.62434005737305,3710600
2018-12-17,35.67701698380394,35.88776636951788,34.53294355761603,34.62326431274414,6726300
2018-12-18,34.77380142040302,35.059820499709616,34.179183790428404,34.26950454711914,6184700
2018-12-19,34.42756026984125,34.653363536911755,33.9307919337884,34.08132553100586,8112000
2018-12-20,34.08133206789301,34.389930595369705,33.47918894979761,33.938323974609375,8836400
2018-12-21,33.82542088379685,34.80390668085235,33.735100133893766,33.938323974609375,12739700
2018-12-24,33.82541515008529,34.066272356495986,32.31253064286531,32.380271911621094,5339800
2018-12-26,32.47059926626428,32.861993024289454,31.988884755231748,32.84693908691406,5686400
2018-12-27,32.816833062504955,33.08027267456055,32.31253905259776,33.08027267456055,7048100
2018-12-28,33.12543161798798,33.403925168267754,32.93726169705333,33.08027267456055,4722700
2018-12-31,33.08779754259089,33.23080851722189,32.68887823703091,33.05768966674805,4394000
2019-01-02,33.03511207067684,33.08027388700465,32.56092304859311,32.90715789794922,5756100
2019-01-03,32.937261847092955,33.637254185858154,32.937261847092955,33.373817443847656,9405500
2019-01-04,33.20823203473382,33.66736717299976,33.14801914366787,33.652313232421875,5680700
2019-01-07,33.50176432149911,33.689934202339636,33.25338157183677,33.57703399658203,5397800
2019-01-08,33.577032791285745,34.60067736571211,33.49423758728884,34.532936096191406,7246200
2019-01-09,34.472716290947304,34.65336061210358,34.111430519878816,34.23938751220703,6687600
2019-01-10,34.32219661103808,34.93939379718975,34.156609012890755,34.879180908203125,4634900
2019-01-11,34.78885286926181,35.21788002190242,34.48777987350757,35.0823974609375,6137000
2019-01-14,34.76626996009951,34.96949379822568,34.28455547176111,34.743690490722656,6328900
2019-01-15,34.6834859194208,35.44369123998412,34.675957513662794,35.21788787841797,5433100
2019-01-16,35.02218783034293,35.330786412831344,34.81896395340001,35.278099060058594,5475300
2019-01-17,35.27056879175488,35.45873870389933,35.09745281713139,35.42863082885742,3578600
2019-01-18,35.45121079743378,35.556588361560514,35.293148758111236,35.541534423828125,4015400
2019-01-22,35.34583560811466,35.54153392464209,34.9920781257297,35.42863082885742,5292400
2019-01-23,35.428624213609616,35.83507183704835,35.36088294303649,35.81249237060547,4754800
2019-01-24,35.8275494292505,36.128622431343004,35.51142536117382,36.098514556884766,4812200
2019-01-25,36.01571790185928,36.25657514543273,35.654432036499124,35.752281188964844,4862400
2019-01-28,35.75980164235311,35.84259684642969,35.45873156627256,35.699588775634766,3927000
2019-01-29,35.81249237060547,36.008187779347566,35.65442749177187,35.81249237060547,5205000
2019-01-30,35.74475697011349,36.21894307075275,35.64690781405121,36.0307731628418,3556200
2019-01-31,36.07593295146733,36.6404426435459,35.79744230732377,36.58022689819336,7149000
2019-02-01,36.53506993068995,36.617865149392294,36.0834604299258,36.4974365234375,4216100
2019-02-04,36.20388889310978,36.5877571105957,35.985613983528964,36.5877571105957,4306300
2019-02-05,36.55765287505144,36.738297266773635,36.36195741599382,36.67808151245117,5116600
2019-02-06,36.55764416413374,36.73076010969314,36.42969002355508,36.535064697265625,3224100
2019-02-07,36.53506752195874,37.0167819940188,36.37700549917242,37.00172805786133,4178500
2019-02-08,36.88129791038925,36.97914705573265,36.67054855541387,36.97161865234375,4033100
2019-02-11,36.918932099213066,37.16731773392922,36.896352631055116,37.06194305419922,5158600
2019-02-12,37.07699863210923,37.34796376796732,36.828615838402676,37.159793853759766,3926000
2019-02-13,37.114631536592924,37.14473653798204,36.88129983054746,37.04689025878906,3815300
2019-02-14,37.03184127807617,37.22001120035171,36.83614295101232,37.03184127807617,4007900
2019-02-15,37.21470924285994,37.30614506074678,36.917540654708525,37.00135803222656,4647700
2019-02-19,36.98611425862141,37.30614104008062,36.89467554389713,37.27566146850586,6270500
2019-02-20,37.351857740484284,38.0985897507969,37.146125007026974,37.90047836303711,9627100
2019-02-21,37.58807323214303,38.36528197110529,37.51949564850613,38.26622772216797,8402900
2019-02-22,38.18241606214665,38.51006424332987,37.86238632175477,38.38052749633789,7245500
2019-02-25,38.28908811881165,38.31956769253224,37.542356002810024,37.763328552246094,5728100
2019-02-26,37.89286543973404,37.94620324470514,37.34424469524004,37.5042610168457,6112700
2019-02-27,37.40519478363311,37.74808266585379,37.34423564604202,37.62616729736328,3288500
2019-02-28,37.6109393558299,38.007165154859806,37.44330458136155,37.862388610839844,6105400
2019-03-01,37.9385889367525,38.15956152809951,37.60331937562113,38.0833625793457,4261600
2019-03-04,38.17478561401367,38.24336319155683,37.80903950268072,38.17478561401367,4078700
2019-03-05,38.098597773045704,38.34242856625781,38.068118197221104,38.15193557739258,3951300
2019-03-06,38.273850756557366,38.342428348426935,38.04525975255623,38.197654724121094,3603300
2019-03-07,38.30433102736208,38.58625984052356,38.228132086850614,38.47196578979492,5103300
2019-03-08,38.49482407606947,38.791992677776875,38.334810660795085,38.78437423706055,4039000
2019-03-11,38.79198818329915,39.1729741222067,38.74626882422111,39.16535568237305,5685900
2019-03-12,39.19583335144221,39.48538348629546,39.1501168978863,39.37870788574219,5173100
2019-03-13,39.35584521920798,39.52347704115586,39.218690060628575,39.41680145263672,4390900
2019-03-14,39.43204667803747,39.58444164267267,39.203455684430764,39.26441192626953,4696200
2019-03-15,39.22631138772422,39.56919930941688,39.08915621904716,39.51586151123047,8350500
2019-03-18,39.531101580231585,39.561578246061885,39.2720310271759,39.45490264892578,4443600
2019-03-19,39.45490668184384,39.46252802909945,38.68531629048901,38.85295104980469,6250400
2019-03-20,38.88342567644009,39.279651418843436,38.77675007400307,38.99772262573242,4241000
2019-03-21,38.96724698488137,39.36347276727803,38.93676740776798,39.29489517211914,3091600
2019-03-22,39.416804284215814,39.85874936176222,39.28727046219207,39.53110122680664,6068100
2019-03-25,39.62254269914204,39.774937675477226,39.43204970539617,39.660640716552734,3043300
2019-03-26,39.69874186803863,40.03401142378286,39.62254582720184,40.026390075683594,3253000
2019-03-27,40.05686108010176,40.11782022507636,39.61491890580399,39.79779052734375,3441100
2019-03-28,39.835892443755114,39.86637201922959,39.05868070930983,39.12725830078125,4552300
2019-03-29,39.21869448491228,39.37870788574219,39.02058016386296,39.37870788574219,6053500
2019-04-01,39.378717890250456,39.378717890250456,38.84533684528184,39.1729850769043,5059100
2019-04-02,39.24154904929529,39.3634644252196,38.87580292152235,39.34822463989258,4050200
2019-04-03,39.31774264610671,39.37108043811817,39.00533433288598,39.241546630859375,4654600
2019-04-04,39.378716209925294,39.386334651564354,38.77675758619408,39.012969970703125,3881200
2019-04-05,39.081539867714135,39.401566673933864,38.9367633448786,39.35585021972656,3983000
2019-04-08,39.332989586730136,39.39394873537223,39.07391901838563,39.24917221069336,3675900
2019-04-09,39.241565535580186,39.60731181701155,39.180606368661756,39.58445358276367,3972500
2019-04-10,39.614923273654746,39.942568540596575,39.39395070879592,39.447288513183594,4464400
2019-04-11,39.53872461140432,39.79779519454427,39.42443056121138,39.7139778137207,4481300
2019-04-12,39.59206303181625,40.01114703575842,39.34061379212792,40.0035285949707,3819300
2019-04-15,40.00351929692642,40.23973160013634,39.91208349526427,40.1711540222168,4936000
2019-04-16,40.0873468344896,40.36927565674354,39.75207729881117,39.91971206665039,5586500
2019-04-17,40.003527827068424,40.003527827068424,39.67587965233038,39.74445724487305,3582300
2019-04-18,39.69111725214359,39.9654276071916,39.54634363439812,39.59206008911133,3717100
2019-04-22,39.59206065077658,39.7749351923003,39.47014525865818,39.5692024230957,3290100
2019-04-23,39.59206907662089,39.75970386646872,39.203464589883374,39.500633239746094,4253000
2019-04-24,39.53110153480992,39.90446612435728,39.500621962322626,39.79779052734375,3069600
2019-04-25,39.67588441826156,40.10258981274941,39.54635056495023,39.95781326293945,2755500
2019-04-26,40.16354186589068,40.38451443493328,39.98828866148556,40.03400802612305,2810600
2019-04-29,39.95780718876769,40.01876633872471,39.65302015905934,39.82065200805664,3315100
2019-04-30,39.88922924187884,40.60548471401062,39.75969540941634,40.552146911621094,7218500
2019-05-01,39.7977957411032,40.544527924716505,39.74445793560885,40.018768310546875,6057600
2019-05-02,40.07972236542126,40.46832967756683,39.80541491217363,40.19401931762695,4842100
2019-05-03,40.30069849864852,40.666444708790124,40.201641325060436,40.56739044189453,3490500
2019-05-06,40.506428760638904,40.689303307650825,40.27021640964275,40.39213180541992,4033800
2019-05-07,40.39212988905136,40.55214620010457,40.11020109469732,40.277835845947266,3557800
2019-05-08,40.26259826269024,40.37689521874271,39.744457100185755,39.77493667602539,3965100
2019-05-09,39.820651649177954,40.087343567798015,39.75969540646255,39.8968505859375,4080500
2019-05-10,39.79779903113881,40.70454470619473,39.79779903113881,40.666446685791016,4165800
2019-05-13,40.613109708543206,41.25316634720305,40.575011687358405,41.222686767578125,6482400
2019-05-14,41.07029963019038,41.176975265035104,40.77312805308899,40.864566802978516,4294500
2019-05-15,40.94837224531464,41.138865225247514,40.841693734930786,40.87217330932617,4033100
2019-05-16,40.83406822194875,41.35982770908928,40.780730429341375,41.192195892333984,5262200
2019-05-17,40.907002102349786,41.62385766401887,40.86075231306254,41.485111236572266,4847500
2019-05-20,41.616150773197816,41.76260402843035,41.46969457755017,41.685523986816406,3459500
2019-05-21,41.68552834427826,41.963018287344035,41.50823893728662,41.600738525390625,3435000
2019-05-22,41.66239889101445,41.79343849424768,41.53906905642651,41.708648681640625,3904700
2019-05-23,41.778019690351506,41.96301296225311,41.66239669010172,41.88593292236328,4640800
2019-05-24,41.932189206565305,42.217388926838076,41.84739938530206,41.893646240234375,2830100
2019-05-28,41.93218853819412,41.986145161698786,41.20762312470495,41.284706115722656,4747900
2019-05-29,41.42344540504105,41.485108846790084,40.68346352114802,40.768253326416016,3254200
2019-05-30,40.853050231933594,41.11512652084941,40.72201355768342,40.853050231933594,3254800
2019-05-31,40.93011928127837,41.29240189104343,40.82991583040202,41.23844528198242,3925000
2019-06-03,41.23845263453939,41.78572858997102,41.130539397177124,41.747188568115234,4210400
2019-06-04,41.69322533783265,41.831971746843585,40.968663044431445,41.77801513671875,3868500
2019-06-05,41.77030907472977,42.43320798982838,41.677812440655416,42.24821472167969,5624000
2019-06-06,42.4332068813669,42.733823139566915,42.19425700454889,42.68757629394531,4727200
2019-06-07,42.80319684850904,43.126939473717236,42.163424306477864,42.1711311340332,4097200
2019-06-10,42.171133340508774,42.232799725837765,41.716354040160255,41.99384689331055,4450800
2019-06-11,41.90905174782833,42.225084581364385,41.82426194900395,42.04779815673828,3396000
2019-06-12,42.20967662680543,42.51029586791992,42.14801317712076,42.51029586791992,2884700
2019-06-13,42.51029586791992,42.60279251265459,42.14801317712076,42.51029586791992,3444600
2019-06-14,42.6798729352277,43.01132243389191,42.56425286339633,42.89570236206055,4081200
2019-06-17,42.880285301443706,43.04215516450921,42.48716941638142,42.78007888793945,2989100
2019-06-18,42.94965717981659,42.972780605128634,42.232801590991095,42.5950813293457,3842100
2019-06-19,42.410083150392914,43.173185501753444,42.38695972775013,42.96506881713867,6153400
2019-06-20,43.02673754287384,43.34277043294308,42.733828078287765,43.18090057373047,4018700
2019-06-21,43.04986116051526,43.41214384358316,42.79549465781938,43.37360382080078,8627300
2019-06-24,43.4198524714622,43.581722327143936,43.126943013265354,43.381309509277344,3741200
2019-06-25,43.35818985458153,43.46610310108646,43.07299014018771,43.15007019042969,2704600
2019-06-26,43.049866912184015,43.072993281275444,42.363844417589966,42.3792610168457,4704100
2019-06-27,42.518004241720654,42.633627257152604,42.13259811083471,42.45634078979492,3413800
2019-06-28,42.417797272756374,42.82632976566525,42.27905083220851,42.61050033569336,5611000
2019-07-01,42.471760784777246,42.60280041784722,41.963024733714704,42.2713508605957,4354100
2019-07-02,42.464056930654955,43.07299945669063,42.44093349866396,43.05758285522461,2913900
2019-07-03,43.16547757996587,43.581716819472234,43.16547757996587,43.4044303894043,2629500
2019-07-05,43.111528409980465,43.48151792882523,42.66445590361681,43.44297790527344,3133900
2019-07-08,43.52776020773046,43.60484024152876,43.15777075275196,43.4044303894043,2789200
2019-07-09,43.496927239694344,43.65879707574451,43.22714417961073,43.59713363647461,3590900
2019-07-10,43.68192425663362,43.99796006908964,43.42755776958363,43.866920471191406,3406100
2019-07-11,43.7975527064358,43.85921909909768,43.24256693414063,43.54318618774414,3583400
2019-07-12,43.60484589479842,43.6433859166942,42.83403369522211,42.91111373901367,4341300
2019-07-15,42.81092325055366,43.32736616945736,42.78009004752225,43.25028610229492,4005300
2019-07-16,43.165476646972934,43.28880646263341,42.71840422744449,42.90340042114258,3127400
2019-07-17,42.99589512179929,43.25026450918794,42.9188150931198,43.003604888916016,3223800
2019-07-18,43.05757399819419,43.35048348496444,42.65675126377579,43.26569366455078,3379900
2019-07-19,43.142363825964935,43.35048349235702,42.58737804891937,42.6027946472168,5517800
2019-07-22,42.70300405389745,42.864873936723384,42.29447152146899,42.76466751098633,4623300
2019-07-23,42.78007687902412,42.87257351923009,42.4023776091924,42.71841049194336,3023300
2019-07-24,42.749235012427555,42.91110483505129,42.47174220769281,42.88798141479492,3613900
2019-07-25,42.81091135165414,43.01903100364707,42.58737510243041,42.67216491699219,3280900
2019-07-26,42.65674279329883,43.03444202548189,42.54882956707935,42.96506881713867,2288700
2019-07-29,43.12695623058538,43.31965933890755,42.89571308868199,43.25028610229492,3329300
2019-07-30,43.2502756461226,43.319648865963586,42.41009017934425,42.61820983886719,6918500
2019-07-31,42.97277886030558,43.65880122725032,42.51029273035174,43.319644927978516,7190500
2019-08-01,43.35818680367799,44.221495655386065,43.08069393766801,43.92087936401367,6143400
2019-08-02,44.15212831186252,44.5144110396114,43.7744319254319,44.21379470825195,4389100
2019-08-05,44.32941607856523,44.48357913360142,42.92653786452578,43.111534118652344,5779800
2019-08-06,43.15777218469394,44.04420436444479,42.68757631784506,43.89004135131836,5004100
2019-08-07,43.93629887252955,44.56836469125201,43.381313103733085,44.283164978027344,5139500
2019-08-08,44.2908726082601,44.930648207800616,43.96713286421465,44.85356521606445,3842300
2019-08-09,44.85355539282095,45.138757989160176,44.660852366307076,44.96147155761719,3097500
2019-08-12,45.03855534974238,45.3083384332046,44.9306421163575,45.231258392333984,3080000
2019-08-13,44.90752472768731,44.96148429558004,44.04421574763867,44.0904655456543,10429300
2019-08-14,44.20607340818349,44.614605826666555,43.90545715523407,43.982540130615234,13002000
2019-08-15,44.05192360019811,44.58378302235861,43.851510757935515,44.421913146972656,5623600
2019-08-16,44.56995045589713,44.89721089876042,44.39073597922541,44.788124084472656,6259100
2019-08-19,44.72580515420175,45.411494782186516,44.59334042608153,45.146568298339844,4640400
2019-08-20,45.115396379106016,45.193314698249104,44.86605419097611,44.95176315307617,4010300
2019-08-21,44.928383020208415,45.16993453725432,44.710209374097914,45.15435028076172,4406500
2019-08-22,45.19331834734916,45.64525295757157,45.021894464520855,45.5439567565918,4368700
2019-08-23,45.66082385439798,45.8478319542373,44.73358291419334,44.943965911865234,4926200
2019-08-26,44.96735055609781,45.45824432373047,44.88163861561029,45.45824432373047,3838100
2019-08-27,45.55174283514085,45.723166700789655,44.95955589296188,45.00630569458008,6155600
2019-08-28,45.16215031656407,45.45824530672554,44.8972238458709,45.04527282714844,5194400
2019-08-29,45.271231385565,45.31019351612548,44.87384321642997,45.28681564331055,4883300
2019-08-30,45.32576543775298,45.54394202872485,45.05304841452891,45.39589309692383,7426700
2019-09-03,45.41148498541705,46.59586177696362,45.38031944351847,46.572486877441406,9082500
2019-09-04,46.74391502347608,47.258183666912586,46.53353199128932,46.83741760253906,5577900
2019-09-05,46.533518702138075,46.67377401687481,46.05041574142598,46.36209487915039,6242300
2019-09-06,46.56469535660075,46.67378516152728,46.29976891799427,46.50236129760742,4680700
2019-09-09,46.33093909759319,46.46340380785033,45.82446407515754,45.988094329833984,4730900
2019-09-10,45.89458397069323,46.120548248291016,45.637448209174316,46.120548248291016,4459100
2019-09-11,46.04263009236085,46.58806715631693,45.87120625078792,46.52573013305664,4344200
2019-09-12,46.75169857037563,47.04779349359137,46.408853850921005,46.7439079284668,4333700
2019-09-13,46.57249373045098,46.985466202207824,46.38548558957618,46.853004455566406,5492500
2019-09-16,46.90754270845563,46.97767038200681,46.533529440313764,46.642616271972656,4658600
2019-09-17,46.712743863333415,47.39064272487321,46.712743863333415,47.180259704589844,3962000
2019-09-18,47.37505340576172,47.4607653277266,46.98545592220711,47.37505340576172,3896900
2019-09-19,47.45298469011097,47.63998985710223,47.37506339353667,47.57765579223633,3502700
2019-09-20,47.68673915631721,47.72569831556554,47.242598201620964,47.61661148071289,7474800
2019-09-23,47.57765350336196,47.87374549891926,47.437398148669175,47.780242919921875,3888900
2019-09-24,47.93607708392554,48.59060100728941,47.920492827131994,48.29450607299805,5090400
2019-09-25,48.28672050059037,48.35684817732778,47.85816082475437,48.09971237182617,4208300
2019-09-26,48.1542512574317,48.37242788251879,47.9984116601961,48.20100402832031,2890300
2019-09-27,48.22438102193123,48.310092952752896,47.82699285549547,48.13087844848633,2991400
2019-09-30,48.177631221405385,48.34126146803227,47.99841374474559,48.13087844848633,3441800
2019-10-01,47.99841044707753,48.24775260739536,47.84257382617365,48.21658706665039,3022400
2019-10-02,48.208795961088605,48.23217383335525,47.49972859845926,47.64777755737305,4189000
2019-10-03,47.68673410206784,47.86594859353011,47.429598327974354,47.811405181884766,4216200
2019-10-04,47.873739194237714,48.450344795638514,47.694524702930266,48.34904861450195,3556700
2019-10-07,48.310082531027064,48.37241954813812,48.01398764453472,48.247745513916016,3355000
2019-10-08,48.24775247504753,48.33346439974535,47.80361156742514,47.811405181884766,3510900
2019-10-09,47.97503813103664,48.38801054897069,47.92049471630547,48.232173919677734,2897100
2019-10-10,48.021789373474874,48.39580262217109,47.749069336113635,48.15425109863281,3601000
2019-10-11,48.10750862705545,48.263345275117956,47.76466086757346,47.93608474731445,3459100
2019-10-14,48.02179384836826,48.10750578317189,47.359476243681506,47.468563079833984,2890700
2019-10-15,47.507513562447805,47.647768880935146,47.172459520771675,47.2971305847168,3648200
2019-10-16,47.227011368982005,47.686736556795495,47.10234028274749,47.60102462768555,4395400
2019-10-17,47.5464872736066,47.733492440597864,47.27376719418684,47.57765579223633,3444500
2019-10-18,47.42959731613555,47.74906713712559,47.343885393266255,47.63998031616211,4178700
2019-10-21,47.515314015802545,48.02179198964207,47.49972975804206,47.990623474121094,3146400
2019-10-22,48.07632968961113,48.20100076447913,47.80360966981727,47.87373733520508,2667400
2019-10-23,47.8659440791675,48.27112579345703,47.8659440791675,48.27112579345703,2796800
2019-10-24,48.263332179732444,48.341253455014694,48.12307685661712,48.27112579345703,2452000
2019-10-25,48.34125820426475,48.36463310294951,47.65556577637924,47.803611755371094,2865600
2019-10-28,47.60102187067403,47.85815467071779,47.39843248192419,47.5386848449707,4342900
2019-10-29,47.42960392012144,47.84257933577585,47.289348567241575,47.468563079833984,4874200
2019-10-30,47.5386853953844,48.99578217794392,47.53089475327777,48.80098342895508,5253200
2019-10-31,48.75422841379953,48.84773097673794,48.43475859906647,48.82435607910156,5169900
2019-11-01,48.98799718992012,49.159421070382734,48.35685103438696,48.51268768310547,4353500
2019-11-04,48.56723101683692,48.59839656118078,47.95166618704715,48.107505798339844,4050100
2019-11-05,47.904907748649215,48.21658693438805,47.63219069042249,47.811405181884766,3958900
2019-11-06,47.91270289255905,48.317881685603275,47.91270289255905,48.19321060180664,2812700
2019-11-07,47.92049259046412,47.96724536061387,47.0477950210867,47.304927825927734,5991700
2019-11-08,47.21922134881771,47.733489990234375,47.21922134881771,47.733489990234375,3909100
2019-11-11,47.74128302227925,47.74128302227925,47.07896541926183,47.11792755126953,3400700
2019-11-12,47.227010731518355,47.46076864350369,47.125714546447234,47.289344787597656,3337900
2019-11-13,47.42181310561367,48.41139121517861,47.42181310561367,48.239967346191406,4965900
2019-11-14,48.51267934273547,48.85552704471781,48.26333718078087,48.613975524902344,5399800
2019-11-15,48.66907773427446,48.9524040222168,48.59824616228887,48.9524040222168,5433400
2019-11-18,48.99961932788818,49.644975269058975,48.99961932788818,49.17276382446289,4968300
2019-11-19,48.75563946934761,49.27506988442356,48.62184519458611,48.960262298583984,3639200
2019-11-20,48.95239535295809,49.44821626904944,48.88943263246432,49.40886306762695,3057800
2019-11-21,49.44821947049225,49.526919873977036,49.196371574439425,49.33016586303711,2776700
2019-11-22,49.48756496866365,49.59774672396126,49.07831630453849,49.49543380737305,3629200
2019-11-25,49.495437612285095,49.81024522495964,48.82647518813658,48.9366569519043,6383700
2019-11-26,49.06257655375345,49.10192675250077,48.78712216029449,48.99174499511719,8201000
2019-11-27,49.03895568847656,49.14913742036666,48.716279329843985,49.03895568847656,3532000
2019-11-29,49.19636647748666,49.49543338375457,48.7871208190918,48.7871208190918,1863800
2019-12-02,48.66906014274195,48.80285139578432,48.28342105638197,48.48017501831055,4334100
2019-12-03,48.857953104566626,49.10979797605592,48.598236392090215,49.086185455322266,4746300
2019-12-04,49.03896785155695,49.54265760925672,48.991745810937175,49.33803176879883,5336100
2019-12-05,49.219974542812096,49.456078709662485,49.08618028018621,49.39311599731445,3217000
2019-12-06,49.36164113076459,49.456082203731526,48.873689082275654,48.90517044067383,3520600
2019-12-09,48.90516740513217,49.00748031246188,48.25981460916455,48.35425567626953,4310500
2019-12-10,48.35425606051606,48.35425606051606,47.29178579101674,47.48067092895508,7917500
2019-12-11,47.732517768488066,48.007972145480956,47.48854174727469,47.76399612426758,5796500
2019-12-12,47.61446674477444,48.04732493291776,47.433453429813696,47.77973937988281,6446500
2019-12-13,47.73252255701228,48.14964008465459,47.567246912008564,47.819091796875,5158600
2019-12-16,48.000101226595866,49.04683081602736,47.992229386321526,49.00748062133789,7574900
2019-12-17,49.10978791140795,50.57363780332777,49.05469704469932,50.13290786743164,10599000
2019-12-18,50.03060541419463,50.26670960683249,49.72366966354264,50.07782745361328,6382800
2019-12-19,50.04633737259495,50.07781872672123,49.10191776439661,49.637088775634766,8192100
2019-12-20,50.172266419386354,50.48707399781079,49.83384932335974,50.25883865356445,11392300
2019-12-23,50.18012901672447,50.329663948880174,49.692180032859746,49.78662109375,3678000
2019-12-24,49.79450029685017,49.81024097636407,49.5505242677261,49.68431854248047,1962500
2019-12-26,49.652833897957166,49.770887485386105,49.503301955810954,49.71579360961914,2361000
2019-12-27,49.6213619269639,49.95977907256301,49.57414288484272,49.94403839111328,2432000
2019-12-30,49.77088990754928,49.90468117773426,49.526913882695546,49.84959030151367,2772700
2019-12-31,49.82597218084724,50.14864854395226,49.72365928457675,50.13290786743164,3767500
2020-01-02,50.093564535740576,50.10930221218883,49.125532311661544,49.282936096191406,4675900
2020-01-03,49.212109066836966,49.51117598471116,49.133408668451644,49.235721588134766,3531800
2020-01-06,49.23571444466206,49.58200035043468,49.196361248951284,49.43246841430664,3507600
2020-01-07,49.23571706239168,49.3695083277942,48.983872208034896,49.282936096191406,3191700
2020-01-08,49.345903871420575,49.4560856312226,49.09405899123656,49.2672004699707,3413600
2020-01-09,49.345894141444,49.802361770936244,49.22784056366078,49.78662109375,3114700
2020-01-10,49.91255526120571,50.21949403526711,49.825986019638954,50.1014404296875,4427800
2020-01-13,50.172270608969654,51.01437749901257,50.14078924805288,50.79401397705078,5262100
2020-01-14,50.80187514965893,51.09306716918945,50.69169341181694,51.09306716918945,5153300
2020-01-15,51.156047522354775,51.70695640158217,51.10095663443204,51.612518310546875,3772400
2020-01-16,51.69908100969982,52.09258899484424,51.63611829100743,52.06110763549805,3145900
2020-01-17,52.21064822416267,52.98979853162289,52.116210129529925,52.93470764160156,6072600
2020-01-21,52.99766788463601,53.75320871854493,52.934711152191156,53.61154556274414,4546600
2020-01-22,53.71385494913104,53.973571732811905,53.61941084475881,53.75320816040039,3369800
2020-01-23,53.49347325741393,54.296226857069676,53.43838238297143,54.27261734008789,3481200
2020-01-24,54.304097887853175,54.71334351983047,54.19391614061102,54.650386810302734,5048900
2020-01-27,54.626771578558476,55.14619890343484,54.5716747062468,54.88648223876953,4412300
2020-01-28,54.89436308662744,55.43740601923266,54.71334677427396,55.130470275878906,4714600
2020-01-29,55.130460246002045,55.35082371350325,54.815652719091396,55.16980743408203,3252100
2020-01-30,55.13833888605816,55.79943544654642,54.87862817016276,55.76008224487305,3755400
2020-01-31,55.76795621773147,55.956838383181136,55.177694196802435,55.40592956542969,5469000
2020-02-03,55.61842310238088,55.704995348688676,55.240658758906854,55.642032623291016,3144600
2020-02-04,55.445276924127654,55.68925597651221,54.62678553666556,54.729095458984375,5504400
2020-02-05,54.61890725643982,54.736960847940814,53.98929210473791,54.32770919799805,6441600
2020-02-06,54.10734451450494,54.642515580426604,53.95780956823926,54.17817306518555,5625700
2020-02-07,54.327704552345104,54.41427677841256,53.761052165159796,53.81614303588867,3732400
2020-02-10,53.94206173495406,53.98928075985018,53.58790103487165,53.86336135864258,3659800
2020-02-11,53.965680933313735,54.13095355456758,53.72957375754829,53.98141860961914,3341900
2020-02-12,53.78467349401232,54.2254065611021,53.650882207777876,54.005043029785156,3545000
2020-02-13,53.98929846919293,54.831405381303185,53.94207942880822,54.729095458984375,4513500
2020-02-14,54.88790900206233,54.97526003289611,54.602034002691894,54.808494567871094,5032000
2020-02-18,54.92760386981135,55.22936414484762,54.91172461987419,55.11024856567383,5167500
2020-02-19,55.09437279351354,55.134080012934376,54.474978944763414,54.4829216003418,4894000
2020-02-20,53.6411879833629,55.52319165260476,53.6253026703937,55.43584060668945,5046500
2020-02-21,55.29289265008262,55.88052794963713,54.76084987695977,54.784671783447266,5386400
2020-02-24,54.586148606969765,55.16584125991596,53.760288172134324,53.83970260620117,5644300
2020-02-25,53.91911845332702,54.10175713665918,52.87884859591484,53.093257904052734,5246600
2020-02-26,53.029724314819106,53.64118156304079,52.52944606865949,52.56121063232422,5026400
2020-02-27,52.23563096939103,52.632678947034286,49.92481186067672,49.93275451660156,8529100
2020-02-28,48.995713912517104,49.12276912569238,46.90724100604044,47.93162536621094,15567600
2020-03-02,48.16985435227766,50.941250213864066,47.860157454089425,50.76654815673828,7744600
2020-03-03,51.401826373347596,52.41032542411493,50.512436851767795,50.74272537231445,9656500
2020-03-04,51.330356739762244,53.871461109663066,51.32241408466142,53.83970260620117,6517200
2020-03-05,53.204416738600365,54.443204204549936,52.656488717059624,53.65705108642578,7867000
2020-03-06,52.02122535445364,53.33148483260847,50.425090860756995,53.1011962890625,9790800
2020-03-09,49.91687164370682,51.703587521973056,48.995720467636765,49.36100387573242,8520000
2020-03-10,50.0995184747407,50.32980704963394,46.827843691024505,49.24983596801758,10316600
2020-03-11,47.99515591986984,48.23338711730057,45.3349358214247,46.20050048828125,7726600
2020-03-12,42.73824398234894,45.00935889442552,39.728619591052066,41.44386672973633,10790400
2020-03-13,43.77056939567754,43.82615587171804,40.49889481924966,42.85736083984375,9862400
2020-03-16,38.847166187656654,41.79326399172878,37.58455673778524,37.814842224121094,10451100
2020-03-17,38.91864300226711,44.92995241264783,38.855116898489705,44.91407012939453,10298100
2020-03-18,42.0950120022055,44.588475061233815,40.133597670128495,44.40583038330078,8141700
2020-03-19,44.405842002487276,44.48525341133137,40.109783234175744,40.41948318481445,6855400
2020-03-20,40.50683347972078,40.673595933099335,36.647529668874704,36.81428909301758,11839200
2020-03-23,36.27430548783445,36.40136072654416,33.32026740128889,34.32876968383789,10346000
2020-03-24,36.18694923128118,39.22039526915364,35.50402628561354,38.94246292114258,8055000
2020-03-25,38.839222533446055,41.29297849192401,37.497201822983065,39.81595993041992,8206500
2020-03-26,39.70480026455209,44.310556489392965,39.625391875717334,43.78645324707031,8647300
2020-03-27,42.26178853886332,46.26402992981065,42.08708645591729,44.47731399536133,10065000
2020-03-30,45.04112317839857,46.35137967617667,44.675836739787385,46.049625396728516,7222600
2020-03-31,45.26346227395417,45.49375079148722,42.55559561698001,42.992347717285156,9803300
2020-04-01,41.21357012959502,41.6344399025614,39.11715483083237,39.81595993041992,6932900
2020-04-02,39.23627096140235,41.96795925610439,39.15686259794437,41.610618591308594,5471100
2020-04-03,40.96739940371492,41.944136801740584,39.65714021923168,39.919193267822266,6180300
2020-04-06,41.71386220475625,44.62819612050697,41.47563400892375,43.992919921875,6795800
2020-04-07,45.54933323722463,45.66050615884685,43.57997611770778,43.77055740356445,6086000
2020-04-08,43.897621127511194,46.549901599685214,43.516455452551725,46.20050048828125,5636100
2020-04-09,46.780184934955265,49.12276822482144,46.70077656414021,47.90780258178711,7529500
2020-04-13,47.645762143717064,47.82840386842633,45.39052928107835,45.83522415161133,4771400
2020-04-14,46.907236699370564,47.32016686158688,46.08931902897696,46.85165023803711,4522300
2020-04-15,46.04167166835153,46.04961432230016,44.05643227408369,44.38201141357422,5571900
2020-04-16,44.644073680023276,44.826715378476116,43.69115796829211,43.929386138916016,5003600
2020-04-17,44.86642931068083,45.93845782587873,44.477320891759675,45.63670349121094,4648100
2020-04-20,45.07288325155486,45.07288325155486,43.849977832491206,44.09614562988281,4436400
2020-04-21,43.60380991323021,44.32643713009217,43.198822298406014,44.07232666015625,5497900
2020-04-22,44.85053861878665,45.76375016740794,44.652014632498165,45.30317306518555,3662900
2020-04-23,45.27140418094562,45.660512489809285,44.548777060971965,45.104644775390625,4653200
2020-04-24,45.19199652628456,46.20843828595298,44.699657927599596,45.84315490722656,4860100
2020-04-27,46.2084284048611,47.03428867260954,46.0337294080474,46.438716888427734,4661900
2020-04-28,47.018417824106834,47.55046365584116,45.86697815561612,46.10520935058594,3713900
2020-04-29,47.0263646824277,47.0898907853245,45.47787692290796,45.55728530883789,4590300
2020-04-30,45.61286433081444,45.6208069856509,44.20731431905116,45.04905700683594,8494300
2020-05-01,44.61231453665668,44.72348749450661,42.95265373775275,43.206764221191406,4758700
2020-05-04,43.25440320724629,43.7626240817067,42.61912408493543,43.61174392700195,4480200
2020-05-05,43.86585926361085,44.67583442354188,43.80233013697717,44.17555618286133,4002700
2020-05-06,44.41377889915004,44.41377889915004,42.48412583835867,42.595298767089844,3796700
2020-05-07,43.103527892244784,43.476753964123276,42.77794866866005,43.06382369995117,4697700
2020-05-08,43.5243943818897,44.183492358444944,43.31792776569028,44.000850677490234,4349200
2020-05-11,43.57204831198931,44.46937767395337,42.89706789827547,44.31850051879883,6946800
2020-05-12,44.501137499921484,45.16023555929267,43.85791869372833,44.08820724487305,8897900
2020-05-13,43.810270508559505,44.04055905267141,42.34119426636943,42.714420318603516,7166300
2020-05-14,42.26972331933079,43.52439626347998,41.84885347238131,43.476749420166016,5028800
2020-05-15,43.0669665311429,43.163387322520144,41.77335309667297,42.21527099609375,7756200
2020-05-18,43.356218645514836,44.063289056278975,43.187486874272565,43.72582244873047,4266000
2020-05-19,43.46068001530968,43.68565574681957,43.034832219218956,43.04286575317383,3199300
2020-05-20,43.54102467928203,44.4489672081857,43.18749097288065,44.055259704589844,6340900
2020-05-21,43.97490366098873,44.272193401905774,43.139275295372514,43.251766204833984,3198500
2020-05-22,43.16337755670681,43.88651493803908,43.05088972394825,43.85437774658203,4437800
2020-05-26,44.59360095349287,44.858753565528446,43.822252915858776,43.918670654296875,6801200
2020-05-27,44.71412522456377,44.71412522456377,43.70172824778332,44.19989013671875,4483100
2020-05-28,44.746263799183275,45.83900841362927,44.60967225490989,45.72652053833008,4551000
2020-05-29,45.421191429916966,46.3693078443185,45.139971758299794,45.85507583618164,6581700
2020-06-01,45.87917613352813,46.69873448569215,45.41315455978642,46.361270904541016,3119300
2020-06-02,46.55411122310009,46.63446189252638,45.85507725694685,46.60232162475586,4098400
2020-06-03,46.87550454826224,47.662922664121744,46.68266601996029,47.172794342041016,3717700
2020-06-04,46.93174525178906,47.132617300130065,45.87114108175371,46.56214141845703,3346300
2020-06-05,46.883535601335325,48.22536249939656,46.811221540181556,46.96388626098633,4681600
2020-06-08,46.84335874089761,48.58692962800683,46.70676722601918,48.426231384277344,5035800
2020-06-09,47.68702794548313,47.96021408187363,46.81122560220751,47.695064544677734,7344200
2020-06-10,47.61471276591244,48.434271155941424,47.341526635902774,47.566505432128906,5150100
2020-06-11,46.602316008867724,46.754977664783986,44.8507114722948,45.06765365600586,5447600
2020-06-12,46.05594008007848,46.160394396815015,44.51324431780355,45.131927490234375,4533700
2020-06-15,44.43289965097337,45.766690024541084,43.80617979624409,45.33280563354492,4628200
2020-06-16,46.32913351637697,46.626423317999745,44.89088877774773,45.17211151123047,5000900
2020-06-17,45.38101479636244,45.413155061130986,44.43289844114099,45.02748107910156,4593200
2020-06-18,44.76232845827397,45.15603903872791,44.360584344166185,45.08372497558594,3770300
2020-06-19,45.710444995922686,45.87917678890857,43.07500457763672,43.07500457763672,10434600
2020-06-22,43.34818737925749,44.04722122885479,42.85805910520665,43.92669677734375,4692700
2020-06-23,44.42486941715175,44.54539082467165,42.79378606281339,42.801822662353516,6071100
2020-06-24,42.48845982615383,42.625051358412854,41.548376973007066,42.08671569824219,6370300
2020-06-25,41.86173186723609,41.98225631713867,40.752920414414255,41.178768157958984,6995100
2020-06-26,41.11448822309299,41.68496715373325,40.49580502891637,40.91361618041992,6730000
2020-06-29,41.27519171185276,41.4278564453125,40.67257550730628,41.4278564453125,3956200
2020-06-30,41.50017438091529,41.9099520895761,41.08236007234193,41.66086959838867,5075800
2020-07-01,41.668893705075945,42.63308004615658,41.508195470718526,42.48041534423828,3873300
2020-07-02,42.817893299318946,42.9303811736847,42.3197283341782,42.4161491394043,3413100
2020-07-06,42.576837425991165,42.978581491639055,41.829593218680984,42.27151107788086,3318800
2020-07-07,41.781388908666656,42.48845942533905,41.50016924780717,42.359901428222656,3520800
2020-07-08,42.19919144495344,42.841981252003876,42.142947528403,42.63307571411133,3346100
2020-07-09,42.36793361662899,42.40007388115354,41.31536294143242,41.733177185058594,3700500
2020-07-10,41.781386097460036,42.91430432865398,41.781386097460036,42.769676208496094,4034500
2020-07-13,42.83395795803527,43.291945996587934,42.48042118086177,42.7295036315918,3562200
2020-07-14,42.63309039988593,43.5329964397462,42.62505380043118,43.13125228881836,6023600
2020-07-15,43.72583398523571,43.85439506207927,42.51256794063994,42.6009521484375,4380200
2020-07-16,42.713430202280584,43.3160463186023,42.62504601480982,43.1794548034668,3201100
2020-07-17,43.46870079846188,43.990969239199266,43.332109305844654,43.85437774658203,3806100
2020-07-20,43.66155149661425,43.91063395679018,43.43657576810981,43.59727096557617,3044100
2020-07-21,43.57317409025247,44.50522048012176,43.56514055515282,44.087406158447266,3954700
2020-07-22,43.96687368400069,45.212279735643,43.356220957798385,44.81856918334961,3870400
2020-07-23,44.66591122244445,45.03551507589047,44.3284445690331,44.641807556152344,3690900
2020-07-24,44.86678188811267,45.23638573007845,43.91063201909747,44.071327209472656,2741800
2020-07-27,44.00705168828288,44.06329562040899,43.348191570464664,43.59727096557617,3341400
2020-07-28,43.46871180356715,44.70608440730779,43.46871180356715,44.41682815551758,2702900
2020-07-29,44.59360271335928,44.690020455602465,43.974916325924724,44.505218505859375,3248400
2020-07-30,44.44093707914561,44.61770241335518,43.60530854720485,44.38469314575195,4483900
2020-07-31,44.08739986116078,44.175784059956946,43.20356400332805,43.87849426269531,5643600
2020-08-03,43.84635498978366,43.87849525644916,43.29194918259406,43.396400451660156,3927600
2020-08-04,43.291949917012985,43.9749137373861,43.22766938259149,43.74190139770508,3803600
2020-08-05,43.87044851533943,43.902588774574795,42.80984448108297,42.90626525878906,4043300
2020-08-06,42.82592953180253,43.44461594485437,42.64112757440755,43.29998779296875,2713500
2020-08-07,43.03483985486159,44.1356181058568,43.03483985486159,43.942779541015625,3145000
2020-08-10,44.06329454145177,44.48914232142604,43.85438895082222,44.24809646606445,2255500
2020-08-11,44.40880362987736,44.49718784308182,43.41247667884302,43.54103469848633,5215700
2020-08-12,43.80617486482533,44.50520870602788,43.58923269374921,44.07936096191406,4673200
2020-08-13,43.88653018940349,44.23203040440868,43.749938649318224,44.19989013671875,3926100
2020-08-14,44.02104701945897,44.10234041571225,43.42759344246177,43.54140853881836,3122000
2020-08-17,43.54140468725036,43.92348733721579,43.28939021932695,43.565792083740234,2725500
2020-08-18,43.55766033150276,43.67960040486734,42.94795066124865,43.12679672241211,6647500
2020-08-19,43.38693878265109,43.47636336280648,43.03737166084931,43.24060821533203,2594200
2020-08-20,42.96420306771934,43.18369890179048,42.338237257136264,42.476436614990234,3309500
2020-08-21,42.64715896844243,42.72032425402354,42.159392465330946,42.57399368286133,3536900
2020-08-24,42.590242554731994,43.04549345370719,42.248806706357875,42.972328186035156,3386100
2020-08-25,43.110539797199856,43.13493029412947,42.42766480490527,42.60651397705078,2409100
2020-08-26,42.28134154977757,42.45206265327299,41.83422164312981,42.045589447021484,3015300
2020-08-27,42.06996461612563,42.56586227976438,41.98867123896735,42.435791015625,3543000
2020-08-28,42.51709421626312,42.68781220842565,42.15939893252101,42.614646911621094,2867000
2020-08-31,42.36262679022288,42.801618480549585,42.30572080456686,42.419532775878906,3863500
2020-09-01,42.28946568500981,42.5333489477849,41.939898537946064,42.11874771118164,3214200
2020-09-02,42.08622504626774,43.484493499315654,41.95615377862214,43.256866455078125,4046900
2020-09-03,43.41946638835047,43.850326980922866,42.42767080423885,42.76097869873047,4326000
2020-09-04,42.8504005102202,42.98047179958212,41.88299548941242,42.50896453857422,3475700
2020-09-08,42.62276698566267,43.3462885645596,42.16751602425694,42.964202880859375,6763200
2020-09-09,43.21621730432132,43.74463354343255,42.81787232544837,42.964202880859375,4665400
2020-09-10,42.32198523244493,42.362631926964525,41.78544080181182,41.91551208496094,6263300
2020-09-11,41.89111722618213,42.24068434471756,41.63910588571033,42.078094482421875,3803000
2020-09-14,42.26506599930088,43.24059876673724,42.26506599930088,42.972328186035156,3705700
2020-09-15,43.18370100584687,43.73650466648418,42.874783684600565,43.094276428222656,3519000
2020-09-16,42.923569569841675,43.75277527519628,42.923569569841675,43.32191467285156,2842000
2020-09-17,43.0698964792193,43.53327564232583,42.72846050688572,43.508888244628906,3841900
2020-09-18,43.20808821064081,43.48449001991444,42.85038992737883,42.93168640136719,6289200
2020-09-21,42.85852333845013,43.2080904417923,42.443919052558925,43.11053466796875,4813100
2020-09-22,43.03737380162284,43.63082419809467,42.84226843625494,43.1837043762207,4047500
2020-09-23,43.33003236931465,43.33003236931465,42.663416725259324,42.704063415527344,2786700
2020-09-24,42.704064312232006,43.24060869800987,42.2813319020519,43.12679672241211,3146300
2020-09-25,42.84226574926737,43.77715202707062,42.704063281417696,43.74463653564453,3061900
2020-09-28,43.89909667455838,44.468159659086965,43.582048139202904,43.6633415222168,4436000
2020-09-29,43.85845662117734,44.04543391132396,43.2650061521526,43.65522003173828,2951300
2020-09-30,43.88283724896637,44.30556966191455,43.801543866191004,44.077945709228516,4659900
2020-10-01,44.14297940429231,44.5006777280812,43.88283686034243,44.40312194824219,5565800
2020-10-02,44.151112115494314,45.98836928271495,43.972262947473745,45.73635482788086,6696900
2020-10-05,45.785132187365576,46.630597024908475,45.744485495417976,46.47613525390625,5229100
2020-10-06,46.37044428873553,47.82561848926138,46.272888528119076,47.012672424316406,4779300
2020-10-07,47.29721313783494,47.64678027390495,46.890740012278535,46.9882926940918,3224300
2020-10-08,47.15088203261316,47.93130968060259,47.069588648876525,47.72807312011719,3003000
2020-10-09,47.96382895583738,48.1264188267639,47.45980314699462,47.752464294433594,3920600
2020-10-12,47.71181126659063,48.118284365781314,47.50857471699529,47.850013732910156,3807100
2020-10-13,47.51671264609134,47.719949224473986,46.70376633256076,47.42728805541992,3590500
2020-10-14,47.272825899476224,47.51670915539028,46.996424049135264,47.150882720947266,2596600
2020-10-15,46.83383691589047,47.321603456231756,46.646859638721516,47.167144775390625,3356700
2020-10-16,47.37851118021222,47.59800706172831,47.00455661221183,47.43541717529297,3241600
2020-10-19,47.500451569360926,48.00447739655982,47.15901251786596,47.18340301513672,3989500
2020-10-20,47.362247137902514,47.79311075897478,47.142754379513796,47.638648986816406,3384500
2020-10-21,47.3297334458113,48.10202993141577,47.28095555256666,47.85814666748047,3900500
2020-10-22,47.84187731271169,49.2807922989374,47.71993725694949,49.232017517089844,4964000
2020-10-23,49.394611966864105,49.8010850851275,49.175119212008404,49.467777252197266,4395200
2020-10-26,48.99626890781464,49.459648003763895,48.63044248965899,49.27267074584961,3949400
2020-10-27,49.40274938773505,49.67102006698058,48.9474983215332,48.9474983215332,3484200
2020-10-28,48.370304575728014,48.81742441796392,47.29721571390422,47.443546295166016,4240300
2020-10-29,47.09398929235425,48.14269098375652,46.33794882656607,47.32161331176758,3758900
2020-10-30,47.29721243682267,47.63052027079307,46.27289843896177,46.70376205444336,4145200
2020-11-02,47.16714683822195,48.16707046045356,46.97203835286605,47.971961975097656,3659400
2020-11-03,48.47599419865434,49.28080938968464,48.386569599396665,48.66297149658203,3121200
2020-11-04,48.38656348109011,49.55720502054003,48.20771430518959,48.581668853759766,4100000
2020-11-05,48.7198650504487,49.898637637362185,48.7198650504487,48.91497039794922,2758600
2020-11-06,48.99627718174231,49.419009658425736,48.4759920107917,48.7442626953125,2971200
2020-11-09,50.55712739591624,52.42690319598581,49.99619558623854,50.662811279296875,6353000
2020-11-10,50.90668969831423,52.573228772457924,50.833524416954575,52.16675567626953,5515400
2020-11-11,52.223670255722254,52.500075231805724,51.809068993885305,51.96352767944336,3459900
2020-11-12,51.66273502155288,52.443165800390965,51.19122779587497,51.63834762573242,4189700
2020-11-13,51.73689060511126,52.68129541685901,51.695830207362995,52.475990295410156,3654500
2020-11-16,53.21508448110324,53.32184087766425,52.3035262022218,52.656654357910156,4014000
2020-11-17,52.27069433389781,52.385664720823414,51.11277337132006,51.21131896972656,3770800
2020-11-18,51.50694987193782,51.802589748059575,50.6857293861363,50.73500061035156,3990500
2020-11-19,50.693948692775436,50.693948692775436,49.618148548639,50.15194320678711,3394000
2020-11-20,50.078019987966414,50.4804193653459,49.79880492458461,49.99589920043945,3967300
2020-11-23,50.05337517269807,50.10264638306965,49.57706592106169,49.642765045166016,3324400
2020-11-24,50.08624286226194,50.48042835143387,49.6838434132508,50.250484466552734,3353100
2020-11-25,50.151943651844384,50.46400836857912,49.60172733313312,50.00412368774414,2849800
2020-11-27,49.92200010476656,49.93021093222356,49.45390462201977,49.807029724121094,1694800
2020-11-30,49.48674759310629,49.65920628468459,48.82977179785563,49.150047302246094,6823000
2020-12-01,49.74953933772498,50.79248661476885,49.30607951637411,49.74132537841797,5216800
2020-12-02,49.692052847147096,50.85818762770468,49.42926252840043,50.8171272277832,3892400
2020-12-03,50.63645770887948,51.08812837343108,50.406516963153074,50.8171272277832,4171400
2020-12-04,50.8663954733747,51.07991455278453,50.13550974640282,50.521484375,2928600
2020-12-07,50.3326071176669,51.03064331622266,50.23405839835657,50.69394302368164,4111000
2020-12-08,50.39830262065659,50.50506216580751,49.78238722839065,50.094451904296875,3677400
2020-12-09,50.094451326076516,50.31618124065784,49.659205456365584,49.90557098388672,2691400
2020-12-10,50.036966781282494,50.25048273914539,49.634567346104205,49.683841705322266,3206000
2020-12-11,49.49496378399907,49.78238972840766,49.42926463515834,49.61814498901367,2139800
2020-12-14,50.16015728606417,50.27512767234776,48.96938675309773,48.994022369384766,3017500
2020-12-15,49.57708509907208,50.28333529286055,49.10077879589178,49.97948455810547,3116300
2020-12-16,50.13550618783473,50.54611639925468,49.47853047610427,49.62635040283203,2670800
2020-12-17,49.9384272231527,50.45579396020425,49.88915285798719,50.15194320678711,2991500
2020-12-18,50.15194189208374,50.307972678622164,49.117205312397594,49.388206481933594,7612100
2020-12-21,49.04329076178449,49.330716692488444,48.49307138095561,49.273231506347656,4059200
2020-12-22,49.21574856555782,49.31429415590827,48.961169063385675,49.04329299926758,2714800
2020-12-23,49.28145062461671,49.57709056462828,48.74765907311424,48.76408386230469,2462400
2020-12-24,48.92832331947529,49.15005011774874,48.69837942843472,49.10898971557617,858000
2020-12-28,49.28965789191802,49.70026816779267,49.03507839310093,49.26502227783203,2293800
2020-12-29,49.28143701078663,49.683836403020514,49.20752704620112,49.330711364746094,1746700
2020-12-30,49.33071770674487,49.98769351379561,49.297868133215395,49.77417755126953,1963800
2020-12-31,49.74954221862231,50.48863883096579,49.64278267040206,50.44757843017578,2417300
2021-01-04,50.40650806943031,50.49684281294351,48.41094228480882,48.747642517089844,4774300
2021-01-05,48.88725878907929,49.248597839338686,48.67374282250513,49.067928314208984,3905200
2021-01-06,49.322497543978315,50.587174558408144,49.15003888194533,50.26689910888672,4102500
2021-01-07,50.40652120187046,50.546127199884566,49.93842571144627,50.20942687988281,4690300
2021-01-08,50.15193552765041,50.67751614477467,49.90557000496187,50.56254577636719,3965800
2021-01-11,50.250474325230854,50.68572326034332,49.88913848292336,50.26689910888672,2873300
2021-01-12,50.13550904607032,50.21763297266059,48.041397474984294,48.3041877746582,7012200
2021-01-13,48.337047478294906,49.2568137199662,48.32883351756023,49.03508377075195,3949500
2021-01-14,48.92831929201265,49.018650916273636,48.43558510837687,48.484859466552734,3776700
2021-01-15,48.24671172583337,49.15005316038277,48.00855699269847,48.994022369384766,4107900
2021-01-19,49.52781095556174,50.209422361822575,49.18289670629723,50.14372634887695,6270300
2021-01-20,49.913786144601644,50.20121522892324,49.40463025915403,49.807029724121094,5151000
2021-01-21,49.27323201876413,49.75775225892362,48.9529565118754,49.174686431884766,3530400
2021-01-22,49.04329533294087,49.71669597567636,48.96938535348415,49.388206481933594,3079400
2021-01-25,49.16646936885986,50.12729896158651,48.92831780999242,50.11087417602539,4013100
2021-01-26,50.00410748940428,50.045167881084765,49.01864242553711,49.01864242553711,3222800
2021-01-27,48.862624080292406,49.01044403400908,47.73755277274472,48.07425308227539,5062700
2021-01-28,48.24670476776415,49.4949603138508,48.16458397017867,48.484859466552734,2764400
2021-01-29,48.25491922643878,48.67374347068819,47.8032485403075,48.386314392089844,3464500
2021-02-01,48.69017072949222,49.08435624645423,48.148165252080965,48.54235076904297,3257200
2021-02-02,48.698373566609085,49.848083485297664,48.40273369422017,48.97758865356445,3391700
2021-02-03,48.94474110278027,49.182895802334805,48.70658953593336,48.82155990600586,3165000
2021-02-04,48.90368704900859,49.65921164462477,48.821566240503984,49.552452087402344,3223600
2021-02-05,49.79059409891481,50.2915390478681,49.552439429296484,49.99589920043945,3087200
2021-02-08,50.04517435803702,50.32438944339088,49.79059801704592,49.872718811035156,3550200
2021-02-09,49.95485059983549,50.004121830900544,49.60993631884021,49.7988166809082,2077400
2021-02-10,50.02875045733525,50.27511910907433,49.74953849975169,50.036964416503906,3022400
2021-02-11,50.07802018522462,50.521479958114384,49.765955552519905,50.33259963989258,4502600
2021-02-12,50.16662557617054,50.37409714334596,49.38653045750142,49.876163482666016,4867000
2021-02-16,49.801472043228976,49.876161931720176,49.20395610106419,49.21225357055664,3039600
2021-02-17,49.27034621563559,49.32014053075515,48.90519740205337,49.18735885620117,2933200
2021-02-18,49.228851037789205,50.075335374472466,49.17075925479999,49.6686897277832,4530700
2021-02-19,49.5940083168858,49.68529632454748,49.02968849507461,49.22056198120117,3194800
2021-02-22,49.22885981175527,49.43633140676967,48.4985589108903,49.20396423339844,4076100
2021-02-23,49.145868604199386,50.03384670829271,48.88860270678573,48.89690017700195,3990600
2021-02-24,48.77242380317811,48.905205499717916,48.24959448803026,48.448768615722656,5076900
2021-02-25,48.365772055918214,48.67283226312617,47.81804723015493,47.93423080444336,4064300
2021-02-26,48.17490276529019,48.4155705704752,47.04625680447175,47.0711555480957,6092400
2021-03-01,47.52758415864724,48.61473624559282,47.52758415864724,47.95082473754883,3210700
2021-03-02,47.97573053707864,48.40727181450808,47.39480946493266,47.99232864379883,3574200
2021-03-03,47.718465771024235,47.95083293912522,47.35331691175623,47.793155670166016,3859400
2021-03-04,47.975724068663794,48.70602167129744,47.32011318755348,47.643768310546875,4843400
2021-03-05,47.776559708878146,48.6645379020211,47.35331903857553,48.42387008666992,4435200
2021-03-08,49.08778121875073,49.68529726663486,48.63964180851362,49.46952819824219,7440100
2021-03-09,49.544210868497515,49.75997990539664,49.16246394472567,49.30354309082031,4703100
2021-03-10,49.30354627969222,49.95915723407263,49.20396080743352,49.61060333251953,4075700
2021-03-11,49.43632359472338,49.91765913866234,49.170760248331135,49.195655822753906,3351000
2021-03-12,49.44462373162359,49.975750419054165,49.23715217148572,49.66039276123047,4062400
2021-03-15,49.79317246754427,50.730944768763784,49.67698890497567,50.60646057128906,3470200
2021-03-16,50.44048831452216,50.99651378186952,50.30770663311705,50.830535888671875,4410500
2021-03-17,50.83053656952889,50.85543214582425,50.349200989384904,50.37409973144531,3850300
2021-03-18,50.38240390847089,50.548381825986546,49.64380549957998,50.12514114379883,4042900
2021-03-19,49.62720352541645,50.02554859696464,48.5732474719229,49.54421615600586,8891400
2021-03-22,49.37823430447599,49.70188945137789,49.19565830744826,49.535911560058594,3026900
2021-03-23,49.594002368658145,50.59816716673334,49.39483143561663,50.31600570678711,3601400
2021-03-24,50.025545690158474,50.86373263502132,49.95085579572282,50.36579895019531,3485600
2021-03-25,50.62306167796088,51.29527068581897,50.39069453904121,50.938419342041016,4303700
2021-03-26,50.905224455391426,51.23718023313372,50.51517689140897,51.1707878112793,2929100
2021-03-29,51.1707886624197,51.950880637595226,51.10439940522592,51.71851348876953,4505600
2021-03-30,51.46954250588933,51.47783997495322,50.7475423982754,51.071197509765625,3008300
2021-03-31,51.14590035134411,51.68532461856025,51.038014231594715,51.58573913574219,4346900
2021-04-01,51.66041803707301,51.726810455322266,51.10439578017681,51.726810455322266,3396300
2021-04-05,51.61892069150206,52.25793342581389,51.61892069150206,52.000667572021484,3104000
2021-04-06,51.82639781210246,52.407318829967444,51.66871739587684,52.374122619628906,2879900
2021-04-07,52.399020906989385,52.58159690753772,51.95088154151531,52.116859436035156,2311400
2021-04-08,52.23303811687261,52.55669640544536,52.01726909025551,52.166648864746094,3717500
2021-04-09,52.25793950939727,52.39901865593112,52.01727173097081,52.05876541137695,2641800
2021-04-12,52.13346322863967,52.4654190538882,51.975785952817574,52.19155502319336,3240900
2021-04-13,51.86790074561245,52.99654677235945,51.86790074561245,52.747581481933594,4413500
2021-04-14,52.59819795144383,53.054634812543966,52.498609309710375,53.02143859863281,3455000
2021-04-15,53.04633226698692,53.61895585616673,52.847161322218795,53.51936721801758,4773900
2021-04-16,53.94260421117684,54.158376400849775,53.58575288390327,53.950904846191406,5307800
2021-04-19,53.95920425183214,54.05879288683542,53.444678799806816,53.876216888427734,3555000
2021-04-20,53.86793095249246,55.10445995444275,53.793237881754,54.847190856933594,4870900
2021-04-21,54.92187771332877,55.104453719441224,54.26626675116597,54.548431396484375,3331700
2021-04-22,54.46542765110485,54.722696672047306,53.98409847922321,54.02558898925781,3975400
2021-04-23,54.0919960283075,54.47374301409793,53.98411307521372,54.21648025512695,3885800
2021-04-26,54.324351345839574,54.324351345839574,53.54425627087626,53.66044616699219,3924700
2021-04-27,53.59405680296718,53.65214858857,53.26210102886686,53.3865852355957,2967900
2021-04-28,53.436382867965825,53.63555382397525,53.18741442430615,53.3948860168457,3610200
2021-04-29,53.27039920478258,54.22476330540254,53.1957061515821,54.07538986206055,5034800
2021-04-30,54.2496727551037,54.963375519682536,53.950913163813475,54.913578033447266,5414000
2021-05-03,54.92187066190793,55.353408713334716,54.63141174926208,54.813987731933594,3764600
2021-05-04,54.955077045098,55.36171959808801,54.648016805435,55.12105178833008,3815300
2021-05-05,54.94677451181465,55.02146757576224,53.83472984117818,54.31605911254883,4259400
2021-05-06,54.432234496422545,54.913570026823926,54.133481280222114,54.813987731933594,3333600
2021-05-07,54.706108957424085,55.19574521677125,54.60652664344413,54.98827362060547,3608800
2021-05-10,55.14594585144266,55.54429408839726,55.01316732681141,55.029762268066406,3753400
2021-05-11,55.02145707313315,55.15423557148433,54.29945380659933,54.60651397705078,4057700
2021-05-12,54.48204176243487,54.54843419197464,53.3699907280007,53.4114875793457,3781500
2021-05-13,53.535969058246394,54.905282772559566,53.444681055190166,54.548431396484375,3533700
2021-05-14,54.623880335021,54.95919674859276,54.53166640256358,54.58196258544922,3859600
2021-05-17,54.5819638600217,55.051411966585,53.98676889755731,54.020301818847656,4449900
2021-05-18,54.02867834490779,54.30532013897339,53.73527328866422,53.78557586669922,4955800
2021-05-19,53.41672030136805,53.65144434706638,52.82990698924696,53.63467788696289,4758900
2021-05-20,53.65144027158073,54.129273155669495,53.47539725067962,53.70173645019531,3520000
2021-05-21,53.86939742612767,54.146032785707376,53.52568983997611,53.96998977661133,6245500
2021-05-24,54.179571623309435,54.30531847090863,53.83587039533868,54.0035285949707,2566200
2021-05-25,53.98676280366682,54.01191089285823,53.425097628016744,53.718505859375,3634500
2021-05-26,53.64305993213501,53.70173774263921,53.31611877389651,53.416717529296875,2895300
2021-05-27,53.601144790777305,53.626296079787615,53.257440354472344,53.36642074584961,5675000
2021-05-28,53.651454586123236,53.768816631370235,53.425112128342924,53.584388732910156,3754600
2021-06-01,53.76042465013684,53.80234240175751,53.07301893338955,53.173614501953125,4008900
2021-06-02,53.3747990148617,53.96999391865153,53.07301234662501,53.56761169433594,3012600
2021-06-03,53.60952627196199,54.22148763507613,53.29096994668509,54.03705978393555,3245100
2021-06-04,54.17119270975411,54.296933160487406,53.91131418815462,53.944847106933594,2950200
2021-06-07,54.070590334888784,54.43106119295137,53.894547319893086,54.21310043334961,5518800
2021-06-08,54.32207675789113,54.32207675789113,53.148450418873615,53.18198013305664,4757400
2021-06-09,53.16522422249332,53.41671791493474,52.87181917847851,53.341270446777344,4454800
2021-06-10,53.433480276550654,53.601138461487274,53.21551951953321,53.55084228515625,3162600
2021-06-11,53.450244522321356,53.62629073635079,53.22390532890843,53.525691986083984,3123400
2021-06-14,53.458636371451426,53.76880789748981,53.26582687159646,53.47540283203125,3300900
2021-06-15,53.567610768731406,54.22148666875841,53.50054493392094,53.91969680786133,3155700
2021-06-16,53.96162029439495,54.137663332688675,52.779608814171844,52.7963752746582,4200200
2021-06-17,52.82151728025519,53.34964953215935,52.58679325624223,53.10654067993164,4425800
2021-06-18,52.84667427640129,52.888588828378346,51.45509004478596,51.513771057128906,6549300
2021-06-21,51.74010606238246,52.74606795720756,51.58921113858372,52.39398193359375,4303000
2021-06-22,52.276617008013005,52.59517329579467,52.00836009131519,52.041893005371094,3626200
2021-06-23,51.98321058596574,52.0251283289076,51.3293347288702,51.5305290222168,4500900
2021-06-24,51.589217522806635,51.62275044288384,51.077851684192694,51.11976623535156,4963900
2021-06-25,51.1113739987962,51.639502989988124,50.79281771991286,51.5808219909668,4703900
2021-06-28,51.76526365860414,51.90777378065976,51.42155920190333,51.547306060791016,2363300
2021-06-29,51.32095431782153,51.69818843025874,50.53294678119743,50.683841705322266,4097100
2021-06-30,50.67546142141585,50.8766525270102,50.39881965387991,50.72575759887695,4155200
2021-07-01,50.968870698341924,51.68143085123202,50.80120929778688,51.538917541503906,3635500
2021-07-02,51.56405553440719,51.64788781720523,51.346097994881504,51.5808219909668,2940600
2021-07-06,51.572446743432096,51.69819038637733,50.93533410682622,51.67304229736328,3030600
2021-07-07,51.55568542950716,51.78202784684515,51.2958100915542,51.714962005615234,3001400
2021-07-08,51.47184776556578,51.840700237360544,51.37963384814839,51.597591400146484,3480100
2021-07-09,51.68980557262154,51.79040112035744,51.18682463606724,51.5305290222168,3688600
2021-07-12,51.42155191221497,51.88261833298176,51.26227535169554,51.80717086791992,3121400
2021-07-13,51.740114739109515,51.84071030588675,51.23713050947251,51.42155838012695,2426200
2021-07-14,51.40478507452932,52.092193885413195,51.18682750922162,51.88261795043945,2969500
2021-07-15,51.605984466636265,52.578416772864614,51.605984466636265,52.5364990234375,3600700
2021-07-16,52.595178241945845,53.18198830373537,52.4526649427434,52.90534973144531,3651400
2021-07-19,52.7544584254485,53.341271725419745,51.815559064219634,52.6370964050293,6866700
2021-07-20,52.81313952611098,53.6095287775877,52.645478126135586,52.77122497558594,4566500
2021-07-21,52.846670743223406,53.324503639140985,52.60356188098461,52.6622428894043,3966100
2021-07-22,52.72092780140727,53.148464549121016,52.66224678864269,52.7963752746582,4387500
2021-07-23,52.87181597671624,53.63467224283354,52.81313497146683,53.53407669067383,2823600
2021-07-26,53.56761937150587,53.760425682862454,53.232296539351864,53.425106048583984,3960800
2021-07-27,53.29935512644004,54.34723483687296,53.014331717287284,54.1041259765625,5830100
2021-07-28,54.24663530688317,54.24663530688317,53.274203077414874,53.64305877685547,5104800
2021-07-29,53.47539779782568,54.22987246351438,53.38318387225538,54.03705978393555,4512500
2021-07-30,53.81071387859816,54.38076062213232,53.40832530844196,53.54245376586914,5192100
2021-08-02,53.643058393925735,54.00352606454441,53.44186408676936,53.718505859375,3616700
2021-08-03,53.73526984870009,54.1125103789354,53.39156543429968,53.76041793823242,4137500
2021-08-04,53.65144568867113,53.785577372853155,52.930503875569556,53.67659378051758,4537700
2021-08-05,53.768795472579086,54.330457381775126,53.61790056010485,54.3053092956543,3792300
2021-08-06,54.34723431453957,54.57357351568765,54.07897736707698,54.238250732421875,3327000
2021-08-09,54.35561358454384,54.41430098858829,53.98676427344453,54.36399841308594,2906600
2021-08-10,54.42267788829344,54.850214591393495,54.154420944255186,54.66578674316406,3484600
2021-08-11,54.699326324899694,55.328054213691644,54.66579340334069,55.017879486083984,3452600
2021-08-12,55.03464555863667,55.30290251787803,54.92566197173367,55.093326568603516,5412400
2021-08-13,55.16952929711571,55.58446330889803,55.01710363514638,55.49131393432617,3635200
2021-08-16,55.57599565832533,56.61757213380061,55.51671936854258,56.21110153198242,5504500
2021-08-17,56.19417612772455,56.405878115408676,55.79617535717729,56.2703857421875,5004300
2021-08-18,56.26191664199538,56.32965636114448,55.70302034975401,55.897789001464844,3545700
2021-08-19,55.94012328431397,56.49054966694298,55.87238356787014,56.21110153198242,4005800
2021-08-20,56.202638110520944,57.12565554588507,55.855443798453386,57.007102966308594,4319000
2021-08-23,56.85469640495692,57.00712212429862,56.40588913707113,56.456695556640625,4798200
2021-08-24,56.405871258454766,56.405871258454766,55.415107627086456,55.660682678222656,5062700
2021-08-25,55.567530075475474,56.02480706204056,55.381231326064054,55.779232025146484,3037100
2021-08-26,55.7877016739641,56.11795623543657,55.60987279168135,56.00787353515625,3378600
2021-08-27,56.11795692489552,56.24497940255279,55.74536584056755,55.88085174560547,3579600
2021-08-30,55.77076932078426,55.880852022963424,55.59294043543409,55.67761993408203,3221100
2021-08-31,55.5929364998476,55.85544486526198,55.37276465044425,55.660682678222656,4581500
2021-09-01,55.86391400570231,56.53289297179025,55.762294739498586,56.2957878112793,3574900
2021-09-02,56.397405991897024,56.71919713522877,56.33812969611987,56.609107971191406,3544200
2021-09-03,56.55830565024853,56.55830565024853,56.050222155356195,56.11796188354492,2891300
2021-09-07,56.61758797421408,56.82928999132956,55.94860882485323,56.050228118896484,6416900
2021-09-08,56.07561688262106,57.12565680805479,55.897788009327286,56.998634338378906,4759600
2021-09-09,56.95630361955556,57.19340880808108,56.81234136026635,56.88855743408203,4789800
2021-09-10,56.76999449637953,56.82927078271083,55.982463000474795,56.067142486572266,3818800
2021-09-13,56.43128588437802,56.62605457147831,55.91473247579949,56.16877746582031,3243700
2021-09-14,56.228045960570896,56.43127804798603,55.694552847737775,55.86391830444336,3252700
2021-09-15,55.68608703512456,56.177230686954225,55.3981690013735,55.897789001464844,3037000
2021-09-16,55.99940571750118,56.17723460635813,55.22034397756645,55.36429977416992,4049400
2021-09-17,55.050983779506495,55.36429856993063,54.26345216848021,54.31425857543945,9457600
2021-09-20,54.23805843056302,54.619119470522875,53.59448250069287,54.161842346191406,4444100
2021-09-21,54.322731575698704,54.77153875790239,54.02634685342103,54.03481674194336,3381600
2021-09-22,54.20418010844122,54.33966602446188,53.75536968656906,53.865455627441406,3500100
2021-09-23,53.87391761141387,54.26345169986026,53.61987588786416,53.6876220703125,2802500
2021-09-24,53.61987940225027,53.97554042278343,53.35736777353093,53.48439025878906,3449600
2021-09-27,53.47592329390654,53.950133678143224,52.84081733189014,52.87468719482422,3375400
2021-09-28,52.90008905750365,53.02710830073845,52.1294940194094,52.45127868652344,5101000
2021-09-29,52.476692319699936,53.458989461614586,52.3412031701364,53.04405212402344,3889600
2021-09-30,53.188003308057546,53.27268280266133,52.44281148034472,52.4766845703125,4987400
2021-10-01,52.79848118732412,52.82388762570965,52.15490848381357,52.29039764404297,4654900
2021-10-04,52.12949658289397,53.035580796518396,52.07868694491206,52.86621856689453,6268900
2021-10-05,53.06097799332079,53.22187031657513,52.434338783749055,52.552894592285156,4266400
2021-10-06,52.349667043172914,53.162601897297506,52.0448156652972,53.120262145996094,3386900
2021-10-07,53.34889854037151,53.75536595113644,52.9254945837019,53.06945037841797,2863400
2021-10-08,53.05251594038665,53.31502432056574,52.82387742098451,52.97630310058594,2624000
2021-10-11,52.82387550345846,52.90855499780058,52.29038564421934,52.43434143066406,3238300
2021-10-12,52.45975366314481,52.85775120693394,52.29885808366435,52.58677291870117,2600900
2021-10-13,52.54443289212628,52.9763067575815,52.0871558217558,52.933963775634766,3200100
2021-10-14,53.145661153784424,53.63681127497923,52.95089572892584,53.56906509399414,2853900
2021-10-15,53.56060806382152,53.941672324568096,53.357372714651255,53.45899200439453,2895900
2021-10-18,53.04404434007941,53.13719372241942,52.51055447869662,52.88315200805664,4180200
2021-10-19,53.03558673341854,53.47592728760676,52.95937388307219,53.32350158691406,2661200
2021-10-20,53.526730297963596,54.1703061555984,53.526730297963596,53.95013427734375,2688200
2021-10-21,54.068680999379374,54.3481291459559,53.99246816215993,54.33119583129883,2895000
2021-10-22,54.33966400745917,54.40741019327092,53.264220765383044,53.30656051635742,5067200
2021-10-25,53.17953365235235,53.52672475024721,53.0271079771482,53.18800354003906,2632300
2021-10-26,53.28962846709937,54.07716017688438,53.22188227557041,53.58600997924805,3686000
2021-10-27,53.543668968723246,53.72149787184111,52.9932457118847,53.04405212402344,2854400
2021-10-28,52.942431996240494,53.213410274519525,52.72226012619136,53.12873077392578,2714600
2021-10-29,53.10332971192926,53.42511766130917,52.55290644175217,52.773075103759766,3718700
2021-11-01,52.84081493872967,53.13719641545448,52.65451616460789,52.9085578918457,3469600
2021-11-02,53.07792650871228,53.14566946998204,52.569842993082354,52.91703414916992,3806200
2021-11-03,52.75613249376448,53.094856952117645,52.425877923543865,52.96783447265625,4064100
2021-11-04,53.01864071460441,53.12872664106544,52.30732198187616,52.92549133300781,3797400
2021-11-05,53.12025667278657,53.653746529101305,52.97630088713096,53.43357467651367,3611600
2021-11-08,53.6368099310963,53.653746475918226,52.70532257809985,53.02710723876953,4727100
2021-11-09,53.06098641836402,53.83158152946888,52.93396393277869,53.64528274536133,5442700
2021-11-10,53.43357267895091,54.153361271267244,53.32348998708806,54.0771484375,3753300
2021-11-11,53.89086367333029,54.03482272129609,53.11180181949863,53.3912467956543,3772600
2021-11-12,53.22008515935387,53.425470431076725,52.74085829948078,52.963356018066406,4157600
2021-11-15,53.15162625489177,53.39123968787784,52.86066568719946,53.22864532470703,3473700
2021-11-16,53.357015765220915,53.61374821035321,53.031826993166995,53.057498931884766,4492500
2021-11-17,53.0574899499874,53.305662863875774,52.64672267759703,53.20296859741211,3727000
2021-11-18,53.04893243355935,53.0917200779655,52.61248997294785,52.7408561706543,3160400
2021-11-19,52.85210108457604,53.68219506064549,52.63815960740251,53.6308479309082,5363700
2021-11-22,53.56239431186069,54.110084032009745,53.29710567544989,54.01594924926758,3622900
2021-11-23,54.127195411005644,54.409599736625985,53.74210008719971,53.921810150146484,3391400
2021-11-24,54.00738837535441,54.11863886033316,53.68219640783314,53.99882888793945,2793800
2021-11-26,53.69075740188112,53.99883040321742,53.014701514598606,53.09172058105469,2353900
2021-11-29,53.305665185696135,53.91325826520781,53.05749226099816,53.759220123291016,6722200
2021-11-30,53.63940801284883,53.63940801284883,52.193164786335764,52.287296295166016,6875800
2021-12-01,52.58682184080213,53.605182215034795,52.28730177933023,52.321533203125,5750300
2021-12-02,52.501249793136964,53.690767433881454,52.46702162958506,53.06605529785156,5742000
2021-12-03,53.45970401615358,53.793452239775775,52.91201428872349,53.76778030395508,5959400
2021-12-06,54.70911597296758,56.40353538113666,54.46950255804942,55.33382797241211,8959500
2021-12-07,55.1113307730323,55.51354183086109,54.70056022723499,55.171234130859375,4280400
2021-12-08,55.21401386266632,55.54776857556725,54.991519426033406,55.41084289550781,4511100
2021-12-09,55.42795981954644,55.54777306376712,54.82892624332459,55.25680923461914,4872800
2021-12-10,55.53066254215207,56.00133651582434,55.256817647191106,55.693260192871094,4207500
2021-12-13,55.6675769875231,56.95977885557136,55.6247860789489,56.63459014892578,8051400
2021-12-14,56.62603416236581,56.8742070836925,56.19815116607353,56.45488357543945,4289700
2021-12-15,56.163919052631904,57.35343324538706,56.163919052631904,57.122379302978516,5217700
2021-12-16,57.10526753931403,57.901130173317455,56.959782358599995,57.8069953918457,4740400
2021-12-17,57.76420675180907,58.371799846758314,57.12238223234453,57.199398040771484,10776000
2021-12-20,56.60035714986647,57.550257838742205,56.24949651944861,57.43901062011719,4457300
2021-12-21,57.63583893026891,57.764205136367245,56.71161008113269,56.81430435180664,6802800
2021-12-22,56.703052195051065,57.11381618410272,56.703052195051065,57.036800384521484,2349700
2021-12-23,57.165169897013214,57.379111391344885,56.92554993902168,56.94266891479492,2126500
2021-12-27,57.07959630625651,57.319216298798224,56.79719845504246,57.30209732055664,1888800
2021-12-28,57.46469459468836,57.96959345691405,57.33632837462139,57.96104049682617,2152800
2021-12-29,57.97814261677586,58.294778365999946,57.901126815842865,58.25198745727539,2321300
2021-12-30,58.38036112169809,58.56007120917048,57.99526248084852,58.50016784667969,3203800
2021-12-31,58.414593535369086,58.94516431812619,58.329018234502804,58.688438415527344,3609700
2022-01-03,58.61,58.65,57.63,58.33,361659800
2022-01-04,58.2,59.14,58.12,58.33,525987500
2022-01-05,57.88,59.02,57.88,58.4,454287400
2022-01-06,58.47,58.78,58.02,58.33,401521400
2022-01-07,58.08,59.16,57.73,58.73,438034200
2022-01-10,58.69,59.23,58.5,58.64,559919800
2022-01-11,58.64,58.77,57.52,57.88,407072400
2022-01-12,57.59,58.13,57.48,57.99,304351700
2022-01-13,58.07,58.64,57.79,58.48,361777800
2022-01-14,58.52,58.82,58.11,58.75,570055700
2022-01-18,58.43,58.6,57.6,58.19,424026500
2022-01-19,58.28,58.98,57.97,58.47,372799000
2022-01-20,58.55,58.99,58.0,58.08,422409500
2022-01-21,58.64,58.79,57.89,58.02,595877300
2022-01-24,57.99,58.27,55.96,57.64,884019300
2022-01-25,57.28,58.01,57.08,57.54,800104700
2022-01-26,57.49,58.22,56.85,57.34,607595900
2022-01-27,57.76,58.77,57.74,58.21,631801500
2022-01-28,58.18,59.06,57.88,59.04,614029000
2022-01-31,58.55,59.7,58.43,59.46,1447946100
2022-02-01,59.23,59.28,57.7,58.17,663197800
2022-02-02,58.23,58.99,57.83,58.88,644317400
2022-02-03,59.04,59.37,58.53,59.25,565368500
2022-02-04,58.74,59.28,58.3,58.77,645595100
2022-02-07,58.1,58.28,57.51,57.88,775874400
2022-02-08,58.34,58.41,57.88,58.09,413683300
2022-02-09,58.47,58.52,57.94,58.25,400120300
2022-02-10,58.01,58.01,56.32,56.43,782021000
2022-02-11,56.67,57.46,56.61,57.15,813907200
2022-02-14,57.24,57.38,55.77,56.34,731476200
2022-02-15,56.71,56.87,55.33,55.63,611749100
2022-02-16,55.68,56.02,55.02,55.51,731814300
2022-02-17,54.66,55.69,54.29,55.44,704637300
2022-02-18,55.15,55.59,54.81,55.13,911313500
2022-02-22,55.22,55.79,54.61,55.58,742576600
2022-02-23,55.58,55.83,54.23,54.32,599247400
2022-02-24,54.03,54.43,53.4,54.36,862530600
2022-02-25,54.91,56.27,54.73,56.22,876808400
2022-02-28,55.84,56.17,55.41,55.99,813280400
2022-03-01,55.96,56.24,54.43,55.41,719168000
2022-03-02,55.45,56.06,55.3,55.82,495866200
2022-03-03,56.07,57.69,56.05,57.4,679969200
2022-03-04,56.99,58.45,56.76,58.42,651474100
2022-03-07,58.61,60.2,57.83,59.85,999493400
2022-03-08,59.58,60.07,58.55,58.63,7528888
2022-03-09,59.02,59.17,57.98,58.02,5795816
2022-03-10,57.93,59.43,57.79,59.31,5693473
2022-03-11,59.07,59.78,59.07,59.38,4415512
2022-03-14,59.59,60.04,59.02,59.35,4530221
2022-03-15,59.98,60.08,59.08,59.35,4836675
2022-03-16,59.16,59.37,58.33,59.23,5351466
2022-03-17,59.28,59.72,58.99,59.14,5035924
2022-03-18,59.27,59.49,58.45,58.81,8192140
2022-03-21,59.0,59.85,58.92,59.55,4730571
2022-03-22,59.61,59.67,58.97,59.49,3441077
2022-03-23,59.47,59.85,59.11,59.47,3724037
2022-03-24,59.44,60.15,59.41,59.91,3889010
2022-03-25,60.08,61.31,59.98,61.31,5845640
2022-03-28,61.37,61.52,60.77,61.38,3276761
2022-03-29,61.38,62.3,61.13,62.29,5422295
2022-03-30,62.24,62.67,62.04,62.67,3956960
2022-03-31,62.66,63.26,62.57,62.68,5688311
2022-04-01,62.52,64.13,62.21,64.07,6034543
2022-04-04,63.49,63.64,62.66,63.21,4660932
2022-04-05,63.47,64.95,63.38,64.27,6729880
2022-04-06,64.56,66.16,64.32,66.14,6877627
2022-04-07,65.74,65.92,64.87,65.49,6436348
2022-04-08,65.69,66.29,65.39,66.12,3731231
2022-04-11,66.12,66.45,64.28,64.38,8172509
2022-04-12,64.37,65.64,63.96,65.3,6069598
2022-04-13,65.31,65.39,64.45,65.14,4667186
2022-04-14,65.19,65.94,64.82,65.69,5925814
2022-04-18,65.7,66.19,65.23,65.55,3716773
2022-04-19,65.89,66.09,65.2,65.93,3759178
2022-04-20,66.48,66.63,66.04,66.13,4583069
2022-04-21,65.94,66.77,65.78,66.09,4898872
2022-04-22,66.13,66.38,65.54,65.62,4861687
2022-04-25,65.82,65.97,63.92,64.81,7424066
2022-04-26,64.62,65.2,63.73,63.74,6880511
2022-04-27,63.88,64.42,62.98,63.52,6407613
2022-04-28,64.52,65.82,63.88,65.33,5702552
2022-04-29,65.08,65.15,63.34,63.44,8189648
2022-05-02,64.0,64.2,62.35,63.29,6371927
2022-05-03,63.26,64.43,62.98,63.21,4747640
2022-05-04,63.58,64.64,63.29,64.46,5712524
2022-05-05,64.19,64.95,63.48,64.02,4969727
2022-05-06,63.86,64.72,63.55,64.55,5242470
2022-05-09,64.23,64.83,63.36,64.17,6063524
2022-05-10,64.23,65.15,62.72,63.28,5314341
2022-05-11,63.46,64.83,63.28,63.95,5758914
2022-05-12,63.95,64.24,62.72,64.04,6631416
2022-05-13,64.48,64.59,63.4,64.26,5018146
2022-05-16,64.48,65.09,64.2,64.78,4537909
2022-05-17,65.0,65.09,63.6,64.69,4527904
2022-05-18,65.09,65.24,64.26,64.41,5498715
2022-05-19,64.31,64.43,63.27,63.98,5814925
2022-05-20,63.94,64.36,63.2,64.05,5758224
2022-05-23,64.66,65.17,64.02,64.69,3927399
2022-05-24,64.93,66.28,64.58,66.04,7298325
2022-05-25,66.13,66.39,65.56,66.04,3859924
2022-05-26,66.53,66.57,65.64,65.69,3561828
2022-05-27,65.53,66.4,65.49,66.37,3773770
2022-05-31,65.72,66.3,65.41,66.01,8118783
2022-06-01,66.13,66.24,65.23,65.92,4902639
2022-06-02,66.43,66.52,64.67,66.26,4732943
2022-06-03,66.03,66.25,65.54,65.66,2686210
2022-06-06,65.86,66.28,65.67,65.74,4674499
2022-06-07,65.75,66.06,65.26,66.04,3471162
2022-06-08,65.79,65.97,65.03,65.11,2981627
2022-06-09,65.31,65.78,63.55,63.59,4184824
2022-06-10,63.3,63.5,62.49,62.94,4967840
2022-06-13,62.23,62.45,59.66,59.98,6507647
2022-06-14,60.03,60.1,57.68,58.26,6889045
2022-06-15,58.42,58.86,57.32,58.08,6543352
2022-06-16,57.43,57.84,56.66,57.83,7006193
2022-06-17,57.93,58.12,56.53,57.05,9042045
2022-06-21,57.37,58.83,57.22,58.59,6334991
2022-06-22,58.19,59.54,58.15,59.06,5613545
2022-06-23,59.43,60.58,59.23,60.45,5067607
2022-06-24,60.81,61.11,60.42,60.92,4607653
2022-06-27,60.54,61.67,60.45,61.4,3679498
2022-06-28,61.69,62.32,61.56,61.61,3788813
2022-06-29,61.82,62.22,61.37,61.66,2910373
2022-06-30,61.36,62.56,61.22,62.22,5389246
2022-07-01,62.6,63.9,62.33,63.81,5053504
2022-07-05,63.62,63.72,60.94,61.79,5903041
2022-07-06,62.01,63.01,61.63,62.36,4338913
2022-07-07,62.5,62.89,62.05,62.2,2622580
2022-07-08,62.2,62.41,61.79,62.11,3294688
2022-07-11,61.95,62.63,61.86,62.62,4028178
2022-07-12,62.43,63.28,62.24,62.8,3887056
2022-07-13,62.31,62.98,62.1,62.12,3727066
2022-07-14,61.03,62.78,61.0,62.7,3119638
2022-07-15,63.19,63.24,62.33,63.11,4975695
2022-07-18,62.98,63.08,62.29,62.55,3699807
2022-07-19,62.88,63.07,62.45,62.6,5626762
2022-07-20,62.63,62.81,61.74,61.89,4217245
2022-07-21,61.88,62.02,61.38,61.81,3434240
2022-07-22,62.22,62.78,62.07,62.77,3437536
2022-07-25,62.63,63.43,62.47,63.42,3227789
2022-07-26,63.44,64.26,63.31,64.14,2717543
2022-07-27,63.82,64.08,63.31,63.92,6341737
2022-07-28,64.5,66.31,63.92,66.17,5840971
2022-07-29,66.17,67.71,66.0,67.08,7830140
2022-08-01,66.89,67.42,66.43,66.9,4324585
2022-08-02,67.16,67.62,66.19,66.25,4795010
2022-08-03,66.21,67.53,65.22,67.41,4436915
2022-08-04,67.62,68.73,67.58,68.03,5241990
2022-08-05,67.65,67.94,66.67,67.42,4136366
2022-08-08,67.92,68.18,67.1,67.35,4259566
2022-08-09,67.64,68.41,67.59,68.27,3149574
2022-08-10,68.46,68.59,67.98,68.31,3141073
2022-08-11,68.3,68.77,67.78,67.97,3619565
2022-08-12,68.32,68.8,68.19,68.76,3152726
2022-08-15,68.76,69.22,68.61,68.98,5578330
2022-08-16,68.97,69.86,68.83,69.59,4122947
2022-08-17,69.47,70.0,69.39,69.75,3602562
2022-08-18,69.76,70.38,69.72,70.16,2867297
2022-08-19,70.32,70.91,70.05,70.55,3483491
2022-08-22,70.26,70.44,69.44,69.63,2593594
2022-08-23,69.74,69.74,69.1,69.34,2234098
2022-08-24,69.55,69.66,68.92,69.42,2508038
2022-08-25,69.54,69.67,68.88,69.64,2470990
2022-08-26,69.69,69.95,68.77,68.83,3091526
2022-08-29,68.46,69.74,68.22,69.25,2714326
2022-08-30,69.19,69.34,68.0,68.28,3087002
2022-08-31,68.23,68.73,67.81,67.83,4301438
2022-09-01,67.99,69.44,67.92,69.33,3740310
2022-09-02,69.45,70.1,68.32,68.54,3128263
2022-09-06,68.83,69.5,68.29,68.46,4134166
2022-09-07,68.79,70.35,68.78,70.19,5148185
2022-09-08,70.0,70.43,69.56,69.89,2684162
2022-09-09,70.16,70.48,69.7,69.99,3240412
2022-09-12,70.06,70.69,69.88,70.54,3368326
2022-09-13,69.94,70.22,68.55,68.85,3211642
2022-09-14,68.96,70.18,68.96,69.91,2905790
2022-09-15,69.66,69.66,67.97,68.03,3976902
2022-09-16,68.01,68.5,67.69,67.99,8144565
2022-09-19,67.8,68.95,67.5,68.89,3977694
2022-09-20,68.49,68.57,67.25,67.96,2999251
2022-09-21,68.32,68.84,67.0,67.0,2458709
2022-09-22,67.0,67.36,66.49,66.84,2831131
2022-09-23,66.27,66.47,65.34,66.0,3283711
2022-09-26,65.96,65.97,63.55,64.38,4095261
2022-09-27,64.78,64.78,62.89,63.12,3975558
2022-09-28,63.9,64.2,63.09,63.83,4003613
2022-09-29,63.77,63.96,60.97,61.06,3994528
2022-09-30,61.42,61.7,59.72,59.85,7156097
2022-10-03,60.97,61.85,60.31,61.37,4279597
2022-10-04,61.49,62.59,61.02,62.22,4521629
2022-10-05,61.58,61.58,59.86,60.49,4030544
2022-10-06,60.29,60.36,57.8,57.85,6649992
2022-10-07,57.94,58.08,56.14,56.43,4889412
2022-10-10,56.56,57.19,56.27,56.32,2943478
2022-10-11,56.02,56.81,55.77,56.01,3906910
2022-10-12,55.93,56.14,54.11,54.13,5066685
2022-10-13,53.65,56.45,53.43,56.37,5246966
2022-10-14,56.9,57.89,55.62,55.9,5079974
2022-10-17,56.4,57.34,56.4,56.58,4018724
2022-10-18,57.36,57.97,57.05,57.55,3841470
2022-10-19,56.81,57.31,56.49,56.94,3158921
2022-10-20,57.24,57.24,55.79,55.89,4098673
2022-10-21,55.94,57.03,55.77,56.77,5225576
2022-10-24,56.87,57.24,56.16,56.85,4327152
2022-10-25,56.94,57.9,56.93,57.84,3753082
2022-10-26,58.09,58.48,57.31,57.77,4312843
2022-10-27,58.49,58.87,57.23,57.36,7106582
2022-10-28,57.66,59.07,57.66,58.39,4509990
2022-10-31,58.08,58.34,57.34,57.63,5054863
2022-11-01,57.89,58.14,57.19,57.67,3196151
2022-11-02,57.51,58.65,57.01,57.03,4289739
2022-11-03,56.56,57.6,56.22,57.08,4163271
2022-11-04,57.21,57.46,56.28,57.13,3542479
2022-11-07,57.05,57.05,54.94,55.77,5010842
2022-11-08,55.93,56.65,55.79,56.28,3346812
2022-11-09,56.21,56.65,55.72,55.84,3404720
2022-11-10,57.21,57.91,56.28,57.83,5143165
2022-11-11,57.96,57.99,56.79,57.29,4639093
2022-11-14,57.62,57.95,56.79,56.8,5160588
2022-11-15,57.46,58.04,56.91,57.99,5905921
2022-11-16,58.09,58.49,57.63,57.94,5338668
2022-11-17,57.48,57.86,56.87,57.14,4465334
2022-11-18,57.55,58.38,57.29,58.32,5202922
2022-11-21,58.15,58.63,57.91,58.47,4837553
2022-11-22,58.7,59.1,58.3,58.66,3760796
2022-11-23,58.55,59.04,58.35,59.02,3900276
2022-11-25,59.27,59.76,59.18,59.51,1435619
2022-11-28,59.07,59.39,58.33,58.56,4907696
2022-11-29,58.23,58.49,57.84,58.47,4408572
2022-11-30,58.37,60.33,58.23,60.16,8262142
2022-12-01,60.43,60.98,59.74,60.23,4807076
2022-12-02,59.7,60.08,59.4,59.9,4003735
2022-12-05,59.41,60.28,59.32,60.02,4281048
2022-12-06,60.35,60.94,60.29,60.91,6586576
2022-12-07,60.8,61.61,60.7,60.93,4855084
2022-12-08,60.8,61.5,60.58,61.09,3667972
2022-12-09,60.77,61.14,60.51,60.8,3466028
2022-12-12,62.04,63.25,61.63,63.18,5793918
2022-12-13,63.94,64.39,62.68,63.34,4377411
2022-12-14,63.53,64.09,62.71,63.25,5043466
2022-12-15,62.84,63.48,62.42,62.59,6069049
2022-12-16,62.23,62.47,60.84,61.76,18469863
2022-12-19,61.52,61.78,60.93,61.29,4358371
2022-12-20,61.24,62.26,60.9,61.79,4940712
2022-12-21,62.09,63.32,61.92,62.91,6730040
2022-12-22,62.83,63.05,61.99,62.94,3546114
2022-12-23,62.83,63.82,62.83,63.81,2981701
2022-12-27,63.82,64.42,63.51,64.28,3682959
2022-12-28,64.42,64.78,63.57,63.73,2282596
2022-12-29,64.0,64.47,63.94,64.21,2367250
2022-12-30,64.2,64.28,62.98,63.52,2910938
2023-01-03,63.53,64.06,62.88,63.95,3761184
2023-01-04,64.07,64.97,63.88,64.5,3857541
2023-01-05,64.04,64.25,62.37,62.6,4098746
2023-01-06,63.28,64.09,63.08,63.71,4040777
2023-01-09,63.51,64.22,63.37,63.6,3168322
2023-01-10,63.48,63.48,62.65,63.25,3215186
2023-01-11,63.29,63.72,63.13,63.65,2965398
2023-01-12,63.53,63.62,62.5,62.56,5082107
2023-01-13,62.22,62.77,61.67,62.55,3637081
2023-01-17,62.31,63.08,62.18,62.31,3601888
2023-01-18,62.44,62.48,60.2,60.23,3494879
2023-01-19,60.01,60.14,59.0,59.1,3967629
2023-01-20,59.0,59.74,57.93,59.7,3963040
2023-01-23,59.55,60.27,59.19,59.47,3502370
2023-01-24,52.34,63.31,52.34,59.33,3444199
2023-01-25,58.88,59.92,58.49,59.83,3795976
2023-01-26,59.55,60.27,59.39,60.06,3235545
2023-01-27,59.9,60.63,59.62,60.48,2904308
2023-01-30,60.2,60.71,59.97,59.98,3498458
2023-01-31,60.2,60.31,59.48,60.2,5420894
2023-02-01,60.03,61.77,59.94,61.25,5792397
2023-02-02,61.19,61.56,60.03,61.03,4820599
2023-02-03,60.61,60.72,58.92,59.84,3888259
2023-02-06,59.73,60.45,59.51,60.4,3000254
2023-02-07,59.92,60.37,59.17,60.25,3226137
2023-02-08,59.87,59.87,58.67,59.1,2619714
2023-02-09,59.18,59.79,58.45,58.51,3243042
2023-02-10,58.57,59.59,58.38,59.49,2592410
2023-02-13,59.42,59.99,59.42,59.71,2345049
2023-02-14,59.59,60.05,59.07,59.28,2705541
2023-02-15,59.09,59.41,58.79,59.39,3760191
2023-02-16,59.24,59.27,57.94,58.58,5312241
2023-02-17,58.35,60.19,58.29,59.88,5356558
2023-02-21,59.37,59.56,58.74,58.91,3088371
2023-02-22,58.85,59.51,58.44,58.63,3523629
2023-02-23,58.53,58.74,57.88,58.18,7870905
2023-02-24,57.67,58.1,57.26,58.02,5468285
2023-02-27,58.2,58.94,57.71,57.85,4840076
2023-02-28,57.63,57.9,56.64,56.67,4751170
2023-03-01,56.25,56.36,55.48,56.01,5572066
2023-03-02,56.13,57.25,55.95,57.22,5766392
2023-03-03,57.22,58.31,56.8,58.25,4965652
2023-03-06,58.16,58.72,58.1,58.62,4832716
2023-03-07,58.52,58.95,57.55,57.81,4115020
2023-03-08,57.74,58.34,57.41,58.17,3238940
2023-03-09,58.34,59.23,57.9,58.01,3564944
2023-03-10,58.25,58.33,57.19,57.46,3892567
2023-03-13,57.33,60.02,57.33,58.55,5202216
2023-03-14,58.97,59.67,58.8,59.48,5092441
2023-03-15,59.35,61.14,59.16,60.8,6256425
2023-03-16,60.57,61.69,60.49,61.22,6737720
2023-03-17,62.01,62.06,60.53,61.02,10618937
2023-03-20,61.11,63.29,61.04,61.61,5773286
2023-03-21,61.52,61.66,59.52,60.33,6030898
2023-03-22,60.2,61.27,59.95,59.95,6618669
2023-03-23,59.95,60.59,59.37,59.62,4542604
2023-03-24,59.78,61.65,59.69,61.64,4885361
2023-03-27,61.89,62.13,61.16,61.33,4100435
2023-03-28,61.29,61.98,61.13,61.46,5636970
2023-03-29,61.69,62.53,61.69,62.32,4229025
2023-03-30,62.39,62.7,61.88,62.07,3997099
2023-03-31,62.19,62.56,61.8,62.53,5195229
2023-04-03,62.14,62.58,61.34,61.98,4323535
2023-04-04,62.13,62.6,61.76,62.58,3067116
2023-04-05,62.91,64.41,62.7,64.26,4522182
2023-04-06,64.63,65.2,64.41,64.99,4504829
2023-04-10,64.61,64.75,63.94,64.74,3175779
2023-04-11,64.73,64.83,64.16,64.56,3239304
2023-04-12,64.57,65.27,64.19,64.82,3811395
2023-04-13,64.56,65.15,63.72,65.12,4190021
2023-04-14,64.68,65.0,64.42,64.65,3349864
2023-04-17,64.86,65.15,64.33,65.01,2988258
2023-04-18,64.98,65.42,64.78,65.23,3267221
2023-04-19,65.44,65.83,65.26,65.44,2987096
2023-04-20,65.44,65.86,65.26,65.63,3696826
2023-04-21,66.22,66.49,65.7,66.16,3184839
2023-04-24,66.2,66.64,65.81,66.59,2617041
2023-04-25,66.71,66.92,66.29,66.49,3337440
2023-04-26,66.09,66.19,65.12,65.24,3999069
2023-04-27,65.43,66.16,65.27,66.06,4126267
2023-04-28,66.09,66.53,65.69,66.1,4598816
2023-05-01,66.06,67.01,65.9,66.59,4044471
2023-05-02,66.73,66.83,65.69,65.74,4180322
2023-05-03,66.15,66.68,65.78,65.9,3240538
2023-05-04,66.0,66.77,65.19,66.73,4305256
2023-05-05,66.31,67.37,66.2,67.35,3945648
2023-05-08,67.23,67.55,66.75,67.02,2971577
2023-05-09,66.79,67.3,66.53,67.13,4205584
2023-05-10,67.37,68.08,67.22,68.0,4021668
2023-05-11,67.94,68.12,66.86,67.09,3206596
2023-05-12,67.29,67.36,66.04,66.55,4820389
2023-05-15,66.72,66.81,65.4,65.7,3705988
2023-05-16,65.65,65.81,64.01,64.32,4008182
2023-05-17,64.42,64.72,63.94,64.36,4411583
2023-05-18,64.1,64.53,63.83,64.46,4355252
2023-05-19,64.79,65.15,64.33,64.79,4665601
2023-05-22,64.96,65.14,64.36,64.37,2913817
2023-05-23,64.1,64.78,64.08,64.55,4499977
2023-05-24,64.46,65.02,64.17,64.28,4044680
2023-05-25,64.51,64.59,63.21,63.34,4980727
2023-05-26,63.25,63.33,62.62,63.03,5056017
2023-05-30,63.02,63.68,62.76,63.35,4197309
2023-05-31,63.35,63.77,62.74,63.28,6383329
2023-06-01,63.5,63.5,62.54,62.76,5021876
2023-06-02,62.5,63.4,62.23,63.01,4840732
2023-06-05,62.91,63.65,62.83,63.23,3445333
2023-06-06,63.65,63.79,62.92,62.94,5025854
2023-06-07,62.95,63.85,62.43,63.63,4954266
2023-06-08,63.82,64.52,63.38,64.49,4216094
2023-06-09,64.51,64.73,63.83,64.65,3937233
2023-06-12,64.85,64.87,64.11,64.27,3395048
2023-06-13,63.81,64.31,63.45,63.92,4128875
2023-06-14,64.05,64.79,63.84,63.94,4249337
2023-06-15,64.31,64.73,64.0,64.2,4141907
2023-06-16,64.09,65.5,64.02,65.11,9350020
2023-06-20,64.85,64.98,63.77,63.82,3723622
2023-06-21,63.67,65.01,63.36,65.0,2958019
2023-06-22,65.24,65.35,64.5,64.69,2513844
2023-06-23,64.84,65.07,63.88,63.92,4605172
2023-06-26,64.11,65.09,63.89,65.08,3078331
2023-06-27,65.19,65.28,64.28,64.52,4005834
2023-06-28,64.42,64.49,63.24,63.39,3895002
2023-06-29,63.06,63.41,62.3,62.73,5376108
2023-06-30,62.99,63.86,62.46,63.73,5505624
2023-07-03,63.96,64.12,63.61,64.03,2156294
2023-07-05,63.83,65.39,63.83,65.03,5197600
2023-07-06,64.53,64.61,63.84,64.22,3966884
2023-07-07,63.86,64.54,63.57,64.13,3455887
2023-07-10,64.03,64.15,63.28,63.63,2652026
2023-07-11,63.65,64.19,63.28,64.17,2770687
2023-07-12,64.35,65.06,64.01,64.95,3708490
2023-07-13,64.88,65.09,64.47,64.85,4050646
2023-07-14,64.68,65.02,64.42,64.76,2810435
2023-07-17,64.63,64.72,63.65,63.67,2941222
2023-07-18,63.67,63.88,62.43,62.68,3611667
2023-07-19,62.8,63.9,62.61,63.63,3383939
2023-07-20,63.83,64.69,63.49,64.48,6103676
2023-07-21,64.74,66.49,64.58,66.28,5326243
2023-07-24,66.45,66.56,65.78,66.18,3446608
2023-07-25,65.96,66.39,65.69,65.88,3997215
2023-07-26,65.78,66.99,65.74,66.31,3005701
2023-07-27,66.06,66.25,65.68,66.1,5379901
2023-07-28,66.51,66.81,65.47,65.64,5362778
2023-07-31,65.97,66.12,65.32,65.63,6777549
2023-08-01,65.58,65.81,64.64,64.67,3892844
2023-08-02,64.43,65.0,64.31,64.39,3747237
2023-08-03,64.74,65.3,62.24,62.26,5397809
2023-08-04,62.37,63.16,61.25,61.55,4105520
2023-08-07,61.69,62.17,61.55,61.71,3197440
2023-08-08,61.7,62.45,61.4,62.43,3567154
2023-08-09,62.44,63.24,62.37,62.77,3729299
2023-08-10,63.24,63.48,62.69,62.97,2583875
2023-08-11,62.91,63.24,62.54,63.05,3230348
2023-08-14,62.97,63.27,62.24,62.45,2773245
2023-08-15,62.03,62.17,61.42,61.49,3450172
2023-08-16,61.77,62.13,61.49,61.79,2246861
2023-08-17,61.91,62.67,61.8,61.92,2620453
2023-08-18,61.95,62.52,61.84,62.16,2682670
2023-08-21,62.11,62.2,61.55,61.98,2308909
2023-08-22,61.87,62.3,61.62,62.09,2060728
2023-08-23,62.45,62.47,61.64,61.92,2655152
2023-08-24,61.92,62.92,61.79,61.81,2414689
2023-08-25,61.98,62.74,61.85,62.42,2227405
2023-08-28,62.53,62.71,62.09,62.45,2380385
2023-08-29,62.61,62.88,62.25,62.86,2535664
2023-08-30,62.84,63.42,62.5,62.9,3583466
2023-08-31,63.09,63.1,62.06,62.09,4063756
2023-09-01,62.54,62.82,60.88,61.62,3505376
2023-09-05,61.46,61.72,60.44,60.78,3197865
2023-09-06,60.92,61.01,60.47,60.73,5730372
2023-09-07,61.23,62.27,61.18,61.52,3728581
2023-09-08,61.6,62.28,61.4,62.27,4412094
2023-09-11,62.18,62.75,62.07,62.45,2838763
2023-09-12,62.41,63.14,61.83,62.88,3754562
2023-09-13,63.24,64.16,63.01,63.71,3632110
2023-09-14,64.09,65.06,63.93,64.99,3698680
2023-09-15,64.64,65.48,64.64,65.17,7353143
2023-09-18,65.28,65.36,64.55,65.04,3686816
2023-09-19,65.08,65.31,64.71,65.0,3961451
2023-09-20,65.22,65.76,64.82,65.27,4072899
2023-09-21,65.24,65.27,64.05,64.08,3982720
2023-09-22,63.8,64.16,63.36,63.59,3528747
2023-09-25,63.31,63.62,62.95,63.52,3038140
2023-09-26,63.08,63.35,61.23,61.52,3948574
2023-09-27,61.42,61.82,60.53,60.63,4712052
2023-09-28,60.99,61.15,59.52,59.65,5083626
2023-09-29,60.34,60.41,59.0,59.33,4928596
2023-10-02,58.94,59.11,56.76,57.49,7772695
2023-10-03,57.11,59.02,56.43,58.7,8589487
2023-10-04,58.94,59.34,58.08,59.24,5147345
2023-10-05,59.06,59.65,58.41,59.21,5269131
2023-10-06,58.2,59.71,57.07,59.56,5158490
2023-10-09,59.59,60.44,59.48,60.42,3845654
2023-10-10,60.5,61.02,60.21,60.91,4253024
2023-10-11,61.23,61.67,60.76,61.51,3908165
2023-10-12,61.34,61.56,59.81,60.23,4192399
2023-10-13,60.82,61.29,60.5,61.01,3368623
2023-10-16,61.48,62.08,61.03,61.88,4242107
2023-10-17,61.52,61.92,61.01,61.52,4596319
2023-10-18,61.51,61.9,60.88,61.05,3545011
2023-10-19,61.05,61.73,60.72,60.91,4067013
2023-10-20,60.68,61.52,60.23,60.25,4195048
2023-10-23,59.66,60.71,59.15,59.98,3700264
2023-10-24,60.56,61.09,60.4,60.91,3782128
2023-10-25,60.61,61.18,60.34,61.06,3781726
2023-10-26,61.08,62.01,61.0,61.56,4655125
2023-10-27,61.23,61.96,60.61,60.99,4214333
2023-10-30,61.29,61.71,61.06,61.23,3945806
2023-10-31,61.43,61.97,61.14,61.69,4856545
2023-11-01,62.01,63.08,61.54,62.73,4880606
2023-11-02,61.77,64.68,61.77,64.28,5970740
2023-11-03,64.68,65.39,64.51,64.53,5554390
2023-11-06,64.55,64.83,63.45,63.46,5496979
2023-11-07,63.58,63.69,62.84,62.99,5092645
2023-11-08,62.75,62.95,61.9,62.88,4665712
2023-11-09,63.08,63.43,62.29,62.37,5923343
2023-11-10,62.69,62.74,62.06,62.43,5902467
2023-11-13,62.29,62.52,61.59,61.73,5187112
2023-11-14,62.55,63.52,62.45,63.45,5711674
2023-11-15,63.33,63.99,62.96,63.04,3392263
2023-11-16,63.61,64.49,63.49,64.42,4517138
2023-11-17,64.81,64.86,64.16,64.6,4594500
2023-11-20,64.49,64.49,63.55,64.3,3353036
2023-11-21,64.47,64.72,63.73,64.49,3251445
2023-11-22,64.75,64.76,64.08,64.44,2753064
2023-11-24,64.52,64.65,64.18,64.46,1119288
2023-11-27,64.47,65.2,64.3,65.06,3794296
2023-11-28,65.08,65.88,64.75,65.27,4804824
2023-11-29,65.35,65.72,64.73,65.03,4201797
2023-11-30,65.13,66.0,65.02,65.72,8114771
2023-12-01,65.66,66.23,65.19,66.22,3996095
2023-12-04,65.97,66.47,65.89,66.0,4205926
2023-12-05,66.09,66.17,65.55,65.68,3635548
2023-12-06,65.83,66.95,65.83,66.91,4829510
2023-12-07,67.1,67.18,66.26,66.34,3575924
2023-12-08,66.38,66.84,65.69,66.21,2711242
2023-12-11,65.96,66.26,65.59,66.08,4000841
2023-12-12,66.2,66.2,64.94,65.25,4375981
2023-12-13,65.33,67.69,64.91,67.67,5762854
2023-12-14,67.81,67.98,66.05,66.21,6377341
2023-12-15,65.59,65.72,64.84,65.61,12327583
2023-12-18,65.44,66.37,65.43,66.13,5131933
2023-12-19,65.88,66.62,65.77,65.98,3733486
2023-12-20,65.95,66.15,64.51,64.53,4363885
2023-12-21,64.74,64.97,63.62,64.23,4146784
2023-12-22,64.63,65.0,64.2,64.3,3013477
2023-12-26,64.17,64.68,64.06,64.31,2130984
2023-12-27,64.09,64.51,63.9,64.27,2771861
2023-12-28,64.22,65.11,64.15,64.97,2790526
2023-12-29,64.68,65.06,64.47,64.93,2895497
2024-01-02,64.51,65.71,64.45,65.6,3955237
2024-01-03,65.74,66.95,65.73,66.89,6290541
2024-01-04,66.96,67.17,66.28,66.4,3442532
2024-01-05,66.43,66.53,65.47,66.31,5670223
2024-01-08,66.21,66.83,65.91,66.82,3296530
2024-01-09,66.39,66.68,66.06,66.55,3073677
2024-01-10,66.66,66.66,66.07,66.51,2563178
2024-01-11,66.67,66.67,65.21,65.35,3407608
2024-01-12,65.79,66.27,65.57,66.13,3184045
2024-01-16,65.83,65.83,64.98,65.11,3515190
2024-01-17,64.82,65.64,63.99,64.47,3775937
2024-01-18,64.18,64.33,63.38,63.68,3797327
2024-01-19,63.81,64.2,63.38,63.84,5003322
2024-01-22,63.84,64.22,63.05,63.72,3670714
2024-01-23,63.67,63.84,63.4,63.73,5660334
2024-01-24,64.09,64.27,62.69,63.15,6257728
2024-01-25,63.74,64.13,63.23,64.11,3897979
2024-01-26,64.11,64.3,63.51,63.99,5987633
2024-01-29,64.03,64.16,63.59,64.07,4673814
2024-01-30,63.99,64.43,63.62,64.12,4578676
2024-01-31,64.82,65.12,63.96,64.37,8371572
2024-02-01,63.98,65.31,63.71,65.28,4554429
2024-02-02,64.65,64.78,62.93,63.57,5652105
2024-02-05,63.24,63.28,62.1,62.21,5015357
2024-02-06,62.11,62.67,61.98,62.41,3471650
2024-02-07,62.54,62.75,61.85,61.99,4406230
2024-02-08,61.68,62.07,61.45,61.98,3811257
2024-02-09,61.7,62.22,61.59,61.96,3792780
2024-02-12,61.98,63.27,61.7,63.25,4782779
2024-02-13,62.97,63.48,61.57,62.51,5357510
2024-02-14,62.47,62.86,62.25,62.79,4146868
2024-02-15,62.09,63.15,61.19,61.88,10332859
2024-02-16,61.75,62.36,61.57,62.21,8509100
2024-02-20,62.34,63.95,62.16,62.73,6385835
2024-02-21,63.11,63.49,62.8,63.38,4256507
2024-02-22,62.86,63.24,62.27,62.96,3530365
2024-02-23,63.0,63.69,62.9,63.34,3222217
2024-02-26,63.08,63.16,61.99,61.99,4059987
2024-02-27,62.14,62.45,61.84,62.19,4146943
2024-02-28,62.19,62.53,61.95,62.52,5211714
2024-02-29,62.81,63.3,62.51,62.93,8578069
2024-03-01,62.73,62.81,61.75,62.57,4748338
2024-03-04,62.58,63.9,62.34,63.82,4285959
2024-03-05,64.1,64.81,63.21,63.61,4542809
2024-03-06,64.07,64.49,63.61,64.18,4629252
2024-03-07,64.76,64.96,64.34,64.8,4896043
2024-03-08,64.88,65.05,64.16,64.58,3705337
2024-03-11,64.49,65.39,64.28,65.3,3490944
2024-03-12,64.98,65.6,64.6,64.9,3255436
2024-03-13,65.36,65.91,65.32,65.45,5086286
2024-03-14,65.18,65.44,64.38,64.92,4212522
2024-03-15,64.53,65.29,64.29,64.65,8653726
2024-03-18,64.74,65.15,64.56,64.96,2688945
2024-03-19,65.16,65.81,64.59,65.7,3848621
2024-03-20,65.62,66.12,65.4,65.72,4251099
2024-03-21,65.92,66.25,65.38,65.41,2864913
2024-03-22,65.78,65.99,65.31,65.32,3137925
2024-03-25,65.41,65.6,65.06,65.28,2065233
2024-03-26,65.08,65.24,64.71,64.82,4360519
2024-03-27,65.17,66.51,65.13,66.49,4328426
2024-03-28,66.46,67.29,66.25,67.13,4731193
2024-04-01,66.9,67.09,66.03,66.53,3147543
2024-04-02,66.67,67.45,66.53,66.76,3829581
2024-04-03,66.85,67.11,66.25,66.42,3798424
2024-04-04,66.42,66.79,65.19,65.55,6240921
2024-04-05,65.08,65.65,64.72,65.42,5302559
2024-04-08,65.28,65.8,65.16,65.56,3400339
2024-04-09,65.84,66.07,65.37,66.06,4811688
2024-04-10,64.92,65.42,64.54,65.29,8425060
2024-04-11,65.61,65.61,64.53,65.11,3297590
2024-04-12,65.36,65.44,63.93,64.32,4818437
2024-04-15,64.56,65.02,63.59,64.0,3974105
2024-04-16,63.86,63.86,63.19,63.42,4426792
2024-04-17,63.72,65.49,63.65,65.32,6705788
2024-04-18,65.5,66.15,64.97,66.04,4602141
2024-04-19,66.32,67.55,66.16,67.52,6549289
2024-04-22,67.28,68.45,67.06,68.29,5387553
2024-04-23,68.28,69.03,67.89,68.55,6054440
2024-04-24,68.08,69.45,67.48,69.16,5661791
2024-04-25,69.13,70.04,68.52,69.59,6164493
2024-04-26,69.59,69.66,68.44,68.51,5478762
2024-04-29,68.94,69.7,68.94,69.61,3852228
2024-04-30,69.16,69.76,68.53,68.78,5271494
2024-05-01,68.67,70.31,68.5,69.73,5241882
2024-05-02,70.19,71.04,69.85,70.49,5468360
2024-05-03,70.98,71.1,70.1,70.98,4578202
2024-05-06,70.66,71.38,70.07,70.62,8062133
2024-05-07,70.37,72.12,70.37,72.01,8919697
2024-05-08,71.95,72.78,71.74,72.64,6695181
2024-05-09,72.61,73.27,72.15,73.22,5542603
2024-05-10,73.64,73.68,72.84,73.12,4939759
2024-05-13,73.46,73.87,73.31,73.65,4420295
2024-05-14,73.93,74.08,73.34,73.66,5224306
2024-05-15,74.03,74.65,73.95,74.2,4130014
2024-05-16,74.14,74.72,74.14,74.28,5718812
2024-05-17,74.29,75.25,73.88,75.12,4833749
2024-05-20,75.25,75.27,74.58,74.78,2984142
2024-05-21,74.9,75.68,74.84,75.34,3694089
2024-05-22,74.91,75.18,74.19,74.31,3356215
2024-05-23,73.97,73.98,72.83,72.88,3889953
2024-05-24,73.03,73.49,72.95,73.42,2424732
2024-05-28,73.25,73.97,72.98,73.23,2941821
2024-05-29,72.76,73.08,72.38,72.91,4413800
2024-05-30,73.09,73.76,72.59,73.74,4238121
2024-05-31,73.97,75.77,73.8,75.68,7168035
2024-06-03,75.34,76.01,74.87,75.92,4539793
2024-06-04,75.79,76.34,75.13,76.22,5106570
2024-06-05,76.18,76.18,74.77,75.0,4245697
2024-06-06,75.05,75.44,74.22,74.28,4210920
2024-06-07,73.88,74.24,73.56,73.61,3865793
2024-06-10,73.53,74.61,73.29,74.58,5509245
2024-06-11,74.08,74.65,73.71,74.13,3814953
2024-06-12,74.98,74.98,73.5,74.08,2825771
2024-06-13,74.19,74.52,73.48,74.31,2678145
2024-06-14,74.12,74.58,73.66,74.28,2444513
2024-06-17,73.73,74.23,73.13,73.36,3747668
2024-06-18,73.3,73.68,72.95,73.61,3356398
2024-06-20,73.79,74.67,73.34,74.48,3996518
2024-06-21,74.59,75.01,73.94,74.1,8477907
2024-06-24,74.1,75.15,74.01,74.93,2574437
2024-06-25,74.83,74.89,73.48,73.68,3008047
2024-06-26,73.44,74.09,73.14,73.86,2855991
2024-06-27,73.85,73.97,73.2,73.7,3040974
2024-06-28,73.68,73.85,72.89,73.25,6226973
2024-07-01,73.69,74.11,72.68,72.72,2936470
2024-07-02,72.98,73.51,72.72,73.24,2766642
2024-07-03,73.29,74.02,73.25,73.4,1432802
2024-07-05,73.5,74.26,73.16,73.7,2343844
2024-07-08,73.68,73.87,73.3,73.47,2359650
2024-07-09,73.39,74.33,73.39,73.78,2623661
2024-07-10,74.07,74.17,73.46,74.08,2443247
2024-07-11,74.32,75.62,74.24,75.42,3542558
2024-07-12,75.55,75.88,75.2,75.54,3682396
2024-07-15,75.1,75.79,74.89,75.6,4114063
2024-07-16,76.02,76.67,75.8,76.61,3211356
2024-07-17,76.85,78.23,76.66,77.09,4313719
2024-07-18,76.55,77.68,76.55,76.79,2922148
2024-07-19,77.28,77.28,76.53,76.87,2730034
2024-07-22,76.95,77.6,76.81,77.3,3619881
2024-07-23,77.19,77.27,76.77,76.83,2188321
2024-07-24,77.49,78.09,76.98,78.07,4190693
2024-07-25,78.36,78.82,76.8,77.12,4028823
2024-07-26,77.39,77.92,77.27,77.6,4010104
2024-07-29,77.83,78.67,77.63,78.43,3571739
2024-07-30,78.04,78.85,77.95,78.74,4032539
2024-07-31,78.33,79.04,77.71,78.87,7362408
2024-08-01,79.25,82.8,78.69,82.7,8598541
2024-08-02,83.46,84.28,81.61,83.65,7196642
2024-08-05,84.04,84.69,81.59,81.75,6380405
2024-08-06,81.97,82.97,81.63,81.64,4332822
2024-08-07,81.98,82.95,81.69,82.43,5028689
2024-08-08,81.65,82.57,81.45,81.65,4337301
2024-08-09,81.74,82.06,80.86,81.97,3974010
2024-08-12,82.16,82.44,81.66,82.35,3641321
2024-08-13,82.54,82.81,81.98,82.35,3408961
2024-08-14,81.95,82.9,81.76,82.34,2284165
2024-08-15,81.69,82.34,81.47,82.17,2810574
2024-08-16,82.53,82.96,81.92,82.5,3754471
2024-08-19,82.68,82.87,82.38,82.78,2670644
2024-08-20,82.87,83.33,82.42,82.65,3576571
2024-08-21,82.61,83.51,82.52,83.38,4543061
2024-08-22,83.33,83.33,81.92,82.28,5935268
2024-08-23,82.53,82.73,81.93,82.0,3987472
2024-08-26,82.15,82.67,82.07,82.35,3966000
2024-08-27,82.19,82.5,81.55,81.64,3130017
2024-08-28,81.92,82.55,81.42,81.65,4115858
2024-08-29,81.5,81.76,80.82,81.7,5020064
2024-08-30,81.8,82.38,81.53,82.27,4137355
2024-09-03,82.3,84.97,82.23,84.66,6486782
2024-09-04,85.15,85.93,84.18,84.87,4189826
2024-09-05,85.68,86.02,84.62,85.23,4598198
2024-09-06,85.26,85.55,84.0,84.18,4614282
2024-09-09,84.21,85.14,84.17,85.05,3854342
2024-09-10,85.22,85.89,85.07,85.35,4104508
2024-09-11,85.05,85.13,83.92,84.53,3877331
2024-09-12,84.61,84.95,84.09,84.26,3527152
2024-09-13,84.33,85.22,84.0,85.16,2311656
2024-09-16,84.74,85.82,84.74,85.59,3701065
2024-09-17,85.49,85.54,84.85,85.36,3019367
2024-09-18,85.25,85.46,84.24,84.75,3676006
2024-09-19,84.41,84.75,83.79,84.61,7627658
2024-09-20,85.81,85.83,84.24,85.41,9736583
2024-09-23,85.55,86.26,85.25,86.19,3825258
2024-09-24,85.69,86.51,85.21,85.44,6222469
2024-09-25,85.84,86.22,84.67,85.08,3457300
2024-09-26,84.64,85.33,84.41,84.7,3742420
2024-09-27,84.92,85.82,84.66,85.79,4531725
2024-09-30,85.74,86.3,85.27,85.87,6838691
2024-10-01,86.13,87.38,85.7,86.53,4030104
2024-10-02,85.93,87.43,85.81,87.21,4869199
2024-10-03,87.43,87.48,85.88,86.36,6120737
2024-10-04,85.6,86.15,85.08,85.99,3432324
2024-10-07,85.75,85.92,84.43,84.64,4871535
2024-10-08,84.94,85.43,84.55,85.02,2865551
2024-10-09,85.16,85.7,84.56,84.68,4127973
2024-10-10,84.72,85.51,83.99,84.04,3288048
2024-10-11,84.37,84.82,84.1,84.71,3081166
2024-10-14,84.51,85.65,84.51,85.54,2764765
2024-10-15,86.17,87.03,86.04,86.37,3716636
2024-10-16,86.63,88.04,86.27,87.88,3425709
2024-10-17,87.9,88.41,87.62,88.27,3908792
2024-10-18,88.27,88.89,87.62,88.78,3663359
2024-10-21,88.95,89.25,88.18,88.3,3188192
2024-10-22,87.93,88.73,87.7,88.63,3021108
2024-10-23,88.47,89.68,88.39,89.65,4739181
2024-10-24,89.39,89.93,88.87,89.13,2722273
2024-10-25,89.64,89.69,87.42,87.49,2498779
2024-10-28,87.81,88.26,87.37,87.4,2773060
2024-10-29,86.65,86.68,85.34,85.53,5860788
2024-10-30,86.01,86.01,84.78,85.09,7005780
2024-10-31,86.35,87.96,85.81,86.68,10247104
2024-11-01,86.65,86.65,84.08,84.31,6817447
2024-11-04,84.31,84.94,83.32,83.91,4745058
2024-11-05,83.96,84.53,83.58,84.46,4438001
2024-11-06,83.98,84.5,82.94,83.24,4708270
2024-11-07,83.33,83.53,82.24,82.77,4574539
2024-11-08,83.26,84.54,82.98,84.4,3805942
2024-11-11,83.92,84.87,83.92,84.11,2899603
2024-11-12,84.17,84.39,83.41,83.52,4171565
2024-11-13,84.01,84.01,82.63,83.33,3329966
2024-11-14,83.31,83.32,82.47,82.63,3316278
2024-11-15,82.53,83.79,82.53,83.72,4464526
2024-11-18,83.53,84.65,83.37,84.52,4991518
2024-11-19,84.3,84.86,83.66,84.76,3546445
2024-11-20,84.58,84.88,84.29,84.46,4239934
2024-11-21,84.34,84.88,83.88,84.62,5635644
2024-11-22,85.01,85.09,84.08,84.1,3440105
2024-11-25,84.44,84.91,83.92,84.89,5833995
2024-11-26,84.99,85.79,84.62,85.76,3509229
2024-11-27,86.1,86.64,85.77,86.16,3504794
2024-11-29,86.32,86.49,85.37,85.57,2363970
2024-12-02,85.82,85.82,84.14,84.26,4029993
2024-12-03,84.74,84.97,82.8,82.81,5724669
2024-12-04,82.73,83.02,82.08,82.42,3795781
2024-12-05,82.47,83.19,82.46,82.75,3007870
2024-12-06,82.68,82.99,81.13,81.42,4798391
2024-12-09,81.51,81.8,80.5,80.94,3866648
2024-12-10,80.75,81.3,79.92,81.02,3250123
2024-12-11,80.8,80.99,79.69,79.92,5066923
2024-12-12,80.23,80.81,79.86,80.04,3053893
2024-12-13,79.94,80.06,79.41,79.88,2549292
2024-12-16,79.84,80.01,78.55,78.61,4716408
2024-12-17,78.29,80.03,78.13,79.95,5500888
2024-12-18,79.58,79.88,78.2,78.24,4016060
2024-12-19,78.24,79.48,78.13,78.51,4044766
2024-12-20,78.48,79.78,78.15,79.55,7725066
2024-12-23,79.54,79.78,78.69,79.72,2556416
2024-12-24,79.74,79.85,79.41,79.84,1146333
2024-12-26,79.41,79.86,79.2,79.53,2177496
2024-12-27,79.03,79.99,78.97,79.82,2603395
2024-12-30,79.48,79.65,78.75,79.09,3813156
2024-12-31,79.15,79.48,78.39,79.03,2987186
2025-01-02,79.56,79.67,78.54,78.79,2654085
2025-01-03,78.98,79.69,78.82,79.03,4648524
2025-01-06,78.75,79.09,77.25,77.73,5375573
2025-01-07,77.87,78.82,77.74,77.85,4533262
2025-01-08,78.26,79.73,78.06,79.7,7807790
2025-01-10,79.01,79.62,77.96,78.07,5002352
2025-01-13,78.47,78.69,77.28,78.6,3555634
2025-01-14,78.72,78.95,78.16,78.77,3693263
2025-01-15,79.59,79.89,78.72,79.05,4113344
2025-01-16,78.82,80.58,78.69,80.54,4452823
2025-01-17,80.34,81.11,80.02,80.55,5407043
2025-01-21,80.82,82.06,80.74,81.34,5647491
2025-01-22,80.91,81.18,79.17,79.22,5195023
2025-01-23,79.22,79.59,78.85,78.97,5846836
2025-01-24,78.81,80.56,78.77,80.14,6574418
2025-01-27,80.56,83.19,79.56,83.05,7700241
2025-01-28,82.7,82.83,80.19,80.2,6138638
2025-01-29,80.53,81.08,79.39,79.52,5771956
2025-01-30,80.45,81.7,80.17,81.54,6408248
2025-01-31,81.13,81.36,80.1,80.6,4685778
2025-02-03,80.18,81.01,79.69,80.62,6165319
2025-02-04,80.36,80.54,79.47,79.88,4716258
2025-02-05,80.53,80.83,79.91,80.52,4161503
2025-02-06,80.86,80.86,79.59,80.44,3339000
2025-02-07,80.25,81.28,79.84,81.2,5078150
2025-02-10,81.32,82.11,80.82,82.09,4141939
2025-02-11,81.83,83.07,80.92,83.0,4377032
2025-02-12,82.05,83.4,81.61,83.34,4723093
2025-02-13,83.32,83.55,82.59,83.31,4396341
2025-02-14,83.54,83.99,82.06,82.16,4391036
2025-02-18,82.2,83.17,81.98,83.16,4207609
2025-02-19,83.26,83.86,82.66,83.73,5049856
2025-02-20,81.81,86.17,81.81,85.03,9109236
2025-02-21,84.77,86.15,84.33,85.59,5348097
2025-02-24,86.05,86.78,85.27,86.06,5476455
2025-02-25,86.38,87.17,86.1,86.99,4871104
2025-02-26,86.54,86.61,85.42,85.93,5241867
2025-02-27,85.44,86.24,85.15,85.48,5155779
2025-02-28,86.49,86.94,85.52,86.93,6142245
2025-03-03,86.76,87.96,86.5,87.96,5725392
2025-03-04,88.49,89.39,86.91,87.03,8846260
2025-03-05,86.37,87.32,85.57,85.83,4595831
2025-03-06,85.44,86.32,84.32,85.9,5368369
2025-03-07,85.73,88.85,85.7,88.49,6727972
2025-03-10,88.54,90.51,88.3,90.0,7370447
2025-03-11,89.56,89.73,87.1,87.23,6760706
2025-03-12,86.58,86.76,85.49,85.86,4536466
2025-03-13,86.28,87.14,85.86,86.78,3587188
2025-03-14,86.52,87.66,85.96,87.5,2990794
2025-03-17,87.48,88.5,87.01,87.66,3649836
2025-03-18,87.26,87.59,86.81,87.36,3505465
2025-03-19,87.14,87.61,86.43,86.75,3366160
2025-03-20,87.06,87.19,86.3,87.11,4652757
2025-03-21,86.98,87.79,85.93,86.52,8327608
2025-03-24,86.32,87.27,85.95,86.05,3641106
2025-03-25,86.09,86.09,84.62,84.94,3912956
2025-03-26,85.2,86.36,85.06,86.23,3953373
2025-03-27,86.62,87.41,86.17,87.17,3830638
2025-03-28,87.99,88.53,87.4,88.23,4483748
2025-03-31,88.64,89.74,88.19,89.03,6340397
2025-04-01,88.69,89.24,88.25,88.9,4178927
2025-04-02,89.07,89.12,87.82,88.4,4704456
2025-04-03,89.78,90.33,89.07,89.61,6392769
2025-04-04,90.25,90.67,85.67,86.11,8268770
2025-04-07,84.96,86.58,83.61,84.44,8150899
2025-04-08,85.87,85.87,83.42,84.1,6247973
2025-04-09,83.56,86.56,82.3,85.01,7694523
2025-04-10,85.18,86.85,84.23,86.06,7047385
2025-04-11,85.65,87.31,84.89,87.0,4022012
2025-04-14,86.91,88.77,86.32,88.26,3331258
2025-04-15,88.65,88.78,88.04,88.12,2381165
2025-04-16,88.98,88.98,87.39,87.59,2731338
2025-04-17,88.0,90.08,87.92,88.89,3462093
2025-04-21,88.7,88.79,86.73,87.36,3015036
2025-04-22,87.56,89.29,87.38,88.94,3849510
2025-04-23,88.57,88.67,87.3,88.23,5214556
2025-04-24,88.14,88.53,87.4,88.15,3018523
2025-04-25,88.15,88.43,87.28,87.55,3442766
2025-04-28,87.48,88.15,86.96,87.86,2332240
2025-04-29,87.72,88.69,87.47,88.54,3235022
2025-04-30,88.93,89.3,87.52,88.97,5934891
2025-05-01,89.5,89.5,87.86,88.55,5319940
2025-05-02,88.43,88.93,87.5,88.15,4060848
2025-05-05,88.4,88.64,87.26,88.15,3572941
2025-05-06,88.17,88.92,88.01,88.32,2995069
2025-05-07,88.05,89.61,88.05,89.18,5011334
2025-05-08,88.73,89.12,87.3,87.44,3711538
2025-05-09,87.45,87.95,87.18,87.48,2982536
2025-05-12,86.51,86.87,84.68,84.99,6666135
2025-05-13,85.0,85.45,82.79,82.85,7041442
2025-05-14,82.49,82.86,80.45,82.21,8015219
2025-05-15,82.89,84.62,82.89,84.6,5255889
2025-05-16,84.51,85.92,84.36,85.89,4181773
2025-05-19,86.46,87.42,85.99,87.36,5997846
2025-05-20,87.22,88.84,87.08,88.68,9612421
2025-05-21,88.55,88.66,87.17,87.53,9104794
2025-05-22,87.37,87.37,86.29,86.73,5055463
2025-05-23,87.42,87.62,86.03,87.52,3129559
2025-05-27,87.88,88.13,87.45,87.79,4316740
2025-05-28,87.5,87.79,85.52,86.13,5218043
2025-05-29,85.81,86.69,85.34,86.65,3670466
2025-05-30,86.56,87.93,86.25,87.87,10682398
2025-06-02,87.18,87.89,86.73,87.81,4338590
2025-06-03,87.81,87.95,86.61,87.47,5353818
2025-06-04,87.48,87.5,86.18,86.2,5816103
2025-06-05,87.18,87.19,85.99,86.28,6725123
2025-06-06,86.44,86.58,85.65,86.17,3995874
2025-06-09,85.64,87.06,85.42,86.4,3907862
2025-06-10,86.57,87.41,86.47,87.18,3969128
2025-06-11,87.09,87.52,86.81,87.43,5151491
2025-06-12,87.72,88.89,87.3,88.22,7122654
2025-06-13,88.61,88.91,87.8,88.21,5059069
2025-06-16,88.41,88.77,86.69,86.83,5374118
2025-06-17,86.84,87.07,85.77,86.32,4413424
2025-06-18,86.44,86.85,86.06,86.53,5189710
2025-06-20,86.5,87.83,86.37,87.18,10746158
2025-06-23,87.57,88.59,87.32,88.52,5907982
2025-06-24,88.33,89.13,88.3,88.73,4558342
2025-06-25,88.41,88.54,87.68,88.26,5548318
2025-06-26,88.29,88.84,87.35,88.21,6003366
2025-06-27,88.1,89.14,88.05,88.75,5228166
2025-06-30,88.44,89.76,88.29,89.65,4924635
2025-07-01,89.82,90.33,89.11,90.11,7399409
2025-07-02,89.61,90.01,88.34,88.99,6437161
2025-07-03,88.84,89.79,88.49,89.34,3467244
2025-07-07,89.27,89.56,88.99,89.49,3433142
2025-07-08,88.75,89.4,88.24,89.1,4600140
2025-07-09,89.23,89.8,88.61,89.78,3236155
2025-07-10,89.28,91.46,89.28,91.05,6686932
2025-07-11,90.65,90.81,90.04,90.46,5014980
2025-07-14,90.42,91.08,89.94,90.48,7698820
2025-07-15,90.36,90.8,89.69,90.28,5215563
2025-07-16,90.19,91.22,90.07,91.09,4498141
2025-07-17,90.8,91.59,90.58,91.12,4489184
2025-07-18,91.31,92.39,91.16,91.87,4197913
2025-07-21,92.03,93.03,91.92,92.54,4206886
2025-07-22,92.86,94.15,92.55,93.58,3889463
2025-07-23,93.48,93.67,92.33,92.88,4353415
2025-07-24,92.91,93.42,92.68,92.75,3904958
2025-07-25,92.66,93.28,92.66,93.09,3069903
2025-07-28,92.94,93.06,91.73,92.06,5481417
2025-07-29,92.31,92.98,92.11,92.94,5217535
2025-07-30,93.04,93.35,92.4,92.65,6808047
2025-07-31,92.63,93.63,90.71,92.24,12682471
2025-08-01,92.98,93.25,91.92,92.74,7496813
2025-08-04,92.86,93.92,92.77,93.72,5838373
2025-08-05,93.49,94.13,91.73,92.15,6033742
2025-08-06,92.47,93.28,91.94,92.44,3656368
2025-08-07,92.16,93.3,92.07,93.09,4162527
2025-08-08,93.3,93.52,92.23,92.44,4148254
2025-08-11,92.77,93.08,92.0,92.33,4313213
2025-08-12,92.41,92.44,91.07,91.73,7908624
2025-08-13,91.66,92.61,91.19,92.54,5478283
2025-08-14,92.45,92.45,91.53,91.96,5252565
2025-08-15,92.09,92.51,91.41,91.84,5698546
2025-08-18,92.09,92.15,91.29,91.37,5070536
2025-08-19,91.4,92.72,91.36,92.68,4691215
2025-08-20,92.99,94.12,92.83,93.42,5556630
2025-08-21,93.45,93.66,92.86,93.11,3294411
2025-08-22,93.55,93.98,92.58,92.97,3304940
2025-08-25,92.73,92.98,91.51,91.65,2559639
2025-08-26,91.67,92.01,91.02,91.61,3699643
2025-08-27,91.7,91.97,91.33,91.79,3090158
2025-08-28,91.56,91.56,90.6,90.77,2797437
2025-08-29,91.0,91.33,90.75,90.83,3227616
2025-09-02,90.77,91.34,90.17,90.62,3467461
2025-09-03,90.18,90.5,89.72,90.2,3481101
2025-09-04,90.77,90.97,89.97,90.41,3468707
2025-09-05,90.51,90.91,90.09,90.32,3166440
2025-09-08,89.97,90.39,89.15,89.38,3712021
2025-09-09,89.23,90.04,89.09,89.76,2889784
2025-09-10,89.65,90.21,89.27,90.1,4309826
2025-09-11,90.09,90.67,89.77,90.66,3701904
2025-09-12,90.42,90.97,90.26,90.8,4076346
2025-09-15,90.54,90.93,90.1,90.81,3922371
2025-09-16,90.63,90.85,89.89,89.9,6625697
2025-09-17,90.13,90.59,89.94,90.17,5065224
2025-09-18,89.32,90.42,89.26,89.99,6074244
2025-09-19,89.59,90.83,88.91,90.34,9381466
2025-09-22,90.42,91.11,90.17,90.86,5569684
2025-09-23,90.83,92.23,90.64,92.23,4413517
2025-09-24,92.12,92.94,91.67,92.91,4826482
2025-09-25,93.08,93.55,92.09,92.2,6968487
2025-09-26,92.58,93.16,92.33,93.02,5203418
2025-09-29,92.99,93.02,91.96,92.41,8002685
2025-09-30,92.33,93.52,92.15,93.26,7481606
2025-10-01,93.41,93.86,93.1,93.29,4625938
2025-10-02,92.68,93.02,92.04,92.39,4436213
2025-10-03,92.01,93.34,92.01,93.03,6022128
2025-10-06,92.92,94.01,92.9,93.97,4870172
2025-10-07,93.97,95.23,93.78,94.88,5607665
2025-10-08,95.25,95.25,93.98,94.65,3700746
2025-10-09,95.12,95.12,94.48,94.6,4113973
2025-10-10,95.12,96.79,94.91,96.72,5296781
2025-10-13,96.06,96.85,95.64,96.52,4262222
2025-10-14,97.13,98.22,96.89,98.09,5343034
2025-10-15,98.01,98.64,97.59,98.13,7287383
2025-10-16,98.53,99.23,96.81,96.86,4927361
2025-10-17,97.54,97.57,96.06,96.24,4916360
2025-10-20,96.83,96.84,95.79,96.13,5045062
2025-10-21,96.64,96.72,94.99,95.45,4582928
2025-10-22,95.44,96.55,94.9,95.93,3438254
2025-10-23,96.31,96.44,94.59,94.62,3194666
2025-10-24,94.73,95.07,94.31,94.35,4353320
2025-10-27,94.17,94.17,93.27,93.88,4019740
2025-10-28,93.58,93.72,91.83,92.41,6012811
2025-10-29,92.08,92.89,91.37,92.02,6431287
2025-10-30,91.58,94.0,91.58,93.56,7421398
2025-10-31,92.97,93.17,92.11,92.54,5432527
2025-11-03,92.08,93.58,90.71,91.67,14019362
2025-11-04,91.67,92.02,90.94,91.25,12289383
2025-11-05,89.86,90.76,89.06,89.95,12553167
2025-11-06,89.55,90.58,89.41,89.45,4916221
2025-11-07,89.71,90.44,89.41,89.98,4769726
2025-11-10,89.72,89.89,88.53,89.31,6177971
2025-11-11,89.46,89.99,89.11,89.69,3885434
2025-11-12,89.72,90.55,89.43,90.43,5588373
2025-11-13,90.53,90.91,89.63,89.72,5696456
2025-11-14,89.84,90.16,88.86,89.25,4613565
2025-11-17,89.78,90.26,89.44,89.87,5709292
2025-11-18,90.33,90.7,89.82,89.98,4992792
2025-11-19,90.07,90.1,88.21,88.36,5014558
2025-11-20,88.53,88.8,87.74,87.88,7947395
2025-11-21,88.0,89.36,87.81,88.57,6435046
2025-11-24,88.89,89.02,87.51,88.44,6045161
2025-11-25,88.31,88.83,87.93,88.59,5363580
2025-11-26,89.04,89.69,88.84,89.54,3490432
2025-11-28,89.69,90.41,89.56,90.41,2548715
2025-12-01,89.91,90.04,88.3,88.32,5749279
2025-12-02,88.59,88.6,87.63,88.35,5825555
2025-12-03,88.53,89.64,86.39,87.29,10934436
2025-12-04,87.06,87.93,86.28,86.65,7652171
2025-12-05,86.76,87.4,85.48,85.61,7255576
2025-12-08,85.55,85.73,84.8,84.89,6726068
2025-12-09,85.33,85.69,84.77,84.82,6830136
2025-12-10,84.52,84.71,83.15,83.42,8528438
2025-12-11,84.23,84.8,83.6,84.07,6262767
2025-12-12,83.83,84.49,83.6,83.78,4796317
2025-12-15,84.16,85.49,83.85,85.33,6826937
2025-12-16,84.73,85.31,84.34,85.04,6579919
2025-12-17,84.95,86.9,84.93,86.35,8995355
2025-12-18,86.48,86.78,86.03,86.54,5553396
2025-12-19,86.07,86.24,84.56,84.61,11300727
2025-12-22,84.61,85.14,84.18,85.05,5245916
2025-12-23,85.04,86.11,84.93,85.72,4319354
2025-12-24,85.86,86.52,85.71,86.49,1617499
2025-12-26,86.24,86.95,86.1,86.49,2308519
2025-12-29,86.62,87.48,86.57,86.86,3490977
2025-12-30,86.92,87.14,86.49,86.89,2975186
2025-12-31,86.76,86.95,86.49,86.52,3234325
2026-01-02,86.49,86.98,85.92,86.5,4273661
2026-01-05,86.06,86.29,84.56,86.19,4947855
2026-01-06,86.32,87.05,85.91,86.84,5034243
2026-01-07,87.07,87.21,85.3,85.6,3135095
2026-01-08,85.56,87.17,85.47,86.54,4076572
2026-01-09,86.54,87.14,86.29,86.33,3152366
2026-01-12,86.43,86.57,85.44,86.06,5749036
2026-01-13,86.07,86.88,85.34,86.87,5363118
2026-01-14,86.97,87.99,86.9,87.73,5134582
2026-01-15,87.71,88.42,87.25,88.09,3832648
2026-01-16,87.83,88.7,87.49,88.21,5201846
2026-01-20,87.91,88.48,86.86,88.13,6844708
2026-01-21,88.63,88.85,87.43,88.45,8556069
2026-01-22,88.44,88.75,86.71,86.83,8025851
2026-01-23,87.08,87.81,86.21,86.86,5483885
2026-01-26,87.31,88.35,87.29,87.47,7611970
2026-01-27,87.44,88.39,87.09,88.15,4470518
2026-01-28,88.0,88.54,87.46,87.64,4251318
2026-01-29,88.1,88.76,87.73,88.44,5943816
2026-01-30,88.25,88.8,87.45,88.61,5344821
2026-02-02,88.7,89.27,87.16,87.5,5260708
2026-02-03,87.5,89.53,87.28,89.43,6229930
2026-02-04,89.85,90.57,89.33,89.59,7338356
2026-02-05,90.13,90.92,89.69,90.37,5913404
2026-02-06,90.79,90.98,88.57,89.38,5453763
2026-02-09,88.96,89.3,88.15,88.68,4423174
2026-02-10,89.03,90.67,88.76,90.01,5783822
2026-02-11,90.0,90.31,89.45,90.15,7290623
2026-02-12,90.48,92.53,90.29,91.84,13100355
2026-02-13,91.72,94.24,91.65,94.21,9114325
2026-02-17,94.85,95.12,91.98,92.0,9286751
2026-02-18,92.22,92.41,90.82,91.04,9786915
2026-02-19,95.5,95.66,93.75,95.05,16064494
2026-02-20,96.51,96.7,93.71,94.3,10713346
2026-02-23,94.62,96.02,94.5,95.18,6950713
2026-02-24,95.15,95.98,94.14,95.81,5087123
2026-02-25,95.65,96.0,94.1,95.92,5352942
2026-02-26,96.29,96.7,95.68,96.35,5711774
2026-02-27,96.46,97.97,96.33,97.38,8010121
2026-03-02,97.25,97.82,97.03,97.23,5156039
2026-03-03,96.66,97.78,95.29,96.79,4631516
2026-03-04,97.41,98.08,96.57,97.63,5947199
2026-03-05,97.71,97.71,95.9,97.2,6217389
2026-03-06,97.35,97.93,96.04,97.48,5963929
2026-03-09,97.5,97.7,96.71,97.25,5192009
2026-03-10,96.79,97.14,95.9,96.27,4194036
2026-03-11,96.0,96.28,95.54,96.26,5344315
2026-03-12,96.19,98.77,96.11,97.84,8656773
2026-03-13,98.73,99.13,97.97,98.01,6966870
2026-03-16,98.5,99.31,97.87,99.11,4471773
2026-03-17,99.5,99.58,98.21,98.27,3704209
2026-03-18,97.73,97.9,96.53,96.54,4184808
2026-03-19,96.55,96.98,95.46,96.23,5384713
2026-03-20,96.16,96.45,93.16,93.39,9915397
2026-03-23,94.0,94.71,93.58,93.75,5142945
2026-03-24,93.46,95.08,93.3,93.98,4016225
2026-03-25,94.54,95.1,93.85,94.61,3539946
2026-03-26,94.59,95.53,94.35,95.42,3723408
2026-03-27,95.58,96.56,95.01,95.55,6097725
2026-03-30,96.67,97.59,96.14,96.93,5907909
2026-03-31,96.93,97.09,95.25,96.52,6716053
2026-04-01,96.09,97.14,95.94,96.94,4918343
2026-04-02,97.5,97.84,97.0,97.45,4566641
2026-04-06,97.13,97.94,96.83,96.94,3469519
2026-04-07,96.93,97.96,96.64,96.82,3796536
2026-04-08,96.13,97.19,95.2,97.17,5793462
2026-04-09,96.78,98.49,96.76,97.59,4250179
2026-04-10,97.33,98.2,96.84,97.15,3475175
2026-04-13,97.25,97.38,95.53,95.93,4731935
2026-04-14,95.98,96.11,94.72,95.96,5339552
2026-04-15,95.43,95.59,94.56,94.64,3588794
2026-04-16,94.49,95.27,93.9,94.9,3108744
2026-04-17,94.46,94.72,93.31,94.51,4894144
