Date,Open,High,Low,Close,Volume
2016-04-25,21.85324824901323,21.96865973425273,21.642794829463238,21.64958381652832,4416800
2016-04-26,21.697106529447183,21.921139229334987,21.67674086208789,21.887195587158203,3195000
2016-04-27,21.948293806631398,22.05012472679468,21.737839094719973,21.941503524780273,2716700
2016-04-28,22.10443238813991,22.10443238813991,21.65636839708216,21.737834930419922,4322400
2016-04-29,21.683529120357356,21.85324862040118,21.622429530600144,21.805727005004883,3953000
2016-05-02,21.90076872152419,22.022967892589467,21.731047938348375,21.91434669494629,4380000
2016-05-03,21.561328781708742,21.608850394550288,21.27619780979265,21.432340621948242,6345800
2016-05-04,21.31692593713112,21.500224657865598,21.255826363552963,21.34408187866211,5208900
2016-05-05,21.378034733734527,21.65637678017814,21.303357157173078,21.41197967529297,5295100
2016-05-06,21.282983888600388,21.615636427905933,20.73308898034972,21.45949363708496,5390500
2016-05-09,21.221887974445853,21.337298164731905,20.821346801974656,21.01143455505371,13724400
2016-05-10,21.14041755695257,21.194728148629476,20.90280952765775,21.106473922729492,4568200
2016-05-11,21.05216936041233,21.255833813813748,20.92997017042467,21.038591384887695,4331600
2016-05-12,21.13363424560726,21.303355052026703,21.058957971292262,21.201522827148438,3476600
2016-05-13,21.14042292802932,21.378032312559405,20.91639151858483,20.950336456298828,4332500
2016-05-16,20.868870139301638,21.160790132645445,20.868870139301638,21.025012969970703,4127800
2016-05-17,20.997860346632088,21.106481569337983,20.71951830158984,20.834928512573242,4398800
2016-05-18,20.800982610364436,21.031803021669383,20.515851590215213,20.678783416748047,4760500
2016-05-19,20.536215538957517,20.62446977979674,20.359705762412208,20.576948165893555,5258200
2016-05-20,20.604103068074036,20.79418951403962,20.54979246996004,20.65162467956543,9257100
2016-05-23,20.739884776074287,21.086115422455098,20.65163051477745,20.957128524780273,3477200
2016-05-24,20.98427882762141,21.228677184885186,20.943546199699746,21.13363265991211,4196600
2016-05-25,21.181155064853513,21.479862722313438,21.181155064853513,21.350875854492188,3404100
2016-05-26,21.3576680210419,21.418767621701583,21.174370513929986,21.215103149414062,3306300
2016-05-27,21.215099700168185,21.486652717356954,21.181156058594684,21.37124252319336,2887500
2016-05-31,21.425557389773964,21.53417861826234,21.30335818400774,21.384824752807617,6074300
2016-06-01,21.282991705744877,21.391612930113514,21.13363655108766,21.262624740600586,3096300
2016-06-02,21.228684167761937,21.296572766540308,21.133639611525293,21.26941680908203,3071100
2016-06-03,21.28299106429068,21.466289860463426,21.07253761027776,21.126848220825195,3489400
2016-06-06,21.14042091369629,21.303352714597846,21.08611031339577,21.14042091369629,3913200
2016-06-07,21.194733572461946,21.26262215314775,21.106479323977283,21.174367904663086,3539900
2016-06-08,21.208654436741927,21.35265049140305,21.11951290092364,21.167512893676758,2957200
2016-06-09,21.10579943101592,21.10579943101592,20.577811293887596,20.824663162231445,5041400
2016-06-10,20.694377228295238,21.023512135386145,20.598379874026854,20.975513458251953,5058300
2016-06-13,20.96865907192534,21.057799297188655,20.36524499632913,20.372100830078125,5515500
2016-06-14,20.358381964633516,20.36523910426464,19.59725646783228,19.713825225830078,9539500
2016-06-15,19.72068789766361,19.89211251293412,19.60411910696502,19.679546356201172,4852500
2016-06-16,19.569833667690315,19.713829709094128,19.254411712254512,19.69325828552246,4949200
2016-06-17,19.672687530517578,19.789256311237008,19.542404467862706,19.672687530517578,7402400
2016-06-20,19.967534016171854,20.05667421499986,19.796109450231683,19.898963928222656,5637200
2016-06-21,19.994968419112897,20.056681389556203,19.56983607591023,19.59726333618164,5776300
2016-06-22,19.658967767540947,19.809820903174288,19.405258853934527,19.624683380126953,7174300
2016-06-23,19.830398164814863,20.241817474365234,19.713829382240025,20.241817474365234,6694500
2016-06-24,19.727546640862595,19.8441154410252,19.007562413552602,19.014419555664062,13021600
2016-06-27,18.842994994333818,18.870423562878447,18.20529516219874,18.356149673461914,9586400
2016-06-28,18.582427491397553,19.117271423339844,18.49328596416321,19.117271423339844,8608000
2016-06-29,19.54926625381168,20.166394701013637,19.54926625381168,20.04296875,7549100
2016-06-30,20.104675648474917,20.59152216277356,20.063534113194947,20.413240432739258,12056700
2016-07-01,20.330957304037042,20.701235067914855,20.330957304037042,20.653236389160156,4555300
2016-07-05,20.495525671892242,20.612094457407604,20.255532267477644,20.365243911743164,12197600
2016-07-06,20.241817087473446,20.67380650413165,20.241817087473446,20.653236389160156,4701500
2016-07-07,20.63266582753594,20.86580339796077,20.564095723081703,20.666950225830078,4601500
2016-07-08,20.852090856310618,21.181225815729274,20.80409217154532,21.030372619628906,5302700
2016-07-11,21.071508762167262,21.517212402300455,21.02351008970356,21.421215057373047,7476100
2016-07-12,21.599501885580285,22.01091992282231,21.544646060090276,21.839496612548828,5935000
2016-07-13,21.90120189325065,22.004056366463296,21.729777335274377,21.921772003173828,3668900
2016-07-14,22.038343030193033,22.120626094111977,21.9149171264489,21.96977424621582,3646100
2016-07-15,21.99720433798866,22.113771802013986,21.92863293350468,21.96291732788086,3843700
2016-07-18,21.928633387990544,22.148056655423726,21.91491910680951,22.106916427612305,2910300
2016-07-19,21.969771756671808,22.09319764642972,21.87377311582367,21.92862892150879,2839300
2016-07-20,21.97663144394666,22.18234042439247,21.873776953723752,22.148056030273438,3106000
2016-07-21,22.14806257589034,22.271488523781333,22.07949376738751,22.141206741333008,2478600
2016-07-22,22.1617725392408,22.285198463064013,22.058916730810836,22.237199783325195,2396700
2016-07-25,22.18234132388463,22.35376591716266,22.148056928375365,22.27834129333496,3615800
2016-07-26,22.285201304392327,22.573193419543784,22.23034416870698,22.56633758544922,3779400
2016-07-27,22.614335191176636,22.676048158008946,22.264630122948265,22.340057373046875,3782700
2016-07-28,22.250917317372338,22.346914690879576,22.02463555204907,22.196060180664062,5266300
2016-07-29,22.106924924133505,22.470344360045758,22.106924924133505,22.436059951782227,4072500
2016-08-01,22.436051056387953,22.470335451058485,22.340053705017805,22.456621170043945,2813700
2016-08-02,22.449764478579812,22.51147743291858,22.189198380734844,22.24405288696289,3335000
2016-08-03,22.182345896486993,22.326344572480096,21.860068065522615,22.196060180664062,3177400
2016-08-04,22.168626837131715,22.44290458203351,22.058912600293347,22.388050079345703,3288300
2016-08-05,22.285196904155153,22.74461355401268,22.031489241035796,22.54576301574707,4317400
2016-08-08,22.44977051434147,22.63490681140128,22.189204346441652,22.196060180664062,3272500
2016-08-09,22.16863250732422,22.298914273295598,22.113775374873924,22.16863250732422,2221200
2016-08-10,22.168637905300933,22.449774238234173,22.168637905300933,22.436059951782227,2565200
2016-08-11,22.53890331110363,22.566331872001815,22.216626875610356,22.264625549316406,2903200
2016-08-12,22.038342491869443,22.072626883020597,21.709207628501904,21.84634780883789,3875000
2016-08-15,21.88062880622027,22.052053351118808,21.853201559126557,21.87377166748047,2539000
2016-08-16,21.846350581568135,21.935490794594184,21.599498748779297,21.599498748779297,2968200
2016-08-17,21.62692593123546,21.74349339165097,21.544641556268648,21.722923278808594,3102000
2016-08-18,21.757205907360067,21.770920186719778,21.38692951970758,21.537782669067383,2986400
2016-08-19,21.42807795476929,21.455506522327113,21.17436893632374,21.38007926940918,3688500
2016-08-22,21.338934335783016,21.41436026885181,21.112653920844878,21.407503128051758,2370400
2016-08-23,21.585781676048885,21.791491946059942,21.5172115860452,21.626924514770508,2975300
2016-08-24,21.599493835968502,21.613208114196535,21.277216144803113,21.352642059326172,2292400
2016-08-25,21.311502623899827,21.702350436695443,21.311502623899827,21.626924514770508,3297000
2016-08-26,21.695498497575304,21.921778933323573,21.208653226791387,21.32522201538086,3321200
2016-08-29,21.530931942429664,21.75035524607813,21.42122029060543,21.695499420166016,3401500
2016-08-30,21.709211862066404,21.87377932584286,21.640641758526392,21.832637786865234,2610000
2016-08-31,21.798355070397836,21.88749529636933,21.640643427731277,21.839496612548828,4403300
2016-09-01,21.818919028503476,21.956059207449634,21.57892436928054,21.85320472717285,2783900
2016-09-02,22.01091992282231,22.1069199061954,21.757212220380797,21.839496612548828,2196200
2016-09-06,22.312628310455462,22.312628310455462,21.777783045754916,22.058917999267578,3069300
2016-09-07,22.301244593544787,22.301244593544787,21.865051927374957,22.01045036315918,2226300
2016-09-08,21.899669910823313,22.10045791247976,21.87197578818291,22.01045036315918,5924500
2016-09-09,21.740422319015813,21.740422319015813,20.971892355002616,20.98573875427246,5570300
2016-09-12,20.87496178752622,21.546561743487302,20.80572450167778,21.442705154418945,4205400
2016-09-13,21.234998722765887,21.27654057406956,20.688025511468975,20.77111053466797,3855900
2016-09-14,20.736493075861723,20.847272229233422,20.57724688737219,20.65340805053711,3839000
2016-09-15,20.639557942325723,20.97881922541545,20.535702663109117,20.868040084838867,2465500
2016-09-16,20.72955949483132,20.87495657024166,20.625704252310925,20.70878791809082,5521400
2016-09-19,20.84727000704999,20.985743273708422,20.722643142643324,20.861116409301758,2689700
2016-09-20,21.08267460181644,21.124216446974145,20.743412017822266,20.743412017822266,2081300
2016-09-21,20.79880115929112,21.048053529902415,20.584165449381594,21.006511688232422,2949000
2016-09-22,21.59503215018752,22.259708390252197,21.53964257356477,22.21124267578125,7948300
2016-09-23,21.892752381305836,22.377410863466043,21.885828518913183,22.280479431152344,4392900
2016-09-26,22.128155434981196,22.29432547872033,21.89275073429926,21.906597137451172,2476200
2016-09-27,21.941217995783237,22.093539005940553,21.788895665034207,21.96891212463379,2584200
2016-09-28,22.141995445787952,22.564341628704366,22.10737746907956,22.425867080688477,3979000
2016-09-29,22.391251551424727,22.474335232842677,22.03121874370346,22.058914184570312,3027600
2016-09-30,22.273549011440252,22.41202358555315,22.058915930688944,22.11430549621582,3920200
2016-10-03,22.15585245950213,22.176622726004215,21.92044642147258,22.017377853393555,2998600
2016-10-04,22.003532657571657,22.010456520316477,21.373475674302565,21.484254837036133,3604000
2016-10-05,21.595026346808663,21.72657573056573,21.17268011319038,21.214221954345703,3842300
2016-10-06,21.12422003663742,21.71965897431109,21.061906598016144,21.532718658447266,3766400
2016-10-07,21.608879049825894,21.858132810644513,21.276541582462208,21.463481903076172,3138400
2016-10-10,21.5465652195161,21.795817639953533,21.470404060736875,21.505022048950195,2033900
2016-10-11,21.43577929901051,21.581177717820932,21.131137382572863,21.297306060791016,2549300
2016-10-12,21.345775958110668,21.76812225701101,21.248844540235122,21.698884963989258,2546000
2016-10-13,21.532716213575036,21.768122217062075,21.380393905088408,21.601953506469727,2649600
2016-10-14,21.712731357505575,21.82351049132212,21.532714934905833,21.726577758789062,3746500
2016-10-17,21.78889336859983,22.010452979011596,21.78889336859983,21.885826110839844,2927500
2016-10-18,22.142003955037485,22.197394852003686,21.91352178741859,21.94814109802246,2699200
2016-10-19,22.065842251397996,22.218163243430105,21.94121538492102,22.093536376953125,1789800
2016-10-20,22.03814012967147,22.051987848550198,21.73349691729527,21.80965805053711,2797800
2016-10-21,21.57425771082442,21.795815988017292,21.47732629470041,21.66426658630371,2331800
2016-10-24,21.885829262079913,21.906599529371437,21.380397854987333,21.546567916870117,4230600
2016-10-25,21.5604112671373,21.809665004058704,21.41501413432753,21.56733512878418,3880100
2016-10-26,21.399496376279973,21.42746888019842,21.140743712237835,21.161724090576172,3029600
2016-10-27,21.25963054165459,21.322570344836194,20.97290536443442,21.301589965820312,4558400
2016-10-28,21.315573768601244,21.65824523922885,20.861009627314246,20.972902297973633,5754600
2016-10-31,20.965910404741116,21.070809624583347,20.812058304563575,20.930944442749023,4974100
2016-11-01,20.93794091253977,20.979900339736723,20.35050359631785,20.532329559326172,4857400
2016-11-02,20.525331609002254,20.581277944314685,20.14069938659668,20.14069938659668,4453000
2016-11-03,20.19664376875887,20.378469674406954,19.986845365092627,20.028804779052734,3219400
2016-11-04,20.077762264788767,20.350501852868426,20.00083687716232,20.035802841186523,3630100
2016-11-07,20.378473088693497,20.483373641967773,20.32252674941799,20.483373641967773,3027600
2016-11-08,20.47638040769042,20.609252131262696,20.399453690142085,20.54631233215332,2496200
2016-11-09,20.15468222974281,20.85401194671579,20.070763410670775,20.763099670410156,4856500
2016-11-10,20.993880898395076,20.993880898395076,20.39245684406604,20.399450302124023,6090900
2016-11-11,20.38546600618661,20.588272314337903,20.01482201853425,20.070768356323242,5274600
2016-11-14,20.16867567613408,20.812059277473143,20.105735874513275,20.77709197998047,4502100
2016-11-15,20.958916545482438,21.196688817314477,20.895976748005374,21.189695358276367,3238500
2016-11-16,21.18969725230908,21.336557237504557,21.02185822198999,21.077804565429688,3551600
2016-11-17,21.133752028082792,21.231659134686815,20.916960102506234,21.01486587524414,4259400
2016-11-18,21.014861597249503,21.812098538524772,20.958915262235962,21.770137786865234,6732300
2016-11-21,21.87504076117725,22.154772467306678,21.833080004858342,22.126798629760742,5352800
2016-11-22,22.18973606031706,22.504435029766334,22.06385647253735,22.46946907043457,4951500
2016-11-23,22.329601930116276,22.37156134689385,21.979937011282924,22.245681762695312,3569100
2016-11-25,22.29463512858365,22.567374678304986,22.27365608666605,22.378555297851562,1687500
2016-11-28,22.31561637532478,22.4205169244703,21.76314646345692,21.833078384399414,5652400
2016-11-29,21.83307804050394,21.958957630403106,21.560339818299653,21.791118621826172,3811100
2016-11-30,21.763147193710463,21.791119696252885,21.455441662548175,21.560340881347656,5953700
2016-12-01,21.560336672496135,21.777128526876663,21.3855042306712,21.406484603881836,2959100
2016-12-02,21.525371499131108,21.812096607423967,21.511384583149574,21.714189529418945,2819700
2016-12-05,21.889022590651138,22.196728081534406,21.84006971721043,22.182741165161133,2970600
2016-12-06,22.20372549199264,22.301631256301313,21.979940125649385,22.273658752441406,3399000
2016-12-07,22.329600859912972,23.04291758027327,22.25966761272487,23.0289306640625,5722100
2016-12-08,23.007949887538736,23.126834664762544,22.882070318871587,22.924028396606445,3008700
2016-12-09,22.92403435206292,23.056908746692965,22.74920186879769,22.882076263427734,2763800
2016-12-12,22.903058556295985,23.16180992126465,22.847110873204183,23.16180992126465,4517700
2016-12-13,23.252714834545383,23.27369387395515,22.38554474661317,22.427505493164062,5505900
2016-12-14,22.182745732917578,22.413524565134374,21.840074214405725,21.91000747680664,5224800
2016-12-15,21.742162572057946,21.742162572057946,21.210671788846266,21.406484603881836,5637900
2016-12-16,21.504392163926187,21.6652377038863,21.245639541231657,21.48341178894043,7114500
2016-12-19,21.60229512644905,21.693208739128497,21.133744149795568,21.308576583862305,3365300
2016-12-20,21.35054019521056,21.721184151525314,21.280606945420637,21.462432861328125,5014500
2016-12-21,21.539363528440276,21.679230062389237,21.525377942138277,21.5533504486084,3725900
2016-12-22,21.53237072331259,21.53237072331259,20.993886318613317,21.413484573364258,3572800
2016-12-23,21.385504886784446,21.469425048336007,21.245638395487088,21.378511428833008,2036400
2016-12-27,21.448446224880367,21.448446224880367,21.182701472844915,21.280607223510742,2248500
2016-12-28,21.33656420065164,21.364536714567244,20.84703253539704,20.902978897094727,2953200
2016-12-29,20.972901704619176,21.3155731655521,20.90296845396911,21.224660873413086,2666700
2016-12-30,21.29459247757508,21.29459247757508,20.944927585226495,21.04283332824707,2835800
2017-01-03,21.14074528982915,21.36453067334032,21.05682643794551,21.231658935546875,2650200
2017-01-04,21.3225654462236,21.595303641441404,21.25263219943639,21.42047119140625,3678500
2017-01-05,21.32256608779134,21.672230998382602,21.301585712964183,21.644258499145508,3548000
2017-01-06,21.60229615134248,21.71418880774455,21.44844408225606,21.574323654174805,2679300
2017-01-09,21.749156799251438,22.028888449294733,21.588311267209757,21.65824317932129,4017600
2017-01-10,21.65125158224317,21.742165209987263,21.392500283913318,21.490406036376953,3687200
2017-01-11,21.497398757232332,21.707198505996466,21.35054013357665,21.6512508392334,2322900
2017-01-12,21.525371378081807,21.532364836033246,21.266618769341406,21.378511428833008,3958700
2017-01-13,21.343542806941876,21.553341183816503,21.336549349863983,21.427461624145508,3611000
2017-01-17,21.434462041369194,21.567335101264298,21.30158898147409,21.39949607849121,2118200
2017-01-18,21.385509482638092,21.52537600399347,21.287603718008928,21.32956314086914,2613500
2017-01-19,21.37851394111648,21.48341315498381,21.014862088101584,21.126754760742188,4006500
2017-01-20,21.168717092795468,21.294596692374586,20.895977515752058,21.140743255615234,6518900
2017-01-23,21.147734180560107,21.399493349547456,21.098781305227195,21.280607223510742,3615900
2017-01-24,21.385506900380367,21.777131245475157,21.364526524550598,21.770137786865234,5071900
2017-01-25,21.91699761986784,22.595348428480193,21.91699761986784,22.51142692565918,6386900
2017-01-26,22.43450360105882,22.567375316514045,22.175749627343002,22.238689422607422,9356800
2017-01-27,22.23868738398004,22.273654674735855,21.735170401888098,21.847063064575195,4277900
2017-01-30,21.770138245554353,21.854058416775754,21.58132019457147,21.791118621826172,3849400
2017-01-31,21.819095169391677,22.035887082355085,21.72118806848398,21.91000747680664,4425300
2017-02-01,21.910003280060447,22.02189594492305,21.50439203646708,21.75615119934082,3624600
2017-02-02,21.665238422708647,22.02889026466585,21.53236671165438,21.98693084716797,5669400
2017-02-03,21.72818062568177,22.539403234561686,21.63726832204263,22.45548439025879,5458900
2017-02-06,22.266662854266215,22.41352148464462,21.700206041017463,21.972944259643555,5825100
2017-02-07,22.070851230029444,22.497441561218047,21.889025296299085,22.413522720336914,5699400
2017-02-08,22.476465691035695,22.8750835761606,22.44849185088217,22.665285110473633,5467700
2017-02-09,22.67227232978658,23.19676971435547,22.658288080468598,23.19676971435547,7199100
2017-02-10,23.140824498914444,23.301670041893544,22.979978955935344,23.189777374267578,4083900
2017-02-13,23.23872829007837,23.777212541288257,23.18278329484861,23.630353927612305,7372400
2017-02-14,23.441542452420975,23.47650841966851,23.05691147723351,23.280696868896484,4172600
2017-02-15,23.28768289576454,23.567415895941995,23.063897562715216,23.53944206237793,4667900
2017-02-16,23.57441340996148,23.62336629602422,23.322654185791837,23.44154167175293,3402200
2017-02-17,23.40657570566986,23.511473603919068,23.315662059668107,23.44154167175293,2754700
2017-02-21,23.43454158678834,23.847146295966965,23.3855887117783,23.763227462768555,3641100
2017-02-22,23.742251299395488,23.77721726182237,23.441539220606828,23.609376907348633,2360300
2017-02-23,23.69329547924869,23.73525356186319,23.469510146199365,23.53944206237793,3555100
2017-02-24,23.44852278502515,23.58838925139985,23.259703455578954,23.406564712524414,4561500
2017-02-27,23.51845996044248,23.84714312498572,23.39957251713269,23.73525047302246,3649200
2017-02-28,23.51147294904663,23.819179844564296,23.48350177759859,23.58140754699707,3792500
2017-03-01,23.757853787490617,24.131936781048672,23.637865918796244,24.047239303588867,4320500
2017-03-02,24.04724525061743,24.258990342874917,23.877850253805413,24.131942749023438,4477500
2017-03-03,24.040186978808247,24.13900117048079,23.786091804516115,24.096651077270508,3239200
2017-03-06,23.955491178673917,24.01195797996012,23.623758144815962,23.800212860107422,3228800
2017-03-07,23.71550900055371,23.77903279596082,23.539054312476715,23.623754501342773,2418100
2017-03-08,23.602578520030974,23.877850099925148,23.56728812029631,23.71550941467285,2979400
2017-03-09,23.65198342641434,23.92725498080011,23.40494795867864,23.447298049926758,3916700
2017-03-10,23.44729951022025,23.7649157906659,23.44729951022025,23.489646911621094,2767200
2017-03-13,23.52493877094642,23.673160053057817,23.404948190795754,23.53199577331543,2119100
2017-03-14,23.468470300160888,23.531994086868224,23.25672524196461,23.510820388793945,2210600
2017-03-15,23.644925585820047,23.99783492292184,23.39789012684262,23.913137435913086,4321500
2017-03-16,23.870791343289362,23.997838941318676,23.771977143152125,23.814327239990234,3073200
2017-03-17,23.899022004633604,23.941369404137724,23.419065065365704,23.433181762695312,5014500
2017-03-20,23.475531968373197,23.65904636311001,23.200263068753003,23.560232162475586,3719000
2017-03-21,23.687278629423048,23.729626031965957,23.306135851627463,23.348485946655273,4433100
2017-03-22,23.34848508941998,23.560230171815043,23.108506611376292,23.404949188232422,3507600
2017-03-23,23.397892716003014,23.786092491275422,23.292018826162874,23.623754501342773,3467000
2017-03-24,23.595522720096938,23.7084536204966,23.235553623989546,23.383777618408203,3401500
2017-03-27,23.25672464001952,23.68727443961608,23.172027157430097,23.651981353759766,4018300
2017-03-28,23.524934046303137,23.849609939764875,23.489640964092132,23.736679077148438,2450000
2017-03-29,23.680218153565825,23.72962524989415,23.503763468826165,23.666101455688477,1932500
2017-03-30,23.623753956463926,23.94137023368884,23.553170467370208,23.920196533203125,2309700
2017-03-31,23.82138279016931,24.160175466753532,23.708451897974566,23.983720779418945,3408400
2017-04-03,23.997834188877196,24.1389984578969,23.567284379985118,23.79314613342285,3730400
2017-04-04,23.722569002678682,23.98372119051442,23.644928508123083,23.9696044921875,2527200
2017-04-05,24.0331315125725,24.28016972770754,23.934317303512586,23.976667404174805,3024600
2017-04-06,23.962544063572082,24.36486048467679,23.814322791056558,24.287220001220703,3155800
2017-04-07,24.29427738622957,24.668363113100177,24.223696596057145,24.604839324951172,4725900
2017-04-10,24.61188711377448,24.830691789377067,24.49189927690063,24.513072967529297,3854000
2017-04-11,24.534257658378603,24.534257658378603,24.082534105874497,24.449560165405273,5591800
2017-04-12,24.280159930775383,24.5130786592228,24.21663615165624,24.407207489013672,3235300
2017-04-13,24.435438944527274,24.555429505472116,24.28721768614034,24.301334381103516,2780700
2017-04-17,24.3013452306609,24.689545091768633,24.3013452306609,24.67542839050293,2882900
2017-04-18,24.54837649494897,24.710714492494965,24.470735997756318,24.534259796142578,2657600
2017-04-19,24.6189597652024,24.73894766523858,24.082535985375472,24.343690872192383,5359600
2017-04-20,24.400156682951675,24.60484478938883,24.37192328361859,24.548377990722656,4268800
2017-04-21,24.52719576327994,24.54131245804037,24.294274338459246,24.393091201782227,4338800
2017-04-24,24.703655199468546,24.703655199468546,24.32957213947171,24.626014709472656,5779400
2017-04-25,24.60484356708013,24.60484356708013,23.899024773727216,23.997838973999023,7561600
2017-04-26,23.95548513016404,24.407211348941658,23.95548513016404,24.181346893310547,8544700
2017-04-27,24.181349960904175,24.647190243049916,24.181349960904175,24.470735549926758,4671100
2017-04-28,25.028330166343242,25.056563560213032,23.821380849498308,23.906078338623047,6756500
2017-05-01,23.82138293049163,23.906080427015393,23.539054352099264,23.70139503479004,4346800
2017-05-02,23.694339365435003,23.814329974009404,23.57435144934593,23.786096572875977,7617000
2017-05-03,23.80726243248287,23.891959915488197,23.40494602260202,23.475526809692383,4535500
2017-05-04,23.475529306033547,23.475529306033547,23.17202973528388,23.362598419189453,3556200
2017-05-05,23.362602540930837,23.694338257523825,23.292021733882848,23.680221557617188,2219600
2017-05-08,23.701393447503232,23.76491454627838,23.475528984424603,23.53199577331543,2593700
2017-05-09,23.567286537134862,23.602576934498853,23.376715160387647,23.44023895263672,2288500
2017-05-10,23.433181950157813,23.616693631941395,23.39083185783019,23.44023895263672,2273600
2017-05-11,23.34142238605113,23.383772474066035,23.087327242930606,23.270841598510742,2280100
2017-05-12,23.263785866300964,23.270845561748008,23.12968127014121,23.20026206970215,1743000
2017-05-15,23.235550834929253,23.503762700865753,23.214377135047464,23.362598419189453,1646600
2017-05-16,23.454359021971687,23.454359021971687,23.143799711042714,23.376718521118164,1786800
2017-05-17,23.20026585863995,23.43318738170334,23.10851134272287,23.12262535095215,2637200
2017-05-18,23.136731036004626,23.136731036004626,22.91086931707657,23.08026695251465,2639100
2017-05-19,23.122620796950613,23.51788026165787,22.98851620530155,23.306135177612305,2925700
2017-05-22,23.306137119542488,23.447301418163327,23.221439617364005,23.383777618408203,2019100
2017-05-23,23.4614136078023,23.48964430811226,23.306132639917116,23.34142303466797,1977400
2017-05-24,23.397882247220245,23.489636705377997,23.3131820962511,23.419055938720703,3617500
2017-05-25,23.440237864399517,23.581402139786505,23.33436667722273,23.412004470825195,2147900
2017-05-26,23.397891052960464,23.426121754757744,23.235550382081577,23.299074172973633,1962900
2017-05-30,23.19319883926062,23.581398517582247,23.19319883926062,23.390827178955078,4450100
2017-05-31,23.383774991286106,23.397891688810713,23.249667711044733,23.263784408569336,4857500
2017-06-01,23.34142212260894,23.6590410479248,23.172027157430097,23.651981353759766,3381400
2017-06-02,23.70139113546172,23.80726231557739,23.539050479479062,23.651981353759766,2980500
2017-06-05,23.687279761144143,23.687279761144143,23.4049511657729,23.560232162475586,2814300
2017-06-06,23.496710039337604,23.66610505465654,23.390836135399354,23.58140754699707,2236300
2017-06-07,23.65264962663246,23.709642548567565,23.431795599592427,23.524412155151367,2355200
2017-06-08,23.524408070088317,23.524408070088317,22.99720936580392,23.218063354492188,4354800
2017-06-09,23.225187762248094,23.68114467283412,23.2038157587383,23.67401885986328,4544800
2017-06-12,23.674022118488317,24.115727463931464,23.609903381431913,23.937620162963867,3615000
2017-06-13,23.93761659903319,24.179842600993588,23.866374776333625,24.087228775024414,2802200
2017-06-14,24.122847894500257,24.208338618929652,23.937614820918586,24.05872917175293,1926400
2017-06-15,23.937620162963867,24.215469835342773,23.923373970463988,23.937620162963867,2719700
2017-06-16,24.037355655623998,24.144218375002694,23.901992406296312,23.98036003112793,3771800
2017-06-19,24.080095433523308,24.315198266789686,24.044474533310353,24.251079559326172,1985700
2017-06-20,24.222591522969623,24.28671025629731,24.07298205110554,24.194093704223633,1958900
2017-06-21,24.22259132533731,24.258212239628374,23.958993298341543,24.051607131958008,2718800
2017-06-22,24.065849654440765,24.27245470728075,23.880619318664085,24.179838180541992,1886200
2017-06-23,24.222588930271264,24.436317112586345,24.158470203806615,24.322328567504883,5325900
2017-06-26,24.39357225935399,24.39357225935399,23.95186428451887,23.9589900970459,3298400
2017-06-27,23.99461299136887,24.037359716963387,23.389049326137684,23.403295516967773,3806500
2017-06-28,23.524407664084823,23.702514927394642,23.346300400775004,23.652645111083984,1652300
2017-06-29,23.681144343025746,23.80225598482966,23.531532167436765,23.560029983520508,3038600
2017-06-30,23.652641111148874,23.958985769651427,23.545775684154698,23.866369247436523,3210500
2017-07-03,23.95898787217049,24.158467121184156,23.916241154081444,24.001731872558594,1514000
2017-07-05,23.859252971788152,23.880624976213852,23.495912590342336,23.659770965576172,2581300
2017-07-06,23.545780247972516,23.58140115797465,22.81910226958383,22.840476989746094,12248800
2017-07-07,22.819104255460825,22.997211538672858,22.733613520475462,22.804855346679688,3123700
2017-07-10,22.676617600400494,23.032833499853616,22.655244238778117,22.954465866088867,3885800
2017-07-11,22.97583949158801,23.203816596258967,22.947341674078775,23.161069869995117,4173700
2017-07-12,23.232315698880434,23.53153464617453,23.232315698880434,23.46029281616211,3744000
2017-07-13,23.50303849039893,23.54578249940816,23.21094265212941,23.31068229675293,2681100
2017-07-14,23.310675002013365,23.674012553398008,23.267928288679613,23.617019653320312,2290400
2017-07-17,23.65976842266483,23.8307525927978,23.531530974490398,23.79513168334961,1776900
2017-07-18,23.738141141787633,23.82363188632647,23.524412921589658,23.56715965270996,2017500
2017-07-19,23.645517870089865,24.115720908112316,23.645517870089865,24.094348907470703,2274100
2017-07-20,24.13709496019296,24.46481164358963,24.108597148323444,24.222585678100586,3669400
2017-07-21,24.17984301901361,24.55030648239885,24.158471015374527,24.528934478759766,2871700
2017-07-24,24.52893471930083,24.543183627767075,24.265336706928807,24.31520652770996,2797600
2017-07-25,24.407814569085883,24.407814569085883,24.129967714125215,24.308074951171875,2503600
2017-07-26,24.322329374779287,24.386448103372082,24.10147809006073,24.16559410095215,2672700
2017-07-27,24.15847270012278,24.47194055206238,23.96611650085249,24.386449813842773,4104500
2017-07-28,24.40782308562891,24.40782308562891,23.40329802688809,23.467416763305664,4462400
2017-07-31,23.36767686385188,23.54578416116432,23.28930921820214,23.524412155151367,7513900
2017-08-01,23.56715907494989,23.716768553650546,23.46029360861987,23.666898727416992,3247700
2017-08-02,23.602776518383564,23.688267248247943,22.975838158075074,23.061328887939453,3138900
2017-08-03,23.025707117529176,23.467412375993202,22.98296039534187,23.410419464111328,2745500
2017-08-04,23.43892134617287,23.47454226199286,23.275060241537915,23.35342788696289,1894400
2017-08-07,23.360552119064693,23.381924123569306,23.19669374322584,23.31068229675293,1515900
2017-08-08,23.246558753992968,23.310677471937087,23.047076788332976,23.125444412231445,1870200
2017-08-09,23.089825570920908,23.239435020268495,22.94733921633699,23.104074478149414,1691000
2017-08-10,23.054204842992934,23.089825752493738,22.840476668286936,22.883220672607422,1933600
2017-08-11,22.847600416827614,23.05420550262536,22.797730598559365,22.954465866088867,2027600
2017-08-14,22.91171432666652,23.161063365593115,22.854721425355024,22.96870994567871,3042900
2017-08-15,22.990093138877608,23.032839873952078,22.605380676313448,22.75499153137207,2388900
2017-08-16,22.868974527428154,22.961591077477607,22.705117508623125,22.733613967895508,2007300
2017-08-17,22.712240720239638,22.8191048210454,22.277659862449447,22.2847843170166,3254000
2017-08-18,22.220662175991414,22.363147168924193,22.049679369161748,22.20641326904297,2798100
2017-08-21,22.242033459438762,22.455762980213116,22.1992880988241,22.427265167236328,2167800
2017-08-22,22.44152161932323,22.63387784504166,22.291912127442874,22.356029510498047,2174600
2017-08-23,22.277657169661712,22.441515528347725,22.227787352570367,22.34177589416504,1384100
2017-08-24,22.363153966137727,22.790611792561695,22.291912127442874,22.356029510498047,1533400
2017-08-25,22.484262448546957,22.78348273066368,22.4486415364012,22.584003448486328,2943600
2017-08-28,22.64812380260953,22.7193656320132,22.47001651139876,22.633874893188477,1968300
2017-08-29,22.619626974169343,22.797734273178552,22.434395220137667,22.455768585205078,3129300
2017-08-30,22.434395244667158,22.64100036399215,22.33465559194522,22.619626998901367,2417400
2017-08-31,22.826232538578168,23.31068461875037,22.726491525168615,23.232316970825195,4681800
2017-09-01,23.29643202922153,23.29643202922153,22.819103120744472,22.84760093688965,2568100
2017-09-05,22.87609500791141,23.11832097008712,22.676614404104814,23.011455535888672,3276800
2017-09-06,23.24656248345925,23.788007408084447,23.168194846988193,23.67401885986328,5037500
2017-09-07,23.825037232713747,24.026394948584233,23.789080889635894,23.839420318603516,3429400
2017-09-08,23.86818504785134,24.256520158159052,23.825038531123784,24.148651123046875,4372400
2017-09-11,24.335623515696522,24.350006601041784,23.74593073300597,23.96886444091797,3575700
2017-09-12,24.01920623793148,24.01920623793148,23.53738243284976,23.904144287109375,2915300
2017-09-13,23.88975958959705,23.96886518982111,23.709975132103494,23.8034610748291,8490800
2017-09-14,23.760318983671514,23.875380948154206,23.66683028025007,23.774702072143555,1938200
2017-09-15,23.760315857131012,23.81065528851234,23.62367790627318,23.7243595123291,4022400
2017-09-18,23.68120761862745,24.04796668408306,23.68120761862745,23.99762725830078,3764400
2017-09-19,24.012012708024216,24.055161967212566,23.860994415804836,23.932907104492188,2810800
2017-09-20,24.040774532732282,24.234942049022315,23.961668943507522,24.019201278686523,2355300
2017-09-21,24.012017054919493,24.16303537447772,23.767510028508866,24.03359031677246,3213200
2017-09-22,24.040779344641418,24.19899055475788,23.93290756623596,24.148651123046875,2535100
2017-09-25,24.141458284450916,24.37158218537031,24.098309024293545,24.31405258178711,2662900
2017-09-26,24.306860125298307,24.364392473260075,24.213371431507106,24.249330520629883,2486500
2017-09-27,24.24933417146031,24.328439790170723,24.033590577415996,24.30686378479004,2103900
2017-09-28,24.249332103401475,24.486646196000077,24.17741666375529,24.4578800201416,1614900
2017-09-29,24.450682453064537,24.59451054556463,24.35719378144557,24.47225570678711,2804700
2017-10-02,24.493835069268105,24.65204352379271,24.44349564147031,24.5369815826416,1951200
2017-10-03,24.529791411510374,24.666426609348232,24.486642154843807,24.5369815826416,1446700
2017-10-04,24.501028358310226,24.695195923079222,24.501028358310226,24.68081283569336,1302700
2017-10-05,24.69519776499728,24.80306955679026,24.53698653524587,24.608901977539062,2688800
2017-10-06,24.52259941632836,24.594514846801758,24.393154384769417,24.594514846801758,1700000
2017-10-09,24.565747753752646,24.659236438217004,24.400346384803743,24.5369815826416,1627800
2017-10-10,24.587324139331972,24.759918444668887,24.508221273649863,24.68081283569336,2044100
2017-10-11,24.70238731197043,24.803068928631053,24.659240790980856,24.73115348815918,1699700
2017-10-12,24.680817142559196,24.918134010898175,24.55137207679137,24.874984741210938,1901200
2017-10-13,24.925321333697173,25.169828347374846,24.80306919850513,25.097915649414062,2423700
2017-10-16,25.07633614109955,25.292076948126784,24.98285019547344,25.184207916259766,3119500
2017-10-17,25.133870920710933,25.21297653105207,25.040382222735637,25.1914005279541,1649500
2017-10-18,25.19139604416303,25.4430959180208,25.16263261730775,25.335224151611328,2933400
2017-10-19,25.2777030886806,25.356805968354973,25.09791857949594,25.29927635192871,2490400
2017-10-20,25.378372494613483,25.507817512334782,25.277693646006444,25.371179580688477,2216200
2017-10-23,25.457489516830048,25.515019137592848,25.040388107299805,25.040388107299805,2690400
2017-10-24,25.11229416068593,25.16982650948844,24.946892772818785,25.076337814331055,2548500
2017-10-25,24.982848428644772,25.033187855281266,24.774297807840437,24.939699172973633,2256900
2017-10-26,25.061958235254856,25.256125824702462,24.97566244326495,25.083534240722656,3212800
2017-10-27,25.011610795829473,25.80985416051218,24.997227711215302,25.53658103942871,4281700
2017-10-30,25.608489990234375,25.6660195708582,25.443088673914115,25.608489990234375,2956200
2017-10-31,25.622885798393856,25.88896607044007,25.550970357777608,25.824243545532227,3378300
2017-11-01,25.888966001898083,26.104706836588523,25.66603225151828,25.752330780029297,3465400
2017-11-02,25.84580396815747,26.104693939195162,25.529384416495947,25.608489990234375,4953500
2017-11-03,25.500631615679776,25.78828789939396,25.39276256675718,25.680416107177734,2431400
2017-11-06,25.65164321943576,25.723558643197368,25.52220094325069,25.644453048706055,2209800
2017-11-07,25.666029440638823,25.88177299499512,25.637266010912136,25.881772994995117,2294000
2017-11-08,25.845817374990325,26.23415253298544,25.824244113977358,26.183813095092773,4025900
2017-11-09,26.083126068115238,26.13346549027642,25.838619127635447,26.083126068115234,1885900
2017-11-10,26.032796179257563,26.234153941640233,25.953690560237582,25.989646911621094,3026400
2017-11-13,25.97526284804539,26.226962784875923,25.81705435923378,25.860200881958008,2375800
2017-11-14,25.70917478405073,26.06874366214934,25.56534668415272,26.032787322998047,2370100
2017-11-15,25.92491974190961,26.377977369478547,25.82424087873724,26.284488677978516,4002400
2017-11-16,26.34921119620265,26.55056892254739,26.140660554892296,26.284488677978516,2930500
2017-11-17,26.140660017709926,26.33482756839225,26.090320587158203,26.090320587158203,2399500
2017-11-20,26.13347813639978,26.26292321125132,25.953693615027547,25.968076705932617,2673200
2017-11-21,26.032799243358383,26.083138689879082,25.88897107760178,25.968076705932617,2825100
2017-11-22,25.968067019784826,26.104702217476614,25.94649376312114,26.025596618652344,1269400
2017-11-24,26.06155929528348,26.24853394648329,25.968070598036853,26.01121711730957,709600
2017-11-27,26.09751449888129,26.111897585773093,25.52220473967573,25.550968170166016,3625900
2017-11-28,25.723564611547825,25.932115273904795,25.644458998702525,25.658842086791992,2429800
2017-11-29,25.630076852644347,25.658843029880583,25.320847305588945,25.435909271240234,2818400
2017-11-30,25.58830193067334,25.93664201602872,25.406876071706076,25.67538833618164,3921500
2017-12-01,25.798760946727924,25.813275350096244,25.261741863797052,25.68990707397461,2805600
2017-12-04,25.856813035895094,25.951152485124474,25.37059031612571,25.493961334228516,3899600
2017-12-05,25.537506103515625,25.718931985158974,25.43590805272963,25.537506103515625,1876800
2017-12-06,25.573795318603516,25.68264919435013,25.428654049268577,25.573795318603516,2235100
2017-12-07,25.581044581839233,25.871327046131775,25.530245565838854,25.84955406188965,1787600
2017-12-08,25.914865974084954,25.9438947724974,25.64635650961629,25.711669921875,2270900
2017-12-11,25.66813217428165,25.74796000269615,25.43590727435174,25.718931198120117,2124600
2017-12-12,26.03098069997629,26.074523901443243,25.820528813733084,25.856813430786133,3228500
2017-12-13,25.94389317183025,26.241431416354068,25.827780753682866,25.951148986816406,2567000
2017-12-14,25.965669720761422,26.16160999325809,25.8640716761348,25.87133026123047,2273200
2017-12-15,26.205150841417872,26.212406657521722,25.965667384908233,26.00921058654785,4765000
2017-12-18,26.139838388177463,26.306749848116564,26.03824034893966,26.132579803466797,2672300
2017-12-19,26.110808942717625,26.212406979452346,25.711672611971697,25.747957229614258,2034900
2017-12-20,25.806019003869682,26.074528539833913,25.689906547641424,25.704418182373047,2722000
2017-12-21,25.791502598835397,25.827787219526655,25.508478681768832,25.552019119262695,3782300
2017-12-22,25.566528009832968,25.6536116343872,25.181906130408137,25.3560733795166,2861700
2017-12-26,25.370594718857582,25.522991795602735,25.34156591328538,25.443166732788086,1689100
2017-12-27,25.47218894958496,25.581045569984266,25.392363898742836,25.47218894958496,1994000
2017-12-28,25.472190170206147,25.61733141491407,25.363336312929444,25.588302612304688,1810100
2017-12-29,25.6536160340063,25.762472659621988,25.464934353723294,25.588302612304688,2258500
2018-01-02,25.61733055114746,25.65361516901625,25.334306656096473,25.61733055114746,3144000
2018-01-03,25.56652855365926,25.885837029375807,25.56652855365926,25.842296600341797,2922800
2018-01-04,25.907617414413927,25.907617414413927,25.61007906820336,25.63184928894043,2727800
2018-01-05,25.68264179568199,25.82052720758084,25.55927355170792,25.595558166503906,2924800
2018-01-08,25.61733280746086,25.820531668433343,25.595562588489898,25.762474060058594,2760800
2018-01-09,25.80601586353606,25.80601586353606,25.544762176729602,25.588302612304688,2530300
2018-01-10,25.559274723289377,25.559274723289377,25.09482498859867,25.2762508392334,4519700
2018-01-11,25.305281897843617,25.43590875771444,25.08757138750536,25.39236831665039,3405800
2018-01-12,25.464934353723294,25.66087461882814,25.290764306405993,25.588302612304688,2891500
2018-01-16,25.653619538232658,25.726191554669285,25.218198512970353,25.225454330444336,3877000
2018-01-17,25.312538408029106,25.617332543842604,25.23996639830748,25.552019119262695,3500100
2018-01-18,25.5157325137793,25.70441418770033,25.31253643904298,25.61733055114746,3099400
2018-01-19,25.631843446268498,25.987439324507147,25.624587630456528,25.980180740356445,3548600
2018-01-22,26.016472805615937,26.234186099057027,25.965673775370224,26.110815048217773,3269400
2018-01-23,26.118074854854424,26.66235257721032,26.096301863489224,26.568010330200195,5291700
2018-01-24,26.836508683992108,27.32998716752006,26.6695972510839,27.27918815612793,8694600
2018-01-25,27.438846403592144,27.475131019729986,27.126793721796933,27.380788803100586,4612800
2018-01-26,27.489653239570707,27.496909057526764,26.785719859232607,27.467880249023438,6003200
2018-01-29,27.453353302390997,27.453353302390997,26.531709908957083,26.901817321777344,6127500
2018-01-30,26.734912086518563,26.89456771274178,26.502687231105874,26.698627471923828,5452500
2018-01-31,26.77119824842346,27.344504604507414,26.74216944773442,27.24290657043457,6448900
2018-02-01,27.19210926474429,27.337247740646237,26.909085361060924,26.967140197753906,6208600
2018-02-02,25.36334125980172,26.15435829098411,25.36334125980172,25.893104553222656,10419400
2018-02-05,25.74795726863004,26.045495563092103,25.225449915100995,25.247222900390625,6984200
2018-02-06,24.811800627262198,25.290764806430666,24.441693075861625,25.167396545410156,7620600
2018-02-07,25.036772294291733,25.515736523101133,25.007743488099813,25.051286697387695,4260200
2018-02-08,24.978715076598622,25.160140965655867,24.383638381958008,24.383638381958008,5743000
2018-02-09,24.52151870727539,24.695685974119893,23.96272675349992,24.52151870727539,4781700
2018-02-12,24.681169481526073,24.971451926110483,24.303806179240322,24.93516731262207,4536500
2018-02-13,24.862601455943267,25.094829129951506,24.811802430849376,24.826316833496094,4346100
2018-02-14,24.644888662455138,25.406876736384497,24.57231942430529,25.37059211730957,4834200
2018-02-15,25.581045124429526,25.71892777530675,25.0730521853121,25.36333465576172,3574500
2018-02-16,25.399627486899583,25.762479308141007,25.34882845339296,25.530254364013672,4067500
2018-02-20,25.41413097477843,25.73343944370296,25.305274367831757,25.3560733795166,4461500
2018-02-21,25.4141388048402,25.602820510896702,25.225454330444336,25.225454330444336,4938200
2018-02-22,25.37784913456567,25.624588404708916,25.2907627321583,25.29802131652832,4251400
2018-02-23,25.399624543287008,25.69716289148908,25.399624543287008,25.68990707397461,2579600
2018-02-26,25.68989844961674,25.914864705453784,25.552013048076926,25.87858009338379,3870500
2018-02-27,25.871329285237675,26.016467761606613,25.457678537240444,25.588302612304688,4899700
2018-02-28,25.682642286969113,25.936640132077063,25.421388626098633,25.421388626098633,4767100
2018-03-01,25.516601116631826,25.567868461158024,24.9966021685171,25.16505241394043,4242900
2018-03-02,24.9819537926667,25.39941804898839,24.901390024979932,25.3774471282959,3106300
2018-03-05,25.201674889818655,25.333506020048937,24.901393491818816,24.908716201782227,4984700
2018-03-06,24.959985881666462,25.2529417703805,24.938012164463643,25.069843292236328,5811100
2018-03-07,24.864775828805648,25.16505724461272,24.864775828805648,25.106464385986328,4238400
2018-03-08,25.15772953993806,25.252941529947613,25.113787693672904,25.24561882019043,2952200
2018-03-09,25.39941698629071,25.531248092651367,25.230966749021118,25.531248092651367,3099000
2018-03-12,25.4873062420664,25.8095613345158,25.458009816596288,25.72167205810547,3676800
2018-03-13,25.831532626756836,26.0439275236666,25.802236200867018,26.036602020263672,3810000
2018-03-14,26.02928222147602,26.073224071363647,25.758294442483102,25.8095645904541,2785700
2018-03-15,25.890122958111704,26.12448877998359,25.787588260275378,26.08786964416504,3985700
2018-03-16,26.07322264672047,26.351533120867327,25.970687944103496,26.234350204467773,5220200
2018-03-19,26.241673981180295,26.241673981180295,25.787587765389468,26.021953582763672,2708000
2018-03-20,26.021956858433974,26.24167728450923,25.699704517444225,25.919422149658203,4032100
2018-03-21,26.036599724472897,26.30758465540711,25.824204846291163,25.912094116210938,3485600
2018-03-22,25.67772730971996,26.16842980847387,25.655753596172055,25.780261993408203,3359200
2018-03-23,25.890122659021685,25.93406729781287,24.87942111157296,24.938011169433594,5798500
2018-03-26,25.150410277343035,25.333508778839747,24.80618420049356,25.28956413269043,3811300
2018-03-27,25.26759009844542,25.809562825508046,25.040546978727374,25.560548782348633,5577700
2018-03-28,25.611812645917144,25.970684051284298,25.545897090706344,25.6484317779541,4378600
2018-03-29,25.70702925507503,25.91942419363768,25.56787539560028,25.633790969848633,3836800
2018-04-02,25.67772609496837,25.772935271683,25.20899174421588,25.348148345947266,4295500
2018-04-03,25.36280064960263,25.45068713223866,25.084490195084147,25.3994197845459,6388900
2018-04-04,25.20899896799768,25.85350644034173,25.20899896799768,25.8095645904541,4303100
2018-04-05,25.860832540377395,26.234352242334133,25.74364961487515,26.175762176513672,3571100
2018-04-06,25.985334396362305,26.32223490894019,25.838855062327294,25.985334396362305,3793900
2018-04-09,26.065896932731807,26.153783411437505,25.831531126942753,25.83885383605957,3161400
2018-04-10,26.08054762239692,26.102518545695318,25.8242080771844,25.941390991210938,5040200
2018-04-11,25.890115959851492,26.439411230234708,25.875470544571602,26.190397262573242,3660100
2018-04-12,26.28561384193415,26.49068321819425,26.175756444877972,26.307584762573242,2688100
2018-04-13,26.446744793565585,26.615195059235685,26.373503725538757,26.505334854125977,2733800
2018-04-16,26.703081354981414,26.849560696120648,26.52730838070318,26.717729568481445,2965800
2018-04-17,26.83491833885916,27.1864671579959,26.72506090442612,27.054636001586914,4941500
2018-04-18,27.105900962169596,27.2743540423304,26.988718032836914,26.988718032836914,3249000
2018-04-19,26.944768114590925,26.988709953773316,26.615190351420086,26.827585220336914,3414800
2018-04-20,26.842234599751812,26.89350194360324,26.468712187279156,26.556598663330078,4260500
2018-04-23,26.57124490963952,26.754343350954812,26.46871022952064,26.519977569580078,2788100
2018-04-24,26.571250817991704,26.71040745240475,26.322236770678018,26.49801254272461,3678700
2018-04-25,26.446745191265418,26.60054724564299,26.29294313688785,26.49801254272461,3705500
2018-04-26,26.54927690933136,27.054627657125987,26.52730598799358,26.842235565185547,6091400
2018-04-27,26.856880471789957,27.38420492473587,26.849557762770484,27.09857177734375,5814400
2018-04-30,27.340261600286563,27.354907017531314,26.92279456843567,26.937442779541016,4546600
2018-05-01,26.97406861034219,27.039981379070166,26.366180333814846,26.651813507080078,6572700
2018-05-02,26.622518246167406,26.937447859673437,26.622518246167406,26.761674880981445,4498800
2018-05-03,26.805615905769653,26.864208759442214,26.505334515350356,26.607872009277344,3571700
2018-05-04,26.607875780355133,26.922802634965446,26.57857934936673,26.739704132080078,3484300
2018-05-07,26.72505672888298,26.930126142873792,26.629844732161004,26.89350700378418,2665900
2018-05-08,26.827589271937683,26.871531117756334,26.490685955449024,26.651813507080078,5987500
2018-05-09,26.6078742329361,26.69576072692871,26.402802021804984,26.69576072692871,2880000
2018-05-10,26.80561167345349,27.07659938811151,26.76899254262042,26.937442779541016,2451400
2018-05-11,26.959423367687766,27.025338937539765,26.75435115378081,26.820266723632812,1777300
2018-05-14,26.871531117756334,26.937446680345314,26.519982381902125,26.651813507080078,3857000
2018-05-15,26.476038254302054,26.57124744127773,26.16843139077694,26.336881637573242,6013600
2018-05-16,26.366175662105466,26.541951395818124,26.322231030212173,26.461387634277344,3341200
2018-05-17,26.53463049476391,26.629842483445856,26.41744758325574,26.578575134277344,2997000
2018-05-18,26.578577803651473,26.717731651961547,26.534633159724535,26.69576072692871,7524000
2018-05-21,26.77632038857561,27.1278691042898,26.666460192600805,26.96674156188965,3855100
2018-05-22,26.952096959320585,27.18646280118641,26.952096959320585,27.179140090942383,4340300
2018-05-23,27.17181094759105,27.26702293117849,26.915474215464297,26.96674156188965,3708500
2018-05-24,26.95941998452285,27.018010042671378,26.725054164206828,26.849559783935547,3198700
2018-05-25,26.84955392485078,27.149835241219886,26.783638377654622,27.061948776245117,3356500
2018-05-29,26.849559276750554,27.142517943542106,26.82026285129922,26.97406768798828,5342600
2018-05-30,27.061955592681826,27.37688519818208,26.930124465083534,27.267024993896484,3002200
2018-05-31,27.28899322758772,27.450120766296145,27.11322027068833,27.34026336669922,6302200
2018-06-01,27.340268131010337,27.757732468719638,27.223082414175607,27.603927612304688,3523600
2018-06-04,27.728431581825856,27.926178256402366,27.633219599134765,27.78702163696289,3613300
2018-06-05,27.830972186845504,28.02871890343646,27.757733903898366,27.99209976196289,5129000
2018-06-06,27.948143641561693,28.116593858270754,27.823638052895966,28.087297439575195,2866200
2018-06-07,28.109466481284926,28.168549546924183,28.035609127523397,28.153778076171875,3072700
2018-06-08,28.190702505341413,28.242404056452713,28.057764916698464,28.146390914916992,2412500
2018-06-11,28.14638909420752,28.32364107917865,27.939594172618033,28.006061553955078,3033700
2018-06-12,28.08730298561424,28.353183778212504,27.902663859350945,28.33102798461914,6610500
2018-06-13,28.257170357632482,28.257170357632482,27.378289139769507,27.466915130615234,5473200
2018-06-14,27.49646373941354,27.732801642006727,27.341367519093637,27.518619537353516,4891100
2018-06-15,27.562934211063993,27.607248624732733,27.223198825047152,27.289669036865234,5424400
2018-06-18,27.237970148992318,27.437380783368337,27.12718552410451,27.41522216796875,2582200
2018-06-19,27.37829311584471,27.540776470466767,27.26750849817151,27.319210052490234,6205600
2018-06-20,27.267504057844857,27.326589928947463,26.765288240319727,26.876070022583008,7751300
2018-06-21,26.82438136469996,26.87608011263924,26.300006739961283,26.403404235839844,5261100
2018-06-22,26.52157331658744,26.536344789970858,26.181837880880277,26.292619705200195,5354600
2018-06-25,26.299997478098646,26.36646767595093,25.83470609313266,26.115358352661133,5423200
2018-06-26,26.18182997138017,26.75051884667434,26.137515564617253,26.698820114135742,7030800
2018-06-27,26.713588126721447,26.831759875262666,26.299998276305395,26.314769744873047,4015300
2018-06-28,26.351699537243988,26.676663424818653,26.181831858463834,26.669279098510742,4058800
2018-06-29,26.580652841428485,27.11979881257733,26.506795492207534,26.927772521972656,4452600
2018-07-02,26.772677377384017,26.846531912166768,26.469869276982884,26.80960464477539,3311900
2018-07-03,26.905609058171425,27.274887246927694,26.853910337135066,27.00900650024414,2170500
2018-07-05,27.060712563908865,27.37090779166409,26.920387828358738,27.356136322021484,2167400
2018-07-06,27.40044870435893,27.651558060790766,27.28966690489684,27.526004791259766,2640000
2018-07-09,27.548158013991056,27.555545157020287,27.164108280188696,27.201038360595703,2634900
2018-07-10,27.178872034710366,27.356126791297307,26.927762773010652,27.326583862304688,4776600
2018-07-11,27.208425715607447,27.356137601572808,26.979472151492644,26.994243621826172,2357400
2018-07-12,27.156726078502906,27.171497548347094,26.883460929809885,26.927772521972656,2754100
2018-07-13,26.964695018740237,27.082863939223806,26.85391324055712,26.912996292114258,1830700
2018-07-16,26.957313695447198,27.016399570952714,26.71358868504136,26.772674560546875,2032700
2018-07-17,26.88345920150948,26.95731372861263,26.65450565969834,26.750518798828125,4756600
2018-07-18,26.68404924613154,26.69882071538516,25.90856542321933,26.011962890625,4895000
2018-07-19,25.989804005503096,26.396012362293558,25.923333803243715,26.32954216003418,3939100
2018-07-20,26.218760960555617,26.22614528738057,25.73869801320307,25.76085662841797,5528500
2018-07-23,25.731305270809433,25.886401439738556,25.472811655927565,25.539281845092773,4730800
2018-07-24,25.517122268676758,25.635291176333492,25.398953361020023,25.517122268676758,5853200
2018-07-25,25.605746260236927,25.664832118169723,25.391567068652467,25.650060653686523,2734900
2018-07-26,25.731317457372658,25.84210209757289,25.561449741803955,25.783016204833984,3736300
2018-07-27,25.812551252261837,25.938104509855602,24.97059725997321,24.985368728637695,5701400
2018-07-30,25.09614935547092,25.26601701119229,24.85981150252211,25.199546813964844,3070600
2018-07-31,25.332490059937754,25.443274673576962,25.184778180875394,25.243864059448242,4432800
2018-08-01,25.11091800628938,25.236471243983647,24.977977626748906,25.162616729736328,6150700
2018-08-02,25.162622469505845,25.317718675225212,25.09615226457329,25.17000961303711,4193400
2018-08-03,25.251242778582444,25.2807857113089,25.066603675095784,25.088762283325195,3713000
2018-08-06,25.059223067787435,25.23647505570079,25.059223067787435,25.192163467407227,2535200
2018-08-07,25.30294418334961,25.339874261855478,25.103536409738975,25.30294418334961,2605600
2018-08-08,25.325099935519543,25.413725915717784,25.125689367046657,25.354642868041992,2006400
2018-08-09,25.31771934709701,25.524517110913855,25.302947877012247,25.435888290405273,2110300
2018-08-10,25.362030189314737,25.413728918653295,25.13307666126581,25.14784812927246,2490500
2018-08-13,25.110923800068466,25.26602000619426,25.04445359496173,25.051837921142578,2769400
2018-08-14,25.10353261675144,25.3989534785761,25.10353261675144,25.332483291625977,2530400
2018-08-15,25.288182038159626,25.531904278253037,25.110927194788836,25.480205535888672,3027500
2018-08-16,25.539282380041193,26.336921849362042,25.421110648055272,26.130126953125,5759500
2018-08-17,26.137515879120567,26.373853749960663,26.004575474601808,26.32954216003418,4812000
2018-08-20,26.388630124932096,26.432944540466664,26.115364939227703,26.21137809753418,3055800
2018-08-21,26.226145960488406,26.35170205869524,26.02673814002654,26.034122467041016,1955000
2018-08-22,26.02673523733854,26.18921576986685,25.952877888580417,26.071046829223633,1780800
2018-08-23,26.056269074856512,26.056269074856512,25.51712323712497,25.539281845092773,2853900
2018-08-24,25.531903053664138,25.775628099437895,25.47281998695445,25.76085662841797,2219500
2018-08-27,25.8125465663003,26.063655853271484,25.74607637806178,26.063655853271484,2831900
2018-08-28,26.048891050955223,26.093205460240164,25.81993749570437,26.078433990478516,2742800
2018-08-29,26.122744681549317,26.144903294112535,25.9676484804552,25.975032806396484,2216600
2018-08-30,25.90856004770636,25.982414561281438,25.45804018973873,25.539281845092773,2654600
2018-08-31,25.539285549818896,25.81255067052941,25.52451408148731,25.635295867919922,3274200
2018-09-04,25.70176155642584,25.70176155642584,25.110917013695055,25.22908592224121,2735800
2018-09-05,25.1478460688354,25.443269770024603,25.08137587693629,25.391571044921875,4143000
2018-09-06,25.46543023564211,25.642685052364094,25.38418856203494,25.50974464416504,2101000
2018-09-07,25.443271873446033,25.517126396164354,25.110920886474684,25.155235290527344,2422300
2018-09-10,25.266017992809534,25.44327279809244,25.170007673260447,25.192163467407227,2200100
2018-09-11,25.17000193628783,25.332482418612805,25.088760286440888,25.184770584106445,3212700
2018-09-12,25.280788294958953,25.480198885188234,25.184775162470167,25.472814559936523,2671300
2018-09-13,25.636916064188384,25.793559266590727,25.577244766708237,25.644376754760742,2627800
2018-09-14,25.621993228266092,25.629453917586307,25.35346816654299,25.405681610107422,2531200
2018-09-17,25.45043913432369,25.547408195725744,25.29379877427255,25.33855438232422,3207300
2018-09-18,25.36838584038704,25.42805997794346,25.293796013861005,25.331090927124023,3617800
2018-09-19,25.33855499396147,25.420605521326884,25.025271420877157,25.092403411865234,4314700
2018-09-20,25.092402882236403,25.241585397441074,24.8387934600144,25.129697799682617,3835200
2018-09-21,25.002888223435733,25.099857260745505,24.577720011548625,24.622472763061523,9865900
2018-09-24,24.600101364867125,24.697070421797527,24.45091885699412,24.540430068969727,4604900
2018-09-25,24.54788138477361,24.741816601632607,24.353946167914618,24.3912410736084,4683800
2018-09-26,24.458387173276986,24.62994611492461,24.376336626093217,24.406173706054688,3960700
2018-09-27,24.38378769941761,24.63739711779486,24.38378769941761,24.480756759643555,3424800
2018-09-28,24.53297028008281,24.53297028008281,23.951161607960618,24.070507049560547,3797400
2018-10-01,24.13018116892657,24.145099706548294,23.74230914973214,23.772146224975586,2920400
2018-10-02,23.727384228816657,23.973534342513986,23.540906826842626,23.854188919067383,3796300
2018-10-03,23.809440934007313,23.816900202751658,22.86213514412596,23.048612594604492,6295700
2018-10-04,22.92925987978576,23.018769653665466,22.52646945410106,22.92180061340332,4717000
2018-10-05,22.93672399361369,22.96656106544922,22.511555678926626,22.57868766784668,3303300
2018-10-08,22.615976117534135,23.093357748708634,22.571221945288897,23.011308670043945,3718100
2018-10-09,23.048604986325014,23.06352351888914,22.571223325949525,22.772619247436523,3250300
2018-10-10,22.578687082119973,22.690573253180926,21.70597267150879,21.70597267150879,6501300
2018-10-11,21.676133759323992,21.788019920881577,21.094325150140655,21.258424758911133,8376200
2018-10-12,21.377770282570072,21.474739333004564,20.825797316752105,20.94514274597168,5487800
2018-10-15,20.87054974414894,21.124159115617736,20.795958501474065,20.900386810302734,5070300
2018-10-16,20.98244231907879,21.512039023729844,20.825801941955977,21.422529220581055,6280600
2018-10-17,21.48219861268976,21.48219861268976,20.952603412984256,21.116703033447266,3212800
2018-10-18,20.97497876747617,21.086864923944997,20.646778142152563,20.781042098999023,3343100
2018-10-19,20.83325981951179,21.504578318811202,20.80342274621806,21.288265228271484,5011300
2018-10-22,21.29572237958715,21.29572237958715,20.579649716402994,20.594568252563477,4607800
2018-10-23,20.527434711334024,21.213671673049575,20.49013837375123,21.14653968811035,6656400
2018-10-24,21.0794077675181,21.452362608225688,21.019735049913276,21.243507385253906,5940400
2018-10-25,21.318096604223566,21.80293756634838,21.19875118039929,21.594083786010742,6498200
2018-10-26,20.713906567003132,20.88546540567088,19.39364644812296,19.75914192199707,9087900
2018-10-29,19.960541828864212,20.6915329233248,19.624881926964086,19.714391708374023,6141100
2018-10-30,19.833742146473117,19.953087603368044,19.207177786419706,19.565214157104492,8711600
2018-10-31,19.692012307827152,20.20669030803185,19.378730232403807,19.863571166992188,7013200
2018-11-01,19.900867112704,20.34095386303469,19.796440230493182,20.30365753173828,4994500
2018-11-02,20.40063286193113,20.8332604794244,20.169401227420074,20.534896850585938,9590300
2018-11-05,20.549811113046285,20.61694309805696,20.258906793139893,20.602025985717773,4063400
2018-11-06,20.646781841691034,20.74374948194966,20.12464445433249,20.281286239624023,3143800
2018-11-07,20.370789368767994,20.527431113743447,20.14701707332827,20.51997184753418,3348000
2018-11-08,20.430465258373836,20.4379245257451,20.035134046665316,20.326038360595703,3237400
2018-11-09,20.258908412145363,20.273826948386585,19.90833134673617,20.012758255004883,4834200
2018-11-12,20.0351319054963,20.512513584560818,19.96799992903915,20.139558792114258,5017600
2018-11-13,20.13209596107875,20.18430939514315,19.78151903042538,19.87848663330078,4151600
2018-11-14,19.99783418125904,20.29619770991546,19.848653128285598,19.930702209472656,4281000
2018-11-15,19.826277899618113,19.960541860591576,19.55029071064936,19.848655700683594,3883000
2018-11-16,19.8039006356119,20.34095649407009,19.766605722201078,20.184314727783203,8048500
2018-11-19,20.243988564769662,20.721371734600833,20.072429677236656,20.206693649291992,4809400
2018-11-20,20.035130841048623,20.102262813939113,19.736765884775522,19.803897857666016,3012300
2018-11-21,19.84865935603793,20.10226879064624,19.766608826397018,19.893413543701172,2493700
2018-11-23,19.759146455560472,19.878491885730316,19.52045559522078,19.639801025390625,1136200
2018-11-26,19.811359999469527,19.968001766520466,19.654719655128346,19.87103271484375,2836400
2018-11-27,19.863571503478507,19.923244213012392,19.609963554991705,19.908327102661133,4167700
2018-11-28,19.893409202924378,20.124640781890943,19.76660451328923,20.102264404296875,4660000
2018-11-29,20.15514586702552,20.3440059273374,20.01161181773988,20.200471878051758,3968900
2018-11-30,20.170252112381004,20.260904121376143,19.66410716601376,19.951173782348633,5771600
2018-12-03,20.026721521938974,20.291125901861616,19.807643154295427,20.019166946411133,3772700
2018-12-04,19.9965049726902,20.064494717512698,18.96155252974878,18.976661682128906,7684500
2018-12-06,18.84068002016141,20.238244754646878,18.674482244918696,20.200471878051758,10082500
2018-12-07,20.079607694276003,20.208032632190882,18.88601180578587,19.089981079101562,7393300
2018-12-10,19.112638210354316,19.475250634188875,18.901115857412783,19.40726089477539,6222000
2018-12-11,19.58101991215403,19.58101991215403,18.954004287719727,18.954004287719727,5958000
2018-12-12,19.150408551071312,19.225952856065017,18.674480438232422,18.674480438232422,4515700
2018-12-13,18.6971513592467,18.742477383335537,18.432746910433224,18.508291244506836,4715200
2018-12-14,18.342086885018922,18.54605462515435,18.032356546822772,18.153226852416992,4210900
2018-12-17,18.183446518911612,18.296762267809974,17.7830641100782,17.82839012145996,7687900
2018-12-18,17.858604431152344,18.10789961947445,17.72262497554252,17.858604431152344,7691700
2018-12-19,17.798168239379233,18.168333713118965,17.518656211053628,17.52621078491211,10631000
2018-12-20,17.45822381298935,17.495995247347974,16.710338173763212,16.78588104248047,8632300
2018-12-21,16.8236531208932,17.201373210140623,16.06821294239836,16.075767517089844,19248000
2018-12-24,16.04555190733731,16.219302831696314,15.834028103190672,15.939790725708008,4702200
2018-12-26,16.022888043662263,16.21930269422913,15.501635275003142,16.128650665283203,12927500
2018-12-27,15.985115833006773,16.264629364013672,15.720711453057103,16.264629364013672,8890300
2018-12-28,16.347730259731904,16.66501529438882,16.29484966077046,16.49126434326172,9235400
2018-12-31,16.544146237027597,16.717897201753075,16.272188643814616,16.51392936706543,6336900
2019-01-02,15.939789820723043,16.385499690695585,15.796255767455287,16.264629364013672,7442000
2019-01-03,16.21930623117787,17.088063916836013,16.21930623117787,16.816104888916016,9788300
2019-01-04,17.00496117831624,17.48088792919482,16.899199998318334,17.390235900878906,5843900
2019-01-07,17.435558078238227,17.873713294381176,17.208926616432034,17.737733840942383,6562200
2019-01-08,17.8132875467064,17.919048759269586,17.662198865140315,17.843505859375,6232800
2019-01-09,17.82839016567752,18.02480480333619,17.63197552801885,17.903934478759766,3926900
2019-01-10,17.919043398808125,18.38741701883879,17.896381111974527,18.35719871520996,5954800
2019-01-11,18.334532998110245,18.387413578679073,17.911485471784108,18.28920555114746,4594400
2019-01-14,18.206107225643354,18.37230353373883,18.070127773161744,18.190998077392578,3548900
2019-01-15,18.198559669165085,18.236331113469596,17.98703583475041,18.213668823242188,4224400
2019-01-16,18.168337826421002,18.500731947009818,18.107902662758303,18.417633056640625,4155600
2019-01-17,18.334535907957694,18.66692859311182,18.281655318996265,18.61404800415039,3738800
2019-01-18,18.636713135438388,18.976661862787193,18.50073364449887,18.946443557739258,5306000
2019-01-22,18.848239802165985,18.886011248307277,18.38742066662303,18.546062469482422,5156800
2019-01-23,18.614050502264224,18.840683480798937,18.274103195794417,18.349647521972656,4492400
2019-01-24,18.342089643657353,19.112637597488483,18.342089643657353,19.01443099975586,6461100
2019-01-25,19.120195090132313,19.535688152273632,19.105087378021537,19.414817810058594,5211700
2019-01-28,19.331716587888383,19.520576655030016,19.12019279397009,19.490358352661133,4807000
2019-01-29,19.482809277572713,19.55079759029344,19.346829770354734,19.528135299682617,4328700
2019-01-30,19.558346341337856,19.92095873286539,19.490356607981933,19.800086975097656,3408800
2019-01-31,19.754760360283182,20.03427386004553,19.588564039895278,19.822750091552734,9748800
2019-02-01,19.822752181795547,20.850151392970957,19.686772704917868,20.208026885986328,6851900
2019-02-04,20.034276181689513,20.10982049639756,19.331716504414217,19.754762649536133,6367200
2019-02-05,19.822755228498835,20.019169898523,19.550796232944123,20.004060745239258,5040900
2019-02-06,19.936065219666567,20.1551435561361,19.815194910196393,19.845413208007812,5480000
2019-02-07,19.709441041275213,19.860529704453093,19.157969870186022,19.573461532592773,6171400
2019-02-08,19.475254647088576,19.671669330211454,19.105089012279855,19.377046585083008,4908500
2019-02-11,19.414815779425876,19.56590297094811,19.059757925528256,19.188182830810547,6303700
2019-02-12,19.256173834818455,19.354381884595508,18.98421485499041,19.135303497314453,7417700
2019-02-13,19.15796744224178,19.384598967398656,18.999324221921487,19.18062973022461,5655400
2019-02-14,19.165517600126776,19.369485349390143,18.833123524423574,19.203289031982422,5054500
2019-02-15,19.324165994905723,19.354384303502442,19.20329564229537,19.293949127197266,5359600
2019-02-19,19.248621445365316,19.46014528047166,19.15041482531952,19.33172035217285,6782000
2019-02-20,19.369489134060263,19.694328698686284,19.271282527514,19.543241500854492,5329700
2019-02-21,19.505471109469603,19.61878688252363,19.324165584405517,19.445035934448242,3223400
2019-02-22,19.49791451286559,19.815199509085076,19.482806801341297,19.70943832397461,3192800
2019-02-25,19.769872580958868,19.830307746933048,19.460142175230192,19.535686492919922,3451300
2019-02-26,19.57346167779638,19.686777455576273,19.30150265841401,19.309057235717773,3587700
2019-02-27,19.263730862413023,19.664114806900596,19.195741108804032,19.528135299682617,4900800
2019-02-28,19.55109639258117,19.619990844607837,19.038205413525024,19.05351448059082,6255800
2019-03-01,19.145376205444336,19.244891711901406,18.709036401584765,19.145376205444336,7067200
2019-03-04,19.221932394226577,19.267862527639586,18.739660883065827,19.099451065063477,3842700
2019-03-05,19.061169402127852,19.091790455894436,18.67841499059881,18.823862075805664,3993500
2019-03-06,18.80090068399495,18.969313598927332,18.732004756993984,18.846832275390625,3113800
2019-03-07,18.885103128467303,18.953999040828215,18.532968303056823,18.640140533447266,3386000
2019-03-08,18.578899159775588,18.90041291821753,18.517658513410083,18.8774471282959,5003500
2019-03-11,19.32909803890017,19.803714157939485,19.252546863559346,19.78074836730957,5120500
2019-03-12,19.78840587737466,19.918542452200427,19.673579831373665,19.72716522216797,3737400
2019-03-13,19.7501250281815,20.071638759342225,19.704194912327697,19.964468002319336,3763100
2019-03-14,19.972129519703497,20.025714914996428,19.466893706809426,19.558753967285156,4104500
2019-03-15,19.63530201824911,19.63530201824911,19.336754029299133,19.543441772460938,4830800
2019-03-18,19.59702491760254,19.688885152883383,19.466888367544588,19.59702491760254,3872500
2019-03-19,19.70420000058437,19.857302373089063,19.520478029634198,19.566408157348633,3485800
2019-03-20,19.581717547701686,19.597028076080147,19.26785901640496,19.420961380004883,4190000
2019-03-21,19.359714237331293,20.079291308813193,19.2984721443454,20.04867172241211,4429100
2019-03-22,20.094606360933593,20.109916887630714,19.704196690710106,19.719507217407227,4601400
2019-03-25,19.750128541745646,19.750128541745646,19.283169117293404,19.512821197509766,3495300
2019-03-26,19.60468122970468,19.67357713989834,19.32909758893004,19.497509002685547,3700700
2019-03-27,19.520476717899488,19.64295802363578,19.40565067628325,19.589372634887695,3640400
2019-03-28,19.59702560234068,20.37784492997095,19.59702560234068,20.370189666748047,5755500
2019-03-29,20.454394438618884,20.546256136288108,20.109916357566636,20.163501739501953,4707400
2019-04-01,20.247707040498145,20.37018832380548,20.056329852818926,20.301292419433594,4911400
2019-04-02,20.301296970044977,20.46205314288542,20.22474578579564,20.347227096557617,4352300
2019-04-03,20.37784460073509,20.63811624564792,20.240052785133383,20.42377471923828,3872300
2019-04-04,20.462052480434245,20.58453378723094,20.3701922303829,20.5462589263916,3035900
2019-04-05,20.95963179984034,21.105078891063307,20.852461027408825,20.967287063598633,5169500
2019-04-08,20.91370134215514,21.03618264013997,20.661083482549895,20.737634658813477,3470100
2019-04-09,20.638119599934495,20.699361714681867,20.339571591002937,20.362537384033203,3086600
2019-04-10,20.354878959104557,20.530945631387528,20.20943187934846,20.446739196777344,2357300
2019-04-11,20.507981765267346,20.798874471258316,20.462050185301255,20.729978561401367,4206300
2019-04-12,20.745290422068464,20.80653107253577,20.408466114452146,20.79887580871582,3936600
2019-04-15,20.829494064476858,20.883080907770626,20.530946095158203,20.729978561401367,2385600
2019-04-16,20.78356072720842,20.844801364257346,20.41611690491488,20.530942916870117,4282100
2019-04-17,20.54625907648388,20.5615696049684,19.97212739914568,20.194124221801758,5307100
2019-04-18,20.178810119628906,20.263015085103373,19.819020090457293,20.178810119628906,3505500
2019-04-22,20.086951097585032,20.117572150979274,19.49750896057552,19.719507217407227,3369300
2019-04-23,19.597026681149476,20.01040069729724,19.558750362927857,19.8572998046875,3649700
2019-04-24,19.949159813747926,20.255363055460464,19.910884956068443,20.155847549438477,3366500
2019-04-25,20.117574933111346,20.43143347334604,20.00274742709521,20.102264404296875,4632000
2019-04-26,20.423775288296838,21.043837015688887,20.423775288296838,20.951976776123047,5980000
2019-04-29,20.814186034365562,20.860116156526576,20.20943334219445,20.25536346435547,4587400
2019-04-30,20.224741845381587,20.61515149490599,20.048675177976104,20.515634536743164,5556500
2019-05-01,20.5615650931285,20.75294227691386,20.385496974376018,20.393152236938477,2749700
2019-05-02,20.40081055463965,20.630464085629242,20.171158483742317,20.25536346435547,2514400
2019-05-03,20.324256132262466,20.59218447892135,20.278326017435578,20.500324249267578,2848400
2019-05-06,20.28598620069136,20.423778038688198,20.109919501069797,20.362537384033203,3045800
2019-05-07,20.18647598975888,20.362542735653765,19.811375238810285,19.92620277404785,3460800
2019-05-08,19.91088161365707,20.01039710297354,19.604678423346424,19.61998748779297,2825600
2019-05-09,19.52048017464951,19.70420216578804,19.244896457895415,19.642961502075195,2351200
2019-05-10,19.56640923234022,19.681235287981142,19.260205930600254,19.558753967285156,2603400
2019-05-13,19.283170350254945,19.45158178917564,19.137723244768825,19.24489402770996,3959600
2019-05-14,19.25255021797966,19.451582724506842,19.114758370376805,19.122413635253906,4183300
2019-05-15,18.9922788069763,19.130070667307944,18.81621207881592,19.099451065063477,5730400
2019-05-16,19.175999520083224,19.344412431504768,19.11475885959153,19.18365478515625,4207400
2019-05-17,18.984618635159602,19.038205480400944,18.601864215417738,18.640140533447266,5808900
2019-05-20,18.502345639582426,18.563586278178924,17.93586936754182,17.958833694458008,5639000
2019-05-21,18.027733777874637,18.104284958903346,17.836356555349038,17.997114181518555,6920900
2019-05-22,17.96648796954135,17.981798493372164,17.652629531469216,17.706214904785156,5229100
2019-05-23,17.51484357854271,17.56843042982229,17.2239508292013,17.537809371948242,9137800
2019-05-24,17.698561510195383,17.798076997201644,17.49187381399936,17.614355087280273,5074600
2019-05-28,17.675598338800285,17.76745857730455,17.223948029226527,17.285188674926758,7952300
2019-05-29,17.216293835359206,17.438292102369136,17.1856742406533,17.27753448486328,6041400
2019-05-30,17.254572156373243,17.346432411244265,17.109125049386297,17.239261627197266,8682100
2019-05-31,17.185671141750575,17.576079299383387,17.109119978651044,17.453598022460938,6454900
2019-06-03,17.46891262179029,17.622014983701064,17.41532723314922,17.530153274536133,5567900
2019-06-04,17.644979900659262,17.943529370269655,17.445948867708843,17.928218841552734,11695500
2019-06-05,18.05069772392354,18.081318777239932,17.69856437133817,17.866975784301758,5791100
2019-06-06,17.921354900259654,18.06895208479058,17.7504539108971,17.944660186767578,7765200
2019-06-07,18.02234397441959,18.550583828931664,17.82813768797833,18.480670928955078,9135500
2019-06-10,18.5816546916796,18.985604061029974,18.5816546916796,18.729251861572266,7680900
2019-06-11,18.915689147356012,19.164272911615416,18.775860409541067,19.008907318115234,4968300
2019-06-12,18.993377008540197,19.52938533751839,18.923462620990605,19.467239379882812,5125300
2019-06-13,19.459465039631855,19.80126844365137,19.397319100871584,19.63813591003418,5326400
2019-06-14,19.739128625945252,20.321747538119965,19.700287957804207,19.97217559814453,6294400
2019-06-17,19.948863779016776,20.143070005087147,19.832340339709734,19.94109535217285,5095200
2019-06-18,20.018788402913458,20.477115449965773,20.018788402913458,20.181921005249023,5797100
2019-06-19,20.20522556734935,20.337285923280128,20.07316521141857,20.24406623840332,6373100
2019-06-20,20.383891096430553,20.686852420958388,20.31397671666623,20.632474899291992,7183800
2019-06-21,20.616939087650483,20.624706034859148,20.057624061342942,20.313976287841797,9537000
2019-06-24,20.26736816349585,20.368354780467595,19.987710636995043,20.065393447875977,6334300
2019-06-25,19.972171502978735,20.228525194181383,19.855648040771484,19.855648040771484,6399800
2019-06-26,19.89449071593124,19.995477324104325,19.630370070953944,19.770198822021484,6478500
2019-06-27,19.87895377583664,20.32174383125232,19.87895377583664,20.17414665222168,4521900
2019-06-28,20.158605703872233,20.554785078483548,20.158605703872233,20.461566925048828,5349400
2019-07-01,20.58586341808584,20.717923733242497,20.244059987972825,20.508180618286133,5151000
2019-07-02,20.48487691593355,20.62470417824704,20.368351974824716,20.60140037536621,3779400
2019-07-03,20.741234081052088,20.881061376814912,20.609173733656753,20.857757568359375,1897800
2019-07-05,20.679080759431336,20.717921414145408,20.40719173140482,20.67131233215332,2865000
2019-07-08,20.624702772403456,20.68684871197656,20.461570236652584,20.531484603881836,3638900
2019-07-09,20.414966784434114,20.508184978672592,20.244064292202765,20.4227352142334,2955000
2019-07-10,20.585862008144545,20.585862008144545,20.345046678767623,20.438264846801758,3195200
2019-07-11,20.407196516104275,20.446037179924982,19.8944920489539,20.049856185913086,3151700
2019-07-12,20.026552447488264,20.073161540564776,19.723589638300048,19.84011459350586,2894100
2019-07-15,19.84011459350586,19.910027492282452,19.700285832599967,19.84011459350586,2265400
2019-07-16,19.78573265875352,20.08869542306366,19.684746058434232,19.99547576904297,3419300
2019-07-17,19.93333066412872,20.01878189376366,19.521612854232256,19.65367317199707,3497700
2019-07-18,19.62260390469955,19.653676140921235,19.37402008822037,19.49831199645996,3041100
2019-07-19,19.506080224266938,19.739127179387662,19.46723807729588,19.490543365478516,3064000
2019-07-22,19.537151134555593,19.63813922815181,19.428396093768562,19.529382705688477,1643800
2019-07-23,19.544917654593974,19.785732999250474,19.544917654593974,19.708051681518555,2571400
2019-07-24,19.676980545223536,19.871186828331417,19.591529306519632,19.84011459350586,2503700
2019-07-25,19.88672006748381,19.90225692290728,19.428393204224033,19.47500228881836,4246200
2019-07-26,19.770198513027292,20.508181436372794,19.661441996298855,20.360584259033203,4950600
2019-07-29,20.39942482579419,20.5314851360193,19.49053950993339,20.073158264160156,4432600
2019-07-30,19.902259155941668,20.306207070542275,19.7313566904604,20.267366409301758,2874100
2019-07-31,20.2129900033756,20.27513595378656,19.622602733633332,19.739126205444336,3692200
2019-08-01,19.692515359092955,19.886721622039282,19.40508943799486,19.443931579589844,7103000
2019-08-02,19.42062918339111,19.64590919312313,19.327409511373208,19.49831199645996,4680600
2019-08-05,19.125432254078426,19.29633322158774,18.83800635060592,19.008907318115234,4347900
2019-08-06,19.071051865209768,19.164271510831348,18.713713100625046,18.9234561920166,4823900
2019-08-07,18.72925465987015,19.22642227693527,18.65934027851082,19.17204475402832,3418200
2019-08-08,19.172043867858918,19.537151134555593,18.9778375912099,19.529382705688477,3244900
2019-08-09,19.451703073842243,19.52161597638033,19.06329048672887,19.21865463256836,3535800
2019-08-12,19.25749426049107,19.482772761067956,19.078823367723466,19.19534683227539,2651800
2019-08-13,19.187582027486297,19.622603701827302,19.086593927037953,19.490543365478516,2918300
2019-08-14,19.335172560531646,19.366246269783005,19.008906021772418,19.032211303710938,3057200
2019-08-15,19.047754424939793,19.30410668389791,18.946766318324368,19.24972915649414,2657400
2019-08-16,19.29633239928792,19.622598946393794,19.273027116753198,19.5449161529541,2966800
2019-08-19,19.676978785373574,19.69251564223496,19.443931859157676,19.560455322265625,3058900
2019-08-20,19.568223469341397,19.583758844303194,19.366248778076073,19.443931579589844,2583000
2019-08-21,19.62260222319695,19.847880731947953,19.498310325608198,19.809040069580078,2687900
2019-08-22,19.871180381273973,19.979935390393194,19.67697416117486,19.917789459228516,2374900
2019-08-23,19.840115894709168,20.13530881245562,19.443934873384606,19.51384925842285,4285200
2019-08-26,19.614833213796164,19.770198822021484,19.490541319886407,19.770198822021484,2518000
2019-08-27,19.917797737356743,19.97217526451645,19.443935370910374,19.459470748901367,3278400
2019-08-28,19.428396215066808,19.933332241171478,19.405090928319954,19.92556381225586,4236000
2019-08-29,20.080927080739823,20.44603430705286,20.026549566360874,20.282901763916016,2982500
2019-08-30,20.313972968305535,20.585862008144545,20.244058601441903,20.438264846801758,4557900
2019-09-03,20.345048072215295,20.523717474581307,20.22075618520623,20.508180618286133,2833800
2019-09-04,20.616935025974467,20.756762273328125,20.56255603449269,20.679080963134766,3061400
2019-09-05,20.836455027135223,21.08038742081316,20.77350507089309,20.923011779785156,3739900
2019-09-06,20.93088362470003,21.111864586476123,20.86793365969767,21.017438888549805,4290900
2019-09-09,21.017436216636323,21.198418656249956,20.962355191867314,21.15120506286621,3960600
2019-09-10,21.11185992648499,21.57611637871981,21.096122063496807,21.513166427612305,3101500
2019-09-11,21.465956536633012,22.03250615458955,21.450218672033987,22.02463722229004,3965300
2019-09-12,22.134800172948395,22.197750133059106,21.812181439775312,21.930213928222656,3343600
2019-09-13,21.96956304547355,22.079725130316113,21.52104427050499,21.568256378173828,4078600
2019-09-16,21.458092386628493,21.733499075108927,21.347928810728895,21.70989227294922,3182800
2019-09-17,21.883000995368228,21.914476726799737,21.56038225242263,21.898738861083984,2041200
2019-09-18,21.92234487092406,21.985294830676757,21.749231355970075,21.890869140625,3159900
2019-09-19,21.88300015821358,22.04824474021647,21.764969171551755,21.867263793945312,2261600
2019-09-20,21.945953999376506,22.00103503617111,21.623335211711808,21.749235153198242,4954800
2019-09-23,21.56824923157542,21.930212606022874,21.536775003840404,21.73349380493164,3083000
2019-09-24,21.788576951027714,21.843657980562185,21.552513466221495,21.67841339111328,3000900
2019-09-25,21.670546590701495,21.969558545823734,21.670546590701495,21.90660858154297,2593100
2019-09-26,21.961688207539666,22.071850262771274,21.77283832678029,21.953819274902344,1755700
2019-09-27,22.032506875102783,22.08758790215527,21.709888144499267,21.867263793945312,2337800
2019-09-30,21.93808213618385,22.01676996431764,21.74923224917005,21.796445846557617,2462800
2019-10-01,21.796446786368897,21.969558815051023,21.434483361684656,21.442352294921875,2639500
2019-10-02,21.410874264555915,21.410874264555915,20.860062504663546,21.033174514770508,3580300
2019-10-03,21.00170264885394,21.206290411549656,20.734164920778433,21.198421478271484,2960600
2019-10-04,21.198417843266135,21.332186684365833,21.096123229036497,21.261367797851562,2810600
2019-10-07,21.206287891528145,21.371530968196566,21.072519043386638,21.25349998474121,2279600
2019-10-08,21.166939039199526,21.166939039199526,20.647601614137645,20.742027282714844,2821500
2019-10-09,20.867933111763893,21.06465193483668,20.852195245715148,20.94662094116211,2240200
2019-10-10,20.9072752081954,21.09612508859825,20.860063113306044,20.97809410095215,2487900
2019-10-11,21.182683994217147,21.6312026932529,21.174815060796888,21.34792709350586,3730000
2019-10-14,21.308581361885107,21.434481279760867,21.19841930895517,21.3794002532959,1531100
2019-10-15,21.36366289357733,21.55251277485706,21.332188663786763,21.426612854003906,2137500
2019-10-16,21.371532475142452,21.804313278610056,21.371532475142452,21.796445846557617,3458300
2019-10-17,21.827920758188796,22.197751610854713,21.804313958758637,22.048246383666992,3867500
2019-10-18,22.1347999255914,22.41020656081513,22.032506804371657,22.252832412719727,3495400
2019-10-21,22.394469282968053,22.60692596435547,22.386601851075596,22.60692596435547,2482500
2019-10-22,22.61479763340775,23.01610424652557,22.48889769605851,22.92167854309082,2812800
2019-10-23,22.874467986739504,23.228562522478338,22.84299375069924,23.220693588256836,3062400
2019-10-24,23.197086014808225,23.212823882728294,22.732829417086005,22.929548263549805,3813300
2019-10-25,22.75643225999117,23.126263086698568,22.504632420458858,22.866594314575195,4120200
2019-10-28,22.9531513862905,23.299376920807408,22.890201425546103,23.11052703857422,4851000
2019-10-29,22.984623972415285,23.52756828303358,22.92954294830893,23.33871841430664,3969500
2019-10-30,23.29937984313996,23.653472853922384,23.08692313616312,23.629867553710938,4294100
2019-10-31,23.5590507891302,23.629869697881908,22.929549544764527,22.984630584716797,3517800
2019-11-01,23.05544805366442,23.606261420480575,23.00036701715194,23.598392486572266,2820100
2019-11-04,23.614134588051037,23.826591339128655,23.56692247698244,23.763641357421875,3354900
2019-11-05,23.724287884972952,23.763632546981253,23.291507108799397,23.346588134765625,4402100
2019-11-06,23.362328022140428,23.378064387460714,23.197083429090455,23.24429702758789,3407300
2019-11-07,23.315117471442633,23.417412114047046,23.055448649144402,23.09479331970215,3621500
2019-11-08,23.023966297658088,23.385928134124445,23.000359503644773,23.315109252929688,2340700
2019-11-11,23.275771259073988,23.291509125239802,23.110528166869543,23.24429702758789,2019100
2019-11-12,23.244299618568434,23.322985956477403,22.898074028555357,22.929548263549805,2665300
2019-11-13,23.008233848025412,23.008233848025412,22.76430292254673,22.803646087646484,2345000
2019-11-14,22.819385074180776,23.08692281235951,22.772172973574417,23.07905387878418,2242100
2019-11-15,23.039712281767027,23.173481159971914,22.984629742986186,23.09479331970215,1991200
2019-11-18,23.118395768185366,23.338721393581523,23.000364772769597,23.307247161865234,2320300
2019-11-19,23.362327624362003,23.480358616904887,23.283639795718248,23.38593292236328,2537900
2019-11-20,23.36233140255237,23.409543507035636,23.023974735256537,23.220693588256836,2551300
2019-11-21,23.165605764912574,23.212817855568574,22.795773469045574,22.842987060546875,2741200
2019-11-22,22.850862386047005,22.99249869764429,22.669879903011093,22.8115177154541,2347500
2019-11-25,22.81151066441755,23.141998291015625,22.599054011423377,23.141998291015625,3914100
2019-11-26,23.14200256760673,23.33085246044107,22.992495839629143,23.307247161865234,3943400
2019-11-27,23.3072451487435,23.44888143050152,23.252162621517964,23.40953826904297,2056900
2019-11-29,23.4724934799619,23.511836650223664,23.15774361533057,23.220693588256836,1870300
2019-12-02,23.252168350924197,23.315118325276185,22.945287413563968,22.984630584716797,3233700
2019-12-03,22.811516140605445,23.12626597939054,22.764304039999086,23.07905387878418,4373300
2019-12-04,22.937415136144935,23.590521587676832,22.937415136144935,23.2915096282959,3934100
2019-12-05,23.235781945082962,23.371105159579134,23.156179786270233,23.28354263305664,2878800
2019-12-06,23.43479558550882,23.54623773968649,23.363153766884466,23.490516662597656,3301500
2019-12-09,23.44275223435459,23.44275223435459,23.26762714183883,23.38702964782715,2626600
2019-12-10,23.347233207085583,23.363153948745033,22.989024111175492,23.08454704284668,4522400
2019-12-11,23.14026584489029,23.40295198329817,23.06862403275311,23.347230911254883,3316100
2019-12-12,23.394985552743744,23.72135304869585,23.283543437526426,23.522348403930664,2510100
2019-12-13,23.52235613818785,23.593997955322266,23.347232539795638,23.593997955322266,3441200
2019-12-16,23.681553764170264,23.761155929219438,23.45866800568959,23.601951599121094,3538600
2019-12-17,23.60195250367595,23.761156839875866,23.51439148522256,23.609912872314453,3472400
2019-12-18,23.673596448344036,23.888521866204083,23.53827320579718,23.753198623657227,3556000
2019-12-19,23.77707716467375,23.920359242825963,23.72135458517089,23.888519287109375,3305000
2019-12-20,23.944244596620518,24.0556867388287,23.769121013395473,23.99996566772461,9383900
2019-12-23,24.015885503370463,24.10344805082898,23.952204064751154,23.99200439453125,2724600
2019-12-24,23.95220421389811,23.95220421389811,23.745239157525308,23.761159896850586,750300
2019-12-26,23.832802132028384,23.91240431179402,23.713399621522576,23.872602462768555,1448300
2019-12-27,23.96016793530137,23.96016793530137,23.808923927124546,23.86464500427246,1807700
2019-12-30,23.87260124376075,23.88852198255798,23.705438041245543,23.824840545654297,2327000
2019-12-31,23.80096544629908,24.047730886814108,23.737283993318247,24.039772033691406,2412700
2020-01-02,24.047724102138183,24.071605209625428,23.307427989455654,23.394989013671875,4973500
2020-01-03,23.219862366229947,23.54622986716188,23.203941630017418,23.43478775024414,3111000
2020-01-06,23.32334821008103,23.49847330259679,23.24374755161231,23.38702964782715,2178600
2020-01-07,23.3233474631568,23.47459144231725,23.18006537153053,23.23578643798828,2426200
2020-01-08,23.180065002330657,23.418870002856067,23.15618389496405,23.323347091674805,2299800
2020-01-09,23.323348922770467,23.562155460329535,23.25170711333128,23.514394760131836,1670400
2020-01-10,23.570112424705634,23.649713074106135,23.458668782631815,23.538270950317383,3665400
2020-01-13,23.562155076707157,24.087527325183967,23.562155076707157,24.079566955566406,4283200
2020-01-14,24.031808991929164,24.413897667357435,23.960167175500686,24.390016555786133,3776000
2020-01-15,24.48554349103281,24.748229688166035,24.453702003726633,24.620866775512695,3274400
2020-01-16,24.732300359004366,24.93926539979214,24.708420770099917,24.91538429260254,2942100
2020-01-17,25.002950019285713,25.138273274029455,24.612900995209124,24.660661697387695,4762300
2020-01-21,24.60494040517596,24.724342918697662,24.35817500812639,24.517377853393555,3563900
2020-01-22,24.636782149459005,24.65270137135674,24.270612716674805,24.270612716674805,2697000
2020-01-23,24.167128704486643,24.549217323792032,24.087526529226718,24.533296585083008,1873900
2020-01-24,24.5332948014104,24.54921553896192,24.119364734781392,24.30245018005371,2006500
2020-01-27,24.05568090634545,24.119362331922268,23.87259699759772,24.015880584716797,3170700
2020-01-28,24.135286548505956,24.278570156288364,24.071605113745456,24.191007614135742,3710900
2020-01-29,24.230805737484868,24.33428748371701,23.94423856594212,23.960159301757812,3477700
2020-01-30,23.808920235472076,23.968124589739933,23.54623411372978,23.936283111572266,4079500
2020-01-31,23.219862312609724,23.546229812788,22.32036197466874,23.04473876953125,10558300
2020-02-03,23.14026602619421,23.156186766412844,22.392007937057365,22.46364974975586,5626500
2020-02-04,22.646731971543456,22.710413404982116,22.049717963699095,22.431806564331055,7236300
2020-02-05,22.654693160564786,23.18802579001928,22.535290650328616,23.020862579345703,4503400
2020-02-06,23.148228989673246,23.188029326393433,22.782061033333854,22.805940628051758,2438000
2020-02-07,22.758175899990412,22.77409663918022,22.32832505157708,22.750215530395508,4101400
2020-02-10,22.774100662332714,22.813900999052898,22.487533379433692,22.805940628051758,3034000
2020-02-11,22.90942053901535,23.108425229707088,22.8377787289035,23.004941940307617,3373200
2020-02-12,23.116382282619078,23.86463871908921,23.116382282619078,23.681554794311523,4710200
2020-02-13,23.641757254597486,24.238771311347065,23.570115446324717,24.079566955566406,3577200
2020-02-14,24.13528689889439,24.405933380126953,23.98404291978556,24.405933380126953,2652600
2020-02-18,24.405936944266287,24.405936944266287,23.697480679025027,23.97608757019043,3064900
2020-02-19,24.023846797894247,24.37409548292753,24.023846797894247,24.175090789794922,3349500
2020-02-20,24.103449829862676,24.628822116820082,23.999966535540096,24.573101043701172,3331700
2020-02-21,24.469618848341327,24.533300294520867,24.11141128293845,24.461658477783203,3151100
2020-02-24,23.952204099322966,24.079566976745408,23.578075836680192,23.689517974853516,3755600
2020-02-25,23.737272634454257,23.753193369652408,22.344240188598633,22.344240188598633,4617900
2020-02-26,22.471610541914675,22.774098538608445,21.794994252768486,21.810914993286133,4551700
2020-02-27,21.389021900227338,21.874592246715356,20.943250360838704,20.991012573242188,6430700
2020-02-28,20.53728506373999,20.736289769854853,19.804947684505866,20.68056869506836,9547600
2020-03-02,20.80792910462555,21.842754364013672,20.41788010933953,21.842754364013672,6513400
2020-03-03,21.83479202153217,22.224840981573365,21.10245479578735,21.277578353881836,5143800
2020-03-04,21.643747618340296,22.575089503862724,21.50842438648541,22.567129135131836,5083800
2020-03-05,21.850073192193655,22.12400336600648,21.30220977113836,21.721162796020508,5387700
2020-03-06,21.294155950485194,21.65671159550402,20.810746887078377,21.431121826171875,6246100
2020-03-09,20.06951755201207,20.06951755201207,18.989904675785763,19.296064376831055,7142500
2020-03-10,19.97283452675259,20.133969819238732,18.417869810808853,19.682788848876953,5058500
2020-03-11,19.086593256678956,19.199388163650845,17.52357087269611,18.095603942871094,9036400
2020-03-12,16.508408451038544,16.64537432353816,14.663399207418415,15.034011840820312,9462600
2020-03-13,16.153910964042534,17.66053581237793,15.034014343849636,17.66053581237793,9280300
2020-03-16,15.332112466302549,16.170020042912828,13.656295776367188,13.656295776367188,7892300
2020-03-17,13.98662946504783,15.267663002014162,13.39848088064027,15.26766300201416,6586000
2020-03-18,13.978571151553142,14.542547151192467,12.866730842346778,13.092321395874023,7446800
2020-03-19,13.116489989294466,13.503216581743155,12.10938775932177,13.003693580627441,8253600
2020-03-20,13.197055866264435,13.253454834636539,11.762944478241387,11.891853332519531,10024700
2020-03-23,11.682379164616714,11.835458277661942,10.554425621582961,10.852527618408203,9656300
2020-03-24,11.529297805495561,13.616011376749906,11.408445169770218,13.599897384643555,8684400
2020-03-25,13.42264790890391,15.525476213564142,13.148716193480169,14.2766695022583,7067100
2020-03-26,14.365298458927656,14.961502475592678,13.954400784594622,14.727855682373047,6600300
2020-03-27,14.10747631870706,14.470031893562023,13.744919207137347,13.857715606689453,5939300
2020-03-30,13.84160206756665,14.17193120812736,13.495158935584731,13.656295776367188,6152200
2020-03-31,13.454875493746519,13.873828513694258,12.761989229782685,13.656295776367188,10328600
2020-04-01,12.786160190387594,13.148716566468199,12.367206377775492,12.987581253051758,9540600
2020-04-02,12.858672200615482,13.277626032168477,12.4880588116014,12.761990547180176,7303600
2020-04-03,12.592798425647729,12.866730182197937,12.17384379366328,12.359150886535645,6138200
2020-04-06,13.213171730480509,13.970512509270097,12.987581971868911,13.777149200439453,8641200
2020-04-07,14.558654578647413,15.170972287493466,13.881882455013065,13.930224418640137,7054600
2020-04-08,14.236385200948122,15.759121999160708,13.994681483894134,15.678553581237793,6720200
2020-04-09,16.113627865119497,17.136843603366255,16.113627865119497,16.927366256713867,7416500
2020-04-13,16.87096324941349,16.87096324941349,15.952485718592028,16.194190979003906,4780400
2020-04-14,16.44395387271427,16.71788561537325,16.290874007883662,16.379499435424805,3967500
2020-04-15,15.694671063965265,15.92026237699674,15.106524094690279,15.404626846313477,4559600
2020-04-16,15.420736415488859,15.436850406983002,14.816475564891775,15.283770561218262,3196300
2020-04-17,15.855804843799115,16.26670240345599,15.855804843799115,16.194190979003906,4786900
2020-04-20,15.807463945274417,15.968599244133639,15.444906833590354,15.452963829040527,4335300
2020-04-21,14.937329893429236,15.38045393007517,14.880930919691929,15.114579200744629,4913200
2020-04-22,15.44490369072574,15.517415098307294,15.146801066588854,15.324051856994629,4561200
2020-04-23,15.428797864014038,15.726900645829435,15.20320806484966,15.291831970214844,4433800
2020-04-24,15.436848028773008,15.968597372439637,15.275711212086028,15.799405097961426,3279200
2020-04-27,15.99277292387268,16.72594272945145,15.99277292387268,16.645374298095703,3557300
2020-04-28,17.040156386205375,17.442996969977205,16.854850086481903,17.2174072265625,4365100
2020-04-29,17.51551065745486,18.297020937567925,17.451056217205487,18.015033721923828,4741400
2020-04-30,17.708872682969655,17.8297245575087,17.104611773559466,17.620248794555664,4169500
2020-05-01,15.855804862040342,15.888031308103455,14.236385608605419,14.478089332580566,12267500
2020-05-04,14.179990290008446,14.56671692072408,13.817433113265649,14.325013160705566,7994800
2020-05-05,14.51031838011935,14.929272966686124,14.08330679726688,14.115534782409668,7780000
2020-05-06,14.179988317098376,14.743964190912031,14.171931321323418,14.687566757202148,6631200
2020-05-07,14.905106867325623,15.364345049255242,14.808424416896294,15.009844779968262,6957400
2020-05-08,15.420735813031941,16.008884185871928,15.34822439085598,15.992770195007324,5763000
2020-05-11,15.759121873938918,15.783292860138156,15.283769902357093,15.589929580688477,4936300
2020-05-12,15.606047856621915,15.726899747372329,14.663400650024414,14.663400650024414,4733200
2020-05-13,14.5425453043149,14.58283028706133,13.712694637032923,13.73686408996582,8312300
2020-05-14,13.470989469417285,14.0188529458773,12.93118298957756,14.002738952636719,6867500
2020-05-15,13.825486100733746,14.252497592094677,13.551554432572331,13.962451934814453,5329100
2020-05-18,14.671456134955783,15.710785777885322,14.671456134955783,15.444911003112793,7345800
2020-05-19,15.340171579206784,15.59798933066992,14.856762526855896,14.92121696472168,5516100
2020-05-20,15.122638635435091,15.791354064712221,15.122638635435091,15.694671630859375,5274400
2020-05-21,15.597990269929591,16.05722835946649,15.573819278006294,15.670501708984375,3835000
2020-05-22,15.670502743481869,15.944434523169242,15.541593851477835,15.93637752532959,4152400
2020-05-26,16.919301888718053,17.15295012861385,16.806507034541948,16.99987030029297,8447700
2020-05-27,17.63636005317856,17.82972334665229,17.28991690943672,17.60413360595703,8324600
2020-05-28,17.829722579486695,17.829722579486695,17.040155447596554,17.2738037109375,5640000
2020-05-29,17.02404580968073,17.225466141978828,15.936377244643134,16.266706466674805,11299800
2020-06-01,16.290869991537836,17.217404412129532,16.218358575374754,16.959585189819336,5384400
2020-06-02,17.193236374865414,17.644417401992925,17.11266795012821,17.4832820892334,4758000
2020-06-03,17.861952069750558,18.055315371226033,17.75721419105277,17.82166862487793,4155200
2020-06-04,17.781380699294303,18.29701608452377,17.69275529118999,17.95863151550293,5030900
2020-06-05,18.917393326432073,19.16715559323839,18.627349152902113,18.86905288696289,5856400
2020-06-08,19.45720229488747,20.085634236499914,19.392747854982222,19.851985931396484,7837700
2020-06-09,18.844883915696194,19.296066521411444,18.587066161981785,19.134929656982422,5468200
2020-06-10,18.973792192895306,19.054360622563486,18.151998513081793,18.377588272094727,5035300
2020-06-11,17.185180422894604,17.596078030977157,16.540636059264113,16.653430938720703,7939900
2020-06-12,17.43494331290499,17.861954966698537,17.024045654359917,17.531625747680664,5595000
2020-06-15,16.806510811065703,18.03114510267151,16.733999378025988,17.80555534362793,5687500
2020-06-16,18.643463982082615,18.772372861557383,17.96669159648256,18.554840087890625,6497200
2020-06-17,18.643463009753095,18.68374799293485,18.00697564263112,18.031145095825195,7383600
2020-06-18,17.749160597216715,18.168113729035333,17.676649153173738,18.05531883239746,6391000
2020-06-19,18.35341775051064,18.635404932861846,17.918349177657536,18.288963317871094,16745800
2020-06-22,18.1600596909565,18.32925204917165,17.781388445343932,18.143945693969727,7308900
2020-06-23,18.417871227291716,18.530666094378322,18.176165964901372,18.345359802246094,7201100
2020-06-24,18.031143748810102,18.20839458813837,17.42688287665981,17.5235652923584,6231100
2020-06-25,17.322146763843435,17.7411013799666,17.072386008226363,17.716930389404297,4290900
2020-06-26,17.531623114446568,17.660531983642027,17.15295350327428,17.314088821411133,6559400
2020-06-29,17.571913263829092,17.942527556698806,17.314095427075653,17.87001609802246,3251800
2020-06-30,17.894183588012517,18.216457385158524,17.789445679640814,18.095603942871094,4171200
2020-07-01,18.20839195370607,18.280903370810176,17.741097008321088,17.886119842529297,2807400
2020-07-02,18.25674028167969,18.715978430802224,17.853899584313915,17.918354034423828,4237500
2020-07-06,18.425932305691273,18.482329751730603,18.079489095203787,18.184226989746094,3782900
2020-07-07,17.926403280158404,18.127823541733218,17.74915400318984,17.886119842529297,4030000
2020-07-08,18.00697376995645,18.33730291411866,17.821667476736636,18.26479148864746,4239600
2020-07-09,18.16005230773959,18.39369902219425,17.98280148637946,18.216449737548828,5045600
2020-07-10,18.313131330911403,19.11075544842933,18.22450745344148,19.086585998535156,8283000
2020-07-13,19.30412198158937,19.68279315198306,19.09464620923268,19.134929656982422,6245700
2020-07-14,19.14298292843645,19.76335773802676,19.022131071991325,19.706958770751953,5215500
2020-07-15,20.08563267923497,20.29510997686474,19.884212378058066,20.190370559692383,6422500
2020-07-16,20.085635163101255,20.528759265802876,19.71502096401242,20.25482749938965,4317900
2020-07-17,20.480415263690908,20.93965328159571,20.367620392406184,20.907426834106445,5519300
2020-07-20,20.73017895470992,20.90742981971456,20.61738406731794,20.64961051940918,3437100
2020-07-21,20.83491658623563,20.971882453429778,20.60932529417616,20.68989372253418,4942400
2020-07-22,20.54487273141668,21.100793247370536,20.54487273141668,21.036338806152344,4188300
2020-07-23,20.931596777488636,21.53585766508391,20.867142344280403,21.278039932250977,4513100
2020-07-24,21.2135881353236,21.294156571025116,20.802690496289458,21.036338806152344,5207000
2020-07-27,21.181361832180407,22.26903034330479,21.044395951538174,22.140121459960938,6734500
2020-07-28,22.09177887090228,22.140119313290437,21.737278707720897,21.95481300354004,5674000
2020-07-29,22.107892769702122,22.913573977407005,21.978983899406536,22.841062545776367,5825400
2020-07-30,22.438221704047397,22.913573734491074,22.13206198780489,22.881345748901367,6535700
2020-07-31,23.17945116281667,23.38892848335183,22.083724112852785,22.405996322631836,11492000
2020-08-03,22.08372422118009,22.704099188494833,22.00315578416134,22.5590763092041,4839100
2020-08-04,22.397938612649302,22.518792032096904,22.148177850106716,22.422109603881836,6488200
2020-08-05,22.768551114145733,22.96191441958911,22.70409667899794,22.841062545776367,4134300
2020-08-06,22.655752638302758,22.92968279163513,22.373763953052567,22.567127227783203,3524400
2020-08-07,22.50267637707172,22.84911954225921,22.405993955992557,22.841062545776367,3187100
2020-08-10,22.8732913477582,23.2439055405159,22.784667450760903,23.21167755126953,6062500
2020-08-11,23.485606059860924,23.856220201282472,23.2277883284624,23.2761287689209,4798900
2020-08-12,23.42920983505774,23.63063014022045,23.308357959303112,23.52589225769043,2876600
2020-08-13,23.41309704634439,23.477551485843787,22.889404533322434,22.961915969848633,3021800
2020-08-14,22.978031890908102,23.03442933811035,22.65575966638443,22.849123001098633,3547700
2020-08-17,22.87328537608836,23.55811460163002,22.768547511812443,23.332523345947266,4833500
2020-08-18,23.413096907839016,23.638688213109887,23.235847584443004,23.26807403564453,3023000
2020-08-19,23.30029845191518,23.703139018831614,23.292241456171073,23.3405818939209,5322700
2020-08-20,23.171396103153302,23.69508867992659,23.12305565182283,23.36475944519043,5168000
2020-08-21,23.413099437489254,23.509781874969907,23.219736099243164,23.219736099243164,4295500
2020-08-24,23.44531930406577,23.542000171327086,23.235842042713344,23.53394317626953,4933100
2020-08-25,23.630633850274474,23.638690848151743,23.123055277728245,23.485610961914062,4868200
2020-08-26,23.485608458430942,23.807880655592548,23.3566995795663,23.654802322387695,4157100
2020-08-27,23.80787898974914,24.331573002298178,23.751481551281383,24.299345016479492,6651500
2020-08-28,24.38797162286279,25.105027438220215,24.202665305568292,24.887493133544922,6167500
2020-08-31,24.88748961989755,24.89554661560525,24.24294533042947,24.420194625854492,5436800
2020-09-01,24.29934515332316,24.871379611106743,24.049584408681575,24.79886817932129,3424000
2020-09-02,24.774697189821154,24.82303763210647,24.29934515332316,24.79886817932129,7513200
2020-09-03,24.96806246053075,24.976119457664836,23.79982553695934,23.993188858032227,7682700
2020-09-04,24.146268336035742,24.31546221042769,23.13110969982949,23.39698600769043,5325600
2020-09-08,23.08276908273319,23.171394518039047,22.518793091217653,22.631587982177734,5727500
2020-09-09,22.873290654543755,23.469494607096614,22.752438771962712,23.1149959564209,4624600
2020-09-10,23.13916312883275,23.5581177147288,22.95385682470312,23.002197265625,4394300
2020-09-11,23.09082389191691,23.21973276557345,22.696040274254372,22.905517578125,3521600
2020-09-14,23.22778691109644,23.348638773225723,23.00219564153093,23.3083553314209,3168800
2020-09-15,23.36475959880155,23.49366849434048,22.969975914124184,23.171396255493164,4344900
2020-09-16,23.30029833571697,23.542002059975538,22.87328678369772,23.3083553314209,4938900
2020-09-17,23.002197990315953,23.276129725361752,22.72826625527015,23.106937408447266,3870100
2020-09-18,22.816893363413918,23.22779099629208,22.341541290283203,22.341541290283203,6933900
2020-09-21,21.89036326823806,21.954817717499722,21.44723912165354,21.632545471191406,5139100
2020-09-22,21.737278827195528,22.414051171209298,21.60031295908048,22.33348274230957,4635400
2020-09-23,22.381829404305293,22.446283853566957,21.551977025435505,21.632545471191406,4088100
2020-09-24,21.6325401068098,22.107892128506226,21.358608381197794,21.73727798461914,3549000
2020-09-25,21.519743366533753,22.051494353832354,21.39083450195072,21.97898292541504,2876400
2020-09-28,22.56713033343029,22.889402502331855,22.244858164528726,22.808834075927734,3425400
2020-09-29,22.889403335912146,23.050540194588628,22.438222283018963,22.59935760498047,2999600
2020-09-30,22.728266961160706,23.21973300754468,22.655757063598898,22.978029251098633,5068000
2020-10-01,23.106938839452944,23.324473148999083,22.760495650927254,23.19556427001953,4168400
2020-10-02,22.631587219773117,23.582291373595783,22.502678338242767,23.45338249206543,4856400
2020-10-05,23.533947245071726,24.041527264450917,23.453380353996252,23.95290184020996,3270100
2020-10-06,24.1704411752031,24.1704411752031,23.308362352495298,23.35670280456543,4686000
2020-10-07,23.678967260491348,23.96901295097455,23.65479781076092,23.783706665039062,2986200
2020-10-08,23.936789620118095,24.396029231521265,23.807880740792136,24.379915237426758,3055800
2020-10-09,24.58133496416688,24.605505954729185,23.501721973157576,23.622573852539062,4259200
2020-10-12,23.703140632288576,24.049583789293237,23.53394678357506,23.92873191833496,2437900
2020-10-13,23.711201554064424,23.888450891699893,23.485610230670503,23.614519119262695,2486300
2020-10-14,23.6789738129538,23.98513357912121,23.56617891842643,23.574235916137695,2530500
2020-10-15,23.30835912256839,24.041528947014232,23.195564237796738,24.001245498657227,3238300
2020-10-16,24.04957715434002,24.08180359390443,23.727305075123493,23.791759490966797,2871900
2020-10-19,23.904559454158356,24.07375175571505,23.493661888887335,23.606456756591797,3596700
2020-10-20,23.912624286245627,24.331578984605585,23.751487390964005,24.25906753540039,4736600
2020-10-21,24.234889378744395,24.484650109583445,23.993185643960132,24.057640075683594,4301100
2020-10-22,24.073755908162095,24.11404089408726,23.445325494880397,23.45338249206543,4677100
2020-10-23,23.646746272098486,23.815938606114027,23.34864351734215,23.711200714111328,2704000
2020-10-26,23.413095348653492,23.566175207632828,22.728266018182712,22.921630859375,4065300
2020-10-27,22.857175533589576,22.937742421445147,22.18846022207012,22.204572677612305,3098900
2020-10-28,21.680883612934988,22.30125858139811,21.511691277926023,22.099838256835938,5201400
2020-10-29,22.01926676942296,23.066651697369963,21.88230090622544,22.889402389526367,4253000
2020-10-30,22.679924317792093,22.776606733023584,21.406948148080815,21.98703956604004,6824300
2020-11-02,22.40599371852787,22.76855087283857,22.21263041513381,22.6557559967041,5033400
2020-11-03,23.010256894503026,23.163336767770254,22.66381369871066,22.873291015625,4439600
2020-11-04,22.96191668315282,23.260019435544887,22.63158747836748,22.945802688598633,3221400
2020-11-05,23.23584317039294,23.58228629110801,23.10693431664521,23.203615188598633,3181100
2020-11-06,23.243902177360678,23.276128625229102,22.67992474087187,22.784664154052734,3129100
2020-11-09,24.17043685469392,24.47659504536545,22.62352883452491,22.6718692779541,7114100
2020-11-10,22.49461937068846,22.583244795245776,22.075664774054726,22.381824493408203,5833800
2020-11-11,22.59130379738943,23.211677214222767,22.22874660720786,22.873291015625,5141000
2020-11-12,22.824953527068654,23.04248786936797,22.15623804040857,22.35765838623047,4383700
2020-11-13,22.599357844595186,23.517835490045535,22.526846411093448,23.477550506591797,4065600
2020-11-16,23.840108643666237,23.936789534457194,23.45338200707231,23.654802322387695,2590500
2020-11-17,23.396987890277366,23.67091814426455,23.12305609957491,23.509782791137695,2881800
2020-11-18,23.469494846049642,23.79176858516704,23.17945063224509,23.18750762939453,2651900
2020-11-19,23.17138972401179,23.405036455048236,22.921629001396322,23.38086700439453,2638300
2020-11-20,23.437269476389147,23.687030252694335,23.018314825563245,23.16333770751953,4618100
2020-11-23,23.284188624609914,23.61451782562083,23.03442785873424,23.45338249206543,3498600
2020-11-24,23.735368136364663,23.743425133015535,23.477550390396694,23.55811882019043,3613200
2020-11-25,23.477552770783202,23.53395021634245,23.106940107556614,23.46949577331543,2728900
2020-11-27,23.52589054465549,23.566173988068805,23.01831055204445,23.131105422973633,1440700
2020-11-30,23.098883246483258,23.413098466005973,22.760497034414506,23.39698600769043,6034700
2020-12-01,23.614511370584097,23.76759120182511,23.356693677997967,23.582284927368164,3523400
2020-12-02,23.46143660798912,23.46143660798912,23.002197045131243,23.2761287689209,2554000
2020-12-03,23.373382798406702,24.135206383600543,23.34906873705197,23.900175094604492,5563600
2020-12-04,24.313510007713216,25.164482239658643,24.248674042858433,24.89703369140625,7325900
2020-12-07,24.897028847972322,24.897028847972322,24.175728686057205,24.499908447265625,3579600
2020-12-08,24.354034291110402,25.140172181000537,24.224362348701792,24.961872100830078,4664900
2020-12-09,25.18069125589193,25.76421647702062,25.059124016760556,25.699378967285156,7236200
2020-12-10,25.561602448666925,25.739900952906304,25.27794454288651,25.731796264648438,5125500
2020-12-11,25.44813585359566,25.98303440527752,25.326568633317947,25.934406280517578,4051200
2020-12-14,26.15322894279373,26.744857231774684,26.047869548650695,26.22616958618164,4789900
2020-12-15,26.315322347997025,27.198713302612305,26.315322347997025,27.198713302612305,5407900
2020-12-16,27.287855976207332,27.539096644066767,27.10955903956645,27.474262237548828,4375700
2020-12-17,27.55530381308116,28.130722650718027,27.51478192579805,27.928110122680664,5326300
2020-12-18,27.871385804585618,27.960535833787745,27.15008551976491,27.344594955444336,7757000
2020-12-21,26.8826331137098,27.17439569625505,26.56655801315989,27.01230812072754,3345300
2020-12-22,27.133878090800295,27.2716562617209,26.809699796887546,27.028518676757812,2312600
2020-12-23,27.36079869779761,27.798442568678556,27.21492049912627,27.239233016967773,4237800
2020-12-24,27.320272373443174,27.45805049931919,27.15007859290969,27.433734893798828,1135400
2020-12-28,27.55530949066378,27.62014699697354,27.206815623305,27.32027816772461,2541700
2020-12-29,27.417533242790977,27.57962081831849,26.955573759346112,27.01230812072754,1988100
2020-12-30,27.07714280084854,27.563411715492865,26.939367741960847,27.271652221679688,2128900
2020-12-31,27.295969123585735,27.336491024376745,26.898847075938974,27.174400329589844,2633400
2021-01-04,27.174389946211985,27.287852461721748,26.4206711313295,26.59086799621582,4859100
2021-01-05,26.63949902371721,27.004202256894654,26.590873987041796,26.842111587524414,3909000
2021-01-06,26.931260789200376,27.223023366847308,26.680020104755013,26.979888916015625,5602100
2021-01-07,27.150082996052507,27.40132368302986,26.98799232999042,27.239233016967773,3984700
2021-01-08,27.40132165931075,27.847068639344208,26.93936530470599,27.052827835083008,4376000
2021-01-11,26.75295848590445,27.06903664603038,26.663811565051613,26.825899124145508,4554100
2021-01-12,26.74485989646321,26.89074119777372,26.388262877494483,26.509828567504883,3958200
2021-01-13,26.534139960507215,26.7610650190823,26.01544925407237,26.064077377319336,4096600
2021-01-14,26.33963240071161,26.834007534276836,26.153229219332015,26.477407455444336,3286800
2021-01-15,26.25048129209677,26.461200073870025,25.84525619504897,26.3558406829834,2512100
2021-01-19,26.52603485265917,26.728647404016133,26.291003551095766,26.50172233581543,2997600
2021-01-20,26.53414687383667,27.28786288499801,26.42068122336421,27.182506561279297,3678100
2021-01-21,26.98799750201596,27.174400721642183,26.769175524640072,27.020416259765625,5861700
2021-01-22,26.882631756474105,27.036619273722064,26.39636287119739,26.915050506591797,6098600
2021-01-25,26.923160351201222,27.360801170003224,26.842113465035972,27.15008544921875,5690100
2021-01-26,27.231128535348585,27.44184734227384,26.85021900096026,26.858322143554688,4191500
2021-01-27,26.550348647629512,26.82590185440493,25.577809281784955,26.096498489379883,5528100
2021-01-28,26.315323188558043,26.987995354408817,26.161335647312356,26.761070251464844,4746400
2021-01-29,26.420673798420673,26.825898875645667,25.09964072682404,25.27794075012207,7555000
2021-02-01,25.464347545025277,25.97493053496419,25.01860051485339,25.966827392578125,5695000
2021-02-02,26.137021644909176,26.347737358321684,25.73179650312764,26.29911231994629,4107300
2021-02-03,26.36394892412335,27.571521307217235,26.193755092432422,27.547208786010742,8832600
2021-02-04,27.482368196261955,27.806549536950154,27.182502465679924,27.522890090942383,4843300
2021-02-05,27.684980477935017,28.009161815305273,27.43373978689195,27.87948989868164,3895200
2021-02-08,28.065888602454763,28.519738692329863,27.90379795966143,28.495426177978516,4473300
2021-02-09,28.48733183462638,28.552166256792987,27.99295661266186,28.017269134521484,3781200
2021-02-10,28.179355626194592,28.22798375428684,27.693083620139213,27.87948989868164,3067800
2021-02-11,27.936217424995096,27.976739313830087,27.352692332581015,27.757917404174805,3182600
2021-02-12,27.60393906384292,28.471120660535977,27.55531093156777,28.39818000793457,4860600
2021-02-16,28.495427520415657,28.86823385226816,28.146933704059883,28.2766056060791,4276500
2021-02-17,28.138837522282078,28.244193843240097,27.40943096075778,27.68498420715332,3165400
2021-02-18,27.676878446163645,27.757922237946612,27.214922031431264,27.401325225830078,3435600
2021-02-19,27.490477387516002,28.67373737725516,27.401330436252245,28.357662200927734,4216600
2021-02-22,28.390067101630343,29.05463596176786,28.21177017510055,28.754770278930664,5158900
2021-02-23,28.795287329605106,28.81149670049774,27.952421684537637,28.39006233215332,4866600
2021-02-24,28.244186312562405,29.159995841935594,28.23608317142722,29.09516143798828,5052300
2021-02-25,28.95738958019223,29.354511597547372,27.830864129367665,27.89569854736328,6591700
2021-02-26,27.863278689715674,28.211772522395837,27.336484824048778,27.449947357177734,6625700
2021-03-01,27.895694122123544,28.795294329821242,27.895694122123544,28.414384841918945,4832100
2021-03-02,28.365758729605368,28.365758729605368,27.377008435997116,27.385114669799805,5818900
2021-03-03,27.51479109780462,27.684984936100577,27.012312726425804,27.174400329589844,5190800
2021-03-04,27.14180814804537,27.622410521860683,26.335375605082856,26.72637367248535,6434800
2021-03-05,26.954459716355217,27.573539318887715,25.903650482408334,27.500226974487305,6674000
2021-03-08,27.646855455454723,28.306666645561066,27.435065935568513,27.728315353393555,3715200
2021-03-09,27.99712431124064,28.32295767733739,27.948251481490217,28.013416290283203,4032200
2021-03-10,28.339246791913062,29.17826342984697,28.21705851513298,28.95018196105957,3655700
2021-03-11,28.92574523278592,29.463368109223612,28.893164382227013,29.05607795715332,3805900
2021-03-12,29.10495457788749,29.284163243369704,28.79541318497567,29.25157928466797,4776500
2021-03-15,29.1619700813538,29.422635492677212,28.632494824080478,29.3981990814209,3649400
2021-03-16,29.36561113903369,29.40633952138713,28.966468641642987,29.023488998413086,3760100
2021-03-17,28.917596527665367,29.44707489013672,28.59176321116349,29.44707489013672,4903900
2021-03-18,29.300455153033553,29.381911942216828,27.997124774459913,28.078584671020508,3895900
2021-03-19,28.013417007010105,28.233354068645937,27.540962032196997,27.59798240661621,7337900
2021-03-22,27.524663364786377,28.119306487369716,27.239558454587833,27.93195343017578,3708300
2021-03-23,28.135602886502134,28.51845349514593,27.223270759276925,27.33731460571289,3242700
2021-03-24,27.394337510485276,28.094877095110224,27.29658563306502,27.54096221923828,3524800
2021-03-25,27.418770226330306,28.388119574615907,27.231417147621844,28.33924674987793,3848300
2021-03-26,28.510304957287552,28.925739462276592,28.24963956055391,28.86871910095215,3943700
2021-03-29,28.770974105939423,29.18641177248082,28.35553954677507,28.68136978149414,2817200
2021-03-30,28.730246412244966,29.096808154154523,28.469580975193086,28.87687110900879,2318000
2021-03-31,28.811706566536927,29.495954195687727,28.681373832764272,28.999059677124023,4275500
2021-04-01,29.316744238116215,30.041720155358636,29.243431892137934,30.009136199951172,3793700
2021-04-05,30.14761491118997,30.36755196051883,29.748472312590206,29.92768096923828,5538400
2021-04-06,29.895100989921456,30.36755600116137,29.78106023229036,30.253515243530273,4729400
2021-04-07,30.27794997055569,30.359409869585573,29.683306690835902,30.000995635986328,4567200
2021-04-08,30.00913696633962,30.318678335861694,29.895096226878096,30.16390609741211,2698000
2021-04-09,30.139465948492848,30.668944295944083,30.08244558582908,30.5793399810791,3448000
2021-04-12,30.611920020406927,30.791125519853793,30.025421385259286,30.391983032226562,4097500
2021-04-13,30.43271744662935,30.52232176780429,30.139468070921158,30.481590270996094,4003700
2021-04-14,30.440867960336277,31.353200224141297,30.277951262701272,30.970346450805664,4457500
2021-04-15,31.17398642858617,31.5568401390738,31.035506170746732,31.369483947753906,3442400
2021-04-16,31.605707221220246,32.15962193715657,31.5894152463543,32.02928924560547,3904400
2021-04-19,32.094467243726676,32.40400554144777,31.589425186098133,31.67088508605957,4544600
2021-04-20,31.53240164077082,31.94783932037854,31.035507176765623,31.263591766357422,4391100
2021-04-21,31.279886754101927,31.36134354633624,30.937761390487445,31.11697006225586,4629800
2021-04-22,31.10881517115972,31.30431577667611,30.725964609229212,30.815568923950195,5159100
2021-04-23,31.116970062255863,31.385779962531046,30.954053370409795,31.11697006225586,4895500
2021-04-26,31.996719953169013,32.28182498286142,31.548701314941397,31.6383056640625,6518100
2021-04-27,32.12705124314817,32.48546862333023,31.80122093352002,32.07817840576172,5912100
2021-04-28,32.03744078035165,32.68095677720342,32.02114880345483,32.39585494995117,6460700
2021-04-29,32.80313372908351,33.039362651493825,31.99669824158397,32.289947509765625,5712000
2021-04-30,31.2391581737082,31.70346876912048,30.15576782020546,31.581283569335938,11960700
2021-05-03,31.719752837724197,32.322543571372755,31.14140162383802,32.07002258300781,6368400
2021-05-04,32.167779377068115,32.379568900745156,31.703465718949435,31.923402786254883,5760300
2021-05-05,31.939698430834476,31.99671881326599,31.29617913496133,31.41022300720215,6584900
2021-05-06,31.45908782388018,31.99671065499691,31.26359030749791,31.947837829589844,5737200
2021-05-07,32.2085000514955,32.729830853143355,32.061875375109956,32.58320617675781,5524000
2021-05-10,32.78686001417395,33.95171019618698,32.64838284230126,33.22673416137695,6567100
2021-05-11,32.66465352694183,32.77869732586031,31.858221146818074,32.289947509765625,6147200
2021-05-12,32.232936470123185,32.232936470123185,30.546755798629,30.64450454711914,6169600
2021-05-13,30.888886889432943,31.361345007054485,30.660805374651556,31.051803588867188,4580900
2021-05-14,31.214716014516192,31.56498578276022,31.084383294288912,31.206571578979492,4172700
2021-05-17,31.14141063023676,31.206578558614375,30.823724747840505,31.011077880859375,4449800
2021-05-18,31.100670658130394,31.100670658130394,30.326818887124848,30.400131225585938,7535400
2021-05-19,29.69959249267845,30.4001319417256,28.98276417459107,30.3675479888916,12024800
2021-05-20,30.334970726860814,30.53861579506446,29.911388612111978,30.237218856811523,5639200
2021-05-21,30.334970968105452,30.49788453806226,30.074302419944804,30.172054290771484,4788100
2021-05-24,30.424575115168466,30.506035015359654,30.1557652129812,30.261661529541016,3081400
2021-05-25,30.343116703020275,30.73411488093902,30.20463954115162,30.351261138916016,4092600
2021-05-26,30.620072460730263,31.092527401295655,30.546760112165977,30.897029876708984,6129000
2021-05-27,30.95405051766199,31.475381397621213,30.94590608214013,31.2147159576416,9088100
2021-05-28,31.410216862100704,31.51611006168353,30.71782175644182,30.921466827392578,4410700
2021-06-01,31.149555375422853,31.54869802504054,30.945910278612075,31.475385665893555,4566100
2021-06-02,31.66273919750169,31.66273919750169,30.603785301667266,30.758554458618164,5697000
2021-06-03,30.463972280913854,30.553981831970443,29.645708175206483,29.694805145263672,6950700
2021-06-04,29.899370798630404,30.09575243354917,29.310219651014496,29.465688705444336,7619300
2021-06-07,29.473872761303653,29.60479489024649,29.171115923391415,29.21202850341797,6607600
2021-06-08,29.302042360517607,29.392048801237472,29.007466746728287,29.10565757751465,7524000
2021-06-09,29.31840912840131,29.702991197460097,28.884726959946427,29.482059478759766,5571000
2021-06-10,29.612981198977963,29.621165589234444,28.62288223520445,28.63924789428711,6748100
2021-06-11,28.614697518734722,28.982913878723885,28.52468796534006,28.90108871459961,5731800
2021-06-14,28.884717563148456,28.95018017913977,28.000994097271057,28.254653930664062,7715800
2021-06-15,28.172837162760445,28.46741277949096,27.829164569431427,28.369218826293945,5368500
2021-06-16,28.418309112651276,28.631059506395488,28.091005376672562,28.13191795349121,5194000
2021-06-17,28.082826965348215,28.16465213640045,27.27274715906847,27.853713989257812,5566100
2021-06-18,27.485495052999664,27.780070669252897,27.313660317328697,27.338207244873047,8558000
2021-06-21,27.501854093322443,28.115552105682465,27.45275712861902,28.033723831176758,4646200
2021-06-22,28.08282195108534,28.123734529306404,27.755515082457546,27.927352905273438,4008000
2021-06-23,27.943723377776053,28.115558108783112,27.706426013187155,27.75551986694336,3934700
2021-06-24,28.09100643978473,28.14010028525327,27.755515181458282,28.009178161621094,4984800
2021-06-25,28.000998892041142,28.303755739270407,27.910989340354906,28.058277130126953,5038500
2021-06-28,28.02554802333607,28.06646060784324,27.567318961137488,27.820981979370117,4496100
2021-06-29,27.886443487399646,28.271025511977584,27.820980857683406,27.935537338256836,2885000
2021-06-30,27.820980525758852,28.213746935080323,27.780067943389316,28.164649963378906,4822000
2021-07-01,28.23011254411959,28.36921594822453,27.853711792674513,28.09100914001465,3764100
2021-07-02,28.221933802702022,28.369218487880072,28.001002092789612,28.07464599609375,3790900
2021-07-06,27.951907304560216,28.017369944367722,27.4527656010346,27.796438217163086,7477800
2021-07-07,27.649139519923622,28.631056880668087,27.649139519923622,28.508316040039062,6737900
2021-07-08,28.099194308184334,28.95837114145485,27.902809515884886,28.671979904174805,7197200
2021-07-09,28.89290550771989,29.39204396966804,28.778345915632247,29.310218811035156,5387200
2021-07-12,29.195664707887236,29.40023074248766,29.0401956453057,29.171117782592773,2522700
2021-07-13,29.048380247165046,29.203849327589882,28.221934745956737,28.320125579833984,4209100
2021-07-14,28.205566024768405,28.51650415186292,28.03372818234987,28.393766403198242,5126500
2021-07-15,28.491952036939374,28.671971114575186,28.156463924073172,28.336483001708984,3671200
2021-07-16,28.336490608013364,28.49195968497599,27.77188630257438,27.83734893798828,4637700
2021-07-19,27.043630513020496,27.33002484875474,26.7163267140201,26.96180534362793,5627500
2021-07-20,27.05999318991353,27.632778676846584,26.72450503807742,27.534587860107422,4337800
2021-07-21,27.730966213421762,28.050088671148902,27.69823490457041,27.886438369750977,3807500
2021-07-22,27.820979608058533,27.976448664506467,27.330022392958853,27.9600830078125,3486500
2021-07-23,28.140094423427993,28.369207311700688,27.878250230708055,28.29556655883789,2945000
2021-07-26,28.295572983633186,28.50013900073373,28.04190999871382,28.361032485961914,2687900
2021-07-27,28.647422594232857,28.647422594232857,28.24647496365147,28.51650047302246,3337500
2021-07-28,28.614691865193247,28.65560443917209,28.07463777295629,28.12373161315918,3890000
2021-07-29,28.287390722015886,28.753801026362417,28.287390722015886,28.500141143798828,4149700
2021-07-30,27.91917635697254,28.4510493874947,27.38730644788089,27.600053787231445,6043000
2021-08-02,27.608233043932085,28.295575036104704,27.59186738680536,28.000999450683594,4163100
2021-08-03,28.1482876057615,28.287391010984482,27.83734635921076,28.26284408569336,3059200
2021-08-04,28.246480428882872,28.328305599935103,27.82916394079799,27.853713989257812,3075000
2021-08-05,28.066463025177757,28.311941674793697,27.812803106527785,28.2137508392334,3359000
2021-08-06,28.336485420059606,28.500138857201794,28.140100671203047,28.27102279663086,2971700
2021-08-09,28.27102230804595,28.336484930343364,27.910987249699083,27.927352905273438,3832700
2021-08-10,27.92735912289466,28.65561379022572,27.78825258025742,28.320125579833984,2905400
2021-08-11,28.44286347594572,28.974736478030337,28.23011614797008,28.909276962280273,3051000
2021-08-12,28.999278554264688,29.334766710106468,28.459224373606464,28.655609130859375,2644900
2021-08-13,28.704710975453928,28.74562356307944,28.401950959878352,28.491960525512695,2444500
2021-08-16,28.23011545068976,28.483778481352882,28.00918373780838,28.377403259277344,2268200
2021-08-17,28.033729816978045,28.050095475373606,27.501859965558136,27.72279167175293,2333300
2021-08-18,27.739157852845885,28.24648078694718,27.559138728532744,27.657329559326172,2603900
2021-08-19,27.280923272600038,27.845524337605916,27.231826306387944,27.747333526611328,3637200
2021-08-20,27.632783651300567,28.082828357254385,27.567321014070018,27.951906204223633,2093600
2021-08-23,28.20556009009991,28.2955696263733,27.902800173284085,28.254653930664062,2260300
2021-08-24,28.369214637795302,28.63924328707402,28.230111240115818,28.524686813354492,2572700
2021-08-25,28.606516822644924,28.99110201082587,28.3610381771502,28.85199546813965,2633100
2021-08-26,28.925630408928267,28.99927429189506,28.631057998490462,28.802892684936523,2572600
2021-08-27,28.843813696556172,29.539337033574775,28.73743847417123,29.41659927368164,2843900
2021-08-30,29.4820534364616,29.743897689087003,29.26112176304085,29.678438186645508,2977000
2021-08-31,29.64570845869902,29.70298669693188,29.203845088248475,29.457508087158203,4344000
2021-09-01,29.825722189719162,29.907547337760423,29.465684046907263,29.71934700012207,3817900
2021-09-02,29.883774079191248,30.08108236637136,29.67002630951256,30.07286262512207,3076200
2021-09-03,29.93310315061438,30.179736167523803,29.65358489515464,30.122188568115234,3476000
2021-09-07,29.97420481738304,30.05641790467094,29.596034024184526,29.702909469604492,4026000
2021-09-08,29.423392088824563,29.47271680650319,28.889017982508967,29.061660766601562,4536300
2021-09-09,28.889020061815394,29.234308790961673,28.650606788846407,28.667049407958984,3371800
2021-09-10,28.81502733788395,28.971230637814323,28.510846751027497,28.53550910949707,2488700
2021-09-13,28.872572397478073,28.872572397478073,28.32997860601215,28.403968811035156,2525500
2021-09-14,28.55195387326093,28.584839111097917,27.94359265382111,28.025802612304688,2673500
2021-09-15,27.92715248186984,28.839697527095336,27.92715248186984,28.806812286376953,3958600
2021-09-16,28.782142430891213,29.374064129783353,28.716375095519137,29.34117889404297,4522600
2021-09-17,29.415174613852287,29.875558592089973,29.34940726616649,29.735797882080078,7344300
2021-09-20,29.143872824409325,29.48915838036969,28.946564552354406,29.382286071777344,5547700
2021-09-21,29.45627767471385,29.5384876292276,28.96300853930512,28.9876708984375,3914100
2021-09-22,29.50559922238264,30.081078250465616,29.21786127639535,29.93309783935547,4624000
2021-09-23,30.21262680464828,30.886758634842828,30.21262680464828,30.63190269470215,5446500
2021-09-24,30.599017763503397,30.96074601049487,30.533247280718097,30.574352264404297,4212800
2021-09-27,30.599018121572655,30.903198767741117,30.467480290572027,30.500362396240234,3261400
2021-09-28,30.2619457750792,30.38526070126278,29.97420467510032,30.048194885253906,3271100
2021-09-29,30.130410222193596,30.237282538978526,29.809783863512312,30.07286262512207,2968700
2021-09-30,30.30305631775913,30.368823663251447,29.234311080608308,29.242530822753906,3863900
2021-10-01,29.374072381364474,29.68647593643919,29.020563838121664,29.406957626342773,3986500
2021-10-04,29.39861136863639,29.90720954594841,29.39861136863639,29.782146453857422,3566300
2021-10-05,29.682092914389955,29.965573716428658,29.423627275856216,29.790483474731445,4073400
2021-10-06,29.52367440018403,30.015596808433823,29.206842209980667,29.86551856994629,3880800
2021-10-07,30.215705369608088,30.35744417612907,29.94056084320746,29.998924255371094,3428700
2021-10-08,30.08231242114786,30.27407843376261,29.990597549773756,30.23238754272461,2795600
2021-10-11,30.390797837235418,31.16620114784114,30.34911013699624,31.066146850585938,3777500
2021-10-12,31.149520427766003,31.924923613810783,31.11616900070518,31.207883834838867,4909100
2021-10-13,31.12451697854188,31.399658375788135,30.841036131961122,31.182880401611328,3835200
2021-10-14,31.29961088907717,31.574752318332767,31.09950542915351,31.307947158813477,3713100
2021-10-15,31.716481625367503,31.75816931846285,31.007778120478168,31.049468994140625,3111500
2021-10-18,30.82436180114746,31.15786663647295,30.72430748803847,30.82436180114746,2642700
2021-10-19,31.024456587425597,31.16619857321071,30.499185882782683,30.65760040283203,3827900
2021-10-20,30.74097828217629,31.249576493680852,30.732642014370093,31.107837677001953,3398800
2021-10-21,31.107835399159946,31.43300388944152,30.474170952988366,30.67427635192871,3189400
2021-10-22,30.67427789565342,31.107836964704106,30.565887333248856,30.966094970703125,4425600
2021-10-25,31.09115360419359,31.524712566640527,30.941075379478622,31.458009719848633,4265100
2021-10-26,31.54139081436668,31.658117625070908,30.590894254559995,30.64925765991211,3706500
2021-10-27,30.607580092010462,30.649267798113332,29.732125541577798,29.773813247680664,3417100
2021-10-28,29.823835729489886,30.365782185032025,29.79882374586155,30.349109649658203,3725100
2021-10-29,30.249053753238343,31.08282042278134,29.615392483835336,29.782146453857422,5545900
2021-11-01,29.98224880431254,30.932742302849988,29.932224839484746,30.832691192626953,4824600
2021-11-02,30.982773836092456,31.191215533908085,30.090643623886994,30.140670776367188,4195200
2021-11-03,30.007263820914208,32.024977633501194,29.9072095306118,31.90825080871582,7541000
2021-11-04,31.991620194775688,32.33346433768559,31.66645176378417,31.799854278564453,3442500
2021-11-05,32.30012094288024,32.40850831576919,31.791522785009274,31.958276748657227,2885100
2021-11-08,32.33346391030809,32.39182731096761,31.3496191840952,31.458009719848633,2679300
2021-11-09,31.399662028754804,31.58309176863746,31.18288402935853,31.307947158813477,1932400
2021-11-10,31.216223320100482,31.41632872253161,29.64874425342111,30.757652282714844,2701200
2021-11-11,30.757653892296553,30.80768104066418,30.474173079348617,30.690954208374023,2799100
2021-11-12,30.724303222112226,30.94942062449871,30.607576386926873,30.791006088256836,1921700
2021-11-15,30.866041313237346,31.341288042341244,30.54087283338387,31.19120979309082,4492600
2021-11-16,31.23290217449769,32.15838379019568,31.107839068404964,31.983293533325195,5596100
2021-11-17,31.816538866915312,32.208410254907804,31.474694628634968,32.116695404052734,4610100
2021-11-18,32.23342119383898,32.35014802547968,31.458017891577033,31.633108139038086,2917300
2021-11-19,31.666453117233583,32.18338748653052,31.516374884120445,31.716480255126953,3152500
2021-11-22,32.12503295904575,32.77537320908663,32.01664556784547,32.39183807373047,3663700
2021-11-23,32.52523377158329,32.650300034214034,31.916584533285857,32.133365631103516,2310800
2021-11-24,32.158384627374794,32.55859230231214,31.99163063434227,32.50022888183594,2177200
2021-11-26,31.774848120564513,32.24175541752662,31.591418436433734,32.0333137512207,2211200
2021-11-29,32.350144115650664,32.641964340050734,31.724819152665535,32.30845642089844,3107000
2021-11-30,31.866563655089397,32.43352525420694,31.35796546936035,31.35796546936035,7484100
2021-12-01,31.958283389124617,32.49189363922068,31.37464598536906,31.38298225402832,3408500
2021-12-02,31.600737026043365,32.38803227565555,31.592362938227144,32.254024505615234,3606900
2021-12-03,32.4131715848017,32.79844365094963,31.78500935716988,32.10327911376953,2740000
2021-12-06,32.455040677210945,32.630925292146095,32.04464004736471,32.21215057373047,3338200
2021-12-07,32.5136764690069,33.11671322663863,32.337791813030414,32.957576751708984,3166200
2021-12-08,32.974317271254115,33.21720735144175,32.731430386063714,33.06644821166992,2448300
2021-12-09,32.99944628033283,33.460097792381184,32.77330756823696,33.29258728027344,3034800
2021-12-10,33.460101956290174,33.66948932373254,33.27584005054163,33.51873016357422,3357300
2021-12-13,33.4014718914221,33.76999248742666,33.116704959737554,33.543853759765625,2895900
2021-12-14,33.610866692586306,33.610866692586306,32.4885500890998,32.572303771972656,5294700
2021-12-15,32.76493453292894,33.20883792681035,32.47179349498643,33.05807876586914,4276200
2021-12-16,33.242340008284714,33.67786615138242,33.01620124965718,33.19208908081055,3006200
2021-12-17,33.23396890733339,33.78675152424476,33.05808425536119,33.20046615600586,8959900
2021-12-20,32.74818518015608,32.82356476527656,31.751502394672332,31.93576431274414,5040800
2021-12-21,32.24565331800313,32.63930257571303,31.843629971723836,32.21215057373047,4244900
2021-12-22,32.17026894833805,32.69792590953361,32.14514349137538,32.52204132080078,2244700
2021-12-23,32.53043326180285,32.70631794706648,32.20378936202786,32.36292266845703,2298100
2021-12-27,32.54718119886675,33.22559439742877,32.38804471426698,33.217220306396484,2282600
2021-12-28,33.15021461305315,33.47685844498096,32.991078144679385,33.384727478027344,1783300
2021-12-29,33.42660436967935,34.15527162624015,33.351224777966294,34.07151794433594,2193800
2021-12-30,34.07151341569978,34.481910875479635,34.012885207159805,34.31440353393555,2131800
2021-12-31,34.23064629222354,34.615921480537736,34.138515338387485,34.49028778076172,1882700
2022-01-03,34.72,34.89,33.89,33.98,383105500
2022-01-04,34.3,34.67,34.13,34.42,308970700
2022-01-05,34.42,34.85,33.53,33.56,373758600
2022-01-06,33.84,34.19,33.56,33.83,331477500
2022-01-07,33.78,34.29,33.64,33.79,330981100
2022-01-10,33.57,33.79,33.16,33.63,313631400
2022-01-11,33.73,34.17,33.41,34.12,395997200
2022-01-12,34.12,34.78,34.04,34.39,337125800
2022-01-13,34.56,35.01,34.52,34.9,315193900
2022-01-14,34.66,34.84,33.92,34.33,297763500
2022-01-18,34.04,34.08,32.65,32.9,426180100
2022-01-19,33.11,33.38,32.81,32.82,304610600
2022-01-20,32.88,33.15,32.02,32.07,304065800
2022-01-21,32.17,32.38,31.8,31.84,376303900
2022-01-24,31.41,32.57,31.1,32.54,503727400
2022-01-25,32.06,32.46,31.52,32.23,476892800
2022-01-26,32.46,32.99,31.8,31.9,372913800
2022-01-27,32.04,32.81,31.58,31.74,578593300
2022-01-28,31.3,33.22,31.25,33.21,479259900
2022-01-31,33.05,33.91,32.9,33.87,448437300
2022-02-01,34.03,34.17,33.3,34.03,402610300
2022-02-02,34.21,34.86,34.02,34.74,461854300
2022-02-03,34.44,34.87,34.12,34.61,369886200
2022-02-04,34.43,34.77,33.91,33.92,324405100
2022-02-07,34.19,34.65,33.82,34.33,306198500
2022-02-08,34.34,35.16,34.23,35.01,389318400
2022-02-09,35.22,36.05,35.22,35.66,403663300
2022-02-10,35.27,35.78,34.85,35.03,379754600
2022-02-11,35.59,35.61,34.59,34.81,444231700
2022-02-14,34.85,34.92,34.15,34.27,401792000
2022-02-15,34.49,35.27,34.48,35.04,482935300
2022-02-16,35.06,35.19,34.83,35.06,507504500
2022-02-17,34.63,34.98,33.85,33.99,511372400
2022-02-18,33.96,34.49,33.71,34.0,429897300
2022-02-22,33.95,34.12,33.01,33.39,550979700
2022-02-23,33.72,33.73,32.17,32.35,551508300
2022-02-24,31.81,33.21,31.64,33.17,591113200
2022-02-25,33.23,34.04,32.93,34.01,456971100
2022-02-28,34.28,34.28,33.18,33.73,697080600
2022-03-01,33.74,34.12,33.16,33.51,427732100
2022-03-02,33.74,34.42,33.63,34.27,406173400
2022-03-03,34.59,34.69,34.01,34.14,341252900
2022-03-04,33.69,34.32,33.62,34.26,355694000
2022-03-07,34.52,34.72,33.53,33.53,582767700
2022-03-08,33.53,34.27,33.29,33.58,5764071
2022-03-09,34.37,34.69,33.86,33.99,5246434
2022-03-10,33.54,35.05,33.52,34.95,9253886
2022-03-11,35.15,35.3,34.41,34.54,4381227
2022-03-14,34.62,35.03,33.53,33.8,4369947
2022-03-15,34.15,34.51,33.86,34.41,6602578
2022-03-16,34.87,34.92,33.42,34.23,5060363
2022-03-17,34.0,34.48,33.93,34.44,5132647
2022-03-18,34.26,34.88,33.92,34.86,8330130
2022-03-21,34.87,35.07,34.0,34.16,3455840
2022-03-22,34.34,34.5,33.09,33.3,5786505
2022-03-23,33.12,33.66,32.85,33.26,5788253
2022-03-24,33.21,33.35,32.92,33.19,4752700
2022-03-25,33.17,33.66,32.66,33.65,4203788
2022-03-28,33.6,33.75,33.39,33.59,2865245
2022-03-29,33.94,34.19,33.5,34.01,4868026
2022-03-30,34.08,34.29,33.39,33.59,3171832
2022-03-31,33.59,33.86,32.97,33.04,4621381
2022-04-01,33.05,33.24,32.51,33.14,4698785
2022-04-04,33.33,33.83,33.09,33.8,3722950
2022-04-05,33.68,33.84,32.89,32.99,2985137
2022-04-06,32.84,33.03,32.38,32.68,3246078
2022-04-07,32.7,33.16,32.34,33.04,3800796
2022-04-08,33.07,33.87,32.86,33.72,2716235
2022-04-11,33.67,34.43,33.58,34.01,3780052
2022-04-12,34.21,34.67,34.1,34.5,3150575
2022-04-13,34.65,35.33,34.55,34.92,3740592
2022-04-14,35.02,35.23,34.5,34.78,3334187
2022-04-18,34.39,35.09,34.3,34.71,3581362
2022-04-19,34.85,36.32,34.72,36.11,6888273
2022-04-20,36.27,37.08,36.26,36.72,4632653
2022-04-21,37.03,37.16,36.25,36.38,4517781
2022-04-22,36.3,36.71,36.0,36.19,3652692
2022-04-25,36.01,36.38,35.2,36.28,3581249
2022-04-26,36.28,36.58,35.61,35.63,3540948
2022-04-27,35.69,36.18,35.51,35.62,3395788
2022-04-28,36.04,36.76,35.49,36.52,3302275
2022-04-29,36.05,37.36,35.92,35.93,5118146
2022-05-02,36.14,36.45,34.08,34.91,5558915
2022-05-03,35.02,36.15,34.93,35.89,4632937
2022-05-04,36.0,36.9,35.6,36.8,4523603
2022-05-05,36.85,36.97,35.18,35.43,4239487
2022-05-06,35.14,35.27,34.34,34.99,3757707
2022-05-09,34.55,35.16,34.0,34.19,4097966
2022-05-10,34.64,34.72,33.3,33.75,4482766
2022-05-11,33.71,34.02,32.91,32.94,4575859
2022-05-12,32.89,33.39,32.71,33.32,4802654
2022-05-13,33.46,33.97,33.24,33.74,3491632
2022-05-16,33.66,33.79,32.77,33.28,4031139
2022-05-17,33.92,34.34,33.6,34.33,3098610
2022-05-18,34.04,34.12,32.93,33.05,3934958
2022-05-19,32.77,33.73,32.7,33.0,3988358
2022-05-20,33.67,33.67,32.12,32.8,5940542
2022-05-23,33.12,33.52,32.81,33.33,5436090
2022-05-24,33.14,33.31,31.99,32.73,5765863
2022-05-25,32.47,33.71,32.47,33.55,5112317
2022-05-26,33.77,34.23,33.74,33.94,3980872
2022-05-27,34.21,35.17,34.21,35.16,3788452
2022-05-31,34.72,34.95,34.33,34.45,13253066
2022-06-01,34.51,34.51,33.52,33.74,4480181
2022-06-02,33.62,34.2,33.51,33.91,5707080
2022-06-03,33.63,33.84,33.27,33.58,3596964
2022-06-06,33.85,34.42,33.67,34.1,4305650
2022-06-07,33.97,34.24,33.49,34.22,3090552
2022-06-08,34.2,34.33,33.44,33.6,3939176
2022-06-09,33.45,33.71,33.11,33.14,4963851
2022-06-10,32.61,32.74,31.36,31.38,6654425
2022-06-13,30.53,30.81,29.79,30.01,6324516
2022-06-14,30.09,30.37,29.76,30.14,4718232
2022-06-15,30.36,30.67,29.7,30.22,6357506
2022-06-16,29.54,29.99,28.53,28.7,5592895
2022-06-17,28.98,29.4,28.61,28.89,10721690
2022-06-21,29.25,29.6,29.02,29.28,4117106
2022-06-22,28.86,29.63,28.86,29.13,3753515
2022-06-23,28.92,29.24,28.65,29.15,3637170
2022-06-24,29.45,30.1,29.04,30.06,5556127
2022-06-27,30.1,30.1,29.56,29.68,3881835
2022-06-28,29.92,30.01,29.16,29.24,3552699
2022-06-29,29.09,29.35,28.52,28.93,3380022
2022-06-30,28.57,29.47,28.46,29.0,4702578
2022-07-01,28.95,29.86,28.91,29.76,4273883
2022-07-05,29.43,29.95,29.05,29.95,3947258
2022-07-06,29.98,30.34,28.82,29.71,3672585
2022-07-07,29.91,30.34,29.88,30.2,3176792
2022-07-08,30.24,30.75,30.23,30.66,3459444
2022-07-11,30.47,30.86,30.24,30.37,3094457
2022-07-12,30.13,30.72,30.12,30.31,4908131
2022-07-13,30.09,30.82,29.93,30.49,3846115
2022-07-14,29.92,30.44,29.85,30.09,5043368
2022-07-15,30.57,30.75,30.27,30.46,15032262
2022-07-18,30.61,30.72,29.91,30.05,3920277
2022-07-19,31.63,31.81,30.38,30.79,6325892
2022-07-20,30.53,31.18,30.27,30.82,3673679
2022-07-21,30.61,31.1,30.51,31.09,3492589
2022-07-22,31.31,31.52,30.9,31.1,3389229
2022-07-25,31.13,31.32,30.9,31.05,4514807
2022-07-26,31.13,31.27,30.5,30.73,3580933
2022-07-27,30.73,31.49,30.73,31.32,3265456
2022-07-28,31.53,31.89,31.48,31.85,3787062
2022-07-29,32.23,32.58,31.19,31.81,3457453
2022-08-01,31.69,32.54,31.54,32.31,3383404
2022-08-02,32.27,32.3,31.39,31.41,3388722
2022-08-03,31.53,31.65,30.93,31.11,3168935
2022-08-04,31.2,31.29,30.75,30.82,2488274
2022-08-05,30.52,30.81,30.38,30.75,2794162
2022-08-08,30.97,31.47,30.96,31.18,2458641
2022-08-09,31.14,31.25,30.72,30.85,2829540
2022-08-10,31.39,31.73,31.17,31.6,2560032
2022-08-11,31.78,32.22,31.71,31.9,2393298
2022-08-12,32.07,32.32,31.97,32.3,1697288
2022-08-15,32.16,32.4,31.94,32.36,2438815
2022-08-16,32.25,32.73,32.25,32.48,3939776
2022-08-17,32.1,32.32,31.92,32.03,2744714
2022-08-18,32.0,32.36,31.94,32.14,1636851
2022-08-19,31.92,32.03,31.51,31.7,2174417
2022-08-22,31.31,31.36,30.89,30.95,2704886
2022-08-23,31.01,31.45,30.9,31.1,1926099
2022-08-24,31.14,31.69,31.05,31.53,3408700
2022-08-25,31.66,32.09,31.48,32.07,1920359
2022-08-26,32.11,32.11,30.96,30.98,2757594
2022-08-29,30.78,31.03,30.47,30.5,2687697
2022-08-30,30.48,30.53,29.7,29.77,2973101
2022-08-31,29.82,30.22,29.69,29.91,5469466
2022-09-01,29.62,29.98,29.55,29.97,2475281
2022-09-02,30.37,30.41,29.7,29.82,3314673
2022-09-06,29.95,30.04,29.48,29.55,2706429
2022-09-07,29.55,29.93,29.34,29.84,2681984
2022-09-08,29.62,29.99,29.29,29.87,2443984
2022-09-09,30.09,30.57,29.99,30.48,3436542
2022-09-12,30.68,30.99,30.34,30.43,3352870
2022-09-13,29.7,29.91,28.4,28.49,4328291
2022-09-14,28.31,28.44,27.62,27.89,7029054
2022-09-15,27.89,28.25,27.57,27.58,3937448
2022-09-16,27.52,27.52,26.94,27.05,8699119
2022-09-19,26.83,27.99,26.78,27.92,5589498
2022-09-20,27.09,27.18,25.96,26.25,6651551
2022-09-21,26.45,27.3,26.38,26.38,5310073
2022-09-22,26.23,26.26,25.87,25.89,3691754
2022-09-23,25.51,25.59,25.13,25.52,4610317
2022-09-26,25.2,25.29,24.43,24.83,4459642
2022-09-27,24.98,25.08,24.27,24.48,4542505
2022-09-28,24.73,24.95,24.46,24.82,5882499
2022-09-29,24.57,24.57,24.1,24.43,6553342
2022-09-30,24.74,25.37,24.61,25.14,7755273
2022-10-03,25.5,26.06,25.38,25.86,6056837
2022-10-04,26.05,26.45,25.98,26.32,4242799
2022-10-05,25.8,26.43,25.75,26.24,4560020
2022-10-06,26.15,26.32,25.59,25.68,4245075
2022-10-07,25.5,25.53,25.09,25.23,3935307
2022-10-10,25.35,25.63,25.23,25.42,3720454
2022-10-11,25.29,26.19,25.13,25.94,6531771
2022-10-12,25.92,26.09,25.71,25.87,3265665
2022-10-13,25.31,26.42,25.27,26.23,4317570
2022-10-14,26.54,26.64,25.5,25.53,4346998
2022-10-17,26.02,26.49,26.02,26.2,5045917
2022-10-18,26.68,26.98,25.99,26.28,4548978
2022-10-19,25.94,26.01,25.29,25.57,4219899
2022-10-20,25.64,25.95,25.4,25.48,3969001
2022-10-21,25.48,26.42,25.36,26.38,5677583
2022-10-24,26.54,26.85,26.35,26.46,3499454
2022-10-25,26.46,27.24,26.46,27.21,5408872
2022-10-26,27.23,27.57,26.96,27.26,4010763
2022-10-27,27.5,27.74,27.27,27.3,4136035
2022-10-28,26.57,27.9,26.41,27.38,4569917
2022-10-31,27.03,27.43,26.63,27.23,5608782
2022-11-01,27.56,27.73,26.61,26.75,3363701
2022-11-02,26.68,27.24,26.09,26.11,4571413
2022-11-03,25.75,26.2,25.44,25.87,2870355
2022-11-04,26.2,26.68,25.92,26.66,2929327
2022-11-07,26.84,27.33,26.68,27.26,2572305
2022-11-08,27.28,27.45,27.03,27.31,2908259
2022-11-09,27.18,27.36,26.39,26.46,2877173
2022-11-10,27.58,29.04,27.51,28.93,4965691
2022-11-11,29.0,29.41,28.92,29.13,2868806
2022-11-14,28.96,29.05,28.45,28.47,2806120
2022-11-15,28.97,29.16,28.54,28.82,4174759
2022-11-16,28.55,28.59,28.05,28.23,2643975
2022-11-17,27.74,28.22,27.74,28.19,1892833
2022-11-18,28.68,28.81,28.14,28.41,2252804
2022-11-21,28.36,28.38,28.13,28.19,3973405
2022-11-22,28.39,28.54,28.23,28.45,3099556
2022-11-23,28.26,28.46,28.12,28.3,1632623
2022-11-25,28.3,28.6,28.3,28.45,1130264
2022-11-28,28.17,28.28,27.4,27.48,2711930
2022-11-29,27.57,28.06,27.32,27.96,2987219
2022-11-30,27.93,28.91,27.41,28.8,7353860
2022-12-01,29.05,29.27,28.27,28.58,4201856
2022-12-02,28.15,28.76,27.97,28.7,2565506
2022-12-05,28.37,28.37,27.74,27.9,4564912
2022-12-06,27.93,28.01,27.21,27.46,3435616
2022-12-07,27.48,28.22,27.35,28.05,3515988
2022-12-08,28.15,28.42,27.92,28.04,2741005
2022-12-09,27.99,28.32,27.86,27.87,2121747
2022-12-12,27.96,28.7,27.82,28.61,4454763
2022-12-13,29.62,30.02,28.93,29.12,4304609
2022-12-14,28.97,29.4,28.8,28.92,4734577
2022-12-15,28.43,28.5,27.74,28.12,3745447
2022-12-16,27.69,27.97,27.27,27.71,7854138
2022-12-19,27.7,27.98,27.07,27.29,3044709
2022-12-20,27.12,27.53,26.91,27.36,2774075
2022-12-21,27.48,27.83,27.22,27.54,2675330
2022-12-22,27.27,27.5,26.86,27.49,2626946
2022-12-23,27.49,27.93,27.36,27.88,1932785
2022-12-27,27.77,28.04,27.68,27.86,2265997
2022-12-28,27.81,27.97,27.08,27.11,2244117
2022-12-29,27.3,27.78,27.3,27.73,1846148
2022-12-30,27.47,27.6,27.1,27.44,3166563
2023-01-03,27.66,27.82,27.11,27.32,2939061
2023-01-04,27.5,27.84,27.47,27.65,3287727
2023-01-05,27.22,27.31,26.73,26.82,2976238
2023-01-06,27.06,28.12,27.04,27.98,2890582
2023-01-09,27.97,28.23,27.82,27.82,2511089
2023-01-10,27.71,27.71,26.88,27.32,3696023
2023-01-11,27.47,28.35,27.38,28.27,4749471
2023-01-12,28.46,28.59,27.88,28.44,4633640
2023-01-13,27.94,28.25,27.7,28.17,3802832
2023-01-17,28.23,28.44,27.99,28.07,3636684
2023-01-18,28.03,28.28,27.61,27.73,5071752
2023-01-19,27.62,27.82,27.29,27.53,3673433
2023-01-20,27.59,28.56,27.4,28.36,18341419
2023-01-23,28.64,28.88,28.43,28.65,5049823
2023-01-24,28.59,28.78,28.19,28.5,3078388
2023-01-25,28.36,29.05,28.11,28.99,4994864
2023-01-26,29.36,29.83,29.25,29.79,5520462
2023-01-27,29.79,30.44,29.52,30.38,5075649
2023-01-30,30.15,30.34,29.72,29.92,5741458
2023-01-31,29.98,30.5,29.88,30.48,4210711
2023-02-01,30.28,31.01,30.08,30.99,5206213
2023-02-02,31.34,31.87,31.32,31.61,4560537
2023-02-03,31.18,31.46,31.02,31.22,3786836
2023-02-06,30.59,30.65,29.83,30.32,5842304
2023-02-07,30.0,30.41,29.73,30.37,4252732
2023-02-08,30.14,30.6,29.98,30.13,5360084
2023-02-09,30.32,30.4,29.74,29.93,3438929
2023-02-10,29.83,29.97,29.59,29.78,3950012
2023-02-13,29.84,30.35,29.71,30.28,4402252
2023-02-14,30.14,30.3,29.68,29.79,3675158
2023-02-15,29.57,29.89,29.48,29.87,3034612
2023-02-16,29.43,29.91,29.3,29.49,3390342
2023-02-17,29.39,29.42,28.89,29.27,4072136
2023-02-21,29.0,29.0,27.78,27.98,4310229
2023-02-22,27.97,28.35,27.89,28.04,3091383
2023-02-23,28.26,28.5,27.97,28.24,2995291
2023-02-24,27.78,28.16,27.69,28.07,2921304
2023-02-27,28.62,28.74,28.01,28.09,3244844
2023-02-28,28.07,28.57,28.07,28.41,7348585
2023-03-01,28.25,28.89,28.18,28.8,4393134
2023-03-02,28.62,28.76,28.43,28.67,3974139
2023-03-03,29.01,29.04,28.67,28.96,3069544
2023-03-06,28.99,29.08,28.32,28.38,3290180
2023-03-07,28.32,28.33,27.41,27.43,4457354
2023-03-08,27.44,28.24,27.44,28.14,3584709
2023-03-09,28.19,28.6,27.8,27.83,2968697
2023-03-10,28.02,28.02,27.05,27.31,3190904
2023-03-13,26.99,27.8,26.86,27.59,4558857
2023-03-14,28.08,28.23,27.08,27.43,4518375
2023-03-15,26.95,27.34,26.73,27.06,4446632
2023-03-16,26.92,27.36,26.78,27.22,4336512
2023-03-17,27.06,27.27,26.68,26.72,9390335
2023-03-20,26.84,27.35,26.84,27.29,4656393
2023-03-21,27.53,27.6,26.86,27.29,3997800
2023-03-22,27.12,27.26,26.34,26.35,3818521
2023-03-23,26.45,26.63,25.67,25.89,3861603
2023-03-24,25.62,26.1,25.29,26.1,3625399
2023-03-27,26.3,26.4,25.99,26.25,3347634
2023-03-28,26.1,26.26,25.93,25.99,2817752
2023-03-29,26.35,26.64,26.17,26.59,3482637
2023-03-30,26.84,26.96,26.56,26.75,3831831
2023-03-31,26.88,27.59,26.84,27.56,6330228
2023-04-03,27.54,27.75,27.15,27.44,3240233
2023-04-04,27.49,27.53,27.22,27.39,2934660
2023-04-05,27.17,27.27,26.94,27.05,4757911
2023-04-06,27.06,27.46,26.98,27.3,2918732
2023-04-10,27.43,27.93,27.39,27.83,3823415
2023-04-11,27.8,28.45,27.78,28.23,3239587
2023-04-12,28.58,28.64,27.95,27.97,3800394
2023-04-13,28.07,28.58,27.79,28.52,3277726
2023-04-14,28.55,28.66,28.03,28.43,3805609
2023-04-17,28.42,28.89,28.35,28.83,3375561
2023-04-18,28.8,28.95,28.57,28.74,2593161
2023-04-19,28.53,29.05,28.41,28.78,2623658
2023-04-20,28.55,28.75,28.38,28.49,3042693
2023-04-21,28.59,28.59,28.15,28.38,2384980
2023-04-24,28.24,28.28,27.66,27.99,2993205
2023-04-25,27.84,27.84,27.3,27.34,4108741
2023-04-26,27.37,27.38,26.55,26.7,4003386
2023-04-27,26.72,27.05,26.64,26.88,4670396
2023-04-28,27.25,27.63,26.69,27.36,5863301
2023-05-01,27.56,27.93,27.2,27.21,5107762
2023-05-02,27.05,27.12,26.17,26.58,5264676
2023-05-03,26.66,27.41,26.64,26.78,7747324
2023-05-04,26.62,26.91,26.35,26.53,3873678
2023-05-05,26.79,27.27,26.71,27.14,3053255
2023-05-08,27.26,27.35,27.08,27.21,3942913
2023-05-09,26.96,27.52,26.91,27.4,5347415
2023-05-10,27.73,27.88,27.33,27.53,4935700
2023-05-11,27.32,27.39,27.12,27.21,3331892
2023-05-12,27.27,27.43,27.06,27.28,2913271
2023-05-15,27.4,27.52,27.06,27.51,2415790
2023-05-16,27.39,27.44,26.71,26.81,4424299
2023-05-17,26.87,27.07,26.46,26.96,4708186
2023-05-18,26.86,27.36,26.75,27.0,4607238
2023-05-19,27.22,27.38,26.76,27.06,3875511
2023-05-22,27.05,27.24,26.72,26.81,2853552
2023-05-23,26.7,26.88,26.61,26.7,3019884
2023-05-24,26.65,26.73,26.08,26.15,4156436
2023-05-25,26.15,26.32,25.8,26.01,3267585
2023-05-26,26.12,26.12,25.77,25.84,3347919
2023-05-30,25.96,26.2,25.75,26.14,3501307
2023-05-31,26.01,26.28,25.72,26.21,9794468
2023-06-01,26.32,26.44,25.95,26.28,3718962
2023-06-02,26.65,26.97,26.38,26.55,5367894
2023-06-05,26.34,26.41,26.0,26.11,2922138
2023-06-06,26.22,26.69,26.14,26.65,2810071
2023-06-07,26.74,27.21,26.68,27.14,2909550
2023-06-08,26.96,27.24,26.69,27.13,3402524
2023-06-09,27.24,27.47,27.14,27.31,3612375
2023-06-12,27.27,27.52,26.9,27.46,3252599
2023-06-13,27.58,28.11,27.53,28.1,2882860
2023-06-14,28.27,28.57,27.94,28.1,3925475
2023-06-15,27.93,28.33,27.71,28.32,3772719
2023-06-16,28.49,28.72,28.39,28.54,15284165
2023-06-20,28.44,28.85,28.12,28.78,5055579
2023-06-21,28.67,28.7,28.4,28.45,4408606
2023-06-22,28.55,28.55,28.19,28.4,3181043
2023-06-23,28.16,28.41,27.96,28.0,5812325
2023-06-26,27.97,28.57,27.95,28.47,3412063
2023-06-27,28.62,29.55,28.6,29.32,5246229
2023-06-28,29.76,30.73,29.62,30.57,6420591
2023-06-29,30.47,30.71,30.24,30.69,4572179
2023-06-30,31.07,31.09,30.6,30.85,7640744
2023-07-03,30.87,31.04,30.69,30.88,2115508
2023-07-05,30.77,30.95,30.48,30.61,3472737
2023-07-06,30.26,30.32,30.01,30.07,4176477
2023-07-07,30.14,30.93,30.01,30.8,4051612
2023-07-10,31.11,31.55,30.91,31.21,5444706
2023-07-11,31.36,31.57,31.19,31.34,4197811
2023-07-12,31.66,31.73,31.34,31.38,4165003
2023-07-13,31.42,31.62,31.38,31.44,2633897
2023-07-14,31.3,31.45,31.07,31.38,1990759
2023-07-17,31.24,31.66,31.1,31.61,2867290
2023-07-18,31.57,32.3,31.54,31.78,3478972
2023-07-19,31.81,31.94,31.4,31.55,2866055
2023-07-20,31.54,31.72,31.42,31.61,2508448
2023-07-21,31.74,31.74,31.34,31.66,2572735
2023-07-24,31.64,31.84,31.47,31.57,1980680
2023-07-25,31.44,31.89,31.44,31.66,2852030
2023-07-26,31.57,31.76,31.29,31.66,2881714
2023-07-27,31.91,31.99,31.27,31.41,3328942
2023-07-28,31.57,32.04,30.77,31.0,5089900
2023-07-31,31.16,31.82,31.16,31.36,4749489
2023-08-01,31.11,31.41,30.95,31.28,2613734
2023-08-02,30.96,31.04,30.48,30.57,3972926
2023-08-03,30.31,30.53,29.89,30.48,4009452
2023-08-04,30.49,30.62,30.21,30.27,2968047
2023-08-07,30.37,30.71,30.34,30.51,2927960
2023-08-08,30.25,30.77,30.05,30.73,2905661
2023-08-09,30.68,30.95,30.43,30.75,2257000
2023-08-10,30.86,30.89,30.34,30.51,2387823
2023-08-11,30.36,30.78,30.35,30.4,3017863
2023-08-14,30.3,30.55,30.29,30.5,2734935
2023-08-15,30.22,30.26,29.95,30.14,2800146
2023-08-16,30.12,30.33,29.82,29.83,2468750
2023-08-17,29.9,30.11,29.59,29.61,2444358
2023-08-18,29.39,29.8,29.27,29.74,2168226
2023-08-21,29.67,29.91,29.47,29.84,2439154
2023-08-22,30.03,30.32,29.93,30.1,4728211
2023-08-23,30.3,30.84,30.16,30.68,3083503
2023-08-24,30.7,30.8,30.17,30.17,1858451
2023-08-25,30.31,30.45,29.95,30.04,2768496
2023-08-28,30.24,30.59,30.19,30.26,1360459
2023-08-29,30.16,30.4,30.06,30.39,3354741
2023-08-30,30.48,30.54,30.31,30.48,2122049
2023-08-31,30.49,30.59,30.21,30.33,4479805
2023-09-01,30.55,30.65,30.21,30.33,3577060
2023-09-05,30.25,30.3,29.56,29.56,4133654
2023-09-06,29.6,30.01,29.55,29.99,3342772
2023-09-07,29.96,30.09,29.71,30.05,3199506
2023-09-08,29.99,30.12,29.64,29.73,3303429
2023-09-11,29.85,29.91,29.6,29.67,2227204
2023-09-12,29.57,29.91,29.51,29.9,2178886
2023-09-13,29.95,29.96,29.57,29.77,3773254
2023-09-14,29.94,30.35,29.91,30.28,3726241
2023-09-15,30.31,30.43,30.07,30.14,4783675
2023-09-18,30.14,30.39,29.8,29.85,3057809
2023-09-19,29.84,29.96,29.52,29.59,2662597
2023-09-20,29.85,29.91,29.38,29.4,2374186
2023-09-21,29.17,29.2,28.7,28.87,3494483
2023-09-22,28.96,29.14,28.79,28.96,3476272
2023-09-25,28.79,29.14,28.74,29.03,2269581
2023-09-26,28.78,28.96,28.54,28.73,3324698
2023-09-27,28.84,28.98,28.55,28.73,4181319
2023-09-28,28.28,28.42,27.76,28.25,7097547
2023-09-29,28.49,28.6,28.21,28.39,4370105
2023-10-02,28.27,28.32,27.49,27.76,5795096
2023-10-03,27.6,27.92,27.26,27.32,4921758
2023-10-04,27.42,27.71,27.24,27.7,3953959
2023-10-05,27.67,27.96,27.54,27.8,3724521
2023-10-06,27.67,27.88,27.27,27.61,4318252
2023-10-09,27.41,27.78,27.34,27.71,3171798
2023-10-10,27.83,28.03,27.53,27.88,3078550
2023-10-11,28.04,28.42,27.96,28.38,2640414
2023-10-12,28.29,28.36,27.66,27.83,4219273
2023-10-13,27.89,27.95,27.61,27.73,3615038
2023-10-16,27.81,28.09,27.65,27.85,2912772
2023-10-17,27.65,28.11,27.65,27.82,3090414
2023-10-18,27.64,27.8,27.46,27.5,2167026
2023-10-19,27.48,27.69,27.11,27.16,2785552
2023-10-20,27.14,27.34,26.94,27.09,4143400
2023-10-23,26.88,27.07,26.64,26.71,3557463
2023-10-24,26.82,26.85,26.59,26.8,3181015
2023-10-25,26.71,27.0,26.38,26.49,4321908
2023-10-26,26.53,27.1,26.53,26.86,3988615
2023-10-27,26.74,27.08,26.28,26.5,3719825
2023-10-30,26.6,26.74,26.21,26.44,4141474
2023-10-31,26.59,26.75,26.37,26.57,3902447
2023-11-01,26.56,26.62,26.17,26.62,4240554
2023-11-02,27.0,27.98,26.86,27.93,4681495
2023-11-03,28.07,29.12,28.07,28.79,3323920
2023-11-06,28.59,28.66,28.48,28.58,3406917
2023-11-07,28.61,28.67,28.18,28.19,4216007
2023-11-08,28.16,28.3,27.84,28.0,3122309
2023-11-09,28.06,28.1,27.46,27.55,4073020
2023-11-10,27.73,27.98,27.46,27.92,2830923
2023-11-13,27.73,27.83,27.46,27.62,2991797
2023-11-14,28.34,29.37,28.3,29.29,4355326
2023-11-15,29.2,29.65,29.19,29.37,3106436
2023-11-16,29.34,29.48,29.14,29.39,4053664
2023-11-17,29.67,29.73,29.42,29.56,2877758
2023-11-20,29.59,29.99,29.23,29.84,3883680
2023-11-21,29.76,29.81,29.34,29.43,3203956
2023-11-22,29.7,29.76,29.46,29.62,2212546
2023-11-24,29.6,29.62,29.41,29.58,967932
2023-11-27,29.12,29.45,29.01,29.28,3503374
2023-11-28,29.17,29.31,28.77,29.21,2655081
2023-11-29,29.48,29.56,29.23,29.35,3589923
2023-11-30,29.49,29.49,28.97,29.2,11869873
2023-12-01,29.35,29.76,29.1,29.57,4211423
2023-12-04,29.36,29.58,29.08,29.42,3908684
2023-12-05,29.3,29.34,29.02,29.15,2662545
2023-12-06,29.38,29.52,29.08,29.1,3170948
2023-12-07,29.12,29.12,28.72,28.78,2976820
2023-12-08,28.63,28.79,28.48,28.76,2799572
2023-12-11,28.64,29.07,28.54,28.95,2783119
2023-12-12,28.91,28.91,28.45,28.56,4740067
2023-12-13,28.67,29.99,28.57,29.81,5687463
2023-12-14,30.38,31.75,30.38,31.62,7241170
2023-12-15,31.52,31.74,30.76,31.06,11627304
2023-12-18,31.25,31.37,31.09,31.25,3390101
2023-12-19,31.51,32.14,31.51,32.09,4855726
2023-12-20,32.06,32.44,31.76,31.77,3490641
2023-12-21,32.11,32.13,31.56,31.78,2957233
2023-12-22,31.95,32.24,31.86,32.01,2253558
2023-12-26,32.08,32.35,31.96,32.26,2542335
2023-12-27,32.39,32.55,32.24,32.38,2109217
2023-12-28,32.43,32.74,32.34,32.7,2586111
2023-12-29,32.52,32.73,32.36,32.39,3079274
2024-01-02,32.2,32.62,32.13,32.41,2317083
2024-01-03,31.92,32.03,31.62,31.73,2939810
2024-01-04,31.59,31.71,31.24,31.29,3317491
2024-01-05,31.04,31.45,30.83,31.38,4199917
2024-01-08,31.28,31.8,31.21,31.72,2262468
2024-01-09,31.3,31.57,31.2,31.43,1984616
2024-01-10,31.39,31.7,31.39,31.52,2219371
2024-01-11,31.39,31.55,31.21,31.53,2679018
2024-01-12,31.9,32.02,31.28,31.33,3261434
2024-01-16,31.04,31.26,30.73,30.81,3920515
2024-01-17,30.43,30.68,30.04,30.25,3660304
2024-01-18,30.26,30.43,30.0,30.36,3099414
2024-01-19,30.45,30.69,30.1,30.6,4049004
2024-01-22,30.7,31.38,30.65,31.15,4601245
2024-01-23,31.33,31.34,30.84,31.01,3770715
2024-01-24,31.32,31.39,30.79,30.86,4352922
2024-01-25,31.39,31.54,30.92,31.04,3859185
2024-01-26,30.44,30.93,29.72,30.84,6168455
2024-01-29,30.77,30.95,30.63,30.73,3870587
2024-01-30,30.44,30.96,30.37,30.83,3233513
2024-01-31,30.97,31.02,30.35,30.53,4415325
2024-02-01,30.67,31.18,30.59,31.16,4249913
2024-02-02,30.68,30.96,30.3,30.65,5045927
2024-02-05,30.17,30.42,29.77,30.16,4072023
2024-02-06,30.16,30.73,30.04,30.57,4221981
2024-02-07,30.71,30.79,30.27,30.61,3644888
2024-02-08,30.55,30.95,30.53,30.75,2845041
2024-02-09,30.77,31.0,30.7,31.0,3190982
2024-02-12,31.07,31.33,30.93,31.24,2678653
2024-02-13,30.45,30.81,30.31,30.59,3455055
2024-02-14,30.76,30.9,30.4,30.77,3481992
2024-02-15,30.98,31.37,30.96,31.27,3135171
2024-02-16,30.87,31.14,30.75,30.86,3199450
2024-02-20,30.66,31.08,30.51,30.93,3470974
2024-02-21,30.97,31.1,30.81,31.02,3782765
2024-02-22,31.19,31.68,30.98,31.52,5206242
2024-02-23,31.61,31.64,31.22,31.23,2309269
2024-02-26,31.05,31.22,30.61,30.67,3141076
2024-02-27,30.84,30.85,30.56,30.78,2654387
2024-02-28,30.7,32.03,30.7,32.02,3731590
2024-02-29,32.31,32.5,31.99,32.16,5424216
2024-03-01,32.05,32.71,31.9,32.66,5144263
2024-03-04,32.63,33.15,32.51,33.08,3675374
2024-03-05,32.87,33.13,31.96,32.22,3291404
2024-03-06,32.38,32.61,32.25,32.33,3298056
2024-03-07,32.46,32.56,32.16,32.34,3223880
2024-03-08,32.63,32.92,32.43,32.78,3734739
2024-03-11,32.64,33.03,32.63,33.0,2202091
2024-03-12,32.89,32.93,32.18,32.44,3330896
2024-03-13,32.36,32.73,32.33,32.52,2508524
2024-03-14,32.32,32.49,31.87,32.24,4124936
2024-03-15,31.93,32.57,31.86,32.3,6848910
2024-03-18,32.37,32.47,31.92,32.13,3373129
2024-03-19,31.97,32.54,31.96,32.49,2496375
2024-03-20,32.44,33.32,32.36,33.23,3446185
2024-03-21,33.33,33.7,33.14,33.43,2890833
2024-03-22,33.49,33.64,33.35,33.51,3826498
2024-03-25,33.56,33.86,33.34,33.4,3436255
2024-03-26,33.58,33.73,33.33,33.36,3364619
2024-03-27,33.6,33.82,33.37,33.81,2810416
2024-03-28,33.88,34.13,33.72,33.79,3438309
2024-04-01,33.85,33.97,33.44,33.46,2203177
2024-04-02,33.14,33.41,33.07,33.34,3464243
2024-04-03,33.19,33.21,32.76,32.88,3122114
2024-04-04,33.2,33.22,32.38,32.6,3143470
2024-04-05,32.51,32.58,32.26,32.55,2662542
2024-04-08,32.71,32.73,32.37,32.39,2357364
2024-04-09,32.6,33.01,32.5,32.96,2324324
2024-04-10,32.08,32.24,31.45,31.62,3114172
2024-04-11,31.78,32.08,31.32,31.66,3233006
2024-04-12,31.48,31.55,31.07,31.28,3048733
2024-04-15,31.45,31.5,30.59,30.76,2807219
2024-04-16,30.52,30.54,30.07,30.08,2658773
2024-04-17,30.24,30.36,29.65,29.66,3395240
2024-04-18,29.78,30.0,29.43,29.5,3362750
2024-04-19,29.49,29.72,29.31,29.61,3955310
2024-04-22,29.67,29.78,29.33,29.61,2670673
2024-04-23,29.66,30.21,29.58,29.84,2619120
2024-04-24,29.61,29.93,29.45,29.68,3019175
2024-04-25,29.37,29.71,29.19,29.6,2473896
2024-04-26,30.1,30.12,28.99,29.22,3616663
2024-04-29,29.2,29.45,28.97,29.34,2837694
2024-04-30,29.07,29.22,28.37,28.39,4876326
2024-05-01,28.5,29.03,28.26,28.42,4225150
2024-05-02,28.7,29.2,28.32,29.18,4710526
2024-05-03,29.71,29.95,29.13,29.25,4582781
2024-05-06,29.46,29.65,29.11,29.25,1962646
2024-05-07,29.43,29.57,29.01,29.03,2935182
2024-05-08,28.93,29.25,28.84,28.92,3093507
2024-05-09,28.97,29.36,28.95,29.29,2612199
2024-05-10,29.31,29.42,29.08,29.14,3393565
2024-05-13,29.34,29.61,29.13,29.37,2868567
2024-05-14,29.61,29.7,29.16,29.35,3007479
2024-05-15,29.83,29.85,29.41,29.51,4726172
2024-05-16,29.53,29.57,29.25,29.27,4181802
2024-05-17,29.33,29.38,28.97,29.33,4469439
2024-05-20,29.26,29.27,28.87,29.09,4510843
2024-05-21,29.03,29.32,28.71,29.27,4380344
2024-05-22,29.15,29.29,28.74,28.89,2133657
2024-05-23,28.77,28.81,28.28,28.33,2474535
2024-05-24,28.49,28.54,28.25,28.42,1497824
2024-05-28,28.45,28.51,27.9,28.0,2714835
2024-05-29,27.83,27.93,27.58,27.63,2945478
2024-05-30,27.79,28.09,27.79,27.97,2125629
2024-05-31,28.09,28.47,27.95,28.45,6134175
2024-06-03,28.42,28.49,28.06,28.14,2974281
2024-06-04,28.04,28.34,27.9,27.92,2485561
2024-06-05,27.94,28.02,27.68,27.9,2472453
2024-06-06,27.8,28.29,27.65,28.19,4555271
2024-06-07,27.78,28.0,27.61,27.81,3397895
2024-06-10,27.59,27.82,27.13,27.82,4424224
2024-06-11,27.67,27.69,27.34,27.61,3152855
2024-06-12,28.24,28.32,27.55,27.67,3590812
2024-06-13,27.79,27.8,27.36,27.49,3726377
2024-06-14,27.29,27.49,27.06,27.47,3378078
2024-06-17,27.22,27.65,27.13,27.61,3382742
2024-06-18,27.6,27.67,27.21,27.35,3076626
2024-06-20,27.25,27.32,27.07,27.13,4479632
2024-06-21,27.28,27.57,27.06,27.49,7371339
2024-06-24,27.5,27.87,27.42,27.51,2856190
2024-06-25,27.42,27.42,26.63,26.79,3150073
2024-06-26,26.5,26.69,26.39,26.49,3118820
2024-06-27,26.49,26.74,26.41,26.73,3771980
2024-06-28,26.81,27.07,26.68,26.89,5567500
2024-07-01,26.79,26.87,26.03,26.11,2634825
2024-07-02,26.15,26.16,25.87,26.03,2769712
2024-07-03,26.02,26.15,25.56,25.63,2549918
2024-07-05,25.64,26.0,25.32,26.0,5346210
2024-07-08,26.01,26.14,25.83,26.14,4055457
2024-07-09,26.07,26.2,25.95,26.12,3734542
2024-07-10,26.03,26.19,25.67,26.13,3776337
2024-07-11,26.56,27.59,26.45,27.43,6859119
2024-07-12,27.67,27.87,27.25,27.74,5489237
2024-07-15,27.79,27.82,27.42,27.51,3685532
2024-07-16,27.64,28.23,27.51,28.16,2884871
2024-07-17,28.19,28.94,28.19,28.88,3253099
2024-07-18,28.66,29.32,28.56,28.71,3436771
2024-07-19,28.88,28.97,28.3,28.55,2965064
2024-07-22,28.6,29.04,28.3,28.99,3723041
2024-07-23,28.81,28.88,28.52,28.67,2759639
2024-07-24,28.71,28.78,28.24,28.3,3191580
2024-07-25,28.41,29.1,28.24,28.71,3323160
2024-07-26,29.29,30.04,28.52,29.94,4898545
2024-07-29,29.65,30.01,29.41,29.62,3382247
2024-07-30,29.64,30.29,29.64,30.09,3901252
2024-07-31,29.97,30.48,29.81,30.09,4226684
2024-08-01,30.21,30.44,29.89,30.24,4652711
2024-08-02,30.21,30.36,29.77,30.07,4942172
2024-08-05,29.64,30.13,29.13,29.49,6329927
2024-08-06,29.43,30.3,29.25,29.97,5310757
2024-08-07,30.11,30.46,29.47,29.51,3832038
2024-08-08,29.57,29.68,29.36,29.46,2996779
2024-08-09,29.45,29.59,29.05,29.06,3567532
2024-08-12,28.92,28.95,28.49,28.55,3044438
2024-08-13,28.72,28.88,28.61,28.73,3575940
2024-08-14,28.79,28.81,28.42,28.44,5567571
2024-08-15,28.57,28.79,28.42,28.5,4131229
2024-08-16,28.41,28.53,28.13,28.34,2752885
2024-08-19,28.35,28.6,28.28,28.59,3152530
2024-08-20,28.59,28.66,28.14,28.52,3717420
2024-08-21,28.6,28.83,28.29,28.81,3161267
2024-08-22,28.8,28.82,28.48,28.67,3398314
2024-08-23,28.8,29.83,28.77,29.71,3294938
2024-08-26,29.89,29.89,29.38,29.44,2709610
2024-08-27,29.23,29.24,28.97,28.99,2956221
2024-08-28,29.27,29.32,28.84,29.03,3661954
2024-08-29,29.06,29.16,28.81,28.88,2943861
2024-08-30,29.08,29.11,28.74,29.08,5278055
2024-09-03,28.82,29.29,28.77,28.88,4106157
2024-09-04,28.85,29.2,28.63,28.75,2879464
2024-09-05,28.96,29.09,28.75,28.77,3838048
2024-09-06,28.78,29.21,28.77,28.94,4983630
2024-09-09,28.89,29.01,28.66,28.87,3779727
2024-09-10,28.9,29.5,28.74,29.46,3241552
2024-09-11,29.03,29.48,28.88,29.43,3742025
2024-09-12,29.41,29.96,29.41,29.95,5749516
2024-09-13,30.23,30.97,30.2,30.95,4077823
2024-09-16,31.1,31.25,30.86,31.0,2614956
2024-09-17,31.4,31.74,31.19,31.71,4597304
2024-09-18,31.78,31.98,31.47,31.57,4266883
2024-09-19,32.01,32.31,31.91,32.03,7283477
2024-09-20,32.1,32.1,31.52,31.7,7981300
2024-09-23,31.88,32.17,31.74,31.99,3323678
2024-09-24,31.87,32.38,31.79,32.21,3528062
2024-09-25,32.16,32.23,31.39,31.44,5299117
2024-09-26,31.71,31.98,31.36,31.62,4791224
2024-09-27,31.8,32.45,31.47,32.19,4729490
2024-09-30,32.02,32.44,32.02,32.29,4767715
2024-10-01,32.24,32.38,31.77,32.14,3394126
2024-10-02,31.89,32.17,31.77,32.06,3259340
2024-10-03,31.89,31.99,31.33,31.4,3995870
2024-10-04,31.25,31.52,30.97,31.36,3277098
2024-10-07,31.1,31.39,30.85,31.33,2913336
2024-10-08,31.31,31.64,31.28,31.57,2675341
2024-10-09,31.57,31.69,31.31,31.53,5245345
2024-10-10,31.38,31.49,31.11,31.12,2597613
2024-10-11,31.25,31.55,31.17,31.5,2270198
2024-10-14,31.35,31.52,31.02,31.08,4762095
2024-10-15,31.33,31.91,31.24,31.52,4209969
2024-10-16,31.69,32.01,31.67,31.9,2330977
2024-10-17,31.61,31.7,31.14,31.28,2378051
2024-10-18,31.33,31.54,31.17,31.53,2538624
2024-10-21,31.48,31.57,30.75,30.79,2221783
2024-10-22,30.62,30.67,30.15,30.18,4820815
2024-10-23,30.17,30.48,30.06,30.37,3412279
2024-10-24,30.52,30.65,30.37,30.64,3803877
2024-10-25,30.49,30.75,29.8,30.32,4276945
2024-10-28,30.56,30.97,30.45,30.47,2884081
2024-10-29,30.1,30.24,29.09,29.45,7199299
2024-10-30,29.57,30.31,29.46,30.25,4218162
2024-10-31,30.15,30.34,29.68,29.71,3988067
2024-11-01,29.97,30.2,29.7,29.73,3007024
2024-11-04,29.83,30.45,29.71,30.24,2496586
2024-11-05,30.08,30.4,29.93,30.39,2459562
2024-11-06,30.47,30.52,29.57,29.96,5312497
2024-11-07,30.06,30.56,29.91,30.27,3639573
2024-11-08,30.23,30.67,30.14,30.41,2669594
2024-11-11,30.31,30.56,29.85,29.9,2581537
2024-11-12,29.67,29.98,29.24,29.26,2898767
2024-11-13,29.54,29.71,29.37,29.46,2429644
2024-11-14,29.24,29.59,29.24,29.43,2964966
2024-11-15,29.44,29.64,29.3,29.5,2916637
2024-11-18,29.39,29.73,29.35,29.58,1918433
2024-11-19,29.38,29.53,29.09,29.26,1639017
2024-11-20,29.21,29.4,28.94,29.25,3593489
2024-11-21,29.2,29.34,29.01,29.18,2763630
2024-11-22,29.37,29.83,29.23,29.79,2514204
2024-11-25,30.11,31.07,30.04,30.73,7706006
2024-11-26,30.6,30.69,30.19,30.43,2365412
2024-11-27,30.68,30.98,30.61,30.85,2785232
2024-11-29,31.22,31.23,30.9,30.96,2107947
2024-12-02,30.76,30.84,30.5,30.68,3190087
2024-12-03,30.73,30.8,30.32,30.44,2492873
2024-12-04,30.27,30.46,29.66,29.98,3308013
2024-12-05,29.86,29.96,29.48,29.71,2067047
2024-12-06,30.73,31.38,29.87,30.02,3395079
2024-12-09,30.14,30.61,30.12,30.46,3266535
2024-12-10,30.4,30.64,29.49,29.67,3349559
2024-12-11,29.83,29.9,29.5,29.64,5665223
2024-12-12,29.54,29.87,29.15,29.17,2848462
2024-12-13,29.09,29.16,28.59,28.84,3176023
2024-12-16,28.89,28.9,28.42,28.45,3076724
2024-12-17,28.08,28.38,27.83,28.19,3853010
2024-12-18,28.13,28.27,26.82,26.83,3942031
2024-12-19,26.63,26.89,26.08,26.11,4919229
2024-12-20,26.17,26.75,26.11,26.39,11435491
2024-12-23,26.48,26.98,26.32,26.95,3546749
2024-12-24,26.68,27.12,26.63,27.12,1780137
2024-12-26,26.92,27.11,26.79,27.03,1736674
2024-12-27,26.8,27.14,26.76,26.86,2320521
2024-12-30,26.84,26.91,26.4,26.76,2914709
2024-12-31,27.02,27.16,26.69,27.01,3125267
2025-01-02,27.06,27.3,26.82,26.86,3447342
2025-01-03,26.91,27.37,26.83,27.21,3331664
2025-01-06,27.19,27.78,27.14,27.35,2886840
2025-01-07,27.36,27.58,26.73,26.88,2588221
2025-01-08,26.73,26.78,26.23,26.56,3939137
2025-01-10,26.29,26.46,25.97,26.19,3529476
2025-01-13,26.29,27.5,26.24,27.5,4299506
2025-01-14,27.73,28.06,27.63,27.79,4151443
2025-01-15,28.71,28.98,28.18,28.36,4749138
2025-01-16,28.36,28.84,28.22,28.82,2706654
2025-01-17,28.9,29.32,28.83,28.98,4302360
2025-01-21,29.17,29.39,28.73,29.19,4468899
2025-01-22,29.02,29.02,28.52,28.56,3195924
2025-01-23,28.55,28.98,28.44,28.73,2434183
2025-01-24,28.69,29.02,28.49,28.78,2300810
2025-01-27,29.09,29.79,29.03,29.6,3613350
2025-01-28,29.32,29.6,29.16,29.53,3276794
2025-01-29,29.43,29.83,29.26,29.3,3771937
2025-01-30,29.68,29.89,29.28,29.71,4169343
2025-01-31,29.34,29.7,28.93,29.38,5594400
2025-02-03,29.51,30.21,29.46,29.51,6647100
2025-02-04,29.33,29.37,28.89,28.92,4699180
2025-02-05,29.27,29.3,28.84,29.11,2721041
2025-02-06,29.38,29.42,28.97,29.2,2109450
2025-02-07,29.15,29.26,28.79,28.84,2037332
2025-02-10,29.04,29.09,28.74,28.9,2590103
2025-02-11,28.69,28.87,28.62,28.79,3662807
2025-02-12,28.28,28.44,28.15,28.39,2066945
2025-02-13,28.51,28.61,28.23,28.5,2324716
2025-02-14,28.73,29.05,28.38,28.41,2638775
2025-02-18,28.3,28.58,28.04,28.53,2892174
2025-02-19,28.35,28.44,27.85,28.02,4486748
2025-02-20,28.11,28.78,28.01,28.76,5923913
2025-02-21,28.88,29.09,28.26,28.51,4549842
2025-02-24,28.55,28.96,28.42,28.77,2669514
2025-02-25,28.93,29.3,28.81,28.98,4446633
2025-02-26,28.97,29.09,28.58,28.62,2097316
2025-02-27,28.49,28.91,28.43,28.84,3217229
2025-02-28,29.09,29.23,28.67,28.88,5766786
2025-03-03,29.01,30.36,28.98,30.12,6490622
2025-03-04,30.13,30.38,29.48,29.55,4294168
2025-03-05,29.41,30.02,29.3,29.68,3884887
2025-03-06,29.54,29.59,28.86,29.0,3997383
2025-03-07,29.08,29.75,28.99,29.61,5394298
2025-03-10,29.42,30.07,29.03,29.05,4753251
2025-03-11,29.24,29.3,28.49,28.58,4127234
2025-03-12,28.5,28.68,28.04,28.28,3961036
2025-03-13,28.24,28.53,27.89,27.97,3046076
2025-03-14,28.21,28.59,27.99,28.48,2103645
2025-03-17,28.49,29.26,28.48,28.95,3217461
2025-03-18,29.03,29.15,28.6,28.85,2931002
2025-03-19,28.75,29.04,28.57,28.9,3033407
2025-03-20,28.86,29.18,28.8,29.09,3010594
2025-03-21,28.96,29.04,27.97,28.2,6488168
2025-03-24,28.08,28.63,28.08,28.56,3092285
2025-03-25,28.53,28.53,27.99,28.21,2735973
2025-03-26,28.32,28.52,28.21,28.43,1637384
2025-03-27,28.5,29.05,28.26,28.59,3197413
2025-03-28,28.5,28.62,28.16,28.37,2568929
2025-03-31,28.37,28.5,27.94,28.29,3993561
2025-04-01,28.28,28.45,27.72,28.16,4859623
2025-04-02,28.25,28.59,28.02,28.48,4215808
2025-04-03,28.09,28.16,26.46,26.5,5364348
2025-04-04,26.63,26.74,25.19,25.37,6634432
2025-04-07,25.03,25.86,24.05,24.62,6711632
2025-04-08,25.61,25.75,23.67,23.98,5094285
2025-04-09,23.53,25.84,23.29,25.66,5868142
2025-04-10,25.38,25.46,24.2,24.95,3732332
2025-04-11,24.79,25.06,24.08,24.93,3635759
2025-04-14,25.16,25.47,24.98,25.24,2572262
2025-04-15,25.18,25.38,24.89,24.98,3121654
2025-04-16,25.05,25.12,24.56,24.73,3956607
2025-04-17,24.77,25.19,24.77,24.94,2651555
2025-04-21,24.57,24.69,23.63,23.86,2828499
2025-04-22,24.17,24.59,24.1,24.41,2950136
2025-04-23,24.79,25.32,24.39,24.45,2427252
2025-04-24,24.56,24.87,24.38,24.64,4047898
2025-04-25,24.37,24.62,23.91,23.97,4584506
2025-04-28,23.92,24.77,23.91,24.71,7708788
2025-04-29,24.5,24.99,24.5,24.92,5244818
2025-04-30,24.73,25.11,24.38,25.04,5016343
2025-05-01,25.04,25.17,24.69,24.95,3875896
2025-05-02,25.15,25.46,25.06,25.28,3513565
2025-05-05,25.27,25.36,24.92,24.96,2814248
2025-05-06,24.79,24.9,24.33,24.68,5555877
2025-05-07,24.73,25.05,24.63,24.95,4117600
2025-05-08,25.12,25.39,24.93,25.06,3812825
2025-05-09,25.37,25.61,25.18,25.32,4948337
2025-05-12,25.94,26.35,25.78,26.06,3661929
2025-05-13,26.11,26.18,25.72,25.79,4153606
2025-05-14,25.68,25.69,25.09,25.14,3969695
2025-05-15,25.19,25.61,25.17,25.58,2538033
2025-05-16,25.67,25.85,25.41,25.82,2323795
2025-05-19,25.43,25.75,25.41,25.61,2550686
2025-05-20,25.46,25.7,25.28,25.32,2871725
2025-05-21,25.12,25.18,24.26,24.33,4250258
2025-05-22,24.36,24.54,24.13,24.4,3961690
2025-05-23,24.11,24.44,24.08,24.38,3343383
2025-05-27,24.71,25.0,24.41,24.96,4214506
2025-05-28,25.03,25.04,24.77,25.02,3801755
2025-05-29,25.05,25.35,24.91,25.16,3538975
2025-05-30,25.13,25.31,24.97,25.24,11663801
2025-06-02,24.99,25.02,24.78,25.01,3076927
2025-06-03,24.76,25.26,24.66,25.19,3634010
2025-06-04,25.19,25.69,25.13,25.61,3872822
2025-06-05,25.63,26.16,25.34,26.01,5811896
2025-06-06,26.27,26.64,25.98,26.04,4794695
2025-06-09,26.16,26.56,26.04,26.31,3327188
2025-06-10,26.43,26.96,26.31,26.87,3444115
2025-06-11,26.97,27.14,26.55,26.65,3030763
2025-06-12,26.54,26.67,26.27,26.59,2341650
2025-06-13,26.39,26.61,25.94,26.11,2811651
2025-06-16,26.37,26.5,26.0,26.01,3341009
2025-06-17,26.01,26.01,25.12,25.2,3323186
2025-06-18,25.26,25.63,25.13,25.3,2664205
2025-06-20,25.45,25.75,25.35,25.5,6493307
2025-06-23,25.51,25.92,25.44,25.89,2493571
2025-06-24,26.0,26.11,25.82,25.96,2929311
2025-06-25,25.71,25.86,25.39,25.4,5057004
2025-06-26,25.54,25.69,25.34,25.64,3358611
2025-06-27,25.3,25.6,25.1,25.18,10612032
2025-06-30,25.26,25.35,24.82,25.02,5887053
2025-07-01,24.81,26.03,24.51,25.56,5075126
2025-07-02,25.66,26.16,25.57,26.01,3685983
2025-07-03,26.01,26.04,25.61,25.75,2532915
2025-07-07,25.69,25.69,24.9,24.98,4820433
2025-07-08,24.9,25.58,24.89,25.49,9423653
2025-07-09,25.51,25.66,25.41,25.47,5318028
2025-07-10,25.47,25.93,25.41,25.5,4524659
2025-07-11,25.52,25.69,25.18,25.63,3614241
2025-07-14,25.53,25.55,25.15,25.22,3425581
2025-07-15,25.21,25.4,24.68,24.69,3336407
2025-07-16,24.88,25.27,24.7,25.23,5694513
2025-07-17,25.27,25.43,24.94,25.02,4674820
2025-07-18,25.06,25.1,24.51,24.66,5117352
2025-07-21,24.84,25.04,24.4,24.4,4597923
2025-07-22,24.62,25.56,24.58,25.49,5987999
2025-07-23,25.48,25.57,25.24,25.29,5336109
2025-07-24,25.3,25.38,24.78,25.02,7160391
2025-07-25,24.91,25.94,24.69,25.79,8976885
2025-07-28,25.55,25.74,25.17,25.21,4402020
2025-07-29,25.18,25.48,25.05,25.27,3968223
2025-07-30,25.29,25.67,24.74,24.88,3962276
2025-07-31,24.69,24.9,24.37,24.4,5651465
2025-08-01,24.57,24.68,24.08,24.43,4684780
2025-08-04,24.45,24.75,24.33,24.62,3823189
2025-08-05,24.69,25.23,24.64,25.13,4830668
2025-08-06,25.14,25.15,24.87,24.89,3767819
2025-08-07,25.26,25.43,24.83,25.05,3248334
2025-08-08,25.04,25.16,24.76,24.82,2407142
2025-08-11,24.79,24.95,24.47,24.63,3034518
2025-08-12,24.78,25.05,24.6,24.96,3432356
2025-08-13,25.02,25.77,24.97,25.73,4369190
2025-08-14,25.37,25.68,25.25,25.62,3300963
2025-08-15,25.62,25.72,25.14,25.17,4414208
2025-08-18,25.19,25.34,25.0,25.02,3207126
2025-08-19,25.14,25.69,25.14,25.65,3103370
2025-08-20,25.8,25.8,25.24,25.35,5487144
2025-08-21,25.21,25.21,24.93,25.1,2493962
2025-08-22,25.36,26.2,25.18,26.14,6048740
2025-08-25,26.07,26.09,25.65,25.81,4280883
2025-08-26,25.74,25.8,25.43,25.49,6077718
2025-08-27,25.47,25.8,25.37,25.44,2986613
2025-08-28,25.52,25.52,25.02,25.28,2811037
2025-08-29,25.32,25.5,25.23,25.41,3311929
2025-09-02,25.06,25.12,24.36,24.44,6035539
2025-09-03,24.35,24.58,24.26,24.38,2815264
2025-09-04,24.54,25.11,24.3,25.09,3900898
2025-09-05,25.3,25.88,25.23,25.68,3453182
2025-09-08,25.55,25.55,24.99,25.48,4886872
2025-09-09,25.35,25.42,24.71,24.82,2826584
2025-09-10,24.67,24.91,24.61,24.65,4141524
2025-09-11,24.69,25.63,24.69,25.37,4472656
2025-09-12,25.2,25.34,24.45,24.45,3710689
2025-09-15,24.55,24.68,24.31,24.38,3776213
2025-09-16,24.36,24.71,24.35,24.49,4704991
2025-09-17,24.38,25.16,24.03,24.05,4855758
2025-09-18,24.06,24.39,24.04,24.1,3296478
2025-09-19,24.11,24.11,23.55,23.67,11569300
2025-09-22,23.77,23.97,23.71,23.82,5395597
2025-09-23,23.86,24.02,23.79,23.94,4357158
2025-09-24,24.06,24.58,24.04,24.17,4481180
2025-09-25,24.06,24.39,23.64,23.74,4208792
2025-09-26,23.74,24.17,23.66,24.1,3936338
2025-09-29,24.19,24.42,23.9,24.41,5111207
2025-09-30,24.5,24.9,24.15,24.35,5465100
2025-10-01,24.41,24.59,24.29,24.5,3650388
2025-10-02,24.47,24.56,24.08,24.48,3593255
2025-10-03,24.54,24.85,24.53,24.67,2943711
2025-10-06,24.61,24.65,24.32,24.51,3680725
2025-10-07,24.53,24.73,23.93,23.98,4593047
2025-10-08,23.89,24.3,23.64,24.26,3475150
2025-10-09,24.16,24.29,23.82,24.0,2637337
2025-10-10,24.11,24.17,23.49,23.5,3236843
2025-10-13,23.57,23.7,23.3,23.5,4196915
2025-10-14,23.33,23.71,23.12,23.47,6405828
2025-10-15,23.54,24.06,23.3,23.3,6030040
2025-10-16,23.3,23.61,23.07,23.23,5942007
2025-10-17,23.29,23.56,23.02,23.17,3828354
2025-10-20,23.3,23.38,22.81,22.88,3867871
2025-10-21,22.87,23.49,22.85,23.29,4503372
2025-10-22,23.17,23.49,23.1,23.19,3156846
2025-10-23,23.13,23.45,22.87,23.42,4532654
2025-10-24,23.54,23.68,23.27,23.46,3461829
2025-10-27,23.54,23.62,23.33,23.59,3250980
2025-10-28,23.5,23.5,23.22,23.32,3812025
2025-10-29,23.19,23.29,22.71,22.78,10319653
2025-10-30,22.66,23.3,22.56,23.09,9473208
2025-10-31,22.97,22.97,22.17,22.59,13166422
2025-11-03,22.31,22.49,22.04,22.11,8750307
2025-11-04,22.07,22.24,21.89,22.18,5685334
2025-11-05,22.18,22.24,21.93,22.08,7422586
2025-11-06,22.05,22.54,22.02,22.42,6740015
2025-11-07,22.49,22.82,22.36,22.67,6547918
2025-11-10,22.56,22.57,22.02,22.27,7552420
2025-11-11,22.42,22.59,22.27,22.33,3797537
2025-11-12,22.23,22.41,22.04,22.05,6965826
2025-11-13,21.97,22.3,21.88,22.04,6504502
2025-11-14,21.96,22.05,21.71,21.73,6338469
2025-11-17,21.66,21.7,21.11,21.13,5797771
2025-11-18,21.09,21.25,20.86,21.18,6615828
2025-11-19,21.19,21.24,20.78,20.97,5866127
2025-11-20,21.04,21.28,20.97,20.99,5646986
2025-11-21,21.09,21.74,21.03,21.39,6885857
2025-11-24,21.45,21.45,21.01,21.13,7799606
2025-11-25,21.32,21.78,21.24,21.74,4855307
2025-11-26,21.62,22.12,21.62,21.86,5439737
2025-11-28,21.85,22.22,21.84,22.02,3648855
2025-12-01,21.76,22.28,21.68,21.93,7107942
2025-12-02,21.99,22.05,21.58,21.7,5232955
2025-12-03,21.76,21.99,21.64,21.68,4806915
2025-12-04,21.6,21.69,21.04,21.22,4741837
2025-12-05,21.27,21.86,21.27,21.5,7305601
2025-12-08,21.9,22.48,21.82,22.09,11331605
2025-12-09,22.03,22.18,21.75,21.93,7622387
2025-12-10,22.04,22.91,22.02,22.83,9505119
2025-12-11,23.15,23.56,22.93,23.0,8716776
2025-12-12,23.18,23.35,23.07,23.19,11772754
2025-12-15,23.44,23.44,22.81,23.15,7158498
2025-12-16,23.21,23.23,22.74,23.08,8033624
2025-12-17,23.3,23.75,23.18,23.53,10747551
2025-12-18,23.63,23.63,23.22,23.4,8373995
2025-12-19,23.55,23.66,23.26,23.28,12427585
2025-12-22,23.2,23.57,23.12,23.51,8405464
2025-12-23,23.49,23.5,23.22,23.35,5226790
2025-12-24,23.42,23.59,23.4,23.56,1935762
2025-12-26,23.61,23.71,23.41,23.54,3510570
2025-12-29,23.58,23.68,23.42,23.61,3841975
2025-12-30,23.55,23.85,23.48,23.78,3495881
2025-12-31,23.71,23.78,23.47,23.49,4614389
2026-01-02,23.53,23.78,23.35,23.59,4817568
2026-01-05,23.63,24.51,23.59,24.05,9207318
2026-01-06,23.91,24.14,23.7,23.78,8103421
2026-01-07,23.86,23.92,22.92,22.98,6872523
2026-01-08,22.8,24.02,22.69,23.78,9045220
2026-01-09,23.83,25.6,23.83,25.51,11410154
2026-01-12,25.44,25.65,25.15,25.53,8160315
2026-01-13,25.43,25.6,24.98,25.23,5306895
2026-01-14,25.36,26.4,25.23,26.39,9647088
2026-01-15,26.42,26.68,26.09,26.57,9058583
2026-01-16,26.45,27.11,26.45,26.83,10374334
2026-01-20,26.58,26.8,26.45,26.73,6598461
2026-01-21,27.04,27.19,26.68,26.84,7825922
2026-01-22,26.88,27.36,26.54,26.56,13419865
2026-01-23,26.49,26.64,26.23,26.44,7373163
2026-01-26,26.74,26.79,26.34,26.37,6527244
2026-01-27,26.26,26.38,25.88,26.0,8168198
2026-01-28,25.95,26.11,25.7,25.83,5893688
2026-01-29,26.01,26.15,25.53,25.71,7812403
2026-01-30,25.62,25.86,24.44,25.56,10094112
2026-02-02,25.69,25.88,25.24,25.62,10540037
2026-02-03,25.49,26.61,25.29,26.45,9094568
2026-02-04,26.45,26.81,26.26,26.47,9488142
2026-02-05,26.49,26.73,26.28,26.48,5850228
2026-02-06,26.64,26.84,26.17,26.41,6153472
2026-02-09,26.41,26.62,26.14,26.43,4863263
2026-02-10,26.51,26.95,26.29,26.71,6147949
2026-02-11,26.86,27.28,26.52,26.87,6912613
2026-02-12,27.26,27.51,26.76,26.81,7104080
2026-02-13,27.14,27.31,26.4,26.52,6917595
2026-02-17,26.61,26.88,26.31,26.65,5061081
2026-02-18,26.53,26.75,25.89,26.04,4743411
2026-02-19,25.98,26.05,25.27,25.33,4641482
2026-02-20,25.33,25.44,24.84,25.06,5084781
2026-02-23,25.39,25.49,24.69,24.91,4711195
2026-02-24,24.84,24.93,24.39,24.68,5142819
2026-02-25,24.69,24.73,23.86,24.15,5700188
2026-02-26,24.19,24.43,23.93,24.31,6175089
2026-02-27,23.96,24.34,23.82,24.32,7837178
2026-03-02,24.25,24.64,24.06,24.41,6654896
2026-03-03,24.04,24.67,23.85,24.56,8479458
2026-03-04,24.66,24.75,24.37,24.61,4711680
2026-03-05,24.48,24.63,24.26,24.42,8710562
2026-03-06,24.23,24.32,23.81,24.29,6407472
2026-03-09,24.01,24.37,23.61,24.24,7571970
2026-03-10,24.26,24.35,23.94,24.18,7026634
2026-03-11,24.06,24.21,23.22,23.23,7248367
2026-03-12,23.02,23.38,22.93,23.03,7272862
2026-03-13,23.26,23.49,23.19,23.46,5432540
2026-03-16,23.66,23.81,23.55,23.73,4306122
2026-03-17,23.98,24.22,23.79,24.09,3708447
2026-03-18,23.94,23.97,23.42,23.43,4436297
2026-03-19,23.34,23.39,22.82,22.96,6447435
2026-03-20,22.93,23.04,22.41,22.47,8903587
2026-03-23,22.78,23.44,22.74,23.16,5768242
2026-03-24,23.07,23.88,23.0,23.54,4609246
2026-03-25,23.83,23.89,23.29,23.65,3604652
2026-03-26,23.53,23.87,23.37,23.6,4186042
2026-03-27,23.49,23.92,23.35,23.86,6600748
2026-03-30,23.98,24.67,23.92,24.28,6985144
2026-03-31,24.55,24.68,24.24,24.43,5631157
2026-04-01,24.28,24.56,24.13,24.2,3590801
2026-04-02,24.25,24.65,24.06,24.43,3208429
2026-04-06,24.3,24.5,24.12,24.2,3135771
2026-04-07,24.04,24.12,23.82,24.02,3616583
2026-04-08,24.54,25.07,24.54,24.9,3955497
2026-04-09,24.73,25.07,24.56,24.82,3160964
2026-04-10,24.71,25.07,24.53,24.64,3718975
2026-04-13,24.65,24.86,24.32,24.82,3344939
2026-04-14,24.88,24.98,24.69,24.78,2739433
2026-04-15,24.78,24.78,24.2,24.21,4433975
2026-04-16,24.2,24.43,23.88,24.36,6503150
2026-04-17,24.48,25.19,24.48,25.17,6861109
