Date,Open,High,Low,Close,Volume
2015-08-11,19.0,19.29,18.38,18.65,201641
2015-08-12,18.4,19.0,18.02,18.03,135191
2015-08-13,17.88,19.01,17.76,18.98,154831
2015-08-14,18.98,20.34,18.54,19.72,240429
2015-08-17,19.38,20.35,18.88,20.11,246838
2015-08-18,20.15,20.15,18.1,18.1,205147
2015-08-19,17.02,18.91,16.33,18.64,173644
2015-08-20,18.4,19.28,17.95,17.96,157246
2015-08-21,17.2,17.57,16.16,16.16,134923
2015-08-24,15.01,15.5,14.54,14.54,61856
2015-08-25,13.09,13.49,13.09,13.09,62595
2015-08-26,13.38,13.4,11.78,11.78,151416
2015-08-27,12.15,12.46,10.71,12.11,117143
2015-08-28,12.55,13.32,12.06,13.32,151008
2015-08-31,13.29,13.29,11.99,11.99,121335
2015-09-01,11.87,11.87,10.79,10.79,97619
2015-09-02,10.0,11.33,9.82,10.1,95423
2015-09-07,10.44,11.1,10.28,10.69,96872
2015-09-08,10.94,11.76,10.51,11.75,105353
2015-09-09,11.86,12.65,11.79,12.48,156110
2015-09-10,12.0,12.4,11.82,11.94,93416
2015-09-11,12.08,12.52,12.01,12.29,97156
2015-09-14,12.48,12.64,11.06,11.06,96560
2015-09-15,10.6,10.89,9.95,9.95,101030
2015-09-16,10.01,10.95,10.01,10.95,101659
2015-09-17,11.26,11.83,10.99,11.11,169750
2015-09-18,11.4,11.74,11.1,11.52,105921
2015-09-21,11.3,12.54,11.21,12.54,147520
2015-09-22,12.56,12.83,12.15,12.42,177265
2015-09-23,12.1,12.6,11.98,12.25,127136
2015-09-24,12.35,12.88,12.3,12.53,132572
2015-09-25,12.35,12.48,11.3,11.56,99771
2015-09-28,11.66,12.35,11.58,12.12,96757
2015-09-29,11.81,11.99,11.5,11.69,73851
2015-09-30,11.88,12.08,11.61,11.78,63050
2015-10-08,12.38,12.6,12.16,12.47,112061
2015-10-09,13.05,13.72,13.04,13.72,94387
2015-10-12,14.48,15.09,14.32,14.56,221825
2015-10-13,14.61,15.59,14.61,14.97,350614
2015-10-14,14.61,14.95,14.49,14.75,197302
2015-10-15,14.35,16.23,14.25,16.23,346311
2015-10-16,16.52,16.9,15.87,16.78,341794
2015-10-19,16.5,16.93,15.83,16.11,251940
2015-10-20,16.26,16.76,16.2,16.48,201790
2015-10-21,16.51,16.58,14.83,14.83,242654
2015-10-22,14.63,15.5,14.5,15.33,192264
2015-10-23,15.41,16.13,15.06,16.03,246003
2015-10-26,16.18,16.4,15.42,15.87,197015
2015-10-27,15.5,16.18,14.68,16.0,180998
2015-10-28,15.8,16.4,15.25,15.4,172766
2015-10-29,15.52,16.01,15.18,15.64,136472
2015-10-30,15.3,16.29,14.96,15.89,219128
2015-11-02,15.0,15.96,14.8,15.0,150604
2015-11-03,15.04,15.25,14.5,14.6,98005
2015-11-04,14.78,15.84,14.7,15.8,163656
2015-11-05,15.8,16.25,15.5,16.07,224652
2015-11-06,16.23,16.85,16.08,16.33,223588
2015-11-09,15.88,16.78,15.65,16.53,215003
2015-11-10,16.46,17.32,16.11,17.12,248598
2015-11-11,17.12,17.5,16.7,17.13,241271
2015-11-12,17.0,17.05,16.32,16.57,208661
2015-11-13,16.21,16.47,15.53,15.9,130730
2015-11-16,15.6,16.5,15.52,16.45,131463
2015-11-17,16.75,16.95,16.12,16.27,183985
2015-11-18,16.15,17.3,16.1,16.82,291228
2015-11-19,16.78,18.29,16.52,18.09,405532
2015-11-20,17.79,18.07,17.41,17.97,313004
2015-11-23,17.7,18.2,17.3,17.39,214030
2015-11-24,17.43,17.93,17.27,17.93,153067
2015-11-25,17.67,18.86,17.67,18.51,261797
2015-11-26,18.6,18.68,17.57,17.61,202215
2015-11-27,17.61,17.94,15.85,15.85,176503
2015-11-30,15.78,16.2,14.54,15.7,137015
2015-12-01,15.59,16.2,15.36,16.17,151244
2015-12-02,16.62,17.1,15.5,16.33,172400
2015-12-03,15.85,16.64,15.82,16.52,124250
2015-12-04,16.43,16.52,15.92,16.03,98202
2015-12-07,16.1,16.46,15.6,16.26,85933
2015-12-08,16.19,16.2,15.6,15.64,78959
2015-12-09,15.5,15.86,15.48,15.7,65388
2015-12-10,15.68,17.27,15.55,16.9,271004
2015-12-11,16.27,17.5,16.24,17.22,270268
2015-12-14,16.89,17.77,16.6,17.52,181930
2015-12-15,17.91,19.27,17.63,18.8,382953
2015-12-16,18.53,19.38,18.3,18.65,317341
2015-12-17,18.5,19.31,18.5,18.8,232516
2015-12-18,18.64,20.02,18.61,19.68,324917
2015-12-21,20.27,20.42,18.89,19.06,251353
2015-12-22,19.08,19.78,18.59,19.55,209935
2015-12-23,19.3,20.19,19.0,19.19,200243
2015-12-24,19.21,19.21,18.14,18.55,125043
2015-12-25,18.58,19.08,18.42,18.65,120823
2015-12-28,18.88,19.87,18.5,18.55,244028
2015-12-29,18.31,20.41,18.15,20.41,306209
2015-12-30,20.6,22.4,20.41,21.33,497497
2015-12-31,21.06,21.83,20.7,21.28,257164
2016-01-04,21.21,21.56,19.15,19.15,199253
2016-01-05,17.51,18.95,17.24,17.74,273131
2016-01-06,18.0,18.26,16.72,17.99,263102
2016-01-07,17.38,17.58,16.19,16.19,48546
2016-01-08,16.27,16.67,14.67,15.6,209052
2016-01-11,15.0,15.0,14.04,14.04,166196
2016-01-12,13.8,13.99,12.88,13.5,183126
2016-01-13,13.67,13.92,12.46,12.61,130548
2016-01-14,12.07,13.68,12.05,13.64,164438
2016-01-15,13.3,13.67,12.55,12.62,149339
2016-01-18,12.13,13.59,12.13,13.2,134187
2016-01-19,13.1,13.88,13.01,13.79,168907
2016-01-20,13.65,14.26,13.5,13.72,166746
2016-01-21,13.52,13.98,12.75,12.8,143336
2016-01-22,13.1,13.28,12.4,13.1,112233
2016-01-25,13.32,13.55,13.1,13.27,94609
2016-01-26,13.0,13.56,11.99,12.1,152192
2016-01-27,12.23,12.5,11.15,12.19,128096
2016-01-28,11.91,12.13,11.01,11.19,107561
2016-01-29,11.16,12.02,11.01,11.85,114370
2016-02-01,11.6,11.9,11.12,11.5,86075
2016-02-02,11.58,12.3,11.52,12.26,118368
2016-02-03,12.0,12.42,11.81,12.42,97147
2016-02-04,12.42,12.8,12.36,12.58,115943
2016-02-05,12.73,12.73,12.3,12.3,71710
2016-02-15,11.77,12.5,11.53,12.29,66440
2016-02-16,12.31,13.16,12.31,12.94,120119
2016-02-17,12.91,13.46,12.83,13.33,149247
2016-02-18,13.35,13.58,13.1,13.11,134420
2016-02-19,13.11,14.27,13.0,13.6,179696
2016-02-22,14.96,14.96,13.79,14.25,249119
2016-02-23,14.4,14.55,13.38,13.7,232366
2016-02-24,13.61,13.88,13.3,13.77,150196
2016-02-25,13.6,13.73,12.39,12.39,137972
2016-02-26,12.37,12.52,11.87,12.1,117294
2016-02-29,12.01,12.02,10.89,10.89,110358
2016-03-01,10.97,11.35,10.5,11.2,103665
2016-03-02,11.17,11.89,11.06,11.84,118500
2016-03-03,11.93,12.87,11.83,12.07,148249
2016-03-04,11.91,12.09,11.03,11.33,117707
2016-03-07,11.45,11.88,11.45,11.67,84013
2016-03-08,11.6,11.89,10.9,11.83,104695
2016-03-09,11.5,11.82,11.3,11.45,70140
2016-03-10,11.45,11.64,11.02,11.12,65680
2016-03-11,10.85,11.35,10.85,11.21,52708
2016-03-14,11.45,12.08,11.4,11.81,115594
2016-03-15,11.82,11.92,11.5,11.6,75984
2016-03-16,11.8,11.96,11.18,11.4,65089
2016-03-17,11.49,12.2,11.46,12.06,153440
2016-03-18,12.05,13.27,12.04,13.27,188792
2016-03-21,14.1,14.6,13.91,14.6,473597
2016-03-22,14.58,14.86,14.19,14.5,366975
2016-03-23,14.3,15.95,14.18,15.95,432031
2016-03-24,15.3,17.55,15.13,16.03,499018
2016-03-25,15.9,16.27,15.31,15.88,275167
2016-03-28,15.8,16.22,15.33,15.4,209078
2016-03-29,15.38,15.62,14.63,15.53,204665
2016-03-30,15.53,16.38,15.46,16.2,261859
2016-03-31,16.17,16.64,16.0,16.08,240035
2016-04-01,15.88,16.01,15.2,15.74,146217
2016-04-05,15.89,16.8,15.7,16.6,236243
2016-04-06,16.5,17.27,16.08,16.28,253657
2016-04-07,16.18,16.79,15.73,16.19,263636
2016-04-08,15.7,15.98,15.1,15.5,190850
2016-04-11,15.68,16.16,15.57,15.62,184095
2016-04-12,15.5,15.58,15.1,15.55,118041
2016-04-13,15.73,16.24,15.58,15.78,223154
2016-04-14,15.92,16.23,15.71,15.99,146548
2016-04-15,16.19,16.55,16.0,16.23,238595
2016-04-18,16.2,17.19,15.63,16.68,287405
2016-04-19,16.41,16.79,16.21,16.58,193779
2016-04-20,16.8,16.94,15.02,15.22,255509
2016-04-21,14.95,15.32,14.46,14.48,157724
2016-04-22,14.29,14.8,14.2,14.57,91982
2016-04-25,14.58,14.58,14.0,14.38,84493
2016-04-26,14.31,14.72,14.28,14.68,89922
2016-04-27,14.89,14.99,14.43,14.53,106284
2016-04-28,14.35,14.61,13.87,14.58,109058
2016-04-29,14.39,14.66,14.32,14.5,73077
2016-05-03,14.48,15.12,14.31,15.12,139101
2016-05-04,15.01,15.26,14.96,15.07,108880
2016-05-05,15.0,15.15,14.77,15.1,79599
2016-05-06,15.08,15.25,13.96,13.96,150523
2016-05-09,13.66,13.8,12.9,13.05,101303
2016-05-10,13.1,13.23,13.01,13.16,54505
2016-05-11,13.29,13.3,12.69,12.84,60263
2016-05-12,12.7,12.99,12.22,12.98,64082
2016-05-13,12.87,13.12,12.6,12.78,51638
2016-05-16,12.8,13.18,12.64,13.17,53352
2016-05-17,13.25,13.5,12.89,13.22,88035
2016-05-18,13.0,13.55,12.76,13.0,80518
2016-05-19,12.89,13.44,12.85,13.08,81484
2016-05-20,12.78,13.28,12.71,13.16,73915
2016-05-23,13.16,13.98,13.16,13.89,165642
2016-05-24,13.75,13.78,13.32,13.52,114517
2016-05-25,13.59,13.88,13.34,13.49,91337
2016-05-26,13.42,13.8,13.06,13.77,98575
2016-05-27,13.6,13.76,13.5,13.58,71075
2016-05-30,13.46,13.53,13.15,13.29,53165
2016-05-31,13.38,14.25,13.36,14.22,138278
2016-06-01,14.21,14.56,14.08,14.16,133981
2016-06-02,14.05,14.5,14.05,14.48,108000
2016-06-03,14.62,14.71,14.25,14.56,140748
2016-06-06,14.58,15.09,14.58,14.91,170651
2016-06-07,14.7,14.79,14.4,14.69,110555
2016-06-08,14.6,14.99,14.51,14.88,124846
2016-06-13,14.52,14.8,13.51,13.53,125682
2016-06-14,13.3,13.65,13.3,13.43,69408
2016-06-15,13.2,14.2,13.15,13.99,88910
2016-06-16,13.96,14.47,13.81,14.18,104957
2016-06-17,14.19,14.72,14.18,14.44,123267
2016-06-20,14.44,15.28,14.2,15.15,163127
2016-06-21,15.26,15.26,14.3,14.44,167668
2016-06-22,14.29,14.88,14.21,14.86,96375
2016-06-23,14.85,15.05,14.43,14.66,105928
2016-06-24,14.74,14.79,13.66,14.3,115027
2016-06-27,14.1,14.99,14.01,14.91,146103
2016-06-28,14.8,15.61,14.77,15.34,235225
2016-06-29,15.3,15.4,15.03,15.21,131093
2016-06-30,15.15,15.42,15.05,15.32,103848
2016-07-01,15.3,15.69,15.05,15.2,123569
2016-07-04,15.0,15.5,14.8,15.39,126686
2016-07-05,15.39,15.48,15.06,15.24,101721
2016-07-06,15.23,15.23,15.01,15.1,69745
2016-07-07,15.1,15.2,14.8,15.1,89670
2016-07-08,15.1,15.39,14.91,15.14,82937
2016-07-11,15.14,15.45,15.11,15.16,118340
2016-07-12,15.09,15.29,14.71,15.25,89332
2016-07-13,15.2,15.6,15.19,15.5,144932
2016-07-14,15.49,15.68,15.3,15.62,118630
2016-07-15,15.6,15.62,15.18,15.25,78696
2016-07-18,15.2,15.25,14.86,15.07,75904
2016-07-19,15.07,15.18,14.94,15.18,52718
2016-07-20,15.19,15.23,15.0,15.02,48091
2016-07-21,15.02,15.2,14.92,15.04,56512
2016-07-22,15.03,15.44,14.94,15.3,115308
2016-07-25,15.35,15.63,15.25,15.42,132677
2016-07-26,15.44,15.65,15.33,15.62,129250
2016-07-27,15.64,15.72,14.2,14.53,166827
2016-07-28,14.4,14.6,13.88,14.14,95561
2016-07-29,14.22,14.35,13.82,13.92,57984
2016-08-01,13.8,13.9,13.3,13.48,60153
2016-08-02,13.48,13.75,13.42,13.7,39742
2016-08-03,13.75,13.75,13.55,13.61,36140
2016-08-04,13.61,14.09,13.61,13.88,61486
2016-08-05,13.87,13.87,13.5,13.51,57104
2016-08-08,13.51,13.72,13.2,13.71,49252
2016-08-09,13.7,13.83,13.65,13.78,46752
2016-08-10,13.7,13.94,13.68,13.82,47526
2016-08-11,13.77,13.78,13.4,13.4,42190
2016-08-12,13.41,13.67,13.33,13.64,33075
2016-08-15,13.68,13.99,13.64,13.94,75937
2016-08-16,13.95,14.02,13.82,13.91,55304
2016-08-17,13.9,13.99,13.84,13.94,40580
2016-08-18,13.97,14.06,13.88,13.99,55085
2016-08-19,14.04,14.05,13.72,13.86,49989
2016-08-22,13.85,13.86,13.62,13.64,42051
2016-08-23,13.7,13.85,13.6,13.73,33246
2016-08-24,13.73,13.86,13.62,13.81,39797
2016-08-25,13.7,13.7,13.26,13.55,42768
2016-08-26,13.55,13.81,13.53,13.6,43929
2016-08-29,13.6,13.72,13.4,13.55,34644
2016-08-30,13.62,13.68,13.5,13.62,25720
2016-08-31,13.63,13.65,13.44,13.61,32220
2016-09-01,13.62,13.79,13.58,13.62,43081
2016-09-02,13.61,13.7,13.45,13.52,37428
2016-09-05,13.55,13.73,13.5,13.6,33165
2016-09-06,13.6,13.98,13.48,13.92,74028
2016-09-07,13.9,13.97,13.81,13.84,49254
2016-09-08,13.86,13.96,13.75,13.87,31917
2016-09-09,13.87,13.98,13.79,13.82,40635
2016-09-12,13.45,13.5,13.15,13.16,53950
2016-09-13,13.29,13.35,13.16,13.23,25976
2016-09-14,13.23,13.37,13.2,13.23,20485
2016-09-19,13.24,13.46,13.24,13.39,25105
2016-09-20,13.39,13.45,13.22,13.24,23627
2016-09-21,13.25,13.43,13.25,13.33,22054
2016-09-22,13.4,13.44,13.3,13.32,24317
2016-09-23,13.35,13.37,13.24,13.27,19696
2016-09-26,13.25,13.25,12.8,12.82,39795
2016-09-27,12.81,13.1,12.73,13.04,30120
2016-09-28,13.04,13.04,12.88,12.91,15338
2016-09-29,13.04,13.13,12.92,12.94,18436
2016-09-30,12.97,13.02,12.83,13.0,16297
2016-10-10,13.02,13.51,13.02,13.44,48899
2016-10-11,13.53,13.66,13.36,13.47,44584
2016-10-12,13.44,13.56,13.3,13.52,34185
2016-10-13,13.5,13.6,13.37,13.52,31176
2016-10-14,13.45,13.78,13.39,13.53,29511
2016-10-17,13.54,13.65,13.22,13.28,31583
2016-10-18,13.33,13.75,13.21,13.75,70714
2016-10-19,13.69,13.82,13.54,13.72,58035
2016-10-20,13.66,13.77,13.51,13.73,44540
2016-10-21,13.72,13.72,13.36,13.51,35412
2016-10-24,13.52,13.69,13.52,13.64,37273
2016-10-25,13.62,13.75,13.62,13.71,39912
2016-10-26,13.73,13.76,13.48,13.58,33789
2016-10-27,13.62,13.65,13.53,13.63,28473
2016-10-28,13.63,13.72,13.43,13.43,32158
2016-10-31,13.31,13.46,13.18,13.41,34653
2016-11-01,13.32,13.59,13.32,13.55,46284
2016-11-02,13.52,13.65,13.32,13.33,37853
2016-11-03,13.24,13.65,13.21,13.53,54402
2016-11-04,13.52,13.74,13.46,13.6,37691
2016-11-07,13.58,13.75,13.55,13.7,50812
2016-11-08,13.71,13.92,13.61,13.74,53640
2016-11-09,13.71,13.75,13.3,13.5,48464
2016-11-10,13.7,13.74,13.58,13.72,42601
2016-11-11,13.68,13.85,13.68,13.84,50039
2016-11-14,13.8,14.13,13.78,13.94,70431
2016-11-15,13.98,14.2,13.77,14.17,71993
2016-11-16,14.17,14.29,13.97,14.06,75557
2016-11-17,14.09,14.2,13.83,13.92,56604
2016-11-18,13.99,14.02,13.83,14.0,36048
2016-11-21,13.96,14.31,13.92,14.23,82263
2016-11-22,14.12,14.44,14.1,14.23,57365
2016-11-23,14.25,14.4,14.12,14.2,50855
2016-11-24,14.2,14.31,13.9,13.97,47372
2016-11-25,13.93,14.14,13.61,14.1,47746
2016-11-28,14.19,14.19,13.91,13.91,30962
2016-11-29,13.91,14.0,13.7,13.7,34601
2016-11-30,13.64,13.86,13.56,13.72,37918
2016-12-01,13.7,13.89,13.6,13.83,39621
2016-12-02,13.74,13.8,13.35,13.37,42906
2016-12-05,13.3,13.46,13.19,13.38,22858
2016-12-06,13.37,13.52,13.29,13.36,25484
2016-12-07,13.47,13.47,13.27,13.43,29563
2016-12-08,13.43,13.44,13.25,13.26,26622
2016-12-09,13.26,13.37,13.17,13.2,23247
2016-12-12,13.1,13.21,12.0,12.13,52489
2016-12-13,12.0,12.22,11.93,12.15,31654
2016-12-14,12.17,12.19,11.97,12.06,27750
2016-12-15,12.0,12.32,12.0,12.21,26586
2016-12-16,12.27,12.7,12.27,12.48,36266
2016-12-19,12.53,12.53,12.28,12.37,20510
2016-12-20,12.35,12.6,12.3,12.6,29406
2016-12-21,12.55,12.77,12.54,12.77,33327
2016-12-22,12.82,12.98,12.7,12.89,38756
2016-12-23,12.85,13.06,12.68,12.8,40592
2016-12-26,12.73,14.08,12.65,14.08,169421
2016-12-27,14.04,14.07,13.68,13.92,144437
2016-12-28,13.8,13.95,13.66,13.72,127955
2016-12-29,13.72,13.76,13.37,13.59,79425
2016-12-30,13.5,13.64,13.3,13.31,58978
2017-01-03,13.38,13.51,13.3,13.36,59951
2017-01-04,13.37,13.6,13.11,13.6,87555
2017-01-05,13.53,13.66,13.26,13.29,68906
2017-01-06,13.25,13.5,13.18,13.34,54851
2017-01-09,13.3,13.53,13.24,13.44,53103
2017-01-10,13.37,13.59,13.17,13.25,51094
2017-01-11,13.31,13.4,13.15,13.28,31552
2017-01-12,13.26,13.3,12.67,12.77,55807
2017-01-13,12.62,12.75,12.2,12.26,42104
2017-01-16,12.27,12.39,11.11,11.63,46778
2017-01-17,11.61,11.96,11.42,11.93,32151
2017-01-18,11.87,11.91,11.72,11.82,25430
2017-01-19,11.66,11.96,11.61,11.82,16276
2017-01-20,11.8,12.29,11.72,12.05,33096
2017-01-23,12.05,12.35,12.0,12.19,25431
2017-01-24,12.15,12.18,11.97,12.04,17249
2017-01-25,12.38,12.5,12.2,12.23,33835
2017-01-26,12.21,12.49,12.18,12.42,26549
2017-02-03,12.42,12.55,12.33,12.43,15140
2017-02-06,12.43,12.58,12.41,12.49,24164
2017-02-07,12.52,12.59,12.31,12.42,25221
2017-02-08,12.38,12.59,12.33,12.51,23585
2017-02-09,12.5,12.75,12.48,12.61,27077
2017-02-10,12.65,12.7,12.41,12.41,26581
2017-02-13,12.41,12.58,12.33,12.45,24710
2017-02-14,12.45,12.71,12.44,12.55,33523
2017-02-15,12.5,12.68,12.19,12.24,33994
2017-02-16,12.25,12.35,12.14,12.29,26359
2017-02-17,12.26,12.39,12.22,12.32,25133
2017-02-20,12.32,12.5,12.2,12.49,32383
2017-02-21,12.45,12.67,12.41,12.61,38898
2017-02-22,12.61,12.68,12.45,12.62,34242
2017-02-23,12.61,12.63,12.43,12.59,29929
2017-02-24,12.55,12.62,12.48,12.6,26332
2017-02-27,12.63,12.75,12.52,12.54,32043
2017-02-28,12.5,12.63,12.47,12.56,21053
2017-03-01,12.58,12.96,12.52,12.7,62681
2017-03-02,12.7,12.82,12.54,12.6,31428
2017-03-03,12.58,12.65,12.5,12.58,27558
2017-03-06,12.6,12.83,12.55,12.78,38697
2017-03-07,12.75,13.09,12.7,13.06,69255
2017-03-08,13.0,13.05,12.85,12.92,35409
2017-03-09,12.9,13.13,12.8,12.9,34956
2017-03-10,12.9,12.95,12.77,12.78,20773
2017-03-13,12.75,13.05,12.55,12.97,42511
2017-03-14,13.15,13.44,12.96,13.03,61770
2017-03-15,12.88,13.35,12.81,13.1,46319
2017-03-16,12.99,13.2,12.99,13.18,38675
2017-03-17,13.21,13.25,12.84,12.9,49552
2017-03-20,12.89,13.03,12.83,13.01,28442
2017-03-21,12.99,12.99,12.84,12.91,33147
2017-03-22,12.85,12.91,12.4,12.54,50724
2017-03-23,12.51,13.09,12.49,12.99,73552
2017-03-24,13.07,13.36,12.88,13.29,98682
2017-03-27,13.33,13.46,13.15,13.32,70011
2017-03-28,13.3,13.59,13.23,13.26,80608
2017-03-29,13.28,13.51,13.04,13.23,82657
2017-03-30,13.2,13.6,13.07,13.27,119248
2017-03-31,13.26,13.41,12.89,13.39,99371
2017-04-05,13.4,13.64,13.35,13.61,135380
2017-04-06,13.6,13.9,12.86,12.94,223979
2017-04-07,12.75,12.79,12.45,12.57,125906
2017-04-10,12.51,13.48,12.3,13.36,170014
2017-04-11,13.32,13.42,12.91,13.42,105863
2017-04-12,13.3,13.54,13.12,13.35,90638
2017-04-13,13.39,13.46,13.16,13.35,52727
2017-04-14,13.46,13.65,13.17,13.24,73139
2017-04-17,13.08,13.35,12.87,13.15,43463
2017-04-18,13.1,13.29,12.85,12.91,48800
2017-04-19,12.88,12.95,12.57,12.66,33901
2017-04-20,12.7,13.45,12.66,13.31,76373
2017-04-21,13.3,13.39,13.21,13.34,56928
2017-04-24,13.27,13.42,12.01,12.82,37489
2017-04-25,12.7,13.18,12.5,12.56,76991
2017-04-26,12.45,12.93,12.42,12.82,46613
2017-04-27,12.73,12.93,12.36,12.48,108404
2017-04-28,12.35,12.38,12.0,12.19,53726
2017-05-02,12.18,12.36,11.97,12.36,33232
2017-05-03,12.41,12.45,12.2,12.23,25760
2017-05-04,12.2,12.38,12.16,12.24,23536
2017-05-05,12.36,12.36,12.0,12.08,27581
2017-05-08,12.06,12.32,11.97,12.19,33442
2017-05-09,12.15,12.41,12.13,12.36,27191
2017-05-10,12.38,12.43,11.8,11.8,72298
2017-05-11,11.61,11.9,11.5,11.8,23649
2017-05-12,11.72,11.91,11.7,11.75,13130
2017-05-15,12.25,12.67,11.8,12.38,146724
2017-05-16,12.14,13.62,12.04,13.62,310003
2017-05-17,13.33,14.1,13.22,14.03,310112
2017-05-18,13.8,14.26,13.63,14.02,266626
2017-05-19,14.01,14.1,13.77,13.88,135102
2017-05-22,13.73,13.95,13.63,13.9,79280
2017-05-23,13.87,14.02,13.3,13.79,195144
2017-05-24,13.78,14.2,13.5,14.01,362310
2017-05-25,14.08,14.35,13.78,14.3,376310
2017-05-26,14.2,14.2,13.82,13.99,239662
2017-05-31,14.1,14.35,13.91,14.32,363904
2017-06-01,14.3,14.4,13.95,14.15,217627
2017-06-02,14.3,14.3,13.66,14.1,181949
2017-06-05,14.1,14.1,13.71,13.83,83555
2017-06-06,14.0,14.24,13.92,14.14,388965
2017-06-07,14.2,14.4,13.88,14.09,370102
2017-06-08,14.28,14.28,12.83,13.18,351279
2017-06-09,12.7,13.5,12.18,13.39,239915
2017-06-12,13.1,13.22,12.9,13.08,109632
2017-06-13,13.03,13.17,12.65,12.87,83852
2017-06-14,12.89,13.1,12.8,12.87,147851
2017-06-15,12.96,12.96,12.37,12.61,181732
2017-06-16,12.52,12.55,12.36,12.45,80014
2017-06-19,12.44,12.53,12.4,12.48,52094
2017-06-20,12.5,12.66,12.48,12.55,72302
2017-06-21,12.55,12.8,12.27,12.62,103789
2017-06-22,12.53,12.59,12.12,12.12,74967
2017-06-23,12.09,12.19,11.86,12.0,74386
2017-06-26,12.0,12.22,11.95,12.19,49368
2017-06-27,12.18,12.25,12.09,12.18,38964
2017-06-28,12.18,12.35,12.1,12.2,49516
2017-06-29,12.3,12.44,12.15,12.35,51691
2017-06-30,12.25,12.3,12.1,12.16,38264
2017-07-03,12.16,12.34,12.15,12.24,37646
2017-07-04,12.34,12.37,12.22,12.28,33492
2017-07-05,12.32,12.81,12.2,12.7,119098
2017-07-06,12.73,12.85,12.48,12.56,106750
2017-07-07,12.39,12.5,12.36,12.45,52335
2017-07-10,12.41,12.57,12.26,12.27,48149
2017-07-11,12.26,12.29,11.94,12.01,54813
2017-07-12,12.0,12.09,11.68,11.92,40812
2017-07-13,11.93,11.94,11.8,11.85,33004
2017-07-14,11.86,11.94,11.75,11.93,26529
2017-07-17,11.87,11.92,10.74,10.76,78103
2017-07-18,10.74,10.89,10.56,10.73,37429
2017-07-19,10.69,10.92,10.69,10.89,30457
2017-07-20,10.9,11.02,10.82,10.92,27749
2017-07-21,10.91,10.97,10.82,10.83,22902
2017-07-24,10.9,10.94,10.71,10.93,25095
2017-07-25,11.1,11.1,10.81,10.85,21278
2017-07-26,10.97,10.97,10.65,10.69,30331
2017-07-27,10.7,11.03,10.64,10.97,45976
2017-07-28,10.92,11.09,10.92,10.93,27444
2017-07-31,10.93,10.99,10.8,10.92,26873
2017-08-01,10.96,11.06,10.92,11.04,30994
2017-08-02,11.04,11.09,10.85,10.93,28453
2017-08-03,10.99,11.06,10.87,10.98,28566
2017-08-04,10.94,11.04,10.91,10.97,31460
2017-08-07,11.03,11.06,10.93,10.94,22816
2017-08-08,10.97,10.97,10.81,10.89,27427
2017-08-09,10.89,10.89,10.75,10.79,29990
2017-08-10,10.77,10.87,10.62,10.7,28968
2017-08-11,10.66,10.76,10.58,10.62,23229
2017-08-14,10.61,10.93,10.61,10.93,37912
2017-08-15,10.93,11.0,10.86,10.9,27011
2017-08-16,11.07,11.56,11.06,11.36,103665
2017-08-17,11.21,11.69,11.2,11.46,84330
2017-08-18,11.38,11.45,11.25,11.3,43913
2017-08-21,11.25,11.46,11.21,11.27,34436
2017-08-22,11.27,11.36,11.12,11.33,45475
2017-08-23,11.42,11.67,11.33,11.5,94884
2017-08-24,11.41,11.58,11.19,11.21,60103
2017-08-25,11.16,11.32,11.14,11.24,39253
2017-08-28,11.24,11.57,11.24,11.54,66113
2017-08-29,11.54,11.62,11.42,11.45,38109
2017-08-30,11.45,11.53,11.38,11.49,39788
2017-08-31,11.5,11.6,11.4,11.45,41209
2017-09-01,11.44,11.55,11.38,11.55,54528
2017-09-04,11.66,11.88,11.56,11.73,86806
2017-09-05,11.64,11.88,11.61,11.69,58503
2017-09-06,11.67,11.95,11.58,11.94,75835
2017-09-07,12.05,12.16,11.8,11.8,79976
2017-09-08,11.86,12.0,11.82,11.99,63212
2017-09-11,11.99,12.37,11.98,12.33,98317
2017-09-12,12.38,12.39,12.12,12.15,72934
2017-09-13,12.19,12.21,11.91,12.02,46836
2017-09-14,12.05,12.09,11.79,11.86,50720
2017-09-15,11.8,12.12,11.7,12.12,64921
2017-09-18,12.15,12.34,12.15,12.27,80097
2017-09-19,12.27,12.31,11.85,11.91,53005
2017-09-20,11.78,12.04,11.78,12.04,37148
2017-09-21,12.04,12.05,11.79,11.79,37971
2017-09-22,11.79,12.0,11.7,11.83,32976
2017-09-25,11.97,11.97,11.56,11.59,32109
2017-09-26,11.6,11.77,11.5,11.59,31554
2017-09-27,11.61,12.08,11.54,12.05,47534
2017-09-28,11.9,12.2,11.85,12.04,71265
2017-09-29,11.96,12.29,11.95,12.21,60946
2017-10-09,12.38,12.55,12.16,12.49,87222
2017-10-10,12.45,12.5,12.27,12.44,56341
2017-10-11,12.7,13.0,12.2,12.2,109080
2017-10-12,12.19,12.87,12.16,12.85,124224
2017-10-13,12.69,13.1,12.61,12.95,150981
2017-10-16,12.85,12.94,12.18,12.27,122098
2017-10-17,12.17,12.36,12.1,12.16,50714
2017-10-18,12.23,12.35,11.8,11.84,50434
2017-10-19,11.85,12.07,11.58,11.87,61462
2017-10-20,11.83,12.08,11.7,12.05,36662
2017-10-23,12.09,12.28,12.02,12.24,43074
2017-10-24,12.28,12.28,12.02,12.26,41714
2017-10-25,12.24,12.43,12.15,12.39,42265
2017-10-26,12.38,12.38,12.22,12.29,37731
2017-10-27,12.3,12.36,12.11,12.22,40741
2017-10-30,12.08,12.2,11.7,11.77,38267
2017-10-31,11.78,11.99,11.74,11.9,26337
2017-11-01,11.93,12.01,11.81,11.84,26438
2017-11-02,11.81,11.91,11.56,11.61,30984
2017-11-03,11.61,11.91,11.58,11.61,22056
2017-11-06,11.64,11.69,11.39,11.47,31499
2017-11-07,11.49,11.52,11.2,11.35,30892
2017-11-08,11.35,11.49,11.3,11.39,23753
2017-11-09,11.36,11.54,11.31,11.45,32386
2017-11-10,11.44,11.62,11.32,11.53,32209
2017-11-13,11.53,11.53,11.34,11.35,25963
2017-11-14,11.38,11.47,11.3,11.36,22028
2017-11-15,11.4,11.4,11.07,11.33,32198
2017-11-16,11.35,11.35,11.13,11.16,16520
2017-11-17,11.18,11.25,10.75,10.8,29681
2017-11-20,10.74,10.98,10.4,10.98,23393
2017-11-21,11.0,11.0,10.71,10.8,18437
2017-11-22,10.8,10.92,10.7,10.84,12844
2017-11-23,10.79,11.0,10.71,10.73,22426
2017-11-24,10.71,10.76,10.49,10.7,17206
2017-11-27,10.7,10.8,10.58,10.6,15752
2017-11-28,10.59,10.74,10.58,10.73,12128
2017-11-29,10.72,10.93,10.66,10.89,18713
2017-11-30,10.9,10.95,10.68,10.76,15717
2017-12-01,10.75,10.92,10.71,10.9,16805
2017-12-04,10.94,10.94,10.7,10.7,15846
2017-12-05,10.71,10.73,10.21,10.23,18790
2017-12-06,10.33,10.36,10.05,10.34,14120
2017-12-07,10.33,10.35,10.15,10.17,14943
2017-12-08,10.19,10.33,10.18,10.26,14141
2017-12-11,10.4,11.29,10.35,10.99,70931
2017-12-12,10.81,10.92,10.63,10.7,36909
2017-12-13,10.66,10.76,10.58,10.69,22194
2017-12-14,10.69,10.75,10.58,10.75,19773
2017-12-15,10.72,10.79,10.59,10.62,16920
2017-12-18,10.54,10.72,10.51,10.62,13488
2017-12-19,10.6,10.76,10.6,10.7,15896
2017-12-20,10.7,10.76,10.5,10.54,13277
2017-12-21,10.5,11.59,10.19,11.5,95555
2017-12-22,11.23,11.69,11.17,11.38,91259
2017-12-25,11.29,11.37,10.71,10.72,62319
2017-12-26,10.67,10.69,10.43,10.62,35311
2017-12-27,10.55,10.75,10.54,10.54,27013
2017-12-28,10.49,10.64,10.47,10.49,24464
2017-12-29,10.49,10.61,10.36,10.58,20324
2018-01-02,10.59,10.71,10.59,10.68,21213
2018-01-03,10.65,10.85,10.52,10.85,33056
2018-01-04,10.85,10.85,10.68,10.79,25940
2018-01-05,10.77,10.96,10.72,10.81,25217
2018-01-08,11.12,11.28,10.84,10.86,38952
2018-01-09,10.89,10.92,10.57,10.61,32581
2018-01-10,10.59,10.67,10.45,10.57,19542
2018-01-11,10.53,10.89,10.49,10.8,29269
2018-01-12,10.72,10.82,10.6,10.62,20728
2018-01-15,10.61,10.61,10.08,10.15,30286
2018-01-16,10.2,10.33,10.15,10.22,16674
2018-01-17,10.25,10.25,9.95,10.17,18788
2018-01-18,10.05,10.17,10.05,10.14,11072
2018-01-19,10.2,10.27,10.1,10.15,14681
2018-01-22,10.1,10.32,10.05,10.26,17705
2018-01-23,10.28,10.3,10.17,10.19,16461
2018-01-24,10.19,10.29,10.07,10.26,19790
2018-01-25,10.25,10.4,10.14,10.28,24893
2018-01-26,10.27,10.32,10.18,10.19,17624
2018-01-29,10.19,10.19,9.82,9.84,45117
2018-01-30,9.81,10.0,9.8,9.93,15945
2018-01-31,9.82,9.92,9.4,9.43,27959
2018-02-01,9.43,9.56,8.86,8.89,25352
2018-02-02,8.91,9.0,8.63,8.79,18302
2018-02-05,8.71,8.74,8.5,8.54,29807
2018-02-06,8.28,8.42,7.78,7.82,30720
2018-02-07,7.95,8.1,7.79,7.98,21376
2018-02-08,7.98,8.26,7.94,8.17,18042
2018-02-09,8.0,8.12,7.79,7.85,20612
2018-02-12,7.89,8.19,7.89,8.16,20499
2018-02-13,8.25,8.25,8.03,8.06,21637
2018-02-14,8.05,8.1,7.95,8.08,13670
2018-02-22,8.12,8.3,8.12,8.26,17540
2018-02-23,8.27,8.31,8.08,8.18,24234
2018-02-26,8.23,8.45,8.15,8.42,33486
2018-02-27,8.4,8.65,8.35,8.52,38708
2018-02-28,8.47,8.86,8.38,8.74,42567
2018-03-01,8.62,9.61,8.62,9.61,51538
2018-03-02,10.57,10.57,10.57,10.57,39973
2018-03-05,11.63,11.63,11.01,11.62,357369
2018-03-06,11.09,11.15,10.65,10.83,278849
2018-03-07,10.88,11.24,10.73,10.87,205528
2018-03-08,10.58,11.63,10.5,11.18,295725
2018-03-09,11.05,11.5,10.83,11.19,239484
2018-03-12,10.98,11.8,10.98,11.56,266886
2018-03-13,11.38,11.38,11.04,11.2,168349
2018-03-14,11.08,11.49,10.91,10.96,151475
2018-03-15,10.5,10.7,10.05,10.44,138794
2018-03-16,10.54,10.68,10.32,10.42,82953
2018-03-19,10.48,10.69,10.32,10.5,78676
2018-03-20,10.42,10.46,10.21,10.41,74408
2018-03-21,10.34,10.61,9.8,9.8,113889
2018-03-22,9.93,10.24,9.83,9.98,106554
2018-03-23,9.65,9.75,8.98,8.99,120513
2018-03-26,8.91,9.44,8.81,9.39,75721
2018-03-27,9.84,10.15,9.6,9.92,102699
2018-03-28,9.93,10.25,9.76,9.87,83867
2018-03-29,9.87,10.36,9.82,10.15,129374
2018-03-30,10.12,10.4,10.08,10.37,101525
2018-04-02,10.35,10.65,10.02,10.3,114877
2018-04-03,10.07,10.15,9.87,10.0,70869
2018-04-04,10.01,10.16,9.65,9.68,54700
2018-04-09,9.68,10.65,9.66,10.65,164057
2018-04-10,11.07,11.35,10.5,10.65,248608
2018-04-11,10.54,10.94,10.32,10.69,125912
2018-04-12,10.58,10.92,10.5,10.52,103098
2018-04-13,10.46,10.79,10.46,10.59,79617
2018-04-16,10.52,10.85,10.1,10.83,98486
2018-04-17,10.74,10.83,10.22,10.32,75350
2018-04-18,10.31,10.77,10.01,10.66,89962
2018-04-19,10.68,10.96,10.45,10.8,114367
2018-04-20,10.75,10.76,10.27,10.31,74973
2018-04-23,10.32,10.53,9.9,10.11,57922
2018-04-24,10.07,10.38,9.98,10.37,47203
2018-04-25,10.25,10.54,10.17,10.45,53901
2018-04-26,10.42,10.42,10.0,10.03,48791
2018-04-27,10.15,10.18,9.89,10.16,45557
2018-05-02,10.15,10.24,9.66,9.83,38952
2018-05-03,9.8,9.97,9.31,9.89,44765
2018-05-04,9.87,9.9,9.55,9.58,27255
2018-05-07,9.51,9.85,9.48,9.77,32070
2018-05-08,9.86,9.87,9.67,9.78,27981
2018-05-09,9.78,9.84,9.65,9.75,23637
2018-05-10,9.75,9.81,9.42,9.57,36801
2018-05-11,9.58,9.61,9.37,9.37,30121
2018-05-14,9.37,9.47,9.05,9.1,34281
2018-05-15,9.1,9.31,9.1,9.31,25081
2018-05-16,9.29,9.33,9.13,9.14,18660
2018-05-17,9.14,9.66,9.14,9.42,46831
2018-05-18,9.3,9.41,9.25,9.38,26568
2018-05-21,9.41,9.59,9.4,9.49,32113
2018-05-22,9.51,9.55,9.39,9.54,24239
2018-05-23,9.55,9.56,9.4,9.42,21051
2018-05-24,9.42,9.45,9.22,9.24,23142
2018-05-25,9.19,9.3,9.1,9.2,20751
2018-05-28,9.16,9.25,9.05,9.1,14844
2018-05-29,9.1,9.18,8.9,8.97,19813
2018-05-30,8.97,8.97,8.2,8.39,29642
2018-05-31,8.42,8.67,8.42,8.63,17603
2018-06-01,8.64,8.79,8.5,8.6,17931
2018-06-06,8.93,8.99,8.81,8.96,12825
2018-06-07,9.04,9.04,8.72,8.74,17515
2018-06-08,8.77,8.89,8.72,8.84,16553
2018-06-11,8.88,8.88,8.55,8.57,16571
2018-06-12,8.6,8.95,8.54,8.92,23710
2018-06-13,8.89,8.89,8.56,8.57,20808
2018-06-14,8.57,8.68,8.44,8.52,15985
2018-06-15,8.53,8.61,8.08,8.4,18973
2018-06-19,8.2,8.2,7.52,7.65,34697
2018-06-20,7.64,7.87,7.64,7.75,18269
2018-06-21,7.75,7.83,7.44,7.44,18738
2018-06-22,7.44,7.63,6.99,7.63,17927
2018-06-25,7.71,7.75,7.53,7.57,12684
2018-06-26,7.57,7.85,7.27,7.73,15740
2018-06-27,7.79,7.83,7.56,7.61,16763
2018-06-28,7.58,7.69,7.47,7.47,12521
2018-06-29,7.5,7.86,7.5,7.81,22658
2018-07-02,7.8,7.89,7.6,7.73,18109
2018-07-03,7.75,7.98,7.63,7.96,22202
2018-07-04,7.89,7.93,7.64,7.72,19886
2018-07-05,7.71,7.77,7.56,7.66,15678
2018-07-06,7.66,8.09,7.6,7.87,36395
2018-07-09,7.8,8.04,7.8,8.0,26984
2018-07-10,8.8,8.8,8.8,8.8,18732
2018-07-11,8.99,9.28,8.62,8.85,139846
2018-07-12,8.58,8.97,8.51,8.88,96186
2018-07-13,8.78,8.86,8.51,8.6,60484
2018-07-16,8.54,8.9,8.36,8.88,72344
2018-07-17,8.76,8.76,8.55,8.72,42955
2018-07-18,8.65,8.75,8.49,8.49,29877
2018-07-19,8.44,8.55,8.25,8.36,25234
2018-07-20,8.35,8.53,8.22,8.5,29459
2018-07-23,8.58,8.58,8.43,8.57,30046
2018-07-24,8.57,8.64,8.44,8.6,34565
2018-07-25,8.58,8.71,8.55,8.69,31466
2018-07-26,8.69,8.74,8.47,8.51,27757
2018-07-27,8.48,8.58,8.42,8.42,16887
2018-07-30,8.4,8.47,8.17,8.21,19593
2018-07-31,8.11,8.27,8.11,8.25,13908
2018-08-01,8.25,8.35,8.08,8.08,17651
2018-08-02,8.09,8.12,7.55,7.71,27813
2018-08-03,7.71,7.8,7.6,7.69,14202
2018-08-06,7.68,7.76,7.5,7.56,14555
2018-08-07,7.56,7.76,7.56,7.75,13311
2018-08-08,7.75,7.89,7.68,7.69,17217
2018-08-09,7.74,7.99,7.56,7.92,28369
2018-08-10,7.88,7.99,7.85,7.95,14185
2018-08-13,7.89,8.18,7.8,8.17,25511
2018-08-14,8.22,8.22,8.06,8.11,17926
2018-08-15,8.11,8.18,7.88,7.92,16705
2018-08-16,7.81,8.0,7.74,7.83,12336
2018-08-17,8.03,8.05,7.72,7.76,13734
2018-08-20,7.91,7.91,7.66,7.87,12030
2018-08-21,7.88,7.96,7.78,7.91,12832
2018-08-22,7.91,8.0,7.81,7.86,10342
2018-08-23,7.93,8.03,7.81,8.01,19904
2018-08-24,8.1,8.1,7.85,7.88,24200
2018-08-27,7.86,8.09,7.81,8.08,31933
2018-08-28,8.1,8.18,8.03,8.12,25713
2018-08-29,8.09,8.1,8.01,8.09,16708
2018-08-30,8.13,8.13,7.89,7.92,15886
2018-08-31,7.87,7.94,7.77,7.78,13157
2018-09-03,7.79,7.84,7.61,7.81,18219
2018-09-04,7.88,8.05,7.81,8.03,25206
2018-09-05,8.0,8.07,7.86,7.9,19283
2018-09-06,7.9,8.21,7.85,8.17,44419
2018-09-07,8.1,8.25,7.97,8.01,35182
2018-09-10,7.97,8.02,7.7,7.71,25229
2018-09-11,7.71,7.84,7.66,7.76,14708
2018-09-12,7.84,7.85,7.72,7.74,13624
2018-09-13,7.8,7.89,7.75,7.85,13346
2018-09-14,7.88,7.94,7.8,7.81,14171
2018-09-17,7.8,7.91,7.67,7.88,18601
2018-09-18,7.8,7.96,7.73,7.96,19563
2018-09-19,7.95,8.06,7.87,7.99,23095
2018-09-20,7.93,8.0,7.82,7.84,19969
2018-09-21,7.88,7.98,7.81,7.96,23119
2018-09-25,7.95,7.99,7.89,7.93,14737
2018-09-26,7.96,7.99,7.91,7.93,14149
2018-09-27,7.92,7.96,7.72,7.74,19268
2018-09-28,7.81,7.81,7.72,7.76,11783
2018-10-08,7.7,7.7,7.32,7.39,17684
2018-10-09,7.4,7.57,7.39,7.44,8389
2018-10-10,7.5,7.52,7.41,7.41,4239
2018-10-11,7.2,7.2,6.67,6.68,26524
2018-10-12,6.82,6.82,6.2,6.56,16560
2018-10-15,6.58,6.75,6.52,6.59,11521
2018-10-16,6.66,6.74,6.5,6.57,16859
2018-10-17,6.65,6.74,6.49,6.64,15278
2018-10-18,6.65,6.69,6.5,6.59,13563
2018-10-19,6.51,6.77,6.46,6.75,15224
2018-10-22,6.8,7.32,6.69,7.1,25854
2018-10-23,7.1,7.15,6.86,6.94,18777
2018-10-24,6.97,7.05,6.89,6.97,11807
2018-10-25,7.67,7.67,7.5,7.67,65229
2018-10-26,8.2,8.3,7.55,7.58,117429
2018-10-29,7.2,7.38,7.0,7.24,66011
2018-10-30,7.13,7.3,6.98,7.14,44853
2018-10-31,7.18,7.25,7.13,7.16,32941
2018-11-01,7.18,7.34,7.14,7.16,40630
2018-11-02,7.26,7.29,7.16,7.28,47059
2018-11-05,7.24,7.33,7.21,7.3,37948
2018-11-06,7.28,7.49,7.17,7.47,55197
2018-11-07,7.41,7.42,7.29,7.3,40139
2018-11-08,7.31,7.38,7.26,7.29,22345
2018-11-09,7.24,7.29,7.17,7.2,17045
2018-11-12,7.24,7.37,7.15,7.37,24899
2018-11-13,7.3,7.48,7.23,7.46,41041
2018-11-14,7.46,7.79,7.38,7.58,48117
2018-11-15,7.58,7.66,7.46,7.64,37185
2018-11-16,7.66,7.74,7.57,7.67,42354
2018-11-19,7.75,7.86,7.72,7.84,59454
2018-11-20,7.7,7.98,7.53,7.53,47412
2018-11-21,7.42,7.58,7.34,7.52,26853
2018-11-22,7.57,7.85,7.55,7.68,37787
2018-11-23,7.72,7.72,7.2,7.22,36960
2018-11-26,7.26,7.33,7.11,7.19,18613
2018-11-27,7.27,7.35,7.19,7.3,18729
2018-11-28,7.25,7.4,7.16,7.4,24329
2018-11-29,7.4,7.45,7.12,7.14,22359
2018-11-30,7.12,7.25,7.05,7.25,15212
2018-12-03,7.39,7.55,7.37,7.47,32749
2018-12-04,7.49,7.56,7.4,7.55,23279
2018-12-05,7.47,7.47,7.28,7.41,17449
2018-12-06,7.37,7.41,7.21,7.28,17056
2018-12-07,7.24,7.34,7.22,7.32,11154
2018-12-10,7.18,7.23,7.1,7.14,17346
2018-12-11,7.19,7.25,7.13,7.22,15523
2018-12-12,7.21,7.36,7.21,7.28,17419
2018-12-13,7.28,7.38,7.2,7.28,17784
2018-12-14,7.28,7.32,6.95,7.02,20731
2018-12-17,7.16,7.16,6.99,7.08,12920
2018-12-18,7.02,7.08,6.86,6.96,15355
2018-12-19,6.98,7.02,6.85,6.89,9932
2018-12-20,6.83,6.97,6.79,6.9,13386
2018-12-21,6.99,6.99,6.82,6.92,10357
2018-12-24,6.88,7.02,6.79,7.02,11412
2018-12-25,6.8,6.86,6.5,6.78,26967
2018-12-26,6.78,6.88,6.76,6.77,13493
2018-12-27,6.84,6.88,6.71,6.71,12248
2018-12-28,6.76,6.98,6.72,6.79,19649
2019-01-02,6.79,6.86,6.59,6.84,20124
2019-01-03,6.8,6.98,6.7,6.89,21834
2019-01-04,6.87,7.58,6.78,7.3,54530
2019-01-07,7.25,7.37,7.15,7.33,47034
2019-01-08,7.3,7.34,7.22,7.33,26806
2019-01-09,7.34,7.42,7.26,7.28,39421
2019-01-10,7.28,7.38,7.2,7.32,23312
2019-01-11,7.52,7.87,7.5,7.56,67298
2019-01-14,7.51,7.59,7.3,7.34,37143
2019-01-15,7.33,7.8,7.33,7.7,72143
2019-01-16,7.69,8.23,7.63,7.63,103531
2019-01-17,7.62,7.64,7.36,7.39,45304
2019-01-18,7.45,7.46,7.25,7.37,29295
2019-01-21,7.43,7.47,7.33,7.36,23911
2019-01-22,7.37,7.4,7.26,7.29,16163
2019-01-23,7.26,7.33,7.24,7.3,11915
2019-01-24,7.31,7.41,7.21,7.36,22060
2019-01-25,7.35,7.38,7.21,7.24,19565
2019-01-28,7.25,7.37,7.2,7.22,15929
2019-01-29,7.17,7.22,6.85,6.92,25392
2019-01-30,6.9,7.06,6.84,6.88,14665
2019-01-31,6.85,6.96,6.8,6.88,15700
2019-02-01,6.88,7.14,6.88,7.08,16050
2019-02-11,7.08,7.24,7.08,7.22,28292
2019-02-12,7.23,7.32,7.21,7.27,30354
2019-02-13,7.27,7.52,7.27,7.48,52478
2019-02-14,7.48,7.48,7.37,7.44,34060
2019-02-15,7.45,7.51,7.39,7.44,33103
2019-02-18,7.48,7.76,7.46,7.7,51839
2019-02-19,7.74,7.8,7.57,7.79,68616
2019-02-20,7.76,7.76,7.5,7.66,50612
2019-02-21,7.65,8.1,7.59,8.0,127359
2019-02-22,7.86,8.16,7.69,8.11,124843
2019-02-25,8.17,8.52,8.1,8.47,140068
2019-02-26,8.42,8.6,8.25,8.34,116665
2019-02-27,8.34,8.44,8.12,8.23,85516
2019-02-28,8.22,8.49,8.15,8.31,74535
2019-03-01,8.31,8.35,8.14,8.32,53572
2019-03-04,8.32,8.58,8.32,8.36,100939
2019-03-05,8.36,8.74,8.3,8.69,105242
2019-03-06,8.78,9.29,8.62,9.07,138089
2019-03-07,9.05,9.3,8.82,9.15,133217
2019-03-08,8.8,9.63,8.3,8.89,169430
2019-03-11,9.5,9.5,9.01,9.32,105366
2019-03-12,9.31,9.73,9.31,9.63,132959
2019-03-13,9.55,9.79,9.11,9.21,118545
2019-03-14,9.06,9.18,8.47,8.71,94218
2019-03-15,8.75,8.92,8.66,8.8,55924
2019-03-18,8.84,8.99,8.71,8.96,57590
2019-03-19,8.96,9.35,8.93,9.13,70432
2019-03-20,9.15,9.17,8.76,9.14,67239
2019-03-21,9.07,10.05,9.02,9.8,201560
2019-03-22,9.7,10.47,9.46,10.2,223958
2019-03-25,10.18,10.42,9.81,9.84,199524
2019-03-26,9.92,10.18,9.4,9.42,78832
2019-03-27,9.47,9.74,9.34,9.61,75140
2019-03-28,9.66,10.06,9.52,9.93,186621
2019-03-29,9.85,10.31,9.7,9.86,193264
2019-04-01,9.9,10.85,9.81,10.65,318628
2019-04-02,10.36,10.6,10.1,10.33,233705
2019-04-03,10.25,10.55,10.25,10.42,125330
2019-04-04,10.43,10.49,10.09,10.19,112899
2019-04-08,10.29,10.36,9.72,9.9,116963
2019-04-09,10.0,10.19,9.9,10.05,62132
2019-04-10,10.07,10.58,9.84,10.4,145447
2019-04-11,10.68,11.39,10.39,10.54,225399
2019-04-12,11.06,11.35,10.11,10.2,208264
2019-04-15,10.29,10.38,9.88,9.89,145522
2019-04-16,9.7,10.3,9.52,10.16,123017
2019-04-17,10.13,10.73,10.11,10.36,174660
2019-04-18,10.36,10.65,10.07,10.17,122429
2019-04-19,10.14,10.27,9.92,10.21,83090
2019-04-22,10.35,10.36,9.95,9.99,82021
2019-04-23,9.95,10.08,9.65,9.69,67414
2019-04-24,9.7,9.8,9.45,9.79,54558
2019-04-25,9.7,9.85,8.91,9.04,78534
2019-04-26,9.06,9.33,8.94,9.2,61231
2019-04-29,9.15,9.28,8.57,8.7,71246
2019-04-30,8.69,8.89,8.67,8.75,38775
2019-05-06,8.5,8.5,7.88,7.88,77133
2019-05-07,7.91,8.08,7.85,8.01,39262
2019-05-08,7.84,8.2,7.71,8.02,42561
2019-05-09,7.95,8.12,7.9,8.01,35516
2019-05-10,8.09,8.38,7.82,8.35,64283
2019-05-13,8.25,8.35,8.14,8.25,41451
2019-05-14,8.08,8.28,8.08,8.23,30317
2019-05-15,8.25,8.55,8.23,8.55,57827
2019-05-16,8.52,8.55,8.35,8.46,55719
2019-05-17,8.45,8.51,8.01,8.09,56001
2019-05-20,8.09,8.22,8.02,8.22,36681
2019-05-21,8.19,8.42,8.19,8.37,47571
2019-05-22,8.39,9.21,8.39,9.21,127875
2019-05-23,9.3,10.13,9.1,10.13,403427
2019-05-24,9.6,9.88,9.14,9.28,325538
2019-05-27,9.33,10.21,9.29,10.21,230896
2019-05-28,10.6,11.23,10.4,10.92,602060
2019-05-29,10.49,10.79,10.26,10.62,398623
2019-05-30,10.35,10.37,9.6,10.0,286125
2019-05-31,10.02,10.8,9.85,10.36,330964
2019-06-03,10.41,10.49,9.82,10.09,195152
2019-06-04,9.9,9.95,9.34,9.63,183700
2019-06-05,9.89,9.99,9.51,9.73,152612
2019-06-06,9.65,10.15,9.43,9.61,170574
2019-06-10,9.65,10.5,9.42,10.26,226187
2019-06-11,10.24,10.54,10.0,10.49,255887
2019-06-12,10.35,10.54,10.12,10.21,189843
2019-06-13,10.22,10.85,10.18,10.31,201931
2019-06-14,10.2,10.27,9.62,9.64,155794
2019-06-17,9.52,9.55,9.01,9.28,129653
2019-06-18,9.4,9.45,8.98,9.08,86389
2019-06-19,9.26,9.42,9.17,9.18,97266
2019-06-20,9.14,9.47,9.01,9.43,101392
2019-06-21,9.45,9.55,9.37,9.5,104955
2019-06-24,9.49,9.49,9.26,9.33,76092
2019-06-25,9.38,9.38,8.92,9.1,81455
2019-06-26,9.09,9.26,9.0,9.16,45268
2019-06-27,9.15,9.26,9.13,9.15,49322
2019-06-28,9.18,9.24,8.8,8.82,64096
2019-07-01,9.09,9.35,9.05,9.27,86315
2019-07-02,9.3,9.44,9.26,9.39,89515
2019-07-03,9.35,9.35,9.04,9.22,64250
2019-07-04,9.22,9.27,9.01,9.07,44967
2019-07-05,9.12,9.3,9.0,9.25,59208
2019-07-08,9.24,9.24,8.8,8.91,65511
2019-07-09,8.8,8.93,8.65,8.84,41979
2019-07-10,8.85,9.11,8.84,8.95,45818
2019-07-11,8.96,9.0,8.71,8.79,38588
2019-07-12,8.74,8.84,8.64,8.75,24405
2019-07-15,8.77,9.03,8.53,8.93,45998
2019-07-16,8.86,8.98,8.85,8.93,25480
2019-07-17,8.93,9.04,8.88,8.98,34611
2019-07-18,8.91,8.91,8.73,8.73,30893
2019-07-19,8.69,8.89,8.67,8.76,22837
2019-07-22,8.87,8.88,8.49,8.57,35785
2019-07-23,8.58,8.73,8.58,8.7,22139
2019-07-24,8.77,8.98,8.75,8.86,38732
2019-07-25,8.86,8.97,8.85,8.94,32616
2019-07-26,8.93,9.01,8.86,8.99,32189
2019-07-29,8.99,9.03,8.8,8.89,29166
2019-07-30,8.85,9.02,8.85,8.94,29911
2019-07-31,8.9,8.98,8.86,8.9,22823
2019-08-01,8.82,9.15,8.82,9.05,53454
2019-08-02,8.86,8.92,8.7,8.84,42141
2019-08-05,8.78,9.08,8.76,8.8,35741
2019-08-06,8.6,8.6,8.08,8.4,58324
2019-08-07,8.43,8.51,8.12,8.19,34382
2019-08-08,8.19,8.43,8.19,8.38,31647
2019-08-09,8.42,8.52,8.23,8.29,25849
2019-08-12,8.29,8.41,8.27,8.39,24873
2019-08-13,8.4,8.48,8.32,8.45,27581
2019-08-14,8.63,8.63,8.35,8.36,35301
2019-08-15,8.01,8.32,8.0,8.31,44477
2019-08-16,8.25,8.47,8.22,8.36,40694
2019-08-19,8.4,8.72,8.4,8.71,58399
2019-08-20,8.79,8.9,8.7,8.76,52316
2019-08-21,8.79,8.87,8.75,8.8,34378
2019-08-22,8.86,8.86,8.67,8.76,33093
2019-08-23,8.75,8.76,8.43,8.51,63701
2019-08-26,8.44,8.44,8.26,8.32,39609
2019-08-27,8.37,8.62,8.36,8.62,52731
2019-08-28,8.66,8.66,8.54,8.58,33331
2019-08-29,8.57,8.8,8.52,8.69,53635
2019-08-30,8.91,9.56,8.71,8.99,252452
2019-09-02,8.75,9.29,8.63,9.17,187426
2019-09-03,9.11,9.12,8.95,9.07,99490
2019-09-04,8.98,9.08,8.82,9.02,80942
2019-09-05,9.09,9.29,9.0,9.01,113707
2019-09-06,9.06,9.32,8.95,9.25,106814
2019-09-09,9.3,9.63,9.26,9.59,144116
2019-09-10,9.52,9.54,9.3,9.39,92723
2019-09-11,9.43,9.43,9.22,9.23,73141
2019-09-12,9.3,9.43,9.22,9.41,79549
2019-09-16,9.45,9.88,9.37,9.87,183403
2019-09-17,9.8,9.8,9.42,9.65,134255
2019-09-18,9.67,9.87,9.51,9.86,132238
2019-09-19,9.86,10.1,9.6,9.98,136819
2019-09-20,10.34,10.34,9.53,9.57,165869
2019-09-23,9.64,9.93,9.52,9.63,106100
2019-09-24,9.53,9.68,9.33,9.46,96607
2019-09-25,9.41,9.47,9.03,9.07,92165
2019-09-26,9.08,9.12,8.65,8.69,67846
2019-09-27,8.67,8.84,8.65,8.78,34714
2019-09-30,8.89,8.89,8.71,8.76,23552
2019-10-08,8.75,8.81,8.63,8.66,21989
2019-10-09,8.61,8.77,8.5,8.77,22905
2019-10-10,8.75,8.87,8.75,8.85,31576
2019-10-11,8.9,8.9,8.63,8.79,30046
2019-10-14,8.9,9.05,8.83,8.97,38833
2019-10-15,8.92,8.98,8.71,8.8,30923
2019-10-16,8.8,8.95,8.8,8.84,24976
2019-10-17,8.8,8.97,8.7,8.96,35348
2019-10-18,8.99,9.09,8.74,8.8,43940
2019-10-21,8.73,8.73,8.5,8.69,28319
2019-10-22,8.68,8.83,8.63,8.79,21346
2019-10-23,8.88,8.95,8.8,8.85,37322
2019-10-24,8.78,8.85,8.66,8.85,24888
2019-10-25,8.83,8.95,8.71,8.93,30401
2019-10-28,9.21,9.36,9.05,9.29,85508
2019-10-29,9.25,9.32,9.05,9.06,62448
2019-10-30,9.06,9.16,8.92,8.93,40947
2019-10-31,8.9,8.98,8.65,8.74,37194
2019-11-01,8.68,8.84,8.68,8.83,20885
2019-11-04,8.85,9.03,8.78,8.83,27067
2019-11-05,8.87,8.87,8.71,8.81,24573
2019-11-06,8.8,8.83,8.59,8.68,31013
2019-11-07,8.63,8.75,8.6,8.72,26854
2019-11-08,8.73,8.84,8.7,8.74,24211
2019-11-11,8.7,8.7,8.06,8.3,43011
2019-11-12,8.36,8.36,8.15,8.31,22268
2019-11-13,8.28,8.37,8.26,8.33,13760
2019-11-14,8.31,8.37,8.24,8.34,18519
2019-11-15,8.32,8.35,8.2,8.22,16621
2019-11-18,8.2,8.33,8.2,8.33,15784
2019-11-19,8.33,8.55,8.28,8.54,28199
2019-11-20,8.59,8.77,8.54,8.55,54597
2019-11-21,8.5,8.55,8.41,8.45,32454
2019-11-22,8.45,8.54,8.26,8.32,28333
2019-11-25,8.29,8.3,8.15,8.23,19451
2019-11-26,8.18,8.3,8.15,8.19,18035
2019-11-27,8.2,8.24,8.01,8.12,16057
2019-11-28,8.12,8.15,7.9,7.93,29729
2019-11-29,7.9,8.04,7.9,8.0,22342
2019-12-02,7.99,8.11,7.99,8.03,15867
2019-12-03,7.99,8.12,7.88,8.12,18453
2019-12-04,8.07,8.45,8.0,8.31,42050
2019-12-05,8.34,8.48,8.3,8.33,42772
2019-12-06,8.32,8.41,8.28,8.41,37315
2019-12-09,8.45,8.69,8.33,8.49,57051
2019-12-10,8.44,8.9,8.41,8.9,110569
2019-12-11,8.81,9.14,8.69,8.9,122246
2019-12-12,8.79,8.97,8.72,8.75,67375
2019-12-13,8.83,8.95,8.77,8.83,56523
2019-12-16,8.84,9.17,8.81,9.12,97129
2019-12-17,9.16,9.34,9.06,9.08,109055
2019-12-18,9.09,9.21,9.0,9.14,82051
2019-12-19,9.19,9.19,9.03,9.11,48699
2019-12-20,9.08,9.12,8.9,8.93,67915
2019-12-23,8.88,8.91,8.68,8.7,44128
2019-12-24,8.78,8.97,8.71,8.96,47894
2019-12-25,8.96,9.03,8.87,8.97,49411
2019-12-26,9.0,9.0,8.86,8.99,32420
2019-12-27,9.06,9.4,8.96,9.03,126140
2019-12-30,8.83,8.83,8.4,8.65,108038
2019-12-31,8.62,8.83,8.5,8.69,57119
2020-01-02,8.82,9.15,8.71,9.1,95868
2020-01-03,9.11,10.0,9.11,9.75,266278
2020-01-06,9.73,10.18,9.66,10.08,195419
2020-01-07,10.07,10.23,9.98,10.12,127280
2020-01-08,10.1,10.26,9.95,10.0,93395
2020-01-09,10.12,10.25,10.05,10.18,94388
2020-01-10,10.25,10.28,10.04,10.06,59128
2020-01-13,10.08,10.23,9.96,10.16,73297
2020-01-14,10.3,10.35,9.97,10.0,63765
2020-01-15,10.04,10.07,9.87,9.96,53143
2020-01-16,10.03,10.13,9.87,9.9,58586
2020-01-17,9.94,9.97,9.83,9.85,51320
2020-01-20,9.94,9.97,9.62,9.9,54564
2020-01-21,9.96,9.96,9.65,9.65,52873
2020-01-22,9.5,9.66,9.41,9.6,47429
2020-01-23,9.57,9.57,8.64,9.07,82637
2020-02-03,8.16,8.16,8.16,8.16,9484
2020-02-04,7.37,8.07,7.37,7.93,80199
2020-02-05,7.96,8.46,7.96,8.3,81847
2020-02-06,8.23,8.6,8.2,8.6,87933
2020-02-07,8.55,8.88,8.42,8.86,98151
2020-02-10,8.78,8.88,8.61,8.8,76939
2020-02-11,8.78,8.81,8.45,8.6,64508
2020-02-12,8.62,8.76,8.51,8.75,54653
2020-02-13,8.71,8.85,8.56,8.58,53419
2020-02-14,8.54,8.75,8.43,8.58,56579
2020-02-17,8.67,8.95,8.61,8.93,96193
2020-02-18,8.99,9.19,8.85,9.17,106348
2020-02-19,9.16,9.28,8.97,9.1,91837
2020-02-20,9.1,9.26,8.92,9.23,96094
2020-02-21,9.28,9.7,9.23,9.57,155587
2020-02-24,9.75,9.95,9.56,9.85,157555
2020-02-25,9.65,10.84,9.63,10.84,359485
2020-02-26,11.15,11.92,11.0,11.92,527943
2020-02-27,12.01,12.13,10.9,11.07,484178
2020-02-28,9.96,10.64,9.96,10.03,306266
2020-03-02,10.33,10.64,10.05,10.39,197176
2020-03-03,10.69,11.03,10.28,10.4,271030
2020-03-04,10.05,10.46,10.02,10.43,182223
2020-03-05,10.65,10.69,10.25,10.42,164845
2020-03-06,10.2,10.91,10.15,10.67,196089
2020-03-09,10.36,10.6,10.06,10.06,149339
2020-03-10,9.9,10.73,9.89,10.73,169277
2020-03-11,10.79,10.93,10.43,10.47,173297
2020-03-12,10.26,11.52,10.18,11.22,254607
2020-03-13,10.65,11.72,10.59,11.34,271152
2020-03-16,11.34,11.36,10.22,10.24,190538
2020-03-17,10.41,10.57,9.45,9.84,182913
2020-03-18,9.95,10.15,9.31,9.37,141385
2020-03-19,9.35,9.65,9.06,9.55,104643
2020-03-20,9.59,9.79,9.42,9.58,85681
2020-03-23,9.29,9.6,8.79,8.92,88373
2020-03-24,9.2,9.3,8.72,9.23,100380
2020-03-25,9.5,9.7,9.39,9.58,101761
2020-03-26,9.5,9.68,9.36,9.38,80509
2020-03-27,9.49,9.54,9.22,9.22,53932
2020-03-30,9.05,9.12,8.63,8.83,63064
2020-03-31,8.98,9.07,8.68,8.71,47179
2020-04-01,8.74,9.01,8.7,8.74,49953
2020-04-02,8.7,8.98,8.65,8.98,46920
2020-04-03,9.02,9.02,8.71,8.75,49228
2020-04-07,8.95,9.15,8.88,9.13,70121
2020-04-08,9.06,9.35,9.03,9.22,60807
2020-04-09,9.22,9.9,9.22,9.89,142413
2020-04-10,9.85,9.85,9.31,9.4,123902
2020-04-13,9.31,9.49,9.11,9.47,51004
2020-04-14,9.47,9.66,9.47,9.59,55148
2020-04-15,9.66,9.76,9.18,9.19,98164
2020-04-16,9.2,9.34,9.05,9.28,52558
2020-04-17,9.36,9.54,9.19,9.19,61794
2020-04-20,9.2,9.48,9.19,9.46,73096
2020-04-21,9.46,9.77,9.46,9.75,116360
2020-04-22,9.54,9.84,9.5,9.8,93866
2020-04-23,9.77,9.81,9.44,9.45,77892
2020-04-24,9.51,10.2,9.47,9.75,141219
2020-04-27,9.7,10.18,9.7,9.92,140875
2020-04-28,9.8,9.86,8.93,9.07,150667
2020-04-29,8.98,9.07,8.79,8.8,76152
2020-04-30,8.87,9.33,8.87,9.24,76109
2020-05-06,9.15,9.6,9.1,9.57,78222
2020-05-07,9.75,9.86,9.6,9.71,104710
2020-05-08,9.81,9.89,9.68,9.74,90691
2020-05-11,10.45,10.71,9.98,10.08,290669
2020-05-12,9.91,10.4,9.83,10.07,209859
2020-05-13,9.93,10.0,9.72,9.84,112898
2020-05-14,9.84,9.92,9.6,9.65,92805
2020-05-15,9.69,9.83,9.65,9.66,74189
2020-05-18,9.74,9.74,9.3,9.34,87906
2020-05-19,9.42,9.48,9.32,9.4,54155
2020-05-20,9.33,9.45,9.28,9.31,51259
2020-05-21,9.35,9.58,9.25,9.53,75476
2020-05-22,9.55,9.55,9.13,9.19,59138
2020-05-25,9.15,9.17,9.0,9.02,36520
2020-05-26,9.07,9.24,9.07,9.23,36597
2020-05-27,9.2,9.22,9.07,9.11,32398
2020-05-28,9.14,9.18,8.88,9.04,41067
2020-05-29,9.04,9.15,9.0,9.07,27497
2020-06-01,9.12,9.42,9.11,9.38,45484
2020-06-02,9.4,9.46,9.35,9.37,43132
2020-06-03,9.4,9.52,9.35,9.36,42945
2020-06-04,9.41,9.6,9.3,9.6,65246
2020-06-05,9.67,9.77,9.45,9.51,58343
2020-06-08,9.6,9.76,9.41,9.53,58707
2020-06-09,9.52,9.53,9.4,9.49,37119
2020-06-10,9.48,9.48,9.25,9.35,44119
2020-06-11,9.33,9.56,9.3,9.36,51021
2020-06-12,9.09,9.32,9.03,9.26,35968
2020-06-15,9.19,9.35,9.1,9.17,31613
2020-06-16,9.23,9.36,9.23,9.35,30027
2020-06-17,9.35,9.39,9.26,9.35,30963
2020-06-18,9.34,9.34,9.26,9.31,29751
2020-06-19,9.31,9.4,9.22,9.4,42558
2020-06-22,9.4,9.6,9.38,9.6,75093
2020-06-23,9.59,9.68,9.49,9.53,46816
2020-06-24,9.54,9.59,9.36,9.39,38171
2020-06-29,9.35,9.73,9.31,9.56,68555
2020-06-30,9.62,9.82,9.55,9.81,98850
2020-07-01,9.88,9.89,9.55,9.67,78528
2020-07-02,9.67,9.82,9.6,9.78,80706
2020-07-03,9.8,10.08,9.73,10.02,105442
2020-07-06,10.05,10.45,10.05,10.32,137382
2020-07-07,10.35,10.58,10.2,10.25,151351
2020-07-08,10.3,10.47,10.18,10.45,102173
2020-07-09,10.41,10.68,10.34,10.67,146815
2020-07-10,10.55,10.73,10.4,10.45,112603
2020-07-13,11.5,11.5,11.12,11.5,200960
2020-07-14,12.1,12.65,11.77,12.65,571877
2020-07-15,12.53,12.53,11.55,11.64,338438
2020-07-16,11.66,12.15,11.51,11.69,285329
2020-07-17,11.8,12.49,11.36,11.9,236930
2020-07-20,12.1,12.55,12.01,12.3,256645
2020-07-21,12.15,12.2,11.7,12.04,187770
2020-07-22,11.95,13.24,11.73,13.24,409053
2020-07-23,12.98,13.6,12.6,13.4,373963
2020-07-24,13.11,14.19,12.63,12.8,392169
2020-07-27,13.34,13.85,12.9,13.39,248257
2020-07-28,13.66,13.68,12.71,13.14,229952
2020-07-29,12.9,13.29,12.59,13.15,240178
2020-07-30,13.18,13.63,12.87,13.18,214515
2020-07-31,12.91,13.17,12.37,12.52,257303
2020-08-03,12.58,13.77,12.56,13.77,264527
2020-08-04,14.16,14.3,13.2,13.35,337555
2020-08-05,13.4,13.7,12.92,13.46,183420
2020-08-06,13.4,13.72,12.9,13.61,234218
2020-08-07,13.6,13.6,12.91,13.17,166643
2020-08-10,13.08,14.1,13.0,14.02,288752
2020-08-11,13.81,14.85,13.58,14.11,287959
2020-08-12,13.81,15.52,13.53,15.52,322944
2020-08-13,15.95,17.07,14.8,15.04,492908
2020-08-14,14.57,14.96,14.04,14.32,304372
2020-08-17,14.39,14.85,14.18,14.5,246311
2020-08-18,14.36,14.78,14.12,14.23,232157
2020-08-19,14.21,14.65,13.8,14.64,230617
2020-08-20,14.4,14.71,14.01,14.32,135398
2020-08-21,14.34,14.65,14.25,14.38,121081
2020-08-24,13.97,13.97,12.94,12.94,280333
2020-08-25,12.93,13.05,12.22,12.41,202360
2020-08-26,12.33,12.59,12.14,12.39,124764
2020-08-27,12.44,12.44,12.18,12.27,89667
2020-08-28,12.15,12.4,12.03,12.38,100293
2020-08-31,12.39,12.9,12.39,12.65,136835
2020-09-01,12.66,12.77,12.46,12.74,77014
2020-09-02,12.72,12.72,12.31,12.45,92425
2020-09-03,12.4,12.4,12.09,12.15,92730
2020-09-04,11.96,12.29,11.88,12.23,73953
2020-09-07,12.14,12.28,11.75,11.83,87700
2020-09-08,11.81,12.06,11.69,12.02,64952
2020-09-09,11.94,12.19,11.84,11.93,91258
2020-09-10,11.98,12.1,11.08,11.15,115820
2020-09-11,11.09,11.65,11.06,11.63,94461
2020-09-14,11.7,11.92,11.5,11.72,72317
2020-09-15,11.78,11.87,11.51,11.67,50870
2020-09-16,11.68,11.75,11.42,11.6,42055
2020-09-17,11.51,11.85,11.5,11.82,51192
2020-09-18,11.84,12.05,11.72,12.05,64802
2020-09-21,12.09,12.16,11.9,11.93,57825
2020-09-22,11.83,12.03,11.63,11.74,46972
2020-09-23,11.8,11.82,11.52,11.63,44481
2020-09-24,11.6,11.61,11.24,11.31,47684
2020-09-25,11.43,11.9,11.36,11.53,80377
2020-09-28,11.53,11.76,11.48,11.69,49057
2020-09-29,11.78,11.81,11.59,11.69,50901
2020-09-30,11.69,11.7,11.4,11.46,42717
2020-10-09,11.63,12.13,11.62,12.12,97680
2020-10-12,12.4,12.51,12.21,12.5,116940
2020-10-13,12.5,12.58,12.33,12.49,76477
2020-10-14,12.54,12.57,12.22,12.3,59366
2020-10-15,12.31,12.51,12.14,12.18,71953
2020-10-16,12.13,12.33,12.03,12.19,58449
2020-10-19,12.28,12.38,12.07,12.1,56284
2020-10-20,12.08,12.52,11.97,12.5,74301
2020-10-21,12.39,12.48,12.0,12.14,96239
2020-10-22,12.14,12.35,12.04,12.26,67217
2020-10-23,12.22,12.32,11.99,12.06,57624
2020-10-26,12.13,12.13,11.63,11.72,71915
2020-10-27,11.7,11.73,11.45,11.52,55431
2020-10-28,11.55,11.56,11.12,11.33,64016
2020-10-29,11.16,11.43,11.12,11.34,50954
2020-10-30,11.29,11.39,10.71,10.74,94552
2020-11-02,10.73,10.93,10.57,10.85,51648
2020-11-03,10.9,11.2,10.85,11.19,55555
2020-11-04,11.19,11.27,11.03,11.15,43269
2020-11-05,11.21,11.5,11.21,11.36,52066
2020-11-06,11.4,11.49,11.16,11.26,53690
2020-11-09,11.31,11.65,11.31,11.58,66745
2020-11-10,11.6,11.6,11.35,11.45,44417
2020-11-11,11.4,11.44,11.0,11.17,41737
2020-11-12,11.22,11.36,10.98,11.03,42738
2020-11-13,11.03,11.09,10.85,11.06,34379
2020-11-16,11.16,11.94,11.0,11.7,132944
2020-11-17,11.66,12.25,11.56,12.2,221754
2020-11-18,12.3,12.3,11.97,12.09,138135
2020-11-19,12.05,12.5,12.05,12.23,133789
2020-11-20,12.16,12.79,12.04,12.73,178853
2020-11-23,12.76,12.89,12.43,12.72,152583
2020-11-24,12.72,12.73,12.25,12.66,156209
2020-11-25,12.6,13.93,12.51,13.22,360750
2020-11-26,13.25,14.54,13.0,14.54,240053
2020-11-27,15.15,15.87,13.5,13.71,470725
2020-11-30,13.51,14.17,13.02,13.45,302219
2020-12-01,13.27,13.78,13.08,13.53,216831
2020-12-02,13.36,13.74,12.77,12.78,249686
2020-12-03,12.62,12.92,12.51,12.8,164533
2020-12-04,12.81,12.81,12.5,12.51,110168
2020-12-07,12.62,12.62,12.02,12.22,141492
2020-12-08,12.2,12.58,12.08,12.57,158162
2020-12-09,12.46,12.46,11.92,11.97,122690
2020-12-10,11.85,11.85,11.51,11.61,105258
2020-12-11,11.68,11.73,11.36,11.52,77691
2020-12-14,11.47,11.62,11.36,11.62,50182
2020-12-15,11.61,11.86,11.53,11.77,66644
2020-12-16,11.78,11.78,11.33,11.34,66829
2020-12-17,11.22,11.49,10.98,11.45,85074
2020-12-18,11.45,11.54,11.34,11.51,61091
2020-12-21,11.5,11.75,11.39,11.72,75150
2020-12-22,11.61,11.7,11.11,11.15,86498
2020-12-23,11.22,11.37,11.08,11.24,56172
2020-12-24,11.21,11.63,11.01,11.43,96322
2020-12-25,11.38,11.47,11.2,11.31,55301
2020-12-28,11.29,11.29,10.76,10.89,87855
2020-12-29,10.91,11.19,10.84,11.0,49795
2020-12-30,10.94,11.15,10.82,11.01,43405
2020-12-31,11.4,11.96,11.39,11.51,131528
2021-01-04,11.3,11.84,11.3,11.71,107066
2021-01-05,11.73,12.3,11.57,12.23,158718
2021-01-06,12.31,12.36,11.8,11.96,103437
2021-01-07,11.88,11.89,11.3,11.32,103900
2021-01-08,11.27,11.66,11.01,11.57,81371
2021-01-11,11.55,12.52,11.48,12.4,214767
2021-01-12,12.12,12.64,11.95,12.57,186227
2021-01-13,12.49,12.95,12.12,12.76,190048
2021-01-14,12.66,13.13,12.46,12.97,186267
2021-01-15,12.95,13.29,12.34,12.71,186312
2021-01-18,12.72,13.11,12.4,12.79,164488
2021-01-19,12.7,12.95,12.28,12.63,146549
2021-01-20,12.54,13.89,12.43,13.6,356763
2021-01-21,13.3,13.5,13.11,13.42,246400
2021-01-22,13.26,13.28,12.41,12.69,218434
2021-01-25,12.58,13.26,12.3,13.26,200231
2021-01-26,13.16,13.6,12.83,13.38,181534
2021-01-27,13.3,14.1,12.68,12.75,247297
2021-01-28,12.3,12.77,11.76,11.83,181267
2021-01-29,11.82,11.93,11.17,11.31,139392
2021-02-01,11.3,11.5,11.2,11.45,66012
2021-02-02,11.43,11.96,11.35,11.71,89592
2021-02-03,11.6,11.77,11.13,11.13,98372
2021-02-04,10.95,11.38,10.85,11.35,80594
2021-02-05,11.24,11.46,10.92,10.96,64439
2021-02-08,10.92,11.29,10.74,11.1,59671
2021-02-09,11.11,11.43,11.05,11.35,54830
2021-02-10,11.34,11.65,11.21,11.59,65888
2021-02-18,11.71,11.83,11.57,11.75,68070
2021-02-19,11.7,11.92,11.56,11.9,69482
2021-02-22,11.9,12.16,11.72,11.75,106900
2021-02-23,11.56,11.64,11.27,11.39,81254
2021-02-24,11.37,11.62,11.31,11.44,58021
2021-02-25,11.67,11.72,11.22,11.28,66680
2021-02-26,11.03,11.63,11.02,11.61,80140
2021-03-01,11.55,11.81,11.46,11.81,77558
2021-03-02,11.77,11.85,11.55,11.73,59004
2021-03-03,11.67,12.16,11.65,12.13,99684
2021-03-04,12.1,12.27,11.95,12.23,99147
2021-03-05,12.18,12.23,12.03,12.23,64933
2021-03-08,12.27,12.35,11.53,11.57,99974
2021-03-09,11.58,11.64,11.08,11.22,70776
2021-03-10,11.32,11.36,11.14,11.14,36366
2021-03-11,11.17,11.42,11.15,11.38,56318
2021-03-12,11.36,11.39,11.08,11.11,62084
2021-03-15,11.02,11.02,10.78,10.91,50481
2021-03-16,10.91,11.04,10.82,11.02,38896
2021-03-17,11.05,11.16,10.97,11.11,33061
2021-03-18,11.09,11.15,10.95,10.97,32850
2021-03-19,10.86,11.07,10.81,11.0,28997
2021-03-22,11.0,11.26,10.99,11.22,36494
2021-03-23,11.22,11.38,11.15,11.21,42346
2021-03-24,11.18,11.29,11.13,11.29,28219
2021-03-25,11.26,11.42,11.2,11.4,41801
2021-03-26,11.48,11.49,11.28,11.37,37531
2021-03-29,11.38,11.4,10.99,10.99,62094
2021-03-30,10.98,11.07,10.91,11.01,28995
2021-03-31,10.94,11.04,10.92,10.99,23672
2021-04-01,11.04,11.06,10.92,10.97,26399
2021-04-02,10.96,11.03,10.9,10.99,30774
2021-04-06,11.05,11.24,10.96,11.23,43824
2021-04-07,11.25,11.26,11.08,11.17,30903
2021-04-08,11.13,11.17,10.98,10.99,36076
2021-04-09,10.96,11.01,10.85,10.88,30330
2021-04-12,10.96,10.96,10.41,10.47,45244
2021-04-13,10.56,10.59,10.0,10.15,70004
2021-04-14,10.2,10.44,10.1,10.34,34641
2021-04-15,10.25,10.66,10.19,10.58,48261
2021-04-16,10.88,11.52,10.8,11.39,170498
2021-04-19,11.76,12.25,11.7,11.89,258077
2021-04-20,11.67,12.05,11.57,11.72,175710
2021-04-21,11.6,11.8,11.41,11.49,95254
2021-04-22,11.5,11.6,11.39,11.4,68873
2021-04-23,11.3,11.42,10.94,11.05,95690
2021-04-26,11.05,11.43,10.82,11.01,84167
2021-04-27,11.06,11.06,10.63,10.68,60515
2021-04-28,10.68,10.78,10.5,10.78,38505
2021-04-29,10.58,10.71,10.54,10.6,43049
2021-04-30,10.61,10.65,10.2,10.37,57241
2021-05-06,10.39,10.53,10.28,10.52,34962
2021-05-07,10.6,10.62,10.41,10.43,32365
2021-05-10,10.36,10.55,10.1,10.55,34163
2021-05-11,10.48,10.6,10.39,10.57,32992
2021-05-12,10.54,10.99,10.46,10.97,80966
2021-05-13,10.87,10.92,10.62,10.63,57731
2021-05-14,10.64,10.75,10.45,10.71,49036
2021-05-17,10.74,10.74,10.46,10.55,35082
2021-05-18,10.4,10.59,10.4,10.5,26575
2021-05-19,10.48,10.58,10.42,10.45,25592
2021-05-20,10.41,10.43,10.26,10.36,30942
2021-05-21,10.35,10.51,10.3,10.5,33272
2021-05-24,10.65,10.65,10.46,10.53,39565
2021-05-25,10.47,10.57,10.35,10.54,36210
2021-05-26,10.62,10.78,10.55,10.67,53046
2021-05-27,10.59,10.72,10.56,10.7,38765
2021-05-28,10.83,10.84,10.56,10.59,41821
2021-05-31,10.6,10.77,10.59,10.74,37481
2021-06-01,10.78,10.78,10.67,10.72,35010
2021-06-02,10.63,10.74,10.47,10.47,34311
2021-06-03,10.49,10.68,10.42,10.43,32071
2021-06-04,10.43,10.52,10.33,10.43,28652
2021-06-07,10.42,10.69,10.4,10.69,45282
2021-06-08,10.69,10.78,10.6,10.73,46098
2021-06-09,10.72,10.76,10.55,10.64,35268
2021-06-10,10.67,11.24,10.63,11.23,140395
2021-06-11,11.23,11.27,10.9,10.92,95443
2021-06-15,10.94,11.29,10.9,11.08,88023
2021-06-16,11.04,11.49,11.0,11.24,89102
2021-06-17,11.36,11.36,10.98,11.27,78934
2021-06-18,11.23,11.46,11.07,11.24,74606
2021-06-21,11.15,11.37,11.11,11.22,70580
2021-06-22,11.35,11.7,11.22,11.49,141643
2021-06-23,11.38,11.38,11.15,11.28,93470
2021-06-24,11.3,11.34,10.99,11.0,73692
2021-06-25,11.12,12.1,11.05,12.1,215347
2021-06-28,12.1,12.14,11.7,11.88,246047
2021-06-29,11.85,12.41,11.65,11.65,228709
2021-06-30,11.79,11.89,11.56,11.82,123367
2021-07-01,11.76,11.8,11.28,11.37,122464
2021-07-02,11.37,12.51,11.31,12.51,181194
2021-07-05,13.76,13.76,13.76,13.76,89366
2021-07-06,13.77,14.01,12.59,12.79,459973
2021-07-07,12.8,13.1,12.46,12.87,309599
2021-07-08,12.8,12.87,12.35,12.44,198896
2021-07-09,12.23,12.6,12.07,12.49,166950
2021-07-12,12.51,12.69,12.35,12.51,160218
2021-07-13,12.48,12.87,12.26,12.62,161096
2021-07-14,12.45,13.63,12.16,12.9,238163
2021-07-15,12.7,12.89,12.37,12.51,124525
2021-07-16,12.4,12.9,12.21,12.55,125284
2021-07-19,12.4,12.62,12.15,12.22,100572
2021-07-20,11.97,12.21,11.9,12.04,77340
2021-07-21,12.02,12.42,12.02,12.18,84901
2021-07-22,12.13,12.48,12.13,12.29,80503
2021-07-23,12.37,12.63,12.23,12.49,117112
2021-07-26,12.36,12.36,11.51,11.7,131900
2021-07-27,11.7,11.84,11.42,11.49,86015
2021-07-28,11.4,11.49,10.82,10.82,85066
2021-07-29,10.92,11.2,10.92,11.07,73704
2021-07-30,11.07,11.39,10.98,11.13,78638
2021-08-02,11.26,11.38,11.0,11.38,77353
2021-08-03,11.29,11.77,11.28,11.53,94692
2021-08-04,11.45,11.72,11.4,11.62,66546
2021-08-05,11.54,11.57,11.25,11.34,63607
2021-08-06,11.41,11.49,11.24,11.49,53244
2021-08-09,11.47,11.67,11.42,11.56,52692
2021-08-10,11.68,11.85,11.55,11.79,74459
2021-08-11,11.76,11.76,11.55,11.65,55890
2021-08-12,11.68,12.02,11.66,11.85,85718
2021-08-13,11.97,11.98,11.52,11.6,78178
2021-08-16,11.53,11.62,11.38,11.43,51203
2021-08-17,11.43,11.46,11.01,11.05,81155
2021-08-18,11.04,11.13,10.86,11.02,58598
2021-08-19,11.02,11.25,10.98,11.25,50641
2021-08-20,11.15,11.19,10.9,11.08,42822
2021-08-23,10.9,11.19,10.78,11.08,58407
2021-08-24,11.09,11.09,10.82,10.87,58669
2021-08-25,10.94,11.12,10.82,11.07,48479
2021-08-26,11.08,11.08,10.8,10.81,48885
2021-08-27,10.77,10.77,10.45,10.59,52863
2021-08-30,10.76,10.96,10.59,10.62,41839
2021-08-31,10.76,10.78,10.5,10.6,31761
2021-09-01,10.58,10.77,10.56,10.75,37939
2021-09-02,10.68,10.76,10.64,10.72,34264
2021-09-03,10.69,10.88,10.69,10.84,39623
2021-09-06,10.8,11.15,10.71,11.06,57826
2021-09-07,11.01,11.05,10.86,10.98,51614
2021-09-08,10.97,11.09,10.93,11.03,40230
2021-09-09,10.97,11.14,10.97,11.04,39876
2021-09-10,11.0,11.08,10.87,10.92,36356
2021-09-13,11.2,11.47,11.09,11.11,80400
2021-09-14,11.13,11.41,11.13,11.3,85094
2021-09-15,11.32,11.4,11.04,11.13,53631
2021-09-16,11.14,11.15,10.92,11.04,40465
2021-09-17,11.01,11.05,10.68,10.84,35108
2021-09-22,10.68,10.81,10.5,10.76,24272
2021-09-23,10.75,10.94,10.75,10.88,26704
2021-09-24,10.88,10.95,10.65,10.66,26152
2021-09-27,10.8,10.82,10.51,10.54,30299
2021-09-28,10.54,10.69,10.46,10.51,20092
2021-09-29,10.49,10.49,10.24,10.27,22504
2021-09-30,10.35,10.54,10.33,10.52,14092
2021-10-08,10.68,10.68,10.53,10.64,18508
2021-10-11,10.65,10.79,10.55,10.68,18734
2021-10-12,10.67,10.77,10.52,10.6,18584
2021-10-13,10.67,10.71,10.54,10.71,16595
2021-10-14,10.72,10.72,10.51,10.59,17374
2021-10-15,10.74,10.76,10.55,10.57,19060
2021-10-18,10.56,10.57,10.37,10.42,19768
2021-10-19,10.43,10.71,10.35,10.61,26225
2021-10-20,10.6,10.68,10.55,10.57,25832
2021-10-21,10.53,10.6,10.38,10.39,23759
2021-10-22,10.38,10.48,10.31,10.38,14149
2021-10-25,10.38,10.38,9.62,9.7,63681
2021-10-26,9.71,9.76,9.41,9.47,44469
2021-10-27,9.49,9.56,9.31,9.34,30662
2021-10-28,9.36,9.43,9.3,9.35,16566
2021-10-29,9.34,9.5,9.33,9.45,14064
2021-11-01,9.35,9.58,9.35,9.55,19617
2021-11-02,9.57,9.65,9.4,9.45,22262
2021-11-03,9.48,9.6,9.45,9.47,10152
2021-11-04,9.45,9.62,9.45,9.6,14703
2021-11-05,9.63,10.04,9.55,9.98,58974
2021-11-08,9.88,9.94,9.52,9.73,36765
2021-11-09,9.75,9.83,9.66,9.77,17209
2021-11-10,9.72,9.84,9.69,9.79,22435
2021-11-11,9.77,9.89,9.62,9.86,19791
2021-11-12,9.87,10.28,9.87,10.1,41538
2021-11-15,10.1,10.44,10.08,10.36,50510
2021-11-16,11.0,11.4,10.55,10.79,178057
2021-11-17,10.4,11.87,10.39,11.87,260629
2021-11-18,12.22,12.48,11.53,11.53,384432
2021-11-19,11.53,12.09,11.41,11.84,224711
2021-11-22,11.9,12.62,11.86,12.15,205623
2021-11-23,12.17,12.37,11.93,12.13,139960
2021-11-24,12.13,12.6,11.93,12.29,203288
2021-11-25,12.14,12.4,11.96,12.1,122054
2021-11-26,12.31,12.41,11.95,12.3,146357
2021-11-29,12.09,12.87,12.0,12.44,218431
2021-11-30,12.47,13.68,12.35,13.68,223382
2021-12-01,14.06,14.59,13.3,13.49,450811
2021-12-02,14.4,14.84,14.4,14.84,261304
2021-12-03,16.2,16.32,15.88,16.32,220074
2021-12-06,17.95,17.95,17.21,17.91,537864
2021-12-07,17.92,19.7,17.45,19.7,906543
2021-12-08,17.91,21.45,17.73,20.46,930366
2021-12-09,20.29,22.51,19.41,22.51,773238
2021-12-10,23.01,24.76,23.01,24.76,376076
2021-12-13,27.1,27.24,26.0,27.24,343156
2021-12-14,28.7,29.96,27.33,27.98,975124
2021-12-15,27.37,29.12,26.58,27.82,789842
2021-12-16,27.21,30.6,26.7,30.6,846448
2021-12-17,31.66,33.48,29.07,31.0,911427
2021-12-20,30.17,32.66,27.93,29.58,714328
2021-12-21,28.73,30.0,26.8,27.45,716675
2021-12-22,27.17,29.5,26.93,28.36,693859
2021-12-23,27.45,27.47,25.52,25.52,628358
2021-12-24,26.0,26.26,24.51,25.03,546530
2021-12-27,24.28,25.45,23.9,25.31,454761
2021-12-28,24.91,25.65,24.24,24.85,424341
2021-12-29,24.68,27.34,23.0,27.34,827400
2021-12-30,27.2,27.2,24.66,24.73,755133
2021-12-31,23.27,23.69,22.26,22.26,551070
2022-01-04,21.76,21.76,20.9,21.15,438514
2022-01-05,21.19,22.27,20.75,21.98,484821
2022-01-06,21.63,22.36,20.91,21.76,384735
2022-01-07,21.5,22.33,20.82,21.09,378191
2022-01-10,20.4,21.21,20.0,20.58,335316
2022-01-11,20.97,21.16,19.91,20.16,277803
2022-01-12,20.3,20.8,20.1,20.65,250663
2022-01-13,20.5,21.15,20.2,20.49,280028
2022-01-14,20.22,20.75,20.02,20.17,241175
2022-01-17,19.98,21.0,19.98,20.62,305512
2022-01-18,20.51,21.09,19.83,19.93,336943
2022-01-19,19.88,20.57,19.78,20.12,255828
2022-01-20,19.85,19.99,18.7,18.84,291726
2022-01-21,18.73,19.03,18.25,18.76,237202
2022-01-24,18.79,19.16,18.54,18.96,140470
2022-01-25,18.75,19.13,17.75,17.78,202932
2022-01-26,17.55,17.96,17.49,17.67,141836
2022-01-27,17.67,17.72,16.99,17.1,141712
2022-01-28,17.28,17.34,16.6,16.6,117556
2022-02-07,16.79,17.05,16.63,16.92,113262
2022-02-08,16.92,17.35,16.67,17.31,140648
2022-02-09,17.27,17.56,17.02,17.45,180452
2022-02-10,17.5,17.5,16.88,17.16,167348
2022-02-11,17.18,17.31,16.31,16.35,166256
2022-02-14,16.86,17.99,16.61,17.99,121078
2022-02-15,18.5,19.09,17.22,17.36,500694
2022-02-16,17.19,17.53,16.87,17.03,250371
2022-02-17,16.8,16.92,16.41,16.5,214202
2022-02-18,16.49,16.85,16.08,16.77,191703
2022-02-21,17.0,17.46,16.86,17.4,252537
2022-02-22,17.16,17.26,16.6,16.72,194161
2022-02-23,16.75,17.19,16.7,17.05,162852
2022-02-24,17.05,17.88,16.75,17.26,325077
2022-02-25,17.48,18.97,17.05,18.31,516706
2022-02-28,17.97,17.99,17.37,17.73,275414
2022-03-01,17.75,17.88,17.3,17.73,176743
2022-03-02,17.63,18.02,17.43,17.95,204162
2022-03-03,17.99,18.17,17.28,17.54,189862
2022-03-04,17.3,17.31,16.62,16.63,189069
2022-03-07,16.4,17.9,16.16,17.23,223327
2022-03-08,16.96,17.2,16.38,16.48,138975
2022-03-09,16.37,16.59,14.83,15.37,215229
2022-03-10,15.65,15.98,15.27,15.7,148221
2022-03-11,15.42,15.85,15.01,15.81,154391
2022-03-14,15.59,15.96,15.26,15.26,111312
2022-03-15,15.12,15.66,14.66,14.67,146006
2022-03-16,14.94,15.45,14.45,15.38,173092
2022-03-17,15.5,16.11,15.4,15.69,166402
2022-03-18,15.57,15.9,15.53,15.81,105598
2022-03-21,15.8,16.2,15.66,16.06,117228
2022-03-22,16.06,17.4,15.88,16.95,350112
2022-03-23,16.6,16.65,16.22,16.28,243383
2022-03-24,16.0,16.6,15.85,16.4,172933
2022-03-25,16.29,17.29,15.92,16.56,271700
2022-03-28,16.1,16.27,15.75,15.91,143813
2022-03-29,15.82,16.04,15.13,15.24,160257
2022-03-30,15.37,15.57,15.11,15.44,107662
2022-03-31,15.24,15.62,15.1,15.39,119241
2022-04-01,15.38,16.18,15.23,15.81,157009
2022-04-06,15.66,17.39,15.61,16.76,423833
2022-04-07,16.68,16.89,16.07,16.13,235301
2022-04-08,15.96,16.65,15.65,16.24,234014
2022-04-11,16.25,16.33,15.34,15.51,139099
2022-04-12,15.82,15.95,15.15,15.94,125937
2022-04-13,15.73,15.87,14.97,15.0,123995
2022-04-14,15.6,16.5,15.46,15.75,398701
2022-04-15,14.93,15.1,14.18,14.18,245333
2022-04-18,13.23,13.73,12.97,13.38,173336
2022-04-19,13.38,13.65,13.12,13.25,102537
2022-04-20,13.26,13.39,12.79,12.81,101028
2022-04-21,12.77,12.88,12.29,12.4,110450
2022-04-22,12.38,12.45,12.08,12.1,74267
2022-04-25,11.9,11.91,11.0,11.04,121231
2022-04-26,11.3,11.34,10.7,10.82,100945
2022-04-27,11.04,11.9,10.97,11.35,327042
2022-04-28,10.44,11.26,10.44,11.02,165417
2022-04-29,11.24,11.53,11.1,11.47,132820
2022-05-05,11.37,11.88,11.32,11.71,109095
2022-05-06,11.33,12.21,11.27,11.7,201080
2022-05-09,11.6,12.12,11.56,12.1,120765
2022-05-10,11.9,12.39,11.84,12.37,118211
2022-05-11,12.3,12.7,12.18,12.27,184768
2022-05-12,12.4,12.56,12.21,12.5,135725
2022-05-13,12.5,12.67,12.36,12.66,110687
2022-05-16,12.7,12.82,12.5,12.61,89355
2022-05-17,12.65,12.69,12.3,12.68,96355
2022-05-18,13.15,13.48,12.58,12.65,181628
2022-05-19,12.37,12.95,12.3,12.87,137551
2022-05-20,12.9,13.22,12.81,13.11,111761
2022-05-23,13.23,13.92,13.0,13.74,201844
2022-05-24,13.64,13.73,12.45,12.46,192864
2022-05-25,12.51,13.6,12.51,12.91,179638
2022-05-26,13.1,13.62,12.91,13.31,192195
2022-05-27,13.29,13.32,12.9,13.12,135458
2022-05-30,13.27,14.14,13.0,13.76,248414
2022-05-31,13.75,13.91,13.33,13.54,205868
2022-06-01,13.58,14.41,13.48,13.98,267963
2022-06-02,14.07,14.5,13.71,14.46,231990
2022-06-06,15.38,15.53,14.31,14.59,309999
2022-06-07,14.61,14.74,13.85,13.98,214743
2022-06-08,13.89,14.11,13.37,13.81,169111
2022-06-09,14.0,14.0,13.16,13.32,125323
2022-06-10,13.16,13.53,13.16,13.49,97098
2022-06-13,13.42,14.8,13.25,14.26,327049
2022-06-14,14.02,14.15,13.7,14.13,178443
2022-06-15,14.18,14.4,13.81,13.83,155372
2022-06-16,13.86,13.98,13.7,13.83,97874
2022-06-17,13.7,13.92,13.5,13.78,95257
2022-06-20,13.84,14.36,13.83,14.24,167831
2022-06-21,14.18,14.19,13.7,13.84,118518
2022-06-22,13.73,14.1,13.56,13.57,102122
2022-06-23,13.58,14.51,13.58,14.27,258673
2022-06-24,14.32,14.6,14.16,14.29,173880
2022-06-27,14.2,14.44,14.07,14.32,136541
2022-06-28,14.32,14.8,14.14,14.75,205776
2022-06-29,14.65,14.95,14.09,14.13,184080
2022-06-30,14.16,14.39,13.98,14.1,123490
2022-07-01,14.02,14.2,13.81,13.88,97827
2022-07-04,13.9,14.03,13.7,13.97,75323
2022-07-05,13.88,13.97,13.25,13.48,134256
2022-07-06,13.45,13.47,12.95,13.11,86817
2022-07-07,13.24,13.68,13.22,13.53,109572
2022-07-08,13.53,13.98,13.31,13.9,152346
2022-07-11,13.78,13.89,13.08,13.2,145872
2022-07-12,13.17,13.17,12.81,12.81,76487
2022-07-13,12.81,13.17,12.8,13.03,52153
2022-07-14,13.02,13.13,12.84,12.92,58692
2022-07-15,12.89,12.9,12.53,12.54,74247
2022-07-18,12.6,13.02,12.6,13.0,67425
2022-07-19,12.91,13.49,12.91,13.43,108324
2022-07-20,13.51,14.13,13.45,13.91,151370
2022-07-21,13.72,14.03,13.72,13.86,88468
2022-07-22,13.76,13.98,13.46,13.6,70562
2022-07-25,13.69,13.78,13.26,13.39,50127
2022-07-26,13.49,13.53,13.31,13.52,42925
2022-07-27,13.46,13.92,13.44,13.75,73917
2022-07-28,13.75,14.08,13.7,13.8,82878
2022-07-29,13.8,14.13,13.69,14.03,119086
2022-08-01,14.0,14.28,13.79,14.28,127663
2022-08-02,14.14,14.14,13.22,13.37,140645
2022-08-03,13.32,14.3,13.32,13.71,153102
2022-08-04,13.81,14.3,13.58,14.11,157245
2022-08-05,14.24,14.7,14.08,14.69,245422
2022-08-08,14.65,14.65,14.15,14.47,168596
2022-08-09,14.88,15.3,14.59,14.63,245375
2022-08-10,14.64,14.66,14.18,14.29,151604
2022-08-11,14.44,14.51,14.27,14.37,112771
2022-08-12,14.37,14.44,14.17,14.18,93483
2022-08-15,14.1,14.16,13.8,14.15,73985
2022-08-16,14.2,14.29,13.92,14.01,76702
2022-08-17,14.01,14.09,13.78,14.09,77411
2022-08-18,14.08,14.21,13.89,14.19,78587
2022-08-19,14.17,14.28,13.59,13.59,122066
2022-08-22,13.57,13.74,13.38,13.67,45192
2022-08-23,13.69,13.72,13.36,13.4,72051
2022-08-24,13.95,14.5,13.68,13.82,194651
2022-08-25,13.62,14.0,13.08,13.22,124462
2022-08-26,13.2,13.79,13.1,13.4,84110
2022-08-29,13.16,13.26,12.86,13.25,43087
2022-08-30,13.23,13.35,13.15,13.35,42600
2022-08-31,13.36,13.38,13.02,13.08,46251
2022-09-01,13.18,13.24,13.0,13.0,33803
2022-09-02,13.06,14.3,13.02,13.77,196616
2022-09-05,13.58,13.77,13.36,13.48,123679
2022-09-06,13.41,13.56,13.38,13.51,65351
2022-09-07,13.43,13.53,13.15,13.39,59878
2022-09-08,13.35,13.44,13.19,13.2,42971
2022-09-09,13.29,13.29,13.01,13.11,44532
2022-09-13,13.17,13.28,13.1,13.17,35848
2022-09-14,12.96,13.09,12.88,12.97,40995
2022-09-15,12.96,13.07,12.4,12.61,57579
2022-09-16,12.6,12.72,12.29,12.3,39276
2022-09-19,12.07,12.24,11.85,11.86,40811
2022-09-20,11.93,12.3,11.93,12.18,34230
2022-09-21,12.14,12.27,11.92,12.2,27466
2022-09-22,12.1,12.32,12.06,12.16,24426
2022-09-23,12.12,12.19,11.74,11.83,33932
2022-09-26,11.66,11.83,11.56,11.64,32267
2022-09-27,11.64,11.84,11.62,11.83,24301
2022-09-28,11.79,11.79,11.45,11.45,26418
2022-09-29,11.63,11.64,11.15,11.22,32945
2022-09-30,11.32,11.47,11.16,11.25,44789
2022-10-10,11.25,11.27,10.88,10.89,29059
2022-10-11,11.0,11.98,10.96,11.5,79031
2022-10-12,11.3,12.0,11.3,11.95,90392
2022-10-13,11.76,12.32,11.76,12.12,95577
2022-10-14,12.1,12.38,12.01,12.31,79056
2022-10-17,12.31,12.68,12.2,12.58,66248
2022-10-18,12.57,12.61,12.36,12.54,61152
2022-10-19,12.46,12.67,12.36,12.53,55268
2022-10-20,12.52,12.65,12.34,12.52,46971
2022-10-21,12.48,12.64,12.37,12.52,38077
2022-10-24,12.6,12.85,12.41,12.5,64996
2022-10-25,12.41,12.56,12.18,12.35,49322
2022-10-26,12.47,12.9,12.4,12.81,90905
2022-10-27,12.8,13.2,12.8,12.88,81922
2022-10-28,13.01,13.01,12.23,12.33,72950
2022-10-31,12.47,13.05,12.2,12.88,97821
2022-11-01,13.2,14.17,13.2,14.17,96490
2022-11-02,15.59,15.59,15.59,15.59,164698
2022-11-03,17.15,17.15,15.11,15.22,650778
2022-11-04,14.55,15.06,14.37,14.68,388551
2022-11-07,14.79,15.7,14.79,15.56,399544
2022-11-08,15.26,15.35,14.61,14.84,281494
2022-11-09,14.72,14.88,14.52,14.8,152997
2022-11-10,14.63,15.68,14.55,15.35,345420
2022-11-11,15.41,15.7,14.9,15.0,245456
2022-11-14,14.66,14.79,14.18,14.39,206525
2022-11-15,14.28,14.62,14.21,14.51,136024
2022-11-16,14.38,14.7,14.28,14.34,113379
2022-11-17,14.35,14.59,14.2,14.59,124716
2022-11-18,14.59,14.66,13.92,14.02,161524
2022-11-21,13.8,14.18,13.66,14.08,113491
2022-11-22,13.96,14.19,13.71,13.8,81690
2022-11-23,13.89,14.03,13.58,13.97,100283
2022-11-24,13.91,14.01,13.58,13.61,94039
2022-11-25,13.69,13.73,13.41,13.41,56904
2022-11-28,13.26,13.53,13.25,13.42,50849
2022-11-29,13.42,13.63,13.38,13.63,70509
2022-11-30,13.63,13.79,13.45,13.7,76187
2022-12-01,13.76,13.86,13.66,13.83,82221
2022-12-02,13.68,14.35,13.68,13.96,150924
2022-12-05,13.88,14.15,13.8,14.09,110885
2022-12-06,14.0,14.0,13.73,13.8,82724
2022-12-07,13.76,13.89,13.65,13.68,65330
2022-12-08,13.7,13.77,13.39,13.4,72593
2022-12-09,13.6,13.6,13.25,13.34,52043
2022-12-12,13.34,13.58,13.34,13.56,53125
2022-12-13,13.61,13.8,13.41,13.47,73946
2022-12-14,13.45,13.64,13.41,13.53,51504
2022-12-15,13.55,13.79,13.42,13.78,81980
2022-12-16,13.63,13.73,13.17,13.31,86615
2022-12-19,13.09,13.39,12.7,12.78,73783
2022-12-20,12.8,12.97,12.7,12.84,40803
2022-12-21,12.82,12.84,12.42,12.5,49959
2022-12-22,12.55,12.69,12.34,12.38,44317
2022-12-23,12.32,12.62,12.3,12.55,42581
2022-12-26,12.61,12.78,12.51,12.76,36308
2022-12-27,12.71,12.81,12.45,12.64,39884
2022-12-28,12.6,12.6,12.34,12.41,37318
2022-12-29,12.35,12.6,12.35,12.37,33106
2022-12-30,12.42,12.64,12.36,12.57,31788
2023-01-03,12.51,13.17,12.49,13.09,83202
2023-01-04,13.16,13.65,13.11,13.58,132943
2023-01-05,13.5,13.98,13.45,13.83,144915
2023-01-06,13.77,14.07,13.6,13.63,101018
2023-01-09,13.63,13.72,13.5,13.6,58223
2023-01-10,13.55,13.67,13.42,13.63,43586
2023-01-11,13.88,13.95,13.39,13.41,100557
2023-01-12,13.45,13.64,13.43,13.52,54764
2023-01-13,13.55,13.59,13.23,13.37,46347
2023-01-16,13.55,13.93,13.51,13.76,82348
2023-01-17,13.85,13.85,13.41,13.45,56621
2023-01-18,13.5,13.88,13.45,13.78,79020
2023-01-19,13.94,15.16,13.61,14.46,246545
2023-01-20,14.19,14.74,13.99,14.36,175453
2023-01-30,14.62,14.75,14.41,14.56,177147
2023-01-31,14.5,14.77,14.5,14.64,116390
2023-02-01,14.78,15.61,14.56,15.21,273845
2023-02-02,14.99,15.18,14.83,14.86,174767
2023-02-03,14.79,15.03,14.75,14.95,124654
2023-02-06,14.78,15.21,14.78,15.06,123514
2023-02-07,15.06,15.34,14.72,15.22,143600
2023-02-08,15.22,15.22,14.83,14.9,121650
2023-02-09,14.68,15.55,14.5,15.53,214153
2023-02-10,15.52,15.52,15.04,15.18,153515
2023-02-13,15.1,15.24,15.0,15.14,81746
2023-02-14,15.16,15.19,14.8,14.87,97605
2023-02-15,14.87,15.11,14.85,15.07,96516
2023-02-16,15.05,15.39,14.6,14.73,149738
2023-02-17,14.8,14.97,14.29,14.32,105455
2023-02-20,14.3,14.49,14.17,14.49,61770
2023-02-21,14.45,15.0,14.44,14.66,93322
2023-02-22,14.66,15.3,14.38,15.2,188112
2023-02-23,15.12,15.23,14.66,14.77,126087
2023-02-24,14.85,15.47,14.6,15.45,243049
2023-02-27,15.55,16.44,15.05,15.11,403749
2023-02-28,15.39,15.51,14.98,15.26,219579
2023-03-01,15.21,15.79,15.11,15.73,268319
2023-03-02,15.8,15.8,15.47,15.54,187268
2023-03-03,15.51,15.69,15.21,15.37,154764
2023-03-06,15.3,15.52,15.18,15.45,129858
2023-03-07,15.45,15.56,14.65,14.65,175440
2023-03-08,14.68,15.31,14.65,15.19,163471
2023-03-09,15.19,15.26,14.79,15.08,105538
2023-03-10,14.91,15.2,14.84,14.89,90666
2023-03-13,14.81,15.29,14.63,15.29,114998
2023-03-14,15.16,15.59,14.91,15.42,159622
2023-03-15,15.56,15.56,15.09,15.22,115070
2023-03-16,15.12,15.13,14.72,14.72,103734
2023-03-17,14.94,15.75,14.9,15.64,275652
2023-03-20,16.02,16.14,15.5,15.62,240687
2023-03-21,15.73,15.99,15.5,15.82,193931
2023-03-22,15.72,16.26,15.6,16.17,246717
2023-03-23,16.01,16.17,15.87,16.12,186154
2023-03-24,16.09,16.2,15.73,16.1,200303
2023-03-27,16.15,16.58,16.06,16.5,280195
2023-03-28,16.49,16.49,15.81,15.91,188960
2023-03-29,15.86,16.15,15.72,15.91,142494
2023-03-30,15.69,15.85,15.37,15.57,136240
2023-03-31,15.54,16.04,15.33,16.03,146538
2023-04-03,16.22,17.63,16.0,17.63,363548
2023-04-04,18.5,19.39,18.4,18.97,893678
2023-04-06,18.3,20.44,17.54,20.2,808801
2023-04-07,19.3,19.75,18.97,19.35,501488
2023-04-10,19.15,19.3,17.75,17.98,420975
2023-04-11,17.8,18.55,17.65,18.47,334226
2023-04-12,18.13,18.84,18.1,18.57,313711
2023-04-13,18.3,18.5,17.7,17.71,266484
2023-04-14,17.72,17.88,16.73,17.41,281630
2023-04-17,17.29,17.37,16.7,16.81,180742
2023-04-18,16.81,17.24,16.53,17.09,193779
2023-04-19,17.0,17.4,16.86,16.97,200454
2023-04-20,16.81,18.2,16.81,18.2,343628
2023-04-21,18.01,18.01,16.98,17.05,240931
2023-04-24,16.94,17.37,16.85,17.03,149716
2023-04-25,16.8,16.8,15.33,15.33,246005
2023-04-26,14.98,15.16,14.31,14.58,197858
2023-04-27,14.75,15.14,14.4,14.64,150637
2023-04-28,14.48,15.29,14.48,15.18,138041
2023-05-04,15.09,15.3,14.7,15.01,129102
2023-05-05,14.97,15.26,14.7,15.21,131426
2023-05-08,15.17,15.68,14.99,15.52,134587
2023-05-09,15.4,15.71,15.0,15.08,134765
2023-05-10,15.01,15.26,14.81,14.99,99474
2023-05-11,15.01,15.13,14.68,14.72,95313
2023-05-12,14.77,14.87,14.5,14.56,68491
2023-05-15,14.55,14.62,14.12,14.57,88086
2023-05-16,14.72,14.78,14.1,14.15,81259
2023-05-17,14.13,14.33,14.02,14.3,59640
2023-05-18,14.3,14.65,14.22,14.62,97637
2023-05-19,14.55,14.72,14.41,14.67,71918
2023-05-22,14.53,14.66,14.49,14.64,54256
2023-05-23,14.67,14.7,14.23,14.23,67598
2023-05-24,14.1,14.43,14.06,14.23,51016
2023-05-25,14.21,14.43,13.8,14.12,72486
2023-05-26,14.05,14.2,13.87,14.17,53737
2023-05-29,14.21,14.42,14.15,14.25,64436
2023-05-30,14.24,14.49,13.99,14.49,80125
2023-05-31,14.5,15.94,14.45,15.94,285866
2023-06-01,15.9,16.46,15.64,16.2,348256
2023-06-02,16.04,16.18,15.85,15.97,195150
2023-06-05,15.95,16.18,15.76,16.08,141655
2023-06-06,16.07,16.95,15.98,16.35,330288
2023-06-07,16.25,17.66,15.81,16.9,308800
2023-06-08,16.67,16.69,16.16,16.38,210882
2023-06-09,16.4,16.79,16.3,16.5,186877
2023-06-12,16.29,17.6,16.2,17.3,292627
2023-06-13,17.02,17.6,16.82,17.12,248961
2023-06-14,16.9,17.1,16.55,16.68,174385
2023-06-15,16.57,16.88,16.4,16.42,145519
2023-06-16,16.4,17.06,16.16,16.91,181715
2023-06-19,16.9,17.56,16.81,17.28,249959
2023-06-20,17.2,17.2,16.71,16.96,162161
2023-06-21,17.11,17.18,16.33,16.33,132790
2023-06-26,16.1,16.24,15.0,15.11,183143
2023-06-27,15.07,15.65,15.07,15.55,106415
2023-06-28,15.65,15.7,14.71,15.14,110840
2023-06-29,15.4,15.41,15.08,15.28,74630
2023-06-30,15.27,15.48,15.12,15.45,77549
2023-07-03,15.39,15.61,15.09,15.53,94382
2023-07-04,15.42,17.08,15.42,17.08,210154
2023-07-05,17.23,17.39,16.78,16.86,336486
2023-07-06,16.88,17.29,16.66,17.19,262530
2023-07-07,17.08,17.1,16.68,16.84,150931
2023-07-10,16.98,18.2,16.94,17.69,400709
2023-07-11,17.4,17.64,17.09,17.54,238633
2023-07-12,17.53,17.77,16.88,16.9,216787
2023-07-13,16.91,17.11,16.7,16.96,150789
2023-07-14,16.88,18.0,16.63,17.91,376985
2023-07-17,18.18,18.98,17.57,17.68,404683
2023-07-18,17.99,18.16,17.17,17.17,226848
2023-07-19,17.03,17.35,16.87,16.91,134825
2023-07-20,16.92,16.98,15.85,15.88,236288
2023-07-21,15.71,15.94,15.53,15.56,100864
2023-07-24,15.42,15.88,15.33,15.61,77778
2023-07-25,15.73,16.1,15.71,16.04,104584
2023-07-26,15.94,15.96,15.65,15.74,75307
2023-07-27,15.88,16.35,15.72,15.8,85514
2023-07-28,15.8,16.07,15.35,16.06,110314
2023-07-31,16.01,16.28,15.88,16.26,105815
2023-08-01,16.35,16.38,15.93,16.01,86298
2023-08-02,15.95,16.2,15.76,16.15,70836
2023-08-03,16.0,16.12,15.72,15.73,76437
2023-08-04,15.7,16.09,15.64,15.91,75909
2023-08-07,15.8,16.15,15.78,16.11,74497
2023-08-08,16.06,16.16,15.75,15.82,74206
2023-08-09,15.69,15.91,15.58,15.7,47891
2023-08-10,15.55,15.73,14.76,15.17,94517
2023-08-11,15.22,15.27,14.92,14.93,51564
2023-08-14,14.8,15.28,14.75,15.23,54863
2023-08-15,15.28,15.29,14.88,15.07,39907
2023-08-16,15.13,15.13,14.71,14.82,41393
2023-08-17,14.68,15.09,14.5,15.01,45066
2023-08-18,14.96,15.12,14.68,14.68,42224
2023-08-21,14.68,15.06,14.62,14.75,36058
2023-08-22,14.98,15.44,14.86,15.42,102546
2023-08-23,15.42,15.92,15.15,15.43,131263
2023-08-24,15.44,15.52,15.08,15.16,91016
2023-08-25,15.13,15.13,14.0,14.04,102257
2023-08-28,14.74,14.98,14.04,14.05,67700
2023-08-29,13.87,14.54,13.83,14.4,72299
2023-08-30,14.38,14.96,14.34,14.84,83624
2023-08-31,14.75,14.77,14.57,14.64,55341
2023-09-01,14.64,14.8,14.47,14.59,38418
2023-09-04,14.6,15.08,14.52,15.08,71841
2023-09-05,15.08,15.17,14.89,14.95,49968
2023-09-06,14.88,15.33,14.78,15.24,79212
2023-09-07,15.17,15.34,15.01,15.04,63584
2023-09-08,15.0,15.5,14.84,15.35,86616
2023-09-11,15.58,15.88,15.25,15.71,134855
2023-09-12,15.65,16.31,15.59,15.8,138350
2023-09-13,15.66,15.72,15.0,15.12,109138
2023-09-14,15.12,15.19,14.85,14.99,61905
2023-09-15,15.06,15.09,14.56,14.57,76631
2023-09-18,14.57,15.14,14.32,14.81,71391
2023-09-19,14.66,14.73,14.34,14.38,61437
2023-09-20,14.35,14.62,14.3,14.31,41648
2023-09-21,14.26,14.54,14.15,14.26,36197
2023-09-22,14.16,14.75,14.15,14.74,58274
2023-09-25,14.74,14.84,14.5,14.58,46560
2023-09-26,14.59,14.74,14.51,14.61,35823
2023-09-27,14.7,14.79,14.44,14.64,48953
2023-09-28,14.67,15.09,14.66,15.0,67789
2023-10-09,15.19,15.35,15.0,15.26,81505
2023-10-10,15.23,16.79,15.1,16.17,372117
2023-10-11,16.17,16.59,15.96,16.3,359084
2023-10-12,16.31,16.43,16.0,16.2,180513
2023-10-13,16.04,16.24,15.99,16.07,132226
2023-10-16,15.96,16.07,15.7,16.0,119704
2023-10-17,16.02,16.09,15.53,15.8,83998
2023-10-18,15.67,15.97,15.36,15.82,101791
2023-10-19,15.75,16.14,15.61,15.77,125541
2023-10-20,15.56,15.79,15.25,15.29,92000
2023-10-23,15.15,15.2,14.57,14.68,89262
2023-10-24,14.72,15.01,14.35,14.89,81017
2023-10-25,15.15,15.55,15.0,15.3,87215
2023-10-26,15.16,16.83,15.14,16.83,301461
2023-10-27,18.51,18.51,18.51,18.51,64380
2023-10-30,20.36,20.36,20.36,20.36,33866
2023-10-31,21.81,22.4,20.31,20.51,1207518
2023-11-01,18.46,18.46,18.46,18.46,106448
2023-11-02,17.53,18.48,17.25,17.37,769076
2023-11-03,17.37,18.93,17.37,17.98,627518
2023-11-06,18.03,19.39,17.95,18.77,636418
2023-11-07,18.78,19.25,18.5,18.73,478892
2023-11-08,19.14,19.86,18.43,19.29,622978
2023-11-09,19.21,19.26,18.28,18.52,424129
2023-11-10,18.22,18.35,17.66,17.75,312128
2023-11-13,17.89,18.27,17.7,18.23,222564
2023-11-14,18.18,18.76,18.08,18.62,287056
2023-11-15,18.76,20.48,18.44,20.48,599918
2023-11-16,21.0,21.08,19.66,19.94,547272
2023-11-17,20.1,21.49,19.78,20.55,621168
2023-11-20,20.81,22.61,20.41,21.99,736971
2023-11-21,21.5,21.67,20.37,20.38,568292
2023-11-22,20.46,21.28,19.6,19.83,429365
2023-11-23,19.32,20.79,19.32,20.38,371079
2023-11-24,20.38,20.39,19.36,19.43,288519
2023-11-27,19.43,21.29,19.43,20.2,334074
2023-11-28,19.94,21.34,19.83,21.0,438196
2023-11-29,21.0,22.35,20.51,20.57,616139
2023-11-30,19.76,20.15,18.51,18.53,499285
2023-12-01,18.5,20.38,18.5,20.38,395769
2023-12-04,20.8,20.97,20.2,20.38,536045
2023-12-05,20.09,20.75,19.48,19.54,380390
2023-12-06,19.34,19.92,18.88,19.5,257445
2023-12-07,19.47,19.64,19.02,19.29,215819
2023-12-08,19.2,19.52,18.88,18.95,206225
2023-12-11,18.88,19.19,18.68,19.06,206506
2023-12-12,19.08,19.12,18.78,18.92,159969
2023-12-13,18.8,18.95,18.26,18.34,185118
2023-12-14,18.3,18.56,17.86,17.91,152546
2023-12-15,17.87,18.07,17.37,17.44,123253
2023-12-18,17.48,17.65,17.29,17.33,96760
2023-12-19,17.28,17.5,17.15,17.33,102795
2023-12-20,17.35,17.36,16.77,16.8,103361
2023-12-21,16.62,16.95,16.44,16.74,103359
2023-12-22,16.68,16.87,16.21,16.33,117244
2023-12-25,16.25,16.55,16.11,16.27,57684
2023-12-26,16.39,16.47,15.92,16.02,74209
2023-12-27,16.14,16.28,16.01,16.18,90093
2023-12-28,16.14,16.57,15.98,16.47,126187
2023-12-29,16.5,17.05,16.45,16.95,157023
2024-01-02,17.0,17.1,16.75,16.75,90861
2024-01-03,16.69,16.86,16.41,16.73,82267
2024-01-04,16.62,16.81,16.49,16.6,74140
2024-01-05,16.59,16.7,16.1,16.19,79042
2024-01-08,16.13,16.22,15.75,15.8,74687
2024-01-09,15.87,16.12,15.63,15.78,65955
2024-01-10,15.79,15.79,15.3,15.37,67338
2024-01-11,15.38,16.04,15.34,16.01,82230
2024-01-12,15.98,16.03,15.65,15.67,64623
2024-01-15,15.65,15.71,15.46,15.62,51457
2024-01-16,15.87,15.9,15.15,15.45,98611
2024-01-17,15.4,15.47,15.01,15.06,56697
2024-01-18,14.96,15.39,14.62,15.11,95971
2024-01-19,15.11,15.21,14.76,14.77,60268
2024-01-22,14.7,14.9,13.69,13.87,91238
2024-01-23,13.71,14.02,13.62,13.88,80396
2024-01-24,13.94,14.07,13.43,14.03,82535
2024-01-25,14.1,14.93,13.89,14.87,122189
2024-01-26,14.76,15.29,14.76,14.91,124052
2024-01-29,15.06,15.12,14.31,14.31,95604
2024-01-30,13.88,14.28,13.5,13.65,93314
2024-01-31,13.65,13.65,12.5,12.56,120980
2024-02-01,12.65,12.9,12.19,12.39,89831
2024-02-02,12.49,13.63,12.37,12.91,332361
2024-02-05,12.7,12.9,11.62,11.62,223665
2024-02-06,10.51,11.82,10.46,11.17,307438
2024-02-07,11.05,11.45,10.58,10.83,267945
2024-02-08,10.92,11.9,10.7,11.79,242654
2024-02-19,12.13,12.65,11.95,12.52,236697
2024-02-20,12.45,12.75,12.12,12.73,174529
2024-02-21,12.49,13.23,12.43,12.72,206780
2024-02-22,13.25,13.82,12.92,13.52,302037
2024-02-23,13.54,14.08,13.39,14.04,272454
2024-02-26,13.78,14.16,13.64,13.87,236164
2024-02-27,13.86,14.63,13.74,14.59,233416
2024-02-28,14.67,14.88,13.29,13.33,313967
2024-02-29,13.2,14.18,13.15,14.18,204443
2024-03-01,14.28,14.69,14.13,14.64,227186
2024-03-04,14.56,14.72,14.1,14.53,175126
2024-03-05,14.31,14.77,14.03,14.53,200901
2024-03-06,14.3,14.66,14.22,14.39,154455
2024-03-07,14.48,14.64,14.0,14.0,160797
2024-03-08,14.12,14.3,13.83,14.24,109575
2024-03-11,14.12,14.54,13.93,14.5,151494
2024-03-12,14.53,14.95,14.42,14.78,183684
2024-03-13,14.8,15.19,14.7,14.96,208335
2024-03-14,15.0,15.0,14.37,14.71,156375
2024-03-15,14.56,14.85,14.36,14.83,118220
2024-03-18,14.95,15.44,14.87,15.27,177593
2024-03-19,15.27,16.18,15.21,15.55,314219
2024-03-20,15.43,15.67,15.35,15.61,198483
2024-03-21,15.78,16.12,15.43,15.94,269221
2024-03-22,15.8,15.8,15.25,15.51,193687
2024-03-25,15.37,15.62,14.82,14.89,151145
2024-03-26,14.84,14.99,14.43,14.63,123026
2024-03-27,14.76,15.9,13.85,15.25,338490
2024-03-28,14.59,15.95,14.47,15.7,351844
2024-03-29,15.65,15.65,15.1,15.6,207305
2024-04-01,15.6,15.9,15.4,15.71,194083
2024-04-02,15.75,15.75,14.95,15.09,175968
2024-04-03,15.0,15.0,14.18,14.18,170633
2024-04-08,14.11,15.6,14.08,14.96,341195
2024-04-09,14.73,15.3,14.5,14.55,241043
2024-04-10,14.32,14.5,13.54,13.69,189729
2024-04-11,13.56,13.99,13.5,13.73,98670
2024-04-12,13.94,14.3,13.59,13.61,119216
2024-04-15,13.5,13.6,12.69,13.01,137168
2024-04-16,12.88,13.05,12.15,12.17,121546
2024-04-17,12.36,12.95,12.36,12.92,108703
2024-04-18,12.98,13.55,12.61,12.91,112318
2024-04-19,12.88,13.19,12.58,12.7,72538
2024-04-22,12.6,12.8,12.22,12.6,62250
2024-04-23,12.67,12.92,12.62,12.7,59720
2024-04-24,12.78,13.17,12.7,13.15,90454
2024-04-25,13.07,13.28,12.95,13.03,74388
2024-04-26,13.09,13.5,13.01,13.45,97624
2024-04-29,13.64,14.09,13.62,13.94,108674
2024-04-30,13.75,14.11,13.32,13.55,126933
2024-05-06,14.0,14.0,13.61,13.7,93201
2024-05-07,13.67,13.73,13.43,13.67,70409
2024-05-08,13.5,13.85,13.4,13.44,94991
2024-05-09,13.31,13.5,13.28,13.35,75615
2024-05-10,13.35,13.44,13.04,13.08,63307
2024-05-13,13.0,13.0,12.65,12.68,62869
2024-05-14,12.74,12.95,12.69,12.81,36988
2024-05-15,12.77,12.85,12.52,12.54,57831
2024-05-16,12.5,12.84,12.5,12.63,44664
2024-05-17,12.58,12.79,12.5,12.78,48590
2024-05-20,12.74,12.95,12.68,12.85,53239
2024-05-21,12.85,12.86,12.6,12.63,40910
2024-05-22,12.64,12.74,12.52,12.66,33641
2024-05-23,12.65,12.65,12.27,12.29,48532
2024-05-24,12.32,12.44,12.12,12.14,36726
2024-05-27,12.1,12.28,11.89,12.27,44525
2024-05-28,12.27,12.33,12.0,12.06,30371
2024-05-29,12.14,12.18,11.93,11.98,29614
2024-05-30,11.9,12.08,11.8,11.91,32275
2024-05-31,11.92,12.18,11.92,12.18,45368
2024-06-03,12.4,12.48,11.85,11.97,63762
2024-06-04,11.85,13.17,11.81,12.66,187389
2024-06-05,12.67,13.42,12.42,13.25,282911
2024-06-06,12.85,12.93,11.93,11.99,224413
2024-06-07,11.88,12.2,11.21,11.65,134847
2024-06-11,11.45,11.79,11.1,11.74,85934
2024-06-12,11.7,11.94,11.62,11.83,57043
2024-06-13,11.76,11.88,11.48,11.55,67336
2024-06-14,11.51,11.97,11.37,11.8,92321
2024-06-17,11.9,12.79,11.85,12.38,183084
2024-06-18,12.19,12.96,12.19,12.87,190971
2024-06-19,13.05,13.15,12.77,12.81,188548
2024-06-20,12.88,12.98,12.25,12.3,123886
2024-06-21,12.18,12.69,11.92,12.4,119789
2024-06-24,12.28,12.3,11.65,11.69,109276
2024-06-25,11.79,12.86,11.79,12.86,108554
2024-06-26,12.74,12.74,12.08,12.6,239518
2024-06-27,12.5,13.35,12.45,13.07,290756
2024-06-28,12.83,13.31,12.7,13.18,235563
2024-07-01,13.03,13.15,12.73,13.07,135520
2024-07-02,12.97,13.16,12.61,12.73,138026
2024-07-03,12.6,12.65,12.19,12.21,123664
2024-07-04,12.59,12.7,11.99,12.06,115881
2024-07-05,12.04,12.2,11.81,12.15,73497
2024-07-08,12.11,12.16,11.54,11.55,84791
2024-07-09,11.5,11.93,11.5,11.89,85158
2024-07-10,12.15,13.08,12.07,13.08,222020
2024-07-11,13.14,13.41,12.92,13.18,366406
2024-07-12,13.06,13.39,12.98,13.25,226411
2024-07-15,13.25,13.5,13.01,13.05,174204
2024-07-16,12.93,13.35,12.82,13.33,196205
2024-07-17,13.6,14.66,13.34,13.69,417444
2024-07-18,13.09,13.35,12.85,13.22,258120
2024-07-19,13.22,13.95,13.06,13.75,266853
2024-07-22,13.83,14.38,13.62,13.73,277199
2024-07-23,15.1,15.1,15.1,15.1,101129
2024-07-24,16.61,16.61,16.1,16.61,371618
2024-07-25,17.0,18.27,15.9,17.71,903607
2024-07-26,18.3,19.48,18.3,19.48,448745
2024-07-29,21.43,21.43,21.43,21.43,40060
2024-07-30,23.57,23.57,22.9,23.57,388840
2024-07-31,24.73,25.93,22.2,25.09,1192226
2024-08-01,25.0,25.5,23.0,23.88,874262
2024-08-02,23.01,26.27,21.49,25.16,1220158
2024-08-05,23.65,23.9,22.64,22.64,919557
2024-08-06,21.89,21.95,20.38,20.38,584986
2024-08-07,19.46,19.98,19.0,19.57,642686
2024-08-08,19.3,20.18,18.25,19.2,766990
2024-08-09,19.47,19.77,18.36,18.45,561716
2024-08-12,18.22,20.3,17.59,19.96,908335
2024-08-13,20.08,21.87,19.6,21.09,996856
2024-08-14,19.66,21.09,19.66,20.5,822575
2024-08-15,19.53,22.0,18.45,21.8,1007377
2024-08-16,20.3,21.05,19.62,19.62,686691
2024-08-19,18.81,19.35,17.8,17.9,692347
2024-08-20,17.95,18.1,16.98,17.12,521756
2024-08-21,17.05,17.74,16.71,17.26,490347
2024-08-22,17.32,17.64,16.95,17.02,421219
2024-08-23,16.94,17.19,16.4,16.6,346035
2024-08-26,16.5,16.65,16.18,16.4,238489
2024-08-27,16.28,16.56,15.99,16.09,273396
2024-08-28,15.99,16.26,15.77,15.86,217706
2024-08-29,15.78,16.18,15.64,15.95,228241
2024-08-30,15.89,16.66,15.8,16.39,298511
2024-09-02,16.4,16.58,15.9,15.98,213287
2024-09-03,15.88,16.16,15.65,16.1,197894
2024-09-04,16.0,16.39,15.67,15.69,298420
2024-09-05,15.7,17.08,15.69,16.72,529484
2024-09-06,16.9,17.81,16.4,16.4,663789
2024-09-09,15.9,16.14,14.83,15.67,425432
2024-09-10,15.78,15.92,15.44,15.72,273540
2024-09-11,15.66,15.66,15.25,15.34,198808
2024-09-12,15.44,15.49,15.1,15.16,173952
2024-09-13,15.1,15.22,14.75,14.8,173760
2024-09-18,14.98,15.0,14.25,14.42,134370
2024-09-19,14.52,14.95,14.34,14.81,152168
2024-09-20,14.84,16.29,14.84,16.29,386390
2024-09-23,16.4,17.92,16.23,17.92,757957
2024-09-24,18.0,19.71,17.97,19.71,969628
2024-09-25,19.68,19.77,18.46,18.67,886742
2024-09-26,18.6,19.06,18.27,18.77,606880
2024-09-27,18.77,19.65,18.68,19.46,752193
2024-09-30,19.72,21.32,19.72,21.17,770509
2024-10-08,23.2,23.29,20.26,23.29,842330
2024-10-09,22.0,22.3,20.96,20.96,449828
2024-10-10,20.96,21.26,18.96,19.28,394321
2024-10-11,19.28,20.2,18.5,18.98,306595
2024-10-14,18.55,19.48,18.41,19.45,297792
2024-10-15,19.25,19.72,18.8,18.85,267655
2024-10-16,18.6,19.0,18.4,18.67,225081
2024-10-17,19.07,20.5,19.07,19.56,488152
2024-10-18,19.9,20.88,19.89,20.57,567361
2024-10-21,20.16,21.18,19.89,20.7,523095
2024-10-22,20.39,21.09,19.86,20.41,370371
2024-10-23,20.2,20.77,19.8,20.19,302417
2024-10-24,20.17,20.17,19.59,19.78,211850
2024-10-25,19.89,20.19,19.81,19.85,203106
2024-10-28,19.95,20.97,19.9,20.83,440394
2024-10-29,20.44,21.3,20.07,20.08,408931
2024-10-30,19.69,20.18,19.09,19.78,267517
2024-10-31,19.47,21.76,19.47,21.76,526584
2024-11-01,22.01,22.32,19.58,19.93,627715
2024-11-04,19.17,20.47,18.74,19.97,304068
2024-11-05,20.18,21.33,19.96,20.75,380354
2024-11-06,20.75,21.32,20.62,20.94,392200
2024-11-07,20.62,22.45,20.51,21.79,494590
2024-11-08,21.81,22.67,21.48,22.16,507807
2024-11-11,21.97,22.55,21.49,22.15,426365
2024-11-12,22.16,24.37,22.16,24.37,607290
2024-11-13,24.36,26.81,22.86,26.81,825027
2024-11-14,26.81,29.49,25.0,27.72,1162337
2024-11-15,27.05,29.0,24.95,24.95,900306
2024-11-18,24.33,24.5,22.46,22.46,544765
2024-11-19,21.59,22.0,20.59,21.66,547576
2024-11-20,21.45,23.0,21.09,22.58,523046
2024-11-21,22.2,23.01,21.96,22.39,423086
2024-11-22,22.2,22.65,20.69,20.81,407356
2024-11-25,20.81,21.03,19.92,20.64,274817
2024-11-26,20.51,20.88,19.98,20.0,205350
2024-11-27,19.74,20.52,19.39,20.51,246343
2024-11-28,20.52,21.45,20.31,20.95,346956
2024-11-29,20.74,21.23,20.31,20.92,282793
2024-12-02,20.8,21.64,20.75,21.27,264433
2024-12-03,21.25,23.27,20.75,22.47,533874
2024-12-04,22.11,23.02,21.8,22.07,422701
2024-12-05,21.85,22.54,21.77,22.23,264852
2024-12-06,22.24,23.32,21.96,22.95,385370
2024-12-09,23.01,25.25,23.01,24.17,675099
2024-12-10,24.62,24.96,23.3,23.75,524892
2024-12-11,23.5,23.68,23.07,23.6,338779
2024-12-12,23.4,23.69,22.83,23.15,263524
2024-12-13,22.92,23.14,22.47,22.5,218991
2024-12-16,22.39,22.88,21.77,21.98,218368
2024-12-17,21.99,23.3,21.81,22.36,277227
2024-12-18,22.1,23.75,21.18,23.72,414904
2024-12-19,23.15,23.5,22.88,23.2,269843
2024-12-20,23.24,23.8,23.17,23.48,257690
2024-12-23,23.37,23.38,21.13,21.16,236631
2024-12-24,21.18,22.15,20.6,21.32,191805
2024-12-25,21.03,21.03,19.65,19.82,232497
2024-12-26,19.78,20.29,19.71,19.87,141915
2024-12-27,19.81,20.59,19.72,20.28,166462
2024-12-30,20.3,20.38,19.69,20.11,110707
2024-12-31,20.18,20.21,19.0,19.01,145652
2025-01-02,18.99,19.34,18.14,18.49,152362
2025-01-03,18.47,18.6,17.1,17.25,171561
2025-01-06,17.25,17.73,16.64,17.14,123810
2025-01-07,17.44,17.89,17.35,17.89,143398
2025-01-08,17.67,17.9,17.12,17.7,130267
2025-01-09,17.66,17.98,17.55,17.77,99205
2025-01-10,17.84,19.28,17.6,18.46,278637
2025-01-13,18.01,18.78,17.75,18.26,161156
2025-01-14,18.35,19.38,18.18,19.29,214741
2025-01-15,19.28,19.28,18.7,18.8,144934
2025-01-16,18.95,19.79,18.76,19.31,223962
2025-01-17,19.03,19.05,18.64,18.67,147829
2025-01-20,18.9,18.94,18.57,18.6,108636
2025-01-21,18.78,18.78,18.3,18.56,91293
2025-01-22,18.5,18.5,17.94,18.03,87442
2025-01-23,18.32,18.58,17.88,17.88,110881
2025-01-24,17.82,18.47,17.78,18.47,117988
2025-01-27,18.6,18.71,17.9,17.92,90541
2025-02-05,18.11,18.8,18.1,18.8,156738
2025-02-06,18.81,19.81,18.51,19.76,213702
2025-02-07,19.99,20.68,19.64,20.32,325933
2025-02-10,20.33,20.88,20.2,20.75,235350
2025-02-11,20.5,20.74,20.21,20.28,184308
2025-02-12,20.23,21.4,20.14,20.98,269364
2025-02-13,21.01,21.1,20.46,20.51,195277
2025-02-14,20.36,21.39,20.25,21.39,335004
2025-02-17,21.95,21.95,21.01,21.2,301235
2025-02-18,20.91,21.31,20.16,20.22,214315
2025-02-19,20.25,20.75,20.25,20.56,137534
2025-02-20,20.4,20.7,20.33,20.5,111676
2025-02-21,20.56,21.0,20.11,20.9,191900
2025-02-24,21.12,21.5,20.83,21.25,226519
2025-02-25,20.88,21.83,20.79,21.71,311937
2025-02-26,21.46,21.6,21.15,21.5,201018
2025-02-27,21.48,21.48,20.49,20.75,173907
2025-02-28,20.43,20.77,19.2,19.33,158225
2025-03-03,19.33,20.27,19.15,19.83,134922
2025-03-04,19.5,20.18,19.34,20.17,93054
2025-03-05,20.12,20.29,19.83,20.09,93195
2025-03-06,20.1,21.06,20.1,20.92,197536
2025-03-07,20.87,21.42,20.49,20.79,188307
2025-03-10,20.39,20.66,20.02,20.21,103774
2025-03-11,19.92,20.18,19.81,20.04,78494
2025-03-12,20.18,20.88,20.18,20.55,134763
2025-03-13,20.38,20.53,19.65,19.89,128450
2025-03-14,19.9,20.19,19.7,20.11,80699
2025-03-17,20.08,20.61,19.96,20.23,96234
2025-03-18,20.23,20.45,20.05,20.32,81388
2025-03-19,20.22,20.7,20.04,20.35,113042
2025-03-20,20.2,21.07,20.2,20.74,211000
2025-03-21,20.77,21.1,19.91,19.99,159398
2025-03-24,19.8,19.84,18.31,18.99,169634
2025-03-25,18.89,18.98,18.59,18.72,58208
2025-03-26,18.86,19.37,18.72,19.11,76444
2025-03-27,19.0,19.11,18.7,18.81,54142
2025-03-28,18.82,18.92,18.5,18.5,43523
2025-03-31,18.49,18.59,18.11,18.42,51364
2025-04-01,18.41,18.63,18.37,18.46,37196
2025-04-02,18.5,18.7,18.36,18.36,37377
2025-04-03,18.06,18.5,18.05,18.19,37626
2025-04-07,17.19,17.25,16.37,16.37,59361
2025-04-08,16.0,16.39,14.73,15.33,147523
2025-04-09,14.89,16.1,14.03,15.91,115758
2025-04-10,16.15,16.59,16.13,16.14,78696
2025-04-11,15.97,16.52,15.9,16.37,62431
2025-04-14,16.6,16.84,16.53,16.71,56773
2025-04-15,16.71,16.77,16.42,16.57,40278
2025-04-16,16.47,16.54,15.8,16.16,51068
2025-04-17,16.01,16.37,16.0,16.15,35533
2025-04-18,16.28,16.3,16.0,16.16,42356
2025-04-21,16.16,16.84,16.1,16.8,73863
2025-04-22,16.8,16.98,16.63,16.72,49589
2025-04-23,16.88,17.01,16.73,16.92,48138
2025-04-24,16.88,16.92,16.46,16.56,45962
2025-04-25,16.53,16.96,16.53,16.72,41359
2025-04-28,16.75,16.83,16.35,16.4,38571
2025-04-29,16.22,16.47,16.05,16.35,41218
2025-04-30,16.5,16.93,16.35,16.83,57095
2025-05-06,16.95,17.31,16.95,17.3,64039
2025-05-07,17.58,18.45,17.36,17.64,164622
2025-05-08,17.58,17.92,17.49,17.85,101922
2025-05-09,17.81,17.88,17.41,17.42,53814
2025-05-12,17.59,17.81,17.59,17.72,49388
2025-05-13,17.89,17.93,17.45,17.48,49398
2025-05-14,17.48,17.68,17.32,17.46,43193
2025-05-15,17.45,17.47,17.04,17.07,40955
2025-05-16,17.15,17.59,16.95,17.25,52932
2025-05-19,17.3,17.74,17.23,17.53,46990
2025-05-20,17.51,17.74,17.34,17.72,53706
2025-05-21,17.72,17.86,17.4,17.63,47591
2025-05-22,17.69,18.2,17.45,17.65,96994
2025-05-23,17.54,17.64,17.06,17.06,66326
2025-05-26,17.17,17.7,17.15,17.53,64016
2025-05-27,17.48,17.48,17.2,17.37,38300
2025-05-28,17.47,18.05,17.32,17.37,94663
2025-05-29,17.36,19.11,17.35,19.11,189432
2025-05-30,19.47,19.55,18.53,18.53,344635
2025-06-03,18.45,19.05,18.45,18.8,186601
2025-06-04,18.8,18.91,18.45,18.66,137338
2025-06-05,18.65,18.85,18.32,18.74,144898
2025-06-06,18.72,18.76,18.5,18.56,94389
2025-06-09,18.53,18.64,18.45,18.51,75313
2025-06-10,18.56,18.57,17.73,18.02,120689
2025-06-11,18.04,18.29,18.0,18.16,69772
2025-06-12,18.11,18.25,17.91,18.12,58501
2025-06-13,18.0,18.32,17.56,17.56,78369
2025-06-16,17.41,17.83,17.41,17.78,52440
2025-06-17,17.79,17.92,17.63,17.73,37771
2025-06-18,17.73,17.73,17.46,17.54,40496
2025-06-19,17.5,17.66,17.11,17.18,55749
2025-06-20,17.18,17.26,16.78,16.78,59237
2025-06-23,16.61,17.26,16.6,17.22,54513
2025-06-24,17.79,18.39,17.79,18.05,148614
2025-06-25,17.99,18.13,17.85,18.09,103859
2025-06-26,18.1,18.39,17.91,18.2,118950
2025-06-27,18.21,18.39,18.05,18.22,72392
2025-06-30,18.34,18.34,18.18,18.3,58433
2025-07-01,18.34,18.35,18.01,18.12,46277
2025-07-02,18.08,18.08,17.8,17.95,52712
2025-07-03,18.0,18.14,17.92,18.07,34879
2025-07-04,18.07,18.07,17.72,17.77,49456
2025-07-07,17.76,17.82,17.6,17.72,29405
2025-07-08,17.68,18.0,17.61,18.0,43349
2025-07-09,17.97,18.14,17.86,17.9,43533
2025-07-10,17.84,18.02,17.79,17.92,31998
2025-07-11,17.92,18.13,17.76,18.1,59074
2025-07-14,18.11,18.23,17.89,18.12,49732
2025-07-15,18.25,18.26,17.83,18.21,59461
2025-07-16,18.17,18.27,18.03,18.06,54211
2025-07-17,18.04,18.27,17.95,18.22,50919
2025-07-18,18.29,18.35,18.18,18.24,53120
2025-07-21,18.18,18.35,18.14,18.3,53682
2025-07-22,18.3,18.38,18.1,18.23,57094
2025-07-23,18.17,18.64,18.09,18.27,105592
2025-07-24,18.2,18.46,18.18,18.42,64197
2025-07-25,18.6,18.66,18.41,18.5,69942
2025-07-28,18.61,18.61,18.28,18.37,61279
2025-07-29,18.27,18.35,18.0,18.34,53996
2025-07-30,18.28,18.3,17.85,18.0,56937
2025-07-31,17.9,18.11,17.72,17.76,59871
2025-08-01,17.77,18.5,17.77,18.16,93396
2025-08-04,18.07,18.49,18.01,18.44,86334
2025-08-05,18.48,18.57,18.36,18.49,65134
2025-08-06,18.48,18.72,18.35,18.59,69202
2025-08-07,18.53,18.76,18.53,18.67,66912
2025-08-08,18.64,18.64,18.22,18.24,66338
2025-08-11,18.14,18.66,18.14,18.58,63308
2025-08-12,18.61,18.61,18.32,18.5,49923
2025-08-13,18.49,18.51,18.31,18.4,56687
2025-08-14,18.39,18.45,17.94,18.01,73618
2025-08-15,17.94,18.25,17.94,18.22,54349
2025-08-18,18.23,18.49,18.23,18.47,89972
2025-08-19,18.43,18.59,18.37,18.53,79516
2025-08-20,18.56,18.88,18.31,18.8,166554
2025-08-21,18.66,18.94,18.63,18.75,104569
2025-08-22,18.75,19.49,18.62,19.08,185991
2025-08-25,19.19,19.41,18.92,19.41,208579
2025-08-26,20.14,21.35,20.14,21.35,302145
2025-08-27,22.65,23.49,22.06,23.49,840057
2025-08-28,24.95,25.84,24.88,25.84,210325
2025-08-29,25.9,28.16,23.7,23.78,1152249
2025-09-01,23.58,24.84,23.58,24.14,747943
2025-09-02,22.97,23.44,21.73,22.5,709765
2025-09-03,22.0,22.0,20.7,20.79,413094
2025-09-04,20.78,21.55,20.5,21.0,340817
2025-09-05,20.82,21.88,20.41,21.42,343459
2025-09-08,21.22,21.73,21.12,21.62,283179
2025-09-09,21.46,21.68,21.05,21.18,210651
2025-09-10,21.26,21.55,21.16,21.4,170514
2025-09-11,21.42,21.89,21.09,21.88,257545
2025-09-12,21.9,22.78,21.74,22.53,404157
2025-09-15,22.81,22.86,22.01,22.19,282092
2025-09-16,21.9,22.37,21.62,22.36,222383
2025-09-17,22.2,22.21,21.8,21.81,180478
2025-09-18,21.81,23.32,21.75,22.39,455567
2025-09-19,22.0,23.8,21.79,23.34,539218
2025-09-22,23.2,23.2,22.52,22.75,314326
2025-09-23,22.69,22.7,21.03,21.43,312151
2025-09-24,21.2,21.75,20.82,21.73,210872
2025-09-25,21.7,22.13,21.55,21.74,196741
2025-09-26,21.53,21.54,20.97,20.97,152221
2025-09-29,21.0,21.19,20.55,20.84,116313
2025-09-30,21.0,21.19,20.82,20.9,93961
2025-10-09,21.0,21.74,20.91,21.36,152054
2025-10-10,21.33,21.33,20.57,20.61,134416
2025-10-13,19.7,20.78,19.31,20.71,123681
2025-10-14,20.88,20.94,20.01,20.12,111978
2025-10-15,20.29,20.97,20.15,20.96,158608
2025-10-16,20.95,21.33,20.71,21.0,185056
2025-10-17,20.78,21.0,20.36,20.42,113211
2025-10-20,20.59,20.8,20.41,20.63,78108
2025-10-21,20.66,20.88,20.62,20.86,80646
2025-10-22,20.7,21.27,20.59,20.99,125517
2025-10-23,20.98,22.15,20.66,22.1,343724
2025-10-24,22.15,22.15,21.61,21.78,232868
2025-10-27,20.99,20.99,20.17,20.48,303792
2025-10-28,20.3,20.36,19.92,20.0,159557
2025-10-29,19.96,20.17,19.7,20.14,114684
2025-10-30,20.01,20.04,19.6,19.62,120397
2025-10-31,19.46,19.81,19.46,19.72,70942
2025-11-03,19.77,19.86,19.55,19.85,73074
2025-11-04,19.8,19.8,19.44,19.59,67268
2025-11-05,19.4,19.61,19.3,19.51,62493
2025-11-06,19.47,19.58,19.31,19.54,61043
2025-11-07,19.34,19.45,19.24,19.24,72022
2025-11-10,19.21,19.4,19.2,19.4,48925
2025-11-11,19.47,19.57,19.3,19.4,54686
2025-11-12,19.31,19.4,18.86,18.99,78638
2025-11-13,19.0,19.26,18.82,19.22,55188
2025-11-14,19.16,19.4,19.04,19.22,48308
2025-11-17,19.2,19.52,19.11,19.45,58251
2025-11-18,19.4,19.62,19.3,19.51,73306
2025-11-19,19.54,19.55,18.86,18.9,87440
2025-11-20,19.08,19.14,18.7,18.74,46676
2025-11-21,18.6,18.96,18.16,18.25,67315
2025-11-24,18.24,18.85,18.24,18.8,65340
2025-11-25,18.8,19.2,18.8,19.04,66768
2025-11-26,19.0,19.1,18.76,18.81,47391
2025-11-27,18.82,18.87,18.55,18.57,51198
2025-11-28,18.59,18.73,18.47,18.73,35699
2025-12-01,18.6,19.1,18.59,19.02,60403
2025-12-02,19.0,19.0,18.74,18.79,34232
2025-12-03,18.78,18.78,18.25,18.28,56587
2025-12-04,18.31,18.41,17.95,18.16,45542
2025-12-05,18.2,18.5,18.0,18.5,45716
2025-12-08,18.5,18.86,18.5,18.76,47727
2025-12-09,18.68,18.79,18.45,18.47,35936
2025-12-10,18.56,18.58,18.14,18.28,41098
2025-12-11,18.29,18.35,18.02,18.03,44134
2025-12-12,18.0,18.28,17.95,18.11,38312
2025-12-15,18.02,18.2,17.8,17.88,39106
2025-12-16,18.43,19.29,17.9,18.7,206741
2025-12-17,18.51,19.18,18.4,18.91,162307
2025-12-18,18.61,19.3,18.6,19.03,133975
2025-12-19,18.96,19.79,18.86,19.57,200282
2025-12-22,19.66,20.0,19.4,19.55,210869
2025-12-23,19.5,19.59,18.86,18.97,136757
2025-12-24,18.93,19.38,18.9,19.16,76739
2025-12-25,19.15,19.19,19.0,19.12,62545
2025-12-26,19.08,19.35,18.8,18.93,102988
2025-12-29,18.85,19.05,18.7,18.82,76336
2025-12-30,18.77,18.94,18.46,18.47,78966
2025-12-31,18.55,18.9,18.37,18.8,75883
2026-01-05,18.79,19.05,18.66,19.0,75640
2026-01-06,19.0,20.85,18.93,20.28,338699
2026-01-07,20.23,20.88,19.85,20.16,249362
2026-01-08,19.8,20.12,19.8,19.97,126504
2026-01-09,19.88,20.1,19.82,20.05,134407
2026-01-12,20.15,21.02,20.15,20.97,260232
2026-01-13,20.89,20.96,20.02,20.08,194170
2026-01-14,20.08,20.79,20.08,20.51,202860
2026-01-15,20.98,21.0,20.18,20.34,208326
2026-01-16,20.11,20.3,19.61,19.82,135271
2026-01-19,19.79,19.86,19.52,19.78,74921
2026-01-20,19.8,19.86,19.2,19.39,92948
2026-01-21,19.23,19.49,19.07,19.34,60486
2026-01-22,19.35,19.69,19.34,19.69,70967
2026-01-23,19.63,19.94,19.59,19.94,84704
2026-01-26,20.1,20.19,19.18,19.36,100851
2026-01-27,19.3,19.41,18.8,19.18,71802
2026-01-28,19.18,20.88,19.15,20.27,229598
2026-01-29,19.95,19.98,19.32,19.35,148801
2026-01-30,19.25,19.31,18.88,18.92,81994
2026-02-02,18.93,19.09,18.5,18.51,57087
2026-02-03,18.6,18.9,18.59,18.88,42146
2026-02-04,18.7,18.84,18.63,18.8,38746
2026-02-05,18.62,18.99,18.61,18.89,40015
2026-02-06,18.8,18.86,18.55,18.65,39846
2026-02-09,18.81,19.13,18.81,18.98,43616
2026-02-10,19.02,19.1,18.92,19.0,36581
2026-02-11,19.0,19.08,18.75,18.81,36038
2026-02-12,18.82,19.19,18.69,19.0,57037
2026-02-13,19.0,19.29,18.82,18.82,49716
2026-02-24,19.02,19.1,18.72,18.88,34083
2026-02-25,18.88,19.03,18.81,18.97,30640
2026-02-26,18.97,19.08,18.85,18.89,40808
2026-02-27,18.9,19.11,18.84,19.11,50456
2026-03-02,18.71,19.0,18.35,18.4,66640
2026-03-03,18.5,18.5,17.48,17.49,82124
2026-03-04,17.3,17.63,17.23,17.38,37575
2026-03-05,17.69,17.87,17.62,17.7,31828
2026-03-06,17.6,17.87,17.55,17.87,24403
2026-03-09,17.65,18.19,17.52,18.06,39757
2026-03-10,18.24,18.38,18.0,18.15,33992
2026-03-11,18.15,18.27,18.02,18.05,27043
2026-03-12,18.02,18.1,17.87,17.95,24479
2026-03-13,17.82,17.98,17.65,17.77,29875
2026-03-16,17.65,17.92,17.65,17.9,24870
2026-03-17,17.99,18.09,17.62,17.64,29384
2026-03-18,17.78,18.09,17.66,18.07,32673
2026-03-19,17.81,18.08,17.8,17.93,27898
2026-03-20,18.06,18.07,17.04,17.04,55344
2026-03-23,16.74,16.9,16.1,16.19,59260
2026-03-24,16.57,16.83,16.21,16.78,39615
2026-03-25,16.91,17.2,16.78,17.16,35883
2026-03-26,17.14,17.3,16.8,16.83,25735
2026-03-27,16.65,17.32,16.49,17.23,37449
2026-03-30,17.6,18.1,17.51,18.01,94948
2026-03-31,18.0,18.34,17.72,17.78,59655
2026-04-01,17.96,18.04,17.7,17.78,39388
2026-04-02,17.72,17.89,17.38,17.6,35705
2026-04-03,17.79,17.79,17.05,17.08,27375
2026-04-07,17.11,17.42,17.04,17.37,23570
2026-04-08,17.6,17.95,17.6,17.95,46845
2026-04-09,17.75,17.87,17.5,17.56,36670
2026-04-10,17.7,17.82,17.57,17.57,39386
2026-04-13,17.69,17.9,17.59,17.82,41802
2026-04-14,17.98,18.1,17.74,17.93,38468
2026-04-15,17.94,18.01,17.7,17.74,31684
2026-04-16,17.8,18.2,17.77,18.16,65084
2026-04-17,18.1,18.4,18.06,18.32,61569
2026-04-20,18.3,18.5,18.26,18.49,46878
2026-04-21,18.35,18.49,18.11,18.23,37751
2026-04-22,18.29,18.36,18.03,18.36,39408
2026-04-23,18.25,18.39,18.03,18.09,34369
2026-04-24,18.03,18.08,17.58,17.61,65482
2026-04-27,17.6,17.82,17.35,17.79,51947
2026-04-28,17.65,17.7,17.09,17.2,49848
2026-04-29,17.06,17.56,17.01,17.48,36720
