Date,Open,High,Low,Close,Volume
2015-08-11,16.15,16.15,16.15,16.15,0
2015-08-12,16.15,16.15,16.15,16.15,0
2015-08-13,16.15,16.15,16.15,16.15,0
2015-08-14,16.15,16.15,16.15,16.15,0
2015-08-17,16.15,16.15,16.15,16.15,0
2015-08-18,16.15,16.15,16.15,16.15,0
2015-08-19,16.15,16.15,16.15,16.15,0
2015-08-20,16.15,16.15,16.15,16.15,0
2015-08-21,16.15,16.15,16.15,16.15,0
2015-08-24,16.15,16.15,16.15,16.15,0
2015-08-25,16.15,16.15,16.15,16.15,0
2015-08-26,16.15,16.15,16.15,16.15,0
2015-08-27,16.15,16.15,16.15,16.15,0
2015-08-28,16.15,16.15,16.15,16.15,0
2015-08-31,16.15,16.15,16.15,16.15,0
2015-09-01,16.15,16.15,16.15,16.15,0
2015-09-02,14.54,14.54,14.54,14.54,1203
2015-09-07,13.09,13.09,13.09,13.09,1617
2015-09-08,11.78,11.78,11.78,11.78,6183
2015-09-09,10.6,12.72,10.6,11.7,383953
2015-09-10,10.83,11.35,10.53,10.53,214904
2015-09-11,10.15,10.7,9.91,10.46,191285
2015-09-14,10.46,10.56,9.41,9.41,121334
2015-09-15,8.79,8.79,8.47,8.47,109414
2015-09-16,8.13,9.26,7.84,8.95,166222
2015-09-17,8.7,8.98,8.06,8.06,194337
2015-09-18,7.98,8.87,7.98,8.87,125695
2015-09-21,9.51,9.76,9.2,9.76,376909
2015-09-22,9.29,9.61,9.2,9.43,257348
2015-09-23,9.13,9.28,8.91,9.11,163811
2015-09-24,9.28,10.02,8.97,10.02,231756
2015-09-25,9.95,10.74,9.62,10.1,322919
2015-09-28,10.29,10.69,9.76,10.02,235885
2015-09-29,9.68,9.83,9.3,9.34,145088
2015-09-30,9.45,9.97,9.44,9.48,128030
2015-10-08,9.86,9.9,9.5,9.78,120280
2015-10-09,9.78,9.78,9.44,9.61,107981
2015-10-12,9.66,10.29,9.66,10.22,179956
2015-10-13,10.05,10.37,9.95,10.23,148626
2015-10-14,10.25,11.25,10.13,11.25,277234
2015-10-15,11.08,11.57,10.79,11.3,249006
2015-10-16,11.48,11.48,10.81,11.18,200038
2015-10-19,11.26,11.8,10.95,11.24,184887
2015-10-20,11.23,11.38,10.73,11.36,150182
2015-10-21,11.34,11.65,10.22,10.22,172060
2015-10-22,9.98,10.85,9.98,10.65,135855
2015-10-23,10.65,11.18,10.37,11.03,136120
2015-10-26,11.22,11.7,11.05,11.34,179298
2015-10-27,11.55,11.93,11.07,11.77,214703
2015-10-28,11.48,11.72,11.08,11.35,157029
2015-10-29,11.55,12.26,11.35,11.99,204471
2015-10-30,11.79,13.19,11.46,12.95,250910
2015-11-02,12.33,12.88,12.01,12.16,162132
2015-11-03,10.99,11.6,10.94,10.96,296825
2015-11-04,10.9,11.51,10.8,11.48,214852
2015-11-05,11.3,11.66,11.05,11.4,203666
2015-11-06,11.35,11.51,11.3,11.41,148058
2015-11-09,11.34,11.84,10.94,11.66,183320
2015-11-10,11.64,11.99,11.44,11.89,195074
2015-11-11,11.98,12.29,11.75,12.15,156227
2015-11-12,12.16,13.01,12.04,12.66,223029
2015-11-13,12.3,13.03,12.3,12.4,188822
2015-11-16,12.1,12.79,11.88,12.57,133838
2015-11-17,12.56,13.5,12.38,13.18,300794
2015-11-18,13.22,13.3,12.4,12.64,179345
2015-11-19,12.61,12.83,12.43,12.82,113943
2015-11-20,12.81,13.37,12.73,13.19,149247
2015-11-23,13.0,13.7,12.93,13.03,130218
2015-11-24,12.81,14.33,12.69,14.33,251709
2015-11-25,14.28,14.74,13.9,14.38,236047
2015-11-26,14.34,15.09,13.9,14.05,211745
2015-11-27,14.08,14.28,12.69,13.05,158850
2015-11-30,13.3,13.66,12.2,13.53,165912
2015-12-01,13.53,14.1,13.0,13.88,171126
2015-12-02,13.66,13.76,12.85,13.06,122655
2015-12-03,13.2,13.41,13.02,13.27,85317
2015-12-04,13.16,13.38,12.85,13.06,99371
2015-12-07,13.12,13.38,13.03,13.3,83427
2015-12-08,13.25,13.3,12.5,12.54,104658
2015-12-09,12.31,12.59,12.25,12.38,62633
2015-12-10,12.41,12.72,12.4,12.41,49919
2015-12-11,12.47,12.6,12.32,12.42,51772
2015-12-14,12.37,12.85,12.11,12.75,61742
2015-12-15,12.6,13.0,12.6,12.81,52616
2015-12-16,12.72,12.97,12.64,12.86,78055
2015-12-17,12.86,13.34,12.8,13.32,104093
2015-12-18,13.32,13.82,13.2,13.74,144580
2015-12-21,13.6,13.96,13.5,13.54,89814
2015-12-22,13.53,13.63,13.21,13.6,90874
2015-12-23,13.65,13.7,13.05,13.1,75153
2015-12-24,13.1,13.11,12.4,12.69,74764
2015-12-25,12.78,12.93,12.65,12.86,45047
2015-12-28,12.85,12.99,12.5,12.5,58395
2015-12-29,12.32,12.65,12.31,12.62,37453
2015-12-30,12.65,12.73,12.5,12.62,38289
2015-12-31,12.6,12.85,12.53,12.6,49760
2016-01-04,12.6,12.6,11.34,11.35,40472
2016-01-05,11.0,11.2,10.22,10.61,62957
2016-01-06,10.77,10.92,10.6,10.89,41053
2016-01-07,10.66,10.76,9.8,9.82,10302
2016-01-08,10.1,10.8,9.12,10.38,66237
2016-01-11,10.2,10.84,9.7,9.96,58333
2016-01-12,10.1,10.25,9.68,9.96,39920
2016-01-13,10.05,10.28,9.79,9.84,35141
2016-01-14,9.41,10.37,9.29,10.37,38162
2016-01-15,10.37,11.2,10.37,10.53,88044
2016-01-18,10.05,10.9,10.05,10.65,56475
2016-01-19,10.6,10.95,10.47,10.9,64108
2016-01-20,10.88,10.88,10.37,10.45,51084
2016-01-21,10.21,10.45,9.68,9.69,41899
2016-01-22,9.76,9.96,9.38,9.83,35174
2016-01-25,9.88,10.15,9.8,9.96,24015
2016-01-26,9.84,9.89,8.96,8.96,36707
2016-01-27,9.41,9.41,8.06,8.44,40937
2016-01-28,8.27,8.37,7.98,8.09,43219
2016-01-29,8.09,8.5,8.0,8.31,44959
2016-02-01,8.35,8.35,7.85,8.03,37883
2016-02-02,8.06,8.38,8.03,8.34,47798
2016-02-03,8.25,8.35,8.09,8.33,35086
2016-02-04,8.25,8.62,8.25,8.5,48348
2016-02-05,8.56,8.59,8.4,8.4,26631
2016-02-15,8.11,8.3,7.98,8.21,32415
2016-02-16,8.28,8.6,8.23,8.55,63820
2016-02-17,8.57,8.85,8.5,8.76,59156
2016-02-18,8.8,8.94,8.57,8.7,78006
2016-02-19,8.74,8.74,8.54,8.69,46580
2016-02-22,8.78,9.5,8.71,9.19,90000
2016-02-23,9.06,9.17,8.74,8.95,62089
2016-02-24,8.97,9.08,8.76,9.06,51762
2016-02-25,9.09,9.15,8.15,8.15,79871
2016-02-26,8.4,8.4,7.91,8.17,44041
2016-02-29,8.1,8.13,7.38,7.43,43045
2016-03-01,7.43,7.68,7.36,7.63,34524
2016-03-02,7.69,8.07,7.69,8.07,48862
2016-03-03,8.12,8.34,7.98,8.02,47807
2016-03-04,7.98,8.11,7.4,7.74,41182
2016-03-07,7.78,8.1,7.78,7.96,36370
2016-03-08,7.99,8.1,7.61,8.02,35493
2016-03-09,7.89,8.09,7.8,7.92,30691
2016-03-10,7.88,8.0,7.7,7.74,22242
2016-03-11,7.75,7.84,7.62,7.73,25061
2016-03-14,7.77,8.06,7.77,8.0,41375
2016-03-15,8.01,8.18,7.91,8.1,44684
2016-03-16,8.15,8.34,7.96,7.99,41741
2016-03-17,8.13,8.25,7.98,8.24,52382
2016-03-18,8.25,8.74,8.24,8.56,85142
2016-03-21,8.89,8.95,8.48,8.9,89852
2016-03-22,8.9,9.3,8.9,9.1,118986
2016-03-23,9.0,9.57,8.8,9.5,88686
2016-03-24,9.37,9.77,9.19,9.48,75857
2016-03-25,9.46,9.74,9.36,9.49,59305
2016-03-28,9.5,9.74,9.31,9.36,51882
2016-03-29,9.36,9.47,9.03,9.22,34648
2016-03-30,9.36,9.8,9.13,9.79,56522
2016-03-31,9.8,10.08,9.8,9.85,54543
2016-04-01,9.85,10.63,9.71,10.58,76790
2016-04-05,10.5,11.23,10.3,10.88,85277
2016-04-06,10.73,10.98,10.21,10.66,86379
2016-04-07,10.7,10.85,10.38,10.67,52413
2016-04-08,10.51,10.79,10.49,10.55,39110
2016-04-11,10.55,10.78,10.49,10.51,30391
2016-04-12,10.45,10.75,10.41,10.6,28294
2016-04-13,10.74,10.93,10.65,10.71,40803
2016-04-14,10.57,10.7,10.42,10.69,29530
2016-04-15,10.69,10.69,10.5,10.63,25707
2016-04-18,10.58,10.6,10.2,10.4,36728
2016-04-19,10.36,11.4,10.36,11.17,87674
2016-04-20,11.18,11.25,10.21,10.55,67952
2016-04-21,10.5,10.68,10.35,10.35,28982
2016-04-22,10.37,10.58,10.25,10.39,24657
2016-04-25,10.29,10.57,10.2,10.31,33441
2016-04-26,10.27,10.48,10.25,10.41,20791
2016-04-27,10.5,11.19,10.36,11.1,65631
2016-04-28,11.08,11.33,10.85,11.14,60434
2016-04-29,11.08,11.37,11.03,11.11,39026
2016-05-03,11.2,11.45,11.12,11.35,62217
2016-05-04,11.35,11.68,11.13,11.64,77093
2016-05-05,11.54,11.95,11.52,11.93,70090
2016-05-06,11.81,12.09,11.3,11.47,69230
2016-05-09,11.44,11.87,11.0,11.58,84970
2016-05-10,11.32,11.98,11.32,11.48,70456
2016-05-11,11.4,11.62,11.0,11.0,55674
2016-05-12,10.83,10.83,9.9,9.9,67181
2016-05-13,9.5,9.96,9.5,9.88,57418
2016-05-16,10.0,10.09,9.83,10.0,37018
2016-05-17,10.08,10.1,9.85,9.9,33580
2016-05-18,9.9,9.9,9.17,9.28,34642
2016-05-19,9.34,9.58,9.2,9.3,25812
2016-05-20,9.26,9.35,9.01,9.35,27408
2016-05-23,9.38,9.52,9.31,9.45,17629
2016-05-24,9.49,10.4,9.45,10.38,71137
2016-05-25,10.17,10.39,10.0,10.17,47343
2016-05-26,10.07,10.17,9.69,9.94,34792
2016-05-27,9.98,10.07,9.81,9.95,19526
2016-05-30,9.93,9.93,9.6,9.64,22174
2016-05-31,9.58,9.99,9.58,9.96,34327
2016-06-01,9.96,10.23,9.92,10.11,44011
2016-06-02,10.08,10.82,10.01,10.81,81328
2016-06-03,10.58,10.68,10.5,10.55,55853
2016-06-06,10.5,10.59,10.15,10.25,46095
2016-06-07,10.32,10.35,10.17,10.29,37271
2016-06-08,10.28,10.58,10.22,10.56,63465
2016-06-13,10.45,10.45,9.53,9.64,51262
2016-06-14,9.43,9.67,9.38,9.52,32279
2016-06-15,9.24,9.92,9.24,9.7,32505
2016-06-16,9.7,10.1,9.65,9.75,44514
2016-06-17,9.78,9.94,9.58,9.67,41707
2016-06-20,9.74,9.8,9.31,9.44,37558
2016-06-21,9.53,9.61,9.32,9.42,32402
2016-06-22,9.46,9.61,9.32,9.6,32415
2016-06-23,9.6,9.7,9.4,9.49,26717
2016-06-24,9.46,9.54,8.85,9.09,51410
2016-06-27,9.05,9.36,9.0,9.35,27383
2016-06-28,9.34,9.66,9.2,9.45,37405
2016-06-29,9.48,9.59,9.4,9.54,32393
2016-06-30,9.53,9.66,9.37,9.65,34648
2016-07-01,9.61,9.69,9.52,9.65,30916
2016-07-04,9.52,10.16,9.41,9.95,61542
2016-07-05,9.95,10.55,9.84,10.48,115277
2016-07-06,10.32,10.56,10.22,10.3,60486
2016-07-07,10.29,10.54,10.02,10.22,60172
2016-07-08,10.22,10.35,10.11,10.25,30980
2016-07-11,10.2,10.36,10.12,10.17,40413
2016-07-12,10.07,10.23,9.77,10.1,41161
2016-07-13,10.1,10.28,10.07,10.21,43051
2016-07-14,10.21,10.55,10.15,10.45,64211
2016-07-15,10.52,10.57,10.23,10.25,34041
2016-07-18,10.21,10.26,9.93,10.1,26293
2016-07-19,10.14,10.45,10.13,10.43,49759
2016-07-20,10.4,10.42,10.22,10.25,32282
2016-07-21,10.25,10.39,10.21,10.26,30316
2016-07-22,10.3,10.34,10.1,10.13,25151
2016-07-25,10.13,10.43,10.09,10.35,38204
2016-07-26,10.35,10.53,10.33,10.4,42975
2016-07-27,10.36,10.46,9.67,9.68,63092
2016-07-28,9.58,9.73,9.48,9.66,34530
2016-07-29,9.68,9.88,9.44,9.5,18477
2016-08-01,9.58,9.58,9.26,9.38,16942
2016-08-02,9.38,9.49,9.31,9.43,15217
2016-08-03,9.43,9.51,9.31,9.38,12968
2016-08-04,9.36,9.44,9.32,9.44,10497
2016-08-05,9.41,9.48,9.36,9.43,11460
2016-08-08,9.43,9.68,9.32,9.6,16228
2016-08-09,9.65,9.67,9.51,9.63,13279
2016-08-10,9.63,9.86,9.58,9.73,22990
2016-08-11,9.7,9.83,9.51,9.53,15773
2016-08-12,9.42,9.95,9.42,9.81,30309
2016-08-15,9.85,9.96,9.7,9.9,28638
2016-08-16,10.41,10.41,10.0,10.06,37557
2016-08-17,10.09,10.28,10.06,10.1,24964
2016-08-18,10.05,10.38,10.0,10.24,36162
2016-08-19,10.18,10.37,10.1,10.12,32193
2016-08-22,10.12,10.24,9.96,9.98,22445
2016-08-23,9.92,10.06,9.87,9.98,16535
2016-08-24,9.98,10.24,9.92,10.24,38103
2016-08-25,10.27,11.26,10.12,10.96,153421
2016-08-26,10.7,11.35,10.6,10.97,163283
2016-08-29,10.85,11.27,10.59,10.67,100890
2016-08-30,10.65,10.69,10.41,10.51,61006
2016-08-31,10.55,10.95,10.46,10.78,87523
2016-09-01,10.79,11.1,10.7,10.82,97792
2016-09-02,10.71,10.97,10.7,10.79,43284
2016-09-05,10.85,11.33,10.8,11.1,85709
2016-09-06,11.01,11.85,11.0,11.66,153637
2016-09-07,11.64,11.76,11.31,11.45,88829
2016-09-08,11.5,11.51,11.21,11.36,65382
2016-09-09,11.51,11.56,11.06,11.1,63207
2016-09-12,10.73,10.92,10.45,10.5,51880
2016-09-13,10.5,10.65,10.23,10.55,45598
2016-09-14,10.43,10.71,10.37,10.45,44036
2016-09-19,10.43,10.63,10.4,10.55,45032
2016-09-20,10.55,10.66,10.34,10.65,31388
2016-09-21,10.62,11.5,10.55,11.38,116118
2016-09-22,11.39,11.56,11.13,11.32,96225
2016-09-23,11.32,11.6,11.19,11.48,62461
2016-09-26,11.48,11.68,11.26,11.37,61238
2016-09-27,11.37,11.37,10.93,11.31,32599
2016-09-28,11.32,11.63,11.01,11.34,41345
2016-09-29,11.31,11.8,11.08,11.69,104402
2016-09-30,11.59,11.88,11.5,11.51,58468
2016-10-10,11.49,11.62,11.31,11.51,65295
2016-10-11,11.54,12.2,11.25,11.7,126933
2016-10-12,11.66,11.68,11.41,11.49,50861
2016-10-13,11.4,11.6,11.25,11.5,52476
2016-10-14,11.42,11.47,11.19,11.25,41370
2016-10-17,11.21,11.35,10.78,10.8,52525
2016-10-18,10.79,11.01,10.78,10.96,74394
2016-10-19,10.88,11.0,10.79,10.98,56409
2016-10-20,11.0,11.17,10.88,11.09,43978
2016-10-21,11.1,11.14,10.78,11.02,35264
2016-10-24,11.01,11.18,10.85,11.1,36228
2016-10-25,11.1,11.14,10.9,11.01,32811
2016-10-26,10.97,11.16,10.91,10.93,24958
2016-10-27,10.94,11.0,10.78,10.81,27591
2016-10-28,10.8,11.03,10.76,10.96,37506
2016-10-31,10.99,11.05,10.79,10.8,25040
2016-11-01,10.74,11.05,10.74,11.04,47514
2016-11-02,10.95,11.03,10.65,10.73,55272
2016-11-03,10.68,10.79,10.6,10.7,46319
2016-11-04,10.67,10.78,10.62,10.72,23596
2016-11-07,10.8,10.86,10.7,10.75,29714
2016-11-08,10.79,10.8,10.68,10.68,28979
2016-11-09,10.7,10.93,10.67,10.86,62549
2016-11-10,10.84,11.1,10.83,11.03,57705
2016-11-11,10.94,11.05,10.8,11.04,59442
2016-11-14,10.94,11.1,10.84,11.05,60663
2016-11-15,11.06,11.25,11.0,11.17,50724
2016-11-16,11.16,11.38,11.06,11.25,52920
2016-11-17,11.25,11.27,11.04,11.13,34550
2016-11-18,11.07,11.16,10.86,10.9,36926
2016-11-21,10.9,11.99,10.88,11.53,153377
2016-11-22,11.63,11.65,11.37,11.48,73503
2016-11-23,11.48,11.65,11.3,11.49,89627
2016-11-24,11.45,11.84,11.4,11.55,76456
2016-11-25,11.48,11.55,11.03,11.38,56513
2016-11-28,11.47,11.47,11.19,11.21,35635
2016-11-29,11.4,12.33,11.3,11.94,351519
2016-11-30,11.4,11.4,11.02,11.19,193276
2016-12-01,11.1,11.22,10.86,10.96,120015
2016-12-02,10.89,11.07,10.77,10.83,67100
2016-12-05,10.77,11.05,10.52,10.98,71212
2016-12-06,10.9,11.13,10.9,11.01,47501
2016-12-07,10.93,11.97,10.83,11.39,228209
2016-12-08,11.27,11.37,10.98,11.01,103638
2016-12-09,11.02,11.09,10.78,10.86,101331
2016-12-12,10.85,10.99,9.77,9.82,89672
2016-12-13,9.7,9.88,9.42,9.73,60671
2016-12-14,9.71,9.79,9.53,9.58,34517
2016-12-15,9.6,9.8,9.58,9.78,25818
2016-12-16,9.78,10.05,9.71,10.02,34245
2016-12-19,9.97,10.12,9.88,9.94,23553
2016-12-20,9.99,10.08,9.93,10.06,22704
2016-12-21,10.57,10.58,10.08,10.21,27481
2016-12-22,10.28,10.47,10.16,10.25,37878
2016-12-23,10.25,10.3,9.89,9.97,23423
2016-12-26,9.9,10.15,9.8,10.01,22462
2016-12-27,10.01,10.33,9.97,10.12,16350
2016-12-28,10.12,10.18,10.0,10.07,13725
2016-12-29,10.12,10.33,9.99,10.19,29189
2016-12-30,10.19,10.36,10.1,10.15,32820
2017-01-03,10.23,10.3,10.14,10.28,18453
2017-01-04,10.2,10.42,10.18,10.36,26749
2017-01-05,10.36,10.47,10.25,10.36,23915
2017-01-06,10.33,10.39,10.2,10.3,23717
2017-01-09,10.3,10.35,10.21,10.32,15012
2017-01-10,10.42,10.42,9.97,10.05,45601
2017-01-11,10.0,10.25,9.91,10.09,37850
2017-01-12,10.05,10.14,9.7,9.75,35998
2017-01-13,9.74,9.83,9.56,9.61,24856
2017-01-16,9.61,9.7,8.7,9.32,27773
2017-01-17,9.32,9.57,9.03,9.47,30617
2017-01-18,9.47,9.54,9.25,9.39,21562
2017-01-19,9.36,10.33,9.08,10.33,131795
2017-01-20,11.36,11.36,11.31,11.36,323473
2017-01-23,11.5,12.3,11.33,11.68,669762
2017-01-24,11.41,12.85,11.17,12.15,726654
2017-01-25,11.66,11.85,10.94,10.94,534041
2017-01-26,10.9,11.2,10.75,10.89,289766
2017-02-03,10.85,11.08,10.69,10.98,233672
2017-02-06,10.93,11.16,10.77,11.11,278292
2017-02-07,11.05,11.23,10.86,11.19,325863
2017-02-08,11.07,11.11,10.76,11.06,283081
2017-02-09,10.98,11.34,10.95,11.22,338524
2017-02-10,11.17,11.2,10.8,10.9,250127
2017-02-13,10.89,11.05,10.81,11.0,144567
2017-02-14,11.0,11.0,10.65,10.72,165959
2017-02-15,10.7,10.8,10.23,10.3,220700
2017-02-16,10.24,10.36,10.07,10.3,144657
2017-02-17,10.26,10.34,9.91,9.92,141997
2017-02-20,9.95,10.07,9.81,10.0,101157
2017-02-21,10.01,10.1,9.96,10.06,82704
2017-02-22,10.04,10.13,9.95,10.09,94645
2017-02-23,10.03,10.15,9.99,10.03,88116
2017-02-24,10.01,10.24,9.96,10.13,95679
2017-02-27,10.18,10.3,9.98,9.99,106876
2017-02-28,9.99,10.05,9.84,9.92,89683
2017-03-01,9.92,10.05,9.88,9.98,70721
2017-03-02,9.98,10.03,9.88,9.89,58240
2017-03-03,9.94,10.11,9.76,9.99,97675
2017-03-06,10.0,10.2,9.99,10.08,79241
2017-03-07,10.06,10.16,10.01,10.08,57058
2017-03-08,10.11,10.18,10.07,10.13,76004
2017-03-09,10.13,10.15,9.92,9.97,61713
2017-03-10,9.98,10.03,9.93,9.97,36905
2017-03-13,10.02,10.02,9.9,9.96,51677
2017-03-14,9.97,10.0,9.88,9.88,56874
2017-03-15,9.84,9.89,9.76,9.85,55926
2017-03-16,9.86,9.97,9.86,9.97,50701
2017-03-17,9.97,9.99,9.88,9.9,52753
2017-03-20,9.87,10.2,9.85,10.18,121224
2017-03-21,10.15,10.24,10.11,10.22,80234
2017-03-22,10.15,10.37,10.11,10.3,105275
2017-03-23,10.26,10.39,10.21,10.28,94360
2017-03-24,10.24,10.35,10.12,10.29,70421
2017-03-27,10.27,10.42,10.16,10.28,74892
2017-03-28,10.23,10.59,10.23,10.49,134106
2017-03-29,10.47,10.5,10.3,10.31,76958
2017-03-30,10.24,10.28,9.8,9.8,107822
2017-03-31,9.82,10.0,9.8,9.83,41751
2017-04-05,10.0,10.0,9.83,9.89,59787
2017-04-06,9.89,9.95,9.86,9.91,41841
2017-04-07,9.88,10.04,9.8,9.85,79183
2017-04-10,9.86,9.9,9.5,9.52,86655
2017-04-11,9.52,9.56,9.19,9.4,90344
2017-04-12,9.39,9.88,9.29,9.59,79397
2017-04-13,9.43,9.73,9.33,9.56,57535
2017-04-14,9.49,9.56,9.28,9.28,49217
2017-04-17,9.22,9.32,9.19,9.24,40265
2017-04-18,9.31,9.32,9.03,9.05,34601
2017-04-19,9.0,9.02,8.51,8.73,67816
2017-04-20,8.74,8.84,8.51,8.8,43140
2017-04-21,8.8,8.93,8.74,8.81,31980
2017-04-24,8.79,8.79,8.06,8.3,53372
2017-04-25,8.31,8.46,8.17,8.26,35173
2017-04-26,8.31,8.39,8.23,8.27,23250
2017-04-27,8.29,8.3,7.88,8.23,58304
2017-04-28,8.18,8.31,8.18,8.29,23237
2017-05-02,8.33,8.43,8.28,8.34,28628
2017-05-03,8.31,8.4,8.27,8.35,21896
2017-05-04,8.35,8.4,8.22,8.37,25414
2017-05-05,8.33,8.58,8.3,8.51,47771
2017-05-08,8.55,8.57,8.34,8.42,28868
2017-05-09,8.32,8.55,8.29,8.51,24982
2017-05-10,8.51,8.64,8.33,8.37,27260
2017-05-11,8.3,8.35,7.8,8.29,32718
2017-05-12,8.2,8.28,8.08,8.18,14068
2017-05-15,8.28,8.29,8.08,8.18,16212
2017-05-16,8.16,8.34,7.98,8.33,25628
2017-05-17,8.33,8.39,8.26,8.3,25404
2017-05-18,8.16,8.31,8.1,8.17,17784
2017-05-19,8.14,8.69,8.11,8.5,51855
2017-05-22,8.42,8.63,8.27,8.31,33760
2017-05-23,8.28,8.28,7.92,8.22,35689
2017-05-24,8.11,8.26,8.0,8.22,17397
2017-05-25,8.21,8.28,8.09,8.22,18724
2017-05-26,8.19,8.27,8.1,8.1,15728
2017-05-31,8.21,8.24,8.05,8.08,15233
2017-06-01,8.08,8.1,7.83,8.05,20570
2017-06-02,8.05,8.86,7.84,8.86,108204
2017-06-05,9.1,9.47,9.01,9.13,224450
2017-06-06,9.3,9.3,8.85,8.98,132968
2017-06-07,8.99,9.12,8.81,9.05,120083
2017-06-08,9.0,9.07,8.85,8.88,101887
2017-06-09,8.81,8.81,8.59,8.67,82933
2017-06-12,8.65,8.85,8.62,8.69,53959
2017-06-13,8.59,8.75,8.53,8.74,48152
2017-06-14,8.74,8.79,8.55,8.57,48071
2017-06-15,8.65,8.7,8.5,8.68,51347
2017-06-16,8.65,8.75,8.58,8.72,51639
2017-06-19,8.72,8.72,8.61,8.65,37875
2017-06-20,8.63,8.68,8.57,8.63,34403
2017-06-21,8.66,8.67,8.49,8.52,38510
2017-06-22,8.52,8.57,8.16,8.16,50756
2017-06-23,8.16,8.26,8.03,8.24,38782
2017-06-26,8.2,8.29,8.15,8.29,28245
2017-06-27,8.29,8.33,8.22,8.29,25680
2017-06-28,8.27,8.5,8.16,8.42,50982
2017-06-29,8.36,8.4,8.28,8.35,30779
2017-06-30,8.37,8.38,8.18,8.22,39691
2017-07-03,8.19,8.28,8.16,8.27,19754
2017-07-04,8.28,8.35,8.28,8.31,19353
2017-07-05,8.33,8.35,8.25,8.34,21338
2017-07-06,8.35,8.4,8.27,8.37,26022
2017-07-07,7.51,7.7,7.43,7.58,36090
2017-07-10,7.59,7.59,7.45,7.47,25252
2017-07-11,7.49,7.49,7.3,7.4,31733
2017-07-12,7.34,7.41,7.25,7.35,20293
2017-07-13,7.35,7.4,7.31,7.38,17329
2017-07-14,7.42,7.42,7.32,7.37,12001
2017-07-17,7.37,7.37,6.8,7.09,52484
2017-07-18,7.0,7.1,6.86,7.09,22362
2017-07-19,7.11,7.11,6.95,7.1,20068
2017-07-20,7.1,7.14,7.06,7.08,20577
2017-07-21,7.09,7.1,7.02,7.08,15665
2017-07-24,7.08,7.11,7.03,7.07,16689
2017-07-25,7.07,7.13,7.02,7.08,26133
2017-07-26,7.07,7.1,7.0,7.07,22395
2017-07-27,7.07,7.17,7.03,7.16,44183
2017-07-28,7.36,7.48,7.25,7.37,83258
2017-07-31,7.34,7.35,7.2,7.29,41328
2017-08-01,7.28,8.02,7.28,8.02,245957
2017-08-02,7.91,8.07,7.76,7.92,199310
2017-08-03,8.0,8.71,7.91,8.71,472755
2017-08-04,8.64,8.88,8.6,8.69,285980
2017-08-07,8.61,8.67,8.53,8.66,118324
2017-08-08,8.53,8.85,8.53,8.57,191223
2017-08-09,8.54,8.61,8.38,8.53,111630
2017-08-10,8.53,8.81,8.33,8.39,481204
2017-08-11,8.07,8.18,7.8,7.9,186856
2017-08-14,7.95,8.69,7.86,8.64,396420
2017-08-15,8.55,8.9,8.36,8.7,444457
2017-08-16,8.72,8.9,8.46,8.78,404411
2017-08-17,8.7,8.88,8.38,8.44,359367
2017-08-18,8.43,8.55,8.08,8.2,227680
2017-08-21,8.21,8.35,8.14,8.35,99251
2017-08-22,8.2,8.48,8.2,8.24,106325
2017-08-23,8.2,8.42,8.08,8.31,135626
2017-08-24,8.25,8.32,7.9,7.93,139199
2017-08-25,8.06,8.06,7.9,7.98,80993
2017-08-28,8.0,8.18,7.97,8.09,81275
2017-08-29,8.07,8.09,7.95,7.97,72533
2017-08-30,7.97,8.03,7.91,8.02,51548
2017-08-31,8.02,8.08,7.96,7.97,52657
2017-09-01,7.93,8.16,7.81,8.15,114311
2017-09-04,8.18,8.19,8.07,8.13,74176
2017-09-05,8.24,8.62,8.24,8.34,170488
2017-09-06,8.25,8.28,8.1,8.27,86469
2017-09-07,8.31,8.44,8.13,8.17,106364
2017-09-08,8.12,8.25,8.1,8.22,56260
2017-09-11,8.27,8.29,8.16,8.29,58308
2017-09-12,8.31,8.65,8.26,8.45,189053
2017-09-13,8.41,8.58,8.33,8.47,83685
2017-09-14,8.44,8.63,8.29,8.62,156495
2017-09-15,8.57,8.75,8.45,8.57,135423
2017-09-18,8.51,8.53,8.28,8.36,86130
2017-09-19,8.38,8.4,8.13,8.14,83597
2017-09-20,8.14,8.2,8.08,8.16,57247
2017-09-21,8.27,8.55,8.23,8.25,102801
2017-09-22,8.07,8.19,7.98,8.15,72399
2017-09-25,8.13,8.13,7.9,7.95,62416
2017-09-26,8.03,8.03,7.87,7.93,27766
2017-09-27,7.94,8.05,7.93,7.97,25974
2017-09-28,7.97,8.03,7.87,7.87,34846
2017-09-29,7.88,7.92,7.83,7.84,30671
2017-10-09,7.95,7.98,7.88,7.94,25999
2017-10-10,7.95,8.15,7.9,8.12,46694
2017-10-11,8.16,8.16,8.04,8.09,28980
2017-10-12,8.09,8.12,7.91,7.98,32166
2017-10-13,7.98,8.33,7.97,8.3,106403
2017-10-16,8.31,8.36,7.97,8.0,74682
2017-10-17,7.91,7.99,7.81,7.91,35703
2017-10-18,7.96,8.0,7.68,7.68,52757
2017-10-19,7.63,7.67,7.35,7.43,48690
2017-10-20,7.41,7.54,7.4,7.54,18295
2017-10-23,7.54,7.74,7.54,7.65,23555
2017-10-24,7.67,7.68,7.57,7.66,19797
2017-10-25,7.66,7.79,7.62,7.77,25710
2017-10-26,7.73,7.73,7.62,7.7,25429
2017-10-27,7.71,7.71,7.52,7.53,24429
2017-10-30,7.52,7.53,7.25,7.3,28615
2017-10-31,7.25,7.43,7.25,7.4,14154
2017-11-01,7.37,7.42,7.3,7.37,20065
2017-11-02,7.38,7.4,7.23,7.26,19940
2017-11-03,7.52,7.58,7.0,7.25,26088
2017-11-06,7.25,7.49,7.11,7.45,30060
2017-11-07,7.36,7.39,7.26,7.37,22658
2017-11-08,7.36,7.57,7.35,7.43,35627
2017-11-09,7.39,7.49,7.33,7.46,21650
2017-11-10,7.46,7.46,7.3,7.34,23046
2017-11-13,7.3,7.33,7.09,7.16,54749
2017-11-14,7.16,7.23,7.08,7.14,24726
2017-11-15,7.13,7.18,7.1,7.15,21694
2017-11-16,7.14,7.19,7.11,7.17,16208
2017-11-17,7.17,7.17,6.8,7.07,51510
2017-11-20,6.99,7.15,6.77,7.13,42719
2017-11-21,7.06,7.07,6.9,6.94,24625
2017-11-22,6.94,6.96,6.85,6.92,19017
2017-11-23,6.92,6.97,6.82,6.85,19278
2017-11-24,6.8,6.85,6.7,6.73,24153
2017-11-27,6.74,6.74,6.6,6.62,16021
2017-11-28,6.61,6.68,6.55,6.67,14667
2017-11-29,6.67,6.7,6.6,6.64,15883
2017-11-30,6.64,6.68,6.61,6.62,15617
2017-12-01,6.62,6.72,6.61,6.7,14732
2017-12-04,6.71,6.75,6.62,6.63,21314
2017-12-05,6.6,6.69,6.4,6.57,26156
2017-12-06,6.53,6.59,6.4,6.55,22496
2017-12-07,6.53,6.88,6.46,6.67,35389
2017-12-08,6.62,6.7,6.58,6.64,25907
2017-12-11,6.62,6.73,6.62,6.67,19971
2017-12-12,6.67,6.71,6.63,6.69,15427
2017-12-13,6.67,6.73,6.65,6.7,16370
2017-12-14,6.7,6.7,6.62,6.65,16187
2017-12-15,6.61,6.7,6.61,6.67,14347
2017-12-18,6.64,6.71,6.6,6.64,15469
2017-12-19,6.65,6.86,6.61,6.77,35335
2017-12-20,6.77,6.78,6.62,6.67,25080
2017-12-21,6.66,6.7,6.6,6.66,16181
2017-12-22,6.65,6.66,6.61,6.62,14282
2017-12-25,6.54,6.65,6.36,6.39,23494
2017-12-26,6.34,6.42,6.33,6.37,13568
2017-12-27,6.37,6.42,6.31,6.33,13902
2017-12-28,6.25,6.42,6.24,6.38,25223
2017-12-29,6.38,6.54,6.35,6.54,24628
2018-01-02,6.92,7.03,6.7,6.71,79411
2018-01-03,6.66,6.73,6.55,6.72,38279
2018-01-04,6.7,6.71,6.62,6.64,21361
2018-01-05,6.62,6.71,6.62,6.65,18191
2018-01-08,6.65,6.7,6.57,6.6,19752
2018-01-09,6.55,6.61,6.48,6.48,21703
2018-01-10,6.48,6.53,6.46,6.51,15403
2018-01-11,6.51,6.52,6.43,6.51,18171
2018-01-12,6.5,6.5,6.43,6.44,13732
2018-01-15,6.49,6.51,6.28,6.29,22363
2018-01-16,6.29,6.41,6.29,6.36,15706
2018-01-17,6.4,6.4,6.25,6.35,17204
2018-01-18,6.36,6.36,6.28,6.31,14775
2018-01-19,6.34,6.38,6.27,6.35,14750
2018-01-22,6.35,6.45,6.3,6.41,15555
2018-01-23,6.42,6.46,6.35,6.38,12333
2018-01-24,6.39,6.44,6.34,6.43,15111
2018-01-25,6.42,6.48,6.38,6.41,19936
2018-01-26,6.39,6.48,6.39,6.43,15115
2018-01-29,6.48,6.48,6.27,6.28,21077
2018-01-30,6.32,6.33,6.26,6.28,12355
2018-01-31,6.33,6.33,5.91,5.94,37990
2018-02-01,5.92,5.99,5.64,5.66,31084
2018-02-02,5.69,5.69,5.41,5.53,30440
2018-02-05,5.49,5.49,5.31,5.34,25278
2018-02-06,5.27,5.34,5.11,5.18,63137
2018-02-07,5.3,5.45,5.0,5.2,29846
2018-02-08,5.2,5.35,5.12,5.33,28407
2018-02-09,5.24,5.33,5.13,5.27,36296
2018-02-12,5.28,5.67,5.28,5.47,42004
2018-02-13,5.5,5.5,5.31,5.34,22889
2018-02-14,5.38,5.58,5.33,5.56,39235
2018-02-22,5.6,5.65,5.52,5.58,20716
2018-02-23,5.55,5.87,5.44,5.82,59533
2018-02-26,5.78,5.82,5.71,5.8,24919
2018-02-27,5.81,5.83,5.71,5.72,24613
2018-02-28,5.75,5.88,5.72,5.72,30795
2018-03-01,5.73,5.73,5.65,5.71,31952
2018-03-02,5.66,5.77,5.66,5.73,30990
2018-03-05,5.74,6.3,5.64,6.3,126756
2018-03-06,6.28,6.83,6.19,6.5,179803
2018-03-07,6.41,6.58,6.4,6.41,79600
2018-03-08,6.22,6.5,6.22,6.38,40602
2018-03-09,6.36,6.45,6.3,6.39,48600
2018-03-12,6.38,6.56,6.33,6.47,67524
2018-03-13,6.53,6.53,6.4,6.46,28801
2018-03-14,6.4,6.49,6.24,6.37,36053
2018-03-15,6.29,6.37,6.19,6.29,25270
2018-03-16,6.32,6.9,6.3,6.65,98092
2018-03-19,6.65,6.84,6.5,6.6,59639
2018-03-20,6.58,6.69,6.15,6.55,39254
2018-03-21,6.56,6.75,6.45,6.6,46592
2018-03-22,6.6,6.91,6.48,6.8,96424
2018-03-23,6.63,6.7,6.29,6.34,63756
2018-03-26,6.25,6.46,5.83,6.4,40188
2018-03-27,6.41,6.57,6.33,6.43,28391
2018-03-28,6.38,6.47,6.28,6.4,27594
2018-03-29,6.4,6.45,6.25,6.3,29522
2018-03-30,6.5,6.65,6.35,6.48,54450
2018-04-02,6.33,6.87,6.33,6.77,100596
2018-04-03,6.75,6.75,6.51,6.55,52248
2018-04-04,6.57,6.65,6.42,6.44,34057
2018-04-09,6.36,6.54,6.33,6.39,20642
2018-04-10,6.44,6.56,6.4,6.55,25882
2018-04-11,6.58,6.64,6.47,6.47,21325
2018-04-12,6.47,6.49,6.41,6.43,21329
2018-04-13,6.43,6.66,6.34,6.55,31581
2018-04-16,6.6,6.67,6.45,6.47,23782
2018-04-17,6.47,6.5,6.21,6.23,28053
2018-04-18,6.38,6.44,6.05,6.37,32340
2018-04-19,6.37,6.39,6.28,6.32,15285
2018-04-20,6.32,6.38,6.15,6.19,21459
2018-04-23,6.19,6.54,6.09,6.51,54760
2018-04-24,6.4,6.52,6.36,6.39,45279
2018-04-25,6.32,6.41,6.3,6.33,21261
2018-04-26,6.32,6.36,6.26,6.27,14768
2018-04-27,6.4,6.4,6.2,6.32,14671
2018-05-02,6.32,6.32,6.17,6.24,14267
2018-05-03,6.22,6.28,6.14,6.22,17113
2018-05-04,6.25,6.26,6.17,6.19,9546
2018-05-07,6.23,6.32,6.17,6.28,21160
2018-05-08,6.33,6.39,6.26,6.32,22648
2018-05-09,6.32,6.36,6.21,6.34,18291
2018-05-10,6.34,6.58,6.34,6.53,62953
2018-05-11,6.55,6.58,6.35,6.39,33897
2018-05-14,6.47,6.47,6.3,6.32,15742
2018-05-15,6.31,6.36,6.23,6.34,14279
2018-05-16,6.38,6.38,6.22,6.22,17093
2018-05-17,6.21,6.26,6.14,6.22,19895
2018-05-18,6.22,6.26,6.16,6.25,13376
2018-05-21,6.29,6.43,6.29,6.41,37191
2018-05-22,6.43,6.43,6.31,6.36,20468
2018-05-23,6.36,6.38,6.26,6.27,15659
2018-05-24,6.24,6.32,6.21,6.32,13439
2018-05-25,6.26,6.32,6.21,6.25,10773
2018-05-28,6.3,6.3,6.19,6.23,10641
2018-05-29,6.24,6.41,6.21,6.33,20574
2018-05-30,6.26,6.9,5.9,6.42,73261
2018-05-31,6.25,6.39,6.17,6.31,37790
2018-06-01,6.31,6.32,6.2,6.21,15999
2018-06-06,5.7,5.77,5.66,5.74,12179
2018-06-07,5.74,5.8,5.72,5.76,13589
2018-06-08,5.92,5.92,5.65,5.65,25284
2018-06-11,5.61,5.68,5.5,5.56,12984
2018-06-12,5.6,5.73,5.56,5.68,17213
2018-06-13,5.68,5.72,5.62,5.62,12905
2018-06-14,5.66,5.7,5.4,5.42,20019
2018-06-15,5.48,5.5,5.22,5.28,16267
2018-06-19,5.28,5.28,4.75,5.03,31868
2018-06-20,5.06,5.08,4.9,5.01,23041
2018-06-21,5.01,5.05,4.78,4.78,15616
2018-06-22,4.78,5.04,4.65,4.92,19668
2018-06-25,4.92,5.02,4.89,4.9,13351
2018-06-26,4.91,4.94,4.8,4.88,15991
2018-06-27,4.89,4.94,4.84,4.86,9927
2018-06-28,4.86,4.9,4.79,4.81,9491
2018-06-29,4.84,4.96,4.79,4.94,13282
2018-07-02,4.99,5.39,4.96,5.04,39089
2018-07-03,5.07,5.44,5.05,5.39,74539
2018-07-04,5.34,5.34,5.12,5.19,36066
2018-07-05,5.15,5.25,5.03,5.03,24383
2018-07-06,5.08,5.12,4.91,5.01,23517
2018-07-09,5.01,5.13,4.97,5.12,16412
2018-07-10,5.12,5.17,5.06,5.12,16651
2018-07-11,5.09,5.09,4.94,5.02,18987
2018-07-12,5.01,5.15,5.0,5.14,22042
2018-07-13,5.15,5.22,5.12,5.19,16555
2018-07-16,5.24,5.24,5.15,5.2,10221
2018-07-17,5.2,5.2,5.12,5.17,9365
2018-07-18,5.2,5.21,5.12,5.13,16993
2018-07-19,5.15,5.16,5.02,5.04,13420
2018-07-20,5.04,5.13,4.98,5.12,10552
2018-07-23,5.14,5.27,5.11,5.26,25349
2018-07-24,5.26,5.32,5.23,5.3,29282
2018-07-25,5.32,5.32,5.25,5.26,14179
2018-07-26,5.26,5.32,5.25,5.32,17731
2018-07-27,5.32,5.38,5.29,5.36,20894
2018-07-30,5.4,5.4,5.15,5.18,29192
2018-07-31,5.16,5.41,5.16,5.4,37047
2018-08-01,5.38,5.42,5.21,5.24,28263
2018-08-02,5.22,5.27,4.95,5.07,35271
2018-08-03,5.06,5.12,5.0,5.08,15246
2018-08-06,5.06,5.12,4.98,5.0,15431
2018-08-07,5.06,5.29,5.01,5.25,25667
2018-08-08,5.22,5.74,5.2,5.33,55384
2018-08-09,5.25,5.41,5.23,5.4,40013
2018-08-10,5.43,5.66,5.28,5.52,68792
2018-08-13,5.45,5.51,5.37,5.48,29289
2018-08-14,5.47,5.48,5.34,5.4,30511
2018-08-15,5.4,5.47,5.32,5.34,23243
2018-08-16,5.28,5.34,5.17,5.28,13002
2018-08-17,5.3,5.37,5.13,5.18,15871
2018-08-20,5.13,5.22,5.07,5.15,21022
2018-08-21,5.15,5.22,5.12,5.14,19673
2018-08-22,5.15,5.15,5.0,5.03,17223
2018-08-23,5.01,5.09,5.01,5.06,17696
2018-08-24,5.02,5.07,4.98,4.98,18603
2018-08-27,5.01,5.05,4.98,5.02,38101
2018-08-28,5.02,5.07,5.01,5.06,19655
2018-08-29,5.07,5.08,4.99,5.0,12986
2018-08-30,5.01,5.01,4.87,4.88,18490
2018-08-31,4.89,4.91,4.82,4.86,10825
2018-09-03,4.86,4.86,4.68,4.71,28424
2018-09-04,4.72,4.78,4.7,4.76,14245
2018-09-05,4.76,4.79,4.72,4.74,13202
2018-09-06,4.68,4.76,4.68,4.68,11902
2018-09-07,4.69,4.74,4.66,4.68,12824
2018-09-10,4.71,4.71,4.63,4.65,9714
2018-09-11,4.62,4.7,4.62,4.68,10556
2018-09-12,4.67,4.72,4.65,4.68,9602
2018-09-13,4.65,4.77,4.65,4.75,16824
2018-09-14,4.76,4.76,4.68,4.69,12849
2018-09-17,4.69,4.7,4.54,4.54,12610
2018-09-18,4.55,4.61,4.53,4.59,10682
2018-09-19,4.56,4.83,4.53,4.79,37456
2018-09-20,4.77,4.78,4.68,4.7,15084
2018-09-21,4.7,4.78,4.7,4.78,14143
2018-09-25,4.8,4.82,4.77,4.79,14161
2018-09-26,4.78,4.81,4.76,4.79,9775
2018-09-27,4.79,4.79,4.68,4.69,10559
2018-09-28,4.67,4.74,4.67,4.74,6384
2018-10-08,4.7,4.7,4.53,4.55,10966
2018-10-09,4.55,4.63,4.54,4.63,10616
2018-10-10,4.63,4.79,4.61,4.67,7551
2018-10-11,4.6,4.6,4.2,4.24,19813
2018-10-12,4.24,4.28,3.99,4.2,17148
2018-10-15,4.24,4.24,4.1,4.12,11586
2018-10-16,4.23,4.23,4.01,4.03,11537
2018-10-17,4.08,4.14,4.01,4.13,9791
2018-10-18,4.14,4.14,3.99,4.0,8622
2018-10-19,3.95,4.08,3.88,4.05,13350
2018-10-22,4.1,4.38,4.08,4.26,22600
2018-10-23,4.25,4.34,4.19,4.23,16154
2018-10-24,4.2,4.26,4.17,4.2,10250
2018-10-25,4.12,4.17,4.05,4.16,11838
2018-10-26,4.21,4.26,4.18,4.2,16011
2018-10-29,4.18,4.24,4.14,4.17,11821
2018-10-30,4.18,4.26,4.14,4.26,16460
2018-10-31,4.29,4.37,4.25,4.36,21438
2018-11-01,4.6,4.6,4.33,4.35,17809
2018-11-02,4.41,4.45,4.36,4.43,21114
2018-11-05,4.43,4.48,4.39,4.46,20593
2018-11-06,4.75,4.75,4.43,4.5,29928
2018-11-07,4.46,4.52,4.41,4.42,23058
2018-11-08,4.46,4.5,4.41,4.43,17063
2018-11-09,4.39,4.47,4.39,4.44,10552
2018-11-12,4.42,4.64,4.41,4.57,27132
2018-11-13,4.49,4.69,4.49,4.66,34992
2018-11-14,4.63,4.75,4.63,4.67,43947
2018-11-15,4.74,4.82,4.68,4.73,23991
2018-11-16,4.77,5.2,4.66,5.2,135713
2018-11-19,5.3,5.71,5.09,5.56,202185
2018-11-20,5.4,5.4,5.15,5.17,151749
2018-11-21,5.0,5.13,4.93,5.11,51426
2018-11-22,5.08,5.31,5.06,5.28,60703
2018-11-23,5.27,5.57,5.08,5.31,122951
2018-11-26,5.29,5.84,5.15,5.84,193441
2018-11-27,6.0,6.42,6.0,6.42,312685
2018-11-28,6.44,7.06,6.22,7.06,264489
2018-11-29,7.36,7.77,7.15,7.77,524379
2018-11-30,7.81,8.0,6.99,6.99,624047
2018-12-03,6.5,7.16,6.29,6.79,701379
2018-12-04,6.4,6.47,6.13,6.15,453557
2018-12-05,5.92,6.05,5.86,6.01,272346
2018-12-06,5.96,6.0,5.84,5.94,199746
2018-12-07,5.94,5.97,5.77,5.82,154189
2018-12-10,5.81,5.81,5.57,5.66,188255
2018-12-11,5.66,5.68,5.57,5.64,137055
2018-12-12,5.67,5.77,5.62,5.71,173200
2018-12-13,5.7,5.73,5.55,5.71,151825
2018-12-14,5.69,5.78,5.39,5.4,163996
2018-12-17,5.38,5.52,5.31,5.49,117992
2018-12-18,5.43,5.55,5.41,5.5,91840
2018-12-19,5.52,5.56,5.38,5.52,106036
2018-12-20,5.47,5.75,5.45,5.73,215957
2018-12-21,5.68,5.79,5.51,5.69,157312
2018-12-24,5.65,5.73,5.59,5.72,110049
2018-12-25,5.65,5.67,5.38,5.56,114659
2018-12-26,5.57,5.67,5.44,5.63,125096
2018-12-27,5.67,5.7,5.28,5.29,131596
2018-12-28,5.35,5.52,5.29,5.41,139534
2019-01-02,5.46,5.78,5.46,5.62,139259
2019-01-03,5.71,5.74,5.32,5.42,123886
2019-01-04,5.2,5.81,5.16,5.67,185868
2019-01-07,5.71,5.82,5.55,5.74,165954
2019-01-08,5.68,6.25,5.63,6.16,366930
2019-01-09,5.98,6.21,5.96,5.99,246386
2019-01-10,5.94,6.0,5.71,5.85,188335
2019-01-11,5.79,6.05,5.74,5.96,173683
2019-01-14,5.96,6.03,5.83,5.92,105131
2019-01-15,5.88,5.91,5.7,5.82,105412
2019-01-16,5.85,5.85,5.7,5.7,75933
2019-01-17,5.7,5.7,5.46,5.56,125974
2019-01-18,5.55,5.68,5.47,5.55,66137
2019-01-21,5.54,5.68,5.52,5.6,67843
2019-01-22,5.57,5.62,5.45,5.47,60337
2019-01-23,5.47,5.96,5.45,5.88,229276
2019-01-24,5.9,5.9,5.69,5.74,137337
2019-01-25,5.7,5.82,5.56,5.56,109270
2019-01-28,5.58,5.62,5.3,5.31,102895
2019-01-29,5.31,5.32,5.16,5.23,54180
2019-01-30,5.2,5.28,5.01,5.01,56535
2019-01-31,5.0,5.07,4.76,4.82,74527
2019-02-01,4.85,4.99,4.85,4.98,42122
2019-02-11,4.99,5.15,4.99,5.13,42530
2019-02-12,5.13,5.24,5.1,5.21,63951
2019-02-13,5.22,5.39,5.18,5.33,80264
2019-02-14,5.34,5.41,5.26,5.36,52769
2019-02-15,5.33,5.42,5.3,5.31,57029
2019-02-18,5.32,5.51,5.32,5.48,80993
2019-02-19,5.5,5.74,5.44,5.65,131476
2019-02-20,5.57,5.67,5.51,5.58,91408
2019-02-21,5.56,5.72,5.51,5.56,109726
2019-02-22,5.65,5.88,5.65,5.74,151668
2019-02-25,5.82,6.13,5.71,6.08,211283
2019-02-26,6.02,6.46,5.9,6.17,249123
2019-02-27,6.1,6.26,6.01,6.18,146160
2019-02-28,6.18,6.36,6.1,6.18,100390
2019-03-01,6.2,6.27,5.99,6.08,132155
2019-03-04,6.12,6.31,6.1,6.2,164963
2019-03-05,6.2,6.35,6.16,6.32,147116
2019-03-06,6.38,6.55,6.24,6.48,200494
2019-03-07,6.44,6.6,6.32,6.51,174658
2019-03-08,6.37,6.37,5.88,5.89,192205
2019-03-11,5.86,6.48,5.86,6.48,165528
2019-03-12,6.86,6.86,6.37,6.44,258126
2019-03-13,6.56,6.68,6.3,6.32,190273
2019-03-14,6.54,6.75,6.32,6.54,201401
2019-03-15,6.51,7.08,6.41,6.83,285405
2019-03-18,7.05,7.09,6.66,6.76,253926
2019-03-19,6.72,6.76,6.52,6.69,160403
2019-03-20,6.67,6.72,6.37,6.54,158417
2019-03-21,6.53,6.62,6.47,6.56,125367
2019-03-22,6.56,6.56,6.29,6.43,133459
2019-03-25,6.29,6.98,6.23,6.78,268679
2019-03-26,6.68,6.77,6.33,6.43,149330
2019-03-27,6.5,7.07,6.46,6.9,395515
2019-03-28,6.75,7.47,6.71,7.17,425787
2019-03-29,7.13,7.75,6.9,7.37,323403
2019-04-01,7.31,7.95,7.25,7.7,296900
2019-04-02,7.57,8.04,7.46,7.48,284360
2019-04-03,7.4,7.56,7.27,7.39,187687
2019-04-04,7.39,7.74,7.17,7.59,236622
2019-04-08,7.65,7.86,7.43,7.78,249759
2019-04-09,7.61,7.61,7.33,7.46,164663
2019-04-10,7.36,7.44,7.23,7.31,105817
2019-04-11,7.31,7.35,7.1,7.11,94523
2019-04-12,7.11,7.28,7.11,7.19,76911
2019-04-15,7.28,7.36,7.11,7.12,80064
2019-04-16,7.12,7.48,6.85,7.37,119981
2019-04-17,7.29,7.9,7.26,7.72,264111
2019-04-18,7.84,8.49,7.72,7.93,305519
2019-04-19,7.7,7.98,7.61,7.96,224943
2019-04-22,7.98,8.4,7.96,8.01,243695
2019-04-23,7.81,7.91,7.44,7.46,185733
2019-04-24,7.6,8.21,7.55,8.21,300886
2019-04-25,8.6,8.84,7.72,7.78,494517
2019-04-26,7.64,8.28,7.6,7.64,345967
2019-04-29,7.78,8.13,6.88,6.9,338656
2019-04-30,6.75,7.28,6.6,7.25,219706
2019-05-06,6.95,7.59,6.95,7.28,266156
2019-05-07,7.28,7.85,6.9,7.18,283785
2019-05-08,7.08,7.34,6.7,6.86,198914
2019-05-09,6.72,6.95,6.46,6.51,172668
2019-05-10,6.62,7.16,6.58,7.16,305318
2019-05-13,7.14,7.24,6.96,7.04,232139
2019-05-14,7.04,7.18,6.84,6.86,169239
2019-05-15,6.97,7.19,6.93,7.12,196678
2019-05-16,7.14,7.24,6.92,7.0,175571
2019-05-17,7.05,7.05,6.32,6.47,201750
2019-05-20,6.48,6.53,6.02,6.23,117051
2019-05-21,6.18,6.31,6.06,6.21,82325
2019-05-22,6.2,6.38,6.11,6.34,117795
2019-05-23,6.39,6.97,6.21,6.44,200616
2019-05-24,6.23,6.64,6.23,6.44,127193
2019-05-27,6.35,6.56,6.31,6.53,153231
2019-05-28,6.54,6.58,6.36,6.39,101585
2019-05-29,6.39,6.42,6.26,6.29,86403
2019-05-30,6.25,6.27,6.07,6.17,77281
2019-05-31,6.19,6.23,6.08,6.08,46731
2019-06-03,6.11,6.13,5.8,5.85,68857
2019-06-04,5.83,5.9,5.65,5.73,57658
2019-06-05,5.85,5.89,5.7,5.72,38106
2019-06-06,5.71,5.77,5.5,5.53,48412
2019-06-10,5.57,5.67,5.5,5.6,45564
2019-06-11,5.6,5.88,5.6,5.85,74608
2019-06-12,5.83,5.88,5.73,5.76,54856
2019-06-13,5.76,6.05,5.71,6.01,88805
2019-06-14,6.0,6.0,5.72,5.74,65838
2019-06-17,5.72,5.82,5.7,5.75,32692
2019-06-18,5.76,5.78,5.7,5.71,20104
2019-06-19,5.81,5.95,5.8,5.81,43650
2019-06-20,5.78,6.0,5.76,5.98,70416
2019-06-21,5.94,6.16,5.94,6.08,77828
2019-06-24,6.08,6.11,5.99,6.04,43955
2019-06-25,6.06,6.06,5.84,5.96,51977
2019-06-26,5.93,5.99,5.85,5.89,34852
2019-06-27,5.92,5.97,5.9,5.9,42008
2019-06-28,5.91,5.94,5.71,5.75,42571
2019-07-01,5.88,5.99,5.86,5.94,61540
2019-07-02,5.98,6.37,5.95,6.17,134542
2019-07-03,6.06,6.17,6.04,6.1,63391
2019-07-04,6.09,6.15,5.97,6.02,53527
2019-07-05,6.03,6.03,5.94,5.97,33265
2019-07-08,5.95,5.95,5.56,5.7,58693
2019-07-09,5.71,5.76,5.58,5.74,33289
2019-07-10,5.74,5.85,5.67,5.8,27293
2019-07-11,5.8,5.84,5.7,5.73,23838
2019-07-12,5.71,5.8,5.67,5.72,21837
2019-07-15,5.71,5.84,5.62,5.83,34447
2019-07-16,5.83,5.86,5.75,5.8,24721
2019-07-17,5.8,5.89,5.77,5.81,29011
2019-07-18,5.8,5.82,5.69,5.7,24529
2019-07-19,5.75,5.83,5.71,5.72,25049
2019-07-22,5.72,5.73,5.51,5.53,38676
2019-07-23,5.49,5.57,5.48,5.57,15461
2019-07-24,5.57,5.66,5.56,5.6,19977
2019-07-25,5.62,5.69,5.54,5.68,24324
2019-07-26,5.65,5.71,5.61,5.62,19545
2019-07-29,5.59,5.63,5.53,5.55,16878
2019-07-30,5.55,5.64,5.54,5.59,17468
2019-07-31,5.57,5.59,5.51,5.54,16269
2019-08-01,5.52,5.55,5.43,5.44,23251
2019-08-02,5.35,5.35,5.15,5.25,36626
2019-08-05,5.15,5.22,5.1,5.12,38187
2019-08-06,5.08,5.08,4.7,4.79,69633
2019-08-07,4.79,4.86,4.75,4.79,43241
2019-08-08,4.84,4.91,4.79,4.89,36041
2019-08-09,4.93,4.96,4.77,4.81,33852
2019-08-12,4.83,4.85,4.76,4.84,18705
2019-08-13,4.84,4.89,4.78,4.79,24685
2019-08-14,4.84,4.9,4.8,4.81,25568
2019-08-15,4.74,4.94,4.61,4.88,41251
2019-08-16,4.82,4.88,4.74,4.81,37991
2019-08-19,4.82,4.95,4.8,4.94,48307
2019-08-20,4.96,5.08,4.93,5.01,60044
2019-08-21,5.07,5.07,4.95,5.0,29232
2019-08-22,5.07,5.12,5.01,5.08,35049
2019-08-23,5.06,5.18,5.06,5.09,29290
2019-08-26,4.97,5.1,4.9,5.09,31481
2019-08-27,5.13,5.2,5.07,5.16,31391
2019-08-28,5.29,5.29,5.13,5.19,37947
2019-08-29,5.18,5.71,5.18,5.71,33530
2019-08-30,5.94,5.94,5.5,5.52,189016
2019-09-02,5.42,5.63,5.42,5.6,101477
2019-09-03,5.56,5.63,5.43,5.57,81564
2019-09-04,5.54,5.57,5.46,5.53,50239
2019-09-05,5.59,5.69,5.52,5.61,95298
2019-09-06,5.61,5.82,5.61,5.71,84460
2019-09-09,5.76,5.82,5.67,5.74,70444
2019-09-10,5.75,5.77,5.67,5.74,51549
2019-09-11,5.76,6.05,5.72,5.93,125605
2019-09-12,5.95,5.95,5.71,5.8,82071
2019-09-16,5.82,5.92,5.82,5.85,52388
2019-09-17,5.8,5.83,5.55,5.64,59207
2019-09-18,5.67,5.87,5.6,5.73,55062
2019-09-19,5.71,5.83,5.58,5.81,53432
2019-09-20,5.81,5.85,5.67,5.71,35011
2019-09-23,5.68,5.85,5.68,5.8,52426
2019-09-24,5.67,5.85,5.65,5.68,63338
2019-09-25,5.69,5.91,5.55,5.88,123544
2019-09-26,5.87,6.47,5.87,6.15,289777
2019-09-27,6.07,6.68,6.07,6.56,223505
2019-09-30,6.27,6.33,5.9,6.04,143277
2019-10-08,5.97,6.1,5.76,5.88,113042
2019-10-09,5.83,5.83,5.57,5.66,101142
2019-10-10,5.67,5.74,5.61,5.7,58467
2019-10-11,5.71,5.76,5.61,5.62,40848
2019-10-14,5.66,5.84,5.66,5.77,55757
2019-10-15,5.77,5.92,5.72,5.9,51640
2019-10-16,5.93,5.94,5.66,5.68,55674
2019-10-17,5.68,5.74,5.58,5.66,23651
2019-10-18,5.64,5.7,5.46,5.5,39428
2019-10-21,5.54,5.54,5.35,5.48,27105
2019-10-22,5.42,5.55,5.42,5.53,17343
2019-10-23,5.52,5.59,5.43,5.45,22648
2019-10-24,5.44,5.55,5.44,5.47,16985
2019-10-25,5.44,5.54,5.44,5.52,15027
2019-10-28,5.55,5.69,5.5,5.68,27401
2019-10-29,5.69,5.71,5.59,5.6,18143
2019-10-30,5.59,5.71,5.57,5.62,21409
2019-10-31,5.6,5.67,5.49,5.5,18662
2019-11-01,5.11,5.38,5.11,5.32,58140
2019-11-04,5.34,5.47,5.2,5.21,38178
2019-11-05,5.24,5.33,5.16,5.27,28532
2019-11-06,5.25,5.37,5.18,5.19,30720
2019-11-07,5.17,5.3,5.11,5.27,23014
2019-11-08,5.27,5.33,5.22,5.22,15049
2019-11-11,5.23,5.25,5.1,5.1,22753
2019-11-12,5.17,5.17,4.95,5.1,28129
2019-11-13,5.17,5.22,5.03,5.19,32912
2019-11-14,5.21,5.3,5.17,5.29,21085
2019-11-15,5.29,5.3,5.24,5.24,25372
2019-11-18,5.24,5.31,5.22,5.29,16003
2019-11-19,5.29,5.34,5.25,5.34,21700
2019-11-20,5.32,5.37,5.28,5.33,18749
2019-11-21,5.27,5.33,5.22,5.28,12861
2019-11-22,5.27,5.44,5.25,5.31,27246
2019-11-25,5.58,5.8,5.39,5.43,74666
2019-11-26,5.19,5.33,5.19,5.27,47458
2019-11-27,5.21,5.24,5.15,5.19,27202
2019-11-28,5.17,5.2,5.06,5.06,27647
2019-11-29,5.09,5.19,5.06,5.16,26105
2019-12-02,5.15,5.24,5.12,5.18,19170
2019-12-03,5.15,5.25,5.09,5.25,22231
2019-12-04,5.23,5.24,5.17,5.2,16961
2019-12-05,5.2,5.54,5.19,5.39,54028
2019-12-06,5.28,5.38,5.28,5.33,36998
2019-12-09,5.33,5.35,5.26,5.28,30636
2019-12-10,5.28,5.33,5.24,5.31,21359
2019-12-11,5.31,5.34,5.25,5.29,21863
2019-12-12,5.27,5.33,5.24,5.24,23090
2019-12-13,5.25,5.32,5.25,5.32,22182
2019-12-16,5.35,5.38,5.3,5.37,32902
2019-12-17,5.37,5.52,5.35,5.47,48333
2019-12-18,5.47,5.74,5.45,5.66,76863
2019-12-19,5.64,5.74,5.6,5.7,48173
2019-12-20,5.72,5.85,5.6,5.61,54747
2019-12-23,5.61,5.63,5.46,5.51,32316
2019-12-24,5.57,5.75,5.57,5.68,49560
2019-12-25,5.59,6.15,5.58,5.92,124548
2019-12-26,5.92,6.35,5.88,6.25,191531
2019-12-27,6.13,6.37,6.04,6.09,151940
2019-12-30,6.04,6.2,5.93,6.12,72465
2019-12-31,6.12,6.26,6.06,6.14,64014
2020-01-02,6.2,6.35,6.17,6.22,75821
2020-01-03,6.15,6.28,6.13,6.2,61079
2020-01-06,6.15,6.28,6.11,6.17,57429
2020-01-07,6.18,6.42,6.18,6.28,71747
2020-01-08,6.26,6.28,6.12,6.26,79250
2020-01-09,6.25,6.41,6.22,6.28,80689
2020-01-10,6.3,6.33,6.13,6.17,61235
2020-01-13,6.17,6.79,6.17,6.79,207727
2020-01-14,6.79,7.02,6.65,6.86,191748
2020-01-15,6.81,6.83,6.61,6.65,91503
2020-01-16,6.67,7.19,6.64,6.96,191265
2020-01-17,7.13,7.19,6.85,7.04,127365
2020-01-20,7.16,7.69,6.91,7.52,158165
2020-01-21,7.44,7.49,7.18,7.23,100224
2020-01-22,7.18,7.52,6.95,7.3,133339
2020-01-23,7.17,7.49,6.89,6.96,113031
2020-02-03,6.26,6.26,6.26,6.26,7549
2020-02-04,5.66,6.18,5.66,6.03,142063
2020-02-05,6.12,6.36,6.03,6.29,122476
2020-02-06,6.35,6.54,6.2,6.36,110471
2020-02-07,6.39,6.47,6.23,6.46,83998
2020-02-10,6.9,7.08,6.68,6.84,164231
2020-02-11,6.74,6.79,6.5,6.5,94946
2020-02-12,6.52,6.6,6.49,6.58,69995
2020-02-13,6.6,6.6,6.29,6.3,88950
2020-02-14,6.31,6.44,6.23,6.27,71132
2020-02-17,6.31,6.45,6.28,6.45,83031
2020-02-18,6.7,7.1,6.47,7.1,216270
2020-02-19,7.0,7.78,6.95,7.47,311225
2020-02-20,7.47,7.97,7.3,7.79,247053
2020-02-21,7.64,7.95,7.5,7.66,187732
2020-02-24,7.64,7.77,7.58,7.71,134373
2020-02-25,8.34,8.34,7.47,7.82,203800
2020-02-26,7.6,7.65,7.22,7.22,141406
2020-02-27,7.35,7.44,7.08,7.23,71997
2020-02-28,7.0,7.06,6.74,6.75,101915
2020-03-02,6.85,7.07,6.85,7.0,63927
2020-03-03,7.14,7.43,7.07,7.13,82645
2020-03-04,7.12,7.35,7.0,7.29,60128
2020-03-05,7.27,7.37,7.18,7.25,61194
2020-03-06,7.25,7.25,7.06,7.09,50087
2020-03-09,7.0,7.08,6.67,6.69,63999
2020-03-10,6.54,6.85,6.42,6.82,61701
2020-03-11,6.85,6.85,6.55,6.57,79561
2020-03-12,6.46,6.5,6.26,6.31,57732
2020-03-13,6.08,6.25,5.87,6.1,59714
2020-03-16,6.21,6.54,6.05,6.17,88970
2020-03-17,6.16,6.27,5.84,6.15,72712
2020-03-18,6.2,6.38,6.1,6.14,54171
2020-03-19,6.17,6.7,6.06,6.45,93503
2020-03-20,6.51,6.67,6.3,6.39,65686
2020-03-23,6.2,6.3,6.0,6.07,54612
2020-03-24,6.18,6.22,6.0,6.2,35115
2020-03-25,6.29,6.37,6.19,6.3,41100
2020-03-26,6.27,6.54,6.21,6.3,44434
2020-03-27,6.39,6.46,6.27,6.29,27310
2020-03-30,6.18,6.25,6.06,6.1,30571
2020-03-31,6.2,6.25,6.06,6.18,24481
2020-04-01,6.12,6.3,6.11,6.12,22595
2020-04-02,6.1,6.27,6.05,6.27,26052
2020-04-03,6.24,6.36,6.13,6.17,27871
2020-04-07,6.27,6.36,6.2,6.3,38271
2020-04-08,6.3,6.42,6.28,6.4,39008
2020-04-09,6.38,6.44,6.36,6.4,31089
2020-04-10,6.39,6.42,6.17,6.22,36381
2020-04-13,6.21,6.29,6.12,6.29,17090
2020-04-14,6.29,6.38,6.25,6.33,18650
2020-04-15,6.34,6.39,6.3,6.33,28128
2020-04-16,6.32,6.39,6.24,6.37,23506
2020-04-17,6.39,6.4,6.25,6.25,28366
2020-04-20,6.26,6.39,6.22,6.36,28280
2020-04-21,6.32,6.36,6.25,6.29,19868
2020-04-22,6.27,6.47,6.22,6.43,46485
2020-04-23,6.46,6.51,6.31,6.48,47304
2020-04-24,6.45,6.76,6.42,6.58,91844
2020-04-27,6.59,6.97,6.51,6.87,99727
2020-04-28,6.76,6.91,6.18,6.5,76137
2020-04-29,6.33,6.57,6.26,6.28,51055
2020-04-30,6.2,6.56,6.19,6.49,35513
2020-05-06,6.58,6.85,6.51,6.71,54897
2020-05-07,6.78,6.78,6.63,6.67,46439
2020-05-08,6.68,6.75,6.61,6.68,40288
2020-05-11,6.71,7.35,6.71,7.14,126494
2020-05-12,7.13,7.27,7.05,7.16,71209
2020-05-13,7.16,7.56,7.1,7.33,107959
2020-05-14,7.28,7.64,7.24,7.45,115861
2020-05-15,7.54,8.02,7.49,7.91,188334
2020-05-18,7.92,8.12,7.72,7.98,151480
2020-05-19,8.12,8.17,7.78,7.98,138911
2020-05-20,7.91,8.78,7.91,8.35,241590
2020-05-21,8.35,8.55,8.06,8.33,118862
2020-05-22,8.21,8.48,8.03,8.18,112906
2020-05-25,8.14,8.4,7.95,8.1,128816
2020-05-26,8.17,8.28,8.07,8.27,87420
2020-05-27,8.32,8.32,8.06,8.14,88028
2020-05-28,8.05,8.3,7.96,8.25,93559
2020-05-29,8.22,8.71,8.13,8.36,115665
2020-06-01,8.39,8.66,8.31,8.59,94710
2020-06-02,8.54,9.05,8.42,8.66,171395
2020-06-03,8.65,8.83,8.48,8.53,101496
2020-06-04,8.51,8.65,8.25,8.3,75572
2020-06-05,8.5,8.5,8.15,8.23,61915
2020-06-08,8.25,8.36,8.06,8.07,54639
2020-06-09,8.05,8.24,8.04,8.06,48956
2020-06-10,8.03,8.08,7.76,7.96,58163
2020-06-11,7.91,8.17,7.8,7.95,65504
2020-06-12,7.76,7.92,7.67,7.74,70274
2020-06-15,7.72,7.94,7.54,7.71,47900
2020-06-16,7.74,7.9,7.74,7.87,41920
2020-06-17,7.87,8.54,7.83,8.35,133191
2020-06-18,8.39,8.48,8.17,8.24,91252
2020-06-19,8.22,8.28,8.08,8.14,46139
2020-06-22,8.2,8.24,8.07,8.09,52606
2020-06-23,8.17,8.17,8.0,8.14,46389
2020-06-24,8.14,8.21,7.95,7.96,41901
2020-06-29,7.95,8.1,7.72,7.77,65166
2020-06-30,7.85,7.88,7.7,7.78,42655
2020-07-01,7.78,7.95,7.7,7.79,51826
2020-07-02,7.79,7.85,7.66,7.84,71735
2020-07-03,7.86,7.93,7.73,7.8,58080
2020-07-06,7.8,8.39,7.79,8.19,129387
2020-07-07,8.25,9.01,7.97,9.01,254950
2020-07-08,8.91,8.95,8.53,8.85,182055
2020-07-09,8.76,9.18,8.7,9.15,162175
2020-07-10,9.09,9.23,8.69,8.74,172910
2020-07-13,8.79,9.17,8.64,9.04,171694
2020-07-14,9.06,9.61,8.95,9.27,191872
2020-07-15,9.29,9.31,8.69,8.79,131496
2020-07-16,8.79,8.99,8.48,8.5,97640
2020-07-17,8.52,8.75,8.3,8.59,73341
2020-07-20,8.69,8.77,8.54,8.68,76672
2020-07-21,8.67,9.21,8.67,9.21,151294
2020-07-22,9.2,9.29,8.98,9.24,121316
2020-07-23,9.2,9.8,9.11,9.69,161106
2020-07-24,9.7,10.15,9.36,9.5,189782
2020-07-27,9.86,9.86,9.21,9.64,101440
2020-07-28,9.58,10.0,9.46,9.92,101261
2020-07-29,9.87,10.24,9.82,10.15,128763
2020-07-30,10.5,10.85,9.4,9.42,273501
2020-07-31,9.31,9.6,9.11,9.3,184570
2020-08-03,9.49,9.49,9.17,9.39,131158
2020-08-04,9.39,9.54,9.12,9.19,99286
2020-08-05,9.3,9.67,9.09,9.54,112944
2020-08-06,9.56,9.6,9.2,9.4,96964
2020-08-07,9.24,9.4,8.72,9.01,146778
2020-08-10,9.07,9.2,8.75,8.9,104284
2020-08-11,8.85,8.96,8.66,8.69,68907
2020-08-12,8.65,8.7,8.47,8.62,63155
2020-08-13,8.72,9.25,8.58,9.15,125037
2020-08-14,9.0,9.2,8.83,9.08,111511
2020-08-17,9.13,9.79,9.08,9.65,166462
2020-08-18,9.61,9.76,9.36,9.46,92823
2020-08-19,9.52,9.53,9.0,9.02,89754
2020-08-20,9.0,9.02,8.8,8.81,56320
2020-08-21,8.89,8.98,8.82,8.9,38088
2020-08-24,8.9,9.25,8.84,9.16,65289
2020-08-25,9.18,9.3,8.88,8.94,70097
2020-08-26,8.86,8.94,8.47,8.62,80050
2020-08-27,8.54,8.7,8.46,8.57,61567
2020-08-28,8.57,8.66,8.48,8.63,44843
2020-08-31,8.64,8.79,8.59,8.62,47849
2020-09-01,8.62,8.62,8.39,8.44,63714
2020-09-02,8.45,8.6,7.9,8.14,152170
2020-09-03,8.05,8.18,7.77,7.83,101828
2020-09-04,7.7,7.92,7.6,7.9,51759
2020-09-07,7.93,8.13,7.72,7.81,59561
2020-09-08,7.81,7.81,7.4,7.67,83849
2020-09-09,7.59,7.66,7.33,7.33,56755
2020-09-10,7.45,7.45,6.99,7.08,67058
2020-09-11,7.13,7.52,6.9,7.4,74723
2020-09-14,7.4,7.6,7.4,7.51,55362
2020-09-15,7.49,7.56,7.3,7.39,39560
2020-09-16,7.34,7.43,7.28,7.38,34352
2020-09-17,7.38,7.46,7.28,7.38,31694
2020-09-18,7.39,7.9,7.34,7.78,93391
2020-09-21,7.7,7.86,7.63,7.68,41368
2020-09-22,7.68,7.76,7.5,7.59,41374
2020-09-23,7.63,7.66,7.49,7.57,38009
2020-09-24,7.55,7.56,7.25,7.27,51190
2020-09-25,7.38,7.38,7.08,7.11,35530
2020-09-28,7.15,7.31,7.0,7.17,37574
2020-09-29,7.2,7.28,7.09,7.11,32184
2020-09-30,7.2,7.2,7.03,7.11,22028
2020-10-09,7.14,7.41,7.14,7.37,40608
2020-10-12,7.37,7.62,7.36,7.59,47673
2020-10-13,7.58,7.65,7.54,7.58,34917
2020-10-14,7.58,7.62,7.39,7.41,39869
2020-10-15,7.41,7.47,7.25,7.26,35276
2020-10-16,7.27,7.35,7.15,7.23,35130
2020-10-19,7.32,7.32,7.09,7.1,38234
2020-10-20,7.1,7.13,6.98,7.09,39326
2020-10-21,7.09,7.11,6.92,6.95,36270
2020-10-22,6.99,6.99,6.81,6.91,27616
2020-10-23,6.93,6.97,6.76,6.79,30759
2020-10-26,6.83,6.85,6.6,6.72,32476
2020-10-27,6.72,7.14,6.72,7.06,83424
2020-10-28,6.99,7.05,6.75,6.88,54158
2020-10-29,6.8,6.84,6.68,6.73,30050
2020-10-30,6.73,6.78,6.4,6.41,53576
2020-11-02,6.4,6.63,6.36,6.54,43833
2020-11-03,6.64,6.82,6.41,6.77,41126
2020-11-04,6.77,6.82,6.6,6.67,26747
2020-11-05,6.71,6.78,6.63,6.72,25881
2020-11-06,6.72,6.76,6.54,6.63,30091
2020-11-09,6.67,6.91,6.62,6.86,42020
2020-11-10,6.84,6.88,6.7,6.75,24900
2020-11-11,6.76,6.76,6.59,6.6,25032
2020-11-12,6.72,6.89,6.58,6.59,61990
2020-11-13,6.57,6.66,6.47,6.66,26974
2020-11-16,6.75,7.33,6.61,7.24,162583
2020-11-17,7.13,7.4,6.92,7.27,144518
2020-11-18,7.21,7.34,7.13,7.21,84042
2020-11-19,7.3,7.4,7.18,7.33,76165
2020-11-20,7.26,7.33,7.08,7.19,57425
2020-11-23,7.3,7.6,7.28,7.43,95983
2020-11-24,7.48,7.64,7.39,7.47,69269
2020-11-25,7.53,7.87,7.53,7.64,94771
2020-11-26,7.64,7.95,7.54,7.87,103507
2020-11-27,7.87,7.98,7.6,7.7,80589
2020-11-30,7.61,7.87,7.49,7.66,83422
2020-12-01,7.61,7.79,7.45,7.76,82295
2020-12-02,7.69,7.87,7.68,7.74,51512
2020-12-03,7.87,8.29,7.75,8.06,148945
2020-12-04,8.01,8.54,7.92,8.3,139623
2020-12-07,8.27,8.4,8.2,8.35,94773
2020-12-08,8.4,8.4,7.52,7.71,193968
2020-12-09,7.8,8.48,7.79,8.13,272134
2020-12-10,8.67,8.94,8.58,8.94,357602
2020-12-11,9.21,9.59,8.53,9.09,568923
2020-12-14,8.7,8.71,8.18,8.19,348679
2020-12-15,8.08,8.88,7.99,8.57,269193
2020-12-16,8.4,8.51,7.71,8.1,211464
2020-12-17,8.1,8.35,7.66,8.07,212334
2020-12-18,7.96,8.29,7.89,8.08,152491
2020-12-21,8.22,8.46,8.0,8.34,191735
2020-12-22,8.14,8.69,8.11,8.23,209584
2020-12-23,8.05,8.88,8.01,8.75,264616
2020-12-24,8.67,9.18,8.51,9.1,276983
2020-12-25,8.8,9.15,8.71,8.94,235559
2020-12-28,8.85,9.04,8.54,8.8,175755
2020-12-29,8.64,8.74,8.11,8.19,148194
2020-12-30,8.03,8.12,7.82,7.84,137501
2020-12-31,7.84,7.94,7.74,7.87,95422
2021-01-04,7.8,7.84,7.6,7.75,101084
2021-01-05,7.67,7.84,7.37,7.49,127384
2021-01-06,7.63,8.1,7.6,7.9,154217
2021-01-07,7.79,8.1,7.48,7.98,172509
2021-01-08,7.75,7.87,7.5,7.58,84805
2021-01-11,7.46,7.48,6.82,6.85,144659
2021-01-12,6.8,6.86,6.68,6.79,63854
2021-01-13,6.8,6.85,6.5,6.56,85215
2021-01-14,6.48,6.77,6.43,6.61,58131
2021-01-15,6.53,6.99,6.53,6.86,70996
2021-01-18,6.77,6.95,6.75,6.84,44480
2021-01-19,6.84,6.94,6.75,6.78,47156
2021-01-20,6.72,6.82,6.59,6.67,51688
2021-01-21,6.61,6.87,6.61,6.74,63218
2021-01-22,6.74,6.78,6.54,6.55,61023
2021-01-25,6.62,6.68,6.36,6.46,68962
2021-01-26,6.46,6.63,6.39,6.48,43833
2021-01-27,6.5,6.6,6.29,6.34,54517
2021-01-28,6.32,6.53,6.23,6.36,52904
2021-01-29,6.36,6.44,5.97,6.03,65727
2021-02-01,6.05,6.22,6.04,6.15,29496
2021-02-02,6.15,6.29,6.02,6.11,34853
2021-02-03,6.11,6.12,5.89,5.91,41718
2021-02-04,5.91,6.0,5.65,5.75,45487
2021-02-05,5.8,6.11,5.77,5.85,57874
2021-02-08,5.8,5.83,5.63,5.65,42154
2021-02-09,5.69,5.72,5.61,5.71,30927
2021-02-10,5.72,5.78,5.65,5.73,28378
2021-02-18,5.76,6.03,5.76,6.02,47200
2021-02-19,6.02,6.24,5.97,6.22,41542
2021-02-22,6.23,6.58,6.23,6.39,69660
2021-02-23,6.58,6.6,6.23,6.4,64112
2021-02-24,6.35,6.54,6.3,6.45,67661
2021-02-25,6.44,6.49,6.21,6.22,43913
2021-02-26,6.22,6.64,6.13,6.52,85799
2021-03-01,6.95,7.17,6.7,7.1,195413
2021-03-02,7.28,7.81,7.14,7.81,344452
2021-03-03,7.78,8.5,7.43,8.01,384622
2021-03-04,7.88,8.25,7.78,8.22,287216
2021-03-05,8.0,8.12,7.6,7.66,244889
2021-03-08,7.7,7.96,7.62,7.72,157833
2021-03-09,7.6,7.6,7.02,7.18,167494
2021-03-10,7.21,7.9,7.11,7.9,227581
2021-03-11,8.1,8.69,7.88,8.69,412705
2021-03-12,8.91,9.44,8.38,8.4,569685
2021-03-15,8.35,8.69,7.98,8.18,362686
2021-03-16,8.06,8.88,8.06,8.55,398986
2021-03-17,8.35,8.44,8.05,8.24,270606
2021-03-18,8.21,8.5,8.12,8.22,231936
2021-03-19,8.0,8.47,7.9,8.07,210494
2021-03-22,8.18,8.88,8.17,8.88,191016
2021-03-23,9.02,9.77,8.98,9.77,724134
2021-03-24,9.6,10.75,9.03,9.75,984263
2021-03-25,9.42,9.44,8.78,8.78,233703
2021-03-26,8.31,8.79,8.31,8.63,558499
2021-03-29,8.65,8.96,8.38,8.68,407720
2021-03-30,8.4,8.79,7.81,8.64,487606
2021-03-31,8.38,9.4,8.18,8.95,483324
2021-04-01,8.77,9.2,8.64,8.84,354417
2021-04-02,8.84,9.69,8.53,9.28,509307
2021-04-06,9.26,10.21,9.11,10.21,482994
2021-04-07,10.73,11.19,10.04,10.35,787218
2021-04-08,10.27,10.96,9.95,9.99,557552
2021-04-09,9.5,10.75,9.5,10.42,526529
2021-04-12,9.53,9.99,9.38,9.38,516110
2021-04-13,9.21,9.46,8.76,8.88,380268
2021-04-14,8.77,8.96,8.61,8.91,243598
2021-04-15,8.85,8.9,8.48,8.62,226519
2021-04-16,8.68,8.94,8.67,8.76,193038
2021-04-19,8.85,9.4,8.84,9.1,251378
2021-04-20,9.03,9.23,8.86,8.98,230008
2021-04-21,8.82,8.92,8.51,8.6,183797
2021-04-22,8.6,8.97,8.4,8.47,198105
2021-04-23,8.5,8.52,8.2,8.38,164413
2021-04-26,8.41,8.56,8.31,8.44,139018
2021-04-27,8.31,8.39,7.91,8.05,168561
2021-04-28,8.02,8.18,7.93,8.02,82898
2021-04-29,7.94,8.17,7.84,8.11,125127
2021-04-30,8.1,8.1,7.7,7.84,124705
2021-05-06,7.85,8.14,7.81,8.01,111275
2021-05-07,8.0,8.37,7.82,8.26,160188
2021-05-10,8.2,8.57,8.12,8.55,201093
2021-05-11,8.39,8.62,8.3,8.34,171684
2021-05-12,8.27,8.28,7.97,8.23,123386
2021-05-13,8.18,8.31,8.01,8.01,93470
2021-05-14,8.1,8.47,8.06,8.36,143909
2021-05-17,8.31,8.47,8.15,8.31,101718
2021-05-18,8.23,8.52,8.1,8.39,121984
2021-05-19,8.44,8.75,8.39,8.71,227550
2021-05-20,8.66,8.88,8.5,8.64,202998
2021-05-21,8.6,9.05,8.44,8.89,216372
2021-05-24,8.82,9.08,8.68,8.7,180429
2021-05-25,8.71,8.73,8.4,8.51,141990
2021-05-26,8.48,8.76,8.36,8.57,122259
2021-05-27,8.56,8.77,8.43,8.47,137344
2021-05-28,8.54,9.0,8.46,8.58,179109
2021-05-31,8.5,8.9,8.42,8.86,200274
2021-06-01,8.73,9.2,8.61,9.2,220285
2021-06-02,9.39,9.49,8.88,8.9,232323
2021-06-03,8.87,9.1,8.73,8.97,149449
2021-06-04,8.95,8.95,8.7,8.72,111934
2021-06-07,8.68,8.84,8.61,8.76,95695
2021-06-08,8.8,8.81,8.25,8.29,154714
2021-06-09,8.19,8.37,8.17,8.22,66581
2021-06-10,8.19,8.3,8.18,8.21,61717
2021-06-11,8.17,8.39,8.1,8.24,70647
2021-06-15,8.27,8.27,8.07,8.07,64997
2021-06-16,8.07,8.13,7.86,7.87,60021
2021-06-17,7.88,8.16,7.85,8.07,61468
2021-06-18,8.09,8.43,7.95,8.38,109288
2021-06-21,8.18,8.4,8.13,8.32,71134
2021-06-22,8.36,8.4,8.21,8.28,72744
2021-06-23,8.34,8.49,8.28,8.47,107370
2021-06-24,8.48,8.64,8.35,8.46,112839
2021-06-25,8.39,8.42,8.2,8.35,72984
2021-06-28,8.38,8.58,8.34,8.41,90056
2021-06-29,8.7,8.88,8.42,8.45,140421
2021-06-30,8.35,8.38,8.13,8.2,96522
2021-07-01,8.18,8.18,8.0,8.07,64860
2021-07-02,8.06,8.22,7.98,8.12,53502
2021-07-05,8.12,8.17,8.05,8.13,39096
2021-07-06,8.14,8.24,8.07,8.17,43491
2021-07-07,8.12,8.18,8.05,8.14,46318
2021-07-08,8.2,8.51,8.15,8.49,164786
2021-07-09,8.43,8.72,8.35,8.67,163415
2021-07-12,8.76,9.0,8.6,9.0,213173
2021-07-13,9.0,9.14,8.83,8.99,165857
2021-07-14,9.07,9.15,8.82,8.87,137710
2021-07-15,8.75,8.9,8.6,8.85,122427
2021-07-16,8.86,9.08,8.7,8.75,106237
2021-07-19,8.94,9.02,8.75,8.77,133470
2021-07-20,8.69,9.38,8.55,9.33,246680
2021-07-21,9.32,9.32,9.09,9.15,180508
2021-07-22,9.15,9.66,9.15,9.6,269962
2021-07-23,9.86,9.88,9.45,9.47,265867
2021-07-26,9.41,9.73,9.27,9.54,170616
2021-07-27,9.51,9.99,9.42,9.57,219027
2021-07-28,9.45,9.49,8.86,9.07,185700
2021-07-29,9.22,9.42,9.12,9.21,141772
2021-07-30,9.65,10.13,9.62,10.13,224697
2021-08-02,10.99,11.14,10.35,11.14,156620
2021-08-03,11.14,12.25,10.81,12.0,779103
2021-08-04,11.5,12.01,11.21,11.91,535680
2021-08-05,11.96,12.68,11.6,11.75,455936
2021-08-06,11.42,12.2,11.2,11.47,402057
2021-08-09,11.84,12.08,11.53,11.8,407898
2021-08-10,11.79,12.26,11.5,11.89,355484
2021-08-11,12.08,13.08,11.96,13.08,436852
2021-08-12,12.85,13.68,12.71,13.03,394334
2021-08-13,12.98,13.4,12.67,13.2,291867
2021-08-16,13.0,13.3,12.47,12.88,292311
2021-08-17,12.9,12.98,12.0,12.05,309110
2021-08-18,12.05,12.74,11.94,12.41,261289
2021-08-19,12.45,12.65,12.19,12.47,159855
2021-08-20,12.45,12.64,12.0,12.64,155048
2021-08-23,12.85,12.89,12.28,12.56,206466
2021-08-24,12.5,13.18,12.45,12.72,216145
2021-08-25,12.64,13.99,12.56,13.99,333719
2021-08-26,14.05,14.05,12.6,12.9,478746
2021-08-27,12.51,13.29,12.31,13.05,282548
2021-08-30,12.98,13.97,12.78,13.81,259802
2021-08-31,13.64,14.6,13.27,13.52,218141
2021-09-01,13.77,13.85,12.62,12.99,194686
2021-09-02,12.73,13.77,12.73,13.7,201887
2021-09-03,13.87,13.87,13.26,13.63,165384
2021-09-06,13.55,13.85,13.1,13.2,129130
2021-09-07,13.23,13.65,13.23,13.38,95003
2021-09-08,13.3,13.45,13.11,13.18,106689
2021-09-09,13.18,13.51,12.88,13.23,103998
2021-09-10,13.18,13.93,13.07,13.65,135893
2021-09-13,13.83,14.22,12.98,13.54,134405
2021-09-14,13.3,14.89,13.25,14.45,352007
2021-09-15,14.59,14.74,13.51,14.1,310988
2021-09-16,13.96,14.28,13.07,13.1,221149
2021-09-17,13.0,13.28,12.6,13.14,150905
2021-09-22,13.02,13.57,12.9,13.52,112068
2021-09-23,13.71,14.87,13.71,14.87,342254
2021-09-24,14.85,15.66,14.39,15.29,402347
2021-09-27,16.46,16.81,13.76,15.68,428335
2021-09-28,14.88,15.6,14.25,14.86,298946
2021-09-29,14.86,14.95,13.52,13.55,216969
2021-09-30,13.83,13.9,13.4,13.7,119844
2021-10-08,14.42,14.42,13.35,13.71,117877
2021-10-11,13.66,14.04,12.62,13.95,164114
2021-10-12,13.73,13.81,13.2,13.37,101766
2021-10-13,13.37,13.5,12.84,13.22,80402
2021-10-14,13.26,13.89,13.05,13.76,103134
2021-10-15,13.75,14.66,13.47,14.36,145083
2021-10-18,14.41,14.62,14.09,14.21,105532
2021-10-19,14.15,14.2,13.6,13.67,110534
2021-10-20,13.7,13.93,13.3,13.92,81990
2021-10-21,13.7,13.76,13.32,13.33,82019
2021-10-22,13.33,13.82,13.15,13.37,63852
2021-10-25,13.11,13.8,13.11,13.63,80756
2021-10-26,13.58,13.74,13.21,13.35,71414
2021-10-27,13.4,13.85,13.18,13.31,88926
2021-10-28,13.11,13.35,11.98,11.98,171597
2021-10-29,11.8,12.46,11.76,12.04,84491
2021-11-01,12.01,12.95,11.8,12.76,118063
2021-11-02,12.7,12.94,12.14,12.29,98936
2021-11-03,12.32,12.44,12.12,12.4,49623
2021-11-04,12.5,13.0,12.48,12.73,105101
2021-11-05,12.69,12.78,12.23,12.24,76605
2021-11-08,12.55,12.6,12.07,12.44,59362
2021-11-09,12.39,12.93,12.3,12.83,87870
2021-11-10,12.8,13.68,12.7,13.65,152532
2021-11-11,13.65,14.37,13.53,13.74,134656
2021-11-12,13.6,14.15,13.35,13.99,111412
2021-11-15,13.92,14.18,13.5,13.8,89420
2021-11-16,13.89,13.89,13.56,13.57,59984
2021-11-17,13.58,14.0,13.42,13.95,80877
2021-11-18,14.35,14.92,14.11,14.74,216204
2021-11-19,14.51,15.45,14.5,15.28,209803
2021-11-22,15.15,15.65,15.0,15.35,137505
2021-11-23,15.24,15.4,14.77,14.86,133849
2021-11-24,14.83,15.25,14.55,14.96,112482
2021-11-25,14.88,14.88,14.41,14.45,96935
2021-11-26,14.48,14.64,14.16,14.31,89666
2021-11-29,14.11,15.15,13.83,15.08,177458
2021-11-30,15.08,15.66,15.03,15.25,160445
2021-12-01,15.23,16.11,15.11,15.7,222549
2021-12-02,15.65,16.04,15.38,15.7,208790
2021-12-03,15.79,17.27,15.76,16.6,322190
2021-12-06,16.54,17.0,15.95,16.28,212492
2021-12-07,16.0,16.27,15.46,15.64,158138
2021-12-08,15.75,17.2,15.4,16.77,252939
2021-12-09,16.46,17.35,16.46,16.74,222810
2021-12-10,16.51,16.69,16.06,16.29,115605
2021-12-13,16.58,16.62,15.8,16.38,89456
2021-12-14,16.42,17.08,16.1,16.55,108681
2021-12-15,16.67,17.28,16.4,17.05,175798
2021-12-16,16.98,18.58,16.95,17.82,234832
2021-12-17,17.8,18.1,17.26,17.49,139109
2021-12-20,17.63,18.17,17.3,17.32,128100
2021-12-21,17.33,17.52,16.79,17.24,99925
2021-12-22,17.45,18.15,17.06,18.0,108737
2021-12-23,17.99,18.45,17.64,18.19,119538
2021-12-24,18.15,18.15,17.42,17.68,96900
2021-12-27,17.68,18.35,17.59,18.1,89721
2021-12-28,18.18,18.18,17.42,17.96,105695
2021-12-29,17.82,18.25,17.57,17.58,85519
2021-12-30,17.47,17.9,17.3,17.41,94948
2021-12-31,17.56,17.62,16.7,17.06,104544
2022-01-04,17.01,17.22,16.5,16.72,89505
2022-01-05,16.66,16.88,15.82,16.21,87076
2022-01-06,16.14,16.88,16.1,16.6,62657
2022-01-07,16.6,16.6,15.82,15.92,91124
2022-01-10,15.95,16.17,15.58,15.96,70310
2022-01-11,15.97,15.97,15.29,15.36,87135
2022-01-12,15.48,15.66,15.2,15.53,78341
2022-01-13,15.53,15.88,15.17,15.25,65326
2022-01-14,15.36,15.73,14.89,15.7,78229
2022-01-17,15.6,16.06,15.55,15.74,59974
2022-01-18,15.89,15.95,15.53,15.95,58331
2022-01-19,16.28,16.28,15.11,15.61,112374
2022-01-20,15.54,15.78,15.0,15.0,58305
2022-01-21,14.82,15.05,14.44,14.62,49672
2022-01-24,14.62,15.32,14.45,15.06,65851
2022-01-25,15.12,15.4,14.4,14.42,46868
2022-01-26,14.51,14.9,14.5,14.81,43135
2022-01-27,14.86,15.04,14.2,14.38,65350
2022-01-28,14.42,15.1,13.86,14.92,78435
2022-02-07,15.01,15.36,14.77,15.19,53312
2022-02-08,15.3,15.33,14.57,15.13,49106
2022-02-09,15.08,15.35,14.9,15.33,42529
2022-02-10,15.3,15.39,14.96,15.06,34012
2022-02-11,15.04,15.04,14.15,14.19,49715
2022-02-14,14.98,15.36,14.4,14.87,90937
2022-02-15,15.23,15.25,14.5,15.01,54067
2022-02-16,15.01,15.01,14.6,14.86,58979
2022-02-17,14.8,16.03,14.69,15.87,123650
2022-02-18,15.52,15.85,15.5,15.68,50877
2022-02-21,15.66,16.89,15.45,16.66,120646
2022-02-22,16.99,17.75,16.31,16.72,146796
2022-02-23,16.37,17.02,16.2,16.62,139036
2022-02-24,17.5,18.04,16.62,16.67,292556
2022-02-25,17.6,17.6,16.71,16.83,282002
2022-02-28,17.59,18.29,17.2,17.53,441103
2022-03-01,17.2,17.2,16.0,16.66,273154
2022-03-02,16.66,16.8,16.15,16.4,165570
2022-03-03,16.49,16.61,15.88,16.39,212369
2022-03-04,16.43,16.44,15.74,15.76,144367
2022-03-07,15.6,16.16,15.24,15.75,133152
2022-03-08,15.75,16.14,15.38,15.78,140009
2022-03-09,15.66,15.88,14.2,14.49,205416
2022-03-10,14.79,15.43,14.67,15.25,207170
2022-03-11,14.97,15.96,14.68,15.63,159597
2022-03-14,16.22,16.66,15.9,15.97,232296
2022-03-15,15.81,16.5,15.58,15.67,203523
2022-03-16,16.01,16.3,14.9,16.2,171446
2022-03-17,16.25,16.77,15.88,16.76,204606
2022-03-18,16.31,16.74,15.08,15.77,276166
2022-03-21,15.7,16.7,15.35,16.15,226591
2022-03-22,15.99,16.42,15.71,16.01,141695
2022-03-23,16.43,16.7,15.76,15.88,159204
2022-03-24,16.04,16.6,15.6,16.55,209240
2022-03-25,16.68,17.63,16.51,17.22,303916
2022-03-28,17.44,17.44,16.55,16.7,175948
2022-03-29,16.5,16.66,16.0,16.3,143226
2022-03-30,16.0,16.39,15.7,16.19,147884
2022-03-31,16.1,16.12,15.6,15.62,108179
2022-04-01,15.5,16.25,15.11,16.03,150745
2022-04-06,15.82,16.42,15.82,16.09,103513
2022-04-07,15.77,16.02,15.3,15.49,106712
2022-04-08,15.35,15.8,15.22,15.41,70112
2022-04-11,15.09,15.41,14.7,14.82,80592
2022-04-12,14.7,15.18,14.7,14.9,62511
2022-04-13,15.0,15.2,14.73,14.85,54480
2022-04-14,14.81,15.0,14.58,14.6,52283
2022-04-15,14.63,14.69,13.49,13.87,153154
2022-04-18,13.72,13.99,13.4,13.8,54157
2022-04-19,13.8,14.82,13.8,14.75,116118
2022-04-20,14.6,14.81,14.17,14.27,64254
2022-04-21,14.17,14.44,13.77,13.96,51375
2022-04-22,14.21,15.02,13.35,14.8,177816
2022-04-25,14.69,14.69,13.4,13.45,100191
2022-04-26,13.5,13.8,12.24,12.43,135653
2022-04-27,12.17,13.15,11.58,12.95,113990
2022-04-28,12.84,13.45,12.78,13.0,78602
2022-04-29,13.15,13.68,13.08,13.48,76493
2022-05-05,13.49,14.63,13.38,14.3,81397
2022-05-06,13.94,14.58,13.8,14.13,73132
2022-05-09,13.99,14.52,13.9,14.25,38832
2022-05-10,14.15,14.94,14.01,14.79,69777
2022-05-11,14.64,15.3,14.64,14.91,84011
2022-05-12,14.8,15.22,14.8,15.05,47021
2022-05-13,15.05,15.6,14.95,15.0,45785
2022-05-16,15.03,15.3,14.91,14.99,41684
2022-05-17,14.99,15.35,14.78,15.24,44357
2022-05-18,15.24,15.3,14.9,14.97,45775
2022-05-19,14.35,15.2,14.34,15.14,46734
2022-05-20,14.84,15.48,14.84,15.31,40670
2022-05-23,15.31,15.78,15.23,15.66,64876
2022-05-24,15.88,15.88,15.01,15.01,69152
2022-05-25,15.04,15.22,14.9,15.01,35881
2022-05-26,15.11,15.47,14.73,15.29,45874
2022-05-27,15.3,15.45,15.06,15.15,36203
2022-05-30,15.17,15.42,15.02,15.3,46011
2022-05-31,15.45,15.45,15.07,15.16,46732
2022-06-01,15.01,15.17,14.83,14.85,51386
2022-06-02,14.82,15.02,14.74,14.78,70852
2022-06-06,16.16,16.18,15.0,15.27,304298
2022-06-07,15.15,15.2,14.32,14.71,266891
2022-06-08,14.66,15.1,14.39,14.5,159996
2022-06-09,14.3,14.5,13.8,13.87,166102
2022-06-10,13.72,15.26,13.7,15.26,278713
2022-06-13,15.53,16.28,15.26,16.1,353904
2022-06-14,15.79,16.46,15.79,16.4,219231
2022-06-15,16.56,16.76,15.85,15.9,170161
2022-06-16,16.1,16.18,15.48,15.6,145189
2022-06-17,15.6,16.78,15.53,16.47,195842
2022-06-20,16.46,16.74,16.1,16.38,158298
2022-06-21,16.31,16.4,15.7,15.86,140820
2022-06-22,15.86,15.99,15.6,15.67,80875
2022-06-23,15.66,15.97,15.43,15.92,86675
2022-06-24,16.04,16.24,15.85,16.07,97467
2022-06-27,16.3,17.68,16.3,17.68,266922
2022-06-28,18.0,18.44,17.6,18.14,254244
2022-06-29,18.15,18.2,17.07,17.21,178646
2022-06-30,17.3,18.47,17.22,18.1,194259
2022-07-01,18.6,19.07,17.96,18.3,157627
2022-07-04,18.17,18.69,17.85,18.24,145066
2022-07-05,18.26,18.5,17.55,18.26,164765
2022-07-06,18.26,18.75,18.0,18.61,167139
2022-07-07,18.4,18.58,17.25,17.35,287587
2022-07-08,17.22,17.27,15.71,15.89,431774
2022-07-11,15.75,15.75,15.08,15.29,219772
2022-07-12,15.3,15.35,14.8,14.89,166397
2022-07-13,14.89,15.24,14.88,15.09,100038
2022-07-14,14.95,15.26,14.91,15.12,104762
2022-07-15,14.95,15.86,14.94,15.6,180690
2022-07-18,15.38,16.03,15.38,15.92,168017
2022-07-19,15.93,16.42,15.8,16.19,143472
2022-07-20,16.3,16.63,16.2,16.32,113829
2022-07-21,16.27,16.36,15.87,15.89,109161
2022-07-22,15.9,16.09,15.5,15.81,79406
2022-07-25,15.89,15.9,15.33,15.41,71161
2022-07-26,15.56,15.7,15.25,15.67,72240
2022-07-27,15.55,16.73,15.33,16.67,191014
2022-07-28,16.01,17.16,15.5,16.56,380326
2022-07-29,16.89,18.22,16.89,18.22,201344
2022-08-01,17.75,18.08,17.28,17.69,346378
2022-08-02,17.58,17.9,16.75,17.05,246822
2022-08-03,17.1,17.61,16.75,16.82,221656
2022-08-04,16.48,17.0,15.67,16.71,223561
2022-08-05,16.83,17.13,16.23,16.94,168310
2022-08-08,17.13,17.43,16.78,17.01,122982
2022-08-09,16.98,17.78,16.7,17.58,135929
2022-08-10,17.42,18.34,17.35,18.09,183920
2022-08-11,18.33,19.88,18.21,19.5,300526
2022-08-12,19.7,20.08,19.2,19.31,156839
2022-08-15,19.21,21.2,19.21,20.89,179842
2022-08-16,20.77,20.88,20.28,20.82,129729
2022-08-17,20.7,20.99,19.9,20.38,127617
2022-08-18,20.37,21.34,20.0,20.93,129179
2022-08-19,21.35,22.88,20.8,20.95,250096
2022-08-22,20.57,20.95,20.1,20.61,120690
2022-08-23,20.66,21.12,20.25,20.47,105099
2022-08-24,20.5,20.66,19.48,19.5,106202
2022-08-25,19.55,19.83,18.56,18.89,123546
2022-08-26,19.11,19.79,18.98,19.05,102860
2022-08-29,18.7,20.18,18.03,19.34,118551
2022-08-30,19.55,19.93,18.95,19.02,108204
2022-08-31,19.02,19.36,17.94,18.05,124951
2022-09-01,18.09,18.4,17.76,18.06,79510
2022-09-02,18.29,19.3,18.0,18.76,121665
2022-09-05,18.8,19.79,18.46,19.42,172864
2022-09-06,19.52,19.85,19.16,19.34,135651
2022-09-07,19.29,19.98,19.11,19.26,165184
2022-09-08,19.2,19.45,18.47,18.68,127336
2022-09-09,18.88,19.38,18.41,19.23,118875
2022-09-13,19.78,21.0,19.66,20.64,255800
2022-09-14,20.35,20.93,19.78,20.55,162710
2022-09-15,20.66,21.16,20.28,20.5,249208
2022-09-16,20.4,21.8,20.0,21.18,236308
2022-09-19,21.5,21.95,19.71,20.0,238267
2022-09-20,20.3,21.1,20.0,20.41,129501
2022-09-21,20.32,20.85,19.72,19.94,105432
2022-09-22,19.73,20.95,19.39,20.6,122252
2022-09-23,20.49,20.85,19.93,20.11,103526
2022-09-26,20.0,21.15,19.61,20.87,183800
2022-09-27,21.1,21.23,20.42,20.89,137305
2022-09-28,20.74,20.88,19.5,19.5,119891
2022-09-29,19.68,19.76,18.88,19.38,87906
2022-09-30,19.37,19.84,18.68,19.61,96778
2022-10-10,19.61,19.7,17.65,17.65,131422
2022-10-11,17.65,18.53,17.5,18.04,117843
2022-10-12,18.4,19.38,17.25,19.07,127983
2022-10-13,19.03,19.48,18.75,19.07,94913
2022-10-14,19.1,19.38,18.71,19.33,119429
2022-10-17,19.12,19.33,18.41,19.1,86936
2022-10-18,19.09,20.46,19.0,20.28,147874
2022-10-19,20.14,20.79,19.86,20.05,105870
2022-10-20,20.01,20.78,19.35,20.47,99540
2022-10-21,20.3,20.85,20.15,20.76,93041
2022-10-24,20.79,21.41,20.57,20.92,107695
2022-10-25,20.93,21.12,20.01,20.16,101277
2022-10-26,20.15,20.8,19.49,20.02,136583
2022-10-27,19.9,19.9,18.83,18.9,127703
2022-10-28,18.5,18.84,18.11,18.23,101241
2022-10-31,17.98,20.03,17.98,19.38,170654
2022-11-01,19.22,19.88,18.43,18.75,158635
2022-11-02,18.76,19.18,18.53,18.96,84771
2022-11-03,18.85,19.56,18.68,19.39,112299
2022-11-04,19.55,20.49,19.52,19.95,140420
2022-11-07,20.0,20.1,18.35,18.66,221731
2022-11-08,18.66,18.83,18.45,18.72,109475
2022-11-09,18.8,18.91,18.37,18.84,93137
2022-11-10,18.6,20.4,18.6,20.2,321168
2022-11-11,21.2,21.22,20.2,20.6,210263
2022-11-14,20.45,21.36,20.35,20.6,123034
2022-11-15,20.54,22.66,20.4,22.39,296392
2022-11-16,22.49,22.82,21.88,22.12,161942
2022-11-17,22.12,22.58,21.57,22.43,124036
2022-11-18,22.38,22.55,21.69,21.82,86764
2022-11-21,21.67,21.94,21.39,21.89,64574
2022-11-22,21.81,22.1,20.95,21.29,103497
2022-11-23,21.29,21.53,20.72,21.43,71800
2022-11-24,21.44,22.0,21.15,21.72,67444
2022-11-25,21.46,21.5,20.06,20.54,173553
2022-11-28,20.39,20.67,19.33,20.56,104815
2022-11-29,20.56,20.7,19.91,20.08,84062
2022-11-30,20.0,21.44,19.62,20.99,140733
2022-12-01,20.99,21.21,20.53,21.01,74350
2022-12-02,20.93,21.08,20.2,20.9,109559
2022-12-05,20.89,21.16,20.6,20.77,125287
2022-12-06,20.54,20.87,19.93,20.02,97893
2022-12-07,20.02,20.54,19.69,19.89,113794
2022-12-08,19.85,20.19,19.52,19.92,74415
2022-12-09,20.01,20.12,19.13,20.02,144462
2022-12-12,19.97,19.97,19.28,19.63,91422
2022-12-13,19.72,19.72,18.89,19.07,83067
2022-12-14,19.45,19.89,18.84,19.07,110175
2022-12-15,19.0,19.11,18.42,18.86,126188
2022-12-16,18.7,18.8,18.13,18.41,77546
2022-12-19,18.39,18.48,17.66,17.71,114561
2022-12-20,17.75,17.98,17.67,17.75,47338
2022-12-21,17.87,17.87,16.7,16.82,140858
2022-12-22,16.82,16.92,16.1,16.3,106191
2022-12-23,16.17,16.5,15.1,15.4,183119
2022-12-26,15.44,15.57,14.82,15.27,179187
2022-12-27,15.18,16.48,13.88,15.85,472677
2022-12-28,15.9,16.32,15.4,15.48,231778
2022-12-29,15.33,15.74,15.18,15.52,129205
2022-12-30,15.52,15.62,15.0,15.11,120780
2023-01-03,15.0,16.62,14.85,16.35,239264
2023-01-04,16.46,16.57,15.72,15.79,135941
2023-01-05,15.7,16.25,15.6,16.02,95599
2023-01-06,16.0,16.2,15.7,15.82,112063
2023-01-09,15.9,16.32,15.72,15.92,117951
2023-01-10,15.86,15.98,15.6,15.71,127531
2023-01-11,15.71,15.79,15.22,15.33,150684
2023-01-12,15.33,15.45,15.23,15.27,69968
2023-01-13,15.39,15.74,15.2,15.68,119719
2023-01-16,15.58,16.2,15.55,15.68,105686
2023-01-17,15.68,15.88,15.39,15.51,75460
2023-01-18,15.52,15.67,15.38,15.43,65875
2023-01-19,15.38,15.46,14.72,14.78,231623
2023-01-20,14.83,15.15,14.67,14.85,195467
2023-01-30,15.1,15.75,15.04,15.47,257687
2023-01-31,15.5,15.5,15.14,15.33,156850
2023-02-01,15.4,15.98,15.31,15.96,222277
2023-02-02,16.12,17.56,15.99,17.56,391502
2023-02-03,17.45,17.45,16.42,16.94,644560
2023-02-06,16.6,16.69,16.42,16.54,258902
2023-02-07,16.56,16.65,16.43,16.5,203650
2023-02-08,16.57,16.73,16.5,16.7,189570
2023-02-09,16.64,16.68,16.4,16.64,167981
2023-02-10,16.66,17.29,16.55,17.08,298893
2023-02-13,16.94,17.15,16.8,17.04,168179
2023-02-14,17.02,17.3,16.93,17.25,189155
2023-02-15,17.2,17.2,16.75,16.8,197184
2023-02-16,16.78,16.81,16.05,16.21,190231
2023-02-17,16.15,16.28,15.96,16.01,95946
2023-02-20,16.0,16.0,15.56,15.95,113291
2023-02-21,16.04,16.27,15.9,16.12,107221
2023-02-22,15.96,16.15,15.87,15.94,79600
2023-02-23,15.9,15.99,15.67,15.73,83946
2023-02-24,15.81,15.94,15.61,15.77,66519
2023-02-27,15.7,15.75,15.34,15.38,86970
2023-02-28,15.39,15.58,15.31,15.58,69096
2023-03-01,15.52,15.65,15.43,15.52,82300
2023-03-02,15.46,15.52,14.97,15.07,149303
2023-03-03,15.15,15.29,14.9,15.0,128079
2023-03-06,14.99,15.23,14.62,15.18,174930
2023-03-07,15.15,15.15,14.7,14.71,104455
2023-03-08,14.61,14.98,14.56,14.72,120133
2023-03-09,14.85,15.45,14.73,15.2,249326
2023-03-10,14.99,15.09,14.75,14.83,155527
2023-03-13,14.69,14.74,14.02,14.19,182463
2023-03-14,14.39,14.69,14.03,14.5,188066
2023-03-15,14.49,15.15,14.4,14.57,159530
2023-03-16,14.42,14.73,14.31,14.33,106876
2023-03-17,14.43,14.68,14.29,14.6,105217
2023-03-20,14.51,14.86,14.42,14.69,117091
2023-03-21,14.66,14.66,14.43,14.64,78894
2023-03-22,14.71,14.71,14.5,14.55,73056
2023-03-23,14.5,14.52,14.2,14.33,98473
2023-03-24,14.34,14.39,14.21,14.22,62337
2023-03-27,14.31,14.45,14.2,14.29,80293
2023-03-28,14.29,14.3,13.87,13.89,123393
2023-03-29,13.92,14.28,13.85,14.1,89248
2023-03-30,14.1,14.1,13.86,13.89,70115
2023-03-31,13.85,14.21,13.85,14.03,62112
2023-04-03,13.99,14.48,13.96,14.42,141183
2023-04-04,14.44,14.52,14.2,14.25,93290
2023-04-06,14.2,15.51,14.15,15.34,372980
2023-04-07,15.64,16.05,15.33,15.63,352522
2023-04-10,15.55,15.55,15.04,15.08,164225
2023-04-11,15.09,15.28,14.8,14.92,108332
2023-04-12,15.03,15.03,14.77,14.87,81481
2023-04-13,14.81,14.86,14.38,14.43,116673
2023-04-14,14.5,15.11,14.31,14.85,157766
2023-04-17,14.86,14.98,14.55,14.61,92000
2023-04-18,14.63,14.65,14.32,14.38,63682
2023-04-19,14.36,14.53,14.16,14.26,98689
2023-04-20,14.26,14.26,13.92,14.04,83657
2023-04-21,14.05,14.16,12.91,12.97,212906
2023-04-24,13.14,13.14,12.6,12.71,90754
2023-04-25,12.79,12.82,12.25,12.46,73559
2023-04-26,12.46,12.78,12.19,12.59,62717
2023-04-27,12.58,12.8,12.45,12.5,69635
2023-04-28,12.0,12.22,11.81,12.19,133626
2023-05-04,12.15,12.3,11.92,12.08,80271
2023-05-05,11.99,12.05,11.66,11.8,79298
2023-05-08,11.79,11.92,11.75,11.76,46860
2023-05-09,11.73,11.8,11.43,11.46,81534
2023-05-10,11.46,11.67,11.36,11.58,53058
2023-05-11,11.56,11.74,11.52,11.63,40092
2023-05-12,11.79,11.79,11.28,11.3,57596
2023-05-15,11.38,11.57,11.32,11.55,49624
2023-05-16,11.55,11.59,11.3,11.33,46354
2023-05-17,11.33,11.58,11.33,11.49,44694
2023-05-18,11.49,11.54,11.38,11.42,38290
2023-05-19,11.45,11.76,11.36,11.72,71217
2023-05-22,11.72,11.96,11.7,11.8,58369
2023-05-23,11.84,11.84,11.65,11.7,40187
2023-05-24,11.8,11.95,11.68,11.8,60770
2023-05-25,11.68,11.84,11.58,11.74,42875
2023-05-26,11.78,11.81,11.66,11.69,39499
2023-05-29,11.66,11.75,11.43,11.46,50021
2023-05-30,11.46,11.56,11.31,11.52,53799
2023-05-31,11.58,11.64,11.42,11.48,49320
2023-06-01,11.44,11.85,11.41,11.74,66575
2023-06-02,11.72,12.08,11.68,11.99,74624
2023-06-05,12.05,12.18,11.99,12.02,50025
2023-06-06,12.06,12.15,11.57,11.59,61104
2023-06-07,11.65,11.65,11.29,11.29,66230
2023-06-08,11.3,11.58,11.21,11.31,50756
2023-06-09,11.3,11.36,11.1,11.2,46940
2023-06-12,11.15,11.65,11.15,11.54,64301
2023-06-13,11.55,11.63,11.43,11.47,35526
2023-06-14,11.48,11.54,11.14,11.16,77636
2023-06-15,11.13,11.35,11.03,11.31,54865
2023-06-16,11.29,11.41,11.25,11.35,37861
2023-06-19,11.34,11.78,11.34,11.52,80970
2023-06-20,11.5,11.63,11.38,11.52,39395
2023-06-21,11.44,11.59,11.2,11.22,52377
2023-06-26,11.16,11.23,10.94,10.96,59072
2023-06-27,10.96,11.59,10.96,11.49,92749
2023-06-28,11.46,11.5,11.09,11.3,54062
2023-06-29,11.33,11.45,11.2,11.29,38649
2023-06-30,11.27,11.63,11.23,11.5,76591
2023-07-03,11.48,11.73,11.47,11.58,53698
2023-07-04,11.53,11.68,11.48,11.62,46991
2023-07-05,11.66,11.66,11.48,11.52,39553
2023-07-06,11.52,11.62,11.4,11.46,36196
2023-07-07,11.46,11.46,11.32,11.35,39914
2023-07-10,11.35,11.55,11.21,11.24,52934
2023-07-11,11.22,11.46,11.18,11.39,75051
2023-07-12,11.38,11.38,10.78,10.82,190002
2023-07-13,10.8,11.35,10.76,11.21,137935
2023-07-14,11.26,11.28,11.0,11.0,73808
2023-07-17,11.13,11.13,10.78,10.88,57435
2023-07-18,10.88,10.98,10.56,10.97,98552
2023-07-19,10.93,10.97,10.78,10.81,38016
2023-07-20,10.85,11.13,10.82,10.88,90568
2023-07-21,11.02,11.97,10.93,11.97,343673
2023-07-24,11.75,11.96,11.58,11.61,284385
2023-07-25,11.88,11.93,11.62,11.79,158287
2023-07-26,11.72,11.88,11.69,11.78,114944
2023-07-27,11.74,11.81,11.45,11.5,101261
2023-07-28,11.41,11.49,11.1,11.44,101152
2023-07-31,11.43,11.59,11.4,11.56,92536
2023-08-01,11.58,11.66,11.38,11.46,78527
2023-08-02,11.43,12.09,11.33,11.8,203036
2023-08-03,11.81,12.48,11.63,12.18,285057
2023-08-04,11.97,12.15,11.86,11.92,177851
2023-08-07,11.93,11.97,11.71,11.73,86319
2023-08-08,11.72,11.9,11.64,11.85,106769
2023-08-09,11.78,11.85,11.48,11.5,93130
2023-08-10,11.5,11.69,11.5,11.6,61785
2023-08-11,11.58,11.58,11.16,11.16,85169
2023-08-14,11.16,11.26,10.91,11.24,62644
2023-08-15,11.22,11.28,10.99,11.12,55475
2023-08-16,11.12,11.17,11.0,11.03,30799
2023-08-17,10.99,11.11,10.88,11.08,36303
2023-08-18,11.08,11.24,10.92,10.93,52046
2023-08-21,10.85,11.01,10.59,10.62,58245
2023-08-22,10.62,10.69,10.1,10.31,95650
2023-08-23,10.27,10.28,9.98,10.01,54325
2023-08-24,10.02,10.13,9.86,10.0,41409
2023-08-25,9.97,10.12,9.72,9.81,55858
2023-08-28,10.4,10.4,9.73,9.76,73580
2023-08-29,9.78,10.24,9.77,10.15,83221
2023-08-30,10.12,10.29,10.08,10.19,59690
2023-08-31,10.19,10.21,10.04,10.08,38171
2023-09-01,10.1,10.18,10.05,10.08,34468
2023-09-04,10.15,10.45,10.1,10.43,72583
2023-09-05,10.42,10.53,10.33,10.41,50086
2023-09-06,10.35,11.1,10.3,10.88,127120
2023-09-07,10.86,11.15,10.75,10.89,172482
2023-09-08,11.11,11.98,11.09,11.3,354360
2023-09-11,11.16,11.27,10.88,10.88,246972
2023-09-12,11.0,11.19,10.75,11.11,172985
2023-09-13,11.0,11.5,10.95,11.38,222015
2023-09-14,11.2,11.21,10.85,11.17,140266
2023-09-15,11.1,12.29,10.95,11.92,476185
2023-09-18,11.61,12.45,11.5,11.98,478504
2023-09-19,11.8,11.95,11.43,11.43,255074
2023-09-20,11.46,11.5,11.13,11.15,154915
2023-09-21,11.15,11.27,10.95,11.0,101045
2023-09-22,10.89,11.0,10.59,10.95,153022
2023-09-25,10.87,11.26,10.8,11.01,134234
2023-09-26,10.9,10.92,10.59,10.6,122546
2023-09-27,10.55,10.68,10.47,10.53,71686
2023-09-28,10.54,10.83,10.54,10.68,83236
2023-10-09,10.69,10.79,10.59,10.61,67619
2023-10-10,10.66,10.8,10.57,10.63,65687
2023-10-11,10.62,10.93,10.56,10.78,80071
2023-10-12,10.91,10.92,10.67,10.81,74699
2023-10-13,10.72,11.8,10.65,11.43,253489
2023-10-16,11.27,11.48,11.21,11.39,114876
2023-10-17,11.28,11.37,11.13,11.32,91409
2023-10-18,11.2,11.31,10.84,10.86,92656
2023-10-19,10.76,11.75,10.67,11.38,212579
2023-10-20,11.19,11.22,10.91,10.93,131883
2023-10-23,10.83,10.87,10.25,10.34,104121
2023-10-24,10.34,10.81,10.3,10.73,94466
2023-10-25,10.85,10.9,10.61,10.68,69089
2023-10-26,10.61,10.67,10.39,10.56,60688
2023-10-27,10.56,11.29,10.38,11.03,139555
2023-10-30,10.86,11.19,10.75,11.09,102861
2023-10-31,11.15,11.26,10.93,11.15,91338
2023-11-01,11.1,11.23,11.03,11.1,62472
2023-11-02,11.05,11.17,10.76,10.78,76945
2023-11-03,10.85,11.0,10.78,10.93,61562
2023-11-06,10.98,11.18,10.98,11.18,75074
2023-11-07,11.23,11.32,11.07,11.21,85364
2023-11-08,11.15,11.43,11.13,11.31,93954
2023-11-09,11.35,11.5,11.2,11.24,87919
2023-11-10,11.17,11.37,11.12,11.2,63003
2023-11-13,11.21,11.33,11.09,11.21,68145
2023-11-14,11.17,11.33,11.06,11.29,75042
2023-11-15,11.41,11.67,11.33,11.49,119007
2023-11-16,11.42,11.45,11.24,11.33,80636
2023-11-17,11.25,11.43,11.22,11.37,49461
2023-11-20,11.37,11.65,11.29,11.58,123151
2023-11-21,11.55,12.12,11.51,11.69,250750
2023-11-22,11.72,12.31,11.72,11.81,208415
2023-11-23,11.81,11.92,11.41,11.7,112825
2023-11-24,11.7,11.7,11.27,11.31,106544
2023-11-27,11.23,11.3,11.0,11.2,72756
2023-11-28,11.12,11.23,11.02,11.14,59579
2023-11-29,11.07,11.19,11.06,11.1,43826
2023-11-30,11.11,11.14,10.83,10.87,64239
2023-12-01,10.83,10.95,10.76,10.9,43288
2023-12-04,10.88,10.97,10.87,10.89,40374
2023-12-05,10.9,10.92,10.57,10.6,44932
2023-12-06,10.52,10.78,10.52,10.68,28535
2023-12-07,10.6,10.74,10.52,10.71,31998
2023-12-08,10.7,10.83,10.45,10.54,55914
2023-12-11,10.51,10.62,10.38,10.52,72492
2023-12-12,10.5,10.51,10.34,10.38,48427
2023-12-13,10.37,10.45,10.28,10.31,32143
2023-12-14,10.35,10.42,10.21,10.23,28706
2023-12-15,10.27,10.33,10.16,10.24,27564
2023-12-18,10.19,10.21,10.0,10.02,30353
2023-12-19,10.02,10.08,9.92,10.0,26964
2023-12-20,10.02,10.12,9.84,9.84,30099
2023-12-21,9.82,9.94,9.66,9.89,32421
2023-12-22,9.87,9.88,9.4,9.67,67881
2023-12-25,9.68,9.75,9.57,9.63,24370
2023-12-26,9.65,9.66,9.33,9.36,35895
2023-12-27,9.38,9.45,9.24,9.4,34940
2023-12-28,9.35,9.71,9.33,9.63,52392
2023-12-29,9.64,9.79,9.62,9.78,35752
2024-01-02,9.8,9.81,9.66,9.67,30886
2024-01-03,9.63,9.73,9.57,9.66,33970
2024-01-04,9.63,9.65,9.46,9.47,26299
2024-01-05,9.45,9.54,9.25,9.3,32154
2024-01-08,9.33,9.33,8.99,8.99,46144
2024-01-09,8.96,9.15,8.87,8.92,42310
2024-01-10,8.88,8.97,8.69,8.77,40284
2024-01-11,8.79,8.99,8.69,8.95,34234
2024-01-12,8.97,9.09,8.9,8.91,32124
2024-01-15,8.92,8.96,8.78,8.86,23070
2024-01-16,8.83,8.91,8.71,8.82,27294
2024-01-17,8.82,8.82,8.56,8.56,27788
2024-01-18,8.56,8.6,8.25,8.57,45716
2024-01-19,8.57,8.68,8.43,8.43,23505
2024-01-22,8.45,8.46,7.81,7.86,45903
2024-01-23,7.85,7.96,7.71,7.95,36867
2024-01-24,7.99,8.13,7.75,8.03,39949
2024-01-25,8.1,8.3,7.99,8.29,50531
2024-01-26,8.3,8.4,8.18,8.2,37625
2024-01-29,8.15,8.2,7.56,7.6,140807
2024-01-30,7.42,7.67,7.1,7.16,155984
2024-01-31,7.12,7.27,6.77,6.81,114895
2024-02-01,6.71,6.84,6.56,6.62,76702
2024-02-02,6.65,6.77,5.97,6.24,106528
2024-02-05,6.23,6.27,5.62,5.62,124234
2024-02-06,5.48,5.79,5.13,5.69,179738
2024-02-07,5.73,6.02,5.66,5.77,168145
2024-02-08,5.72,6.35,5.72,6.35,156266
2024-02-19,6.45,6.6,6.18,6.39,189873
2024-02-20,6.32,6.43,6.23,6.42,103950
2024-02-21,6.38,6.75,6.33,6.5,133744
2024-02-22,6.51,6.73,6.43,6.72,119374
2024-02-23,6.81,7.02,6.75,7.02,126510
2024-02-26,6.97,7.33,6.94,7.15,124060
2024-02-27,7.19,7.4,7.09,7.4,99398
2024-02-28,7.53,7.8,6.88,6.9,227378
2024-02-29,6.8,7.59,6.78,7.59,264358
2024-03-01,8.02,8.17,7.59,7.67,419395
2024-03-04,7.56,7.65,7.24,7.48,282705
2024-03-05,7.48,7.5,7.16,7.2,159427
2024-03-06,7.16,7.48,7.1,7.3,138613
2024-03-07,7.32,7.4,7.12,7.12,125959
2024-03-08,7.15,7.27,7.07,7.21,82335
2024-03-11,7.25,7.4,7.2,7.4,117421
2024-03-12,7.41,7.49,7.33,7.48,122349
2024-03-13,7.53,7.57,7.43,7.46,98898
2024-03-14,7.43,7.51,7.31,7.41,86749
2024-03-15,7.46,7.59,7.35,7.57,102317
2024-03-18,7.64,7.69,7.5,7.61,112499
2024-03-19,7.58,7.67,7.55,7.61,113412
2024-03-20,7.59,7.78,7.58,7.71,126584
2024-03-21,7.69,7.83,7.58,7.64,122514
2024-03-22,7.65,7.68,7.5,7.53,97996
2024-03-25,7.53,7.57,7.26,7.27,101289
2024-03-26,7.28,7.39,7.18,7.34,94570
2024-03-27,7.35,7.38,6.98,6.98,92911
2024-03-28,6.98,7.28,6.95,7.15,90663
2024-03-29,7.1,7.26,7.06,7.16,72364
2024-04-01,7.32,7.69,7.32,7.63,164241
2024-04-02,7.63,7.69,7.49,7.67,112463
2024-04-03,7.6,7.7,7.47,7.57,75580
2024-04-08,7.56,7.56,7.15,7.19,105206
2024-04-09,7.19,7.45,7.18,7.45,84618
2024-04-10,7.46,7.47,7.1,7.2,85726
2024-04-11,7.11,7.27,7.05,7.16,77745
2024-04-12,7.18,7.23,6.95,6.98,86868
2024-04-15,6.98,6.99,6.3,6.49,136356
2024-04-16,6.45,6.48,5.84,5.84,157196
2024-04-17,5.91,6.42,5.91,6.39,166596
2024-04-18,6.4,6.55,6.2,6.36,110956
2024-04-19,6.37,6.46,6.2,6.31,83074
2024-04-22,6.34,6.42,6.08,6.23,81320
2024-04-23,6.2,6.37,6.2,6.26,56939
2024-04-24,6.31,6.46,6.27,6.45,63374
2024-04-25,6.45,6.59,6.36,6.5,83830
2024-04-26,6.3,6.56,6.16,6.49,126864
2024-04-29,6.49,6.84,6.49,6.8,95203
2024-04-30,6.86,6.89,6.65,6.73,83722
2024-05-06,6.83,6.96,6.77,6.95,90380
2024-05-07,6.96,7.26,6.9,7.21,160995
2024-05-08,7.15,7.22,7.0,7.01,98424
2024-05-09,7.05,7.18,7.0,7.06,54832
2024-05-10,7.11,7.13,6.88,6.91,69464
2024-05-13,6.84,6.86,6.6,6.65,95754
2024-05-14,6.75,6.78,6.57,6.59,72983
2024-05-15,6.55,6.67,6.45,6.56,66974
2024-05-16,6.51,6.68,6.51,6.56,58157
2024-05-17,6.56,6.73,6.51,6.73,65132
2024-05-20,6.74,6.83,6.66,6.71,60490
2024-05-21,6.71,6.73,6.56,6.6,52929
2024-05-22,6.58,6.71,6.56,6.62,61143
2024-05-23,6.59,6.62,6.36,6.4,66003
2024-05-24,6.4,6.45,6.28,6.28,51498
2024-05-27,6.47,6.49,6.16,6.47,104610
2024-05-28,6.46,6.63,6.38,6.44,97379
2024-05-29,6.4,6.58,6.36,6.43,77722
2024-05-30,6.45,6.55,6.37,6.47,85680
2024-05-31,6.46,6.75,6.35,6.48,141899
2024-06-03,6.43,6.43,6.12,6.17,131699
2024-06-04,6.06,6.08,5.89,6.02,101017
2024-06-05,5.77,5.91,5.71,5.77,85361
2024-06-06,5.77,5.9,5.29,5.38,164409
2024-06-07,5.41,5.67,5.41,5.65,128428
2024-06-11,5.68,5.85,5.45,5.84,116445
2024-06-12,5.84,5.97,5.78,5.9,81649
2024-06-13,5.9,5.95,5.78,5.83,73111
2024-06-14,5.84,5.84,5.66,5.77,63662
2024-06-17,5.73,5.78,5.66,5.72,58508
2024-06-18,5.78,5.85,5.71,5.78,66806
2024-06-19,5.78,5.85,5.67,5.75,53584
2024-06-20,5.75,5.79,5.57,5.59,60525
2024-06-21,5.53,5.59,5.45,5.46,50620
2024-06-24,5.46,5.46,5.12,5.13,76703
2024-06-25,5.13,5.25,5.07,5.13,69350
2024-06-26,5.15,5.4,5.07,5.4,71183
2024-06-27,5.4,5.4,5.15,5.16,69958
2024-06-28,5.16,5.33,5.1,5.11,86309
2024-07-01,5.11,5.24,5.03,5.21,78022
2024-07-02,5.2,5.3,5.14,5.17,55594
2024-07-03,5.17,5.22,5.12,5.15,47252
2024-07-04,5.12,5.17,4.9,4.94,79610
2024-07-05,4.94,5.04,4.86,5.02,55346
2024-07-08,5.0,5.0,4.82,4.85,60820
2024-07-09,4.82,4.92,4.71,4.89,75308
2024-07-10,4.86,4.96,4.81,4.83,50942
2024-07-11,4.88,5.13,4.87,5.11,111548
2024-07-12,5.12,5.18,5.08,5.14,58126
2024-07-15,5.1,5.15,5.0,5.04,55921
2024-07-16,5.0,5.05,4.95,4.99,40613
2024-07-17,4.96,5.03,4.9,4.9,47180
2024-07-18,4.89,5.39,4.78,5.39,110328
2024-07-19,5.72,5.93,5.68,5.93,174296
2024-07-22,6.0,6.25,5.52,5.52,551367
2024-07-23,5.54,5.81,5.48,5.6,446832
2024-07-24,5.39,5.54,5.18,5.2,313344
2024-07-25,5.16,5.4,5.05,5.12,235657
2024-07-26,5.15,5.16,5.0,5.1,193529
2024-07-29,5.12,5.21,4.98,5.18,225854
2024-07-30,5.12,5.3,5.02,5.26,257304
2024-07-31,5.21,5.42,5.15,5.41,284193
2024-08-01,5.41,5.53,5.36,5.43,216252
2024-08-02,5.36,5.52,5.33,5.38,160417
2024-08-05,5.41,5.45,5.17,5.18,169722
2024-08-06,5.25,5.3,5.17,5.26,101994
2024-08-07,5.25,5.3,5.18,5.25,98141
2024-08-08,5.23,5.26,5.11,5.19,96985
2024-08-09,5.24,5.3,5.12,5.12,91480
2024-08-12,5.19,5.25,5.07,5.1,87296
2024-08-13,5.06,5.19,5.02,5.18,81654
2024-08-14,5.15,5.27,5.1,5.11,75951
2024-08-15,5.08,5.22,5.02,5.16,89580
2024-08-16,5.21,5.21,5.1,5.1,71666
2024-08-19,5.08,5.15,5.05,5.06,54803
2024-08-20,5.06,5.09,4.88,4.88,84448
2024-08-21,4.88,4.95,4.84,4.89,64207
2024-08-22,4.87,4.95,4.78,4.78,67046
2024-08-23,4.94,4.95,4.71,4.72,104812
2024-08-26,4.68,4.87,4.64,4.8,92009
2024-08-27,4.75,4.82,4.7,4.7,56254
2024-08-28,4.72,4.87,4.65,4.81,89503
2024-08-29,4.79,4.97,4.78,4.96,73168
2024-08-30,4.96,5.17,4.96,5.08,98728
2024-09-02,5.1,5.12,4.98,5.0,75250
2024-09-03,4.99,5.1,4.95,5.02,60771
2024-09-04,5.01,5.11,4.97,5.04,66589
2024-09-05,5.04,5.11,5.02,5.07,50886
2024-09-06,5.06,5.09,4.94,4.94,43538
2024-09-09,4.95,5.05,4.9,4.96,57986
2024-09-10,4.96,5.05,4.9,5.0,66539
2024-09-11,5.05,5.07,4.97,5.0,60846
2024-09-12,5.05,5.09,5.0,5.02,52498
2024-09-13,5.01,5.05,4.9,4.9,50418
2024-09-18,5.24,5.39,5.15,5.39,87511
2024-09-19,5.93,5.93,5.92,5.93,174019
2024-09-20,5.93,6.18,5.51,5.71,653427
2024-09-23,5.61,6.28,5.52,6.28,462717
2024-09-24,6.19,6.9,6.04,6.34,920409
2024-09-25,6.0,6.62,6.0,6.34,720936
2024-09-26,6.15,6.43,6.12,6.28,540135
2024-09-27,6.36,6.62,6.28,6.51,562881
2024-09-30,6.66,7.12,6.53,7.1,590749
2024-10-08,7.81,7.81,6.93,7.81,735550
2024-10-09,7.44,8.41,7.3,7.68,685512
2024-10-10,7.67,7.84,7.1,7.15,414608
2024-10-11,7.0,7.13,6.7,6.8,253558
2024-10-14,6.8,6.87,6.58,6.87,230944
2024-10-15,6.78,7.16,6.63,6.85,277938
2024-10-16,6.8,7.13,6.73,6.94,206663
2024-10-17,6.99,7.04,6.73,6.74,195645
2024-10-18,6.7,7.17,6.7,7.05,273795
2024-10-21,7.06,7.26,7.03,7.1,267760
2024-10-22,7.09,7.21,6.98,7.07,209267
2024-10-23,7.03,7.14,6.98,7.02,167825
2024-10-24,6.98,7.08,6.95,7.02,115317
2024-10-25,7.05,7.2,7.03,7.15,173625
2024-10-28,7.28,7.35,7.13,7.29,175577
2024-10-29,7.32,7.55,7.1,7.1,241878
2024-10-30,7.06,7.24,7.05,7.15,192588
2024-10-31,7.1,7.5,7.06,7.46,278512
2024-11-01,7.66,8.12,7.1,7.11,434894
2024-11-04,6.97,7.43,6.97,7.32,234082
2024-11-05,7.36,7.5,7.16,7.48,213250
2024-11-06,7.45,7.63,7.37,7.52,248454
2024-11-07,7.46,7.7,7.44,7.65,195395
2024-11-08,7.68,8.05,7.68,7.98,353065
2024-11-11,8.3,8.78,8.12,8.78,506744
2024-11-12,8.85,9.3,8.21,8.21,764572
2024-11-13,8.37,8.51,7.95,8.11,383182
2024-11-14,8.04,8.15,7.72,7.75,258736
2024-11-15,7.66,7.79,7.47,7.47,187515
2024-11-18,7.5,7.55,7.1,7.15,169547
2024-11-19,6.98,7.16,6.84,7.16,235478
2024-11-20,7.15,7.28,7.06,7.24,157291
2024-11-21,7.23,7.43,7.15,7.24,137623
2024-11-22,7.23,7.3,6.89,6.9,159085
2024-11-25,6.9,7.03,6.85,7.01,108268
2024-11-26,7.01,7.08,6.87,6.91,90308
2024-11-27,6.87,7.02,6.66,7.01,123529
2024-11-28,6.99,7.11,6.97,7.02,103088
2024-11-29,7.02,7.14,6.87,7.09,118913
2024-12-02,7.1,7.27,7.06,7.27,124509
2024-12-03,7.34,7.4,7.2,7.28,136546
2024-12-04,7.3,7.42,7.1,7.15,148774
2024-12-05,7.09,7.25,7.06,7.23,106934
2024-12-06,7.22,7.28,7.08,7.28,111578
2024-12-09,7.28,7.39,7.18,7.26,111342
2024-12-10,7.4,7.49,7.27,7.28,133961
2024-12-11,7.26,7.38,7.24,7.37,107573
2024-12-12,7.38,7.4,7.26,7.39,123957
2024-12-13,7.35,7.39,7.17,7.17,156634
2024-12-16,7.19,7.23,7.06,7.09,104840
2024-12-17,7.09,7.14,6.76,6.77,136589
2024-12-18,6.82,6.92,6.67,6.82,95932
2024-12-19,6.81,6.85,6.69,6.8,79161
2024-12-20,6.79,7.0,6.75,6.92,89368
2024-12-23,6.87,6.93,6.53,6.56,106381
2024-12-24,6.6,6.67,6.43,6.56,75008
2024-12-25,6.57,6.57,6.31,6.37,70964
2024-12-26,6.35,6.45,6.35,6.39,41224
2024-12-27,6.39,6.58,6.36,6.51,62790
2024-12-30,6.5,6.52,6.32,6.32,68477
2024-12-31,6.33,6.38,6.11,6.13,82285
2025-01-02,6.13,6.2,5.93,5.97,87035
2025-01-03,5.99,6.05,5.69,5.7,102760
2025-01-06,5.71,5.83,5.51,5.76,86616
2025-01-07,5.84,5.9,5.75,5.9,69520
2025-01-08,5.89,5.93,5.64,5.82,81304
2025-01-09,5.79,5.94,5.75,5.86,66291
2025-01-10,5.89,5.94,5.67,5.68,54275
2025-01-13,5.63,5.79,5.57,5.75,67237
2025-01-14,5.82,5.99,5.79,5.98,66751
2025-01-15,5.99,6.01,5.89,6.0,63953
2025-01-16,6.02,6.15,5.99,6.07,72666
2025-01-17,6.04,6.17,5.99,6.1,80244
2025-01-20,6.14,6.18,6.02,6.13,63716
2025-01-21,6.08,6.12,5.87,5.95,104117
2025-01-22,5.95,5.95,5.83,5.85,52909
2025-01-23,5.9,5.98,5.79,5.82,68475
2025-01-24,5.78,5.88,5.77,5.85,54561
2025-01-27,5.86,6.44,5.86,6.44,112212
2025-02-05,6.57,6.61,6.27,6.31,328258
2025-02-06,6.33,6.36,6.18,6.36,212408
2025-02-07,6.31,6.42,6.27,6.36,202817
2025-02-10,6.37,6.49,6.34,6.48,198821
2025-02-11,6.48,6.51,6.37,6.48,135495
2025-02-12,6.48,6.65,6.43,6.54,171895
2025-02-13,6.54,6.54,6.38,6.4,136758
2025-02-14,6.37,6.44,6.34,6.37,86858
2025-02-17,6.38,6.41,6.29,6.41,92805
2025-02-18,6.44,6.44,6.19,6.2,80974
2025-02-19,6.23,6.35,6.18,6.35,76980
2025-02-20,6.32,6.44,6.29,6.44,96962
2025-02-21,6.42,6.45,6.34,6.43,96798
2025-02-24,6.4,6.47,6.34,6.42,85876
2025-02-25,6.37,6.57,6.34,6.49,138031
2025-02-26,6.5,6.72,6.5,6.62,149284
2025-02-27,6.66,6.67,6.43,6.55,103131
2025-02-28,6.52,6.55,6.32,6.35,82698
2025-03-03,6.38,6.54,6.38,6.48,83690
2025-03-04,6.45,6.58,6.42,6.57,83249
2025-03-05,6.55,6.59,6.41,6.51,75633
2025-03-06,6.52,6.56,6.45,6.52,84082
2025-03-07,6.51,6.54,6.42,6.46,71662
2025-03-10,6.52,6.61,6.47,6.59,121647
2025-03-11,6.51,6.55,6.45,6.53,86766
2025-03-12,6.56,6.58,6.4,6.41,106795
2025-03-13,6.41,6.45,6.2,6.29,96185
2025-03-14,6.29,6.4,6.22,6.39,78649
2025-03-17,6.39,6.43,6.37,6.38,58831
2025-03-18,6.42,6.51,6.37,6.38,93417
2025-03-19,6.38,6.4,6.28,6.3,55893
2025-03-20,6.27,6.35,6.27,6.31,43401
2025-03-21,6.28,6.43,6.26,6.27,83979
2025-03-24,6.33,6.33,5.96,6.08,108942
2025-03-25,6.08,6.21,6.04,6.14,62289
2025-03-26,6.16,6.32,6.13,6.27,75740
2025-03-27,6.27,6.9,6.19,6.9,270654
2025-03-28,7.59,7.59,7.59,7.59,138573
2025-03-31,8.35,8.35,8.35,8.35,241849
2025-04-01,8.35,9.19,8.27,9.19,1549602
2025-04-02,10.11,10.11,9.2,10.11,2155509
2025-04-03,9.9,11.12,9.5,10.11,2287214
2025-04-07,9.1,11.12,9.1,11.12,2234778
2025-04-08,10.8,12.23,10.5,12.23,2190430
2025-04-09,11.3,11.84,11.01,11.01,1968631
2025-04-10,9.91,11.09,9.91,10.03,1864994
2025-04-11,9.6,10.85,9.6,10.45,1838221
2025-04-14,10.3,10.3,9.72,9.97,1418151
2025-04-15,9.89,10.25,9.08,9.11,1441048
2025-04-16,9.06,9.28,8.58,8.82,1117758
2025-04-17,8.72,9.45,8.67,9.23,1245748
2025-04-18,9.07,9.71,8.88,9.22,1208399
2025-04-21,9.22,9.51,8.88,9.51,1034006
2025-04-22,9.5,10.46,9.31,10.46,1279990
2025-04-23,10.38,11.5,10.11,10.25,1870788
2025-04-24,10.15,10.24,9.23,9.32,1441206
2025-04-25,9.43,9.6,8.7,8.84,1044474
2025-04-28,8.61,8.69,8.22,8.34,823203
2025-04-29,8.34,8.51,8.16,8.32,599025
2025-04-30,8.32,8.5,8.29,8.3,624605
2025-05-06,8.42,9.13,8.42,9.13,878764
2025-05-07,9.37,9.62,9.05,9.4,1313760
2025-05-08,9.35,9.39,9.15,9.21,736386
2025-05-09,9.24,9.28,8.88,8.89,521394
2025-05-12,8.97,9.12,8.84,8.91,435720
2025-05-13,8.95,9.8,8.79,9.8,1173119
2025-05-14,9.51,10.24,9.51,9.98,1744923
2025-05-15,9.98,9.98,9.44,9.48,1036362
2025-05-16,9.73,10.16,9.45,9.86,1062583
2025-05-19,9.75,9.92,9.51,9.83,715623
2025-05-20,9.74,9.84,9.4,9.64,670871
2025-05-21,9.52,10.6,9.26,10.2,1607944
2025-05-22,9.88,10.02,9.47,9.49,1080888
2025-05-23,9.32,9.78,9.23,9.33,852962
2025-05-26,9.24,10.26,9.23,10.26,1317227
2025-05-27,10.76,11.29,10.76,11.29,971393
2025-05-28,11.2,11.62,10.75,10.85,1961115
2025-05-29,10.82,11.13,10.48,10.78,1382823
2025-05-30,10.97,11.08,10.0,10.2,1151725
2025-06-03,9.98,10.67,9.98,10.42,913613
2025-06-04,10.36,10.42,10.15,10.3,688122
2025-06-05,10.22,10.55,10.08,10.37,891406
2025-06-06,10.45,10.69,10.2,10.21,726653
2025-06-09,10.0,10.39,9.9,10.39,624967
2025-06-10,10.33,11.0,10.15,10.18,1002860
2025-06-11,10.02,10.17,9.7,9.76,791566
2025-06-12,9.7,9.74,9.41,9.47,605159
2025-06-13,9.42,9.6,9.28,9.5,510228
2025-06-16,9.44,9.75,9.29,9.62,418849
2025-06-17,9.56,10.15,9.33,9.81,733281
2025-06-18,9.61,9.67,9.46,9.5,439503
2025-06-19,9.5,9.6,9.02,9.04,450086
2025-06-20,8.95,9.46,8.93,9.1,451106
2025-06-23,8.91,9.68,8.78,9.53,695152
2025-06-24,9.39,9.59,9.38,9.5,511709
2025-06-25,9.51,9.89,9.41,9.65,646469
2025-06-26,9.56,9.66,9.38,9.4,497512
2025-06-27,9.44,9.49,9.3,9.36,326928
2025-06-30,9.91,10.3,9.9,10.3,392065
2025-07-01,11.33,11.33,11.24,11.33,433840
2025-07-02,11.56,12.46,11.32,12.46,1873343
2025-07-03,12.71,13.7,12.43,13.26,2282291
2025-07-04,13.16,13.4,11.93,11.93,1716017
2025-07-07,11.91,12.11,11.48,11.58,1274649
2025-07-08,11.67,11.97,11.46,11.81,1065808
2025-07-09,11.74,11.92,11.55,11.62,783288
2025-07-10,11.58,11.84,11.34,11.46,638441
2025-07-11,11.36,11.54,11.21,11.48,509808
2025-07-14,11.37,11.47,11.31,11.4,355638
2025-07-15,11.5,11.5,11.06,11.15,513483
2025-07-16,11.15,11.26,11.06,11.1,304505
2025-07-17,11.05,11.5,11.02,11.35,632144
2025-07-18,11.26,12.08,11.12,11.89,1141706
2025-07-21,11.5,11.82,11.5,11.73,759617
2025-07-22,11.58,11.97,11.58,11.8,812939
2025-07-23,11.66,12.33,11.5,11.99,1131993
2025-07-24,11.85,13.0,11.85,12.32,1310429
2025-07-25,12.1,13.5,11.82,12.97,1469772
2025-07-28,12.99,13.1,12.43,12.68,971600
2025-07-29,12.44,12.99,12.22,12.51,845778
2025-07-30,12.38,12.79,12.12,12.32,713240
2025-07-31,12.06,12.3,11.76,11.79,683751
2025-08-01,11.8,11.89,11.65,11.68,414025
2025-08-04,11.5,11.87,11.48,11.82,329167
2025-08-05,11.8,12.33,11.74,12.17,700829
2025-08-06,12.02,12.96,12.02,12.67,954448
2025-08-07,12.5,12.93,12.39,12.74,918714
2025-08-08,12.72,12.99,12.36,12.38,676121
2025-08-11,12.3,12.58,12.28,12.41,468180
2025-08-12,12.48,13.65,12.25,13.65,833999
2025-08-13,14.39,15.02,14.39,15.02,551840
2025-08-14,16.52,16.52,14.9,15.16,2223558
2025-08-15,15.41,16.68,15.41,16.68,1007816
2025-08-18,17.11,18.2,16.7,17.14,2106335
2025-08-19,16.68,18.68,16.6,17.76,1718839
2025-08-20,16.92,16.97,15.98,15.98,1491016
2025-08-21,15.97,16.22,15.4,15.53,949924
2025-08-22,15.5,16.01,15.36,15.77,791254
2025-08-25,15.75,16.1,15.67,15.92,774134
2025-08-26,15.78,16.3,15.63,15.98,804243
2025-08-27,15.81,16.3,15.22,15.24,737590
2025-08-28,15.5,16.76,15.4,16.76,1240991
2025-08-29,17.0,17.14,15.93,15.98,1144019
2025-09-01,16.15,17.1,16.15,16.74,1033524
2025-09-02,16.59,17.18,15.71,15.9,917269
2025-09-03,15.78,17.49,15.24,17.01,1520938
2025-09-04,16.96,17.16,15.31,16.1,1291902
2025-09-05,15.89,17.29,15.45,16.98,1270596
2025-09-08,16.99,18.27,16.57,17.93,1477003
2025-09-09,17.23,17.29,16.6,16.64,1024188
2025-09-10,16.59,16.74,16.02,16.15,655059
2025-09-11,15.99,16.5,15.63,16.31,647283
2025-09-12,16.12,16.56,16.06,16.14,575132
2025-09-15,16.28,16.86,15.9,16.6,737279
2025-09-16,16.33,16.6,16.29,16.41,445496
2025-09-17,16.8,18.05,16.8,18.05,890626
2025-09-18,18.05,19.86,17.88,18.87,2108082
2025-09-19,18.1,20.76,18.1,20.76,1374145
2025-09-22,21.88,22.84,21.5,22.84,1582118
2025-09-23,22.69,25.12,22.0,25.12,2177621
2025-09-24,26.38,27.48,24.0,26.09,2338330
2025-09-25,25.15,28.34,25.15,27.55,2066598
2025-09-26,25.8,26.2,24.8,24.8,1270354
2025-09-29,23.75,24.82,23.16,23.7,1645993
2025-09-30,23.69,24.8,23.29,24.34,1434650
2025-10-09,23.35,23.5,22.5,22.58,1372211
2025-10-10,22.7,24.84,22.45,24.84,1268317
2025-10-13,26.0,27.32,25.71,27.32,975837
2025-10-14,28.76,30.0,27.31,28.52,2311986
2025-10-15,28.0,28.87,25.67,27.06,1856022
2025-10-16,26.53,27.95,25.58,25.71,1276565
2025-10-17,25.71,27.1,24.45,24.82,1138865
2025-10-20,25.18,26.0,24.65,24.91,894488
2025-10-21,24.9,25.98,24.65,25.1,899078
2025-10-22,24.7,26.34,24.1,25.79,1380937
2025-10-23,25.0,25.24,23.48,23.92,1028545
2025-10-24,24.01,25.07,23.88,24.53,920752
2025-10-27,25.67,26.0,25.01,25.17,1108909
2025-10-28,24.52,25.52,24.52,24.65,904062
2025-10-29,24.33,26.0,24.16,25.68,1129628
2025-10-30,25.5,27.43,25.35,26.16,1329692
2025-10-31,25.55,27.8,25.11,27.2,1348678
2025-11-03,26.93,26.93,24.48,24.49,1220144
2025-11-04,23.83,24.29,23.13,23.34,763116
2025-11-05,22.48,23.28,22.22,22.81,557646
2025-11-06,21.52,22.8,21.0,22.08,940622
2025-11-07,21.75,22.69,21.7,22.13,606362
2025-11-10,21.96,22.59,21.96,22.3,513728
2025-11-11,22.08,23.86,21.8,23.4,940927
2025-11-12,22.78,22.79,21.74,21.84,607589
2025-11-13,21.61,22.0,21.37,21.57,439005
2025-11-14,21.3,21.57,20.79,20.82,439655
2025-11-17,20.97,21.8,20.97,21.19,314955
2025-11-18,20.98,23.31,20.46,22.81,1358612
2025-11-19,21.64,22.88,21.64,22.01,947699
2025-11-20,22.3,23.3,22.05,22.58,908506
2025-11-21,21.9,24.84,21.9,23.72,1654248
2025-11-24,23.89,24.78,23.3,24.47,1492663
2025-11-25,23.78,25.4,22.72,24.22,1296069
2025-11-26,23.73,23.97,23.0,23.13,842373
2025-11-27,22.87,23.56,22.15,22.16,806758
2025-11-28,22.51,23.04,21.9,22.27,609998
2025-12-01,22.23,23.1,22.13,22.83,778632
2025-12-02,22.66,23.5,22.44,22.97,733186
2025-12-03,22.63,22.88,21.0,21.01,927957
2025-12-04,20.63,20.79,20.0,20.23,537410
2025-12-05,20.16,20.24,19.5,20.09,442512
2025-12-08,19.89,20.55,19.89,20.51,430399
2025-12-09,20.4,21.47,20.2,21.02,619841
2025-12-10,20.75,21.16,20.2,20.48,419235
2025-12-11,20.36,20.7,20.01,20.08,339399
2025-12-12,20.07,20.54,19.84,20.43,424877
2025-12-15,20.1,21.0,20.05,20.65,498997
2025-12-16,20.27,21.3,19.47,20.48,654988
2025-12-17,20.1,20.38,19.8,20.21,401474
2025-12-18,21.51,22.23,21.41,21.77,1558291
2025-12-19,20.8,21.34,20.68,21.09,1073768
2025-12-22,21.01,22.42,21.01,21.81,908213
2025-12-23,21.61,22.59,21.49,22.18,1043789
2025-12-24,21.94,22.33,21.7,22.13,686340
2025-12-25,21.99,22.68,21.52,22.45,937107
2025-12-26,22.13,22.27,21.6,21.64,658838
2025-12-29,21.49,21.8,21.11,21.15,431779
2025-12-30,20.9,21.16,20.76,20.97,372041
2025-12-31,21.03,21.48,20.9,21.22,433950
2026-01-05,21.18,22.16,21.01,21.99,689362
2026-01-06,21.9,22.38,21.77,22.3,693202
2026-01-07,22.74,24.12,22.51,23.2,1404419
2026-01-08,23.62,24.47,23.01,23.29,1280034
2026-01-09,22.68,23.38,22.65,23.04,808312
2026-01-12,22.96,23.19,22.72,22.9,650324
2026-01-13,22.85,23.0,21.68,21.71,642247
2026-01-14,21.71,22.4,21.63,22.02,502924
2026-01-15,21.92,22.75,21.72,22.52,721658
2026-01-16,22.82,23.5,22.21,23.21,863062
2026-01-19,23.12,23.29,22.5,22.59,566571
2026-01-20,22.5,24.8,22.22,23.79,1142086
2026-01-21,23.16,24.3,22.65,23.95,991260
2026-01-22,24.17,24.23,23.41,23.78,631236
2026-01-23,23.74,23.88,23.21,23.31,550011
2026-01-26,23.31,23.31,22.71,22.92,379539
2026-01-27,22.77,23.8,22.67,23.45,496265
2026-01-28,23.22,23.5,22.57,22.94,497969
2026-01-29,22.7,22.82,21.7,21.81,448655
2026-01-30,21.59,21.6,20.57,20.95,396518
2026-02-02,20.79,21.15,20.65,20.67,204268
2026-02-03,20.85,21.18,20.73,21.18,238916
2026-02-04,20.97,21.21,20.85,21.06,193898
2026-02-05,20.85,21.01,20.51,20.59,181619
2026-02-06,20.39,20.85,20.31,20.58,169779
2026-02-09,20.97,21.19,20.8,20.97,209461
2026-02-10,21.16,21.29,20.89,20.89,222571
2026-02-11,20.75,20.93,20.53,20.54,174743
2026-02-12,20.53,20.68,20.44,20.45,150093
2026-02-13,20.4,20.86,20.32,20.47,185588
2026-02-24,20.47,21.15,20.34,21.07,281742
2026-02-25,21.09,21.47,20.74,21.29,282241
2026-02-26,21.25,21.51,20.93,21.29,273203
2026-02-27,21.06,21.29,20.94,21.24,179218
2026-03-02,21.25,21.78,20.98,21.31,310576
2026-03-03,21.66,22.6,21.35,21.95,754842
2026-03-04,22.0,22.35,21.19,21.29,501737
2026-03-05,21.3,22.08,21.01,21.14,385357
2026-03-06,20.69,20.8,20.16,20.62,376266
2026-03-09,20.4,20.87,20.03,20.33,285617
2026-03-10,20.34,20.65,20.31,20.56,242557
2026-03-11,20.69,20.76,20.33,20.38,227118
2026-03-12,20.27,21.3,20.1,20.83,452011
2026-03-13,20.3,20.72,19.5,19.98,572117
2026-03-16,19.75,20.05,19.52,19.58,235778
2026-03-17,19.62,19.67,18.63,18.78,298889
2026-03-18,18.7,18.75,17.53,18.05,341335
2026-03-19,17.78,18.52,17.62,18.0,254167
2026-03-20,17.82,18.65,17.78,18.13,275931
2026-03-23,18.17,19.37,17.55,18.74,520996
2026-03-24,18.3,18.36,17.02,17.96,454765
2026-03-25,17.63,18.19,17.5,17.97,291793
2026-03-26,17.79,18.46,17.69,18.06,328975
2026-03-27,17.6,19.87,17.55,19.39,823576
2026-03-30,19.65,19.74,18.5,18.8,647825
2026-03-31,18.69,18.75,17.97,18.0,424858
2026-04-01,18.21,18.8,17.95,18.47,381767
2026-04-02,18.18,18.85,18.1,18.12,294724
2026-04-03,18.15,18.67,18.02,18.19,344505
2026-04-07,18.24,18.8,18.06,18.61,389191
2026-04-08,18.34,19.14,18.34,19.13,488677
2026-04-09,18.8,19.65,18.71,19.25,503767
2026-04-10,19.05,19.77,19.05,19.37,491826
2026-04-13,19.16,19.64,18.82,19.06,334574
2026-04-14,19.05,19.37,18.89,19.33,347680
2026-04-15,19.5,19.54,18.92,19.0,274755
2026-04-16,19.0,19.66,18.74,19.39,416210
2026-04-17,19.1,19.54,19.02,19.42,334713
2026-04-20,19.43,20.08,19.15,19.96,509295
2026-04-21,19.86,20.81,19.75,20.65,751044
2026-04-22,19.51,19.97,19.2,19.27,690449
2026-04-23,19.27,19.39,18.6,18.8,415331
2026-04-24,18.77,20.68,18.77,19.98,1089925
2026-04-27,19.97,20.8,19.88,20.28,919134
2026-04-28,20.06,21.23,19.89,20.92,995296
2026-04-29,20.42,20.73,19.93,20.34,644629
