Date,Open,High,Low,Close,Volume
2015-08-11,67.2,69.97,65.6,67.0,91403
2015-08-12,64.95,64.98,60.38,60.39,114305
2015-08-13,59.01,61.69,58.98,60.38,71168
2015-08-14,61.49,63.0,61.2,61.5,66268
2015-08-17,62.0,62.0,58.59,59.82,49287
2015-08-18,60.16,61.3,53.84,54.3,65818
2015-08-19,53.65,55.2,49.05,53.79,82164
2015-08-20,53.3,55.22,52.0,53.0,55825
2015-08-21,52.0,52.68,47.77,47.82,59554
2015-08-24,45.2,46.0,43.04,43.04,37750
2015-08-25,38.8,40.8,38.74,38.74,102965
2015-08-26,38.9,40.3,35.43,36.5,120061
2015-08-27,37.5,40.15,37.5,40.15,147305
2015-08-28,41.0,44.17,41.0,44.17,146572
2015-08-31,44.0,44.77,41.75,42.22,98622
2015-09-01,16.97,17.2,15.79,15.79,134638
2015-09-02,15.0,17.37,14.61,17.37,294988
2015-09-07,17.78,18.58,17.5,18.1,219481
2015-09-08,17.75,19.91,17.61,19.91,203360
2015-09-09,20.27,21.19,19.93,20.55,228007
2015-09-10,19.94,21.17,19.8,20.35,169519
2015-09-11,20.22,20.82,19.26,20.08,183666
2015-09-14,19.99,20.94,18.07,18.22,224466
2015-09-15,17.9,19.67,17.37,18.72,250555
2015-09-16,18.8,20.59,18.76,20.57,310220
2015-09-17,20.9,22.0,20.4,20.4,295784
2015-09-18,20.8,21.33,20.24,20.89,166562
2015-09-21,20.8,22.98,20.6,22.98,249834
2015-09-22,23.3,23.45,22.23,22.45,224034
2015-09-23,22.0,23.07,21.73,22.29,174726
2015-09-24,22.5,23.4,22.48,22.85,144379
2015-09-25,22.79,22.79,21.06,21.34,144938
2015-09-28,21.34,23.19,21.34,22.85,149917
2015-09-29,22.45,23.99,22.36,22.9,198184
2015-09-30,22.89,23.45,22.16,22.58,114547
2015-10-08,23.66,23.88,22.9,23.45,168515
2015-10-09,23.37,23.6,22.8,23.27,109920
2015-10-12,23.27,24.4,23.14,24.19,176818
2015-10-13,23.95,24.1,23.36,23.86,143908
2015-10-14,23.32,23.67,22.9,22.95,136276
2015-10-15,23.37,24.9,23.1,24.56,195821
2015-10-16,24.85,26.39,24.81,25.11,226196
2015-10-19,25.18,25.4,24.1,24.42,178159
2015-10-20,24.21,25.38,24.07,24.99,131532
2015-10-21,24.99,25.0,22.49,22.5,185233
2015-10-22,22.5,23.79,22.5,23.72,179567
2015-10-23,23.71,24.5,23.33,24.39,147348
2015-10-26,24.52,24.76,23.9,24.64,110001
2015-10-27,24.2,24.77,23.12,24.3,152063
2015-10-28,24.27,25.19,23.71,24.1,142947
2015-10-29,23.95,24.3,23.3,23.79,93891
2015-10-30,23.9,24.48,23.25,23.88,105629
2015-11-02,23.25,24.59,23.01,23.79,106770
2015-11-03,23.69,24.0,22.62,22.82,125131
2015-11-04,22.85,24.2,22.85,24.13,131112
2015-11-05,24.2,26.54,24.0,26.54,297637
2015-11-06,26.54,29.19,26.41,29.19,337671
2015-11-09,28.68,32.1,28.46,30.25,362099
2015-11-10,30.34,32.57,29.57,31.62,224311
2015-11-11,31.0,32.12,30.52,31.55,149589
2015-11-12,31.98,31.98,29.69,30.73,252308
2015-11-13,29.98,30.65,28.59,28.9,211183
2015-11-16,28.9,28.9,28.9,28.9,0
2015-11-17,28.9,28.9,28.9,28.9,0
2015-11-18,31.0,31.6,29.8,30.71,344239
2015-11-19,30.36,32.56,29.7,32.25,231179
2015-11-20,32.26,32.48,31.13,31.67,184165
2015-11-23,31.67,31.67,31.67,31.67,0
2015-11-24,31.67,31.67,31.67,31.67,0
2015-11-25,31.67,31.67,31.67,31.67,0
2015-11-26,32.98,33.56,31.0,31.05,196418
2015-11-27,30.6,30.85,28.68,29.3,160084
2015-11-30,29.8,29.8,27.01,28.56,160777
2015-12-01,28.53,29.46,28.0,29.0,108593
2015-12-02,28.8,28.99,27.0,27.8,100243
2015-12-03,28.11,29.33,27.73,29.0,124952
2015-12-04,28.89,29.6,28.57,28.79,97209
2015-12-07,28.52,31.4,28.44,30.64,143497
2015-12-08,30.69,30.69,29.61,29.95,105272
2015-12-09,29.79,30.12,29.0,29.3,97475
2015-12-10,29.18,30.25,28.82,29.94,84223
2015-12-11,29.7,30.15,28.6,28.99,91702
2015-12-14,28.2,29.08,27.6,28.95,114124
2015-12-15,29.15,30.62,29.1,29.99,125089
2015-12-16,30.1,30.6,29.71,29.82,65817
2015-12-17,30.1,32.37,30.1,31.0,162562
2015-12-18,31.35,33.0,30.87,31.9,162051
2015-12-21,31.76,32.11,31.35,31.6,112507
2015-12-22,31.4,31.91,30.8,31.4,108076
2015-12-23,31.41,31.6,30.8,31.0,104896
2015-12-24,30.5,31.18,29.96,31.0,76945
2015-12-25,30.99,32.3,30.77,31.1,120665
2015-12-28,31.38,31.38,30.17,30.17,126542
2015-12-29,30.2,30.98,29.4,29.99,110506
2015-12-30,29.98,30.19,29.19,29.46,109733
2015-12-31,29.47,29.85,28.28,28.3,158071
2016-01-04,28.16,28.2,26.0,26.07,105827
2016-01-05,25.02,26.7,23.9,24.9,232535
2016-01-06,25.1,25.89,25.0,25.64,166345
2016-01-07,25.0,25.1,23.08,23.09,35400
2016-01-08,23.05,25.25,22.92,24.41,228464
2016-01-11,23.83,25.45,23.55,23.7,232128
2016-01-12,24.1,25.25,23.61,24.85,171888
2016-01-13,25.1,25.99,23.99,24.22,159989
2016-01-14,23.05,25.8,23.05,25.51,141988
2016-01-15,25.04,26.08,24.9,25.25,128463
2016-01-18,24.9,26.47,24.68,26.05,114794
2016-01-19,25.8,26.76,25.47,26.25,157320
2016-01-20,26.15,26.36,24.9,25.57,161284
2016-01-21,24.92,25.49,23.66,23.8,110706
2016-01-22,24.0,24.39,23.0,23.99,86662
2016-01-25,24.2,25.1,24.0,24.18,76347
2016-01-26,24.2,24.68,21.9,21.95,133993
2016-01-27,21.95,22.45,20.18,22.34,126308
2016-01-28,21.69,23.02,21.35,21.8,89433
2016-01-29,22.1,23.39,21.82,23.1,85490
2016-02-01,23.08,25.0,22.8,24.48,142212
2016-02-02,24.49,25.98,24.3,25.55,105939
2016-02-03,25.0,25.8,24.8,25.5,76219
2016-02-04,25.53,27.98,25.53,26.99,113945
2016-02-05,26.78,27.3,26.45,26.65,58244
2016-02-15,26.05,27.69,25.66,26.98,94904
2016-02-16,27.35,27.75,26.66,26.85,114446
2016-02-17,26.8,26.8,26.11,26.79,105801
2016-02-18,26.95,26.97,25.47,26.2,148512
2016-02-19,25.95,26.09,25.5,25.75,98971
2016-02-22,26.18,26.28,25.52,26.15,111001
2016-02-23,26.15,27.2,25.9,26.95,150536
2016-02-24,26.63,27.15,25.7,26.35,122944
2016-02-25,26.0,26.16,23.72,23.72,138244
2016-02-26,23.6,24.1,22.22,22.79,150388
2016-02-29,22.8,24.01,21.5,22.3,196402
2016-03-01,22.28,23.96,22.19,23.8,154361
2016-03-02,23.79,24.79,23.71,24.69,114455
2016-03-03,26.85,26.85,25.31,25.52,139478
2016-03-04,25.45,26.03,23.81,24.09,139628
2016-03-07,24.35,25.19,23.7,24.2,98187
2016-03-08,24.01,25.6,22.6,25.58,141485
2016-03-09,24.99,26.16,24.55,25.18,115985
2016-03-10,25.02,25.74,24.3,24.37,67724
2016-03-11,24.0,24.88,23.86,24.28,46112
2016-03-14,24.88,26.28,24.83,25.91,113514
2016-03-15,25.59,26.83,25.59,26.17,130596
2016-03-16,26.17,26.5,25.33,25.6,76188
2016-03-17,25.71,27.98,25.71,27.79,184813
2016-03-18,27.81,28.75,27.5,28.37,225651
2016-03-21,28.58,28.75,27.72,28.26,159087
2016-03-22,28.0,28.42,27.66,28.1,131853
2016-03-23,27.83,28.72,27.69,28.11,126245
2016-03-24,27.7,27.98,27.07,27.24,101735
2016-03-25,27.26,27.93,26.71,27.35,118077
2016-03-28,27.46,28.1,27.28,27.36,86026
2016-03-29,27.3,28.42,27.0,27.0,143644
2016-03-30,27.35,28.08,27.1,27.8,107767
2016-03-31,28.25,29.88,28.22,29.26,210340
2016-04-01,29.2,29.55,28.02,29.2,110677
2016-04-05,29.17,29.78,28.71,29.67,97077
2016-04-06,29.6,29.6,28.5,28.82,134300
2016-04-07,28.8,28.9,27.65,27.69,118268
2016-04-08,27.5,28.2,27.13,28.15,97734
2016-04-11,28.31,29.3,27.91,28.41,201267
2016-04-12,28.14,28.19,27.33,27.73,85412
2016-04-13,27.9,28.65,27.9,28.01,120037
2016-04-14,28.98,29.5,28.31,28.75,173445
2016-04-15,28.35,28.42,27.75,28.05,134440
2016-04-18,28.36,29.3,27.97,29.04,196672
2016-04-19,29.1,29.19,28.1,28.71,134921
2016-04-20,28.68,28.68,26.26,27.27,215958
2016-04-21,26.68,27.57,26.3,26.4,100066
2016-04-22,26.35,26.94,26.16,26.85,83057
2016-04-25,26.55,26.79,25.9,26.59,75423
2016-04-26,26.59,26.59,26.59,26.59,0
2016-04-27,27.2,27.91,26.9,27.05,125055
2016-04-28,27.03,27.38,26.8,27.23,68092
2016-04-29,27.08,27.71,27.05,27.3,87522
2016-05-03,27.59,27.88,27.03,27.81,126162
2016-05-04,27.69,28.1,27.62,27.7,87504
2016-05-05,27.79,28.0,27.51,27.93,60591
2016-05-06,27.93,28.08,26.52,26.53,99288
2016-05-09,26.1,26.55,25.4,25.6,108631
2016-05-10,25.69,26.39,25.69,26.15,69231
2016-05-11,26.07,26.38,25.61,25.84,75632
2016-05-12,25.62,25.76,25.1,25.52,80075
2016-05-13,25.52,26.04,25.12,25.5,47582
2016-05-16,25.3,25.88,25.2,25.75,83889
2016-05-17,25.55,26.0,25.38,25.76,77227
2016-05-18,25.6,25.6,24.78,24.82,66935
2016-05-19,25.2,25.56,24.92,25.05,94358
2016-05-20,24.74,25.1,24.58,25.05,66112
2016-05-23,25.12,25.75,25.12,25.63,80569
2016-05-24,25.45,25.51,25.08,25.23,51784
2016-05-25,25.47,25.75,24.89,25.04,61510
2016-05-26,24.91,25.03,24.0,24.83,72389
2016-05-27,24.5,24.95,24.41,24.62,48390
2016-05-30,24.58,24.58,24.04,24.08,55556
2016-05-31,24.08,25.1,24.07,25.09,158379
2016-06-01,25.08,25.45,24.92,25.03,129918
2016-06-02,24.9,25.15,24.75,25.13,82620
2016-06-03,25.06,25.98,24.98,25.7,141195
2016-06-06,25.88,25.9,25.17,25.25,128893
2016-06-07,25.22,25.45,25.04,25.23,60566
2016-06-08,25.3,25.3,24.64,24.86,79939
2016-06-13,24.37,24.57,23.7,23.7,101201
2016-06-14,23.5,24.0,23.5,23.63,65871
2016-06-15,23.44,24.44,23.33,24.0,116795
2016-06-16,23.9,24.14,23.5,23.52,120109
2016-06-17,23.67,24.24,23.67,23.81,82026
2016-06-20,23.83,23.95,23.35,23.62,49155
2016-06-21,23.62,23.62,23.62,23.62,0
2016-06-22,24.0,24.56,24.0,24.33,111589
2016-06-23,24.2,24.35,23.95,24.07,67257
2016-06-24,24.12,24.48,23.2,24.12,92740
2016-06-27,23.91,24.58,23.85,24.5,92415
2016-06-28,24.3,25.55,24.22,25.26,166696
2016-06-29,25.17,25.49,24.94,25.08,89653
2016-06-30,24.97,25.17,24.8,24.91,69174
2016-07-01,24.92,25.65,24.92,25.08,96214
2016-07-04,24.92,25.2,24.81,25.11,97307
2016-07-05,25.15,25.17,24.8,24.82,93734
2016-07-06,24.83,24.98,24.48,24.52,109847
2016-07-07,24.52,24.97,24.32,24.63,94660
2016-07-08,24.79,24.79,24.23,24.27,109852
2016-07-11,24.3,24.48,24.04,24.23,90174
2016-07-12,24.2,24.53,23.91,24.47,103097
2016-07-13,24.54,25.48,24.31,25.16,211642
2016-07-14,25.2,25.34,24.24,24.39,239513
2016-07-15,24.43,24.54,24.0,24.2,122949
2016-07-18,24.06,24.29,23.72,24.08,99632
2016-07-19,23.95,24.16,23.88,24.1,73210
2016-07-20,24.18,24.4,24.1,24.21,104546
2016-07-21,24.1,24.28,23.9,24.01,100651
2016-07-22,24.03,24.08,23.8,23.83,77826
2016-07-25,23.8,24.14,23.7,23.82,60064
2016-07-26,23.82,24.05,23.82,24.0,52838
2016-07-27,24.05,24.08,22.53,23.1,145262
2016-07-28,23.1,23.2,22.65,22.88,86263
2016-07-29,22.72,23.19,22.71,22.88,56881
2016-08-01,22.78,23.34,22.3,23.33,120681
2016-08-02,23.2,23.47,23.05,23.33,54443
2016-08-03,23.15,23.26,22.95,23.12,63417
2016-08-04,23.1,23.28,22.97,23.14,40043
2016-08-05,23.25,23.25,22.87,22.88,44828
2016-08-08,22.78,23.08,22.41,22.99,58083
2016-08-09,22.93,23.36,22.91,23.2,51236
2016-08-10,23.3,23.45,23.09,23.1,52431
2016-08-11,23.15,23.88,23.07,23.38,114314
2016-08-12,23.37,23.8,23.23,23.62,70967
2016-08-15,23.62,24.21,23.41,24.17,165530
2016-08-16,24.27,24.34,24.08,24.28,90740
2016-08-17,24.2,24.25,23.91,23.96,87880
2016-08-18,23.91,24.13,23.76,23.98,74583
2016-08-19,23.89,24.2,23.72,24.0,83888
2016-08-22,24.02,24.35,23.85,24.16,98425
2016-08-23,24.16,24.2,23.89,23.99,53763
2016-08-24,24.02,24.34,23.9,24.28,109133
2016-08-25,24.18,24.19,23.5,23.86,107922
2016-08-26,23.85,24.12,23.7,23.86,60281
2016-08-29,23.86,24.29,23.85,24.01,101732
2016-08-30,23.97,24.16,23.7,23.8,64047
2016-08-31,23.8,23.97,23.72,23.92,45291
2016-09-01,23.99,24.38,23.89,24.02,96776
2016-09-02,24.07,24.28,23.7,23.83,102139
2016-09-05,23.99,24.09,23.75,23.78,78309
2016-09-06,23.8,24.05,23.2,24.01,127753
2016-09-07,24.1,24.2,23.84,23.96,87183
2016-09-08,24.0,24.09,23.78,23.93,44855
2016-09-09,23.99,24.19,23.82,24.12,81488
2016-09-12,23.9,24.89,23.69,24.41,241899
2016-09-13,24.47,25.2,24.3,24.68,213578
2016-09-14,24.54,24.94,24.44,24.53,116319
2016-09-19,24.8,25.07,24.4,24.8,113935
2016-09-20,24.8,25.18,24.66,25.07,115265
2016-09-21,25.08,25.65,25.0,25.53,153178
2016-09-22,25.62,25.79,25.21,25.24,114717
2016-09-23,25.2,25.35,24.8,24.85,95392
2016-09-26,24.7,25.1,24.25,24.35,98924
2016-09-27,24.47,24.84,24.28,24.62,75560
2016-09-28,24.67,24.78,24.39,24.58,59722
2016-09-29,24.51,24.68,24.22,24.24,79201
2016-09-30,24.29,24.51,24.23,24.5,50885
2016-10-10,25.0,25.1,24.6,25.08,92407
2016-10-11,25.4,25.77,25.22,25.41,167763
2016-10-12,25.38,25.61,25.03,25.23,81778
2016-10-13,25.28,25.64,25.04,25.51,86916
2016-10-14,25.43,25.43,25.04,25.2,59395
2016-10-17,25.1,25.38,24.68,24.68,69730
2016-10-18,24.75,25.05,24.56,24.93,82276
2016-10-19,24.94,25.01,24.6,24.77,72508
2016-10-20,24.77,24.81,24.5,24.55,60667
2016-10-21,24.55,24.65,24.14,24.53,76398
2016-10-24,24.44,24.87,24.43,24.7,74056
2016-10-25,24.7,24.75,24.43,24.5,51647
2016-10-26,24.63,24.66,24.23,24.45,73826
2016-10-27,24.4,24.55,24.35,24.5,31516
2016-10-28,24.45,24.77,24.4,24.62,59394
2016-10-31,24.59,24.76,24.23,24.65,54840
2016-11-01,24.65,24.7,24.28,24.5,87033
2016-11-02,24.36,24.5,24.11,24.35,62704
2016-11-03,24.28,24.53,24.12,24.44,87497
2016-11-04,24.4,25.18,24.38,25.12,150786
2016-11-07,25.0,25.09,24.62,24.71,65327
2016-11-08,24.91,25.28,24.7,25.01,75721
2016-11-09,25.01,25.48,24.73,24.94,95939
2016-11-10,25.45,25.52,24.92,25.16,90245
2016-11-11,25.16,25.24,24.72,24.72,87290
2016-11-14,24.7,25.05,24.13,24.5,127067
2016-11-15,24.42,24.67,24.34,24.66,65202
2016-11-16,24.66,24.87,24.53,24.56,58459
2016-11-17,24.56,24.61,24.25,24.3,61345
2016-11-18,24.29,24.45,24.22,24.25,46721
2016-11-21,24.25,24.37,24.11,24.18,63826
2016-11-22,24.18,24.35,24.13,24.3,65566
2016-11-23,24.31,24.32,22.88,23.14,344700
2016-11-24,23.05,23.12,22.81,22.89,125146
2016-11-25,22.91,23.05,22.81,22.99,88339
2016-11-28,23.07,23.07,22.68,22.7,140109
2016-11-29,22.79,22.84,22.65,22.72,59682
2016-11-30,22.73,23.0,22.69,22.8,98339
2016-12-01,22.79,23.01,22.69,22.98,85834
2016-12-02,22.92,22.96,22.57,22.67,78347
2016-12-05,22.55,22.74,22.22,22.3,80404
2016-12-06,22.34,22.52,22.26,22.33,63154
2016-12-07,22.36,22.52,22.29,22.41,50713
2016-12-08,22.42,22.47,22.28,22.29,37020
2016-12-09,22.3,22.39,21.5,21.8,124897
2016-12-12,21.7,21.79,20.4,20.6,143330
2016-12-13,20.6,20.95,20.21,20.87,99742
2016-12-14,20.7,20.85,20.33,20.33,58067
2016-12-15,20.35,20.55,20.0,20.26,92967
2016-12-16,20.25,21.28,20.25,21.0,114126
2016-12-19,21.0,21.05,20.8,20.89,31831
2016-12-20,20.87,20.97,20.7,20.78,31263
2016-12-21,20.95,21.62,20.95,21.13,61504
2016-12-22,21.18,21.18,20.87,20.9,47005
2016-12-23,20.86,20.99,20.66,20.81,37826
2016-12-26,20.79,20.96,20.42,20.85,51270
2016-12-27,20.87,21.08,20.77,20.88,39705
2016-12-28,20.85,21.03,20.67,20.68,53704
2016-12-29,20.69,20.97,20.55,20.84,60908
2016-12-30,20.83,21.1,20.74,20.94,76147
2017-01-03,20.95,21.11,20.81,20.99,56349
2017-01-04,20.97,21.58,20.92,21.48,96135
2017-01-05,21.5,21.52,21.14,21.21,61137
2017-01-06,21.15,21.21,20.89,20.99,49119
2017-01-09,21.04,21.09,20.85,21.05,33212
2017-01-10,21.1,21.17,20.89,21.12,40063
2017-01-11,21.0,21.16,20.93,21.0,39636
2017-01-12,21.0,21.06,20.55,20.55,53418
2017-01-13,20.53,20.65,20.13,20.17,42538
2017-01-16,20.19,20.19,18.15,19.41,100019
2017-01-17,19.45,19.93,19.37,19.78,81182
2017-01-18,19.7,19.7,19.46,19.53,39630
2017-01-19,19.65,19.96,19.59,19.62,50703
2017-01-20,19.74,20.15,19.65,20.0,48377
2017-01-23,20.1,20.36,19.98,20.2,46985
2017-01-24,20.19,20.2,20.0,20.03,20554
2017-01-25,20.1,20.39,20.0,20.28,43298
2017-01-26,20.34,20.71,20.26,20.65,53540
2017-02-03,20.9,20.97,20.61,20.8,37257
2017-02-06,20.7,20.99,20.7,20.98,44284
2017-02-07,20.95,21.08,20.82,20.94,35598
2017-02-08,20.9,20.98,20.59,20.83,41431
2017-02-09,20.89,20.9,20.67,20.76,33272
2017-02-10,20.98,20.98,20.56,20.64,28453
2017-02-13,20.79,20.79,20.46,20.66,51546
2017-02-14,20.7,20.74,20.55,20.64,26376
2017-02-15,20.64,20.72,20.41,20.5,33496
2017-02-16,20.52,20.58,20.35,20.38,39402
2017-02-17,20.41,20.45,20.04,20.06,48525
2017-02-20,20.08,20.35,19.99,20.11,42445
2017-02-21,20.2,20.8,20.18,20.68,85205
2017-02-22,20.75,20.82,20.54,20.7,53564
2017-02-23,20.78,20.84,20.51,20.63,31963
2017-02-24,20.64,21.24,20.62,21.0,102428
2017-02-27,21.01,21.6,20.93,21.35,98793
2017-02-28,21.11,21.58,21.11,21.27,88818
2017-03-01,21.4,21.87,21.3,21.5,145261
2017-03-02,21.48,21.62,21.08,21.2,89278
2017-03-03,21.1,21.39,20.97,21.25,62131
2017-03-06,21.35,21.73,21.3,21.48,82352
2017-03-07,21.54,22.18,21.49,22.07,135092
2017-03-08,22.3,22.39,21.48,21.5,141711
2017-03-09,21.49,21.49,20.92,21.15,123634
2017-03-10,21.1,21.35,21.03,21.1,83741
2017-03-13,21.2,21.95,21.08,21.7,131906
2017-03-14,21.4,21.4,20.05,20.25,383934
2017-03-15,20.2,20.2,19.66,19.87,187420
2017-03-16,19.91,20.12,19.9,19.95,99459
2017-03-17,19.99,20.2,19.85,19.87,76968
2017-03-20,19.9,19.99,19.55,19.75,103169
2017-03-21,19.77,19.88,19.67,19.84,61577
2017-03-22,19.78,20.15,19.69,19.92,119350
2017-03-23,19.92,20.01,19.7,19.9,109349
2017-03-24,19.91,20.02,19.83,19.95,57287
2017-03-27,19.99,20.22,19.98,20.06,74322
2017-03-28,20.07,20.12,19.66,19.66,102487
2017-03-29,19.68,19.75,19.31,19.43,93267
2017-03-30,19.4,19.5,19.21,19.23,79319
2017-03-31,19.23,19.54,19.22,19.52,58888
2017-04-05,19.55,19.67,19.38,19.59,82695
2017-04-06,19.6,20.27,19.55,20.08,126952
2017-04-07,20.0,20.35,19.94,20.03,105923
2017-04-10,20.04,20.09,19.8,19.88,55958
2017-04-11,19.98,20.08,19.67,20.04,62377
2017-04-12,20.04,20.17,19.86,20.0,55854
2017-04-13,20.02,20.02,19.7,19.82,40222
2017-04-14,19.79,19.82,19.4,19.52,49134
2017-04-17,19.52,19.65,19.41,19.44,31050
2017-04-18,19.57,19.6,19.42,19.42,40968
2017-04-19,19.39,19.7,18.9,19.67,82409
2017-04-20,19.59,19.73,19.34,19.44,43468
2017-04-21,19.4,19.76,19.29,19.36,37272
2017-04-24,19.35,19.49,18.98,19.44,44293
2017-04-25,19.42,20.15,19.41,20.0,84383
2017-04-26,19.89,20.05,19.71,19.89,46164
2017-04-27,19.8,20.11,19.42,19.93,73808
2017-04-28,19.93,20.36,19.85,20.14,82852
2017-05-02,20.15,20.45,20.02,20.26,69713
2017-05-03,20.21,20.22,19.84,20.1,51550
2017-05-04,20.0,20.22,19.85,20.06,50156
2017-05-05,19.99,20.09,19.78,19.8,40474
2017-05-08,19.81,19.99,19.58,19.8,39675
2017-05-09,19.65,20.4,19.61,20.37,94582
2017-05-10,20.23,20.57,20.13,20.19,57414
2017-05-11,20.08,20.5,19.81,20.5,113222
2017-05-12,20.46,20.9,20.23,20.9,87998
2017-05-15,20.72,21.18,20.72,21.16,80717
2017-05-16,21.1,21.24,20.83,21.15,67515
2017-05-17,21.06,21.53,21.05,21.15,67774
2017-05-18,20.9,21.38,20.81,21.0,67132
2017-05-19,21.0,21.14,20.55,20.66,58850
2017-05-22,20.55,20.84,20.41,20.72,37216
2017-05-23,20.7,21.01,20.51,20.8,49944
2017-05-24,20.7,21.22,20.52,21.18,52665
2017-05-25,21.15,21.37,20.85,21.14,48432
2017-05-26,21.12,21.36,21.03,21.31,39673
2017-05-31,21.5,21.72,21.23,21.27,68207
2017-06-01,21.27,21.35,20.73,20.85,57537
2017-06-02,20.79,21.25,20.7,21.19,43285
2017-06-05,21.28,21.5,21.24,21.48,60751
2017-06-06,21.49,21.63,21.3,21.36,45967
2017-06-07,21.47,21.99,21.28,21.78,82612
2017-06-08,21.78,21.88,21.6,21.73,37788
2017-06-09,21.73,21.96,21.6,21.87,61992
2017-06-12,21.74,21.84,21.23,21.36,48964
2017-06-13,21.34,21.83,21.34,21.6,38025
2017-06-14,21.64,21.83,21.34,21.36,31472
2017-06-15,21.53,21.86,21.26,21.3,81958
2017-06-16,21.34,21.45,21.02,21.04,55729
2017-06-19,21.0,21.3,20.87,21.15,53467
2017-06-20,21.22,21.42,21.01,21.11,40040
2017-06-21,21.13,21.35,21.03,21.35,28989
2017-06-22,21.34,21.35,20.74,20.8,62328
2017-06-23,20.8,20.94,20.51,20.82,45569
2017-06-26,20.72,21.15,20.6,21.09,64815
2017-06-27,20.98,21.26,20.81,21.12,37566
2017-06-28,21.1,21.5,21.02,21.13,48967
2017-06-29,21.07,21.26,20.8,20.92,41460
2017-06-30,20.9,21.0,20.72,20.87,37874
2017-07-03,20.82,21.44,20.77,21.4,65486
2017-07-04,21.42,21.48,21.2,21.21,41982
2017-07-05,21.13,21.55,21.13,21.37,42696
2017-07-06,21.45,21.46,20.81,20.94,68945
2017-07-07,20.9,21.02,20.74,20.77,44756
2017-07-10,20.7,20.79,19.84,20.05,115674
2017-07-11,19.92,20.04,19.65,19.71,75692
2017-07-12,19.71,19.99,19.71,19.86,38449
2017-07-13,19.88,19.95,19.57,19.74,53533
2017-07-14,19.67,19.74,19.38,19.41,46681
2017-07-17,19.41,19.5,18.85,19.02,57769
2017-07-18,18.91,19.18,18.9,19.17,39994
2017-07-19,19.18,19.39,18.88,19.31,55827
2017-07-20,19.31,19.67,19.25,19.44,57907
2017-07-21,19.38,19.55,19.15,19.21,31468
2017-07-24,19.17,19.17,18.82,18.87,79304
2017-07-25,18.99,19.22,18.92,19.08,51055
2017-07-26,19.1,19.35,18.92,19.19,56263
2017-07-27,19.2,20.17,19.11,19.94,145814
2017-07-28,19.98,20.18,19.75,19.91,78537
2017-07-31,19.83,19.95,19.55,19.67,70898
2017-08-01,19.76,19.76,19.33,19.52,61716
2017-08-02,19.58,19.62,19.28,19.37,54211
2017-08-03,19.3,19.69,19.25,19.39,53247
2017-08-04,19.4,19.49,18.9,18.94,83330
2017-08-07,18.98,19.11,18.87,18.91,56759
2017-08-08,18.95,19.21,18.7,19.14,81225
2017-08-09,18.7,19.08,18.7,18.99,103476
2017-08-10,18.97,18.97,18.56,18.7,86933
2017-08-11,18.55,18.65,18.14,18.33,88618
2017-08-14,18.43,18.77,18.36,18.6,69465
2017-08-15,18.69,19.3,18.67,19.18,128956
2017-08-16,19.08,19.85,18.85,19.67,174052
2017-08-17,19.54,19.8,19.46,19.58,88558
2017-08-18,19.58,19.7,19.42,19.58,53321
2017-08-21,19.65,19.79,19.48,19.56,51639
2017-08-22,19.64,19.64,19.13,19.22,82260
2017-08-23,19.24,19.31,19.06,19.1,48260
2017-08-24,19.07,19.16,18.82,18.83,61028
2017-08-25,18.9,19.09,18.85,19.07,48891
2017-08-28,19.0,19.32,18.97,19.2,83510
2017-08-29,19.15,19.26,18.88,18.98,54621
2017-08-30,19.0,19.2,18.95,19.14,44225
2017-08-31,19.11,19.32,19.11,19.2,48307
2017-09-01,19.24,19.42,19.15,19.37,67580
2017-09-04,19.4,19.8,19.27,19.69,148264
2017-09-05,19.63,19.82,19.45,19.61,86930
2017-09-06,19.57,19.58,19.3,19.53,77900
2017-09-07,19.57,19.6,19.36,19.38,72383
2017-09-08,19.38,19.56,19.2,19.3,64273
2017-09-11,19.35,19.49,19.3,19.37,57364
2017-09-12,19.32,19.39,19.09,19.1,81288
2017-09-13,19.1,19.21,18.96,19.19,49110
2017-09-14,19.19,19.38,19.08,19.31,69601
2017-09-15,19.3,19.33,19.04,19.1,52332
2017-09-18,19.1,19.14,18.97,19.09,52668
2017-09-19,19.11,19.14,18.85,18.94,58815
2017-09-20,18.99,19.03,18.9,18.99,48847
2017-09-21,19.01,19.24,18.94,19.02,66834
2017-09-22,19.05,19.08,18.77,18.92,52679
2017-09-25,18.95,19.19,18.94,18.98,54651
2017-09-26,18.98,19.06,18.29,18.55,103722
2017-09-27,18.58,18.68,18.46,18.59,37665
2017-09-28,18.66,18.69,18.5,18.61,35094
2017-09-29,18.62,18.74,18.55,18.72,31776
2017-10-09,18.84,18.98,18.53,18.6,77237
2017-10-10,18.63,19.4,18.53,19.2,149374
2017-10-11,19.16,19.55,19.05,19.28,115585
2017-10-12,19.25,19.47,19.04,19.2,74052
2017-10-13,19.33,19.5,19.2,19.48,104680
2017-10-16,19.55,19.65,18.99,19.1,77733
2017-10-17,19.02,19.21,19.01,19.16,44832
2017-10-18,19.2,19.23,19.01,19.04,28673
2017-10-19,19.04,19.17,18.6,19.05,59887
2017-10-20,18.96,19.31,18.96,19.1,35604
2017-10-23,19.1,19.34,19.07,19.16,49679
2017-10-24,19.12,19.32,18.94,19.1,56208
2017-10-25,19.1,19.55,19.06,19.46,87806
2017-10-26,19.5,19.87,19.34,19.77,123297
2017-10-27,19.73,19.88,19.43,19.48,78809
2017-10-30,19.42,19.84,19.26,19.68,124409
2017-10-31,19.63,20.29,19.63,20.15,136639
2017-11-01,20.16,20.28,19.98,20.08,82120
2017-11-02,20.13,20.16,19.83,19.84,66799
2017-11-03,19.81,19.96,19.48,19.59,75771
2017-11-06,19.63,19.78,19.26,19.69,77217
2017-11-07,19.62,19.77,19.54,19.75,44345
2017-11-08,19.76,20.54,19.76,20.2,142585
2017-11-09,20.24,20.48,20.13,20.36,90623
2017-11-10,20.4,21.13,20.39,20.97,183052
2017-11-13,21.1,21.36,20.73,21.01,128877
2017-11-14,21.01,21.48,20.78,20.84,105640
2017-11-15,20.89,21.08,20.51,20.7,83107
2017-11-16,20.77,21.2,20.6,21.04,79179
2017-11-17,20.9,21.1,20.55,20.55,81212
2017-11-20,20.49,20.78,20.1,20.49,103415
2017-11-21,20.54,20.74,20.02,20.02,119119
2017-11-22,19.9,20.22,19.4,19.72,151928
2017-11-23,19.72,19.97,19.35,19.4,79143
2017-11-24,19.4,19.76,19.12,19.69,91932
2017-11-27,19.65,19.65,19.1,19.12,71599
2017-11-28,19.18,19.18,18.75,19.06,65693
2017-11-29,19.0,19.02,18.37,18.61,115162
2017-11-30,18.58,18.76,18.48,18.48,43250
2017-12-01,18.51,18.66,18.24,18.61,53048
2017-12-04,18.68,18.68,18.17,18.17,73536
2017-12-05,18.15,18.29,18.1,18.15,55110
2017-12-06,18.16,18.3,17.72,18.01,75400
2017-12-07,18.0,18.0,17.66,17.82,59511
2017-12-08,17.73,18.08,17.73,17.96,40841
2017-12-11,18.07,18.59,17.98,18.41,79495
2017-12-12,18.43,18.45,18.07,18.09,48966
2017-12-13,18.11,18.17,17.84,18.12,46156
2017-12-14,18.1,18.11,17.8,17.91,39162
2017-12-15,17.92,17.94,17.66,17.81,41842
2017-12-18,17.8,17.9,17.7,17.7,49202
2017-12-19,17.8,18.07,17.66,18.03,57684
2017-12-20,18.17,19.1,18.1,18.78,227138
2017-12-21,18.79,18.81,18.49,18.64,84781
2017-12-22,18.69,18.86,18.41,18.45,58403
2017-12-25,18.45,19.01,18.3,18.78,62654
2017-12-26,18.71,18.86,18.56,18.73,39985
2017-12-27,18.73,18.95,18.55,18.8,41292
2017-12-28,18.78,18.87,18.6,18.6,37066
2017-12-29,18.64,18.75,18.51,18.66,32639
2018-01-02,18.7,18.77,18.36,18.56,56018
2018-01-03,18.51,18.92,18.51,18.78,78376
2018-01-04,18.74,19.14,18.7,18.87,65993
2018-01-05,18.93,18.95,18.7,18.82,40007
2018-01-08,18.86,18.87,18.49,18.68,53420
2018-01-09,18.68,18.68,18.45,18.5,55783
2018-01-10,18.49,18.68,18.29,18.3,53460
2018-01-11,18.33,18.41,18.11,18.27,55351
2018-01-12,18.28,18.32,18.15,18.18,37949
2018-01-15,18.17,18.2,17.81,17.82,58398
2018-01-16,17.82,18.05,17.75,17.98,38772
2018-01-17,17.98,18.36,17.86,18.3,55530
2018-01-18,18.42,18.42,18.12,18.13,57885
2018-01-19,18.15,18.47,17.95,18.05,71143
2018-01-22,18.06,18.76,17.95,18.64,116866
2018-01-23,18.6,18.74,18.36,18.44,68164
2018-01-24,18.3,19.87,18.29,19.54,268699
2018-01-25,19.6,20.2,19.36,19.41,206950
2018-01-26,19.43,19.78,19.37,19.5,85070
2018-01-29,19.48,19.78,18.97,19.24,120061
2018-01-30,19.19,19.46,19.0,19.19,71599
2018-01-31,19.1,19.33,18.45,18.45,111664
2018-02-01,18.52,18.86,18.35,18.38,85795
2018-02-02,18.11,19.15,18.02,18.87,93964
2018-02-05,18.7,19.13,18.62,18.78,64010
2018-02-06,18.45,18.6,17.65,17.67,107852
2018-02-07,18.1,18.92,17.68,18.37,114798
2018-02-08,18.45,18.93,18.4,18.69,111918
2018-02-09,18.1,18.5,17.73,17.98,111306
2018-02-12,18.14,18.92,18.14,18.72,94643
2018-02-13,18.76,19.19,18.43,18.57,65436
2018-02-14,18.61,18.7,18.37,18.5,44468
2018-02-22,18.82,19.19,18.55,19.06,86106
2018-02-23,19.01,19.26,19.0,19.12,66733
2018-02-26,19.28,19.47,18.9,19.31,96104
2018-02-27,19.37,19.74,19.25,19.46,103133
2018-02-28,19.45,19.74,19.12,19.66,100701
2018-03-01,19.5,19.84,19.25,19.63,95408
2018-03-02,19.41,19.7,19.02,19.16,67681
2018-03-05,19.16,19.45,19.1,19.39,55123
2018-03-06,19.44,20.06,19.3,19.55,108880
2018-03-07,19.58,19.83,19.42,19.75,73366
2018-03-08,19.7,19.8,19.5,19.61,45384
2018-03-09,19.65,20.65,19.6,20.59,179647
2018-03-12,20.6,20.96,20.36,20.5,159330
2018-03-13,20.63,21.0,20.47,20.64,113055
2018-03-14,20.52,20.8,20.17,20.25,103328
2018-03-15,20.36,20.38,19.96,20.29,74192
2018-03-16,20.32,20.36,19.8,19.9,75741
2018-03-19,19.95,20.37,19.88,20.09,90163
2018-03-20,19.92,20.48,19.77,20.45,93219
2018-03-21,20.41,20.55,19.71,19.81,80630
2018-03-22,19.82,19.99,19.65,19.68,64809
2018-03-23,19.11,19.8,19.06,19.2,112123
2018-03-26,19.22,19.79,19.05,19.69,95743
2018-03-27,19.95,20.5,19.84,20.4,125722
2018-03-28,20.26,20.63,19.85,19.86,142126
2018-03-29,19.88,20.57,19.88,20.42,119108
2018-03-30,20.5,21.15,20.42,20.89,146805
2018-04-02,21.02,21.12,20.65,20.8,98989
2018-04-03,20.62,20.77,20.17,20.32,96576
2018-04-04,20.33,20.87,20.33,20.53,84893
2018-04-09,20.53,21.06,20.4,20.82,103532
2018-04-10,20.76,20.81,20.2,20.41,87562
2018-04-11,20.51,20.65,20.33,20.36,66242
2018-04-12,20.31,20.51,20.24,20.24,57754
2018-04-13,20.39,20.47,19.95,20.0,62883
2018-04-16,20.55,20.8,19.72,19.92,142912
2018-04-17,19.85,20.23,19.72,19.72,92086
2018-04-18,19.82,20.4,19.63,20.27,83204
2018-04-19,20.3,20.37,20.0,20.07,55188
2018-04-20,20.03,20.14,19.65,19.76,61297
2018-04-23,19.76,20.0,19.51,19.69,58672
2018-04-24,19.78,20.15,19.62,20.11,60255
2018-04-25,20.08,20.08,19.71,19.81,76598
2018-04-26,19.93,20.16,19.6,19.98,103390
2018-04-27,19.99,20.54,19.8,20.47,113930
2018-05-02,20.48,20.88,20.24,20.47,70118
2018-05-03,20.43,20.8,20.2,20.7,93281
2018-05-04,20.65,20.85,20.31,20.33,69327
2018-05-07,20.4,20.79,20.31,20.79,87819
2018-05-08,20.81,21.04,20.65,20.86,107821
2018-05-09,20.85,21.08,20.53,20.98,83710
2018-05-10,20.9,21.0,20.67,20.86,66668
2018-05-11,20.94,21.05,20.55,20.64,83630
2018-05-14,20.71,20.98,20.59,20.84,52483
2018-05-15,20.84,20.85,20.29,20.49,76095
2018-05-16,20.44,20.67,20.32,20.51,66251
2018-05-17,20.46,20.53,19.83,20.01,100668
2018-05-18,20.03,20.32,19.91,20.22,82634
2018-05-21,20.31,20.48,20.17,20.23,63383
2018-05-22,20.33,20.36,20.1,20.27,48552
2018-05-23,20.31,20.36,20.08,20.13,64222
2018-05-24,20.0,20.3,19.8,19.86,50508
2018-05-25,19.97,20.65,19.88,20.49,104539
2018-05-28,20.54,21.05,20.46,20.87,120624
2018-05-29,20.9,21.15,20.61,20.73,86226
2018-05-30,20.48,22.75,20.48,22.0,282205
2018-05-31,22.03,23.36,21.86,23.16,321245
2018-06-01,22.94,23.19,22.48,23.01,181414
2018-06-06,23.03,23.19,22.41,22.68,154861
2018-06-07,22.78,24.1,22.5,23.94,240491
2018-06-08,23.71,24.0,23.25,23.55,127353
2018-06-11,23.68,23.99,22.71,22.87,114987
2018-06-12,23.06,24.79,22.9,24.54,198089
2018-06-13,24.38,24.67,23.89,24.1,97419
2018-06-14,24.11,24.44,23.54,23.9,96017
2018-06-15,24.12,24.19,22.82,22.95,140995
2018-06-19,22.52,23.17,21.8,22.3,189210
2018-06-20,22.23,22.96,22.04,22.55,145273
2018-06-21,22.57,22.9,21.79,21.8,146096
2018-06-22,21.55,22.96,21.35,22.8,119075
2018-06-25,22.85,23.1,21.86,22.1,91846
2018-06-26,21.8,22.78,21.8,22.24,120628
2018-06-27,22.3,22.5,21.52,21.8,118653
2018-06-28,22.4,23.98,22.34,22.88,315476
2018-06-29,22.69,23.84,22.6,23.5,222123
2018-07-02,23.59,24.55,23.3,23.99,232901
2018-07-03,23.85,23.88,22.29,23.22,196283
2018-07-04,23.01,23.65,22.89,23.03,91164
2018-07-05,22.88,23.54,22.5,22.59,95781
2018-07-06,22.33,22.88,21.7,22.07,132973
2018-07-09,22.31,23.65,22.3,23.59,149012
2018-07-10,23.8,23.97,23.36,23.7,96862
2018-07-11,23.2,24.38,23.01,23.99,123254
2018-07-12,23.75,24.91,23.7,24.26,180000
2018-07-13,24.26,25.86,24.07,25.53,211420
2018-07-16,25.3,27.56,25.27,26.8,298580
2018-07-17,26.94,27.2,25.95,26.88,158349
2018-07-18,26.74,27.85,26.65,27.04,202183
2018-07-19,26.8,27.55,26.42,26.93,138163
2018-07-20,26.88,27.6,26.3,26.61,132785
2018-07-23,26.96,27.36,25.98,26.32,198669
2018-07-24,26.51,26.75,25.8,26.16,195368
2018-07-25,26.28,27.18,26.23,26.95,213870
2018-07-26,27.0,27.0,25.77,26.2,149476
2018-07-27,26.12,26.63,25.58,26.28,105278
2018-07-30,26.63,26.7,25.22,25.24,132405
2018-07-31,25.65,26.17,25.31,25.8,135236
2018-08-01,26.19,26.8,25.95,26.31,165679
2018-08-02,26.3,26.3,24.36,25.07,209753
2018-08-03,25.01,25.55,24.75,24.83,102516
2018-08-06,24.7,24.85,23.41,23.6,160750
2018-08-07,23.85,24.83,23.85,24.56,135631
2018-08-08,24.61,25.26,23.97,24.15,94827
2018-08-09,24.21,25.6,24.15,25.1,121275
2018-08-10,25.15,25.88,24.85,25.6,86562
2018-08-13,25.17,26.4,24.8,26.1,99849
2018-08-14,25.91,26.0,25.33,25.38,79647
2018-08-15,25.54,25.58,24.55,24.93,91497
2018-08-16,24.57,25.23,24.45,24.59,65371
2018-08-17,25.0,25.17,24.21,24.76,65135
2018-08-20,24.74,25.09,23.3,24.02,147990
2018-08-21,23.83,24.94,23.81,24.64,99233
2018-08-22,24.65,24.9,23.21,23.37,132885
2018-08-23,23.39,23.94,23.22,23.5,102747
2018-08-24,23.58,23.96,23.34,23.55,62157
2018-08-27,23.6,25.29,23.6,25.16,115768
2018-08-28,25.1,25.1,24.24,24.41,108243
2018-08-29,24.42,24.42,22.0,22.6,386492
2018-08-30,22.48,23.46,22.45,23.12,198780
2018-08-31,22.8,23.2,22.26,22.47,87232
2018-09-03,22.33,22.97,21.77,22.79,99865
2018-09-04,22.57,23.19,22.45,22.89,95184
2018-09-05,22.7,22.7,22.15,22.15,75888
2018-09-06,21.95,22.28,21.21,21.33,110933
2018-09-07,21.53,22.22,21.26,21.61,125215
2018-09-10,21.77,21.88,20.9,21.18,90565
2018-09-11,21.01,21.28,20.55,21.1,122581
2018-09-12,21.2,21.54,20.64,20.81,100270
2018-09-13,21.2,21.72,20.8,21.48,94599
2018-09-14,21.42,21.5,20.22,20.57,150240
2018-09-17,20.5,20.5,19.3,19.35,176677
2018-09-18,19.35,20.28,19.35,20.19,132116
2018-09-19,20.54,20.94,20.3,20.8,114944
2018-09-20,20.8,21.85,20.8,21.25,128924
2018-09-21,21.65,21.81,21.14,21.75,91802
2018-09-25,21.59,21.59,21.08,21.43,80643
2018-09-26,21.42,22.27,21.26,21.99,102725
2018-09-27,21.97,21.97,21.16,21.19,107667
2018-09-28,21.2,22.25,21.15,22.25,117667
2018-10-08,21.77,21.84,21.06,21.23,84861
2018-10-09,21.22,21.63,20.81,21.32,85051
2018-10-10,21.42,21.42,20.45,20.82,70721
2018-10-11,20.08,20.49,19.6,19.77,83977
2018-10-12,19.88,21.41,19.86,21.3,123870
2018-10-15,21.37,21.52,20.52,20.79,70533
2018-10-16,20.55,20.8,19.93,20.27,59199
2018-10-17,20.61,20.94,20.06,20.83,65190
2018-10-18,20.85,21.22,20.06,20.79,86194
2018-10-19,20.5,21.68,20.03,21.1,110333
2018-10-22,21.5,23.2,21.3,22.68,182495
2018-10-23,22.6,22.7,21.66,21.98,108831
2018-10-24,21.94,22.3,21.21,21.4,120098
2018-10-25,20.54,21.75,20.42,21.25,84239
2018-10-26,21.45,21.53,20.8,20.89,54245
2018-10-29,20.72,20.92,19.94,20.27,79235
2018-10-30,20.26,21.15,20.05,21.07,78472
2018-10-31,21.1,21.71,20.89,21.17,69777
2018-11-01,21.35,21.75,21.13,21.21,68199
2018-11-02,22.0,22.79,21.6,22.58,128960
2018-11-05,22.44,22.87,21.68,22.2,125649
2018-11-06,22.16,22.28,21.7,22.25,59857
2018-11-07,22.11,22.7,21.93,22.41,79415
2018-11-08,22.6,22.8,21.63,21.8,92720
2018-11-09,21.7,22.03,21.43,21.8,71273
2018-11-12,21.8,22.85,21.57,22.7,80287
2018-11-13,22.48,23.67,22.3,23.24,107256
2018-11-14,23.1,23.4,22.63,22.74,99915
2018-11-15,22.74,22.94,22.44,22.88,55324
2018-11-16,22.99,23.19,22.45,22.86,69819
2018-11-19,22.65,22.65,22.06,22.39,73456
2018-11-20,22.16,22.59,22.08,22.1,51280
2018-11-21,22.22,22.35,21.7,22.12,56206
2018-11-22,22.11,22.13,21.77,21.93,39755
2018-11-23,21.9,21.93,21.18,21.57,71568
2018-11-26,21.55,21.68,21.19,21.23,36295
2018-11-27,21.38,21.85,21.38,21.58,52211
2018-11-28,21.58,21.68,21.18,21.65,63546
2018-11-29,21.77,22.1,21.55,21.56,67074
2018-11-30,21.53,22.07,21.4,21.99,47193
2018-12-03,22.6,22.85,22.16,22.66,128142
2018-12-04,22.5,22.66,22.15,22.33,75646
2018-12-05,22.17,22.45,22.02,22.15,47909
2018-12-06,21.99,22.17,21.72,21.92,41734
2018-12-07,21.88,22.37,21.85,22.31,35926
2018-12-10,22.14,22.25,20.08,20.08,209135
2018-12-11,20.11,20.7,19.24,20.68,206498
2018-12-12,20.41,20.57,19.77,19.99,143841
2018-12-13,19.99,20.22,19.84,20.0,83043
2018-12-14,20.01,20.25,19.9,20.0,55427
2018-12-17,19.74,19.91,19.21,19.8,106276
2018-12-18,19.62,20.09,19.3,19.65,68553
2018-12-19,19.7,19.8,19.39,19.5,52924
2018-12-20,19.35,19.76,19.33,19.6,55356
2018-12-21,19.59,19.96,19.38,19.7,58633
2018-12-24,19.75,20.15,19.39,19.94,43135
2018-12-25,19.73,20.09,19.5,19.92,47913
2018-12-26,19.91,20.85,19.82,20.63,94745
2018-12-27,20.78,20.97,20.34,20.88,59833
2018-12-28,20.97,21.35,20.6,21.35,91997
2019-01-02,21.35,21.35,19.31,19.52,137426
2019-01-03,19.41,19.81,18.72,19.0,116914
2019-01-04,18.8,19.19,18.58,18.94,95496
2019-01-07,18.95,19.15,18.73,18.95,72941
2019-01-08,18.92,19.21,18.78,19.05,67722
2019-01-09,19.07,19.78,19.02,19.25,93508
2019-01-10,19.13,19.76,19.13,19.6,71202
2019-01-11,19.63,19.69,19.39,19.6,38418
2019-01-14,19.61,19.65,18.74,18.99,79414
2019-01-15,18.89,19.19,18.78,19.19,55195
2019-01-16,19.19,19.46,18.91,19.0,37173
2019-01-17,19.1,19.17,18.89,18.9,38500
2019-01-18,18.92,19.1,18.71,18.9,79574
2019-01-21,18.92,19.76,18.92,19.62,89042
2019-01-22,19.65,19.71,19.38,19.6,47691
2019-01-23,19.63,19.72,19.02,19.3,74601
2019-01-24,19.27,19.64,19.06,19.6,68552
2019-01-25,19.66,19.95,19.55,19.81,56285
2019-01-28,19.88,20.2,19.51,19.66,49158
2019-01-29,19.71,19.84,19.45,19.63,41129
2019-01-30,19.57,19.63,19.01,19.14,70684
2019-01-31,19.15,19.63,19.05,19.45,60464
2019-02-01,19.55,20.02,19.2,19.94,67264
2019-02-11,20.07,20.32,19.71,20.27,69488
2019-02-12,20.27,20.86,20.09,20.73,76955
2019-02-13,20.73,21.51,20.73,21.27,94049
2019-02-14,21.25,21.61,21.1,21.38,74129
2019-02-15,21.29,21.5,20.99,21.01,58478
2019-02-18,21.1,21.7,21.06,21.57,64850
2019-02-19,21.63,21.95,21.06,21.45,117045
2019-02-20,21.35,21.58,20.8,21.07,72279
2019-02-21,21.1,21.32,20.76,20.87,79959
2019-02-22,20.8,21.13,20.75,21.1,61731
2019-02-25,21.19,21.99,20.95,21.88,206795
2019-02-26,21.7,22.18,21.38,21.42,166896
2019-02-27,21.3,21.3,20.65,20.72,156906
2019-02-28,20.69,21.18,20.64,21.1,126919
2019-03-01,21.78,22.31,21.32,21.72,183209
2019-03-04,21.8,22.68,21.4,22.13,213579
2019-03-05,22.2,22.3,21.8,22.17,133083
2019-03-06,22.24,22.47,21.86,22.2,134159
2019-03-07,22.25,22.87,22.06,22.48,180125
2019-03-08,22.05,22.31,21.2,21.21,174924
2019-03-11,21.25,21.77,21.13,21.7,139760
2019-03-12,21.68,23.0,21.68,22.41,217358
2019-03-13,22.49,22.95,21.8,21.99,140581
2019-03-14,21.66,22.38,21.58,21.79,121066
2019-03-15,21.9,22.13,21.58,21.73,107516
2019-03-18,21.97,22.16,21.4,22.15,138315
2019-03-19,22.2,22.39,21.81,22.0,119135
2019-03-20,22.02,22.9,21.9,22.45,197567
2019-03-21,22.35,23.14,22.22,22.71,176394
2019-03-22,22.8,23.97,22.51,23.69,244034
2019-03-25,23.3,23.59,22.6,22.68,157050
2019-03-26,22.6,22.82,22.26,22.31,113900
2019-03-27,22.49,22.97,22.36,22.91,88921
2019-03-28,22.88,23.21,22.24,22.36,137284
2019-03-29,22.53,23.41,22.23,23.2,169306
2019-04-01,23.65,24.1,23.5,23.61,169255
2019-04-02,23.89,23.97,23.45,23.85,124400
2019-04-03,23.81,24.14,23.51,23.83,103873
2019-04-04,23.91,24.45,23.74,24.05,102066
2019-04-08,24.07,24.24,23.08,23.3,135682
2019-04-09,23.29,23.48,22.91,23.22,117009
2019-04-10,23.16,23.22,22.86,23.15,106437
2019-04-11,23.26,23.31,22.58,22.72,100619
2019-04-12,22.6,22.92,22.32,22.51,76541
2019-04-15,22.72,23.05,22.23,22.32,85525
2019-04-16,22.4,23.02,22.23,22.99,87106
2019-04-17,22.95,23.04,22.71,22.81,89266
2019-04-18,22.77,22.88,22.37,22.87,77049
2019-04-19,22.79,23.18,22.65,23.02,101019
2019-04-22,23.23,23.47,22.58,22.74,135433
2019-04-23,22.75,23.18,22.53,22.74,78757
2019-04-24,22.79,22.82,22.06,22.43,109341
2019-04-25,22.45,23.05,22.28,22.32,123305
2019-04-26,22.22,22.58,22.0,22.11,95221
2019-04-29,22.25,22.89,22.24,22.54,116668
2019-04-30,22.5,22.86,22.29,22.57,84131
2019-05-06,22.0,22.4,21.35,21.72,145168
2019-05-07,21.75,22.27,21.64,22.07,96334
2019-05-08,21.68,22.14,21.6,21.7,65025
2019-05-09,21.52,21.8,21.06,21.07,72131
2019-05-10,21.26,21.59,20.72,21.51,116372
2019-05-13,21.26,21.53,20.83,21.11,83812
2019-05-14,21.05,21.55,21.05,21.27,96091
2019-05-15,21.5,21.97,21.29,21.8,93590
2019-05-16,21.8,21.91,21.57,21.74,61035
2019-05-17,21.74,21.88,21.11,21.2,76627
2019-05-20,21.08,21.22,20.84,21.06,68561
2019-05-21,21.15,21.48,21.05,21.42,50691
2019-05-22,21.39,21.6,21.17,21.3,49074
2019-05-23,21.34,21.4,21.01,21.09,47850
2019-05-24,21.03,21.37,20.97,21.29,40376
2019-05-27,21.29,21.88,21.21,21.76,62601
2019-05-28,21.88,21.9,21.62,21.86,108755
2019-05-29,21.72,21.8,21.52,21.63,42420
2019-05-30,21.52,21.61,21.27,21.52,41001
2019-05-31,21.59,21.7,21.27,21.4,59888
2019-06-03,21.25,21.5,21.05,21.16,61747
2019-06-04,21.11,21.29,20.15,20.49,99124
2019-06-05,20.6,20.95,20.58,20.6,70108
2019-06-06,20.75,20.84,20.49,20.51,51485
2019-06-10,20.52,21.07,20.52,20.88,53847
2019-06-11,20.88,21.51,20.88,21.29,90859
2019-06-12,21.23,21.39,20.88,21.07,62078
2019-06-13,21.09,21.12,20.6,20.74,59764
2019-06-14,20.75,20.98,20.61,20.64,51897
2019-06-17,20.57,20.85,20.0,20.04,95009
2019-06-18,20.14,20.43,20.05,20.29,70139
2019-06-19,20.6,20.99,20.6,20.79,82250
2019-06-20,20.76,21.48,20.76,21.32,147634
2019-06-21,21.88,22.42,21.7,22.26,170226
2019-06-24,22.39,22.56,22.19,22.34,71648
2019-06-25,22.2,22.9,22.18,22.36,101207
2019-06-26,22.61,22.95,22.42,22.8,105596
2019-06-27,22.78,23.5,22.74,23.22,124968
2019-06-28,23.26,23.55,22.9,23.14,76799
2019-07-01,23.4,23.98,23.2,23.39,134445
2019-07-02,23.46,23.7,23.2,23.51,80005
2019-07-03,23.32,23.58,22.79,23.23,99332
2019-07-04,23.43,23.75,22.75,22.93,76436
2019-07-05,23.14,23.23,22.88,23.05,65611
2019-07-08,23.17,23.3,22.43,22.68,73229
2019-07-09,22.83,23.6,22.72,23.2,108657
2019-07-10,23.4,23.65,23.01,23.42,111817
2019-07-11,23.51,24.82,23.51,24.4,164205
2019-07-12,24.28,24.87,24.14,24.21,105137
2019-07-15,24.29,25.05,24.15,24.57,179344
2019-07-16,24.44,25.02,24.4,24.81,103475
2019-07-17,24.89,24.9,24.26,24.8,55512
2019-07-18,24.74,24.74,24.19,24.37,70661
2019-07-19,24.56,24.73,24.13,24.22,52326
2019-07-22,24.5,24.62,23.98,24.1,66271
2019-07-23,24.06,25.38,23.9,25.28,108196
2019-07-24,25.36,25.37,24.71,24.98,108604
2019-07-25,24.9,24.9,24.53,24.79,60780
2019-07-26,24.74,25.2,24.63,24.78,43084
2019-07-29,24.7,25.7,24.67,25.38,74261
2019-07-30,25.5,26.1,25.13,26.0,95555
2019-07-31,25.84,26.2,25.45,26.16,65791
2019-08-01,25.91,25.97,25.4,25.6,100511
2019-08-02,25.09,25.84,25.01,25.75,91497
2019-08-05,25.75,25.8,25.02,25.03,57133
2019-08-06,24.8,25.44,24.44,25.07,96570
2019-08-07,25.22,25.43,24.81,25.04,57685
2019-08-08,25.09,25.44,24.91,25.41,58305
2019-08-09,25.51,25.77,24.63,24.97,78880
2019-08-12,24.97,25.76,24.67,25.7,75437
2019-08-13,25.58,25.58,24.48,24.48,81584
2019-08-14,24.82,25.97,24.8,25.15,169703
2019-08-15,24.73,25.02,24.41,24.78,93476
2019-08-16,24.78,26.08,24.71,25.6,101568
2019-08-19,25.71,26.1,25.33,25.74,121521
2019-08-20,25.95,26.84,25.92,26.2,113444
2019-08-21,26.08,26.64,26.08,26.41,73504
2019-08-22,26.26,26.8,25.85,25.98,94120
2019-08-23,26.07,26.35,25.72,26.05,76708
2019-08-26,26.0,26.0,25.41,25.54,92408
2019-08-27,25.6,26.62,25.6,25.9,140194
2019-08-28,26.13,26.54,25.54,25.88,118339
2019-08-29,25.92,26.37,25.88,26.26,63873
2019-08-30,26.3,26.78,26.05,26.42,61431
2019-09-02,26.4,27.36,26.35,27.29,114012
2019-09-03,27.23,27.44,26.81,27.26,65315
2019-09-04,27.07,27.29,26.69,26.9,74216
2019-09-05,26.97,27.54,26.45,26.59,100554
2019-09-06,26.53,26.81,26.35,26.79,49554
2019-09-09,26.98,27.17,26.6,27.06,73209
2019-09-10,27.06,27.09,26.38,26.6,86036
2019-09-11,26.71,26.76,26.07,26.21,83556
2019-09-12,26.15,26.3,25.64,26.19,107309
2019-09-16,26.22,26.39,25.97,26.11,49388
2019-09-17,26.08,26.28,25.82,26.0,46924
2019-09-18,26.0,26.85,25.93,26.77,79239
2019-09-19,26.82,27.14,26.6,26.96,57552
2019-09-20,27.04,27.41,26.8,26.99,78603
2019-09-23,26.93,27.2,26.58,27.08,62106
2019-09-24,27.0,27.6,26.99,27.53,79092
2019-09-25,27.52,28.27,27.32,27.79,104369
2019-09-26,27.91,28.35,27.4,27.89,91521
2019-09-27,27.76,28.06,27.14,27.7,62593
2019-09-30,27.84,28.26,27.7,27.94,57894
2019-10-08,27.75,27.9,26.49,26.52,157078
2019-10-09,26.61,26.85,26.17,26.49,50836
2019-10-10,26.51,26.71,26.21,26.61,49553
2019-10-11,26.66,26.79,26.27,26.32,56844
2019-10-14,26.51,26.89,26.05,26.36,82166
2019-10-15,27.2,28.15,27.15,27.65,145671
2019-10-16,27.52,28.98,27.51,28.56,131160
2019-10-17,28.92,29.16,28.76,28.87,74902
2019-10-18,29.3,29.31,28.41,28.64,76535
2019-10-21,28.73,29.3,28.5,28.8,97139
2019-10-22,28.9,29.14,28.61,28.87,58035
2019-10-23,28.87,29.0,28.42,28.61,85154
2019-10-24,28.92,28.99,28.16,28.29,64862
2019-10-25,28.44,28.8,28.2,28.6,50025
2019-10-28,28.61,29.4,28.33,29.12,86306
2019-10-29,29.13,29.96,28.95,29.83,85418
2019-10-30,29.62,29.85,29.27,29.55,48846
2019-10-31,29.48,29.87,29.35,29.6,44067
2019-11-01,29.57,29.62,28.63,29.12,75920
2019-11-04,29.35,30.28,28.85,29.89,96408
2019-11-05,29.9,29.9,28.91,29.19,80514
2019-11-06,29.19,29.45,28.9,29.02,78031
2019-11-07,29.3,29.77,29.15,29.36,46764
2019-11-08,29.45,29.67,29.04,29.16,43561
2019-11-11,29.04,29.2,28.61,28.79,42579
2019-11-12,28.7,28.99,28.4,28.99,59246
2019-11-13,29.0,29.4,28.58,29.1,57200
2019-11-14,29.25,29.45,28.91,29.38,57818
2019-11-15,29.43,29.47,28.54,28.61,46676
2019-11-18,28.5,29.09,28.4,28.85,76556
2019-11-19,28.96,29.15,28.71,29.12,77303
2019-11-20,29.09,29.45,29.0,29.23,61760
2019-11-21,29.15,29.15,28.41,28.51,49790
2019-11-22,28.61,28.71,27.61,27.63,85008
2019-11-25,27.59,27.73,26.93,27.05,93366
2019-11-26,27.17,28.16,27.17,28.16,114307
2019-11-27,27.99,27.99,27.15,27.5,74415
2019-11-28,27.52,27.95,27.23,27.4,47417
2019-11-29,27.3,27.88,26.85,27.34,56148
2019-12-02,27.35,27.63,27.21,27.36,40890
2019-12-03,27.32,27.9,27.22,27.86,49416
2019-12-04,27.85,27.97,27.22,27.58,45988
2019-12-05,27.5,28.3,27.45,28.13,61065
2019-12-06,28.17,28.24,27.89,28.16,42421
2019-12-09,28.15,28.86,28.1,28.6,67230
2019-12-10,28.62,28.75,28.31,28.55,41229
2019-12-11,28.64,28.77,28.38,28.54,34230
2019-12-12,28.56,29.06,28.26,28.78,75035
2019-12-13,29.01,29.38,28.83,28.9,92748
2019-12-16,29.02,29.37,28.73,29.28,74261
2019-12-17,29.12,29.95,28.93,29.69,62255
2019-12-18,29.68,30.26,29.43,30.02,57229
2019-12-19,30.05,30.24,29.55,29.7,40243
2019-12-20,29.55,30.02,29.5,29.73,37460
2019-12-23,29.75,30.46,29.37,30.09,48891
2019-12-24,29.91,30.41,29.91,30.24,33304
2019-12-25,30.03,30.45,29.87,30.41,36871
2019-12-26,30.26,31.38,30.22,31.26,53872
2019-12-27,31.25,31.33,30.88,31.01,37070
2019-12-30,31.05,31.25,30.6,30.8,50876
2019-12-31,30.91,31.16,30.58,30.91,41731
2020-01-02,30.99,32.54,30.91,32.21,63919
2020-01-03,32.2,32.3,31.6,31.71,56824
2020-01-06,31.52,33.47,31.51,32.7,91105
2020-01-07,32.7,33.23,32.21,32.7,55231
2020-01-08,32.54,32.9,31.9,32.08,52609
2020-01-09,32.37,33.02,32.11,32.88,57950
2020-01-10,32.9,33.17,32.4,32.84,46939
2020-01-13,33.08,33.08,31.59,32.5,74538
2020-01-14,32.37,32.98,32.22,32.83,77281
2020-01-15,32.76,32.76,31.5,31.73,99644
2020-01-16,31.66,32.1,31.09,31.45,84805
2020-01-17,31.54,31.72,31.2,31.4,56498
2020-01-20,30.4,30.68,28.36,28.72,401933
2020-01-21,28.09,28.63,27.8,28.05,282483
2020-01-22,28.05,28.53,27.1,28.05,328436
2020-01-23,27.41,27.69,26.4,26.94,268359
2020-02-03,24.25,26.85,24.25,25.7,398207
2020-02-04,25.45,26.83,25.43,26.17,166673
2020-02-05,26.23,27.61,26.23,26.93,203395
2020-02-06,26.89,27.4,26.44,26.96,192878
2020-02-07,26.68,27.56,26.17,27.53,184729
2020-02-10,26.95,28.23,26.8,27.9,124141
2020-02-11,27.87,28.79,27.63,28.36,112401
2020-02-12,28.34,28.88,27.8,28.13,130198
2020-02-13,27.9,28.19,27.35,27.45,127829
2020-02-14,27.48,27.53,26.91,27.29,119349
2020-02-17,27.27,28.13,27.09,28.01,111351
2020-02-18,27.94,28.27,27.65,27.77,71137
2020-02-19,27.71,28.21,27.42,28.16,103477
2020-02-20,28.27,30.5,28.27,30.0,207270
2020-02-21,29.52,29.86,28.98,29.31,141082
2020-02-24,28.91,29.33,28.28,28.59,126145
2020-02-25,28.0,28.43,27.65,28.29,100751
2020-02-26,28.0,28.87,27.77,28.18,109072
2020-02-27,28.25,28.68,27.53,28.0,138778
2020-02-28,27.36,27.58,26.5,27.58,153209
2020-03-02,27.54,28.0,27.11,27.91,129868
2020-03-03,28.17,28.2,27.38,27.44,123015
2020-03-04,27.46,27.69,26.8,27.27,92869
2020-03-05,27.45,28.72,27.3,28.56,185269
2020-03-06,28.15,28.96,28.0,28.54,116911
2020-03-09,28.14,28.14,26.76,26.84,125121
2020-03-10,26.8,28.95,26.75,28.6,220745
2020-03-11,28.7,30.16,28.44,29.71,211765
2020-03-12,29.48,29.71,28.93,29.25,146991
2020-03-13,28.25,30.1,27.8,29.47,203469
2020-03-16,29.38,30.1,28.06,28.25,185630
2020-03-17,28.41,28.65,26.83,27.9,113521
2020-03-18,27.9,28.1,26.61,26.69,135110
2020-03-19,26.69,27.1,25.7,26.37,159924
2020-03-20,26.5,27.68,26.21,27.55,120666
2020-03-23,26.77,27.1,26.05,26.16,107152
2020-03-24,26.5,27.6,26.5,27.51,115605
2020-03-25,27.95,28.31,27.13,27.55,110236
2020-03-26,27.4,27.4,26.56,26.74,75242
2020-03-27,27.2,27.39,26.69,26.73,133698
2020-03-30,25.81,25.9,24.39,25.03,193492
2020-03-31,25.22,25.24,24.31,24.98,108001
2020-04-01,24.5,25.7,24.39,24.5,127027
2020-04-02,24.25,24.7,24.0,24.67,99924
2020-04-03,24.58,24.96,24.3,24.42,82876
2020-04-07,25.2,25.6,24.8,25.55,117920
2020-04-08,25.4,26.45,25.31,26.15,113276
2020-04-09,26.25,26.58,25.7,26.49,81498
2020-04-10,26.45,27.39,26.26,26.56,108891
2020-04-13,26.57,26.8,25.6,26.16,75436
2020-04-14,26.16,26.48,25.62,26.47,78355
2020-04-15,26.2,26.69,26.0,26.3,66706
2020-04-16,26.2,26.3,25.42,26.04,104414
2020-04-17,26.3,27.33,26.2,27.1,117921
2020-04-20,26.99,27.32,26.8,26.97,88955
2020-04-21,27.02,27.04,26.28,26.65,64145
2020-04-22,26.66,26.91,26.29,26.67,68507
2020-04-23,26.65,27.45,26.6,27.08,91679
2020-04-24,26.8,26.95,26.29,26.42,60547
2020-04-27,26.44,26.78,26.08,26.32,89813
2020-04-28,26.49,27.65,26.38,27.52,145140
2020-04-29,27.12,28.53,27.12,28.3,118985
2020-04-30,29.0,30.77,29.0,29.83,181516
2020-05-06,29.83,30.12,28.77,29.06,136042
2020-05-07,29.05,29.85,28.77,29.57,98122
2020-05-08,29.69,30.68,29.38,30.27,108090
2020-05-11,30.4,31.77,30.3,30.76,130093
2020-05-12,31.15,31.15,30.17,31.12,93834
2020-05-13,30.71,30.81,29.95,30.18,135347
2020-05-14,30.1,30.24,29.65,29.9,101281
2020-05-15,30.01,30.53,29.35,29.6,72350
2020-05-18,29.6,30.15,29.29,29.72,67472
2020-05-19,30.38,32.2,30.11,31.68,158050
2020-05-20,31.73,31.95,30.78,31.6,129278
2020-05-21,31.63,32.39,31.14,31.38,111846
2020-05-22,32.0,32.29,30.6,31.0,71412
2020-05-25,30.89,31.6,30.47,31.32,71386
2020-05-26,32.0,32.65,31.49,32.1,86170
2020-05-27,32.2,33.29,32.1,32.69,116931
2020-05-28,32.79,33.2,32.11,32.36,71753
2020-05-29,17.8,18.77,17.57,18.28,264643
2020-06-01,18.7,19.4,18.39,18.85,250545
2020-06-02,19.16,19.45,18.12,18.5,262201
2020-06-03,18.49,19.23,18.3,19.01,190834
2020-06-04,19.03,19.58,19.02,19.29,180745
2020-06-05,19.13,19.67,19.03,19.56,139642
2020-06-08,19.72,19.95,19.31,19.52,206807
2020-06-09,19.52,19.76,19.22,19.66,153892
2020-06-10,19.67,19.82,19.5,19.67,86131
2020-06-11,19.46,19.64,18.95,19.09,197561
2020-06-12,18.75,19.48,18.65,19.32,165951
2020-06-15,19.0,19.08,18.2,18.5,301403
2020-06-16,18.74,19.36,18.7,19.19,176905
2020-06-17,19.09,19.28,18.08,18.18,298802
2020-06-18,18.18,18.55,17.96,18.1,218918
2020-06-19,18.31,18.8,18.17,18.43,194340
2020-06-22,18.35,18.45,17.99,18.06,192249
2020-06-23,18.2,18.29,17.94,18.16,167337
2020-06-24,18.33,18.78,17.98,18.22,283736
2020-06-29,18.1,18.18,17.44,17.55,327188
2020-06-30,17.61,17.83,17.11,17.3,333986
2020-07-01,17.37,17.97,17.28,17.64,255525
2020-07-02,17.68,17.9,17.36,17.7,239685
2020-07-03,17.88,19.04,17.82,18.8,396612
2020-07-06,18.84,18.84,18.2,18.54,585329
2020-07-07,18.44,19.04,18.44,18.61,406025
2020-07-08,18.6,18.72,18.15,18.43,363866
2020-07-09,18.44,19.33,18.39,18.87,406405
2020-07-10,18.7,19.16,18.55,18.93,368134
2020-07-13,18.93,19.15,18.23,18.6,473830
2020-07-14,18.68,19.44,18.44,19.01,553567
2020-07-15,20.0,20.9,20.0,20.3,790541
2020-07-16,19.8,20.01,18.85,18.97,563392
2020-07-17,18.91,20.84,18.8,20.5,556676
2020-07-20,20.8,20.99,19.76,20.56,398525
2020-07-21,20.56,20.61,19.66,20.16,303545
2020-07-22,20.06,20.95,19.87,20.24,316278
2020-07-23,20.14,20.47,19.5,19.9,340706
2020-07-24,19.71,19.87,18.15,18.4,417312
2020-07-27,18.4,18.77,18.09,18.42,243349
2020-07-28,18.44,18.87,18.36,18.49,136432
2020-07-29,18.5,19.12,18.48,19.0,163537
2020-07-30,18.93,18.95,18.36,18.46,212834
2020-07-31,18.28,19.14,18.23,18.67,220690
2020-08-03,18.71,19.17,18.41,18.94,234012
2020-08-04,18.96,19.77,18.6,19.58,304226
2020-08-05,19.5,19.99,19.33,19.83,268290
2020-08-06,19.98,20.47,19.62,19.78,255797
2020-08-07,19.9,20.17,19.08,19.36,207632
2020-08-10,19.61,19.82,18.44,18.59,430323
2020-08-11,18.8,18.85,17.75,17.82,399991
2020-08-12,17.02,17.03,16.04,16.04,813748
2020-08-13,16.19,16.44,15.72,15.9,562148
2020-08-14,15.88,16.05,15.46,16.01,456998
2020-08-17,16.01,17.22,15.8,16.88,531524
2020-08-18,16.88,17.05,16.71,16.78,215443
2020-08-19,16.79,17.19,16.45,16.86,262878
2020-08-20,16.97,17.53,16.83,17.35,324755
2020-08-21,17.45,17.96,17.23,17.61,210481
2020-08-24,17.8,18.67,17.69,18.29,248709
2020-08-25,18.39,18.7,17.91,18.08,192811
2020-08-26,18.03,18.45,17.72,18.0,168260
2020-08-27,17.95,18.39,17.67,17.92,190627
2020-08-28,17.92,18.26,17.75,18.18,164674
2020-08-31,18.2,18.46,17.87,17.88,161567
2020-09-01,17.88,18.95,17.76,18.88,290008
2020-09-02,18.98,19.28,18.76,19.0,222438
2020-09-03,19.06,19.15,17.77,18.03,355793
2020-09-04,17.69,18.26,17.64,18.14,205716
2020-09-07,18.25,18.77,18.07,18.21,240567
2020-09-08,18.35,18.5,17.9,18.12,139667
2020-09-09,18.06,18.12,17.5,17.57,206623
2020-09-10,17.85,18.07,17.31,17.62,183932
2020-09-11,17.53,17.87,17.37,17.82,154357
2020-09-14,17.84,18.8,17.74,18.58,295984
2020-09-15,18.4,19.16,18.28,19.05,351862
2020-09-16,19.05,19.05,18.52,18.74,234385
2020-09-17,18.84,18.99,17.97,18.25,235704
2020-09-18,18.18,18.4,17.63,18.14,284673
2020-09-21,18.18,18.75,18.01,18.23,213320
2020-09-22,17.87,18.23,17.83,17.91,193977
2020-09-23,17.96,18.18,17.61,17.94,179410
2020-09-24,17.86,17.98,17.48,17.51,136635
2020-09-25,17.55,17.68,17.35,17.5,96450
2020-09-28,17.5,18.01,17.49,17.65,115339
2020-09-29,17.73,18.36,17.61,18.27,174898
2020-09-30,18.38,18.62,18.09,18.24,168849
2020-10-09,18.5,18.5,16.9,17.47,341224
2020-10-12,17.45,17.75,17.3,17.71,240313
2020-10-13,17.63,17.64,16.97,17.07,337520
2020-10-14,16.92,17.02,16.46,16.6,338035
2020-10-15,16.61,16.81,16.47,16.64,140376
2020-10-16,16.65,16.78,16.5,16.75,109092
2020-10-19,16.65,16.81,16.3,16.44,127553
2020-10-20,16.44,16.48,16.21,16.47,113606
2020-10-21,16.51,17.03,16.5,16.75,243526
2020-10-22,16.79,16.8,15.97,16.44,279740
2020-10-23,16.45,16.84,16.37,16.44,138981
2020-10-26,16.44,16.99,16.23,16.6,143019
2020-10-27,16.63,16.88,16.44,16.72,104927
2020-10-28,16.77,16.94,16.51,16.7,95975
2020-10-29,16.3,16.38,15.9,16.01,399743
2020-10-30,15.98,17.07,15.79,16.6,361920
2020-11-02,16.52,16.76,15.98,16.35,242866
2020-11-03,16.49,16.7,16.31,16.41,116693
2020-11-04,16.5,16.95,16.35,16.79,142217
2020-11-05,16.86,16.99,16.62,16.96,126127
2020-11-06,16.98,17.04,16.68,16.8,84233
2020-11-09,16.98,17.22,16.86,17.13,154770
2020-11-10,18.61,19.15,17.93,18.0,642886
2020-11-11,18.0,18.0,17.47,17.56,245115
2020-11-12,17.69,18.21,17.6,17.87,160480
2020-11-13,18.07,18.13,17.76,17.91,93484
2020-11-16,17.89,18.42,17.83,18.3,179525
2020-11-17,18.76,19.11,18.4,18.86,420724
2020-11-18,18.86,19.26,18.63,18.88,212634
2020-11-19,18.93,19.43,18.69,19.06,231578
2020-11-20,19.0,19.35,18.88,18.92,141834
2020-11-23,18.97,19.06,18.6,18.8,154534
2020-11-24,18.9,19.1,18.66,18.69,176465
2020-11-25,18.9,19.59,18.78,18.79,227364
2020-11-26,18.97,19.35,18.7,19.08,196678
2020-11-27,19.04,20.24,18.96,19.96,379360
2020-11-30,19.96,20.05,19.28,19.28,259311
2020-12-01,19.35,19.72,19.26,19.35,168287
2020-12-02,19.28,19.33,18.43,18.59,281493
2020-12-03,18.78,19.11,18.43,18.62,196367
2020-12-04,18.57,18.75,18.38,18.67,131280
2020-12-07,18.67,18.72,18.34,18.52,119909
2020-12-08,18.6,18.69,18.28,18.3,135257
2020-12-09,18.3,18.49,18.06,18.12,129704
2020-12-10,18.03,18.25,17.94,18.02,104106
2020-12-11,18.01,18.09,17.75,17.99,171320
2020-12-14,17.99,18.16,17.5,17.88,170916
2020-12-15,17.87,18.31,17.76,17.88,150507
2020-12-16,17.81,18.3,17.59,18.23,164873
2020-12-17,18.23,18.56,18.07,18.3,133359
2020-12-18,18.22,18.26,17.8,17.92,121003
2020-12-21,17.81,17.92,17.38,17.74,129365
2020-12-22,17.6,17.74,17.04,17.21,234942
2020-12-23,17.27,17.36,17.1,17.25,112593
2020-12-24,17.27,17.28,17.0,17.11,92274
2020-12-25,16.99,17.08,16.68,17.03,137770
2020-12-28,16.91,16.95,16.28,16.58,167160
2020-12-29,16.71,17.2,16.59,16.96,145164
2020-12-30,17.05,17.05,16.68,16.88,115705
2020-12-31,17.0,17.88,16.9,17.72,194991
2021-01-04,17.68,18.1,17.5,17.58,222314
2021-01-05,17.5,17.56,17.18,17.29,200336
2021-01-06,17.34,17.44,16.79,16.97,229424
2021-01-07,16.97,17.28,16.4,16.59,230899
2021-01-08,16.6,17.15,16.4,17.0,179769
2021-01-11,16.85,16.86,16.42,16.47,259246
2021-01-12,16.45,16.56,15.73,15.98,404864
2021-01-13,16.07,16.3,15.6,16.08,308109
2021-01-14,16.1,16.58,15.97,16.15,318576
2021-01-15,16.18,16.25,15.8,15.97,281519
2021-01-18,16.04,16.21,15.6,15.71,333662
2021-01-19,15.74,16.15,15.67,15.71,358863
2021-01-20,15.77,16.33,15.62,15.73,449502
2021-01-21,15.68,15.68,14.77,15.03,900519
2021-01-22,15.01,15.56,14.85,15.29,424741
2021-01-25,15.36,16.08,15.35,15.73,397472
2021-01-26,15.8,15.96,15.55,15.8,236869
2021-01-27,15.84,16.78,15.84,16.61,386229
2021-01-28,16.49,16.76,15.81,15.91,440466
2021-01-29,16.3,16.89,16.1,16.43,321703
2021-02-01,16.09,17.65,16.09,17.07,586971
2021-02-02,17.0,17.12,16.64,16.95,294441
2021-02-03,17.0,17.37,16.53,17.09,330018
2021-02-04,16.95,17.35,16.68,17.1,289620
2021-02-05,17.12,17.97,16.88,17.65,425375
2021-02-08,17.79,18.81,17.58,18.02,542233
2021-02-09,18.08,19.17,17.9,19.09,430244
2021-02-10,19.0,19.2,18.3,18.69,363202
2021-02-18,19.97,20.56,19.01,19.57,720431
2021-02-19,19.83,19.88,19.01,19.23,406659
2021-02-22,19.5,19.84,18.4,19.0,681294
2021-02-23,18.88,20.05,18.74,19.57,516870
2021-02-24,19.58,19.95,19.19,19.75,424932
2021-02-25,19.73,20.35,19.16,19.86,433725
2021-02-26,19.3,21.0,19.2,20.15,567358
2021-03-01,20.58,21.29,19.88,20.96,443638
2021-03-02,20.91,23.04,20.81,22.4,587590
2021-03-03,22.3,22.36,21.52,21.84,397028
2021-03-04,21.7,21.97,21.08,21.38,307482
2021-03-05,20.99,21.28,20.15,20.43,419282
2021-03-08,20.72,21.57,20.2,20.33,408190
2021-03-09,20.63,21.68,20.03,20.92,542075
2021-03-10,20.6,20.65,19.74,19.82,427867
2021-03-11,19.84,20.3,19.72,19.93,314013
2021-03-12,19.94,20.59,19.93,20.06,280858
2021-03-15,19.74,21.4,19.68,20.88,508715
2021-03-16,21.08,21.34,20.67,21.24,324843
2021-03-17,21.0,21.19,20.13,20.41,387995
2021-03-18,20.44,21.89,20.44,21.71,479733
2021-03-19,21.5,21.89,20.77,21.04,379317
2021-03-22,21.08,22.08,20.93,21.4,322940
2021-03-23,21.32,21.54,20.56,20.95,300514
2021-03-24,20.74,20.75,19.92,20.35,320920
2021-03-25,20.02,20.72,20.01,20.44,200024
2021-03-26,20.41,20.86,20.39,20.58,207422
2021-03-29,20.62,21.84,20.62,21.57,416463
2021-03-30,21.69,22.05,21.43,21.61,238330
2021-03-31,21.76,22.05,21.23,21.44,264967
2021-04-01,21.37,21.55,20.85,21.48,213456
2021-04-02,21.58,21.88,21.27,21.58,217477
2021-04-06,21.6,21.7,21.18,21.22,179136
2021-04-07,21.09,21.35,20.94,21.2,142004
2021-04-08,21.0,21.64,20.98,21.49,185420
2021-04-09,21.5,22.6,21.49,22.52,356303
2021-04-12,22.65,22.95,21.58,21.7,295433
2021-04-13,21.69,22.1,19.08,19.25,751072
2021-04-14,19.52,20.58,19.52,20.4,474022
2021-04-15,20.36,20.36,19.8,20.12,227102
2021-04-16,20.1,20.36,19.9,20.08,199417
2021-04-19,20.41,20.99,19.95,20.75,306980
2021-04-20,20.59,21.15,20.33,20.86,228258
2021-04-21,20.73,21.89,20.69,21.81,331305
2021-04-22,21.85,22.0,21.14,21.83,271015
2021-04-23,21.51,21.97,20.38,20.95,412463
2021-04-26,20.88,22.13,20.82,21.64,481559
2021-04-27,21.74,21.85,21.05,21.48,185125
2021-04-28,21.37,21.88,20.94,21.8,239776
2021-04-29,21.83,22.25,21.45,21.99,243139
2021-04-30,21.87,22.18,21.29,21.73,351084
2021-05-06,21.6,21.63,20.12,20.56,345318
2021-05-07,20.42,20.62,19.39,19.45,330047
2021-05-10,19.42,20.21,19.35,19.8,232726
2021-05-11,19.61,19.72,19.18,19.58,139014
2021-05-12,19.45,19.62,18.86,18.9,260949
2021-05-13,18.68,19.0,18.53,18.6,144707
2021-05-14,18.61,19.04,18.57,18.89,154117
2021-05-17,18.66,18.66,18.11,18.5,409499
2021-05-18,18.62,19.22,18.32,19.17,209306
2021-05-19,19.22,19.26,18.83,19.07,156462
2021-05-20,19.0,19.13,18.17,18.37,394423
2021-05-21,18.44,18.59,18.1,18.14,184860
2021-05-24,18.04,18.25,17.75,18.19,197080
2021-05-25,18.14,18.55,18.04,18.46,290288
2021-05-26,18.46,18.71,17.9,18.43,286153
2021-05-27,18.4,18.55,18.13,18.26,266084
2021-05-28,18.37,18.55,17.78,17.87,313742
2021-05-31,17.7,17.84,17.19,17.72,400582
2021-06-01,17.84,18.4,17.55,18.28,367641
2021-06-02,18.13,18.15,17.7,17.77,235497
2021-06-03,17.96,18.26,17.8,18.07,281366
2021-06-04,18.14,18.2,17.86,17.99,192917
2021-06-07,18.05,18.25,17.69,18.1,225749
2021-06-08,18.11,18.35,17.95,18.16,218445
2021-06-09,18.05,18.08,17.3,17.37,462703
2021-06-10,17.37,17.48,16.99,17.05,319905
2021-06-11,17.29,17.34,16.79,16.95,248207
2021-06-15,17.01,17.07,16.45,16.56,312283
2021-06-16,16.73,17.32,16.66,17.03,302405
2021-06-17,17.0,17.27,16.8,16.87,177278
2021-06-18,16.83,17.36,16.76,17.14,203740
2021-06-21,17.05,17.1,16.68,16.84,209186
2021-06-22,16.8,17.02,16.58,16.66,235684
2021-06-23,16.75,17.39,16.7,17.25,396208
2021-06-24,17.3,17.35,16.78,16.92,246597
2021-06-25,16.92,17.4,16.74,17.13,256484
2021-06-28,17.12,17.23,16.53,16.7,324484
2021-06-29,16.69,16.85,16.24,16.72,331515
2021-06-30,16.71,16.88,16.51,16.8,183001
2021-07-01,16.82,17.35,16.6,17.07,324769
2021-07-02,17.15,17.28,16.11,16.16,517464
2021-07-05,16.05,16.16,15.55,15.78,366535
2021-07-06,15.67,15.92,15.4,15.87,265526
2021-07-07,15.65,16.32,15.62,16.04,242909
2021-07-08,16.04,16.28,15.85,16.0,225176
2021-07-09,15.96,16.07,15.75,15.9,184777
2021-07-12,16.0,16.38,15.81,16.19,319627
2021-07-13,16.22,16.54,16.13,16.4,242814
2021-07-14,16.55,16.61,16.12,16.17,281890
2021-07-15,16.15,16.37,16.03,16.15,234714
2021-07-16,16.21,16.99,16.14,16.79,394296
2021-07-19,17.01,17.57,16.8,17.46,416292
2021-07-20,17.28,17.43,17.07,17.21,188422
2021-07-21,17.02,17.05,16.22,16.36,472736
2021-07-22,16.23,16.54,16.06,16.22,264160
2021-07-23,16.2,16.2,15.6,15.77,295638
2021-07-26,15.46,15.52,14.54,14.73,482491
2021-07-27,14.73,14.8,13.97,14.01,545994
2021-07-28,13.8,13.96,13.06,13.23,441863
2021-07-29,13.33,13.43,12.89,13.33,460762
2021-07-30,13.0,13.13,12.67,12.67,421548
2021-08-02,12.0,12.76,11.85,12.6,491881
2021-08-03,12.56,13.25,12.48,13.01,401669
2021-08-04,12.93,13.0,12.71,12.81,212838
2021-08-05,12.78,13.13,12.67,12.77,206625
2021-08-06,12.67,12.88,12.38,12.6,180408
2021-08-09,12.5,13.47,12.5,13.33,356210
2021-08-10,13.3,13.51,13.15,13.4,159769
2021-08-11,13.45,13.54,13.16,13.25,171101
2021-08-12,13.25,13.38,12.96,12.99,148114
2021-08-13,12.94,13.19,12.75,12.81,183013
2021-08-16,12.81,13.38,12.81,13.19,245029
2021-08-17,13.32,14.14,13.23,13.49,430973
2021-08-18,13.51,14.03,13.41,13.76,240157
2021-08-19,13.69,13.87,13.45,13.56,150370
2021-08-20,13.6,13.76,13.36,13.61,188423
2021-08-23,13.77,14.29,13.65,13.92,285672
2021-08-24,13.88,14.1,13.74,13.95,191686
2021-08-25,13.88,14.55,13.87,14.23,268223
2021-08-26,14.26,14.85,13.96,14.7,315112
2021-08-27,14.5,14.83,14.3,14.53,342344
2021-08-30,14.49,15.58,14.49,15.25,482021
2021-08-31,15.18,15.51,15.03,15.28,270792
2021-09-01,15.3,15.85,15.3,15.7,331921
2021-09-02,15.61,15.7,14.8,15.47,400450
2021-09-03,15.34,16.27,15.24,16.07,430783
2021-09-06,16.17,16.6,15.82,16.12,299744
2021-09-07,16.06,16.33,15.87,15.99,224038
2021-09-08,16.11,16.35,15.67,16.05,288967
2021-09-09,16.24,16.25,15.81,15.97,155644
2021-09-10,16.0,16.7,16.0,16.45,367944
2021-09-13,15.4,15.65,14.93,15.2,521476
2021-09-14,14.8,15.29,14.8,14.89,244905
2021-09-15,14.89,15.0,14.48,14.6,285875
2021-09-16,14.75,14.92,14.6,14.72,174419
2021-09-17,14.67,14.82,14.24,14.45,204825
2021-09-22,14.33,14.43,13.9,13.96,203717
2021-09-23,14.19,14.5,14.09,14.38,182611
2021-09-24,14.31,14.7,14.15,14.45,206312
2021-09-27,14.57,14.9,14.23,14.25,210779
2021-09-28,14.31,14.64,14.09,14.43,140527
2021-09-29,14.4,14.4,14.07,14.08,151095
2021-09-30,14.15,14.34,13.96,14.08,168097
2021-10-08,14.6,15.37,14.43,14.87,436753
2021-10-11,14.9,15.04,14.43,14.65,258941
2021-10-12,14.48,14.65,14.27,14.41,146939
2021-10-13,14.42,15.07,14.37,14.93,180239
2021-10-14,14.94,15.8,14.87,15.62,352310
2021-10-15,15.49,15.73,15.35,15.47,229712
2021-10-18,15.15,15.35,14.65,14.78,301436
2021-10-19,14.66,14.83,14.36,14.67,211982
2021-10-20,14.67,14.78,13.71,13.86,448233
2021-10-21,13.85,14.46,13.79,14.15,302244
2021-10-22,14.1,14.43,14.06,14.18,216741
2021-10-25,13.97,14.25,13.68,14.17,266983
2021-10-26,14.23,14.23,13.89,13.93,173765
2021-10-27,13.98,13.99,13.61,13.74,170248
2021-10-28,13.74,14.0,13.7,13.89,214539
2021-10-29,13.86,14.08,13.7,14.0,231032
2021-11-01,13.6,14.05,13.31,13.81,301054
2021-11-02,13.84,13.92,13.25,13.34,266756
2021-11-03,13.18,13.64,13.15,13.61,177164
2021-11-04,13.64,13.9,13.18,13.25,319088
2021-11-05,13.35,13.64,13.25,13.47,240248
2021-11-08,14.05,14.73,14.05,14.25,704987
2021-11-09,14.13,14.7,14.06,14.49,444128
2021-11-10,14.27,14.48,13.99,14.3,319174
2021-11-11,14.35,14.37,14.02,14.27,292269
2021-11-12,14.15,14.67,14.09,14.55,269575
2021-11-15,14.45,14.9,14.38,14.79,297281
2021-11-16,14.77,14.93,14.53,14.56,199204
2021-11-17,14.57,15.17,14.56,14.95,338150
2021-11-18,14.86,14.98,14.42,14.47,244968
2021-11-19,14.5,14.58,14.25,14.32,191175
2021-11-22,14.28,14.63,14.22,14.54,256196
2021-11-23,14.69,14.89,14.32,14.36,261297
2021-11-24,14.28,14.61,14.27,14.51,194629
2021-11-25,14.52,14.64,14.3,14.33,188238
2021-11-26,13.8,14.08,13.7,13.98,276508
2021-11-29,13.45,13.57,13.13,13.15,574736
2021-11-30,13.28,13.39,13.17,13.2,206169
2021-12-01,13.23,13.37,13.06,13.33,156148
2021-12-02,13.34,13.39,13.0,13.07,194313
2021-12-03,13.11,13.33,13.03,13.32,167063
2021-12-06,13.17,13.4,13.17,13.29,152489
2021-12-07,13.48,13.77,13.34,13.61,257020
2021-12-08,13.45,13.76,13.41,13.69,141305
2021-12-09,13.8,14.2,13.8,14.0,259087
2021-12-10,13.87,14.09,13.74,13.87,181389
2021-12-13,13.7,13.94,13.54,13.79,174449
2021-12-14,13.69,13.86,13.6,13.75,141592
2021-12-15,13.7,14.05,13.63,13.82,176755
2021-12-16,13.63,15.08,13.56,14.61,728375
2021-12-17,14.6,14.69,13.99,14.06,403131
2021-12-20,13.81,14.02,13.32,13.36,352900
2021-12-21,13.44,13.76,13.35,13.7,237777
2021-12-22,13.73,14.47,13.71,13.99,357021
2021-12-23,14.0,14.2,13.65,13.73,195025
2021-12-24,13.83,14.08,13.71,13.98,187636
2021-12-27,13.95,14.35,13.87,14.21,266191
2021-12-28,14.27,14.33,14.13,14.18,198210
2021-12-29,14.2,14.4,14.0,14.26,239280
2021-12-30,14.24,14.68,14.12,14.33,369187
2021-12-31,14.23,14.44,14.16,14.32,226241
2022-01-04,14.3,15.33,14.23,15.2,662901
2022-01-05,15.08,15.55,15.01,15.27,525219
2022-01-06,15.26,15.43,14.89,15.32,362552
2022-01-07,15.17,15.52,15.05,15.13,356705
2022-01-10,14.78,15.16,14.48,15.08,411222
2022-01-11,15.1,15.17,14.81,14.84,205915
2022-01-12,14.93,15.53,14.81,15.39,383357
2022-01-13,15.31,15.6,15.1,15.1,230579
2022-01-14,15.02,15.28,14.6,14.74,319788
2022-01-17,14.6,14.94,14.6,14.86,223607
2022-01-18,14.81,15.12,14.53,15.07,281713
2022-01-19,14.93,15.4,14.91,15.27,289888
2022-01-20,15.2,15.78,15.13,15.63,405735
2022-01-21,16.2,16.4,15.67,15.87,618524
2022-01-24,15.55,16.2,15.53,15.7,408582
2022-01-25,15.6,15.91,15.3,15.3,328456
2022-01-26,15.47,15.63,14.75,15.05,382224
2022-01-27,14.89,15.1,14.42,14.48,266263
2022-01-28,14.46,15.55,14.35,15.29,441315
2022-02-07,15.31,15.33,14.65,15.07,322360
2022-02-08,15.08,16.16,15.08,15.9,510895
2022-02-09,15.7,16.35,15.69,16.27,462812
2022-02-10,16.21,17.36,16.06,16.98,699420
2022-02-11,16.86,18.05,16.77,17.11,778733
2022-02-14,17.32,17.79,16.33,16.51,773805
2022-02-15,16.19,16.41,15.83,16.24,378309
2022-02-16,16.25,16.66,16.16,16.37,309310
2022-02-17,16.3,16.3,15.64,15.76,464283
2022-02-18,15.61,15.92,15.56,15.84,267549
2022-02-21,15.7,16.15,15.63,15.9,237181
2022-02-22,15.68,16.0,15.24,15.59,306877
2022-02-23,15.64,15.73,15.37,15.44,268435
2022-02-24,15.35,15.64,14.86,15.13,348042
2022-02-25,15.34,15.52,15.15,15.44,225062
2022-02-28,15.25,15.54,14.9,15.5,242358
2022-03-01,15.38,15.74,15.38,15.66,274427
2022-03-02,15.5,15.79,15.11,15.26,302389
2022-03-03,15.36,16.15,15.36,16.0,489895
2022-03-04,15.77,16.12,15.74,15.99,274922
2022-03-07,15.65,15.66,14.48,14.5,487861
2022-03-08,14.55,14.69,13.71,13.9,589425
2022-03-09,13.89,14.0,12.9,13.44,540601
2022-03-10,13.64,13.75,13.39,13.41,332323
2022-03-11,12.9,13.75,12.81,13.63,343929
2022-03-14,13.0,13.38,12.72,12.96,414601
2022-03-15,12.81,13.12,12.25,12.25,406727
2022-03-16,12.68,13.53,12.52,13.49,579602
2022-03-17,13.58,13.94,13.32,13.43,508488
2022-03-18,13.25,14.07,13.15,13.82,385004
2022-03-21,13.67,14.17,13.61,14.04,338770
2022-03-22,13.76,14.05,13.7,13.77,241324
2022-03-23,13.82,13.86,13.54,13.69,245503
2022-03-24,13.6,13.77,13.27,13.32,278801
2022-03-25,13.41,13.63,13.25,13.3,211415
2022-03-28,13.08,13.52,12.75,13.24,263456
2022-03-29,13.23,13.62,13.1,13.18,218168
2022-03-30,13.43,13.57,13.11,13.53,237497
2022-03-31,13.43,13.63,13.13,13.21,217086
2022-04-01,13.13,13.82,13.11,13.71,348119
2022-04-06,13.48,14.03,13.43,13.9,335156
2022-04-07,13.74,13.97,13.41,13.5,288733
2022-04-08,13.55,13.62,13.04,13.56,317439
2022-04-11,13.39,13.39,12.88,12.91,341510
2022-04-12,13.02,14.4,13.0,14.0,686852
2022-04-13,13.75,13.8,13.33,13.38,463816
2022-04-14,13.49,14.0,13.28,13.81,432453
2022-04-15,13.76,14.3,13.58,13.77,391653
2022-04-18,13.54,14.34,13.51,14.17,361814
2022-04-19,14.06,14.4,14.01,14.17,244893
2022-04-20,14.1,14.54,14.01,14.36,389547
2022-04-21,14.37,14.45,13.75,13.87,402953
2022-04-22,13.7,14.02,13.4,13.77,325540
2022-04-25,13.13,13.46,12.73,12.82,472521
2022-04-26,12.97,13.08,11.9,11.95,469287
2022-04-27,11.71,12.25,11.28,12.18,455932
2022-04-28,12.03,12.46,11.81,12.0,319817
2022-04-29,12.08,12.56,11.99,12.53,299335
2022-05-05,12.3,12.43,11.96,12.28,252882
2022-05-06,11.99,11.99,11.37,11.42,384013
2022-05-09,11.19,11.48,11.13,11.29,258772
2022-05-10,11.11,11.41,10.9,11.38,312667
2022-05-11,11.44,12.12,11.39,11.74,462107
2022-05-12,11.61,11.97,11.6,11.95,222056
2022-05-13,11.84,12.02,11.66,11.99,223826
2022-05-16,12.1,12.34,11.93,12.07,272302
2022-05-17,11.94,12.06,11.56,11.82,309107
2022-05-18,11.83,12.02,11.68,11.75,271797
2022-05-19,11.5,11.75,11.46,11.59,217790
2022-05-20,11.7,12.03,11.59,11.94,363710
2022-05-23,11.88,11.96,11.74,11.92,208750
2022-05-24,11.86,11.96,11.4,11.41,323717
2022-05-25,11.39,11.79,11.36,11.65,276725
2022-05-26,11.69,12.07,11.58,11.97,322310
2022-05-27,12.07,12.43,11.95,12.19,387082
2022-05-30,12.36,12.8,12.23,12.61,404181
2022-05-31,12.48,12.85,12.43,12.78,347062
2022-06-01,12.89,13.05,12.54,12.65,285770
2022-06-02,12.52,12.68,12.27,12.63,242779
2022-06-06,12.56,12.81,12.42,12.71,268036
2022-06-07,12.8,12.83,12.55,12.68,196087
2022-06-08,12.7,12.96,12.55,12.89,270372
2022-06-09,12.81,12.96,12.33,12.46,314284
2022-06-10,12.56,12.74,12.4,12.74,428168
2022-06-13,12.45,12.51,12.14,12.3,393358
2022-06-14,12.12,12.36,12.03,12.35,257086
2022-06-15,12.35,12.53,12.21,12.3,370049
2022-06-16,12.33,12.6,12.28,12.48,275690
2022-06-17,12.39,12.51,12.1,12.45,303569
2022-06-20,12.43,13.1,12.39,12.94,502784
2022-06-21,12.99,13.24,12.82,13.07,385852
2022-06-22,13.2,13.56,12.88,12.91,389404
2022-06-23,13.08,13.15,12.83,13.08,286498
2022-06-24,13.2,13.91,13.02,13.8,553659
2022-06-27,14.2,14.4,13.9,13.98,705718
2022-06-28,13.92,15.24,13.88,14.96,838485
2022-06-29,15.12,15.55,14.8,14.95,896755
2022-06-30,15.4,15.97,15.07,15.35,831531
2022-07-01,15.06,15.15,14.47,14.51,708678
2022-07-04,14.28,14.47,14.1,14.32,446280
2022-07-05,14.3,14.65,14.22,14.4,310340
2022-07-06,14.11,14.17,13.39,13.62,619291
2022-07-07,13.69,13.86,13.5,13.63,295187
2022-07-08,14.05,14.15,13.63,13.68,317220
2022-07-11,13.37,13.4,12.93,13.1,402232
2022-07-12,13.16,13.25,12.94,12.99,252561
2022-07-13,13.02,13.19,12.95,13.01,217996
2022-07-14,13.03,13.24,12.85,13.05,225045
2022-07-15,13.05,13.53,12.95,13.21,354839
2022-07-18,13.16,13.2,12.88,13.04,284624
2022-07-19,13.35,13.36,12.85,13.0,328501
2022-07-20,13.01,13.78,12.95,13.4,441999
2022-07-21,13.3,13.76,13.25,13.28,281243
2022-07-22,13.28,13.87,13.22,13.53,344466
2022-07-25,13.55,13.63,13.28,13.51,205098
2022-07-26,13.86,13.99,13.55,13.73,342404
2022-07-27,13.6,13.69,13.31,13.38,255110
2022-07-28,13.41,13.59,13.35,13.41,172730
2022-07-29,13.33,13.57,12.7,12.8,398650
2022-08-01,12.85,13.04,12.76,12.93,201874
2022-08-02,12.8,12.81,12.32,12.69,362898
2022-08-03,12.69,12.86,12.27,12.3,315897
2022-08-04,12.32,12.45,12.1,12.4,212192
2022-08-05,12.39,12.49,12.31,12.48,167426
2022-08-08,12.18,12.49,12.16,12.36,238600
2022-08-09,12.32,12.56,12.27,12.42,167072
2022-08-10,12.43,12.54,12.32,12.41,166832
2022-08-11,12.4,12.83,12.32,12.68,220263
2022-08-12,12.65,12.78,12.6,12.76,139293
2022-08-15,12.69,12.76,12.55,12.65,134339
2022-08-16,12.69,12.7,12.38,12.52,235295
2022-08-17,12.53,12.75,12.38,12.72,198332
2022-08-18,12.65,12.69,12.4,12.46,183532
2022-08-19,12.47,12.53,12.4,12.48,124165
2022-08-22,12.46,12.83,12.32,12.63,267284
2022-08-23,12.55,12.75,12.48,12.73,170986
2022-08-24,12.78,12.93,12.43,12.51,221318
2022-08-25,12.55,12.64,12.37,12.6,148356
2022-08-26,12.62,12.94,12.6,12.72,296083
2022-08-29,12.5,12.87,12.47,12.79,217379
2022-08-30,12.76,12.82,12.55,12.58,203376
2022-08-31,12.66,12.78,12.53,12.69,219144
2022-09-01,12.59,12.67,12.15,12.17,310740
2022-09-02,12.1,12.16,11.8,12.05,315749
2022-09-05,11.98,12.04,11.76,11.89,147289
2022-09-06,11.96,12.1,11.87,12.07,174452
2022-09-07,12.01,12.27,11.99,12.14,154805
2022-09-08,12.17,12.76,12.16,12.6,419953
2022-09-09,12.54,12.7,12.35,12.66,258852
2022-09-13,12.7,12.92,12.56,12.88,243877
2022-09-14,12.75,12.95,12.69,12.77,184518
2022-09-15,12.86,13.0,12.56,12.74,221534
2022-09-16,12.69,12.98,12.53,12.56,258468
2022-09-19,12.45,12.77,12.44,12.59,213417
2022-09-20,12.65,12.93,12.47,12.85,277025
2022-09-21,12.74,12.82,12.36,12.58,256509
2022-09-22,12.47,12.57,12.11,12.13,188092
2022-09-23,12.09,12.39,11.9,12.02,188372
2022-09-26,11.99,12.58,11.99,12.34,298367
2022-09-27,12.25,13.14,12.22,13.06,520447
2022-09-28,12.91,13.23,12.74,12.77,378592
2022-09-29,12.88,12.9,12.23,12.3,307306
2022-09-30,12.3,12.44,11.97,12.0,231026
2022-10-10,11.9,11.98,11.14,11.2,340418
2022-10-11,11.2,11.3,10.72,10.88,282993
2022-10-12,10.89,10.94,10.59,10.92,277580
2022-10-13,10.85,11.05,10.79,10.85,190470
2022-10-14,10.88,11.11,10.87,11.08,216432
2022-10-17,11.0,11.55,10.96,11.47,262602
2022-10-18,11.6,11.8,11.42,11.5,240078
2022-10-19,11.4,11.59,11.29,11.29,151107
2022-10-20,11.25,11.86,11.2,11.59,280554
2022-10-21,11.49,11.62,11.35,11.39,147760
2022-10-24,11.35,11.53,11.02,11.11,213152
2022-10-25,11.06,11.39,11.01,11.29,159239
2022-10-26,11.38,11.69,11.3,11.56,180773
2022-10-27,11.57,11.97,11.57,11.7,199009
2022-10-28,11.96,12.14,11.49,11.61,251760
2022-10-31,11.39,11.72,11.36,11.52,227460
2022-11-01,11.55,12.84,11.53,12.79,505383
2022-11-02,12.51,14.11,12.51,13.35,1050152
2022-11-03,13.14,13.7,13.01,13.28,398928
2022-11-04,13.28,14.42,13.2,13.91,725292
2022-11-07,13.3,13.7,13.21,13.57,494474
2022-11-08,13.51,13.67,13.08,13.23,324448
2022-11-09,13.25,13.56,13.03,13.29,330169
2022-11-10,13.19,13.68,13.18,13.59,370901
2022-11-11,14.2,14.2,13.05,13.57,863153
2022-11-14,13.2,13.65,13.02,13.22,494774
2022-11-15,13.37,13.72,13.3,13.52,363848
2022-11-16,14.1,14.26,13.45,13.51,506039
2022-11-17,13.49,13.87,13.44,13.74,284487
2022-11-18,13.56,13.69,13.45,13.5,271292
2022-11-21,13.12,13.3,12.83,12.97,388381
2022-11-22,12.91,13.07,12.72,12.8,265901
2022-11-23,12.76,12.84,12.41,12.62,235555
2022-11-24,12.69,12.75,12.4,12.44,207377
2022-11-25,12.68,12.68,12.35,12.57,217619
2022-11-28,12.27,13.26,12.2,13.19,377773
2022-11-29,13.06,14.22,13.05,14.12,690546
2022-11-30,14.06,14.25,13.82,14.19,529944
2022-12-01,14.98,15.12,13.92,14.1,619895
2022-12-02,14.26,14.52,14.1,14.18,250450
2022-12-05,14.45,14.62,14.04,14.24,337482
2022-12-06,14.45,14.95,14.3,14.69,454903
2022-12-07,14.58,15.25,14.49,14.79,461822
2022-12-08,14.79,14.83,14.4,14.65,366161
2022-12-09,14.56,14.6,14.2,14.41,352897
2022-12-12,14.43,14.58,14.27,14.38,261976
2022-12-13,14.41,15.03,14.32,14.75,481178
2022-12-14,14.66,15.13,14.58,15.0,413729
2022-12-15,15.0,15.16,14.75,14.84,257790
2022-12-16,14.72,15.03,14.7,14.91,183711
2022-12-19,14.84,14.94,14.5,14.65,248792
2022-12-20,14.66,14.68,14.26,14.31,213703
2022-12-21,14.4,14.58,14.34,14.48,177132
2022-12-22,14.51,14.91,14.4,14.59,237724
2022-12-23,14.5,15.01,14.45,14.94,260571
2022-12-26,15.02,15.8,14.97,15.16,447849
2022-12-27,15.19,15.25,14.56,14.99,343563
2022-12-28,14.97,15.35,14.85,15.02,299735
2022-12-29,14.91,15.15,14.62,14.77,236746
2022-12-30,14.7,14.96,14.55,14.6,276679
2023-01-03,14.6,14.7,14.36,14.51,272307
2023-01-04,14.53,14.95,14.51,14.61,250807
2023-01-05,14.53,14.83,14.41,14.67,264511
2023-01-06,14.64,14.64,14.17,14.36,309235
2023-01-09,14.45,14.77,14.36,14.62,275991
2023-01-10,14.62,14.87,14.46,14.77,239629
2023-01-11,14.8,14.82,14.48,14.57,158063
2023-01-12,14.56,14.66,14.33,14.41,155348
2023-01-13,14.44,14.93,14.31,14.92,265345
2023-01-16,14.91,15.03,14.78,14.83,230652
2023-01-17,14.89,14.89,14.63,14.75,159733
2023-01-18,14.75,14.84,14.64,14.71,190207
2023-01-19,14.63,15.09,14.48,15.02,256261
2023-01-20,15.1,15.28,14.94,15.13,209770
2023-01-30,15.49,15.59,14.75,14.9,451468
2023-01-31,14.79,14.94,14.44,14.5,239905
2023-02-01,14.64,14.87,14.55,14.8,218748
2023-02-02,14.85,15.07,14.65,15.02,236690
2023-02-03,15.0,15.23,14.78,15.15,216375
2023-02-06,15.22,15.25,14.57,14.64,251751
2023-02-07,14.69,14.75,14.39,14.5,204972
2023-02-08,14.59,14.59,14.28,14.35,165549
2023-02-09,14.3,15.12,14.2,15.07,422722
2023-02-10,15.07,15.14,14.9,14.96,203721
2023-02-13,14.93,16.0,14.93,15.9,527781
2023-02-14,15.98,16.01,15.73,15.83,213614
2023-02-15,15.9,15.96,15.72,15.92,146691
2023-02-16,15.92,16.56,15.75,15.87,354284
2023-02-17,15.87,16.06,15.55,15.56,224082
2023-02-20,15.57,15.82,15.56,15.59,172755
2023-02-21,15.61,16.04,15.52,15.75,211300
2023-02-22,15.7,15.78,15.38,15.48,148765
2023-02-23,15.4,15.76,15.4,15.54,147158
2023-02-24,15.59,15.72,15.43,15.59,108279
2023-02-27,15.62,15.86,15.52,15.58,175379
2023-02-28,15.53,15.86,15.52,15.7,174373
2023-03-01,15.71,15.9,15.6,15.79,174704
2023-03-02,15.79,16.02,15.63,15.99,248330
2023-03-03,16.0,16.06,15.76,15.86,179569
2023-03-06,15.9,16.61,15.85,16.56,497429
2023-03-07,16.42,16.56,16.12,16.13,252624
2023-03-08,16.28,16.32,15.96,16.2,207473
2023-03-09,16.2,16.23,15.87,15.91,154309
2023-03-10,15.85,15.97,15.59,15.64,189057
2023-03-13,15.56,15.78,15.51,15.7,237373
2023-03-14,15.66,15.73,15.42,15.55,155958
2023-03-15,15.62,15.93,15.51,15.55,167271
2023-03-16,15.41,15.65,15.4,15.47,126904
2023-03-17,15.56,15.75,15.45,15.53,163398
2023-03-20,15.47,15.68,15.1,15.16,274307
2023-03-21,15.2,15.75,15.18,15.61,234027
2023-03-22,15.63,15.84,15.5,15.61,180980
2023-03-23,15.54,15.63,15.4,15.53,168613
2023-03-24,15.52,15.93,15.49,15.68,246119
2023-03-27,15.77,15.95,15.63,15.83,235983
2023-03-28,15.87,16.25,15.6,15.68,270593
2023-03-29,15.72,15.99,15.62,15.9,209147
2023-03-30,15.85,16.24,15.79,16.23,224811
2023-03-31,16.16,16.35,16.06,16.27,191225
2023-04-03,16.27,16.86,16.15,16.75,313517
2023-04-04,16.69,17.31,16.64,16.81,333715
2023-04-06,16.78,16.96,16.4,16.72,236444
2023-04-07,16.77,17.04,16.66,16.74,256324
2023-04-10,16.74,16.95,16.6,16.86,209097
2023-04-11,16.92,17.16,16.67,16.75,262357
2023-04-12,16.72,16.95,16.2,16.42,420186
2023-04-13,16.48,16.7,16.18,16.68,334062
2023-04-14,16.51,16.57,16.03,16.17,331013
2023-04-17,16.1,16.42,16.05,16.15,214839
2023-04-18,16.16,16.2,15.85,15.97,194495
2023-04-19,15.98,16.09,15.78,15.9,247492
2023-04-20,15.8,15.92,15.59,15.67,276349
2023-04-21,15.65,15.88,15.01,15.05,292704
2023-04-24,15.0,15.04,14.38,14.5,364311
2023-04-25,14.5,14.62,14.2,14.39,218916
2023-04-26,14.5,14.84,14.46,14.55,244818
2023-04-27,14.53,14.73,14.43,14.65,178417
2023-04-28,14.66,14.87,14.13,14.59,562949
2023-05-04,14.52,14.55,13.61,13.73,732819
2023-05-05,13.7,13.87,13.4,13.51,541153
2023-05-08,13.55,13.62,13.14,13.28,426441
2023-05-09,13.4,13.43,13.06,13.12,352514
2023-05-10,13.09,13.22,13.01,13.1,264635
2023-05-11,13.13,13.3,13.05,13.09,290915
2023-05-12,13.01,13.06,12.75,12.82,357751
2023-05-15,12.88,13.13,12.76,13.11,298588
2023-05-16,13.12,13.12,12.82,12.89,220354
2023-05-17,12.89,13.01,12.82,12.98,165971
2023-05-18,12.95,13.03,12.64,12.72,264882
2023-05-19,12.7,12.96,12.56,12.87,221256
2023-05-22,12.83,13.13,12.65,12.94,281766
2023-05-23,12.91,12.96,12.62,12.63,204349
2023-05-24,12.62,12.71,12.5,12.52,192226
2023-05-25,12.51,12.59,12.2,12.34,257312
2023-05-26,12.43,12.6,12.3,12.55,157428
2023-05-29,12.55,12.67,12.48,12.6,141252
2023-05-30,12.58,12.61,12.34,12.59,132189
2023-05-31,12.6,12.88,12.57,12.7,329779
2023-06-01,12.75,13.0,12.66,12.83,342607
2023-06-02,12.76,12.97,12.71,12.93,267070
2023-06-05,12.93,13.23,12.88,12.99,395976
2023-06-06,13.0,13.09,12.65,12.71,270858
2023-06-07,12.68,13.06,12.68,12.93,302341
2023-06-08,13.0,13.02,12.7,12.89,233267
2023-06-09,12.83,12.96,12.77,12.96,249347
2023-06-12,12.9,13.11,12.82,12.99,295843
2023-06-13,12.88,13.1,12.88,13.02,212894
2023-06-14,13.03,13.15,12.97,12.98,218155
2023-06-15,12.96,13.19,12.82,13.11,319525
2023-06-16,13.11,13.21,12.97,13.18,247053
2023-06-19,13.19,13.29,13.03,13.05,258450
2023-06-20,13.06,13.12,12.89,12.94,197451
2023-06-21,12.98,13.06,12.5,12.55,349776
2023-06-26,12.45,12.65,12.26,12.27,232092
2023-06-27,12.3,12.61,12.24,12.56,208132
2023-06-28,12.52,12.65,12.3,12.44,162063
2023-06-29,12.44,12.45,12.21,12.25,198906
2023-06-30,12.25,12.52,12.25,12.4,189331
2023-07-03,12.48,12.88,12.45,12.78,372725
2023-07-04,12.75,13.17,12.73,13.03,366893
2023-07-05,13.05,13.1,12.8,12.9,237143
2023-07-06,12.93,13.05,12.64,12.68,258660
2023-07-07,12.71,12.76,12.5,12.67,189252
2023-07-10,12.8,13.1,12.76,12.89,296732
2023-07-11,12.98,12.98,12.81,12.96,195308
2023-07-12,12.97,13.03,12.85,12.88,178468
2023-07-13,12.96,12.97,12.83,12.91,237740
2023-07-14,12.9,12.93,12.76,12.78,175503
2023-07-17,12.74,12.78,12.61,12.76,159728
2023-07-18,12.72,12.82,12.6,12.74,177985
2023-07-19,12.71,12.86,12.63,12.7,152101
2023-07-20,12.71,12.8,12.6,12.62,182874
2023-07-21,12.59,12.89,12.49,12.73,260665
2023-07-24,12.76,12.85,12.68,12.73,176598
2023-07-25,12.83,12.97,12.77,12.89,311184
2023-07-26,12.97,13.05,12.86,12.91,298519
2023-07-27,12.91,13.18,12.89,13.02,366095
2023-07-28,12.95,13.23,12.88,13.15,340302
2023-07-31,13.3,13.55,13.29,13.41,537143
2023-08-01,13.35,13.51,13.23,13.25,287307
2023-08-02,13.21,13.26,13.09,13.12,225576
2023-08-03,13.11,13.18,12.97,13.14,194612
2023-08-04,13.21,13.27,13.07,13.08,208242
2023-08-07,13.08,13.22,13.05,13.15,198604
2023-08-08,13.1,13.14,12.89,13.03,231358
2023-08-09,13.04,13.08,12.89,12.93,155130
2023-08-10,12.93,13.14,12.91,13.1,189783
2023-08-11,13.1,13.27,12.85,12.87,282237
2023-08-14,12.77,13.03,12.71,12.97,240738
2023-08-15,12.87,12.95,12.52,12.65,307242
2023-08-16,12.68,12.71,12.53,12.54,139402
2023-08-17,12.5,12.6,12.3,12.58,180583
2023-08-18,12.57,12.62,12.29,12.29,154637
2023-08-21,12.28,12.35,12.12,12.12,172001
2023-08-22,12.15,12.24,11.89,12.17,218236
2023-08-23,12.13,12.13,11.91,11.91,144905
2023-08-24,11.92,12.23,11.92,12.11,149206
2023-08-25,12.05,12.22,11.93,12.04,167920
2023-08-28,12.69,13.19,12.52,12.84,819635
2023-08-29,12.83,12.9,12.58,12.74,443529
2023-08-30,12.71,12.76,12.56,12.64,271211
2023-08-31,12.7,12.7,12.36,12.4,299383
2023-09-01,12.4,12.69,12.4,12.54,272154
2023-09-04,12.61,12.89,12.55,12.81,338821
2023-09-05,12.8,12.92,12.71,12.77,235704
2023-09-06,12.7,12.85,12.66,12.75,186489
2023-09-07,12.71,13.02,12.7,12.81,391045
2023-09-08,12.75,12.93,12.64,12.87,270706
2023-09-11,12.87,12.91,12.72,12.89,370946
2023-09-12,12.83,12.99,12.77,12.81,244364
2023-09-13,12.76,12.9,12.53,12.68,246539
2023-09-14,12.75,12.78,12.46,12.55,218206
2023-09-15,12.58,12.87,12.56,12.77,345343
2023-09-18,12.88,13.07,12.77,13.06,459108
2023-09-19,12.95,12.99,12.71,12.87,336868
2023-09-20,12.76,12.81,12.38,12.39,331205
2023-09-21,12.4,12.46,12.23,12.25,189606
2023-09-22,12.23,12.39,12.11,12.37,237940
2023-09-25,12.39,12.39,11.91,12.04,348588
2023-09-26,12.04,12.2,12.01,12.07,168813
2023-09-27,12.06,12.17,12.04,12.15,160563
2023-09-28,12.17,12.24,12.14,12.22,191926
2023-10-09,12.13,12.13,11.27,11.32,554200
2023-10-10,11.37,11.45,11.26,11.28,204202
2023-10-11,11.34,11.37,11.06,11.09,368734
2023-10-12,11.13,11.23,11.1,11.2,197820
2023-10-13,11.15,11.2,10.99,11.07,192141
2023-10-16,11.03,11.11,10.83,10.9,175412
2023-10-17,10.92,10.96,10.85,10.9,126165
2023-10-18,10.9,10.9,10.65,10.67,199305
2023-10-19,10.62,10.77,10.59,10.61,142068
2023-10-20,10.58,10.71,10.56,10.6,125195
2023-10-23,10.6,10.6,10.33,10.39,154518
2023-10-24,10.45,10.54,10.36,10.53,171164
2023-10-25,10.61,10.82,10.6,10.76,271449
2023-10-26,10.77,11.13,10.7,10.96,435457
2023-10-27,10.85,11.27,10.84,11.19,321394
2023-10-30,11.11,11.25,11.03,11.14,217117
2023-10-31,11.11,11.14,10.9,10.99,260430
2023-11-01,11.05,11.1,10.84,10.97,184043
2023-11-02,10.96,11.08,10.94,10.98,139008
2023-11-03,10.96,11.11,10.91,11.07,151157
2023-11-06,11.13,11.22,11.0,11.19,210766
2023-11-07,11.17,11.17,10.96,11.04,203637
2023-11-08,11.01,11.15,11.0,11.08,182159
2023-11-09,11.06,11.1,10.93,10.95,172530
2023-11-10,10.91,10.96,10.78,10.87,137593
2023-11-13,10.88,11.03,10.84,10.9,105984
2023-11-14,10.9,10.99,10.87,10.93,105973
2023-11-15,10.98,11.0,10.86,10.9,185622
2023-11-16,10.88,10.94,10.76,10.86,173698
2023-11-17,10.81,10.88,10.76,10.83,130976
2023-11-20,10.81,10.97,10.75,10.92,187932
2023-11-21,10.95,11.0,10.84,10.86,205145
2023-11-22,10.84,10.91,10.74,10.75,143455
2023-11-23,10.71,10.77,10.6,10.75,145929
2023-11-24,10.73,10.78,10.54,10.6,165880
2023-11-27,10.63,10.74,10.43,10.53,189309
2023-11-28,10.5,10.6,10.41,10.58,121311
2023-11-29,10.58,10.58,10.43,10.46,108512
2023-11-30,10.46,10.57,10.38,10.51,155385
2023-12-01,10.52,10.63,10.37,10.49,206143
2023-12-04,10.5,10.67,10.45,10.55,242710
2023-12-05,10.52,10.55,10.2,10.21,259252
2023-12-06,10.2,10.34,10.04,10.3,177743
2023-12-07,10.23,10.33,10.18,10.29,135721
2023-12-08,10.26,10.35,10.21,10.27,185556
2023-12-11,10.18,10.51,10.07,10.44,204250
2023-12-12,10.41,10.5,10.34,10.45,115790
2023-12-13,10.42,10.43,10.18,10.2,139645
2023-12-14,10.23,10.38,10.2,10.23,136948
2023-12-15,10.24,10.35,10.21,10.22,154293
2023-12-18,10.21,10.21,9.95,9.95,208433
2023-12-19,9.88,10.11,9.84,10.03,198830
2023-12-20,10.03,10.05,9.77,9.77,182240
2023-12-21,9.71,9.89,9.69,9.87,148557
2023-12-22,9.84,9.89,9.7,9.75,157245
2023-12-25,9.7,9.77,9.63,9.68,95484
2023-12-26,9.7,9.71,9.51,9.52,98528
2023-12-27,9.56,9.61,9.39,9.43,142647
2023-12-28,9.42,9.85,9.34,9.83,233014
2023-12-29,9.81,9.92,9.76,9.87,131211
2024-01-02,9.87,9.95,9.82,9.85,127162
2024-01-03,9.79,10.07,9.77,10.01,192640
2024-01-04,10.0,10.05,9.8,9.92,177684
2024-01-05,9.88,10.01,9.77,9.82,133866
2024-01-08,9.75,9.92,9.63,9.63,141786
2024-01-09,9.69,10.08,9.66,9.97,276594
2024-01-10,9.92,9.98,9.73,9.89,179165
2024-01-11,9.87,10.02,9.83,9.99,165198
2024-01-12,9.96,9.97,9.85,9.85,119651
2024-01-15,9.83,10.2,9.81,10.15,272078
2024-01-16,10.08,10.42,10.06,10.3,374173
2024-01-17,10.24,10.25,9.9,9.9,225851
2024-01-18,9.76,9.93,9.6,9.88,255230
2024-01-19,9.85,10.25,9.79,10.15,303258
2024-01-22,10.07,10.07,9.53,9.61,297079
2024-01-23,9.51,9.77,9.33,9.69,191458
2024-01-24,9.74,9.84,9.45,9.75,204175
2024-01-25,9.74,10.07,9.62,10.05,275317
2024-01-26,9.9,10.17,9.9,10.0,227027
2024-01-29,10.01,10.09,9.84,9.84,185685
2024-01-30,9.73,9.79,9.55,9.61,194397
2024-01-31,9.24,9.24,8.65,8.89,451791
2024-02-01,8.84,9.18,8.7,9.0,279333
2024-02-02,9.01,9.29,8.65,8.8,266871
2024-02-05,8.7,9.07,8.22,8.83,329922
2024-02-06,8.7,9.61,8.59,9.56,359936
2024-02-07,9.55,10.39,9.48,10.36,565493
2024-02-08,10.35,10.84,10.23,10.3,530296
2024-02-19,10.68,10.68,10.36,10.43,439431
2024-02-20,10.35,10.58,10.3,10.46,226434
2024-02-21,10.42,10.68,10.31,10.47,279933
2024-02-22,10.23,10.6,10.2,10.38,289244
2024-02-23,10.36,10.37,10.02,10.23,302221
2024-02-26,10.21,10.38,10.1,10.23,244569
2024-02-27,10.23,10.4,10.2,10.36,200578
2024-02-28,10.4,10.76,10.33,10.52,450720
2024-02-29,10.5,10.85,10.46,10.8,383034
2024-03-01,10.78,11.01,10.61,10.98,295960
2024-03-04,10.97,11.07,10.81,10.94,215105
2024-03-05,10.88,10.98,10.82,10.88,180459
2024-03-06,10.83,10.94,10.7,10.73,174284
2024-03-07,10.73,10.85,10.63,10.66,180544
2024-03-08,10.65,10.73,10.46,10.56,157946
2024-03-11,10.55,10.76,10.48,10.75,189806
2024-03-12,10.75,11.0,10.71,10.98,247011
2024-03-13,11.01,11.01,10.72,10.83,169121
2024-03-14,10.77,10.92,10.66,10.76,132550
2024-03-15,10.7,10.86,10.65,10.75,141162
2024-03-18,10.7,10.82,10.7,10.82,134012
2024-03-19,10.94,11.07,10.88,10.88,234268
2024-03-20,10.84,11.03,10.82,10.99,185549
2024-03-21,10.99,11.01,10.84,10.88,146488
2024-03-22,10.86,10.86,10.55,10.56,234680
2024-03-25,10.48,10.6,10.31,10.35,199947
2024-03-26,10.32,10.39,10.19,10.28,169940
2024-03-27,10.31,10.5,10.15,10.15,175409
2024-03-28,10.07,10.28,10.04,10.18,163458
2024-03-29,10.18,10.27,10.03,10.26,203556
2024-04-01,10.27,10.93,10.27,10.91,346621
2024-04-02,10.94,10.95,10.76,10.81,163126
2024-04-03,10.83,10.97,10.75,10.83,170585
2024-04-08,11.08,11.15,10.32,10.33,368573
2024-04-09,10.25,10.75,10.23,10.61,303597
2024-04-10,10.53,10.66,10.42,10.53,227521
2024-04-11,10.41,10.92,10.36,10.81,341331
2024-04-12,10.82,10.96,10.63,10.74,362686
2024-04-15,10.73,10.85,10.36,10.56,325516
2024-04-16,10.42,10.65,10.1,10.13,324725
2024-04-17,10.21,10.48,10.18,10.3,254108
2024-04-18,10.23,10.42,10.06,10.37,269604
2024-04-19,10.28,10.28,9.9,9.93,346949
2024-04-22,9.96,10.28,9.8,10.15,324396
2024-04-23,10.18,10.21,10.02,10.03,204209
2024-04-24,10.1,10.45,9.98,10.42,268798
2024-04-25,10.36,10.58,10.18,10.42,244507
2024-04-26,10.61,10.62,10.01,10.36,518364
2024-04-29,10.36,10.87,10.33,10.85,504353
2024-04-30,10.77,10.93,10.57,10.86,317988
2024-05-06,10.75,10.98,10.64,10.68,404602
2024-05-07,10.68,10.76,10.58,10.68,232890
2024-05-08,10.68,10.75,10.51,10.54,200380
2024-05-09,10.55,10.68,10.55,10.64,177449
2024-05-10,10.68,10.87,10.65,10.7,293345
2024-05-13,10.63,10.63,10.36,10.5,259632
2024-05-14,10.53,10.61,10.3,10.35,252785
2024-05-15,10.35,10.39,10.2,10.23,172066
2024-05-16,10.25,10.44,10.25,10.27,170786
2024-05-17,10.21,10.48,10.2,10.47,211159
2024-05-20,10.84,10.85,10.48,10.6,457405
2024-05-21,10.5,10.7,10.43,10.6,225661
2024-05-22,10.54,10.61,10.43,10.46,155305
2024-05-23,10.44,10.46,10.13,10.16,251744
2024-05-24,10.16,10.22,10.05,10.06,145475
2024-05-27,10.15,10.17,10.01,10.11,116639
2024-05-28,10.06,10.12,9.93,9.95,153128
2024-05-29,9.94,10.28,9.94,10.17,197733
2024-05-30,10.11,10.19,10.02,10.12,108702
2024-05-31,10.1,10.24,10.06,10.21,138943
2024-06-03,10.11,10.21,9.83,9.99,246004
2024-06-04,9.95,10.09,9.91,10.07,150270
2024-06-05,10.07,10.17,10.01,10.01,126102
2024-06-06,10.01,10.15,9.8,9.84,189100
2024-06-07,9.91,10.02,9.75,9.85,131784
2024-06-11,9.82,9.84,9.58,9.65,195199
2024-06-12,9.64,9.67,9.32,9.42,264591
2024-06-13,9.44,9.45,9.11,9.14,313267
2024-06-14,9.23,9.23,8.99,9.1,388070
2024-06-17,9.0,9.12,8.8,9.04,251422
2024-06-18,9.06,9.12,8.9,8.95,205420
2024-06-19,9.0,9.0,8.78,8.8,182284
2024-06-20,8.8,8.8,8.38,8.43,411178
2024-06-21,8.42,8.52,8.3,8.39,238774
2024-06-24,8.3,8.34,8.02,8.11,332937
2024-06-25,8.13,8.31,8.11,8.23,240234
2024-06-26,8.18,8.35,8.13,8.33,213560
2024-06-27,8.27,8.34,8.16,8.18,167523
2024-06-28,8.17,8.22,8.02,8.03,252265
2024-07-01,8.02,8.25,8.02,8.21,222266
2024-07-02,8.25,8.26,8.08,8.13,153398
2024-07-03,8.09,8.25,8.08,8.09,187178
2024-07-04,8.09,8.1,7.78,7.82,302815
2024-07-05,7.79,7.91,7.73,7.89,194773
2024-07-08,7.91,7.92,7.66,7.68,183329
2024-07-09,7.7,7.81,7.57,7.77,206620
2024-07-10,7.77,7.84,7.65,7.76,143352
2024-07-11,7.89,8.12,7.84,8.09,298728
2024-07-12,8.1,8.39,8.07,8.17,358090
2024-07-15,8.12,8.14,7.91,7.92,231708
2024-07-16,7.91,7.96,7.77,7.85,216574
2024-07-17,7.84,8.01,7.79,7.91,209407
2024-07-18,7.89,8.02,7.76,8.02,200705
2024-07-19,7.99,8.0,7.85,7.94,217582
2024-07-22,7.95,7.96,7.78,7.81,200078
2024-07-23,7.78,7.83,7.56,7.57,245410
2024-07-24,7.99,8.15,7.62,7.71,704457
2024-07-25,7.55,7.87,7.45,7.72,429000
2024-07-26,7.67,7.89,7.66,7.76,245972
2024-07-29,7.76,7.77,7.53,7.56,284881
2024-07-30,7.5,7.55,7.38,7.44,299814
2024-07-31,7.44,8.2,7.43,8.17,819685
2024-08-01,8.1,8.15,7.87,7.94,500165
2024-08-02,7.85,8.04,7.8,7.84,391934
2024-08-05,8.01,8.33,7.88,8.06,897933
2024-08-06,8.07,8.53,8.07,8.36,769913
2024-08-07,8.35,8.35,8.14,8.3,471349
2024-08-08,8.18,8.41,8.16,8.25,370638
2024-08-09,8.21,8.31,8.02,8.03,374807
2024-08-12,8.0,8.0,7.73,7.8,335905
2024-08-13,7.79,8.13,7.73,8.1,440717
2024-08-14,8.06,8.09,7.94,7.96,203394
2024-08-15,7.9,8.12,7.85,8.05,290604
2024-08-16,8.0,8.02,7.87,7.91,232935
2024-08-19,7.88,7.97,7.84,7.89,167548
2024-08-20,7.86,7.91,7.67,7.7,254894
2024-08-21,7.7,7.78,7.64,7.66,170749
2024-08-22,7.66,7.68,7.45,7.46,229295
2024-08-23,7.47,7.6,7.43,7.53,172337
2024-08-26,7.51,7.63,7.4,7.51,218559
2024-08-27,7.51,7.64,7.4,7.57,235796
2024-08-28,7.57,7.61,7.46,7.55,193618
2024-08-29,7.56,7.58,7.11,7.52,398522
2024-08-30,7.48,8.04,7.45,7.77,693935
2024-09-02,7.78,7.87,7.56,7.57,378194
2024-09-03,7.57,7.71,7.54,7.65,208796
2024-09-04,7.59,7.72,7.59,7.61,207261
2024-09-05,7.64,7.74,7.6,7.67,210825
2024-09-06,7.66,7.73,7.51,7.52,245704
2024-09-09,7.49,7.68,7.47,7.55,279387
2024-09-10,7.53,7.56,7.2,7.42,372988
2024-09-11,7.36,7.4,7.3,7.36,203466
2024-09-12,7.36,7.46,7.25,7.25,217889
2024-09-13,7.27,7.31,7.13,7.13,173174
2024-09-18,7.15,7.15,6.93,7.06,257421
2024-09-19,7.11,7.35,7.08,7.15,324773
2024-09-20,7.14,7.14,7.02,7.07,227626
2024-09-23,7.07,7.17,7.02,7.05,212015
2024-09-24,7.19,7.5,7.14,7.5,599318
2024-09-25,7.56,7.83,7.53,7.63,565504
2024-09-26,7.6,8.24,7.57,8.24,835611
2024-09-27,8.39,8.86,8.19,8.77,1027398
2024-09-30,9.35,10.52,9.09,10.52,1857460
2024-10-08,12.4,12.43,10.2,11.2,2168594
2024-10-09,10.65,10.65,9.44,9.66,1570728
2024-10-10,9.8,10.07,9.4,9.67,816899
2024-10-11,9.56,9.68,9.02,9.18,623486
2024-10-14,9.11,9.31,8.87,9.22,607317
2024-10-15,9.15,9.27,8.96,8.97,435682
2024-10-16,8.85,9.09,8.8,8.93,377540
2024-10-17,8.96,9.18,8.93,8.93,368146
2024-10-18,8.93,9.76,8.89,9.45,750739
2024-10-21,9.45,10.7,9.37,10.22,1347617
2024-10-22,10.1,10.3,9.91,10.05,779249
2024-10-23,10.08,10.24,10.01,10.06,498560
2024-10-24,10.03,10.16,9.96,10.11,456683
2024-10-25,9.84,9.94,9.66,9.83,862756
2024-10-28,9.77,9.96,9.6,9.93,582655
2024-10-29,9.96,10.06,9.61,9.63,607650
2024-10-30,9.59,9.82,9.52,9.67,365959
2024-10-31,9.66,9.72,9.46,9.65,443378
2024-11-01,9.6,9.67,9.35,9.43,417886
2024-11-04,9.43,9.71,9.4,9.7,495121
2024-11-05,9.63,9.86,9.55,9.82,562444
2024-11-06,9.78,9.99,9.72,9.89,622349
2024-11-07,9.84,10.34,9.71,10.29,857613
2024-11-08,10.39,10.44,10.04,10.15,691484
2024-11-11,9.94,10.24,9.91,10.18,634366
2024-11-12,10.26,10.5,10.14,10.36,835431
2024-11-13,10.48,10.53,9.77,9.95,1074490
2024-11-14,9.85,9.92,9.63,9.67,570105
2024-11-15,9.67,9.82,9.55,9.56,385409
2024-11-18,9.58,9.66,9.28,9.32,382722
2024-11-19,9.38,9.47,9.26,9.47,292585
2024-11-20,9.46,9.53,9.32,9.49,308409
2024-11-21,9.44,9.47,9.34,9.42,275300
2024-11-22,9.41,9.47,9.06,9.06,386171
2024-11-25,9.1,9.32,9.06,9.19,352668
2024-11-26,9.18,9.46,9.13,9.2,345304
2024-11-27,9.14,9.39,9.06,9.38,309505
2024-11-28,9.38,9.65,9.35,9.35,361771
2024-11-29,9.32,9.52,9.3,9.44,382929
2024-12-02,9.35,9.69,9.32,9.66,476458
2024-12-03,9.65,9.71,9.5,9.56,349531
2024-12-04,9.49,9.55,9.35,9.39,271405
2024-12-05,9.36,9.52,9.36,9.47,202503
2024-12-06,9.45,9.61,9.39,9.58,310921
2024-12-09,9.55,9.73,9.42,9.5,321893
2024-12-10,9.91,10.13,9.69,9.71,1070015
2024-12-11,9.68,9.98,9.64,9.95,514354
2024-12-12,9.9,10.31,9.87,10.29,887027
2024-12-13,10.2,10.62,10.11,10.3,1130248
2024-12-16,10.65,10.8,10.21,10.35,1225541
2024-12-17,10.32,10.32,9.8,9.99,763694
2024-12-18,10.01,10.13,9.89,9.96,428718
2024-12-19,9.85,9.95,9.7,9.89,374095
2024-12-20,9.88,10.06,9.75,9.78,388630
2024-12-23,9.77,9.8,9.48,9.5,388403
2024-12-24,9.51,9.61,9.44,9.55,242289
2024-12-25,9.53,9.68,9.34,9.6,320386
2024-12-26,9.6,9.68,9.51,9.55,236958
2024-12-27,9.54,9.77,9.49,9.63,296572
2024-12-30,9.63,9.66,9.5,9.54,238193
2024-12-31,9.54,9.64,9.29,9.29,293628
2025-01-02,9.29,9.42,9.01,9.12,353118
2025-01-03,9.13,9.2,8.8,8.83,326198
2025-01-06,8.77,8.84,8.61,8.69,252367
2025-01-07,8.74,8.79,8.65,8.74,200730
2025-01-08,8.74,8.75,8.37,8.55,322038
2025-01-09,8.45,8.58,8.44,8.45,233180
2025-01-10,8.46,8.49,8.17,8.17,258458
2025-01-13,8.12,8.35,8.08,8.32,276511
2025-01-14,8.55,8.61,8.41,8.54,420647
2025-01-15,8.52,8.66,8.47,8.56,336517
2025-01-16,8.57,8.79,8.56,8.66,325643
2025-01-17,8.63,8.71,8.55,8.7,205384
2025-01-20,8.76,8.89,8.69,8.82,287688
2025-01-21,8.83,8.93,8.69,8.76,205502
2025-01-22,8.7,8.74,8.59,8.65,228627
2025-01-23,8.76,8.84,8.65,8.66,250904
2025-01-24,8.64,8.84,8.61,8.82,252474
2025-01-27,8.96,9.17,8.93,8.98,439778
2025-02-05,9.02,9.09,8.8,8.93,312248
2025-02-06,8.93,9.0,8.84,8.97,327802
2025-02-07,8.95,9.03,8.85,8.93,480490
2025-02-10,8.94,9.23,8.92,9.18,513078
2025-02-11,9.19,9.21,8.96,9.05,316790
2025-02-12,9.04,9.12,8.98,9.09,265351
2025-02-13,9.09,9.34,9.06,9.25,498441
2025-02-14,9.21,9.24,9.1,9.18,349660
2025-02-17,9.2,9.22,9.01,9.04,418102
2025-02-18,9.01,9.03,8.69,8.71,395118
2025-02-19,8.73,8.77,8.65,8.76,255162
2025-02-20,8.75,8.88,8.72,8.75,259875
2025-02-21,8.77,8.94,8.73,8.85,439939
2025-02-24,8.81,8.95,8.77,8.83,308414
2025-02-25,8.75,8.82,8.62,8.66,327368
2025-02-26,8.66,8.74,8.63,8.71,262690
2025-02-27,8.74,8.94,8.7,8.86,511137
2025-02-28,8.8,8.92,8.67,8.7,401838
2025-03-03,8.71,8.93,8.62,8.68,429603
2025-03-04,8.63,8.73,8.62,8.72,213737
2025-03-05,8.72,8.8,8.65,8.7,231189
2025-03-06,8.71,9.04,8.69,9.0,594944
2025-03-07,8.97,9.03,8.88,8.92,302275
2025-03-10,8.92,8.94,8.84,8.91,234526
2025-03-11,8.84,9.04,8.78,9.04,333013
2025-03-12,9.05,9.12,8.96,8.97,262069
2025-03-13,8.98,8.99,8.87,8.97,223944
2025-03-14,9.03,9.33,9.02,9.33,635855
2025-03-17,9.39,9.55,9.34,9.36,568739
2025-03-18,9.4,9.43,9.29,9.34,341610
2025-03-19,9.31,9.4,9.27,9.35,323571
2025-03-20,9.37,9.5,9.26,9.29,396961
2025-03-21,9.21,9.38,9.18,9.3,348831
2025-03-24,9.36,9.66,9.34,9.52,859481
2025-03-25,9.44,9.53,9.3,9.49,523360
2025-03-26,9.44,9.65,9.33,9.56,583248
2025-03-27,9.57,9.69,9.42,9.44,456630
2025-03-28,9.39,9.47,9.27,9.27,376595
2025-03-31,9.25,9.35,9.13,9.21,313558
2025-04-01,9.19,9.39,9.19,9.31,316312
2025-04-02,9.28,9.44,9.23,9.37,270081
2025-04-03,9.3,9.63,9.25,9.5,505279
2025-04-07,9.21,9.39,8.56,8.84,853492
2025-04-08,9.0,9.2,8.91,9.09,591372
2025-04-09,8.95,9.89,8.72,9.78,1170792
2025-04-10,9.69,10.19,9.53,9.96,1395677
2025-04-11,9.85,10.0,9.75,9.79,757029
2025-04-14,9.78,10.06,9.75,9.94,811717
2025-04-15,9.97,10.09,9.8,9.87,628004
2025-04-16,9.8,10.01,9.73,9.84,633318
2025-04-17,9.77,10.48,9.73,10.22,1385724
2025-04-18,10.1,10.19,9.81,9.9,859018
2025-04-21,9.83,9.93,9.71,9.91,519763
2025-04-22,9.85,9.93,9.68,9.77,576914
2025-04-23,9.78,9.84,9.61,9.67,469705
2025-04-24,9.62,9.92,9.62,9.84,600894
2025-04-25,9.68,9.83,9.38,9.58,704344
2025-04-28,9.58,9.64,9.23,9.42,669015
2025-04-29,9.38,9.45,9.28,9.34,331786
2025-04-30,9.34,9.4,9.31,9.35,321691
2025-05-06,9.43,9.43,9.26,9.35,442879
2025-05-07,9.44,9.5,9.26,9.3,408058
2025-05-08,9.3,9.3,9.15,9.17,439940
2025-05-09,9.14,9.23,9.12,9.13,267351
2025-05-12,9.17,9.24,9.1,9.24,300549
2025-05-13,9.27,9.29,9.15,9.2,246559
2025-05-14,9.19,9.23,9.08,9.18,258901
2025-05-15,9.17,9.21,9.13,9.13,177713
2025-05-16,9.11,9.15,9.08,9.12,169015
2025-05-19,9.12,9.18,9.08,9.13,165919
2025-05-20,9.15,9.31,9.13,9.29,341523
2025-05-21,9.25,9.26,9.13,9.14,265878
2025-05-22,9.13,9.15,8.99,8.99,251001
2025-05-23,9.0,9.14,8.97,9.0,229798
2025-05-26,9.01,9.04,8.93,9.02,134540
2025-05-27,9.04,9.09,9.01,9.07,140879
2025-05-28,9.05,9.08,9.0,9.03,114973
2025-05-29,9.02,9.12,8.98,9.08,193410
2025-05-30,9.06,9.17,9.0,9.05,241042
2025-06-03,9.02,9.11,9.02,9.07,171417
2025-06-04,9.06,9.22,9.02,9.19,311188
2025-06-05,9.18,9.22,9.08,9.11,211493
2025-06-06,9.11,9.13,9.06,9.1,145097
2025-06-09,9.1,9.17,9.08,9.16,195848
2025-06-10,9.15,9.22,9.03,9.09,263964
2025-06-11,9.09,9.21,9.09,9.12,233806
2025-06-12,9.1,9.17,9.06,9.1,185496
2025-06-13,9.08,9.09,8.92,8.97,307232
2025-06-16,8.94,8.99,8.91,8.97,157221
2025-06-17,8.98,9.01,8.91,8.93,154142
2025-06-18,8.92,8.93,8.77,8.78,280021
2025-06-19,8.7,8.83,8.6,8.63,300591
2025-06-20,8.61,8.66,8.34,8.37,534506
2025-06-23,8.35,8.43,8.33,8.41,203486
2025-06-24,8.46,8.56,8.45,8.54,228319
2025-06-25,8.63,8.69,8.54,8.67,249900
2025-06-26,8.66,8.84,8.62,8.74,363506
2025-06-27,8.69,8.75,8.66,8.68,272437
2025-06-30,8.5,8.57,8.46,8.55,201436
2025-07-01,8.55,8.58,8.48,8.51,156502
2025-07-02,8.52,8.54,8.45,8.49,193566
2025-07-03,8.47,8.54,8.46,8.49,184430
2025-07-04,8.5,8.51,8.46,8.47,165751
2025-07-07,8.47,8.49,8.43,8.45,137879
2025-07-08,8.45,8.53,8.44,8.52,220930
2025-07-09,8.52,8.57,8.49,8.51,217257
2025-07-10,8.51,8.56,8.49,8.56,201896
2025-07-11,8.56,8.62,8.53,8.58,250838
2025-07-14,8.58,8.61,8.53,8.54,190704
2025-07-15,8.55,8.57,8.39,8.41,288442
2025-07-16,8.41,8.49,8.41,8.44,185126
2025-07-17,8.46,8.53,8.41,8.46,273982
2025-07-18,8.46,8.53,8.44,8.53,268598
2025-07-21,8.51,8.58,8.49,8.56,258615
2025-07-22,8.6,8.7,8.53,8.7,420585
2025-07-23,8.72,8.72,8.6,8.62,314865
2025-07-24,8.63,8.86,8.62,8.82,506433
2025-07-25,8.84,8.97,8.74,8.74,391864
2025-07-28,8.76,8.77,8.72,8.75,260755
2025-07-29,8.77,8.78,8.62,8.73,257136
2025-07-30,8.71,8.78,8.65,8.71,291722
2025-07-31,8.7,8.71,8.53,8.55,322591
2025-08-01,8.55,8.59,8.45,8.52,238201
2025-08-04,8.49,8.54,8.47,8.53,174131
2025-08-05,8.54,8.59,8.53,8.56,184308
2025-08-06,8.56,8.56,8.46,8.53,219004
2025-08-07,8.53,8.62,8.51,8.54,257052
2025-08-08,8.53,8.56,8.48,8.51,216819
2025-08-11,8.5,8.57,8.49,8.54,270787
2025-08-12,8.54,8.58,8.51,8.53,226837
2025-08-13,8.6,8.64,8.52,8.54,397107
2025-08-14,8.54,8.6,8.44,8.46,392725
2025-08-15,8.45,8.59,8.41,8.58,398763
2025-08-18,8.59,8.74,8.58,8.67,560084
2025-08-19,8.68,8.71,8.63,8.66,343965
2025-08-20,8.63,8.81,8.62,8.8,556966
2025-08-21,8.78,8.86,8.75,8.79,441023
2025-08-22,8.78,8.86,8.72,8.86,476035
2025-08-25,8.88,9.03,8.86,8.99,676378
2025-08-26,8.97,9.15,8.91,9.06,577932
2025-08-27,8.88,8.92,8.68,8.68,1070878
2025-08-28,8.68,8.81,8.52,8.74,587108
2025-08-29,8.72,8.83,8.71,8.75,510743
2025-09-01,8.75,8.91,8.7,8.88,636863
2025-09-02,8.86,8.93,8.71,8.83,555202
2025-09-03,8.83,8.86,8.6,8.62,431260
2025-09-04,8.65,8.91,8.6,8.9,896129
2025-09-05,9.0,9.15,8.76,9.1,1077520
2025-09-08,9.05,9.18,8.97,9.01,850129
2025-09-09,9.05,9.12,8.94,9.03,629637
2025-09-10,8.99,9.11,8.98,9.08,740939
2025-09-11,9.05,9.09,8.91,9.09,660771
2025-09-12,9.07,9.16,8.99,9.0,577261
2025-09-15,8.98,9.28,8.93,9.19,926836
2025-09-16,9.26,9.43,9.19,9.36,1180693
2025-09-17,9.5,9.53,9.17,9.26,989128
2025-09-18,9.26,9.44,9.19,9.3,1134637
2025-09-19,9.22,9.97,9.04,9.69,1961629
2025-09-22,9.5,9.56,9.25,9.33,1106700
2025-09-23,9.24,9.26,8.85,8.99,955336
2025-09-24,8.9,9.08,8.81,9.02,553088
2025-09-25,8.97,9.07,8.84,9.05,617223
2025-09-26,8.96,8.98,8.86,8.86,399958
2025-09-29,8.86,8.95,8.71,8.88,415606
2025-09-30,8.89,8.92,8.75,8.76,521828
2025-10-09,8.72,8.74,8.46,8.5,666934
2025-10-10,8.48,8.58,8.47,8.48,354342
2025-10-13,8.29,8.38,8.23,8.33,382803
2025-10-14,8.35,8.41,8.27,8.29,359626
2025-10-15,8.31,8.37,8.3,8.36,255510
2025-10-16,8.34,8.39,8.26,8.26,318870
2025-10-17,8.26,8.3,8.09,8.09,383601
2025-10-20,8.15,8.19,8.11,8.11,207079
2025-10-21,8.11,8.15,8.09,8.12,251960
2025-10-22,8.1,8.13,8.09,8.11,202758
2025-10-23,8.11,8.18,8.03,8.17,281201
2025-10-24,8.17,8.18,8.1,8.12,228019
2025-10-27,8.13,8.15,8.11,8.13,219723
2025-10-28,8.11,8.16,8.07,8.08,271967
2025-10-29,8.07,8.08,8.03,8.07,256771
2025-10-30,8.07,8.08,7.97,7.99,352974
2025-10-31,7.98,8.05,7.96,8.03,291743
2025-11-03,8.04,8.07,7.96,8.07,325644
2025-11-04,8.05,8.09,7.99,8.01,271548
2025-11-05,7.99,8.15,7.97,8.09,392352
2025-11-06,8.07,8.1,8.02,8.07,270144
2025-11-07,8.08,8.14,8.05,8.11,231319
2025-11-10,8.11,8.3,8.1,8.28,520181
2025-11-11,8.24,8.3,8.21,8.28,333540
2025-11-12,8.28,8.34,8.21,8.21,304933
2025-11-13,8.21,8.31,8.18,8.29,330654
2025-11-14,8.25,8.34,8.21,8.22,285861
2025-11-17,8.22,8.23,8.11,8.15,278139
2025-11-18,8.15,8.15,8.01,8.06,344962
2025-11-19,8.05,8.11,8.01,8.06,222447
2025-11-20,8.06,8.07,7.99,7.99,239898
2025-11-21,7.94,8.0,7.82,7.83,321774
2025-11-24,7.84,7.99,7.84,7.93,202769
2025-11-25,7.95,8.0,7.91,7.95,230540
2025-11-26,8.02,8.05,7.93,7.93,196258
2025-11-27,7.95,7.99,7.91,7.93,178802
2025-11-28,7.91,7.93,7.83,7.9,196237
2025-12-01,7.91,8.12,7.91,8.1,380660
2025-12-02,8.07,8.13,8.04,8.07,258597
2025-12-03,8.09,8.1,8.01,8.05,214932
2025-12-04,8.03,8.04,7.9,7.95,227203
2025-12-05,7.93,7.98,7.87,7.97,159403
2025-12-08,7.97,8.08,7.95,8.06,251738
2025-12-09,8.05,8.06,7.95,7.95,152071
2025-12-10,8.1,8.13,8.03,8.06,267992
2025-12-11,8.12,8.12,7.97,7.97,175594
2025-12-12,8.0,8.0,7.92,7.97,216943
2025-12-15,7.98,8.03,7.96,7.98,127434
2025-12-16,8.0,8.11,7.98,8.08,345441
2025-12-17,8.1,8.26,8.05,8.22,553354
2025-12-18,8.19,8.24,8.14,8.19,335569
2025-12-19,8.19,8.35,8.17,8.33,580518
2025-12-22,8.32,8.44,8.26,8.34,514263
2025-12-23,8.33,8.33,8.14,8.15,439966
2025-12-24,8.16,8.24,8.09,8.21,307673
2025-12-25,8.2,8.29,8.14,8.25,265354
2025-12-26,8.26,8.3,8.21,8.28,284044
2025-12-29,8.28,8.31,8.2,8.21,237362
2025-12-30,8.17,8.23,8.16,8.18,192876
2025-12-31,8.18,8.26,8.11,8.19,233220
2026-01-05,8.19,8.21,8.15,8.2,270110
2026-01-06,8.21,8.31,8.2,8.29,351904
2026-01-07,8.3,8.36,8.25,8.28,350538
2026-01-08,8.26,8.32,8.22,8.29,274986
2026-01-09,8.29,8.34,8.26,8.32,330145
2026-01-12,8.32,8.48,8.3,8.48,579958
2026-01-13,8.45,8.5,8.33,8.35,500155
2026-01-14,8.36,8.6,8.35,8.53,819852
2026-01-15,8.58,8.63,8.42,8.5,621691
2026-01-16,8.45,8.51,8.29,8.31,494773
2026-01-19,8.31,8.52,8.29,8.48,465390
2026-01-20,8.47,8.62,8.45,8.57,542690
2026-01-21,8.53,8.62,8.45,8.54,390260
2026-01-22,8.52,8.58,8.47,8.53,296405
2026-01-23,8.51,8.56,8.45,8.49,402459
2026-01-26,8.44,8.47,8.31,8.38,480884
2026-01-27,8.4,8.41,8.16,8.22,388171
2026-01-28,8.21,8.27,8.15,8.17,347383
2026-01-29,8.15,8.34,8.09,8.3,482697
2026-01-30,8.5,8.9,8.46,8.53,1205807
2026-02-02,8.62,8.97,8.54,8.71,1273225
2026-02-03,8.68,8.88,8.65,8.76,843455
2026-02-04,8.69,8.83,8.65,8.73,568303
2026-02-05,8.77,9.31,8.73,9.11,1570078
2026-02-06,9.0,9.0,8.73,8.75,967920
2026-02-09,8.8,9.2,8.7,9.01,959892
2026-02-10,8.93,9.46,8.88,9.32,1507183
2026-02-11,9.23,9.28,9.02,9.04,803726
2026-02-12,9.0,9.01,8.68,8.74,868281
2026-02-13,8.76,8.82,8.65,8.65,472038
2026-02-24,8.69,8.69,8.37,8.39,825085
2026-02-25,8.39,8.45,8.35,8.37,497719
2026-02-26,8.38,8.38,8.24,8.26,472357
2026-02-27,8.26,8.32,8.24,8.31,362949
2026-03-02,8.14,8.19,8.02,8.05,535451
2026-03-03,8.09,8.18,8.0,8.13,614318
2026-03-04,8.05,8.12,7.88,7.9,495644
2026-03-05,8.0,8.11,7.95,7.97,412459
2026-03-06,7.97,8.35,7.94,8.32,710096
2026-03-09,8.18,8.33,8.12,8.28,444947
2026-03-10,8.29,8.4,8.18,8.23,399576
2026-03-11,8.24,8.25,8.11,8.15,308670
2026-03-12,8.14,8.18,8.1,8.14,225810
2026-03-13,8.12,8.21,8.1,8.11,270008
2026-03-16,8.11,8.21,8.09,8.18,241661
2026-03-17,8.18,8.25,8.08,8.09,311038
2026-03-18,8.09,8.12,7.98,8.04,263867
2026-03-19,7.98,8.02,7.93,7.95,228814
2026-03-20,7.99,8.0,7.86,7.86,329758
2026-03-23,7.78,7.79,7.44,7.47,436798
2026-03-24,7.6,7.67,7.51,7.65,251526
2026-03-25,7.69,7.86,7.66,7.77,263605
2026-03-26,7.76,7.85,7.69,7.71,196274
2026-03-27,7.65,7.82,7.63,7.8,195616
2026-03-30,7.72,7.8,7.66,7.77,159387
2026-03-31,7.79,7.91,7.76,7.78,191252
2026-04-01,7.87,7.92,7.79,7.91,218283
2026-04-02,7.88,7.88,7.74,7.79,199461
2026-04-03,7.79,7.82,7.62,7.63,169018
2026-04-07,7.7,7.76,7.64,7.68,144689
2026-04-08,7.84,7.93,7.81,7.9,300986
2026-04-09,7.84,7.86,7.75,7.76,241451
2026-04-10,7.79,7.94,7.78,7.85,250464
2026-04-13,7.8,7.87,7.78,7.79,192172
2026-04-14,7.83,7.85,7.69,7.78,237956
2026-04-15,7.79,7.92,7.76,7.85,301823
2026-04-16,7.87,7.98,7.82,7.95,425291
2026-04-17,7.9,7.9,7.81,7.85,267602
2026-04-20,7.84,7.95,7.81,7.9,236328
2026-04-21,7.91,8.0,7.81,7.85,274983
2026-04-22,7.82,7.85,7.72,7.75,287316
2026-04-23,7.73,7.79,7.66,7.71,244174
2026-04-24,7.67,7.85,7.58,7.84,322326
2026-04-27,7.8,7.81,7.71,7.78,205140
2026-04-28,7.75,7.78,7.64,7.69,219258
2026-04-29,7.68,7.78,7.66,7.75,217620
