Date,Open,High,Low,Close,Volume
2015-08-11,24.28,24.85,23.98,24.28,85675
2015-08-12,23.8,24.25,22.77,22.78,62436
2015-08-13,22.48,25.06,22.2,25.06,79554
2015-08-14,26.1,26.18,24.08,24.45,80892
2015-08-17,23.98,25.67,23.95,24.57,51326
2015-08-18,24.68,24.68,22.15,22.2,66022
2015-08-19,21.51,23.59,20.48,23.08,41176
2015-08-20,22.7,24.45,22.5,23.1,35994
2015-08-21,22.79,23.9,21.6,22.68,35313
2015-08-24,20.45,21.15,20.41,20.41,20429
2015-08-25,18.37,19.54,18.37,18.37,21556
2015-08-26,18.41,19.19,16.53,17.07,39757
2015-08-27,17.67,18.16,16.5,17.9,28203
2015-08-28,18.45,19.25,18.03,19.2,33444
2015-08-31,18.99,18.99,17.7,17.7,20909
2015-09-01,17.56,17.56,15.93,15.93,21601
2015-09-02,14.56,16.68,14.56,15.5,23449
2015-09-07,16.2,16.8,16.0,16.17,16072
2015-09-08,16.0,17.18,15.0,17.12,22757
2015-09-09,16.92,18.15,16.92,17.8,31608
2015-09-10,17.5,18.28,17.24,17.48,20829
2015-09-11,17.75,17.94,17.01,17.72,16712
2015-09-14,17.56,17.88,15.95,15.95,15881
2015-09-15,14.9,15.5,14.36,14.36,22917
2015-09-16,14.48,15.8,14.31,15.8,26608
2015-09-17,15.79,16.38,15.11,15.2,30030
2015-09-18,15.48,15.48,14.88,15.4,15604
2015-09-21,15.15,16.47,14.99,16.46,30086
2015-09-22,16.39,17.24,16.21,16.55,34522
2015-09-23,16.2,17.07,15.99,16.78,34805
2015-09-24,17.02,18.46,16.69,18.46,43557
2015-09-25,18.83,18.83,16.75,17.38,45530
2015-09-28,17.1,18.18,16.81,17.83,33002
2015-09-29,17.44,17.44,16.65,16.9,28201
2015-09-30,16.9,17.15,16.21,16.65,17586
2015-10-08,17.26,17.88,17.1,17.6,31730
2015-10-09,17.32,18.0,17.31,17.9,33103
2015-10-12,17.73,18.9,17.61,18.7,51049
2015-10-13,18.56,19.9,18.0,19.44,52050
2015-10-14,19.02,19.34,18.6,18.66,38910
2015-10-15,18.35,19.96,18.35,19.42,44585
2015-10-16,19.38,19.9,19.19,19.84,48327
2015-10-19,19.84,20.49,19.4,19.49,44788
2015-10-20,19.5,20.38,19.49,20.24,33908
2015-10-21,20.2,20.55,18.22,18.22,44375
2015-10-22,18.23,19.08,18.06,18.98,27109
2015-10-23,18.98,20.88,18.98,20.88,104975
2015-10-26,21.3,21.4,19.85,20.5,94447
2015-10-27,20.42,20.7,19.03,20.51,60696
2015-10-28,20.1,20.64,19.31,19.48,49067
2015-10-29,20.48,20.82,19.54,20.39,65995
2015-10-30,20.01,20.37,19.56,19.82,32907
2015-11-02,19.25,20.39,18.9,19.12,41389
2015-11-03,19.39,19.49,18.4,19.23,26984
2015-11-04,19.3,20.31,19.27,20.21,51077
2015-11-05,20.14,20.68,19.88,20.5,55811
2015-11-06,20.35,22.55,20.35,22.55,54951
2015-11-09,24.0,24.81,23.15,24.44,174032
2015-11-10,23.68,24.15,23.21,23.77,93036
2015-11-11,23.46,24.8,23.46,24.51,90560
2015-11-12,24.5,26.88,23.45,26.58,128605
2015-11-13,25.4,26.12,24.11,24.2,79894
2015-11-16,23.14,24.78,23.1,24.5,43773
2015-11-17,24.73,25.97,23.63,23.79,54309
2015-11-18,23.96,24.29,22.6,22.7,32641
2015-11-19,22.71,23.9,22.71,23.61,29553
2015-11-20,23.65,24.23,23.33,23.9,31284
2015-11-23,23.75,24.85,23.39,23.4,36558
2015-11-24,23.5,24.43,23.3,24.26,30007
2015-11-25,24.2,25.63,24.0,24.98,59987
2015-11-26,24.98,25.11,24.21,24.4,38531
2015-11-27,24.51,24.59,22.0,22.08,47789
2015-11-30,22.3,23.0,20.16,22.3,39697
2015-12-01,22.18,22.95,22.0,22.6,34140
2015-12-02,22.6,22.62,21.0,21.64,25172
2015-12-03,21.9,22.6,21.88,22.49,21496
2015-12-04,22.6,22.92,22.3,22.55,24801
2015-12-07,22.4,23.18,22.4,22.89,28263
2015-12-08,22.66,22.84,21.91,22.25,26572
2015-12-09,22.03,22.55,22.03,22.16,14433
2015-12-10,22.09,24.05,22.09,22.93,43864
2015-12-11,22.7,23.79,22.55,23.15,33491
2015-12-14,23.13,24.6,22.88,24.59,43984
2015-12-15,24.8,24.8,24.0,24.33,34833
2015-12-16,24.39,25.98,24.27,25.42,64615
2015-12-17,26.25,27.96,26.24,27.96,113609
2015-12-18,29.0,30.0,27.31,29.58,144093
2015-12-21,28.7,30.95,28.2,29.6,95398
2015-12-22,28.8,29.6,28.38,29.25,47897
2015-12-23,29.03,31.31,28.56,30.14,99314
2015-12-24,30.0,31.1,28.73,30.5,77728
2015-12-25,31.0,33.0,30.08,32.0,128620
2015-12-28,31.01,32.32,29.33,29.8,91057
2015-12-29,29.84,30.38,28.85,29.99,50035
2015-12-30,30.28,30.3,28.96,29.0,53526
2015-12-31,29.28,29.29,28.48,28.55,33203
2016-01-04,28.68,28.88,25.7,25.71,41671
2016-01-05,23.22,25.67,23.14,24.47,79873
2016-01-06,25.16,25.56,24.01,25.05,51413
2016-01-07,24.89,24.89,22.6,22.74,14606
2016-01-08,23.0,24.6,21.32,24.17,51262
2016-01-11,23.28,25.35,22.38,23.23,49581
2016-01-12,23.3,25.0,23.3,24.5,60628
2016-01-13,24.75,26.4,23.98,25.25,69457
2016-01-14,24.0,26.68,23.51,26.64,52719
2016-01-15,26.28,27.62,24.01,25.37,68648
2016-01-18,24.3,26.96,24.01,26.7,56314
2016-01-19,26.7,29.37,26.2,29.22,75843
2016-01-20,28.98,30.4,27.0,27.13,105066
2016-01-21,26.11,29.84,25.9,29.83,172503
2016-01-22,29.5,30.5,27.82,29.46,135128
2016-01-25,29.89,32.0,29.03,30.77,110411
2016-01-26,29.0,30.5,27.69,27.69,82271
2016-01-27,27.71,30.3,25.23,29.99,67452
2016-01-28,29.49,30.15,26.99,26.99,56203
2016-01-29,26.9,28.23,24.35,27.35,60777
2016-02-01,27.36,29.3,27.0,27.8,48149
2016-02-02,27.93,29.42,27.87,29.23,58794
2016-02-03,28.78,29.2,27.36,28.8,53074
2016-02-04,29.3,31.58,28.85,30.8,94905
2016-02-05,30.79,33.8,30.47,33.1,113326
2016-02-15,31.5,34.68,31.5,33.5,94075
2016-02-16,33.7,34.63,32.58,34.49,90094
2016-02-17,34.0,35.94,33.25,34.46,86029
2016-02-18,34.46,34.46,32.48,32.86,80013
2016-02-19,33.27,34.77,32.2,34.67,85378
2016-02-22,34.0,34.29,33.54,34.1,83637
2016-02-23,33.69,33.87,31.89,32.3,91507
2016-02-24,32.61,32.88,31.0,32.0,72393
2016-02-25,31.59,32.74,30.73,31.36,94642
2016-02-26,31.86,34.5,31.06,34.5,151616
2016-02-29,34.0,34.5,31.05,33.63,142066
2016-03-01,33.99,36.99,33.06,36.99,133247
2016-03-02,37.5,40.1,36.0,37.82,221888
2016-03-03,37.0,39.62,36.33,36.61,173923
2016-03-04,35.23,36.4,33.72,35.35,127839
2016-03-07,36.0,36.89,33.88,35.0,126155
2016-03-08,36.51,38.48,34.41,35.4,164425
2016-03-09,34.0,36.8,33.03,34.86,89448
2016-03-10,35.44,35.44,33.0,33.1,75479
2016-03-11,32.01,32.7,30.04,30.55,85908
2016-03-14,30.9,33.4,30.56,32.63,97569
2016-03-15,32.98,33.66,32.19,32.38,54494
2016-03-16,33.48,33.5,30.55,30.98,57720
2016-03-17,31.8,33.3,31.06,33.2,91423
2016-03-18,31.9,35.81,31.88,35.58,111522
2016-03-21,36.3,36.32,34.55,35.64,116824
2016-03-22,35.0,37.62,34.71,37.0,114834
2016-03-23,36.33,36.8,35.51,36.27,72379
2016-03-24,35.51,36.49,34.66,34.68,66595
2016-03-25,34.8,36.2,34.31,35.99,75624
2016-03-28,35.95,36.9,34.8,34.82,66603
2016-03-29,34.85,34.89,32.68,33.06,53120
2016-03-30,33.6,34.5,33.0,34.39,44674
2016-03-31,34.85,35.86,34.41,35.5,63056
2016-04-01,35.0,35.55,33.7,34.17,39784
2016-04-05,33.91,35.88,33.81,35.35,47185
2016-04-06,35.35,36.21,34.8,35.11,46618
2016-04-07,35.6,36.86,35.12,35.41,94335
2016-04-08,34.4,34.5,32.32,33.58,80231
2016-04-11,32.85,33.91,32.54,33.32,69096
2016-04-12,33.33,33.44,30.05,30.25,104113
2016-04-13,30.24,31.18,30.16,30.29,81542
2016-04-14,30.59,31.25,30.48,30.8,57995
2016-04-15,30.83,31.19,30.43,30.99,44733
2016-04-18,31.0,31.0,30.0,30.27,40825
2016-04-19,30.45,30.79,30.11,30.48,37615
2016-04-20,30.61,30.78,27.43,27.47,70248
2016-04-21,27.48,29.3,26.7,27.99,71411
2016-04-22,27.31,28.3,27.11,27.8,46738
2016-04-25,27.69,27.88,26.76,27.12,32083
2016-04-26,27.02,27.55,26.8,27.26,29551
2016-04-27,27.3,28.16,27.26,27.44,41211
2016-04-28,27.4,27.79,25.88,26.41,50945
2016-04-29,26.36,26.93,26.21,26.49,35348
2016-05-03,26.41,27.57,26.2,27.5,54773
2016-05-04,27.43,27.65,27.16,27.25,43195
2016-05-05,27.38,28.25,27.15,28.12,58236
2016-05-06,28.2,28.47,26.0,26.35,73750
2016-05-09,25.81,25.86,23.72,23.72,63862
2016-05-10,23.53,24.05,23.25,23.51,32729
2016-05-11,23.83,24.53,23.32,23.95,49089
2016-05-12,23.6,23.6,22.28,23.17,49290
2016-05-13,23.17,23.59,22.3,22.57,44350
2016-05-16,22.71,23.16,22.3,23.12,38536
2016-05-17,23.11,23.59,22.82,23.41,76074
2016-05-18,23.03,23.03,21.11,21.69,62636
2016-05-19,21.76,22.47,21.43,21.95,44819
2016-05-20,21.9,22.5,21.6,22.37,40489
2016-05-23,22.5,22.98,22.5,22.95,41611
2016-05-24,22.84,22.95,22.13,22.28,40583
2016-05-25,22.5,22.92,22.18,22.21,41930
2016-05-26,22.19,22.37,21.21,22.32,48645
2016-05-27,22.26,22.39,21.9,22.19,35749
2016-05-30,21.89,22.25,21.69,21.85,33558
2016-05-31,21.88,23.08,21.74,23.05,68763
2016-06-01,23.01,23.5,23.01,23.15,63704
2016-06-02,23.25,23.58,22.9,23.56,61364
2016-06-03,23.35,24.3,23.22,23.97,95326
2016-06-06,23.9,24.44,23.6,24.4,73610
2016-06-07,24.3,24.35,23.84,24.0,47456
2016-06-08,23.98,23.98,23.35,23.49,44488
2016-06-13,22.98,23.15,21.72,21.77,48789
2016-06-14,21.77,22.1,21.5,22.04,30392
2016-06-15,21.94,22.98,21.58,22.71,39900
2016-06-16,22.68,22.8,22.26,22.31,33033
2016-06-17,22.5,24.54,22.32,24.54,109607
2016-06-20,25.19,26.9,23.91,26.89,156391
2016-06-21,26.05,28.48,26.05,27.0,188747
2016-06-22,26.98,27.47,26.42,26.98,94381
2016-06-23,27.0,27.3,26.08,26.17,85971
2016-06-24,26.12,26.68,24.7,25.86,94044
2016-06-27,25.51,26.98,25.41,26.75,80985
2016-06-28,26.89,28.44,26.72,28.08,122426
2016-06-29,27.98,27.98,27.08,27.2,76747
2016-06-30,27.2,27.82,27.11,27.2,59256
2016-07-01,27.13,27.5,26.26,26.7,59212
2016-07-04,26.31,27.66,26.15,27.38,62874
2016-07-05,27.38,27.76,26.6,26.96,60043
2016-07-06,27.14,27.98,26.88,27.6,74836
2016-07-07,27.49,29.58,27.21,28.8,121076
2016-07-08,28.51,28.77,28.01,28.1,67749
2016-07-11,28.1,29.89,27.86,29.0,113104
2016-07-12,28.78,30.09,28.11,29.66,95604
2016-07-13,29.8,30.29,29.19,29.49,63720
2016-07-14,29.5,29.57,28.63,28.73,54692
2016-07-15,28.63,29.18,28.35,29.1,58385
2016-07-18,28.99,29.35,27.99,27.99,53927
2016-07-19,28.01,28.45,27.0,27.55,64712
2016-07-20,27.55,28.09,27.55,27.64,39023
2016-07-21,27.8,28.26,27.4,27.49,51094
2016-07-22,27.5,27.75,27.02,27.23,42482
2016-07-25,27.23,27.23,27.23,27.23,0
2016-07-26,27.23,27.23,27.23,27.23,0
2016-07-27,27.23,27.23,27.23,27.23,0
2016-07-28,27.23,27.23,27.23,27.23,0
2016-07-29,27.23,27.23,27.23,27.23,0
2016-08-01,26.6,26.6,24.51,24.51,76194
2016-08-02,24.0,24.51,23.75,24.3,33222
2016-08-03,24.5,25.19,24.3,24.42,37455
2016-08-04,24.45,24.96,24.45,24.68,29422
2016-08-05,24.86,26.78,24.55,25.92,74050
2016-08-08,25.99,25.99,25.2,25.86,38982
2016-08-09,26.12,26.13,25.6,25.92,29346
2016-08-10,25.77,25.96,25.26,25.26,37842
2016-08-11,25.26,26.0,25.26,25.45,48293
2016-08-12,25.0,25.48,24.53,25.46,36715
2016-08-15,25.51,26.37,25.01,25.89,50161
2016-08-16,25.76,26.33,25.53,26.01,40857
2016-08-17,25.95,26.11,25.77,26.02,32011
2016-08-18,25.99,26.7,25.8,26.31,55998
2016-08-19,26.33,26.33,25.82,26.15,28976
2016-08-22,26.02,28.05,26.02,27.31,98418
2016-08-23,27.8,27.89,26.7,27.35,53990
2016-08-24,27.39,28.11,27.35,27.8,73795
2016-08-25,27.45,28.95,27.42,28.59,81071
2016-08-26,28.53,28.81,27.98,28.3,49749
2016-08-29,28.27,28.27,27.2,27.28,47693
2016-08-30,27.22,27.66,27.01,27.3,33089
2016-08-31,27.21,27.44,26.83,27.44,34453
2016-09-01,27.46,27.88,27.26,27.37,29041
2016-09-02,27.2,27.43,26.05,26.3,36565
2016-09-05,26.3,26.69,25.8,26.0,29525
2016-09-06,26.11,27.52,25.81,27.52,48953
2016-09-07,27.5,28.68,27.4,28.26,78870
2016-09-08,28.14,28.53,27.85,28.45,51523
2016-09-09,28.45,29.76,28.15,29.19,94899
2016-09-12,28.0,29.24,26.41,28.0,60825
2016-09-13,28.2,28.97,28.06,28.33,39949
2016-09-14,28.11,28.53,27.85,28.0,30164
2016-09-19,27.96,29.0,27.7,29.0,53102
2016-09-20,28.76,29.56,28.65,29.29,56536
2016-09-21,29.3,29.88,28.86,29.14,50039
2016-09-22,29.06,30.56,29.06,29.74,83626
2016-09-23,29.74,30.54,29.64,30.03,54078
2016-09-26,30.27,30.3,28.8,28.83,48039
2016-09-27,28.71,29.45,28.35,29.24,39913
2016-09-28,29.24,29.92,29.0,29.45,35771
2016-09-29,29.27,30.19,29.27,29.5,47719
2016-09-30,29.8,30.2,29.62,30.01,47628
2016-10-10,30.84,31.9,30.12,31.54,61850
2016-10-11,31.6,32.46,31.02,32.36,68732
2016-10-12,32.11,33.31,31.82,32.48,56150
2016-10-13,32.5,33.39,32.5,32.7,46132
2016-10-14,32.56,32.85,31.58,32.51,52129
2016-10-17,32.5,33.98,32.23,32.99,52534
2016-10-18,32.88,33.69,32.5,32.98,40757
2016-10-19,32.88,33.31,32.08,32.39,38811
2016-10-20,32.2,32.91,31.6,32.3,38661
2016-10-21,32.5,32.88,31.77,32.21,34671
2016-10-24,32.2,32.49,31.7,31.73,34088
2016-10-25,32.02,32.75,32.01,32.49,39374
2016-10-26,32.65,32.8,31.81,32.67,31115
2016-10-27,32.49,32.49,32.0,32.1,22614
2016-10-28,32.01,32.68,32.01,32.07,24751
2016-10-31,32.11,32.26,31.05,31.99,26079
2016-11-01,32.57,32.6,31.98,32.29,20996
2016-11-02,32.18,35.52,32.18,35.01,87371
2016-11-03,34.41,35.59,34.35,34.92,48391
2016-11-04,34.83,36.03,34.04,34.19,44591
2016-11-07,34.67,35.6,34.35,34.68,45797
2016-11-08,34.85,35.27,34.4,34.95,21455
2016-11-09,34.4,35.53,34.22,34.8,32274
2016-11-10,34.92,35.4,34.82,35.18,23071
2016-11-11,35.09,36.35,35.0,36.09,44419
2016-11-14,35.8,37.14,35.18,35.28,36854
2016-11-15,35.2,36.1,34.0,34.52,43989
2016-11-16,34.51,35.2,34.26,34.4,21098
2016-11-17,34.7,34.9,34.25,34.73,18377
2016-11-18,34.48,35.48,34.48,35.0,20049
2016-11-21,35.02,35.54,34.62,35.45,28278
2016-11-22,35.75,35.75,34.7,35.18,33248
2016-11-23,35.1,35.38,34.16,34.67,29502
2016-11-24,34.91,35.1,34.26,35.06,29372
2016-11-25,35.06,35.3,33.03,35.22,33029
2016-11-28,35.01,36.56,35.01,35.27,38710
2016-11-29,35.52,35.97,35.01,35.24,20754
2016-11-30,35.0,35.24,34.25,34.67,25979
2016-12-01,34.66,35.49,34.18,35.49,32793
2016-12-02,35.5,35.73,34.5,34.5,20653
2016-12-05,34.0,34.47,33.18,33.66,17764
2016-12-06,33.9,34.18,33.5,33.87,10787
2016-12-07,33.86,34.15,33.69,34.05,11715
2016-12-08,34.1,34.56,33.36,33.37,14087
2016-12-09,33.69,34.59,33.37,34.56,40122
2016-12-12,34.3,34.97,32.64,33.95,55840
2016-12-13,34.1,34.1,31.8,33.55,34407
2016-12-14,33.3,33.48,32.75,32.75,18345
2016-12-15,32.5,33.21,32.2,32.58,30810
2016-12-16,32.44,35.66,32.44,35.14,55974
2016-12-19,34.97,35.53,34.16,34.95,50965
2016-12-20,34.96,35.42,34.51,34.74,23591
2016-12-21,34.99,36.0,34.75,35.53,35184
2016-12-22,35.73,35.87,35.0,35.45,19711
2016-12-23,35.65,35.65,34.8,35.5,18756
2016-12-26,35.4,35.94,34.61,35.65,21386
2016-12-27,35.55,37.14,35.55,36.74,47530
2016-12-28,36.45,38.42,36.45,37.01,40034
2016-12-29,36.9,37.73,36.51,37.06,21501
2016-12-30,37.06,38.12,36.8,37.97,30239
2017-01-03,38.72,39.24,37.3,37.92,33101
2017-01-04,37.93,38.1,36.88,37.44,26802
2017-01-05,37.4,39.4,37.15,39.17,41905
2017-01-06,39.17,39.2,38.31,38.95,16245
2017-01-09,38.95,39.23,38.15,38.95,24275
2017-01-10,38.5,38.94,37.92,38.73,21739
2017-01-11,38.31,39.3,38.03,38.85,19305
2017-01-12,38.33,38.85,37.1,37.55,37866
2017-01-13,37.55,37.85,35.8,36.27,47691
2017-01-16,36.0,36.45,34.6,34.94,47010
2017-01-17,35.18,36.25,34.04,35.25,40744
2017-01-18,35.38,36.8,35.38,35.86,24011
2017-01-19,35.6,36.45,35.22,35.35,13945
2017-01-20,35.48,36.49,35.1,36.2,24184
2017-01-23,36.2,36.9,35.85,36.06,17336
2017-01-24,36.0,36.2,33.36,33.63,74415
2017-01-25,33.6,35.04,32.4,34.85,43178
2017-01-26,34.52,35.68,34.3,34.99,14213
2017-02-03,35.38,35.5,34.34,34.85,9103
2017-02-06,34.5,35.49,34.5,35.03,16150
2017-02-07,34.92,35.2,34.5,34.59,11847
2017-02-08,34.49,35.03,33.98,34.9,17337
2017-02-09,34.9,35.1,34.65,34.9,13736
2017-02-10,34.83,34.97,34.11,34.21,12544
2017-02-13,34.21,34.55,33.8,34.13,18393
2017-02-14,34.06,34.75,34.06,34.42,16562
2017-02-15,34.69,36.12,34.55,35.2,37609
2017-02-16,34.9,36.12,34.85,35.71,25244
2017-02-17,35.71,36.0,34.8,34.8,18921
2017-02-20,34.28,34.28,32.0,33.48,46932
2017-02-21,33.1,33.87,32.99,33.6,20577
2017-02-22,33.5,33.68,32.88,32.99,16254
2017-02-23,33.08,33.08,31.88,32.18,31709
2017-02-24,32.1,32.53,31.2,32.15,20170
2017-02-27,32.11,33.2,32.11,32.66,20100
2017-02-28,32.42,33.0,32.42,32.69,11977
2017-03-01,32.5,32.91,32.5,32.7,11133
2017-03-02,32.89,34.1,32.89,33.1,27776
2017-03-03,33.08,33.13,32.2,32.36,18404
2017-03-06,32.36,32.66,32.12,32.58,15866
2017-03-07,32.4,33.18,32.22,32.99,26060
2017-03-08,33.16,33.89,33.0,33.11,21721
2017-03-09,32.84,33.32,32.41,33.18,19125
2017-03-10,32.8,33.5,32.8,32.9,13119
2017-03-13,32.62,33.13,32.51,32.99,12033
2017-03-14,32.99,33.6,32.85,33.2,19127
2017-03-15,33.2,33.39,32.69,32.98,17409
2017-03-16,32.77,33.2,32.77,32.83,19009
2017-03-17,32.83,33.09,32.55,32.57,16890
2017-03-20,32.83,32.83,32.27,32.56,15899
2017-03-21,32.56,32.59,31.85,31.96,21437
2017-03-22,31.9,32.3,31.15,31.95,31095
2017-03-23,31.63,32.19,31.34,31.78,15246
2017-03-24,31.54,31.88,30.88,31.03,20080
2017-03-27,31.19,31.6,30.79,31.43,19759
2017-03-28,31.32,32.56,31.32,32.11,23083
2017-03-29,32.05,32.2,31.45,31.64,13512
2017-03-30,31.99,31.99,30.7,30.77,16678
2017-03-31,30.77,31.48,30.61,31.18,16409
2017-04-05,31.18,33.36,31.05,33.08,47188
2017-04-06,32.95,33.15,32.66,32.93,30487
2017-04-07,32.8,33.6,32.62,33.29,27281
2017-04-10,33.28,34.15,32.8,33.3,60535
2017-04-11,33.25,33.4,32.51,33.0,25039
2017-04-12,32.98,33.49,32.66,33.3,24124
2017-04-13,33.03,33.64,33.03,33.21,16657
2017-04-14,33.13,33.25,32.45,32.49,11255
2017-04-17,32.0,33.48,32.0,32.28,17363
2017-04-18,32.32,32.98,31.7,31.84,14845
2017-04-19,31.31,31.77,29.0,30.87,28068
2017-04-20,31.0,31.0,28.65,29.37,27794
2017-04-21,29.55,29.83,28.92,29.45,14446
2017-04-24,29.48,30.21,28.78,30.09,22584
2017-04-25,30.17,30.9,29.82,30.52,12090
2017-04-26,30.52,31.0,30.32,30.76,8020
2017-04-27,30.98,31.01,30.03,30.82,13987
2017-04-28,30.74,31.77,30.65,31.62,15263
2017-05-02,31.62,32.38,31.4,31.63,10081
2017-05-03,31.9,31.99,31.08,31.18,5696
2017-05-04,31.59,31.59,30.7,31.18,6655
2017-05-05,31.45,31.48,30.76,31.32,9895
2017-05-08,30.99,31.19,30.11,30.22,8548
2017-05-09,29.91,30.19,29.3,29.9,10995
2017-05-10,30.28,30.5,28.05,28.1,15759
2017-05-11,28.26,28.9,27.51,27.93,15129
2017-05-12,28.32,28.32,27.81,27.9,8649
2017-05-15,28.0,28.68,27.9,28.54,7590
2017-05-16,28.89,28.89,28.21,28.85,10129
2017-05-17,28.66,29.1,28.59,28.78,12031
2017-05-18,28.77,29.35,28.1,28.48,11996
2017-05-19,28.19,28.5,27.94,28.0,6991
2017-05-22,28.01,28.75,28.0,28.13,11230
2017-05-23,28.36,28.36,25.9,27.54,28624
2017-05-24,27.42,27.99,27.04,27.93,9192
2017-05-25,27.54,28.15,27.01,27.65,18596
2017-05-26,27.7,27.9,27.46,27.77,7133
2017-05-31,28.01,28.8,28.01,28.03,7881
2017-06-01,28.04,28.41,27.61,27.99,14170
2017-06-02,27.52,30.36,27.52,29.86,21411
2017-06-05,29.83,30.86,29.83,30.7,19144
2017-06-06,30.66,30.96,30.28,30.69,13083
2017-06-07,30.6,32.22,30.6,31.85,24815
2017-06-08,31.8,32.17,31.43,31.7,17069
2017-06-09,31.71,32.7,31.71,32.38,26381
2017-06-12,32.39,32.4,31.4,31.73,14885
2017-06-13,31.41,32.3,31.4,31.57,9252
2017-06-14,31.31,32.13,31.31,31.9,10449
2017-06-15,31.65,33.79,31.65,33.5,34074
2017-06-16,33.76,34.5,33.38,34.27,26302
2017-06-19,35.06,35.28,33.88,34.28,31472
2017-06-20,34.41,35.11,34.0,34.36,18314
2017-06-21,34.36,34.9,34.1,34.45,16041
2017-06-22,34.8,35.85,34.43,34.89,28837
2017-06-23,35.05,36.0,34.89,36.0,40912
2017-06-26,37.1,38.4,36.1,36.85,53998
2017-06-27,38.22,39.6,37.52,38.71,136573
2017-06-28,38.3,38.35,36.9,37.61,70518
2017-06-29,37.5,37.66,36.8,37.5,36902
2017-06-30,37.06,37.8,36.92,37.05,33105
2017-07-03,37.12,37.35,36.56,37.1,24720
2017-07-04,37.15,37.48,36.73,37.38,28005
2017-07-05,37.45,38.3,37.05,38.27,43330
2017-07-06,39.16,39.18,37.3,37.5,46903
2017-07-07,37.51,37.68,35.85,36.65,53282
2017-07-10,36.45,37.36,35.76,36.47,39348
2017-07-11,36.47,36.47,34.89,35.3,38219
2017-07-12,35.29,35.65,34.65,35.63,22514
2017-07-13,35.89,36.49,35.5,35.63,21343
2017-07-14,35.51,36.7,35.05,36.47,19540
2017-07-17,36.0,36.02,32.82,34.08,42116
2017-07-18,34.12,34.76,33.73,34.5,22183
2017-07-19,34.52,35.91,34.46,35.5,30385
2017-07-20,35.6,37.99,35.51,37.71,58603
2017-07-21,37.55,38.5,37.03,37.89,29216
2017-07-24,37.69,38.5,37.16,38.42,30622
2017-07-25,38.77,39.18,37.1,37.37,44812
2017-07-26,37.1,37.69,36.8,37.5,22697
2017-07-27,37.51,38.7,37.08,38.17,42626
2017-07-28,38.16,38.36,37.36,37.61,25327
2017-07-31,37.9,41.0,37.9,40.61,104340
2017-08-01,41.09,42.41,38.85,39.19,122451
2017-08-02,39.67,39.79,37.88,38.93,77131
2017-08-03,38.36,40.8,38.0,40.13,74634
2017-08-04,40.44,40.75,39.32,39.32,49174
2017-08-07,39.19,40.18,38.85,39.46,33704
2017-08-08,39.2,39.52,37.68,38.25,48905
2017-08-09,38.27,38.56,37.59,37.99,21245
2017-08-10,37.9,39.07,36.92,38.59,57268
2017-08-11,38.69,39.22,37.1,37.12,47310
2017-08-14,36.9,37.8,36.5,37.3,27440
2017-08-15,37.2,38.45,37.01,38.32,33449
2017-08-16,38.31,39.2,38.01,38.06,32994
2017-08-17,37.77,38.19,37.26,37.6,26726
2017-08-18,37.36,37.64,36.95,37.0,20440
2017-08-21,37.0,37.36,36.44,37.0,22366
2017-08-22,37.46,37.79,36.72,36.92,27228
2017-08-23,36.89,37.1,36.34,36.34,19589
2017-08-24,36.33,36.56,35.18,35.21,29431
2017-08-25,35.16,36.17,35.13,35.77,15568
2017-08-28,35.85,36.48,35.77,35.95,19409
2017-08-29,35.9,36.46,35.18,35.84,15629
2017-08-30,35.48,36.48,35.48,36.09,14767
2017-08-31,36.12,37.89,36.12,37.5,37217
2017-09-01,37.66,38.65,37.01,38.61,38502
2017-09-04,38.6,38.99,38.1,38.46,21658
2017-09-05,38.5,38.63,37.6,38.19,21548
2017-09-06,38.15,39.06,37.56,38.98,33708
2017-09-07,38.98,40.5,38.5,40.05,48185
2017-09-08,40.11,40.57,39.52,40.11,32815
2017-09-11,40.21,41.82,39.8,40.99,29298
2017-09-12,41.33,43.03,41.1,41.96,48761
2017-09-13,41.86,43.56,41.28,43.19,45242
2017-09-14,44.49,47.51,44.49,47.51,95171
2017-09-15,49.0,49.0,45.6,45.71,79864
2017-09-18,45.8,46.29,44.55,46.15,47304
2017-09-19,45.14,46.92,44.41,44.46,53772
2017-09-20,44.84,46.7,44.5,46.31,47885
2017-09-21,46.3,46.3,44.44,44.8,32193
2017-09-22,44.6,45.13,43.6,44.7,25545
2017-09-25,44.6,45.28,43.31,43.59,28050
2017-09-26,42.76,43.99,42.76,43.5,16816
2017-09-27,43.77,44.98,43.05,43.98,31660
2017-09-28,43.9,47.85,43.75,47.25,62407
2017-09-29,46.89,47.38,46.2,46.8,41598
2017-10-09,46.5,46.96,45.92,46.8,42431
2017-10-10,46.66,48.6,46.01,46.93,34443
2017-10-11,46.95,47.89,46.51,47.35,34075
2017-10-12,47.0,47.35,46.43,47.0,14409
2017-10-13,47.2,47.3,46.51,47.06,16866
2017-10-16,42.35,45.11,42.35,44.0,123116
2017-10-17,43.51,45.28,43.51,44.79,34705
2017-10-18,44.74,45.2,43.02,43.1,18916
2017-10-19,43.14,44.14,42.91,43.0,16065
2017-10-20,43.1,44.35,43.1,44.15,17550
2017-10-23,44.17,46.17,44.17,45.97,27498
2017-10-24,45.84,47.03,45.4,46.99,29498
2017-10-25,47.0,47.75,46.21,47.5,29109
2017-10-26,47.44,48.75,47.0,47.54,23708
2017-10-27,47.54,47.7,46.85,47.53,11730
2017-10-30,47.42,48.79,45.75,48.0,28953
2017-10-31,48.1,48.36,46.98,47.5,22189
2017-11-01,47.05,49.17,47.05,49.08,34860
2017-11-02,49.08,50.12,48.3,48.3,36282
2017-11-03,48.01,48.39,46.63,47.19,24912
2017-11-06,47.26,47.36,45.23,46.5,34217
2017-11-07,46.42,47.99,46.42,47.5,32311
2017-11-08,47.78,47.78,46.68,46.8,29420
2017-11-09,46.8,47.5,46.25,47.0,20806
2017-11-10,47.22,47.51,46.47,47.4,15101
2017-11-13,47.4,50.64,42.68,50.2,48753
2017-11-14,50.2,51.68,49.2,49.95,40860
2017-11-15,49.93,50.09,47.5,47.69,24733
2017-11-16,47.56,50.02,47.56,49.18,32394
2017-11-17,48.01,48.2,44.4,45.01,44743
2017-11-20,44.56,46.6,44.1,46.08,18360
2017-11-21,46.0,48.19,45.7,47.37,27274
2017-11-22,47.7,48.28,45.81,46.17,20582
2017-11-23,45.93,47.29,43.86,44.35,31717
2017-11-24,44.84,44.84,41.58,42.78,31252
2017-11-27,41.43,43.2,41.43,42.5,21419
2017-11-28,42.5,43.3,41.61,43.3,23263
2017-11-29,43.46,44.12,43.02,43.87,22324
2017-11-30,43.9,44.18,43.11,43.17,17641
2017-12-01,44.25,45.9,44.25,44.5,31056
2017-12-04,44.94,45.79,43.82,43.98,19729
2017-12-05,43.98,44.44,42.26,43.1,34080
2017-12-06,43.8,45.48,43.28,44.58,46502
2017-12-07,44.88,46.69,44.5,46.0,53656
2017-12-08,45.6,46.8,45.56,46.8,27400
2017-12-11,46.99,47.85,46.01,46.92,38007
2017-12-12,46.9,47.77,46.51,46.93,27726
2017-12-13,46.93,46.93,46.93,46.93,0
2017-12-14,46.93,46.93,46.93,46.93,0
2017-12-15,46.93,46.93,46.93,46.93,0
2017-12-18,46.93,46.93,46.93,46.93,0
2017-12-19,46.93,46.93,46.93,46.93,0
2017-12-20,46.87,48.49,45.09,45.62,44949
2017-12-21,45.03,45.77,43.38,44.4,33075
2017-12-22,44.4,44.91,43.5,44.64,24096
2017-12-25,44.64,44.85,43.4,43.68,18035
2017-12-26,43.95,43.95,40.88,42.9,46792
2017-12-27,42.8,43.13,41.77,42.49,20797
2017-12-28,43.12,43.12,41.82,42.8,23553
2017-12-29,42.55,44.44,42.53,44.0,23989
2018-01-02,43.98,45.3,43.5,45.03,14441
2018-01-03,45.05,45.25,44.65,45.17,16945
2018-01-04,45.01,46.38,45.01,45.75,19224
2018-01-05,45.74,45.98,45.27,45.9,13864
2018-01-08,45.96,46.98,45.0,45.47,36034
2018-01-09,45.01,45.97,44.67,44.84,19205
2018-01-10,44.69,45.08,44.21,44.62,12649
2018-01-11,44.15,47.57,44.15,47.32,30890
2018-01-12,47.5,48.65,46.81,48.09,47953
2018-01-15,47.89,49.4,47.33,48.25,40661
2018-01-16,47.88,49.25,47.8,48.97,40032
2018-01-17,49.35,49.35,47.5,48.07,27805
2018-01-18,48.07,49.78,47.28,49.5,30394
2018-01-19,49.61,50.17,48.71,49.55,29922
2018-01-22,49.06,49.66,48.33,48.93,17498
2018-01-23,48.83,49.5,48.5,48.65,14759
2018-01-24,48.42,48.87,46.81,48.01,46646
2018-01-25,47.85,48.1,46.88,46.98,23201
2018-01-26,46.88,47.5,46.51,47.35,16827
2018-01-29,47.12,47.32,44.9,45.98,26042
2018-01-30,45.35,46.88,43.98,45.85,37914
2018-01-31,45.15,46.86,45.06,45.9,27673
2018-02-01,44.0,45.9,41.91,42.99,49625
2018-02-02,43.4,46.49,42.21,46.36,34588
2018-02-05,51.0,51.0,47.88,48.8,78552
2018-02-06,49.88,50.96,47.7,48.85,105340
2018-02-07,50.0,50.09,43.97,45.3,86031
2018-02-08,44.6,47.08,43.51,46.5,59952
2018-02-09,45.22,45.89,41.85,41.85,54313
2018-02-12,42.19,44.65,42.1,43.55,54628
2018-02-13,44.03,44.64,42.8,43.06,36082
2018-02-14,42.49,44.0,42.49,43.73,21731
2018-02-22,44.4,45.85,44.17,45.45,29344
2018-02-23,45.1,45.96,45.1,45.73,24393
2018-02-26,46.1,47.39,46.0,46.98,42614
2018-02-27,46.8,47.1,45.3,45.85,41456
2018-02-28,45.33,46.96,44.28,46.0,34623
2018-03-01,46.12,48.78,45.78,48.3,61458
2018-03-02,47.86,48.54,47.58,48.35,31236
2018-03-05,48.7,49.47,48.0,49.0,30098
2018-03-06,48.62,49.35,48.2,49.24,32418
2018-03-07,49.5,50.66,48.3,48.5,50380
2018-03-08,48.2,53.34,48.02,52.67,87259
2018-03-09,52.35,53.57,52.08,53.37,69424
2018-03-12,53.06,54.77,53.06,53.27,61706
2018-03-13,52.89,53.0,51.58,51.58,54410
2018-03-14,51.98,52.98,51.3,51.48,42340
2018-03-15,51.05,52.28,49.58,50.79,42995
2018-03-16,50.8,51.18,49.88,49.91,35418
2018-03-19,49.97,51.43,49.97,50.53,36940
2018-03-20,49.89,51.88,49.2,51.27,37085
2018-03-21,51.8,51.82,48.2,48.35,63839
2018-03-22,48.66,49.17,47.6,48.55,34309
2018-03-23,47.98,47.99,43.99,44.5,57382
2018-03-26,44.5,45.79,43.55,45.7,36839
2018-03-27,46.49,47.35,46.03,46.62,45899
2018-03-28,46.0,47.63,45.78,47.13,33858
2018-03-29,47.42,47.79,46.5,47.18,24364
2018-03-30,47.5,48.63,47.15,48.39,39279
2018-04-02,48.68,50.28,48.16,49.75,59137
2018-04-03,49.48,49.48,47.87,48.83,53947
2018-04-04,48.93,49.27,47.2,47.23,46420
2018-04-09,46.9,48.15,45.9,47.41,31392
2018-04-10,47.0,49.2,47.0,49.0,43003
2018-04-11,49.3,49.8,48.73,49.69,44688
2018-04-12,49.5,50.85,49.37,50.61,49571
2018-04-13,51.03,51.27,49.4,49.86,38914
2018-04-16,49.0,49.0,47.6,48.06,46100
2018-04-17,48.11,48.65,47.32,47.32,28963
2018-04-18,47.8,47.95,46.3,47.69,35079
2018-04-19,47.6,49.17,47.31,48.53,33232
2018-04-20,48.6,48.6,46.81,46.88,33084
2018-04-23,46.92,47.6,46.03,46.74,28295
2018-04-24,46.81,48.28,46.81,48.21,30728
2018-04-25,48.0,50.18,47.8,50.18,49738
2018-04-26,50.63,50.63,48.33,48.38,47868
2018-04-27,48.97,50.3,48.24,49.94,45371
2018-05-02,49.77,50.99,49.76,50.93,48224
2018-05-03,50.38,50.98,48.38,50.0,51987
2018-05-04,19.94,20.79,19.64,20.35,149991
2018-05-07,20.45,21.19,19.74,20.9,179448
2018-05-08,20.7,21.06,20.37,20.51,116412
2018-05-09,20.65,20.9,19.91,20.08,109264
2018-05-10,20.21,22.09,20.02,22.09,266098
2018-05-11,22.29,22.45,21.33,21.46,232873
2018-05-14,21.34,22.85,21.29,22.34,202455
2018-05-15,22.4,23.8,22.11,23.03,240001
2018-05-16,22.9,24.28,22.6,23.82,233932
2018-05-17,23.55,23.82,23.03,23.31,126358
2018-05-18,23.15,23.54,22.39,23.33,158492
2018-05-21,23.38,23.76,22.89,23.5,129019
2018-05-22,23.32,23.98,23.09,23.26,134657
2018-05-23,23.15,25.59,23.15,24.78,249349
2018-05-24,24.62,25.5,24.6,25.17,152623
2018-05-25,24.99,25.4,24.64,24.83,107921
2018-05-28,24.82,25.28,23.91,24.51,80917
2018-05-29,24.31,24.89,23.73,23.87,98944
2018-05-30,22.13,23.45,22.03,22.42,127764
2018-05-31,22.95,23.09,22.2,22.64,87004
2018-06-01,22.7,23.0,21.83,22.07,96197
2018-06-06,23.09,23.95,23.0,23.66,109685
2018-06-07,23.53,24.18,23.4,23.65,95248
2018-06-08,23.64,23.99,23.41,23.98,83733
2018-06-11,24.11,24.11,22.54,22.7,92927
2018-06-12,23.1,23.92,22.79,23.71,102893
2018-06-13,23.67,24.06,23.15,23.27,75881
2018-06-14,23.36,24.4,22.9,24.09,117521
2018-06-15,24.3,24.4,21.68,22.04,195076
2018-06-19,21.1,22.2,19.84,20.0,141153
2018-06-20,20.23,21.55,20.23,21.49,114984
2018-06-21,21.9,23.0,21.48,21.7,163016
2018-06-22,21.0,22.17,20.8,21.76,90876
2018-06-25,22.45,22.49,21.05,21.22,87772
2018-06-26,20.85,21.4,20.41,21.1,86099
2018-06-27,21.55,21.95,20.58,20.96,93580
2018-06-28,20.65,21.09,20.13,20.33,80790
2018-06-29,20.52,21.18,20.25,20.98,91754
2018-07-02,20.8,21.28,20.04,20.46,103130
2018-07-03,20.39,20.56,19.37,20.16,129682
2018-07-04,20.08,20.37,19.7,19.75,81532
2018-07-05,19.26,19.82,19.06,19.1,55482
2018-07-06,19.16,19.28,17.71,19.0,126861
2018-07-09,19.0,19.59,18.73,19.54,66321
2018-07-10,19.5,19.97,19.5,19.78,68265
2018-07-11,19.52,19.54,18.51,18.98,91069
2018-07-12,19.0,19.75,18.9,19.7,80990
2018-07-13,19.79,19.89,19.55,19.59,70009
2018-07-16,18.85,19.88,18.6,19.85,89442
2018-07-17,19.8,19.81,19.31,19.54,68000
2018-07-18,19.68,19.68,19.2,19.43,53480
2018-07-19,19.4,19.48,18.58,18.72,67438
2018-07-20,18.63,18.83,18.15,18.59,70688
2018-07-23,18.06,18.54,17.25,18.21,99608
2018-07-24,18.23,18.92,18.1,18.85,92949
2018-07-25,19.19,19.28,18.63,18.86,72379
2018-07-26,18.8,18.85,18.42,18.71,43802
2018-07-27,18.7,18.86,18.42,18.71,40531
2018-07-30,18.9,18.9,18.4,18.71,41891
2018-07-31,18.69,18.69,18.36,18.4,33053
2018-08-01,18.49,18.67,17.83,17.99,51171
2018-08-02,18.1,18.1,16.64,17.55,79372
2018-08-03,17.38,17.57,17.0,17.11,46524
2018-08-06,17.25,17.25,16.3,16.61,58032
2018-08-07,16.62,17.02,16.2,17.01,69071
2018-08-08,16.9,16.96,16.6,16.68,39899
2018-08-09,16.68,17.15,16.42,16.84,77779
2018-08-10,16.84,17.29,16.84,17.0,48601
2018-08-13,16.98,17.89,16.68,17.36,89527
2018-08-14,17.21,17.49,17.1,17.22,49157
2018-08-15,17.21,17.35,16.76,16.9,34413
2018-08-16,16.75,16.9,16.41,16.64,36272
2018-08-17,16.66,16.78,16.24,16.44,43864
2018-08-20,16.43,16.5,15.75,16.5,66758
2018-08-21,16.52,16.9,16.52,16.61,40443
2018-08-22,16.52,16.62,15.72,15.78,93085
2018-08-23,15.5,16.02,15.22,15.75,53683
2018-08-24,15.75,16.35,15.71,16.24,60312
2018-08-27,16.39,16.56,16.21,16.29,54302
2018-08-28,16.21,16.49,16.21,16.29,32020
2018-08-29,16.29,16.36,15.75,15.77,46945
2018-08-30,15.87,16.19,15.78,16.0,48316
2018-08-31,15.9,16.11,15.78,15.9,37948
2018-09-03,16.01,16.39,15.78,16.39,102053
2018-09-04,16.93,17.2,16.69,16.75,108386
2018-09-05,16.75,17.08,16.39,16.6,69379
2018-09-06,16.6,16.74,16.22,16.4,46940
2018-09-07,16.45,16.65,16.1,16.4,40578
2018-09-10,16.34,16.44,15.83,15.99,41926
2018-09-11,16.06,16.06,15.83,15.96,22262
2018-09-12,15.97,16.05,15.86,15.93,17604
2018-09-13,15.94,16.19,15.8,15.95,19501
2018-09-14,16.0,16.04,15.41,15.44,26549
2018-09-17,15.48,15.5,15.06,15.06,35502
2018-09-18,15.06,15.35,15.0,15.28,30010
2018-09-19,15.08,15.43,15.08,15.29,36100
2018-09-20,15.28,15.34,13.76,13.76,125234
2018-09-21,13.7,14.57,13.31,14.49,150881
2018-09-25,14.29,14.68,14.21,14.36,62206
2018-09-26,14.4,14.59,14.15,14.19,58624
2018-09-27,14.47,14.5,13.61,13.86,57875
2018-09-28,13.84,13.97,13.65,13.91,42771
2018-10-08,13.76,14.43,13.69,14.1,97738
2018-10-09,14.23,14.45,13.65,14.45,77998
2018-10-10,14.4,14.84,14.1,14.7,61286
2018-10-11,14.38,14.87,14.2,14.34,103130
2018-10-12,14.41,14.7,14.03,14.56,59361
2018-10-15,14.7,14.8,14.35,14.8,50838
2018-10-16,14.66,14.9,14.51,14.55,47125
2018-10-17,14.45,14.76,13.1,13.1,136812
2018-10-18,11.79,12.02,11.79,11.79,102809
2018-10-19,10.61,11.88,10.61,11.77,229590
2018-10-22,11.77,12.54,11.3,11.91,178698
2018-10-23,12.0,12.0,11.02,11.7,136324
2018-10-24,11.55,12.08,11.4,11.75,128623
2018-10-25,11.42,12.3,11.07,12.0,138732
2018-10-26,11.99,12.3,11.76,11.9,101484
2018-10-29,11.88,11.88,11.52,11.56,64042
2018-10-30,11.5,12.72,11.31,12.64,175357
2018-10-31,12.42,12.79,12.13,12.21,245599
2018-11-01,12.13,12.14,11.89,11.89,114817
2018-11-02,12.04,12.98,11.92,12.54,182808
2018-11-05,12.53,12.53,12.16,12.28,117213
2018-11-06,12.38,12.45,12.1,12.43,82850
2018-11-07,12.63,12.78,12.38,12.39,129520
2018-11-08,12.5,12.56,12.24,12.26,59416
2018-11-09,12.29,12.34,12.01,12.3,63187
2018-11-12,12.27,13.18,12.13,12.92,159997
2018-11-13,12.72,13.55,12.66,13.08,156429
2018-11-14,13.08,13.24,12.79,12.84,90538
2018-11-15,12.84,13.03,12.75,12.93,75250
2018-11-16,12.91,14.22,12.78,13.78,192035
2018-11-19,13.59,13.98,13.38,13.44,107383
2018-11-20,13.28,13.46,12.85,12.89,80691
2018-11-21,12.68,13.13,12.66,13.01,58528
2018-11-22,13.08,14.31,13.0,14.09,269485
2018-11-23,13.9,14.1,13.17,13.31,176779
2018-11-26,13.36,13.86,13.16,13.39,107952
2018-11-27,13.48,13.58,13.23,13.36,67716
2018-11-28,13.45,13.5,13.04,13.27,80150
2018-11-29,13.38,13.48,12.7,12.81,88892
2018-11-30,12.7,12.95,12.16,12.44,113420
2018-12-03,12.9,13.2,12.68,13.03,95711
2018-12-04,13.03,13.4,12.96,13.2,77365
2018-12-05,12.89,13.13,12.82,12.93,53398
2018-12-06,12.98,13.19,12.46,12.5,78200
2018-12-07,12.55,13.44,12.2,13.1,107813
2018-12-10,12.98,13.01,12.76,12.81,38391
2018-12-11,12.83,12.96,12.69,12.89,29533
2018-12-12,12.89,13.0,12.81,12.85,16608
2018-12-13,12.85,13.06,12.79,12.89,36965
2018-12-14,12.92,12.98,12.71,12.88,38609
2018-12-17,12.79,13.29,12.56,12.82,93222
2018-12-18,12.69,12.91,12.67,12.73,27367
2018-12-19,12.73,12.83,12.45,12.45,27369
2018-12-20,12.45,12.55,12.32,12.32,20998
2018-12-21,12.3,12.36,11.89,12.04,38542
2018-12-24,12.02,12.21,11.88,12.1,20806
2018-12-25,12.01,12.14,11.65,12.12,42444
2018-12-26,12.19,12.28,11.98,12.12,21513
2018-12-27,12.3,12.52,11.98,12.14,37191
2018-12-28,12.01,12.2,11.93,12.12,21890
2019-01-02,12.05,12.12,11.93,12.02,13084
2019-01-03,11.84,12.4,11.82,12.02,17405
2019-01-04,11.9,12.38,11.87,12.28,31087
2019-01-07,12.28,12.4,12.16,12.35,36268
2019-01-08,12.37,12.37,11.9,12.01,38415
2019-01-09,12.0,12.12,11.9,12.01,38040
2019-01-10,11.91,12.02,11.78,12.0,40780
2019-01-11,12.22,12.45,12.11,12.12,48876
2019-01-14,12.15,12.15,11.92,12.0,21900
2019-01-15,12.0,12.61,11.9,12.2,62455
2019-01-16,12.19,12.35,12.12,12.23,30697
2019-01-17,12.25,12.29,12.06,12.12,36601
2019-01-18,12.12,12.55,12.05,12.46,82428
2019-01-21,12.45,12.73,12.4,12.44,81928
2019-01-22,12.43,12.53,12.34,12.41,29671
2019-01-23,12.47,13.5,12.26,13.16,150658
2019-01-24,12.95,13.3,12.69,12.81,122328
2019-01-25,12.8,12.88,12.63,12.71,40804
2019-01-28,12.78,12.86,12.54,12.57,31444
2019-01-29,12.51,12.66,12.06,12.5,42651
2019-01-30,12.45,12.6,12.31,12.44,23036
2019-01-31,12.44,12.85,12.34,12.44,41958
2019-02-01,12.52,13.27,12.49,13.03,76412
2019-02-11,13.14,13.25,12.82,13.14,71905
2019-02-12,13.13,13.6,13.04,13.25,107982
2019-02-13,13.26,14.01,13.13,13.67,170072
2019-02-14,13.68,13.69,13.48,13.59,56757
2019-02-15,13.59,13.85,13.43,13.46,69596
2019-02-18,13.46,14.15,13.43,14.15,164120
2019-02-19,14.14,14.14,13.71,13.79,129184
2019-02-20,13.77,13.83,13.49,13.7,59836
2019-02-21,13.66,14.14,13.6,13.67,90341
2019-02-22,13.63,13.84,13.58,13.75,64955
2019-02-25,13.88,14.55,13.81,14.3,207579
2019-02-26,14.25,15.0,14.01,14.51,229875
2019-02-27,14.41,14.79,14.23,14.44,136737
2019-02-28,14.26,14.59,14.25,14.36,79874
2019-03-01,14.41,14.46,13.98,14.1,96776
2019-03-04,14.21,14.8,14.1,14.28,176193
2019-03-05,14.28,15.71,14.13,15.71,319301
2019-03-06,15.75,16.18,15.11,15.24,407031
2019-03-07,15.2,15.57,15.0,15.25,214215
2019-03-08,14.91,15.19,14.51,14.51,178468
2019-03-11,14.61,15.41,14.54,15.2,215960
2019-03-12,15.1,15.6,14.94,15.55,288794
2019-03-13,16.06,16.16,15.14,15.18,329372
2019-03-14,14.98,15.14,14.51,14.71,152914
2019-03-15,14.9,14.97,14.44,14.76,127781
2019-03-18,14.77,15.25,14.65,15.05,150481
2019-03-19,15.0,15.2,14.93,15.06,122681
2019-03-20,15.09,15.12,14.68,14.9,108552
2019-03-21,14.84,15.46,14.78,15.1,167275
2019-03-22,15.06,15.84,14.88,15.49,155441
2019-03-25,15.07,16.46,15.06,15.42,258070
2019-03-26,15.61,15.63,14.59,14.7,156807
2019-03-27,14.35,14.52,13.67,13.85,186305
2019-03-28,13.89,14.1,13.8,13.95,89218
2019-03-29,13.88,14.4,13.81,14.24,109129
2019-04-01,14.38,15.0,14.3,14.65,171489
2019-04-02,14.7,14.81,14.5,14.54,103943
2019-04-03,14.4,14.66,14.4,14.63,84489
2019-04-04,14.6,15.35,14.6,15.24,225437
2019-04-08,16.2,16.2,15.1,15.32,237235
2019-04-09,15.39,15.39,14.98,15.02,127405
2019-04-10,14.9,15.58,14.86,15.46,167157
2019-04-11,15.55,15.63,14.9,14.92,118379
2019-04-12,14.98,15.0,14.7,14.84,73662
2019-04-15,15.1,15.41,14.59,14.65,90604
2019-04-16,14.52,14.86,14.4,14.76,123086
2019-04-17,14.8,14.95,14.66,14.72,99790
2019-04-18,14.72,14.84,14.44,14.47,73180
2019-04-19,14.51,14.65,14.31,14.48,96178
2019-04-22,14.46,14.54,14.06,14.07,107598
2019-04-23,14.09,14.1,13.7,13.9,82068
2019-04-24,13.98,14.06,13.75,13.97,78178
2019-04-25,14.28,14.53,13.87,14.1,156916
2019-04-26,14.01,14.46,14.0,14.34,106258
2019-04-29,14.36,14.69,14.06,14.36,131075
2019-04-30,14.38,14.65,14.21,14.6,120131
2019-05-06,14.0,14.27,13.14,13.35,146133
2019-05-07,13.44,13.73,13.35,13.65,102021
2019-05-08,13.48,14.1,13.2,13.81,119920
2019-05-09,13.6,13.9,13.41,13.79,57200
2019-05-10,13.84,14.24,13.5,14.04,82178
2019-05-13,13.92,13.95,13.64,13.64,66988
2019-05-14,13.49,13.77,13.42,13.6,61103
2019-05-15,13.71,14.07,13.71,14.04,101619
2019-05-16,14.0,15.18,13.96,14.88,223167
2019-05-17,14.85,15.15,14.7,15.0,179697
2019-05-20,15.01,15.67,14.71,15.62,270357
2019-05-21,15.5,16.1,15.4,15.93,303131
2019-05-22,15.73,16.49,15.53,16.49,375808
2019-05-23,16.4,17.18,15.86,16.61,430221
2019-05-24,16.29,17.0,16.06,16.45,246622
2019-05-27,16.45,16.75,16.16,16.56,274018
2019-05-28,16.57,16.95,16.22,16.4,241717
2019-05-29,16.41,16.52,15.81,15.81,279975
2019-05-30,15.8,16.49,15.54,16.33,526017
2019-05-31,16.35,17.39,16.28,17.25,693593
2019-06-03,17.2,18.0,17.0,17.98,505126
2019-06-04,17.95,18.2,17.48,17.96,466943
2019-06-05,17.96,18.2,17.15,17.37,217356
2019-06-06,17.37,17.37,16.51,16.85,209259
2019-06-10,16.75,17.2,16.61,16.88,131849
2019-06-11,16.9,17.54,16.71,17.52,282984
2019-06-12,17.42,17.99,17.32,17.56,201180
2019-06-13,17.54,17.8,17.12,17.59,211079
2019-06-14,17.59,17.86,17.48,17.7,141349
2019-06-17,17.89,19.05,17.7,19.0,539964
2019-06-18,19.08,19.93,18.92,19.6,718645
2019-06-19,19.4,20.5,19.24,19.92,525560
2019-06-20,19.79,20.21,19.17,19.17,180482
2019-06-21,19.25,19.84,19.21,19.68,237276
2019-06-24,20.75,21.65,19.63,21.29,737545
2019-06-25,21.1,21.21,19.92,20.26,377988
2019-06-26,20.14,20.14,19.32,19.83,154095
2019-06-27,19.59,19.59,17.85,17.85,136190
2019-06-28,16.07,17.17,16.07,16.61,302912
2019-07-01,16.63,17.35,16.54,17.17,234499
2019-07-02,17.19,17.49,16.85,17.1,152666
2019-07-03,17.3,17.3,16.86,17.1,112969
2019-07-04,17.1,17.27,16.93,17.0,69848
2019-07-05,17.0,17.36,16.95,17.24,181495
2019-07-08,17.17,17.54,17.0,17.49,150260
2019-07-09,17.23,17.84,17.23,17.54,162080
2019-07-10,17.7,17.81,17.39,17.6,144735
2019-07-11,17.6,17.81,17.41,17.57,173942
2019-07-12,17.59,17.7,17.0,17.27,88746
2019-07-15,17.42,17.42,15.9,17.05,153462
2019-07-16,17.17,17.37,17.06,17.16,84077
2019-07-17,17.32,17.32,16.81,17.16,81025
2019-07-18,17.12,17.18,16.81,17.01,74324
2019-07-19,17.0,17.06,16.81,17.0,87405
2019-07-22,17.0,17.02,16.7,16.84,67667
2019-07-23,16.88,16.97,16.65,16.96,49086
2019-07-24,16.96,17.09,16.83,16.96,62037
2019-07-25,16.96,17.46,16.8,17.29,150775
2019-07-26,17.17,17.31,17.1,17.2,97862
2019-07-29,17.26,17.26,16.88,16.89,74321
2019-07-30,16.88,16.88,16.5,16.5,96246
2019-07-31,16.53,16.56,14.85,14.85,122713
2019-08-01,13.37,13.37,13.37,13.37,48183
2019-08-02,12.03,12.03,12.03,12.03,125952
2019-08-05,11.46,12.83,11.05,11.87,824479
2019-08-06,11.3,11.49,11.21,11.26,410179
2019-08-07,11.33,11.5,11.22,11.32,209577
2019-08-08,11.39,11.77,11.33,11.66,285827
2019-08-09,11.7,12.31,11.63,12.23,348204
2019-08-12,12.28,12.69,12.1,12.23,326751
2019-08-13,12.01,12.45,11.98,12.23,205849
2019-08-14,12.39,12.39,12.0,12.01,213058
2019-08-15,11.64,12.22,11.53,12.17,255051
2019-08-16,12.25,12.44,12.15,12.22,195074
2019-08-19,12.26,12.57,12.26,12.53,252467
2019-08-20,12.5,13.09,12.44,12.83,306058
2019-08-21,12.86,13.04,12.62,12.71,204171
2019-08-22,12.8,12.84,12.51,12.65,130286
2019-08-23,12.7,12.72,12.5,12.57,136850
2019-08-26,12.31,12.81,12.22,12.67,186235
2019-08-27,12.83,13.16,12.79,13.15,269064
2019-08-28,13.17,13.26,12.97,13.03,186153
2019-08-29,13.0,13.3,13.0,13.22,199413
2019-08-30,13.22,13.27,12.69,12.83,205612
2019-09-02,12.79,13.09,12.79,13.06,135707
2019-09-03,13.14,13.14,12.95,13.0,139565
2019-09-04,13.01,13.05,12.84,13.0,150929
2019-09-05,13.09,13.23,13.02,13.03,184021
2019-09-06,13.1,13.12,12.81,12.89,185354
2019-09-09,13.03,13.74,12.98,13.61,342082
2019-09-10,13.61,13.88,13.56,13.7,207289
2019-09-11,13.7,13.84,13.43,13.46,148823
2019-09-12,13.58,13.6,13.31,13.42,127316
2019-09-16,13.52,13.57,13.32,13.39,116733
2019-09-17,13.39,13.39,12.98,13.09,134422
2019-09-18,13.09,13.2,13.03,13.07,105930
2019-09-19,13.18,13.18,12.97,13.13,93016
2019-09-20,13.12,13.25,13.02,13.22,96275
2019-09-23,13.12,13.13,12.91,12.99,81380
2019-09-24,12.96,13.1,12.95,12.99,66184
2019-09-25,12.95,12.95,12.34,12.41,150158
2019-09-26,12.3,12.53,11.73,11.99,122332
2019-09-27,11.91,12.24,11.91,12.2,74061
2019-09-30,12.1,12.31,12.09,12.12,55715
2019-10-08,12.12,12.4,12.12,12.25,57049
2019-10-09,12.23,12.47,12.13,12.46,65721
2019-10-10,12.54,12.54,12.38,12.47,65995
2019-10-11,12.53,12.56,12.25,12.35,65377
2019-10-14,12.52,13.1,12.52,12.92,177800
2019-10-15,12.88,13.03,12.69,12.98,124159
2019-10-16,13.06,13.27,12.92,12.94,133438
2019-10-17,12.94,13.08,12.8,12.91,72377
2019-10-18,12.98,13.19,12.91,13.02,128040
2019-10-21,13.15,13.22,12.9,12.99,117579
2019-10-22,12.98,13.07,12.83,12.98,83367
2019-10-23,12.96,12.97,12.64,12.67,97894
2019-10-24,12.62,12.72,12.55,12.61,56869
2019-10-25,12.6,12.67,11.82,12.59,150597
2019-10-28,12.39,12.54,12.28,12.52,113091
2019-10-29,12.45,12.51,12.14,12.14,87794
2019-10-30,12.2,12.39,12.14,12.21,65728
2019-10-31,12.16,12.45,12.15,12.32,84010
2019-11-01,12.18,12.52,12.18,12.43,98174
2019-11-04,12.41,12.62,12.39,12.55,96860
2019-11-05,12.57,12.63,12.44,12.49,65293
2019-11-06,12.45,12.57,12.2,12.21,90593
2019-11-07,12.24,12.33,12.14,12.23,74675
2019-11-08,12.3,12.33,12.05,12.12,77096
2019-11-11,12.0,12.08,11.65,11.73,98059
2019-11-12,11.75,11.8,11.41,11.78,73827
2019-11-13,11.85,12.08,11.78,11.86,74374
2019-11-14,11.7,11.82,11.6,11.76,61234
2019-11-15,11.72,11.94,11.65,11.8,61487
2019-11-18,11.73,12.8,11.73,12.65,247621
2019-11-19,12.6,12.77,12.46,12.66,175342
2019-11-20,12.67,12.69,12.25,12.32,136482
2019-11-21,12.22,12.29,12.02,12.03,100275
2019-11-22,12.08,12.18,11.8,11.91,88951
2019-11-25,11.92,12.05,11.74,12.03,68060
2019-11-26,12.0,12.07,11.92,12.02,42614
2019-11-27,12.0,12.0,11.83,11.88,40322
2019-11-28,11.88,11.96,11.77,11.85,39591
2019-11-29,11.85,11.92,11.8,11.9,32128
2019-12-02,11.92,11.98,11.88,11.89,34079
2019-12-03,11.85,11.95,11.75,11.91,42374
2019-12-04,11.85,11.91,11.82,11.85,35276
2019-12-05,11.84,11.93,11.82,11.91,49805
2019-12-06,11.9,11.97,11.88,11.96,52943
2019-12-09,11.95,12.07,11.95,12.03,51991
2019-12-10,12.05,12.38,11.99,12.15,112323
2019-12-11,12.09,12.19,12.04,12.06,51488
2019-12-12,12.02,12.06,11.89,11.93,55822
2019-12-13,11.97,12.1,11.93,12.09,53875
2019-12-16,12.23,12.25,12.02,12.17,92873
2019-12-17,12.22,12.36,12.1,12.32,126036
2019-12-18,12.31,12.43,12.26,12.32,92311
2019-12-19,12.34,12.7,12.27,12.62,132128
2019-12-20,12.63,12.83,12.43,12.5,114890
2019-12-23,12.49,12.49,12.05,12.09,104454
2019-12-24,12.14,12.29,12.05,12.29,68984
2019-12-25,12.22,12.36,12.15,12.21,51593
2019-12-26,12.19,12.35,12.19,12.3,61492
2019-12-27,12.29,12.39,12.19,12.22,69666
2019-12-30,12.18,12.22,11.89,12.21,71830
2019-12-31,12.2,12.55,12.2,12.45,130331
2020-01-02,12.43,12.67,12.4,12.57,138746
2020-01-03,12.57,12.64,12.46,12.55,92934
2020-01-06,12.48,12.65,12.39,12.53,115842
2020-01-07,12.55,12.81,12.5,12.72,143103
2020-01-08,12.62,12.65,12.37,12.38,133968
2020-01-09,12.48,12.95,12.48,12.86,220087
2020-01-10,12.91,13.22,12.7,13.12,230544
2020-01-13,13.1,13.35,13.0,13.21,195961
2020-01-14,13.28,13.28,12.97,12.97,162422
2020-01-15,12.91,13.04,12.81,12.9,102642
2020-01-16,12.94,13.05,12.85,13.0,86951
2020-01-17,13.0,13.06,12.84,12.87,72493
2020-01-20,12.87,13.05,12.85,13.02,96608
2020-01-21,13.05,13.33,12.91,13.25,206737
2020-01-22,13.25,13.28,12.91,13.06,128334
2020-01-23,12.99,13.1,12.33,12.5,162506
2020-02-03,11.25,11.25,11.25,11.25,34390
2020-02-04,10.13,11.22,10.13,11.03,188433
2020-02-05,11.14,11.45,10.95,11.38,147744
2020-02-06,11.46,12.06,11.28,11.83,170070
2020-02-07,11.8,12.12,11.55,11.83,146775
2020-02-10,11.81,11.93,11.61,11.78,102784
2020-02-11,11.82,12.01,11.41,11.9,158232
2020-02-12,11.8,11.91,11.62,11.85,103978
2020-02-13,12.06,12.78,12.06,12.27,266394
2020-02-14,12.7,12.96,12.41,12.9,350817
2020-02-17,13.13,13.13,12.73,13.0,313524
2020-02-18,12.94,14.26,12.76,13.76,395430
2020-02-19,13.6,13.93,13.5,13.52,273877
2020-02-20,13.71,14.22,13.55,13.94,295055
2020-02-21,13.81,14.4,13.8,14.02,295704
2020-02-24,14.02,14.34,13.91,14.28,295948
2020-02-25,13.94,14.14,13.2,13.85,359119
2020-02-26,13.52,13.83,13.39,13.42,206190
2020-02-27,13.61,13.69,13.2,13.34,150335
2020-02-28,12.32,12.7,12.01,12.01,314369
2020-03-02,11.96,12.34,11.8,12.2,225621
2020-03-03,12.37,12.55,12.16,12.26,190782
2020-03-04,12.18,12.77,12.1,12.57,214248
2020-03-05,12.69,13.42,12.53,13.34,305713
2020-03-06,13.0,13.96,12.97,13.76,342447
2020-03-09,13.76,14.07,13.25,13.26,351595
2020-03-10,13.11,13.67,12.72,13.58,300694
2020-03-11,14.08,14.16,13.39,13.46,345848
2020-03-12,13.15,13.51,12.84,12.93,213330
2020-03-13,11.88,13.19,11.81,13.11,281228
2020-03-16,13.1,13.75,12.86,13.0,363922
2020-03-17,13.25,13.5,12.18,12.82,225709
2020-03-18,13.0,13.07,12.53,12.57,230723
2020-03-19,12.5,12.9,12.4,12.75,201222
2020-03-20,13.4,14.03,13.4,14.03,161428
2020-03-23,14.87,15.33,14.21,14.5,748253
2020-03-24,15.1,15.5,14.23,14.89,474077
2020-03-25,15.01,15.65,14.56,15.21,540022
2020-03-26,14.97,15.61,14.85,14.92,425491
2020-03-27,15.03,15.32,14.64,14.8,354927
2020-03-30,15.2,16.23,14.71,15.74,512680
2020-03-31,15.75,16.07,15.4,15.91,378190
2020-04-01,15.76,15.91,14.53,14.61,416728
2020-04-02,14.61,15.13,14.21,15.0,300439
2020-04-03,15.17,15.75,15.0,15.12,386712
2020-04-07,15.4,15.6,15.1,15.34,373259
2020-04-08,15.16,15.58,15.08,15.23,296228
2020-04-09,15.22,15.84,15.08,15.66,374388
2020-04-10,15.8,15.96,15.08,15.17,338367
2020-04-13,15.17,15.39,14.58,14.72,252088
2020-04-14,14.89,15.08,14.4,14.94,219626
2020-04-15,14.87,15.05,14.4,14.45,261150
2020-04-16,14.6,14.8,14.32,14.61,208061
2020-04-17,14.88,16.07,14.78,16.07,511794
2020-04-20,16.07,16.44,15.75,16.16,629810
2020-04-21,16.07,16.1,15.2,15.34,464130
2020-04-22,15.21,15.43,14.8,15.37,245498
2020-04-23,15.31,15.45,14.85,14.96,251191
2020-04-24,14.81,14.87,13.9,13.98,324047
2020-04-27,13.98,14.25,13.52,13.98,162745
2020-04-28,13.99,14.13,13.13,13.5,172501
2020-04-29,13.49,13.72,13.36,13.49,92527
2020-04-30,13.66,13.74,13.46,13.65,128265
2020-05-06,13.4,13.82,13.33,13.81,137657
2020-05-07,13.81,13.98,13.68,13.73,114883
2020-05-08,13.8,14.05,13.74,13.84,109571
2020-05-11,14.08,14.29,13.75,13.99,124396
2020-05-12,13.83,13.92,13.55,13.68,101281
2020-05-13,13.69,13.98,13.6,13.82,101341
2020-05-14,13.7,13.74,13.32,13.33,138213
2020-05-15,13.41,13.49,13.2,13.22,86731
2020-05-18,12.91,13.34,12.9,13.16,120299
2020-05-19,13.2,13.4,13.0,13.06,92755
2020-05-20,13.09,13.15,12.64,12.71,123091
2020-05-21,12.79,12.94,12.66,12.75,73277
2020-05-22,12.77,12.79,12.35,12.44,77526
2020-05-25,12.45,12.74,12.45,12.58,61646
2020-05-26,12.65,12.93,12.5,12.91,70730
2020-05-27,12.89,12.89,12.68,12.73,63038
2020-05-28,12.82,12.82,12.39,12.54,65112
2020-05-29,12.55,12.7,12.47,12.56,46597
2020-06-01,12.65,12.88,12.61,12.81,84152
2020-06-02,12.82,13.06,12.71,13.04,105030
2020-06-03,13.01,13.07,12.82,12.82,80821
2020-06-04,12.88,12.93,12.78,12.86,52494
2020-06-05,12.88,12.96,12.73,12.88,61898
2020-06-08,12.96,13.48,12.96,13.23,149587
2020-06-09,13.22,13.77,13.2,13.49,136078
2020-06-10,13.49,13.75,13.33,13.45,89051
2020-06-11,13.51,13.65,13.18,13.18,104863
2020-06-12,12.91,13.42,12.9,13.24,74340
2020-06-15,13.19,13.55,13.19,13.28,94151
2020-06-16,13.44,13.56,13.26,13.5,77623
2020-06-17,13.49,13.86,13.48,13.78,153998
2020-06-18,13.71,13.72,13.37,13.54,109466
2020-06-19,13.5,13.77,13.43,13.61,93005
2020-06-22,13.69,13.78,13.4,13.43,100696
2020-06-23,13.51,13.69,13.31,13.33,86381
2020-06-24,13.28,13.49,13.24,13.36,67579
2020-06-29,13.4,14.3,13.4,14.13,236882
2020-06-30,14.39,14.58,14.21,14.33,227607
2020-07-01,14.7,14.93,14.34,14.53,228678
2020-07-02,15.18,15.98,15.02,15.76,535358
2020-07-03,15.49,15.56,15.0,15.14,363653
2020-07-06,15.14,15.48,14.88,15.38,280566
2020-07-07,15.39,15.62,15.18,15.37,238867
2020-07-08,15.39,15.54,15.2,15.38,192311
2020-07-09,15.5,16.65,15.42,16.22,326562
2020-07-10,16.15,17.0,16.05,16.47,280152
2020-07-13,16.4,17.35,16.36,17.19,250619
2020-07-14,17.4,17.66,16.42,16.71,304288
2020-07-15,16.68,18.34,16.68,16.72,419996
2020-07-16,16.72,16.87,15.05,15.05,412417
2020-07-17,15.03,15.35,14.78,14.97,176727
2020-07-20,15.24,15.7,15.13,15.64,174259
2020-07-21,15.72,15.87,15.39,15.72,134884
2020-07-22,15.63,16.05,15.56,15.87,149489
2020-07-23,15.65,16.15,15.21,15.86,191222
2020-07-24,16.29,16.29,14.87,14.91,234965
2020-07-27,14.99,15.04,14.5,14.65,117250
2020-07-28,14.75,14.95,14.5,14.67,90709
2020-07-29,14.64,15.31,14.52,15.23,134262
2020-07-30,15.35,15.96,15.23,15.49,180929
2020-07-31,15.4,15.88,15.28,15.67,137671
2020-08-03,15.84,16.17,15.7,15.99,159511
2020-08-04,15.9,16.29,15.73,15.88,169494
2020-08-05,16.24,17.17,15.99,16.37,277266
2020-08-06,16.18,17.09,16.17,16.9,223339
2020-08-07,17.0,17.08,16.06,16.52,190458
2020-08-10,15.89,15.89,15.2,15.61,243096
2020-08-11,16.1,17.17,16.0,16.8,502106
2020-08-12,16.23,16.84,16.03,16.3,364972
2020-08-13,16.52,16.6,15.69,15.87,209582
2020-08-14,15.75,16.02,15.35,15.69,179706
2020-08-17,15.87,17.26,15.6,17.26,352946
2020-08-18,17.58,18.13,17.34,17.74,462453
2020-08-19,17.85,18.19,17.56,17.79,243554
2020-08-20,17.6,17.79,16.97,17.1,218254
2020-08-21,17.49,17.5,16.83,17.0,175134
2020-08-24,17.22,18.18,16.93,17.84,284037
2020-08-25,18.03,18.58,17.57,17.75,215651
2020-08-26,17.7,17.84,16.74,16.9,216732
2020-08-27,16.91,17.27,16.6,16.99,134614
2020-08-28,17.05,17.3,16.77,17.3,129545
2020-08-31,17.38,17.45,16.83,16.86,162458
2020-09-01,16.72,16.97,16.41,16.9,129931
2020-09-02,17.07,17.9,16.9,17.05,233807
2020-09-03,17.11,17.39,16.49,16.55,174478
2020-09-04,16.18,16.37,16.02,16.28,129985
2020-09-07,16.32,16.54,16.02,16.08,113259
2020-09-08,16.19,16.29,15.95,16.26,92924
2020-09-09,16.1,16.15,15.22,15.25,165644
2020-09-10,15.49,15.53,14.78,14.85,106152
2020-09-11,14.88,15.35,14.81,15.23,72812
2020-09-14,15.3,15.54,15.13,15.4,85622
2020-09-15,15.45,15.46,15.17,15.34,55216
2020-09-16,15.39,15.39,14.93,15.06,63782
2020-09-17,15.09,15.25,14.82,15.06,57661
2020-09-18,15.03,15.25,14.98,15.24,59836
2020-09-21,15.24,15.27,15.02,15.03,49101
2020-09-22,14.95,15.14,14.75,14.8,55881
2020-09-23,14.85,15.07,14.68,14.98,57426
2020-09-24,14.93,15.01,14.5,14.5,65544
2020-09-25,14.51,14.75,14.33,14.41,53134
2020-09-28,14.61,14.73,14.36,14.52,43092
2020-09-29,14.63,14.73,14.47,14.54,37513
2020-09-30,14.56,14.64,14.31,14.58,43987
2020-10-09,14.8,15.47,14.8,15.13,91605
2020-10-12,15.27,15.43,15.13,15.43,79356
2020-10-13,15.4,15.57,15.25,15.33,56516
2020-10-14,15.28,15.42,15.14,15.17,56814
2020-10-15,15.15,15.2,14.92,14.94,51968
2020-10-16,14.91,15.04,14.72,15.01,42942
2020-10-19,15.13,15.13,14.58,14.6,64007
2020-10-20,14.59,14.9,14.52,14.88,40162
2020-10-21,14.95,14.95,14.56,14.68,35071
2020-10-22,14.65,14.74,14.36,14.72,39178
2020-10-23,14.69,14.75,14.37,14.5,47495
2020-10-26,14.48,14.48,14.08,14.14,46611
2020-10-27,14.08,14.25,13.96,14.22,40139
2020-10-28,14.16,14.24,14.01,14.16,40998
2020-10-29,13.88,14.13,13.75,14.0,59716
2020-10-30,13.99,14.28,13.82,14.05,79949
2020-11-02,14.12,14.15,13.48,13.51,97812
2020-11-03,13.65,13.85,13.46,13.82,47552
2020-11-04,13.81,14.01,13.71,13.8,39359
2020-11-05,13.86,14.28,13.86,14.13,61734
2020-11-06,14.15,14.42,14.0,14.26,61890
2020-11-09,14.29,14.39,14.21,14.26,71156
2020-11-10,14.4,14.49,14.22,14.26,63878
2020-11-11,14.26,14.26,14.0,14.04,50671
2020-11-12,14.17,14.63,14.02,14.08,65083
2020-11-13,13.97,13.97,13.69,13.83,60250
2020-11-16,13.84,14.6,13.78,14.46,86739
2020-11-17,14.44,14.44,14.18,14.22,46165
2020-11-18,14.46,14.73,14.24,14.34,57288
2020-11-19,14.22,14.41,14.2,14.3,34670
2020-11-20,14.31,14.39,14.05,14.08,59266
2020-11-23,14.01,14.24,13.91,14.13,46916
2020-11-24,14.14,14.21,14.02,14.06,30177
2020-11-25,14.09,14.1,13.68,13.69,61261
2020-11-26,13.7,13.8,13.59,13.63,32535
2020-11-27,13.66,13.84,13.59,13.8,34266
2020-11-30,13.82,13.93,13.61,13.71,31363
2020-12-01,13.7,13.92,13.7,13.9,29210
2020-12-02,13.91,14.01,13.83,13.9,29068
2020-12-03,13.9,13.99,13.8,13.89,33582
2020-12-04,14.01,14.12,13.89,13.99,43007
2020-12-07,13.89,13.92,13.7,13.76,38867
2020-12-08,13.76,14.21,13.7,14.11,63350
2020-12-09,14.11,14.79,14.11,14.29,127319
2020-12-10,14.51,14.97,14.51,14.71,162140
2020-12-11,14.5,14.69,14.22,14.3,98529
2020-12-14,14.27,14.42,13.88,14.08,85988
2020-12-15,14.0,14.57,13.96,14.54,83618
2020-12-16,14.56,14.9,14.39,14.7,105880
2020-12-17,14.97,15.27,14.74,15.03,134797
2020-12-18,14.91,15.27,14.84,15.06,100024
2020-12-21,15.0,15.46,14.95,15.19,81740
2020-12-22,15.28,15.37,14.8,14.82,100776
2020-12-23,14.85,15.09,14.8,15.0,67281
2020-12-24,14.94,15.16,14.78,14.88,71032
2020-12-25,14.75,15.47,14.73,15.36,100523
2020-12-28,15.28,15.78,15.24,15.71,118190
2020-12-29,15.65,15.79,15.3,15.36,89189
2020-12-30,15.38,15.76,15.37,15.58,76185
2020-12-31,15.66,16.1,15.59,15.9,124619
2021-01-04,15.95,16.1,15.73,16.09,97443
2021-01-05,16.19,16.19,15.74,15.89,79069
2021-01-06,15.81,15.89,15.24,15.31,101579
2021-01-07,14.9,15.13,14.33,14.42,151526
2021-01-08,14.3,14.81,14.21,14.53,80659
2021-01-11,14.63,14.7,13.88,13.9,78228
2021-01-12,13.9,14.12,13.8,14.02,52412
2021-01-13,14.02,14.48,13.9,14.2,55356
2021-01-14,14.18,14.46,14.0,14.11,43468
2021-01-15,14.03,14.15,13.94,14.0,37381
2021-01-18,13.9,14.4,13.85,14.28,47762
2021-01-19,14.51,15.98,14.48,15.08,138067
2021-01-20,15.1,15.12,14.66,15.05,80273
2021-01-21,14.99,15.42,14.92,15.26,93799
2021-01-22,15.26,15.44,15.05,15.12,53194
2021-01-25,15.12,15.3,14.61,14.67,87679
2021-01-26,14.79,14.94,14.44,14.44,50715
2021-01-27,14.46,14.53,14.08,14.14,50411
2021-01-28,14.14,14.25,13.84,14.02,52606
2021-01-29,14.04,14.14,13.65,13.93,50731
2021-02-01,13.94,14.09,13.88,14.02,26970
2021-02-02,14.02,14.43,14.0,14.13,43542
2021-02-03,14.11,14.11,13.76,13.83,35425
2021-02-04,13.75,13.99,13.5,13.75,37379
2021-02-05,13.75,13.88,13.55,13.64,26852
2021-02-08,13.64,13.69,13.02,13.16,52162
2021-02-09,13.13,13.49,13.02,13.35,42607
2021-02-10,13.5,13.63,13.2,13.5,34256
2021-02-18,13.56,13.6,12.72,12.84,198418
2021-02-19,12.81,13.55,12.81,13.35,95373
2021-02-22,13.4,14.08,13.35,13.75,98278
2021-02-23,13.69,14.08,13.56,13.94,76605
2021-02-24,13.93,13.98,13.51,13.61,59122
2021-02-25,13.67,13.83,13.55,13.67,52456
2021-02-26,13.54,13.59,13.21,13.24,51110
2021-03-01,13.27,13.58,13.27,13.54,35988
2021-03-02,13.86,14.19,13.59,13.95,99259
2021-03-03,13.81,14.14,13.7,14.0,67154
2021-03-04,13.83,13.98,13.57,13.57,51257
2021-03-05,13.56,13.68,13.42,13.56,36764
2021-03-08,13.7,13.76,13.3,13.3,53290
2021-03-09,13.35,13.42,13.0,13.11,49274
2021-03-10,13.13,13.25,13.02,13.11,31272
2021-03-11,13.12,13.23,12.98,13.23,40351
2021-03-12,13.2,13.33,13.0,13.26,40204
2021-03-15,13.2,13.29,13.08,13.16,27253
2021-03-16,13.19,13.26,13.1,13.18,21405
2021-03-17,13.29,13.51,13.26,13.41,48859
2021-03-18,13.32,13.44,13.25,13.27,31535
2021-03-19,13.16,13.33,13.09,13.18,29004
2021-03-22,13.18,13.27,13.04,13.25,29835
2021-03-23,13.25,13.32,13.04,13.08,31953
2021-03-24,13.08,13.11,12.75,12.83,38963
2021-03-25,12.81,12.89,12.76,12.84,24174
2021-03-26,12.89,12.97,12.82,12.95,23589
2021-03-29,12.92,13.12,12.88,12.95,20805
2021-03-30,12.94,12.98,12.82,12.84,22313
2021-03-31,12.85,12.87,12.75,12.79,18436
2021-04-01,12.77,12.91,12.77,12.86,15563
2021-04-02,12.9,13.01,12.85,12.96,23296
2021-04-06,13.01,13.04,12.95,12.97,15677
2021-04-07,12.96,12.96,12.81,12.91,18680
2021-04-08,12.9,13.08,12.86,13.02,26586
2021-04-09,13.02,13.27,12.94,13.2,37061
2021-04-12,13.25,13.4,13.09,13.1,39929
2021-04-13,13.06,13.2,12.91,12.94,21230
2021-04-14,12.95,13.21,12.87,13.19,27608
2021-04-15,13.2,13.5,13.09,13.33,29513
2021-04-16,13.42,13.48,13.33,13.4,39025
2021-04-19,13.4,13.64,13.33,13.54,35507
2021-04-20,13.46,13.67,13.35,13.38,30468
2021-04-21,13.37,13.45,13.24,13.38,20815
2021-04-22,13.37,13.53,13.32,13.39,24023
2021-04-23,13.34,13.48,13.29,13.45,26177
2021-04-26,13.67,13.91,13.53,13.77,98598
2021-04-27,13.75,13.75,13.44,13.54,58760
2021-04-28,13.53,13.71,13.4,13.61,55923
2021-04-29,13.62,13.69,13.42,13.42,39200
2021-04-30,13.44,13.58,13.4,13.51,30367
2021-05-06,13.5,13.54,13.36,13.46,35310
2021-05-07,13.5,13.67,13.38,13.42,36956
2021-05-10,13.48,13.63,13.47,13.59,36759
2021-05-11,13.6,13.66,13.26,13.31,45564
2021-05-12,13.27,13.56,12.9,13.55,70012
2021-05-13,13.42,13.58,13.27,13.31,39847
2021-05-14,13.37,13.79,13.3,13.6,64489
2021-05-17,13.65,13.7,13.49,13.54,59301
2021-05-18,13.5,13.63,13.44,13.47,32101
2021-05-19,13.55,13.55,13.31,13.31,33968
2021-05-20,13.27,13.4,13.13,13.26,26445
2021-05-21,13.32,13.37,13.13,13.35,24610
2021-05-24,13.34,13.58,13.33,13.45,35652
2021-05-25,13.44,13.56,13.4,13.55,37077
2021-05-26,13.48,13.55,13.37,13.5,51117
2021-05-27,13.45,13.65,13.4,13.57,46342
2021-05-28,13.57,13.63,13.4,13.41,32118
2021-05-31,13.41,13.49,13.3,13.36,43734
2021-06-01,13.39,13.46,13.28,13.42,41673
2021-06-02,13.43,13.48,13.16,13.21,57730
2021-06-03,13.2,13.29,13.16,13.17,26697
2021-06-04,13.21,13.25,13.12,13.13,31898
2021-06-07,13.17,13.22,13.01,13.18,35444
2021-06-08,13.18,13.18,13.0,13.03,38973
2021-06-09,13.05,13.06,12.93,12.95,39106
2021-06-10,12.95,13.01,12.81,12.85,47102
2021-06-11,13.0,13.17,12.87,12.93,51058
2021-06-15,12.91,12.92,12.68,12.83,48664
2021-06-16,12.83,12.84,12.6,12.61,37775
2021-06-17,12.63,12.73,12.58,12.66,24598
2021-06-18,12.67,12.85,12.63,12.78,28949
2021-06-21,12.86,12.86,12.73,12.79,25915
2021-06-22,12.88,12.88,12.72,12.77,29631
2021-06-23,12.83,12.96,12.62,12.92,54347
2021-06-24,12.89,13.14,12.83,13.0,52994
2021-06-25,13.08,13.17,12.9,13.03,43931
2021-06-28,13.1,13.17,12.93,13.0,39026
2021-06-29,12.92,12.95,12.73,12.76,41341
2021-06-30,12.76,13.11,12.75,13.05,56937
2021-07-01,13.01,13.11,12.93,12.93,37076
2021-07-02,12.93,13.01,12.73,12.77,34365
2021-07-05,12.72,12.88,12.69,12.76,38654
2021-07-06,12.77,12.83,12.65,12.71,34248
2021-07-07,12.7,12.78,12.67,12.71,29656
2021-07-08,12.7,12.71,12.51,12.52,38060
2021-07-09,12.46,12.56,12.2,12.46,48539
2021-07-12,12.5,12.91,12.5,12.76,53466
2021-07-13,12.75,12.88,12.6,12.8,42798
2021-07-14,12.82,13.2,12.66,12.98,84925
2021-07-15,13.0,13.03,12.81,13.01,43064
2021-07-16,12.97,13.13,12.88,12.91,32922
2021-07-19,12.89,13.01,12.74,12.84,40362
2021-07-20,12.8,13.33,12.77,13.25,85710
2021-07-21,13.25,13.3,13.09,13.19,53299
2021-07-22,13.22,13.69,13.19,13.52,104592
2021-07-23,13.65,13.7,13.43,13.47,68398
2021-07-26,13.43,13.74,13.38,13.54,86427
2021-07-27,13.6,13.65,13.0,13.23,73312
2021-07-28,13.23,13.81,13.0,13.74,104662
2021-07-29,13.85,13.93,13.57,13.82,96134
2021-07-30,13.73,13.87,13.46,13.84,79560
2021-08-02,14.01,14.03,13.65,13.81,74451
2021-08-03,13.81,14.0,13.55,13.56,80961
2021-08-04,13.51,13.64,13.33,13.55,103322
2021-08-05,13.62,13.92,13.48,13.49,76583
2021-08-06,13.42,13.69,13.36,13.47,52292
2021-08-09,13.41,13.76,13.35,13.63,58052
2021-08-10,13.65,13.67,13.42,13.49,66663
2021-08-11,13.51,13.77,13.51,13.59,84619
2021-08-12,13.58,14.78,13.5,14.6,284611
2021-08-13,14.65,14.85,14.47,14.63,139411
2021-08-16,14.63,15.0,14.35,14.8,147748
2021-08-17,15.0,15.5,14.65,14.8,209360
2021-08-18,14.83,15.07,14.5,14.8,107296
2021-08-19,14.8,14.84,14.5,14.74,89751
2021-08-20,14.7,14.84,14.22,14.47,81019
2021-08-23,14.53,14.76,14.3,14.56,100797
2021-08-24,14.56,15.2,14.45,15.14,162149
2021-08-25,15.09,15.15,14.85,15.03,76535
2021-08-26,14.97,15.11,14.85,14.93,60080
2021-08-27,14.95,15.28,14.6,14.94,90619
2021-08-30,14.98,15.03,14.13,14.26,132939
2021-08-31,14.26,14.55,14.22,14.23,65501
2021-09-01,14.25,14.39,14.1,14.2,54324
2021-09-02,14.2,14.5,14.11,14.45,60342
2021-09-03,14.45,14.94,14.36,14.8,97729
2021-09-06,14.8,14.96,14.68,14.82,53549
2021-09-07,14.8,14.88,14.66,14.76,43473
2021-09-08,14.72,14.83,14.44,14.61,75552
2021-09-09,14.85,14.87,14.52,14.74,52794
2021-09-10,14.7,14.79,14.4,14.46,54187
2021-09-13,14.68,15.47,14.6,14.84,121647
2021-09-14,14.91,15.08,14.7,14.85,90448
2021-09-15,14.75,15.5,14.54,15.34,135419
2021-09-16,15.44,15.52,15.03,15.16,110030
2021-09-17,15.11,15.26,14.05,14.7,128527
2021-09-22,14.4,14.8,14.28,14.77,69201
2021-09-23,14.84,15.4,14.69,15.2,115017
2021-09-24,15.73,16.5,15.58,16.01,265646
2021-09-27,16.0,16.16,15.13,15.24,184742
2021-09-28,15.18,15.63,15.07,15.44,107083
2021-09-29,15.18,15.32,14.6,14.63,107595
2021-09-30,14.63,15.32,14.63,14.94,73528
2021-10-08,15.15,15.69,15.13,15.57,118174
2021-10-11,15.57,15.65,15.25,15.36,55624
2021-10-12,15.47,15.53,14.82,14.96,70498
2021-10-13,14.93,15.12,14.67,15.02,42236
2021-10-14,15.0,15.03,14.63,14.69,47495
2021-10-15,14.8,14.83,14.42,14.43,60700
2021-10-18,14.51,14.76,14.41,14.63,46508
2021-10-19,14.66,14.91,14.5,14.77,42897
2021-10-20,14.66,14.79,14.52,14.7,39798
2021-10-21,14.7,14.85,14.59,14.74,45558
2021-10-22,14.74,14.85,14.55,14.61,44030
2021-10-25,14.55,14.61,14.19,14.2,62372
2021-10-26,14.31,15.18,14.31,14.94,124690
2021-10-27,14.97,15.3,14.75,15.0,102149
2021-10-28,14.55,14.69,13.4,13.44,195661
2021-10-29,13.64,13.85,13.33,13.35,79661
2021-11-01,13.26,13.29,12.82,13.07,101399
2021-11-02,13.1,13.29,12.87,13.03,80303
2021-11-03,12.96,13.12,12.94,13.06,40821
2021-11-04,13.09,13.33,12.9,13.08,66354
2021-11-05,13.03,13.13,12.76,13.04,84205
2021-11-08,13.0,13.0,12.55,12.91,59590
2021-11-09,13.11,13.4,13.05,13.25,64381
2021-11-10,13.2,13.45,13.08,13.37,61520
2021-11-11,13.5,13.71,13.37,13.61,88781
2021-11-12,13.61,13.8,13.55,13.7,106610
2021-11-15,13.7,13.88,13.4,13.53,70492
2021-11-16,13.53,13.67,13.16,13.26,81482
2021-11-17,13.26,13.58,13.17,13.53,54736
2021-11-18,13.4,13.57,13.03,13.07,83821
2021-11-19,13.14,13.26,13.06,13.11,50098
2021-11-22,13.02,13.17,12.95,13.08,52078
2021-11-23,13.04,13.36,13.01,13.19,57778
2021-11-24,13.24,13.3,13.08,13.24,44170
2021-11-25,13.4,13.85,13.4,13.54,145717
2021-11-26,13.62,13.66,13.32,13.37,76628
2021-11-29,13.3,13.56,13.28,13.49,64558
2021-11-30,13.47,13.6,13.36,13.59,58438
2021-12-01,13.57,13.72,13.48,13.64,60057
2021-12-02,13.6,14.0,13.6,13.83,98540
2021-12-03,13.9,13.9,13.55,13.63,71322
2021-12-06,13.55,13.66,13.37,13.39,50806
2021-12-07,13.47,13.52,13.25,13.29,45462
2021-12-08,13.43,13.47,13.26,13.41,33503
2021-12-09,13.48,13.77,13.47,13.56,62955
2021-12-10,13.51,13.65,13.38,13.62,39404
2021-12-13,13.63,13.66,13.52,13.59,36680
2021-12-14,13.54,13.73,13.5,13.6,37183
2021-12-15,13.58,13.66,13.48,13.52,39830
2021-12-16,13.49,13.64,13.47,13.58,36710
2021-12-17,13.59,13.7,13.45,13.55,46171
2021-12-20,13.65,13.96,13.6,13.76,89840
2021-12-21,13.76,13.83,13.61,13.71,49227
2021-12-22,13.63,13.68,13.52,13.63,48451
2021-12-23,13.63,13.66,13.54,13.57,32622
2021-12-24,13.54,13.58,13.37,13.39,51034
2021-12-27,13.4,13.76,13.38,13.69,71258
2021-12-28,13.69,13.94,13.68,13.76,77883
2021-12-29,13.77,14.36,13.65,14.1,146324
2021-12-30,14.18,14.22,13.92,14.07,84645
2021-12-31,14.08,14.55,14.04,14.38,125754
2022-01-04,14.52,14.67,14.35,14.39,98923
2022-01-05,14.45,14.47,14.07,14.25,87433
2022-01-06,14.05,14.28,13.99,14.24,76427
2022-01-07,14.24,14.55,14.13,14.16,71341
2022-01-10,14.16,14.55,14.1,14.47,73926
2022-01-11,14.43,14.71,14.35,14.4,70517
2022-01-12,14.78,14.94,14.63,14.77,173402
2022-01-13,14.68,15.08,14.59,14.82,131061
2022-01-14,14.82,15.04,14.69,14.99,120421
2022-01-17,14.91,15.0,14.55,14.89,101802
2022-01-18,14.84,14.86,14.46,14.51,89181
2022-01-19,14.46,14.6,14.25,14.48,66781
2022-01-20,14.79,14.95,14.33,14.46,89501
2022-01-21,14.44,14.44,13.89,13.94,75314
2022-01-24,14.08,14.08,13.76,13.83,51304
2022-01-25,13.75,14.01,13.23,13.37,86593
2022-01-26,13.4,13.58,13.18,13.23,46256
2022-01-27,13.32,13.43,13.02,13.06,46405
2022-01-28,13.21,13.34,12.98,13.16,34472
2022-02-07,13.34,13.52,13.23,13.45,44327
2022-02-08,13.44,13.6,13.28,13.57,33149
2022-02-09,13.55,13.69,13.48,13.62,43943
2022-02-10,13.5,13.69,13.5,13.65,38625
2022-02-11,13.55,13.65,13.35,13.38,29952
2022-02-14,13.4,13.58,13.32,13.39,26032
2022-02-15,13.45,13.58,13.36,13.56,21143
2022-02-16,13.63,13.66,13.51,13.58,27454
2022-02-17,13.58,13.65,13.41,13.45,36818
2022-02-18,13.4,13.62,13.36,13.6,31356
2022-02-21,13.49,13.8,13.45,13.79,36700
2022-02-22,13.77,13.77,13.54,13.56,33465
2022-02-23,13.61,13.71,13.56,13.69,37998
2022-02-24,13.63,13.68,13.11,13.25,63355
2022-02-25,13.37,13.56,13.33,13.4,37334
2022-02-28,13.45,13.5,13.21,13.49,30366
2022-03-01,13.43,13.53,13.41,13.51,24990
2022-03-02,13.47,13.61,13.37,13.58,27359
2022-03-03,13.6,13.89,13.51,13.72,59474
2022-03-04,13.71,13.89,13.61,13.77,52867
2022-03-07,13.72,13.89,13.56,13.61,52388
2022-03-08,13.6,13.61,13.08,13.12,51633
2022-03-09,13.18,13.2,12.3,12.76,61950
2022-03-10,13.04,13.54,12.96,13.44,71691
2022-03-11,13.44,13.66,13.26,13.64,55752
2022-03-14,13.68,13.68,13.4,13.4,42805
2022-03-15,13.35,13.35,12.65,12.69,64695
2022-03-16,12.98,13.15,12.17,12.86,84961
2022-03-17,13.1,13.28,12.81,12.97,62268
2022-03-18,13.1,13.43,12.83,13.39,57844
2022-03-21,13.39,13.64,13.28,13.46,53714
2022-03-22,13.48,13.8,13.4,13.64,75776
2022-03-23,13.61,13.83,13.53,13.74,53395
2022-03-24,13.7,13.95,13.53,13.84,63526
2022-03-25,13.78,14.28,13.77,13.93,94256
2022-03-28,14.02,14.02,13.58,13.73,62204
2022-03-29,13.79,13.97,13.63,13.73,62853
2022-03-30,13.65,14.38,13.58,14.3,199716
2022-03-31,14.36,14.8,14.26,14.47,196550
2022-04-01,14.47,14.72,14.19,14.37,135621
2022-04-06,14.48,14.97,14.45,14.89,157877
2022-04-07,14.74,14.83,14.26,14.28,124570
2022-04-08,14.29,14.38,14.07,14.3,79248
2022-04-11,14.3,14.35,13.85,14.12,86967
2022-04-12,14.0,14.44,13.85,14.39,67812
2022-04-13,14.37,14.38,13.95,13.96,50942
2022-04-14,14.02,14.3,13.98,14.25,39492
2022-04-15,14.2,14.22,13.73,13.89,63279
2022-04-18,13.82,13.88,13.4,13.67,63119
2022-04-19,13.56,14.4,13.56,13.96,84559
2022-04-20,14.1,14.34,13.79,14.01,75927
2022-04-21,14.45,14.66,13.7,13.74,163940
2022-04-22,13.38,13.65,13.11,13.16,117456
2022-04-25,12.98,13.04,12.15,12.23,116486
2022-04-26,12.34,12.47,12.02,12.09,95683
2022-04-27,11.89,12.5,11.53,12.49,104064
2022-04-28,12.35,12.6,12.19,12.37,60219
2022-04-29,12.59,12.79,12.38,12.61,79782
2022-05-05,12.73,12.88,12.44,12.72,71362
2022-05-06,12.38,12.79,12.33,12.62,50283
2022-05-09,12.61,13.06,12.6,12.95,53810
2022-05-10,12.79,13.3,12.73,13.27,75401
2022-05-11,13.25,13.58,13.17,13.2,71207
2022-05-12,13.16,13.58,13.1,13.5,59264
2022-05-13,13.6,13.68,13.37,13.46,52045
2022-05-16,13.49,13.65,13.33,13.47,59925
2022-05-17,13.54,13.54,13.14,13.2,46078
2022-05-18,13.06,13.33,12.98,13.02,47768
2022-05-19,13.04,13.04,12.62,12.76,74579
2022-05-20,12.65,13.15,12.65,12.97,57944
2022-05-23,13.09,13.13,12.94,13.1,81448
2022-05-24,13.08,13.13,12.51,12.53,61554
2022-05-25,12.63,13.08,12.6,13.07,70973
2022-05-26,13.28,14.07,13.15,13.78,162855
2022-05-27,13.68,14.26,13.61,13.96,166523
2022-05-30,13.92,14.01,13.76,13.9,94641
2022-05-31,13.82,14.02,13.75,13.88,76447
2022-06-01,13.9,14.42,13.89,14.11,158589
2022-06-02,14.11,14.28,13.97,14.01,96031
2022-06-06,13.96,14.25,13.85,14.17,98887
2022-06-07,14.12,14.98,14.1,14.85,292680
2022-06-08,14.85,16.35,14.79,15.61,454008
2022-06-09,15.54,15.55,14.73,14.76,280388
2022-06-10,14.73,14.97,14.61,14.76,195628
2022-06-13,14.51,14.7,14.31,14.7,179145
2022-06-14,14.6,14.83,14.41,14.81,149273
2022-06-15,14.79,14.97,14.5,14.54,151016
2022-06-16,14.56,15.35,14.55,15.03,204213
2022-06-17,15.77,17.35,15.7,16.57,736637
2022-06-20,16.66,17.08,15.88,16.22,391972
2022-06-21,16.3,16.35,15.9,16.21,192000
2022-06-22,16.27,17.69,16.21,17.09,384019
2022-06-23,17.21,17.8,17.06,17.36,273979
2022-06-24,17.35,17.79,17.06,17.43,192089
2022-06-27,17.48,17.85,16.93,17.21,176129
2022-06-28,17.21,17.31,16.8,17.1,155810
2022-06-29,17.06,17.57,16.84,16.92,149988
2022-06-30,16.92,17.5,16.91,17.34,137363
2022-07-01,17.3,17.57,17.0,17.2,79890
2022-07-04,17.3,17.62,17.0,17.22,143139
2022-07-05,17.31,17.35,16.6,17.0,174060
2022-07-06,16.98,17.21,16.78,16.93,104129
2022-07-07,16.9,16.9,16.55,16.72,135725
2022-07-08,16.73,16.88,16.25,16.46,135227
2022-07-11,16.47,16.69,16.25,16.39,103559
2022-07-12,16.51,16.53,15.6,15.78,188465
2022-07-13,15.79,15.88,15.47,15.77,88785
2022-07-14,15.71,15.78,15.3,15.52,115767
2022-07-15,15.5,16.05,15.38,15.74,142846
2022-07-18,15.73,15.8,15.4,15.68,98157
2022-07-19,15.72,16.11,15.61,15.96,126478
2022-07-20,15.96,16.19,15.87,16.12,103047
2022-07-21,16.07,16.2,15.77,15.8,78751
2022-07-22,15.74,15.88,15.46,15.79,85414
2022-07-25,15.8,15.94,15.44,15.57,74626
2022-07-26,15.59,15.8,15.38,15.63,81477
2022-07-27,15.58,15.73,15.49,15.65,45067
2022-07-28,15.75,16.3,15.75,15.77,146545
2022-07-29,15.71,15.96,15.6,15.66,83973
2022-08-01,15.59,15.98,15.32,15.93,87381
2022-08-02,15.87,15.87,15.0,15.1,175756
2022-08-03,15.07,15.39,14.88,14.95,129132
2022-08-04,14.95,15.53,14.94,15.42,119247
2022-08-05,15.5,15.89,15.43,15.85,92287
2022-08-08,15.82,16.78,15.77,16.55,182162
2022-08-09,16.59,16.73,16.37,16.63,107311
2022-08-10,16.63,17.25,16.61,17.09,127548
2022-08-11,17.83,18.19,17.33,17.88,202060
2022-08-12,17.96,18.25,17.7,17.92,135765
2022-08-15,17.9,19.16,17.89,18.86,232820
2022-08-16,18.65,19.04,18.24,18.84,209057
2022-08-17,18.92,19.23,18.6,18.83,146762
2022-08-18,18.79,18.85,18.13,18.28,159820
2022-08-19,18.35,18.64,17.93,18.15,106909
2022-08-22,18.18,19.93,18.16,19.84,314418
2022-08-23,19.93,20.4,19.18,20.16,255814
2022-08-24,20.2,20.55,19.2,19.33,213544
2022-08-25,19.55,19.65,18.75,19.37,138898
2022-08-26,19.31,20.08,19.15,19.27,142397
2022-08-29,18.8,19.32,18.76,18.97,122445
2022-08-30,18.77,19.25,18.52,18.94,98712
2022-08-31,18.71,18.9,18.16,18.26,129790
2022-09-01,18.65,19.25,18.35,18.75,135083
2022-09-02,18.92,19.9,18.78,19.52,180364
2022-09-05,19.58,20.81,19.41,20.67,251431
2022-09-06,20.52,21.05,20.0,20.79,225692
2022-09-07,20.67,20.74,20.13,20.32,134262
2022-09-08,20.34,20.54,19.9,20.23,94413
2022-09-09,20.3,20.65,20.11,20.44,97658
2022-09-13,20.5,20.71,20.02,20.42,100434
2022-09-14,20.1,20.9,20.06,20.5,108722
2022-09-15,20.58,20.85,19.36,19.72,194303
2022-09-16,19.55,19.77,19.1,19.27,94905
2022-09-19,19.11,19.75,18.16,19.07,114342
2022-09-20,19.25,19.89,19.1,19.19,90702
2022-09-21,19.14,19.18,18.5,18.64,97346
2022-09-22,18.71,19.22,18.3,18.8,104174
2022-09-23,18.84,18.9,17.96,18.11,80576
2022-09-26,17.9,18.27,17.66,17.96,134985
2022-09-27,18.02,18.21,17.18,17.87,171133
2022-09-28,17.83,18.46,17.43,17.51,161385
2022-09-29,17.56,18.1,17.22,17.4,123837
2022-09-30,17.44,17.68,16.65,16.78,186718
2022-10-10,16.83,17.18,16.32,16.45,122243
2022-10-11,16.28,16.46,15.84,16.09,137419
2022-10-12,16.17,16.18,14.96,15.47,292137
2022-10-13,15.45,15.53,14.82,15.03,226273
2022-10-14,15.15,15.53,14.88,15.33,240176
2022-10-17,15.28,15.65,15.05,15.47,241510
2022-10-18,15.55,16.1,15.38,15.79,362055
2022-10-19,15.75,15.75,14.99,15.14,227836
2022-10-20,15.1,15.2,14.89,14.96,160611
2022-10-21,15.0,15.08,14.58,15.01,148290
2022-10-24,15.17,15.43,14.39,14.48,230338
2022-10-25,14.33,14.49,13.85,14.1,153248
2022-10-26,14.12,15.01,14.1,14.92,223992
2022-10-27,15.02,15.21,14.71,14.92,175897
2022-10-28,14.77,14.93,14.37,14.6,131306
2022-10-31,14.6,14.86,14.22,14.6,137016
2022-11-01,14.65,15.39,14.6,15.37,237369
2022-11-02,15.16,16.1,15.1,15.69,232448
2022-11-03,15.6,15.8,15.45,15.64,121240
2022-11-04,15.65,16.51,15.55,16.14,218252
2022-11-07,16.08,16.4,16.03,16.09,139293
2022-11-08,16.15,16.15,15.68,15.85,131869
2022-11-09,15.81,16.0,15.77,15.81,96317
2022-11-10,15.8,15.88,15.63,15.74,102589
2022-11-11,16.0,16.16,15.4,15.77,163322
2022-11-14,15.74,16.41,15.46,16.26,242665
2022-11-15,16.6,16.85,16.25,16.68,192155
2022-11-16,16.51,16.6,16.31,16.51,130196
2022-11-17,16.44,17.15,16.37,17.04,225500
2022-11-18,17.01,17.19,16.51,16.76,174341
2022-11-21,16.7,16.73,16.5,16.55,107721
2022-11-22,16.62,16.8,16.12,16.3,123433
2022-11-23,16.19,16.4,15.43,15.66,185697
2022-11-24,15.66,15.83,15.61,15.7,79838
2022-11-25,15.66,16.01,15.38,15.81,111885
2022-11-28,15.7,15.89,15.43,15.49,95137
2022-11-29,15.63,15.92,15.5,15.7,165487
2022-11-30,15.7,15.75,15.25,15.3,98002
2022-12-01,15.38,16.28,15.32,15.8,178189
2022-12-02,15.75,15.87,15.44,15.5,109254
2022-12-05,15.5,16.62,15.5,16.12,222660
2022-12-06,16.07,16.5,15.92,16.08,150719
2022-12-07,16.01,16.27,15.88,16.1,137874
2022-12-08,16.16,16.44,16.15,16.25,162992
2022-12-09,16.25,16.34,15.76,15.82,130396
2022-12-12,15.84,16.3,15.84,16.08,143613
2022-12-13,16.02,16.09,15.61,15.91,106103
2022-12-14,15.83,16.0,15.51,15.68,94076
2022-12-15,15.67,15.74,15.41,15.45,68269
2022-12-16,15.45,15.56,15.15,15.4,76202
2022-12-19,15.4,15.46,14.78,14.86,88824
2022-12-20,14.92,14.92,14.55,14.55,46737
2022-12-21,14.6,14.63,14.12,14.3,101362
2022-12-22,14.35,14.62,14.06,14.15,69086
2022-12-23,14.1,14.24,13.7,13.99,89256
2022-12-26,14.03,14.26,13.92,14.2,47183
2022-12-27,14.18,14.26,13.88,14.08,56274
2022-12-28,14.02,14.31,13.95,14.2,61900
2022-12-29,14.15,14.47,13.98,14.27,64242
2022-12-30,14.33,14.55,14.16,14.39,56519
2023-01-03,14.44,14.67,14.37,14.54,51074
2023-01-04,14.52,14.61,14.2,14.29,67547
2023-01-05,14.31,14.66,14.21,14.51,66205
2023-01-06,14.52,14.66,14.33,14.43,64767
2023-01-09,14.44,14.55,14.35,14.44,39611
2023-01-10,14.4,14.47,14.15,14.46,90566
2023-01-11,14.38,14.68,14.31,14.34,74336
2023-01-12,14.31,14.4,13.95,14.15,79619
2023-01-13,14.21,14.75,14.16,14.53,134903
2023-01-16,14.53,15.02,14.49,14.74,111087
2023-01-17,14.78,14.82,14.64,14.66,50867
2023-01-18,14.71,14.72,14.58,14.6,44875
2023-01-19,14.56,14.75,14.49,14.71,51168
2023-01-20,14.76,15.05,14.75,14.97,76972
2023-01-30,15.08,15.23,14.81,14.87,90750
2023-01-31,14.84,14.98,14.82,14.89,60325
2023-02-01,14.9,15.12,14.81,15.1,94994
2023-02-02,15.13,15.52,15.03,15.36,108679
2023-02-03,15.36,15.36,15.03,15.16,83244
2023-02-06,15.1,15.26,14.97,15.06,64625
2023-02-07,15.09,15.25,14.68,14.74,162169
2023-02-08,14.75,14.85,14.59,14.65,87118
2023-02-09,14.71,14.97,14.62,14.97,96082
2023-02-10,14.92,15.24,14.9,15.0,89370
2023-02-13,15.29,15.83,15.12,15.49,182565
2023-02-14,15.53,16.0,15.49,15.89,212439
2023-02-15,15.9,15.98,15.55,15.69,122280
2023-02-16,15.62,15.73,15.1,15.23,132311
2023-02-17,15.37,15.39,15.06,15.1,117072
2023-02-20,15.11,15.12,14.68,15.0,159970
2023-02-21,15.06,15.38,14.99,15.21,124775
2023-02-22,15.16,15.17,15.02,15.13,64798
2023-02-23,15.12,15.24,14.95,15.02,65067
2023-02-24,15.02,15.06,14.88,14.98,48658
2023-02-27,14.98,15.0,14.75,14.78,69952
2023-02-28,14.79,15.05,14.78,14.95,68562
2023-03-01,14.95,15.1,14.89,15.02,83795
2023-03-02,15.29,15.41,15.08,15.13,183436
2023-03-03,15.2,15.23,14.68,14.8,229252
2023-03-06,14.38,14.68,14.3,14.62,165751
2023-03-07,14.59,14.88,14.4,14.4,103954
2023-03-08,14.45,14.48,14.22,14.35,73128
2023-03-09,14.35,14.44,14.3,14.37,45659
2023-03-10,14.34,14.44,14.23,14.28,63278
2023-03-13,14.22,14.28,13.96,14.06,110060
2023-03-14,14.08,14.18,13.91,14.06,60634
2023-03-15,14.07,14.23,14.06,14.09,53654
2023-03-16,14.07,14.12,13.96,14.01,46130
2023-03-17,14.05,14.12,13.96,13.97,53359
2023-03-20,13.95,14.04,13.76,14.0,65322
2023-03-21,14.04,14.24,13.98,14.22,51778
2023-03-22,14.25,14.39,14.22,14.33,56447
2023-03-23,14.3,14.52,14.25,14.31,77970
2023-03-24,14.31,14.46,14.12,14.21,86770
2023-03-27,14.17,14.3,14.0,14.19,98451
2023-03-28,14.02,14.08,13.7,13.92,145647
2023-03-29,13.85,13.91,13.46,13.49,120834
2023-03-30,13.43,13.57,13.3,13.49,64100
2023-03-31,13.48,13.68,13.42,13.55,44435
2023-04-03,13.57,13.67,13.28,13.38,105426
2023-04-04,13.38,13.44,13.24,13.39,80343
2023-04-06,13.4,13.43,13.23,13.26,52669
2023-04-07,13.28,13.64,13.27,13.5,77279
2023-04-10,13.52,13.81,13.52,13.64,66802
2023-04-11,13.61,13.68,13.49,13.59,38321
2023-04-12,13.66,13.69,13.4,13.54,55348
2023-04-13,13.52,13.68,13.41,13.61,53571
2023-04-14,13.65,13.73,13.53,13.55,40486
2023-04-17,13.55,13.56,13.37,13.42,57485
2023-04-18,13.38,13.47,13.31,13.32,40479
2023-04-19,13.33,13.36,13.14,13.15,63699
2023-04-20,13.16,13.19,12.91,13.05,67199
2023-04-21,13.02,13.09,12.76,12.8,60549
2023-04-24,12.76,12.97,12.73,12.8,41855
2023-04-25,12.78,12.81,12.42,12.55,69940
2023-04-26,12.52,12.66,12.51,12.64,35511
2023-04-27,12.58,12.91,12.58,12.8,50749
2023-04-28,12.41,12.67,12.11,12.66,68649
2023-05-04,12.58,12.71,12.28,12.31,64209
2023-05-05,12.32,12.34,12.02,12.14,62464
2023-05-08,12.15,12.31,12.15,12.24,33774
2023-05-09,12.2,12.24,12.02,12.02,43106
2023-05-10,12.01,12.18,11.96,12.08,47761
2023-05-11,12.1,12.35,12.1,12.21,38866
2023-05-12,12.26,12.29,12.0,12.07,30648
2023-05-15,12.04,12.17,11.92,12.16,41055
2023-05-16,12.16,12.16,12.01,12.09,32891
2023-05-17,12.09,12.14,12.05,12.12,27573
2023-05-18,12.12,12.22,12.06,12.15,28698
2023-05-19,12.14,12.28,12.06,12.25,30288
2023-05-22,12.25,12.42,12.23,12.28,31442
2023-05-23,12.3,12.46,12.27,12.35,42628
2023-05-24,12.26,12.26,12.1,12.16,26178
2023-05-25,12.14,12.15,11.88,11.96,40819
2023-05-26,11.97,12.26,11.91,12.24,39964
2023-05-29,12.27,12.33,12.11,12.21,35311
2023-05-30,12.22,12.34,12.03,12.19,29166
2023-05-31,12.19,12.23,12.11,12.17,26004
2023-06-01,12.17,12.22,12.07,12.13,24361
2023-06-02,12.14,12.27,12.09,12.25,31112
2023-06-05,12.24,12.29,12.16,12.17,28742
2023-06-06,12.19,12.19,11.9,11.93,37877
2023-06-07,11.93,11.95,11.75,11.75,31029
2023-06-08,11.77,11.85,11.4,11.72,66387
2023-06-09,11.68,11.8,11.6,11.66,26054
2023-06-12,11.67,11.73,11.51,11.61,34611
2023-06-13,11.6,11.65,11.4,11.42,46884
2023-06-14,11.44,11.68,11.36,11.55,39778
2023-06-15,11.55,11.6,11.47,11.58,21034
2023-06-16,11.6,11.74,11.56,11.67,28145
2023-06-19,11.67,11.69,11.52,11.52,29397
2023-06-20,11.75,11.82,11.47,11.48,53733
2023-06-21,11.46,11.55,11.37,11.4,32439
2023-06-26,11.38,11.38,11.2,11.2,36118
2023-06-27,11.23,11.41,11.2,11.36,24842
2023-06-28,11.36,11.46,11.24,11.3,23952
2023-06-29,11.3,11.4,11.28,11.36,20722
2023-06-30,11.36,11.63,11.36,11.62,37362
2023-07-03,11.59,11.72,11.58,11.62,25038
2023-07-04,11.62,11.75,11.57,11.7,26525
2023-07-05,11.68,11.73,11.66,11.68,15714
2023-07-06,11.71,11.84,11.66,11.75,30695
2023-07-07,11.75,11.8,11.63,11.66,18786
2023-07-10,11.69,11.81,11.67,11.76,22939
2023-07-11,11.76,11.82,11.71,11.78,15971
2023-07-12,11.8,11.81,11.69,11.74,25912
2023-07-13,11.78,11.88,11.78,11.82,26289
2023-07-14,11.79,11.85,11.75,11.77,16105
2023-07-17,11.73,11.74,11.55,11.66,25908
2023-07-18,11.66,11.75,11.64,11.74,20244
2023-07-19,11.76,11.79,11.65,11.69,23471
2023-07-20,11.71,11.78,11.65,11.68,27096
2023-07-21,11.68,11.82,11.63,11.79,27593
2023-07-24,11.79,11.87,11.72,11.79,21558
2023-07-25,11.86,11.89,11.79,11.89,31893
2023-07-26,11.92,11.93,11.84,11.92,27461
2023-07-27,11.9,12.0,11.89,11.92,26089
2023-07-28,11.89,12.08,11.88,12.07,30580
2023-07-31,12.1,12.2,12.03,12.11,43365
2023-08-01,12.12,12.16,12.04,12.06,29948
2023-08-02,12.05,12.07,11.88,11.91,37886
2023-08-03,11.93,12.5,11.92,12.35,107319
2023-08-04,12.43,12.54,12.21,12.21,56509
2023-08-07,12.2,12.26,11.97,12.01,47799
2023-08-08,11.95,11.95,11.64,11.81,65613
2023-08-09,11.85,12.18,11.84,12.1,69495
2023-08-10,12.06,12.07,11.77,11.78,54980
2023-08-11,11.87,12.23,11.81,11.92,82425
2023-08-14,11.9,12.02,11.56,11.79,70384
2023-08-15,11.8,11.87,11.66,11.75,34924
2023-08-16,11.73,11.98,11.62,11.63,44477
2023-08-17,11.63,11.7,11.46,11.62,42660
2023-08-18,11.59,11.68,11.44,11.44,36909
2023-08-21,11.45,11.55,11.31,11.31,25190
2023-08-22,11.3,11.42,10.91,11.18,69215
2023-08-23,11.39,11.64,11.18,11.18,52945
2023-08-24,11.16,11.37,11.03,11.25,33652
2023-08-25,11.22,11.36,11.15,11.18,36680
2023-08-28,11.54,11.66,11.14,11.18,54110
2023-08-29,11.17,11.46,11.14,11.45,45613
2023-08-30,11.43,11.56,11.42,11.48,38504
2023-08-31,11.45,11.6,11.35,11.57,39441
2023-09-01,11.57,11.64,11.52,11.59,21218
2023-09-04,11.62,11.69,11.57,11.6,43606
2023-09-05,11.58,11.65,11.56,11.58,25647
2023-09-06,11.61,11.61,11.5,11.58,20502
2023-09-07,11.61,11.62,11.46,11.47,21326
2023-09-08,11.52,11.57,11.43,11.48,27194
2023-09-11,11.48,11.66,11.47,11.63,55521
2023-09-12,11.66,11.88,11.62,11.78,45895
2023-09-13,11.75,11.78,11.52,11.61,54105
2023-09-14,11.62,11.65,11.53,11.62,28606
2023-09-15,11.66,11.83,11.64,11.78,49088
2023-09-18,11.75,11.85,11.65,11.76,61487
2023-09-19,11.77,11.93,11.6,11.68,54769
2023-09-20,11.66,11.73,11.45,11.45,50870
2023-09-21,11.47,11.49,11.22,11.26,56869
2023-09-22,11.28,11.34,11.05,11.31,62930
2023-09-25,11.27,11.44,11.21,11.35,69451
2023-09-26,11.36,11.36,11.19,11.22,41463
2023-09-27,11.23,11.57,11.21,11.53,59871
2023-09-28,11.5,11.59,11.42,11.43,41205
2023-10-09,11.43,11.47,11.23,11.33,41371
2023-10-10,11.33,11.37,11.08,11.09,54867
2023-10-11,11.11,11.36,11.04,11.07,105478
2023-10-12,11.1,11.34,11.1,11.28,72040
2023-10-13,11.28,11.42,11.2,11.33,53640
2023-10-16,11.34,11.44,11.12,11.17,44450
2023-10-17,11.15,11.17,10.84,10.99,79749
2023-10-18,10.94,10.96,10.72,10.76,59122
2023-10-19,10.7,10.87,10.6,10.73,68957
2023-10-20,10.65,10.66,10.35,10.39,71063
2023-10-23,10.31,10.39,10.09,10.24,74912
2023-10-24,10.24,10.33,10.1,10.23,61483
2023-10-25,10.23,10.28,10.16,10.21,56909
2023-10-26,10.18,10.33,10.01,10.3,64038
2023-10-27,10.27,10.58,10.12,10.54,62822
2023-10-30,10.5,10.77,10.49,10.63,55639
2023-10-31,10.65,10.72,10.58,10.65,44857
2023-11-01,10.68,10.75,10.55,10.68,42264
2023-11-02,10.7,10.75,10.61,10.61,33661
2023-11-03,10.59,10.72,10.59,10.63,30704
2023-11-06,10.67,10.8,10.66,10.78,43399
2023-11-07,10.82,10.83,10.66,10.68,36689
2023-11-08,10.71,10.79,10.65,10.71,34640
2023-11-09,10.72,10.81,10.58,10.6,39899
2023-11-10,10.6,10.75,10.45,10.61,31269
2023-11-13,10.65,10.73,10.53,10.57,35992
2023-11-14,10.56,10.64,10.5,10.55,32996
2023-11-15,10.6,10.67,10.58,10.61,51273
2023-11-16,10.61,10.61,10.4,10.43,46297
2023-11-17,10.43,10.63,10.37,10.61,57356
2023-11-20,10.6,10.79,10.58,10.78,60272
2023-11-21,10.78,10.83,10.7,10.74,37127
2023-11-22,10.71,10.75,10.66,10.66,27361
2023-11-23,10.63,10.78,10.63,10.78,34776
2023-11-24,10.74,10.85,10.72,10.82,37727
2023-11-27,10.81,10.84,10.62,10.65,38680
2023-11-28,10.65,10.78,10.53,10.78,38752
2023-11-29,10.75,10.81,10.68,10.7,26112
2023-11-30,10.69,10.72,10.62,10.67,28985
2023-12-01,10.74,10.74,10.62,10.7,29802
2023-12-04,10.75,10.76,10.56,10.67,48132
2023-12-05,10.64,10.69,10.52,10.53,47539
2023-12-06,10.53,10.65,10.48,10.58,29796
2023-12-07,10.6,10.6,10.42,10.47,43940
2023-12-08,10.46,10.54,10.38,10.38,46078
2023-12-11,10.36,10.53,10.2,10.49,45639
2023-12-12,10.48,10.61,10.44,10.55,36602
2023-12-13,10.58,11.2,10.55,11.06,154202
2023-12-14,11.1,12.11,11.08,11.48,301947
2023-12-15,11.44,11.71,11.22,11.29,173993
2023-12-18,11.25,11.36,10.9,10.98,140296
2023-12-19,10.98,11.47,10.85,11.2,149112
2023-12-20,11.18,11.3,11.03,11.06,69693
2023-12-21,11.04,11.94,10.96,11.92,234952
2023-12-22,11.87,11.9,11.37,11.49,214021
2023-12-25,11.44,11.85,11.44,11.73,140123
2023-12-26,11.74,11.75,11.5,11.57,83536
2023-12-27,11.58,11.77,11.47,11.61,88902
2023-12-28,11.56,11.77,11.38,11.65,118013
2023-12-29,11.69,12.0,11.61,11.81,116915
2024-01-02,11.8,11.81,11.6,11.68,79044
2024-01-03,11.69,11.75,11.5,11.59,61165
2024-01-04,11.57,11.63,11.42,11.44,51175
2024-01-05,11.41,11.46,11.23,11.26,52622
2024-01-08,11.25,11.3,10.98,11.02,57809
2024-01-09,11.02,11.31,10.95,11.2,56427
2024-01-10,11.17,11.18,10.97,11.0,46468
2024-01-11,11.02,11.19,10.87,11.1,61481
2024-01-12,11.3,11.79,11.3,11.31,147757
2024-01-15,11.25,11.6,11.17,11.47,96097
2024-01-16,11.42,11.72,11.4,11.61,90807
2024-01-17,11.58,11.66,11.31,11.34,61130
2024-01-18,11.28,11.3,10.85,11.17,84646
2024-01-19,11.16,11.3,11.0,11.0,53054
2024-01-22,11.0,11.0,10.15,10.17,94357
2024-01-23,10.11,10.18,9.87,10.08,65054
2024-01-24,10.09,10.25,9.7,10.12,53650
2024-01-25,10.11,10.43,10.03,10.39,46658
2024-01-26,10.4,10.5,10.2,10.29,41570
2024-01-29,10.33,10.37,9.73,9.76,72565
2024-01-30,9.75,9.78,9.25,9.25,87920
2024-01-31,9.23,9.48,9.11,9.2,87430
2024-02-01,9.2,9.61,9.01,9.13,77982
2024-02-02,9.1,9.19,8.15,8.52,112532
2024-02-05,8.42,8.42,7.67,7.98,106202
2024-02-06,7.66,8.72,7.58,8.49,110731
2024-02-07,8.55,9.16,8.4,9.14,106607
2024-02-08,9.15,9.82,9.15,9.42,105022
2024-02-19,9.43,9.58,9.11,9.23,79374
2024-02-20,9.2,9.29,9.06,9.24,47209
2024-02-21,9.23,9.56,9.11,9.24,70424
2024-02-22,9.21,9.33,9.13,9.27,47981
2024-02-23,9.26,9.38,9.16,9.38,48743
2024-02-26,9.42,9.61,9.3,9.42,61856
2024-02-27,9.43,9.6,9.38,9.6,51214
2024-02-28,9.62,9.98,9.19,9.19,102684
2024-02-29,9.21,9.49,9.18,9.44,52449
2024-03-01,9.44,9.49,9.3,9.4,45887
2024-03-04,9.44,9.53,9.29,9.42,45050
2024-03-05,9.41,9.41,9.25,9.3,40498
2024-03-06,9.28,9.39,9.19,9.3,45047
2024-03-07,9.3,9.35,9.0,9.09,52111
2024-03-08,9.02,9.16,9.01,9.11,36312
2024-03-11,9.13,9.34,9.09,9.3,47104
2024-03-12,9.32,9.53,9.31,9.52,59124
2024-03-13,9.56,9.56,9.33,9.43,53169
2024-03-14,9.45,9.6,9.29,9.39,63259
2024-03-15,9.37,9.48,9.36,9.45,33814
2024-03-18,9.49,9.69,9.4,9.67,55693
2024-03-19,9.66,9.7,9.57,9.6,38208
2024-03-20,9.59,9.72,9.56,9.69,42640
2024-03-21,10.22,10.33,9.81,9.93,178632
2024-03-22,10.0,10.1,9.67,9.81,100383
2024-03-25,9.75,9.8,9.48,9.49,63089
2024-03-26,9.44,9.59,9.35,9.51,46040
2024-03-27,9.5,9.93,9.46,9.69,116822
2024-03-28,9.61,9.76,9.35,9.71,93821
2024-03-29,9.66,9.77,9.54,9.72,68768
2024-04-01,9.75,9.97,9.75,9.96,80430
2024-04-02,9.96,10.31,9.93,10.3,116399
2024-04-03,10.24,10.27,10.0,10.11,82587
2024-04-08,10.11,10.28,9.99,10.07,72093
2024-04-09,10.02,10.21,9.98,10.19,47561
2024-04-10,10.19,10.19,9.94,10.0,50403
2024-04-11,9.99,10.18,9.93,10.08,47857
2024-04-12,10.05,11.05,10.05,10.7,267128
2024-04-15,10.5,10.6,9.95,10.15,212746
2024-04-16,10.22,11.2,10.12,10.99,394665
2024-04-17,10.78,11.2,10.62,11.2,363665
2024-04-18,10.93,10.97,10.52,10.69,246912
2024-04-19,10.58,10.96,10.52,10.67,160919
2024-04-22,10.53,11.16,10.45,11.02,225438
2024-04-23,10.82,11.01,10.75,10.86,125400
2024-04-24,10.8,10.96,10.72,10.86,112702
2024-04-25,10.86,11.25,10.86,10.97,192155
2024-04-26,10.9,10.93,10.58,10.79,161229
2024-04-29,10.79,11.32,10.79,11.31,265439
2024-04-30,11.31,11.96,11.25,11.41,313397
2024-05-06,11.83,12.79,11.67,12.79,557722
2024-05-07,12.9,13.85,12.58,13.2,667749
2024-05-08,12.82,13.27,12.65,12.98,511027
2024-05-09,12.87,13.6,12.77,13.47,624620
2024-05-10,13.28,14.37,12.55,12.64,750495
2024-05-13,12.57,12.9,12.21,12.34,470700
2024-05-14,12.24,12.73,12.23,12.36,276704
2024-05-15,12.26,12.28,11.86,11.9,269766
2024-05-16,11.9,12.03,11.82,11.96,187306
2024-05-17,11.85,11.93,11.59,11.71,241148
2024-05-20,11.71,11.99,11.66,11.93,209031
2024-05-21,11.85,11.87,11.49,11.56,198248
2024-05-22,11.53,11.7,11.36,11.43,163742
2024-05-23,11.4,11.51,11.05,11.13,190722
2024-05-24,11.18,11.32,10.98,11.1,171048
2024-05-27,11.1,11.28,10.98,11.26,135404
2024-05-28,11.2,11.22,10.95,10.97,130759
2024-05-29,10.97,11.07,10.9,10.96,91809
2024-05-30,10.99,11.49,10.88,11.31,264600
2024-05-31,11.33,12.03,11.32,11.83,367145
2024-06-03,11.78,11.94,11.41,11.52,210484
2024-06-04,11.45,11.75,11.32,11.47,186568
2024-06-05,11.44,11.66,11.26,11.51,185393
2024-06-06,11.54,11.85,10.96,11.08,261048
2024-06-07,11.1,11.33,11.01,11.25,129290
2024-06-11,11.17,11.28,11.01,11.24,80246
2024-06-12,11.21,11.49,11.05,11.38,127860
2024-06-13,11.33,11.36,11.06,11.19,109736
2024-06-14,11.18,11.81,11.05,11.74,256198
2024-06-17,11.65,11.7,11.32,11.57,224823
2024-06-18,11.6,12.03,11.52,11.9,229483
2024-06-19,11.91,12.3,11.91,12.02,229549
2024-06-20,12.06,12.37,11.74,11.98,208442
2024-06-21,11.97,12.37,11.75,12.2,189049
2024-06-24,12.23,12.84,11.85,12.64,401187
2024-06-25,13.68,14.95,12.93,14.49,1157066
2024-06-26,14.28,15.56,13.59,14.64,1196074
2024-06-27,14.3,14.59,13.87,14.2,740934
2024-06-28,14.3,14.98,14.15,14.34,865722
2024-07-01,14.59,15.5,13.92,15.18,912499
2024-07-02,14.88,17.0,14.7,16.19,1107006
2024-07-03,16.62,17.41,16.1,16.25,1024878
2024-07-04,16.25,16.67,15.69,15.89,826966
2024-07-05,15.97,16.32,14.81,15.27,876857
2024-07-08,15.1,15.19,14.11,14.5,852621
2024-07-09,14.46,14.82,14.17,14.8,695532
2024-07-10,14.55,14.6,14.0,14.06,628591
2024-07-11,14.22,14.87,14.06,14.58,675487
2024-07-12,14.45,14.78,14.04,14.45,586025
2024-07-15,14.25,14.28,13.45,13.8,460175
2024-07-16,13.71,14.56,13.66,14.51,495012
2024-07-17,14.63,15.35,14.59,15.08,644112
2024-07-18,14.92,15.88,14.73,15.73,623249
2024-07-19,15.69,17.22,15.69,16.79,791653
2024-07-22,16.51,17.33,16.11,16.73,622364
2024-07-23,17.17,18.18,16.54,16.79,962921
2024-07-24,16.56,17.33,16.05,16.18,787491
2024-07-25,16.01,16.37,15.6,15.75,551349
2024-07-26,15.6,16.84,15.59,15.89,481404
2024-07-29,16.16,16.24,15.19,15.7,475957
2024-07-30,16.04,16.19,15.24,15.34,467144
2024-07-31,15.15,16.51,14.83,16.23,600077
2024-08-01,16.3,17.1,15.98,16.03,610021
2024-08-02,16.08,16.45,15.62,15.63,472081
2024-08-05,15.47,15.88,14.69,14.7,507945
2024-08-06,15.04,15.19,14.7,14.96,349324
2024-08-07,14.88,15.85,14.74,15.17,469846
2024-08-08,15.8,17.02,15.57,16.5,1030678
2024-08-09,16.15,16.15,14.89,14.91,777361
2024-08-12,14.86,15.08,14.35,14.49,391917
2024-08-13,14.42,14.51,14.1,14.35,268858
2024-08-14,14.43,14.52,14.05,14.05,220013
2024-08-15,14.05,14.61,14.05,14.39,291900
2024-08-16,14.26,14.65,14.1,14.29,260435
2024-08-19,14.13,14.73,13.85,14.3,279888
2024-08-20,14.56,14.78,14.25,14.36,294994
2024-08-21,14.23,14.56,13.73,13.78,326172
2024-08-22,13.89,13.97,13.3,13.47,281227
2024-08-23,13.44,13.68,13.26,13.53,188108
2024-08-26,13.08,13.29,12.91,13.23,244703
2024-08-27,13.15,13.37,13.13,13.19,131893
2024-08-28,13.16,13.3,13.07,13.14,117634
2024-08-29,13.11,13.33,12.91,13.17,141545
2024-08-30,13.11,13.53,12.91,13.26,178706
2024-09-02,13.23,13.49,12.79,12.8,189496
2024-09-03,12.78,12.93,12.43,12.52,216730
2024-09-04,12.42,12.55,12.26,12.29,165746
2024-09-05,12.37,12.81,12.31,12.63,198219
2024-09-06,12.66,12.69,12.15,12.21,146149
2024-09-09,12.17,12.38,12.07,12.1,108056
2024-09-10,12.17,12.25,11.91,12.08,107981
2024-09-11,12.06,12.26,11.95,12.22,153885
2024-09-12,12.27,12.54,12.12,12.16,189340
2024-09-13,12.16,12.63,12.12,12.24,224469
2024-09-18,12.3,12.49,12.11,12.23,152748
2024-09-19,12.32,12.55,12.13,12.48,185782
2024-09-20,12.4,12.89,12.16,12.72,250205
2024-09-23,12.63,12.63,12.42,12.47,162717
2024-09-24,12.7,12.82,12.45,12.79,316894
2024-09-25,12.68,13.09,12.65,12.68,350815
2024-09-26,12.6,12.9,12.39,12.9,328585
2024-09-27,12.98,13.95,12.91,13.7,455671
2024-09-30,14.12,15.8,13.8,15.68,649553
2024-10-08,18.46,18.46,15.68,16.78,849430
2024-10-09,16.2,16.29,14.54,14.59,602965
2024-10-10,14.66,15.25,14.47,14.47,432202
2024-10-11,14.47,14.49,13.66,13.81,303805
2024-10-14,13.88,14.35,13.73,14.35,270680
2024-10-15,14.25,14.49,14.05,14.08,231984
2024-10-16,13.9,14.43,13.71,14.23,203984
2024-10-17,14.22,15.17,14.22,14.89,424205
2024-10-18,14.57,15.3,14.25,14.91,566497
2024-10-21,14.82,14.93,14.44,14.92,450510
2024-10-22,14.8,15.38,14.66,15.07,427679
2024-10-23,15.01,15.09,14.7,14.77,295569
2024-10-24,14.83,15.48,14.83,15.03,430330
2024-10-25,14.88,15.95,14.86,15.95,629861
2024-10-28,15.7,15.78,15.5,15.63,411371
2024-10-29,15.56,15.68,15.0,15.08,333480
2024-10-30,15.01,15.22,14.77,15.11,234182
2024-10-31,14.96,15.08,14.68,14.7,291833
2024-11-01,14.51,15.32,14.51,14.91,393022
2024-11-04,14.83,15.33,14.68,15.05,241792
2024-11-05,15.09,15.58,15.02,15.34,336055
2024-11-06,15.33,15.5,15.02,15.13,358026
2024-11-07,16.01,17.25,15.79,16.71,921714
2024-11-08,16.58,16.67,16.11,16.2,605995
2024-11-11,16.2,16.39,15.96,16.37,378684
2024-11-12,16.39,17.0,16.19,16.45,480183
2024-11-13,16.35,16.41,15.69,16.0,349612
2024-11-14,16.06,16.28,15.61,15.67,230549
2024-11-15,15.65,15.89,15.3,15.33,208691
2024-11-18,15.4,15.48,14.43,14.6,256995
2024-11-19,14.61,15.09,14.53,15.09,178718
2024-11-20,14.92,15.24,14.86,15.11,179360
2024-11-21,15.12,15.14,14.77,14.94,156463
2024-11-22,14.92,15.63,14.8,14.81,328987
2024-11-25,14.8,14.89,14.23,14.52,177877
2024-11-26,14.55,15.09,14.47,14.48,127812
2024-11-27,14.4,14.58,14.0,14.58,154806
2024-11-28,14.56,14.65,14.38,14.42,111964
2024-11-29,14.67,15.12,14.5,14.91,215235
2024-12-02,15.28,15.64,15.08,15.21,258910
2024-12-03,15.34,16.13,15.21,15.87,422577
2024-12-04,15.71,16.06,15.32,15.5,273138
2024-12-05,15.33,15.49,14.97,15.37,199934
2024-12-06,15.3,15.38,15.01,15.25,171585
2024-12-09,15.33,15.53,15.19,15.24,159717
2024-12-10,15.64,15.74,15.26,15.33,255604
2024-12-11,15.3,15.72,15.27,15.64,193095
2024-12-12,15.6,15.97,15.51,15.94,232854
2024-12-13,15.89,16.15,15.63,15.81,246467
2024-12-16,15.77,15.91,15.36,15.44,151127
2024-12-17,15.48,15.53,15.04,15.07,137183
2024-12-18,15.1,15.76,15.0,15.43,193716
2024-12-19,15.26,15.75,15.23,15.71,170035
2024-12-20,15.67,15.77,15.41,15.5,135708
2024-12-23,15.53,15.59,15.05,15.11,143746
2024-12-24,15.11,15.26,15.01,15.17,98178
2024-12-25,15.19,15.25,14.73,14.87,119486
2024-12-26,14.82,14.97,14.73,14.88,99869
2024-12-27,14.89,15.48,14.87,15.2,178328
2024-12-30,15.16,15.4,15.06,15.21,112690
2024-12-31,15.19,15.27,14.65,14.66,138384
2025-01-02,14.66,14.93,14.35,14.52,123137
2025-01-03,14.52,14.65,14.18,14.24,100990
2025-01-06,14.25,14.39,14.04,14.23,80746
2025-01-07,14.25,14.42,13.92,14.42,86821
2025-01-08,14.38,14.45,13.9,14.2,99732
2025-01-09,14.11,14.38,13.95,14.34,78231
2025-01-10,14.26,14.47,14.16,14.4,123021
2025-01-13,14.31,14.49,13.94,14.38,92039
2025-01-14,13.94,14.76,13.58,14.62,317038
2025-01-15,14.37,14.49,14.08,14.09,164535
2025-01-16,14.11,14.29,13.93,13.99,99281
2025-01-17,13.96,14.06,13.77,13.98,81750
2025-01-20,14.06,14.25,13.99,14.02,85183
2025-01-21,14.06,14.1,13.78,13.85,91169
2025-01-22,13.81,13.88,13.68,13.81,70904
2025-01-23,13.91,14.05,13.69,13.7,84270
2025-01-24,13.76,13.8,13.63,13.72,70542
2025-01-27,13.8,14.03,13.69,13.8,73031
2025-02-05,13.84,14.17,13.71,14.07,132635
2025-02-06,14.04,14.31,13.97,14.29,112226
2025-02-07,14.26,14.36,14.07,14.23,125690
2025-02-10,14.2,14.45,14.16,14.39,107267
2025-02-11,14.39,14.49,14.18,14.32,77725
2025-02-12,14.3,14.35,14.15,14.24,85979
2025-02-13,14.3,14.47,14.18,14.29,83145
2025-02-14,14.28,14.75,14.21,14.62,168289
2025-02-17,14.7,14.71,14.45,14.53,94432
2025-02-18,14.53,14.53,13.95,13.98,96875
2025-02-19,14.01,14.05,13.83,14.02,109372
2025-02-20,14.02,14.22,13.95,14.03,102597
2025-02-21,14.05,14.14,13.87,13.96,113847
2025-02-24,13.89,14.36,13.88,14.1,130151
2025-02-25,14.11,14.29,13.88,13.91,95910
2025-02-26,13.93,14.6,13.93,14.58,245834
2025-02-27,14.59,14.59,14.23,14.47,104335
2025-02-28,14.43,14.6,14.15,14.2,104645
2025-03-03,14.22,14.71,14.15,14.47,110585
2025-03-04,14.47,14.61,14.33,14.59,73443
2025-03-05,14.55,14.6,14.41,14.45,56218
2025-03-06,14.5,15.26,14.49,15.21,283991
2025-03-07,15.14,15.3,15.0,15.12,125474
2025-03-10,15.21,15.67,15.13,15.5,201899
2025-03-11,15.5,16.28,15.47,16.1,317435
2025-03-12,16.05,16.11,15.7,15.96,229125
2025-03-13,15.86,16.15,15.47,15.6,247703
2025-03-14,15.55,16.11,15.33,15.75,220906
2025-03-17,15.78,15.97,15.38,15.45,198830
2025-03-18,15.5,15.63,15.3,15.39,112523
2025-03-19,15.39,15.83,15.37,15.52,129803
2025-03-20,15.46,15.46,15.04,15.07,139213
2025-03-21,15.07,15.12,14.71,14.8,137596
2025-03-24,14.91,14.96,14.41,14.66,126720
2025-03-25,14.59,14.59,13.83,14.07,276668
2025-03-26,14.02,14.29,14.0,14.08,128046
2025-03-27,14.01,14.67,14.0,14.49,184755
2025-03-28,14.4,14.6,14.27,14.28,120754
2025-03-31,14.21,14.27,13.6,13.74,182317
2025-04-01,13.81,14.44,13.67,14.08,183548
2025-04-02,14.06,14.21,13.96,14.13,92944
2025-04-03,14.05,14.38,13.94,14.2,117983
2025-04-07,13.5,13.66,11.61,12.07,253762
2025-04-08,12.43,13.08,12.19,12.54,180515
2025-04-09,12.36,12.87,11.58,12.74,173943
2025-04-10,12.88,13.69,12.88,13.69,233582
2025-04-11,13.49,14.09,13.38,13.98,249517
2025-04-14,14.0,14.13,13.73,13.83,165268
2025-04-15,13.73,14.15,13.61,13.81,135487
2025-04-16,13.73,14.46,13.54,13.85,208430
2025-04-17,13.8,13.98,13.66,13.82,114851
2025-04-18,13.61,14.65,13.5,14.36,367562
2025-04-21,14.5,14.7,14.1,14.31,285670
2025-04-22,14.32,14.8,14.13,14.63,237028
2025-04-23,14.76,16.1,14.65,15.71,604649
2025-04-24,16.21,16.86,15.85,15.95,749112
2025-04-25,16.0,16.1,15.15,15.25,523055
2025-04-28,15.11,15.41,14.6,15.2,329796
2025-04-29,15.03,15.3,14.93,14.96,172666
2025-04-30,14.98,15.23,14.54,15.15,234473
2025-05-06,15.12,15.65,15.12,15.29,235166
2025-05-07,15.43,16.0,15.42,15.59,309829
2025-05-08,15.75,16.25,15.61,15.66,256632
2025-05-09,15.72,15.93,15.47,15.58,212746
2025-05-12,15.6,15.75,15.0,15.58,255519
2025-05-13,15.58,16.22,15.57,16.01,291846
2025-05-14,16.2,17.06,15.99,16.51,503127
2025-05-15,16.55,16.68,15.8,15.84,313346
2025-05-16,15.76,16.3,15.63,16.12,238025
2025-05-19,15.89,16.0,15.28,15.51,265920
2025-05-20,15.46,15.74,15.39,15.43,194638
2025-05-21,15.4,15.67,15.26,15.3,168444
2025-05-22,15.23,15.64,15.11,15.31,126817
2025-05-23,15.29,15.44,14.95,14.95,166561
2025-05-26,14.7,14.91,14.23,14.82,241277
2025-05-27,14.8,15.0,14.64,14.74,148734
2025-05-28,14.74,14.89,14.58,14.62,86225
2025-05-29,14.64,14.89,14.54,14.82,105491
2025-05-30,14.83,15.02,14.66,14.71,156007
2025-06-03,14.61,15.28,14.6,15.1,159289
2025-06-04,15.05,15.18,14.91,15.12,99033
2025-06-05,15.12,15.14,14.74,14.79,135985
2025-06-06,14.84,14.88,14.63,14.7,76088
2025-06-09,14.7,14.86,14.55,14.58,142632
2025-06-10,14.6,14.73,14.32,14.55,147899
2025-06-11,14.51,14.73,14.5,14.68,106166
2025-06-12,14.61,14.76,14.47,14.69,119482
2025-06-13,14.63,14.67,13.88,13.88,358713
2025-06-16,13.9,13.95,13.63,13.7,146806
2025-06-17,13.72,13.91,13.66,13.69,111397
2025-06-18,13.63,13.95,13.53,13.92,133511
2025-06-19,13.92,14.41,13.86,13.9,207511
2025-06-20,13.85,13.95,13.62,13.66,101388
2025-06-23,13.6,13.79,13.5,13.67,90619
2025-06-24,13.69,13.97,13.67,13.95,103545
2025-06-25,13.98,14.6,13.98,14.32,301608
2025-06-26,14.68,15.1,14.03,14.08,326140
2025-06-27,14.13,15.08,14.08,14.9,417540
2025-06-30,15.35,15.68,14.91,15.21,642664
2025-07-01,15.0,15.43,14.87,15.4,377386
2025-07-02,15.29,15.68,14.98,15.18,327525
2025-07-03,15.02,15.26,14.99,15.1,200466
2025-07-04,15.3,15.72,15.08,15.26,411024
2025-07-07,15.21,15.42,15.05,15.12,232035
2025-07-08,15.06,15.54,15.0,15.36,345709
2025-07-09,15.32,15.39,15.0,15.09,259626
2025-07-10,15.05,15.94,14.94,15.7,489874
2025-07-11,15.54,15.67,15.36,15.43,268635
2025-07-14,15.44,16.06,15.44,15.73,396064
2025-07-15,15.56,15.61,15.12,15.34,313549
2025-07-16,15.3,15.94,15.18,15.89,437524
2025-07-17,15.85,16.37,15.8,16.11,388110
2025-07-18,16.06,16.16,15.73,15.97,238177
2025-07-21,15.99,16.58,15.91,16.54,407984
2025-07-22,16.42,16.81,16.28,16.49,292441
2025-07-23,16.4,16.62,16.1,16.31,281953
2025-07-24,16.31,16.71,16.05,16.71,344036
2025-07-25,16.7,17.35,16.56,16.64,418365
2025-07-28,16.65,16.75,16.34,16.45,229609
2025-07-29,16.41,16.49,16.2,16.39,225256
2025-07-30,16.33,16.55,16.11,16.29,252724
2025-07-31,16.28,16.44,15.96,16.05,209080
2025-08-01,16.0,16.3,15.83,15.88,185228
2025-08-04,15.74,15.9,15.54,15.87,164252
2025-08-05,15.84,15.92,15.69,15.86,129887
2025-08-06,15.86,15.99,15.64,15.74,163332
2025-08-07,15.71,15.76,15.37,15.7,225663
2025-08-08,15.61,15.81,15.56,15.69,144702
2025-08-11,15.61,15.73,15.59,15.68,153988
2025-08-12,15.71,15.78,15.38,15.55,189477
2025-08-13,15.56,15.88,15.53,15.77,211094
2025-08-14,15.85,15.85,15.36,15.39,189167
2025-08-15,15.41,15.96,15.38,15.96,273376
2025-08-18,15.5,15.84,15.24,15.81,395871
2025-08-19,15.82,15.92,15.53,15.59,287828
2025-08-20,15.59,15.69,15.4,15.52,177882
2025-08-21,15.52,15.75,15.4,15.61,230986
2025-08-22,15.52,15.67,15.33,15.62,265006
2025-08-25,15.62,15.94,15.61,15.88,339782
2025-08-26,15.84,16.39,15.78,15.92,374756
2025-08-27,15.93,16.03,15.24,15.26,325976
2025-08-28,15.3,15.47,14.92,15.24,203824
2025-08-29,15.24,15.38,15.06,15.08,183241
2025-09-01,15.1,15.15,14.73,14.85,246022
2025-09-02,14.86,14.95,14.41,14.53,199514
2025-09-03,14.72,14.72,14.34,14.37,120352
2025-09-04,14.46,14.61,14.16,14.41,175205
2025-09-05,14.49,14.7,14.35,14.59,135118
2025-09-08,14.6,14.7,14.49,14.63,118137
2025-09-09,14.62,14.62,14.28,14.37,112670
2025-09-10,14.3,14.43,14.25,14.35,63686
2025-09-11,14.29,14.51,14.14,14.5,108539
2025-09-12,14.5,14.51,14.33,14.42,98700
2025-09-15,14.42,14.44,14.26,14.33,90033
2025-09-16,14.33,14.48,14.15,14.44,108178
2025-09-17,14.49,14.88,14.46,14.69,180980
2025-09-18,14.69,14.69,14.22,14.3,165687
2025-09-19,14.27,14.35,14.1,14.18,92622
2025-09-22,14.28,14.28,14.1,14.12,73987
2025-09-23,14.12,14.3,13.71,13.88,117943
2025-09-24,13.85,14.14,13.8,14.13,77313
2025-09-25,14.16,14.19,14.06,14.12,75157
2025-09-26,14.13,14.37,13.96,14.3,113601
2025-09-29,14.33,14.5,14.2,14.3,114340
2025-09-30,14.27,14.32,14.07,14.13,94183
2025-10-09,14.12,14.32,14.05,14.29,124008
2025-10-10,14.23,14.36,14.17,14.28,86042
2025-10-13,13.9,14.04,13.83,14.01,92314
2025-10-14,14.04,14.11,13.88,13.88,100026
2025-10-15,13.89,14.09,13.83,14.09,73001
2025-10-16,14.08,14.19,13.94,13.99,77908
2025-10-17,14.02,14.05,13.83,14.01,77548
2025-10-20,13.82,13.82,13.41,13.49,150743
2025-10-21,13.5,13.62,13.37,13.54,75015
2025-10-22,13.5,13.65,13.43,13.44,69106
2025-10-23,13.42,13.44,13.16,13.31,102688
2025-10-24,13.34,13.92,13.3,13.62,117211
2025-10-27,13.61,13.93,13.6,13.7,101457
2025-10-28,13.74,14.0,13.63,13.9,106627
2025-10-29,13.95,13.99,13.81,13.9,69153
2025-10-30,13.91,13.91,13.58,13.6,74792
2025-10-31,13.69,13.85,13.63,13.79,68152
2025-11-03,13.9,13.9,13.69,13.76,53566
2025-11-04,13.75,13.75,13.55,13.62,50543
2025-11-05,13.52,13.67,13.52,13.62,39698
2025-11-06,13.64,13.66,13.57,13.61,46187
2025-11-07,13.59,13.84,13.56,13.84,98590
2025-11-10,13.89,14.06,13.82,14.04,103898
2025-11-11,14.02,14.19,14.01,14.1,110403
2025-11-12,14.15,14.22,14.04,14.09,82686
2025-11-13,14.08,14.27,14.02,14.24,100603
2025-11-14,14.17,14.27,14.09,14.1,96199
2025-11-17,14.07,14.14,13.83,14.0,89916
2025-11-18,13.98,14.21,13.93,14.03,93908
2025-11-19,14.07,14.43,13.95,14.26,172162
2025-11-20,14.28,14.31,13.84,13.87,116854
2025-11-21,13.83,13.93,13.43,13.58,98277
2025-11-24,13.61,13.71,13.41,13.55,72318
2025-11-25,13.65,13.7,13.5,13.53,105277
2025-11-26,13.53,13.79,13.53,13.67,83899
2025-11-27,13.65,14.44,13.65,14.36,303481
2025-11-28,14.51,14.58,14.13,14.2,137212
2025-12-01,14.15,14.39,14.15,14.25,97602
2025-12-02,14.25,14.25,14.03,14.06,86759
2025-12-03,14.15,14.45,14.12,14.22,126420
2025-12-04,14.16,14.21,13.92,13.95,84980
2025-12-05,13.97,14.19,13.91,14.15,84831
2025-12-08,14.14,14.35,14.01,14.25,96001
2025-12-09,14.22,14.49,14.17,14.34,120298
2025-12-10,14.29,14.47,14.24,14.32,66368
2025-12-11,14.4,14.4,14.1,14.1,64268
2025-12-12,14.02,14.13,13.98,13.98,78018
2025-12-15,14.3,15.26,14.1,14.91,479769
2025-12-16,15.03,15.2,14.73,15.05,324479
2025-12-17,14.95,15.18,14.85,15.1,196655
2025-12-18,15.05,15.26,14.94,15.05,195517
2025-12-19,15.03,15.48,15.03,15.47,343295
2025-12-22,15.35,15.37,15.02,15.13,217186
2025-12-23,15.03,15.1,14.89,15.1,188139
2025-12-24,15.11,15.35,14.92,15.21,167555
2025-12-25,15.18,15.38,15.08,15.28,135185
2025-12-26,15.29,15.46,14.98,15.04,189875
2025-12-29,15.03,15.55,14.92,15.39,263024
2025-12-30,15.38,15.46,14.92,15.3,227416
2025-12-31,15.23,15.45,15.11,15.12,166559
2026-01-05,15.23,15.36,14.87,15.33,293110
2026-01-06,15.43,15.86,15.31,15.73,336854
2026-01-07,15.84,15.98,15.59,15.87,304083
2026-01-08,15.87,16.76,15.87,16.59,512952
2026-01-09,16.48,16.76,16.25,16.44,293392
2026-01-12,17.0,17.88,16.84,17.36,543163
2026-01-13,17.3,17.3,15.31,15.94,682265
2026-01-14,15.94,16.38,15.64,15.95,439114
2026-01-15,15.85,16.99,15.7,16.52,503017
2026-01-16,16.51,16.97,16.24,16.73,360034
2026-01-19,16.72,17.35,16.5,17.21,424991
2026-01-20,18.01,18.36,17.04,17.16,490286
2026-01-21,17.02,18.55,16.81,18.05,556405
2026-01-22,18.42,19.05,18.22,18.61,408858
2026-01-23,18.51,18.7,17.92,18.08,362361
2026-01-26,18.11,18.23,17.45,17.56,251337
2026-01-27,17.5,17.63,17.1,17.39,193425
2026-01-28,17.35,18.23,17.25,17.71,294214
2026-01-29,17.67,17.82,16.9,17.04,252191
2026-01-30,17.04,17.96,16.67,17.85,301378
2026-02-02,17.71,17.79,17.16,17.16,208046
2026-02-03,17.42,18.3,17.2,18.08,236975
2026-02-04,18.04,18.48,17.9,18.2,170718
2026-02-05,18.3,18.68,17.83,18.07,200003
2026-02-06,18.0,19.67,17.94,19.15,606193
2026-02-09,19.02,19.34,18.0,18.22,491487
2026-02-10,18.16,18.17,17.76,17.78,229018
2026-02-11,17.76,18.76,17.72,18.11,331081
2026-02-12,18.01,18.02,17.25,17.5,374721
2026-02-13,17.45,17.65,17.02,17.02,284576
2026-02-24,17.24,17.3,16.56,16.9,242963
2026-02-25,16.89,17.22,16.72,17.08,180867
2026-02-26,17.01,17.45,16.88,17.4,239733
2026-02-27,17.32,17.73,17.21,17.35,218014
2026-03-02,17.02,17.35,17.0,17.19,191090
2026-03-03,17.14,17.31,16.25,16.33,274712
2026-03-04,16.18,16.39,15.65,15.75,249897
2026-03-05,16.06,16.16,15.28,15.41,243471
2026-03-06,15.37,16.15,15.32,16.02,242469
2026-03-09,15.8,15.85,15.29,15.39,210239
2026-03-10,15.55,15.8,15.47,15.6,151247
2026-03-11,15.6,15.89,15.5,15.82,163401
2026-03-12,15.79,17.05,15.75,16.6,430175
2026-03-13,16.6,16.64,15.7,15.94,300955
2026-03-16,16.0,16.29,15.79,16.0,174189
2026-03-17,15.92,16.02,15.04,15.07,239796
2026-03-18,15.07,15.2,14.71,14.95,183161
2026-03-19,14.82,14.92,14.41,14.55,161516
2026-03-20,14.56,14.66,14.1,14.14,140116
2026-03-23,14.0,14.0,13.2,13.43,187727
2026-03-24,13.77,13.77,13.33,13.72,121874
2026-03-25,13.74,14.15,13.73,14.12,153189
2026-03-26,14.21,14.69,13.87,13.95,181565
2026-03-27,13.7,14.28,13.67,14.24,161578
2026-03-30,14.1,14.33,13.9,14.18,155320
2026-03-31,14.13,14.25,13.91,13.96,103046
2026-04-01,14.25,14.42,14.1,14.35,139542
2026-04-02,14.35,14.38,14.0,14.1,100256
2026-04-03,14.1,14.14,13.85,13.86,76969
2026-04-07,13.89,14.23,13.86,14.06,90043
2026-04-08,14.29,14.43,14.12,14.4,134454
2026-04-09,14.28,14.39,14.08,14.13,105885
2026-04-10,14.2,14.39,14.14,14.17,101685
2026-04-13,14.07,14.15,13.88,14.01,88014
2026-04-14,14.14,14.18,13.88,14.07,97825
2026-04-15,14.14,14.27,14.01,14.21,125349
2026-04-16,14.21,14.22,14.02,14.19,92470
2026-04-17,14.2,14.22,13.6,13.8,201848
2026-04-20,13.69,13.82,13.33,13.39,217856
2026-04-21,13.35,13.81,13.24,13.67,172302
2026-04-22,13.6,13.7,13.44,13.5,110845
2026-04-23,13.49,13.53,13.21,13.25,121037
2026-04-24,13.28,13.29,12.99,13.08,113977
2026-04-27,13.05,13.2,13.01,13.14,64964
2026-04-28,13.12,13.37,13.03,13.15,97343
2026-04-29,13.1,13.24,13.06,13.21,73981
