Date,Open,High,Low,Close,Volume
2015-08-13,18.16,18.16,17.65,17.85,705809
2015-08-14,17.91,17.95,17.68,17.74,619113
2015-08-17,17.58,17.65,17.2,17.33,858986
2015-08-18,17.34,17.47,16.68,16.8,1189512
2015-08-19,17.04,17.17,16.68,17.13,1208894
2015-08-20,16.92,16.97,16.71,16.81,733897
2015-08-21,16.71,16.95,16.22,16.54,1020363
2015-08-24,16.1,16.34,14.89,14.98,2195668
2015-08-25,14.51,15.34,14.01,14.71,1988658
2015-08-26,14.7,16.18,14.63,16.09,2498676
2015-08-27,16.38,17.7,15.81,17.63,2504205
2015-08-28,17.49,17.85,17.05,17.3,1977876
2015-08-31,17.17,17.24,16.62,17.05,1425547
2015-09-01,16.88,17.38,16.71,16.84,1776456
2015-09-02,16.45,17.08,16.3,16.77,1730112
2015-09-07,16.55,16.6,16.03,16.16,899923
2015-09-08,16.16,16.97,16.05,16.65,997443
2015-09-09,16.79,16.79,16.53,16.75,886455
2015-09-10,16.6,17.35,16.5,17.29,1419525
2015-09-11,17.1,17.31,16.97,17.12,588337
2015-09-14,17.1,18.41,16.75,18.35,2387285
2015-09-15,17.94,18.25,17.65,18.01,1596821
2015-09-16,17.9,18.21,17.48,17.88,924570
2015-09-17,17.7,18.12,17.52,17.56,724621
2015-09-18,17.52,17.96,17.52,17.71,557793
2015-09-21,17.6,17.75,17.41,17.57,510329
2015-09-22,17.65,18.1,17.52,17.96,612561
2015-09-23,17.8,18.13,17.58,17.73,478814
2015-09-24,17.88,17.89,17.41,17.52,400289
2015-09-25,17.5,17.87,17.22,17.72,464960
2015-09-28,17.56,17.67,17.47,17.51,212577
2015-09-29,17.25,17.51,17.25,17.44,301621
2015-09-30,17.5,17.91,17.39,17.77,548283
2015-10-08,18.2,18.26,17.6,17.73,491823
2015-10-09,17.95,18.2,17.83,17.96,309628
2015-10-12,17.96,18.28,17.79,18.19,608479
2015-10-13,18.16,18.24,18.01,18.06,430797
2015-10-14,17.86,18.1,17.81,17.85,289053
2015-10-15,17.93,18.51,17.8,18.34,791890
2015-10-16,18.4,18.79,18.33,18.58,673861
2015-10-19,18.56,18.56,18.19,18.25,556531
2015-10-20,18.3,18.41,18.05,18.22,378341
2015-10-21,18.18,18.98,18.02,18.69,891993
2015-10-22,18.42,18.48,18.22,18.29,432015
2015-10-23,18.26,18.36,18.08,18.19,463744
2015-10-26,18.33,18.35,17.98,18.07,651918
2015-10-27,18.08,18.13,17.88,18.04,374512
2015-10-28,17.96,17.99,17.82,17.86,355442
2015-10-29,17.85,17.93,17.8,17.81,271892
2015-10-30,17.79,18.08,17.78,17.93,434754
2015-11-02,17.78,18.04,17.78,17.83,275267
2015-11-03,17.84,18.06,17.84,17.9,342588
2015-11-04,17.97,18.39,17.85,18.36,623438
2015-11-05,18.3,19.08,18.18,18.57,1776024
2015-11-06,18.53,18.71,18.3,18.68,959101
2015-11-09,18.75,19.98,18.75,19.08,2026972
2015-11-10,18.85,18.99,18.56,18.64,859682
2015-11-11,18.64,18.64,18.31,18.44,501675
2015-11-12,18.55,18.57,18.17,18.27,435028
2015-11-13,18.13,18.34,18.09,18.14,359607
2015-11-16,18.01,18.17,17.93,18.1,341691
2015-11-17,18.2,18.45,18.08,18.14,586906
2015-11-18,18.23,18.45,18.0,18.16,470210
2015-11-19,18.08,18.25,18.05,18.2,327782
2015-11-20,18.15,18.29,18.11,18.15,362313
2015-11-23,18.16,18.34,18.12,18.19,476510
2015-11-24,18.23,18.23,17.7,17.88,622111
2015-11-25,17.85,17.85,17.56,17.73,661012
2015-11-26,17.79,17.92,17.5,17.53,637660
2015-11-27,17.51,17.51,16.9,17.04,679555
2015-11-30,17.07,17.32,16.98,17.2,550020
2015-12-01,17.28,17.28,16.91,17.11,397885
2015-12-02,17.13,17.99,17.05,17.91,1021647
2015-12-03,17.8,17.98,17.61,17.78,715160
2015-12-04,17.6,17.69,17.13,17.25,515445
2015-12-07,17.2,17.45,17.15,17.39,436895
2015-12-08,17.3,17.62,17.18,17.42,451801
2015-12-09,17.33,17.59,17.32,17.39,440671
2015-12-10,17.39,17.65,17.21,17.26,440717
2015-12-11,17.23,17.26,16.66,16.92,1141856
2015-12-14,16.75,17.09,16.5,17.06,941422
2015-12-15,17.03,17.06,16.9,17.03,461578
2015-12-16,17.08,17.09,16.87,16.96,307863
2015-12-17,17.0,17.12,16.95,17.1,501911
2015-12-18,17.09,18.06,17.04,17.52,1569866
2015-12-21,17.43,18.45,17.35,18.23,1526031
2015-12-22,18.14,18.32,18.06,18.27,940065
2015-12-23,18.28,18.71,18.17,18.19,1088429
2015-12-24,18.18,18.31,18.01,18.14,374092
2015-12-25,18.22,18.36,18.2,18.33,489263
2015-12-28,18.35,18.39,17.8,17.84,487379
2015-12-29,17.83,17.97,17.71,17.94,365775
2015-12-30,17.9,18.3,17.55,18.26,712666
2015-12-31,18.12,18.33,17.91,17.99,721649
2016-01-04,17.91,17.95,17.16,17.28,373406
2016-01-05,17.17,17.55,17.0,17.23,515778
2016-01-06,17.2,17.33,17.06,17.31,319827
2016-01-07,17.15,17.15,16.51,16.67,199815
2016-01-08,16.8,17.06,16.61,16.81,608228
2016-01-11,16.68,16.68,16.0,16.04,654912
2016-01-12,16.03,16.25,15.88,15.98,468282
2016-01-13,16.21,16.21,15.78,15.87,573436
2016-01-14,15.55,15.96,15.52,15.89,429630
2016-01-15,15.87,15.92,15.45,15.48,344216
2016-01-18,15.39,15.7,15.36,15.42,267351
2016-01-19,15.58,15.77,15.35,15.71,388352
2016-01-20,15.56,15.68,15.24,15.52,389307
2016-01-21,15.41,15.68,15.28,15.3,353224
2016-01-22,15.48,15.49,15.13,15.28,307008
2016-01-25,15.29,15.49,15.2,15.48,218440
2016-01-26,15.33,15.39,14.78,14.86,302086
2016-01-27,14.96,15.22,14.84,15.0,512688
2016-01-28,14.96,15.06,14.62,14.72,254779
2016-01-29,14.75,15.08,14.62,14.99,364675
2016-02-01,14.98,15.18,14.48,14.72,270356
2016-02-02,14.65,14.95,14.65,14.85,187778
2016-02-03,14.72,14.8,14.55,14.67,236608
2016-02-04,14.79,14.93,14.69,14.88,223193
2016-02-05,14.9,14.93,14.78,14.86,168854
2016-02-15,14.5,14.82,14.47,14.66,192908
2016-02-16,14.77,15.05,14.72,14.94,265698
2016-02-17,14.95,15.07,14.88,15.03,382855
2016-02-18,14.95,15.06,14.87,14.9,287652
2016-02-19,14.9,14.94,14.68,14.75,225154
2016-02-22,14.88,15.11,14.79,15.01,386407
2016-02-23,15.01,15.01,14.72,14.83,248628
2016-02-24,14.75,14.87,14.67,14.81,214751
2016-02-25,14.81,14.81,14.21,14.25,511306
2016-02-26,14.35,14.57,14.28,14.45,286840
2016-02-29,14.43,14.6,14.04,14.56,483185
2016-03-01,14.56,14.78,14.36,14.65,320288
2016-03-02,14.79,14.97,14.72,14.96,604563
2016-03-03,14.95,15.19,14.91,15.15,535119
2016-03-04,15.14,16.02,15.02,15.97,1644679
2016-03-07,15.9,16.0,15.65,15.78,410665
2016-03-08,15.78,15.99,15.21,15.96,452571
2016-03-09,15.73,16.08,15.41,16.05,742320
2016-03-10,15.82,15.98,15.65,15.66,198870
2016-03-11,15.59,15.78,15.42,15.76,327896
2016-03-14,15.78,16.04,15.65,15.72,314968
2016-03-15,15.81,15.99,15.6,15.86,355205
2016-03-16,15.88,16.45,15.79,16.42,1236575
2016-03-17,16.39,16.4,16.11,16.23,460711
2016-03-18,16.39,16.4,16.04,16.17,595777
2016-03-21,16.21,16.44,16.11,16.22,502538
2016-03-22,16.27,16.42,16.16,16.19,337420
2016-03-23,16.26,16.29,16.18,16.18,191400
2016-03-24,16.18,16.23,16.01,16.11,239908
2016-03-25,16.12,16.2,16.1,16.13,159293
2016-03-28,16.15,16.2,15.81,15.85,221376
2016-03-29,15.9,16.05,15.76,15.79,197165
2016-03-30,15.79,16.3,15.78,16.24,296755
2016-03-31,16.3,16.35,16.02,16.09,259496
2016-04-01,16.18,16.3,15.98,16.27,384883
2016-04-05,16.13,16.37,16.07,16.34,392969
2016-04-06,16.21,16.35,16.19,16.26,300726
2016-04-07,16.32,16.35,16.05,16.1,295563
2016-04-08,16.0,16.21,15.98,16.16,224398
2016-04-11,16.16,16.57,16.15,16.31,317808
2016-04-12,16.41,16.41,16.12,16.29,174564
2016-04-13,16.39,16.68,16.0,16.48,400469
2016-04-14,16.5,16.68,16.37,16.46,229842
2016-04-15,16.56,17.04,16.46,16.93,588338
2016-04-18,16.76,17.27,16.72,17.06,505233
2016-04-19,17.21,17.23,17.02,17.11,300796
2016-04-20,17.11,17.36,16.8,17.33,787483
2016-04-21,17.27,17.93,17.17,17.69,794121
2016-04-22,17.6,18.02,17.56,17.87,556256
2016-04-25,17.75,17.96,17.41,17.9,396678
2016-04-26,17.81,17.95,17.6,17.91,390217
2016-04-27,17.9,17.95,17.81,17.88,250716
2016-04-28,17.93,17.93,17.67,17.88,281958
2016-04-29,17.87,17.92,17.73,17.75,190016
2016-05-03,17.79,17.85,17.56,17.7,350537
2016-05-04,17.7,17.71,17.59,17.65,243888
2016-05-05,17.65,17.7,17.46,17.62,203051
2016-05-06,17.62,17.65,17.3,17.32,296660
2016-05-09,17.33,17.45,17.21,17.3,235980
2016-05-10,17.11,17.41,16.98,17.04,288015
2016-05-11,17.06,17.32,17.06,17.15,208071
2016-05-12,17.02,17.58,17.02,17.46,260792
2016-05-13,17.41,17.62,17.34,17.57,239121
2016-05-16,17.55,17.64,17.48,17.5,379999
2016-05-17,17.49,17.53,17.39,17.48,134986
2016-05-18,17.41,17.87,17.39,17.82,461743
2016-05-19,17.74,17.86,17.67,17.81,170978
2016-05-20,17.76,17.93,17.7,17.88,145028
2016-05-23,17.88,17.97,17.48,17.52,168499
2016-05-24,17.51,17.51,17.32,17.33,88256
2016-05-25,17.59,17.59,17.44,17.55,102917
2016-05-26,17.5,17.8,17.5,17.69,127883
2016-05-27,17.77,17.77,17.62,17.66,74144
2016-05-30,17.75,17.87,17.62,17.84,207546
2016-05-31,17.88,18.03,17.81,18.0,411391
2016-06-01,18.09,18.09,17.73,17.83,220137
2016-06-02,17.82,17.88,17.66,17.73,107553
2016-06-03,17.8,17.83,17.71,17.78,98526
2016-06-06,17.73,17.83,17.56,17.64,127704
2016-06-07,17.76,17.87,17.59,17.8,112504
2016-06-08,17.75,17.84,17.65,17.77,95149
2016-06-13,17.58,17.79,17.29,17.32,162207
2016-06-14,17.33,17.5,17.29,17.38,109535
2016-06-15,17.25,17.46,17.25,17.39,187358
2016-06-16,17.26,17.46,17.26,17.4,221139
2016-06-17,17.38,17.67,17.37,17.5,137602
2016-06-20,17.62,17.63,17.42,17.51,156972
2016-06-21,17.53,17.7,17.5,17.54,113271
2016-06-22,17.5,17.6,17.46,17.5,100673
2016-06-23,17.52,17.53,17.24,17.26,160611
2016-06-24,17.26,17.38,17.18,17.25,608599
2016-06-27,17.25,17.33,17.18,17.28,195077
2016-06-28,17.25,17.32,17.21,17.29,130116
2016-06-29,17.31,17.49,17.27,17.45,216736
2016-06-30,17.47,17.55,17.39,17.5,175405
2016-07-01,17.5,17.66,17.49,17.63,109878
2016-07-04,17.63,17.92,17.63,17.72,177033
2016-07-05,17.79,17.79,17.45,17.56,186123
2016-07-06,17.53,17.54,17.31,17.42,207506
2016-07-07,17.41,17.52,17.35,17.51,152675
2016-07-08,17.5,17.51,17.35,17.39,152161
2016-07-11,17.49,17.55,17.4,17.48,160142
2016-07-12,17.48,17.75,17.46,17.71,254320
2016-07-13,17.13,17.39,17.02,17.05,288970
2016-07-14,17.07,17.16,17.0,17.09,126895
2016-07-15,17.08,17.17,17.08,17.14,110715
2016-07-18,17.15,17.49,17.13,17.26,246652
2016-07-19,17.26,17.33,17.09,17.12,139798
2016-07-20,17.1,17.14,17.02,17.07,117152
2016-07-21,17.07,17.27,17.07,17.24,146024
2016-07-22,17.25,17.25,17.03,17.08,100294
2016-07-25,17.09,17.18,17.01,17.12,81011
2016-07-26,17.05,17.2,17.05,17.17,117383
2016-07-27,17.2,17.38,16.89,17.37,321173
2016-07-28,17.19,17.29,17.09,17.14,196314
2016-07-29,17.15,17.23,17.04,17.16,121919
2016-08-01,17.15,17.24,17.1,17.18,198993
2016-08-02,17.21,17.25,17.12,17.15,98296
2016-08-03,17.08,17.16,17.01,17.07,93585
2016-08-04,17.11,17.12,16.98,17.06,118194
2016-08-05,17.06,17.15,17.05,17.1,167656
2016-08-08,17.14,17.15,17.07,17.13,131510
2016-08-09,17.13,17.2,17.1,17.17,254387
2016-08-10,17.17,17.29,17.15,17.28,187677
2016-08-11,17.3,17.87,17.26,17.45,312363
2016-08-12,17.51,18.0,17.47,17.99,445161
2016-08-15,18.1,18.99,18.02,18.42,817392
2016-08-16,18.64,18.87,18.12,18.31,602743
2016-08-17,18.43,18.68,18.31,18.4,219080
2016-08-18,18.33,18.65,18.13,18.23,323838
2016-08-19,18.34,18.75,18.31,18.62,392548
2016-08-22,18.62,18.8,18.51,18.69,208213
2016-08-23,18.61,19.0,18.52,18.66,288232
2016-08-24,18.66,18.7,18.43,18.62,191409
2016-08-25,18.57,18.64,18.19,18.51,194665
2016-08-26,18.49,18.6,18.44,18.55,169207
2016-08-29,18.46,18.48,18.03,18.27,205365
2016-08-30,18.24,18.52,18.23,18.44,191189
2016-08-31,18.36,18.76,18.36,18.63,156107
2016-09-01,18.6,18.78,18.55,18.62,155452
2016-09-02,18.52,18.72,18.48,18.68,178617
2016-09-05,18.68,18.82,18.57,18.75,198655
2016-09-06,18.75,18.78,18.43,18.51,179394
2016-09-07,18.51,18.62,18.4,18.56,177063
2016-09-08,18.58,18.63,18.48,18.53,83202
2016-09-09,18.52,18.57,18.31,18.33,86709
2016-09-12,18.16,18.18,17.81,17.9,281284
2016-09-13,17.91,18.08,17.9,17.91,135417
2016-09-14,17.99,17.99,17.48,17.54,222197
2016-09-19,17.55,17.88,17.55,17.81,168202
2016-09-20,17.8,17.85,17.67,17.74,102510
2016-09-21,17.75,17.95,17.75,17.88,76723
2016-09-22,17.99,18.17,17.88,17.97,123548
2016-09-23,17.99,18.09,17.93,17.98,135532
2016-09-26,17.91,18.09,17.85,18.0,146998
2016-09-27,17.97,18.1,17.94,18.07,100013
2016-09-28,18.06,18.06,17.83,17.89,107347
2016-09-29,17.96,18.07,17.92,18.0,103093
2016-09-30,17.96,18.1,17.95,18.0,84308
2016-10-10,18.03,18.38,18.03,18.3,190939
2016-10-11,18.33,18.49,18.26,18.33,129294
2016-10-12,18.28,18.31,18.1,18.15,104800
2016-10-13,18.15,18.21,18.05,18.09,105598
2016-10-14,18.1,18.15,18.0,18.1,122385
2016-10-17,18.07,18.1,17.83,17.86,122381
2016-10-18,17.86,17.99,17.84,17.93,143019
2016-10-19,17.93,18.05,17.83,17.88,119301
2016-10-20,17.9,17.98,17.83,17.89,123579
2016-10-21,17.91,17.93,17.82,17.91,124364
2016-10-24,17.93,18.42,17.86,18.31,291560
2016-10-25,18.31,18.46,18.09,18.13,197582
2016-10-26,18.12,18.15,17.95,17.97,143368
2016-10-27,18.06,18.06,17.77,17.81,218250
2016-10-28,17.8,18.05,17.8,17.9,204116
2016-10-31,17.87,17.96,17.72,17.86,128933
2016-11-01,17.87,17.99,17.79,17.98,189405
2016-11-02,17.86,17.94,17.76,17.84,309536
2016-11-03,17.83,17.97,17.79,17.93,270810
2016-11-04,17.9,18.0,17.87,17.91,269388
2016-11-07,17.91,17.93,17.85,17.89,208258
2016-11-08,17.92,18.06,17.89,17.99,262349
2016-11-09,18.0,18.08,17.77,17.89,342438
2016-11-10,17.95,18.11,17.94,18.0,271170
2016-11-11,17.95,18.08,17.93,18.02,276349
2016-11-14,18.0,18.25,17.95,18.04,353541
2016-11-15,18.1,18.24,18.03,18.18,256507
2016-11-16,18.23,18.29,18.05,18.12,235213
2016-11-17,18.11,18.14,18.01,18.12,271773
2016-11-18,18.12,18.16,18.03,18.1,185515
2016-11-21,18.08,18.68,18.08,18.34,413476
2016-11-22,18.37,18.49,18.28,18.37,524920
2016-11-23,18.4,18.9,18.37,18.84,663515
2016-11-24,18.77,18.97,18.61,18.74,267502
2016-11-25,18.8,19.02,18.66,18.99,409433
2016-11-28,19.1,19.2,18.52,18.65,851465
2016-11-29,18.65,18.76,18.51,18.75,491080
2016-11-30,18.76,18.82,18.47,18.55,391298
2016-12-01,18.55,18.64,18.41,18.49,537990
2016-12-02,18.53,18.54,18.24,18.49,483921
2016-12-05,18.39,18.67,18.34,18.66,503518
2016-12-06,18.66,18.78,18.57,18.6,317291
2016-12-07,18.65,18.71,18.58,18.62,121672
2016-12-08,18.67,18.88,18.62,18.76,269307
2016-12-09,18.76,19.34,18.75,19.2,625821
2016-12-12,19.16,19.65,18.9,19.25,794882
2016-12-13,19.09,19.2,18.81,18.88,249332
2016-12-14,18.8,19.14,18.8,18.82,327807
2016-12-15,18.73,18.73,18.2,18.24,366125
2016-12-16,18.24,18.4,18.12,18.18,242168
2016-12-19,18.15,18.18,17.93,18.01,246245
2016-12-20,17.99,17.99,17.7,17.79,298002
2016-12-21,17.83,17.98,17.77,17.81,308684
2016-12-22,17.85,17.85,17.65,17.72,219231
2016-12-23,17.77,17.77,17.54,17.6,181082
2016-12-26,17.56,17.77,17.39,17.75,163431
2016-12-27,17.73,17.82,17.65,17.71,100908
2016-12-28,17.72,17.77,17.49,17.62,267872
2016-12-29,17.6,17.62,17.43,17.49,284392
2016-12-30,17.53,17.61,17.47,17.6,227260
2017-01-03,17.6,17.98,17.57,17.96,304583
2017-01-04,17.9,18.11,17.85,18.02,256657
2017-01-05,18.05,18.21,18.03,18.1,245639
2017-01-06,18.1,18.16,17.96,17.96,174879
2017-01-09,18.05,18.13,17.91,17.94,173460
2017-01-10,17.95,18.09,17.91,17.94,106682
2017-01-11,18.03,18.07,17.93,17.96,134290
2017-01-12,17.95,18.13,17.94,18.0,140959
2017-01-13,18.0,18.38,17.98,18.22,251179
2017-01-16,18.18,18.59,18.16,18.58,751047
2017-01-17,18.5,18.59,18.43,18.45,235660
2017-01-18,18.49,18.61,18.47,18.59,178796
2017-01-19,18.55,18.74,18.51,18.52,131174
2017-01-20,18.54,18.65,18.47,18.59,217391
2017-01-23,18.68,18.76,18.41,18.5,198798
2017-01-24,18.59,18.88,18.5,18.87,255436
2017-01-25,18.81,18.95,18.68,18.88,152722
2017-01-26,18.9,19.25,18.82,19.0,273187
2017-02-03,19.08,19.08,18.66,18.7,233073
2017-02-06,18.88,18.9,18.54,18.62,240443
2017-02-07,18.63,18.68,18.55,18.57,229412
2017-02-08,18.55,18.6,18.48,18.6,197103
2017-02-09,18.59,18.93,18.59,18.73,222499
2017-02-10,18.86,18.97,18.73,18.9,396428
2017-02-13,18.9,19.09,18.89,18.97,253310
2017-02-14,19.0,19.03,18.81,18.87,237877
2017-02-15,18.97,19.23,18.9,19.13,596845
2017-02-16,19.19,19.34,19.04,19.14,352234
2017-02-17,19.19,19.23,18.98,19.02,179806
2017-02-20,19.03,19.5,18.98,19.4,446351
2017-02-21,19.43,19.81,19.39,19.41,300568
2017-02-22,19.43,19.57,19.3,19.4,225503
2017-02-23,19.41,19.44,19.27,19.38,156566
2017-02-24,19.38,19.5,19.27,19.43,207023
2017-02-27,19.38,19.57,19.26,19.41,254522
2017-02-28,19.4,19.58,19.36,19.44,165954
2017-03-01,19.45,19.51,19.28,19.34,239839
2017-03-02,19.38,19.45,19.07,19.1,241513
2017-03-03,19.07,19.17,18.95,19.01,169721
2017-03-06,19.01,19.39,19.0,19.06,238081
2017-03-07,19.1,19.29,18.97,19.24,252478
2017-03-08,19.12,19.35,19.08,19.29,194866
2017-03-09,19.25,19.25,18.92,19.05,231953
2017-03-10,19.02,19.05,18.83,18.91,209053
2017-03-13,18.89,19.05,18.81,19.03,170561
2017-03-14,19.04,19.19,19.02,19.1,181593
2017-03-15,19.1,19.13,18.96,19.01,218284
2017-03-16,19.1,19.25,19.02,19.06,311855
2017-03-17,19.17,19.21,18.78,18.81,355354
2017-03-20,18.89,18.95,18.61,18.76,334630
2017-03-21,18.75,18.83,18.65,18.76,401848
2017-03-22,18.74,18.75,18.48,18.52,469080
2017-03-23,18.52,18.81,18.48,18.64,409431
2017-03-24,18.77,18.79,18.63,18.78,327816
2017-03-27,18.79,19.32,18.79,19.1,800192
2017-03-28,19.25,19.31,18.91,18.97,420273
2017-03-29,18.99,19.16,18.98,19.09,449347
2017-03-30,19.09,19.15,18.96,19.02,257269
2017-03-31,19.02,19.25,19.02,19.17,339623
2017-04-05,19.22,19.29,19.01,19.07,486026
2017-04-06,19.05,19.11,18.93,19.04,340967
2017-04-07,19.05,19.08,18.82,18.89,440340
2017-04-10,18.93,18.97,18.7,18.91,323135
2017-04-11,18.91,19.05,18.88,19.02,394076
2017-04-12,19.02,19.12,18.9,19.05,321435
2017-04-13,19.04,19.05,18.85,18.92,267049
2017-04-14,18.91,18.94,18.65,18.82,301427
2017-04-17,18.77,18.9,18.6,18.88,407583
2017-04-18,18.8,18.85,18.6,18.6,315858
2017-04-19,18.58,18.75,18.4,18.46,309281
2017-04-20,18.59,18.6,18.38,18.39,283678
2017-04-21,18.5,18.93,18.39,18.8,497430
2017-04-24,18.89,19.01,18.8,18.91,371433
2017-04-25,18.95,19.06,18.78,18.96,408790
2017-04-26,18.97,19.18,18.91,19.11,424191
2017-04-27,19.01,19.08,18.83,18.98,345575
2017-04-28,19.1,19.24,19.01,19.13,494597
2017-05-02,19.14,19.21,18.94,19.01,277869
2017-05-03,18.99,19.03,18.85,18.93,180579
2017-05-04,18.95,18.97,18.66,18.75,396734
2017-05-05,18.79,18.84,18.54,18.8,343184
2017-05-08,18.67,18.86,18.65,18.79,429985
2017-05-09,18.8,18.85,18.74,18.79,149056
2017-05-10,18.85,19.18,18.81,19.02,420663
2017-05-11,19.09,19.45,19.0,19.26,471933
2017-05-12,19.25,20.38,19.19,20.34,1223924
2017-05-15,20.45,21.1,20.42,20.67,835591
2017-05-16,20.55,20.74,20.34,20.49,647318
2017-05-17,20.36,20.53,20.06,20.19,596935
2017-05-18,20.01,20.32,20.01,20.25,363454
2017-05-19,20.17,20.59,20.11,20.53,391795
2017-05-22,20.46,21.15,20.46,20.89,578885
2017-05-23,20.88,22.0,20.88,21.83,950344
2017-05-24,21.82,22.26,21.54,21.91,741507
2017-05-25,21.81,23.01,21.8,22.95,1066678
2017-05-26,22.99,23.06,22.44,22.64,785054
2017-05-31,22.45,22.96,22.18,22.42,739755
2017-06-01,22.33,22.65,22.23,22.59,780922
2017-06-02,22.7,22.75,22.07,22.16,510195
2017-06-05,21.93,22.17,21.6,21.98,650265
2017-06-06,22.0,22.13,21.66,21.93,548845
2017-06-07,22.02,22.58,21.95,22.52,964963
2017-06-08,22.35,22.78,21.98,22.74,748658
2017-06-09,22.75,23.3,22.62,22.91,837533
2017-06-12,22.84,23.26,22.66,22.84,555654
2017-06-13,22.9,22.98,22.3,22.49,542608
2017-06-14,21.75,21.86,21.22,21.3,518016
2017-06-15,21.3,21.64,20.9,20.93,675373
2017-06-16,20.91,21.09,20.74,20.81,531911
2017-06-19,20.92,21.3,20.83,21.16,546633
2017-06-20,21.3,21.54,20.92,21.08,532168
2017-06-21,21.29,21.35,20.84,21.31,507863
2017-06-22,21.25,23.23,21.2,22.73,1523888
2017-06-23,22.61,23.08,22.28,23.03,941209
2017-06-26,23.08,23.91,22.99,23.04,889958
2017-06-27,22.94,24.58,22.73,24.36,1075846
2017-06-28,24.11,24.48,23.8,23.8,737130
2017-06-29,24.0,24.34,23.67,24.15,594214
2017-06-30,24.0,24.18,23.7,23.91,406988
2017-07-03,23.8,23.8,23.33,23.52,416239
2017-07-04,23.51,23.6,22.82,23.0,573637
2017-07-05,22.98,24.05,22.85,23.9,783997
2017-07-06,23.71,24.14,23.4,23.96,624333
2017-07-07,23.8,23.9,23.05,23.26,632180
2017-07-10,23.32,23.58,23.05,23.26,372034
2017-07-11,23.23,24.38,23.16,24.08,730383
2017-07-12,24.1,25.07,23.95,24.34,858004
2017-07-13,24.34,25.05,24.21,24.9,559404
2017-07-14,24.99,25.41,24.74,25.18,508060
2017-07-17,25.1,25.65,24.74,25.11,709288
2017-07-18,24.9,25.06,24.04,24.52,645347
2017-07-19,24.44,25.37,24.4,25.22,630771
2017-07-20,25.1,25.25,24.8,25.2,514337
2017-07-21,25.08,25.36,24.64,24.74,327647
2017-07-24,24.77,25.76,24.67,25.71,625922
2017-07-25,25.8,26.24,25.4,25.53,743945
2017-07-26,25.52,26.04,25.16,25.46,463343
2017-07-27,25.48,26.17,25.4,25.9,434532
2017-07-28,25.77,26.0,25.5,25.78,280362
2017-07-31,25.64,25.95,25.38,25.57,341960
2017-08-01,25.58,26.15,25.35,26.14,478066
2017-08-02,26.12,27.08,26.02,26.62,606284
2017-08-03,26.52,26.66,25.84,25.89,510286
2017-08-04,25.87,26.1,25.32,25.52,489271
2017-08-07,25.4,26.1,25.4,25.98,309136
2017-08-08,25.9,26.06,25.66,25.85,220463
2017-08-09,25.78,26.08,25.51,25.54,292486
2017-08-10,25.47,25.74,24.98,25.14,464651
2017-08-11,24.97,25.26,24.44,24.49,521732
2017-08-14,24.6,24.88,24.25,24.8,535948
2017-08-15,24.8,25.86,24.78,25.53,536900
2017-08-16,25.41,25.47,25.02,25.17,297828
2017-08-17,25.19,25.3,24.85,25.06,321460
2017-08-18,24.91,25.59,24.8,25.42,397344
2017-08-21,25.42,25.52,25.05,25.3,315254
2017-08-22,25.42,25.93,25.18,25.89,502879
2017-08-23,25.98,26.83,25.83,26.52,607368
2017-08-24,26.5,26.84,26.21,26.69,461616
2017-08-25,26.8,27.58,26.8,27.53,660920
2017-08-28,27.58,27.9,27.01,27.24,547461
2017-08-29,27.26,27.46,27.06,27.14,328702
2017-08-30,27.39,27.96,26.97,27.16,472056
2017-08-31,27.16,27.28,26.41,26.75,590810
2017-09-01,26.74,27.18,26.53,26.76,479746
2017-09-04,26.54,26.99,26.42,26.96,356317
2017-09-05,26.9,27.37,26.74,27.34,405733
2017-09-06,27.28,27.28,26.78,26.88,329487
2017-09-07,26.9,26.9,26.31,26.35,466757
2017-09-08,26.36,26.6,26.29,26.38,290972
2017-09-11,26.6,26.89,26.12,26.18,467593
2017-09-12,26.28,26.49,25.96,26.44,426202
2017-09-13,26.44,26.48,26.05,26.17,328669
2017-09-14,26.18,26.25,25.65,25.86,472235
2017-09-15,25.75,26.08,25.59,25.97,327863
2017-09-18,25.97,26.1,25.69,25.76,511077
2017-09-19,25.79,26.25,25.69,26.17,472741
2017-09-20,26.11,26.32,25.82,25.89,517859
2017-09-21,25.95,26.29,25.85,26.06,409273
2017-09-22,25.9,26.28,25.83,25.95,280310
2017-09-25,25.86,26.12,25.7,25.81,320065
2017-09-26,25.71,25.9,25.64,25.71,224681
2017-09-27,25.67,25.75,25.32,25.4,337792
2017-09-28,25.48,25.49,25.12,25.2,347232
2017-09-29,25.2,25.78,25.13,25.55,471642
2017-10-09,26.8,26.99,25.89,26.08,1002965
2017-10-10,26.05,26.55,25.42,26.12,1052507
2017-10-11,26.05,26.25,25.91,26.04,484000
2017-10-12,26.14,26.55,26.04,26.37,478422
2017-10-13,26.37,26.55,26.16,26.2,327343
2017-10-16,26.29,26.95,26.2,26.87,707032
2017-10-17,26.7,27.33,26.68,27.03,582939
2017-10-18,27.06,27.29,26.91,27.11,383278
2017-10-19,27.16,27.3,26.92,27.1,408096
2017-10-20,26.96,27.07,26.7,26.77,281303
2017-10-23,26.77,26.89,26.47,26.5,347313
2017-10-24,26.52,26.83,26.41,26.62,370779
2017-10-25,26.57,26.89,26.4,26.8,339320
2017-10-26,26.66,27.2,26.42,26.55,688502
2017-10-27,26.68,28.14,26.68,28.1,1228583
2017-10-30,27.85,28.06,27.51,27.79,1039981
2017-10-31,27.5,27.6,26.91,27.1,624173
2017-11-01,27.11,27.18,26.65,26.9,695137
2017-11-02,26.8,27.02,26.7,27.01,362395
2017-11-03,26.98,27.16,26.61,27.06,680869
2017-11-06,26.9,26.94,26.27,26.61,699591
2017-11-07,26.6,27.26,26.53,27.03,730615
2017-11-08,27.0,27.43,26.8,27.09,720481
2017-11-09,26.99,27.47,26.84,27.07,351539
2017-11-10,26.91,27.22,26.59,27.07,700108
2017-11-13,27.11,28.35,27.11,27.67,1367637
2017-11-14,27.75,28.28,27.68,28.02,844499
2017-11-15,27.79,28.3,27.61,27.88,690364
2017-11-16,27.77,28.13,27.49,28.1,679489
2017-11-17,28.3,29.5,28.3,29.38,1551975
2017-11-20,29.38,30.7,29.09,30.53,1309590
2017-11-21,30.3,31.3,30.08,30.36,1119846
2017-11-22,30.54,31.66,30.54,30.9,975791
2017-11-23,30.8,31.13,29.5,30.0,890795
2017-11-24,30.25,30.79,29.63,30.09,812638
2017-11-27,29.86,29.95,28.88,29.88,985411
2017-11-28,29.46,29.73,28.9,29.19,616271
2017-11-29,29.31,29.69,28.81,29.56,580196
2017-11-30,29.32,29.46,28.74,28.99,501838
2017-12-01,28.99,29.11,28.35,28.61,675776
2017-12-04,28.43,29.07,28.42,28.72,416075
2017-12-05,28.72,29.59,28.72,29.49,884529
2017-12-06,29.35,29.35,28.51,28.93,552655
2017-12-07,28.7,29.07,27.85,28.25,652152
2017-12-08,28.12,28.58,27.91,28.52,521478
2017-12-11,28.44,29.0,27.96,28.93,797430
2017-12-12,28.7,29.07,28.33,28.35,551097
2017-12-13,28.35,28.78,27.95,28.6,536159
2017-12-14,28.53,29.0,28.45,28.63,529392
2017-12-15,28.57,28.6,28.0,28.06,488065
2017-12-18,28.1,28.51,28.05,28.33,373895
2017-12-19,28.47,29.5,28.34,29.36,771232
2017-12-20,29.41,29.75,29.08,29.47,554400
2017-12-21,29.37,30.0,29.2,29.64,567380
2017-12-22,29.51,29.64,29.16,29.29,443138
2017-12-25,29.19,29.97,29.12,29.29,601076
2017-12-26,29.22,29.8,29.21,29.71,614000
2017-12-27,29.5,29.78,28.58,28.76,633932
2017-12-28,28.75,28.92,28.45,28.63,421202
2017-12-29,28.63,29.04,28.61,29.02,329043
2018-01-02,29.02,30.06,29.02,29.62,675913
2018-01-03,29.74,30.48,29.64,29.97,718503
2018-01-04,30.28,30.36,29.4,29.65,516866
2018-01-05,29.87,30.25,29.46,30.1,479908
2018-01-08,29.92,30.05,29.31,29.47,658579
2018-01-09,29.52,29.91,29.35,29.77,398678
2018-01-10,29.66,30.77,29.58,30.53,799283
2018-01-11,30.52,31.15,30.4,30.92,540745
2018-01-12,31.12,31.58,31.02,31.51,487343
2018-01-15,31.48,32.4,31.3,31.94,673146
2018-01-16,31.8,32.28,31.54,31.89,652819
2018-01-17,32.1,33.11,31.5,31.69,1026546
2018-01-18,32.1,32.75,32.1,32.32,811040
2018-01-19,32.66,33.35,32.21,32.46,841329
2018-01-22,32.18,33.64,32.15,33.08,945730
2018-01-23,33.2,34.17,33.2,34.05,868995
2018-01-24,34.25,35.35,33.45,33.85,1176484
2018-01-25,34.01,34.02,32.9,33.41,789040
2018-01-26,33.19,34.3,33.19,33.47,706674
2018-01-29,33.5,34.08,32.81,32.98,684921
2018-01-30,32.9,33.16,32.41,32.57,365713
2018-01-31,32.34,33.99,32.22,33.94,664794
2018-02-01,34.05,34.92,33.85,34.45,692850
2018-02-02,34.04,34.58,33.69,34.5,494732
2018-02-05,33.83,35.11,33.8,34.89,743286
2018-02-06,34.1,34.69,33.49,34.62,1416913
2018-02-07,34.58,34.93,32.1,32.39,1502883
2018-02-08,31.95,32.38,30.83,31.28,1069830
2018-02-09,30.33,30.81,28.6,30.71,1327540
2018-02-12,30.4,30.64,29.4,30.05,876966
2018-02-13,30.38,31.27,30.35,30.91,799268
2018-02-14,30.95,31.47,30.42,31.37,334943
2018-02-22,31.88,32.2,31.18,31.5,677681
2018-02-23,31.5,32.1,31.22,31.78,515008
2018-02-26,31.89,32.35,31.23,31.51,718618
2018-02-27,31.57,31.65,30.65,30.87,715338
2018-02-28,30.38,30.75,30.01,30.3,532577
2018-03-01,30.03,30.86,30.01,30.4,402770
2018-03-02,30.12,30.46,30.02,30.03,338760
2018-03-05,30.1,30.58,29.92,30.15,336201
2018-03-06,30.39,30.47,29.49,30.04,618837
2018-03-07,30.5,31.08,30.35,30.77,842334
2018-03-08,30.85,31.06,30.41,30.92,405007
2018-03-09,31.2,31.5,30.98,31.15,355100
2018-03-12,31.44,31.49,30.8,30.84,581737
2018-03-13,30.9,31.38,30.63,30.73,373747
2018-03-14,30.57,30.6,30.21,30.39,263176
2018-03-15,30.21,30.68,30.21,30.52,241960
2018-03-16,30.57,30.68,30.1,30.13,368024
2018-03-19,30.01,30.74,29.9,30.71,322733
2018-03-20,30.55,31.1,30.51,30.99,382395
2018-03-21,31.28,31.8,31.12,31.26,585145
2018-03-22,31.28,31.53,30.56,31.23,446275
2018-03-23,30.3,30.4,29.85,30.31,866428
2018-03-26,30.26,30.26,28.75,29.11,905780
2018-03-27,29.55,29.69,28.5,28.72,805431
2018-03-28,28.4,29.44,28.25,28.7,787979
2018-03-29,28.73,29.79,28.2,29.31,679494
2018-03-30,29.37,29.5,28.98,29.09,356753
2018-04-02,29.0,29.61,28.9,29.01,477387
2018-04-03,28.86,28.97,28.55,28.81,302254
2018-04-04,28.88,29.27,28.62,28.76,377822
2018-04-09,28.86,29.17,28.64,28.84,277424
2018-04-10,28.84,30.32,28.61,30.29,586015
2018-04-11,30.34,30.95,30.05,30.49,560433
2018-04-12,30.5,30.5,29.79,29.93,337675
2018-04-13,30.05,30.35,29.52,29.54,260109
2018-04-16,29.2,29.21,27.95,28.11,914627
2018-04-17,28.25,28.29,27.58,27.69,610750
2018-04-18,28.28,28.35,27.36,28.14,659780
2018-04-19,28.18,28.75,28.02,28.24,424329
2018-04-20,28.05,28.25,27.8,28.21,397995
2018-04-23,27.93,28.45,27.91,28.29,301522
2018-04-24,28.3,29.5,28.3,28.86,670264
2018-04-25,28.86,29.09,28.61,28.82,251675
2018-04-26,29.1,29.32,28.55,28.8,339607
2018-04-27,28.9,29.44,28.34,29.33,575079
2018-05-02,29.98,30.1,29.37,29.56,490570
2018-05-03,29.34,29.68,28.75,29.3,321741
2018-05-04,29.28,29.29,28.61,28.74,337697
2018-05-07,28.77,29.0,28.52,28.93,307494
2018-05-08,29.0,29.89,28.88,29.68,503129
2018-05-09,29.7,29.9,29.53,29.75,222626
2018-05-10,30.0,30.19,29.4,29.84,322192
2018-05-11,29.73,30.2,29.68,30.08,435345
2018-05-14,30.5,31.21,30.3,30.82,707668
2018-05-15,30.85,30.9,30.32,30.56,329876
2018-05-16,30.38,30.41,29.88,29.97,344519
2018-05-17,30.0,30.21,29.6,29.8,290467
2018-05-18,29.77,30.57,29.57,30.46,394018
2018-05-21,30.72,30.99,30.14,30.27,415216
2018-05-22,30.14,30.24,29.63,29.82,365426
2018-05-23,29.8,29.92,29.51,29.61,296513
2018-05-24,29.6,29.68,29.0,29.1,355225
2018-05-25,29.08,29.43,28.99,29.21,251505
2018-05-28,29.23,29.32,28.41,28.8,605072
2018-05-29,28.65,28.98,28.41,28.94,480534
2018-05-30,28.5,28.63,28.28,28.3,339589
2018-05-31,28.39,29.02,28.36,28.78,522925
2018-06-01,28.78,28.98,28.5,28.6,293259
2018-06-04,16.432,16.802,16.142,16.772,0
2018-06-05,16.692,16.872,16.422,16.782,0
2018-06-06,29.17,29.26,28.76,28.8,345608
2018-06-07,28.9,29.27,28.76,28.9,494430
2018-06-08,28.75,28.78,28.18,28.2,426216
2018-06-11,28.2,28.65,27.94,28.63,378331
2018-06-12,28.62,28.96,28.62,28.74,311971
2018-06-13,28.75,28.97,28.6,28.71,267532
2018-06-14,28.65,29.05,28.43,28.57,343383
2018-06-15,28.47,29.08,28.42,28.94,419549
2018-06-19,28.64,29.24,28.45,28.99,1206094
2018-06-20,28.78,28.88,28.32,28.51,364526
2018-06-21,28.52,29.06,28.5,28.65,316216
2018-06-22,28.67,28.78,28.28,28.62,221997
2018-06-25,28.68,28.71,27.65,27.67,482160
2018-06-26,27.48,27.49,26.2,26.9,623228
2018-06-27,26.68,26.88,26.1,26.33,442689
2018-06-28,26.25,26.3,25.6,25.85,439700
2018-06-29,25.98,26.59,25.97,26.44,309110
2018-07-02,26.44,26.73,25.3,25.44,435187
2018-07-03,25.44,25.47,24.7,25.22,658584
2018-07-04,25.18,25.51,24.96,25.05,369649
2018-07-05,25.17,25.52,24.94,25.44,495925
2018-07-06,25.49,26.18,24.98,25.84,441258
2018-07-09,26.0,27.02,26.0,26.95,527058
2018-07-10,27.01,27.1,26.56,26.8,326841
2018-07-11,26.08,26.79,26.0,26.6,316712
2018-07-12,25.8,26.45,25.5,26.04,469426
2018-07-13,26.28,26.3,25.97,26.23,247061
2018-07-16,26.17,26.58,25.58,25.67,359321
2018-07-17,25.5,25.67,25.1,25.37,289369
2018-07-18,25.57,25.94,25.21,25.29,332355
2018-07-19,25.58,25.89,25.5,25.62,395286
2018-07-20,25.62,27.45,25.4,27.38,1010892
2018-07-23,27.39,28.15,26.98,27.86,924108
2018-07-24,27.86,28.6,27.57,27.75,694538
2018-07-25,28.2,28.45,27.85,28.22,430216
2018-07-26,28.36,28.95,27.88,28.12,458657
2018-07-27,28.12,28.48,27.61,28.09,308430
2018-07-30,28.09,28.85,27.9,28.61,383391
2018-07-31,28.6,28.73,27.95,28.39,348277
2018-08-01,28.69,29.09,27.85,27.87,536866
2018-08-02,27.8,28.1,27.0,27.18,571923
2018-08-03,27.33,27.74,27.18,27.24,298116
2018-08-06,27.38,28.09,27.2,27.59,385964
2018-08-07,27.59,28.5,27.49,28.48,513960
2018-08-08,28.6,28.6,28.01,28.11,282441
2018-08-09,27.94,28.96,27.9,28.77,403921
2018-08-10,28.81,28.85,28.13,28.44,271445
2018-08-13,28.12,28.12,27.25,27.71,467600
2018-08-14,27.66,27.79,27.24,27.51,265917
2018-08-15,27.51,27.53,26.57,26.7,384433
2018-08-16,26.29,27.14,26.2,26.74,383702
2018-08-17,27.1,27.2,26.44,26.52,259363
2018-08-20,26.99,27.11,26.42,26.96,369550
2018-08-21,27.04,27.42,26.89,27.1,369906
2018-08-22,27.19,27.2,26.82,27.04,202681
2018-08-23,27.14,27.45,26.82,27.3,321319
2018-08-24,27.15,28.3,26.96,27.7,480269
2018-08-27,28.05,28.61,27.85,28.54,510807
2018-08-28,28.57,29.01,28.54,28.62,368443
2018-08-29,28.63,29.0,28.45,28.76,260969
2018-08-30,28.73,28.87,28.08,28.14,272573
2018-08-31,28.01,28.75,27.98,28.29,460881
2018-09-03,28.32,28.44,27.96,28.14,260701
2018-09-04,28.18,28.75,27.93,28.64,328223
2018-09-05,28.35,28.48,27.68,27.69,359403
2018-09-06,27.7,27.85,27.43,27.5,245919
2018-09-07,27.65,28.2,27.6,28.17,397195
2018-09-10,27.96,28.3,27.78,27.9,263784
2018-09-11,27.95,28.1,27.14,27.4,334693
2018-09-12,27.22,27.6,27.01,27.4,229876
2018-09-13,27.94,28.02,27.29,27.76,306764
2018-09-14,27.99,27.99,27.68,27.88,175460
2018-09-17,27.73,27.8,27.37,27.45,162202
2018-09-18,27.45,28.25,27.38,28.18,399372
2018-09-19,28.16,28.65,27.96,28.4,432734
2018-09-20,28.58,28.85,28.37,28.51,286582
2018-09-21,28.7,30.3,28.45,30.3,778372
2018-09-25,29.83,30.09,29.32,29.62,527381
2018-09-26,29.75,30.99,29.41,30.45,749317
2018-09-27,30.26,30.69,30.01,30.43,402571
2018-09-28,30.67,31.11,30.3,30.69,556008
2018-10-08,29.7,30.09,29.36,29.43,623333
2018-10-09,29.33,29.69,29.0,29.4,421493
2018-10-10,29.35,29.89,29.15,29.6,390003
2018-10-11,28.66,29.07,28.11,28.45,615476
2018-10-12,28.7,29.37,28.46,29.16,661307
2018-10-15,29.16,29.18,28.55,28.74,349998
2018-10-16,28.82,29.8,28.74,29.1,577691
2018-10-17,29.4,29.5,28.18,29.0,668764
2018-10-18,28.78,28.85,27.88,27.9,574418
2018-10-19,27.75,29.38,27.5,29.21,767032
2018-10-22,29.53,30.54,29.53,30.0,840796
2018-10-23,30.16,30.16,28.75,29.02,594114
2018-10-24,29.11,30.32,29.09,29.39,635824
2018-10-25,28.77,29.72,28.74,29.66,558418
2018-10-26,29.64,29.92,28.98,29.6,495762
2018-10-29,29.8,29.8,27.42,27.85,954877
2018-10-30,28.12,28.86,27.58,28.35,743575
2018-10-31,28.8,28.98,28.39,28.91,666013
2018-11-01,29.45,29.65,28.66,29.05,682600
2018-11-02,29.9,30.45,29.41,30.33,1220051
2018-11-05,29.85,30.23,29.71,30.0,428334
2018-11-06,30.0,30.11,29.36,29.87,375065
2018-11-07,29.88,30.2,29.53,29.57,549867
2018-11-08,30.02,30.37,29.8,30.01,479149
2018-11-09,29.6,29.6,28.49,28.6,1193021
2018-11-12,28.4,28.7,28.23,28.56,683977
2018-11-13,28.1,28.77,28.05,28.58,500356
2018-11-14,28.58,28.65,28.0,28.16,535874
2018-11-15,28.24,28.47,28.08,28.38,354124
2018-11-16,28.38,28.68,28.19,28.48,496955
2018-11-19,28.7,29.04,28.45,28.95,502881
2018-11-20,28.79,28.84,28.31,28.42,338277
2018-11-21,28.2,28.43,28.1,28.4,323377
2018-11-22,28.41,28.45,28.1,28.3,275858
2018-11-23,28.29,28.35,27.88,27.88,325389
2018-11-26,28.0,28.35,27.91,28.27,275469
2018-11-27,28.22,28.38,27.85,27.99,337658
2018-11-28,28.07,28.35,28.05,28.28,290873
2018-11-29,28.5,28.6,28.3,28.3,397949
2018-11-30,28.26,28.58,28.21,28.55,254380
2018-12-03,29.49,29.63,28.93,29.46,690255
2018-12-04,29.42,29.63,29.31,29.57,323685
2018-12-05,29.16,29.57,29.0,29.37,262307
2018-12-06,28.9,29.15,28.78,28.9,373380
2018-12-07,29.09,29.19,28.53,28.58,305228
2018-12-10,28.3,28.5,28.22,28.34,266986
2018-12-11,28.35,28.55,28.28,28.51,227290
2018-12-12,29.0,29.0,28.41,28.46,202093
2018-12-13,28.53,29.07,28.41,28.75,551520
2018-12-14,28.57,28.61,28.2,28.33,398155
2018-12-17,28.33,28.5,28.1,28.29,311303
2018-12-18,28.05,28.26,27.85,27.91,414609
2018-12-19,27.92,27.99,26.58,26.77,829654
2018-12-20,26.48,26.6,25.65,25.91,1015755
2018-12-21,25.87,25.87,25.25,25.39,875749
2018-12-24,25.2,25.46,24.92,25.45,649717
2018-12-25,25.0,25.56,24.77,25.29,749922
2018-12-26,25.2,25.23,24.85,24.85,446787
2018-12-27,25.19,25.22,24.82,24.85,640180
2018-12-28,24.95,25.36,24.91,25.2,613382
2019-01-02,25.15,25.2,24.4,24.57,555166
2019-01-03,24.4,25.05,24.38,24.88,374107
2019-01-04,24.76,25.65,24.65,25.51,668531
2019-01-07,25.51,25.77,25.29,25.52,456040
2019-01-08,25.5,25.52,25.16,25.22,269280
2019-01-09,25.22,26.1,25.22,25.7,638200
2019-01-10,25.5,26.08,25.47,25.85,426306
2019-01-11,25.85,26.58,25.75,26.46,493910
2019-01-14,26.46,26.56,26.22,26.31,294244
2019-01-15,26.31,26.83,26.3,26.8,366718
2019-01-16,26.7,26.88,26.61,26.85,229955
2019-01-17,26.85,26.85,26.43,26.47,323682
2019-01-18,26.47,27.26,26.46,27.1,546397
2019-01-21,27.08,27.7,27.03,27.33,415588
2019-01-22,27.3,27.45,26.76,26.98,349072
2019-01-23,26.95,27.42,26.92,27.16,273250
2019-01-24,27.18,28.04,27.18,27.87,543409
2019-01-25,27.87,28.63,27.85,28.52,536481
2019-01-28,28.52,29.14,28.5,28.66,577365
2019-01-29,28.56,28.83,28.47,28.64,346628
2019-01-30,28.6,28.79,28.32,28.42,266892
2019-01-31,28.45,29.29,28.45,29.21,571420
2019-02-01,29.21,29.43,28.88,29.3,396521
2019-02-11,29.1,29.53,28.9,29.39,353635
2019-02-12,29.39,29.58,28.98,29.32,395827
2019-02-13,29.32,30.04,29.12,29.84,535775
2019-02-14,29.65,30.1,29.49,29.86,452386
2019-02-15,29.74,29.85,28.91,29.15,495666
2019-02-18,29.35,29.99,29.35,29.87,446645
2019-02-19,29.86,30.63,29.72,29.88,493676
2019-02-20,30.27,30.44,29.98,30.15,334340
2019-02-21,30.18,30.64,29.84,30.08,453139
2019-02-22,30.07,30.64,29.8,30.63,414875
2019-02-25,31.0,32.9,30.97,32.52,1101846
2019-02-26,32.29,33.0,31.32,31.49,948562
2019-02-27,31.7,32.32,31.4,31.71,808342
2019-02-28,31.7,32.1,31.45,31.74,487643
2019-03-01,32.05,32.93,31.65,32.9,682670
2019-03-04,33.0,33.79,32.5,32.69,956461
2019-03-05,32.86,32.86,32.1,32.35,673803
2019-03-06,32.31,32.61,31.78,32.22,546736
2019-03-07,32.01,32.1,30.97,31.3,707727
2019-03-08,30.74,31.21,30.36,30.78,770066
2019-03-11,30.57,30.83,30.18,30.53,675309
2019-03-12,30.91,31.33,30.45,30.66,838697
2019-03-13,30.79,31.32,30.25,31.04,666611
2019-03-14,30.98,31.9,30.9,31.45,684942
2019-03-15,31.42,31.95,31.2,31.67,595942
2019-03-18,31.79,32.56,31.59,32.36,593130
2019-03-19,32.4,32.62,31.93,32.03,486750
2019-03-20,31.88,32.47,31.7,32.27,465379
2019-03-21,32.13,32.4,31.92,31.98,386223
2019-03-22,32.08,32.38,31.71,32.35,430268
2019-03-25,32.0,32.1,31.1,31.17,639210
2019-03-26,31.59,31.65,31.21,31.49,403361
2019-03-27,31.69,32.54,31.45,32.4,594154
2019-03-28,32.17,32.65,31.95,32.52,387422
2019-03-29,32.52,34.32,32.41,33.92,1164152
2019-04-01,34.2,35.05,33.9,34.08,1046396
2019-04-02,34.1,34.59,34.09,34.49,694286
2019-04-03,34.4,34.95,34.31,34.86,581606
2019-04-04,34.9,36.05,34.9,35.59,822852
2019-04-08,35.7,36.27,35.65,35.93,810662
2019-04-09,35.9,35.91,35.06,35.23,511236
2019-04-10,35.05,35.43,34.52,35.07,674541
2019-04-11,35.19,35.65,34.72,34.96,572516
2019-04-12,34.86,35.0,34.6,34.8,363358
2019-04-15,35.42,36.22,34.82,34.82,924920
2019-04-16,34.7,36.1,34.6,36.0,840815
2019-04-17,35.89,36.48,35.63,35.83,494789
2019-04-18,35.8,35.8,35.13,35.5,322740
2019-04-19,35.6,36.45,35.58,36.0,411748
2019-04-22,35.8,36.15,34.4,34.8,715829
2019-04-23,34.7,35.59,34.67,35.23,495692
2019-04-24,35.53,35.9,34.82,35.8,540098
2019-04-25,35.35,35.86,35.28,35.43,433788
2019-04-26,35.16,35.2,34.34,34.36,517344
2019-04-29,34.57,35.73,34.42,35.33,550331
2019-04-30,34.57,34.9,33.85,34.45,953711
2019-05-06,33.2,34.05,32.88,33.91,1133678
2019-05-07,34.18,34.18,33.36,33.71,617476
2019-05-08,33.3,33.58,33.0,33.13,481745
2019-05-09,33.0,33.25,32.02,32.42,581103
2019-05-10,32.86,33.8,32.86,33.61,654775
2019-05-13,33.05,33.29,32.63,32.8,343408
2019-05-14,32.3,33.2,32.29,32.56,488642
2019-05-15,33.0,33.85,32.79,33.63,440591
2019-05-16,33.63,33.94,33.41,33.67,334642
2019-05-17,33.7,33.8,32.97,33.31,359256
2019-05-20,33.3,33.79,32.82,33.28,418304
2019-05-21,33.29,34.1,33.14,33.63,503444
2019-05-22,33.63,33.85,33.3,33.53,345080
2019-05-23,33.31,33.6,32.95,33.35,383860
2019-05-24,33.58,34.13,33.39,33.6,429908
2019-05-27,33.48,33.95,32.8,33.78,477259
2019-05-28,33.75,34.6,33.62,34.38,694570
2019-05-29,33.91,34.69,33.85,34.25,376828
2019-05-30,34.41,34.51,33.86,34.3,297307
2019-05-31,34.2,34.7,34.01,34.21,305223
2019-06-03,34.25,34.65,33.88,34.4,394814
2019-06-04,34.4,34.41,33.76,34.03,327891
2019-06-05,34.33,34.46,33.92,33.95,269274
2019-06-06,34.13,34.13,33.38,33.9,302325
2019-06-10,34.03,34.9,34.01,34.74,493055
2019-06-11,34.74,35.54,34.74,35.42,523697
2019-06-12,35.39,35.51,35.05,35.33,270915
2019-06-13,35.33,35.5,34.88,35.25,256232
2019-06-14,35.33,35.57,35.18,35.35,341836
2019-06-17,35.3,35.98,35.26,35.6,262376
2019-06-18,35.7,36.02,35.51,36.02,302284
2019-06-19,36.99,37.3,36.57,36.8,652388
2019-06-20,36.86,38.48,36.86,38.38,742298
2019-06-21,38.38,38.5,37.5,37.69,596176
2019-06-24,37.52,37.99,37.48,37.96,308816
2019-06-25,37.51,37.51,34.75,36.13,2435121
2019-06-26,35.07,35.93,35.02,35.47,1049978
2019-06-27,35.88,36.56,35.75,36.45,928056
2019-06-28,36.35,36.53,35.84,35.98,530623
2019-07-01,36.75,37.23,36.7,36.9,812454
2019-07-02,36.92,36.92,36.3,36.52,612233
2019-07-03,36.39,36.49,36.06,36.15,479284
2019-07-04,36.37,36.44,36.01,36.08,379173
2019-07-05,36.2,36.63,36.0,36.47,364515
2019-07-08,36.08,36.2,35.36,35.56,506105
2019-07-09,35.58,35.7,35.2,35.29,281060
2019-07-10,35.6,35.65,34.98,35.12,444870
2019-07-11,35.46,36.06,35.31,35.9,598289
2019-07-12,35.18,35.6,35.02,35.4,497466
2019-07-15,35.01,35.68,34.5,35.3,422717
2019-07-16,35.37,35.5,35.15,35.31,270145
2019-07-17,35.11,35.42,35.01,35.21,226376
2019-07-18,35.3,35.58,35.07,35.32,338900
2019-07-19,35.68,36.49,35.58,36.37,498642
2019-07-22,36.36,36.77,36.09,36.37,337329
2019-07-23,36.37,36.5,36.01,36.21,250795
2019-07-24,36.44,36.96,36.24,36.43,342634
2019-07-25,36.75,37.48,36.75,37.26,509943
2019-07-26,37.05,37.37,37.03,37.22,233918
2019-07-29,37.2,37.2,36.6,36.83,317503
2019-07-30,36.8,37.17,36.7,36.77,261837
2019-07-31,36.5,36.8,36.45,36.56,273067
2019-08-01,36.4,36.59,35.91,36.2,322315
2019-08-02,35.55,35.96,35.4,35.75,489480
2019-08-05,35.52,35.69,35.09,35.21,452127
2019-08-06,34.5,35.07,34.4,34.88,585695
2019-08-07,34.9,34.98,34.44,34.53,550566
2019-08-08,34.8,35.49,34.8,35.36,456257
2019-08-09,35.46,35.5,34.91,34.99,336141
2019-08-12,34.99,35.46,34.8,35.41,392258
2019-08-13,35.19,35.25,34.8,34.85,297365
2019-08-14,35.22,35.4,34.8,34.86,377493
2019-08-15,34.2,34.94,34.1,34.87,300548
2019-08-16,34.89,35.4,34.52,35.16,408444
2019-08-19,34.97,35.3,34.44,35.3,714933
2019-08-20,35.0,35.56,34.9,35.33,380369
2019-08-21,35.24,35.6,35.16,35.45,299825
2019-08-22,35.59,35.64,35.14,35.34,228624
2019-08-23,35.22,36.54,35.22,36.27,706098
2019-08-26,35.5,35.8,34.77,35.0,867362
2019-08-27,35.38,35.62,34.75,34.75,817511
2019-08-28,35.0,35.08,34.41,34.5,514762
2019-08-29,34.5,34.55,33.7,33.93,711617
2019-08-30,34.29,34.39,33.95,34.28,596579
2019-09-02,34.28,34.66,34.25,34.34,507982
2019-09-03,34.37,34.46,34.01,34.15,407169
2019-09-04,34.11,35.06,34.01,34.89,634636
2019-09-05,35.03,35.9,35.03,35.52,723702
2019-09-06,35.9,35.99,35.55,35.89,473162
2019-09-09,36.09,36.44,35.34,35.5,756151
2019-09-10,35.71,35.74,34.75,35.0,675330
2019-09-11,35.19,35.24,34.71,35.05,609089
2019-09-12,35.4,35.43,34.97,35.29,525821
2019-09-16,35.5,35.54,34.82,35.0,461668
2019-09-17,35.07,35.18,34.62,34.79,443070
2019-09-18,34.8,34.94,34.71,34.8,353748
2019-09-19,34.94,34.96,34.36,34.51,538453
2019-09-20,34.71,34.76,34.38,34.51,694944
2019-09-23,34.4,34.4,33.88,34.04,610254
2019-09-24,34.25,34.25,33.97,34.08,365718
2019-09-25,34.05,34.47,33.87,34.35,467793
2019-09-26,34.45,35.62,34.28,35.22,1084408
2019-09-27,35.15,35.69,34.82,35.2,672677
2019-09-30,34.79,35.33,34.7,34.75,391203
2019-10-08,34.7,35.1,34.5,34.81,645886
2019-10-09,34.52,35.67,34.5,35.18,821613
2019-10-10,35.21,35.38,35.02,35.11,378700
2019-10-11,35.3,36.37,35.3,36.29,1043873
2019-10-14,36.6,37.44,36.6,36.83,874334
2019-10-15,37.22,37.22,36.47,36.64,458104
2019-10-16,36.97,37.45,36.4,36.81,514897
2019-10-17,36.81,37.15,36.54,37.0,342587
2019-10-18,37.1,37.28,36.1,36.18,454349
2019-10-21,36.1,36.5,35.77,36.22,359425
2019-10-22,36.47,36.48,35.67,36.13,332073
2019-10-23,36.05,36.3,35.82,36.0,313470
2019-10-24,36.18,36.75,35.96,36.5,431220
2019-10-25,36.67,36.67,36.04,36.4,246142
2019-10-28,36.48,36.93,36.1,36.2,328083
2019-10-29,36.27,36.37,35.91,36.15,266100
2019-10-30,36.11,36.23,35.31,35.41,483262
2019-10-31,35.7,35.87,35.28,35.5,507042
2019-11-01,35.57,36.76,35.38,36.6,668555
2019-11-04,36.97,37.28,36.69,37.18,596402
2019-11-05,37.19,38.15,36.98,37.66,723330
2019-11-06,37.66,38.48,37.53,38.15,708448
2019-11-07,38.13,38.38,37.82,38.16,350551
2019-11-08,38.48,38.55,37.6,37.75,457082
2019-11-11,37.53,37.69,37.17,37.31,392939
2019-11-12,37.31,37.49,36.91,37.2,363831
2019-11-13,37.05,37.38,36.9,37.0,392934
2019-11-14,37.19,37.25,36.65,36.74,292912
2019-11-15,36.98,37.06,36.6,36.83,315008
2019-11-18,36.83,37.89,36.73,37.5,574455
2019-11-19,37.45,37.8,37.31,37.52,390184
2019-11-20,37.24,37.37,36.49,36.58,482774
2019-11-21,36.36,36.69,36.07,36.44,297436
2019-11-22,36.7,36.85,36.08,36.23,322738
2019-11-25,36.4,36.72,36.32,36.58,264162
2019-11-26,36.79,36.8,36.0,36.0,448595
2019-11-27,36.19,36.88,36.06,36.65,350695
2019-11-28,36.56,36.88,36.44,36.63,208520
2019-11-29,36.48,36.69,35.92,36.03,334788
2019-12-02,36.1,36.38,35.97,36.11,197339
2019-12-03,35.92,36.6,35.73,36.46,276805
2019-12-04,36.07,36.42,36.04,36.28,230906
2019-12-05,36.48,36.6,36.12,36.38,264779
2019-12-06,36.47,36.58,36.18,36.41,255846
2019-12-09,36.38,36.44,36.03,36.27,250787
2019-12-10,36.07,36.36,36.05,36.12,227355
2019-12-11,36.29,36.45,36.11,36.4,280779
2019-12-12,36.5,36.58,36.24,36.4,250113
2019-12-13,36.73,37.5,36.69,37.5,654956
2019-12-16,37.25,37.48,37.1,37.28,352876
2019-12-17,37.25,37.85,36.9,37.5,563127
2019-12-18,37.55,38.15,37.55,37.99,541322
2019-12-19,38.0,38.25,37.73,37.77,301884
2019-12-20,37.82,38.03,37.4,37.54,288007
2019-12-23,37.79,38.0,37.25,37.4,358746
2019-12-24,37.45,38.15,37.45,38.01,341856
2019-12-25,38.01,38.23,37.62,37.79,235027
2019-12-26,37.78,38.1,37.69,38.1,192239
2019-12-27,38.1,38.5,37.8,37.86,359535
2019-12-30,37.6,37.92,37.11,37.83,444962
2019-12-31,37.85,37.88,37.31,37.58,376805
2020-01-02,38.03,39.12,38.02,38.88,826244
2020-01-03,38.95,39.62,38.92,39.4,520106
2020-01-06,39.19,40.16,38.9,39.24,548877
2020-01-07,39.55,39.94,39.1,39.15,347671
2020-01-08,38.95,38.95,38.41,38.41,363234
2020-01-09,38.84,39.0,38.58,38.9,303359
2020-01-10,38.9,39.28,38.75,39.04,285931
2020-01-13,39.28,39.28,38.75,39.1,327808
2020-01-14,39.14,39.63,38.7,38.81,335646
2020-01-15,38.84,38.89,38.02,38.12,488598
2020-01-16,38.22,38.35,37.76,37.96,453848
2020-01-17,38.06,38.17,37.68,37.93,421357
2020-01-20,38.22,38.65,38.0,38.31,585808
2020-01-21,37.95,38.15,37.7,37.79,417201
2020-01-22,37.7,38.1,37.15,37.82,531254
2020-01-23,37.53,37.7,36.45,36.81,787502
2020-02-03,33.8,35.5,33.8,35.03,1131062
2020-02-04,35.04,35.48,34.68,35.35,1229676
2020-02-05,35.34,35.51,34.83,35.36,802571
2020-02-06,35.5,35.83,35.13,35.75,730701
2020-02-07,35.1,35.46,35.01,35.42,675524
2020-02-10,35.13,35.24,34.95,35.1,575041
2020-02-11,35.3,35.85,35.15,35.57,557436
2020-02-12,35.5,35.66,35.24,35.6,405389
2020-02-13,35.53,35.55,35.2,35.27,422350
2020-02-14,35.21,35.71,35.21,35.64,403396
2020-02-17,35.63,36.17,35.38,36.17,669425
2020-02-18,36.0,36.0,35.6,35.7,516396
2020-02-19,35.6,35.89,35.46,35.53,419521
2020-02-20,35.66,36.05,35.2,35.98,746005
2020-02-21,35.9,35.93,35.47,35.64,730314
2020-02-24,35.49,35.69,35.03,35.05,798564
2020-02-25,34.81,35.08,34.5,34.63,873734
2020-02-26,34.41,34.99,34.25,34.83,779704
2020-02-27,34.79,35.35,34.7,35.22,689378
2020-02-28,34.85,35.18,34.2,34.2,835340
2020-03-02,34.24,34.88,34.1,34.75,704290
2020-03-03,34.93,35.1,34.42,34.62,686073
2020-03-04,34.68,34.8,34.44,34.78,560886
2020-03-05,34.99,36.32,34.8,36.23,1355413
2020-03-06,35.84,36.02,35.41,35.41,670673
2020-03-09,34.88,34.88,34.18,34.18,966591
2020-03-10,34.19,34.94,34.08,34.68,668298
2020-03-11,34.76,34.99,34.41,34.45,566551
2020-03-12,34.37,34.59,34.02,34.16,619180
2020-03-13,32.8,33.56,32.4,33.41,1140958
2020-03-16,33.39,33.39,31.64,31.67,1066027
2020-03-17,31.65,32.61,31.11,31.73,843441
2020-03-18,31.88,32.28,30.76,30.82,824317
2020-03-19,30.48,30.48,28.71,29.31,1559457
2020-03-20,29.8,31.11,29.8,31.04,1343153
2020-03-23,30.01,30.51,29.88,30.16,928971
2020-03-24,31.15,31.65,30.81,31.51,825359
2020-03-25,32.23,32.68,32.17,32.49,809527
2020-03-26,32.1,33.42,32.06,32.72,694636
2020-03-27,33.12,33.33,32.48,32.72,581775
2020-03-30,32.18,32.72,31.8,32.65,477494
2020-03-31,32.92,32.98,32.16,32.28,377540
2020-04-01,32.12,32.65,32.0,32.13,358143
2020-04-02,31.75,32.34,31.71,32.34,289601
2020-04-03,32.0,32.32,31.99,32.15,251618
2020-04-07,32.84,32.88,32.4,32.52,431844
2020-04-08,32.5,32.5,32.12,32.22,318134
2020-04-09,32.29,32.35,32.11,32.3,286646
2020-04-10,32.41,32.56,31.91,32.1,437432
2020-04-13,31.92,32.2,31.82,31.93,230555
2020-04-14,32.18,32.71,32.08,32.71,427079
2020-04-15,32.59,32.63,32.32,32.42,237838
2020-04-16,32.2,32.41,31.96,32.1,295000
2020-04-17,32.45,33.2,32.34,32.86,697952
2020-04-20,32.89,33.08,32.55,32.9,336024
2020-04-21,32.9,33.04,32.58,32.65,328715
2020-04-22,32.45,32.75,32.33,32.73,279435
2020-04-23,32.82,32.96,32.65,32.69,246146
2020-04-24,32.72,32.72,32.41,32.51,222598
2020-04-27,32.75,33.98,32.72,33.58,653415
2020-04-28,33.6,33.9,33.3,33.86,366511
2020-04-29,33.9,35.1,33.89,35.02,658766
2020-04-30,35.15,36.05,35.05,35.09,715332
2020-05-06,34.53,34.78,34.18,34.63,501736
2020-05-07,34.6,34.62,34.05,34.45,299485
2020-05-08,34.77,35.18,34.55,34.97,392155
2020-05-11,34.98,35.48,34.88,34.96,295848
2020-05-12,34.99,35.04,34.44,34.59,349634
2020-05-13,34.4,34.68,34.1,34.54,279835
2020-05-14,34.39,34.42,33.8,33.93,420630
2020-05-15,34.19,34.26,33.7,33.85,361928
2020-05-18,33.62,34.3,33.51,33.8,363701
2020-05-19,34.4,34.48,34.06,34.27,264304
2020-05-20,34.27,35.03,34.1,34.68,380518
2020-05-21,34.91,35.18,34.66,34.73,362527
2020-05-22,34.49,34.69,33.61,33.63,423964
2020-05-25,33.92,33.94,32.9,33.09,432649
2020-05-26,33.3,33.49,33.09,33.43,322461
2020-05-27,33.57,33.98,33.24,33.43,320833
2020-05-28,33.58,34.7,33.43,34.22,693623
2020-05-29,33.86,34.13,33.7,33.82,372375
2020-06-01,34.15,34.97,34.1,34.82,488237
2020-06-02,34.55,35.26,34.54,35.04,492957
2020-06-03,35.45,36.0,35.02,35.22,610187
2020-06-04,35.5,35.55,35.07,35.15,257561
2020-06-05,35.3,35.47,34.81,35.24,327173
2020-06-08,35.55,36.19,35.5,35.67,501810
2020-06-09,35.61,35.69,35.26,35.53,300931
2020-06-10,35.64,35.65,35.18,35.34,272731
2020-06-11,35.21,35.32,34.31,34.47,588927
2020-06-12,33.99,34.5,33.7,34.5,546616
2020-06-15,34.04,34.18,33.46,33.57,654343
2020-06-16,34.0,34.18,33.81,34.14,381631
2020-06-17,34.0,34.31,33.83,34.2,306278
2020-06-18,33.88,34.06,33.02,33.89,922939
2020-06-19,33.8,34.34,33.6,33.86,679496
2020-06-22,33.66,33.85,33.33,33.5,595815
2020-06-23,33.3,33.54,33.11,33.35,452529
2020-06-24,33.52,33.96,33.51,33.9,479891
2020-06-29,34.17,34.3,33.49,33.64,567297
2020-06-30,33.85,33.96,33.64,33.72,391568
2020-07-01,33.79,34.8,33.61,34.79,799096
2020-07-02,34.65,35.47,34.3,35.3,1245178
2020-07-03,35.4,36.76,35.35,36.74,1535704
2020-07-06,37.18,40.41,37.18,40.41,1874929
2020-07-07,41.8,43.3,40.5,41.06,2016338
2020-07-08,40.9,41.87,39.97,40.5,1827039
2020-07-09,40.51,40.62,39.53,39.91,1693236
2020-07-10,38.71,39.0,37.05,37.25,1528159
2020-07-13,37.01,38.0,36.67,37.3,1634064
2020-07-14,37.07,37.42,36.23,36.51,1310866
2020-07-15,36.99,37.02,35.7,35.86,1341142
2020-07-16,36.05,36.58,35.59,35.6,1429523
2020-07-17,35.87,36.2,35.31,36.08,1169918
2020-07-20,36.1,37.45,35.85,37.27,1594157
2020-07-21,37.27,37.44,36.52,36.84,831621
2020-07-22,36.78,37.1,36.26,36.44,998812
2020-07-23,36.18,36.41,35.25,35.6,1197076
2020-07-24,35.5,35.8,34.13,34.6,1304194
2020-07-27,34.94,34.97,34.01,34.25,893469
2020-07-28,34.66,34.88,34.21,34.58,780351
2020-07-29,34.5,35.35,34.23,35.07,969131
2020-07-30,35.05,35.17,34.48,34.56,798879
2020-07-31,34.6,35.35,34.49,34.8,989895
2020-08-03,35.2,35.39,34.78,35.0,1021858
2020-08-04,35.14,37.15,35.0,36.68,2354404
2020-08-05,36.4,36.66,35.81,36.3,1060660
2020-08-06,36.43,37.33,36.34,37.02,1252429
2020-08-07,36.88,36.88,36.2,36.61,897954
2020-08-10,36.7,37.41,35.89,37.0,1224481
2020-08-11,37.15,38.8,37.15,37.54,1736383
2020-08-12,37.78,38.26,37.03,37.79,930037
2020-08-13,37.85,38.17,37.32,37.33,640487
2020-08-14,37.33,38.08,37.26,38.0,670657
2020-08-17,38.06,39.53,38.06,39.05,1483090
2020-08-18,39.0,39.16,38.53,38.85,573661
2020-08-19,38.84,39.08,38.35,38.35,563937
2020-08-20,38.21,38.23,37.13,37.52,734408
2020-08-21,38.0,38.01,37.46,37.77,561254
2020-08-24,38.08,38.31,37.37,37.5,620989
2020-08-25,37.8,38.2,37.42,37.58,545246
2020-08-26,37.7,37.89,37.01,37.23,627000
2020-08-27,37.23,37.29,36.41,36.9,574815
2020-08-28,36.85,38.45,36.6,38.45,1182942
2020-08-31,38.5,39.0,37.55,37.69,1190314
2020-09-01,37.46,37.7,37.01,37.42,712759
2020-09-02,37.49,37.58,36.8,37.2,797221
2020-09-03,37.12,37.43,36.76,36.98,640480
2020-09-04,36.63,36.89,36.35,36.8,485437
2020-09-07,36.8,37.58,36.69,36.79,616139
2020-09-08,37.18,37.62,37.02,37.59,683545
2020-09-09,37.27,37.95,37.16,37.6,605433
2020-09-10,37.88,37.91,37.37,37.7,550146
2020-09-11,37.87,37.88,37.02,37.24,553105
2020-09-14,37.4,37.58,37.07,37.35,460240
2020-09-15,37.26,38.09,37.23,37.9,530805
2020-09-16,37.96,38.3,37.78,38.06,478875
2020-09-17,38.1,38.47,37.85,37.87,557714
2020-09-18,37.85,38.99,37.8,38.99,1081692
2020-09-21,39.0,39.13,38.6,38.6,501521
2020-09-22,38.5,38.6,37.74,37.88,583117
2020-09-23,37.82,38.05,37.4,37.5,430760
2020-09-24,37.35,37.35,36.9,37.06,540280
2020-09-25,37.1,37.4,37.08,37.18,352252
2020-09-28,37.2,37.65,37.05,37.25,353245
2020-09-29,37.35,37.45,36.27,36.31,796689
2020-09-30,36.3,36.57,35.8,36.0,654661
2020-10-09,36.4,36.8,36.13,36.18,494724
2020-10-12,36.4,37.65,36.3,37.56,998646
2020-10-13,37.48,38.01,37.13,37.79,511416
2020-10-14,37.8,38.1,37.39,38.05,642940
2020-10-15,38.14,39.23,38.05,39.01,1196657
2020-10-16,38.91,40.2,38.88,39.78,1105896
2020-10-19,40.29,41.55,39.89,39.99,981547
2020-10-20,40.0,40.31,39.7,39.97,424368
2020-10-21,40.06,40.87,39.99,40.8,541856
2020-10-22,41.0,42.0,40.33,41.19,644975
2020-10-23,40.91,42.1,40.86,41.22,551834
2020-10-26,41.66,41.66,40.08,40.62,504540
2020-10-27,40.62,41.25,40.33,40.45,458832
2020-10-28,40.63,41.08,39.61,40.1,693557
2020-10-29,39.75,40.86,39.67,40.19,523070
2020-10-30,40.5,41.15,39.58,39.81,438423
2020-11-02,40.49,40.7,39.18,40.25,516928
2020-11-03,40.7,42.1,40.7,41.24,870690
2020-11-04,42.12,43.09,41.38,42.93,884501
2020-11-05,43.1,43.71,42.38,42.79,680487
2020-11-06,42.8,42.85,42.09,42.48,463645
2020-11-09,42.99,43.47,42.6,43.03,497142
2020-11-10,43.77,44.38,43.4,43.72,562079
2020-11-11,44.0,44.35,43.51,44.35,526970
2020-11-12,44.0,44.44,43.35,43.58,471594
2020-11-13,43.2,43.2,41.81,42.58,544863
2020-11-16,42.95,43.1,42.65,43.0,389432
2020-11-17,43.0,44.0,42.8,43.84,472856
2020-11-18,43.6,45.0,43.41,44.75,628202
2020-11-19,44.53,45.0,43.99,44.87,477342
2020-11-20,44.76,45.3,44.51,45.05,314688
2020-11-23,45.05,45.58,44.82,45.4,584621
2020-11-24,45.0,45.3,44.53,44.87,399467
2020-11-25,45.52,45.57,44.17,44.43,378072
2020-11-26,44.47,45.38,44.47,45.09,351534
2020-11-27,45.4,45.97,44.7,45.85,446078
2020-11-30,45.85,47.77,44.03,44.2,1153602
2020-12-01,44.4,46.55,44.39,46.2,780728
2020-12-02,46.0,47.03,45.26,46.8,619944
2020-12-03,46.75,47.1,45.5,46.49,502376
2020-12-04,46.47,46.6,45.11,45.78,461155
2020-12-07,45.7,45.75,44.1,44.42,704825
2020-12-08,44.39,44.76,44.0,44.26,377167
2020-12-09,44.37,44.93,44.22,44.24,375195
2020-12-10,44.04,44.63,43.8,44.28,368874
2020-12-11,44.25,44.27,42.68,42.68,771435
2020-12-14,43.32,44.66,43.32,44.37,607427
2020-12-15,44.45,44.94,43.44,44.35,438792
2020-12-16,44.79,44.85,43.88,44.06,367902
2020-12-17,43.9,44.17,43.35,44.05,502329
2020-12-18,44.09,44.39,42.8,43.1,760600
2020-12-21,43.04,43.15,42.31,42.89,623851
2020-12-22,42.99,43.0,41.87,41.91,784686
2020-12-23,41.71,42.41,41.71,42.32,711820
2020-12-24,42.35,43.1,42.32,42.57,482110
2020-12-25,42.55,42.9,41.98,42.72,476732
2020-12-28,42.75,43.32,42.23,43.04,841409
2020-12-29,43.26,43.29,42.65,42.83,727148
2020-12-30,42.87,43.05,41.9,43.05,933496
2020-12-31,43.05,44.35,42.85,43.95,891199
2021-01-04,43.23,43.78,42.02,43.17,1549523
2021-01-05,42.76,42.8,41.44,42.18,1387177
2021-01-06,42.1,44.2,42.0,44.15,1200646
2021-01-07,44.29,45.97,44.26,45.9,1078322
2021-01-08,46.29,47.02,45.81,46.6,1299595
2021-01-11,46.58,49.17,46.49,48.42,1445234
2021-01-12,48.55,50.05,47.56,49.7,1044486
2021-01-13,49.31,49.98,48.88,49.4,649110
2021-01-14,49.4,50.08,48.56,49.05,703771
2021-01-15,50.5,53.89,50.48,51.14,1775745
2021-01-18,51.5,53.08,51.2,51.92,1237642
2021-01-19,52.3,53.23,51.49,51.85,901880
2021-01-20,52.1,53.12,50.99,51.72,792281
2021-01-21,52.97,53.5,52.15,52.64,736715
2021-01-22,52.85,52.85,51.0,51.64,870001
2021-01-25,51.1,52.46,50.1,52.11,865362
2021-01-26,52.0,53.1,51.0,51.4,601175
2021-01-27,51.61,52.9,51.61,52.0,609232
2021-01-28,51.0,51.75,50.8,51.61,523870
2021-01-29,52.18,52.46,50.81,51.1,621489
2021-02-01,51.0,52.78,50.48,52.4,796626
2021-02-02,52.35,52.8,51.6,51.97,720306
2021-02-03,52.07,54.0,51.49,53.05,765876
2021-02-04,52.87,55.2,52.61,53.5,969110
2021-02-05,54.06,55.94,53.7,54.74,1151578
2021-02-08,55.19,55.6,53.69,55.26,816378
2021-02-09,55.38,55.38,54.25,55.26,619005
2021-02-10,56.3,56.4,53.95,54.55,753508
2021-02-18,55.65,57.6,55.19,55.69,1070913
2021-02-19,55.65,56.71,54.88,55.2,710182
2021-02-22,55.27,55.74,53.36,54.2,801511
2021-02-23,54.29,56.73,54.2,55.55,952991
2021-02-24,55.85,55.85,52.85,53.6,844322
2021-02-25,54.5,55.5,53.91,54.45,886187
2021-02-26,53.6,54.45,50.86,51.1,1327289
2021-03-01,51.11,51.3,50.03,50.39,894184
2021-03-02,50.86,50.9,49.01,49.55,1007786
2021-03-03,50.0,52.98,49.6,52.77,1315933
2021-03-04,52.19,53.88,52.0,52.4,833039
2021-03-05,51.9,52.39,50.11,51.4,735196
2021-03-08,51.59,51.98,49.7,49.93,698138
2021-03-09,50.02,50.98,48.18,48.5,983222
2021-03-10,49.01,50.0,48.55,49.25,675910
2021-03-11,50.0,52.25,50.0,51.97,904210
2021-03-12,52.35,53.39,52.13,53.32,855808
2021-03-15,52.98,54.79,52.64,53.11,939319
2021-03-16,53.9,55.25,53.5,54.32,697163
2021-03-17,53.95,54.32,53.3,53.4,532315
2021-03-18,53.3,54.3,52.9,54.24,482793
2021-03-19,54.02,54.46,51.54,51.76,776284
2021-03-22,52.2,54.72,52.1,53.78,791695
2021-03-23,53.89,54.45,52.82,53.48,595923
2021-03-24,53.96,54.0,51.62,52.2,575013
2021-03-25,52.66,52.89,50.56,51.01,784538
2021-03-26,51.45,51.82,50.73,51.6,709475
2021-03-29,51.7,51.8,50.55,50.94,779804
2021-03-30,51.1,51.56,50.43,51.56,569402
2021-03-31,51.5,51.5,50.14,51.1,521650
2021-04-01,51.09,51.28,50.7,51.05,337195
2021-04-02,51.18,51.25,50.65,50.95,411534
2021-04-06,51.1,51.83,50.8,50.99,444002
2021-04-07,51.15,51.15,50.02,50.43,500610
2021-04-08,50.2,50.63,50.05,50.5,295011
2021-04-09,50.72,50.72,49.86,50.25,315068
2021-04-12,50.29,50.65,49.69,50.46,414742
2021-04-13,50.5,51.2,49.94,50.32,490399
2021-04-14,50.58,50.6,49.28,49.7,554384
2021-04-15,49.72,49.98,48.28,49.44,572965
2021-04-16,49.72,49.85,49.09,49.74,315583
2021-04-19,49.9,51.78,49.5,51.77,679321
2021-04-20,51.01,52.19,51.01,51.99,355744
2021-04-21,52.06,53.19,52.03,52.89,524464
2021-04-22,52.89,53.3,52.17,52.61,429271
2021-04-23,52.7,53.5,52.31,53.3,471049
2021-04-26,54.0,54.5,51.7,52.07,916257
2021-04-27,51.95,52.43,51.58,52.07,363299
2021-04-28,52.2,52.38,51.48,51.76,389855
2021-04-29,52.0,53.35,51.29,53.28,552745
2021-04-30,52.8,53.18,51.81,52.7,450688
2021-05-06,52.7,54.38,52.48,53.67,638353
2021-05-07,53.88,55.2,53.31,54.18,723684
2021-05-10,54.2,54.25,53.01,53.9,492240
2021-05-11,53.45,54.15,53.28,53.84,328533
2021-05-12,53.85,54.65,53.07,53.69,317497
2021-05-13,53.49,54.45,52.84,53.2,391206
2021-05-14,53.49,55.0,52.8,54.98,578814
2021-05-17,55.0,56.49,54.65,55.65,526684
2021-05-18,55.98,56.39,55.7,55.95,293351
2021-05-19,56.0,56.08,54.51,54.8,357293
2021-05-20,55.1,55.52,54.32,55.47,342105
2021-05-21,55.87,55.9,53.8,54.11,514865
2021-05-24,54.2,54.7,53.77,54.08,445399
2021-05-25,54.19,57.62,53.93,57.55,968502
2021-05-26,57.65,58.56,57.61,58.5,613062
2021-05-27,58.0,58.78,56.81,57.95,519037
2021-05-28,58.0,58.85,57.61,58.5,410141
2021-05-31,58.21,58.36,57.0,58.19,361657
2021-06-01,57.7,57.76,56.9,57.36,474268
2021-06-02,57.25,57.69,56.88,57.58,405820
2021-06-03,57.5,58.33,56.19,56.28,490673
2021-06-04,56.05,58.92,56.02,57.53,608329
2021-06-07,57.21,57.25,56.5,57.0,324897
2021-06-08,56.95,57.94,56.01,56.7,476166
2021-06-09,56.7,57.36,56.28,56.47,391410
2021-06-10,56.49,57.46,56.26,56.35,481135
2021-06-11,56.41,56.75,55.08,56.33,682089
2021-06-15,55.83,55.83,54.12,54.8,529241
2021-06-16,54.8,56.36,54.5,55.6,518772
2021-06-17,55.52,56.0,54.86,55.12,319019
2021-06-18,54.75,55.7,54.07,54.69,427117
2021-06-21,54.3,54.79,53.12,53.69,579716
2021-06-22,53.86,55.58,53.86,55.46,643592
2021-06-23,55.38,55.47,54.48,54.82,408720
2021-06-24,54.82,55.1,54.13,55.0,363604
2021-06-25,55.0,56.55,54.78,56.4,469560
2021-06-28,56.2,56.29,54.03,54.7,698825
2021-06-29,54.2,54.85,53.7,53.8,532449
2021-06-30,53.9,54.44,53.86,54.19,357304
2021-07-01,54.21,56.0,53.8,56.0,652987
2021-07-02,55.0,55.2,52.7,53.05,929819
2021-07-05,52.94,53.09,51.5,52.94,568609
2021-07-06,53.0,53.54,52.41,53.54,452507
2021-07-07,53.3,53.91,53.01,53.43,365978
2021-07-08,53.76,53.76,50.0,50.35,1554189
2021-07-09,50.35,50.91,49.51,49.9,827019
2021-07-12,50.6,51.14,49.8,50.4,839564
2021-07-13,49.5,50.8,48.71,49.97,594450
2021-07-14,49.8,49.88,47.92,48.95,885514
2021-07-15,49.0,51.46,48.97,51.05,877273
2021-07-16,50.76,51.6,50.42,51.0,462104
2021-07-19,51.0,51.2,49.41,50.83,469631
2021-07-20,50.45,51.49,49.61,49.91,446889
2021-07-21,50.02,50.57,49.25,49.7,506319
2021-07-22,49.69,51.1,49.38,50.25,592356
2021-07-23,50.33,50.65,49.5,50.05,420353
2021-07-26,49.62,49.65,47.55,47.7,749930
2021-07-27,47.65,47.93,45.8,46.17,749495
2021-07-28,46.31,48.34,46.31,47.47,847310
2021-07-29,48.2,48.3,47.5,47.95,642745
2021-07-30,47.75,47.8,46.11,46.5,591959
2021-08-02,46.8,48.22,45.21,47.71,836147
2021-08-03,47.6,48.1,46.95,47.59,518758
2021-08-04,47.58,47.95,46.8,47.0,511500
2021-08-05,46.68,47.3,46.09,46.75,442303
2021-08-06,46.47,47.8,46.1,47.59,507558
2021-08-09,47.58,50.0,47.58,49.06,730430
2021-08-10,49.08,50.53,48.56,50.21,663575
2021-08-11,50.21,51.77,50.0,50.9,568555
2021-08-12,50.7,51.5,50.41,50.68,397182
2021-08-13,50.71,51.35,50.31,51.18,467405
2021-08-16,51.2,51.24,49.5,50.87,744140
2021-08-17,50.87,51.4,49.52,49.62,603232
2021-08-18,49.99,53.57,49.92,53.14,1231242
2021-08-19,52.8,53.1,51.36,51.58,676301
2021-08-20,51.74,52.57,49.9,51.03,693765
2021-08-23,51.48,52.87,51.21,51.89,539017
2021-08-24,52.02,52.85,51.01,52.2,528277
2021-08-25,52.58,52.71,51.21,51.43,407381
2021-08-26,51.93,51.93,49.48,49.6,763035
2021-08-27,49.7,50.82,49.5,50.35,386142
2021-08-30,50.35,50.35,47.61,48.45,1079682
2021-08-31,48.45,49.45,47.85,48.96,710440
2021-09-01,48.88,50.95,48.6,50.79,826055
2021-09-02,50.69,51.88,50.3,51.6,726201
2021-09-03,51.7,52.33,50.41,52.0,642573
2021-09-06,51.51,52.75,51.18,51.2,547428
2021-09-07,51.29,53.08,50.45,52.81,772320
2021-09-08,52.72,53.55,52.26,52.41,553907
2021-09-09,52.1,52.68,51.68,52.1,357800
2021-09-10,52.0,54.52,51.75,54.12,1070978
2021-09-13,53.67,54.5,53.5,53.92,592830
2021-09-14,54.3,54.89,51.8,52.1,631166
2021-09-15,52.0,52.49,50.8,51.4,542338
2021-09-16,51.23,51.83,50.21,50.7,629896
2021-09-17,50.78,51.54,50.5,51.25,420165
2021-09-22,48.68,49.98,48.1,49.41,1122596
2021-09-23,49.5,50.53,48.61,48.84,861025
2021-09-24,48.45,49.33,48.4,48.77,532039
2021-09-27,48.29,49.8,48.21,49.09,667905
2021-09-28,49.1,50.98,49.09,50.42,709925
2021-09-29,49.95,52.17,49.61,51.56,904610
2021-09-30,51.4,51.43,50.1,50.45,586118
2021-10-08,50.02,51.08,50.02,50.93,645553
2021-10-11,51.44,54.18,51.44,53.0,971779
2021-10-12,52.7,53.79,52.3,53.09,589373
2021-10-13,52.95,53.4,52.05,53.03,442557
2021-10-14,52.99,53.25,52.2,52.36,288996
2021-10-15,52.45,53.44,52.35,53.31,420358
2021-10-18,53.31,53.35,51.55,51.86,577945
2021-10-19,52.25,53.32,52.0,52.88,481693
2021-10-20,53.21,53.64,52.28,52.4,305710
2021-10-21,52.85,54.0,52.6,53.75,576587
2021-10-22,54.09,54.8,53.73,54.29,547151
2021-10-25,53.83,54.93,53.1,54.59,623341
2021-10-26,54.59,56.23,54.3,55.3,715424
2021-10-27,55.2,55.2,53.83,54.52,420394
2021-10-28,54.3,55.0,53.85,54.22,346232
2021-10-29,54.22,54.75,53.7,53.97,405439
2021-11-01,54.0,54.9,53.3,54.12,425018
2021-11-02,54.35,54.49,51.67,52.25,752206
2021-11-03,52.35,52.49,51.67,51.7,444372
2021-11-04,52.0,52.1,51.28,51.75,482915
2021-11-05,51.72,52.11,51.42,51.56,361974
2021-11-08,51.32,51.9,50.8,51.3,386749
2021-11-09,51.4,51.7,50.6,51.06,387884
2021-11-10,51.06,51.15,50.04,50.63,558071
2021-11-11,50.55,52.87,50.46,52.82,849732
2021-11-12,52.82,53.18,52.25,52.4,343597
2021-11-15,52.79,53.61,52.37,52.93,366950
2021-11-16,52.9,53.38,52.16,52.5,322315
2021-11-17,52.22,52.83,51.81,51.84,339386
2021-11-18,51.8,52.0,51.0,51.41,342443
2021-11-19,51.48,52.74,51.11,52.33,464668
2021-11-22,52.1,52.34,51.59,51.69,376538
2021-11-23,51.75,52.3,51.44,51.75,389149
2021-11-24,51.59,51.9,51.17,51.74,315040
2021-11-25,51.7,51.7,51.24,51.42,215660
2021-11-26,51.2,51.45,49.88,50.1,823357
2021-11-29,49.78,50.1,48.82,49.82,827247
2021-11-30,49.48,49.85,48.91,49.49,610043
2021-12-01,49.48,50.2,49.28,49.99,500361
2021-12-02,50.01,51.0,49.49,50.89,556070
2021-12-03,51.07,51.28,50.47,51.25,494076
2021-12-06,51.49,52.4,51.33,51.82,604716
2021-12-07,52.29,52.58,51.1,51.84,540774
2021-12-08,51.98,52.28,51.4,52.04,490975
2021-12-09,52.25,53.84,51.8,53.13,840557
2021-12-10,52.9,53.49,52.68,53.49,564263
2021-12-13,53.56,54.2,52.41,52.42,645546
2021-12-14,52.32,52.5,50.85,51.15,810629
2021-12-15,51.0,51.34,50.78,51.0,378493
2021-12-16,50.91,51.3,50.61,51.2,383653
2021-12-17,51.09,51.4,50.66,50.77,476449
2021-12-20,50.7,51.3,50.39,50.69,470826
2021-12-21,50.65,50.99,50.3,50.63,356944
2021-12-22,50.63,50.75,49.88,50.01,436828
2021-12-23,50.11,50.26,49.68,50.22,423709
2021-12-24,50.22,50.22,49.84,49.86,344651
2021-12-27,49.87,50.06,49.0,49.33,735943
2021-12-28,49.33,49.8,49.2,49.63,653221
2021-12-29,49.67,49.72,47.61,47.62,1438903
2021-12-30,47.89,48.78,47.66,48.5,967917
2021-12-31,48.54,48.88,48.33,48.71,492935
2022-01-04,48.71,48.71,47.51,48.35,719606
2022-01-05,48.49,49.68,48.4,49.05,837174
2022-01-06,48.82,49.39,48.1,48.15,681867
2022-01-07,48.14,49.14,48.04,49.05,660737
2022-01-10,49.47,50.0,48.91,49.23,570936
2022-01-11,49.49,50.1,48.89,49.85,715617
2022-01-12,49.87,50.1,49.19,49.76,518411
2022-01-13,49.85,50.05,49.12,49.34,401408
2022-01-14,49.47,49.47,48.0,48.02,666571
2022-01-17,48.37,48.85,47.89,48.58,531808
2022-01-18,48.65,49.34,48.28,49.01,579077
2022-01-19,49.47,49.98,49.11,49.7,620280
2022-01-20,49.88,51.89,49.88,51.37,1386249
2022-01-21,51.39,52.0,51.21,51.82,858081
2022-01-24,51.95,52.0,51.03,51.85,638155
2022-01-25,51.55,51.79,50.7,50.9,583513
2022-01-26,51.25,51.49,50.6,51.0,436696
2022-01-27,50.9,51.18,50.12,50.77,529401
2022-01-28,51.05,51.2,49.15,49.21,715144
2022-02-07,50.3,51.5,50.13,51.35,732349
2022-02-08,51.55,52.0,50.99,51.71,528242
2022-02-09,51.9,52.34,51.28,51.62,512207
2022-02-10,51.9,51.9,51.0,51.71,335542
2022-02-11,51.82,53.0,51.65,52.76,809933
2022-02-14,52.99,52.99,51.0,51.2,594052
2022-02-15,50.95,51.38,49.95,50.22,566179
2022-02-16,50.56,51.36,50.23,51.07,404956
2022-02-17,51.27,51.98,50.92,51.46,441570
2022-02-18,51.25,52.11,51.25,52.06,354390
2022-02-21,51.83,51.89,51.01,51.76,313451
2022-02-22,51.08,51.35,50.74,51.22,369840
2022-02-23,51.46,51.46,50.65,50.83,375000
2022-02-24,50.55,50.58,49.85,50.02,482381
2022-02-25,50.04,50.5,49.55,49.81,451841
2022-02-28,49.59,49.94,49.31,49.8,335290
2022-03-01,50.0,50.5,49.36,50.24,406454
2022-03-02,49.8,50.23,49.44,49.47,397076
2022-03-03,49.58,49.97,49.45,49.73,311290
2022-03-04,49.25,49.39,48.5,48.7,577897
2022-03-07,48.01,48.26,46.5,46.76,1014354
2022-03-08,46.56,46.77,45.2,45.48,834665
2022-03-09,45.6,45.73,43.01,44.39,900431
2022-03-10,45.6,45.7,44.63,44.7,671496
2022-03-11,44.5,44.79,43.1,44.45,740525
2022-03-14,43.5,43.98,42.1,42.15,1080466
2022-03-15,41.61,41.61,39.18,39.45,1313092
2022-03-16,40.06,42.8,39.91,42.58,1377449
2022-03-17,44.15,45.17,43.67,44.51,1319648
2022-03-18,44.6,46.17,44.02,46.17,923585
2022-03-21,45.89,45.89,44.6,44.81,791032
2022-03-22,45.04,45.86,44.82,45.53,549038
2022-03-23,45.69,45.97,45.3,45.76,469960
2022-03-24,45.6,46.09,45.36,45.77,380332
2022-03-25,45.71,45.95,45.0,45.18,318259
2022-03-28,44.84,45.5,44.25,45.05,386459
2022-03-29,45.15,45.55,44.91,45.01,349621
2022-03-30,45.36,46.3,45.35,46.23,520723
2022-03-31,45.99,47.12,45.82,46.8,615885
2022-04-01,46.49,47.47,46.28,47.1,476139
2022-04-06,46.4,47.73,46.38,47.39,478269
2022-04-07,47.35,47.59,46.58,46.86,377201
2022-04-08,46.7,47.18,46.6,47.18,364235
2022-04-11,46.71,46.87,45.59,45.9,492612
2022-04-12,46.2,46.46,45.11,45.7,588840
2022-04-13,45.7,46.1,45.31,45.75,448223
2022-04-14,46.01,46.43,45.75,45.76,326613
2022-04-15,45.7,47.0,45.49,46.83,423159
2022-04-18,45.96,45.96,42.78,43.39,2366775
2022-04-19,42.0,42.75,41.4,42.1,2504770
2022-04-20,41.8,41.98,40.9,41.1,1318269
2022-04-21,40.7,42.1,40.6,41.28,1143501
2022-04-22,40.66,42.97,40.65,42.5,1195340
2022-04-25,40.38,40.95,38.72,38.83,2368745
2022-04-26,38.86,39.16,37.6,38.41,1454719
2022-04-27,37.83,38.63,37.61,38.04,1546208
2022-04-28,38.06,40.08,37.95,39.62,1564523
2022-04-29,39.1,40.21,38.72,39.93,1236929
2022-05-05,39.66,40.18,39.02,39.26,944251
2022-05-06,38.7,38.75,37.9,37.91,889455
2022-05-09,37.8,37.82,36.15,36.47,1252406
2022-05-10,35.98,37.16,35.26,36.98,1217637
2022-05-11,36.83,37.56,36.6,37.21,872399
2022-05-12,36.8,37.06,36.43,36.61,630023
2022-05-13,36.98,37.6,36.9,37.15,701301
2022-05-16,37.13,37.13,36.44,36.89,644742
2022-05-17,37.36,38.63,37.36,38.6,1183954
2022-05-18,39.0,39.08,37.9,38.5,887755
2022-05-19,37.89,38.25,37.52,38.03,542011
2022-05-20,38.75,40.18,38.75,39.96,1338872
2022-05-23,39.97,40.05,39.45,39.49,618088
2022-05-24,39.6,39.83,38.84,38.9,687430
2022-05-25,38.98,39.1,38.64,38.78,489025
2022-05-26,39.0,39.0,38.08,38.43,615430
2022-05-27,38.9,39.41,38.73,39.12,608396
2022-05-30,39.5,39.5,38.79,39.07,471537
2022-05-31,39.05,39.75,38.8,39.69,645404
2022-06-01,39.7,39.7,39.27,39.69,433834
2022-06-02,39.3,39.43,38.74,38.92,547281
2022-06-06,38.85,39.03,38.1,38.97,698703
2022-06-07,38.96,39.5,38.67,39.35,622726
2022-06-08,39.36,39.6,39.02,39.53,596931
2022-06-09,39.5,40.6,39.41,40.29,908607
2022-06-10,39.91,40.16,39.5,40.12,795394
2022-06-13,39.56,39.56,38.34,38.57,971312
2022-06-14,38.2,39.3,38.11,39.24,598362
2022-06-15,39.19,41.1,39.19,40.48,1394895
2022-06-16,40.88,40.98,39.96,39.96,636883
2022-06-17,39.84,40.17,39.27,39.85,550731
2022-06-20,39.89,40.1,39.4,39.7,614206
2022-06-21,39.74,40.65,39.45,40.33,583914
2022-06-22,40.4,40.47,39.3,39.31,730712
2022-06-23,39.32,40.21,39.32,40.14,616030
2022-06-24,40.27,40.59,39.66,40.2,639950
2022-06-27,40.33,41.36,40.15,41.25,893408
2022-06-28,41.1,41.42,40.9,41.28,499164
2022-06-29,41.27,41.71,40.99,41.01,622804
2022-06-30,41.04,42.7,40.96,42.2,832628
2022-07-01,42.38,42.38,41.21,41.38,695748
2022-07-04,41.28,41.37,40.8,41.05,486918
2022-07-05,41.46,41.67,40.76,40.98,534538
2022-07-06,40.96,41.09,39.6,39.8,885266
2022-07-07,39.8,40.17,39.55,39.75,508129
2022-07-08,40.2,40.22,39.63,39.81,480361
2022-07-11,39.58,39.69,39.2,39.44,403755
2022-07-12,39.36,39.8,39.03,39.3,580630
2022-07-13,39.07,39.25,37.69,37.9,1410831
2022-07-14,37.17,37.19,35.5,36.48,2325234
2022-07-15,35.1,35.96,34.86,34.87,1382452
2022-07-18,35.15,35.84,35.01,35.63,903080
2022-07-19,35.5,35.85,35.2,35.71,537814
2022-07-20,35.94,36.12,35.71,35.85,469689
2022-07-21,35.54,35.83,35.37,35.46,466241
2022-07-22,35.55,36.05,35.25,35.59,510333
2022-07-25,35.38,35.98,35.22,35.85,404649
2022-07-26,35.85,36.35,35.79,36.33,456285
2022-07-27,36.23,36.35,35.91,36.05,442471
2022-07-28,36.1,36.35,35.75,35.78,570668
2022-07-29,35.83,36.18,35.01,35.07,649706
2022-08-01,34.99,35.01,34.45,34.52,705883
2022-08-02,34.2,34.21,33.33,33.91,811608
2022-08-03,33.9,34.49,32.95,33.06,1003206
2022-08-04,33.33,33.7,33.23,33.66,593073
2022-08-05,33.81,34.34,33.62,34.3,488719
2022-08-08,34.19,34.49,33.62,33.91,572112
2022-08-09,33.95,33.95,33.4,33.6,498671
2022-08-10,33.56,33.7,33.03,33.15,529605
2022-08-11,33.46,34.4,33.18,34.36,826688
2022-08-12,34.16,34.44,34.03,34.37,402001
2022-08-15,34.1,34.33,33.53,33.73,459181
2022-08-16,33.86,34.37,33.75,33.91,479155
2022-08-17,34.0,34.33,33.54,34.24,453955
2022-08-18,34.13,34.17,33.44,33.72,507344
2022-08-19,33.48,34.15,33.46,33.85,428450
2022-08-22,33.54,34.12,33.5,33.62,525635
2022-08-23,33.59,33.6,33.02,33.1,539657
2022-08-24,33.14,33.44,32.8,32.84,589659
2022-08-25,32.9,33.77,32.59,33.69,650739
2022-08-26,33.7,34.04,33.33,33.7,549683
2022-08-29,33.31,33.82,33.11,33.28,389014
2022-08-30,33.11,33.87,33.08,33.79,590877
2022-08-31,33.54,35.24,33.47,35.05,1665451
2022-09-01,34.86,35.04,34.49,34.5,607421
2022-09-02,34.6,34.9,34.12,34.32,476635
2022-09-05,34.25,34.39,33.56,34.23,467372
2022-09-06,34.32,34.75,33.5,33.62,877561
2022-09-07,33.35,33.48,33.06,33.38,625220
2022-09-08,33.37,33.53,33.25,33.3,416672
2022-09-09,33.45,34.76,33.38,34.5,1351666
2022-09-13,34.45,35.65,34.29,35.35,1438611
2022-09-14,34.9,35.3,34.71,34.86,560786
2022-09-15,35.15,36.06,35.15,36.01,1340950
2022-09-16,35.69,36.0,34.92,34.95,865161
2022-09-19,34.89,35.32,34.75,35.09,449981
2022-09-20,35.1,35.19,34.35,34.54,504346
2022-09-21,34.45,34.88,33.86,34.41,530389
2022-09-22,34.0,34.25,33.91,34.17,385146
2022-09-23,34.0,34.66,34.0,34.36,366437
2022-09-26,34.02,34.52,33.84,33.95,525491
2022-09-27,33.89,34.05,33.44,33.9,475414
2022-09-28,33.79,34.0,33.42,33.67,487299
2022-09-29,33.99,34.32,33.0,33.15,617859
2022-09-30,33.26,33.95,33.12,33.65,539717
2022-10-10,32.99,33.09,31.25,31.8,1277991
2022-10-11,31.79,32.07,31.31,31.4,618664
2022-10-12,31.25,31.3,30.05,30.95,1173700
2022-10-13,30.47,30.56,29.7,29.89,1350381
2022-10-14,30.3,31.22,30.1,31.08,1269197
2022-10-17,30.7,31.18,30.54,31.02,646310
2022-10-18,31.3,31.38,30.7,30.8,562814
2022-10-19,30.72,31.07,30.21,30.26,528275
2022-10-20,30.0,30.45,29.88,30.07,551154
2022-10-21,30.15,30.27,29.5,29.58,728711
2022-10-24,29.39,29.49,28.0,28.02,1451458
2022-10-25,28.02,28.47,27.81,28.19,860282
2022-10-26,27.98,28.32,27.76,27.93,754022
2022-10-27,28.2,28.44,27.9,27.94,762866
2022-10-28,27.6,28.0,26.99,27.18,949464
2022-10-31,26.9,27.13,26.3,26.82,953033
2022-11-01,27.1,28.25,27.01,28.19,1059019
2022-11-02,28.16,28.7,27.85,28.42,728361
2022-11-03,28.35,28.38,27.88,28.05,501722
2022-11-04,28.05,29.25,27.99,29.08,926830
2022-11-07,28.8,29.43,28.62,29.16,545380
2022-11-08,29.2,29.38,28.94,29.15,439782
2022-11-09,29.15,29.55,29.0,29.18,463060
2022-11-10,29.0,29.3,28.77,29.19,400046
2022-11-11,30.1,31.8,29.71,31.24,1688717
2022-11-14,32.5,33.69,32.33,33.14,2049685
2022-11-15,33.15,33.83,32.75,33.28,913305
2022-11-16,33.26,33.48,32.86,33.38,614594
2022-11-17,33.3,33.3,32.0,32.31,1037152
2022-11-18,32.29,32.68,31.83,32.07,562732
2022-11-21,31.6,31.97,31.05,31.87,479104
2022-11-22,32.07,32.88,31.8,32.45,654167
2022-11-23,32.33,32.95,32.15,32.22,577644
2022-11-24,32.6,32.87,32.08,32.22,406301
2022-11-25,32.21,33.22,32.18,33.02,830122
2022-11-28,32.1,32.11,31.45,31.96,809377
2022-11-29,32.79,34.91,32.75,34.86,1753187
2022-11-30,34.33,35.44,34.2,34.96,873325
2022-12-01,35.9,36.5,34.85,35.0,831397
2022-12-02,35.0,35.0,34.16,34.39,598462
2022-12-05,34.97,36.1,34.61,36.1,1050604
2022-12-06,35.91,35.98,35.42,35.85,651104
2022-12-07,35.8,35.95,35.3,35.32,564606
2022-12-08,35.25,35.77,35.16,35.45,443552
2022-12-09,35.8,36.93,35.63,36.75,958163
2022-12-12,36.41,36.6,35.68,35.79,606262
2022-12-13,35.73,36.26,35.61,36.14,382904
2022-12-14,36.14,37.04,36.02,36.91,644362
2022-12-15,36.62,36.96,36.22,36.33,403403
2022-12-16,36.3,37.2,36.3,37.09,607820
2022-12-19,37.1,37.34,36.25,36.5,547843
2022-12-20,36.24,36.55,35.3,35.72,702911
2022-12-21,35.99,36.23,35.71,35.95,330498
2022-12-22,36.53,36.85,36.25,36.5,359715
2022-12-23,36.29,36.8,36.15,36.37,330584
2022-12-26,36.35,36.8,35.89,35.95,360474
2022-12-27,36.45,36.98,36.33,36.67,367907
2022-12-28,36.67,37.52,36.58,37.33,528860
2022-12-29,36.9,37.32,36.65,37.23,513629
2022-12-30,37.34,37.63,37.19,37.26,523228
2023-01-03,37.08,37.78,36.53,37.58,606266
2023-01-04,37.78,38.83,37.53,38.65,836454
2023-01-05,38.99,39.27,38.4,38.5,619085
2023-01-06,38.66,38.93,37.89,38.38,590007
2023-01-09,38.41,39.1,38.41,38.8,499149
2023-01-10,38.78,38.8,38.16,38.25,541972
2023-01-11,38.38,39.18,38.14,38.92,541707
2023-01-12,39.11,39.15,38.73,39.05,304349
2023-01-13,39.07,39.66,38.97,39.66,463767
2023-01-16,40.0,41.14,39.8,40.47,880469
2023-01-17,40.45,40.94,40.28,40.68,432047
2023-01-18,40.65,40.95,40.23,40.38,294675
2023-01-19,40.2,40.8,39.92,40.65,472490
2023-01-20,40.98,41.1,40.68,41.05,413403
2023-01-30,42.55,42.63,41.85,42.03,1007007
2023-01-31,42.35,42.35,41.21,41.21,642312
2023-02-01,41.64,41.69,39.95,40.54,916791
2023-02-02,40.7,40.75,39.55,40.03,727233
2023-02-03,39.79,39.79,39.01,39.3,638164
2023-02-06,38.72,38.74,37.88,38.35,731001
2023-02-07,38.5,38.94,38.16,38.41,426571
2023-02-08,38.5,38.92,38.36,38.49,317065
2023-02-09,38.42,38.89,38.32,38.49,498175
2023-02-10,38.3,38.39,37.9,38.16,411026
2023-02-13,37.9,37.98,37.07,37.72,825181
2023-02-14,37.78,38.06,37.51,38.0,486077
2023-02-15,38.0,38.09,37.0,37.17,771048
2023-02-16,37.2,37.85,37.02,37.27,654152
2023-02-17,37.15,37.38,36.68,36.71,575813
2023-02-20,36.82,38.51,36.82,38.49,1080228
2023-02-21,38.43,38.82,38.13,38.69,530465
2023-02-22,38.46,38.6,38.14,38.16,383091
2023-02-23,38.16,38.77,38.16,38.27,370638
2023-02-24,38.17,38.25,37.4,37.46,533690
2023-02-27,37.27,37.58,37.09,37.16,449334
2023-02-28,37.17,37.48,36.85,37.31,378226
2023-03-01,37.25,38.34,37.2,38.25,571194
2023-03-02,38.04,38.5,37.77,38.25,349070
2023-03-03,38.5,38.77,37.9,38.25,357114
2023-03-06,38.02,38.23,36.91,37.0,810519
2023-03-07,36.89,37.48,36.41,36.56,737411
2023-03-08,36.25,36.32,35.8,36.0,616584
2023-03-09,36.0,36.08,35.5,35.58,539996
2023-03-10,35.05,35.66,34.95,35.03,558454
2023-03-13,34.92,35.38,34.71,35.05,584205
2023-03-14,34.68,34.93,34.34,34.58,626668
2023-03-15,35.15,35.71,34.88,34.88,676384
2023-03-16,34.5,35.15,34.21,34.65,403895
2023-03-17,35.02,35.37,34.02,34.36,832716
2023-03-20,34.44,34.91,34.02,34.12,520725
2023-03-21,34.21,34.5,34.01,34.23,367475
2023-03-22,34.52,34.73,34.28,34.54,459867
2023-03-23,34.4,35.34,34.32,35.2,542146
2023-03-24,34.98,34.98,34.23,34.43,678718
2023-03-27,34.6,34.6,34.05,34.21,449836
2023-03-28,34.41,34.72,34.18,34.4,533234
2023-03-29,34.61,34.7,34.1,34.12,418630
2023-03-30,34.15,34.39,33.71,34.35,562290
2023-03-31,34.36,34.82,34.14,34.27,577794
2023-04-03,34.31,34.45,33.98,34.37,504675
2023-04-04,34.38,34.42,34.06,34.28,487821
2023-04-06,34.17,34.17,33.73,33.8,486796
2023-04-07,33.85,34.26,33.75,34.14,394141
2023-04-10,34.15,34.3,33.97,34.24,330159
2023-04-11,34.24,34.34,33.63,33.73,733992
2023-04-12,33.89,33.95,33.66,33.74,416128
2023-04-13,33.65,34.24,33.25,34.01,634305
2023-04-14,34.2,34.79,34.02,34.39,693923
2023-04-17,34.32,35.2,34.1,35.2,893730
2023-04-18,35.21,36.35,35.12,35.68,942715
2023-04-19,35.84,35.84,35.3,35.5,510886
2023-04-20,35.6,35.74,34.86,34.99,680915
2023-04-21,34.99,35.18,34.43,34.5,531591
2023-04-24,34.52,34.69,33.51,33.6,729874
2023-04-25,33.61,34.14,33.51,34.03,512213
2023-04-26,33.8,33.96,33.35,33.82,496501
2023-04-27,32.97,32.99,32.14,32.63,1559279
2023-04-28,32.46,33.75,32.41,33.6,940213
2023-05-04,33.29,34.4,32.83,34.13,725433
2023-05-05,34.18,35.06,34.15,34.69,800890
2023-05-08,34.86,35.95,34.64,35.6,1064266
2023-05-09,35.68,36.1,34.96,34.99,985530
2023-05-10,34.9,35.12,34.29,34.4,638374
2023-05-11,34.6,35.33,34.4,34.45,445803
2023-05-12,34.47,34.55,34.0,34.04,459366
2023-05-15,34.09,34.85,33.71,34.7,528095
2023-05-16,34.95,35.2,34.57,34.82,385248
2023-05-17,34.81,35.13,34.43,34.5,396376
2023-05-18,34.73,34.84,34.21,34.45,329012
2023-05-19,34.35,34.45,33.94,33.95,392990
2023-05-22,33.98,34.34,33.98,34.2,296934
2023-05-23,34.21,34.38,33.6,33.6,346921
2023-05-24,33.59,33.59,32.93,32.93,463999
2023-05-25,32.76,32.76,32.16,32.42,706051
2023-05-26,32.44,32.86,32.22,32.74,294624
2023-05-29,32.95,32.95,32.44,32.69,387301
2023-05-30,32.69,32.9,32.36,32.64,340072
2023-05-31,32.6,32.8,32.24,32.3,525414
2023-06-01,32.31,32.5,32.02,32.06,472399
2023-06-02,32.22,33.1,32.2,33.07,558856
2023-06-05,33.07,33.27,32.84,33.04,312730
2023-06-06,33.04,33.8,32.98,33.07,386634
2023-06-07,33.25,33.61,33.16,33.3,338906
2023-06-08,33.32,34.22,33.22,34.08,549615
2023-06-09,34.05,34.25,33.74,33.74,415109
2023-06-12,33.73,33.92,33.38,33.73,406774
2023-06-13,33.56,33.94,33.5,33.73,231246
2023-06-14,33.93,34.04,33.39,33.39,382633
2023-06-15,33.5,33.79,33.31,33.72,369537
2023-06-16,33.86,34.04,33.75,33.93,426806
2023-06-19,33.91,33.91,33.56,33.58,278961
2023-06-20,33.5,33.56,33.1,33.19,307649
2023-06-21,33.06,33.64,33.0,33.17,427866
2023-06-26,32.93,33.1,32.42,32.61,432103
2023-06-27,32.63,33.01,32.44,32.82,345715
2023-06-28,32.81,33.18,32.72,33.05,333818
2023-06-29,33.05,33.18,32.67,32.68,258548
2023-06-30,32.73,33.0,32.64,32.76,293613
2023-07-03,32.9,33.76,32.8,33.72,453668
2023-07-04,33.6,33.6,33.36,33.51,224087
2023-07-05,33.5,33.5,32.84,33.03,413072
2023-07-06,33.03,33.12,32.51,32.58,407842
2023-07-07,32.5,32.58,32.29,32.31,472794
2023-07-10,32.52,32.69,32.33,32.45,272077
2023-07-11,32.73,32.8,32.47,32.71,329167
2023-07-12,32.72,33.44,32.72,33.2,632049
2023-07-13,31.99,32.0,31.45,31.85,563850
2023-07-14,31.94,32.19,31.78,31.93,347521
2023-07-17,31.77,31.78,31.43,31.65,262003
2023-07-18,31.65,31.77,31.39,31.46,316389
2023-07-19,31.29,31.64,31.26,31.58,240296
2023-07-20,31.77,32.1,31.6,31.69,272394
2023-07-21,31.8,31.98,31.61,31.8,315669
2023-07-24,31.46,31.73,31.4,31.45,239122
2023-07-25,32.0,33.35,32.0,33.27,1261621
2023-07-26,33.27,33.73,33.07,33.35,501751
2023-07-27,33.5,33.82,33.2,33.66,548489
2023-07-28,33.49,35.29,33.41,35.1,1256288
2023-07-31,35.52,36.04,35.01,35.56,1162756
2023-08-01,35.53,35.58,34.77,34.99,660096
2023-08-02,34.16,34.82,33.77,34.03,915358
2023-08-03,34.02,34.78,33.87,34.68,509294
2023-08-04,35.08,35.5,34.72,34.88,812642
2023-08-07,34.75,34.78,34.28,34.5,344672
2023-08-08,34.33,34.65,33.81,34.15,502283
2023-08-09,34.02,34.31,33.95,34.02,386833
2023-08-10,33.9,34.25,33.8,34.14,287725
2023-08-11,34.16,34.47,33.15,33.15,606240
2023-08-14,32.8,32.83,32.25,32.46,667073
2023-08-15,32.46,32.64,32.15,32.36,582959
2023-08-16,32.15,32.25,31.88,31.97,580152
2023-08-17,31.78,31.87,31.49,31.79,646076
2023-08-18,31.75,32.63,31.75,31.88,674595
2023-08-21,31.81,31.84,31.13,31.13,809575
2023-08-22,31.21,31.47,31.0,31.32,601070
2023-08-23,31.2,31.44,30.85,30.85,560744
2023-08-24,31.0,31.15,30.8,31.06,412256
2023-08-25,31.0,31.85,30.9,31.56,647471
2023-08-28,33.3,33.93,32.03,32.26,1405094
2023-08-29,32.26,32.44,31.77,32.04,721170
2023-08-30,32.19,32.19,31.55,31.66,639802
2023-08-31,31.8,32.08,31.49,31.55,503220
2023-09-01,31.95,32.63,31.88,32.27,697526
2023-09-04,32.58,33.61,32.47,33.53,1104299
2023-09-05,33.3,33.44,32.97,33.11,447323
2023-09-06,33.1,33.46,32.77,33.36,546740
2023-09-07,33.31,33.31,33.01,33.14,358702
2023-09-08,33.0,33.26,32.95,33.17,298501
2023-09-11,33.13,33.29,32.91,32.91,632874
2023-09-12,32.9,33.05,32.82,32.88,277591
2023-09-13,32.95,33.08,32.66,32.75,298915
2023-09-14,32.95,33.19,32.85,33.07,437344
2023-09-15,33.3,33.42,32.8,32.96,439602
2023-09-18,32.87,33.05,32.7,33.02,360402
2023-09-19,33.0,33.0,32.72,32.96,384653
2023-09-20,32.86,32.86,32.63,32.73,309318
2023-09-21,32.75,32.81,32.37,32.37,390319
2023-09-22,32.59,33.37,32.32,33.34,712833
2023-09-25,33.28,33.28,32.9,33.0,456515
2023-09-26,32.93,33.08,32.75,32.8,322024
2023-09-27,32.9,33.09,32.75,32.82,352467
2023-09-28,33.02,33.14,32.75,32.97,388565
2023-10-09,32.7,32.7,32.38,32.58,361343
2023-10-10,33.12,33.13,32.59,32.59,342637
2023-10-11,32.84,32.85,32.4,32.45,376091
2023-10-12,32.99,33.33,32.78,33.07,617460
2023-10-13,32.78,32.88,32.51,32.61,410372
2023-10-16,32.58,32.66,32.24,32.31,286774
2023-10-17,32.39,32.6,32.22,32.52,286229
2023-10-18,32.49,32.64,32.41,32.49,249317
2023-10-19,32.4,32.4,31.52,31.57,604293
2023-10-20,31.49,31.81,31.4,31.65,372589
2023-10-23,31.59,31.65,31.0,31.23,393802
2023-10-24,31.38,31.41,31.04,31.3,365527
2023-10-25,31.6,31.75,31.2,31.42,375693
2023-10-26,31.36,31.75,31.26,31.5,287030
2023-10-27,31.45,31.65,31.15,31.53,391453
2023-10-30,31.01,31.13,30.55,30.9,838501
2023-10-31,30.74,30.99,30.61,30.76,528016
2023-11-01,30.8,30.88,30.43,30.45,529897
2023-11-02,30.6,30.81,30.51,30.68,364668
2023-11-03,30.68,31.04,30.6,30.99,439569
2023-11-06,31.15,31.35,30.96,31.14,519824
2023-11-07,31.14,31.14,30.65,30.8,516241
2023-11-08,30.74,30.78,30.5,30.6,445183
2023-11-09,30.55,30.78,30.52,30.66,327650
2023-11-10,30.5,30.56,30.1,30.16,516965
2023-11-13,30.17,30.27,29.61,29.82,634243
2023-11-14,29.87,30.2,29.86,30.2,448343
2023-11-15,30.45,30.77,30.39,30.64,601940
2023-11-16,30.67,30.77,30.37,30.54,315720
2023-11-17,30.46,30.52,30.1,30.33,432453
2023-11-20,30.34,30.59,30.14,30.58,369227
2023-11-21,30.75,30.87,30.37,30.43,488545
2023-11-22,30.3,30.41,30.15,30.16,273705
2023-11-23,30.02,30.21,29.95,30.14,299794
2023-11-24,30.06,30.1,29.93,30.0,291163
2023-11-27,30.0,30.03,29.29,29.4,581020
2023-11-28,29.41,29.49,29.04,29.16,475165
2023-11-29,29.2,29.24,28.68,28.8,620638
2023-11-30,28.8,28.98,28.6,28.79,551560
2023-12-01,28.72,28.74,28.07,28.26,882736
2023-12-04,28.27,28.46,28.02,28.08,557878
2023-12-05,28.06,28.07,27.5,27.51,618902
2023-12-06,27.56,27.96,27.45,27.76,611259
2023-12-07,27.77,27.94,27.29,27.81,594967
2023-12-08,27.7,27.95,27.5,27.5,533498
2023-12-11,27.25,27.85,26.9,27.76,758086
2023-12-12,27.7,28.07,27.61,28.05,504201
2023-12-13,27.92,27.92,27.2,27.22,671239
2023-12-14,27.44,27.64,27.03,27.03,445268
2023-12-15,27.47,28.05,27.2,27.23,980687
2023-12-18,27.0,27.38,26.9,27.28,477164
2023-12-19,27.2,27.35,27.02,27.29,376574
2023-12-20,27.31,27.41,27.06,27.06,531128
2023-12-21,26.98,27.75,26.92,27.71,759105
2023-12-22,27.78,27.85,27.41,27.61,623644
2023-12-25,27.6,27.72,27.42,27.53,419034
2023-12-26,27.49,27.49,27.16,27.27,365257
2023-12-27,27.33,27.37,27.05,27.3,410637
2023-12-28,27.25,28.13,27.25,27.99,1061063
2023-12-29,27.9,28.05,27.77,27.82,655773
2024-01-02,27.95,27.96,27.56,27.58,542195
2024-01-03,27.58,27.84,27.52,27.77,433956
2024-01-04,27.76,27.83,27.36,27.81,637102
2024-01-05,27.75,28.78,27.62,28.29,1190633
2024-01-08,28.17,28.59,27.95,28.13,816821
2024-01-09,28.12,28.28,27.9,28.17,558663
2024-01-10,28.02,28.35,28.02,28.05,453640
2024-01-11,28.0,28.57,27.85,28.38,735318
2024-01-12,28.26,28.78,28.26,28.54,577832
2024-01-15,28.5,28.94,28.37,28.77,482452
2024-01-16,28.63,29.13,28.6,29.13,853440
2024-01-17,29.12,29.58,29.03,29.19,1308601
2024-01-18,28.94,29.68,28.6,29.58,1295126
2024-01-19,29.37,29.9,29.14,29.73,968616
2024-01-22,29.76,30.5,29.7,30.25,1549703
2024-01-23,30.01,30.35,29.8,29.99,886056
2024-01-24,30.15,30.29,29.38,30.09,974892
2024-01-25,30.31,31.0,30.18,30.9,1234509
2024-01-26,30.92,31.35,30.66,31.12,1009916
2024-01-29,31.2,31.6,31.17,31.35,838824
2024-01-30,31.2,31.5,30.78,31.0,743999
2024-01-31,30.92,31.19,30.59,30.71,808949
2024-02-01,30.67,30.84,30.2,30.42,859700
2024-02-02,30.45,30.66,29.64,30.23,987292
2024-02-05,30.23,30.95,30.06,30.71,1063979
2024-02-06,30.71,31.35,30.6,31.33,1062158
2024-02-07,31.42,31.48,30.81,31.31,1110511
2024-02-08,31.31,31.45,31.02,31.4,873004
2024-02-19,31.99,31.99,31.41,31.62,875490
2024-02-20,31.62,31.62,31.29,31.4,606405
2024-02-21,31.4,33.39,31.35,33.0,1528656
2024-02-22,32.81,32.95,32.39,32.8,752760
2024-02-23,32.81,33.4,32.62,32.95,639849
2024-02-26,32.86,33.06,32.08,32.25,666390
2024-02-27,32.24,32.4,31.99,32.18,543492
2024-02-28,32.29,32.29,31.6,32.02,683708
2024-02-29,31.89,32.2,31.85,32.04,498928
2024-03-01,31.92,32.08,31.75,31.94,427174
2024-03-04,31.76,31.87,31.47,31.52,591350
2024-03-05,31.42,32.21,31.31,32.18,894029
2024-03-06,32.14,32.26,31.87,31.87,516102
2024-03-07,31.87,32.13,31.78,32.0,519492
2024-03-08,31.89,32.01,31.55,31.67,441071
2024-03-11,31.55,31.75,31.2,31.48,738538
2024-03-12,31.42,32.15,31.28,31.95,769254
2024-03-13,31.96,31.99,31.43,31.52,469387
2024-03-14,31.46,31.72,31.16,31.25,508175
2024-03-15,31.24,31.42,31.0,31.18,520781
2024-03-18,31.15,31.34,31.0,31.13,461898
2024-03-19,31.1,31.11,30.73,30.8,547025
2024-03-20,30.8,31.2,30.66,31.18,498272
2024-03-21,31.17,31.76,31.05,31.55,646761
2024-03-22,31.53,31.55,30.9,31.2,552879
2024-03-25,31.11,31.51,30.92,31.35,483759
2024-03-26,31.8,32.66,31.73,32.4,1244308
2024-03-27,32.29,32.65,32.21,32.3,782085
2024-03-28,32.34,32.5,32.07,32.18,694745
2024-03-29,32.1,32.64,32.07,32.2,514001
2024-04-01,32.18,32.85,32.18,32.64,570152
2024-04-02,32.7,32.92,32.44,32.55,536619
2024-04-03,32.54,32.63,32.23,32.23,498082
2024-04-08,32.24,32.56,32.03,32.4,477291
2024-04-09,32.5,32.63,32.31,32.31,384772
2024-04-10,32.19,32.68,32.19,32.49,504014
2024-04-11,32.31,32.42,32.13,32.3,443748
2024-04-12,32.28,32.47,32.06,32.12,478204
2024-04-15,32.1,33.0,32.09,32.83,764645
2024-04-16,32.71,32.97,32.45,32.75,741556
2024-04-17,32.69,33.49,32.47,33.3,948212
2024-04-18,33.26,34.1,33.19,33.65,1006574
2024-04-19,33.56,33.84,33.42,33.62,540384
2024-04-22,33.78,34.19,33.05,33.34,607535
2024-04-23,33.3,33.82,33.23,33.38,512452
2024-04-24,33.38,33.55,33.1,33.46,443384
2024-04-25,33.44,34.4,33.38,34.4,919482
2024-04-26,34.4,34.87,34.22,34.48,954899
2024-04-29,34.4,35.16,34.2,34.88,818064
2024-04-30,34.4,34.58,34.05,34.31,868042
2024-05-06,35.1,35.36,34.72,34.88,1000705
2024-05-07,34.88,34.95,34.63,34.87,473849
2024-05-08,34.82,34.96,34.55,34.57,412862
2024-05-09,34.6,34.93,34.6,34.84,512391
2024-05-10,34.84,35.85,34.8,35.62,940366
2024-05-13,35.44,36.07,35.33,35.91,747800
2024-05-14,35.89,36.13,35.2,35.34,687779
2024-05-15,35.33,35.44,34.69,35.05,674944
2024-05-16,35.08,36.45,35.0,36.25,1291476
2024-05-17,36.3,36.9,36.06,36.85,916879
2024-05-20,36.85,37.0,36.09,36.38,914250
2024-05-21,36.36,36.52,36.13,36.24,445999
2024-05-22,36.22,36.38,35.76,36.06,664477
2024-05-23,35.9,36.01,35.32,35.5,924585
2024-05-24,35.3,35.48,34.66,34.74,870440
2024-05-27,34.85,35.21,34.75,35.14,570938
2024-05-28,35.1,35.33,34.72,34.83,476191
2024-05-29,34.75,35.06,34.46,34.57,491041
2024-05-30,34.45,34.9,34.18,34.34,559245
2024-05-31,34.53,34.6,34.28,34.28,508932
2024-06-03,34.22,34.38,33.92,34.15,608111
2024-06-04,34.15,34.68,34.1,34.54,533788
2024-06-05,34.68,34.7,33.89,33.99,691041
2024-06-06,34.09,34.2,33.78,34.0,677241
2024-06-07,34.05,34.25,33.65,33.99,678266
2024-06-11,33.78,33.97,33.12,33.36,690448
2024-06-12,33.35,33.36,32.95,33.09,511381
2024-06-13,33.2,33.22,32.72,32.82,550184
2024-06-14,32.82,34.02,32.82,33.81,991674
2024-06-17,33.6,33.8,33.39,33.73,457682
2024-06-18,33.86,34.3,33.62,33.71,453675
2024-06-19,33.71,34.4,33.66,34.15,585937
2024-06-20,34.16,34.23,33.9,34.01,392467
2024-06-21,33.88,34.08,33.49,33.7,523963
2024-06-24,33.79,34.22,33.49,34.07,692590
2024-06-25,34.07,34.47,33.97,34.3,638160
2024-06-26,34.18,34.36,33.95,34.06,452638
2024-06-27,33.96,34.34,33.83,34.26,555173
2024-06-28,34.2,34.48,34.04,34.19,525749
2024-07-01,34.19,34.4,33.95,34.36,472239
2024-07-02,34.38,35.25,34.36,35.08,868771
2024-07-03,35.01,35.09,34.31,34.46,691373
2024-07-04,34.54,35.04,34.48,34.71,696919
2024-07-05,34.71,34.83,33.66,33.88,967783
2024-07-08,33.85,34.23,33.71,33.99,545730
2024-07-09,33.99,34.55,33.72,34.47,621037
2024-07-10,34.47,35.0,34.45,34.68,726314
2024-07-11,33.08,33.13,32.79,32.9,732389
2024-07-12,33.01,34.08,33.01,34.0,944904
2024-07-15,34.0,34.05,33.72,33.78,474604
2024-07-16,33.76,33.89,33.46,33.79,455793
2024-07-17,33.7,34.19,33.65,34.07,577954
2024-07-18,34.07,34.25,33.76,34.09,598627
2024-07-19,34.0,34.3,33.59,34.25,810072
2024-07-22,34.17,34.17,33.09,33.34,808206
2024-07-23,33.34,33.71,33.23,33.34,538755
2024-07-24,33.45,33.58,33.03,33.18,482453
2024-07-25,33.22,33.32,32.37,32.83,762079
2024-07-26,32.8,33.04,32.11,32.37,601462
2024-07-29,32.38,32.65,32.2,32.45,413475
2024-07-30,32.4,32.59,32.15,32.42,390782
2024-07-31,32.42,33.0,32.25,32.73,595370
2024-08-01,32.73,32.85,32.27,32.71,409139
2024-08-02,32.42,32.6,32.23,32.28,386130
2024-08-05,32.2,32.52,32.05,32.1,584420
2024-08-06,32.36,32.39,31.51,31.7,514389
2024-08-07,31.73,31.9,31.55,31.58,390732
2024-08-08,31.61,31.98,31.38,31.93,394600
2024-08-09,31.97,32.58,31.81,32.33,482748
2024-08-12,32.3,32.34,31.93,32.12,318943
2024-08-13,32.1,32.23,31.76,31.94,282378
2024-08-14,31.9,32.14,31.81,31.86,282446
2024-08-15,31.85,32.92,31.65,32.76,739790
2024-08-16,32.75,33.25,32.72,33.15,418503
2024-08-19,33.25,33.5,33.03,33.42,422843
2024-08-20,33.45,33.6,33.16,33.48,423729
2024-08-21,33.3,33.43,32.82,33.24,378101
2024-08-22,33.28,33.55,33.18,33.3,382864
2024-08-23,33.27,33.85,33.07,33.7,465587
2024-08-26,33.7,33.84,33.47,33.77,351175
2024-08-27,33.77,33.94,33.53,33.7,387209
2024-08-28,33.83,33.98,33.44,33.68,415232
2024-08-29,33.59,33.77,32.9,32.93,516388
2024-08-30,32.8,33.11,32.12,32.15,1112230
2024-09-02,32.0,32.38,31.84,31.93,558021
2024-09-03,32.01,32.08,31.4,31.62,505752
2024-09-04,31.53,31.93,31.35,31.36,380526
2024-09-05,31.36,31.44,30.9,31.2,542063
2024-09-06,31.25,31.74,31.2,31.25,383182
2024-09-09,30.98,30.99,30.04,30.24,871073
2024-09-10,30.25,30.43,29.94,30.19,476024
2024-09-11,30.14,30.2,29.93,30.08,415794
2024-09-12,30.1,30.5,29.94,30.23,410267
2024-09-13,30.28,30.9,30.0,30.6,495974
2024-09-18,30.61,31.2,30.61,31.11,418540
2024-09-19,31.2,31.23,30.63,30.82,451191
2024-09-20,30.82,31.11,30.66,30.94,487418
2024-09-23,30.85,31.49,30.84,31.39,344609
2024-09-24,31.68,33.14,31.67,33.13,1361218
2024-09-25,33.85,34.49,33.7,34.15,1856243
2024-09-26,34.16,35.38,33.91,35.38,1745330
2024-09-27,36.11,36.5,34.91,35.63,745458
2024-09-30,36.35,38.0,35.92,37.61,2561013
2024-10-08,41.37,41.37,38.82,40.0,2973039
2024-10-09,39.7,39.72,37.01,37.01,1855932
2024-10-10,37.4,39.5,37.4,38.73,1433298
2024-10-11,38.73,39.22,38.03,38.43,903476
2024-10-14,39.01,39.8,38.69,39.33,1292938
2024-10-15,39.17,39.99,38.5,38.5,955977
2024-10-16,38.15,39.5,38.13,39.5,1012548
2024-10-17,39.53,39.79,38.49,38.49,848922
2024-10-18,38.51,39.43,38.21,39.05,928194
2024-10-21,39.15,39.15,38.5,38.85,717539
2024-10-22,38.84,39.6,38.75,39.17,600526
2024-10-23,39.06,39.94,39.02,39.66,627100
2024-10-24,39.55,39.68,39.14,39.31,336312
2024-10-25,39.25,39.49,39.06,39.1,447931
2024-10-28,39.01,39.1,38.28,38.52,664641
2024-10-29,38.6,39.1,38.41,38.6,514682
2024-10-30,38.51,38.9,37.61,37.88,703408
2024-10-31,37.8,37.99,36.91,37.36,850393
2024-11-01,37.44,38.3,37.38,38.01,703102
2024-11-04,38.1,38.75,37.41,38.75,646612
2024-11-05,38.43,39.1,38.4,39.08,628745
2024-11-06,39.0,39.08,38.15,38.56,648336
2024-11-07,38.42,39.58,38.38,39.57,743472
2024-11-08,39.68,39.85,38.75,38.8,745368
2024-11-11,38.3,38.7,37.89,38.33,703146
2024-11-12,38.19,38.84,37.51,37.59,893289
2024-11-13,37.59,37.98,37.51,37.82,485304
2024-11-14,37.66,38.48,37.53,38.06,676440
2024-11-15,38.08,38.57,37.81,37.82,699277
2024-11-18,38.05,38.66,37.8,37.9,763448
2024-11-19,37.91,38.18,37.45,37.72,521249
2024-11-20,37.8,37.85,37.4,37.48,451291
2024-11-21,37.48,37.66,37.27,37.43,350336
2024-11-22,37.43,37.55,36.36,36.45,690491
2024-11-25,36.7,36.86,36.12,36.22,534095
2024-11-26,36.03,36.58,35.84,36.39,459421
2024-11-27,36.39,36.68,36.11,36.6,392077
2024-11-28,36.6,36.85,36.18,36.47,451939
2024-11-29,36.59,37.0,36.31,36.34,664380
2024-12-02,36.45,36.68,36.2,36.51,424652
2024-12-03,36.65,37.22,36.38,37.12,721986
2024-12-04,37.09,37.09,36.53,36.81,620511
2024-12-05,36.66,37.36,36.61,36.91,568949
2024-12-06,37.01,37.82,37.01,37.7,877236
2024-12-09,37.59,37.99,37.35,37.7,492995
2024-12-10,38.8,38.99,38.4,38.6,1038953
2024-12-11,38.54,38.79,38.23,38.3,517709
2024-12-12,38.29,38.83,38.21,38.8,586889
2024-12-13,38.45,38.6,37.28,37.3,1117983
2024-12-16,37.35,37.78,37.32,37.74,640316
2024-12-17,37.54,38.16,37.54,37.85,603104
2024-12-18,38.02,38.66,37.86,38.52,805855
2024-12-19,38.38,38.53,38.0,38.02,611196
2024-12-20,38.05,38.28,37.86,37.91,542150
2024-12-23,37.99,38.7,37.98,38.35,902692
2024-12-24,38.35,39.29,38.32,39.22,993428
2024-12-25,39.23,39.56,38.99,39.4,755913
2024-12-26,39.4,39.54,39.01,39.48,539252
2024-12-27,39.48,39.64,38.78,39.34,700320
2024-12-30,39.34,39.8,39.25,39.62,678845
2024-12-31,39.56,39.9,39.3,39.3,643717
2025-01-02,39.35,39.5,38.34,38.51,642001
2025-01-03,38.6,39.04,38.54,38.66,682583
2025-01-06,38.9,39.1,38.13,39.05,617159
2025-01-07,38.97,39.15,38.61,38.9,492752
2025-01-08,38.83,39.55,38.82,39.28,751481
2025-01-09,39.4,39.43,38.83,39.0,447083
2025-01-10,39.34,39.45,38.81,38.98,481425
2025-01-13,38.93,39.15,38.54,39.07,606323
2025-01-14,39.09,39.97,38.9,39.85,708012
2025-01-15,39.99,41.0,39.89,40.64,796701
2025-01-16,40.65,41.15,40.53,40.99,592594
2025-01-17,40.96,41.16,40.13,40.71,475901
2025-01-20,40.98,41.07,40.11,40.12,542575
2025-01-21,40.32,40.51,40.01,40.14,400685
2025-01-22,40.14,40.16,39.32,39.45,588912
2025-01-23,39.67,40.23,39.52,39.83,606618
2025-01-24,39.66,40.55,39.46,40.26,574652
2025-01-27,40.58,40.97,40.55,40.65,526060
2025-02-05,40.85,40.9,39.9,40.0,504789
2025-02-06,40.0,40.38,39.73,40.2,466088
2025-02-07,40.1,40.4,39.96,40.2,521066
2025-02-10,40.2,40.92,39.96,40.6,581806
2025-02-11,40.75,41.04,40.64,40.98,457771
2025-02-12,40.96,41.66,40.56,41.62,603591
2025-02-13,41.65,41.95,41.34,41.71,462207
2025-02-14,41.69,42.03,41.52,42.03,498737
2025-02-17,41.99,41.99,41.36,41.72,536126
2025-02-18,41.51,42.48,41.51,42.05,546665
2025-02-19,42.0,42.15,41.76,41.98,374702
2025-02-20,42.0,42.09,41.68,41.85,407675
2025-02-21,41.96,41.99,41.22,41.4,595256
2025-02-24,41.39,41.75,41.1,41.27,571107
2025-02-25,41.15,41.44,40.91,41.03,507321
2025-02-26,41.13,41.7,41.05,41.48,476447
2025-02-27,41.6,42.4,41.28,42.38,622597
2025-02-28,42.38,42.66,42.05,42.05,705424
2025-03-03,42.12,42.62,41.95,42.05,470149
2025-03-04,41.91,42.1,41.77,41.8,317245
2025-03-05,41.96,42.91,41.75,42.89,632037
2025-03-06,42.89,43.1,42.45,42.96,572053
2025-03-07,42.9,43.8,42.85,43.57,605413
2025-03-10,43.49,43.58,42.82,43.07,508750
2025-03-11,42.77,43.64,42.71,43.51,565741
2025-03-12,43.5,43.86,43.25,43.54,418258
2025-03-13,43.6,44.38,43.5,43.84,585539
2025-03-14,44.0,45.47,43.94,45.16,911275
2025-03-17,45.32,45.5,44.98,45.04,654210
2025-03-18,45.29,45.38,44.82,45.14,428220
2025-03-19,45.28,46.1,45.1,46.02,670706
2025-03-20,45.92,45.92,44.78,45.24,678656
2025-03-21,45.12,45.34,44.52,44.7,675412
2025-03-24,44.55,45.19,44.55,45.05,449576
2025-03-25,45.0,45.5,44.95,45.09,356872
2025-03-26,44.5,44.59,42.61,42.66,1578326
2025-03-27,42.75,43.74,42.74,43.26,827951
2025-03-28,43.3,43.45,43.06,43.22,386184
2025-03-31,43.21,43.78,42.61,43.29,539569
2025-04-01,43.28,43.29,42.75,42.87,389360
2025-04-02,42.87,43.15,42.68,42.73,331202
2025-04-03,42.02,42.85,42.02,42.65,464166
2025-04-07,40.94,42.0,39.39,40.83,1815633
2025-04-08,40.78,41.2,40.44,41.15,1610477
2025-04-09,40.6,41.02,40.3,40.46,973969
2025-04-10,40.99,41.45,40.55,41.1,743789
2025-04-11,41.11,41.69,40.81,41.51,583057
2025-04-14,41.68,41.91,41.41,41.48,482160
2025-04-15,41.49,42.29,41.45,42.1,614564
2025-04-16,41.98,42.58,41.82,42.25,576294
2025-04-17,42.12,42.36,41.85,42.12,405793
2025-04-18,42.13,42.79,42.05,42.75,435001
2025-04-21,42.66,43.08,42.28,42.28,416466
2025-04-22,42.31,42.54,42.01,42.01,433788
2025-04-23,42.3,42.3,41.77,41.99,467744
2025-04-24,42.0,42.38,41.95,42.21,413652
2025-04-25,42.29,42.55,42.04,42.08,424350
2025-04-28,42.15,42.56,42.03,42.35,386973
2025-04-29,42.35,42.65,42.0,42.0,457699
2025-04-30,41.64,41.64,40.51,40.74,1172682
2025-05-06,40.9,41.41,40.51,41.37,666410
2025-05-07,41.79,42.23,41.31,42.02,712914
2025-05-08,42.01,43.42,42.0,42.8,833810
2025-05-09,42.8,43.6,42.8,43.48,668155
2025-05-12,43.45,44.4,43.11,43.8,848974
2025-05-13,44.09,44.65,43.85,44.56,699124
2025-05-14,44.55,45.3,44.32,44.81,712790
2025-05-15,44.83,45.38,44.65,44.92,684600
2025-05-16,44.75,44.98,44.03,44.27,619655
2025-05-19,44.2,44.46,43.75,43.84,502817
2025-05-20,44.03,44.61,43.87,43.9,500535
2025-05-21,43.95,44.37,43.84,43.9,499200
2025-05-22,43.9,44.56,43.75,44.51,565656
2025-05-23,44.51,44.68,43.9,44.05,541460
2025-05-26,43.89,44.17,43.63,43.8,456100
2025-05-27,43.8,44.15,43.67,43.74,363750
2025-05-28,43.78,44.05,43.6,43.68,300355
2025-05-29,43.7,43.95,43.45,43.47,492990
2025-05-30,43.55,43.88,43.35,43.43,571391
2025-06-03,43.5,44.43,43.5,43.97,503685
2025-06-04,44.05,44.27,43.9,44.06,373417
2025-06-05,44.06,44.42,44.0,44.37,421317
2025-06-06,44.45,44.71,44.3,44.47,373499
2025-06-09,44.6,44.68,44.21,44.6,474774
2025-06-10,44.57,45.05,44.45,44.67,528349
2025-06-11,44.72,45.68,44.72,45.31,776761
2025-06-12,45.4,45.65,45.1,45.23,452391
2025-06-13,45.24,45.35,44.95,45.18,474081
2025-06-16,45.08,45.81,44.95,45.78,414474
2025-06-17,45.88,46.05,45.71,45.98,474209
2025-06-18,45.92,46.07,45.65,45.85,426429
2025-06-19,45.84,46.06,45.37,45.63,513454
2025-06-20,45.73,46.18,45.55,45.99,448157
2025-06-23,45.9,46.34,45.43,46.25,538931
2025-06-24,46.31,47.0,46.18,46.75,655815
2025-06-25,46.75,47.5,46.59,47.5,607680
2025-06-26,47.49,47.88,47.05,47.88,590201
2025-06-27,47.85,47.87,46.04,46.22,954143
2025-06-30,46.13,46.29,45.77,45.95,624614
2025-07-01,45.96,46.67,45.92,46.45,450613
2025-07-02,46.7,47.16,46.45,46.9,518563
2025-07-03,46.9,46.95,46.34,46.61,556226
2025-07-04,46.6,47.5,46.4,47.07,678948
2025-07-07,47.07,47.3,46.7,47.2,567427
2025-07-08,47.28,47.67,47.1,47.62,637421
2025-07-09,47.5,47.77,47.13,47.13,614566
2025-07-10,47.1,48.55,47.1,48.24,1219784
2025-07-11,46.28,46.5,45.62,45.64,1184443
2025-07-14,45.65,46.09,45.44,45.57,648484
2025-07-15,45.77,45.92,44.8,45.22,666206
2025-07-16,45.26,45.54,44.88,45.11,468186
2025-07-17,45.1,45.33,44.91,45.0,416895
2025-07-18,45.05,45.16,44.74,45.05,543431
2025-07-21,45.05,45.23,44.83,44.85,566412
2025-07-22,44.85,44.98,44.21,44.94,922319
2025-07-23,44.97,45.7,44.96,45.12,853249
2025-07-24,45.21,45.36,44.8,44.88,826620
2025-07-25,44.84,45.17,44.75,44.83,696264
2025-07-28,44.8,45.16,44.41,44.44,635127
2025-07-29,44.44,44.8,44.14,44.14,785813
2025-07-30,44.17,44.75,43.93,44.42,725461
2025-07-31,44.4,44.56,43.85,44.48,733195
2025-08-01,44.5,44.97,44.35,44.42,594621
2025-08-04,44.31,44.97,44.31,44.9,498008
2025-08-05,44.78,45.4,44.64,45.25,555258
2025-08-06,45.29,45.73,45.11,45.12,430296
2025-08-07,45.12,45.6,44.96,45.15,440643
2025-08-08,45.2,45.28,44.53,44.53,456422
2025-08-11,44.53,44.63,44.1,44.1,536724
2025-08-12,44.13,44.48,44.0,44.0,562252
2025-08-13,44.14,44.25,43.49,43.54,876737
2025-08-14,43.55,43.94,43.5,43.78,676352
2025-08-15,43.66,43.74,43.3,43.3,932957
2025-08-18,43.1,43.67,42.89,43.51,926397
2025-08-19,43.45,43.7,43.29,43.4,574119
2025-08-20,43.3,43.63,43.15,43.45,547240
2025-08-21,43.5,43.59,43.23,43.47,578540
2025-08-22,43.47,43.48,43.04,43.26,794496
2025-08-25,43.32,43.87,43.11,43.87,907390
2025-08-26,43.89,44.02,43.42,43.52,755722
2025-08-27,43.5,43.66,43.0,43.0,758141
2025-08-28,43.02,43.3,42.6,42.98,822426
2025-08-29,42.98,43.99,42.89,42.89,1360879
2025-09-01,42.62,42.64,41.88,41.98,1276333
2025-09-02,41.86,43.5,41.86,43.44,1452141
2025-09-03,43.44,43.57,42.7,42.9,818406
2025-09-04,42.81,43.32,42.14,43.05,935363
2025-09-05,43.0,43.02,42.53,42.76,572328
2025-09-08,42.7,43.1,42.37,42.43,851682
2025-09-09,42.42,42.88,42.4,42.83,589527
2025-09-10,42.8,43.15,42.56,43.0,471387
2025-09-11,43.13,43.33,42.78,43.3,650731
2025-09-12,43.38,43.47,42.42,42.54,823140
2025-09-15,42.48,42.79,42.11,42.22,699491
2025-09-16,42.32,42.43,41.66,41.75,859051
2025-09-17,41.76,42.19,41.7,41.76,572363
2025-09-18,41.78,41.84,40.8,40.83,1003522
2025-09-19,40.8,41.53,40.55,41.0,836563
2025-09-22,41.15,41.37,40.8,40.92,656110
2025-09-23,40.98,41.75,40.63,41.55,938851
2025-09-24,41.5,41.89,41.29,41.32,643900
2025-09-25,41.32,41.36,40.81,40.82,666949
2025-09-26,40.81,41.0,40.3,40.8,682767
2025-09-29,40.77,41.29,40.36,40.68,835551
2025-09-30,40.65,40.79,40.41,40.41,700025
2025-10-09,40.21,40.44,39.82,40.33,972320
2025-10-10,40.3,40.65,40.13,40.18,955050
2025-10-13,39.76,40.3,39.7,40.11,1065936
2025-10-14,40.09,41.49,39.83,41.26,1733827
2025-10-15,41.25,41.57,41.01,41.5,1062767
2025-10-16,41.5,41.99,41.13,41.93,1062488
2025-10-17,41.88,42.22,41.38,41.59,829827
2025-10-20,41.61,41.79,41.1,41.42,649477
2025-10-21,41.49,42.1,41.49,41.98,759931
2025-10-22,41.98,42.2,41.73,41.95,551334
2025-10-23,41.95,42.49,41.78,42.24,713174
2025-10-24,42.35,42.45,41.85,41.95,698832
2025-10-27,41.9,41.97,41.42,41.59,988949
2025-10-28,41.62,41.72,41.23,41.6,705951
2025-10-29,41.53,41.53,40.69,40.77,910988
2025-10-30,40.8,41.36,40.73,41.2,1131538
2025-10-31,41.26,41.3,40.84,40.89,702607
2025-11-03,41.14,41.97,41.06,41.79,921981
2025-11-04,41.84,43.11,41.81,43.01,1340036
2025-11-05,43.1,43.47,42.75,42.8,731714
2025-11-06,42.65,42.89,42.31,42.34,871973
2025-11-07,42.4,42.72,42.28,42.51,593191
2025-11-10,42.45,42.88,42.28,42.72,532369
2025-11-11,42.69,43.04,42.52,42.96,544671
2025-11-12,43.12,43.36,42.93,42.93,587929
2025-11-13,42.97,43.3,42.74,43.21,587980
2025-11-14,43.24,43.59,43.18,43.25,518210
2025-11-17,43.1,43.2,42.5,42.65,610674
2025-11-18,42.56,42.91,42.44,42.88,517439
2025-11-19,42.88,43.5,42.8,43.22,511696
2025-11-20,43.22,43.79,43.05,43.23,585852
2025-11-21,43.24,43.55,42.76,43.0,791264
2025-11-24,43.1,43.21,42.51,42.63,678549
2025-11-25,42.66,43.3,42.44,43.25,666409
2025-11-26,43.34,43.63,42.97,43.25,451072
2025-11-27,43.18,43.39,42.6,43.19,621434
2025-11-28,43.1,43.12,42.82,42.95,494658
2025-12-01,43.08,43.47,42.93,43.44,567919
2025-12-02,43.44,43.65,43.22,43.38,406735
2025-12-03,43.27,43.58,43.0,43.01,468960
2025-12-04,43.05,43.42,43.01,43.22,361207
2025-12-05,43.25,43.55,42.91,43.45,548906
2025-12-08,43.44,43.64,43.07,43.18,580039
2025-12-09,43.18,43.3,42.83,43.04,465939
2025-12-10,43.08,43.08,41.55,41.7,1083157
2025-12-11,41.86,42.05,41.41,41.68,846231
2025-12-12,41.75,41.83,41.48,41.74,717625
2025-12-15,41.74,42.28,41.63,41.8,562666
2025-12-16,41.78,42.13,41.43,41.7,566176
2025-12-17,41.6,41.85,41.23,41.52,631267
2025-12-18,41.54,42.42,41.4,42.37,768119
2025-12-19,42.37,42.48,41.91,41.99,573823
2025-12-22,42.08,42.13,41.71,41.77,524740
2025-12-23,41.74,42.04,41.66,41.91,606510
2025-12-24,41.93,41.99,41.55,41.83,536305
2025-12-25,41.93,42.08,41.7,41.78,499214
2025-12-26,41.79,41.88,41.62,41.7,508810
2025-12-29,41.66,41.93,41.42,41.87,682551
2025-12-30,41.9,42.48,41.78,42.28,834783
2025-12-31,42.24,42.33,41.92,42.1,554142
2026-01-05,42.48,42.8,42.27,42.35,840830
2026-01-06,42.45,42.79,42.09,42.73,923715
2026-01-07,42.75,43.02,42.14,42.15,880560
2026-01-08,42.2,42.25,41.3,41.58,1115727
2026-01-09,41.54,41.76,41.12,41.3,985471
2026-01-12,41.3,41.43,41.0,41.12,1186641
2026-01-13,41.2,41.38,41.03,41.13,1159365
2026-01-14,41.13,41.17,40.06,40.07,1917744
2026-01-15,40.11,40.42,40.0,40.11,1217271
2026-01-16,39.49,39.5,38.65,38.72,1525245
2026-01-19,38.73,38.92,38.5,38.55,988703
2026-01-20,38.57,39.13,38.51,38.73,1113873
2026-01-21,38.92,38.94,38.18,38.24,1215000
2026-01-22,38.27,38.58,37.8,37.85,1877546
2026-01-23,37.85,38.17,37.38,37.5,1892113
2026-01-26,37.5,38.3,37.31,38.02,2166794
2026-01-27,38.06,38.51,37.87,38.1,1572406
2026-01-28,38.12,38.44,37.7,37.8,2041667
2026-01-29,37.88,38.65,37.55,38.53,1999982
2026-01-30,38.53,39.17,38.53,38.67,1660843
2026-02-02,38.88,39.3,38.41,38.45,1384979
2026-02-03,38.67,38.67,38.14,38.3,842792
2026-02-04,38.3,39.02,38.26,39.01,1021316
2026-02-05,38.94,39.92,38.91,39.71,1218895
2026-02-06,39.7,39.95,39.31,39.6,802980
2026-02-09,39.6,39.74,39.33,39.48,658949
2026-02-10,39.49,39.56,39.31,39.34,495965
2026-02-11,39.36,39.45,39.2,39.4,528817
2026-02-12,39.4,39.42,38.73,38.99,777526
2026-02-13,38.95,39.09,38.63,38.71,705370
2026-02-24,39.2,39.41,38.82,38.94,754674
2026-02-25,38.9,39.15,38.72,38.78,723971
2026-02-26,38.8,39.02,38.5,38.7,593325
2026-02-27,38.75,38.95,38.64,38.75,637035
2026-03-02,38.6,38.87,38.42,38.67,685473
2026-03-03,38.66,39.55,38.56,39.18,1384656
2026-03-04,39.01,39.03,38.01,38.6,1151939
2026-03-05,38.66,39.24,38.63,39.15,783370
2026-03-06,39.1,39.32,38.95,39.2,465957
2026-03-09,38.9,39.18,38.75,38.79,766775
2026-03-10,38.94,39.24,38.8,39.22,613717
2026-03-11,39.3,39.5,38.95,39.5,689407
2026-03-12,39.45,39.58,39.33,39.5,527723
2026-03-13,39.46,40.05,39.35,39.76,765277
2026-03-16,39.77,40.04,39.64,39.91,610945
2026-03-17,39.89,40.36,39.83,40.12,656229
2026-03-18,40.13,40.32,39.79,39.92,705831
2026-03-19,39.88,40.04,39.7,39.77,650247
2026-03-20,39.85,40.08,39.66,39.75,615803
2026-03-23,39.58,39.7,38.55,38.68,957738
2026-03-24,38.8,39.32,38.73,39.25,616336
2026-03-25,39.33,39.4,38.94,39.26,653817
2026-03-26,39.15,39.69,39.14,39.56,616790
2026-03-27,39.5,39.7,39.25,39.44,468007
2026-03-30,39.24,39.57,39.13,39.48,646054
2026-03-31,39.54,39.73,39.28,39.32,663097
2026-04-01,39.56,40.04,39.42,39.82,881526
2026-04-02,39.86,39.92,39.58,39.76,534630
2026-04-03,39.76,39.82,39.36,39.4,464485
2026-04-07,39.39,39.6,38.96,38.99,528367
2026-04-08,39.5,39.64,39.19,39.62,669498
2026-04-09,39.48,39.52,39.12,39.26,535854
2026-04-10,39.32,39.38,39.13,39.21,543202
2026-04-13,39.13,39.16,38.92,38.98,525145
2026-04-14,39.0,39.18,38.95,39.13,503999
2026-04-15,39.25,39.92,39.22,39.9,1052104
2026-04-16,39.9,40.15,39.75,39.91,617258
2026-04-17,39.85,39.9,39.5,39.52,587925
2026-04-20,39.5,39.9,39.33,39.87,588776
2026-04-21,39.91,40.15,39.86,39.87,545949
2026-04-22,39.87,40.03,39.62,39.74,507595
2026-04-23,39.72,39.86,39.52,39.81,569489
2026-04-24,39.74,39.8,39.36,39.38,629414
2026-04-27,39.52,39.99,39.32,39.38,926168
2026-04-28,39.38,39.63,39.26,39.6,669305
2026-04-29,38.91,39.02,38.34,38.5,2533117
