Date,Open,High,Low,Close,Volume
2015-08-11,68.18,72.45,67.08,68.43,256081
2015-08-12,66.6,69.0,62.88,63.38,214621
2015-08-13,62.6,69.72,61.79,69.65,227821
2015-08-14,70.2,73.99,69.0,69.19,287712
2015-08-17,67.17,70.12,65.31,68.51,175954
2015-08-18,68.61,71.56,61.66,61.66,235426
2015-08-19,58.12,66.8,55.49,64.94,253721
2015-08-20,62.69,64.35,59.1,59.43,196861
2015-08-21,57.0,58.85,53.88,54.35,170424
2015-08-24,51.88,52.99,48.92,48.92,123895
2015-08-25,44.03,46.03,44.03,44.03,113007
2015-08-26,44.03,46.01,39.63,39.63,192740
2015-08-27,40.8,43.59,38.06,43.59,202945
2015-08-28,44.9,47.95,42.8,47.8,249229
2015-08-31,46.0,46.97,43.02,43.02,168694
2015-09-01,42.09,42.09,38.72,38.72,127613
2015-09-02,35.26,42.59,35.26,39.01,259354
2015-09-07,39.97,42.91,39.32,42.91,310618
2015-09-08,42.5,47.2,40.3,47.2,297815
2015-09-09,47.8,51.55,47.2,49.88,318192
2015-09-10,47.99,49.4,47.01,47.4,152312
2015-09-11,47.2,49.77,47.2,48.7,138349
2015-09-14,48.6,48.69,43.83,43.83,115838
2015-09-15,39.8,42.18,39.45,39.45,164375
2015-09-16,39.88,43.4,39.83,43.4,183183
2015-09-17,45.0,46.88,42.41,42.51,227147
2015-09-18,43.88,44.9,42.6,44.21,163135
2015-09-21,42.7,48.63,42.33,48.63,272879
2015-09-22,49.5,50.13,46.38,48.57,305445
2015-09-23,47.18,50.0,46.9,48.57,197674
2015-09-24,48.56,51.0,48.16,48.95,176688
2015-09-25,48.0,48.5,44.06,44.48,166151
2015-09-28,44.81,47.55,42.53,47.15,148375
2015-09-29,45.72,46.6,44.35,45.24,108081
2015-09-30,46.0,46.3,43.92,44.85,82607
2015-10-08,46.99,48.98,46.33,48.14,143018
2015-10-09,47.95,49.5,47.25,48.75,157204
2015-10-12,49.49,53.63,49.01,53.63,257692
2015-10-13,53.5,56.5,52.98,55.26,250796
2015-10-14,55.26,55.26,52.8,53.68,201130
2015-10-15,53.59,58.65,53.12,58.58,219380
2015-10-16,60.0,61.93,58.47,61.78,276652
2015-10-19,61.8,63.63,58.66,59.88,240427
2015-10-20,60.68,65.87,60.68,65.87,207460
2015-10-21,68.48,71.47,61.11,62.41,336211
2015-10-22,63.88,68.65,63.0,68.65,273729
2015-10-23,69.0,72.3,66.9,69.27,260310
2015-10-26,70.1,70.5,64.35,66.3,222307
2015-10-27,65.0,68.92,60.53,67.29,206764
2015-10-28,65.45,66.2,61.5,62.08,161852
2015-10-29,62.71,64.29,60.01,62.29,138982
2015-10-30,62.4,64.14,59.7,62.88,147290
2015-11-02,60.18,64.06,60.18,60.74,117291
2015-11-03,61.42,62.6,60.5,61.42,90569
2015-11-04,61.6,67.56,61.6,67.56,212772
2015-11-05,68.18,69.74,65.6,66.92,194876
2015-11-06,67.36,71.5,67.07,70.08,194728
2015-11-09,69.01,76.0,67.0,73.75,212715
2015-11-10,72.25,75.3,70.89,71.82,165078
2015-11-11,72.01,73.5,70.0,72.14,131663
2015-11-12,73.03,73.56,69.3,69.99,138256
2015-11-13,69.3,75.2,68.88,72.52,190599
2015-11-16,70.01,75.0,70.0,74.85,143573
2015-11-17,76.52,77.9,70.25,70.76,194105
2015-11-18,70.29,71.4,66.8,67.34,155051
2015-11-19,68.0,69.0,66.2,68.98,134709
2015-11-20,68.65,68.99,67.05,67.82,120285
2015-11-23,68.01,68.68,66.55,66.95,110940
2015-11-24,66.7,69.46,66.4,69.36,111238
2015-11-25,68.98,74.0,68.29,71.96,174360
2015-11-26,72.1,73.5,69.51,69.78,143235
2015-11-27,68.8,69.12,62.8,62.8,146004
2015-11-30,62.85,63.49,57.5,61.81,138357
2015-12-01,61.65,62.11,60.0,61.21,89357
2015-12-02,61.24,61.65,58.21,61.11,79081
2015-12-03,61.82,64.55,61.5,64.4,117514
2015-12-04,64.23,64.33,62.0,62.29,90393
2015-12-07,62.93,64.59,62.3,64.33,96337
2015-12-08,63.66,63.66,60.88,61.13,91299
2015-12-09,60.35,62.54,60.0,61.19,72190
2015-12-10,61.01,63.97,61.01,62.24,99706
2015-12-11,61.72,65.2,61.12,63.26,117550
2015-12-14,63.26,63.26,63.26,63.26,0
2015-12-15,63.26,63.26,63.26,63.26,0
2015-12-16,63.26,63.26,63.26,63.26,0
2015-12-17,63.26,63.26,63.26,63.26,0
2015-12-18,63.26,63.26,63.26,63.26,0
2015-12-21,63.37,64.5,60.8,62.08,142391
2015-12-22,62.13,64.48,61.93,64.07,108082
2015-12-23,64.1,64.15,61.8,62.15,89166
2015-12-24,61.31,61.74,59.43,61.18,75174
2015-12-25,61.25,61.72,59.9,60.51,71146
2015-12-28,60.51,62.29,60.0,60.11,77520
2015-12-29,59.52,60.55,59.4,60.47,52360
2015-12-30,61.0,61.34,60.1,61.11,53895
2015-12-31,61.0,61.1,59.0,59.08,59829
2016-01-04,59.18,59.18,53.17,53.17,64660
2016-01-05,49.5,52.03,47.91,49.76,81347
2016-01-06,50.48,52.09,50.21,51.68,65154
2016-01-07,50.39,50.39,46.51,46.51,21522
2016-01-08,47.71,48.19,42.88,46.59,76959
2016-01-11,45.01,45.98,41.93,41.93,73919
2016-01-12,41.95,43.26,40.1,42.53,76827
2016-01-13,42.66,43.05,39.19,39.28,61794
2016-01-14,36.85,43.0,36.82,42.42,88421
2016-01-15,41.8,42.42,39.5,40.19,67596
2016-01-18,39.0,42.68,38.5,41.72,76587
2016-01-19,41.72,43.47,40.8,43.34,85058
2016-01-20,42.64,43.5,42.01,42.5,66527
2016-01-21,41.54,44.02,40.7,40.94,85268
2016-01-22,41.4,42.17,40.08,41.79,58799
2016-01-25,42.11,42.5,41.3,41.95,49765
2016-01-26,41.48,41.48,37.76,37.76,62204
2016-01-27,38.04,38.15,34.4,37.07,94675
2016-01-28,36.01,36.97,34.34,34.92,57663
2016-01-29,35.03,38.41,35.02,38.41,97741
2016-02-01,38.5,38.85,36.8,37.93,97686
2016-02-02,37.89,41.38,37.89,40.59,100413
2016-02-03,39.51,41.08,38.61,40.54,76635
2016-02-04,40.7,41.77,40.58,41.0,79532
2016-02-05,40.78,41.37,40.18,40.22,50031
2016-02-15,38.3,40.36,38.3,40.14,50937
2016-02-16,40.8,42.9,40.62,42.72,88999
2016-02-17,42.2,43.0,41.71,42.92,94885
2016-02-18,43.39,44.3,41.97,42.03,100664
2016-02-19,44.48,46.23,43.6,46.23,196796
2016-02-22,46.23,46.23,46.23,46.23,0
2016-02-23,46.23,46.23,46.23,46.23,0
2016-02-24,46.23,46.23,46.23,46.23,0
2016-02-25,46.23,46.23,46.23,46.23,0
2016-02-26,46.23,46.23,46.23,46.23,0
2016-02-29,46.23,46.23,46.23,46.23,0
2016-03-01,46.23,46.23,46.23,46.23,0
2016-03-02,46.23,46.23,46.23,46.23,0
2016-03-03,46.23,46.23,46.23,46.23,0
2016-03-04,46.23,46.23,46.23,46.23,0
2016-03-07,46.23,46.23,46.23,46.23,0
2016-03-08,46.23,46.23,46.23,46.23,0
2016-03-09,46.23,46.23,46.23,46.23,0
2016-03-10,46.23,46.23,46.23,46.23,0
2016-03-11,46.23,46.23,46.23,46.23,0
2016-03-14,46.23,46.23,46.23,46.23,0
2016-03-15,46.23,46.23,46.23,46.23,0
2016-03-16,46.23,46.23,46.23,46.23,0
2016-03-17,46.23,46.23,46.23,46.23,0
2016-03-18,46.23,46.23,46.23,46.23,0
2016-03-21,46.23,46.23,46.23,46.23,0
2016-03-22,46.23,46.23,46.23,46.23,0
2016-03-23,46.23,46.23,46.23,46.23,0
2016-03-24,46.23,46.23,46.23,46.23,0
2016-03-25,46.23,46.23,46.23,46.23,0
2016-03-28,46.23,46.23,46.23,46.23,0
2016-03-29,46.23,46.23,46.23,46.23,0
2016-03-30,46.23,46.23,46.23,46.23,0
2016-03-31,46.23,46.23,46.23,46.23,0
2016-04-01,46.23,46.23,46.23,46.23,0
2016-04-05,46.23,46.23,46.23,46.23,0
2016-04-06,46.23,46.23,46.23,46.23,0
2016-04-07,46.23,46.23,46.23,46.23,0
2016-04-08,46.23,46.23,46.23,46.23,0
2016-04-11,46.23,46.23,46.23,46.23,0
2016-04-12,46.23,46.23,46.23,46.23,0
2016-04-13,46.23,46.23,46.23,46.23,0
2016-04-14,46.23,46.23,46.23,46.23,0
2016-04-15,46.23,46.23,46.23,46.23,0
2016-04-18,46.23,46.23,46.23,46.23,0
2016-04-19,46.23,46.23,46.23,46.23,0
2016-04-20,46.23,46.23,46.23,46.23,0
2016-04-21,46.23,46.23,46.23,46.23,0
2016-04-22,46.23,46.23,46.23,46.23,0
2016-04-25,46.23,46.23,46.23,46.23,0
2016-04-26,46.23,46.23,46.23,46.23,0
2016-04-27,46.23,46.23,46.23,46.23,0
2016-04-28,46.23,46.23,46.23,46.23,0
2016-04-29,46.23,46.23,46.23,46.23,0
2016-05-03,46.23,46.23,46.23,46.23,0
2016-05-04,46.23,46.23,46.23,46.23,0
2016-05-05,46.23,46.23,46.23,46.23,0
2016-05-06,46.23,46.23,46.23,46.23,0
2016-05-09,46.23,46.23,46.23,46.23,0
2016-05-10,46.23,46.23,46.23,46.23,0
2016-05-11,46.23,46.23,46.23,46.23,0
2016-05-12,46.23,46.23,46.23,46.23,0
2016-05-13,46.23,46.23,46.23,46.23,0
2016-05-16,46.23,46.23,46.23,46.23,0
2016-05-17,46.23,46.23,46.23,46.23,0
2016-05-18,46.23,46.23,46.23,46.23,0
2016-05-19,46.23,46.23,46.23,46.23,0
2016-05-20,46.23,46.23,46.23,46.23,0
2016-05-23,46.23,46.23,46.23,46.23,0
2016-05-24,46.23,46.23,46.23,46.23,0
2016-05-25,46.23,46.23,46.23,46.23,0
2016-05-26,46.23,46.23,46.23,46.23,0
2016-05-27,46.23,46.23,46.23,46.23,0
2016-05-30,46.23,46.23,46.23,46.23,0
2016-05-31,46.23,46.23,46.23,46.23,0
2016-06-01,46.23,46.23,46.23,46.23,0
2016-06-02,46.23,46.23,46.23,46.23,0
2016-06-03,46.23,46.23,46.23,46.23,0
2016-06-06,46.23,46.23,46.23,46.23,0
2016-06-07,46.23,46.23,46.23,46.23,0
2016-06-08,46.23,46.23,46.23,46.23,0
2016-06-13,46.23,46.23,46.23,46.23,0
2016-06-14,50.85,50.85,49.8,50.85,136941
2016-06-15,50.94,53.54,49.5,51.99,261879
2016-06-16,51.12,51.77,49.8,50.45,137500
2016-06-17,49.99,51.96,49.5,50.07,89571
2016-06-20,50.0,51.28,49.78,50.15,65140
2016-06-21,50.58,51.98,50.0,50.86,111227
2016-06-22,49.77,50.5,48.81,50.28,99658
2016-06-23,50.0,55.2,49.26,53.49,168612
2016-06-24,53.17,54.83,50.0,52.21,153833
2016-06-27,51.56,54.88,51.25,54.69,124107
2016-06-28,54.14,54.99,53.41,54.2,95912
2016-06-29,54.35,56.81,54.35,55.35,114261
2016-06-30,56.46,56.46,54.55,55.12,77994
2016-07-01,28.0,28.48,26.8,26.92,106593
2016-07-04,25.61,26.8,25.28,26.2,240984
2016-07-05,26.01,27.22,25.85,26.83,227728
2016-07-06,26.65,26.65,25.98,26.13,146006
2016-07-07,26.03,26.3,25.5,25.71,138834
2016-07-08,25.38,26.36,25.38,26.01,126873
2016-07-11,26.35,26.59,25.3,25.38,147299
2016-07-12,25.2,25.38,24.51,25.29,139698
2016-07-13,25.42,26.27,25.0,26.0,185556
2016-07-14,25.75,26.6,25.55,25.91,142680
2016-07-15,25.92,26.15,25.14,25.39,114811
2016-07-18,25.25,25.66,25.08,25.4,70091
2016-07-19,25.4,25.45,24.88,25.26,78017
2016-07-20,25.23,25.43,25.13,25.23,65290
2016-07-21,25.16,25.76,25.16,25.25,77537
2016-07-22,25.18,25.37,24.85,24.98,82232
2016-07-25,24.85,24.98,24.06,24.21,108689
2016-07-26,24.0,24.51,24.0,24.42,66087
2016-07-27,24.45,24.49,21.98,22.46,136228
2016-07-28,22.43,22.87,21.86,22.2,82218
2016-07-29,22.35,22.39,21.81,22.05,54158
2016-08-01,21.99,21.99,20.95,21.35,62623
2016-08-02,21.49,22.39,21.34,22.23,66942
2016-08-03,22.1,22.97,21.83,22.73,109803
2016-08-04,22.71,22.79,22.36,22.6,65231
2016-08-05,22.61,23.2,22.32,22.61,69536
2016-08-08,22.24,22.36,21.86,22.32,78345
2016-08-09,22.4,22.68,22.08,22.61,73965
2016-08-10,22.59,22.65,22.23,22.25,62157
2016-08-11,22.09,22.25,21.53,21.6,66478
2016-08-12,21.51,21.81,21.5,21.79,43136
2016-08-15,21.77,23.88,21.72,23.52,163476
2016-08-16,23.46,24.0,23.24,23.46,128826
2016-08-17,23.39,23.75,23.17,23.5,80107
2016-08-18,23.5,23.5,23.08,23.12,77181
2016-08-19,23.11,23.18,22.7,22.82,66289
2016-08-22,22.82,23.4,22.6,22.63,72625
2016-08-23,22.62,22.74,22.35,22.56,51637
2016-08-24,22.67,23.19,22.5,22.94,86183
2016-08-25,22.81,22.81,22.11,22.42,74033
2016-08-26,22.6,22.8,22.31,22.42,50732
2016-08-29,22.37,22.59,22.32,22.44,34903
2016-08-30,22.5,22.57,22.27,22.34,44424
2016-08-31,22.65,22.66,22.19,22.5,49230
2016-09-01,22.48,23.36,22.3,22.81,102419
2016-09-02,22.65,23.13,22.64,22.98,81134
2016-09-05,23.08,23.23,22.72,22.81,59035
2016-09-06,22.77,23.43,22.3,23.25,104202
2016-09-07,23.21,23.34,22.87,22.91,77604
2016-09-08,22.83,23.15,22.67,22.83,82297
2016-09-09,22.84,22.85,22.42,22.44,73558
2016-09-12,21.99,22.59,21.38,21.44,79991
2016-09-13,21.6,21.64,21.21,21.37,49802
2016-09-14,21.15,21.6,21.05,21.35,35749
2016-09-19,21.36,21.64,21.28,21.44,44178
2016-09-20,21.44,21.48,21.19,21.23,35782
2016-09-21,21.16,21.35,21.03,21.24,33769
2016-09-22,21.38,21.58,21.22,21.25,43084
2016-09-23,21.22,21.39,21.13,21.23,34835
2016-09-26,21.18,21.35,20.8,20.81,56441
2016-09-27,20.65,20.97,20.62,20.94,43183
2016-09-28,20.96,21.02,20.69,20.73,33567
2016-09-29,20.78,20.91,20.7,20.73,27130
2016-09-30,20.68,20.82,20.63,20.76,26188
2016-10-10,20.85,22.84,20.85,22.84,205393
2016-10-11,23.0,23.65,22.86,23.52,297795
2016-10-12,23.25,23.42,23.05,23.15,139180
2016-10-13,23.19,24.64,23.18,23.85,278494
2016-10-14,23.55,24.5,23.38,24.35,210197
2016-10-17,24.18,24.5,23.22,23.54,164158
2016-10-18,23.56,24.14,23.45,23.96,145462
2016-10-19,23.98,24.45,23.58,24.4,181223
2016-10-20,23.92,24.25,23.6,23.88,180977
2016-10-21,23.79,23.88,22.86,23.22,178599
2016-10-24,23.23,23.62,23.01,23.31,99539
2016-10-25,23.29,23.97,23.26,23.54,129905
2016-10-26,23.39,24.22,23.3,24.11,181608
2016-10-27,23.96,25.3,23.7,24.98,393890
2016-10-28,24.75,24.87,24.12,24.27,209479
2016-10-31,23.95,23.95,23.32,23.62,132409
2016-11-01,23.54,23.96,23.51,23.8,108031
2016-11-02,23.62,23.64,23.01,23.09,152226
2016-11-03,22.72,23.53,22.72,23.14,126013
2016-11-04,23.1,23.39,22.91,23.04,83404
2016-11-07,23.0,23.2,22.85,22.98,66680
2016-11-08,23.1,23.61,23.1,23.35,129638
2016-11-09,23.3,23.38,22.31,22.66,130685
2016-11-10,22.86,23.09,22.76,22.86,75629
2016-11-11,22.86,23.41,22.56,23.26,129155
2016-11-14,23.12,23.79,23.11,23.39,139244
2016-11-15,23.39,23.7,23.03,23.62,127708
2016-11-16,23.8,24.09,23.34,23.37,143932
2016-11-17,23.15,23.21,22.74,22.89,107854
2016-11-18,22.89,23.13,22.72,22.95,61677
2016-11-21,22.85,23.02,22.81,22.92,55566
2016-11-22,22.82,23.24,22.81,23.19,86409
2016-11-23,23.28,23.33,22.87,22.91,99594
2016-11-24,22.83,22.97,22.61,22.62,80071
2016-11-25,22.57,22.73,22.01,22.65,76939
2016-11-28,22.65,22.65,22.65,22.65,0
2016-11-29,22.65,22.65,22.65,22.65,0
2016-11-30,22.65,22.65,22.65,22.65,0
2016-12-01,22.65,22.65,22.65,22.65,0
2016-12-02,22.17,22.34,21.15,21.26,149790
2016-12-05,21.0,21.37,20.93,21.0,64843
2016-12-06,21.06,21.21,21.0,21.11,41289
2016-12-07,21.13,21.39,21.0,21.36,56937
2016-12-08,21.41,21.48,21.0,21.03,50444
2016-12-09,21.06,21.18,20.9,20.97,47056
2016-12-12,20.96,20.97,19.13,19.28,102554
2016-12-13,19.3,19.35,18.88,19.18,66433
2016-12-14,19.16,19.29,18.8,18.86,56538
2016-12-15,18.86,19.36,18.8,19.16,59796
2016-12-16,19.2,20.58,19.09,19.75,92539
2016-12-19,19.64,19.64,19.38,19.52,44440
2016-12-20,19.41,19.74,19.41,19.63,34542
2016-12-21,19.72,20.09,19.69,19.83,39888
2016-12-22,19.7,19.79,19.44,19.54,36782
2016-12-23,19.57,19.76,19.4,19.61,41057
2016-12-26,19.58,19.67,19.11,19.63,49212
2016-12-27,19.63,19.82,19.57,19.6,30804
2016-12-28,19.61,19.7,19.35,19.39,32360
2016-12-29,19.4,19.7,19.16,19.31,40991
2016-12-30,19.31,19.42,19.06,19.18,38631
2017-01-03,19.25,19.41,19.22,19.35,30065
2017-01-04,19.43,21.29,19.43,21.29,195622
2017-01-05,21.6,21.84,20.82,20.99,195241
2017-01-06,20.8,20.9,20.17,20.53,141126
2017-01-09,20.45,20.79,20.32,20.53,93365
2017-01-10,20.65,21.7,20.55,21.09,208149
2017-01-11,20.7,20.75,20.3,20.51,99347
2017-01-12,20.4,20.76,20.33,20.51,55098
2017-01-13,20.53,20.75,19.61,19.91,82893
2017-01-16,19.63,19.69,17.92,18.49,114026
2017-01-17,18.47,19.22,18.0,19.01,82324
2017-01-18,18.79,18.97,18.61,18.71,51453
2017-01-19,18.55,18.79,18.32,18.5,41710
2017-01-20,18.56,19.31,18.52,19.03,79697
2017-01-23,19.0,19.28,19.0,19.09,48232
2017-01-24,18.97,19.1,18.74,18.8,39568
2017-01-25,18.78,19.23,18.72,19.13,56484
2017-01-26,19.23,19.55,19.17,19.36,49003
2017-02-03,19.36,19.43,18.92,19.05,45924
2017-02-06,19.0,19.38,19.0,19.32,44978
2017-02-07,19.27,19.27,18.9,19.11,49895
2017-02-08,19.1,19.54,18.97,19.5,71149
2017-02-09,19.47,19.57,19.36,19.52,66238
2017-02-10,19.57,19.57,19.26,19.28,53745
2017-02-13,19.22,19.87,19.2,19.52,73232
2017-02-14,19.47,19.55,19.31,19.4,47033
2017-02-15,19.43,19.57,19.0,19.03,63640
2017-02-16,18.98,19.12,18.93,19.08,49041
2017-02-17,18.89,19.28,18.83,18.92,56387
2017-02-20,18.91,19.28,18.88,19.26,50400
2017-02-21,19.27,19.95,19.17,19.53,104675
2017-02-22,19.45,19.64,19.26,19.49,69199
2017-02-23,19.5,19.7,19.38,19.64,66281
2017-02-24,19.6,20.08,19.5,19.82,89925
2017-02-27,19.8,19.8,19.43,19.46,67741
2017-02-28,19.5,19.76,19.4,19.74,60737
2017-03-01,19.66,19.79,19.58,19.74,58132
2017-03-02,19.79,19.94,19.5,19.52,55355
2017-03-03,19.45,19.7,19.29,19.69,54067
2017-03-06,19.7,20.14,19.65,19.92,79821
2017-03-07,19.93,20.14,19.8,20.12,83529
2017-03-08,20.2,20.22,19.7,19.84,62835
2017-03-09,19.82,19.88,19.6,19.73,42211
2017-03-10,19.75,19.82,19.58,19.7,45809
2017-03-13,19.65,19.8,19.4,19.76,49789
2017-03-14,19.79,19.94,19.56,19.62,44944
2017-03-15,19.6,19.6,19.26,19.41,48743
2017-03-16,19.43,19.78,19.41,19.65,50559
2017-03-17,19.69,19.99,19.43,19.45,86296
2017-03-20,19.4,19.4,19.04,19.32,73113
2017-03-21,19.3,19.44,19.16,19.29,45138
2017-03-22,19.11,19.18,18.81,18.97,67001
2017-03-23,19.0,19.23,18.79,19.01,58930
2017-03-24,19.08,19.36,19.04,19.32,75562
2017-03-27,19.32,19.35,19.03,19.04,46164
2017-03-28,19.15,19.27,19.0,19.08,31696
2017-03-29,19.08,19.1,18.61,18.63,55316
2017-03-30,18.55,18.62,18.05,18.1,57097
2017-03-31,18.17,18.34,18.1,18.31,39609
2017-04-05,18.38,18.57,18.24,18.45,46325
2017-04-06,18.46,18.69,18.33,18.47,58812
2017-04-07,18.41,18.5,18.32,18.36,35007
2017-04-10,18.35,18.39,17.55,17.79,78157
2017-04-11,17.81,17.87,17.17,17.69,92209
2017-04-12,17.56,17.59,17.37,17.42,55012
2017-04-13,17.42,17.56,17.32,17.46,50470
2017-04-14,17.4,18.05,17.39,17.65,97314
2017-04-17,17.49,17.49,16.6,17.0,83641
2017-04-18,17.0,17.09,16.43,16.46,57090
2017-04-19,16.42,16.42,15.98,16.2,58452
2017-04-20,16.05,16.78,15.98,16.44,85019
2017-04-21,16.3,16.32,15.9,15.99,60277
2017-04-24,15.95,15.95,15.3,15.56,55192
2017-04-25,15.6,16.15,15.56,15.66,45883
2017-04-26,15.6,15.8,15.48,15.7,35268
2017-04-27,15.71,16.44,15.35,16.22,93819
2017-04-28,16.18,16.39,16.06,16.23,42773
2017-05-02,16.25,16.29,16.01,16.15,33920
2017-05-03,16.14,16.2,15.94,16.09,35359
2017-05-04,16.01,16.16,15.8,15.9,36384
2017-05-05,15.85,16.04,15.76,15.77,34807
2017-05-08,15.79,16.29,15.58,15.8,53163
2017-05-09,15.61,16.11,15.59,16.07,38330
2017-05-10,16.05,16.18,15.38,15.4,55027
2017-05-11,15.15,15.27,14.51,14.96,77162
2017-05-12,14.92,15.01,14.62,14.85,42095
2017-05-15,15.0,15.35,14.81,14.84,39332
2017-05-16,14.82,15.25,14.52,15.25,63290
2017-05-17,15.25,15.88,15.11,15.32,75723
2017-05-18,15.14,15.46,15.08,15.19,36748
2017-05-19,15.25,15.26,14.9,15.14,50473
2017-05-22,15.1,15.14,14.56,14.57,48296
2017-05-23,14.52,14.66,13.61,13.74,59600
2017-05-24,13.6,13.99,13.26,13.89,45451
2017-05-25,13.85,14.15,13.45,14.03,65314
2017-05-26,14.02,14.08,13.86,13.95,36894
2017-05-31,14.15,14.44,13.98,13.99,49810
2017-06-01,13.93,13.97,13.3,13.34,50990
2017-06-02,13.5,14.1,13.46,13.98,76398
2017-06-05,14.0,14.2,13.92,14.13,61597
2017-06-06,14.01,15.54,14.0,14.71,134029
2017-06-07,14.65,15.13,14.57,14.87,101138
2017-06-08,14.82,15.39,14.73,14.96,101488
2017-06-09,14.89,14.97,14.68,14.86,63460
2017-06-12,14.71,14.83,14.32,14.43,56334
2017-06-13,14.47,14.92,14.4,14.77,70405
2017-06-14,14.62,14.84,14.55,14.66,49606
2017-06-15,14.61,15.27,14.61,15.01,99581
2017-06-16,15.01,15.13,14.8,14.9,52655
2017-06-19,14.81,14.98,14.72,14.97,45168
2017-06-20,14.98,15.5,14.96,14.97,104457
2017-06-21,14.57,14.58,13.93,14.19,174788
2017-06-22,14.14,14.29,14.0,14.0,81550
2017-06-23,13.93,14.15,13.77,14.09,64865
2017-06-26,14.11,14.3,14.05,14.2,69639
2017-06-27,14.13,14.19,13.89,13.94,77849
2017-06-28,13.85,13.92,13.6,13.87,57180
2017-06-29,13.84,14.25,13.8,14.03,61956
2017-06-30,13.94,13.97,13.76,13.9,49660
2017-07-03,13.88,14.13,13.83,14.04,40298
2017-07-04,14.03,14.09,13.94,14.03,32662
2017-07-05,14.01,14.26,13.95,14.24,67495
2017-07-06,14.23,14.23,13.95,14.21,62550
2017-07-07,15.63,15.63,15.63,15.63,83333
2017-07-10,15.55,15.55,15.01,15.21,231683
2017-07-11,15.2,15.2,14.37,14.5,167454
2017-07-12,14.48,14.6,13.98,14.4,104547
2017-07-13,14.35,14.36,14.0,14.22,70779
2017-07-14,14.16,14.3,14.02,14.1,52254
2017-07-17,14.09,14.18,12.69,12.72,149693
2017-07-18,12.69,12.95,12.45,12.85,74637
2017-07-19,12.75,13.04,12.67,12.97,53809
2017-07-20,13.13,13.35,12.96,12.99,67287
2017-07-21,12.87,13.09,12.81,12.92,44318
2017-07-24,12.77,12.9,12.6,12.84,63730
2017-07-25,12.79,12.94,12.7,12.85,53597
2017-07-26,12.83,12.88,12.71,12.78,42107
2017-07-27,12.76,13.58,12.72,13.45,134277
2017-07-28,13.35,13.55,13.2,13.23,79037
2017-07-31,13.23,13.43,13.11,13.37,58540
2017-08-01,13.35,13.38,13.19,13.36,47973
2017-08-02,13.41,13.55,13.13,13.47,76847
2017-08-03,13.4,13.97,13.32,13.62,111076
2017-08-04,13.57,13.65,13.29,13.3,70698
2017-08-07,13.37,13.59,13.28,13.39,41249
2017-08-08,13.37,13.6,13.28,13.56,61229
2017-08-09,13.34,13.54,13.29,13.38,55687
2017-08-10,13.33,13.72,13.3,13.45,88657
2017-08-11,13.3,13.39,13.0,13.09,70588
2017-08-14,13.16,13.9,13.09,13.79,161128
2017-08-15,13.86,13.93,13.63,13.78,90604
2017-08-16,13.69,14.28,13.65,14.07,147742
2017-08-17,13.97,14.68,13.96,14.44,171404
2017-08-18,14.3,14.4,14.1,14.21,86843
2017-08-21,14.17,14.3,14.02,14.21,65385
2017-08-22,14.14,14.22,14.0,14.04,57372
2017-08-23,13.93,14.17,13.93,14.02,39548
2017-08-24,13.83,13.88,13.3,13.39,126694
2017-08-25,13.39,13.6,13.36,13.58,51536
2017-08-28,13.56,14.15,13.52,13.98,90257
2017-08-29,14.0,14.0,13.74,13.82,58578
2017-08-30,13.83,14.36,13.82,14.18,149480
2017-08-31,14.03,14.5,13.97,14.46,149799
2017-09-01,14.82,15.1,14.4,14.87,269632
2017-09-04,14.61,15.12,14.5,14.8,169223
2017-09-05,14.71,15.0,14.5,14.55,117407
2017-09-06,14.5,14.93,14.29,14.9,141738
2017-09-07,14.8,15.24,14.59,14.62,142395
2017-09-08,14.6,14.91,14.57,14.73,95164
2017-09-11,14.7,14.78,14.56,14.68,74482
2017-09-12,14.68,14.79,14.38,14.55,101379
2017-09-13,14.48,14.58,14.36,14.49,56253
2017-09-14,14.47,14.56,14.36,14.42,59023
2017-09-15,14.39,14.39,14.16,14.23,58281
2017-09-18,14.22,14.34,14.05,14.31,61194
2017-09-19,14.29,14.43,14.09,14.14,58518
2017-09-20,14.15,14.38,14.1,14.36,56051
2017-09-21,14.45,14.47,14.06,14.09,63868
2017-09-22,14.01,14.05,13.8,13.91,54757
2017-09-25,14.0,14.24,13.79,13.81,47351
2017-09-26,13.79,13.89,13.7,13.87,32967
2017-09-27,13.84,13.97,13.84,13.93,27196
2017-09-28,13.95,13.98,13.75,13.78,35557
2017-09-29,13.75,13.92,13.75,13.84,40286
2017-10-09,14.11,14.8,13.97,14.57,159287
2017-10-10,14.42,14.93,14.42,14.86,158724
2017-10-11,14.84,14.84,14.59,14.77,109915
2017-10-12,14.55,14.77,14.33,14.68,118495
2017-10-13,14.67,14.67,14.38,14.49,73570
2017-10-16,14.42,14.54,13.85,13.87,104041
2017-10-17,13.84,13.92,13.75,13.86,43336
2017-10-18,13.88,13.92,13.37,13.41,83704
2017-10-19,13.37,13.48,13.18,13.26,45143
2017-10-20,13.16,13.4,13.09,13.39,43647
2017-10-23,13.39,13.47,13.31,13.46,28975
2017-10-24,13.49,13.49,13.07,13.25,50244
2017-10-25,13.23,13.54,13.2,13.5,46297
2017-10-26,13.45,13.58,13.37,13.51,37544
2017-10-27,13.51,13.65,13.33,13.35,40989
2017-10-30,13.34,13.4,12.63,12.75,68345
2017-10-31,12.37,12.64,12.3,12.51,75887
2017-11-01,12.51,12.67,12.4,12.44,53583
2017-11-02,12.41,12.43,12.09,12.1,62418
2017-11-03,12.08,12.24,11.92,12.11,50340
2017-11-06,12.17,12.2,12.05,12.17,31381
2017-11-07,12.16,12.32,12.05,12.29,41541
2017-11-08,12.32,12.45,12.25,12.31,43771
2017-11-09,12.32,12.57,12.24,12.43,46914
2017-11-10,12.4,12.48,12.16,12.28,52884
2017-11-13,12.27,12.28,12.1,12.18,42008
2017-11-14,12.17,12.39,12.03,12.26,52682
2017-11-15,12.15,12.25,12.03,12.1,38152
2017-11-16,12.05,12.18,11.99,12.01,31917
2017-11-17,12.02,12.07,11.01,11.06,92868
2017-11-20,10.98,11.09,10.62,11.02,52947
2017-11-21,11.08,11.38,11.03,11.18,49775
2017-11-22,11.07,11.28,11.01,11.11,37095
2017-11-23,11.09,11.57,10.9,10.99,81522
2017-11-24,10.87,11.29,10.77,11.13,46137
2017-11-27,11.05,11.29,10.9,10.93,40577
2017-11-28,10.96,11.18,10.9,11.17,47719
2017-11-29,11.16,11.2,10.92,11.1,39309
2017-11-30,11.11,11.17,11.0,11.03,30490
2017-12-01,10.99,11.36,10.97,11.23,51314
2017-12-04,11.19,11.22,10.79,10.91,46959
2017-12-05,10.86,11.0,10.35,10.46,58013
2017-12-06,10.46,10.7,10.41,10.64,44980
2017-12-07,10.69,11.04,10.51,10.88,68816
2017-12-08,10.82,11.03,10.75,10.9,52365
2017-12-11,10.99,11.34,10.99,11.16,73845
2017-12-12,10.87,11.0,10.81,10.83,60184
2017-12-13,10.72,10.95,10.72,10.87,40878
2017-12-14,10.87,10.98,10.8,10.91,34152
2017-12-15,10.91,11.25,10.82,11.17,78098
2017-12-18,11.02,11.33,10.91,10.95,61172
2017-12-19,10.94,12.05,10.94,11.49,165753
2017-12-20,11.44,11.49,11.17,11.22,86376
2017-12-21,11.22,11.22,11.0,11.05,48737
2017-12-22,11.1,11.16,10.82,10.84,58097
2017-12-25,10.81,10.84,10.4,10.51,58983
2017-12-26,10.5,10.67,10.47,10.63,36007
2017-12-27,10.59,10.62,10.44,10.49,40637
2017-12-28,10.47,10.63,10.41,10.51,36482
2017-12-29,10.5,10.8,10.45,10.69,44349
2018-01-02,10.73,10.76,10.59,10.75,37804
2018-01-03,10.66,10.92,10.66,10.89,58245
2018-01-04,10.84,10.88,10.77,10.86,37545
2018-01-05,11.05,11.25,10.88,10.9,72896
2018-01-08,10.78,11.46,10.7,11.23,141805
2018-01-09,11.13,11.13,10.96,11.02,65162
2018-01-10,11.11,11.98,11.07,11.66,227820
2018-01-11,11.58,12.83,11.43,12.83,308266
2018-01-12,12.96,13.45,12.4,12.61,396615
2018-01-15,12.1,12.17,11.46,11.66,254453
2018-01-16,11.8,11.99,11.54,11.77,168008
2018-01-17,11.2,11.44,11.09,11.26,152105
2018-01-18,11.28,11.35,11.1,11.17,74099
2018-01-19,11.24,11.32,11.06,11.15,81778
2018-01-22,11.11,11.45,10.8,11.3,115799
2018-01-23,11.22,11.24,10.97,11.02,106024
2018-01-24,11.02,11.39,10.9,11.37,126769
2018-01-25,11.27,11.57,11.16,11.17,111610
2018-01-26,11.12,11.42,11.06,11.29,82256
2018-01-29,11.24,11.35,10.97,11.18,76348
2018-01-30,11.1,11.22,11.01,11.05,39887
2018-01-31,10.1,10.29,9.95,9.95,91203
2018-02-01,9.2,9.44,8.96,8.96,156517
2018-02-02,9.0,9.06,8.69,8.8,72240
2018-02-05,8.7,8.97,8.64,8.8,41244
2018-02-06,8.6,8.75,8.06,8.08,66293
2018-02-07,8.3,8.45,8.01,8.3,69802
2018-02-08,8.29,8.64,8.23,8.52,58329
2018-02-09,8.26,8.41,8.01,8.2,55694
2018-02-12,8.25,8.51,8.25,8.44,36148
2018-02-13,8.48,8.58,8.4,8.41,45121
2018-02-14,8.4,8.45,8.32,8.4,24774
2018-02-22,8.49,8.92,8.46,8.62,50957
2018-02-23,8.6,8.86,8.55,8.74,63702
2018-02-26,8.79,8.98,8.76,8.89,60233
2018-02-27,8.86,9.25,8.86,9.07,81155
2018-02-28,9.0,9.26,8.8,9.1,76267
2018-03-01,9.05,9.65,8.95,9.57,132241
2018-03-02,9.44,9.56,9.26,9.29,90364
2018-03-05,9.34,9.46,9.26,9.4,53070
2018-03-06,9.4,9.47,9.27,9.33,70832
2018-03-07,9.33,9.33,9.12,9.13,59189
2018-03-08,9.13,9.35,9.1,9.17,58313
2018-03-09,9.2,9.83,9.18,9.68,146360
2018-03-12,9.68,10.01,9.59,9.9,131029
2018-03-13,9.86,10.48,9.82,10.11,186209
2018-03-14,10.0,10.01,9.66,9.71,114693
2018-03-15,9.6,9.79,9.38,9.62,77132
2018-03-16,10.0,10.58,10.0,10.58,110713
2018-03-19,10.62,10.98,10.52,10.56,376312
2018-03-20,10.25,10.38,10.06,10.27,186972
2018-03-21,10.23,10.44,9.91,9.94,151614
2018-03-22,9.89,10.16,9.81,9.99,108196
2018-03-23,9.65,9.69,9.0,9.03,146694
2018-03-26,8.7,9.32,8.55,9.22,101873
2018-03-27,9.38,9.67,9.3,9.55,125294
2018-03-28,9.35,9.81,9.35,9.57,120839
2018-03-29,9.59,9.99,9.59,9.71,130475
2018-03-30,9.7,10.37,9.7,10.27,209031
2018-04-02,10.32,10.7,10.03,10.59,228868
2018-04-03,10.28,10.48,10.18,10.27,152306
2018-04-04,10.35,10.42,9.98,10.11,127675
2018-04-09,10.02,10.29,9.88,10.12,96868
2018-04-10,10.12,10.17,9.86,10.03,83172
2018-04-11,10.08,10.5,10.06,10.18,146611
2018-04-12,10.1,10.4,10.07,10.18,116098
2018-04-13,10.25,10.58,10.2,10.53,170562
2018-04-16,10.37,10.73,10.21,10.67,176919
2018-04-17,10.56,10.61,9.78,9.86,178524
2018-04-18,9.95,10.32,9.71,10.24,121895
2018-04-19,10.22,10.42,10.1,10.16,107460
2018-04-20,10.08,10.55,10.02,10.16,129343
2018-04-23,10.02,10.07,9.3,9.62,122558
2018-04-24,9.56,10.04,9.46,9.97,103403
2018-04-25,9.96,10.97,9.95,10.97,296796
2018-04-26,11.15,11.62,10.62,10.65,501625
2018-04-27,10.78,11.06,10.31,10.74,256914
2018-05-02,10.6,10.66,9.83,9.99,205789
2018-05-03,10.03,10.35,9.76,10.32,133467
2018-05-04,10.2,10.34,9.95,10.0,102058
2018-05-07,10.04,10.39,10.04,10.3,115215
2018-05-08,10.31,10.53,10.31,10.49,122735
2018-05-09,10.49,11.0,10.39,10.98,194964
2018-05-10,10.88,10.9,10.55,10.72,151359
2018-05-11,10.81,10.81,10.34,10.36,105951
2018-05-14,10.41,10.61,10.27,10.42,87618
2018-05-15,10.43,10.78,10.31,10.76,124035
2018-05-16,10.73,10.73,10.42,10.48,94325
2018-05-17,10.45,10.53,10.32,10.34,61363
2018-05-18,10.3,10.3,10.04,10.23,93036
2018-05-21,10.3,10.47,10.1,10.41,61959
2018-05-22,10.09,10.16,9.9,10.11,151173
2018-05-23,10.02,10.23,9.98,10.06,93761
2018-05-24,9.96,10.02,9.76,9.86,88653
2018-05-25,9.87,9.9,9.45,9.47,90924
2018-05-28,9.56,9.7,9.43,9.46,56948
2018-05-29,9.45,9.58,9.3,9.33,52949
2018-05-30,9.13,9.28,8.7,8.84,75948
2018-05-31,8.95,9.05,8.85,8.99,39764
2018-06-01,9.0,9.03,8.8,8.88,39176
2018-06-06,9.1,9.24,8.96,9.2,61314
2018-06-07,10.12,10.12,9.48,9.54,269454
2018-06-08,9.18,9.23,8.81,9.06,181711
2018-06-11,8.99,9.05,8.8,8.87,72096
2018-06-12,8.88,8.91,8.63,8.89,58499
2018-06-13,8.89,8.89,8.64,8.65,47935
2018-06-14,8.6,8.75,8.56,8.61,38779
2018-06-15,8.65,8.69,8.26,8.36,57025
2018-06-19,8.17,8.2,7.52,7.52,89145
2018-06-20,7.5,7.69,7.35,7.55,70303
2018-06-21,7.58,7.61,7.13,7.15,74403
2018-06-22,7.08,7.35,7.03,7.31,52637
2018-06-25,7.36,7.45,7.24,7.29,41095
2018-06-26,7.14,7.6,7.11,7.54,63135
2018-06-27,7.53,7.56,7.45,7.51,42021
2018-06-28,7.5,7.6,7.34,7.36,44884
2018-06-29,7.33,7.7,7.33,7.69,73314
2018-07-02,7.69,7.74,7.4,7.48,51860
2018-07-03,7.5,7.86,7.47,7.78,66725
2018-07-04,7.74,7.75,7.49,7.55,50492
2018-07-05,7.51,7.69,7.37,7.38,55567
2018-07-06,7.4,7.64,7.23,7.5,61680
2018-07-09,7.51,7.65,7.49,7.64,46858
2018-07-10,7.62,7.65,7.52,7.64,50417
2018-07-11,7.45,7.45,7.17,7.29,61990
2018-07-12,7.24,7.56,7.24,7.52,53133
2018-07-13,7.51,7.6,7.46,7.52,42532
2018-07-16,7.51,7.67,7.47,7.57,49869
2018-07-17,7.58,7.64,7.48,7.61,41741
2018-07-18,7.6,7.66,7.52,7.54,46275
2018-07-19,7.54,7.57,7.33,7.37,37710
2018-07-20,7.35,7.56,7.3,7.53,46940
2018-07-23,7.53,7.71,7.49,7.68,66506
2018-07-24,7.63,7.94,7.59,7.81,72401
2018-07-25,7.75,7.87,7.74,7.82,61436
2018-07-26,7.81,8.17,7.72,7.96,101020
2018-07-27,7.9,7.9,7.68,7.72,64911
2018-07-30,7.7,7.89,7.47,7.87,99088
2018-07-31,7.74,7.83,7.63,7.78,77953
2018-08-01,7.77,7.84,7.58,7.59,57080
2018-08-02,7.53,7.57,7.16,7.28,54242
2018-08-03,7.26,7.34,7.18,7.19,27411
2018-08-06,7.1,7.25,7.1,7.14,26512
2018-08-07,7.16,7.34,7.11,7.33,36184
2018-08-08,7.3,7.52,7.27,7.33,56451
2018-08-09,7.3,7.65,7.22,7.55,70938
2018-08-10,7.5,7.61,7.48,7.59,46124
2018-08-13,7.49,7.75,7.46,7.71,56600
2018-08-14,7.65,7.78,7.58,7.59,43265
2018-08-15,7.6,7.75,7.51,7.55,60965
2018-08-16,7.46,7.57,7.32,7.42,42980
2018-08-17,7.5,7.56,7.19,7.22,49359
2018-08-20,7.24,7.77,7.19,7.6,85644
2018-08-21,7.58,7.63,7.48,7.6,59659
2018-08-22,7.55,7.72,7.45,7.46,51294
2018-08-23,7.45,7.74,7.42,7.59,60046
2018-08-24,7.54,8.35,7.53,7.87,154868
2018-08-27,7.79,7.98,7.73,7.95,116771
2018-08-28,7.9,7.95,7.77,7.79,79723
2018-08-29,7.76,7.89,7.72,7.89,48127
2018-08-30,7.85,7.88,7.59,7.64,50495
2018-08-31,7.61,7.75,7.52,7.52,47219
2018-09-03,7.51,7.58,7.28,7.47,49011
2018-09-04,7.5,7.88,7.45,7.79,91646
2018-09-05,7.78,7.95,7.73,7.79,108279
2018-09-06,7.8,8.18,7.71,7.89,133921
2018-09-07,7.85,7.96,7.64,7.76,99437
2018-09-10,7.74,7.77,7.45,7.45,57057
2018-09-11,7.48,7.66,7.42,7.56,47893
2018-09-12,7.56,7.75,7.5,7.63,46538
2018-09-13,7.85,7.95,7.59,7.78,68207
2018-09-14,7.74,7.81,7.48,7.5,58519
2018-09-17,7.48,7.58,7.41,7.46,36868
2018-09-18,7.43,7.63,7.38,7.61,49540
2018-09-19,7.59,7.71,7.49,7.66,60262
2018-09-20,7.64,7.67,7.51,7.52,44123
2018-09-21,7.53,7.65,7.49,7.62,40766
2018-09-25,7.58,7.66,7.55,7.59,32230
2018-09-26,7.59,7.66,7.53,7.59,35650
2018-09-27,7.6,7.67,7.33,7.33,68478
2018-09-28,7.35,7.5,7.34,7.42,36809
2018-10-08,7.28,7.31,7.08,7.08,43399
2018-10-09,7.11,7.21,7.11,7.17,31279
2018-10-10,7.13,7.2,7.1,7.18,20798
2018-10-11,6.9,6.9,6.46,6.46,79478
2018-10-12,6.39,6.43,6.0,6.26,54842
2018-10-15,6.31,6.37,6.16,6.18,27683
2018-10-16,6.19,6.3,6.05,6.1,29468
2018-10-17,6.22,6.32,6.1,6.26,38313
2018-10-18,6.26,6.26,6.04,6.08,31358
2018-10-19,5.95,6.32,5.88,6.26,44125
2018-10-22,6.29,6.67,6.28,6.56,77277
2018-10-23,6.6,6.65,6.42,6.45,48731
2018-10-24,6.49,6.58,6.43,6.49,31477
2018-10-25,6.29,6.53,6.2,6.45,35576
2018-10-26,6.52,6.61,6.45,6.49,34885
2018-10-29,6.48,6.59,6.39,6.44,29370
2018-10-30,6.44,6.62,6.31,6.55,49576
2018-10-31,6.5,6.64,6.49,6.56,47093
2018-11-01,6.6,6.77,6.53,6.56,67204
2018-11-02,6.62,6.76,6.62,6.75,71824
2018-11-05,6.71,6.88,6.65,6.8,70729
2018-11-06,6.79,6.79,6.57,6.75,56091
2018-11-07,6.78,6.88,6.71,6.81,68130
2018-11-08,6.85,6.89,6.77,6.79,68769
2018-11-09,6.72,6.98,6.68,6.78,48567
2018-11-12,6.77,7.08,6.75,7.05,81212
2018-11-13,6.98,7.33,6.91,7.27,127828
2018-11-14,7.23,7.3,7.12,7.17,83340
2018-11-15,7.2,7.58,7.14,7.5,138908
2018-11-16,7.45,8.0,7.45,7.63,186302
2018-11-19,7.63,7.63,7.41,7.51,100211
2018-11-20,7.47,7.65,7.35,7.35,83615
2018-11-21,7.28,7.46,7.24,7.46,74012
2018-11-22,7.48,7.86,7.43,7.74,152790
2018-11-23,8.0,8.0,7.12,7.17,163557
2018-11-26,7.02,7.23,6.93,7.02,82716
2018-11-27,7.16,7.3,7.05,7.16,78756
2018-11-28,7.43,7.55,7.2,7.43,128549
2018-11-29,7.38,7.46,7.03,7.14,94977
2018-11-30,7.1,7.19,6.78,7.06,85522
2018-12-03,7.16,7.36,7.14,7.26,94981
2018-12-04,7.22,7.36,7.2,7.34,73190
2018-12-05,7.17,7.35,7.13,7.21,59179
2018-12-06,7.18,7.32,7.1,7.26,62545
2018-12-07,7.4,7.4,7.1,7.19,55817
2018-12-10,7.08,7.55,7.05,7.32,110869
2018-12-11,7.25,7.27,7.15,7.24,82497
2018-12-12,7.22,7.24,7.07,7.1,44848
2018-12-13,7.1,7.21,7.02,7.11,51897
2018-12-14,7.1,7.14,6.74,6.74,64198
2018-12-17,6.75,6.85,6.69,6.78,32440
2018-12-18,6.74,6.81,6.68,6.77,38940
2018-12-19,6.76,6.78,6.5,6.58,35982
2018-12-20,6.55,6.83,6.51,6.76,52776
2018-12-21,6.73,6.86,6.66,6.78,43667
2018-12-24,6.76,6.78,6.67,6.78,55298
2018-12-25,6.78,6.78,6.39,6.6,77480
2018-12-26,6.6,6.64,6.5,6.55,43730
2018-12-27,6.63,6.66,6.33,6.33,41393
2018-12-28,6.36,6.39,6.25,6.3,33987
2019-01-02,6.31,6.37,6.26,6.29,35912
2019-01-03,6.29,6.42,6.28,6.4,42462
2019-01-04,6.4,7.04,6.4,7.04,98557
2019-01-07,7.74,7.74,7.4,7.74,452562
2019-01-08,7.6,7.99,7.31,7.46,430437
2019-01-09,7.37,7.63,7.26,7.42,285211
2019-01-10,7.35,7.47,7.18,7.3,181520
2019-01-11,7.28,7.39,7.21,7.34,116971
2019-01-14,7.3,7.43,7.2,7.29,123308
2019-01-15,7.2,7.35,7.17,7.29,112113
2019-01-16,7.39,7.88,7.39,7.4,293057
2019-01-17,7.2,7.3,7.1,7.13,163528
2019-01-18,7.16,7.18,7.02,7.15,99214
2019-01-21,7.14,7.19,7.09,7.12,57932
2019-01-22,7.13,7.29,7.06,7.13,89072
2019-01-23,7.11,7.36,7.08,7.29,108385
2019-01-24,7.36,7.49,7.25,7.27,152092
2019-01-25,7.21,7.42,7.14,7.21,112164
2019-01-28,7.3,7.43,7.13,7.4,129939
2019-01-29,7.32,7.43,6.71,6.95,153105
2019-01-30,6.9,6.93,6.53,6.53,124168
2019-01-31,6.5,6.65,6.42,6.52,69861
2019-02-01,6.6,6.83,6.54,6.78,66653
2019-02-11,6.85,7.02,6.8,6.99,69765
2019-02-12,6.99,7.06,6.9,7.0,79824
2019-02-13,7.0,7.33,6.95,7.28,138290
2019-02-14,7.26,7.33,7.19,7.27,107783
2019-02-15,7.26,7.33,7.2,7.28,87181
2019-02-18,7.31,7.58,7.27,7.47,140800
2019-02-19,7.47,7.95,7.43,7.58,229980
2019-02-20,7.54,7.6,7.36,7.53,129671
2019-02-21,7.55,8.16,7.53,7.71,254017
2019-02-22,7.73,8.48,7.65,8.48,187548
2019-02-25,9.33,9.33,9.33,9.33,33169
2019-02-26,10.26,10.26,10.26,10.26,53645
2019-02-27,10.69,11.2,10.13,10.92,886449
2019-02-28,10.4,10.63,9.83,9.9,550406
2019-03-01,9.88,10.68,9.53,10.3,473405
2019-03-04,10.35,11.33,10.13,10.99,663518
2019-03-05,10.6,11.18,10.4,11.13,483721
2019-03-06,11.2,12.0,11.01,11.85,574820
2019-03-07,11.53,12.8,11.18,12.14,596292
2019-03-08,11.3,11.84,10.93,10.93,442297
2019-03-11,11.21,11.44,10.7,11.37,348511
2019-03-12,11.4,12.12,11.3,11.67,440997
2019-03-13,11.6,11.6,10.7,10.88,306810
2019-03-14,10.62,10.85,10.05,10.46,231800
2019-03-15,10.65,10.73,10.27,10.4,154750
2019-03-18,10.57,10.76,10.34,10.75,178332
2019-03-19,10.82,11.15,10.82,10.84,203162
2019-03-20,10.76,11.28,10.7,11.14,214843
2019-03-21,11.26,11.58,11.05,11.44,310310
2019-03-22,11.2,11.29,10.81,11.05,228210
2019-03-25,10.69,10.89,10.41,10.46,193058
2019-03-26,10.48,10.84,10.2,10.36,157463
2019-03-27,10.42,10.55,9.85,10.22,133296
2019-03-28,10.07,10.46,10.07,10.09,105167
2019-03-29,10.17,10.96,10.09,10.79,222157
2019-04-01,11.12,11.8,11.12,11.56,346216
2019-04-02,11.64,12.37,11.38,11.57,502865
2019-04-03,11.45,11.95,11.44,11.62,292186
2019-04-04,11.95,12.78,11.73,12.78,315154
2019-04-08,13.58,13.99,12.5,13.06,645925
2019-04-09,12.63,12.83,11.99,12.15,398194
2019-04-10,12.07,12.16,11.7,11.84,238238
2019-04-11,11.91,12.19,11.71,11.96,220315
2019-04-12,11.9,11.95,11.43,11.63,178694
2019-04-15,11.91,12.15,11.45,11.49,162192
2019-04-16,11.48,12.1,11.41,12.09,178586
2019-04-17,12.12,12.15,11.81,11.85,152262
2019-04-18,11.79,11.79,11.5,11.57,129821
2019-04-19,11.55,12.73,11.55,12.56,464252
2019-04-22,12.25,12.41,11.7,11.82,311717
2019-04-23,11.7,12.42,11.64,12.14,246793
2019-04-24,12.26,12.48,11.88,12.39,252698
2019-04-25,12.26,12.42,11.65,11.65,211136
2019-04-26,11.5,11.84,11.19,11.19,168120
2019-04-29,11.2,11.29,10.17,10.17,199102
2019-04-30,10.08,10.46,9.91,10.19,143369
2019-05-06,9.68,9.91,9.17,9.17,161307
2019-05-07,9.23,9.44,8.9,9.26,135599
2019-05-08,8.96,9.46,8.76,9.22,138460
2019-05-09,9.08,9.36,9.08,9.16,84955
2019-05-10,9.29,9.81,9.03,9.73,166102
2019-05-13,9.67,9.85,9.52,9.63,100754
2019-05-14,9.4,9.85,9.35,9.6,90375
2019-05-15,9.75,10.07,9.7,9.86,123095
2019-05-16,9.92,9.98,9.65,9.73,94103
2019-05-17,9.77,9.85,8.99,9.2,124445
2019-05-20,9.24,9.43,9.11,9.35,85558
2019-05-21,9.34,9.79,9.25,9.65,102242
2019-05-22,9.77,9.86,9.45,9.79,125374
2019-05-23,9.86,9.88,9.3,9.41,103472
2019-05-24,9.3,9.54,9.21,9.3,60672
2019-05-27,9.43,9.8,9.35,9.77,103426
2019-05-28,9.77,9.93,9.63,9.74,96412
2019-05-29,9.75,9.94,9.62,9.79,72525
2019-05-30,9.74,9.79,9.44,9.75,78892
2019-05-31,9.33,9.44,9.12,9.16,93420
2019-06-03,9.16,9.23,8.78,8.89,77945
2019-06-04,8.84,9.03,8.53,8.63,73321
2019-06-05,8.79,8.8,8.65,8.68,71054
2019-06-06,8.68,8.69,8.35,8.42,75813
2019-06-10,8.4,8.68,8.38,8.54,59693
2019-06-11,8.53,9.14,8.35,9.03,127504
2019-06-12,9.0,9.25,8.93,9.02,92426
2019-06-13,9.11,9.36,9.03,9.19,101471
2019-06-14,9.19,9.28,8.88,8.9,74191
2019-06-17,8.95,9.08,8.85,8.92,51151
2019-06-18,8.88,9.18,8.86,8.99,64495
2019-06-19,9.33,9.45,9.1,9.12,81561
2019-06-20,9.14,9.72,9.03,9.51,161171
2019-06-21,9.47,9.96,9.47,9.68,155489
2019-06-24,9.76,9.84,9.5,9.59,92311
2019-06-25,9.56,10.55,9.16,9.84,219752
2019-06-26,9.6,9.89,9.51,9.63,135706
2019-06-27,9.62,9.87,9.59,9.61,110369
2019-06-28,9.5,9.53,9.23,9.32,82663
2019-07-01,9.6,9.73,9.51,9.68,125560
2019-07-02,9.68,9.88,9.56,9.64,77400
2019-07-03,9.59,9.61,9.33,9.37,72847
2019-07-04,9.37,9.5,9.27,9.28,46469
2019-07-05,9.38,9.48,9.29,9.44,53236
2019-07-08,9.45,9.45,8.75,8.92,100280
2019-07-09,8.97,9.02,8.77,8.92,52549
2019-07-10,8.97,9.0,8.69,8.76,43981
2019-07-11,8.83,8.94,8.67,8.8,48784
2019-07-12,8.81,8.81,8.62,8.76,37036
2019-07-15,8.7,9.18,8.58,9.07,89671
2019-07-16,9.02,9.09,8.97,9.01,48762
2019-07-17,9.09,9.35,9.07,9.13,79212
2019-07-18,9.01,9.01,8.81,8.85,54625
2019-07-19,8.87,9.05,8.87,8.93,39669
2019-07-22,8.97,8.97,8.51,8.64,63356
2019-07-23,8.63,8.79,8.63,8.72,33312
2019-07-24,8.73,8.92,8.73,8.79,52110
2019-07-25,8.8,8.92,8.76,8.8,41310
2019-07-26,8.75,8.79,8.65,8.78,43914
2019-07-29,8.78,8.79,8.54,8.64,53233
2019-07-30,8.66,8.85,8.65,8.74,57428
2019-07-31,8.72,8.72,8.6,8.65,38104
2019-08-01,8.6,8.7,8.55,8.62,34543
2019-08-02,8.4,8.52,8.35,8.46,52764
2019-08-05,8.4,8.64,8.4,8.4,35321
2019-08-06,8.71,9.24,8.42,9.24,378378
2019-08-07,9.2,9.36,8.82,8.88,330488
2019-08-08,8.79,9.05,8.77,8.82,168400
2019-08-09,8.81,8.92,8.46,8.6,157818
2019-08-12,8.65,8.85,8.5,8.85,123415
2019-08-13,8.69,8.73,8.6,8.64,86930
2019-08-14,8.78,8.84,8.6,8.64,75080
2019-08-15,8.31,8.56,8.16,8.48,128990
2019-08-16,8.43,8.56,8.4,8.44,79464
2019-08-19,8.55,8.95,8.5,8.95,193659
2019-08-20,8.99,9.07,8.86,8.96,141729
2019-08-21,8.96,9.03,8.86,8.95,99182
2019-08-22,8.98,9.11,8.87,9.01,108441
2019-08-23,9.59,9.91,9.12,9.16,221917
2019-08-26,8.78,8.91,8.73,8.79,125066
2019-08-27,8.85,9.14,8.83,9.04,110836
2019-08-28,9.05,9.09,8.93,9.0,88300
2019-08-29,8.99,9.25,8.91,9.09,116051
2019-08-30,9.16,9.37,8.86,8.92,125035
2019-09-02,8.91,9.26,8.87,9.23,111443
2019-09-03,9.2,9.38,9.12,9.37,117416
2019-09-04,9.3,9.54,9.26,9.46,134975
2019-09-05,9.63,10.4,9.62,10.05,358330
2019-09-06,10.01,10.25,9.92,10.12,201127
2019-09-09,10.35,10.57,10.12,10.42,246845
2019-09-10,10.54,11.3,10.27,10.87,311983
2019-09-11,10.73,10.79,10.45,10.47,194365
2019-09-12,10.5,10.78,10.45,10.58,146523
2019-09-16,10.74,11.08,10.66,10.85,202448
2019-09-17,10.79,10.88,10.32,10.49,176372
2019-09-18,10.5,10.85,10.4,10.85,172557
2019-09-19,10.83,11.69,10.63,11.57,291766
2019-09-20,11.43,12.33,11.12,11.63,414887
2019-09-23,11.38,11.46,11.07,11.25,171954
2019-09-24,11.3,11.58,11.13,11.24,155308
2019-09-25,11.0,11.07,10.53,10.66,191321
2019-09-26,10.81,10.87,10.15,10.16,136800
2019-09-27,10.16,10.41,10.13,10.27,97891
2019-09-30,10.27,10.39,10.09,10.09,77273
2019-10-08,10.07,10.3,9.99,10.07,68017
2019-10-09,9.95,10.19,9.78,10.15,71944
2019-10-10,10.15,10.35,10.15,10.33,85192
2019-10-11,10.33,10.53,10.15,10.38,94915
2019-10-14,10.51,10.75,10.43,10.61,99015
2019-10-15,10.53,10.56,10.22,10.24,69636
2019-10-16,10.28,10.41,10.1,10.14,55081
2019-10-17,10.07,10.29,9.91,10.01,70689
2019-10-18,10.05,10.13,9.67,9.7,92752
2019-10-21,9.73,9.85,9.51,9.85,72930
2019-10-22,9.81,10.03,9.81,9.98,58574
2019-10-23,9.95,10.04,9.83,9.85,51972
2019-10-24,9.89,10.29,9.8,10.13,94839
2019-10-25,10.05,10.16,9.92,10.08,71837
2019-10-28,11.09,11.09,11.09,11.09,54848
2019-10-29,12.17,12.2,11.33,11.4,779624
2019-10-30,10.72,10.96,10.29,10.34,477033
2019-10-31,10.37,10.53,9.85,10.02,249919
2019-11-01,10.0,10.18,9.87,10.08,140959
2019-11-04,10.18,10.28,10.02,10.02,112683
2019-11-05,10.04,10.25,10.02,10.18,100580
2019-11-06,10.18,10.36,9.91,10.01,120262
2019-11-07,10.15,10.32,10.05,10.21,117177
2019-11-08,10.36,10.6,10.2,10.25,166146
2019-11-11,10.12,10.19,9.91,10.01,116759
2019-11-12,9.92,10.01,9.64,9.84,117864
2019-11-13,9.84,9.95,9.67,9.7,64704
2019-11-14,9.71,9.77,9.52,9.71,78734
2019-11-15,9.67,9.75,9.48,9.49,81998
2019-11-18,9.52,9.66,9.42,9.59,57034
2019-11-19,9.62,9.81,9.57,9.8,73462
2019-11-20,9.77,9.86,9.6,9.61,72937
2019-11-21,9.6,9.66,9.5,9.57,46719
2019-11-22,9.57,9.7,9.31,9.33,86753
2019-11-25,9.32,9.35,8.96,9.05,91216
2019-11-26,9.09,9.15,8.98,9.02,47854
2019-11-27,9.01,9.08,8.81,8.99,50850
2019-11-28,8.99,9.08,8.95,8.99,44186
2019-11-29,9.06,9.07,8.94,9.02,49080
2019-12-02,9.03,9.15,8.97,9.03,61481
2019-12-03,8.77,8.99,8.56,8.91,94265
2019-12-04,8.88,8.98,8.8,8.94,58480
2019-12-05,8.94,9.08,8.91,9.06,73526
2019-12-06,9.1,9.45,8.99,9.32,95900
2019-12-09,9.23,9.35,9.11,9.25,87121
2019-12-10,9.2,9.26,9.06,9.23,71817
2019-12-11,9.4,9.4,9.14,9.21,77004
2019-12-12,9.27,9.5,9.12,9.33,109919
2019-12-13,9.35,9.63,9.27,9.6,162221
2019-12-16,9.51,9.78,9.49,9.71,117480
2019-12-17,9.72,9.97,9.65,9.78,137936
2019-12-18,9.85,9.99,9.76,9.81,114378
2019-12-19,9.82,9.95,9.73,9.86,84451
2019-12-20,9.89,9.94,9.64,9.68,91252
2019-12-23,9.64,9.64,9.27,9.27,97387
2019-12-24,9.31,9.43,9.31,9.39,47864
2019-12-25,9.41,9.64,9.4,9.57,64529
2019-12-26,9.55,9.64,9.47,9.63,46870
2019-12-27,9.6,9.67,9.39,9.39,65802
2019-12-30,9.3,9.53,9.05,9.48,63145
2019-12-31,9.42,9.62,9.42,9.53,57946
2020-01-02,9.66,9.88,9.57,9.85,118343
2020-01-03,9.79,10.44,9.79,10.43,207130
2020-01-06,10.21,10.38,10.1,10.2,193961
2020-01-07,10.2,10.61,10.18,10.53,188833
2020-01-08,10.43,10.53,10.18,10.18,162341
2020-01-09,10.5,11.03,10.42,10.65,233928
2020-01-10,11.3,11.72,10.65,10.66,422737
2020-01-13,10.41,10.65,10.23,10.57,250804
2020-01-14,10.56,10.62,10.3,10.3,158770
2020-01-15,10.22,10.47,10.21,10.3,126162
2020-01-16,10.41,10.64,10.35,10.37,152840
2020-01-17,10.44,10.92,10.43,10.72,241016
2020-01-20,10.65,11.16,10.5,11.16,237957
2020-01-21,11.05,11.05,10.73,10.75,162286
2020-01-22,10.62,10.88,10.3,10.79,168860
2020-01-23,10.59,10.79,10.0,10.28,154078
2020-02-03,9.25,9.25,9.25,9.25,11436
2020-02-04,8.34,9.14,8.34,8.94,186075
2020-02-05,9.05,9.33,8.95,9.08,144605
2020-02-06,9.01,9.35,9.0,9.27,155891
2020-02-07,9.25,9.81,9.14,9.71,166040
2020-02-10,9.65,9.93,9.62,9.87,150977
2020-02-11,9.88,9.88,9.57,9.61,106228
2020-02-12,9.62,9.89,9.52,9.87,132013
2020-02-13,9.87,9.98,9.72,9.79,115027
2020-02-14,9.72,10.15,9.64,10.03,177250
2020-02-17,10.15,10.5,10.07,10.5,191965
2020-02-18,10.43,10.82,10.3,10.73,213954
2020-02-19,10.61,10.86,10.5,10.53,205411
2020-02-20,10.56,11.13,10.46,11.06,287792
2020-02-21,11.0,11.45,10.95,11.1,290289
2020-02-24,11.02,11.57,10.95,11.3,271103
2020-02-25,10.99,11.24,10.56,11.2,284382
2020-02-26,11.16,11.57,10.87,11.0,268399
2020-02-27,10.95,11.54,10.77,11.26,279573
2020-02-28,10.8,10.92,10.13,10.13,298542
2020-03-02,10.24,10.7,10.13,10.6,190652
2020-03-03,10.78,11.33,10.76,11.03,269757
2020-03-04,10.87,12.13,10.87,11.8,606689
2020-03-05,11.7,11.86,11.44,11.51,431437
2020-03-06,11.35,11.55,11.19,11.24,249497
2020-03-09,11.01,11.2,10.48,10.5,242004
2020-03-10,10.3,11.16,10.3,11.12,239162
2020-03-11,11.12,11.29,10.65,10.68,205398
2020-03-12,10.48,10.85,10.4,10.57,162015
2020-03-13,10.1,10.5,10.0,10.44,178996
2020-03-16,10.6,10.64,9.68,9.77,173440
2020-03-17,9.95,10.06,9.53,9.92,120924
2020-03-18,10.0,10.14,9.54,9.54,139298
2020-03-19,9.51,9.8,9.41,9.74,128391
2020-03-20,9.87,9.92,9.51,9.74,108076
2020-03-23,9.48,9.63,9.28,9.33,90351
2020-03-24,9.51,9.61,9.26,9.58,95029
2020-03-25,9.78,9.79,9.54,9.67,111914
2020-03-26,9.55,9.59,9.34,9.37,96929
2020-03-27,9.48,9.52,9.23,9.24,66541
2020-03-30,9.16,9.19,8.86,8.98,88937
2020-03-31,9.08,9.13,8.95,8.99,48610
2020-04-01,8.97,9.09,8.85,8.88,56509
2020-04-02,8.85,9.11,8.78,9.1,64853
2020-04-03,9.09,9.11,8.88,8.92,59390
2020-04-07,9.12,9.57,9.05,9.47,119060
2020-04-08,9.38,9.53,9.35,9.45,94727
2020-04-09,9.52,9.77,9.52,9.57,102400
2020-04-10,9.58,9.65,9.24,9.28,82446
2020-04-13,9.24,9.24,9.05,9.11,53646
2020-04-14,9.18,9.3,9.13,9.29,49562
2020-04-15,9.34,9.45,9.23,9.24,66045
2020-04-16,9.14,9.49,9.11,9.48,99416
2020-04-17,9.56,9.59,9.33,9.34,92043
2020-04-20,9.33,9.6,9.3,9.58,95573
2020-04-21,9.53,9.65,9.39,9.59,95148
2020-04-22,9.47,10.19,9.41,9.8,168997
2020-04-23,9.74,9.79,9.5,9.62,119588
2020-04-24,9.55,9.63,9.33,9.39,80273
2020-04-27,9.38,9.47,9.28,9.31,60485
2020-04-28,9.31,9.43,8.52,8.89,108838
2020-04-29,8.86,8.97,8.8,8.85,46049
2020-04-30,8.8,9.03,8.62,9.0,80697
2020-05-06,8.89,9.13,8.8,9.11,66753
2020-05-07,9.1,9.13,8.9,8.91,67389
2020-05-08,8.95,9.18,8.95,9.1,75876
2020-05-11,9.1,9.15,8.84,8.93,79998
2020-05-12,8.93,8.97,8.62,8.8,92423
2020-05-13,8.75,8.81,8.7,8.78,38861
2020-05-14,8.73,8.91,8.7,8.7,49858
2020-05-15,8.75,8.86,8.67,8.79,44730
2020-05-18,8.8,8.82,8.61,8.64,71192
2020-05-19,8.73,8.74,8.56,8.66,58808
2020-05-20,8.61,8.64,8.45,8.49,64344
2020-05-21,8.58,8.64,8.38,8.4,50286
2020-05-22,8.4,8.43,8.1,8.15,58068
2020-05-25,8.15,8.17,7.87,7.95,56450
2020-05-26,7.95,8.17,7.95,8.14,38922
2020-05-27,8.14,8.15,8.0,8.01,36822
2020-05-28,8.04,8.14,7.91,8.01,34521
2020-05-29,7.95,8.08,7.89,8.02,40147
2020-06-01,8.13,8.37,8.13,8.36,77659
2020-06-02,8.3,8.48,8.3,8.36,53901
2020-06-03,8.43,8.45,8.28,8.4,75511
2020-06-04,8.53,8.54,8.32,8.42,64267
2020-06-05,8.4,8.53,8.29,8.45,61555
2020-06-08,8.46,8.46,8.3,8.31,59300
2020-06-09,8.3,8.45,8.23,8.36,45032
2020-06-10,8.36,8.57,8.3,8.52,81890
2020-06-11,8.4,8.48,8.32,8.38,67861
2020-06-12,8.17,8.28,8.08,8.22,52401
2020-06-15,8.19,8.41,8.15,8.28,58777
2020-06-16,8.38,8.44,8.31,8.39,51376
2020-06-17,8.4,8.41,8.27,8.4,48163
2020-06-18,8.38,8.49,8.3,8.46,55041
2020-06-19,8.48,8.57,8.43,8.51,67694
2020-06-22,8.57,8.8,8.53,8.67,107450
2020-06-23,8.74,8.74,8.49,8.5,66989
2020-06-24,8.46,8.57,8.36,8.39,53766
2020-06-29,8.43,8.5,8.24,8.26,50307
2020-06-30,8.27,9.09,8.27,9.09,193035
2020-07-01,9.12,9.18,8.84,9.02,227629
2020-07-02,8.87,9.07,8.74,9.01,199570
2020-07-03,9.0,9.49,8.93,9.37,253366
2020-07-06,9.49,9.97,9.35,9.87,280931
2020-07-07,9.89,9.97,9.54,9.69,277242
2020-07-08,9.69,10.15,9.63,10.11,218487
2020-07-09,10.0,10.3,9.97,10.16,216147
2020-07-10,10.02,10.4,9.87,9.9,177111
2020-07-13,9.85,10.26,9.84,10.13,207112
2020-07-14,10.14,10.33,9.95,10.24,191859
2020-07-15,10.55,10.98,9.96,10.02,277330
2020-07-16,9.9,10.27,9.48,9.56,191336
2020-07-17,9.51,9.66,9.05,9.14,154000
2020-07-20,9.2,9.59,9.11,9.46,107947
2020-07-21,9.67,9.97,9.52,9.69,140720
2020-07-22,9.66,9.98,9.57,9.8,129639
2020-07-23,9.73,9.79,9.29,9.58,125154
2020-07-24,9.48,9.68,9.08,9.09,120887
2020-07-27,9.1,9.25,8.89,8.96,81285
2020-07-28,9.0,9.3,8.99,9.1,66178
2020-07-29,9.1,9.35,8.99,9.35,83971
2020-07-30,9.3,9.37,9.08,9.09,83161
2020-07-31,9.1,9.33,9.02,9.24,73990
2020-08-03,9.3,9.54,9.24,9.54,95683
2020-08-04,9.6,9.72,9.4,9.49,92565
2020-08-05,9.66,9.72,9.41,9.51,89299
2020-08-06,9.53,9.79,9.42,9.7,134247
2020-08-07,9.63,9.69,9.23,9.37,108054
2020-08-10,9.33,9.54,9.3,9.45,68316
2020-08-11,9.46,9.48,9.1,9.12,84870
2020-08-12,9.1,9.14,8.86,9.07,73029
2020-08-13,9.08,9.18,9.02,9.06,47131
2020-08-14,9.15,9.24,9.1,9.23,54744
2020-08-17,9.25,9.48,9.24,9.46,86649
2020-08-18,9.53,9.53,9.38,9.44,80827
2020-08-19,9.4,9.43,9.16,9.17,78155
2020-08-20,9.03,9.37,9.03,9.17,55310
2020-08-21,9.17,9.56,9.17,9.56,111253
2020-08-24,9.54,9.58,9.36,9.5,87671
2020-08-25,9.5,9.6,9.41,9.54,81197
2020-08-26,9.48,9.74,9.28,9.28,102001
2020-08-27,9.25,9.6,9.16,9.54,94551
2020-08-28,9.51,9.62,9.38,9.53,78332
2020-08-31,9.6,9.78,9.54,9.56,104590
2020-09-01,9.65,9.69,9.41,9.6,70606
2020-09-02,9.6,9.84,9.51,9.8,135790
2020-09-03,9.74,9.75,9.52,9.6,86083
2020-09-04,9.4,9.6,9.35,9.56,70597
2020-09-07,9.52,9.97,9.52,9.8,198074
2020-09-08,9.81,10.07,9.72,10.05,181158
2020-09-09,9.92,10.23,9.85,9.86,181755
2020-09-10,9.93,10.07,8.87,8.9,204887
2020-09-11,8.9,8.94,8.5,8.83,100511
2020-09-14,8.84,8.98,8.8,8.98,61467
2020-09-15,9.01,9.08,8.83,8.94,53666
2020-09-16,8.87,8.92,8.69,8.8,48555
2020-09-17,8.71,8.84,8.62,8.78,47722
2020-09-18,8.73,8.92,8.66,8.91,56530
2020-09-21,8.93,9.04,8.84,8.88,59482
2020-09-22,8.78,8.87,8.68,8.76,45496
2020-09-23,8.78,8.83,8.71,8.77,29352
2020-09-24,8.63,8.7,8.48,8.51,47141
2020-09-25,8.52,8.57,8.32,8.35,41492
2020-09-28,8.39,8.46,8.2,8.22,38132
2020-09-29,8.32,8.36,8.22,8.23,32805
2020-09-30,8.31,8.45,8.23,8.28,34441
2020-10-09,8.41,8.55,8.4,8.54,35687
2020-10-12,8.54,8.8,8.5,8.78,51892
2020-10-13,8.75,8.75,8.66,8.69,39890
2020-10-14,8.65,8.71,8.51,8.55,36308
2020-10-15,8.55,8.59,8.44,8.44,28224
2020-10-16,8.44,8.54,8.38,8.54,29257
2020-10-19,8.53,8.61,8.41,8.45,32340
2020-10-20,8.42,8.55,8.39,8.54,24662
2020-10-21,8.6,8.6,8.3,8.35,35850
2020-10-22,8.28,8.47,8.27,8.4,26233
2020-10-23,8.42,8.48,8.29,8.3,30317
2020-10-26,8.32,8.78,8.2,8.59,61073
2020-10-27,8.54,8.56,8.41,8.51,36721
2020-10-28,8.52,8.52,8.33,8.41,27585
2020-10-29,8.26,8.49,8.26,8.39,29047
2020-10-30,8.47,8.48,8.13,8.19,49353
2020-11-02,8.4,8.48,8.19,8.33,52737
2020-11-03,8.4,8.61,8.33,8.58,55266
2020-11-04,8.58,8.63,8.5,8.57,39630
2020-11-05,8.6,8.69,8.59,8.65,41977
2020-11-06,8.68,8.72,8.53,8.6,39788
2020-11-09,8.61,8.82,8.61,8.75,62523
2020-11-10,8.78,8.78,8.6,8.61,45769
2020-11-11,8.61,8.66,8.41,8.43,39162
2020-11-12,8.43,8.49,8.36,8.44,24553
2020-11-13,8.4,8.42,8.32,8.42,24280
2020-11-16,8.46,8.52,8.42,8.51,25495
2020-11-17,8.48,8.51,8.33,8.39,34765
2020-11-18,8.35,8.52,8.35,8.48,26356
2020-11-19,8.47,8.6,8.44,8.57,32903
2020-11-20,8.53,8.69,8.46,8.66,51990
2020-11-23,8.63,9.04,8.53,8.9,105067
2020-11-24,8.89,8.93,8.81,8.84,57418
2020-11-25,8.83,8.95,8.79,8.88,64166
2020-11-26,8.8,8.86,8.67,8.81,60092
2020-11-27,8.84,8.85,8.52,8.64,72084
2020-11-30,8.63,8.73,8.57,8.59,53003
2020-12-01,8.54,8.72,8.54,8.67,45709
2020-12-02,8.7,8.76,8.64,8.75,55483
2020-12-03,8.75,8.81,8.63,8.72,49705
2020-12-04,8.73,8.83,8.67,8.83,40090
2020-12-07,8.79,8.89,8.7,8.72,39313
2020-12-08,8.71,8.78,8.66,8.69,28267
2020-12-09,8.69,8.73,8.28,8.32,66078
2020-12-10,8.33,8.38,8.21,8.33,30056
2020-12-11,8.35,8.39,7.97,8.07,54845
2020-12-14,8.05,8.13,8.0,8.06,27500
2020-12-15,8.09,8.19,8.04,8.1,27216
2020-12-16,8.06,8.13,7.93,7.95,30379
2020-12-17,7.96,8.01,7.71,8.0,45122
2020-12-18,7.98,8.03,7.86,7.87,30824
2020-12-21,7.83,7.96,7.76,7.9,25385
2020-12-22,7.86,7.92,7.68,7.71,40109
2020-12-23,7.72,7.75,7.58,7.61,35566
2020-12-24,7.62,7.62,7.15,7.26,71524
2020-12-25,7.24,7.38,7.18,7.25,37443
2020-12-28,7.25,7.28,7.03,7.09,45287
2020-12-29,7.1,7.53,7.09,7.32,65199
2020-12-30,7.31,7.39,7.23,7.3,33416
2020-12-31,7.3,7.76,7.28,7.58,58835
2021-01-04,7.51,7.68,7.45,7.61,54499
2021-01-05,7.55,7.62,7.38,7.45,53564
2021-01-06,7.49,7.51,7.26,7.29,39541
2021-01-07,7.3,7.45,7.03,7.09,52572
2021-01-08,7.1,7.41,6.92,7.19,57210
2021-01-11,7.12,7.31,7.02,7.17,45056
2021-01-12,7.17,7.44,7.12,7.33,54610
2021-01-13,7.31,7.38,7.07,7.09,54540
2021-01-14,7.09,7.4,7.01,7.39,68142
2021-01-15,7.38,7.45,7.28,7.39,52861
2021-01-18,7.35,7.49,7.32,7.36,50468
2021-01-19,7.36,7.56,7.34,7.46,69435
2021-01-20,7.45,7.5,7.31,7.39,46169
2021-01-21,7.35,7.61,7.33,7.54,63778
2021-01-22,7.58,7.6,7.36,7.4,50825
2021-01-25,7.4,7.45,7.02,7.1,77827
2021-01-26,7.1,7.31,7.07,7.14,43711
2021-01-27,7.13,7.18,7.0,7.08,33701
2021-01-28,7.26,7.79,7.22,7.61,209328
2021-01-29,7.48,7.56,7.26,7.4,131813
2021-02-01,7.26,7.41,7.2,7.29,64124
2021-02-02,7.28,7.31,7.11,7.28,50761
2021-02-03,7.21,7.27,7.02,7.04,66177
2021-02-04,7.03,7.1,6.71,6.79,70385
2021-02-05,6.8,6.88,6.69,6.72,42931
2021-02-08,6.71,6.83,6.69,6.75,28375
2021-02-09,6.89,6.89,6.77,6.86,30524
2021-02-10,6.86,6.93,6.83,6.9,26740
2021-02-18,7.01,7.16,7.0,7.09,41683
2021-02-19,7.08,7.27,7.05,7.27,47685
2021-02-22,7.28,7.49,7.27,7.3,69037
2021-02-23,7.29,7.3,7.17,7.23,37380
2021-02-24,7.28,7.34,7.2,7.26,43555
2021-02-25,7.27,7.33,7.12,7.13,40757
2021-02-26,7.1,7.27,7.06,7.2,40602
2021-03-01,7.25,7.4,7.23,7.39,41408
2021-03-02,7.41,7.42,7.29,7.34,32416
2021-03-03,7.33,7.39,7.28,7.36,31530
2021-03-04,7.33,7.45,7.29,7.33,39278
2021-03-05,7.33,7.49,7.3,7.47,44429
2021-03-08,7.46,7.55,7.33,7.34,42429
2021-03-09,7.34,7.37,7.07,7.2,43340
2021-03-10,7.25,7.29,7.03,7.06,39301
2021-03-11,7.04,7.17,7.01,7.16,32556
2021-03-12,7.15,7.18,7.06,7.15,27169
2021-03-15,7.15,7.19,7.05,7.09,31177
2021-03-16,7.09,7.27,7.09,7.24,37051
2021-03-17,7.27,7.59,7.2,7.45,76648
2021-03-18,7.38,7.68,7.33,7.5,101049
2021-03-19,7.39,7.58,7.35,7.48,47709
2021-03-22,7.44,7.58,7.44,7.56,46265
2021-03-23,7.53,7.66,7.5,7.55,55386
2021-03-24,7.51,7.64,7.41,7.48,56978
2021-03-25,7.47,8.0,7.46,7.83,153580
2021-03-26,7.82,7.84,7.71,7.8,76341
2021-03-29,7.77,7.87,7.61,7.7,64281
2021-03-30,7.94,8.47,7.79,7.8,166914
2021-03-31,7.76,8.05,7.63,7.7,121636
2021-04-01,7.66,7.75,7.53,7.56,71492
2021-04-02,7.62,7.73,7.54,7.63,59214
2021-04-06,7.6,7.78,7.58,7.69,51263
2021-04-07,7.69,7.8,7.66,7.7,49065
2021-04-08,7.67,7.69,7.48,7.48,54905
2021-04-09,7.46,7.51,7.38,7.51,36982
2021-04-12,7.5,7.56,7.4,7.4,38954
2021-04-13,7.43,7.47,7.23,7.27,39575
2021-04-14,7.34,7.41,7.27,7.4,29053
2021-04-15,7.38,7.5,7.31,7.49,38141
2021-04-16,7.47,7.64,7.45,7.63,50629
2021-04-19,7.7,7.93,7.68,7.83,98775
2021-04-20,7.82,7.85,7.7,7.83,84598
2021-04-21,7.79,7.9,7.74,7.84,49702
2021-04-22,7.8,7.94,7.79,7.86,59520
2021-04-23,7.8,7.86,7.68,7.79,46550
2021-04-26,7.75,7.79,7.64,7.64,37165
2021-04-27,7.61,7.67,7.39,7.64,42200
2021-04-28,7.62,7.72,7.56,7.6,33526
2021-04-29,7.64,7.91,7.63,7.8,61952
2021-04-30,7.65,7.65,7.02,7.02,165660
2021-05-06,7.0,7.0,6.85,6.87,67187
2021-05-07,6.87,6.94,6.83,6.92,49264
2021-05-10,6.88,6.97,6.86,6.95,35616
2021-05-11,6.96,7.09,6.9,7.01,37613
2021-05-12,6.98,7.28,6.92,7.25,68680
2021-05-13,7.26,7.34,7.09,7.11,71691
2021-05-14,7.12,7.2,7.07,7.17,46590
2021-05-17,7.14,7.17,7.0,7.02,47339
2021-05-18,6.94,7.07,6.94,7.04,23868
2021-05-19,7.04,7.06,6.99,7.0,22087
2021-05-20,7.03,7.03,6.96,6.98,22543
2021-05-21,6.98,7.04,6.95,7.0,18191
2021-05-24,7.01,7.32,6.98,7.15,55839
2021-05-25,7.13,7.27,7.1,7.18,47651
2021-05-26,7.18,7.23,7.14,7.16,37081
2021-05-27,7.16,7.25,7.15,7.22,42603
2021-05-28,7.18,7.21,7.08,7.13,42369
2021-05-31,7.13,7.22,7.08,7.19,45794
2021-06-01,7.19,7.27,7.15,7.23,40938
2021-06-02,7.2,7.22,7.08,7.09,42195
2021-06-03,7.13,7.22,7.1,7.1,34303
2021-06-04,7.17,7.19,7.06,7.08,34222
2021-06-07,7.09,7.26,7.09,7.22,47629
2021-06-08,7.21,7.39,7.19,7.34,72095
2021-06-09,7.3,7.38,7.25,7.3,39818
2021-06-10,7.35,7.61,7.31,7.56,98781
2021-06-11,7.59,7.7,7.48,7.54,98112
2021-06-15,7.46,7.53,7.36,7.48,60689
2021-06-16,7.45,7.57,7.38,7.41,47391
2021-06-17,7.38,7.43,7.26,7.41,50512
2021-06-18,7.38,7.57,7.31,7.5,52180
2021-06-21,7.42,7.64,7.4,7.57,52463
2021-06-22,7.54,7.62,7.5,7.58,38768
2021-06-23,7.6,7.64,7.41,7.63,64775
2021-06-24,7.59,7.6,7.37,7.39,50930
2021-06-25,7.38,7.41,7.29,7.34,33094
2021-06-28,7.32,7.35,7.23,7.32,40415
2021-06-29,7.34,7.4,7.2,7.21,41251
2021-06-30,7.24,7.35,7.17,7.34,31642
2021-07-01,7.35,7.35,7.09,7.09,43780
2021-07-02,7.09,7.18,7.08,7.1,27686
2021-07-05,7.08,7.26,7.08,7.24,29266
2021-07-06,7.24,7.26,7.13,7.21,25572
2021-07-07,7.18,7.21,7.15,7.2,24793
2021-07-08,7.2,7.2,7.09,7.14,31798
2021-07-09,7.13,7.17,7.05,7.14,26976
2021-07-12,7.19,7.33,7.18,7.29,50909
2021-07-13,7.35,7.55,7.33,7.47,70875
2021-07-14,7.43,7.44,7.33,7.35,49760
2021-07-15,7.35,7.39,7.12,7.27,50101
2021-07-16,7.09,7.13,7.0,7.0,43408
2021-07-19,7.02,7.03,6.9,7.03,28422
2021-07-20,7.0,7.19,6.96,7.07,28655
2021-07-21,7.03,7.27,7.02,7.16,52893
2021-07-22,7.18,7.2,7.11,7.18,37426
2021-07-23,7.17,7.23,7.08,7.18,45627
2021-07-26,7.16,7.21,6.91,7.01,40167
2021-07-27,7.01,7.07,6.86,6.88,37921
2021-07-28,6.86,6.86,6.58,6.65,45891
2021-07-29,6.67,6.75,6.67,6.71,21047
2021-07-30,6.7,6.76,6.62,6.73,25570
2021-08-02,6.73,6.83,6.66,6.82,31626
2021-08-03,6.77,6.91,6.76,6.81,30553
2021-08-04,6.78,6.83,6.73,6.8,31978
2021-08-05,6.79,6.79,6.65,6.67,40326
2021-08-06,6.66,6.66,6.51,6.58,40974
2021-08-09,6.57,6.66,6.55,6.64,27089
2021-08-10,6.64,6.69,6.61,6.68,26521
2021-08-11,6.68,6.7,6.63,6.64,30136
2021-08-12,6.65,6.77,6.65,6.72,31510
2021-08-13,6.71,6.73,6.61,6.68,28083
2021-08-16,6.67,6.75,6.64,6.71,32272
2021-08-17,6.67,6.7,6.44,6.45,63933
2021-08-18,6.45,6.64,6.39,6.61,49668
2021-08-19,6.54,6.58,6.51,6.54,29462
2021-08-20,6.54,6.54,6.43,6.51,27559
2021-08-23,6.48,6.59,6.48,6.58,38843
2021-08-24,6.58,6.58,6.52,6.54,29734
2021-08-25,6.52,6.59,6.5,6.58,26183
2021-08-26,6.57,6.59,6.47,6.49,32769
2021-08-27,6.47,6.49,6.34,6.41,49656
2021-08-30,6.39,6.65,6.39,6.61,58119
2021-08-31,7.27,7.27,7.27,7.27,54993
2021-09-01,7.99,8.0,7.68,8.0,314843
2021-09-02,8.49,8.71,8.12,8.28,676384
2021-09-03,8.48,8.98,8.41,8.46,520849
2021-09-06,8.31,8.9,8.15,8.66,416129
2021-09-07,8.71,8.78,8.42,8.52,293310
2021-09-08,8.6,8.62,8.25,8.51,230224
2021-09-09,8.47,9.36,8.34,9.36,434131
2021-09-10,9.29,9.65,8.82,8.85,430054
2021-09-13,8.87,9.03,8.76,8.97,239157
2021-09-14,8.81,8.87,8.48,8.57,223400
2021-09-15,8.5,8.76,8.5,8.68,119227
2021-09-16,8.62,9.29,8.6,8.85,229599
2021-09-17,8.89,9.05,8.65,8.9,153455
2021-09-22,8.8,9.34,8.7,9.09,207462
2021-09-23,9.23,9.29,8.76,8.96,218185
2021-09-24,8.97,9.86,8.92,9.86,391958
2021-09-27,9.86,10.75,9.58,10.26,665542
2021-09-28,10.0,10.59,9.6,10.43,419083
2021-09-29,10.05,10.16,9.4,9.4,306498
2021-09-30,9.45,9.85,9.36,9.61,215719
2021-10-08,9.8,10.57,9.51,10.57,341979
2021-10-11,10.96,11.36,10.41,11.2,509028
2021-10-12,10.82,11.2,10.5,10.89,383248
2021-10-13,10.77,11.15,10.25,10.55,285070
2021-10-14,10.4,10.42,9.58,10.09,286481
2021-10-15,9.97,10.19,9.38,9.58,287465
2021-10-18,9.25,9.45,9.02,9.4,222278
2021-10-19,9.32,10.11,9.24,9.88,297197
2021-10-20,9.89,10.19,9.76,9.83,219062
2021-10-21,9.84,9.89,9.5,9.57,196442
2021-10-22,9.39,9.64,9.19,9.19,173758
2021-10-25,9.21,9.72,9.21,9.52,174158
2021-10-26,9.45,9.56,9.16,9.26,160225
2021-10-27,9.36,9.39,8.69,8.77,201896
2021-10-28,8.72,8.94,8.65,8.72,132909
2021-10-29,8.73,9.05,8.68,8.97,135802
2021-11-01,8.8,8.99,8.73,8.78,179196
2021-11-02,8.74,8.99,8.36,8.5,185457
2021-11-03,8.52,8.77,8.46,8.65,125745
2021-11-04,8.64,8.69,8.53,8.58,86948
2021-11-05,8.58,8.88,8.54,8.75,171088
2021-11-08,8.69,8.99,8.39,8.96,191028
2021-11-09,8.95,8.96,8.82,8.89,122076
2021-11-10,8.82,9.03,8.66,8.96,142295
2021-11-11,8.9,8.97,8.81,8.97,122581
2021-11-12,8.97,9.47,8.9,9.36,246822
2021-11-15,9.36,9.88,9.29,9.87,283185
2021-11-16,9.87,9.96,9.62,9.88,214706
2021-11-17,9.88,9.88,9.66,9.69,140708
2021-11-18,9.61,9.78,9.45,9.55,143430
2021-11-19,9.58,9.59,9.35,9.58,117926
2021-11-22,9.45,9.49,9.09,9.38,157148
2021-11-23,9.38,9.5,9.27,9.31,105445
2021-11-24,9.29,9.86,9.19,9.86,254825
2021-11-25,9.88,9.9,9.55,9.6,161488
2021-11-26,9.67,10.15,9.54,10.07,261315
2021-11-29,9.88,10.16,9.72,10.0,183115
2021-11-30,9.93,10.4,9.93,10.19,232370
2021-12-01,10.19,10.38,10.01,10.09,170277
2021-12-02,10.01,10.04,9.66,9.67,166017
2021-12-03,9.67,9.93,9.65,9.73,99329
2021-12-06,9.68,9.86,9.5,9.62,130980
2021-12-07,9.63,9.73,9.43,9.69,97104
2021-12-08,9.67,9.9,9.65,9.73,93435
2021-12-09,9.69,9.84,9.61,9.66,80915
2021-12-10,9.65,9.65,9.33,9.35,115030
2021-12-13,9.31,9.45,9.16,9.42,85941
2021-12-14,9.35,9.48,9.3,9.45,73489
2021-12-15,9.45,10.4,9.41,10.4,293215
2021-12-16,10.52,10.96,10.31,10.59,510709
2021-12-17,10.6,10.65,10.26,10.26,271778
2021-12-20,10.23,10.78,10.16,10.44,252011
2021-12-21,10.37,11.48,10.37,11.48,328752
2021-12-22,11.47,12.27,11.06,11.38,561393
2021-12-23,11.38,11.6,11.11,11.13,294783
2021-12-24,11.14,11.63,11.03,11.31,300258
2021-12-27,11.31,11.65,10.8,11.01,234043
2021-12-28,10.99,12.11,10.93,12.11,392383
2021-12-29,12.1,12.1,11.62,11.71,342186
2021-12-30,11.64,12.88,11.6,12.48,444477
2021-12-31,12.4,12.85,12.18,12.24,321920
2022-01-04,12.18,12.68,11.98,12.32,323324
2022-01-05,12.23,12.59,11.9,12.2,243604
2022-01-06,11.99,12.1,11.33,11.65,293293
2022-01-07,11.6,11.77,11.19,11.23,250341
2022-01-10,11.21,11.42,10.86,11.3,175600
2022-01-11,11.22,11.47,11.1,11.21,137323
2022-01-12,11.25,11.75,11.18,11.58,192685
2022-01-13,11.76,11.76,11.03,11.08,197137
2022-01-14,11.0,11.33,10.92,11.11,135764
2022-01-17,11.21,12.18,11.21,11.92,326344
2022-01-18,11.92,12.23,11.7,11.76,333423
2022-01-19,11.69,11.92,11.54,11.81,199209
2022-01-20,11.77,11.83,11.1,11.34,240390
2022-01-21,11.43,12.45,11.21,12.07,430615
2022-01-24,12.04,12.81,11.96,12.3,420643
2022-01-25,12.19,12.19,11.1,11.2,332650
2022-01-26,11.13,12.2,11.1,11.33,270997
2022-01-27,11.19,11.28,10.2,10.2,310533
2022-01-28,9.99,10.28,9.61,9.89,208507
2022-02-07,10.1,10.38,10.02,10.28,151745
2022-02-08,10.19,10.58,9.95,10.58,172226
2022-02-09,10.63,11.64,10.61,11.64,256396
2022-02-10,12.02,12.8,11.6,12.63,750915
2022-02-11,12.63,12.95,12.29,12.55,602835
2022-02-14,12.24,12.67,12.03,12.2,356306
2022-02-15,12.3,12.4,11.88,12.14,254214
2022-02-16,12.28,12.78,12.11,12.27,311981
2022-02-17,12.07,13.5,12.01,13.01,509991
2022-02-18,12.83,13.98,12.78,13.3,603186
2022-02-21,13.13,13.76,13.07,13.2,499354
2022-02-22,13.05,13.18,12.7,12.87,305746
2022-02-23,12.92,13.03,12.61,12.8,256817
2022-02-24,12.78,12.78,11.6,12.05,412602
2022-02-25,12.1,12.24,11.93,12.0,194529
2022-02-28,13.2,13.2,12.61,13.2,621060
2022-03-01,13.0,14.52,12.8,14.52,918174
2022-03-02,14.26,15.88,14.08,14.44,988862
2022-03-03,14.27,14.89,13.9,14.0,648388
2022-03-04,14.0,14.1,13.26,13.28,443487
2022-03-07,13.26,13.44,13.03,13.33,336627
2022-03-08,12.93,13.72,12.93,13.22,409003
2022-03-09,13.07,13.46,12.2,13.46,441319
2022-03-10,13.86,13.96,13.2,13.2,397258
2022-03-11,12.83,13.19,12.47,13.0,290697
2022-03-14,12.88,13.04,12.31,12.39,201572
2022-03-15,12.19,12.67,12.02,12.16,218344
2022-03-16,12.35,12.96,12.03,12.95,288479
2022-03-17,13.02,13.21,12.72,13.21,326846
2022-03-18,13.02,13.58,13.01,13.37,261190
2022-03-21,13.88,14.71,13.58,14.01,533564
2022-03-22,13.92,14.5,13.75,14.11,408413
2022-03-23,14.0,14.37,13.76,13.76,271335
2022-03-24,13.59,13.95,13.37,13.39,221969
2022-03-25,13.49,14.62,13.47,14.02,380333
2022-03-28,13.93,14.22,13.8,14.06,240557
2022-03-29,13.98,14.1,12.7,12.98,408250
2022-03-30,13.22,13.27,12.78,13.15,245639
2022-03-31,13.0,14.27,12.82,13.97,409822
2022-04-01,13.8,14.06,13.57,13.8,272438
2022-04-06,13.9,14.08,13.59,13.64,215204
2022-04-07,13.54,13.62,12.73,12.77,275538
2022-04-08,12.75,13.0,12.34,12.98,206027
2022-04-11,12.78,12.88,11.68,11.71,278186
2022-04-12,11.79,12.03,11.5,11.98,161738
2022-04-13,11.97,11.97,10.94,10.94,246571
2022-04-14,11.0,11.13,10.83,10.97,146831
2022-04-15,10.85,10.87,10.4,10.58,185613
2022-04-18,10.57,10.65,10.13,10.59,111378
2022-04-19,10.54,10.87,10.51,10.66,115062
2022-04-20,10.8,10.98,10.36,10.48,126753
2022-04-21,10.31,10.45,9.86,9.9,163928
2022-04-22,9.83,9.97,9.6,9.6,119513
2022-04-25,9.49,9.5,8.7,8.71,181982
2022-04-26,8.57,8.9,8.2,8.26,161040
2022-04-27,8.07,8.72,7.93,8.72,171419
2022-04-28,8.69,8.69,8.31,8.43,114762
2022-04-29,8.52,8.87,8.5,8.78,141751
2022-05-05,8.31,8.66,8.28,8.44,190876
2022-05-06,8.19,8.57,8.0,8.24,154927
2022-05-09,8.23,8.62,8.23,8.36,108671
2022-05-10,8.21,8.45,8.15,8.41,101848
2022-05-11,8.49,8.74,8.4,8.41,144645
2022-05-12,8.31,8.64,8.28,8.44,101020
2022-05-13,8.43,8.5,8.21,8.35,94516
2022-05-16,8.38,8.5,8.17,8.29,95347
2022-05-17,8.26,8.28,7.96,8.19,111360
2022-05-18,8.28,8.52,8.28,8.31,135862
2022-05-19,8.2,8.31,8.11,8.26,90213
2022-05-20,8.32,8.45,8.22,8.38,107593
2022-05-23,8.37,8.7,8.35,8.69,179813
2022-05-24,8.75,8.77,8.02,8.08,198417
2022-05-25,8.08,8.36,8.05,8.29,100182
2022-05-26,8.38,8.39,8.11,8.28,83828
2022-05-27,8.31,8.44,8.2,8.3,102215
2022-05-30,8.32,8.48,8.25,8.46,107739
2022-05-31,8.49,8.53,8.3,8.5,104170
2022-06-01,8.56,8.7,8.42,8.46,105887
2022-06-02,8.4,8.56,8.29,8.53,114815
2022-06-06,8.51,8.7,8.5,8.67,119662
2022-06-07,8.67,8.71,8.41,8.6,115307
2022-06-08,8.63,8.81,8.42,8.65,170321
2022-06-09,8.7,8.7,8.45,8.49,111439
2022-06-10,8.4,8.64,8.38,8.63,132198
2022-06-13,8.6,9.38,8.55,9.19,302497
2022-06-14,9.09,10.1,8.91,9.84,351971
2022-06-15,9.74,10.19,9.73,9.97,330971
2022-06-16,9.88,10.0,9.58,9.6,201885
2022-06-17,9.6,9.6,9.32,9.52,133660
2022-06-20,9.52,9.7,9.44,9.58,113112
2022-06-21,9.55,9.76,9.36,9.6,121103
2022-06-22,9.58,9.6,9.22,9.23,98280
2022-06-23,9.24,9.33,9.09,9.3,92157
2022-06-24,9.33,9.5,9.28,9.33,94576
2022-06-27,9.38,9.39,9.18,9.21,126073
2022-06-28,9.15,9.48,9.06,9.47,118661
2022-06-29,9.42,9.59,9.15,9.16,136532
2022-06-30,9.19,9.44,9.13,9.18,94870
2022-07-01,9.23,9.28,9.01,9.05,82836
2022-07-04,9.02,9.19,8.92,9.13,72733
2022-07-05,9.09,9.11,8.76,8.93,111286
2022-07-06,8.94,8.98,8.73,8.79,57917
2022-07-07,8.8,8.93,8.8,8.84,51263
2022-07-08,8.83,9.13,8.83,8.93,69189
2022-07-11,9.0,9.0,8.7,8.79,56585
2022-07-12,8.81,8.81,8.65,8.67,45775
2022-07-13,8.66,8.84,8.62,8.82,45662
2022-07-14,8.65,8.65,8.16,8.28,137733
2022-07-15,8.25,8.34,8.16,8.23,62184
2022-07-18,8.3,8.43,8.24,8.41,59486
2022-07-19,8.42,8.65,8.39,8.63,68166
2022-07-20,8.71,8.73,8.61,8.71,46458
2022-07-21,8.72,8.87,8.66,8.69,49914
2022-07-22,8.73,8.82,8.49,8.57,49782
2022-07-25,8.65,8.7,8.43,8.45,40480
2022-07-26,8.45,8.68,8.45,8.67,52581
2022-07-27,8.68,8.8,8.62,8.68,50421
2022-07-28,8.72,8.78,8.67,8.68,64560
2022-07-29,8.45,8.51,8.3,8.3,53072
2022-08-01,8.28,8.47,8.2,8.39,48062
2022-08-02,8.3,8.33,7.73,7.81,109125
2022-08-03,7.79,8.09,7.75,7.78,69282
2022-08-04,7.85,7.99,7.8,7.99,53628
2022-08-05,8.02,8.29,8.0,8.28,65738
2022-08-08,8.33,8.36,8.19,8.35,53539
2022-08-09,8.38,8.43,8.23,8.25,49290
2022-08-10,8.17,8.38,8.17,8.37,59520
2022-08-11,8.42,8.57,8.4,8.52,67330
2022-08-12,8.51,9.18,8.51,8.81,204338
2022-08-15,8.89,9.12,8.71,8.8,165563
2022-08-16,8.67,8.8,8.57,8.65,100706
2022-08-17,8.67,8.74,8.59,8.69,65261
2022-08-18,8.68,8.72,8.47,8.57,72216
2022-08-19,8.56,8.65,8.42,8.44,67531
2022-08-22,8.45,8.58,8.3,8.47,51310
2022-08-23,8.44,8.5,8.31,8.41,53409
2022-08-24,8.39,8.48,8.14,8.15,73785
2022-08-25,8.2,8.24,7.98,8.18,56993
2022-08-26,8.17,8.22,8.05,8.05,47590
2022-08-29,8.0,8.13,7.88,8.12,40367
2022-08-30,8.12,8.27,8.05,8.15,36554
2022-08-31,8.1,8.2,7.97,8.02,38878
2022-09-01,8.09,8.17,7.96,7.99,44653
2022-09-02,8.0,8.15,8.0,8.13,37867
2022-09-05,8.15,8.2,8.07,8.16,30793
2022-09-06,8.16,8.21,8.11,8.19,32699
2022-09-07,8.23,8.46,8.13,8.4,118508
2022-09-08,8.33,8.33,8.1,8.11,79625
2022-09-09,8.12,8.36,8.08,8.3,74279
2022-09-13,8.4,8.6,8.21,8.25,83120
2022-09-14,8.07,8.2,8.01,8.17,47318
2022-09-15,8.21,8.41,8.13,8.32,105058
2022-09-16,8.23,8.62,8.23,8.35,177462
2022-09-19,8.2,8.22,7.52,7.52,181079
2022-09-20,7.5,7.64,7.31,7.44,79692
2022-09-21,7.33,7.7,7.15,7.58,93420
2022-09-22,7.49,7.9,7.48,7.61,94462
2022-09-23,7.63,7.71,7.33,7.38,73625
2022-09-26,7.38,7.4,7.1,7.12,66268
2022-09-27,7.12,7.38,7.12,7.36,59673
2022-09-28,7.39,7.41,7.1,7.1,50066
2022-09-29,7.18,7.28,6.98,7.04,58094
2022-09-30,7.02,7.15,7.0,7.04,37906
2022-10-10,7.05,7.12,6.93,6.98,40706
2022-10-11,6.99,7.09,6.85,7.05,40501
2022-10-12,7.0,7.34,6.98,7.33,59683
2022-10-13,7.28,8.06,7.23,7.83,173128
2022-10-14,7.78,7.89,7.6,7.81,120789
2022-10-17,7.8,8.1,7.73,7.99,107291
2022-10-18,7.99,8.13,7.91,7.97,70976
2022-10-19,7.98,8.1,7.83,8.0,78046
2022-10-20,8.01,8.18,7.93,8.06,77830
2022-10-21,8.16,8.23,7.96,8.11,81193
2022-10-24,8.14,8.44,7.95,7.96,109305
2022-10-25,7.99,8.13,7.74,7.81,81223
2022-10-26,7.83,8.26,7.83,8.14,107842
2022-10-27,8.16,8.5,8.11,8.35,145989
2022-10-28,8.29,8.39,7.98,8.01,107865
2022-10-31,8.05,8.38,8.05,8.24,113770
2022-11-01,8.25,8.42,8.19,8.39,107493
2022-11-02,8.49,8.55,8.28,8.37,93452
2022-11-03,8.34,8.4,8.15,8.28,76445
2022-11-04,8.29,8.32,8.16,8.28,67061
2022-11-07,8.28,8.44,8.22,8.33,60478
2022-11-08,8.32,8.61,8.18,8.6,177033
2022-11-09,8.58,8.58,8.32,8.38,105905
2022-11-10,8.35,8.62,8.27,8.55,143440
2022-11-11,8.68,9.41,8.48,8.88,453815
2022-11-14,8.88,9.77,8.81,9.77,408002
2022-11-15,10.75,10.75,10.75,10.75,84396
2022-11-16,11.33,11.83,11.05,11.83,1273713
2022-11-17,11.8,12.63,10.86,11.6,1212046
2022-11-18,11.36,12.2,11.16,11.58,1050639
2022-11-21,11.5,12.74,11.48,12.74,1130508
2022-11-22,12.14,12.32,11.47,11.47,947125
2022-11-23,10.92,10.99,10.32,10.32,359206
2022-11-24,9.93,10.78,9.8,10.34,676512
2022-11-25,10.14,10.65,10.08,10.41,510427
2022-11-28,10.0,10.86,9.97,10.57,499815
2022-11-29,10.41,10.71,10.31,10.55,460415
2022-11-30,10.24,10.49,9.86,10.26,493979
2022-12-01,10.18,10.69,10.12,10.69,550778
2022-12-02,10.53,11.16,10.41,10.94,649373
2022-12-05,11.0,11.2,10.71,10.89,485957
2022-12-06,10.73,11.98,10.7,11.98,718147
2022-12-07,12.48,13.18,12.17,12.6,1252198
2022-12-08,12.15,12.31,11.34,11.34,787269
2022-12-09,10.8,11.0,10.31,10.39,554584
2022-12-12,10.43,10.67,10.26,10.44,331988
2022-12-13,10.55,10.6,9.97,10.0,365315
2022-12-14,9.91,10.12,9.9,9.96,254153
2022-12-15,9.91,10.39,9.81,10.24,316484
2022-12-16,10.1,10.17,9.9,10.04,196367
2022-12-19,10.1,10.27,9.89,10.19,215311
2022-12-20,10.34,10.45,9.81,9.92,230644
2022-12-21,9.8,10.02,9.23,9.4,319848
2022-12-22,9.45,9.68,9.32,9.35,218204
2022-12-23,9.32,9.67,9.23,9.53,213439
2022-12-26,9.49,9.66,9.4,9.64,141906
2022-12-27,9.68,9.68,9.32,9.44,152614
2022-12-28,9.44,9.46,9.03,9.1,191778
2022-12-29,9.11,9.36,9.04,9.17,143714
2022-12-30,9.2,9.35,9.07,9.22,109419
2023-01-03,9.3,10.05,9.23,9.91,303523
2023-01-04,9.91,10.15,9.83,10.07,266951
2023-01-05,10.0,10.32,9.91,10.28,291807
2023-01-06,10.26,10.26,9.92,9.93,219619
2023-01-09,9.99,10.6,9.87,10.28,304434
2023-01-10,10.16,10.24,9.96,10.09,198473
2023-01-11,10.08,10.14,9.83,9.9,161227
2023-01-12,10.03,10.05,9.76,9.83,135245
2023-01-13,9.88,9.88,9.65,9.77,114726
2023-01-16,9.84,10.43,9.8,10.2,307023
2023-01-17,10.21,10.24,9.76,9.83,220767
2023-01-18,9.76,10.2,9.69,10.02,207394
2023-01-19,10.03,10.24,9.97,10.16,211729
2023-01-20,10.17,10.46,10.08,10.2,213279
2023-01-30,10.3,10.55,10.24,10.37,259250
2023-01-31,10.17,10.33,10.11,10.25,195369
2023-02-01,10.57,11.26,10.35,10.96,589437
2023-02-02,10.96,11.24,10.76,10.85,514583
2023-02-03,10.78,11.74,10.74,11.28,569569
2023-02-06,11.15,12.41,11.0,11.9,741600
2023-02-07,11.66,11.87,11.34,11.76,490277
2023-02-08,11.68,11.69,11.01,11.03,483345
2023-02-09,11.13,12.13,10.88,11.93,840224
2023-02-10,11.51,11.65,11.31,11.42,520715
2023-02-13,11.32,11.61,11.24,11.42,308195
2023-02-14,11.46,11.73,11.33,11.42,295277
2023-02-15,11.33,11.71,11.25,11.66,343551
2023-02-16,11.51,11.75,10.95,11.11,447175
2023-02-17,11.15,11.3,10.48,10.52,327757
2023-02-20,10.52,10.7,10.38,10.66,190104
2023-02-21,10.66,10.97,10.55,10.76,196688
2023-02-22,10.65,10.78,10.46,10.71,137751
2023-02-23,10.73,10.77,10.37,10.47,170441
2023-02-24,10.46,10.7,10.45,10.67,156597
2023-02-27,10.55,10.96,10.47,10.8,214337
2023-02-28,11.0,11.09,10.72,10.93,213121
2023-03-01,10.88,11.25,10.83,11.23,301594
2023-03-02,11.23,11.41,11.16,11.2,281593
2023-03-03,11.15,11.22,10.89,11.07,183293
2023-03-06,11.09,11.13,10.87,10.94,128962
2023-03-07,10.94,11.0,10.55,10.57,157870
2023-03-08,10.53,10.74,10.5,10.72,106670
2023-03-09,10.68,10.8,10.47,10.75,130050
2023-03-10,10.74,10.85,10.58,10.59,112185
2023-03-13,10.51,11.44,10.51,11.15,321931
2023-03-14,10.97,11.0,10.68,10.95,195417
2023-03-15,10.95,10.99,10.53,10.65,211770
2023-03-16,10.61,10.88,10.25,10.58,198460
2023-03-17,10.58,11.19,10.53,11.06,315161
2023-03-20,11.5,11.5,10.73,10.81,297591
2023-03-21,10.66,11.0,10.55,10.91,180908
2023-03-22,10.9,11.16,10.82,11.14,244199
2023-03-23,11.15,11.22,10.92,11.12,201985
2023-03-24,11.2,11.5,10.97,11.38,375596
2023-03-27,11.4,11.74,11.23,11.69,439899
2023-03-28,11.72,11.72,11.2,11.2,269362
2023-03-29,11.21,11.3,10.98,11.01,194565
2023-03-30,11.02,11.09,10.74,10.85,162051
2023-03-31,10.85,11.52,10.75,11.45,289764
2023-04-03,11.42,11.65,11.23,11.64,331022
2023-04-04,11.55,11.69,11.34,11.52,280037
2023-04-06,11.35,11.64,11.19,11.5,220294
2023-04-07,11.57,11.79,11.14,11.7,346365
2023-04-10,11.68,11.68,11.05,11.09,261977
2023-04-11,11.09,11.27,10.94,11.2,155806
2023-04-12,11.2,11.59,11.15,11.52,224372
2023-04-13,11.48,11.66,11.25,11.29,217164
2023-04-14,11.26,11.5,11.0,11.21,181448
2023-04-17,11.16,11.21,10.11,10.25,352595
2023-04-18,10.25,10.27,9.97,10.08,159323
2023-04-19,10.0,10.34,9.99,10.11,141340
2023-04-20,10.1,10.15,9.94,9.99,122788
2023-04-21,9.99,10.02,9.3,9.3,174774
2023-04-24,9.3,9.57,9.28,9.4,91703
2023-04-25,9.41,9.47,8.97,9.08,133760
2023-04-26,9.06,9.14,8.84,8.94,117982
2023-04-27,8.91,9.07,8.76,8.85,104716
2023-04-28,8.88,9.4,8.86,9.4,140246
2023-05-04,9.45,9.68,9.26,9.49,132246
2023-05-05,9.5,9.66,9.33,9.64,129402
2023-05-08,9.67,9.8,9.53,9.79,122294
2023-05-09,9.79,9.84,9.49,9.51,116409
2023-05-10,9.46,9.91,9.41,9.62,129551
2023-05-11,9.57,9.82,9.57,9.71,80425
2023-05-12,9.7,9.78,9.53,9.54,67261
2023-05-15,9.54,9.63,9.3,9.51,70026
2023-05-16,9.5,9.53,9.23,9.24,70151
2023-05-17,9.22,9.43,9.15,9.41,53148
2023-05-18,9.41,9.69,9.39,9.61,69886
2023-05-19,9.59,9.62,9.41,9.48,65855
2023-05-22,9.42,9.53,9.28,9.36,62500
2023-05-23,9.33,9.35,9.17,9.22,51243
2023-05-24,9.22,9.31,9.13,9.15,50999
2023-05-25,9.14,9.23,8.92,9.08,60897
2023-05-26,9.09,9.15,8.98,9.12,42549
2023-05-29,9.13,9.26,9.0,9.04,56897
2023-05-30,9.03,9.3,8.92,9.3,72428
2023-05-31,9.27,9.5,9.27,9.48,83555
2023-06-01,9.43,9.72,9.35,9.65,97687
2023-06-02,9.64,9.78,9.62,9.69,75743
2023-06-05,9.65,9.8,9.64,9.78,73268
2023-06-06,9.73,9.8,9.49,9.5,80619
2023-06-07,9.56,9.72,9.46,9.67,68343
2023-06-08,9.69,9.72,9.42,9.58,71957
2023-06-09,9.61,9.74,9.54,9.73,68690
2023-06-12,9.71,9.76,9.64,9.7,56246
2023-06-13,9.66,9.93,9.65,9.89,98924
2023-06-14,9.85,9.91,9.76,9.84,71983
2023-06-15,9.85,9.89,9.66,9.66,71991
2023-06-16,9.69,9.94,9.54,9.93,121589
2023-06-19,9.87,10.06,9.82,9.95,115878
2023-06-20,10.14,10.42,9.93,10.2,215216
2023-06-21,10.2,10.24,9.78,9.78,135515
2023-06-26,9.69,9.78,9.14,9.15,132732
2023-06-27,9.22,9.33,9.1,9.21,77988
2023-06-28,9.2,9.24,8.78,9.06,106637
2023-06-29,8.99,9.13,8.89,9.05,77303
2023-06-30,8.95,9.17,8.93,9.14,65588
2023-07-03,9.14,9.2,8.94,9.14,78242
2023-07-04,9.08,9.28,9.07,9.25,74085
2023-07-05,9.25,9.47,9.17,9.19,84273
2023-07-06,9.15,9.29,9.13,9.16,46215
2023-07-07,9.1,9.15,8.92,9.02,62800
2023-07-10,9.08,9.09,8.99,9.03,44798
2023-07-11,9.01,9.12,9.01,9.11,43752
2023-07-12,9.13,9.14,8.85,8.85,70931
2023-07-13,8.88,8.94,8.81,8.9,64102
2023-07-14,8.92,9.18,8.91,9.13,92832
2023-07-17,9.23,9.38,9.13,9.21,69392
2023-07-18,9.16,9.23,9.13,9.14,50929
2023-07-19,9.12,9.47,9.12,9.28,95789
2023-07-20,9.21,9.25,9.03,9.06,67119
2023-07-21,9.01,9.08,8.94,8.98,49149
2023-07-24,8.94,9.12,8.9,9.02,45545
2023-07-25,9.11,9.27,9.1,9.27,82171
2023-07-26,9.25,9.25,9.08,9.1,58214
2023-07-27,9.1,9.17,9.0,9.02,55825
2023-07-28,9.01,9.54,8.95,9.48,187305
2023-07-31,9.43,9.54,9.38,9.44,104696
2023-08-01,9.36,9.49,9.32,9.42,67418
2023-08-02,9.4,9.5,9.3,9.48,99122
2023-08-03,9.43,9.68,9.4,9.66,114115
2023-08-04,9.71,10.34,9.68,10.22,340317
2023-08-07,10.08,10.35,9.95,10.28,233140
2023-08-08,10.27,10.27,10.0,10.07,147108
2023-08-09,10.08,10.42,10.05,10.26,275981
2023-08-10,10.17,10.58,10.05,10.58,315415
2023-08-11,10.44,10.44,9.91,9.94,271031
2023-08-14,9.93,10.08,9.8,10.07,161925
2023-08-15,10.02,10.08,9.82,10.0,136765
2023-08-16,9.98,10.39,9.74,10.12,209417
2023-08-17,10.0,10.37,9.87,10.16,175909
2023-08-18,10.2,10.43,9.93,9.95,190414
2023-08-21,9.88,10.25,9.83,9.95,133191
2023-08-22,10.09,10.35,10.09,10.35,253193
2023-08-23,10.2,10.21,9.96,9.97,202015
2023-08-24,10.05,10.26,9.75,9.87,174354
2023-08-25,9.8,10.12,9.48,9.57,192492
2023-08-28,10.36,10.36,9.69,9.72,255957
2023-08-29,9.69,10.08,9.68,10.05,180127
2023-08-30,9.99,10.15,9.92,10.09,154925
2023-08-31,10.1,10.22,9.93,9.99,109353
2023-09-01,9.99,10.1,9.83,10.03,117641
2023-09-04,10.01,10.01,9.8,9.95,131147
2023-09-05,9.94,10.01,9.79,9.83,96513
2023-09-06,9.81,9.81,9.5,9.75,97539
2023-09-07,9.75,9.97,9.71,9.81,103090
2023-09-08,9.7,9.92,9.53,9.87,111206
2023-09-11,9.86,10.03,9.73,9.99,101962
2023-09-12,9.95,9.98,9.85,9.87,70633
2023-09-13,9.85,9.89,9.52,9.61,89397
2023-09-14,9.58,9.59,9.31,9.38,89283
2023-09-15,9.44,9.45,9.29,9.31,51304
2023-09-18,9.3,9.39,9.24,9.36,49552
2023-09-19,9.34,9.35,9.15,9.18,58738
2023-09-20,9.18,9.24,9.08,9.09,49075
2023-09-21,9.12,9.15,9.02,9.09,54640
2023-09-22,9.1,9.35,9.05,9.34,62752
2023-09-25,9.31,9.33,9.13,9.2,62343
2023-09-26,9.15,9.29,9.12,9.21,42021
2023-09-27,9.21,9.37,9.18,9.26,55382
2023-09-28,9.28,9.39,9.26,9.37,42582
2023-10-09,9.37,9.45,9.3,9.42,57681
2023-10-10,9.44,9.58,9.43,9.5,66693
2023-10-11,9.56,9.62,9.44,9.54,58994
2023-10-12,9.58,9.63,9.48,9.49,46295
2023-10-13,9.46,9.47,9.35,9.37,48868
2023-10-16,9.4,9.55,9.32,9.38,70803
2023-10-17,9.46,9.83,9.46,9.66,165309
2023-10-18,9.56,9.59,9.2,9.46,125828
2023-10-19,9.46,9.62,9.3,9.33,98979
2023-10-20,9.3,9.37,8.98,9.01,99314
2023-10-23,8.94,9.0,8.62,8.7,87253
2023-10-24,8.71,9.03,8.57,8.96,74703
2023-10-25,8.99,9.28,8.9,9.22,82236
2023-10-26,9.12,9.39,9.12,9.29,70322
2023-10-27,9.29,9.31,9.09,9.19,79630
2023-10-30,9.15,9.5,9.13,9.45,82805
2023-10-31,9.54,9.8,9.5,9.59,115185
2023-11-01,9.57,9.82,9.57,9.69,105614
2023-11-02,9.7,9.82,9.62,9.63,67574
2023-11-03,9.65,9.72,9.56,9.57,58077
2023-11-06,9.62,9.85,9.62,9.8,76176
2023-11-07,9.8,9.91,9.73,9.88,73315
2023-11-08,9.9,10.1,9.87,9.96,97805
2023-11-09,9.95,10.07,9.89,9.91,71666
2023-11-10,9.9,9.98,9.83,9.91,55269
2023-11-13,9.9,10.2,9.9,10.15,82965
2023-11-14,10.15,10.5,10.1,10.39,146751
2023-11-15,10.41,10.5,10.31,10.35,101618
2023-11-16,10.37,10.51,10.29,10.33,88463
2023-11-17,10.3,10.45,10.25,10.35,76382
2023-11-20,10.35,10.4,10.24,10.35,78523
2023-11-21,10.35,10.47,10.18,10.22,70336
2023-11-22,10.25,10.4,10.12,10.12,70040
2023-11-23,10.12,10.25,10.0,10.23,61258
2023-11-24,10.2,10.24,9.98,10.01,58533
2023-11-27,10.0,10.27,9.99,10.11,72113
2023-11-28,10.07,10.22,10.01,10.14,47627
2023-11-29,10.14,10.22,10.03,10.04,62136
2023-11-30,10.75,11.04,10.45,11.04,447356
2023-12-01,12.14,12.14,12.14,12.14,90195
2023-12-04,13.35,13.35,13.35,13.35,55573
2023-12-05,14.69,14.69,14.69,14.69,70485
2023-12-06,15.5,16.16,15.38,16.16,631061
2023-12-07,17.78,17.78,17.78,17.78,81861
2023-12-08,19.01,19.56,16.44,17.09,1902744
2023-12-11,16.77,18.5,16.55,17.9,1661857
2023-12-12,17.9,19.69,17.77,19.3,1709699
2023-12-13,18.5,19.8,18.33,19.8,1400844
2023-12-14,19.48,19.7,17.82,18.53,1391255
2023-12-15,18.01,18.58,17.05,17.73,1188244
2023-12-18,17.63,18.1,16.6,16.82,954532
2023-12-19,17.27,18.5,16.9,17.87,1406480
2023-12-20,17.55,18.3,16.08,17.05,1321965
2023-12-21,16.98,17.0,15.35,15.35,1173419
2023-12-22,14.88,14.89,13.82,13.82,830313
2023-12-25,13.34,13.66,13.1,13.57,674562
2023-12-26,13.55,14.0,13.42,13.77,668017
2023-12-27,13.64,14.45,13.44,14.32,799070
2023-12-28,13.99,14.02,13.46,13.51,815218
2023-12-29,13.51,13.95,13.45,13.75,576764
2024-01-02,13.85,13.97,13.51,13.64,398237
2024-01-03,13.75,13.8,13.22,13.43,444259
2024-01-04,13.4,13.6,13.18,13.39,324158
2024-01-05,13.39,13.45,12.73,12.89,430071
2024-01-08,13.0,13.21,12.72,12.74,367280
2024-01-09,12.9,13.11,12.58,12.79,281599
2024-01-10,12.69,12.89,12.45,12.58,251847
2024-01-11,12.5,12.92,12.5,12.87,287230
2024-01-12,12.87,12.96,12.39,12.42,312367
2024-01-15,12.34,12.65,12.19,12.49,220248
2024-01-16,12.56,12.85,12.24,12.5,467273
2024-01-17,12.5,12.63,12.23,12.23,322339
2024-01-18,12.2,12.63,11.99,12.56,462990
2024-01-19,12.42,12.59,12.27,12.33,281509
2024-01-22,12.22,12.38,11.31,11.46,388832
2024-01-23,11.46,11.73,11.35,11.61,280674
2024-01-24,11.59,11.77,11.16,11.7,271639
2024-01-25,11.73,12.02,11.55,11.97,241187
2024-01-26,11.91,12.25,11.84,11.91,233248
2024-01-29,11.86,11.99,11.28,11.37,211724
2024-01-30,11.69,11.71,11.0,11.0,235215
2024-01-31,11.14,11.35,10.61,10.65,289866
2024-02-01,10.61,10.99,10.42,10.68,292618
2024-02-02,10.73,10.86,9.63,10.05,338064
2024-02-05,9.97,10.04,9.05,9.05,271171
2024-02-06,8.35,8.96,8.15,8.48,529729
2024-02-07,8.5,8.55,7.82,7.95,649489
2024-02-08,8.03,8.74,7.78,8.66,633206
2024-02-19,9.53,9.53,9.53,9.53,27898
2024-02-20,10.48,10.48,10.48,10.48,27706
2024-02-21,11.53,11.53,11.53,11.53,20062
2024-02-22,12.68,12.68,12.68,12.68,36935
2024-02-23,13.95,13.95,13.95,13.95,73129
2024-02-26,14.94,15.35,14.33,15.35,1555930
2024-02-27,14.01,14.98,13.82,14.7,1428632
2024-02-28,14.59,16.17,14.5,14.72,1684174
2024-02-29,15.1,16.19,14.93,16.19,1588593
2024-03-01,15.68,16.07,14.57,14.93,1490124
2024-03-04,14.67,15.35,14.26,15.17,1063498
2024-03-05,14.74,15.14,14.07,14.36,963791
2024-03-06,13.7,14.17,13.53,13.87,700126
2024-03-07,14.09,14.2,13.3,13.47,703842
2024-03-08,13.47,13.86,13.26,13.67,523034
2024-03-11,13.68,14.23,13.37,13.93,645054
2024-03-12,13.95,14.11,13.65,13.8,489217
2024-03-13,13.88,14.69,13.78,14.27,962456
2024-03-14,13.9,13.91,13.26,13.48,660547
2024-03-15,13.37,13.44,12.93,13.3,445682
2024-03-18,13.3,13.64,13.26,13.6,402635
2024-03-19,13.7,13.78,13.37,13.38,407234
2024-03-20,13.27,13.89,13.27,13.77,509816
2024-03-21,13.9,14.13,13.66,13.95,512908
2024-03-22,13.79,14.25,13.6,14.03,665591
2024-03-25,13.79,13.8,13.05,13.05,463100
2024-03-26,13.05,13.25,12.45,12.48,391070
2024-03-27,12.42,12.54,11.6,11.65,403374
2024-03-28,11.68,12.19,11.68,12.11,306177
2024-03-29,12.04,12.09,11.79,12.02,193401
2024-04-01,12.12,12.33,12.03,12.32,226965
2024-04-02,12.25,12.29,11.86,11.93,232253
2024-04-03,11.86,11.92,11.53,11.67,187107
2024-04-08,11.65,11.73,11.38,11.5,151533
2024-04-09,11.57,11.69,11.42,11.67,123356
2024-04-10,11.6,11.63,11.16,11.32,187068
2024-04-11,11.23,11.71,11.22,11.57,201800
2024-04-12,11.5,11.66,11.35,11.35,135419
2024-04-15,11.25,11.43,10.66,10.92,229194
2024-04-16,10.78,10.88,10.0,10.03,255797
2024-04-17,10.39,11.03,10.39,11.03,163701
2024-04-18,11.08,11.43,10.86,11.14,415498
2024-04-19,11.14,11.56,10.97,11.16,381499
2024-04-22,11.0,11.42,10.89,11.18,317702
2024-04-23,11.32,11.94,11.18,11.85,572688
2024-04-24,11.95,12.44,11.72,11.89,665277
2024-04-25,11.7,11.85,11.56,11.58,392265
2024-04-26,11.58,12.2,11.58,12.18,583431
2024-04-29,12.28,12.47,12.16,12.35,525441
2024-04-30,11.9,12.1,11.44,11.68,579217
2024-05-06,11.82,11.86,11.2,11.28,410141
2024-05-07,11.32,12.32,11.23,11.66,515438
2024-05-08,11.64,11.66,11.06,11.07,332002
2024-05-09,11.01,11.23,11.01,11.09,197086
2024-05-10,11.14,11.19,10.68,10.73,259993
2024-05-13,10.58,10.85,10.41,10.62,190873
2024-05-14,10.45,10.64,10.36,10.57,187568
2024-05-15,10.65,10.65,10.4,10.55,154787
2024-05-16,10.55,10.79,10.54,10.64,178907
2024-05-17,10.67,10.78,10.48,10.77,160873
2024-05-20,10.76,10.87,10.61,10.69,159748
2024-05-21,10.68,10.68,10.47,10.51,131360
2024-05-22,10.54,10.65,10.48,10.57,96289
2024-05-23,10.57,10.6,10.21,10.23,148017
2024-05-24,10.36,10.38,10.04,10.05,120389
2024-05-27,10.17,10.19,9.86,10.18,135661
2024-05-28,10.07,10.2,9.95,9.95,99120
2024-05-29,9.91,10.1,9.87,9.95,91160
2024-05-30,9.85,10.04,9.74,9.96,82941
2024-05-31,9.95,10.18,9.93,10.16,119555
2024-06-03,10.1,10.14,9.8,9.93,118616
2024-06-04,9.96,9.97,9.67,9.85,103622
2024-06-05,9.81,9.9,9.66,9.66,75390
2024-06-06,9.66,9.78,9.15,9.2,176075
2024-06-07,9.33,9.45,9.26,9.41,114551
2024-06-11,9.9,10.08,9.47,9.59,243296
2024-06-12,9.66,10.55,9.59,10.55,397817
2024-06-13,10.37,10.84,10.3,10.67,527437
2024-06-14,10.58,10.63,10.25,10.51,306015
2024-06-17,10.43,10.64,10.38,10.45,199040
2024-06-18,10.45,10.55,10.4,10.54,188633
2024-06-19,10.5,10.61,10.28,10.29,190081
2024-06-20,10.28,10.28,9.72,9.75,244103
2024-06-21,9.69,9.74,9.51,9.65,134436
2024-06-24,9.59,9.59,9.15,9.2,158445
2024-06-25,9.25,9.45,9.15,9.29,153955
2024-06-26,9.35,10.22,9.2,10.22,186689
2024-06-27,11.24,11.24,10.4,10.4,747336
2024-06-28,9.97,10.8,9.97,10.44,563413
2024-07-01,10.4,10.51,10.2,10.27,294602
2024-07-02,10.3,10.58,10.19,10.22,297949
2024-07-03,10.14,10.22,9.74,9.75,288641
2024-07-04,9.79,9.89,9.51,9.57,223096
2024-07-05,9.57,10.42,9.36,9.98,341696
2024-07-08,9.93,9.98,9.32,9.41,255821
2024-07-09,9.38,10.2,9.28,9.8,290721
2024-07-10,9.5,9.73,9.4,9.54,197029
2024-07-11,9.74,9.82,9.61,9.8,194883
2024-07-12,9.76,10.08,9.69,9.88,212886
2024-07-15,9.77,9.82,9.55,9.59,135310
2024-07-16,9.59,9.76,9.46,9.67,110246
2024-07-17,9.65,9.75,9.46,9.47,120333
2024-07-18,9.4,9.57,9.16,9.51,143555
2024-07-19,9.48,9.85,9.42,9.7,190960
2024-07-22,9.78,9.83,9.67,9.74,120268
2024-07-23,9.79,9.8,9.5,9.52,108966
2024-07-24,9.45,9.56,9.29,9.31,107869
2024-07-25,9.3,9.43,9.2,9.38,102367
2024-07-26,9.44,9.59,9.35,9.57,107894
2024-07-29,9.39,9.45,9.2,9.36,111995
2024-07-30,9.33,9.5,9.26,9.38,96843
2024-07-31,9.4,9.8,9.35,9.76,202304
2024-08-01,9.76,9.83,9.67,9.73,131781
2024-08-02,9.62,9.83,9.52,9.55,128100
2024-08-05,9.46,9.68,9.2,9.21,159692
2024-08-06,9.37,9.5,9.3,9.43,96567
2024-08-07,9.43,9.55,9.35,9.39,71146
2024-08-08,9.33,9.35,9.06,9.21,103296
2024-08-09,9.26,9.3,9.08,9.1,73610
2024-08-12,9.05,9.06,8.88,8.93,78947
2024-08-13,8.9,8.98,8.75,8.96,97664
2024-08-14,8.95,9.13,8.92,9.0,69271
2024-08-15,8.9,9.21,8.88,9.12,108286
2024-08-16,9.1,9.16,9.02,9.02,69455
2024-08-19,9.05,9.47,9.03,9.33,204314
2024-08-20,9.22,9.24,8.91,8.93,158466
2024-08-21,8.89,9.0,8.81,8.82,78782
2024-08-22,8.82,8.89,8.55,8.57,109728
2024-08-23,8.56,8.78,8.5,8.64,80124
2024-08-26,8.62,8.69,8.46,8.59,60184
2024-08-27,8.57,8.58,8.28,8.3,82977
2024-08-28,8.3,8.38,8.19,8.3,58108
2024-08-29,8.3,8.45,8.21,8.41,58605
2024-08-30,8.42,8.8,8.4,8.69,123298
2024-09-02,8.6,8.69,8.43,8.43,80950
2024-09-03,8.43,8.64,8.43,8.63,74639
2024-09-04,8.53,8.63,8.51,8.55,51925
2024-09-05,8.66,9.41,8.66,9.41,352073
2024-09-06,9.41,9.96,9.15,9.19,574347
2024-09-09,9.18,10.11,9.06,9.77,810720
2024-09-10,9.46,9.5,8.79,9.15,644071
2024-09-11,9.0,9.22,8.84,9.07,292983
2024-09-12,9.05,9.3,9.01,9.15,300865
2024-09-13,9.04,9.09,8.77,8.81,256800
2024-09-18,8.7,8.79,8.48,8.69,175999
2024-09-19,8.78,9.05,8.65,8.96,214393
2024-09-20,9.0,9.18,8.97,9.14,225143
2024-09-23,9.1,9.28,9.0,9.18,203270
2024-09-24,9.16,9.59,9.0,9.58,374132
2024-09-25,9.62,10.49,9.62,10.16,693557
2024-09-26,9.97,10.24,9.85,10.21,459735
2024-09-27,10.5,10.81,10.25,10.58,422805
2024-09-30,11.6,11.64,10.99,11.64,718971
2024-10-08,12.8,12.8,12.01,12.8,829215
2024-10-09,12.47,13.08,11.81,11.91,731217
2024-10-10,12.1,12.25,11.22,11.36,475036
2024-10-11,11.36,12.0,10.95,11.52,515507
2024-10-14,11.87,11.96,11.2,11.77,469897
2024-10-15,11.53,12.55,11.41,11.86,625085
2024-10-16,11.48,11.83,11.38,11.6,345847
2024-10-17,11.65,12.3,11.58,11.91,475516
2024-10-18,11.85,12.37,11.65,12.1,528024
2024-10-21,12.2,12.89,12.15,12.65,619622
2024-10-22,12.68,12.68,11.94,12.02,490548
2024-10-23,12.1,13.22,12.1,13.22,540563
2024-10-24,13.27,13.27,12.55,12.59,665336
2024-10-25,12.51,12.97,12.33,12.53,468400
2024-10-28,12.5,13.01,12.41,12.78,470121
2024-10-29,12.75,13.7,12.6,13.06,733695
2024-10-30,12.75,13.55,12.51,13.22,675485
2024-10-31,13.19,14.53,12.8,13.88,756610
2024-11-01,13.56,13.89,12.49,12.49,611235
2024-11-04,12.29,12.66,12.14,12.58,281033
2024-11-05,12.62,13.56,12.53,13.44,491458
2024-11-06,13.57,14.09,13.17,13.34,539677
2024-11-07,13.2,13.58,12.95,13.56,418044
2024-11-08,13.89,13.96,13.5,13.6,432161
2024-11-11,13.58,14.66,13.46,14.41,558005
2024-11-12,14.65,14.79,13.75,14.01,454703
2024-11-13,13.94,14.9,13.7,14.32,523818
2024-11-14,14.25,14.38,13.49,13.5,351246
2024-11-15,13.68,14.85,13.68,13.88,883834
2024-11-18,13.74,13.74,12.49,12.49,571026
2024-11-19,12.03,12.5,11.9,12.46,413480
2024-11-20,12.4,13.08,12.38,12.95,373406
2024-11-21,12.88,13.45,12.72,13.11,320136
2024-11-22,13.08,13.65,12.6,12.61,369878
2024-11-25,12.75,12.86,12.13,12.5,260472
2024-11-26,12.71,13.09,12.38,12.4,233479
2024-11-27,12.28,12.93,11.95,12.93,315665
2024-11-28,13.06,13.49,12.91,12.94,307453
2024-11-29,13.0,13.86,12.83,13.63,530870
2024-12-02,13.35,14.25,13.35,14.0,390081
2024-12-03,13.95,14.0,13.6,13.9,272513
2024-12-04,13.77,13.97,13.45,13.58,241547
2024-12-05,13.85,14.94,13.84,14.94,261847
2024-12-06,16.43,16.43,15.68,16.43,679049
2024-12-09,17.21,18.0,15.12,15.46,1184076
2024-12-10,16.0,16.53,15.23,15.48,1007761
2024-12-11,14.99,15.4,14.96,15.19,576219
2024-12-12,15.19,15.33,14.82,15.25,496063
2024-12-13,15.02,15.68,14.94,15.07,513383
2024-12-16,15.12,16.22,14.52,15.59,641435
2024-12-17,15.43,15.97,14.8,14.98,491841
2024-12-18,14.76,15.59,14.3,15.33,466769
2024-12-19,15.0,16.86,14.85,16.86,972043
2024-12-20,17.5,17.95,16.33,16.59,1180461
2024-12-23,16.5,16.5,14.93,14.93,628076
2024-12-24,14.36,14.86,13.8,14.62,644201
2024-12-25,14.23,14.68,13.7,13.71,420023
2024-12-26,13.69,14.17,13.69,13.9,284075
2024-12-27,13.85,14.28,13.64,13.86,335346
2024-12-30,13.7,13.83,13.23,13.38,262500
2024-12-31,13.42,13.51,12.55,12.56,320823
2025-01-02,12.5,12.76,12.14,12.27,244033
2025-01-03,12.32,12.45,11.43,11.45,284697
2025-01-06,11.45,11.61,11.1,11.24,190083
2025-01-07,11.35,11.72,11.31,11.71,241581
2025-01-08,11.58,11.97,11.45,11.85,282099
2025-01-09,11.79,12.04,11.7,11.91,214118
2025-01-10,11.86,12.01,11.35,11.36,205986
2025-01-13,11.24,11.44,10.92,11.38,149579
2025-01-14,11.5,12.15,11.44,12.14,268248
2025-01-15,12.14,12.3,12.03,12.17,215806
2025-01-16,12.22,12.53,12.03,12.2,204547
2025-01-17,12.19,12.41,12.1,12.29,208696
2025-01-20,12.53,12.59,12.27,12.43,192730
2025-01-21,12.58,12.73,12.35,12.5,176450
2025-01-22,12.38,12.48,12.1,12.12,161493
2025-01-23,12.4,12.67,12.14,12.16,236087
2025-01-24,12.11,12.49,12.05,12.48,219938
2025-01-27,12.85,13.45,12.66,13.12,538463
2025-02-05,13.47,13.96,13.35,13.84,482377
2025-02-06,13.7,13.7,13.25,13.69,429450
2025-02-07,13.6,14.21,13.58,13.78,513967
2025-02-10,13.78,14.4,13.57,14.4,476303
2025-02-11,14.18,14.64,13.95,14.26,419664
2025-02-12,14.08,14.64,14.06,14.45,401664
2025-02-13,14.5,14.51,13.93,14.16,365377
2025-02-14,14.15,14.96,13.97,14.82,528292
2025-02-17,14.72,15.02,14.46,14.64,439380
2025-02-18,14.52,14.64,13.75,13.8,393609
2025-02-19,14.05,14.12,13.74,14.06,265489
2025-02-20,14.2,15.47,14.2,14.82,974795
2025-02-21,14.5,14.8,14.3,14.65,690139
2025-02-24,14.6,14.74,14.31,14.45,390497
2025-02-25,14.11,14.48,14.01,14.15,282822
2025-02-26,14.43,14.5,14.17,14.44,284625
2025-02-27,14.37,14.59,13.88,14.2,323542
2025-02-28,14.06,14.16,13.17,13.23,343912
2025-03-03,13.32,13.6,13.02,13.37,205897
2025-03-04,13.2,13.7,13.17,13.67,182761
2025-03-05,13.62,13.76,13.43,13.69,175335
2025-03-06,13.8,14.47,13.78,14.33,354218
2025-03-07,14.37,14.48,13.92,14.07,289501
2025-03-10,14.1,14.13,13.75,13.9,155704
2025-03-11,13.65,13.83,13.58,13.8,142571
2025-03-12,13.89,14.11,13.81,13.95,173997
2025-03-13,13.9,13.9,13.35,13.55,213920
2025-03-14,13.49,14.11,13.34,13.92,239967
2025-03-17,13.92,13.98,13.69,13.72,155604
2025-03-18,13.88,14.81,13.88,14.22,442780
2025-03-19,14.22,14.3,13.95,14.04,260898
2025-03-20,13.96,15.17,13.75,14.45,511560
2025-03-21,14.45,14.75,14.12,14.39,374847
2025-03-24,14.54,14.86,13.75,14.2,428412
2025-03-25,14.05,15.33,13.45,14.62,634181
2025-03-26,14.3,16.08,14.23,16.08,1072219
2025-03-27,15.48,15.95,14.9,15.14,830457
2025-03-28,15.17,15.33,14.38,14.49,518717
2025-03-31,14.23,15.94,13.2,15.94,706096
2025-04-01,16.39,17.48,15.75,16.58,1328347
2025-04-02,16.5,18.24,16.5,18.24,997348
2025-04-03,16.96,18.16,16.88,17.67,1193289
2025-04-07,15.9,16.32,15.9,15.9,129658
2025-04-08,14.32,15.12,14.31,14.31,900138
2025-04-09,13.85,14.86,12.88,14.47,822298
2025-04-10,14.5,15.92,14.5,15.19,853276
2025-04-11,15.01,15.84,15.01,15.4,589262
2025-04-14,15.6,16.14,15.4,15.46,501209
2025-04-15,15.8,16.33,15.46,15.78,533409
2025-04-16,15.51,15.73,14.6,14.86,498713
2025-04-17,14.87,15.47,14.86,14.88,352155
2025-04-18,14.81,15.29,14.48,14.59,334395
2025-04-21,14.59,16.05,14.37,16.05,487257
2025-04-22,17.48,17.66,16.9,17.66,724942
2025-04-23,18.5,19.43,17.59,17.8,1672347
2025-04-24,17.59,17.94,16.02,16.09,1277163
2025-04-25,16.05,16.53,15.63,15.72,777134
2025-04-28,15.96,16.4,15.45,15.45,577953
2025-04-29,15.24,16.26,15.08,15.63,566463
2025-04-30,15.5,16.25,15.38,16.09,658034
2025-05-06,16.25,16.92,16.11,16.62,574511
2025-05-07,16.95,17.25,15.94,16.21,670909
2025-05-08,15.8,16.44,15.8,16.17,402458
2025-05-09,16.22,16.22,15.22,15.31,512369
2025-05-12,15.54,15.81,15.31,15.81,367497
2025-05-13,16.09,16.37,15.78,15.9,406208
2025-05-14,15.77,16.77,15.71,16.32,609706
2025-05-15,16.21,16.21,15.53,15.62,410636
2025-05-16,15.38,15.57,15.29,15.45,273076
2025-05-19,15.45,15.5,15.15,15.37,232249
2025-05-20,15.37,15.48,15.17,15.44,202372
2025-05-21,15.36,15.36,14.91,14.99,290476
2025-05-22,14.85,15.13,14.81,14.86,174907
2025-05-23,14.8,14.89,14.41,14.42,240549
2025-05-26,14.38,14.68,14.36,14.49,156153
2025-05-27,14.4,14.5,14.28,14.45,138683
2025-05-28,14.48,14.69,14.43,14.59,198479
2025-05-29,14.41,16.05,14.41,16.05,777184
2025-05-30,15.89,15.95,15.37,15.48,609893
2025-06-03,15.79,16.13,15.65,15.8,486304
2025-06-04,15.66,16.17,15.58,16.0,521277
2025-06-05,15.93,16.53,15.88,16.29,709160
2025-06-06,16.11,16.29,15.92,15.99,358653
2025-06-09,16.08,16.24,15.96,16.17,288303
2025-06-10,16.22,16.28,15.65,15.86,360251
2025-06-11,15.81,16.35,15.67,16.31,579730
2025-06-12,16.22,16.39,16.12,16.3,381890
2025-06-13,16.32,16.37,15.95,16.02,333487
2025-06-16,15.89,16.75,15.87,16.56,564587
2025-06-17,16.47,16.83,16.34,16.63,556945
2025-06-18,16.6,16.6,16.16,16.28,358391
2025-06-19,16.38,16.93,15.93,16.0,562257
2025-06-20,15.85,15.9,15.08,15.15,458133
2025-06-23,15.15,15.92,15.08,15.86,407955
2025-06-24,15.92,16.36,15.78,16.18,394423
2025-06-25,16.09,16.84,16.09,16.76,618261
2025-06-26,16.76,17.24,16.52,16.92,662283
2025-06-27,16.85,18.28,16.8,17.03,779963
2025-06-30,17.07,17.44,16.93,17.26,458043
2025-07-01,17.4,17.93,16.75,16.88,461545
2025-07-02,16.74,18.25,16.73,17.16,859117
2025-07-03,16.82,17.69,16.65,16.85,518027
2025-07-04,17.14,18.54,16.44,18.54,1111846
2025-07-07,19.37,20.39,19.2,20.39,717772
2025-07-08,21.41,21.76,19.75,19.79,1790096
2025-07-09,19.79,21.77,19.78,21.77,1529647
2025-07-10,21.08,23.76,20.9,21.68,1728827
2025-07-11,21.41,22.16,20.35,21.18,1218949
2025-07-14,20.93,21.0,19.62,20.06,934750
2025-07-15,20.0,20.0,19.09,19.27,651777
2025-07-16,19.2,19.34,18.95,19.18,401718
2025-07-17,19.33,19.55,19.08,19.2,474875
2025-07-18,19.11,19.4,18.91,19.03,376796
2025-07-21,19.0,19.22,18.92,19.06,302181
2025-07-22,19.12,19.2,18.6,18.7,372613
2025-07-23,18.53,18.78,18.35,18.51,323941
2025-07-24,18.48,18.61,18.38,18.58,212666
2025-07-25,18.55,18.89,18.4,18.76,373721
2025-07-28,18.79,18.94,18.52,18.76,274417
2025-07-29,18.71,18.78,18.05,18.78,350929
2025-07-30,18.78,18.78,18.07,18.27,315404
2025-07-31,18.1,18.4,17.9,17.96,244828
2025-08-01,17.96,18.78,17.6,18.47,493080
2025-08-04,17.99,17.99,17.66,17.93,272070
2025-08-05,17.87,18.04,17.82,17.99,183145
2025-08-06,17.97,18.35,17.83,18.22,214920
2025-08-07,18.22,18.32,17.98,18.04,227689
2025-08-08,17.99,18.0,17.7,17.72,191514
2025-08-11,17.65,18.12,17.63,18.09,186968
2025-08-12,18.12,18.25,18.0,18.18,209583
2025-08-13,18.3,18.34,18.01,18.22,257758
2025-08-14,18.2,19.14,18.17,18.73,652991
2025-08-15,18.73,19.97,18.3,19.61,709133
2025-08-18,19.5,19.65,19.13,19.41,545953
2025-08-19,19.41,20.17,19.3,19.56,511106
2025-08-20,19.37,19.37,18.94,19.21,355219
2025-08-21,19.49,20.17,19.49,19.55,491506
2025-08-22,19.54,20.05,19.39,19.68,418051
2025-08-25,19.8,20.51,19.61,20.51,599891
2025-08-26,20.3,20.3,19.9,19.96,401704
2025-08-27,19.99,20.18,19.04,19.05,428640
2025-08-28,19.01,19.22,18.41,19.2,321388
2025-08-29,19.35,19.35,18.9,18.94,200907
2025-09-01,19.0,19.78,19.0,19.5,290845
2025-09-02,19.5,19.5,18.37,18.42,337767
2025-09-03,18.48,18.51,17.55,17.66,229332
2025-09-04,17.67,17.8,17.11,17.47,194954
2025-09-05,17.48,17.78,17.16,17.78,145759
2025-09-08,17.78,17.9,17.58,17.84,127631
2025-09-09,17.84,18.06,17.58,17.98,174767
2025-09-10,17.84,18.09,17.84,17.9,108521
2025-09-11,17.82,18.18,17.51,18.1,172519
2025-09-12,18.07,18.49,18.06,18.16,181560
2025-09-15,18.36,18.36,17.97,17.97,118318
2025-09-16,17.79,17.99,17.45,17.98,159316
2025-09-17,17.98,18.13,17.76,17.77,150380
2025-09-18,17.63,17.88,17.09,17.18,212191
2025-09-19,17.2,17.34,16.74,16.76,181549
2025-09-22,16.8,17.02,16.73,17.01,111807
2025-09-23,17.0,17.02,16.09,16.53,190500
2025-09-24,16.59,16.75,16.31,16.72,127241
2025-09-25,16.72,16.96,16.61,16.8,117261
2025-09-26,16.7,16.86,16.44,16.45,107085
2025-09-29,16.42,16.73,16.18,16.61,114362
2025-09-30,16.8,16.95,16.65,16.9,128076
2025-10-09,17.14,17.27,16.83,16.92,139974
2025-10-10,16.79,16.81,16.57,16.63,105839
2025-10-13,15.98,16.54,15.76,16.49,120290
2025-10-14,16.49,16.77,16.28,16.33,113608
2025-10-15,16.22,16.65,16.12,16.64,100340
2025-10-16,16.56,16.61,16.3,16.31,91961
2025-10-17,16.26,16.65,16.03,16.07,122908
2025-10-20,16.19,16.4,16.15,16.27,75858
2025-10-21,16.33,16.53,16.21,16.51,75518
2025-10-22,16.4,16.53,16.37,16.41,52063
2025-10-23,16.48,16.63,16.11,16.6,103325
2025-10-24,16.98,17.09,16.58,16.61,164530
2025-10-27,16.69,16.85,16.63,16.83,129252
2025-10-28,16.74,16.92,16.66,16.68,92275
2025-10-29,16.71,17.04,16.59,16.88,104399
2025-10-30,16.87,17.29,16.65,16.91,187261
2025-10-31,17.08,17.61,17.07,17.42,254691
2025-11-03,17.42,17.61,17.26,17.54,159846
2025-11-04,17.51,17.51,17.15,17.25,129535
2025-11-05,17.01,17.22,16.98,17.1,98646
2025-11-06,17.1,17.15,16.84,16.97,99929
2025-11-07,16.9,16.92,16.71,16.73,81504
2025-11-10,16.62,16.82,16.55,16.65,90606
2025-11-11,16.61,16.66,16.35,16.42,85744
2025-11-12,16.42,16.44,16.13,16.19,76325
2025-11-13,16.15,16.26,16.03,16.25,70027
2025-11-14,16.16,16.35,16.11,16.13,66832
2025-11-17,16.1,16.39,16.05,16.33,77273
2025-11-18,16.28,16.59,16.21,16.47,114736
2025-11-19,16.45,16.5,16.02,16.11,93711
2025-11-20,16.2,16.39,16.04,16.14,76998
2025-11-21,16.05,16.69,15.82,16.39,239035
2025-11-24,16.58,16.88,16.15,16.83,225551
2025-11-25,16.84,17.15,16.79,16.83,200493
2025-11-26,16.74,17.1,16.61,16.63,150945
2025-11-27,16.7,16.7,16.33,16.35,108437
2025-11-28,16.36,16.56,16.26,16.49,89886
2025-12-01,16.4,16.48,16.28,16.35,95898
2025-12-02,16.38,16.38,16.03,16.08,91687
2025-12-03,16.08,16.13,15.47,15.5,153056
2025-12-04,15.45,15.55,15.15,15.15,94359
2025-12-05,15.16,15.51,15.02,15.47,93045
2025-12-08,15.52,15.8,15.46,15.52,86275
2025-12-09,15.42,15.53,15.29,15.3,59177
2025-12-10,15.22,15.35,15.13,15.32,48799
2025-12-11,15.35,15.38,14.91,14.94,93962
2025-12-12,14.91,15.13,14.87,14.96,52795
2025-12-15,14.88,15.08,14.77,14.87,56392
2025-12-16,14.85,15.15,14.59,14.99,109499
2025-12-17,14.99,15.28,14.65,15.26,137808
2025-12-18,15.12,15.24,15.03,15.04,69423
2025-12-19,15.04,15.26,15.02,15.13,68757
2025-12-22,15.12,15.4,15.07,15.19,66033
2025-12-23,15.18,15.19,14.97,15.0,70030
2025-12-24,15.01,15.28,14.98,15.2,60689
2025-12-25,15.19,15.54,15.19,15.47,100341
2025-12-26,15.36,15.55,15.31,15.41,87818
2025-12-29,15.37,15.87,15.31,15.68,136389
2025-12-30,15.53,15.85,15.53,15.6,115408
2025-12-31,15.6,16.05,15.55,15.88,144477
2026-01-05,15.98,15.99,15.61,15.78,121261
2026-01-06,15.78,16.06,15.73,16.06,133652
2026-01-07,16.06,16.29,15.79,15.83,138528
2026-01-08,15.8,16.13,15.73,16.01,116665
2026-01-09,16.5,16.66,16.18,16.61,250611
2026-01-12,16.65,17.46,16.62,17.42,343810
2026-01-13,17.71,17.86,17.01,17.16,360723
2026-01-14,17.03,18.88,17.03,18.05,692238
2026-01-15,17.75,18.04,17.23,17.5,306291
2026-01-16,17.5,17.52,16.76,16.85,254757
2026-01-19,17.16,17.32,16.85,16.89,181907
2026-01-20,17.0,17.05,16.44,16.59,151386
2026-01-21,16.54,16.76,16.44,16.62,109093
2026-01-22,16.8,16.98,16.74,16.83,136100
2026-01-23,16.83,16.96,16.73,16.92,135228
2026-01-26,17.04,17.06,16.33,16.55,147012
2026-01-27,16.43,16.66,16.21,16.47,104088
2026-01-28,16.52,16.71,16.3,16.37,96990
2026-01-29,16.27,16.72,16.05,16.34,137140
2026-01-30,16.39,16.5,15.93,16.03,115449
2026-02-02,15.93,16.4,15.71,15.73,112725
2026-02-03,15.96,16.07,15.84,16.03,82550
2026-02-04,15.98,16.0,15.68,15.87,92347
2026-02-05,15.71,15.97,15.71,15.74,72429
2026-02-06,15.78,16.0,15.6,15.75,87307
2026-02-09,15.95,16.14,15.9,16.13,97241
2026-02-10,16.15,16.45,16.1,16.36,131630
2026-02-11,16.26,16.31,16.09,16.1,82913
2026-02-12,16.09,16.14,15.88,16.03,80386
2026-02-13,16.05,16.32,16.0,16.0,94431
2026-02-24,16.07,16.15,15.7,15.76,98457
2026-02-25,15.76,15.94,15.71,15.87,67508
2026-02-26,15.99,16.07,15.74,15.79,80675
2026-02-27,15.78,16.05,15.71,15.97,95126
2026-03-02,15.71,15.73,15.04,15.07,188445
2026-03-03,15.12,15.29,14.57,14.58,124118
2026-03-04,14.5,14.65,14.18,14.22,103355
2026-03-05,14.5,14.69,14.43,14.55,90712
2026-03-06,14.53,14.85,14.52,14.85,71773
2026-03-09,14.66,15.06,14.52,14.99,92699
2026-03-10,15.15,15.3,14.94,15.05,78631
2026-03-11,15.09,15.12,14.86,14.89,60835
2026-03-12,14.8,15.08,14.79,14.93,53828
2026-03-13,14.84,14.89,14.44,14.48,72798
2026-03-16,14.75,14.92,14.66,14.82,80222
2026-03-17,14.8,14.88,14.53,14.53,67033
2026-03-18,14.56,14.68,14.47,14.67,46094
2026-03-19,14.47,14.64,14.4,14.46,56422
2026-03-20,14.5,14.61,13.85,13.87,96864
2026-03-23,13.51,13.63,12.97,13.05,115936
2026-03-24,13.34,13.56,13.12,13.54,85865
2026-03-25,13.56,13.73,13.55,13.64,68169
2026-03-26,13.65,13.72,13.29,13.31,59375
2026-03-27,13.14,13.44,13.12,13.38,50598
2026-03-30,13.2,13.44,13.07,13.4,58602
2026-03-31,13.43,13.56,13.19,13.21,55447
2026-04-01,13.4,13.48,13.34,13.43,52083
2026-04-02,13.35,13.45,12.97,13.02,65169
2026-04-03,13.13,13.69,12.97,13.03,80234
2026-04-07,12.82,13.33,12.82,13.24,85257
2026-04-08,13.45,13.68,13.38,13.68,111930
2026-04-09,13.53,13.63,13.26,13.27,82128
2026-04-10,13.33,13.7,13.33,13.55,103831
2026-04-13,13.42,13.52,13.32,13.45,63220
2026-04-14,13.53,13.6,13.39,13.57,61698
2026-04-15,13.65,13.75,13.51,13.58,79846
2026-04-16,13.6,13.71,13.54,13.7,76569
2026-04-17,13.7,13.7,13.51,13.63,51952
2026-04-20,13.66,13.69,13.56,13.65,51816
2026-04-21,13.59,13.64,13.3,13.38,72997
2026-04-22,13.3,13.55,13.23,13.55,69153
2026-04-23,13.55,13.79,13.4,13.48,100415
2026-04-24,13.34,13.44,13.15,13.35,72247
2026-04-27,13.36,13.36,13.07,13.21,70566
2026-04-28,13.1,13.18,12.66,12.75,111393
2026-04-29,12.7,13.08,12.68,13.01,72608
