Date,Open,High,Low,Close,Volume
2015-06-01,42.61,46.6,42.6,45.5,217437
2015-06-02,45.5,47.39,44.68,47.11,222392
2015-06-03,47.6,51.57,47.16,49.38,308379
2015-06-04,49.0,49.25,44.69,48.69,216935
2015-06-05,49.2,50.5,47.0,47.98,221027
2015-06-08,47.3,48.5,45.5,48.36,215597
2015-06-09,48.2,48.2,46.01,46.27,166567
2015-06-10,45.5,46.49,45.11,46.01,145183
2015-06-11,46.5,47.52,45.44,45.84,155793
2015-06-12,45.79,47.16,45.0,46.75,176617
2015-06-15,47.16,47.77,45.5,45.81,166155
2015-06-16,45.4,45.4,43.98,44.66,144723
2015-06-17,44.15,47.58,44.15,47.09,166850
2015-06-18,46.85,48.1,44.41,44.71,129432
2015-06-19,43.68,46.82,43.11,43.39,176486
2015-06-23,43.99,46.65,43.2,46.48,174474
2015-06-24,47.0,48.2,45.88,47.78,238327
2015-06-25,48.16,52.56,47.45,51.01,418482
2015-06-26,49.52,50.0,45.91,45.93,364761
2015-06-29,48.0,48.95,41.42,45.29,315662
2015-06-30,45.39,49.82,41.6,49.82,273774
2015-07-01,49.48,53.77,48.0,48.6,331723
2015-07-02,50.0,51.87,44.5,46.11,350091
2015-07-03,42.52,47.32,41.5,41.5,295689
2015-07-06,45.65,45.65,37.35,40.11,485409
2015-07-07,38.0,39.0,36.1,36.1,141854
2015-07-08,36.1,36.1,36.1,36.1,0
2015-07-09,36.1,36.1,36.1,36.1,0
2015-07-10,36.1,36.1,36.1,36.1,0
2015-07-13,39.71,39.71,39.71,39.71,18734
2015-07-14,43.68,43.68,41.0,42.88,277343
2015-07-15,41.9,42.72,38.7,39.49,186140
2015-07-16,39.49,41.98,37.86,40.33,125643
2015-07-17,40.45,43.15,40.45,42.3,132068
2015-07-20,42.98,44.2,42.24,42.75,110397
2015-07-21,42.2,46.28,41.6,46.04,200427
2015-07-22,46.14,49.18,45.01,47.25,276493
2015-07-23,47.0,48.74,46.04,47.99,246215
2015-07-24,48.0,52.66,48.0,50.75,227732
2015-07-27,49.0,51.88,45.68,45.68,268308
2015-07-28,44.65,47.0,41.45,46.29,247323
2015-07-29,46.8,50.92,46.77,50.92,210142
2015-07-30,50.95,53.67,50.64,51.05,222034
2015-07-31,51.0,52.99,46.85,48.05,346435
2015-08-03,46.5,46.88,43.25,43.25,196506
2015-08-04,43.08,47.0,38.93,46.82,166908
2015-08-05,45.0,46.82,44.6,44.84,114224
2015-08-06,43.2,45.5,43.0,43.93,66684
2015-08-07,44.51,45.93,44.51,45.18,79629
2015-08-10,45.2,49.6,45.19,48.68,144910
2015-08-11,49.0,49.76,48.2,48.96,145556
2015-08-12,48.21,51.33,48.0,49.71,151358
2015-08-13,49.78,53.59,49.13,52.84,210822
2015-08-14,53.76,56.98,53.01,53.44,229217
2015-08-17,52.5,58.78,52.5,58.74,246307
2015-08-18,58.78,59.0,52.87,52.87,252209
2015-08-19,51.0,54.28,47.58,53.53,239290
2015-08-20,52.0,52.48,48.58,48.7,172394
2015-08-21,47.0,50.48,46.5,47.86,170083
2015-08-24,44.79,45.9,43.07,43.07,207383
2015-08-25,39.2,41.9,38.76,38.76,232843
2015-08-26,39.9,41.7,36.61,37.67,205493
2015-08-27,39.5,40.76,37.8,40.67,151234
2015-08-28,41.0,43.33,39.8,43.27,206914
2015-08-31,42.3,42.9,41.0,41.19,117083
2015-09-01,40.8,40.96,37.07,37.11,169845
2015-09-02,35.0,38.59,34.5,38.24,151950
2015-09-07,38.94,40.76,38.27,38.6,77798
2015-09-08,38.3,40.6,37.82,40.56,65809
2015-09-09,41.2,42.95,40.75,41.93,100542
2015-09-10,40.9,41.7,40.77,41.06,67406
2015-09-11,40.77,41.48,40.1,40.8,52453
2015-09-14,40.99,40.99,36.72,39.17,127695
2015-09-15,38.2,38.48,35.25,35.25,70665
2015-09-16,35.35,38.68,34.82,38.49,88598
2015-09-17,38.93,40.4,38.0,38.05,87569
2015-09-18,38.8,39.4,38.34,39.35,54970
2015-09-21,39.3,41.95,38.8,41.86,88464
2015-09-22,41.8,42.15,40.8,40.84,96008
2015-09-23,16.25,17.58,16.05,16.75,105343
2015-09-24,16.2,16.51,15.8,16.18,184699
2015-09-25,16.06,16.16,14.79,14.85,159128
2015-09-28,14.62,15.25,14.42,15.09,81299
2015-09-29,14.71,14.97,14.25,14.32,112874
2015-09-30,14.5,14.85,14.3,14.37,104770
2015-10-08,14.99,15.29,14.74,15.07,163992
2015-10-09,15.0,15.17,14.8,15.09,122918
2015-10-12,15.26,15.98,15.1,15.84,208973
2015-10-13,15.68,16.85,15.52,16.48,234847
2015-10-14,16.4,16.4,15.81,15.88,170191
2015-10-15,15.75,16.36,15.67,16.26,196599
2015-10-16,16.48,17.89,16.45,17.89,541334
2015-10-19,17.89,17.89,17.89,17.89,0
2015-10-20,17.89,17.89,17.89,17.89,0
2015-10-21,17.89,17.89,17.89,17.89,0
2015-10-22,17.89,17.89,17.89,17.89,0
2015-10-23,17.89,17.89,17.89,17.89,0
2015-10-26,17.89,17.89,17.89,17.89,0
2015-10-27,17.89,17.89,17.89,17.89,0
2015-10-28,17.89,17.89,17.89,17.89,0
2015-10-29,17.89,17.89,17.89,17.89,0
2015-10-30,17.89,17.89,17.89,17.89,0
2015-11-02,17.84,18.59,16.19,16.84,502286
2015-11-03,16.95,17.16,16.0,16.41,233204
2015-11-04,16.35,18.05,16.3,18.05,333417
2015-11-05,18.08,19.47,17.88,18.2,659055
2015-11-06,18.01,18.99,17.81,18.76,437278
2015-11-09,18.7,19.49,18.58,18.69,464264
2015-11-10,18.49,19.49,18.15,18.74,343669
2015-11-11,18.6,18.85,18.1,18.53,261335
2015-11-12,18.59,18.65,18.1,18.21,215240
2015-11-13,18.0,18.49,17.81,18.1,195046
2015-11-16,17.7,18.1,17.56,18.09,141592
2015-11-17,18.43,18.98,18.1,18.23,289157
2015-11-18,18.18,18.37,17.5,17.58,172856
2015-11-19,17.82,18.45,17.58,18.35,206770
2015-11-20,18.55,19.99,18.38,19.41,473671
2015-11-23,19.43,20.3,19.2,19.27,368577
2015-11-24,19.28,19.48,18.61,19.2,196942
2015-11-25,19.0,19.3,18.88,19.21,158728
2015-11-26,19.24,19.5,18.6,18.65,217551
2015-11-27,18.55,18.6,17.09,17.3,233268
2015-11-30,17.38,17.96,16.61,17.67,173745
2015-12-01,17.85,18.05,17.5,17.84,116004
2015-12-02,17.71,18.59,17.5,18.44,212053
2015-12-03,18.21,18.79,18.13,18.45,182917
2015-12-04,18.29,18.45,17.8,17.99,129506
2015-12-07,17.91,18.08,17.63,17.99,111777
2015-12-08,17.86,17.9,17.2,17.28,123830
2015-12-09,17.2,17.62,17.08,17.2,93784
2015-12-10,17.2,17.65,17.12,17.2,89809
2015-12-11,17.15,17.29,16.8,17.05,81548
2015-12-14,16.9,17.97,16.82,17.95,136633
2015-12-15,18.31,19.18,18.2,18.23,266901
2015-12-16,18.4,19.11,18.4,19.01,315360
2015-12-17,19.2,19.75,19.03,19.3,288825
2015-12-18,19.36,19.75,18.87,19.01,222458
2015-12-21,19.02,19.95,18.9,19.59,243309
2015-12-22,19.43,19.95,19.2,19.39,210718
2015-12-23,19.3,19.84,19.22,19.42,289164
2015-12-24,19.28,19.3,18.36,18.5,223738
2015-12-25,20.0,20.0,19.31,19.99,418862
2015-12-28,20.46,21.99,20.45,21.31,672363
2015-12-29,21.68,23.44,21.11,23.44,672288
2015-12-30,23.7,24.47,22.58,23.16,693914
2015-12-31,22.88,23.25,22.48,22.77,400601
2016-01-04,22.75,22.91,20.49,20.49,358061
2016-01-05,19.62,22.54,19.3,22.54,649282
2016-01-06,22.06,23.99,21.86,23.06,701251
2016-01-07,22.29,22.29,20.75,20.75,143138
2016-01-08,21.4,22.83,19.85,22.66,632954
2016-01-11,21.79,23.38,21.36,21.93,701246
2016-01-12,21.93,23.12,21.85,22.07,503804
2016-01-13,21.78,21.78,19.86,19.86,612666
2016-01-14,18.23,19.28,17.87,18.97,496197
2016-01-15,18.66,19.78,18.5,18.65,365383
2016-01-18,18.55,19.28,17.8,18.49,321316
2016-01-19,18.3,19.07,18.02,18.99,303873
2016-01-20,19.2,19.52,18.6,18.7,250590
2016-01-21,18.3,18.61,17.71,17.73,239762
2016-01-22,17.85,18.1,17.43,17.84,154968
2016-01-25,18.22,18.27,17.74,17.88,125508
2016-01-26,17.53,17.58,16.09,16.09,216714
2016-01-27,16.09,16.23,14.5,15.37,201466
2016-01-28,15.1,15.68,14.69,14.83,145016
2016-01-29,14.81,16.04,14.71,15.65,156384
2016-02-01,15.43,15.66,14.69,14.94,123167
2016-02-02,15.05,15.6,15.05,15.36,106596
2016-02-03,15.1,15.5,14.89,15.41,94856
2016-02-04,15.55,16.13,15.45,15.98,138466
2016-02-05,15.93,16.17,15.57,15.59,92173
2016-02-15,14.8,15.49,14.8,15.31,70145
2016-02-16,15.47,16.2,15.47,16.08,121968
2016-02-17,16.07,16.65,15.8,16.2,185858
2016-02-18,16.31,16.75,16.05,16.16,161996
2016-02-19,16.2,16.3,16.0,16.15,93170
2016-02-22,16.4,17.3,16.23,17.2,225158
2016-02-23,17.01,17.1,16.37,16.68,174664
2016-02-24,16.54,16.9,16.26,16.68,110224
2016-02-25,16.7,16.71,15.01,15.01,177870
2016-02-26,15.1,15.65,14.86,15.21,124243
2016-02-29,15.1,15.1,13.8,14.36,145999
2016-03-01,14.59,15.04,14.1,14.67,128959
2016-03-02,14.65,15.45,14.45,15.44,169930
2016-03-03,15.43,15.71,15.21,15.45,141022
2016-03-04,15.45,15.8,15.01,15.53,202048
2016-03-07,15.6,15.84,15.37,15.58,122213
2016-03-08,15.5,15.58,14.7,15.57,107508
2016-03-09,15.18,15.31,14.9,15.28,86253
2016-03-10,15.2,15.32,14.46,14.53,82073
2016-03-11,14.31,14.9,14.26,14.69,71716
2016-03-14,14.9,15.38,14.9,15.19,94924
2016-03-15,15.2,15.64,15.16,15.34,104877
2016-03-16,15.45,15.56,15.23,15.34,121835
2016-03-17,15.47,15.8,15.33,15.74,141788
2016-03-18,15.73,16.48,15.73,16.14,184418
2016-03-21,16.62,17.7,16.4,17.27,311145
2016-03-22,17.0,17.07,16.68,16.75,178817
2016-03-23,16.75,16.95,16.38,16.89,133236
2016-03-24,16.7,16.71,16.25,16.27,122501
2016-03-25,16.36,16.65,16.27,16.44,82793
2016-03-28,16.44,16.72,16.25,16.29,88632
2016-03-29,16.27,16.51,15.9,16.14,107384
2016-03-30,16.38,16.95,16.24,16.74,134346
2016-03-31,16.79,16.96,16.58,16.77,122240
2016-04-01,16.63,16.75,16.22,16.57,98092
2016-04-05,16.58,17.05,16.48,16.85,155301
2016-04-06,16.82,17.07,16.69,16.91,120916
2016-04-07,17.15,17.67,16.7,16.77,243812
2016-04-08,16.5,16.64,16.32,16.58,112640
2016-04-11,16.99,17.31,16.8,16.83,154885
2016-04-12,17.0,17.05,16.66,17.0,118313
2016-04-13,16.66,17.07,16.6,16.76,208811
2016-04-14,16.85,16.95,16.49,16.64,148657
2016-04-15,16.67,16.75,16.47,16.53,101313
2016-04-18,16.78,17.15,16.55,16.64,205517
2016-04-19,16.89,17.15,16.73,16.93,176998
2016-04-20,16.97,17.09,15.87,16.64,224727
2016-04-21,16.35,16.59,16.08,16.13,114730
2016-04-22,16.12,16.39,16.07,16.25,55250
2016-04-25,16.35,16.52,16.0,16.3,85929
2016-04-26,16.31,16.48,16.13,16.32,66867
2016-04-27,16.39,16.4,16.11,16.17,58522
2016-04-28,16.16,16.26,15.81,16.05,76868
2016-04-29,16.05,16.14,15.81,15.88,69769
2016-05-03,16.0,16.74,15.91,16.51,195297
2016-05-04,16.68,16.7,16.37,16.46,103926
2016-05-05,16.47,16.57,16.31,16.46,74923
2016-05-06,16.51,16.56,15.93,15.95,117594
2016-05-09,15.85,16.0,15.11,15.76,121168
2016-05-10,15.62,15.85,15.47,15.81,62129
2016-05-11,15.87,15.94,15.51,15.59,56803
2016-05-12,15.57,15.7,15.18,15.63,58503
2016-05-13,15.63,15.85,15.49,15.65,44255
2016-05-16,15.63,15.79,15.38,15.72,51356
2016-05-17,15.8,16.0,15.54,15.84,71842
2016-05-18,15.66,15.85,15.4,15.75,85572
2016-05-19,15.6,16.15,15.59,15.8,80857
2016-05-20,15.57,15.93,15.51,15.91,45954
2016-05-23,15.9,16.18,15.88,16.16,73951
2016-05-24,16.18,16.31,15.82,16.21,87432
2016-05-25,16.28,16.35,16.03,16.06,53702
2016-05-26,16.05,16.14,15.48,15.93,61880
2016-05-27,15.92,16.03,15.81,15.91,46054
2016-05-30,15.81,15.98,15.63,15.88,48459
2016-05-31,15.88,16.89,15.87,16.78,233048
2016-06-01,16.83,16.86,16.6,16.61,123750
2016-06-02,16.52,16.72,16.5,16.63,82521
2016-06-03,16.61,16.78,16.55,16.58,110316
2016-06-06,16.61,16.7,16.5,16.59,78056
2016-06-07,16.59,16.68,16.54,16.6,75338
2016-06-08,16.66,16.66,16.31,16.59,131406
2016-06-13,16.49,16.49,15.6,15.64,98471
2016-06-14,15.77,16.06,15.68,15.87,79102
2016-06-15,15.7,16.3,15.7,16.13,66511
2016-06-16,16.47,16.87,16.36,16.4,129737
2016-06-17,16.31,16.76,16.22,16.47,80217
2016-06-20,16.5,16.53,16.22,16.29,57838
2016-06-21,16.36,16.89,16.35,16.43,107587
2016-06-22,16.3,16.6,16.22,16.57,59703
2016-06-23,16.52,16.6,16.15,16.3,74562
2016-06-24,16.3,16.46,15.68,15.94,111014
2016-06-27,15.89,16.2,15.8,16.18,63000
2016-06-28,16.12,16.34,15.97,16.29,104577
2016-06-29,16.33,17.92,16.28,17.13,279593
2016-06-30,16.94,17.08,16.69,16.87,115965
2016-07-01,16.87,17.17,16.81,17.07,99887
2016-07-04,16.9,17.92,16.85,17.56,213249
2016-07-05,17.52,17.79,17.51,17.64,112874
2016-07-06,17.68,17.68,17.33,17.58,88230
2016-07-07,17.5,17.59,17.17,17.4,103311
2016-07-08,17.66,17.92,17.39,17.52,132988
2016-07-11,17.5,17.78,17.43,17.46,112381
2016-07-12,17.44,18.28,17.41,18.17,221641
2016-07-13,18.25,18.8,18.22,18.37,218855
2016-07-14,18.24,18.45,18.03,18.3,95130
2016-07-15,18.28,18.76,18.25,18.37,110660
2016-07-18,18.34,18.78,18.23,18.44,109777
2016-07-19,18.35,18.47,17.78,17.91,158697
2016-07-20,18.01,18.01,17.6,17.78,85008
2016-07-21,17.8,18.15,17.8,17.97,81403
2016-07-22,17.92,17.99,17.6,17.68,83247
2016-07-25,17.71,18.07,17.61,17.91,74589
2016-07-26,17.91,18.3,17.78,18.29,100266
2016-07-27,18.3,18.39,17.15,18.01,207954
2016-07-28,18.0,19.81,18.0,19.23,395738
2016-07-29,19.0,20.1,18.81,19.32,400508
2016-08-01,19.1,19.95,18.81,18.89,306724
2016-08-02,18.76,19.91,18.44,19.87,371165
2016-08-03,19.58,20.08,19.45,19.71,271031
2016-08-04,19.6,20.29,19.15,19.73,347708
2016-08-05,19.58,19.88,19.2,19.32,210572
2016-08-08,19.19,19.55,19.01,19.38,131594
2016-08-09,19.39,19.45,19.02,19.36,169104
2016-08-10,19.3,19.35,18.86,18.9,166810
2016-08-11,18.78,19.36,18.78,18.92,156869
2016-08-12,18.95,19.79,18.81,19.67,238814
2016-08-15,19.7,20.86,19.5,20.17,427069
2016-08-16,20.03,20.38,19.71,19.76,292437
2016-08-17,19.72,20.18,19.58,19.89,205876
2016-08-18,19.77,19.98,19.5,19.55,201179
2016-08-19,19.53,19.76,19.41,19.63,109547
2016-08-22,19.53,19.84,19.48,19.55,90191
2016-08-23,19.58,20.1,19.58,20.01,191021
2016-08-24,20.02,20.06,19.74,19.87,98821
2016-08-25,19.8,20.22,19.56,20.19,212495
2016-08-26,20.05,20.22,19.82,19.85,171051
2016-08-29,19.68,20.08,19.68,19.83,107131
2016-08-30,19.83,20.04,19.72,20.0,112818
2016-08-31,20.01,20.36,19.92,20.09,142740
2016-09-01,20.15,20.17,19.83,19.96,97833
2016-09-02,19.97,20.06,19.6,19.78,128491
2016-09-05,19.78,19.98,19.75,19.79,73146
2016-09-06,19.71,19.79,19.21,19.49,148832
2016-09-07,19.65,19.71,19.46,19.5,86713
2016-09-08,19.43,19.48,19.11,19.28,103540
2016-09-09,19.29,19.43,19.18,19.2,62138
2016-09-12,18.88,19.35,18.8,19.33,131981
2016-09-13,19.33,19.36,18.98,19.1,85193
2016-09-14,19.09,19.12,18.52,18.78,107897
2016-09-19,18.85,19.24,18.85,19.2,68810
2016-09-20,19.13,19.35,18.97,19.01,97432
2016-09-21,19.07,19.5,19.0,19.28,81814
2016-09-22,19.45,19.56,19.32,19.47,81079
2016-09-23,19.47,19.55,19.37,19.48,50726
2016-09-26,19.4,19.6,19.25,19.34,78442
2016-09-27,19.2,19.68,19.1,19.56,100705
2016-09-28,19.65,20.77,19.52,20.0,210660
2016-09-29,19.85,20.12,19.8,19.98,92761
2016-09-30,19.93,20.25,19.89,19.97,88983
2016-10-10,20.08,20.25,19.85,20.2,118340
2016-10-11,20.28,21.09,20.27,20.81,305859
2016-10-12,20.6,20.69,20.4,20.52,137077
2016-10-13,20.45,21.41,20.4,20.85,258245
2016-10-14,20.88,20.88,20.33,20.65,149788
2016-10-17,20.65,20.76,20.28,20.37,113021
2016-10-18,20.25,20.64,20.25,20.56,90891
2016-10-19,20.59,20.63,20.33,20.37,78341
2016-10-20,20.4,20.8,20.4,20.72,83940
2016-10-21,21.37,21.59,20.9,20.96,209582
2016-10-24,20.9,21.38,20.82,21.07,187830
2016-10-25,21.1,21.39,20.9,21.17,129016
2016-10-26,21.17,22.01,21.1,21.78,273234
2016-10-27,21.79,22.56,21.57,22.42,247786
2016-10-28,22.43,22.65,22.02,22.12,234341
2016-10-31,22.07,23.05,22.0,22.98,219756
2016-11-01,23.0,23.25,22.6,23.07,180335
2016-11-02,22.9,22.98,22.15,22.25,240734
2016-11-03,22.29,22.9,22.21,22.55,184864
2016-11-04,22.48,22.66,21.92,22.14,171800
2016-11-07,22.18,22.55,21.95,22.31,118170
2016-11-08,22.47,23.19,22.01,22.89,249472
2016-11-09,22.8,23.26,22.44,22.91,184463
2016-11-10,23.05,23.8,23.05,23.48,201474
2016-11-11,23.46,23.68,23.11,23.5,161487
2016-11-14,23.36,23.58,22.75,22.94,234557
2016-11-15,22.84,23.13,22.8,23.05,72575
2016-11-16,23.15,23.17,22.85,23.0,78482
2016-11-17,22.95,23.15,22.81,23.1,85839
2016-11-18,23.11,23.16,22.83,22.95,64936
2016-11-21,22.9,23.45,22.45,22.67,229265
2016-11-22,22.71,22.75,22.3,22.5,161117
2016-11-23,22.7,22.77,22.44,22.53,117155
2016-11-24,22.48,22.78,22.28,22.53,111457
2016-11-25,22.45,23.37,22.45,23.16,183756
2016-11-28,23.35,23.35,22.8,22.99,144762
2016-11-29,22.98,23.05,22.63,23.0,134425
2016-11-30,22.92,23.65,22.88,23.4,206333
2016-12-01,23.47,24.09,23.25,23.9,244896
2016-12-02,24.03,24.05,23.15,23.25,195091
2016-12-05,23.02,24.15,22.83,23.57,151950
2016-12-06,23.43,24.55,23.43,24.44,276989
2016-12-07,24.4,24.63,24.11,24.41,167239
2016-12-08,24.51,24.88,24.22,24.36,180390
2016-12-09,24.6,25.27,24.14,24.18,323231
2016-12-12,23.95,23.99,22.78,23.22,302784
2016-12-13,23.16,23.45,23.02,23.2,114509
2016-12-14,23.2,23.43,22.85,22.86,103742
2016-12-15,22.82,23.1,22.62,22.87,97186
2016-12-16,22.89,23.05,22.72,22.91,54248
2016-12-19,22.97,23.49,22.85,23.47,90601
2016-12-20,23.46,23.99,23.27,23.54,105313
2016-12-21,23.53,23.95,23.32,23.5,83621
2016-12-22,23.42,23.87,23.38,23.79,72073
2016-12-23,23.85,23.96,23.54,23.8,57978
2016-12-26,24.2,24.56,23.85,24.3,130052
2016-12-27,24.3,24.3,23.87,23.97,105081
2016-12-28,24.0,24.0,23.66,23.78,72884
2016-12-29,23.53,23.69,23.05,23.39,120430
2016-12-30,23.3,23.64,23.25,23.62,52599
2017-01-03,23.63,23.96,23.63,23.87,67994
2017-01-04,23.85,24.05,23.81,24.0,111585
2017-01-05,23.94,24.01,23.8,23.83,53695
2017-01-06,23.88,24.22,23.7,24.0,99104
2017-01-09,23.91,24.02,23.81,23.92,70506
2017-01-10,23.91,24.0,23.82,23.96,43683
2017-01-11,23.96,23.99,23.17,23.19,109027
2017-01-12,23.02,23.65,23.02,23.51,66288
2017-01-13,23.4,23.75,23.35,23.65,57799
2017-01-16,23.8,24.1,23.39,23.97,163810
2017-01-17,23.89,23.96,23.43,23.72,75977
2017-01-18,23.75,24.0,23.27,23.29,108078
2017-01-19,23.01,23.05,22.01,22.59,120354
2017-01-20,22.63,23.13,22.58,23.12,66113
2017-01-23,23.01,23.56,23.0,23.35,54840
2017-01-24,23.35,23.8,23.35,23.4,79673
2017-01-25,24.0,25.37,23.81,24.91,428922
2017-01-26,25.01,26.0,24.86,25.23,336928
2017-02-03,25.41,26.6,25.41,26.09,413432
2017-02-06,26.21,26.39,25.61,26.2,261103
2017-02-07,26.08,26.55,26.01,26.19,221817
2017-02-08,26.08,26.1,25.61,25.94,220480
2017-02-09,25.97,26.88,25.97,26.38,337603
2017-02-10,26.23,26.7,26.09,26.14,214379
2017-02-13,26.2,27.0,26.0,26.99,320707
2017-02-14,27.1,27.54,26.92,27.26,275171
2017-02-15,27.1,27.25,25.7,26.12,400464
2017-02-16,26.1,26.47,25.86,26.09,221802
2017-02-17,26.19,26.21,25.83,25.91,144738
2017-02-20,25.94,26.09,25.5,26.03,168841
2017-02-21,26.07,26.86,25.97,26.72,276938
2017-02-22,26.55,26.59,26.18,26.4,181064
2017-02-23,26.37,26.55,26.14,26.41,119694
2017-02-24,26.38,26.43,25.86,26.01,152602
2017-02-27,26.7,26.95,25.8,26.33,264542
2017-02-28,26.2,26.58,26.05,26.44,154072
2017-03-01,26.48,27.36,26.28,27.16,382718
2017-03-02,27.14,27.2,26.52,26.6,253273
2017-03-03,26.3,28.2,26.2,27.81,649976
2017-03-06,12.5,12.57,12.0,12.05,666435
2017-03-07,11.6,11.66,11.23,11.29,1248211
2017-03-08,11.32,11.45,11.27,11.39,570493
2017-03-09,11.31,11.4,11.12,11.31,459159
2017-03-10,11.24,12.21,11.21,11.97,1199932
2017-03-13,11.81,11.88,11.52,11.84,706711
2017-03-14,11.8,12.08,11.72,11.83,616274
2017-03-15,11.71,11.81,11.55,11.61,509541
2017-03-16,11.61,11.83,11.6,11.68,452661
2017-03-17,11.65,11.7,11.45,11.47,467064
2017-03-20,11.42,11.52,11.17,11.33,448840
2017-03-21,11.32,11.35,11.2,11.33,266752
2017-03-22,11.23,11.28,11.12,11.15,353265
2017-03-23,11.13,11.38,11.12,11.25,355077
2017-03-24,11.22,11.34,11.15,11.33,261614
2017-03-27,11.31,11.6,11.25,11.58,487549
2017-03-28,11.58,11.58,11.35,11.41,266932
2017-03-29,11.41,11.48,11.24,11.31,215536
2017-03-30,11.31,11.35,11.15,11.25,250159
2017-03-31,11.27,11.38,11.23,11.34,168162
2017-04-05,11.32,11.52,11.25,11.5,280693
2017-04-06,11.52,11.63,11.4,11.45,275190
2017-04-07,11.42,11.5,11.33,11.35,232049
2017-04-10,11.35,11.38,11.19,11.24,248655
2017-04-11,11.23,11.32,11.11,11.26,227993
2017-04-12,11.2,11.28,11.15,11.22,183278
2017-04-13,11.2,11.34,11.16,11.27,188120
2017-04-14,11.24,11.35,11.18,11.2,163038
2017-04-17,11.29,11.29,11.13,11.23,168117
2017-04-18,11.21,11.27,11.15,11.16,131010
2017-04-19,11.17,11.22,11.11,11.18,184243
2017-04-20,11.14,11.31,11.14,11.27,163013
2017-04-21,11.27,11.3,11.2,11.29,135015
2017-04-24,11.29,11.43,11.07,11.42,353907
2017-04-25,11.49,11.56,11.33,11.35,233299
2017-04-26,11.32,11.46,11.3,11.36,176776
2017-04-27,11.39,11.52,11.25,11.45,240841
2017-04-28,11.43,11.49,11.37,11.46,154275
2017-05-02,11.47,11.47,11.31,11.34,144701
2017-05-03,11.35,11.41,11.18,11.25,183791
2017-05-04,11.24,11.27,11.17,11.24,116504
2017-05-05,11.21,11.27,11.13,11.24,165200
2017-05-08,11.23,11.36,11.17,11.33,183205
2017-05-09,11.28,11.29,11.16,11.2,148499
2017-05-10,11.22,11.26,11.11,11.16,159671
2017-05-11,11.1,11.11,10.04,10.38,612253
2017-05-12,10.33,10.4,10.21,10.3,155508
2017-05-15,10.32,10.59,10.32,10.49,169222
2017-05-16,10.43,10.55,10.29,10.52,141429
2017-05-17,10.55,10.84,10.5,10.68,181090
2017-05-18,10.58,10.7,10.5,10.57,119504
2017-05-19,10.58,10.68,10.52,10.59,68472
2017-05-22,10.57,10.57,10.24,10.5,153598
2017-05-23,10.33,10.53,10.28,10.49,143976
2017-05-24,10.42,10.44,10.27,10.37,150581
2017-05-25,10.35,10.58,10.21,10.47,196487
2017-05-26,10.47,10.76,10.42,10.58,186087
2017-05-31,10.68,10.88,10.63,10.71,167672
2017-06-01,10.75,10.86,10.67,10.85,184454
2017-06-02,10.85,10.96,10.69,10.79,191996
2017-06-05,10.8,10.87,10.71,10.75,91381
2017-06-06,10.7,10.81,10.65,10.79,84940
2017-06-07,10.8,10.97,10.76,10.95,127941
2017-06-08,10.93,11.04,10.9,10.91,108216
2017-06-09,10.95,11.07,10.94,10.99,121135
2017-06-12,10.99,10.99,10.76,10.83,128910
2017-06-13,10.81,10.9,10.75,10.87,104550
2017-06-14,10.87,10.9,10.78,10.87,85754
2017-06-15,10.85,11.09,10.84,11.07,141590
2017-06-16,11.04,11.2,11.02,11.09,124085
2017-06-19,11.14,11.18,11.06,11.11,90647
2017-06-20,11.15,11.57,11.12,11.43,317429
2017-06-21,11.6,11.76,11.51,11.61,341233
2017-06-22,11.65,12.47,11.54,12.14,661161
2017-06-23,12.12,12.42,11.92,12.31,505787
2017-06-26,12.4,13.54,12.35,13.54,954223
2017-06-27,13.63,13.72,13.15,13.4,784657
2017-06-28,13.22,14.18,13.18,13.67,936086
2017-06-29,13.63,13.94,13.42,13.84,542750
2017-06-30,13.75,13.81,13.51,13.59,431406
2017-07-03,13.43,13.8,13.25,13.6,482978
2017-07-04,13.53,13.75,13.3,13.74,484790
2017-07-05,13.65,14.35,13.53,14.31,736054
2017-07-06,14.21,14.49,14.06,14.23,607628
2017-07-07,14.17,14.38,13.99,14.06,482278
2017-07-10,13.99,13.99,13.24,13.27,751791
2017-07-11,13.27,13.62,13.18,13.36,386968
2017-07-12,13.4,13.46,13.12,13.31,359401
2017-07-13,13.36,14.4,13.32,14.35,793588
2017-07-14,14.3,14.34,14.03,14.24,570156
2017-07-17,14.15,15.0,13.8,14.36,933730
2017-07-18,14.16,14.9,14.1,14.8,671854
2017-07-19,14.7,15.13,14.51,15.09,724228
2017-07-20,15.0,15.29,14.8,14.83,644227
2017-07-21,14.6,14.74,14.41,14.46,513697
2017-07-24,14.4,15.09,14.32,14.73,537039
2017-07-25,14.61,14.95,14.28,14.48,416549
2017-07-26,14.4,14.48,13.91,14.19,491375
2017-07-27,14.18,14.18,13.72,14.04,385806
2017-07-28,13.95,14.39,13.93,14.07,263873
2017-07-31,14.05,14.45,13.86,14.39,379742
2017-08-01,14.38,14.58,14.11,14.33,344965
2017-08-02,14.39,14.9,14.3,14.78,605623
2017-08-03,14.76,14.76,14.35,14.45,341170
2017-08-04,14.4,14.5,14.0,14.01,330493
2017-08-07,13.91,14.16,13.7,14.02,231458
2017-08-08,14.0,14.27,13.88,14.13,180013
2017-08-09,14.05,14.23,13.92,13.93,153897
2017-08-10,13.93,14.11,13.8,14.0,191457
2017-08-11,13.88,14.08,13.7,14.0,271986
2017-08-14,14.03,14.25,13.92,14.21,182373
2017-08-15,14.27,14.71,14.21,14.57,391423
2017-08-16,13.7,13.9,13.21,13.33,1014676
2017-08-17,13.2,13.5,13.16,13.39,277210
2017-08-18,13.3,13.5,13.24,13.41,244869
2017-08-21,13.45,13.47,13.34,13.37,217475
2017-08-22,13.39,13.4,13.23,13.28,193612
2017-08-23,13.28,13.33,13.22,13.26,130722
2017-08-24,13.26,13.33,12.43,12.51,544783
2017-08-25,12.5,12.7,12.43,12.66,252571
2017-08-28,12.67,13.09,12.53,13.02,398399
2017-08-29,13.03,13.06,12.8,12.82,214171
2017-08-30,12.83,13.07,12.76,12.84,181418
2017-08-31,12.81,13.02,12.8,12.91,189338
2017-09-01,12.89,12.94,12.67,12.75,222552
2017-09-04,12.71,12.71,12.48,12.53,233816
2017-09-05,12.57,12.83,12.5,12.82,209907
2017-09-06,12.82,13.03,12.63,12.92,240686
2017-09-07,12.92,13.06,12.83,12.88,161778
2017-09-08,12.88,13.11,12.85,13.1,211666
2017-09-11,13.18,13.38,13.04,13.1,229192
2017-09-12,13.25,13.25,12.81,12.85,233300
2017-09-13,12.83,12.83,12.61,12.7,135805
2017-09-14,12.71,12.82,12.58,12.65,129177
2017-09-15,12.68,12.75,12.63,12.74,98552
2017-09-18,12.74,12.82,12.65,12.69,122586
2017-09-19,12.65,12.69,12.33,12.4,332577
2017-09-20,12.41,12.45,12.2,12.31,220632
2017-09-21,12.31,12.43,12.21,12.41,169882
2017-09-22,12.34,12.51,12.27,12.49,132283
2017-09-25,12.4,12.64,12.26,12.61,201370
2017-09-26,12.56,12.68,12.47,12.57,102441
2017-09-27,12.57,12.65,12.53,12.54,72590
2017-09-28,12.53,12.54,12.31,12.41,109821
2017-09-29,12.42,12.68,12.38,12.65,151753
2017-10-09,12.97,13.05,12.68,12.79,301469
2017-10-10,12.77,13.16,12.73,13.14,289502
2017-10-11,13.18,13.22,13.0,13.06,172729
2017-10-12,13.07,13.22,12.85,13.12,198618
2017-10-13,13.37,13.67,13.36,13.39,322829
2017-10-16,13.4,13.54,13.25,13.48,284562
2017-10-17,13.59,14.15,13.58,14.04,549953
2017-10-18,14.08,14.29,13.92,14.23,474805
2017-10-19,14.3,14.35,13.88,14.22,468707
2017-10-20,14.08,14.13,13.81,13.93,290679
2017-10-23,13.87,13.94,13.71,13.91,218895
2017-10-24,13.85,14.17,13.79,14.12,320598
2017-10-25,14.12,14.14,13.9,14.02,245128
2017-10-26,14.03,14.55,13.92,14.33,511943
2017-10-27,14.31,14.38,14.13,14.21,276159
2017-10-30,14.21,14.29,13.57,13.98,347714
2017-10-31,13.9,13.99,13.73,13.9,186098
2017-11-01,13.93,14.17,13.82,13.86,227993
2017-11-02,13.75,13.94,13.61,13.88,270183
2017-11-03,13.81,13.97,13.65,13.94,269218
2017-11-06,13.89,14.34,13.74,14.25,355110
2017-11-07,14.31,14.49,14.1,14.4,329272
2017-11-08,14.45,14.46,14.1,14.17,310391
2017-11-09,14.15,14.19,13.83,13.96,255713
2017-11-10,13.92,14.23,13.85,14.19,271884
2017-11-13,14.16,14.38,13.97,14.0,250553
2017-11-14,13.99,14.38,13.82,14.36,355293
2017-11-15,14.31,14.46,14.14,14.36,333428
2017-11-16,14.3,14.42,14.09,14.25,235862
2017-11-17,14.33,15.17,14.07,14.92,822184
2017-11-20,14.76,15.15,13.46,13.99,760879
2017-11-21,13.65,14.36,13.52,13.91,472176
2017-11-22,13.82,14.02,13.7,13.73,306959
2017-11-23,13.68,14.01,13.51,13.6,324685
2017-11-24,13.59,13.74,13.41,13.63,184512
2017-11-27,13.61,13.78,13.44,13.65,187336
2017-11-28,13.65,13.82,13.46,13.76,166183
2017-11-29,13.71,13.85,13.55,13.72,134849
2017-11-30,13.7,13.84,13.61,13.72,110900
2017-12-01,13.74,13.78,13.6,13.73,110728
2017-12-04,13.74,13.74,13.55,13.68,139905
2017-12-05,13.68,14.09,13.64,14.02,334416
2017-12-06,13.91,14.07,13.86,13.97,128993
2017-12-07,13.95,14.18,13.89,13.96,118053
2017-12-08,13.92,14.04,13.86,13.95,82660
2017-12-11,13.93,13.96,13.84,13.87,96519
2017-12-12,13.87,13.94,13.41,13.51,171099
2017-12-13,13.49,13.65,13.45,13.54,74583
2017-12-14,13.54,13.61,13.29,13.37,109328
2017-12-15,13.4,13.44,13.1,13.16,125149
2017-12-18,13.18,13.33,12.98,13.01,121054
2017-12-19,13.04,13.26,13.0,13.16,81421
2017-12-20,13.2,13.32,13.06,13.23,103948
2017-12-21,13.23,13.25,13.1,13.22,68940
2017-12-22,13.24,13.25,13.15,13.17,40881
2017-12-25,13.16,13.24,12.97,13.22,114793
2017-12-26,13.14,13.23,12.99,13.1,102697
2017-12-27,13.11,13.14,12.98,13.11,110608
2017-12-28,13.07,13.12,12.85,13.03,118947
2017-12-29,13.0,13.28,12.96,13.08,69710
2018-01-02,13.08,13.26,13.07,13.2,93199
2018-01-03,13.21,13.34,13.17,13.3,92309
2018-01-04,13.35,13.35,13.21,13.25,80169
2018-01-05,13.25,13.29,13.14,13.16,82748
2018-01-08,13.16,13.24,13.02,13.12,108187
2018-01-09,13.15,13.44,13.12,13.37,157123
2018-01-10,13.31,13.41,13.18,13.25,95734
2018-01-11,13.23,13.26,13.15,13.18,66275
2018-01-12,13.14,13.24,13.06,13.07,83111
2018-01-15,13.04,13.05,12.85,12.91,157767
2018-01-16,12.91,13.04,12.87,12.93,79284
2018-01-17,12.93,13.49,12.91,13.28,275022
2018-01-18,13.25,13.27,13.11,13.21,134471
2018-01-19,13.25,13.58,13.2,13.44,245919
2018-01-22,13.45,13.45,13.22,13.36,144504
2018-01-23,13.36,13.44,13.3,13.41,101697
2018-01-24,13.46,13.53,13.22,13.51,167597
2018-01-25,13.57,13.57,13.35,13.37,113027
2018-01-26,13.36,13.49,13.28,13.36,101108
2018-01-29,13.35,13.45,12.96,13.0,159012
2018-01-30,12.91,13.11,12.9,12.94,99579
2018-01-31,12.97,12.99,12.82,12.97,85119
2018-02-01,12.9,13.07,11.8,13.06,363497
2018-02-02,12.78,13.0,12.41,12.93,108842
2018-02-05,12.8,12.94,12.54,12.85,123479
2018-02-06,12.61,12.87,12.55,12.85,176814
2018-02-07,12.89,13.08,12.66,12.84,101719
2018-02-08,13.0,13.2,12.83,12.9,163271
2018-02-09,12.5,12.7,12.0,12.67,214312
2018-02-12,12.67,12.69,12.42,12.57,72279
2018-02-13,12.59,12.66,12.41,12.43,93203
2018-02-14,12.44,12.49,12.2,12.24,77529
2018-02-22,12.3,12.39,12.25,12.35,67619
2018-02-23,12.35,12.49,12.31,12.39,66476
2018-02-26,12.48,12.57,12.33,12.52,97105
2018-02-27,12.52,12.68,12.52,12.62,82954
2018-02-28,12.65,12.92,12.47,12.84,113253
2018-03-01,12.81,12.91,12.65,12.83,73080
2018-03-02,12.79,12.86,12.71,12.75,54341
2018-03-05,12.69,12.87,12.63,12.81,46333
2018-03-06,12.88,12.92,12.73,12.83,58579
2018-03-07,12.81,12.86,12.63,12.75,68811
2018-03-08,12.7,12.75,12.55,12.58,73868
2018-03-09,12.62,12.68,12.55,12.61,59455
2018-03-12,12.63,12.88,12.63,12.82,106007
2018-03-13,12.79,13.08,12.78,12.93,131803
2018-03-14,12.98,13.07,12.85,12.95,85377
2018-03-15,12.94,12.96,12.76,12.84,61590
2018-03-16,12.84,12.92,12.71,12.81,58185
2018-03-19,12.8,12.92,12.65,12.77,56384
2018-03-20,12.7,12.73,12.54,12.62,65545
2018-03-21,12.67,12.74,12.58,12.64,58883
2018-03-22,12.6,12.68,12.37,12.43,73542
2018-03-23,12.01,12.2,11.5,11.66,153119
2018-03-26,11.5,11.73,11.25,11.67,109756
2018-03-27,11.88,11.98,11.66,11.76,78684
2018-03-28,11.71,11.73,11.56,11.57,59297
2018-03-29,11.63,11.66,11.41,11.64,81604
2018-03-30,11.65,11.74,11.62,11.73,68206
2018-04-02,11.73,11.84,11.7,11.73,66613
2018-04-03,11.6,11.69,11.51,11.63,71289
2018-04-04,11.64,11.66,11.44,11.45,83456
2018-04-09,11.46,11.55,11.29,11.39,63701
2018-04-10,11.45,11.53,11.41,11.51,79508
2018-04-11,11.55,11.79,11.55,11.73,120741
2018-04-12,11.69,12.38,11.63,12.02,191349
2018-04-13,12.03,12.06,11.8,11.84,111450
2018-04-16,11.76,11.87,11.47,11.5,117966
2018-04-17,11.51,11.57,11.29,11.33,83536
2018-04-18,11.44,11.55,11.23,11.47,65949
2018-04-19,11.46,11.53,11.4,11.44,53989
2018-04-20,11.44,11.44,11.1,11.13,79878
2018-04-23,11.14,11.26,11.12,11.19,41852
2018-04-24,11.21,11.45,11.21,11.37,63519
2018-04-25,11.47,11.68,11.45,11.55,77571
2018-04-26,11.59,11.64,11.48,11.48,65113
2018-04-27,11.5,11.73,11.47,11.66,94708
2018-05-02,11.66,11.75,11.57,11.61,71063
2018-05-03,11.63,11.67,11.38,11.61,83541
2018-05-04,9.26,9.38,9.11,9.22,68650
2018-05-07,9.21,9.27,9.14,9.24,83205
2018-05-08,9.26,9.45,9.26,9.39,98875
2018-05-09,9.37,9.45,9.33,9.38,64913
2018-05-10,9.41,9.43,9.21,9.28,98170
2018-05-11,9.29,9.33,9.22,9.27,72407
2018-05-14,9.24,9.32,9.19,9.23,63764
2018-05-15,9.24,9.27,9.16,9.23,58659
2018-05-16,9.21,9.26,9.16,9.17,66593
2018-05-17,9.19,9.22,9.14,9.14,55019
2018-05-18,9.14,9.18,9.08,9.18,59344
2018-05-21,9.2,9.31,9.2,9.28,78661
2018-05-22,9.27,9.28,9.12,9.18,77340
2018-05-23,9.15,9.16,9.07,9.08,74954
2018-05-24,9.09,9.1,8.68,8.78,172365
2018-05-25,8.79,8.83,8.16,8.36,237119
2018-05-28,8.38,8.43,8.17,8.42,114607
2018-05-29,8.38,8.44,8.31,8.35,62419
2018-05-30,8.19,8.3,8.04,8.25,93465
2018-05-31,8.26,8.34,8.04,8.18,156034
2018-06-01,8.13,8.28,8.04,8.26,107500
2018-06-06,8.12,8.12,8.05,8.08,62728
2018-06-07,8.1,8.13,8.07,8.11,73715
2018-06-08,8.11,8.11,7.86,7.87,131755
2018-06-11,7.8,7.93,7.61,7.89,93264
2018-06-12,7.87,8.03,7.85,8.01,75697
2018-06-13,8.01,8.25,7.95,8.09,109115
2018-06-14,8.07,8.13,7.91,7.96,71998
2018-06-15,7.96,8.04,7.7,7.77,107056
2018-06-19,7.7,7.7,6.99,7.09,186351
2018-06-20,7.1,7.33,7.09,7.25,144893
2018-06-21,7.28,7.74,7.25,7.44,223330
2018-06-22,7.47,7.56,7.3,7.35,143396
2018-06-25,7.37,7.54,7.37,7.38,121717
2018-06-26,7.28,7.31,7.14,7.24,122921
2018-06-27,7.24,7.29,7.1,7.21,89857
2018-06-28,7.24,7.31,7.12,7.2,90395
2018-06-29,7.21,7.28,7.18,7.24,109868
2018-07-02,7.24,7.25,6.98,7.17,111026
2018-07-03,7.16,7.18,7.0,7.16,91070
2018-07-04,7.11,7.34,7.05,7.15,146655
2018-07-05,7.15,7.24,7.02,7.05,111337
2018-07-06,7.04,7.15,6.78,7.05,144238
2018-07-09,7.06,7.17,7.01,7.11,104091
2018-07-10,7.11,7.13,7.0,7.1,94190
2018-07-11,7.0,7.06,6.82,6.93,123198
2018-07-12,6.89,7.06,6.88,7.03,126514
2018-07-13,7.04,7.04,6.91,6.93,87378
2018-07-16,6.92,6.94,6.7,6.71,133603
2018-07-17,6.69,6.69,6.13,6.36,277642
2018-07-18,6.37,6.44,6.34,6.35,113330
2018-07-19,6.35,6.55,6.31,6.44,267842
2018-07-20,6.45,7.08,6.32,7.08,505983
2018-07-23,7.39,7.78,7.21,7.54,821488
2018-07-24,7.49,7.75,7.46,7.5,530135
2018-07-25,7.47,7.64,7.45,7.52,314780
2018-07-26,7.48,7.54,7.33,7.43,315146
2018-07-27,7.39,7.63,7.36,7.5,306261
2018-07-30,7.5,7.69,7.43,7.59,371464
2018-07-31,7.6,7.69,7.32,7.53,359347
2018-08-01,7.46,7.55,7.28,7.3,185775
2018-08-02,7.3,7.37,6.96,7.1,226818
2018-08-03,7.05,7.13,6.69,6.71,203714
2018-08-06,6.72,7.17,6.72,6.96,347409
2018-08-07,7.02,7.11,6.86,7.05,302028
2018-08-08,7.02,7.19,6.96,7.01,329610
2018-08-09,7.0,7.11,6.83,6.95,243978
2018-08-10,6.96,6.96,6.76,6.81,204375
2018-08-13,6.73,6.74,6.38,6.69,221197
2018-08-14,6.66,6.73,6.62,6.72,84652
2018-08-15,6.72,6.74,6.47,6.5,136940
2018-08-16,6.41,6.64,6.33,6.46,113234
2018-08-17,6.49,6.55,6.34,6.35,99026
2018-08-20,6.4,6.5,6.29,6.48,108363
2018-08-21,6.47,6.61,6.42,6.56,131298
2018-08-22,6.52,6.54,6.41,6.42,72387
2018-08-23,6.43,6.48,6.31,6.41,78333
2018-08-24,6.4,6.64,6.35,6.52,140373
2018-08-27,5.9,6.16,5.9,6.09,460034
2018-08-28,6.0,6.1,6.0,6.08,219539
2018-08-29,6.05,6.07,5.99,6.06,115241
2018-08-30,6.03,6.06,5.86,5.95,153411
2018-08-31,5.93,5.93,5.46,5.49,297839
2018-09-03,5.5,5.54,5.2,5.3,306181
2018-09-04,5.36,5.49,5.33,5.43,182240
2018-09-05,5.4,5.51,5.3,5.36,160755
2018-09-06,5.36,5.68,5.33,5.43,371768
2018-09-07,5.5,5.51,5.35,5.36,202106
2018-09-10,5.38,5.44,5.29,5.3,171120
2018-09-11,5.29,5.33,4.92,5.03,329777
2018-09-12,5.04,5.22,4.99,5.18,469542
2018-09-13,5.25,5.29,5.12,5.16,204475
2018-09-14,5.22,5.28,5.14,5.16,155934
2018-09-17,5.13,5.13,4.91,5.01,217485
2018-09-18,5.0,5.09,4.94,5.06,171569
2018-09-19,5.06,5.15,5.01,5.09,231924
2018-09-20,5.08,5.13,5.06,5.1,155229
2018-09-21,5.11,5.33,5.03,5.26,281053
2018-09-25,5.2,5.22,5.11,5.15,167731
2018-09-26,5.16,5.34,5.13,5.2,246700
2018-09-27,5.2,5.26,5.11,5.13,153872
2018-09-28,5.15,5.2,5.11,5.18,142983
2018-10-08,4.82,5.45,4.75,5.42,569321
2018-10-09,5.28,5.35,5.15,5.32,298799
2018-10-10,5.26,5.28,5.05,5.08,173674
2018-10-11,4.9,4.97,4.57,4.63,332016
2018-10-12,4.52,4.61,4.25,4.37,275072
2018-10-15,4.42,4.5,4.16,4.18,170904
2018-10-16,4.18,4.24,3.8,3.85,405909
2018-10-17,3.95,3.98,3.78,3.9,222717
2018-10-18,3.88,4.01,3.8,3.86,254420
2018-10-19,3.85,4.25,3.8,4.25,407884
2018-10-22,4.38,4.68,4.3,4.68,378646
2018-10-23,5.15,5.15,4.77,4.93,1689583
2018-10-24,4.77,5.1,4.63,4.85,1308510
2018-10-25,4.65,5.11,4.57,5.06,974515
2018-10-26,4.95,5.06,4.8,4.86,705109
2018-10-29,4.76,4.9,4.69,4.8,356391
2018-10-30,4.81,5.17,4.64,4.99,869618
2018-10-31,4.88,4.93,4.75,4.87,630522
2018-11-01,4.85,5.1,4.81,4.87,731520
2018-11-02,4.95,5.05,4.81,4.97,589724
2018-11-05,5.0,5.34,4.89,5.17,885571
2018-11-06,5.09,5.19,4.97,5.09,602328
2018-11-07,5.1,5.22,5.04,5.1,501874
2018-11-08,5.14,5.17,4.91,4.93,508367
2018-11-09,4.86,4.93,4.81,4.82,325717
2018-11-12,4.83,4.97,4.79,4.96,270469
2018-11-13,4.89,5.46,4.88,5.36,1173046
2018-11-14,5.28,5.53,5.26,5.37,803339
2018-11-15,5.3,5.56,5.3,5.54,577065
2018-11-16,5.5,5.77,5.45,5.52,738592
2018-11-19,5.46,5.67,5.41,5.56,585289
2018-11-20,5.46,5.53,5.28,5.29,409886
2018-11-21,5.22,5.39,5.2,5.37,283610
2018-11-22,5.38,5.41,5.22,5.28,217343
2018-11-23,5.28,5.29,4.87,4.92,411480
2018-11-26,4.87,4.96,4.72,4.76,283355
2018-11-27,4.8,4.91,4.77,4.82,182573
2018-11-28,4.84,4.98,4.69,4.94,250002
2018-11-29,4.96,4.98,4.66,4.69,230015
2018-11-30,4.67,4.94,4.67,4.91,279473
2018-12-03,5.1,5.25,4.97,5.03,329100
2018-12-04,5.0,5.05,4.91,5.01,208729
2018-12-05,4.88,4.96,4.85,4.9,170969
2018-12-06,4.86,4.89,4.76,4.78,175346
2018-12-07,4.8,4.85,4.78,4.79,72662
2018-12-10,4.79,4.79,4.65,4.66,115148
2018-12-11,4.7,4.74,4.64,4.68,128805
2018-12-12,4.69,4.77,4.67,4.69,104466
2018-12-13,4.72,4.79,4.66,4.75,167510
2018-12-14,4.81,5.14,4.77,4.9,545169
2018-12-17,4.81,4.96,4.72,4.94,336632
2018-12-18,4.9,5.08,4.89,5.02,333150
2018-12-19,5.04,5.07,4.85,4.91,211041
2018-12-20,4.93,5.16,4.77,5.03,384339
2018-12-21,4.96,5.02,4.83,4.87,199952
2018-12-24,4.81,4.9,4.65,4.71,264991
2018-12-25,4.64,4.66,4.34,4.48,523083
2018-12-26,4.45,4.48,4.3,4.4,202979
2018-12-27,4.48,4.5,4.26,4.28,219353
2018-12-28,4.3,4.47,4.29,4.37,239248
2019-01-02,4.37,4.45,4.31,4.4,141946
2019-01-03,4.43,4.56,4.35,4.45,250152
2019-01-04,4.4,4.88,4.35,4.74,503507
2019-01-07,4.74,4.78,4.62,4.7,323254
2019-01-08,4.65,4.74,4.59,4.66,215079
2019-01-09,4.64,4.76,4.62,4.63,251131
2019-01-10,4.63,4.64,4.51,4.54,166739
2019-01-11,4.56,4.6,4.5,4.55,100131
2019-01-14,4.57,4.59,4.51,4.54,88074
2019-01-15,4.49,4.63,4.45,4.63,202769
2019-01-16,4.61,4.63,4.51,4.54,163389
2019-01-17,4.55,4.61,4.45,4.49,165568
2019-01-18,4.5,4.65,4.44,4.58,194207
2019-01-21,4.61,4.63,4.55,4.57,138539
2019-01-22,4.54,4.57,4.39,4.41,195863
2019-01-23,4.42,4.45,4.38,4.44,82859
2019-01-24,4.44,4.52,4.42,4.46,132901
2019-01-25,4.46,4.5,4.4,4.44,120260
2019-01-28,4.35,4.36,4.02,4.09,454196
2019-01-29,4.1,4.12,3.93,4.07,219747
2019-01-30,4.06,4.13,4.0,4.07,113276
2019-01-31,3.92,4.05,3.8,4.01,273222
2019-02-01,3.99,4.14,3.99,4.12,127750
2019-02-11,4.15,4.22,4.13,4.21,133259
2019-02-12,4.21,4.31,4.18,4.25,185117
2019-02-13,4.23,4.46,4.23,4.43,433519
2019-02-14,4.42,4.46,4.35,4.39,201089
2019-02-15,4.39,4.52,4.39,4.44,307177
2019-02-18,4.5,4.88,4.49,4.88,436017
2019-02-19,5.37,5.37,5.37,5.37,172536
2019-02-20,5.61,5.91,5.38,5.55,1963915
2019-02-21,5.66,6.11,5.48,6.11,1851816
2019-02-22,6.3,6.72,6.08,6.72,1879528
2019-02-25,7.39,7.39,7.39,7.39,101454
2019-02-26,8.13,8.13,8.06,8.13,2177971
2019-02-27,8.3,8.94,7.88,8.39,5879565
2019-02-28,7.55,7.55,7.55,7.55,267864
2019-03-01,6.8,8.23,6.8,7.64,4917444
2019-03-04,7.27,8.3,7.13,7.78,4599756
2019-03-05,7.5,8.27,7.4,8.01,3605222
2019-03-06,7.87,8.81,7.82,8.81,4715824
2019-03-07,8.95,9.6,8.65,8.85,5079140
2019-03-08,7.97,8.48,7.97,7.97,2881046
2019-03-11,7.66,7.95,7.21,7.72,2220831
2019-03-12,7.72,8.04,7.6,7.87,2266814
2019-03-13,7.75,7.85,7.35,7.53,1842727
2019-03-14,7.37,7.58,7.12,7.31,1312136
2019-03-15,7.42,7.65,7.35,7.46,1485218
2019-03-18,7.46,7.47,6.9,7.41,1403458
2019-03-19,7.3,7.51,7.2,7.31,1126353
2019-03-20,7.2,7.84,7.18,7.75,2098574
2019-03-21,7.6,8.16,7.55,7.72,2860158
2019-03-22,7.55,7.65,7.22,7.35,1559445
2019-03-25,7.17,7.65,7.08,7.27,1188177
2019-03-26,7.37,7.42,6.98,7.03,992368
2019-03-27,7.11,7.13,6.79,6.97,926652
2019-03-28,6.88,7.08,6.74,6.78,760521
2019-03-29,6.82,7.3,6.77,7.23,1497736
2019-04-01,7.24,7.51,7.17,7.35,1429980
2019-04-02,7.36,7.93,7.3,7.53,2124844
2019-04-03,7.39,7.65,7.31,7.59,1354266
2019-04-04,7.6,7.77,7.4,7.43,1111334
2019-04-08,7.43,7.66,7.33,7.47,1076088
2019-04-09,7.4,7.57,7.3,7.4,700415
2019-04-10,7.33,7.38,7.11,7.2,790572
2019-04-11,7.19,7.38,7.02,7.15,719243
2019-04-12,7.07,7.32,7.07,7.27,758331
2019-04-15,7.48,7.55,7.1,7.13,952237
2019-04-16,7.01,7.33,6.92,7.3,803166
2019-04-17,7.29,7.3,7.12,7.15,710956
2019-04-18,7.13,7.21,7.01,7.04,510738
2019-04-19,7.07,7.17,7.02,7.08,404834
2019-04-22,7.13,7.18,6.9,6.91,546477
2019-04-23,6.87,7.13,6.76,7.01,720884
2019-04-24,7.0,7.12,6.87,7.09,545106
2019-04-25,7.1,7.21,6.82,6.84,826722
2019-04-26,6.75,6.77,6.16,6.16,1223231
2019-04-29,6.13,6.13,5.54,5.54,1039346
2019-05-06,5.15,5.35,5.05,5.19,878695
2019-05-07,5.25,5.39,5.19,5.32,695791
2019-05-08,5.16,5.46,5.1,5.35,685018
2019-05-09,5.22,5.46,5.22,5.38,542237
2019-05-10,5.43,5.88,5.24,5.69,1068715
2019-05-13,5.6,5.77,5.59,5.71,575203
2019-05-14,5.63,5.78,5.55,5.65,538629
2019-05-15,5.7,5.82,5.65,5.77,604961
2019-05-16,5.72,5.94,5.71,5.8,509173
2019-05-17,5.79,5.82,5.43,5.52,628100
2019-05-20,5.53,5.63,5.38,5.52,379072
2019-05-21,5.54,5.75,5.44,5.58,658492
2019-05-22,5.57,5.6,5.3,5.32,603537
2019-05-23,5.02,5.34,4.94,5.09,800610
2019-05-24,5.09,5.34,5.09,5.26,648173
2019-05-27,5.26,5.46,5.25,5.41,520897
2019-05-28,5.43,5.53,5.3,5.36,453843
2019-05-29,5.35,5.49,5.27,5.37,507382
2019-05-30,5.33,5.33,5.11,5.18,392860
2019-05-31,5.23,5.35,5.15,5.15,340981
2019-06-03,5.19,5.23,5.02,5.05,385246
2019-06-04,5.05,5.09,4.87,4.91,384221
2019-06-05,4.98,5.04,4.92,4.95,372496
2019-06-06,4.92,4.94,4.71,4.78,410452
2019-06-10,4.66,4.75,4.3,4.31,1134297
2019-06-11,4.19,4.62,4.19,4.6,1114015
2019-06-12,4.57,4.73,4.54,4.58,765997
2019-06-13,4.68,4.7,4.4,4.61,581389
2019-06-14,4.71,4.86,4.56,4.58,801740
2019-06-17,4.52,4.66,4.51,4.59,397887
2019-06-18,4.58,4.65,4.51,4.54,372653
2019-06-19,4.8,4.84,4.54,4.57,677015
2019-06-20,4.53,5.03,4.53,5.03,1556103
2019-06-21,5.16,5.53,5.06,5.53,1976422
2019-06-25,5.25,5.31,4.98,5.18,1991424
2019-06-26,4.98,5.07,4.92,4.96,1065968
2019-06-27,4.99,5.26,4.98,5.1,1243227
2019-06-28,5.04,5.07,4.95,5.05,715225
2019-07-01,5.23,5.32,5.12,5.16,1154258
2019-07-02,5.15,5.25,5.08,5.17,863586
2019-07-03,5.18,5.23,5.07,5.09,659727
2019-07-04,5.1,5.13,4.98,5.03,525011
2019-07-05,4.99,5.06,4.9,5.05,389578
2019-07-08,5.02,5.03,4.62,4.7,783927
2019-07-09,4.71,4.8,4.61,4.76,487659
2019-07-10,4.79,4.83,4.69,4.72,349309
2019-07-11,4.77,4.9,4.74,4.77,447742
2019-07-12,4.79,4.87,4.72,4.82,382918
2019-07-15,4.84,5.03,4.7,4.97,648286
2019-07-16,4.94,5.01,4.9,4.93,400541
2019-07-17,4.9,5.0,4.88,4.93,415170
2019-07-18,4.85,4.87,4.73,4.74,391145
2019-07-19,4.77,4.97,4.76,4.84,440991
2019-07-22,4.85,4.86,4.6,4.66,468170
2019-07-23,4.68,4.73,4.63,4.68,264535
2019-07-24,4.71,4.83,4.7,4.74,354249
2019-07-25,4.73,4.76,4.69,4.73,272555
2019-07-26,4.71,4.72,4.65,4.7,248119
2019-07-29,4.68,4.7,4.59,4.6,303837
2019-07-30,4.64,5.06,4.63,4.87,1215955
2019-07-31,4.8,4.86,4.76,4.8,582261
2019-08-01,4.77,4.87,4.72,4.72,476189
2019-08-02,4.57,4.69,4.53,4.6,506163
2019-08-05,4.58,4.62,4.46,4.49,386746
2019-08-06,4.33,4.49,4.14,4.39,588371
2019-08-07,4.4,4.44,4.3,4.31,272189
2019-08-08,4.41,4.46,4.33,4.35,270658
2019-08-09,4.39,4.4,4.25,4.27,264199
2019-08-12,4.31,4.49,4.31,4.45,403931
2019-08-13,4.36,4.41,4.34,4.37,244413
2019-08-14,4.46,4.49,4.36,4.38,246054
2019-08-15,4.27,4.41,4.23,4.4,260482
2019-08-16,4.39,4.54,4.36,4.44,400880
2019-08-19,4.48,4.78,4.44,4.76,842784
2019-08-20,4.73,4.79,4.61,4.65,622694
2019-08-21,4.63,4.67,4.58,4.59,341597
2019-08-22,4.64,4.67,4.58,4.63,313066
2019-08-23,4.65,4.83,4.61,4.68,692311
2019-08-26,4.53,4.67,4.5,4.62,385701
2019-08-27,4.68,4.79,4.64,4.68,507075
2019-08-28,4.67,4.76,4.66,4.67,329896
2019-08-29,4.7,4.76,4.63,4.72,338585
2019-08-30,4.81,4.86,4.49,4.57,584719
2019-09-02,4.42,4.69,4.42,4.63,626625
2019-09-03,4.66,4.69,4.56,4.67,414045
2019-09-04,4.63,4.85,4.6,4.82,810753
2019-09-05,4.85,5.3,4.85,5.3,2490772
2019-09-06,5.23,5.3,5.07,5.18,1582648
2019-09-09,5.28,5.28,5.08,5.22,1221048
2019-09-10,5.16,5.33,5.11,5.25,1078803
2019-09-11,5.37,5.62,5.27,5.3,1396547
2019-09-12,5.4,5.43,5.18,5.39,901502
2019-09-16,5.34,5.37,5.21,5.25,654627
2019-09-17,5.17,5.22,5.05,5.07,597018
2019-09-18,5.07,5.11,4.97,5.0,426565
2019-09-19,5.01,5.1,4.97,5.09,414238
2019-09-20,5.1,5.1,5.01,5.07,361920
2019-09-23,5.01,5.02,4.9,4.96,324816
2019-09-24,4.96,5.06,4.93,4.94,345761
2019-09-25,4.91,4.95,4.85,4.89,302937
2019-09-26,4.92,4.97,4.82,4.82,350068
2019-09-27,4.81,4.93,4.81,4.9,225107
2019-09-30,4.9,4.91,4.71,4.71,234070
2019-10-08,4.69,4.79,4.64,4.65,235012
2019-10-09,4.62,4.74,4.56,4.71,184029
2019-10-10,4.7,4.74,4.62,4.71,274556
2019-10-11,4.7,4.86,4.61,4.79,423216
2019-10-14,4.78,5.06,4.73,4.87,652544
2019-10-15,4.82,4.82,4.65,4.69,391060
2019-10-16,4.68,4.8,4.65,4.66,281727
2019-10-17,4.65,4.66,4.5,4.52,417499
2019-10-18,4.53,4.56,4.39,4.41,306377
2019-10-21,4.38,4.41,4.27,4.36,227320
2019-10-22,4.38,4.42,4.3,4.4,216687
2019-10-23,4.4,4.41,4.34,4.36,140637
2019-10-24,4.35,4.42,4.32,4.38,206681
2019-10-25,4.37,4.47,4.34,4.46,270793
2019-10-28,4.4,4.56,4.37,4.53,328116
2019-10-29,4.51,4.54,4.39,4.39,272961
2019-10-30,4.38,4.38,4.23,4.28,301004
2019-10-31,4.17,4.26,4.17,4.2,244492
2019-11-01,4.18,4.38,4.17,4.35,374069
2019-11-04,4.35,4.46,4.32,4.33,249127
2019-11-05,4.39,4.52,4.35,4.43,385169
2019-11-06,4.45,4.45,4.31,4.34,210764
2019-11-07,4.34,4.42,4.31,4.32,181627
2019-11-08,4.34,4.43,4.31,4.34,267708
2019-11-11,4.32,4.32,4.21,4.22,202153
2019-11-12,4.2,4.35,4.2,4.35,259307
2019-11-13,4.37,4.37,4.24,4.28,196972
2019-11-14,4.28,4.32,4.23,4.27,150628
2019-11-15,4.25,4.29,4.21,4.21,157721
2019-11-18,4.2,4.27,4.16,4.23,189731
2019-11-19,4.21,4.27,4.18,4.27,243823
2019-11-20,4.26,4.27,4.18,4.18,195701
2019-11-21,4.16,4.2,4.14,4.19,176397
2019-11-22,4.2,4.24,4.1,4.13,259711
2019-11-25,4.13,4.14,4.03,4.08,201079
2019-11-26,4.06,4.1,4.03,4.07,196633
2019-11-27,4.06,4.07,4.02,4.03,127750
2019-11-28,4.0,4.01,3.78,3.81,567042
2019-11-29,3.8,4.04,3.79,3.98,509899
2019-12-02,3.99,4.04,3.91,3.92,281349
2019-12-03,3.87,3.89,3.8,3.89,216097
2019-12-04,3.87,3.94,3.85,3.89,139944
2019-12-05,3.9,4.05,3.89,3.97,326777
2019-12-06,3.96,3.97,3.91,3.95,210169
2019-12-09,3.94,4.01,3.93,3.96,182505
2019-12-10,3.95,3.96,3.86,3.91,188622
2019-12-11,3.91,3.98,3.87,3.92,197193
2019-12-12,3.92,3.94,3.86,3.89,166503
2019-12-13,3.92,4.16,3.91,4.13,782598
2019-12-16,4.12,4.2,4.05,4.18,602907
2019-12-17,4.12,4.6,4.07,4.48,1484235
2019-12-18,4.39,4.52,4.36,4.4,1118467
2019-12-19,4.42,4.46,4.28,4.3,613519
2019-12-20,4.32,4.41,4.25,4.25,627828
2019-12-23,4.2,4.33,4.12,4.12,447961
2019-12-24,4.13,4.16,4.09,4.15,264405
2019-12-25,4.12,4.2,4.09,4.16,309489
2019-12-26,4.16,4.25,4.13,4.24,407309
2019-12-27,4.25,4.66,4.24,4.53,2724259
2019-12-30,4.35,4.62,4.28,4.48,1919124
2019-12-31,4.51,4.53,4.38,4.44,941557
2020-01-02,4.54,4.58,4.43,4.46,1026647
2020-01-03,4.43,4.72,4.38,4.54,1238276
2020-01-06,4.45,4.54,4.4,4.44,861311
2020-01-07,4.45,4.5,4.38,4.46,683725
2020-01-08,4.4,4.43,4.27,4.29,683023
2020-01-09,4.35,4.4,4.3,4.34,409921
2020-01-10,4.38,4.4,4.28,4.31,358440
2020-01-13,4.27,4.38,4.23,4.37,372758
2020-01-14,4.38,4.41,4.28,4.28,457938
2020-01-15,4.29,4.29,4.19,4.23,382697
2020-01-16,4.24,4.25,4.15,4.17,291596
2020-01-17,4.19,4.25,4.16,4.19,312659
2020-01-20,4.19,4.22,4.11,4.19,288823
2020-01-21,4.16,4.17,4.06,4.07,344889
2020-01-22,4.03,4.14,3.95,4.09,343582
2020-01-23,3.68,3.68,3.68,3.68,196674
2020-02-03,3.31,3.31,3.31,3.31,56692
2020-02-04,2.98,2.98,2.98,2.98,220984
2020-02-05,2.85,3.09,2.85,2.98,1752631
2020-02-06,2.93,3.02,2.82,3.01,1469939
2020-02-07,2.94,3.01,2.92,2.97,828995
2020-02-10,2.94,3.07,2.91,3.06,890352
2020-02-11,3.07,3.22,3.01,3.03,1018498
2020-02-12,2.99,3.08,2.95,3.05,799273
2020-02-13,3.05,3.08,2.95,2.95,670913
2020-02-14,2.95,3.25,2.93,3.12,1611270
2020-02-17,3.1,3.24,3.08,3.2,1431590
2020-02-18,3.16,3.22,3.11,3.18,950256
2020-02-19,3.18,3.39,3.14,3.23,1213652
2020-02-20,3.19,3.55,3.15,3.48,1883462
2020-02-21,3.4,3.54,3.35,3.37,1537279
2020-02-24,3.33,3.39,3.26,3.35,984740
2020-02-25,3.25,3.34,3.17,3.29,968650
2020-02-26,3.17,3.34,3.17,3.21,847862
2020-02-27,3.24,3.31,3.19,3.21,606504
2020-02-28,3.1,3.14,2.98,2.99,823241
2020-03-02,3.01,3.12,3.01,3.09,570573
2020-03-03,3.14,3.2,3.07,3.1,594589
2020-03-04,3.08,3.14,3.05,3.14,518303
2020-03-05,3.17,3.3,3.12,3.25,1214943
2020-03-06,3.18,3.2,3.13,3.16,655972
2020-03-09,3.09,3.13,3.03,3.04,569824
2020-03-10,2.97,3.13,2.97,3.1,666163
2020-03-11,3.08,3.12,3.03,3.03,457639
2020-03-12,3.01,3.1,2.99,3.05,458519
2020-03-13,2.9,3.03,2.87,3.0,536785
2020-03-16,2.96,3.05,2.86,2.89,548623
2020-03-17,2.89,2.94,2.61,2.72,796055
2020-03-18,2.72,2.74,2.52,2.53,702123
2020-03-19,2.53,2.53,2.4,2.48,692705
2020-03-20,2.5,2.53,2.39,2.46,545450
2020-03-23,2.39,2.56,2.36,2.5,832675
2020-06-01,2.38,2.38,2.38,2.38,155658
2020-06-02,2.26,2.26,2.26,2.26,41539
2020-06-03,2.15,2.15,2.15,2.15,52833
2020-06-04,2.04,2.04,2.04,2.04,236234
2020-06-05,1.95,2.13,1.95,1.99,1899248
2020-06-08,1.94,1.98,1.89,1.89,1331389
2020-06-09,1.86,1.89,1.8,1.8,983336
2020-06-10,1.77,1.89,1.71,1.89,1374286
2020-06-11,1.88,1.98,1.85,1.95,1148463
2020-06-12,1.9,2.03,1.89,1.92,789039
2020-06-15,1.89,1.95,1.85,1.89,436105
2020-06-16,1.88,1.94,1.88,1.9,361798
2020-06-17,1.89,2.0,1.88,2.0,386565
2020-06-18,2.05,2.1,2.01,2.1,351386
2020-06-19,2.19,2.21,2.08,2.1,1037592
2020-06-22,2.08,2.15,2.0,2.05,633537
2020-06-23,2.03,2.15,2.01,2.15,546512
2020-06-24,2.12,2.25,2.11,2.22,541163
2020-06-29,2.23,2.29,2.2,2.25,430987
2020-06-30,2.23,2.26,2.14,2.18,449657
2020-07-01,2.18,2.25,2.14,2.17,350835
2020-07-02,2.19,2.23,2.15,2.19,341698
2020-07-03,2.19,2.2,2.1,2.13,553651
2020-07-06,2.13,2.18,2.07,2.14,671049
2020-07-07,2.15,2.19,2.12,2.12,614517
2020-07-08,2.11,2.13,2.07,2.11,558341
2020-07-09,2.1,2.22,2.08,2.22,772995
2020-07-10,2.23,2.32,2.21,2.24,800477
2020-07-13,2.24,2.25,2.13,2.18,620457
2020-07-14,2.15,2.18,2.13,2.15,408095
2020-07-15,2.15,2.26,2.11,2.17,536268
2020-07-16,2.15,2.19,2.07,2.07,433228
2020-07-17,2.1,2.12,2.05,2.07,287647
2020-07-20,2.07,2.12,2.05,2.09,250693
2020-07-21,2.08,2.09,2.06,2.08,222864
2020-07-22,2.08,2.12,2.06,2.09,269896
2020-07-23,2.07,2.11,2.05,2.07,257948
2020-07-24,2.07,2.08,1.97,1.97,456593
2020-07-27,1.95,1.96,1.88,1.89,302519
2020-07-28,1.86,1.98,1.86,1.98,177139
2020-07-29,2.01,2.05,1.97,2.03,304806
2020-07-30,2.02,2.03,1.99,1.99,188172
2020-07-31,1.99,2.03,1.99,2.01,163420
2020-08-03,2.03,2.03,1.99,2.02,223425
2020-08-04,2.01,2.02,1.99,2.0,214931
2020-08-05,1.99,2.06,1.99,2.01,245514
2020-08-06,2.0,2.01,1.93,1.98,282182
2020-08-07,1.97,1.98,1.93,1.95,210470
2020-08-10,1.94,1.95,1.91,1.92,173866
2020-08-11,1.91,1.95,1.9,1.91,155075
2020-08-12,1.9,1.92,1.88,1.91,184560
2020-08-13,1.91,1.96,1.9,1.93,189003
2020-08-14,1.93,1.94,1.9,1.92,131370
2020-08-17,1.93,1.94,1.9,1.92,193776
2020-08-18,1.91,1.93,1.9,1.91,178634
2020-08-19,1.91,1.92,1.88,1.89,190861
2020-08-20,1.88,1.9,1.87,1.89,133722
2020-08-21,1.89,1.9,1.87,1.88,138823
2020-08-24,1.87,1.88,1.86,1.86,127364
2020-08-25,1.87,1.95,1.86,1.95,415751
2020-08-26,1.94,1.95,1.87,1.89,297136
2020-08-27,1.88,1.9,1.87,1.88,134310
2020-08-28,1.88,1.89,1.86,1.88,122951
2020-08-31,1.88,1.96,1.88,1.9,212642
2020-09-01,1.9,1.98,1.89,1.95,243815
2020-09-02,1.93,1.95,1.91,1.93,160787
2020-09-03,1.94,2.0,1.92,1.96,221705
2020-09-04,1.94,2.06,1.93,2.05,429780
2020-09-07,2.06,2.15,2.06,2.13,619603
2020-09-08,2.1,2.1,2.02,2.03,454824
2020-09-09,2.02,2.12,2.01,2.06,298689
2020-09-10,2.09,2.09,1.96,1.96,268120
2020-09-11,1.96,2.03,1.96,2.0,130828
2020-09-14,2.0,2.01,1.96,1.97,143632
2020-09-15,1.98,2.03,1.98,2.0,120837
2020-09-16,2.0,2.02,1.98,1.99,116790
2020-09-17,1.99,2.0,1.97,1.97,99914
2020-09-18,2.0,2.03,1.98,2.01,163736
2020-09-21,2.01,2.02,1.97,1.98,132568
2020-09-22,1.96,1.99,1.94,1.95,134467
2020-09-23,1.96,1.97,1.95,1.95,84467
2020-09-24,1.95,1.96,1.9,1.9,177984
2020-09-25,1.9,1.92,1.89,1.9,88578
2020-09-28,1.9,1.92,1.89,1.89,82341
2020-09-29,1.9,1.95,1.87,1.94,119269
2020-09-30,1.96,2.0,1.95,1.99,183518
2020-10-09,2.0,2.01,1.96,1.98,122750
2020-10-12,1.97,1.99,1.97,1.98,142878
2020-10-13,1.97,1.98,1.93,1.94,158983
2020-10-14,1.94,2.0,1.93,1.96,124372
2020-10-15,1.95,1.97,1.93,1.94,86927
2020-10-16,1.96,2.0,1.95,1.98,107584
2020-10-19,1.98,1.98,1.95,1.96,80430
2020-10-20,1.96,1.96,1.92,1.94,105408
2020-10-21,1.93,1.94,1.91,1.92,73902
2020-10-22,1.91,1.93,1.89,1.91,99829
2020-10-23,1.91,1.92,1.89,1.89,70648
2020-10-26,1.9,1.92,1.89,1.9,74708
2020-10-27,1.9,1.9,1.88,1.89,66978
2020-10-28,1.89,1.9,1.86,1.89,117827
2020-10-29,1.89,1.9,1.86,1.87,115454
2020-10-30,1.87,1.92,1.86,1.89,140994
2020-11-02,1.88,1.88,1.8,1.8,276879
2020-11-03,1.73,1.8,1.71,1.79,195650
2020-11-04,1.78,1.78,1.71,1.72,240109
2020-11-05,1.72,1.75,1.71,1.73,190189
2020-11-06,1.73,1.73,1.64,1.64,326743
2020-11-09,1.59,1.61,1.56,1.57,565025
2020-11-10,1.54,1.57,1.53,1.54,219575
2020-11-11,1.53,1.53,1.46,1.46,223782
2020-11-12,1.42,1.53,1.39,1.53,684408
2020-11-13,1.46,1.54,1.45,1.46,371024
2020-11-16,1.44,1.5,1.4,1.47,191319
2020-11-17,1.46,1.5,1.45,1.47,155475
2020-11-18,1.45,1.49,1.45,1.47,122832
2020-11-19,1.45,1.54,1.45,1.54,240296
2020-11-20,1.54,1.61,1.51,1.59,327550
2020-11-23,1.57,1.6,1.53,1.56,209755
2020-11-24,1.56,1.56,1.52,1.54,127396
2020-11-25,1.53,1.59,1.53,1.55,157056
2020-11-26,1.55,1.57,1.51,1.52,128211
2020-11-27,1.51,1.52,1.46,1.48,159356
2020-11-30,1.43,1.5,1.43,1.47,97332
2020-12-01,1.46,1.52,1.45,1.47,193488
2020-12-02,1.47,1.5,1.46,1.48,132415
2020-12-03,1.49,1.55,1.49,1.53,194678
2020-12-04,1.53,1.53,1.5,1.52,115424
2020-12-07,1.52,1.52,1.48,1.49,90860
2020-12-08,1.49,1.49,1.46,1.47,85545
2020-12-09,1.47,1.49,1.45,1.45,102358
2020-12-10,1.45,1.46,1.43,1.45,78908
2020-12-11,1.45,1.45,1.38,1.4,175109
2020-12-14,1.41,1.43,1.33,1.33,249286
2020-12-15,1.28,1.33,1.26,1.26,391098
2020-12-16,1.25,1.26,1.2,1.2,235807
2020-12-17,1.22,1.26,1.21,1.26,142742
2020-12-18,1.32,1.32,1.32,1.32,12757
2020-12-21,1.39,1.39,1.39,1.39,18848
2020-12-22,1.46,1.46,1.43,1.43,194713
2020-12-23,1.5,1.5,1.41,1.45,1001116
2020-12-24,1.43,1.52,1.43,1.52,439904
2020-12-25,1.57,1.6,1.51,1.52,1104225
2020-12-28,1.57,1.6,1.51,1.54,515966
2020-12-29,1.53,1.56,1.46,1.47,379363
2020-12-30,1.46,1.5,1.42,1.45,300429
2020-12-31,1.46,1.52,1.44,1.45,473436
2021-01-04,1.46,1.48,1.43,1.45,318430
2021-01-05,1.45,1.46,1.39,1.41,292702
2021-01-06,1.41,1.43,1.36,1.42,226650
2021-01-07,1.41,1.42,1.37,1.39,196386
2021-01-08,1.38,1.46,1.36,1.46,325129
2021-01-11,1.51,1.53,1.46,1.51,385375
2021-01-12,1.52,1.59,1.5,1.51,730619
2021-01-13,1.49,1.49,1.44,1.47,309478
2021-01-14,1.46,1.54,1.45,1.51,293922
2021-01-15,1.52,1.57,1.51,1.56,241543
2021-01-18,1.55,1.63,1.54,1.55,487774
2021-01-19,1.55,1.56,1.52,1.54,243645
2021-01-20,1.56,1.59,1.52,1.56,187148
2021-01-21,1.56,1.57,1.53,1.54,216556
2021-01-22,1.54,1.55,1.51,1.52,128055
2021-01-25,1.51,1.51,1.47,1.48,175781
2021-01-26,1.48,1.51,1.47,1.49,116628
2021-01-27,1.49,1.5,1.47,1.48,96904
2021-01-28,1.48,1.54,1.47,1.52,213826
2021-01-29,1.51,1.58,1.5,1.55,257126
2021-02-01,1.51,1.59,1.48,1.56,357191
2021-02-02,1.56,1.58,1.54,1.57,177317
2021-02-03,1.56,1.65,1.56,1.65,460907
2021-02-04,1.68,1.73,1.66,1.73,428936
2021-02-05,1.8,1.82,1.76,1.82,596581
2021-02-08,1.9,1.9,1.73,1.81,525540
2021-02-09,1.83,1.9,1.81,1.9,345994
2021-02-10,1.98,2.0,1.94,2.0,186251
2021-02-18,2.1,2.1,1.95,2.05,746832
2021-02-19,2.04,2.11,2.01,2.08,285998
2021-02-22,2.08,2.18,2.07,2.18,483645
2021-02-23,2.18,2.29,2.13,2.29,526185
2021-02-24,2.36,2.4,2.36,2.4,139546
2021-02-25,2.52,2.52,2.28,2.28,1204008
2021-02-26,2.22,2.27,2.17,2.17,466591
2021-03-01,2.1,2.24,2.06,2.16,596417
2021-03-02,2.14,2.27,2.12,2.27,587468
2021-03-03,2.27,2.33,2.22,2.27,422418
2021-03-04,2.27,2.38,2.27,2.38,409502
2021-03-05,2.35,2.5,2.35,2.5,600206
2021-03-08,2.5,2.55,2.38,2.38,672856
2021-03-09,2.31,2.41,2.26,2.26,421433
2021-03-10,2.27,2.37,2.18,2.35,464065
2021-03-11,2.32,2.4,2.3,2.34,275141
2021-03-12,2.33,2.45,2.33,2.39,260466
2021-03-15,2.42,2.43,2.28,2.32,293995
2021-03-16,2.27,2.32,2.24,2.31,273588
2021-03-17,2.31,2.38,2.26,2.35,198181
2021-03-18,2.36,2.4,2.28,2.29,194262
2021-03-19,2.28,2.31,2.21,2.23,273043
2021-03-22,2.2,2.26,2.19,2.23,185609
2021-03-23,2.21,2.34,2.21,2.34,350884
2021-03-24,2.33,2.37,2.28,2.29,234734
2021-03-25,2.31,2.35,2.28,2.29,170384
2021-03-26,2.29,2.38,2.27,2.29,237492
2021-03-29,2.28,2.32,2.24,2.25,191172
2021-03-30,2.23,2.24,2.14,2.14,378485
2021-03-31,2.03,2.09,2.03,2.03,363606
2021-04-01,2.01,2.13,2.01,2.13,358862
2021-04-02,2.12,2.12,2.03,2.06,192136
2021-04-06,2.06,2.11,2.06,2.08,108138
2021-04-07,2.08,2.12,2.07,2.1,120702
2021-04-08,2.1,2.15,2.08,2.1,140680
2021-04-09,2.09,2.1,2.07,2.09,93232
2021-04-12,2.09,2.09,1.99,2.01,257154
2021-04-13,2.0,2.02,1.91,1.91,324952
2021-04-14,1.89,1.99,1.89,1.96,170304
2021-04-15,1.95,2.06,1.92,2.06,252478
2021-04-16,2.05,2.16,2.05,2.16,290143
2021-04-19,2.17,2.2,2.1,2.14,212850
2021-04-20,2.14,2.24,2.13,2.14,214609
2021-04-21,2.12,2.21,2.12,2.19,141158
2021-04-22,2.2,2.22,2.08,2.1,291812
2021-04-23,2.08,2.13,2.04,2.11,199408
2021-04-26,2.11,2.15,2.09,2.11,112246
2021-04-27,2.11,2.12,2.02,2.03,186668
2021-04-28,2.0,2.07,1.99,2.04,119185
2021-04-29,2.04,2.05,1.98,1.98,184727
2021-04-30,2.04,2.08,2.04,2.08,138818
2021-05-06,2.17,2.18,2.04,2.05,267862
2021-05-07,2.05,2.08,2.02,2.05,131760
2021-05-10,2.06,2.13,2.03,2.09,172808
2021-05-11,2.03,2.09,2.03,2.07,129390
2021-05-12,2.06,2.09,2.06,2.08,98028
2021-05-13,2.09,2.16,2.08,2.11,201490
2021-05-14,2.12,2.15,2.09,2.14,227006
2021-05-18,2.25,2.25,2.16,2.25,610160
2021-05-19,2.25,2.36,2.23,2.36,460027
2021-05-20,2.45,2.48,2.41,2.48,463867
2021-05-25,2.58,2.6,2.53,2.6,267382
2021-05-26,2.73,2.73,2.47,2.48,1340384
2021-05-27,2.51,2.56,2.39,2.54,554716
2021-05-28,2.55,2.65,2.52,2.58,420791
2021-05-31,2.52,2.54,2.45,2.45,541140
2021-06-01,2.41,2.5,2.33,2.44,420673
2021-06-02,2.42,2.51,2.42,2.44,244352
2021-06-03,2.42,2.48,2.42,2.45,197610
2021-06-04,2.45,2.57,2.43,2.57,610206
2021-06-07,2.55,2.59,2.51,2.55,448736
2021-06-08,2.56,2.68,2.53,2.68,528164
2021-06-09,2.67,2.73,2.6,2.61,407600
2021-06-10,2.6,2.72,2.59,2.66,287556
2021-06-11,2.65,2.66,2.57,2.61,259689
2021-06-15,2.6,2.62,2.53,2.54,258680
2021-06-16,2.53,2.57,2.48,2.52,208160
2021-06-17,2.53,2.53,2.5,2.51,117669
2021-06-18,2.53,2.64,2.53,2.64,328638
2021-06-21,2.64,2.64,2.56,2.6,235019
2021-06-22,2.6,2.64,2.57,2.62,163143
2021-06-23,2.6,2.62,2.58,2.6,171962
2021-06-24,2.59,2.68,2.58,2.62,220431
2021-06-25,2.61,2.73,2.61,2.68,356552
2021-06-28,2.64,2.66,2.6,2.62,223651
2021-06-29,2.61,2.66,2.6,2.62,185054
2021-06-30,2.63,2.66,2.6,2.62,193910
2021-07-01,2.61,2.64,2.55,2.56,293916
2021-07-02,2.55,2.58,2.51,2.57,166652
2021-07-05,2.59,2.6,2.55,2.57,97683
2021-07-06,2.56,2.57,2.52,2.53,138598
2021-07-07,2.55,2.56,2.5,2.53,150256
2021-07-08,2.51,2.55,2.51,2.55,137618
2021-07-09,2.54,2.56,2.53,2.55,100339
2021-07-12,2.53,2.55,2.52,2.53,152619
2021-07-13,2.53,2.54,2.48,2.48,182786
2021-07-14,2.49,2.5,2.4,2.42,205616
2021-07-15,2.41,2.46,2.37,2.45,193153
2021-07-16,2.49,2.57,2.45,2.53,196627
2021-07-19,0.0,0.0,0.0,2.53,0
2021-07-20,0.0,0.0,0.0,2.53,0
2021-07-21,0.0,0.0,0.0,2.53,0
2021-07-22,0.0,0.0,0.0,2.53,0
2021-07-23,0.0,0.0,0.0,2.53,0
2021-07-26,2.66,2.66,2.66,2.66,6207
2021-07-27,2.79,2.79,2.79,2.79,7916
2021-07-28,2.93,2.93,2.93,2.93,9323
2021-07-29,3.08,3.08,3.08,3.08,11192
2021-07-30,3.23,3.23,3.23,3.23,50878
2021-08-02,3.39,3.39,3.23,3.39,784395
2021-08-03,3.56,3.56,3.49,3.56,374019
2021-08-04,3.74,3.74,3.74,3.74,42242
2021-08-05,3.93,3.93,3.91,3.93,480452
2021-08-06,4.12,4.12,3.73,3.83,1494890
2021-08-09,3.72,3.94,3.64,3.65,814897
2021-08-10,3.59,3.77,3.59,3.73,580484
2021-08-11,3.73,3.75,3.66,3.68,312363
2021-08-12,3.86,3.86,3.82,3.86,159632
2021-08-13,4.05,4.05,3.92,4.05,1041545
2021-08-16,4.04,4.25,3.92,4.25,808172
2021-08-17,4.23,4.46,4.18,4.4,914699
2021-08-18,4.42,4.62,4.32,4.62,677719
2021-08-19,4.76,4.85,4.71,4.85,719755
2021-08-20,4.98,5.09,4.94,5.09,747113
2021-08-23,5.28,5.28,4.84,4.84,1152807
2021-08-24,4.8,5.08,4.79,5.08,931009
2021-08-25,5.12,5.33,5.03,5.33,706515
2021-08-26,5.45,5.6,5.35,5.6,502736
2021-08-27,5.79,5.88,5.32,5.64,1351292
2021-08-30,5.65,5.75,5.38,5.46,591817
2021-08-31,5.4,5.73,5.4,5.73,595898
2021-09-01,5.8,6.01,5.51,5.73,866470
2021-09-02,5.56,5.83,5.51,5.55,592013
2021-09-03,5.67,5.71,5.27,5.27,855414
2021-09-06,5.07,5.2,5.01,5.01,337447
2021-09-07,4.76,4.83,4.76,4.76,305059
2021-09-08,4.52,5.0,4.52,4.83,1087126
2021-09-09,4.69,4.81,4.59,4.59,723517
2021-09-10,4.63,4.75,4.59,4.75,431652
2021-09-13,4.78,4.85,4.55,4.64,431326
2021-09-14,4.64,4.64,4.41,4.41,504231
2021-09-15,4.38,4.6,4.19,4.51,872484
2021-09-16,4.4,4.65,4.4,4.47,383032
2021-09-17,4.47,4.58,4.42,4.56,318878
2021-09-22,4.48,4.55,4.4,4.43,250927
2021-09-23,4.41,4.57,4.4,4.46,225582
2021-09-24,4.56,4.68,4.54,4.68,340749
2021-09-27,4.87,4.91,4.66,4.91,629978
2021-09-28,4.91,5.16,4.89,5.16,560218
2021-09-29,5.14,5.15,4.9,4.9,547762
2021-09-30,4.9,5.12,4.89,5.05,299190
2021-10-08,5.2,5.25,5.06,5.1,261834
2021-10-11,5.1,5.15,4.86,4.88,292975
2021-10-12,4.85,4.86,4.64,4.69,300536
2021-10-13,4.66,4.92,4.56,4.92,370663
2021-10-14,4.93,5.04,4.72,4.97,397991
2021-10-15,4.94,5.03,4.87,4.93,189716
2021-10-18,4.91,4.98,4.84,4.88,143860
2021-10-19,4.92,5.03,4.89,4.93,156755
2021-10-20,4.95,4.95,4.84,4.86,147648
2021-10-21,4.86,4.95,4.64,4.74,260051
2021-10-22,4.68,4.93,4.65,4.81,248399
2021-10-25,4.8,4.94,4.8,4.85,193171
2021-10-26,4.85,4.9,4.8,4.81,132706
2021-10-27,4.8,4.83,4.71,4.73,111217
2021-10-28,4.72,4.85,4.65,4.68,180100
2021-10-29,4.67,4.74,4.64,4.69,113264
2021-11-01,4.66,4.66,4.46,4.47,291874
2021-11-02,4.36,4.49,4.27,4.27,363123
2021-11-03,4.36,4.42,4.29,4.4,173570
2021-11-04,4.37,4.47,4.36,4.4,134891
2021-11-05,4.4,4.43,4.27,4.29,178261
2021-11-08,4.26,4.27,4.14,4.2,246367
2021-11-09,4.19,4.26,4.17,4.24,116590
2021-11-10,4.22,4.45,4.21,4.45,170143
2021-11-11,4.59,4.67,4.51,4.67,374290
2021-11-12,4.78,4.88,4.61,4.63,476023
2021-11-15,4.74,4.78,4.6,4.63,228738
2021-11-16,4.59,4.67,4.49,4.53,179051
2021-11-17,4.76,4.76,4.76,4.76,62041
2021-11-18,5.0,5.0,4.79,4.86,506835
2021-11-19,4.82,4.87,4.78,4.85,173420
2021-11-22,4.84,4.84,4.7,4.73,183068
2021-11-23,4.67,4.83,4.66,4.74,146935
2021-11-24,4.75,4.76,4.65,4.69,133080
2021-11-25,4.84,4.92,4.76,4.88,433472
2021-11-26,4.81,4.84,4.74,4.75,226775
2021-11-29,4.77,4.9,4.75,4.77,171530
2021-11-30,4.81,4.82,4.75,4.78,114676
2021-12-01,4.76,4.88,4.74,4.83,184511
2021-12-02,4.82,4.85,4.73,4.74,172611
2021-12-03,4.76,4.79,4.73,4.74,113390
2021-12-06,4.84,4.85,4.77,4.78,158253
2021-12-07,4.8,4.84,4.76,4.8,126841
2021-12-08,4.8,4.84,4.77,4.8,108829
2021-12-09,4.8,5.03,4.77,4.94,381175
2021-12-10,4.97,5.03,4.91,4.94,165902
2021-12-13,4.9,4.9,4.74,4.75,241613
2021-12-14,4.78,4.79,4.65,4.69,167595
2021-12-15,4.7,4.75,4.63,4.69,128710
2021-12-16,4.65,4.69,4.62,4.64,135035
2021-12-17,4.64,4.74,4.61,4.67,127413
2021-12-20,4.66,4.67,4.5,4.51,187909
2021-12-21,4.51,4.58,4.46,4.53,129924
2021-12-22,4.53,4.75,4.5,4.65,214434
2021-12-23,4.62,4.68,4.61,4.63,98679
2021-12-24,4.61,4.62,4.51,4.55,122676
2021-12-27,4.59,4.65,4.49,4.51,124547
2021-12-28,4.5,4.51,4.42,4.44,104368
2021-12-29,4.44,4.45,4.37,4.41,102943
2021-12-30,4.43,4.55,4.43,4.47,112073
2021-12-31,4.66,4.66,4.55,4.61,143818
2022-01-04,4.58,4.63,4.52,4.53,118943
2022-01-05,4.53,4.56,4.48,4.49,117333
2022-01-06,4.5,4.52,4.45,4.47,96501
2022-01-07,4.48,4.55,4.44,4.5,120146
2022-01-10,4.48,4.49,4.37,4.4,112918
2022-01-11,4.4,4.42,4.34,4.35,122656
2022-01-12,4.35,4.4,4.32,4.35,77864
2022-01-13,4.37,4.38,4.33,4.36,118252
2022-01-14,4.34,4.47,4.33,4.39,158848
2022-01-17,4.37,4.42,4.32,4.34,103631
2022-01-18,4.35,4.35,4.26,4.29,134886
2022-01-19,4.27,4.29,4.19,4.21,130823
2022-01-20,4.21,4.23,4.0,4.0,317079
2022-01-21,4.04,4.05,3.81,3.9,309110
2022-01-24,3.85,4.08,3.71,3.97,467753
2022-01-25,3.92,4.06,3.92,3.96,205724
2022-01-26,3.96,4.16,3.96,4.15,229616
2022-01-27,4.11,4.35,4.11,4.16,279745
2022-01-28,4.23,4.3,4.19,4.26,170379
2022-02-07,4.47,4.47,4.47,4.47,33223
2022-02-08,4.69,4.69,4.69,4.69,31327
2022-02-09,4.92,4.92,4.56,4.71,526714
2022-02-10,4.72,4.89,4.64,4.77,328452
2022-02-11,4.76,4.82,4.66,4.72,189726
2022-02-14,4.7,4.71,4.5,4.59,234082
2022-02-15,4.6,4.76,4.54,4.69,174502
2022-02-16,4.69,4.72,4.61,4.63,131286
2022-02-17,4.6,4.73,4.6,4.73,158469
2022-02-18,4.77,4.79,4.67,4.7,134890
2022-02-21,4.65,4.66,4.47,4.47,301293
2022-02-22,4.32,4.38,4.31,4.32,177587
2022-02-23,4.34,4.44,4.34,4.37,103956
2022-02-24,4.37,4.39,4.15,4.18,216809
2022-02-25,4.19,4.3,4.19,4.29,143112
2022-02-28,4.18,4.32,4.18,4.25,117853
2022-03-01,4.27,4.28,4.21,4.26,65673
2022-03-02,4.26,4.27,4.22,4.27,55006
2022-03-03,4.32,4.36,4.27,4.29,110325
2022-03-04,4.27,4.29,4.24,4.27,65724
2022-03-07,4.24,4.26,4.21,4.21,78417
2022-03-08,4.22,4.23,4.08,4.08,123317
2022-03-09,4.1,4.13,3.9,4.08,191604
2022-03-10,4.15,4.18,4.09,4.11,81697
2022-03-11,4.11,4.32,4.0,4.32,162406
2022-03-14,4.3,4.47,4.23,4.34,188363
2022-03-15,4.29,4.4,4.24,4.25,177215
2022-03-16,4.3,4.33,4.13,4.26,162559
2022-03-17,4.26,4.37,4.24,4.33,129169
2022-03-18,4.33,4.37,4.27,4.29,114771
2022-03-21,4.18,4.22,4.11,4.17,171420
2022-03-22,4.15,4.17,4.12,4.13,82525
2022-03-23,4.13,4.21,4.12,4.17,76231
2022-03-24,4.15,4.18,4.12,4.13,87823
2022-03-25,4.14,4.34,4.13,4.27,212387
2022-03-28,4.2,4.29,4.16,4.22,100438
2022-03-29,4.19,4.22,4.17,4.17,62565
2022-03-30,4.13,4.21,4.13,4.17,73684
2022-03-31,4.14,4.19,4.14,4.16,51287
2022-04-01,4.16,4.2,4.15,4.17,59872
2022-04-06,4.19,4.21,4.15,4.16,65018
2022-04-07,4.15,4.17,4.1,4.1,66873
2022-04-08,4.12,4.13,4.04,4.06,99978
2022-04-11,4.07,4.07,3.94,3.97,108952
2022-04-12,3.97,4.14,3.95,4.06,106386
2022-04-13,4.08,4.09,4.01,4.06,70461
2022-04-14,4.08,4.08,4.04,4.06,65971
2022-04-15,4.07,4.23,4.05,4.16,142241
2022-04-18,4.11,4.14,4.06,4.07,72954
2022-04-19,4.1,4.1,4.05,4.08,68079
2022-04-20,4.09,4.1,4.05,4.09,65137
2022-04-21,4.09,4.09,3.98,4.02,107389
2022-04-22,4.22,4.22,4.13,4.22,278026
2022-04-25,4.18,4.32,4.14,4.17,323835
2022-04-26,4.25,4.26,4.12,4.13,131936
2022-04-27,4.07,4.15,4.02,4.13,186796
2022-04-28,4.11,4.15,4.06,4.07,129788
2022-04-29,4.07,4.13,4.07,4.12,95071
2022-05-05,4.33,4.33,4.33,4.33,32193
2022-05-06,4.55,4.55,4.33,4.35,350665
2022-05-09,4.3,4.33,4.26,4.29,127965
2022-05-10,4.29,4.4,4.25,4.4,181499
2022-05-11,4.35,4.46,4.35,4.39,136795
2022-05-12,4.36,4.5,4.32,4.47,203034
2022-05-13,4.47,4.51,4.44,4.48,136686
2022-05-16,4.48,4.63,4.46,4.6,238371
2022-05-17,4.62,4.64,4.55,4.64,167270
2022-05-18,4.63,4.65,4.58,4.6,139106
2022-05-19,4.51,4.51,4.38,4.42,256130
2022-05-20,4.42,4.63,4.42,4.6,311344
2022-05-23,4.76,4.77,4.63,4.68,288836
2022-05-24,4.69,4.75,4.66,4.7,233073
2022-05-25,4.7,4.86,4.67,4.82,236956
2022-05-26,4.78,4.88,4.58,4.58,392496
2022-05-27,4.35,4.51,4.35,4.37,605195
2022-05-30,4.15,4.22,4.15,4.15,285990
2022-05-31,4.15,4.24,4.12,4.19,233913
2022-06-01,4.18,4.34,4.17,4.28,188806
2022-06-02,4.27,4.35,4.27,4.33,108365
2022-06-06,4.31,4.4,4.12,4.17,380732
2022-06-07,4.15,4.25,4.15,4.22,148964
2022-06-08,4.21,4.23,4.15,4.19,129765
2022-06-09,4.19,4.26,4.15,4.22,146242
2022-06-10,4.22,4.38,4.19,4.36,253638
2022-06-13,4.33,4.43,4.19,4.25,323297
2022-06-14,4.2,4.29,4.2,4.25,177038
2022-06-15,4.24,4.32,4.23,4.29,168955
2022-06-16,4.29,4.29,4.25,4.28,110038
2022-06-17,4.26,4.31,4.24,4.28,101187
2022-06-20,4.27,4.28,4.2,4.2,161410
2022-06-21,4.19,4.23,4.16,4.18,143709
2022-06-22,4.18,4.18,4.09,4.11,178376
2022-06-23,4.11,4.16,4.1,4.11,109663
2022-06-24,4.11,4.16,4.1,4.13,120378
2022-06-27,4.13,4.15,4.1,4.11,134550
2022-06-28,4.11,4.29,4.08,4.26,254448
2022-06-29,4.2,4.26,4.2,4.21,137522
2022-06-30,4.2,4.32,4.2,4.23,185199
2022-07-01,4.22,4.24,4.11,4.14,146630
2022-07-04,4.11,4.16,4.11,4.13,99786
2022-07-05,4.13,4.27,4.11,4.21,196485
2022-07-06,4.2,4.21,4.16,4.18,91705
2022-07-07,4.17,4.18,4.14,4.15,106397
2022-07-08,4.15,4.19,4.13,4.18,77829
2022-07-11,4.18,4.18,4.05,4.1,170947
2022-07-12,4.1,4.13,4.09,4.09,75666
2022-07-13,4.09,4.11,4.07,4.1,65106
2022-07-14,4.09,4.14,4.07,4.13,103637
2022-07-15,4.07,4.11,4.07,4.09,101866
2022-07-18,4.09,4.12,4.08,4.1,70773
2022-07-19,4.11,4.12,4.01,4.04,195319
2022-07-20,4.05,4.05,3.96,3.99,150093
2022-07-21,3.99,4.03,3.98,4.0,108057
2022-07-22,4.04,4.04,3.99,4.01,97493
2022-07-25,4.03,4.03,3.96,3.98,84650
2022-07-26,3.99,4.09,3.96,4.07,163399
2022-07-27,4.07,4.1,4.05,4.07,59593
2022-07-28,4.08,4.08,4.03,4.05,79632
2022-07-29,4.08,4.09,4.05,4.07,84955
2022-08-01,4.08,4.11,4.04,4.05,121518
2022-08-02,4.03,4.04,3.89,3.96,201913
2022-08-03,3.96,4.04,3.91,3.95,134967
2022-08-04,3.95,3.99,3.94,3.97,68274
2022-08-05,3.96,4.01,3.95,4.01,69014
2022-08-08,4.01,4.01,3.97,3.99,57076
2022-08-09,3.99,4.01,3.96,3.98,62444
2022-08-10,3.97,4.01,3.96,3.96,65204
2022-08-11,3.98,3.99,3.94,3.98,95120
2022-08-12,3.96,3.98,3.95,3.98,67215
2022-08-15,3.97,4.18,3.96,4.16,362236
2022-08-16,4.15,4.35,4.11,4.32,315791
2022-08-17,4.33,4.43,4.25,4.35,286410
2022-08-18,4.35,4.38,4.32,4.35,133223
2022-08-19,4.4,4.44,4.36,4.4,189909
2022-08-22,4.28,4.46,4.27,4.38,227653
2022-08-23,4.38,4.39,4.28,4.3,151253
2022-08-24,4.28,4.31,4.15,4.16,202857
2022-08-25,4.18,4.19,4.12,4.15,107958
2022-08-26,4.14,4.33,4.14,4.3,179044
2022-08-29,4.28,4.39,4.25,4.35,192738
2022-08-30,4.35,4.39,4.33,4.38,114248
2022-08-31,4.34,4.38,4.26,4.36,165750
2022-09-01,4.58,4.58,4.58,4.58,74574
2022-09-02,4.81,4.81,4.43,4.54,569206
2022-09-05,4.56,4.59,4.46,4.58,188951
2022-09-06,4.58,4.6,4.5,4.52,140246
2022-09-07,4.52,4.54,4.47,4.47,102043
2022-09-08,4.52,4.55,4.47,4.48,116491
2022-09-09,4.55,4.59,4.5,4.52,179879
2022-09-13,4.52,4.54,4.49,4.5,118023
2022-09-14,4.48,4.54,4.46,4.54,129492
2022-09-15,4.52,4.56,4.45,4.5,138989
2022-09-16,4.5,4.59,4.47,4.57,148963
2022-09-19,4.56,4.56,4.51,4.53,99128
2022-09-20,4.53,4.67,4.52,4.65,181277
2022-09-21,4.66,4.75,4.62,4.73,205120
2022-09-22,4.71,4.75,4.69,4.71,85327
2022-09-23,4.71,4.77,4.61,4.65,139641
2022-09-26,4.61,4.65,4.42,4.42,223543
2022-09-27,4.45,4.49,4.4,4.47,82799
2022-09-28,4.54,4.58,4.46,4.46,154334
2022-09-29,4.45,4.5,4.41,4.42,146829
2022-09-30,4.42,4.45,4.38,4.44,112650
2022-10-10,4.44,4.45,4.22,4.22,245572
2022-10-11,4.18,4.19,4.04,4.06,252691
2022-10-12,4.06,4.1,4.04,4.06,158750
2022-10-13,4.05,4.09,4.04,4.04,148339
2022-10-14,4.07,4.1,4.03,4.05,152236
2022-10-17,4.04,4.06,3.92,4.03,209063
2022-10-18,4.04,4.06,4.02,4.06,145978
2022-10-19,4.06,4.06,3.98,3.99,168844
2022-10-20,3.99,4.01,3.92,3.95,205859
2022-10-21,3.94,3.97,3.92,3.97,190337
2022-10-24,3.97,3.98,3.84,3.85,194419
2022-10-25,3.82,3.82,3.66,3.66,349108
2022-10-26,3.66,3.75,3.64,3.71,154637
2022-10-27,3.71,3.71,3.66,3.68,111367
2022-10-28,3.68,3.71,3.66,3.7,131838
2022-10-31,3.67,3.67,3.53,3.57,186341
2022-11-01,3.56,3.6,3.54,3.56,173460
2022-11-02,3.56,3.57,3.4,3.4,359680
2022-11-03,3.38,3.57,3.3,3.57,221751
2022-11-04,3.62,3.75,3.54,3.57,502469
2022-11-07,3.57,3.63,3.48,3.49,284134
2022-11-08,3.48,3.54,3.44,3.5,184213
2022-11-09,3.5,3.6,3.39,3.42,380791
2022-11-10,3.4,3.44,3.37,3.42,137444
2022-11-11,3.44,3.5,3.38,3.39,329371
2022-11-14,3.37,3.42,3.25,3.36,340262
2022-11-15,3.35,3.53,3.32,3.53,377219
2022-11-16,3.53,3.71,3.5,3.71,495266
2022-11-17,3.83,3.84,3.69,3.75,411501
2022-11-18,3.76,3.94,3.76,3.93,374478
2022-11-21,3.88,3.88,3.73,3.73,360994
2022-11-22,3.7,3.81,3.66,3.79,242465
2022-11-23,3.75,3.82,3.71,3.75,131510
2022-11-24,3.57,3.65,3.56,3.56,358040
2022-11-25,3.51,3.68,3.48,3.61,236574
2022-11-28,3.57,3.65,3.54,3.61,120277
2022-11-29,3.6,3.77,3.56,3.72,214470
2022-11-30,3.7,3.73,3.67,3.69,128282
2022-12-01,3.69,3.75,3.66,3.68,104558
2022-12-02,3.66,3.72,3.66,3.71,100760
2022-12-05,3.7,3.87,3.66,3.81,251049
2022-12-06,3.79,3.84,3.76,3.79,122723
2022-12-07,3.79,3.82,3.77,3.78,82029
2022-12-08,3.94,3.97,3.88,3.97,166591
2022-12-09,3.98,4.16,3.95,4.13,518603
2022-12-12,4.07,4.2,4.05,4.14,236312
2022-12-13,4.12,4.2,4.04,4.1,242796
2022-12-14,4.08,4.1,3.9,3.92,444096
2022-12-15,3.9,3.94,3.79,3.83,354976
2022-12-16,3.82,3.84,3.78,3.81,217338
2022-12-19,3.8,3.82,3.62,3.62,289699
2022-12-20,3.6,3.68,3.57,3.63,197158
2022-12-21,3.62,3.67,3.52,3.58,173026
2022-12-22,3.58,3.61,3.55,3.59,122876
2022-12-23,3.58,3.59,3.46,3.5,161039
2022-12-26,3.68,3.68,3.65,3.68,388723
2022-12-27,3.6,3.65,3.51,3.53,326673
2022-12-28,3.51,3.56,3.45,3.48,230400
2022-12-29,3.52,3.61,3.49,3.53,227146
2022-12-30,3.51,3.64,3.51,3.64,179480
2023-01-03,3.67,3.71,3.61,3.69,184870
2023-01-04,3.7,3.85,3.66,3.83,268783
2023-01-05,3.82,3.86,3.78,3.79,164608
2023-01-06,3.8,3.84,3.77,3.83,135653
2023-01-09,3.82,3.85,3.73,3.76,165952
2023-01-10,3.74,3.76,3.6,3.63,262056
2023-01-11,3.64,3.72,3.6,3.67,119738
2023-01-12,3.66,3.68,3.56,3.6,164659
2023-01-13,3.61,3.69,3.6,3.67,107097
2023-01-16,3.65,3.7,3.64,3.66,140006
2023-01-17,3.66,3.69,3.64,3.67,70627
2023-01-18,3.68,3.81,3.67,3.78,156898
2023-01-19,3.77,3.85,3.75,3.79,170346
2023-01-20,3.85,3.9,3.82,3.88,152351
2023-01-30,3.87,4.0,3.87,3.97,212665
2023-01-31,4.05,4.15,3.92,3.93,357203
2023-02-01,3.94,3.97,3.9,3.95,182299
2023-02-02,3.97,4.0,3.93,3.95,128694
2023-02-03,3.95,4.0,3.88,4.0,208630
2023-02-06,4.0,4.03,3.95,4.0,112426
2023-02-07,3.98,4.01,3.97,4.0,83232
2023-02-08,4.01,4.14,3.99,4.08,221631
2023-02-09,4.1,4.14,4.07,4.09,126411
2023-02-10,4.11,4.18,4.11,4.17,243648
2023-02-13,4.2,4.2,4.14,4.16,162749
2023-02-14,4.16,4.2,4.15,4.2,143697
2023-02-15,4.18,4.28,4.18,4.24,166641
2023-02-16,4.25,4.27,4.03,4.03,514728
2023-02-17,3.98,3.99,3.86,3.94,332889
2023-02-20,3.94,3.94,3.76,3.82,411941
2023-02-21,3.83,3.93,3.81,3.85,247477
2023-02-22,3.87,3.88,3.81,3.85,126632
2023-02-23,3.84,3.92,3.84,3.92,169597
2023-02-24,3.91,3.96,3.9,3.96,150828
2023-02-27,3.97,4.0,3.93,3.99,142697
2023-02-28,3.99,3.99,3.95,3.99,73254
2023-03-01,3.97,4.02,3.97,3.99,78540
2023-03-02,3.98,4.0,3.88,3.88,227210
2023-03-03,3.87,4.07,3.87,4.04,242388
2023-03-06,4.02,4.04,3.96,3.99,126816
2023-03-07,3.98,4.04,3.96,3.98,106492
2023-03-08,3.97,4.0,3.95,4.0,79642
2023-03-09,4.0,4.04,3.99,4.01,101478
2023-03-10,4.0,4.0,3.95,3.97,84107
2023-03-13,3.94,3.95,3.89,3.9,97014
2023-03-14,3.89,3.92,3.81,3.92,103683
2023-03-15,3.91,3.92,3.89,3.91,60480
2023-03-16,3.91,3.91,3.82,3.85,122584
2023-03-17,3.86,3.89,3.85,3.86,89021
2023-03-20,3.81,3.83,3.72,3.74,223396
2023-03-21,3.75,3.79,3.73,3.76,100927
2023-03-22,3.74,3.78,3.73,3.74,93869
2023-03-23,3.74,3.89,3.68,3.84,268053
2023-03-24,3.82,3.86,3.79,3.84,119177
2023-03-27,3.84,3.87,3.78,3.79,126965
2023-03-28,3.8,3.81,3.73,3.74,97825
2023-03-29,3.73,3.78,3.69,3.76,108892
2023-03-30,3.75,3.75,3.7,3.72,77121
2023-03-31,3.72,3.74,3.67,3.69,110396
2023-04-03,3.68,3.72,3.66,3.7,107978
2023-04-04,3.69,3.71,3.65,3.66,126785
2023-04-06,3.67,3.67,3.61,3.63,105598
2023-04-07,3.64,3.76,3.62,3.68,190501
2023-04-10,3.69,3.72,3.63,3.64,151258
2023-04-11,3.63,3.65,3.61,3.64,85666
2023-04-12,3.7,3.74,3.66,3.73,131418
2023-04-13,3.71,3.85,3.71,3.79,166446
2023-04-14,3.82,3.83,3.76,3.77,98300
2023-04-17,3.76,3.81,3.74,3.75,88482
2023-04-18,3.76,3.76,3.66,3.72,142493
2023-04-19,3.69,3.74,3.68,3.69,67195
2023-04-20,3.7,3.71,3.65,3.66,93503
2023-04-21,3.67,3.69,3.63,3.63,103880
2023-04-24,3.74,3.81,3.7,3.77,208648
2023-04-25,3.77,3.79,3.68,3.71,127480
2023-04-26,3.7,3.78,3.7,3.73,99274
2023-04-27,3.74,3.74,3.68,3.69,106836
2023-04-28,3.77,3.83,3.74,3.81,164995
2023-05-04,3.83,3.85,3.8,3.84,127595
2023-05-05,3.84,3.97,3.82,3.96,233705
2023-05-08,3.95,4.02,3.93,3.95,188479
2023-05-09,3.95,4.03,3.95,3.97,156009
2023-05-10,3.97,3.97,3.93,3.95,119720
2023-05-11,3.92,3.94,3.86,3.9,128139
2023-05-12,3.91,3.95,3.89,3.93,89547
2023-05-15,3.93,3.96,3.86,3.92,94494
2023-05-16,3.93,3.94,3.9,3.92,68598
2023-05-17,3.92,3.93,3.87,3.9,87056
2023-05-18,3.91,3.92,3.87,3.91,60409
2023-05-19,3.9,4.02,3.86,3.97,136795
2023-05-22,3.97,3.98,3.9,3.92,107597
2023-05-23,3.93,4.03,3.9,3.98,209713
2023-05-24,3.92,3.96,3.88,3.91,125649
2023-05-25,3.95,3.99,3.92,3.99,143994
2023-05-26,3.99,4.02,3.96,4.0,111165
2023-05-29,4.0,4.03,3.98,4.0,92171
2023-05-30,3.99,4.02,3.98,3.99,86360
2023-05-31,4.04,4.04,3.97,4.0,114479
2023-06-01,3.98,3.99,3.88,3.88,182505
2023-06-02,3.89,3.94,3.88,3.92,80135
2023-06-05,3.9,3.96,3.88,3.93,80986
2023-06-06,3.92,3.94,3.9,3.94,64881
2023-06-07,3.93,3.97,3.87,3.88,132000
2023-06-08,3.88,3.9,3.69,3.71,334158
2023-06-09,3.71,3.73,3.6,3.69,281274
2023-06-12,3.68,3.78,3.65,3.77,152766
2023-06-13,3.7,3.79,3.69,3.78,114544
2023-06-14,3.75,3.78,3.67,3.73,153350
2023-06-15,3.73,3.79,3.71,3.76,123223
2023-06-16,3.77,3.9,3.77,3.88,160759
2023-06-19,3.86,3.9,3.82,3.83,109870
2023-06-20,3.84,3.85,3.77,3.78,96424
2023-06-21,3.78,3.78,3.73,3.73,91369
2023-06-26,3.69,3.75,3.67,3.7,82579
2023-06-27,3.69,3.77,3.69,3.76,68949
2023-06-28,3.77,3.77,3.68,3.73,70504
2023-06-29,3.72,3.81,3.69,3.78,103344
2023-06-30,3.78,3.79,3.73,3.76,86559
2023-07-03,3.74,3.82,3.73,3.77,101473
2023-07-04,3.79,3.79,3.67,3.69,193272
2023-07-05,3.67,3.72,3.64,3.67,135080
2023-07-06,3.67,3.69,3.64,3.64,124125
2023-07-07,3.63,3.64,3.59,3.61,139025
2023-07-10,3.61,3.67,3.6,3.64,88442
2023-07-11,3.64,3.67,3.63,3.66,53931
2023-07-12,3.65,3.66,3.6,3.61,86172
2023-07-13,3.61,3.64,3.57,3.59,115401
2023-07-14,3.6,3.61,3.57,3.59,95661
2023-07-17,3.67,3.73,3.64,3.72,216582
2023-07-18,3.71,3.74,3.69,3.74,109642
2023-07-19,3.74,3.76,3.68,3.71,70442
2023-07-20,3.72,3.72,3.67,3.68,78333
2023-07-21,3.68,3.7,3.67,3.7,55791
2023-07-24,3.69,3.71,3.67,3.7,84809
2023-07-25,3.72,3.73,3.69,3.71,65957
2023-07-26,3.71,3.72,3.68,3.7,65766
2023-07-27,3.7,3.8,3.69,3.78,169072
2023-07-28,3.81,3.85,3.72,3.83,210300
2023-07-31,3.85,3.92,3.84,3.87,208661
2023-08-01,3.87,3.93,3.81,3.84,218965
2023-08-02,3.81,3.91,3.81,3.91,171789
2023-08-03,3.88,3.95,3.88,3.92,163429
2023-08-04,3.94,3.98,3.91,3.95,213781
2023-08-07,3.92,3.92,3.79,3.8,260313
2023-08-08,3.8,3.84,3.77,3.82,121533
2023-08-09,3.81,3.81,3.75,3.77,109086
2023-08-10,3.77,3.8,3.77,3.77,79072
2023-08-11,3.76,3.78,3.71,3.73,122871
2023-08-14,3.65,3.7,3.64,3.7,160656
2023-08-15,3.7,3.7,3.66,3.68,81003
2023-08-16,3.65,3.71,3.65,3.68,96933
2023-08-17,3.67,3.72,3.66,3.71,116320
2023-08-18,3.71,3.73,3.66,3.67,90864
2023-08-21,3.66,3.68,3.64,3.64,100302
2023-08-22,3.65,3.66,3.47,3.58,234407
2023-08-23,3.58,3.58,3.41,3.45,169388
2023-08-24,3.45,3.47,3.34,3.44,155473
2023-08-25,3.42,3.45,3.4,3.42,114358
2023-08-28,3.56,3.58,3.37,3.38,187281
2023-08-29,3.37,3.48,3.34,3.45,147750
2023-08-30,3.44,3.46,3.42,3.43,74148
2023-08-31,3.43,3.44,3.38,3.38,105642
2023-09-01,3.38,3.42,3.37,3.42,89385
2023-09-04,3.42,3.52,3.42,3.51,138168
2023-09-05,3.5,3.55,3.49,3.51,109847
2023-09-06,3.51,3.52,3.47,3.48,73274
2023-09-07,3.47,3.48,3.41,3.43,131762
2023-09-08,3.43,3.55,3.42,3.49,146778
2023-09-11,3.49,3.5,3.45,3.46,112369
2023-09-12,3.45,3.46,3.43,3.44,70964
2023-09-13,3.43,3.44,3.37,3.39,104347
2023-09-14,3.37,3.39,3.35,3.37,75345
2023-09-15,3.38,3.38,3.34,3.37,59716
2023-09-18,3.38,3.49,3.38,3.43,152961
2023-09-19,3.42,3.43,3.37,3.4,70763
2023-09-20,3.39,3.42,3.38,3.4,61334
2023-09-21,3.4,3.4,3.36,3.36,67647
2023-09-22,3.36,3.39,3.35,3.38,76222
2023-09-25,3.37,3.37,3.21,3.21,242189
2023-09-26,3.16,3.18,3.05,3.05,356605
2023-09-27,3.05,3.12,3.05,3.08,212106
2023-09-28,3.08,3.09,2.97,3.06,247725
2023-10-09,3.04,3.04,2.91,2.91,191322
2023-10-10,2.88,2.91,2.76,2.86,396997
2023-10-11,2.84,2.9,2.82,2.84,159075
2023-10-12,2.85,2.87,2.82,2.85,109444
2023-10-13,2.84,2.98,2.83,2.89,195102
2023-10-16,2.88,2.88,2.75,2.75,235680
2023-10-17,2.68,2.83,2.68,2.78,221302
2023-10-18,2.76,2.77,2.64,2.64,286016
2023-10-19,2.61,2.68,2.54,2.62,249200
2023-10-20,2.61,2.66,2.58,2.62,121048
2023-10-23,2.61,2.61,2.49,2.49,187066
2023-10-24,2.49,2.51,2.42,2.49,194256
2023-10-25,2.5,2.61,2.5,2.61,191795
2023-10-26,2.63,2.74,2.62,2.74,304415
2023-10-27,2.77,2.88,2.76,2.88,196722
2023-10-30,2.94,3.02,2.91,3.02,208720
2023-10-31,3.17,3.17,3.17,3.17,26961
2023-11-01,3.33,3.33,3.33,3.33,47578
2023-11-02,3.5,3.5,3.18,3.26,841181
2023-11-03,3.23,3.42,3.22,3.42,181312
2023-11-06,0.0,0.0,0.0,3.42,0
2023-11-07,3.7,3.76,3.51,3.76,613147
2023-11-08,3.88,4.1,3.64,3.71,1441629
2023-11-09,3.7,3.74,3.48,3.56,935824
2023-11-10,3.5,3.68,3.42,3.52,559540
2023-11-13,3.48,3.5,3.42,3.45,393195
2023-11-14,3.43,3.45,3.32,3.41,443347
2023-11-15,3.48,3.54,3.38,3.38,334754
2023-11-16,3.37,3.44,3.35,3.36,238438
2023-11-17,3.36,3.36,3.31,3.34,191742
2023-11-20,3.38,3.38,3.33,3.36,170013
2023-11-21,3.35,3.37,3.31,3.32,196220
2023-11-22,3.32,3.44,3.3,3.36,381439
2023-11-23,3.36,3.46,3.35,3.42,390305
2023-11-24,3.41,3.41,3.32,3.33,272516
2023-11-27,3.3,3.32,3.23,3.29,284318
2023-11-28,3.28,3.28,3.22,3.23,212606
2023-11-29,3.21,3.24,3.19,3.19,218533
2023-11-30,3.14,3.23,3.1,3.2,269303
2023-12-01,3.21,3.24,3.17,3.21,190895
2023-12-04,3.23,3.23,3.14,3.17,212270
2023-12-05,3.17,3.18,3.12,3.14,230075
2023-12-06,3.14,3.2,3.12,3.18,176969
2023-12-07,3.17,3.2,3.15,3.15,133647
2023-12-08,3.14,3.17,3.12,3.14,147971
2023-12-11,3.12,3.19,3.11,3.18,216470
2023-12-12,3.18,3.18,3.07,3.09,231545
2023-12-13,3.08,3.11,3.01,3.03,275558
2023-12-14,3.02,3.08,3.01,3.01,188172
2023-12-15,3.01,3.08,3.0,3.02,259155
2023-12-18,3.01,3.02,2.94,2.96,235501
2023-12-19,2.95,2.97,2.93,2.95,180798
2023-12-20,2.94,2.95,2.88,2.89,171258
2023-12-21,2.89,2.93,2.86,2.91,217484
2023-12-22,2.91,2.93,2.86,2.87,192563
2023-12-25,2.85,2.9,2.82,2.87,144409
2023-12-26,2.87,2.88,2.82,2.83,109694
2023-12-27,2.83,2.94,2.81,2.85,231467
2023-12-28,2.84,2.98,2.83,2.94,277382
2023-12-29,2.93,2.97,2.86,2.87,257327
2024-01-02,2.87,2.87,2.83,2.83,156126
2024-01-03,2.82,2.86,2.81,2.84,143608
2024-01-04,2.84,2.84,2.78,2.81,134819
2024-01-05,2.81,2.83,2.76,2.78,177809
2024-01-08,2.77,2.79,2.74,2.74,167323
2024-01-09,2.74,2.81,2.72,2.76,178340
2024-01-10,2.75,2.78,2.72,2.76,140799
2024-01-11,2.76,2.85,2.75,2.84,216385
2024-01-12,2.83,2.84,2.76,2.76,166948
2024-01-15,2.75,2.82,2.74,2.79,150770
2024-01-16,2.8,2.82,2.74,2.77,176851
2024-01-17,2.78,2.8,2.7,2.7,165233
2024-01-18,2.68,2.73,2.63,2.73,281729
2024-01-19,2.71,2.73,2.68,2.69,140140
2024-01-22,2.68,2.71,2.55,2.57,230456
2024-01-23,2.58,2.83,2.56,2.83,217596
2024-01-24,3.11,3.11,3.11,3.11,73232
2024-01-25,3.42,3.42,3.42,3.42,275884
2024-01-26,3.61,3.76,3.38,3.46,3259795
2024-01-29,3.17,3.24,3.11,3.11,474365
2024-01-30,2.8,2.94,2.8,2.8,1935732
2024-01-31,2.75,3.06,2.72,2.79,1315124
2024-02-01,2.75,2.83,2.7,2.71,733891
2024-02-02,2.71,2.73,2.54,2.64,703936
2024-02-05,2.6,2.62,2.4,2.46,650367
2024-02-06,2.46,2.66,2.44,2.59,635211
2024-02-07,2.59,2.67,2.5,2.54,595885
2024-02-08,2.56,2.6,2.5,2.59,591150
2024-02-19,2.6,2.72,2.59,2.7,609959
2024-02-20,2.7,2.76,2.66,2.74,457141
2024-02-21,2.71,2.82,2.69,2.76,512970
2024-02-22,2.74,2.84,2.74,2.84,445661
2024-02-23,2.94,2.95,2.79,2.84,546864
2024-02-26,2.84,2.85,2.8,2.82,336558
2024-02-27,2.82,2.93,2.8,2.92,457149
2024-02-28,2.92,3.03,2.86,2.87,651654
2024-02-29,2.87,2.92,2.85,2.92,374989
2024-03-01,2.92,2.99,2.91,2.95,311295
2024-03-04,2.92,2.93,2.83,2.87,417536
2024-03-05,2.86,2.87,2.8,2.81,277398
2024-03-06,2.81,2.84,2.77,2.81,208500
2024-03-07,2.79,2.85,2.76,2.77,252479
2024-03-08,2.77,2.79,2.75,2.77,166971
2024-03-11,2.77,2.87,2.76,2.86,261913
2024-03-12,2.86,2.87,2.82,2.86,225053
2024-03-13,2.87,2.91,2.82,2.84,236850
2024-03-14,2.84,2.95,2.83,2.88,421580
2024-03-15,2.87,2.93,2.85,2.91,456133
2024-03-18,2.92,2.95,2.86,2.9,310377
2024-03-19,2.89,2.89,2.85,2.85,242657
2024-03-20,2.84,2.88,2.84,2.86,175922
2024-03-21,2.86,2.88,2.83,2.84,183550
2024-03-22,2.84,2.85,2.78,2.82,246455
2024-03-25,2.81,2.82,2.75,2.75,183940
2024-03-26,2.75,2.79,2.73,2.74,262912
2024-03-27,2.74,2.75,2.67,2.67,239931
2024-03-28,2.67,2.77,2.67,2.73,236021
2024-03-29,2.73,2.73,2.69,2.73,127445
2024-04-01,2.75,2.76,2.73,2.75,159845
2024-04-02,2.75,2.76,2.71,2.72,161272
2024-04-03,2.72,2.74,2.67,2.68,249015
2024-04-08,2.68,2.68,2.61,2.62,252672
2024-04-09,2.62,2.88,2.62,2.88,264267
2024-04-10,2.96,2.96,2.78,2.82,752095
2024-04-11,2.8,2.82,2.7,2.73,436626
2024-04-12,2.73,2.76,2.69,2.69,315175
2024-04-15,2.66,2.96,2.66,2.96,1039742
2024-04-16,2.96,3.22,2.9,2.99,1943760
2024-04-17,2.92,3.03,2.84,3.0,1125647
2024-04-18,2.97,3.09,2.96,3.0,953661
2024-04-19,2.97,3.18,2.96,3.06,1030643
2024-04-22,3.03,3.06,2.93,2.94,661551
2024-04-23,2.92,2.99,2.91,2.95,409044
2024-04-24,2.93,3.01,2.91,2.97,492267
2024-04-25,2.97,3.05,2.87,2.89,597268
2024-04-26,2.98,3.18,2.92,3.09,1175004
2024-04-29,3.05,3.14,3.02,3.13,940029
2024-04-30,3.11,3.15,3.04,3.06,585839
2024-05-06,3.1,3.11,3.02,3.03,461477
2024-05-07,3.03,3.04,2.98,3.02,355772
2024-05-08,3.01,3.01,2.95,2.96,332381
2024-05-09,2.98,3.01,2.97,2.97,292773
2024-05-10,2.98,3.05,2.94,3.03,466016
2024-05-13,2.99,3.02,2.94,2.98,330406
2024-05-14,2.98,3.0,2.97,2.99,257988
2024-05-15,2.99,3.0,2.93,2.94,221741
2024-05-16,2.94,2.96,2.89,2.9,262702
2024-05-17,2.9,2.94,2.88,2.93,234850
2024-05-20,2.9,2.94,2.9,2.92,204131
2024-05-21,2.91,2.92,2.84,2.86,252176
2024-05-22,2.86,2.88,2.84,2.86,185060
2024-05-23,2.85,2.85,2.75,2.77,361564
2024-05-24,2.77,2.79,2.75,2.78,202309
2024-05-27,2.76,2.83,2.73,2.82,217846
2024-05-28,2.82,2.83,2.78,2.79,142637
2024-05-29,2.78,2.82,2.77,2.79,156565
2024-05-30,2.78,2.85,2.76,2.82,240218
2024-05-31,2.82,2.87,2.8,2.85,202730
2024-06-03,2.88,3.07,2.87,3.02,904539
2024-06-04,3.01,3.02,2.94,3.01,345411
2024-06-05,3.0,3.08,2.99,3.06,499318
2024-06-06,3.05,3.09,3.0,3.04,368048
2024-06-07,3.04,3.05,2.93,3.0,383133
2024-06-11,2.98,2.99,2.93,2.96,235432
2024-06-12,2.96,2.98,2.93,2.94,225897
2024-06-13,2.94,3.0,2.92,2.96,501327
2024-06-14,2.95,3.03,2.75,2.86,1407521
2024-06-17,2.8,2.89,2.7,2.83,555126
2024-06-18,2.82,2.83,2.77,2.8,348505
2024-06-19,2.81,2.87,2.76,2.76,282394
2024-06-20,2.77,2.78,2.72,2.72,224672
2024-06-21,2.74,2.74,2.72,2.73,133446
2024-06-24,2.74,2.74,2.66,2.69,215814
2024-06-25,2.7,2.72,2.66,2.68,193776
2024-06-26,2.67,2.73,2.65,2.72,194128
2024-06-27,2.72,2.73,2.67,2.69,170911
2024-06-28,2.69,2.76,2.68,2.71,284910
2024-07-01,2.72,2.73,2.69,2.7,152258
2024-07-02,2.71,2.71,2.67,2.68,176833
2024-07-03,2.67,2.69,2.65,2.67,188785
2024-07-04,2.67,2.67,2.61,2.61,215855
2024-07-05,2.6,2.64,2.55,2.64,251346
2024-07-08,2.64,2.65,2.55,2.57,169439
2024-07-09,2.56,2.61,2.54,2.58,286242
2024-07-10,2.59,2.62,2.56,2.59,176546
2024-07-11,2.62,2.67,2.6,2.65,275582
2024-07-12,2.65,2.68,2.62,2.62,181810
2024-07-15,2.62,2.62,2.59,2.61,167520
2024-07-16,2.6,2.62,2.58,2.6,138181
2024-07-17,2.6,2.61,2.57,2.59,169550
2024-07-18,2.59,2.6,2.56,2.59,170102
2024-07-19,2.58,2.6,2.56,2.59,164381
2024-07-22,2.59,2.66,2.58,2.6,240126
2024-07-23,2.6,2.61,2.54,2.54,200404
2024-07-24,2.55,2.55,2.49,2.49,245347
2024-07-25,2.48,2.56,2.47,2.52,265655
2024-07-26,2.52,2.6,2.52,2.59,256437
2024-07-29,2.6,2.63,2.58,2.61,204390
2024-07-30,2.61,2.64,2.59,2.62,200837
2024-07-31,2.63,2.77,2.62,2.75,468880
2024-08-01,2.74,2.76,2.71,2.73,257290
2024-08-02,2.72,2.74,2.66,2.66,239591
2024-08-05,2.65,2.72,2.63,2.63,254007
2024-08-06,2.65,2.67,2.6,2.64,178836
2024-08-07,2.63,2.64,2.58,2.59,202197
2024-08-08,2.6,2.62,2.56,2.61,226809
2024-08-09,2.62,2.65,2.57,2.57,199087
2024-08-12,2.57,2.58,2.53,2.54,182806
2024-08-13,2.54,2.57,2.52,2.56,156182
2024-08-14,2.56,2.57,2.52,2.52,142102
2024-08-15,2.51,2.58,2.51,2.54,194950
2024-08-16,2.55,2.55,2.5,2.51,192626
2024-08-19,2.5,2.54,2.5,2.51,161007
2024-08-20,2.5,2.52,2.45,2.48,248247
2024-08-21,2.46,2.48,2.44,2.45,168601
2024-08-22,2.45,2.47,2.4,2.41,177872
2024-08-23,2.41,2.43,2.38,2.4,161279
2024-08-26,2.4,2.45,2.4,2.43,146301
2024-08-27,2.44,2.44,2.4,2.42,117965
2024-08-28,2.42,2.45,2.4,2.42,137550
2024-08-29,2.42,2.45,2.41,2.44,145902
2024-08-30,2.45,2.55,2.45,2.51,344752
2024-09-02,2.51,2.52,2.46,2.46,211026
2024-09-03,2.46,2.48,2.43,2.44,154169
2024-09-04,2.43,2.45,2.41,2.41,126978
2024-09-05,2.42,2.46,2.41,2.44,156796
2024-09-06,2.44,2.47,2.4,2.4,190619
2024-09-09,2.4,2.45,2.38,2.41,196138
2024-09-10,2.44,2.44,2.34,2.37,280851
2024-09-11,2.35,2.39,2.31,2.33,251356
2024-09-12,2.34,2.43,2.34,2.37,238601
2024-09-13,2.38,2.39,2.35,2.35,167520
2024-09-18,2.36,2.4,2.28,2.38,281288
2024-09-19,2.38,2.43,2.35,2.41,300065
2024-09-20,2.41,2.42,2.34,2.37,182892
2024-09-23,2.37,2.38,2.34,2.35,158624
2024-09-24,2.36,2.59,2.35,2.59,720904
2024-09-25,2.8,2.85,2.71,2.74,1731062
2024-09-26,2.65,2.83,2.63,2.8,1640741
2024-09-27,2.93,3.0,2.88,2.97,845520
2024-09-30,3.24,3.27,3.11,3.27,1730109
2024-10-08,3.6,3.6,3.36,3.6,1531763
2024-10-09,3.55,3.66,3.26,3.3,1941763
2024-10-10,3.31,3.43,3.15,3.18,1309336
2024-10-11,3.18,3.21,3.04,3.09,891069
2024-10-14,3.14,3.27,3.08,3.25,981407
2024-10-15,3.24,3.24,3.1,3.1,767839
2024-10-16,3.06,3.13,3.03,3.06,604444
2024-10-17,3.06,3.13,3.03,3.03,532633
2024-10-18,3.04,3.18,2.99,3.11,1007320
2024-10-21,3.09,3.12,3.03,3.05,740349
2024-10-22,3.05,3.08,3.01,3.07,516609
2024-10-23,3.06,3.17,3.05,3.1,641170
2024-10-24,3.09,3.12,3.05,3.08,439324
2024-10-25,3.07,3.29,3.07,3.17,946578
2024-10-28,3.16,3.29,3.14,3.24,700506
2024-10-29,3.25,3.29,3.15,3.16,638352
2024-10-30,3.15,3.17,3.08,3.14,547111
2024-10-31,3.13,3.45,3.1,3.32,1520593
2024-11-01,3.33,3.36,3.17,3.19,984498
2024-11-04,3.21,3.51,3.18,3.51,2051767
2024-11-05,3.51,3.63,3.42,3.54,2311544
2024-11-06,3.53,3.6,3.45,3.5,1532693
2024-11-07,3.45,3.85,3.41,3.79,2203221
2024-11-08,3.77,3.77,3.63,3.65,1603554
2024-11-11,3.75,4.02,3.75,4.02,1935743
2024-11-12,4.16,4.36,3.85,3.89,3120913
2024-11-13,3.87,4.02,3.76,3.84,1708292
2024-11-14,3.8,4.02,3.79,3.83,1511901
2024-11-15,3.82,3.83,3.58,3.58,1297546
2024-11-18,3.6,3.65,3.5,3.53,844048
2024-11-19,3.53,3.83,3.51,3.73,1352345
2024-11-20,3.7,3.79,3.64,3.77,806767
2024-11-21,3.77,3.79,3.67,3.74,666447
2024-11-22,3.73,3.78,3.6,3.6,679233
2024-11-25,3.65,3.73,3.55,3.64,740117
2024-11-26,3.61,3.64,3.53,3.55,597690
2024-11-27,3.57,3.61,3.48,3.6,484713
2024-11-28,3.6,3.65,3.58,3.6,453889
2024-11-29,3.6,3.71,3.57,3.62,854696
2024-12-02,3.62,3.74,3.59,3.72,823241
2024-12-03,3.72,3.75,3.65,3.72,528994
2024-12-04,3.71,3.85,3.65,3.66,852411
2024-12-05,3.67,3.74,3.67,3.73,542943
2024-12-06,3.75,3.82,3.67,3.78,868664
2024-12-09,3.77,3.85,3.7,3.75,645322
2024-12-10,3.9,3.93,3.73,3.75,830998
2024-12-11,3.76,4.13,3.75,4.02,2724373
2024-12-12,3.95,4.02,3.88,3.99,1398708
2024-12-13,3.95,4.04,3.86,3.88,972272
2024-12-16,3.86,3.88,3.8,3.82,583842
2024-12-17,3.81,3.83,3.73,3.75,543710
2024-12-18,3.75,3.79,3.72,3.73,389481
2024-12-19,3.71,3.8,3.68,3.72,623673
2024-12-20,3.72,3.91,3.72,3.81,697693
2024-12-23,3.78,3.79,3.68,3.69,622196
2024-12-24,3.68,3.71,3.63,3.65,493042
2024-12-25,3.63,3.66,3.55,3.66,453800
2024-12-26,3.64,3.7,3.64,3.67,242215
2024-12-27,3.7,3.8,3.68,3.7,523207
2024-12-30,3.7,3.71,3.62,3.65,337980
2024-12-31,3.66,3.68,3.5,3.5,500847
2025-01-02,3.48,3.52,3.25,3.34,657120
2025-01-03,3.33,3.35,3.19,3.2,559464
2025-01-06,3.2,3.24,3.14,3.21,437271
2025-01-07,3.23,3.33,3.22,3.3,462247
2025-01-08,3.29,3.29,3.14,3.25,493594
2025-01-09,3.21,3.26,3.19,3.22,296930
2025-01-10,3.23,3.25,3.15,3.15,292295
2025-01-13,3.14,3.2,3.1,3.18,323854
2025-01-14,3.19,3.32,3.19,3.31,490670
2025-01-15,3.29,3.32,3.26,3.3,398629
2025-01-16,3.3,3.39,3.27,3.31,384183
2025-01-17,3.31,3.34,3.28,3.31,308460
2025-01-20,3.34,3.38,3.3,3.31,312825
2025-01-21,3.32,3.34,3.25,3.29,332965
2025-01-22,3.28,3.28,3.21,3.24,272561
2025-01-23,3.3,3.44,3.29,3.3,713859
2025-01-24,3.3,3.35,3.28,3.31,372000
2025-01-27,3.33,3.39,3.27,3.27,437516
2025-02-05,3.3,3.31,3.26,3.28,275491
2025-02-06,3.27,3.34,3.24,3.32,415835
2025-02-07,3.32,3.46,3.32,3.41,719693
2025-02-10,3.42,3.45,3.39,3.4,434506
2025-02-11,3.4,3.41,3.29,3.31,482169
2025-02-12,3.3,3.39,3.29,3.38,443607
2025-02-13,3.38,3.4,3.33,3.36,457137
2025-02-14,3.35,3.39,3.31,3.35,354548
2025-02-17,3.37,3.44,3.32,3.39,546726
2025-02-18,3.38,3.39,3.24,3.26,535353
2025-02-19,3.26,3.31,3.24,3.28,373318
2025-02-20,3.27,3.29,3.24,3.27,367155
2025-02-21,3.26,3.31,3.21,3.28,508999
2025-02-24,3.26,3.29,3.19,3.2,598045
2025-02-25,3.18,3.21,3.16,3.18,353153
2025-02-26,3.2,3.27,3.18,3.26,461685
2025-02-27,3.26,3.28,3.17,3.23,475125
2025-02-28,3.21,3.26,3.05,3.07,782409
2025-03-03,3.07,3.11,3.04,3.05,379501
2025-03-04,3.04,3.09,3.03,3.07,352016
2025-03-05,3.08,3.09,3.01,3.06,377784
2025-03-06,3.06,3.11,3.01,3.09,608838
2025-03-07,3.08,3.09,2.97,2.98,699319
2025-03-10,2.98,3.01,2.93,2.97,438586
2025-03-11,2.95,3.01,2.92,3.0,457448
2025-03-12,3.01,3.04,2.98,3.02,382740
2025-03-13,3.02,3.03,2.95,2.99,395955
2025-03-14,2.99,3.13,2.98,3.08,928082
2025-03-17,3.11,3.15,3.05,3.06,570095
2025-03-18,3.07,3.08,3.01,3.03,347234
2025-03-19,3.03,3.04,3.0,3.03,294716
2025-03-20,3.02,3.04,2.98,2.99,355515
2025-03-21,2.98,3.01,2.93,2.94,447317
2025-03-24,2.93,2.94,2.86,2.9,427299
2025-03-25,2.92,2.97,2.9,2.94,358121
2025-03-26,2.93,2.96,2.92,2.93,300952
2025-03-27,2.93,2.98,2.9,2.94,401949
2025-03-28,2.96,2.97,2.92,2.94,295272
2025-03-31,2.92,2.95,2.84,2.86,383446
2025-04-01,2.86,2.88,2.84,2.86,300632
2025-04-02,2.86,2.91,2.85,2.89,284256
2025-04-03,2.88,2.92,2.87,2.9,311591
2025-04-07,2.8,2.81,2.61,2.61,607041
2025-04-08,2.61,2.66,2.56,2.64,751223
2025-04-09,2.61,2.77,2.57,2.75,754175
2025-04-10,2.79,2.8,2.75,2.75,427600
2025-04-11,2.74,2.77,2.72,2.74,312364
2025-04-14,2.76,2.82,2.75,2.79,483239
2025-04-15,2.8,2.8,2.75,2.76,269626
2025-04-16,2.75,2.76,2.67,2.73,293949
2025-04-17,2.73,2.74,2.71,2.72,209487
2025-04-18,2.71,2.77,2.7,2.75,291052
2025-04-21,2.76,2.8,2.73,2.77,236592
2025-04-22,2.77,2.81,2.76,2.78,278051
2025-04-23,2.78,2.81,2.73,2.74,309742
2025-04-24,2.74,2.76,2.71,2.73,252077
2025-04-25,2.75,2.79,2.73,2.76,326452
2025-04-28,2.76,2.78,2.71,2.71,266162
2025-04-29,2.7,2.77,2.69,2.74,349278
2025-04-30,2.74,2.77,2.72,2.73,217537
2025-05-06,2.74,2.84,2.74,2.82,508914
2025-05-07,2.88,2.91,2.78,2.79,503948
2025-05-08,2.79,2.84,2.76,2.79,290985
2025-05-09,2.79,2.8,2.73,2.73,311552
2025-05-12,2.74,2.77,2.72,2.76,336994
2025-05-13,2.79,2.8,2.73,2.73,306610
2025-05-14,2.73,2.9,2.71,2.82,806378
2025-05-15,2.82,2.82,2.74,2.74,457710
2025-05-16,2.73,2.76,2.7,2.71,392957
2025-05-19,2.71,2.75,2.69,2.74,356925
2025-05-20,2.75,2.75,2.72,2.73,224026
2025-05-21,2.73,2.74,2.71,2.71,216643
2025-05-22,2.71,2.72,2.67,2.67,346207
2025-05-23,2.67,2.69,2.63,2.64,283195
2025-05-26,2.65,2.68,2.64,2.66,238430
2025-05-27,2.66,2.68,2.64,2.66,225092
2025-05-28,2.66,2.68,2.62,2.64,213983
2025-05-29,2.64,2.69,2.63,2.68,388069
2025-05-30,2.67,2.69,2.65,2.68,289911
2025-06-03,2.67,2.71,2.65,2.7,475879
2025-06-04,2.69,2.76,2.68,2.75,521640
2025-06-05,2.75,2.81,2.73,2.77,496438
2025-06-06,2.77,2.79,2.73,2.75,275998
2025-06-09,2.74,2.79,2.74,2.77,301822
2025-06-10,2.77,2.79,2.72,2.73,338838
2025-06-11,2.73,2.8,2.73,2.75,394664
2025-06-12,2.75,2.78,2.73,2.75,318869
2025-06-13,2.74,2.75,2.68,2.7,687263
2025-06-16,2.68,2.72,2.68,2.72,343244
2025-06-17,2.72,2.74,2.69,2.74,337231
2025-06-18,2.73,2.74,2.66,2.68,390430
2025-06-19,2.68,2.69,2.6,2.61,480982
2025-06-20,2.61,2.62,2.58,2.59,364303
2025-06-23,2.58,2.66,2.57,2.63,397890
2025-06-24,2.65,2.73,2.63,2.7,514242
2025-06-25,2.7,2.97,2.69,2.97,2807842
2025-06-26,3.03,3.07,2.93,2.95,3045198
2025-06-27,2.95,3.14,2.92,3.02,2384434
2025-06-30,3.0,3.0,2.91,2.95,1181415
2025-07-01,2.94,2.94,2.87,2.89,861575
2025-07-02,2.87,2.92,2.86,2.89,756087
2025-07-03,2.89,2.9,2.86,2.87,460660
2025-07-04,2.88,2.93,2.84,2.88,775702
2025-07-07,2.87,2.92,2.86,2.89,530540
2025-07-08,2.88,2.97,2.87,2.95,973716
2025-07-09,2.95,3.04,2.93,2.99,1604899
2025-07-10,2.97,3.12,2.97,3.04,1412531
2025-07-11,3.04,3.2,2.99,3.12,1903942
2025-07-14,3.09,3.12,2.97,2.98,1224940
2025-07-15,2.99,3.0,2.91,2.93,695671
2025-07-16,2.93,2.96,2.91,2.94,483824
2025-07-17,2.94,3.0,2.93,2.98,730501
2025-07-18,2.98,3.05,2.96,3.0,933462
2025-07-21,2.99,3.03,2.97,2.99,715488
2025-07-22,2.99,3.0,2.92,2.96,671615
2025-07-23,2.95,3.01,2.94,2.95,908430
2025-07-24,2.94,3.08,2.93,3.07,1509636
2025-07-25,3.08,3.09,3.02,3.04,778791
2025-07-28,3.05,3.07,3.01,3.04,592632
2025-07-29,3.04,3.04,2.97,3.03,719016
2025-07-30,3.03,3.04,2.95,2.98,692723
2025-07-31,2.97,2.99,2.92,2.93,677143
2025-08-01,2.93,2.96,2.92,2.94,465964
2025-08-04,2.94,2.96,2.91,2.95,408356
2025-08-05,2.95,2.98,2.94,2.98,388828
2025-08-06,2.96,2.97,2.93,2.95,387255
2025-08-07,2.95,2.97,2.91,2.94,394809
2025-08-08,2.94,2.96,2.92,2.94,409052
2025-08-11,2.94,3.01,2.93,3.01,667284
2025-08-12,3.01,3.05,3.0,3.04,572452
2025-08-13,3.04,3.06,2.99,3.03,795454
2025-08-14,3.03,3.05,2.97,2.98,793641
2025-08-15,2.96,3.05,2.95,3.04,1106337
2025-08-18,3.06,3.1,3.03,3.07,1101135
2025-08-19,3.07,3.09,3.02,3.05,767250
2025-08-20,3.04,3.08,3.0,3.07,745811
2025-08-21,3.07,3.14,3.05,3.08,996498
2025-08-22,3.06,3.13,3.06,3.13,956450
2025-08-25,3.15,3.23,3.13,3.17,1163612
2025-08-26,3.15,3.17,3.13,3.13,742458
2025-08-27,3.13,3.15,3.04,3.05,878646
2025-08-28,3.03,3.08,2.98,3.08,1061249
2025-08-29,3.08,3.09,3.0,3.03,764611
2025-09-01,3.02,3.04,2.99,3.01,592233
2025-09-02,3.01,3.01,2.94,2.96,676791
2025-09-03,2.97,2.97,2.86,2.87,665401
2025-09-04,2.87,2.89,2.82,2.85,615880
2025-09-05,2.85,2.88,2.81,2.88,502196
2025-09-08,2.87,2.89,2.84,2.87,456692
2025-09-09,2.86,2.89,2.82,2.85,636164
2025-09-10,2.84,2.86,2.82,2.84,351263
2025-09-11,2.83,2.89,2.81,2.89,571893
2025-09-12,2.87,2.91,2.85,2.9,530646
2025-09-15,2.9,2.99,2.89,2.94,810720
2025-09-16,2.96,3.23,2.93,3.23,1871874
2025-09-17,3.45,3.55,3.36,3.55,1569772
2025-09-18,3.75,3.91,3.53,3.58,6619857
2025-09-19,3.44,3.51,3.22,3.22,4263719
2025-09-22,3.25,3.38,3.19,3.28,2614502
2025-09-23,3.24,3.25,3.07,3.13,2432706
2025-09-24,3.1,3.13,3.06,3.11,1399354
2025-09-25,3.09,3.11,3.05,3.06,1028944
2025-09-26,3.05,3.09,3.04,3.04,930034
2025-09-29,3.04,3.18,3.02,3.15,1482500
2025-09-30,3.12,3.15,3.07,3.1,1067157
2025-10-09,3.1,3.1,3.05,3.09,895784
2025-10-10,3.08,3.12,3.06,3.09,828170
2025-10-13,2.99,3.05,2.98,3.04,799214
2025-10-14,3.04,3.09,3.0,3.01,767476
2025-10-15,3.02,3.05,2.99,3.03,692760
2025-10-16,3.02,3.03,2.97,2.98,636226
2025-10-17,2.98,3.01,2.93,2.94,708071
2025-10-20,2.96,2.97,2.91,2.93,494246
2025-10-21,2.94,3.01,2.93,2.99,702463
2025-10-22,2.98,3.02,2.96,3.01,560653
2025-10-23,2.99,3.04,2.97,3.04,533484
2025-10-24,3.04,3.07,3.0,3.02,475947
2025-10-27,3.04,3.05,3.0,3.02,562638
2025-10-28,3.02,3.05,3.0,3.02,487792
2025-10-29,3.02,3.12,3.01,3.11,1094868
2025-10-30,3.09,3.1,2.99,3.0,981689
2025-10-31,3.0,3.01,2.98,3.0,531147
2025-11-03,3.0,3.01,2.97,3.01,468924
2025-11-04,3.0,3.01,2.97,2.98,412926
2025-11-05,2.97,3.02,2.95,3.01,564949
2025-11-06,3.01,3.02,2.99,3.0,497943
2025-11-07,2.99,3.0,2.97,2.97,452281
2025-11-10,2.98,3.01,2.97,3.01,519582
2025-11-11,3.01,3.04,3.0,3.02,538540
2025-11-12,3.01,3.03,2.97,2.99,553605
2025-11-13,2.99,3.04,2.98,3.04,626071
2025-11-14,3.02,3.06,3.02,3.03,614462
2025-11-17,3.02,3.04,2.99,3.04,527340
2025-11-18,3.02,3.04,2.96,2.98,836387
2025-11-19,2.98,3.0,2.93,2.94,552039
2025-11-20,2.96,2.98,2.93,2.94,428625
2025-11-21,2.92,2.93,2.84,2.84,768290
2025-11-24,2.86,2.89,2.84,2.87,413312
2025-11-25,2.88,2.9,2.87,2.87,342965
2025-11-26,2.87,2.93,2.86,2.88,460894
2025-11-27,2.88,2.9,2.86,2.87,376704
2025-11-28,2.87,2.92,2.84,2.9,443605
2025-12-01,2.91,2.94,2.9,2.94,456028
2025-12-02,2.93,2.98,2.88,2.95,635466
2025-12-03,2.94,2.96,2.92,2.92,365780
2025-12-04,2.93,2.93,2.88,2.9,340609
2025-12-05,2.9,2.98,2.88,2.97,666367
2025-12-08,2.97,3.01,2.94,2.95,699661
2025-12-09,2.92,2.93,2.88,2.88,559703
2025-12-10,2.88,2.91,2.88,2.91,317503
2025-12-11,2.91,2.91,2.85,2.86,481289
2025-12-12,2.85,2.91,2.84,2.88,640459
2025-12-15,2.88,2.91,2.85,2.87,352106
2025-12-16,2.88,2.88,2.84,2.85,405645
2025-12-17,2.84,2.87,2.79,2.85,525205
2025-12-18,2.84,2.86,2.83,2.84,284015
2025-12-19,2.84,2.9,2.83,2.89,476316
2025-12-22,2.89,2.91,2.87,2.87,360877
2025-12-23,2.87,2.88,2.83,2.84,364987
2025-12-24,2.84,2.88,2.83,2.88,341305
2025-12-25,2.87,2.89,2.86,2.88,317130
2025-12-26,2.87,2.9,2.86,2.87,453264
2025-12-29,2.87,2.89,2.85,2.86,372069
2025-12-30,2.86,2.86,2.83,2.84,348385
2025-12-31,2.83,2.85,2.81,2.83,330194
2026-01-05,2.83,2.86,2.82,2.84,415356
2026-01-06,2.84,2.92,2.84,2.92,791121
2026-01-07,2.91,2.92,2.86,2.86,617519
2026-01-08,2.85,2.87,2.84,2.86,415343
2026-01-09,2.85,2.89,2.84,2.88,576184
2026-01-12,2.88,2.92,2.86,2.92,861798
2026-01-13,2.93,3.21,2.89,3.05,2803484
2026-01-14,3.0,3.12,2.99,3.03,1996985
2026-01-15,3.0,3.01,2.91,2.93,1053947
2026-01-16,2.97,3.0,2.9,2.92,727676
2026-01-19,2.92,2.94,2.88,2.93,529878
2026-01-20,2.93,2.93,2.9,2.92,491372
2026-01-21,2.91,2.93,2.89,2.93,435888
2026-01-22,2.93,3.01,2.92,2.98,703289
2026-01-23,2.97,3.01,2.97,3.0,675919
2026-01-26,2.99,3.02,2.94,2.95,680165
2026-01-27,2.95,2.96,2.88,2.94,697932
2026-01-28,2.92,2.95,2.91,2.94,533846
2026-01-29,2.93,2.95,2.9,2.93,584823
2026-01-30,2.92,2.93,2.85,2.87,713553
2026-02-02,2.86,2.88,2.8,2.8,664746
2026-02-03,2.81,2.85,2.81,2.84,386237
2026-02-04,2.83,2.87,2.82,2.87,432037
2026-02-05,2.86,2.87,2.83,2.85,441690
2026-02-06,2.83,2.87,2.82,2.84,394538
2026-02-09,2.85,2.88,2.85,2.86,411533
2026-02-10,2.87,2.87,2.84,2.84,312921
2026-02-11,2.86,2.88,2.84,2.85,476928
2026-02-12,2.85,2.85,2.82,2.83,399153
2026-02-13,2.83,2.85,2.8,2.8,399315
2026-02-24,2.81,2.84,2.8,2.82,280459
2026-02-25,2.82,2.9,2.82,2.87,645811
2026-02-26,2.87,2.88,2.84,2.85,429976
2026-02-27,2.85,2.91,2.84,2.91,841178
2026-03-02,2.88,2.9,2.83,2.87,754186
2026-03-03,2.87,2.9,2.77,2.78,881655
2026-03-04,2.76,2.78,2.69,2.71,668051
2026-03-05,2.73,2.75,2.7,2.71,434927
2026-03-06,2.7,2.78,2.69,2.77,491540
2026-03-09,2.74,2.75,2.7,2.72,432868
2026-03-10,2.74,2.76,2.72,2.74,337468
2026-03-11,2.75,2.75,2.71,2.72,340887
2026-03-12,2.72,2.75,2.72,2.74,461288
2026-03-13,2.73,2.74,2.7,2.71,468623
2026-03-16,2.71,2.73,2.7,2.72,356686
2026-03-17,2.72,2.79,2.71,2.74,630127
2026-03-18,2.74,2.75,2.71,2.73,349463
2026-03-19,2.71,2.72,2.66,2.7,559282
2026-03-20,2.69,2.7,2.63,2.64,471270
2026-03-23,2.6,2.6,2.5,2.51,528434
2026-03-24,2.55,2.58,2.52,2.57,400313
2026-03-25,2.56,2.62,2.56,2.59,337741
2026-03-26,2.58,2.6,2.53,2.54,282074
2026-03-27,2.52,2.58,2.52,2.57,292793
2026-03-30,2.55,2.58,2.52,2.58,301868
2026-03-31,2.58,2.63,2.56,2.56,297893
2026-04-01,2.59,2.6,2.56,2.58,278847
2026-04-02,2.57,2.58,2.51,2.52,329736
2026-04-03,2.52,2.56,2.48,2.5,277866
2026-04-07,2.5,2.54,2.49,2.52,205019
2026-04-08,2.55,2.59,2.55,2.59,413431
2026-04-09,2.57,2.58,2.52,2.52,287757
2026-04-10,2.54,2.62,2.54,2.57,455871
2026-04-13,2.55,2.59,2.55,2.56,268289
2026-04-14,2.57,2.58,2.53,2.58,325150
2026-04-15,2.58,2.58,2.54,2.55,282108
2026-04-16,2.55,2.57,2.54,2.56,274840
2026-04-17,2.55,2.56,2.52,2.54,269860
2026-04-20,2.55,2.56,2.53,2.54,295760
2026-04-21,2.53,2.55,2.51,2.51,323971
2026-04-22,2.51,2.76,2.5,2.72,1828954
2026-04-23,2.67,2.7,2.58,2.63,1228442
2026-04-24,2.62,2.7,2.58,2.65,856458
2026-04-27,2.63,2.65,2.59,2.64,581644
2026-04-28,2.62,2.67,2.61,2.63,471529
2026-04-29,2.86,2.86,2.73,2.76,1638631
