Date,Open,High,Low,Close,Volume
2016-04-25,106.6578086440265,107.18638509661714,106.20163436188969,107.13569641113281,933119
2016-04-26,107.30944979170606,107.6932218098297,106.43331446986247,106.79534912109375,1017870
2016-04-27,106.86778341358283,107.7366810730737,105.73096668470778,107.38912200927734,1484862
2016-04-28,107.02712559666408,110.17689566919391,106.34648288130941,107.55570220947266,2242210
2016-04-29,106.86776972662237,107.63530186601044,105.3109800232388,105.63682556152344,1780299
2016-05-02,104.86208527491945,106.49851542568462,104.86208527491945,105.62236785888672,1470160
2016-05-03,104.42035405057486,104.99963100968053,102.81288766076608,103.64558410644531,4028130
2016-05-04,103.09529431751159,103.71801025331139,102.84186285789026,103.43561553955078,2060170
2016-05-05,103.93523085512719,104.54347114834722,103.34149010469413,103.72525024414062,1394382
2016-05-06,104.02938580514159,105.45583527031991,103.54424823040384,104.6810531616211,1651660
2016-05-09,104.31176355278679,104.98516825032554,103.04461804569803,103.26184844970703,938416
2016-05-10,103.66009604785161,104.54348137574897,103.05910546723065,104.50003051757812,990088
2016-05-11,104.46379625576238,104.78239198792687,103.0663105637897,103.12423706054688,763402
2016-05-12,104.41314419188546,104.59416157181349,103.29081493783059,103.7904281616211,1097756
2016-05-13,103.54422849557112,104.01487837928272,102.24810797127576,102.6970443725586,730432
2016-05-16,102.81288046171154,104.21760399773626,102.73322854175585,103.94245910644531,903500
2016-05-17,103.90629918593494,104.47108879692026,102.97947475241143,103.4573745727539,1761490
2016-05-18,102.8201542608093,103.97145873080224,102.18296256545038,102.60293579101562,729675
2016-05-19,102.63189904989557,103.2763285740715,101.72678825218817,102.60293579101562,717892
2016-05-20,103.21115309788927,103.44285914394322,102.16122611899927,102.41465759277344,681787
2016-05-23,102.63189596280884,103.13874700615635,102.50155532996365,102.58120727539062,899068
2016-05-24,102.76219834509762,103.96417921656186,102.5087669164961,103.76143646240234,652384
2016-05-25,104.15246648917041,104.83310898176357,103.89903501148503,104.03661346435547,725027
2016-05-26,104.26829894075483,104.44207844368871,103.55145550525043,103.59489440917969,475532
2016-05-27,103.62387808629829,103.92799824818584,103.43562289281475,103.58767700195312,474775
2016-05-31,104.03660297674851,104.03660297674851,103.01563934077893,103.2835464477539,740377
2016-06-01,102.9359738686575,104.38414828598337,102.27705695721387,104.26829528808594,887609
2016-06-02,103.8628416018681,103.90628051757812,103.02289516628284,103.90628051757812,726540
2016-06-03,103.82661566393716,103.90626760038386,103.01564453112407,103.72525024414062,549256
2016-06-06,104.17420111622604,105.6296138266906,104.17420111622604,105.39789581298828,781347
2016-06-07,105.28204992529227,105.67305991692058,105.00690492018684,105.17344665527344,962198
2016-06-08,105.53548013357567,106.58540727963647,104.99966578856811,106.3609390258789,865016
2016-06-09,105.62235916516573,106.33196494377692,105.06481944572135,106.15094757080078,632926
2016-06-10,105.571667506506,106.14369474564646,105.03584134812377,105.9988784790039,772699
2016-06-13,105.66582281653893,105.9771808574111,104.19592239496015,104.2900619506836,893555
2016-06-14,104.23936608237423,104.5724495319158,103.43563266106577,104.19591522216797,956036
2016-06-15,104.81861058208123,105.54270385617991,103.92798755967725,104.01487731933594,838532
2016-06-16,103.65285178265896,104.64485236507548,102.36398078021107,104.52899932861328,748052
2016-06-17,104.64484714827232,104.64484714827232,103.32701295240615,103.7686996459961,1181965
2016-06-20,104.84758887742633,105.76717528497981,104.1741961293645,104.29728698730469,1346602
2016-06-21,104.4565695595106,104.60138581683385,103.21113780292175,103.65282440185547,1201748
2016-06-22,103.98593246392682,104.10902332598553,103.43563055539241,103.90628051757812,1038409
2016-06-23,105.05034494277574,105.87580385398684,104.99966819367978,105.73098754882812,1337089
2016-06-24,102.11053721539867,103.3487313258436,100.84339179287002,101.45886993408203,2061791
2016-06-27,100.61168693558183,100.7492653876573,97.1360782958005,97.6212158203125,1610582
2016-06-28,98.54080448066442,99.05490527318766,97.27365304184934,98.99697875976562,1594799
2016-06-29,99.67462447404891,101.71489790407746,99.23013594760371,101.47444152832031,1536750
2016-06-30,101.70763090262814,103.53659484774201,101.16112921622225,103.50015258789062,1635229
2016-07-01,103.18683985689704,103.97381010105339,102.42902823288124,102.6986312866211,1184127
2016-07-05,102.02824216519608,102.48002041251691,100.46889327057787,100.91337585449219,972143
2016-07-06,100.83320918442365,101.64203004686814,100.05352890183765,101.54729461669922,913877
2016-07-07,101.9116579568355,102.33428961719697,101.25585352364428,101.77320861816406,722000
2016-07-08,102.72047478655799,105.45298312962939,102.30513880686556,105.18338012695312,1580530
2016-07-11,105.9995058567587,106.06508270464023,104.57132239826853,105.55502319335938,1119159
2016-07-12,106.04320086820107,107.75556619416726,105.89746790469785,107.6244125366211,2352256
2016-07-13,107.81385270661933,107.842999297516,106.91030838882267,107.78470611572266,854855
2016-07-14,108.15634955763034,109.04532676550565,107.87216723534752,108.49882507324219,1152346
2016-07-15,108.86318195617369,109.0744918129323,108.16366351789654,108.82675170898438,877772
2016-07-18,108.83402170880623,109.06719449232972,108.31666659055955,108.71015167236328,1031058
2016-07-19,108.28751045062859,108.87772600211039,108.03247473631887,108.84857940673828,878313
2016-07-20,108.73931190419972,109.3003809800969,108.57171594022488,108.82675170898438,662869
2016-07-21,108.93600510895612,108.93600510895612,107.71184826159335,108.06160736083984,499530
2016-07-22,108.20007879460496,108.48426112564009,107.70458663604789,108.30208587646484,390241
2016-07-25,108.16366553125114,108.42598495048787,107.6827405863751,108.2219467163086,671301
2016-07-26,108.57168556266308,109.7011190632618,107.98874167465172,109.19104766845703,1366925
2016-07-27,109.26393051251873,109.35865394536827,108.3093764821319,108.5789794921875,1219584
2016-07-28,110.3860955176445,111.26049352282482,108.19280484023814,108.56441497802734,1635769
2016-07-29,108.43323353040142,109.84684928653085,108.03974851918528,108.87771606445312,1621068
2016-08-01,107.66084609170426,108.83400549848189,107.20178423771361,108.68097686767578,1042084
2016-08-02,108.58626075494165,108.68098418571375,107.50783671915605,108.01061248779297,672814
2016-08-03,108.38952867140775,108.38952867140775,107.69001031053963,107.99605560302734,928039
2016-08-04,107.96689097106267,108.95787515010281,107.52968004933115,108.57168579101562,889339
2016-08-05,108.92876529803289,109.30038749532373,108.36769618869126,108.72473907470703,1009870
2016-08-08,109.08174373826566,109.08174373826566,108.09804321568784,108.39680480957031,679300
2016-08-09,108.45511489239531,108.77572746665628,108.20007915806566,108.64456176757812,756484
2016-08-10,108.75387157228005,108.75387157228005,108.24380007051454,108.59355926513672,571525
2016-08-11,109.00160882925219,109.20563499832151,108.31665782348355,108.60812377929688,666328
2016-08-12,109.30034796784635,110.81598281222644,108.86314907597138,109.18376159667969,1406922
2016-08-15,109.42423107713012,110.56096035125019,109.30764469201165,110.40794372558594,794967
2016-08-16,111.23859234638368,112.87810907638888,111.12930164770079,111.3187484741211,2038442
2016-08-17,111.37706772716851,112.2514776558131,110.47352322075817,112.0110092163086,1160237
2016-08-18,111.99642949678969,112.9436998031403,111.77054039045504,112.92183685302734,1077433
2016-08-19,112.3243577000749,113.62868316614255,111.9891777860293,113.43922424316406,1061434
2016-08-22,113.04571259166089,113.60679356407124,112.72510004423262,113.29346466064453,621251
2016-08-23,113.67240856527621,114.29178293608983,113.22063017805773,113.25707244873047,870637
2016-08-24,113.08215817543571,113.51935711660342,112.74696631093302,113.09672546386719,949875
2016-08-25,113.00929377260312,113.78896827835192,113.00929377260312,113.47563934326172,866097
2016-08-26,113.53394955450001,113.67239892134211,111.90173981258172,112.39723205566406,1184992
2016-08-29,112.63035613611217,114.77263650493514,112.63035613611217,113.59219360351562,936146
2016-08-30,113.4829308928897,114.57593429410184,113.16960196915926,114.1460189819336,1229529
2016-08-31,113.72337021873273,114.21157865172978,113.19143588703695,113.39546203613281,1119808
2016-09-01,113.76707104467494,114.0731162428101,113.34445150821698,113.89095306396484,1408759
2016-09-02,114.40107829697216,114.66340977181727,113.91286963864113,114.46666717529297,1143806
2016-09-06,114.66335066226252,115.01310975612797,113.94195750714897,114.69249725341797,1272229
2016-09-07,114.19699318456242,114.85279749516654,113.92010657819202,114.69249725341797,759511
2016-09-08,114.72163898698209,114.90380216918723,113.54119608556258,113.59219360351562,1287471
2016-09-09,112.99473726890372,112.99473726890372,110.40066574606975,110.41524505615234,2449438
2016-09-12,109.97072435379187,111.2531865112527,108.75385104735646,109.72298431396484,9047430
2016-09-13,109.17650329228539,109.73028868385622,106.5897275576381,107.63172149658203,3827713
2016-09-14,107.63899689321917,108.28023405353696,106.02863837672092,106.98319244384766,3098146
2016-09-15,106.78644527344025,107.1653509795484,106.4075275481186,106.80829620361328,3190139
2016-09-16,106.19625669017609,106.7937680707891,105.56959870609946,106.23998260498047,5836860
2016-09-19,106.8739197360119,107.70460390936422,106.7500376620932,106.96864318847656,1380005
2016-09-20,107.68270689856821,108.06161260781651,107.10705868163757,107.16535186767578,1158292
2016-09-21,107.44956431577923,108.52798856020235,107.2965356450632,108.38225555419922,1152022
2016-09-22,109.39507100247349,109.7083998786784,107.69727296395726,107.95230865478516,1342062
2016-09-23,107.39126124631409,107.92318366454843,107.20908599113562,107.44955444335938,935173
2016-09-26,107.41307922559034,108.48423141667932,107.11432968719595,108.09803009033203,1277850
2016-09-27,108.13446124705837,108.89956824449045,107.88672124311425,108.45508575439453,1373194
2016-09-28,108.81214897346709,109.46795337777873,108.41866392703719,109.14004516601562,1445189
2016-09-29,109.13274859358195,110.46622019552935,109.0817390530108,109.67196655273438,2203186
2016-09-30,110.29132778044364,110.66294982870949,109.22018753271882,109.548095703125,2345013
2016-10-03,110.150715395411,111.08019709999513,109.37090893512344,110.72573852539062,3017900
2016-10-04,110.81241044189437,111.11962159878298,107.90583953278245,108.16577911376953,2202700
2016-10-05,108.16576574282689,108.81166630304774,107.55135552421602,107.89794158935547,1701500
2016-10-06,107.79490111439797,108.71438659258665,107.72355181833721,108.61927032470703,1182700
2016-10-07,108.77780897205015,108.77780897205015,106.01140583244137,107.07357788085938,1886700
2016-10-10,107.75526449459426,107.75526449459426,107.06564736734761,107.32721710205078,1871800
2016-10-11,107.01807347362573,107.03393021599382,104.41812410218552,105.14737701416016,1932800
2016-10-12,104.84618797755179,105.54372751454768,104.62424193007777,105.27422332763672,1188300
2016-10-13,104.10901136273552,105.07606728241115,102.96756751687879,104.83826446533203,1484300
2016-10-14,105.6388392663663,105.6388392663663,104.63214779112771,105.14737701416016,1193700
2016-10-17,105.14737867409588,105.6071274488238,104.77482384104307,104.85409545898438,797400
2016-10-18,106.14616631303332,106.62969423825695,105.78946816052637,106.0748291015625,905200
2016-10-19,106.39981903266641,106.51872648615941,105.5992287311554,106.14617156982422,850700
2016-10-20,105.96382711949954,106.82784422540219,105.59128437604174,106.52662658691406,1184400
2016-10-21,105.70224115463522,106.72477715146766,105.24249244364768,106.56624603271484,999600
2016-10-24,107.07357418132096,107.8583197037914,106.57418956746237,106.85955047607422,884300
2016-10-25,107.31931355353751,107.31931355353751,105.80531486215416,105.82909393310547,1510100
2016-10-26,105.25044253327141,105.46446625238308,104.43399556590913,105.40897369384766,2757600
2016-10-27,105.82116157937395,107.04979920775288,102.25415613287821,105.74188995361328,3602800
2016-10-28,105.74185213870052,107.121098105694,105.16320818206573,106.06684875488281,2100600
2016-10-31,106.42358960869926,106.60591193713664,105.7260500702017,105.75775146484375,1624800
2016-11-01,106.01142180421462,106.62176745069475,103.93462343655442,104.83826446533203,1695600
2016-11-02,104.89375343960258,106.11445678592679,104.47364038504497,105.86080932617188,2102300
2016-11-03,106.21750843194584,106.78823034038649,105.46447627627244,105.49617767333984,1375700
2016-11-04,105.41688074432861,106.26502888554045,104.68762791889209,105.71808624267578,1147200
2016-11-07,107.28762323476464,108.80160998731401,106.88335479654545,108.658935546875,2233500
2016-11-08,108.50037719987112,109.2930450354163,108.10404328209854,108.54000091552734,1505500
2016-11-09,106.9943018825437,109.32474727229011,106.36016519017403,108.76988220214844,2378300
2016-11-10,109.47533401883844,111.76614313546868,109.30094616122793,110.9576187133789,2003300
2016-11-11,111.03694639366506,111.87717262547896,109.51502512742867,109.81623077392578,1641900
2016-11-14,109.82414862683218,110.33145563904188,109.293062543359,109.37232208251953,1304300
2016-11-15,109.2216992888966,109.66560345116112,108.48452398354533,109.49913787841797,856100
2016-11-16,109.45157540413614,110.01436279008111,108.93633405760981,109.97473907470703,1052900
2016-11-17,110.12531294048075,110.45030958610722,109.3009438903891,109.38813781738281,1157700
2016-11-18,109.38815433142871,109.80826728987215,109.07109205548478,109.35645294189453,1559200
2016-11-21,113.19296418000833,113.19296418000833,110.1887464468212,110.76740264892578,1232400
2016-11-22,111.16374244394069,111.67104937868426,110.00644207350776,110.7436294555664,1372500
2016-11-23,110.47406995358016,111.5996563964735,110.47406995358016,111.56795501708984,672400
2016-11-25,111.7661329036925,112.19416809082031,111.54418694071543,112.19416809082031,283600
2016-11-28,112.10702182997622,112.86798838022665,111.57593575741886,112.38446044921875,1447700
2016-11-29,111.7423604015892,114.2788944810253,111.39358469782637,113.72402954101562,2055300
2016-11-30,113.86671802184632,115.14291358956774,113.27221720635778,114.5087890625,2697900
2016-12-01,114.47709538909007,115.23012746665626,113.97771074721415,114.19966888427734,1355400
2016-12-02,114.14416942734098,114.9843954059569,113.70819969452572,114.58013916015625,1301700
2016-12-05,115.89593805974009,117.19591247293243,115.53922795456728,116.78372192382812,1783700
2016-12-06,116.67283928957595,116.9185645068737,115.7454189072793,116.18138885498047,866200
2016-12-07,116.37154710518473,117.78249469211215,115.64229424751491,117.74285888671875,1159400
2016-12-08,117.7984149695832,118.22645045130993,117.38622414244016,118.15511322021484,836300
2016-12-09,117.98070320105607,118.66239817054719,117.29108590575427,118.54350280761719,669800
2016-12-12,118.78921029083095,119.20932330425256,118.08373635365577,118.61482238769531,802800
2016-12-13,118.92397510692903,119.25689420440956,117.52888382770301,118.20264434814453,1025400
2016-12-14,118.09169460114852,118.76546734959896,116.6094090687445,117.45755767822266,1526200
2016-12-15,117.20387775253907,118.42458101307325,116.87888100633593,118.1788558959961,1069800
2016-12-16,118.32151679456737,118.51968372932976,116.7282468981819,116.86299896240234,2204700
2016-12-19,116.79961227441672,117.31484153770415,116.43497974236531,117.0928955078125,761600
2016-12-20,117.23556509581474,118.74956352653267,116.5618047096072,116.91850280761719,1793800
2016-12-21,117.56853346255197,117.71913023529994,116.53012813521016,116.79964447021484,970400
2016-12-22,116.60936687168743,117.28313937632197,115.48377998600552,115.80084228515625,1091300
2016-12-23,115.75328723173298,116.20511371996164,115.44414724852717,116.1099853515625,587400
2016-12-27,116.22095186208533,116.96606154787956,116.22095186208533,116.8233871459961,1029600
2016-12-28,117.05324176792588,117.05324176792588,114.95267712991571,115.03193664550781,630000
2016-12-29,115.18348287828545,115.6619238212501,114.96021368283756,115.11968994140625,479300
2016-12-30,115.24723364444124,115.47848447691743,114.21062009216962,114.68109130859375,725900
2017-01-03,114.47377725110343,115.40672592798941,113.89965311651885,114.34619140625,1402100
2017-01-04,114.85653086211326,115.49444796491038,114.57745049462852,115.34294128417969,2012200
2017-01-05,115.12765405813852,115.15954443807225,113.89966150369686,114.20267486572266,1260300
2017-01-06,114.21861775625933,115.4625493257413,113.98736689149962,115.1116943359375,1745900
2017-01-09,115.06385457952676,117.68727315913291,115.05587285955524,116.66661071777344,2370400
2017-01-10,116.81015591083421,117.12910838308258,115.78949339893114,115.82935333251953,1038800
2017-01-11,115.4545702553768,116.4991656961755,115.4545702553768,116.4273910522461,1000800
2017-01-12,116.38753507234527,116.38753507234527,114.98411503327995,116.29183959960938,654000
2017-01-13,116.18022634969371,116.48323976234896,115.6619254601865,115.9011459350586,996500
2017-01-17,115.67786287852876,116.29184701752754,115.3588982278242,115.89315032958984,1268700
2017-01-18,116.06859788704251,116.69854557642024,115.27120437348245,116.6825942993164,1147600
2017-01-19,116.70647515156223,116.92974428549367,115.75757524872597,115.99679565429688,1239400
2017-01-20,116.1802027161977,117.0413889501986,116.09248896549605,116.91380310058594,1150000
2017-01-23,116.73040213817234,117.12112922680842,115.43862891404768,116.4752426147461,1268400
2017-01-24,116.85800597036261,117.54376478555339,116.62675506918066,117.32049560546875,2016400
2017-01-25,117.6155220451647,118.59631248318388,117.3364294988326,118.43683624267578,1597800
2017-01-26,118.20561016060873,119.17843114918155,117.75905960526927,118.66011810302734,1856100
2017-01-27,111.63503717241443,113.60459915876517,109.28272989401782,113.23779296875,5469500
2017-01-30,111.7148047120526,113.09429169588552,111.56329804030536,112.42448425292969,2724900
2017-01-31,112.42449769199126,112.60789476364495,110.9493150633549,111.44369506835938,2483800
2017-02-01,111.0928400339679,111.82644040750462,110.04027504111775,110.5824966430664,1652300
2017-02-02,110.58250273183019,111.51546364834248,109.6096940493149,111.06094360351562,1438500
2017-02-03,111.45167423929168,111.86631002943444,110.9572820783412,111.76265716552734,1300200
2017-02-06,111.6350694700114,111.8503690822498,110.5506140227553,110.87754821777344,808600
2017-02-07,110.9094461320488,111.22841079541215,109.94460692261192,110.67820739746094,1466900
2017-02-08,110.18380038487155,110.68616205753555,109.81700628043129,110.51073455810547,1649000
2017-02-09,110.51075070536263,111.20449125165874,110.21571903469268,110.47087860107422,1298000
2017-02-10,110.7579137017141,111.98590607762073,110.47085165501885,111.73871612548828,2272600
2017-02-13,112.233085469419,112.63178204302261,111.51543650383401,112.03373718261719,1670500
2017-02-14,111.95401974727423,113.43717184210102,111.43571894466685,113.3335189819336,2001500
2017-02-15,112.96669003365321,114.01925486858279,112.58394471515804,113.53284454345703,1429000
2017-02-16,113.68436759491787,114.12292417215356,112.48029593574452,113.12618255615234,860900
2017-02-17,113.20595266459371,113.34150809532709,112.51222423458793,112.8311767578125,717400
2017-02-21,112.4165010016824,113.07036933036768,112.2968968768038,112.8072280883789,1148200
2017-02-22,112.24903619648438,112.72746478214329,111.85830917603057,111.9061508178711,992600
2017-02-23,112.40850653121694,112.59988525585511,111.09281278018224,111.9220962524414,1434200
2017-02-24,111.6908579530865,112.44039725059224,111.32405177153845,112.32079315185547,890300
2017-02-27,112.37664367493406,112.61586412338991,110.93336359783557,111.14069366455078,1079200
2017-02-28,110.78184183264058,112.19323133593139,110.67818898064587,112.00983428955078,1677800
2017-03-01,113.33350682783067,114.87246996428216,113.21389053964835,114.57743835449219,1707000
2017-03-02,114.35416288243543,114.35416288243543,111.96198325837237,112.08956909179688,1267500
2017-03-03,111.906152508207,112.32876990718684,110.94131360383942,111.2522964477539,923200
2017-03-06,110.85361543204128,111.7227711732974,110.56655336910968,111.08485412597656,973500
2017-03-07,111.01309584788504,111.50747579879774,110.71806422134117,111.3479995727539,870700
2017-03-08,111.41977324859789,111.96997662591977,110.95728362950497,111.28421783447266,1183400
2017-03-09,111.31612176168993,112.04174049719784,110.06420830303372,110.50277709960938,1570800
2017-03-10,111.16459755833256,111.31610422484997,110.23961845441458,110.65426635742188,1475500
2017-03-13,110.75791777894646,111.06890066037634,109.18705209993377,109.89674377441406,1443000
2017-03-14,109.6734597990427,109.70536234199237,108.34979628075472,108.58900451660156,1747500
2017-03-15,109.15516538338414,110.38314567841394,108.58104124960882,110.03230285644531,2460600
2017-03-16,110.23964186802878,110.23964186802878,109.26682090854328,110.01637268066406,1462700
2017-03-17,110.48681196162595,111.32407734689444,110.4310007584779,111.26028442382812,2174000
2017-03-20,111.22840172659807,111.39584751486085,110.29545297593499,110.59048461914062,1248700
2017-03-21,110.59050230086149,110.79782022284796,108.44551191980396,108.80433654785156,1548100
2017-03-22,108.74053549923116,109.24289724138193,107.65607997423224,108.7724380493164,841400
2017-03-23,108.57306586840643,110.04823605376346,107.8873071991699,109.28274536132812,1188700
2017-03-24,109.10736172523083,109.58579055846461,107.38498872416504,107.60028839111328,1313400
2017-03-27,106.7470774403588,108.61298771325782,106.55571076322302,108.3817367553711,2522700
2017-03-28,108.31789520251071,109.70536382545977,108.31789520251071,109.44222259521484,1014000
2017-03-29,109.0515078329546,109.4821070464071,108.62889033987581,109.06745910644531,740000
2017-03-30,109.04336595779559,109.8864871982715,108.88277435302734,108.88277435302734,2069300
2017-03-31,108.50539939793104,109.4689614747491,108.49736185202876,108.63386535644531,1844700
2017-04-03,108.96306757046852,109.55727000501176,107.67028489368523,108.36083984375,1624200
2017-04-04,108.46523955134826,108.71415840682221,108.14404405044998,108.68204498291016,1109800
2017-04-05,109.07547903642974,110.08722942277593,108.4170497832344,108.59370422363281,930800
2017-04-06,108.78641434886019,109.0674588587689,108.4009920300792,108.55355834960938,860400
2017-04-07,108.22432449281332,108.84261498842405,107.8629903468835,108.40900421142578,2908200
2017-04-10,108.57766234587942,109.2923055373076,108.45722168252044,109.01126098632812,859000
2017-04-11,109.03534634072182,109.5813725895344,108.72218837161151,109.54122161865234,1004000
2017-04-12,109.57332500373188,109.58937558693437,108.68202754185046,108.81049346923828,899300
2017-04-13,108.66596369881545,108.86670625816764,107.7345152828564,107.83890533447266,626900
2017-04-17,108.22433571342548,109.12365852584351,107.93526591624048,109.09154510498047,1092400
2017-04-18,108.43310585756872,109.22002558731822,108.17616172820402,108.6177978515625,701000
2017-04-19,108.98713653978028,109.23605532935481,108.22431733717539,108.36885833740234,577400
2017-04-20,108.89882711885727,110.2799370017748,108.56158106638034,109.92662811279297,985300
2017-04-21,109.90253441375836,110.536887773829,109.86239570306203,110.24781799316406,1121300
2017-04-24,110.73766409379007,112.33556754004084,110.73766409379007,112.22315216064453,1006800
2017-04-25,112.59248912429292,113.90935984056259,112.52825003418786,113.80496978759766,1189400
2017-04-26,113.48378198233664,114.3831047025905,113.01805778724713,113.68452453613281,1511300
2017-04-27,113.44361626321604,113.90131510745874,110.58504462940685,113.29908752441406,1855100
2017-04-28,113.21881456476937,113.37138088519794,111.89391844420862,112.81732940673828,1910900
2017-05-01,113.66042280524174,114.13417223493036,112.42384196055251,114.04584503173828,1671200
2017-05-02,114.42326879676605,115.29047819898199,114.02980893531901,115.24230194091797,2492300
2017-05-03,115.21818794345029,115.88465461919672,115.03349599253197,115.48316955566406,1906500
2017-05-04,115.5554662560675,116.89642527315121,115.547428711043,116.23798370361328,2303200
2017-05-05,116.43072238270105,118.566626851115,116.43072238270105,118.21331787109375,2316900
2017-05-08,117.89216697820451,118.34985391732513,117.17751127521892,117.38629150390625,1589900
2017-05-09,117.39426111659273,117.58697840880919,116.41463632278041,116.67159271240234,943200
2017-05-10,116.79203082282872,116.91248372247804,116.14162682272853,116.63143920898438,928300
2017-05-11,116.42267258872073,116.47084884815685,115.05761322547131,115.51531219482422,1065800
2017-05-12,115.51532315516178,116.51903616316494,115.40290778835967,115.68395233154297,1288100
2017-05-15,116.0372579223137,116.60737234564297,115.72409992988128,116.49495697021484,710600
2017-05-16,114.60793993888738,116.62340310063165,114.53567555721264,115.90876007080078,2118700
2017-05-17,115.9087630247988,115.9087630247988,114.45537654851819,114.47947692871094,1349800
2017-05-18,114.54369992132114,115.25031765380642,113.49181086650553,114.59188842773438,1271300
2017-05-19,114.81673258752814,115.59561479249714,114.47144897232864,114.90505981445312,1339500
2017-05-22,115.50725727382031,115.53937068775541,114.71231243996951,115.07364654541016,820900
2017-05-23,115.29048306599105,115.29048306599105,114.4955380173124,114.6882553100586,639100
2017-05-24,115.0496106003156,116.36648171122653,114.7284273058914,115.74016571044922,1081000
2017-05-25,115.74812529119865,116.0371949930108,115.08167094625013,115.72403717041016,781300
2017-05-26,115.4992442670798,115.84452786507887,115.26638827261644,115.55545806884766,694200
2017-05-30,115.34668131234965,115.86861937060993,115.09776247407606,115.6036376953125,885200
2017-05-31,115.49121595859086,115.87663825938127,114.808686324874,115.67589569091797,1494000
2017-06-01,115.99711920079844,117.17747451661525,115.62774739447346,116.49495697021484,1085100
2017-06-02,116.80809699112558,118.43812581022364,116.25404549306026,117.86801147460938,1192100
2017-06-05,117.72344771469666,117.90010211818068,116.32627531960071,116.39855194091797,1291900
2017-06-06,116.01310687222231,116.29415128455508,115.50724408331381,115.72403717041016,770800
2017-06-07,116.09343999091219,116.17372966434482,114.96927429167263,115.11381530761719,883000
2017-06-08,115.11378097789888,115.75615943555529,114.44731440016098,115.2261962890625,1065800
2017-06-09,115.3627611796556,117.30594816634262,115.3627611796556,117.11324310302734,1152400
2017-06-12,116.83214528252691,117.37815904945425,115.81236986211738,115.97296142578125,1199700
2017-06-13,115.96500766965521,117.49065909644686,115.65987493382518,117.45050811767578,831400
2017-06-14,117.45047014352022,117.51470923831242,116.27812810518282,116.88035583496094,774100
2017-06-15,116.26211441046823,117.66731304057139,116.1978875408829,116.59937286376953,2037700
2017-06-16,116.96067050081487,117.23367749413993,116.14966256157369,116.84021759033203,1735700
2017-06-19,117.53075753252655,118.34176536766458,117.08913367451174,117.3541030883789,1268600
2017-06-20,116.62344725064087,117.07310879887193,116.12559717736366,116.22196197509766,801400
2017-06-21,116.3584592759997,116.95264961051886,115.0737015620231,115.210205078125,749900
2017-06-22,115.08171180845844,116.05329903151092,114.9853470387378,115.8284683227539,1007800
2017-06-23,116.10950038604956,116.4547717044953,115.4751470417909,116.38250732421875,4010200
2017-06-26,116.45478147019347,116.86429191178809,116.0934472861565,116.35842895507812,1150900
2017-06-27,116.47084330330804,116.84020277630404,115.49121856689453,115.49121856689453,796500
2017-06-28,116.56719724605759,116.63143634048635,115.94890668299094,116.30221557617188,869700
2017-06-29,116.54469238576958,116.76292918682374,113.78848307093597,114.58867645263672,891700
2017-06-30,114.75033446149548,116.27796748417207,114.68567124537853,115.63134765625,938100
2017-07-03,116.17286581833983,116.98922797283119,115.98696681612434,116.62549591064453,411600
2017-07-05,116.51237227603377,116.78719405479126,115.13831271524079,115.26763916015625,718700
2017-07-06,115.02513690817366,115.93848782225048,114.76649639262995,114.87965393066406,533600
2017-07-07,115.12210706533506,116.49617852060591,114.83114115705992,116.39917755126953,708700
2017-07-10,116.01927916690845,116.81139407235358,115.64748120440807,115.98695373535156,591100
2017-07-11,116.08395026310198,116.16478234736046,114.92812792432149,115.39692687988281,645400
2017-07-12,115.78490753320057,116.58510086292736,115.72832260083537,116.1728744506836,948700
2017-07-13,116.31029684765751,116.94074780949765,115.81725059973147,116.690185546875,1004800
2017-07-14,116.92457272755739,117.82983297378259,116.67401050463762,117.66010284423828,1013600
2017-07-17,117.54693517671426,118.07231912698053,117.39337392962476,117.64393615722656,1195100
2017-07-18,116.8680028327711,117.60353304409153,116.8680028327711,117.39338684082031,757300
2017-07-19,117.34485999295684,118.17739105224611,117.05389406920898,118.1773910522461,1478500
2017-07-20,118.02384531054906,118.28248585928105,117.30448394075789,118.01575469970703,1299900
2017-07-21,117.91876563125719,117.91876563125719,116.91650421689283,117.7166976928711,1226600
2017-07-24,117.46611961316616,117.46611961316616,116.64976969192588,117.15089416503906,1308200
2017-07-25,117.9996032981273,118.45223352811298,116.98117294741074,117.23173522949219,1284700
2017-07-26,117.1670965414336,117.32874844994198,116.24566709636076,116.31031799316406,1108100
2017-07-27,116.45580150476083,116.63362228601714,115.34847309414104,116.10823822021484,1243200
2017-07-28,116.37496525442346,116.54470775167799,115.27571516085379,115.97891998291016,928900
2017-07-31,116.53661896886031,116.5770350243881,114.67760374706766,114.89582824707031,1826700
2017-08-01,119.62423499846972,120.94980035242007,118.12892712768893,120.36784362792969,4473400
2017-08-02,119.89902618192765,120.35165638010231,118.79977612925438,119.71312713623047,3983700
2017-08-03,120.0040976833687,120.10917694872921,118.57345335208298,118.75127410888672,1860000
2017-08-04,119.14737094585537,119.65657388704528,118.83214537911832,118.9937973022461,804500
2017-08-07,119.57570398170952,119.57570398170952,118.75934176216147,119.05841064453125,866600
2017-08-08,118.98570960742303,119.05036050495738,117.70863854924094,117.88645935058594,866100
2017-08-09,117.87834531809881,118.29865006806615,117.66012083246477,118.2097396850586,1162800
2017-08-10,117.61968909196055,118.00765601459003,117.11047402690268,117.2155532836914,1054200
2017-08-11,116.2375418756477,117.8379162599088,116.2375418756477,116.87608337402344,1068600
2017-08-14,117.58738793993795,119.16351561637866,117.49847754110027,118.52498626708984,1337800
2017-08-15,118.41178367566263,118.74317797562117,117.84599604966347,118.66234588623047,1319200
2017-08-16,118.81591566489647,119.75351360563224,118.74317418671305,119.68885040283203,1232300
2017-08-17,119.52724501717074,119.70506581067083,117.6278012380787,117.63587951660156,1207600
2017-08-18,117.54691334548968,118.29053394724325,117.03771070866681,117.81364440917969,1402400
2017-08-21,117.79751495292273,117.80559322947055,117.134726278603,117.32062530517578,1584700
2017-08-22,117.8783518801094,118.65429820530211,117.52271032828143,117.9672622680664,1232400
2017-08-23,117.49038724202434,117.81369102294802,117.15899284996593,117.3287353515625,2214400
2017-08-24,117.57930462144166,117.85411408488812,117.12667436794176,117.38531494140625,953800
2017-08-25,117.23982072026284,118.38756513424156,117.23982072026284,118.01575469970703,953200
2017-08-28,118.55731955698408,118.57348844872857,117.48232875436571,117.82987976074219,540600
2017-08-29,117.029659773254,117.58736924700823,116.90842394558916,117.49845886230469,458600
2017-08-30,117.48231155611343,117.87835684649546,117.29640016139436,117.61162567138672,879200
2017-08-31,118.00767400499299,118.00767400499299,117.39339192274448,117.49845886230469,1192700
2017-09-01,117.7328602026611,118.09658000540064,117.23172335600567,117.72476959228516,992800
2017-09-05,117.32063784384476,117.85410015093358,116.28605100580778,116.7710189819336,1748700
2017-09-06,116.69019354855364,117.11857660755733,116.27797937854498,116.79527282714844,2832400
2017-09-07,116.7952648182643,116.85992803656173,116.22138646415452,116.690185546875,2214300
2017-09-08,116.6578622171481,117.49845940374314,116.41537822745306,117.17515563964844,1715400
2017-09-11,118.01574500564944,120.73962898729717,117.49845161742878,120.57796478271484,3024700
2017-09-12,121.11949603049776,122.38847594368752,120.49712348713348,120.65877532958984,2061200
2017-09-13,120.44059597651689,120.88514800513653,120.04455062367923,120.59416961669922,1540700
2017-09-14,120.925514771029,121.60445995618245,120.24656958587555,121.29732513427734,1558800
2017-09-15,121.25694531684775,121.531754783435,120.82047161509195,121.34585571289062,1750600
2017-09-18,121.36199374420512,122.00861358642578,120.98210504939728,122.00861358642578,2531000
2017-09-19,121.97629948610602,122.29152499267792,121.30543241658144,121.64490509033203,2621900
2017-09-20,121.91164684401339,122.16220914877367,121.28927405482662,122.03288269042969,2491400
2017-09-21,121.83886191783051,122.42889671554234,121.4428044052593,122.08942413330078,1587000
2017-09-22,122.04904569604341,122.2268664843797,121.37010032234988,121.45092010498047,2424600
2017-09-25,121.48320835809425,122.51779488667789,121.19223012610233,122.47737884521484,1273500
2017-09-26,122.67142437022193,122.84115455520475,121.9682194612577,122.03288269042969,698100
2017-09-27,122.2914864503665,122.51780149487307,121.32156306916049,122.30765533447266,942100
2017-09-28,122.41277056626785,123.06746879867032,122.19453371105043,122.32386016845703,1089200
2017-09-29,122.45315987198843,122.5339919735196,121.61256274900087,122.22684478759766,971200
2017-10-02,122.08139870280652,123.47162754369492,121.68535331203447,123.01899719238281,1081000
2017-10-03,123.29380677342765,124.06167504825046,122.63103013962257,123.8191909790039,791200
2017-10-04,123.7059725679041,124.12627725906108,123.44731973234717,123.58472442626953,774800
2017-10-05,123.85144397488226,123.9403543371483,123.20482427960604,123.91610717773438,807000
2017-10-06,123.91614921395605,124.70506241637699,123.63962626325063,124.6806640625,1315000
2017-10-09,124.7294459722111,124.7294459722111,124.07879432233692,124.2251968383789,690800
2017-10-10,124.2821241924775,124.66438157756544,123.76160534620962,124.5911865234375,1068100
2017-10-11,124.57492182421345,124.57492182421345,123.56641108961041,124.37972259521484,696400
2017-10-12,124.08693963178759,124.76197724562908,124.0218732235556,124.71318054199219,588000
2017-10-13,124.84327222758326,125.58338841596643,124.77007719624277,124.81074523925781,1388000
2017-10-16,125.16049486401403,125.46141612041876,123.8266646216384,124.6155776977539,926600
2017-10-17,124.9897124251618,125.20931001741087,124.27400670362482,124.81892395019531,585700
2017-10-18,124.91650279814176,125.10357336720442,123.66400862389149,124.59931182861328,1114600
2017-10-19,124.29026505482175,124.6237133264867,123.63961339547002,124.32279205322266,929200
2017-10-20,124.9652701502642,125.85178885548306,124.92461451537518,125.42886352539062,812200
2017-10-23,125.37197881254966,125.58344777211954,124.64000333289292,124.92466735839844,883600
2017-10-24,124.81885224754299,125.46950359256606,124.81885224754299,125.12791442871094,802000
2017-10-25,125.15241401506383,125.91692903318874,124.58308587125013,125.7298583984375,1694800
2017-10-26,130.00785118110613,131.72393898134672,129.0074690781607,131.26034545898438,2326500
2017-10-27,131.18713985817047,132.45590373929684,130.7154177261867,130.84555053710938,1047600
2017-10-30,130.91064027857166,131.04076070254158,129.6744031747316,130.0891876220703,852100
2017-10-31,130.76425075511034,130.76425075511034,129.47108816395345,129.66627502441406,866100
2017-11-01,129.87768491576884,130.65032817726552,128.9342408189234,130.0647430419922,899400
2017-11-02,130.28439123013553,130.7642421105811,128.6414982723424,129.65000915527344,881700
2017-11-03,129.86955436004482,129.86955436004482,128.81225950101293,129.51983642578125,460700
2017-11-06,129.7069154960895,130.09731395425868,128.96681145737648,129.15386962890625,434700
2017-11-07,129.62557333646632,130.1135527244799,129.29211268806156,129.94276428222656,638600
2017-11-08,129.95093417165177,131.02451150427268,129.89400880954963,130.89437866210938,672600
2017-11-09,130.14606396921374,132.00854118924093,129.86140008019024,130.57711791992188,1257100
2017-11-10,130.29250421522678,130.89435921319236,129.9753132159278,130.37384033203125,585300
2017-11-13,132.18751458730668,133.02522442355726,131.2359416396283,132.37457275390625,1935100
2017-11-14,131.56942901599524,131.97608484075,130.95130421987145,131.87847900390625,1232100
2017-11-15,131.15461959139455,131.45555331184076,130.32505072352595,130.8292999267578,770300
2017-11-16,131.0244845766576,131.74019024116512,130.83741400068726,131.08953857421875,1206100
2017-11-17,130.80487241419885,132.05736649501674,130.41448642162726,131.41485595703125,923300
2017-11-20,131.39042280654218,132.15493729668415,131.15455561610588,131.4066925048828,695900
2017-11-21,131.83782130141108,132.30953112986563,131.56128591315922,131.99234008789062,474000
2017-11-22,132.2363007653212,132.2363007653212,131.3904623492038,131.4473876953125,455300
2017-11-24,131.66699963374143,132.24445626532557,131.06514464971065,131.3986053466797,295600
2017-11-27,131.57755746824037,131.69954925142417,130.78864417658284,130.89437866210938,819500
2017-11-28,130.85369699203517,132.78938248495928,130.80490028383534,132.76498413085938,826100
2017-11-29,132.6347945131487,132.82999367252094,131.75641691119014,132.2606658935547,618200
2017-11-30,132.83819276671966,133.91175768726293,132.22820903159368,132.60232543945312,1275500
2017-12-01,132.80562781845907,133.0333664531274,130.8130171488361,131.4636688232422,749000
2017-12-04,131.9110291163912,133.6759140497253,131.71582983702564,132.08181762695312,864700
2017-12-05,132.17121206802221,132.4721456814838,130.93498785377156,131.7401580810547,581600
2017-12-06,131.0082088192768,131.59379405145813,130.21116707942076,130.47142028808594,815400
2017-12-07,130.13793641283226,131.0651107967699,130.0484716735863,130.92684936523438,1090100
2017-12-08,131.18709872552387,131.33348878430155,130.2924514436247,130.87803649902344,1010200
2017-12-11,132.87073210538654,133.07406003596842,132.17942458749943,132.6674041748047,1233000
2017-12-12,132.8625735784556,132.8625735784556,132.10618739350375,132.48031616210938,710900
2017-12-13,132.65108869113206,132.8950721726906,131.69950347246748,132.15496826171875,860000
2017-12-14,131.8946819847716,132.13867783821445,130.54458235117983,130.56085205078125,702200
2017-12-15,131.35792678314044,131.45553259526918,130.1379596177873,130.47142028808594,1799800
2017-12-18,130.58528199546166,132.09804176070674,130.52835664829823,131.8703155517578,1057200
2017-12-19,131.89473357428977,132.70804513045618,131.57754256379084,132.1793975830078,957100
2017-12-20,132.87068601313783,133.14722133451582,132.2281754358501,132.43150329589844,583400
2017-12-21,132.75681548107087,132.96828438618542,132.04110989264007,132.69989013671875,581200
2017-12-22,132.96017366231524,133.0577794908456,132.59418593323855,132.911376953125,833800
2017-12-26,132.95205115434925,132.95205115434925,132.09807147363065,132.56979370117188,626400
2017-12-27,132.93574030645172,133.29359929315765,132.49655762922407,133.1146697998047,936400
2017-12-28,133.53761112925542,134.01746191411084,132.97642423402027,133.8873291015625,711300
2017-12-29,134.19001951912225,134.70538388745825,134.0100638879873,134.22274780273438,835000
2018-01-02,134.87716524543598,135.41705705947356,133.99368889221736,135.39251708984375,1051900
2018-01-03,135.43337569404582,136.30048761543244,134.97527977196816,136.1287078857422,798200
2018-01-04,136.8649665951394,137.30671097706698,136.34960231028424,136.65228271484375,932400
2018-01-05,137.39674895400378,138.22295731405146,136.685052166452,137.79757690429688,742200
2018-01-08,137.64211325579768,138.09203352688155,136.7095569130887,137.94479370117188,802100
2018-01-09,138.30474287796923,139.46634737986386,137.7402985288254,138.2965545654297,834500
2018-01-10,138.31291943322424,138.40290349634463,137.24129898836205,137.71575927734375,902700
2018-01-11,138.28016286532952,139.49903538336258,138.05111483917557,139.0409393310547,695200
2018-01-12,139.06550204242686,139.31909007841372,138.182025590413,139.18820190429688,648700
2018-01-16,140.2352291165252,140.28432152482696,135.59698886520505,136.40684509277344,1115500
2018-01-17,137.6339089793666,138.37832123019365,136.77497272704153,137.8874969482422,806400
2018-01-18,137.26583869730715,138.239299246775,135.9978859856657,136.52960205078125,1032500
2018-01-19,136.6113646513153,137.41303263749236,136.4150324480521,137.2657928466797,1057400
2018-01-22,137.1348955137887,137.9856433731786,136.24324355452325,137.9202117919922,976800
2018-01-23,137.4212487650171,138.828265301105,137.14310830021302,138.73828125,1058600
2018-01-24,138.8609458519784,139.97346998224458,138.8527700247468,139.72805786132812,877700
2018-01-25,140.4479483509297,143.2946968700793,140.4479483509297,142.3376007080078,2585900
2018-01-26,134.34540040337018,140.11252886633807,133.08563653546355,138.9427490234375,2700900
2018-01-29,136.57047869053955,139.31906749044518,135.76063476913194,136.3414306640625,2032500
2018-01-30,136.36597856435134,138.19018705353687,135.70337441477437,137.67483520507812,1790600
2018-01-31,138.23108635430984,138.52557846411761,136.7504499763419,137.73208618164062,1867800
2018-02-01,136.783205570216,137.6748579066196,135.2616647794079,136.4396209716797,1477000
2018-02-02,136.12058254735615,136.12058254735615,132.995705357781,133.20838928222656,1356900
2018-02-05,132.85657025918314,133.78093786272407,127.24487065622425,127.8829345703125,1707500
2018-02-06,126.26323523049147,131.53135045152237,125.57607891281192,131.06507873535156,2396600
2018-02-07,130.5497745477106,132.3821714324066,129.339090212881,129.4208984375,1650000
2018-02-08,129.33909586781553,129.78082784639687,124.92172615326956,124.99534606933594,1218700
2018-02-09,126.9258647877105,130.0752809120865,125.06075258129817,129.32269287109375,1787000
2018-02-12,130.0998424321364,131.45777895121464,129.5354106695093,130.62338256835938,1266300
2018-02-13,130.28795327709526,130.9341930309212,128.9545571929838,130.42701721191406,1189300
2018-02-14,129.14274002450205,132.251264895496,128.83189627492922,131.92405700683594,1115500
2018-02-15,132.52941250037694,134.19001712181185,130.88517202045574,133.83009338378906,1092700
2018-02-16,133.47834438156562,134.50088487521816,132.4558038879131,133.85464477539062,1194900
2018-02-20,133.19202035012577,134.1654682675425,132.77481590333673,133.26564025878906,1248700
2018-02-21,133.38831226443781,134.87713667828106,131.4659443182325,131.5068359375,711700
2018-02-22,132.20224730871115,133.76469255062122,131.46602297092264,132.98756408691406,771900
2018-02-23,133.97733349437837,134.41088962903896,133.1756653090678,134.378173828125,632600
2018-02-26,134.5581379223971,135.66247404138542,133.80554970201163,135.33526611328125,891700
2018-02-27,135.58068497905802,136.17784509424587,133.83827209472656,133.83827209472656,757200
2018-02-28,133.9282280817067,134.95076829581564,131.49867153440943,131.53138732910156,816400
2018-03-01,131.44959342535844,132.16946574037823,130.2061810127371,131.56411743164062,1453100
2018-03-02,131.09781870368994,131.36777079218604,129.1836266021858,130.69699096679688,1560300
2018-03-05,130.17348452990353,133.84644158626924,129.94443648335798,133.5683135986328,990500
2018-03-06,133.7891307716505,135.40883057217695,132.5130028995886,134.3208465576172,771700
2018-03-07,132.96296208961348,134.98350283180181,132.84026223975673,134.59085083007812,893700
2018-03-08,135.8424528559501,137.78937388355226,134.99988051658252,136.67684936523438,1990700
2018-03-09,137.76483815800145,140.21893533445672,137.13494972103314,139.96534729003906,1369900
2018-03-12,139.98986267637738,140.6524668004957,139.22908619455822,139.7853546142578,1210500
2018-03-13,140.70151796971774,141.0205499821061,139.60535797660685,139.8262176513672,1533500
2018-03-14,140.0389821496165,140.22712612487203,138.01026509565864,138.2311248779297,1374300
2018-03-15,138.73007338485735,139.04092960525696,138.1329133928826,138.31288146972656,1091100
2018-03-16,138.54199291056852,139.06553324231095,137.51127639306546,138.70559692382812,1808000
2018-03-19,138.0429112265804,138.19015100710962,135.50700682747245,136.34957885742188,1935600
2018-03-20,136.75859753187345,137.3721215936182,135.155261640534,135.51519775390625,806800
2018-03-21,135.41703730615424,137.25760965299614,134.76262156857675,135.9896697998047,879800
2018-03-22,134.71355203360199,135.20437640232518,131.5886751647564,131.85862731933594,1101000
2018-03-23,132.43125944091528,132.43125944091528,129.01189013710078,129.28182983398438,762400
2018-03-26,131.0323708905884,131.93221115983798,129.66625883249407,131.65408325195312,793600
2018-03-27,131.973118967544,132.39031084109232,129.28997470298958,129.76443481445312,872100
2018-03-28,130.68880879354333,131.4086810633333,128.93004470424617,129.3963165283203,1083400
2018-03-29,129.91534290501212,131.8182286583488,129.4540262218324,131.00270080566406,1040500
2018-04-02,130.93673709180612,131.51336696369532,127.84763502498345,128.959716796875,1197400
2018-04-03,129.3304144799855,131.34862544043685,128.5231326097228,131.20858764648438,896600
2018-04-04,129.40454462934375,133.68809706965246,128.37484391919315,133.55630493164062,1244200
2018-04-05,134.08355666950874,135.79698074069117,133.69638806560923,135.18739318847656,874700
2018-04-06,133.83643415788953,134.53663594931092,130.56610238593612,131.768798828125,797900
2018-04-09,132.81491045543513,133.54805684490287,131.8923026582411,131.99114990234375,880100
2018-04-10,133.47393901025353,135.38506977880897,133.02086813239856,134.42950439453125,742000
2018-04-11,133.3174216365955,133.5892641616022,132.14768301266946,133.12796020507812,826400
2018-04-12,133.6304918483751,134.97322611397988,133.55635638538422,134.30596923828125,545200
2018-04-13,135.27797658176743,135.64866636482475,133.7622599841699,134.24827575683594,570300
2018-04-16,135.54984876383327,136.41480015992997,134.98145177298136,136.27474975585938,707400
2018-04-17,137.15609834740616,139.11665200370848,136.47237574819496,138.50706481933594,782800
2018-04-18,139.11675087771073,139.3391572802968,138.38360414754007,138.69662475585938,683100
2018-04-19,138.35062495345647,138.6801368178493,136.1758969268334,137.40330505371094,711800
2018-04-20,137.24681154443127,137.54336598740468,135.76403932956424,136.96673583984375,549300
2018-04-23,136.76902803628687,137.3291920123872,136.05236003984714,136.83493041992188,585400
2018-04-24,137.20559687772766,137.75751510554096,133.29273307656234,135.09677124023438,948800
2018-04-25,135.38507139992532,136.49714076478702,134.20708710339707,136.3900604248047,1230900
2018-04-26,135.57456081433637,137.68338655762685,133.20212556833812,136.98318481445312,1744800
2018-04-27,136.8678375188852,137.56803915318994,134.66839792221208,135.93699645996094,1031700
2018-04-30,136.694875469613,136.84314638704927,133.66342904956792,133.68814086914062,998200
2018-05-01,132.987938705333,133.87760183180674,131.38160774208527,133.85289001464844,1225700
2018-05-02,133.95172121268487,134.46244879880504,132.80669439988662,133.19386291503906,1057700
2018-05-03,132.94676075702947,133.26802698013537,131.03564215459224,132.15594482421875,1142200
2018-05-04,131.67815278365705,134.6354506768295,131.15094643899792,134.07528686523438,1038300
2018-05-07,134.2482599482959,135.60745984931546,134.14941270301117,134.64366149902344,1068300
2018-05-08,134.80845650804014,135.1791589419066,133.88584838903162,134.69313049316406,812700
2018-05-09,135.36038839058358,136.01938701240275,134.44601334777752,135.82992553710938,760700
2018-05-10,136.02760179361388,136.7936931739292,135.73104745326177,136.40652465820312,1024100
2018-05-11,136.85139263269215,137.9799409633766,136.48893585126544,136.98318481445312,1035400
2018-05-14,136.96671132309032,138.35062342951917,136.48068289966358,137.37034606933594,964400
2018-05-15,136.85138647699597,137.2055975895348,135.64869017177773,136.81019592285156,1181400
2018-05-16,137.1149819767047,138.23529716201915,136.69486849580886,137.18911743164062,935300
2018-05-17,136.57129121846256,137.92225836552808,136.52186758387103,137.3785858154297,781500
2018-05-18,137.37863929454397,139.08381819970631,137.30449124420045,138.58956909179688,1017500
2018-05-21,139.17434048193445,140.27817658695236,138.72951532171126,139.57798767089844,886600
2018-05-22,139.81692672362186,140.2288071520762,137.99642226882588,138.15293884277344,864000
2018-05-23,137.2797110128614,137.82339607328862,136.0276038410531,137.55979919433594,840900
2018-05-24,137.56807639665834,137.7410717239463,135.94526634617213,136.81845092773438,591700
2018-05-25,136.41474779239488,136.58773046345308,135.29443297705217,135.9204864501953,607300
2018-05-29,134.88261352896512,135.2697821553451,132.55960177068513,133.28451538085938,735300
2018-05-30,134.33892004833692,134.74256738725225,133.61400648280502,134.2977294921875,602300
2018-05-31,134.00937804697514,134.42125837670338,132.6666567193824,132.9632110595703,1293300
2018-06-01,134.0505598754492,134.94022283815087,134.02584806283994,134.71780395507812,578900
2018-06-04,135.352111775783,135.77223775612086,134.33065660386532,134.70957946777344,637200
2018-06-05,134.75904831269176,135.9534991542813,134.70962466773685,135.81346130371094,734600
2018-06-06,136.0522691147781,138.24347477025864,135.62391019222426,138.16932678222656,1169300
2018-06-07,137.98816803026986,138.39181535009422,137.07379303320874,138.16116333007812,1102600
2018-06-08,138.16941815962153,138.93552236564648,137.2220981118558,138.81195068359375,764100
2018-06-11,138.9272093581479,139.60269903101963,138.40824876782685,138.7542266845703,852300
2018-06-12,138.77072008517902,139.5862350574351,138.07051852777312,138.39178466796875,1150200
2018-06-13,138.7131035956192,138.79548471710766,135.71461428951773,136.81845092773438,1074800
2018-06-14,137.14791003620783,137.535078532857,136.00288327813186,136.51361083984375,706800
2018-06-15,136.07704733860672,136.07704733860672,133.97645480359103,135.2450408935547,1810400
2018-06-18,134.2070768622639,134.5777666222644,133.3915493345914,134.5530548095703,887300
2018-06-19,132.6419595823987,132.77375174960642,131.2086113512877,131.4310302734375,1279700
2018-06-20,131.6617202804866,131.6617202804866,129.3551869991148,129.80825805664062,1352500
2018-06-21,129.82468289838894,129.83291597980042,128.02064507166756,128.89382934570312,1542100
2018-06-22,129.9235231950489,130.76376252884577,129.33864763682035,130.22007751464844,1258700
2018-06-25,129.8246891764754,129.92353643655312,127.4110638296569,128.3089599609375,1175100
2018-06-26,128.36664560370588,129.46224896437562,128.22660777755002,128.391357421875,829400
2018-06-27,128.9020393290351,129.97293049136186,127.78997019743966,127.81468200683594,889300
2018-06-28,128.15247964126377,129.07508775784345,127.59231573505977,128.53140258789062,1180100
2018-06-29,128.92131096468086,131.31888190827297,128.80516614127916,129.19508361816406,998800
2018-07-02,128.64755246422456,129.3112299434647,128.0004454019434,128.99598693847656,1110100
2018-07-03,129.87539025759776,130.4892932828471,128.40697766633465,128.58949279785156,346800
2018-07-05,129.57669388375865,130.09935185526416,128.78856748751852,129.24484252929688,1140600
2018-07-06,128.97109436300664,130.69667092868374,128.3903576042951,129.9500274658203,718800
2018-07-09,130.7961929351951,131.46817437937878,130.70493541445214,130.98699951171875,744100
2018-07-10,130.9621599202692,132.4637511327825,130.7879363504005,132.45545959472656,718500
2018-07-11,131.4184154726806,131.58433480498124,129.8421501687404,130.58880615234375,696300
2018-07-12,131.02848232556448,131.36862514412653,130.19887310497344,131.0118865966797,732000
2018-07-13,130.71328285441902,131.27742394906258,130.35655681274832,130.52247619628906,573100
2018-07-16,130.2072093525288,130.76304620213665,128.9876823667737,129.04576110839844,674600
2018-07-17,128.9129794775732,129.84213777684656,128.3654343402875,129.5849609375,812800
2018-07-18,129.41909828131674,130.08278849657825,129.20340434136287,129.36932373046875,732100
2018-07-19,128.67244211559188,129.1453129612345,127.95897741926568,128.09170532226562,1429800
2018-07-20,127.36163934986594,128.97108362034507,126.93853045182838,128.0502166748047,2490300
2018-07-23,128.07513230716702,128.30742197921046,127.36995909349662,127.65202331542969,1166500
2018-07-24,128.9627576102584,129.83384986958447,128.44840391719262,128.83001708984375,1932600
2018-07-25,128.83005069459185,130.63860594520492,128.19955204640866,130.49757385253906,1348100
2018-07-26,131.75027256950113,135.18485512984975,131.75027256950113,134.02340698242188,1715200
2018-07-27,134.0399927054006,134.95255542198998,133.21867486751916,133.76622009277344,1252700
2018-07-30,134.214207010882,135.76557252986643,133.53393388906676,133.75791931152344,1055500
2018-07-31,133.981920096068,136.9602148483184,133.8160007453631,136.1969757080078,1655200
2018-08-01,135.9978623770591,136.14719865111658,133.72474073088173,134.42990112304688,1266700
2018-08-02,133.4841218002419,133.5670877878667,132.16504614530137,132.72918701171875,907300
2018-08-03,133.55058437580294,134.21427475908206,132.43891026264407,132.7043914794922,903400
2018-08-06,131.8415554006474,134.03172422646117,130.25699803508707,133.53396606445312,1031100
2018-08-07,133.83259904727947,134.5211637329815,133.38460286705748,133.50074768066406,740400
2018-08-08,133.79108447181233,134.2473720814608,132.82044318883223,133.27671813964844,573600
2018-08-09,133.26846748475103,134.1893345216705,132.9449202911759,133.13572692871094,588100
2018-08-10,132.66283868702914,132.6877259556648,130.53904070455567,130.97042846679688,923800
2018-08-13,134.56266893234357,137.08468909928817,133.82431692573124,134.76177978515625,1862400
2018-08-14,135.1433941615566,137.53267377879507,135.04384506378418,136.32974243164062,1617700
2018-08-15,135.32586456042105,136.48732517224715,134.2224826756612,136.2301483154297,1381400
2018-08-16,136.8275007161979,137.23401396390443,136.12234017487532,136.65328979492188,1169200
2018-08-17,136.29653709587868,138.2461244545288,136.10573045827766,138.2212371826172,1290400
2018-08-20,137.96403603476304,139.25822458219793,137.96403603476304,138.53646850585938,1342700
2018-08-21,139.0425095258787,139.14205858087274,137.70683818310312,137.798095703125,892400
2018-08-22,137.8147069591653,137.8147069591653,136.29652026584387,136.35459899902344,842800
2018-08-23,136.34626133787629,136.59513394207033,135.7240545097305,136.40432739257812,672800
2018-08-24,136.71136169740257,138.1217081577116,136.20529933029871,137.6903076171875,512800
2018-08-27,138.1549015792257,139.19191369860312,137.7898712877906,138.785400390625,650000
2018-08-28,138.8931976856665,139.46563017011272,138.03040952019987,138.5530548095703,706700
2018-08-29,139.67306898104485,140.20401860431716,137.74007714631537,139.614990234375,801300
2018-08-30,139.00936291224372,139.6066827525653,137.60732086090107,138.32078552246094,583000
2018-08-31,138.33739072861295,138.90982333635213,137.57415147123965,137.9557647705078,762100
2018-09-04,137.80642495250504,138.01382731305853,135.57477352753597,136.3380126953125,925800
2018-09-05,136.52054426488465,137.93918215220373,136.22188432328258,137.20912170410156,840100
2018-09-06,137.1344245630841,138.0469872293353,136.53710483372558,137.76492309570312,598700
2018-09-07,137.424801093852,137.59073311184406,136.01446755276942,136.76112365722656,641100
2018-09-10,137.59071222562656,138.34564709401454,136.97679676522094,137.76492309570312,568200
2018-09-11,137.3833208082986,139.0840099401485,137.16761426404992,138.24610900878906,620500
2018-09-12,138.01382520376376,138.58625773555642,137.4828756752149,137.91427612304688,459900
2018-09-13,138.57793421419817,139.3826562613311,138.16312955727741,139.06741333007812,515500
2018-09-14,139.61498152199624,141.03361938095162,139.23336822909047,139.88046264648438,823800
2018-09-17,139.79750169824393,140.49438334586995,138.56139156169084,139.99661254882812,731200
2018-09-18,140.38646920506514,140.80127380319882,139.59003880676255,139.94677734375,612600
2018-09-19,140.57730609183474,141.67239654330783,140.06295233005255,140.3450164794922,1047000
2018-09-20,140.7017611673407,142.1369819038786,140.69345697157638,141.3820343017578,666100
2018-09-21,142.004252131543,142.41076533094395,141.1829341951829,141.5396728515625,2393200
2018-09-24,141.44011394881448,141.87980592676735,140.35331497998894,140.90916442871094,791000
2018-09-25,140.92577063006513,141.1497687537109,139.82238840619755,140.07127380371094,498700
2018-09-26,139.91362599986795,140.22888163565875,138.84343539974785,139.20846557617188,913900
2018-09-27,139.490500046565,140.47773708838105,139.0342124231837,139.80575561523438,763200
2018-09-28,139.45504009987772,140.05628440589635,138.76193867093937,139.49679565429688,884700
2018-10-01,140.34858321488474,141.7932338886931,140.24002130426047,141.4842529296875,595600
2018-10-02,141.70970132244744,142.2858948500953,141.22536491865657,142.14393615722656,661400
2018-10-03,142.5865213951638,143.25457206723212,141.5426962019342,141.73475646972656,816100
2018-10-04,141.17521796074195,141.87666518539856,140.15644391169204,141.70965576171875,772500
2018-10-05,141.42578868646825,142.3861027701291,140.49887140260145,141.02496337890625,837000
2018-10-08,140.69095799014826,141.52601830328877,140.34859294568764,141.3590087890625,864100
2018-10-09,140.80785081846307,140.80785081846307,136.78286716677027,137.21710205078125,1051000
2018-10-10,137.39245243705903,137.70977938761536,134.0021100946153,134.1106719970703,1234900
2018-10-11,134.052236088764,134.7286329291154,131.10447409191795,131.17962646484375,1075000
2018-10-12,133.03340428844638,133.22546451740385,131.40503986466734,132.16494750976562,1195400
2018-10-15,131.88939144273323,132.64929917573957,130.81215680099774,130.85391235351562,817300
2018-10-16,131.187966123588,133.4342674200599,130.48650585237692,133.35076904296875,970400
2018-10-17,133.27560040056272,134.06054621097132,132.48228309205442,133.17538452148438,730200
2018-10-18,133.58456183521145,134.0438474269877,130.1942199537451,130.84556579589844,988400
2018-10-19,130.8873313394726,131.83929939236526,129.53452524388345,129.76834106445312,935700
2018-10-22,130.26940013650295,130.52826677754007,127.94793364061056,128.01473999023438,1545100
2018-10-23,126.28613540093323,127.64728744186765,124.11498678535118,126.96253204345703,1345200
2018-10-24,126.62853443756717,127.94793114740905,124.1484045023972,124.34882354736328,1933000
2018-10-25,125.65985860149011,127.8143155026514,124.84984916702997,126.49491882324219,1293800
2018-10-26,125.04196050603971,125.98557018118309,123.95637933673054,124.7830810546875,2298600
2018-10-29,126.36965237812423,128.17338533664866,124.77468445437327,126.06068420410156,1417000
2018-10-30,126.14422305233194,128.84146459938495,125.68493728004475,128.41558837890625,1774500
2018-10-31,129.40091241448218,130.67019453055948,128.88316651307707,128.8915252685547,1490700
2018-11-01,129.64314398436193,130.92913156136075,128.23188968584242,129.74334716796875,1466800
2018-11-02,131.27142425219807,131.98957633343366,128.92490778385962,130.1357421875,1427300
2018-11-05,130.53661860089227,132.25684060080042,129.9353742282243,131.41342163085938,1467100
2018-11-06,129.77669348080462,132.17331189556538,126.8038815570721,132.0146484375,1813800
2018-11-07,132.99165895173624,134.60333147378637,131.33824362079784,134.42796325683594,1068000
2018-11-08,134.15240122132985,135.162829558251,133.4175569910296,134.6534423828125,954300
2018-11-09,133.95201191066093,133.97706269770626,131.8977581788902,133.526123046875,797600
2018-11-12,133.49276101917224,134.0773007725131,131.25479243808172,131.513671875,719700
2018-11-13,131.88104632222587,133.96869674390618,131.28816073799254,131.98126220703125,920300
2018-11-14,132.61590430817196,134.29438341423875,130.93743794411225,131.27981567382812,1018500
2018-11-15,130.33623056589767,135.3716438282657,130.18591306597065,134.14410400390625,1299000
2018-11-16,133.64301111923984,137.4258450473808,133.64301111923984,136.83294677734375,1370800
2018-11-19,136.54069037251432,138.19411876283272,133.1002463841889,133.5177764892578,1602200
2018-11-20,132.7160801283434,133.28392755608758,131.36328700125392,131.57205200195312,1312600
2018-11-21,132.51569441277707,134.31942735634578,131.7891961752312,132.92486572265625,862900
2018-11-23,131.4385067522761,132.46564025672967,131.32995756080558,131.513671875,310300
2018-11-26,132.49902627595924,133.26728028092322,131.15457858176978,132.4238739013672,867000
2018-11-27,131.73074328569848,132.56580346500562,129.79339755354255,130.49485778808594,1144500
2018-11-28,131.15454502645778,132.50733839104794,128.69112013412132,132.4906463623047,1124900
2018-11-29,132.26518045422162,133.88519923055225,132.26518045422162,132.94993591308594,860600
2018-11-30,132.5324154414264,134.419646984522,132.42385353348456,134.3361358642578,1153100
2018-12-03,136.74945315897958,139.45505278211454,135.9143929626795,139.13772583007812,1856300
2018-12-04,138.2776055455968,139.22122758138272,135.56366009018308,136.883056640625,1824200
2018-12-06,134.753662109375,135.4133668112845,130.97919913164418,134.753662109375,1826700
2018-12-07,134.84548980588926,137.10014933396127,130.88731342651977,131.238037109375,1169400
2018-12-10,131.7557736172258,131.88102752787393,128.98338087817137,131.17123413085938,1038000
2018-12-11,133.14202270839775,134.1524385847283,129.55960671265592,130.21095275878906,975500
2018-12-12,132.12323331663603,133.10025227671028,130.7537350210608,131.69735717773438,1159200
2018-12-13,131.96455193634108,133.16704056783695,131.04598069227993,131.3382568359375,1153200
2018-12-14,130.2526652327726,131.10443006593061,128.6326466696702,129.7766876220703,996600
2018-12-17,129.99382534079317,132.14828227758238,127.52205417905607,128.44061279296875,1756000
2018-12-18,129.48437670147513,131.22964870831797,128.5908692988626,129.23385620117188,1403900
2018-12-19,129.25895055574085,132.62425456686623,128.12326828121388,128.68276977539062,1596500
2018-12-20,128.57422371415925,132.1399344385545,127.86441742692567,129.05020141601562,2107900
2018-12-21,129.05017512152682,133.15032304420316,128.45728961878854,129.5929718017578,3393600
2018-12-24,129.1754663190252,129.37587261515378,124.99180649923423,125.15882873535156,880200
2018-12-26,125.73500423215157,131.08772974065252,124.95839172035603,131.03762817382812,1218800
2018-12-27,129.4343574058282,133.41759894020907,128.632693843798,133.40089416503906,1386800
2018-12-28,134.34450082462396,135.92276423123013,133.03345007958694,134.19418334960938,1324400
2018-12-31,134.4884078429222,135.33763952705073,133.48783555953725,134.57249450683594,1065400
2019-01-02,132.33595366836923,135.17791422053475,131.09155029592804,134.1857452392578,956900
2019-01-03,133.80739188537342,133.84943523065232,129.72943116004632,130.58706665039062,1114800
2019-01-04,132.90771965885656,136.13644827984402,132.33595841544562,135.8842010498047,1082200
2019-01-07,135.84218287082172,137.40610059098373,134.37075539114673,134.47164916992188,1349500
2019-01-08,133.14316557189122,135.06862779798539,131.63809834811204,132.92454528808594,2100300
2019-01-09,132.3443800003491,133.0590784446214,130.3012041010339,131.83148193359375,2292400
2019-01-10,131.62974427601304,132.30239962618953,130.61235129476896,132.17626953125,1502000
2019-01-11,131.84830183917737,132.43687023631577,130.79728226220564,131.83148193359375,1047300
2019-01-14,130.96544390232367,131.42789508594856,129.611730162892,130.4273223876953,1047900
2019-01-15,129.79667688452176,130.66271577145932,129.17448166273684,130.39366149902344,845700
2019-01-16,130.38524362976582,130.98221534881569,129.48556503903612,130.00686645507812,1151600
2019-01-17,129.64538186192544,131.16725630863098,129.56971152398353,131.1504364013672,1898900
2019-01-18,132.0164342652989,133.98395224466964,131.38582265353514,133.37014770507812,1447300
2019-01-22,132.7395622569294,133.2608766830228,131.8482997227366,132.60504150390625,982900
2019-01-23,132.62184040135278,133.185185311249,130.36004439471571,131.29335021972656,1358800
2019-01-24,130.7216074092986,131.84829727767374,130.14144257010935,131.587646484375,1007800
2019-01-25,134.53047860308354,136.12802290456466,132.848847620545,135.29562377929688,2060000
2019-01-28,135.09383867077037,135.44697967733126,133.46265438106462,134.43800354003906,1364400
2019-01-29,134.88362429780102,137.40607086002606,134.88362429780102,137.25473022460938,1354500
2019-01-30,137.66676443822232,138.73460407405398,136.18693328017144,137.87696838378906,1037800
2019-01-31,136.01876187740885,139.17182081027008,135.42177707432873,138.22169494628906,1305600
2019-02-01,138.73458472757923,140.29850237770148,137.734012033438,139.48291015625,1102100
2019-02-04,139.36522737588336,140.32375693332966,138.7093920381481,140.3153533935547,754600
2019-02-05,140.86182549666447,141.39154338905036,140.14712716026528,141.1897430419922,1140500
2019-02-06,141.26541879895422,142.87978314808376,140.4161996949859,142.86297607421875,1533500
2019-02-07,142.60232136138143,142.8041088808055,138.72616119124396,139.76036071777344,1157400
2019-02-08,138.8690919684601,139.4912872314453,137.49855858894156,139.4912872314453,855400
2019-02-11,139.77718924726972,140.9963692950636,139.44927167814134,140.8702392578125,1206500
2019-02-12,142.31647740399978,144.17468596340078,141.77835580627163,144.04856872558594,1462300
2019-02-13,144.62027043645796,145.79740704063798,144.14941579478597,144.5950469970703,1095200
2019-02-14,143.71221284667968,144.72118908520437,142.84617373254503,144.30078125,882500
2019-02-15,145.84788481634294,146.58779384641613,145.4527004438799,146.3691864013672,1326300
2019-02-19,145.69653530780445,147.93310802367242,145.46110795137926,147.2352294921875,1074600
2019-02-20,147.3949823006548,150.15285653684572,146.8232210015366,149.36248779296875,1789100
2019-02-21,149.27001671589522,150.35467620098612,149.27001671589522,150.22854614257812,1243700
2019-02-22,151.19547370314692,151.95220264301147,150.70779909507678,151.4477081298828,1401400
2019-02-25,151.75884833823176,153.23867952727315,151.2711736347244,152.33059692382812,1145600
2019-02-26,152.28852356382433,153.1545626406815,151.88493565175216,152.5659942626953,821200
2019-02-27,152.33901522902372,153.08735368008547,151.70840331799323,152.69216918945312,673800
2019-02-28,152.4398958706604,152.90234709254244,151.4981735197833,152.3389892578125,1324200
2019-03-01,153.41523370936656,154.29807990427489,150.6573464918566,151.430908203125,1362800
2019-03-04,152.29695170929483,152.29695170929483,149.66519446512117,151.93539428710938,1018800
2019-03-05,151.23748464917705,152.1876102996865,150.65731988310762,150.68255615234375,796800
2019-03-06,151.918545981506,152.1876131132829,150.75822925774236,151.5990447998047,802400
2019-03-07,151.72519113954772,151.9269915271382,149.9258460471449,151.0525360107422,1059800
2019-03-08,150.66572736478605,152.6416360376881,150.04351929311665,152.49029541015625,923900
2019-03-11,153.20504905532349,154.76896692070906,152.39786026067935,154.66806030273438,884200
2019-03-12,155.0632186526606,155.92925773471163,154.65121437068518,154.7521209716797,820100
2019-03-13,155.19773630935458,156.61030028005055,155.19773630935458,155.6349639892578,843500
2019-03-14,155.130447647427,156.09738026506076,154.42416576168623,155.72743225097656,1012300
2019-03-15,155.71064840465496,157.05594571330806,154.90345975560044,155.42477416992188,1558200
2019-03-18,155.5676760297602,156.14784073512016,154.55028370401186,155.86195373535156,871400
2019-03-19,156.76167544931647,157.02232625404721,154.7269030690309,155.46681213378906,850800
2019-03-20,155.52568951140057,155.9545009229767,154.4410300147226,155.25662231445312,944900
2019-03-21,154.88667610549908,157.6361343909865,154.88667610549908,157.39230346679688,691800
2019-03-22,156.41694284461357,157.72020973891384,156.37489949386273,156.6439666748047,1573500
2019-03-25,156.68597445283484,157.23249939902925,156.16466011557213,156.3244171142578,1178500
2019-03-26,157.25774003777326,157.41749705393227,156.38329746225523,157.36705017089844,948600
2019-03-27,157.5688640588114,158.21629576896996,156.58511118562063,157.77906799316406,1168400
2019-03-28,158.67870822813828,159.93152798957735,157.91356301484677,159.89788818359375,1066400
2019-03-29,159.95712284145455,161.71675424180614,159.83868673318892,161.5475616455078,1551100
2019-04-01,162.5542601735919,163.20566521557086,161.06534727192184,161.9959259033203,1134700
2019-04-02,161.83518589906944,162.17357108235942,160.01633004032573,161.1414794921875,1198700
2019-04-03,162.30894209504638,163.22259764649823,161.01459995763167,162.1905059814453,1080800
2019-04-04,162.58809638452928,163.16335375123023,161.0907155551615,162.2327880859375,852200
2019-04-05,162.63890819373032,163.78098111300548,162.10593911025907,163.4341278076172,769200
2019-04-08,163.7386323807066,164.37311428382853,162.5881046800362,163.29872131347656,844100
2019-04-09,162.36814887597467,163.20566966707705,161.65753221547024,162.66424560546875,600100
2019-04-10,163.17184360138268,163.43409407767442,162.5542718703948,163.30718994140625,594300
2019-04-11,162.8418846701955,164.077002096361,161.9874408597322,163.73861694335938,765800
2019-04-12,164.49155666843095,165.26985295027512,163.89937611795906,164.2546844482422,1349200
2019-04-15,163.52717873548255,164.22087240815824,162.66427952006447,164.0601348876953,1209400
2019-04-16,164.5677478291758,166.93648375183105,164.0432467201392,166.74191284179688,1156800
2019-04-17,167.62169344767378,168.0616046065434,166.75879426527527,167.29176330566406,1091000
2019-04-18,167.56249711517083,167.78244626037556,166.74189924201718,167.58787536621094,1322900
2019-04-22,167.02103867863445,167.334058582449,166.09892791905315,166.33580017089844,750900
2019-04-23,166.31041790549176,166.8349318006809,165.5321215384345,166.3780975341797,992100
2019-04-24,167.0379550910997,170.86177014475513,165.94665175391424,168.70452880859375,1741300
2019-04-25,168.69607402115062,169.2205750003444,166.63189055538666,168.8568115234375,1118900
2019-04-26,169.4743936546223,172.08000159153696,168.62841755465928,171.369384765625,1055900
2019-04-29,171.73310432283122,172.72289455733863,171.24243676145215,172.21531677246094,928900
2019-04-30,172.8751892732284,174.33026892920165,172.31684205228245,174.0933837890625,1425600
2019-05-01,174.88015448561032,175.06627023269039,171.0140380859375,171.0140380859375,974500
2019-05-02,171.27629630294456,175.7261251473046,170.3795509538665,175.66690063476562,1404500
2019-05-03,175.54002046591071,177.53652434755253,175.19316720693348,177.29965209960938,1268000
2019-05-06,175.3623776061256,175.5654165143361,173.62813695253885,174.2626190185547,2010900
2019-05-07,172.63833580735007,172.94287478798546,168.73838576629615,170.18499755859375,1556700
2019-05-08,169.4405140926658,174.60942756427133,169.24594324230054,173.68731689453125,1500100
2019-05-09,171.73313218661042,173.4758407237241,169.74508337471687,172.9513397216797,1271200
2019-05-10,172.74824476730208,176.4959240348792,172.29987865456627,176.20828247070312,1329400
2019-05-13,172.40986022926066,174.22870292619868,170.63330599292058,173.04434204101562,1422400
2019-05-14,173.7550172855774,175.4215911069566,173.238971387964,174.0764923095703,1218500
2019-05-15,172.48602916721865,174.71940507132126,171.91922685196712,173.44198608398438,920800
2019-05-16,175.15931559447463,177.45190309286602,174.68557114795397,177.1727294921875,974200
2019-05-17,176.44522041920635,177.78185113893122,175.84457177976572,177.5872802734375,1130600
2019-05-20,176.7412823642818,177.77337398845793,173.42505840622505,173.77191162109375,1391800
2019-05-21,174.90548107760463,175.83605953817877,173.78878692491568,175.1000518798828,1294900
2019-05-22,174.52482831999043,175.70918940006115,173.66192929961457,174.49098205566406,976900
2019-05-23,173.26433748373367,173.73808196466163,171.31859015829184,172.7567596435547,1065600
2019-05-24,175.00702031667495,175.00702031667495,172.66367650155073,172.9936065673828,776000
2019-05-28,173.61115317308426,174.16950029420155,170.96324481176396,171.09014892578125,2362700
2019-05-29,169.79584559087883,172.1391897746313,169.19519696189369,171.71620178222656,1183700
2019-05-30,171.78384632156008,172.8666943282487,171.58082038816002,172.7821044921875,752000
2019-05-31,171.28478019583036,173.298207423369,170.692599513781,172.23226928710938,926800
2019-06-03,172.7313396040663,176.77511596679688,172.16453734426818,176.77511596679688,1815700
2019-06-04,177.61261373040057,180.76809979851782,177.231927208325,180.7427215576172,1874700
2019-06-05,181.80020252408718,183.81362915039062,179.88830177622577,183.81362915039062,1544000
2019-06-06,184.27051351690844,187.73055254052105,182.89156839391134,187.375244140625,1839900
2019-06-07,187.75589551105531,189.88775841843048,187.61208115539856,188.70338439941406,1659000
2019-06-10,189.74394987567172,190.0146683896669,187.01991905286835,187.2398681640625,1109900
2019-06-11,188.644182477698,188.9402663162185,184.5327388282247,185.31103515625,1552900
2019-06-12,185.51404053004637,186.56305524279782,185.29409145368422,186.0723876953125,1101000
2019-06-13,186.57998763478045,187.29905940582705,185.1925876728324,186.2669677734375,921800
2019-06-14,186.35157879378258,186.45309177571173,185.1925958881968,185.480224609375,721000
2019-06-17,185.60713039445557,185.6832780454433,182.37550876675164,183.46681213378906,838000
2019-06-18,184.74422848038753,185.92013451155836,183.65291229742203,185.2010498046875,941700
2019-06-19,185.0826344500814,186.6476952659598,181.61412757041185,186.4446563720703,1342500
2019-06-20,187.89122409979976,188.52570592871592,186.44459985010192,187.8489227294922,1397200
2019-06-21,188.17042194707304,189.42247563117132,187.1890996681812,187.9250946044922,1542200
2019-06-24,188.45805113279542,190.58144595274513,187.93353730733557,189.1940460205078,765100
2019-06-25,189.66781705274204,190.64069720011213,189.1433160622828,190.09080505371094,926300
2019-06-26,190.3022911905632,190.3276694368871,187.29061881348343,189.43939208984375,843700
2019-06-27,189.81163281371494,190.42920459382094,188.59342529663454,189.0756378173828,738700
2019-06-28,190.04504510966837,192.740778314126,189.3052103841806,192.50267028808594,1522000
2019-07-01,193.47214503804494,194.7137196392581,191.43121506379234,194.58616638183594,810700
2019-07-02,194.39055261329295,195.8192138671875,193.4636310775149,195.8192138671875,729500
2019-07-03,195.43654719670667,196.82267344304427,194.63717888389593,196.7801513671875,696600
2019-07-05,195.2494769661402,196.09986665157479,193.5742082477608,196.08285522460938,569700
2019-07-08,195.8957672599956,196.00632207072064,193.8293135895265,194.1524658203125,1006200
2019-07-09,194.17796207549105,194.17796207549105,191.53324984698608,192.23057556152344,1124600
2019-07-10,193.7527509502557,194.30551194043016,191.91590641758785,192.4091339111328,848600
2019-07-11,191.7628320449853,193.68470764160156,190.80188775872014,193.68470764160156,763100
2019-07-12,192.63025070123257,194.16095453569847,191.64379567725285,193.17449951171875,653100
2019-07-15,193.40407148883705,194.05887501587247,192.84282429872025,193.59967041015625,701900
2019-07-16,193.60820471954005,194.5011164226008,192.99592315035073,193.1234893798828,599500
2019-07-17,193.7697748132157,193.98237221325758,192.32411508811396,192.5537109375,1000900
2019-07-18,191.0144724933504,192.37510079222346,190.3256591208144,191.7968292236328,1160300
2019-07-19,192.13701010031352,192.94487754860663,190.844414397496,190.93795776367188,1245000
2019-07-22,191.7968338584802,192.5451807385358,191.2185752518288,192.19651794433594,855500
2019-07-23,192.78330321219113,194.96881052543355,191.79684824646503,194.62014770507812,939000
2019-07-24,193.52312794893686,194.34799375451172,190.98045889326806,191.21856689453125,1106400
2019-07-25,190.4872396571682,193.75273207992902,186.72851978889977,193.59115600585938,1292400
2019-07-26,193.65072311599533,196.0913371455205,192.28159532423143,196.0573272705078,2272400
2019-07-29,196.15091797098367,197.23090369408163,194.73926776293575,196.60162353515625,921600
2019-07-30,195.87027202229226,197.69010556219484,194.9518495382408,197.12884521484375,968200
2019-07-31,196.36343588781412,196.95020669902493,191.686293796719,194.118408203125,2174000
2019-08-01,192.40912692243347,196.31242465655544,191.76283556259818,192.50267028808594,1486600
2019-08-02,191.36316395077029,191.38867459980398,187.70648620359853,189.5008087158203,1011000
2019-08-05,188.01260360161726,189.2031566375257,185.053251898263,187.13670349121094,1369700
2019-08-06,187.93609660160124,188.74396410493185,185.39342709389715,188.2932586669922,851000
2019-08-07,187.20474617496077,190.4787509781723,185.8186071216452,190.0365447998047,1030600
2019-08-08,191.58426088918245,194.79874540788742,191.03151285797148,193.87181091308594,951900
2019-08-09,194.18645169864067,196.6185662400712,193.58266943123147,195.47903442382812,1063300
2019-08-12,195.00281444177304,196.8566703018429,192.93637418231964,193.1489715576172,906800
2019-08-13,193.6761985045762,197.4434175642839,192.18801695734015,195.30894470214844,772500
2019-08-14,192.78332513981033,195.52158076679706,189.2116913146716,189.28822326660156,971600
2019-08-15,190.13010230125388,193.25952970166537,189.36474389995325,192.4771728515625,1132200
2019-08-16,193.19146310907252,195.07932866835898,192.15399994966887,194.5350799560547,713800
2019-08-19,195.0283410418586,195.87873061260981,193.3700839740768,194.37355041503906,747900
2019-08-20,192.7408072311655,193.34458958658354,191.38019158907588,191.9584503173828,592000
2019-08-21,193.60819601244216,194.68819442284666,193.0214251203648,194.43307495117188,584400
2019-08-22,194.3905627506063,195.19843030534912,191.30365721188036,191.57577514648438,733100
2019-08-23,191.72031537740096,192.04346754845417,186.5924675914569,187.62994384765625,942300
2019-08-26,189.25421252527929,190.00254656725295,188.64193096080893,189.4582977294922,641500
2019-08-27,190.8784200441936,192.1029699420836,190.06204046968713,191.7968292236328,644500
2019-08-28,191.53321391150712,192.69825629209808,190.4872385118629,192.00942993164062,489000
2019-08-29,194.31403000904214,194.67969132066327,190.51278733359285,190.8614501953125,948100
2019-08-30,192.74079112972083,192.74079112972083,190.30017721257335,192.12001037597656,875100
2019-09-03,190.4617115073504,192.40909748868728,190.2236035177349,191.81382751464844,728600
2019-09-04,193.36157423486733,194.2119637593751,192.56220600568375,193.3955841064453,647200
2019-09-05,194.70522553189937,195.16443024660572,190.40224288028702,190.97201538085938,1233100
2019-09-06,191.51624676323667,192.40914545895083,190.49576886656538,191.83938598632812,822900
2019-09-09,192.14551267069388,192.14551267069388,182.68068597801033,183.9902801513672,1580100
2019-09-10,183.9137237193409,184.1603309420379,180.27405803540697,181.79624938964844,2356400
2019-09-11,181.15001017717117,184.0583412760568,178.8964697780574,183.97329711914062,1494100
2019-09-12,185.58051909799707,189.00758815389327,185.24036844777078,187.6554718017578,1203500
2019-09-13,187.64693793020362,189.27968410646977,187.0601671373756,188.9905548095703,1042500
2019-09-16,188.7524603107132,188.9565454874055,182.9612968797013,183.037841796875,1033800
2019-09-17,184.4239957424786,189.22019275840074,183.2249562204351,188.42083740234375,1008900
2019-09-18,188.93954921490425,189.0075819378952,186.70303346018468,188.4633331298828,546100
2019-09-19,189.3732753012827,190.64885979020318,188.66745032697006,189.0246124267578,858200
2019-09-20,189.9175163456691,190.26617920584025,187.14525084187366,188.40382385253906,1149400
2019-09-23,187.28982668558282,188.88855045089338,186.8561196467641,187.47691345214844,632500
2019-09-24,187.6384876953032,189.50935547167947,186.90715201251544,187.4344024658203,929600
2019-09-25,186.9071076407895,187.97860674487075,185.98869837431178,187.62144470214844,573500
2019-09-26,188.2251965474073,190.75085423586,186.95812457957905,189.88345336914062,561300
2019-09-27,190.68283956042387,191.20157768971842,186.98365291216567,187.9871063232422,509500
2019-09-30,187.3972742292137,189.86786403605188,186.67062479716958,189.66268920898438,659500
2019-10-01,190.2354611547525,190.6372537195942,184.6189353955012,185.06346130371094,741700
2019-10-02,182.65271428837715,182.94336884655098,176.9250506763536,179.9256591796875,1362500
2019-10-03,179.8059759214682,181.47298063439644,178.31848776911994,180.23341369628906,833000
2019-10-04,181.34474242404477,183.7127381466643,180.87455829422987,182.8407745361328,770700
2019-10-07,182.37060391306355,184.5676273087478,181.6610556363131,182.9091796875,727800
2019-10-08,182.387696542923,182.387696542923,177.52345277014257,177.6089324951172,1025300
2019-10-09,179.6264452864163,181.79783647489876,178.51511751374773,181.0113525390625,810100
2019-10-10,181.60972955916662,184.45646616724105,181.0369646143872,183.51609802246094,741500
2019-10-11,185.9610799822453,187.9529416072856,185.26008880438536,185.7559051513672,737600
2019-10-14,185.1575376400209,186.29452396560646,182.72114955179666,182.82373046875,650600
2019-10-15,184.40519127893572,185.30280007675003,183.55885987727626,183.98629760742188,679400
2019-10-16,183.83242950287425,184.35390410155486,182.51592691709146,183.12289428710938,523900
2019-10-17,183.16562198564867,184.4222900282737,183.09723037955882,183.25965881347656,463700
2019-10-18,183.19983406487177,184.35390823762515,182.75529512380203,183.69566345214844,633100
2019-10-21,184.41372410803422,184.60179774139505,182.3449271854288,182.51589965820312,726300
2019-10-22,182.0884765731843,182.6270522978087,176.70275846003412,176.93357849121094,1482600
2019-10-23,178.39543230359055,180.62665812081445,177.32683781343286,179.57516479492188,1179800
2019-10-24,180.65227622677077,181.6866681584322,180.13080170973342,180.78050231933594,669800
2019-10-25,180.7890376232264,183.04590805363512,179.70335530710975,182.3107147216797,570100
2019-10-28,183.02030346726343,183.34516035063513,180.6095611980373,180.78907775878906,980200
2019-10-29,181.01133986168557,189.15830218891782,180.3359809237965,186.208984375,1177000
2019-10-30,185.33702345363403,185.67896845884854,183.82389006461003,185.2771759033203,604800
2019-10-31,184.77275993462115,185.7558613816528,181.60972370899447,182.3107147216797,1011900
2019-11-01,183.55032964583364,184.36245878541664,182.12267604055893,182.5672149658203,738700
2019-11-04,183.7384110702177,184.59328669172942,181.93463603142007,183.30242919921875,962200
2019-11-05,182.7895194377305,186.67064918516525,182.0543258501447,185.1489715576172,980600
2019-11-06,185.37118483768802,187.3630461519797,184.04612531426574,187.08949279785156,1019700
2019-11-07,188.927499028977,195.27921818752438,186.79885418557473,194.55258178710938,1935900
2019-11-08,198.08321207068843,200.56234585583556,196.8692773557476,199.9297332763672,1810100
2019-11-11,199.21162059833892,201.3146198976541,198.81838520500963,200.92137145996094,906100
2019-11-12,201.86180820140834,203.23815863418045,201.1095133926281,202.6140899658203,1152000
2019-11-13,202.36613055656628,203.5373058240425,201.78480843018434,203.05003356933594,1175400
2019-11-14,202.07552250281128,203.9220441044051,201.97292854845696,203.61428833007812,949500
2019-11-15,204.7597986911372,206.0250108731223,203.99895996113975,205.9566192626953,1259800
2019-11-18,204.3921496884108,206.69176652762425,204.3921496884108,206.18739318847656,976200
2019-11-19,206.22158643090185,206.794351376194,205.35816698400419,206.28997802734375,816000
2019-11-20,206.07628766288195,206.6917990715684,202.59695113191202,203.3748779296875,1199500
2019-11-21,202.84487793436097,203.52878101180437,201.3915920475226,203.1526336669922,774000
2019-11-22,203.34070167082052,204.31525928959036,201.10947593253613,203.11843872070312,979200
2019-11-25,203.66552590087056,204.4178074045292,199.30565601663332,200.6734619140625,1316500
2019-11-26,200.21184000843124,201.59674719217767,198.5704806095141,200.3828125,1438200
2019-11-27,200.38279486062999,202.01561005676237,199.27146724107885,201.7847900390625,685100
2019-11-29,202.07549174877283,203.61425734185366,201.1693257301558,202.03274536132812,653400
2019-12-02,201.75063028305095,201.92160278458718,197.22834435224416,197.4506072998047,1150700
2019-12-03,196.55298674448673,197.835300081581,194.89452607474627,196.3563690185547,1162400
2019-12-04,197.0488558541006,197.792593565339,195.69815063476562,195.69815063476562,972800
2019-12-05,195.90329230866027,197.67287798761848,195.82635663661128,197.01463317871094,1029200
2019-12-06,199.01499293065862,199.0919285849297,197.9463986956834,198.3567352294922,618700
2019-12-09,198.6303309296179,199.31422090544277,197.32237243652344,197.32237243652344,978500
2019-12-10,197.27963481258502,198.0832199186659,196.08280121301317,196.19393920898438,928900
2019-12-11,196.96332198813604,197.02316953807923,195.2706720473829,196.19393920898438,1248100
2019-12-12,196.4418546489897,199.02358256431882,196.06572034941001,198.67308044433594,2177400
2019-12-13,197.9806342256628,200.45978125662342,197.10011341387724,197.25399780273438,881100
2019-12-16,198.42517624842858,200.53672002621957,198.15160979484227,200.4170379638672,1089200
2019-12-17,200.70767282494722,202.34903225215902,199.89554369272193,201.41722106933594,1220800
2019-12-18,200.97269453108723,201.34029780909373,197.11721040807723,199.28004455566406,1056100
2019-12-19,199.04064122128395,201.09233696636255,199.04064122128395,199.2372589111328,912800
2019-12-20,200.0066719395495,201.59674084537286,199.32276895044055,200.89573669433594,1738200
2019-12-23,201.81046764206835,202.06691985923962,200.36572594496653,201.0154266357422,831000
2019-12-24,200.8786595283634,201.85321716484094,200.04088511492,200.93850708007812,162700
2019-12-26,202.01560267394393,202.01560267394393,200.72474552238742,201.81898498535156,344800
2019-12-27,202.72519095370143,202.87051823442135,200.90430182613179,201.3146514892578,416100
2019-12-30,201.58819303995776,201.81901308135548,200.32298093058856,201.1778564453125,470800
2019-12-31,201.60741788192632,202.00261439837385,200.54211636240174,201.88233947753906,527100
2020-01-02,202.10568110979204,203.43730458480914,198.3170018586665,198.57473754882812,1320500
2020-01-03,196.43557268911889,197.82734034475828,194.14174966967408,194.158935546875,1710400
2020-01-06,193.42863495036963,196.00596526607865,193.24822916929872,194.07296752929688,1737400
2020-01-07,193.65207394260565,196.59022986974432,193.22251875251547,194.8977813720703,1518900
2020-01-08,195.6279995358582,196.69328784925057,194.0386403399988,195.95445251464844,965700
2020-01-09,197.65550719555347,200.79984083817672,196.97680273749995,200.6022491455078,1320900
2020-01-10,201.4613436337175,202.14003492960634,198.66923545968945,199.31356811523438,949000
2020-01-13,199.62287979974016,203.84111472951696,199.55414939923045,203.48887634277344,1376800
2020-01-14,202.77581330064578,203.60056499824896,200.93731769015938,201.4785614013672,944200
2020-01-15,201.95965144395242,203.37717819919772,200.82561955256986,202.28611755371094,779500
2020-01-16,203.49739662769167,203.80667677503442,202.30323416330864,202.55238342285156,756600
2020-01-17,202.79296353959504,203.90980941152105,202.03694237540242,203.60911560058594,1857000
2020-01-21,203.14524653103916,205.43047018247924,202.18303398986976,203.7637939453125,1699900
2020-01-22,204.9922931190195,205.44762049356558,203.54039472853108,204.50259399414062,927800
2020-01-23,202.59536596382338,204.22767003825274,200.7224989822653,203.85824584960938,1072300
2020-01-24,204.07308557518104,210.14700260166887,204.07308557518104,209.57998657226562,1763500
2020-01-27,206.53012067883233,206.93390358771546,200.48198964772567,200.5764923095703,1368900
2020-01-28,201.10911126456242,203.96994991307145,200.80843054844973,203.13661193847656,1338500
2020-01-29,204.40808247799345,204.40808247799345,202.3719955099808,203.84107971191406,709000
2020-01-30,203.02495873098133,207.68133512937248,202.87031205547896,207.3978271484375,1074100
2020-01-31,206.47857272964228,206.74489483342614,204.30502465226556,205.07823181152344,1596400
2020-02-03,206.09199488776892,209.3394311755704,204.78614339939327,208.7724151611328,1639600
2020-02-04,210.40471836647262,213.05936619426933,209.0043643050791,212.27757263183594,1447300
2020-02-05,213.67791745459948,215.28444954019693,208.8840803494179,215.01812744140625,1590800
2020-02-06,215.40467873018065,216.1692862197672,213.76378834847034,215.6881866455078,1517600
2020-02-07,215.12117045979005,215.95450833132108,214.03011003745988,214.70880126953125,730800
2020-02-10,216.06620890300698,216.4957639902893,215.05246518933157,216.2466278076172,861600
2020-02-11,217.59545949877935,218.4803420743655,216.68480466246604,216.84803771972656,965400
2020-02-12,217.18311113670538,218.82401514228994,217.01987806372267,218.29995727539062,690000
2020-02-13,218.11949264474651,220.20713729040165,217.57824901272824,218.9700164794922,666200
2020-02-14,219.26212196846333,219.97517194953798,218.77242282714215,219.94082641601562,650800
2020-02-18,219.85492474453764,220.43911346878195,219.04735894774322,219.70887756347656,857900
2020-02-19,220.28445978607283,220.79993117366917,219.0816975846754,219.777587890625,931000
2020-02-20,218.98723861755144,219.94086480752884,216.59032633775024,219.4167938232422,922900
2020-02-21,219.27926564254955,219.5799463107895,217.95622875355855,219.04730224609375,1587000
2020-02-24,214.57134920699204,215.7139672948114,210.20706801369806,210.93731689453125,1330700
2020-02-25,210.94595360254965,211.67620265759928,201.73630253480394,202.31190490722656,1423700
2020-02-26,202.70707288024784,206.33251939884835,201.98542337363102,202.33766174316406,1310200
2020-02-27,199.21051288065237,200.41326213145294,192.4321327187482,192.51803588867188,1410300
2020-02-28,186.76197888610713,191.39258266287675,183.68636258240932,188.66920471191406,2353600
2020-03-02,189.94070063764008,198.31702639589244,189.5455172249481,198.15379333496094,1625400
2020-03-03,198.5317784899428,203.79812835719258,192.9132033937289,195.32730102539062,1607800
2020-03-04,198.81531849578718,203.98716654800938,197.41496441018447,203.78097534179688,1213900
2020-03-05,198.0248983986357,201.65893082454716,196.87369389249545,201.0317840576172,1548200
2020-03-06,194.3565088058414,198.90979576713607,193.67781747413247,197.34622192382812,2175000
2020-03-09,184.70016263190072,184.70016263190072,175.89428041130986,176.2465057373047,2393700
2020-03-10,181.21212474995156,184.34788513183594,175.79114099010587,184.34788513183594,1962500
2020-03-11,180.41315704120777,183.10217638626776,174.78598214026886,178.5231170654297,1470600
2020-03-12,170.01789520290592,177.1227398875314,153.33397749012713,161.28074645996094,2288700
2020-03-13,169.3735695669537,177.42344100185636,162.08831878961945,177.28598022460938,2180400
2020-03-16,146.1776447811362,164.2619232361427,143.84086319719978,154.94058227539062,1809000
2020-03-17,159.23609388562326,176.7705245442363,156.00583087869603,176.20352172851562,2284700
2020-03-18,163.84090074733533,181.72756706511453,157.0711086418248,173.17083740234375,2582200
2020-03-19,171.39251475060257,175.99734674896305,162.01103130575288,164.1244354248047,1818200
2020-03-20,164.06428888394206,166.53853064998174,156.6072049430646,162.50070190429688,2155600
2020-03-23,160.14677739161985,167.19148025135718,149.407897084403,151.83058166503906,2162800
2020-03-24,159.41646702250816,172.440579200019,154.0126702965788,167.02818298339844,2161600
2020-03-25,166.11758812370115,175.7911665466295,162.99042677972372,164.2189483642578,2165300
2020-03-26,165.79110388841346,174.22757342162424,163.21377295942193,172.9732666015625,1512800
2020-03-27,167.79281048281342,171.09179049322012,164.38214195191995,165.95431518554688,1173100
2020-03-30,170.50758156906727,179.20177153384472,169.33060493402755,177.4320068359375,1281800
2020-03-31,175.27888692852977,178.0287056734097,170.75640126713094,172.60690307617188,2372800
2020-04-01,166.02638848290326,170.69587538114817,163.0344488014972,163.67434692382812,1566500
2020-04-02,162.24752984840453,172.28693650804036,161.2271526826888,168.1881561279297,1963500
2020-04-03,167.22833556183534,168.6118939589818,160.18950959512858,161.3568878173828,1943700
2020-04-06,168.29191800969892,171.3876193237579,164.8243931731197,167.63473510742188,2090400
2020-04-07,171.7421956824327,177.90765910339633,171.43089567196603,174.6995391845703,1383800
2020-04-08,175.94470260429608,188.14591087205392,173.86937842954936,186.57211303710938,1804000
2020-04-09,186.0273764706154,192.48684143495947,186.0273764706154,189.6505584716797,1744000
2020-04-13,188.68202277738698,190.22987996239317,184.62648125652564,186.94393920898438,1096700
2020-04-14,191.65667918753587,193.93954111440146,188.93281449107442,190.92166137695312,965400
2020-04-15,189.60731761105444,189.60731761105444,183.3467347939794,184.89459228515625,1042400
2020-04-16,185.4307034735304,186.14842321641672,182.9316612530519,184.0817413330078,974400
2020-04-17,188.0421485749786,193.55905706273563,185.57768957281345,191.53561401367188,1755600
2020-04-20,189.79754169871595,191.25890852515704,184.37573948644803,185.3701629638672,800500
2020-04-21,181.55673453430856,181.69507979598393,177.62225334845076,179.3343963623047,1498500
2020-04-22,184.7475426887267,186.25216121580561,182.26579889946203,185.43067932128906,1318100
2020-04-23,188.69938238235474,190.05698723724683,181.30601657624695,182.6895751953125,1113900
2020-04-24,184.4449531045164,187.92977694522824,183.5196954959212,187.4541778564453,811900
2020-04-27,187.16878511115607,192.3571090959121,186.3559455757432,192.19281005859375,1194300
2020-04-28,194.9253199402628,196.46452158326733,191.2070186474919,193.3688201904297,1093400
2020-04-29,195.40957629290517,200.51143624048348,194.5967367395716,199.46511840820312,1323800
2020-04-30,195.34903430868698,197.58865750052541,193.82711760506484,195.0636749267578,1284000
2020-05-01,190.57579257086346,192.74623675532513,189.26141342599493,192.18417358398438,827200
2020-05-04,191.5789063303089,194.13847264897174,189.8235240661132,193.13540649414062,1345100
2020-05-05,194.56214997219334,196.99201293404496,193.2910095368078,193.95684814453125,1106400
2020-05-06,193.46392968353143,195.85920936003527,192.7721505877129,193.16128540039062,1314400
2020-05-07,195.55656077142632,197.5281227076448,192.971054590771,196.11863708496094,761700
2020-05-08,199.81966457376123,201.96416825428102,198.18534294881908,201.89498901367188,808700
2020-05-11,198.02104141580472,201.93822515330993,197.06120090561262,201.19456481933594,852300
2020-05-12,201.1685890666445,202.4743123525606,198.94626410502414,199.1105499267578,1062800
2020-05-13,198.75606704877228,201.3502292646209,193.08348791999322,195.2885284423828,1128400
2020-05-14,191.71721892658232,195.2279826143344,189.82347861358556,195.0982666015625,958900
2020-05-15,194.32005188251222,197.26009721348476,192.41766883337755,197.19091796875,1441300
2020-05-18,204.01353990053656,208.67439694576447,203.94437385866394,206.625,1159300
2020-05-19,205.5354608600392,206.85848244692988,203.89248364872932,204.1000213623047,720400
2020-05-20,207.23898600489156,209.49590777613543,206.2618472979056,207.36004638671875,781700
2020-05-21,206.65089480878208,207.74909350326297,203.37361002385995,203.67625427246094,736200
2020-05-22,202.7424434236426,203.9789878272245,201.62694620899816,202.64732360839844,775100
2020-05-26,206.6164117809978,207.98267237195927,205.14638890539922,205.63063049316406,1043100
2020-05-27,207.74917353634433,208.09505658073232,200.96976558743802,203.34774780273438,1025700
2020-05-28,206.7460840917903,210.00608506330354,204.6534614283491,208.12098693847656,930100
2020-05-29,208.6571182295051,210.10120028907284,207.1438569270454,208.9597625732422,1241800
2020-06-01,209.35748641717782,211.5192877253579,207.04002855362296,209.7812042236328,711700
2020-06-02,209.72935965954184,212.2284020368226,209.0981172222983,212.11599731445312,933700
2020-06-03,213.54277404177637,216.7076549677466,212.1851694051353,214.8485107421875,849100
2020-06-04,213.88865660590787,215.15979700836112,210.22223632470116,210.9658966064453,1210300
2020-06-05,216.03318670484705,216.47418953759828,213.95784898666082,214.95228576660156,1243100
2020-06-08,213.52546839510632,216.02452379453112,212.71264204995973,215.81698608398438,889400
2020-06-09,213.91464312414774,217.3043471940239,212.57432319887658,216.93251037597656,1014400
2020-06-10,217.86635500638738,218.37653699948243,214.00970847553975,214.32965087890625,625900
2020-06-11,210.4557127186476,211.3982550456639,201.15996587693473,201.54908752441406,1370100
2020-06-12,206.56449519875062,207.54162066549168,199.43054907284653,203.24395751953125,854300
2020-06-15,198.88579097744002,206.14944067443116,198.16807110490944,204.94747924804688,709300
2020-06-16,208.5879074008044,209.87634586470455,204.60154484561204,205.8380889892578,961600
2020-06-17,207.64541582433458,207.99994133451455,204.72265521504548,205.3279571533203,513900
2020-06-18,205.4316925157819,207.152478176152,204.2816124603068,205.8986358642578,678400
2020-06-19,209.21919468176486,209.21919468176486,203.54662835138822,203.650390625,1386600
2020-06-22,203.29586650474243,205.48360908551734,201.9987852974249,204.48052978515625,667200
2020-06-23,207.0054820741077,207.80967916387468,204.51508230526855,206.74606323242188,975900
2020-06-24,204.92152248418117,206.65961966033908,198.8857752599096,201.6009979248047,1164400
2020-06-25,201.4280291304435,205.50085597887738,199.51699069962999,205.19821166992188,860400
2020-06-26,204.5583435573883,205.82948414682753,202.71648409216172,204.09140014648438,1243700
2020-06-29,206.3310089111328,207.47243338587455,203.90114582987303,206.3310089111328,993300
2020-06-30,205.3657498165272,211.3573227710867,205.22660994723122,209.9746551513672,1544500
2020-07-01,210.35726078059812,212.9226039091555,208.1484718448669,211.96603393554688,1049100
2020-07-02,213.200876362864,215.45314822785124,212.98347529630288,215.15748596191406,1333000
2020-07-06,217.6880377608516,218.2532752267855,212.93130135860463,216.4532012939453,1131600
2020-07-07,219.0098092592849,230.6798820255653,218.8532736132258,230.5581512451172,2682600
2020-07-08,231.66254849741696,240.75860079945338,231.29732960281757,234.6105194091797,2793000
2020-07-09,235.68012397300393,236.54105018883516,231.26254625303596,236.18450927734375,1504300
2020-07-10,236.8889398482407,238.13246778187985,234.6540501516364,237.56723022460938,951600
2020-07-13,240.07158666577175,244.09785749924797,237.87148957049058,238.57586669921875,1180900
2020-07-14,238.27154248502302,244.8370433506207,237.42802537893073,244.35006713867188,1990300
2020-07-15,245.88059125006913,248.09807137815267,244.44574960612013,245.20230102539062,1327100
2020-07-16,246.25456190470277,250.44606138454742,245.8893429265866,249.74168395996094,2252300
2020-07-17,251.3156292454726,256.8550040937998,250.1155711296046,255.6636505126953,1961500
2020-07-20,255.19401339222105,257.31584953288825,250.4459824064643,252.94174194335938,1037600
2020-07-21,253.05481409279597,254.50706473708394,252.10694872974875,252.5243682861328,1057500
2020-07-22,252.55917140152357,257.6463618827323,251.88958564183812,256.9767761230469,820600
2020-07-23,251.69829923283223,260.724797135662,251.69829923283223,255.01148986816406,1318700
2020-07-24,253.89842797882528,255.09848643991472,251.6200684254982,253.50709533691406,1064000
2020-07-27,255.35925808388546,258.350698538517,254.1505220928003,256.2810363769531,1077300
2020-07-28,256.08975034325204,256.2897688770504,251.4373887772279,251.5504150390625,775400
2020-07-29,251.4981948848333,254.55921830803769,250.81990474686617,251.18515014648438,1131200
2020-07-30,248.72419551266836,249.93295814627197,246.25452265226207,247.67198181152344,1042200
2020-07-31,248.37632999903087,249.35028238884775,244.41093724722666,249.254638671875,1546200
2020-08-03,250.5155956028122,250.99389389176514,242.036953659684,242.10653686523438,1731000
2020-08-04,240.29776346359245,244.32403593574196,238.75857328515247,243.1239776611328,2065300
2020-08-05,244.48921673427932,250.48080244032212,244.42833807080618,247.50674438476562,1624700
2020-08-06,246.67191035912282,247.81108964478986,244.41093431660843,246.08926391601562,1293700
2020-08-07,246.3849690066164,246.3849690066164,242.79352562186597,244.95883178710938,861700
2020-08-10,244.16744863394678,245.0457573049354,242.53258860954557,244.5674591064453,980600
2020-08-11,245.3240343064099,247.56762806035374,244.22835103278166,244.88055419921875,967000
2020-08-12,246.9676330816114,249.88949093183774,245.75887030811361,248.18507385253906,755400
2020-08-13,247.21108747321483,250.87211382164534,247.11544374702007,250.71559143066406,758200
2020-08-14,250.81126118006938,253.9679022112365,250.16773601033182,252.02870178222656,1017200
2020-08-17,253.7330579821235,255.06355106116956,251.39382106289364,251.8025360107422,846100
2020-08-18,252.67225763881038,253.47230538040216,248.65468947268786,249.01123046875,763900
2020-08-19,251.49826199190994,251.49826199190994,249.07208500769758,249.53297424316406,482800
2020-08-20,247.03715449724552,249.04596465537006,246.52409119336784,248.76768493652344,430400
2020-08-21,248.21982755364755,249.56770346238582,245.96755583679962,249.0894317626953,583500
2020-08-24,251.82866627868594,251.9678061292963,249.74162159595645,250.14163208007812,466100
2020-08-25,251.47212412399537,253.17656738174932,250.31556227028855,251.68084716796875,485400
2020-08-26,250.81990506901437,256.9940995082002,250.34163342762997,255.62881469726562,578000
2020-08-27,256.44630410338345,256.67240971479526,253.9679265277799,254.57666015625,426400
2020-08-28,255.12448477475652,258.36809146052866,254.93317078897852,258.0637512207031,502700
2020-08-31,256.83763254513957,260.4116934412837,254.00271406545718,254.1505584716797,601900
2020-09-01,253.05487175873606,263.6379686221636,252.78529652699908,263.2553405761719,1071700
2020-09-02,263.04664118788077,270.2208778894607,262.4640210686718,269.8469543457031,1296600
2020-09-03,267.82072745315253,268.6555401055206,254.7157849883126,258.4289855957031,1320600
2020-09-04,259.93344137337414,261.49871859971057,253.107041867537,259.5160217285156,1375400
2020-09-08,256.4377122722022,259.4117451316602,253.9245422492633,256.1159362792969,1109400
2020-09-09,259.2986313776926,266.82070406491874,259.09863935188514,263.72491455078125,1025400
2020-09-10,263.22918998985625,266.13366470124384,255.7505889021631,256.7332458496094,1181300
2020-09-11,258.97680054999506,262.7334967131539,258.3593890562194,261.1595153808594,625800
2020-09-14,263.99449022966587,266.79461743961974,261.9857062027664,264.3336486816406,611000
2020-09-15,265.9946615783095,267.77734040832746,264.325009055152,264.39459228515625,700700
2020-09-16,264.58581146748656,266.7598222064537,262.8726899436518,263.0205078125,810000
2020-09-17,259.7507876371813,263.35093525970905,258.42029425999715,262.60308837890625,739700
2020-09-18,260.70744575935623,263.7510618277727,256.39421441881785,257.23773193359375,1150800
2020-09-21,253.37661929838862,253.5766378558721,247.52419891299434,252.86355590820312,762600
2020-09-22,254.49838423675334,255.4375451545408,251.6982574765027,255.1853790283203,671700
2020-09-23,254.63747707847472,255.26359308744765,247.4806258337907,248.21109008789062,885100
2020-09-24,248.28074890632791,253.80271535264504,247.16765638889254,252.1765594482422,795400
2020-09-25,248.92426039144507,253.65491046744404,247.8372548875523,252.8026885986328,566700
2020-09-28,255.76795961203274,257.23759269837086,254.03745590489385,254.50704956054688,742200
2020-09-29,256.2114670175953,258.0811105744904,253.7591770214497,255.54185485839844,603100
2020-09-30,256.5465398059454,261.4823055218565,256.01363738724723,260.20684814453125,1152700
2020-10-01,261.2551412051695,263.5963498945826,256.4591531572674,257.42010498046875,1316700
2020-10-02,254.4935477578386,260.73969380828163,253.51513390476163,258.61688232421875,1030000
2020-10-05,260.58248350703815,266.1559773201906,258.74794399797634,262.3558654785156,1091900
2020-10-06,263.41298718753524,265.78040319033676,258.51217133002245,258.75677490234375,1418600
2020-10-07,262.6878812720436,266.2084392962766,261.80554899859686,263.91961669921875,645800
2020-10-08,264.7146005090029,266.1647596476429,261.2814064000631,261.77935791015625,745500
2020-10-09,264.07689056830685,265.09897346948947,261.4037137593553,262.60052490234375,962600
2020-10-12,265.46590360108735,266.32200270753714,263.71872774656896,264.5923156738281,706000
2020-10-13,264.1991831790521,268.0342468709812,262.4258008018628,263.0373229980469,798900
2020-10-14,262.0675387810531,263.4478221353205,260.07576009521324,260.25048828125,975400
2020-10-15,259.324533495807,260.0408818617963,257.14056408226605,258.5470275878906,1054300
2020-10-16,260.0584128235773,262.39962225596213,258.6956176817539,260.4515380859375,1398700
2020-10-19,262.0414083242886,262.60051735416687,256.1534346497325,256.974609375,922900
2020-10-20,258.15395509070413,259.79630452067033,256.92219301822945,257.26287841796875,532000
2020-10-21,256.8697824759164,260.35538951509716,256.0573255026019,256.1883850097656,429800
2020-10-22,255.5594240177257,256.94842564633274,252.47565964885354,255.3060760498047,547400
2020-10-23,257.6909033556589,258.23252345150854,255.28853723648174,256.83477783203125,477500
2020-10-26,253.28800332620722,254.44114541323228,247.2602539218913,250.19549560546875,636200
2020-10-27,250.83323694578976,251.89027058279285,247.54853871007447,247.662109375,538600
2020-10-28,241.9838598261891,244.29886253950005,238.27111107434325,238.4720458984375,903900
2020-10-29,238.32349755225,244.29883520511794,236.97816480795674,241.78289794921875,715600
2020-10-30,240.1667696197576,242.90107703855375,237.33632702012451,241.31988525390625,827400
2020-11-02,245.23357787895074,251.2438664437127,243.81836985313578,250.4488983154297,690200
2020-11-03,253.31423071348266,255.7078525207774,250.69346756922195,252.50180053710938,842300
2020-11-04,253.31421754297133,254.99151759839447,248.65800699572796,252.72018432617188,924200
2020-11-05,257.93553267863985,267.7633950597937,257.7695488700866,264.9941101074219,856400
2020-11-06,265.0727271884297,268.8728392702214,263.94581817490143,267.94683837890625,745400
2020-11-09,278.5958315468565,286.44065798474617,273.00487610171155,273.1446533203125,1261700
2020-11-10,275.2500005714397,275.6780766727575,270.392855096003,270.7859802246094,1279600
2020-11-11,259.45559232670456,262.21613314120674,242.1236125233138,245.33840942382812,4733200
2020-11-12,242.76129336172121,244.57834400708904,230.2864356892052,231.77154541015625,4849000
2020-11-13,234.14777032228267,235.4843587802902,229.10717759576548,230.51364135742188,2553700
2020-11-16,233.75458889993163,235.6240794055313,229.5788406912929,232.7587127685547,2201800
2020-11-17,231.14257573263876,232.95965315192416,229.08963922229407,232.627685546875,2218700
2020-11-18,233.09072022578627,237.7032630804235,232.39183393884977,233.85948181152344,2028800
2020-11-19,233.02957275218995,238.16627387917245,230.44376002818998,236.18321228027344,1340500
2020-11-20,235.81623436626197,236.873267877306,231.83267711923875,236.28797912597656,1102900
2020-11-23,238.28853910188292,241.6955529139561,236.65493415064347,240.4637908935547,1265900
2020-11-24,242.85743502550346,250.17810585766549,241.33740061798645,248.11642456054688,1921400
2020-11-25,247.80193393309287,250.03831670716622,242.21097699790946,242.96224975585938,1177700
2020-11-27,243.73973138992136,244.57836818146126,241.5994306969625,242.70887756347656,674700
2020-11-30,242.85745293818007,244.73566172067228,240.92683101085845,244.72694396972656,1312900
2020-12-01,248.9724890783105,249.84607675928703,243.96682206879407,247.38255310058594,1259700
2020-12-02,246.08094288881364,246.788546854978,239.24948007840928,239.2582244873047,1373200
2020-12-03,239.69504004507087,240.4113884848918,232.43552709902985,233.4663543701172,2035600
2020-12-04,233.25669403755612,239.23203157042923,231.17755074534253,239.15341186523438,1587100
2020-12-07,239.78234369460571,241.48582358728876,234.26126344208512,235.15231323242188,1114200
2020-12-08,234.99517820464993,235.90371721337957,233.33536629278342,234.32252502441406,1358500
2020-12-09,235.32703627016457,237.27511959164042,233.99916603154966,236.36660766601562,1038100
2020-12-10,235.17859130200077,236.060923612912,232.9771593895795,234.83790588378906,1065000
2020-12-11,232.88978590581226,234.6719126164887,232.11230656846794,233.56243896484375,751800
2020-12-14,235.06497033918131,236.15695498161796,231.78029866338312,231.8501739501953,894200
2020-12-15,235.9561068977,237.67707619839183,234.1739800431255,235.8774871826172,1655400
2020-12-16,235.91236596205016,236.8034425472088,233.5973637100082,234.90774536132812,1154900
2020-12-17,235.85997944760163,237.11794810762396,234.55834205818678,234.6457061767578,940000
2020-12-18,233.78958299478543,236.27056936223315,231.78034154488628,235.47560119628906,2605100
2020-12-21,231.8239983730068,232.87231443378656,227.66571176764114,231.05523681640625,1387100
2020-12-22,230.63597106933594,231.22126008629755,228.53933859006435,230.63597106933594,1266900
2020-12-23,232.40929695362567,234.97764712090432,231.50075821137764,232.59274291992188,840500
2020-12-24,232.44421536869046,234.4359943601228,231.61432300713332,234.42727661132812,227600
2020-12-28,237.1965678164021,238.1400576413118,234.47097793961575,234.6457061767578,630600
2020-12-29,236.89086466892869,239.68633021379912,233.5799587543688,234.75930786132812,777200
2020-12-30,235.85120644602642,238.48943158619923,235.3532550806312,236.82962036132812,611300
2020-12-31,236.5311963859664,240.18335055332335,235.54789525698357,239.8673095703125,795600
2021-01-04,241.77241298119566,242.7205626804405,234.55584947443657,235.46011352539062,1286200
2021-01-05,235.50397361238453,248.8748146391899,235.50397361238453,247.91787719726562,1882400
2021-01-06,248.45344645931578,257.4522020289553,248.2076278666631,254.57260131835938,1883700
2021-01-07,254.21262230515046,255.0378760957911,249.1908771671351,250.46388244628906,1147900
2021-01-08,251.3944514853135,252.69376655505332,247.00481561789826,250.85890197753906,1229700
2021-01-11,249.83173739051645,251.35053422446055,247.4876600937587,248.56752014160156,751300
2021-01-12,248.56761064546458,249.26118085354622,246.03917522702747,248.5061492919922,1097400
2021-01-13,249.1909350752164,256.6884433274575,249.1909350752164,255.18719482421875,1608800
2021-01-14,255.36265967339926,256.2581624918109,251.0608221006185,251.306640625,1108100
2021-01-15,250.0161039393699,253.17664717982575,247.29452429363818,251.88609313964844,1908600
2021-01-19,254.53743592422003,254.59010941475898,249.06796641629333,250.7886962890625,1368200
2021-01-20,252.2548518312041,253.5278571962258,251.28036534013685,251.578857421875,692500
2021-01-21,251.52614209026578,252.3250590550769,247.36477574751578,248.11099243164062,918500
2021-01-22,247.03117922424755,252.28116714555887,246.69756257529184,248.9801788330078,791200
2021-01-25,248.6904189757479,249.024035585995,242.6766393149656,244.959228515625,1129700
2021-01-26,245.78449509863532,247.4086658014514,244.01987961885806,244.0549774169922,962500
2021-01-27,241.3861425337611,241.39490358880556,234.11690493862412,237.02284240722656,1124500
2021-01-28,240.26233126070431,244.94167111018675,237.0403268808259,242.18496704101562,982800
2021-01-29,240.36770444692735,242.03576082994977,233.65156647789237,234.1958770751953,1458600
2021-02-01,235.90784001786494,238.17290748178158,232.99314171013592,236.11856079101562,1360400
2021-02-02,237.9182826296337,242.5186128051265,237.0579042871047,240.5081787109375,1061400
2021-02-03,241.30708978592827,245.74942666422785,240.6574321440615,242.83470153808594,1065700
2021-02-04,229.8940028771545,233.5286343319052,215.75060859799137,225.36392211914062,6284200
2021-02-05,224.75816986979257,226.21553235891722,219.37647139630255,222.24728393554688,3167300
2021-02-08,228.21719173200117,229.13021675111273,221.13231263100272,222.67745971679688,2056000
2021-02-09,222.80038655096524,224.9337434352125,219.29745184179404,223.37982177734375,1347100
2021-02-10,223.93290275924235,224.7493686448916,220.4563050687299,222.62478637695312,1463000
2021-02-11,223.87148172675796,227.37440339673768,223.1515748455829,226.2331085205078,1183800
2021-02-12,225.40784434734312,231.18459445090244,225.40784434734312,228.74395751953125,1157500
2021-02-16,230.2188837376321,231.36017850188935,228.00648981178335,228.90199279785156,1095700
2021-02-17,228.15574736821623,229.78867925988305,225.4341674232236,228.26988220214844,873800
2021-02-18,228.26111381900802,231.67626411294881,226.91788602860794,230.58761596679688,913500
2021-02-19,230.51733701640381,233.07210822478913,230.51733701640381,231.66741943359375,1215500
2021-02-22,230.6666045927544,233.22137618840102,229.18290534862754,233.0721435546875,1001500
2021-02-23,233.22135256375705,234.83673537759,227.90111593804482,231.18455505371094,1335600
2021-02-24,230.70169323692144,233.37059924965502,230.11347026337765,231.12310791015625,971300
2021-02-25,230.87731219747778,232.45757049190192,228.01526085904294,228.59469604492188,843300
2021-02-26,227.7079988497679,229.23558377380144,224.37188583638905,224.415771484375,1285500
2021-03-01,226.85642235454122,231.1319242712008,226.85642235454122,229.30584716796875,827700
2021-03-02,229.75360945066004,234.38027716628312,229.48145410222443,233.5286865234375,1158200
2021-03-03,230.7895179004861,233.23894240999869,229.59552291819028,230.3154296875,1193700
2021-03-04,229.63940459783788,230.77191129909866,222.33504448511655,225.12684631347656,1126500
2021-03-05,226.6105655736509,232.3258802442889,224.231390353009,231.61476135253906,861900
2021-03-08,233.30923766775635,237.63741389689704,231.36902535680042,234.30130004882812,1021800
2021-03-09,236.5135775244266,238.15529706837424,234.73138641626272,234.85430908203125,744400
2021-03-10,236.39949651932562,241.4300300636687,234.95970954471719,238.46263122558594,806600
2021-03-11,240.91201344033982,242.91368644508304,239.02447526179634,239.4019775390625,839100
2021-03-12,239.48980837814835,241.80752264119383,238.93670986304193,239.90243530273438,741500
2021-03-15,239.4459082468573,239.9551211377025,237.24232871232374,239.63905334472656,721500
2021-03-16,239.13861541959886,241.7548214658964,237.65491623034904,240.99981689453125,650200
2021-03-17,241.1841960269924,242.1586824984134,237.45300489216405,237.62860107421875,735800
2021-03-18,236.75063748343706,238.6469366396349,234.45923358202953,236.18875122070312,742700
2021-03-19,236.63650270638178,243.2472933869021,234.4943582156756,241.78114318847656,2431800
2021-03-22,241.55294049326125,246.9346125665243,240.06924114955044,244.78370666503906,1818700
2021-03-23,244.42375826587013,244.9944056885159,240.36773817011442,241.15786743164062,1147700
2021-03-24,240.8593537525735,246.82048746396575,240.6222962408164,244.07257080078125,778700
2021-03-25,243.9320948952397,244.81002215648422,241.12271694237162,243.42288208007812,1340900
2021-03-26,245.64401735478202,252.37773069914388,245.14361921793204,252.1582489013672,1269800
2021-03-29,251.4119818608862,254.87980465753787,249.06793148402184,249.30496215820312,1118300
2021-03-30,248.98891962916338,251.3066602908851,247.27697766932113,248.11099243164062,896200
2021-03-31,247.14895653256747,250.873579556576,247.14895653256747,248.3140106201172,831600
2021-04-01,249.07311006931835,251.73858853662114,246.40760466683565,251.45614624023438,927700
2021-04-05,253.00067950071886,255.93095728498434,251.97684653024623,255.52496337890625,780100
2021-04-06,255.3307730825621,256.80471969284974,252.5681938614529,254.2098388671875,743900
2021-04-07,252.8153220789505,253.84796278463728,248.38462061090445,249.32899475097656,853600
2021-04-08,251.36785219120617,252.4446397602482,249.6820872064383,249.87623596191406,707000
2021-04-09,249.77031826527613,251.40315557123563,247.80211108259897,250.9794921875,953200
2021-04-12,250.09682360832275,251.76497255165702,249.25835870395906,249.67318725585938,681900
2021-04-13,249.3466646172751,253.38018001398441,248.4110982776715,251.6414337158203,893500
2021-04-14,251.31483199199477,251.85323910347685,248.65818924785603,249.67318725585938,631700
2021-04-15,251.01478839586,254.01566310327607,250.2292779068385,253.4419708251953,778200
2021-04-16,255.48081531066526,255.74561502340393,252.62999630992664,253.73326110839844,1013500
2021-04-19,254.16576264819975,254.56294879716057,248.3581879068535,251.01483154296875,898400
2021-04-20,250.54702017028654,253.1065891341576,250.38815650260355,251.1383819580078,755500
2021-04-21,252.22393129856482,255.70142348914572,251.20009851266667,254.7482147216797,626200
2021-04-22,253.69791224617143,254.6423132409416,251.28837257960487,251.31484985351562,849200
2021-04-23,252.0032850833919,256.9370812971663,251.28837175497557,256.22216796875,885600
2021-04-26,256.15167554997527,258.49059214402996,254.63358171502946,256.1163635253906,828800
2021-04-27,255.71914017054775,256.56644000195956,253.30960013117323,255.7720947265625,519300
2021-04-28,256.03684115647656,257.41371334151023,254.96005373636837,255.5955352783203,543000
2021-04-29,256.6723741143067,258.23458753925564,256.11632428681577,257.9874572753906,553600
2021-04-30,257.57252620266877,258.0491439989421,254.05091460866126,254.6157989501953,906400
2021-05-03,255.6662345537645,257.5726528055706,254.66004392652906,256.12518310546875,952300
2021-05-04,254.67758556731278,257.3872098476194,254.6423004939793,256.1956787109375,1178600
2021-05-05,256.9636067646226,259.1877787553477,255.32193484621263,258.2433776855469,1131400
2021-05-06,258.9671368609716,261.1118771151754,256.94594825504896,259.178955078125,1178700
2021-05-07,258.19931777838457,260.6529780206518,256.26639537533737,256.4429016113281,1214900
2021-05-10,262.56825637641487,267.29907108315973,258.7995125299985,259.0731201171875,1245600
2021-05-11,258.25222965724754,265.6573289852934,256.8753573422683,265.4366760253906,1217100
2021-05-12,263.39790731517536,264.4217405242238,258.2081441574942,258.7465515136719,935500
2021-05-13,258.7288273192378,265.09245064234943,258.69351530657104,264.58935546875,850700
2021-05-14,266.1074521891257,267.67850008318356,265.19836313135914,265.71026611328125,698500
2021-05-17,265.6662062810266,267.71387254139,264.42172015559487,266.2398986816406,592500
2021-05-18,265.5691003155096,267.1931029352322,264.01569479439365,264.4570007324219,817600
2021-05-19,262.727046305431,264.21863535322825,260.6617111481094,263.256591796875,800200
2021-05-20,262.9654235790873,264.8630340075247,262.04749954975176,262.188720703125,542300
2021-05-21,263.1507231396695,265.83387076108016,262.93007017260027,263.18603515625,672900
2021-05-24,265.18959392550323,265.18959392550323,262.8595122522598,264.4040832519531,679100
2021-05-25,265.48080536595194,267.06066106190866,263.3272304637368,265.71026611328125,908900
2021-05-26,265.79856410402596,266.1692729476548,260.37934112982623,262.48876953125,748000
2021-05-27,263.7155519539379,264.9512029214568,262.6210951525603,263.2654113769531,1155300
2021-05-28,265.2513886537323,266.75183985818757,263.58326594624805,264.4835205078125,549300
2021-06-01,268.0050461980003,268.2786536792523,265.2248246379152,267.0253601074219,736200
2021-06-02,268.2786933514432,270.1321836439789,266.389917977844,269.7791442871094,1003400
2021-06-03,267.8550489477437,268.5434851005194,265.39255439024106,268.41107177734375,858700
2021-06-04,268.88773144061804,269.9292071014223,268.1110285969064,268.9848327636719,820000
2021-06-07,269.1348175849992,269.51433420566275,264.2451674632436,266.3810729980469,670400
2021-06-08,265.86033494146903,266.36343014604296,262.85946012420885,264.4481506347656,807800
2021-06-09,265.21612085799046,266.3282208052186,262.32115403401883,262.4447326660156,778600
2021-06-10,265.2425737501544,265.76331164742004,263.30965113164837,263.5479736328125,563100
2021-06-11,264.4923194119755,266.6988491576999,264.1304453014553,265.1807556152344,710400
2021-06-14,265.18069405583867,265.18069405583867,262.4887122298685,264.0068054199219,567700
2021-06-15,266.45169572688434,266.7517805139794,263.4066741685779,265.73675537109375,1068600
2021-06-16,266.96361859525314,268.9759726206354,264.1657270613883,264.8188781738281,958800
2021-06-17,264.18338762113086,264.6070240741696,260.39697521103955,263.9803771972656,786500
2021-06-18,260.93542711402375,262.85068008871013,257.722706474293,258.3405456542969,1702000
2021-06-21,260.7236032775024,263.13314395471735,259.7615593416663,261.7474365234375,640700
2021-06-22,262.64767803316334,264.2187263811027,262.1004628800312,263.0272216796875,566400
2021-06-23,262.2593082113098,263.1860399156887,256.52233096376403,256.69000244140625,936100
2021-06-24,258.44640629640764,259.47023926636894,255.34843010864444,255.89564514160156,999800
2021-06-25,255.80741908285634,257.2990354883661,254.56295989026432,254.6688690185547,1413600
2021-06-28,255.60444079861963,256.4429060382053,253.41555334014268,255.11898803710938,921100
2021-06-29,256.3545952596143,257.0341966149536,253.21249956361552,254.44815063476562,984600
2021-06-30,254.74093213147972,255.97419220824608,254.0045447092479,255.23777770996094,673500
2021-07-01,256.77272965670267,257.59784542637004,254.99827316654975,256.23150634765625,619400
2021-07-02,256.16944383032336,258.7512815032422,255.2289839726215,257.9793701171875,541500
2021-07-06,258.84888135120747,258.8843780679085,253.03754625926567,254.38612365722656,1034800
2021-07-07,254.81198492065553,258.2810238329041,254.81198492065553,257.99713134765625,639700
2021-07-08,254.5369014358278,256.48878715459415,251.9727990406333,254.95387268066406,807300
2021-07-09,256.4710335543387,258.9109108311375,256.4710335543387,258.77783203125,734300
2021-07-12,258.7512411421765,260.35712199263185,258.1745211604753,258.2277526855469,1041300
2021-07-13,257.89066769067665,258.8045117772443,255.5128752152455,256.2847595214844,580300
2021-07-14,256.23148181735655,258.42293645593895,255.30878402557266,255.64593505859375,597700
2021-07-15,254.32396661062506,257.50911270589995,254.32396661062506,255.61045837402344,733700
2021-07-16,256.2137370497682,256.7194635796566,252.11474744131215,253.33912658691406,1496200
2021-07-19,250.7306776684368,251.69775309148307,247.53665095063712,250.2870635986328,1102700
2021-07-20,251.10331220638525,257.17194976767394,250.37580566948859,253.70291137695312,1065600
2021-07-21,254.43047424605663,255.48627819040357,253.58762352585416,254.38612365722656,721800
2021-07-22,255.47731118841898,257.1186613131751,254.42150771160047,255.92977905273438,896900
2021-07-23,257.2961935396174,257.76642343097507,254.56354243204126,257.5534973144531,635100
2021-07-26,258.03262540508115,258.6181994021722,255.27335805891425,256.5154724121094,524900
2021-07-27,255.26435644197727,258.5826075235565,252.91320769271016,256.3201599121094,680200
2021-07-28,256.0629170378362,256.8170664207865,254.34171924496766,255.37088012695312,654400
2021-07-29,257.154201072513,258.04142921328594,255.61043277190532,257.0033874511719,422500
2021-07-30,256.8969448516101,259.64735801199305,256.8969448516101,258.2100524902344,570600
2021-08-02,259.39880687646,260.54333840500846,255.80554484921527,256.1693115234375,550500
2021-08-03,256.9235231235826,258.36970938167997,255.52171451988914,257.87286376953125,520500
2021-08-04,255.2821438719533,257.98817867139365,255.12242224058812,255.22891235351562,595800
2021-08-05,256.9412875953111,259.1327422936325,255.78787471005722,256.1605224609375,1039100
2021-08-06,257.562336164569,260.05544524566307,256.12503080975245,258.0237121582031,809500
2021-08-09,257.5800886516842,258.62701139337673,240.23476169339077,244.65316772460938,2273400
2021-08-10,243.6239808099497,247.2705026810523,243.6239808099497,246.53408813476562,1301100
2021-08-11,246.7204600584382,248.14891185330524,243.41111547523914,247.29718017578125,978600
2021-08-12,248.15776726010094,248.7433141133391,245.1145536020179,246.30343627929688,862600
2021-08-13,246.07274547905217,248.22870349623105,245.38070856948653,248.19320678710938,604800
2021-08-16,248.42390982708332,250.84605269527805,247.53668157770088,249.79910278320312,1334400
2021-08-17,249.11592290573026,249.87007226064654,246.39212594289438,249.6748809814453,933800
2021-08-18,248.9562414354633,249.97654846295802,240.59853977392027,241.4591522216797,1184100
2021-08-19,239.79116323338133,242.06246532907483,238.8329686614087,240.78488159179688,1131000
2021-08-20,240.1993076622256,240.69615330330063,235.15983075466102,237.2803192138672,1624100
2021-08-23,237.8392965806558,240.43886899813796,236.9786840476939,239.9863739013672,1643100
2021-08-24,241.6987406270536,242.58596890953504,239.03705577960935,240.0129852294922,954500
2021-08-25,238.63777484924137,239.2588454321878,237.333548285899,238.8152313232422,1305200
2021-08-26,239.0015269877914,241.28170986597235,237.42226193998866,238.14979553222656,774500
2021-08-27,239.07249562390274,239.5427254719774,238.0610695874641,238.22076416015625,551400
2021-08-30,238.7176270146371,240.59854654280815,238.34500631810502,239.7290802001953,563000
2021-08-31,239.3741742842553,241.30835247343802,238.72651498159902,239.1168975830078,876900
2021-09-01,239.1169051759373,240.0750998159668,237.3335676481489,238.966064453125,543400
2021-09-02,239.50726990262046,240.7405030544485,238.24739391105769,239.55162048339844,453000
2021-09-03,239.48951015679316,240.0750840390187,237.6707031116821,238.0255889892578,821400
2021-09-07,237.64410469422688,238.26514825630224,236.1003090461974,236.9786834716797,666400
2021-09-08,237.33354068408022,238.34499381658634,236.09142663402883,237.53761291503906,864200
2021-09-09,237.20930976276168,239.08137527491817,236.5527695834358,236.9963836669922,752700
2021-09-10,237.48438724824715,239.05477143497444,236.71247596047652,237.77716064453125,1000300
2021-09-13,239.87100497025008,241.35268798892443,237.13835400704068,239.10800170898438,1258900
2021-09-14,240.11946868347445,240.4211230419945,237.66182908073276,238.54017639160156,775600
2021-09-15,238.93054523721946,240.24365273053397,237.5997029271509,239.10800170898438,1166400
2021-09-16,238.01668611041094,238.66437240744642,235.90510585678837,236.37533569335938,1138500
2021-09-17,233.77573470558067,234.61861227174722,230.34216612476752,232.3029327392578,1702700
2021-09-20,228.90486536591663,230.4575146464994,225.2761054392812,229.06455993652344,1113200
2021-09-21,230.41318833745515,230.92776881118303,228.22173346757276,228.3636932373047,718300
2021-09-22,229.47270935003814,230.86563701409756,228.5322225697659,228.8516387939453,631200
2021-09-23,230.2179447125114,231.79720956225006,229.87191277567837,231.04306030273438,879200
2021-09-24,230.18250788548522,232.19650634032064,229.49047090785405,230.28897094726562,738900
2021-09-27,238.66439199572793,238.66439199572793,232.14325914122813,232.3739471435547,1219600
2021-09-28,232.1166311929404,234.30808587183543,230.47525365128087,232.72882080078125,1195500
2021-09-29,232.36504852181113,233.40311737726185,230.80354537977047,230.87451171875,917100
2021-09-30,232.21308922746672,232.78419326015546,228.50081769935818,228.54542541503906,762400
2021-10-01,230.0267155833012,231.3920436239889,226.5821728108201,229.7233123779297,877000
2021-10-04,229.28607469135846,230.89233347403396,226.19846143421583,228.43832397460938,1007000
2021-10-05,228.5454209760577,230.72281122653274,227.09086361353366,229.35748291015625,970900
2021-10-06,227.55495504816335,232.91812172289207,224.85106784808926,232.68609619140625,1310200
2021-10-07,234.13170622332626,237.843978104377,233.83723535915283,235.00624084472656,1359600
2021-10-08,236.4607840740664,237.70116721168532,235.398859028107,236.86233520507812,1162300
2021-10-11,238.89699847531062,242.87699883544025,237.9243158643411,239.80723571777344,1070200
2021-10-12,239.80720814059683,244.11735419015926,239.72689790485794,243.0821990966797,1266500
2021-10-13,245.45591493197074,249.49836023438579,245.2952944589573,248.4542999267578,1285100
2021-10-14,251.25630114512052,257.60998651530014,251.25630114512052,256.9764099121094,1575100
2021-10-15,258.2792826172252,263.09808711232023,257.09243955856505,261.1973571777344,1637300
2021-10-18,260.53691340011426,262.35735984880375,259.1002075966068,261.05450439453125,977100
2021-10-19,261.4650215215825,263.6602492306095,260.3317187748525,262.7946472167969,896800
2021-10-20,263.29443300109654,263.9815770928377,260.63518100877167,262.0897521972656,751100
2021-10-21,261.85769896296335,262.35742521329803,260.3317501354428,262.25927734375,620000
2021-10-22,262.6251209701092,264.33848753360934,259.5464532972629,259.88555908203125,898500
2021-10-25,261.2687239099543,263.72274738747325,260.00154344084433,262.2860412597656,633300
2021-10-26,262.80358298006973,264.1332086921209,262.1075338326358,262.6965026855469,460100
2021-10-27,262.63404768864154,264.1421588145704,261.75060796663763,263.1159362792969,748500
2021-10-28,263.49959786937166,269.0144501845844,263.49959786937166,268.9966125488281,1256800
2021-10-29,267.72950479957285,268.8717401567963,265.9715304292406,267.5421142578125,924700
2021-11-01,267.3636379618407,268.55050831021975,265.74844636066683,265.9179992675781,653000
2021-11-02,266.36416688231895,267.43502440596154,264.9810008778988,265.998291015625,932400
2021-11-03,266.4801613465043,270.57614615897796,266.06967779157986,269.6123962402344,1270200
2021-11-04,262.616212218561,269.1126804942852,260.59050997366796,268.7914123535156,1121000
2021-11-05,270.16569364814853,276.39446164085876,269.5677922692635,276.0196533203125,1646700
2021-11-08,276.4390701649265,280.05316682732985,274.40446255626983,278.95556640625,1634200
2021-11-09,279.1428696923552,281.11500409208946,277.9560269720711,280.06201171875,1174000
2021-11-10,279.5623610200552,280.97229710995464,279.14294499779385,280.44580078125,988700
2021-11-11,280.7313570109669,282.3376432528907,276.98341024588603,277.0993957519531,1297200
2021-11-12,277.411735416372,277.411735416372,275.93932676503977,276.6353759765625,1234200
2021-11-15,275.2967593505039,275.4127720666726,270.44225353858184,271.10260009765625,1510000
2021-11-16,271.93260408954615,271.9772118085912,268.89851666936903,269.05023193359375,1610600
2021-11-17,269.0502075264671,269.5677713992055,265.3647061307589,267.25653076171875,1404300
2021-11-18,268.35412939336646,268.35412939336646,264.1331997075968,264.3562927246094,846300
2021-11-19,264.3562662507243,267.3100153215252,262.78571008670224,265.69482421875,1091200
2021-11-22,267.2297699109102,267.836603700668,265.1237846023994,265.4985656738281,1099500
2021-11-23,266.4087303941789,269.87113792806815,265.83759927257495,266.8192138671875,1072500
2021-11-24,266.2214028603134,267.86339177464225,265.40043563618894,265.7841491699219,603300
2021-11-26,261.97369074552506,262.72328006105386,259.4036546734059,262.0361633300781,619600
2021-11-29,263.2676668809377,263.9012708235057,259.8588253824826,259.99267578125,853500
2021-11-30,258.3685029792289,259.69812874489116,255.32551073301093,256.5034484863281,2396100
2021-12-01,260.6619567455064,262.61625427966015,254.13871734936393,254.27256774902344,1184000
2021-12-02,255.07563846120172,258.64512687050996,255.06670602560715,256.4945068359375,1350900
2021-12-03,256.896080373146,259.41257619059695,255.0577960553574,257.5564270019531,1199100
2021-12-06,260.65305959372034,262.91969318928585,259.537594057149,261.3669738769531,962500
2021-12-07,262.39314253227525,265.7127683728352,261.89341625374277,264.0797119140625,859100
2021-12-08,265.0345604047679,265.2308833906856,260.8582647767436,263.84771728515625,1098900
2021-12-09,259.0912469763917,262.36626374089286,259.0912469763917,261.6255798339844,1239500
2021-12-10,264.0618294652199,264.0618294652199,261.3222406021461,263.5621032714844,695700
2021-12-13,263.10707822963997,267.25660449163183,262.4377989218011,265.5343322753906,1008500
2021-12-14,265.86444978555846,267.229778197032,264.07080013631384,266.10540771484375,808500
2021-12-15,266.8907001880119,274.3420144704638,266.03403039022055,272.24493408203125,1461000
2021-12-16,272.17350745986937,273.9671842072095,269.6481062420403,270.5226135253906,636800
2021-12-17,270.1835090807834,270.1835090807834,265.9358361176254,266.22137451171875,1768400
2021-12-20,263.0624050565646,263.4371861252097,259.58215896824186,263.25872802734375,779400
2021-12-21,265.1237752502713,266.5604813617992,262.22356571859206,263.9190673828125,636600
2021-12-22,263.29441806216926,265.2665803169375,262.5359234459163,265.1773376464844,430300
2021-12-23,265.39150062353457,268.2203326270618,265.39150062353457,267.2476501464844,344700
2021-12-27,268.97886209934416,269.8176669802856,266.62298623036315,269.6927490234375,413600
2021-12-28,270.5225665491402,271.593423843128,269.32679133623884,271.27215576171875,354500
2021-12-29,273.0479865034102,273.2086069228585,271.31678269460537,272.5303955078125,499700
2021-12-30,273.0659370057928,273.50319073936566,269.5053800711733,271.18304443359375,433300
2021-12-31,270.806278346502,274.14237028262374,270.806278346502,272.8599548339844,586600
2022-01-03,273.09,273.52,265.19,265.27,113010200
2022-01-04,269.03,269.67,267.52,268.51,166741900
2022-01-05,270.99,277.36,270.91,272.83,92614700
2022-01-06,272.81,272.83,266.79,267.26,80853500
2022-01-07,267.9,267.9,263.79,266.71,94504500
2022-01-10,264.83,265.91,263.03,264.64,101909100
2022-01-11,265.07,266.88,263.84,266.83,54203600
2022-01-12,267.72,269.11,265.57,268.81,95962000
2022-01-13,268.24,269.19,263.58,263.91,78836900
2022-01-14,262.03,262.55,259.35,261.27,147845900
2022-01-18,259.1,259.1,254.9,257.02,108657600
2022-01-19,257.66,260.06,255.85,256.09,81447900
2022-01-20,256.08,260.75,256.08,257.36,107369700
2022-01-21,257.53,257.66,252.85,253.31,150391500
2022-01-24,250.33,254.68,245.75,253.62,135179700
2022-01-25,249.97,252.17,246.28,250.59,78807100
2022-01-26,252.26,252.97,245.6,247.88,117105400
2022-01-27,249.72,251.73,244.46,247.38,106210900
2022-01-28,246.59,248.99,243.98,248.97,102523500
2022-01-31,248.12,253.33,247.7,253.0,123430400
2022-02-01,253.79,255.62,252.19,255.25,99083100
2022-02-02,255.07,256.94,254.01,255.0,93001000
2022-02-03,253.09,255.09,251.02,251.89,108942800
2022-02-04,240.68,241.23,233.76,235.92,288342900
2022-02-07,231.07,233.91,227.94,228.12,233364100
2022-02-08,225.99,229.59,225.31,226.71,289917200
2022-02-09,229.72,233.21,228.86,232.59,148281400
2022-02-10,231.4,234.04,225.22,226.33,173910500
2022-02-11,225.1,225.68,218.63,219.16,169150000
2022-02-14,219.76,220.53,215.57,218.36,172261700
2022-02-15,220.45,223.22,220.08,222.25,131735700
2022-02-16,221.48,222.68,218.38,220.01,147059000
2022-02-17,218.36,219.71,214.97,215.77,100497300
2022-02-18,215.08,219.15,214.78,216.99,217074400
2022-02-22,216.97,216.97,211.61,213.53,117610600
2022-02-23,214.72,215.23,210.22,210.45,95552200
2022-02-24,205.36,211.63,204.86,210.86,163444000
2022-02-25,212.02,216.47,211.85,215.57,124117000
2022-02-28,212.82,214.34,209.77,211.91,176246500
2022-03-01,211.59,212.44,205.58,206.73,210914900
2022-03-02,208.28,210.34,206.06,209.25,296163300
2022-03-03,211.29,211.42,206.71,207.93,174371300
2022-03-04,205.81,207.94,201.9,204.85,142691300
2022-03-07,205.61,205.96,198.19,198.64,179615200
2022-03-08,198.65,201.87,193.92,196.19,1867479
2022-03-09,202.01,206.01,201.28,203.57,1433819
2022-03-10,200.4,204.42,199.57,204.11,1538830
2022-03-11,206.2,207.04,196.65,196.74,1488884
2022-03-14,197.44,199.42,194.07,195.74,2595449
2022-03-15,197.32,199.81,194.1,199.65,2133518
2022-03-16,203.0,204.91,197.52,201.42,1498215
2022-03-17,201.24,204.99,200.28,204.96,1431822
2022-03-18,205.16,208.46,203.39,207.76,3187595
2022-03-21,212.54,214.43,208.56,210.03,1642244
2022-03-22,211.15,212.98,210.81,212.12,1192622
2022-03-23,211.28,214.73,210.22,210.96,1393522
2022-03-24,212.43,217.41,211.47,217.39,1296711
2022-03-25,217.6,221.87,217.6,221.11,1782027
2022-03-28,221.15,224.17,220.28,222.68,1565154
2022-03-29,225.2,227.13,222.72,226.29,1750712
2022-03-30,225.28,227.37,224.75,227.03,1234130
2022-03-31,226.31,227.96,224.77,225.56,1179130
2022-04-01,226.59,228.57,223.49,224.73,1473347
2022-04-04,225.62,228.44,222.97,228.03,1224104
2022-04-05,227.12,229.0,226.63,227.15,1132717
2022-04-06,225.64,226.93,222.71,225.73,1100045
2022-04-07,225.3,227.51,224.25,226.87,1062676
2022-04-08,227.44,229.51,226.34,226.72,905794
2022-04-11,226.72,227.66,225.25,225.48,1000608
2022-04-12,226.22,228.47,223.25,223.63,1417681
2022-04-13,224.01,225.64,222.2,225.57,729286
2022-04-14,225.8,227.23,222.5,222.79,1208246
2022-04-18,221.74,222.79,218.81,222.03,1583353
2022-04-19,222.16,226.13,221.49,225.25,1157351
2022-04-20,225.66,227.24,222.29,224.5,1414064
2022-04-21,226.84,229.6,225.63,226.67,1267047
2022-04-22,225.57,225.64,218.9,219.25,1203758
2022-04-25,218.62,220.53,214.55,219.1,1202647
2022-04-26,218.75,220.42,212.3,212.67,988513
2022-04-27,213.38,217.9,213.38,215.03,1080692
2022-04-28,216.46,218.48,211.95,217.05,1516420
2022-04-29,216.88,218.04,210.54,211.26,1888043
2022-05-02,212.65,214.94,208.42,212.46,972396
2022-05-03,212.46,216.93,212.26,215.8,1028459
2022-05-04,214.94,223.37,214.94,223.37,1142768
2022-05-05,223.44,229.25,210.99,212.98,1446911
2022-05-06,212.88,214.33,207.76,212.84,1293834
2022-05-09,209.28,213.48,208.53,210.49,1272718
2022-05-10,211.84,213.74,203.33,208.2,1504482
2022-05-11,207.51,212.92,206.14,210.19,1275956
2022-05-12,206.04,211.78,205.22,208.86,1391520
2022-05-13,210.2,212.09,208.55,210.94,661808
2022-05-16,210.23,211.78,207.03,210.22,880870
2022-05-17,215.02,216.56,210.87,216.23,893460
2022-05-18,213.96,214.36,210.64,211.62,874348
2022-05-19,210.06,213.73,209.11,211.4,725150
2022-05-20,214.23,214.57,208.61,214.44,1032773
2022-05-23,216.81,217.52,212.27,214.76,747593
2022-05-24,215.58,215.73,210.7,213.74,729916
2022-05-25,215.88,216.19,211.16,213.38,884381
2022-05-26,213.61,219.69,213.61,218.86,866134
2022-05-27,221.98,226.22,220.66,226.22,957249
2022-05-31,223.53,225.68,221.73,222.17,1407124
2022-06-01,223.32,224.04,217.85,219.78,911886
2022-06-02,222.25,228.39,222.07,228.21,941693
2022-06-03,225.69,229.53,225.69,227.69,935703
2022-06-06,230.15,233.76,229.53,232.36,1149187
2022-06-07,231.44,235.67,229.99,235.38,1377605
2022-06-08,233.39,236.53,227.66,227.79,1647316
2022-06-09,225.64,232.11,225.33,228.91,1444612
2022-06-10,224.81,227.43,222.59,224.01,1584034
2022-06-13,220.38,221.0,216.51,219.04,1615408
2022-06-14,218.42,219.95,214.39,215.91,1098020
2022-06-15,217.98,220.59,213.1,215.97,1085823
2022-06-16,211.75,213.61,209.04,212.19,1014638
2022-06-17,213.06,214.78,208.05,212.97,2126994
2022-06-21,215.17,217.85,214.37,217.52,1147426
2022-06-22,213.34,218.3,212.32,217.51,953398
2022-06-23,217.04,219.12,215.27,218.47,1177286
2022-06-24,221.02,227.98,220.18,227.51,1529373
2022-06-27,226.92,228.07,221.74,222.19,916265
2022-06-28,221.93,224.28,218.34,218.88,778750
2022-06-29,218.53,220.29,216.71,219.44,794368
2022-06-30,215.94,219.9,212.46,218.51,1199368
2022-07-01,217.11,220.61,215.95,220.57,1021313
2022-07-05,216.26,218.06,214.74,218.05,1232684
2022-07-06,218.31,218.31,212.92,215.55,1396138
2022-07-07,215.9,217.91,212.69,214.28,1016631
2022-07-08,213.44,214.21,210.25,211.0,1049544
2022-07-11,210.2,213.86,209.21,212.7,801410
2022-07-12,213.24,213.69,208.85,210.74,2143421
2022-07-13,207.47,209.2,205.72,207.16,891725
2022-07-14,204.44,204.75,198.88,201.7,2059587
2022-07-15,205.04,205.75,203.4,204.63,1444860
2022-07-18,206.03,207.51,202.44,203.13,1074828
2022-07-19,205.42,209.0,204.41,208.99,1255498
2022-07-20,208.72,210.97,207.88,210.47,914908
2022-07-21,210.99,213.29,210.07,213.16,853556
2022-07-22,214.17,214.46,212.43,213.13,540266
2022-07-25,213.88,214.07,212.35,213.72,581072
2022-07-26,212.43,213.92,211.77,213.19,652122
2022-07-27,213.19,217.02,211.24,216.16,782618
2022-07-28,217.54,222.02,216.93,221.92,792856
2022-07-29,223.4,226.88,223.39,225.55,1034354
2022-08-01,224.43,225.2,222.25,224.66,1075504
2022-08-02,223.29,224.36,218.46,221.82,1026850
2022-08-03,222.94,223.78,220.36,223.26,1401092
2022-08-04,225.43,236.4,225.43,234.18,1785807
2022-08-05,233.27,238.92,232.76,238.65,1406358
2022-08-08,239.88,242.11,237.7,237.85,1158165
2022-08-09,237.84,237.94,234.75,235.12,826290
2022-08-10,241.58,243.69,240.81,241.36,838562
2022-08-11,242.79,243.78,240.03,240.62,829373
2022-08-12,242.48,246.88,241.29,246.13,893935
2022-08-15,246.13,249.78,245.48,249.07,1115358
2022-08-16,247.33,249.54,246.89,248.55,879075
2022-08-17,245.68,247.31,242.44,243.51,1169979
2022-08-18,244.3,244.39,242.56,243.15,726979
2022-08-19,242.61,243.15,238.42,239.61,932838
2022-08-22,236.53,237.84,235.59,237.07,673952
2022-08-23,235.76,238.4,235.66,237.45,810259
2022-08-24,237.87,239.74,237.0,238.72,568278
2022-08-25,239.82,242.32,238.21,242.23,619622
2022-08-26,242.88,243.5,238.16,238.27,1064080
2022-08-29,236.24,238.98,235.65,236.88,635719
2022-08-30,238.34,238.34,232.2,232.47,864485
2022-08-31,233.95,234.11,229.29,229.39,1164961
2022-09-01,227.62,228.42,225.8,227.16,918139
2022-09-02,230.41,230.76,223.37,224.01,1311726
2022-09-06,225.4,225.6,222.34,223.68,1179252
2022-09-07,223.93,230.84,223.68,230.59,1037017
2022-09-08,228.21,231.01,227.21,230.64,549489
2022-09-09,232.05,233.84,231.15,233.49,704793
2022-09-12,235.35,239.89,234.56,239.43,877028
2022-09-13,234.43,236.6,232.2,232.68,831353
2022-09-14,232.19,232.76,229.55,231.87,690057
2022-09-15,231.56,231.74,225.51,225.77,706828
2022-09-16,225.42,225.52,221.79,224.76,1497688
2022-09-19,222.44,226.84,222.41,226.6,714938
2022-09-20,223.92,224.43,221.11,222.52,605908
2022-09-21,223.96,225.37,219.35,219.4,573329
2022-09-22,219.83,220.25,216.65,216.73,877638
2022-09-23,214.25,215.63,212.09,215.41,1135017
2022-09-26,213.79,214.83,209.48,210.35,1171670
2022-09-27,212.88,214.32,207.5,209.68,1060575
2022-09-28,211.09,214.88,209.83,213.5,948458
2022-09-29,211.54,212.53,208.28,210.59,1114316
2022-09-30,211.73,215.69,210.92,212.96,1520610
2022-10-03,214.95,219.81,213.47,218.08,1027474
2022-10-04,220.93,227.67,220.33,226.89,1334511
2022-10-05,224.79,225.41,222.05,222.17,1097775
2022-10-06,220.68,222.14,217.68,218.32,965427
2022-10-07,215.86,216.82,210.47,212.06,1046898
2022-10-10,213.38,214.67,211.58,212.69,748709
2022-10-11,212.21,213.79,210.26,211.57,618085
2022-10-12,212.23,214.1,209.7,209.84,893904
2022-10-13,206.75,218.75,205.66,217.77,898853
2022-10-14,219.02,220.37,212.44,212.78,711213
2022-10-17,217.07,219.09,216.18,217.19,728507
2022-10-18,223.97,224.39,220.08,221.78,822952
2022-10-19,221.14,223.46,219.56,220.94,710192
2022-10-20,221.14,222.81,217.72,218.07,716203
2022-10-21,217.94,221.7,215.68,220.79,1157153
2022-10-24,222.71,225.02,221.33,223.2,1757998
2022-10-25,224.25,230.19,222.74,230.19,1351079
2022-10-26,231.28,233.19,230.1,230.61,1242221
2022-10-27,230.54,231.23,227.51,227.9,987084
2022-10-28,227.9,233.71,227.03,232.82,920985
2022-10-31,231.04,232.42,227.93,229.13,1342224
2022-11-01,231.45,233.13,228.73,230.7,872647
2022-11-02,231.36,233.15,224.02,224.34,1471538
2022-11-03,227.61,243.62,226.13,241.59,2524556
2022-11-04,246.38,252.98,244.15,252.61,2038020
2022-11-07,254.22,256.28,252.4,254.04,1367788
2022-11-08,255.26,260.59,254.17,258.96,1406258
2022-11-09,258.86,261.18,256.04,256.33,1100966
2022-11-10,265.12,265.23,261.31,264.99,1063866
2022-11-11,265.98,267.61,263.39,263.95,1107500
2022-11-14,263.53,272.47,263.53,269.84,1738742
2022-11-15,271.23,272.6,266.79,269.52,942178
2022-11-16,269.52,271.84,268.38,270.05,807454
2022-11-17,266.63,268.51,265.49,268.38,721351
2022-11-18,270.85,271.75,268.62,271.29,1328210
2022-11-21,269.55,272.28,269.19,271.23,735272
2022-11-22,272.68,283.27,271.92,282.89,1412657
2022-11-23,282.75,284.01,279.9,281.97,1150769
2022-11-25,282.49,284.7,281.57,283.58,299656
2022-11-28,281.58,283.1,277.56,278.59,932057
2022-11-29,278.93,280.17,275.4,276.51,954552
2022-11-30,275.41,284.02,273.4,283.81,1901062
2022-12-01,283.98,286.45,282.53,285.53,995383
2022-12-02,284.24,293.38,283.66,291.39,1314153
2022-12-05,288.92,290.98,286.74,288.21,1192312
2022-12-06,287.1,288.5,283.55,285.58,1295748
2022-12-07,286.01,288.94,285.49,288.77,1130758
2022-12-08,289.92,293.69,289.79,292.69,1059148
2022-12-09,292.58,293.23,286.94,287.7,1149978
2022-12-12,286.46,292.98,286.46,292.37,1163007
2022-12-13,299.98,300.65,294.47,297.62,1075459
2022-12-14,297.08,300.07,294.52,297.5,1191747
2022-12-15,292.37,293.18,287.57,289.37,1014819
2022-12-16,289.4,290.63,285.26,289.54,2425816
2022-12-19,287.97,290.11,285.37,287.07,835335
2022-12-20,287.63,288.14,284.41,285.99,779058
2022-12-21,287.77,290.21,286.87,287.77,860647
2022-12-22,285.88,286.19,281.5,286.04,953520
2022-12-23,285.4,286.04,283.54,285.53,544188
2022-12-27,286.66,287.51,285.06,285.68,1438026
2022-12-28,285.95,287.1,283.0,283.33,439852
2022-12-29,284.58,286.08,283.85,284.95,564619
2022-12-30,283.67,284.68,280.25,283.55,534786
2023-01-03,285.2,286.77,279.54,281.99,1020324
2023-01-04,281.41,283.68,279.63,282.01,965993
2023-01-05,278.38,280.26,276.23,277.62,1715513
2023-01-06,280.7,286.67,278.73,285.31,873412
2023-01-09,285.05,289.26,281.5,286.68,1436544
2023-01-10,285.13,287.75,283.44,287.6,608390
2023-01-11,289.88,291.21,287.13,287.69,835155
2023-01-12,287.69,288.83,284.13,285.34,1194820
2023-01-13,283.18,286.9,282.45,286.43,787947
2023-01-17,286.99,286.99,281.48,281.82,1252863
2023-01-18,283.54,283.54,277.83,278.61,793343
2023-01-19,278.33,279.07,274.28,275.85,888998
2023-01-20,277.1,280.17,274.44,280.0,1197945
2023-01-23,279.51,284.74,278.46,283.97,881707
2023-01-24,283.65,288.81,282.3,288.22,745013
2023-01-25,284.2,288.04,283.62,287.03,707404
2023-01-26,286.47,291.49,285.15,291.23,733590
2023-01-27,288.88,291.03,287.0,288.96,876619
2023-01-30,288.42,292.63,288.25,288.73,846035
2023-01-31,289.67,295.17,288.98,294.81,1911740
2023-02-01,293.53,294.73,289.18,292.63,1357915
2023-02-02,271.68,275.34,265.41,271.81,2988399
2023-02-03,268.58,269.96,260.53,262.17,2876392
2023-02-06,261.25,263.58,257.71,260.34,1259861
2023-02-07,259.13,262.88,258.07,262.21,1329222
2023-02-08,261.64,267.71,261.64,264.21,1349767
2023-02-09,266.67,267.04,263.2,263.89,945445
2023-02-10,263.34,265.86,260.88,264.75,859476
2023-02-13,265.57,266.15,262.87,263.71,698017
2023-02-14,263.28,263.64,256.45,258.92,1689193
2023-02-15,257.55,262.68,255.75,261.65,2623476
2023-02-16,257.95,261.48,257.0,258.22,650806
2023-02-17,256.9,258.31,255.26,257.29,1141036
2023-02-21,257.14,257.69,254.4,255.26,880946
2023-02-22,256.62,257.69,252.13,255.98,1148610
2023-02-23,256.79,258.2,251.96,257.29,1377325
2023-02-24,253.66,259.66,252.95,258.45,1507956
2023-02-27,259.8,264.6,259.8,262.54,1017934
2023-02-28,262.15,264.06,262.06,263.05,1038256
2023-03-01,262.21,268.2,261.87,265.17,1038115
2023-03-02,264.52,270.03,263.62,268.62,1092772
2023-03-03,269.59,271.26,267.41,271.15,929067
2023-03-06,269.24,271.4,269.03,269.62,631104
2023-03-07,270.67,271.9,266.53,268.03,893284
2023-03-08,268.41,268.53,265.07,266.79,695570
2023-03-09,267.85,268.42,260.1,261.31,756674
2023-03-10,261.4,263.36,257.55,258.72,860986
2023-03-13,259.38,262.6,257.86,258.46,980673
2023-03-14,261.82,266.74,260.35,262.98,1814512
2023-03-15,258.48,259.29,252.22,254.83,1293354
2023-03-16,253.32,258.67,252.96,257.23,901674
2023-03-17,257.82,257.82,251.88,252.71,1545642
2023-03-20,254.31,257.98,253.59,256.82,726379
2023-03-21,259.72,260.51,253.32,256.46,967036
2023-03-22,257.05,258.35,253.08,253.28,1023274
2023-03-23,253.61,254.25,244.59,245.54,2001868
2023-03-24,244.15,247.06,242.73,246.21,1329535
2023-03-27,249.33,252.13,246.84,248.53,1078539
2023-03-28,248.48,252.81,248.0,251.61,743364
2023-03-29,254.15,255.03,252.95,254.18,751789
2023-03-30,256.0,257.9,254.86,257.29,808610
2023-03-31,258.14,266.17,257.46,265.86,1487605
2023-04-03,265.27,267.81,264.29,267.55,1173674
2023-04-04,266.59,267.43,262.88,264.04,1256682
2023-04-05,262.64,265.56,260.9,262.78,943759
2023-04-06,261.35,262.56,259.76,261.04,869173
2023-04-10,260.09,262.37,258.7,262.36,768361
2023-04-11,263.17,266.15,262.18,264.12,598407
2023-04-12,265.77,267.51,264.94,265.82,464414
2023-04-13,266.08,268.56,263.9,266.72,552527
2023-04-14,265.68,267.82,263.77,264.93,485555
2023-04-17,265.69,266.5,262.86,264.92,500641
2023-04-18,266.0,266.6,265.17,266.39,598372
2023-04-19,265.71,268.97,264.85,268.9,521123
2023-04-20,267.89,271.62,266.89,270.72,691747
2023-04-21,270.02,271.69,268.14,268.97,1026551
2023-04-24,269.64,271.54,269.01,271.5,626833
2023-04-25,270.47,270.66,267.61,268.39,550792
2023-04-26,266.91,268.23,262.46,264.44,847295
2023-04-27,266.73,270.52,265.52,269.72,977497
2023-04-28,269.38,273.24,268.63,272.48,930904
2023-05-01,272.98,275.38,272.98,274.16,450221
2023-05-02,271.74,272.87,267.45,270.88,818754
2023-05-03,271.73,275.6,270.5,272.04,703397
2023-05-04,272.19,273.25,268.62,269.43,710451
2023-05-05,271.04,275.76,270.22,274.64,730876
2023-05-08,275.84,277.59,272.45,273.61,1027108
2023-05-09,273.99,274.92,258.02,259.13,1863003
2023-05-10,260.18,264.29,257.91,260.06,1199824
2023-05-11,257.69,257.91,253.97,255.99,1234543
2023-05-12,256.97,258.41,254.66,257.33,694973
2023-05-15,257.9,259.04,255.84,258.53,678279
2023-05-16,257.27,258.61,252.84,255.1,663469
2023-05-17,255.55,256.82,254.62,255.67,770246
2023-05-18,255.19,255.61,250.6,254.97,788651
2023-05-19,256.17,259.54,255.66,258.18,1072014
2023-05-22,258.68,260.43,254.25,254.56,608100
2023-05-23,252.81,253.64,250.78,251.32,713594
2023-05-24,250.22,251.15,249.01,250.71,648675
2023-05-25,252.45,252.86,250.72,251.89,779646
2023-05-26,253.02,254.45,251.87,253.47,940851
2023-05-30,255.69,255.83,251.44,253.69,765085
2023-05-31,253.04,253.53,249.07,249.13,1078341
2023-06-01,247.8,253.98,247.41,252.86,826743
2023-06-02,255.41,260.89,255.19,260.15,912116
2023-06-05,262.29,262.42,258.94,258.98,1093454
2023-06-06,257.88,260.62,256.03,257.8,740663
2023-06-07,256.22,261.78,254.07,261.43,755233
2023-06-08,255.81,262.8,255.81,262.31,642068
2023-06-09,261.54,261.54,257.19,257.88,881931
2023-06-12,258.72,258.85,256.23,258.19,663579
2023-06-13,257.61,264.36,257.05,263.67,1005093
2023-06-14,266.83,269.79,265.92,267.37,911435
2023-06-15,267.5,270.52,265.72,269.14,649745
2023-06-16,269.65,272.7,269.21,271.38,1811022
2023-06-20,268.39,268.83,265.94,267.79,674259
2023-06-21,266.3,268.61,264.24,267.64,675067
2023-06-22,265.79,267.52,263.33,266.6,636483
2023-06-23,265.32,266.7,263.51,264.98,712526
2023-06-26,265.77,266.74,263.86,265.1,721497
2023-06-27,265.27,269.88,265.27,269.75,546001
2023-06-28,268.78,270.15,266.95,269.66,606577
2023-06-29,268.39,273.34,267.14,272.84,567836
2023-06-30,275.51,279.82,274.85,278.91,1031745
2023-07-03,277.62,278.6,275.38,276.62,456556
2023-07-05,274.35,275.32,266.2,268.14,1387635
2023-07-06,266.25,268.42,262.37,268.02,883406
2023-07-07,266.68,270.48,265.88,267.09,890617
2023-07-10,267.09,271.69,266.88,270.05,562678
2023-07-11,271.23,272.42,267.38,268.78,625263
2023-07-12,271.62,274.3,267.73,273.99,1025112
2023-07-13,274.35,279.25,273.76,278.37,843818
2023-07-14,278.32,278.91,276.83,278.07,711485
2023-07-17,277.69,279.2,275.97,278.68,809257
2023-07-18,278.14,279.89,275.56,277.73,544205
2023-07-19,277.24,279.46,276.03,278.03,675635
2023-07-20,279.63,281.08,277.53,280.59,752705
2023-07-21,280.03,282.33,279.47,281.9,667972
2023-07-24,282.39,283.16,279.27,281.3,653561
2023-07-25,282.61,285.48,281.43,284.79,739806
2023-07-26,282.65,284.32,280.71,282.15,1109140
2023-07-27,282.14,283.89,281.21,282.04,994066
2023-07-28,283.96,283.96,281.76,282.54,560343
2023-07-31,282.14,284.68,281.78,284.31,1146551
2023-08-01,282.78,284.77,281.39,281.59,886943
2023-08-02,279.45,282.04,278.09,278.71,992431
2023-08-03,270.03,272.98,261.93,262.42,2357699
2023-08-04,266.1,271.09,264.26,264.85,1262981
2023-08-07,264.72,268.37,264.56,267.52,863878
2023-08-08,265.13,265.13,261.44,264.02,645715
2023-08-09,264.6,267.74,263.16,265.75,617693
2023-08-10,266.93,268.6,264.57,266.6,856015
2023-08-11,265.86,269.07,265.82,268.91,646728
2023-08-14,268.0,271.66,267.4,270.71,694013
2023-08-15,268.78,269.15,264.6,265.51,624392
2023-08-16,265.51,267.45,264.76,266.24,640896
2023-08-17,267.18,268.41,263.94,264.91,735498
2023-08-18,262.97,266.66,262.09,265.21,716603
2023-08-21,265.59,267.72,264.5,265.57,477683
2023-08-22,266.9,266.9,264.39,265.44,353573
2023-08-23,264.77,266.75,263.32,266.08,446326
2023-08-24,264.85,268.29,264.18,266.9,391587
2023-08-25,268.62,269.46,266.35,268.45,381153
2023-08-28,269.07,271.3,268.79,269.9,694933
2023-08-29,269.97,273.54,269.44,273.44,389517
2023-08-30,273.79,276.04,273.28,275.17,404849
2023-08-31,276.07,276.55,274.38,275.15,662357
2023-09-01,278.0,279.9,277.32,277.5,520048
2023-09-05,277.8,277.8,272.5,272.55,716405
2023-09-06,272.47,273.9,271.1,273.15,422856
2023-09-07,272.74,274.5,270.64,272.0,566344
2023-09-08,272.36,279.22,271.48,277.96,786557
2023-09-11,279.18,282.84,278.93,281.95,669620
2023-09-12,280.81,283.25,279.49,281.34,645960
2023-09-13,281.43,283.9,280.14,282.26,627304
2023-09-14,284.0,285.68,282.61,285.03,550930
2023-09-15,285.31,286.52,280.42,281.31,1354643
2023-09-18,280.86,281.12,278.69,278.91,665452
2023-09-19,278.69,279.49,275.16,278.63,579117
2023-09-20,279.1,280.31,273.94,274.52,593573
2023-09-21,272.98,274.79,267.14,267.31,768314
2023-09-22,267.22,269.74,266.17,266.91,612595
2023-09-25,265.71,270.48,265.41,269.67,586384
2023-09-26,267.52,269.64,266.11,266.96,741617
2023-09-27,267.13,268.27,264.38,265.62,669995
2023-09-28,266.21,270.15,265.3,267.12,1100218
2023-09-29,269.58,270.61,264.78,265.51,695196
2023-10-02,263.57,264.87,258.21,261.46,1015367
2023-10-03,259.81,265.73,259.81,264.0,1265894
2023-10-04,266.89,268.25,264.2,266.89,1086713
2023-10-05,266.52,268.18,259.45,262.19,827674
2023-10-06,261.75,264.4,258.91,263.32,875799
2023-10-09,263.33,266.55,262.01,266.32,584424
2023-10-10,268.57,272.1,267.86,269.73,906186
2023-10-11,270.61,272.75,269.95,272.53,845784
2023-10-12,273.95,274.05,264.75,267.75,1256321
2023-10-13,270.0,272.36,266.74,267.44,577463
2023-10-16,269.47,271.99,268.54,268.99,551533
2023-10-17,269.16,274.09,268.46,272.54,780617
2023-10-18,271.51,271.51,265.11,265.49,520617
2023-10-19,264.36,266.62,262.34,262.89,471911
2023-10-20,261.82,263.49,260.28,260.98,669190
2023-10-23,259.32,261.2,256.95,257.33,722644
2023-10-24,258.48,260.79,257.29,259.74,673200
2023-10-25,259.48,260.38,257.04,257.15,687288
2023-10-26,258.67,262.09,258.2,260.13,745071
2023-10-27,259.47,262.03,257.83,258.72,648197
2023-10-30,260.45,263.21,259.54,262.98,667991
2023-10-31,263.14,265.91,261.0,264.61,871695
2023-11-01,265.17,266.38,261.9,265.52,1120976
2023-11-02,266.49,271.53,265.39,271.34,856681
2023-11-03,273.8,277.28,273.12,274.69,1011635
2023-11-06,274.69,275.59,271.27,272.91,1242438
2023-11-07,254.59,255.82,237.98,238.4,4484505
2023-11-08,240.56,243.98,235.74,243.52,2465087
2023-11-09,245.96,247.62,242.33,247.32,1909249
2023-11-10,247.06,250.46,246.41,248.7,1554603
2023-11-13,247.12,248.86,245.65,248.3,1110330
2023-11-14,250.14,254.47,249.21,251.47,1759326
2023-11-15,251.43,257.01,250.94,256.35,1262008
2023-11-16,256.22,257.12,253.96,256.33,1537115
2023-11-17,256.22,256.69,252.28,252.94,1537397
2023-11-20,252.94,256.44,252.17,254.97,1540163
2023-11-21,256.23,259.95,255.79,258.89,1245348
2023-11-22,259.9,259.94,256.42,256.95,1004823
2023-11-24,257.71,259.19,257.17,257.17,399847
2023-11-27,256.42,256.74,252.39,254.52,1158973
2023-11-28,253.89,254.57,251.04,251.46,893751
2023-11-29,252.71,253.7,249.11,249.66,1096245
2023-11-30,249.66,254.0,248.95,253.47,2341787
2023-12-01,253.52,257.74,252.81,255.43,1706153
2023-12-04,253.84,255.35,251.79,253.09,1782275
2023-12-05,252.26,252.73,244.59,245.48,2196294
2023-12-06,245.82,247.43,243.86,244.78,1312956
2023-12-07,245.59,247.36,244.53,245.47,1408520
2023-12-08,246.19,248.01,245.97,246.65,744090
2023-12-11,246.63,248.34,245.9,247.86,1120836
2023-12-12,248.63,250.52,246.32,250.46,1284272
2023-12-13,249.86,253.4,247.08,252.32,1367587
2023-12-14,253.33,256.14,252.95,253.71,1372788
2023-12-15,253.22,255.51,252.66,253.76,3312935
2023-12-18,256.31,257.59,254.0,254.08,1384717
2023-12-19,255.98,256.62,253.54,255.31,1340357
2023-12-20,254.45,256.24,251.09,251.22,905068
2023-12-21,253.16,254.67,251.52,254.59,790117
2023-12-22,255.53,257.0,254.96,255.62,756207
2023-12-26,256.19,258.41,256.0,257.52,446136
2023-12-27,256.9,258.39,256.08,258.29,759837
2023-12-28,258.23,258.27,256.71,256.92,531853
2023-12-29,257.07,259.19,256.47,258.17,886040
2024-01-02,256.78,259.18,256.78,257.86,1109171
2024-01-03,256.47,257.47,254.39,255.39,1117567
2024-01-04,255.38,257.69,254.71,254.82,956805
2024-01-05,255.48,257.41,253.09,254.72,777427
2024-01-08,253.24,257.36,251.66,257.26,912196
2024-01-09,255.54,255.54,251.37,252.78,831592
2024-01-10,252.05,252.05,248.78,251.72,922153
2024-01-11,252.12,252.76,247.99,249.48,1046418
2024-01-12,250.77,252.38,248.37,249.05,1201615
2024-01-16,247.54,248.92,245.16,245.58,1435185
2024-01-17,243.32,245.37,242.33,245.29,1201315
2024-01-18,244.44,245.59,242.33,245.18,1157304
2024-01-19,245.31,246.1,242.55,245.76,2509632
2024-01-22,243.72,247.8,243.04,246.03,1501086
2024-01-23,247.37,248.93,245.56,248.21,1539833
2024-01-24,248.2,249.38,242.43,242.48,1768590
2024-01-25,244.32,248.67,243.61,248.6,1936481
2024-01-26,250.97,250.97,246.36,246.95,873224
2024-01-29,246.95,247.26,244.93,246.22,1192369
2024-01-30,245.09,247.29,244.35,244.48,2053730
2024-01-31,246.2,246.33,240.84,241.11,1941511
2024-02-01,243.1,245.34,241.52,244.74,1517126
2024-02-02,242.43,245.16,240.91,243.43,1934825
2024-02-05,214.04,215.02,204.64,205.57,7998235
2024-02-06,206.22,207.42,200.12,205.6,4983253
2024-02-07,205.87,207.08,200.9,203.08,3469430
2024-02-08,201.81,208.16,201.59,207.35,3243666
2024-02-09,206.96,207.38,204.14,207.29,2381777
2024-02-12,207.8,210.63,206.61,209.88,1946386
2024-02-13,208.12,209.91,203.99,205.19,2769733
2024-02-14,205.49,206.85,203.95,204.62,2117089
2024-02-15,208.51,215.41,207.68,213.99,2429375
2024-02-16,213.92,214.83,213.01,213.9,1694224
2024-02-20,213.52,215.2,212.4,215.07,1927219
2024-02-21,215.93,216.75,213.99,215.08,1582694
2024-02-22,214.67,218.61,214.13,218.28,2181332
2024-02-23,218.0,219.98,216.54,219.5,1795388
2024-02-26,216.95,218.69,215.46,216.26,1657054
2024-02-27,216.87,220.55,216.49,218.5,2338106
2024-02-28,217.81,221.17,216.63,219.14,1793591
2024-02-29,220.53,224.08,220.11,220.68,1726274
2024-03-01,220.37,222.99,219.14,222.53,1230670
2024-03-04,221.96,225.84,221.96,224.8,1861676
2024-03-05,224.43,226.64,224.16,225.9,2566643
2024-03-06,228.25,229.96,226.96,229.22,2325382
2024-03-07,231.95,233.84,230.33,231.17,1993027
2024-03-08,231.52,231.94,227.63,227.81,1726670
2024-03-11,229.36,235.1,228.58,233.78,1452050
2024-03-12,233.4,234.03,230.0,230.89,1632646
2024-03-13,231.45,234.89,230.97,233.17,1144520
2024-03-14,232.57,233.27,230.74,231.14,1416177
2024-03-15,229.47,232.53,229.13,230.66,2369631
2024-03-18,230.61,234.66,230.61,231.59,1172461
2024-03-19,231.86,232.19,227.3,228.01,1156568
2024-03-20,226.11,226.79,224.07,225.31,2848665
2024-03-21,225.52,225.89,221.97,222.04,2328606
2024-03-22,221.58,223.93,221.54,223.19,1153804
2024-03-25,222.5,225.17,221.77,224.0,944214
2024-03-26,225.49,225.49,222.72,224.25,1097060
2024-03-27,225.24,229.23,224.96,229.22,926790
2024-03-28,229.6,231.24,228.7,230.12,1439940
2024-04-01,230.74,232.38,229.41,231.21,851323
2024-04-02,230.89,231.49,225.38,227.81,1227294
2024-04-03,228.07,229.19,226.92,227.58,1008988
2024-04-04,229.03,229.33,224.72,225.22,829702
2024-04-05,225.0,227.76,224.76,226.71,1588820
2024-04-08,227.5,228.74,225.41,225.71,1013613
2024-04-09,226.89,227.69,225.13,227.64,890942
2024-04-10,223.78,224.95,222.91,224.08,1407451
2024-04-11,224.64,226.28,223.16,224.4,1737606
2024-04-12,222.57,223.56,219.11,219.92,1520072
2024-04-15,221.44,222.51,218.14,219.56,1307420
2024-04-16,219.03,219.53,216.12,216.34,2590139
2024-04-17,217.67,218.6,216.34,217.52,1452506
2024-04-18,219.34,221.81,217.02,221.33,1302044
2024-04-19,221.38,223.9,219.32,220.02,1797253
2024-04-22,220.3,222.81,217.69,222.6,1591168
2024-04-23,221.76,223.39,220.45,221.99,1175219
2024-04-24,220.77,223.29,220.13,222.91,1297346
2024-04-25,222.72,224.14,221.76,223.29,1037756
2024-04-26,223.1,226.44,222.7,224.24,1251373
2024-04-29,225.11,227.52,224.73,226.18,1628936
2024-04-30,220.91,225.25,217.33,224.48,3555868
2024-05-01,222.24,228.79,221.81,225.58,1845058
2024-05-02,226.7,231.88,223.34,231.47,1811411
2024-05-03,231.98,234.98,231.84,233.54,1559471
2024-05-06,235.02,235.32,232.6,235.18,936858
2024-05-07,236.15,236.47,234.16,236.18,1099763
2024-05-08,236.13,236.5,233.42,233.92,891360
2024-05-09,234.95,238.22,234.32,238.04,840356
2024-05-10,239.23,240.23,237.34,237.98,1555105
2024-05-13,238.96,241.0,237.51,237.71,2289362
2024-05-14,239.14,239.54,235.91,236.09,1613369
2024-05-15,237.57,239.14,236.13,238.98,1068157
2024-05-16,239.86,245.18,239.49,244.15,2746018
2024-05-17,245.06,249.79,243.03,249.52,2877892
2024-05-20,248.45,253.06,248.04,252.86,2246039
2024-05-21,252.76,253.84,250.49,251.38,1900229
2024-05-22,250.03,251.42,248.16,251.37,1059966
2024-05-23,251.23,251.9,248.3,249.81,1466600
2024-05-24,251.35,253.07,250.23,251.34,1070639
2024-05-28,250.95,252.03,249.82,251.35,1207703
2024-05-29,249.34,250.92,246.54,247.21,1109083
2024-05-30,247.77,248.38,245.36,247.43,1185596
2024-05-31,248.38,253.54,247.47,253.32,2569052
2024-06-03,252.9,257.93,252.39,257.32,2101840
2024-06-04,256.27,257.59,253.98,256.74,1453831
2024-06-05,257.38,258.34,255.46,256.77,804050
2024-06-06,256.24,256.55,253.78,256.19,1341339
2024-06-07,256.76,267.09,254.97,265.51,2225324
2024-06-10,266.86,268.62,264.46,268.15,1942041
2024-06-11,266.94,268.96,265.97,266.72,1700703
2024-06-12,268.45,269.37,266.63,268.85,1400193
2024-06-13,268.72,272.23,268.29,271.0,2049417
2024-06-14,269.31,270.3,261.07,261.34,1503360
2024-06-17,259.71,261.34,257.53,259.41,1217464
2024-06-18,259.02,262.37,257.94,260.92,1160553
2024-06-20,260.18,261.56,258.36,258.42,1146600
2024-06-21,255.32,261.47,254.89,259.22,2500376
2024-06-24,260.19,260.19,256.9,257.31,2891078
2024-06-25,256.59,256.73,252.08,253.69,3695936
2024-06-26,252.58,252.68,245.95,250.47,6456145
2024-06-27,251.69,251.71,248.26,249.87,2748179
2024-06-28,248.45,249.28,244.48,245.1,2606874
2024-07-01,245.35,246.67,235.94,236.56,1974740
2024-07-02,237.74,240.91,235.28,240.06,2832488
2024-07-03,240.41,243.35,240.28,241.98,763687
2024-07-05,241.65,243.21,240.99,241.66,1381395
2024-07-08,242.99,244.25,242.73,243.79,1182063
2024-07-09,243.19,244.75,242.81,243.6,1740796
2024-07-10,245.52,246.49,243.04,244.52,2172365
2024-07-11,244.98,251.1,244.6,246.76,1410477
2024-07-12,249.52,252.24,247.1,249.93,1054735
2024-07-15,248.83,250.08,247.58,248.52,998551
2024-07-16,248.98,257.55,247.94,255.88,1210761
2024-07-17,256.11,260.07,256.06,258.69,725308
2024-07-18,256.06,260.89,254.88,254.98,696866
2024-07-19,255.52,255.52,250.5,251.46,762658
2024-07-22,251.42,251.54,237.22,237.72,3865931
2024-07-23,238.53,244.85,237.61,244.85,3224254
2024-07-24,245.24,248.92,245.07,248.86,2826957
2024-07-25,246.38,249.39,246.15,247.37,1760230
2024-07-26,248.63,251.99,247.42,249.61,1042927
2024-07-29,250.13,254.77,249.63,254.16,1539557
2024-07-30,253.13,255.68,252.46,252.72,964570
2024-07-31,254.32,256.37,251.96,252.35,1812979
2024-08-01,276.04,283.11,269.71,274.95,3842782
2024-08-02,270.48,273.51,265.31,269.47,1832140
2024-08-05,263.61,268.82,263.41,266.34,1111470
2024-08-06,266.62,269.85,265.69,266.43,838543
2024-08-07,268.42,270.97,265.3,265.35,1167906
2024-08-08,264.93,267.9,264.85,267.05,940775
2024-08-09,266.84,267.92,264.71,266.11,1228661
2024-08-12,265.55,265.66,261.11,262.0,1375661
2024-08-13,262.8,265.26,261.76,264.5,695254
2024-08-14,264.19,265.17,261.39,264.44,706631
2024-08-15,265.42,265.89,259.95,261.95,846419
2024-08-16,262.41,264.07,261.41,264.01,764877
2024-08-19,263.33,265.3,261.8,262.23,548014
2024-08-20,261.37,263.4,260.26,261.51,564405
2024-08-21,261.15,264.5,260.03,263.52,598614
2024-08-22,263.7,264.01,261.43,262.48,545847
2024-08-23,263.58,264.37,262.09,263.84,514167
2024-08-26,263.74,267.46,263.74,266.62,1058505
2024-08-27,266.7,267.62,262.93,265.8,1595321
2024-08-28,266.03,267.54,263.4,264.73,670226
2024-08-29,265.48,267.27,263.63,265.03,506747
2024-08-30,265.78,267.1,262.43,266.7,919017
2024-09-03,264.48,266.36,261.93,263.2,1600075
2024-09-04,263.82,266.85,262.44,262.7,718481
2024-09-05,262.68,263.41,259.07,261.63,1008654
2024-09-06,260.94,263.03,255.7,257.0,1066164
2024-09-09,257.46,262.01,256.76,261.89,1244947
2024-09-10,262.41,263.96,260.11,263.24,771392
2024-09-11,264.94,266.36,258.36,265.61,914435
2024-09-12,265.27,268.2,261.83,267.82,1400396
2024-09-13,268.7,274.01,267.55,271.75,1044833
2024-09-16,274.5,277.34,273.85,276.29,1311543
2024-09-17,276.99,279.15,276.52,278.45,1056326
2024-09-18,279.09,279.26,274.22,274.78,1016924
2024-09-19,277.59,278.84,274.99,275.19,958373
2024-09-20,274.3,276.35,273.28,275.43,4148385
2024-09-23,276.54,280.32,275.65,279.33,1539129
2024-09-24,280.7,284.57,280.7,282.71,1294602
2024-09-25,284.19,284.19,280.71,282.84,1349407
2024-09-26,283.14,287.36,283.13,286.41,1798690
2024-09-27,287.9,288.87,285.5,287.27,1057098
2024-09-30,286.93,288.46,283.67,284.77,1032492
2024-10-01,284.52,284.52,280.09,280.39,1267403
2024-10-02,279.98,281.25,277.69,279.01,1346960
2024-10-03,278.31,279.15,274.17,274.76,982175
2024-10-04,275.21,276.27,273.21,274.68,924756
2024-10-07,294.41,301.14,289.88,300.84,4243205
2024-10-08,297.54,300.59,294.21,298.6,1556656
2024-10-09,299.74,306.26,298.46,302.07,2375242
2024-10-10,302.08,311.6,301.31,302.69,2574170
2024-10-11,303.79,305.93,303.54,304.66,775755
2024-10-14,304.87,308.46,304.04,308.2,1058246
2024-10-15,309.24,312.23,307.96,310.98,2092365
2024-10-16,311.61,316.27,310.83,314.32,1886503
2024-10-17,314.32,316.56,312.21,316.31,1182021
2024-10-18,317.45,319.58,315.61,319.52,1074148
2024-10-21,317.9,319.83,316.52,319.0,857804
2024-10-22,317.58,318.06,314.53,317.85,1246877
2024-10-23,317.24,317.85,312.74,314.25,1045136
2024-10-24,313.07,313.46,308.25,309.9,1588528
2024-10-25,310.52,310.52,305.85,305.97,1294777
2024-10-28,307.84,307.84,303.53,306.2,1185671
2024-10-29,304.78,305.1,302.66,303.35,1579491
2024-10-30,303.61,303.61,300.1,300.92,1043061
2024-10-31,297.05,302.4,295.49,298.76,2281026
2024-11-01,298.1,300.76,297.21,297.5,794696
2024-11-04,298.85,299.51,293.6,294.49,1608056
2024-11-05,293.96,296.76,291.73,294.76,1502918
2024-11-06,299.74,299.74,290.38,295.11,1871478
2024-11-07,298.02,306.56,291.04,300.97,2141693
2024-11-08,299.17,302.7,296.79,301.13,2585110
2024-11-11,300.93,303.1,298.39,302.02,1940751
2024-11-12,302.32,303.69,297.69,299.33,1021001
2024-11-13,298.74,301.18,297.16,301.04,955239
2024-11-14,300.77,306.34,299.34,303.91,1081170
2024-11-15,303.52,305.39,302.16,305.09,1113047
2024-11-18,308.43,315.66,307.48,315.47,1898376
2024-11-19,313.57,315.61,310.24,315.57,1881544
2024-11-20,315.88,318.12,313.19,315.43,1694307
2024-11-21,314.48,317.68,313.56,316.42,1972041
2024-11-22,317.24,320.08,316.49,319.26,2200243
2024-11-25,320.38,323.67,320.38,321.32,2640608
2024-11-26,321.24,322.96,317.86,322.1,1785068
2024-11-27,321.26,323.48,320.17,320.6,1293809
2024-11-29,320.29,321.94,318.76,321.66,769798
2024-12-02,323.17,323.17,318.84,322.9,766330
2024-12-03,323.96,324.23,316.7,318.11,1441903
2024-12-04,317.45,317.45,313.28,315.07,974890
2024-12-05,302.57,311.11,300.76,309.77,1730080
2024-12-06,310.9,312.11,307.91,307.98,1020293
2024-12-09,310.22,310.22,303.94,304.62,1215981
2024-12-10,303.67,304.3,299.68,303.27,742183
2024-12-11,303.05,304.1,299.73,300.52,858303
2024-12-12,300.37,301.3,298.47,299.11,653111
2024-12-13,299.09,300.57,295.74,300.47,1025347
2024-12-16,299.52,300.22,294.7,295.1,984852
2024-12-17,294.19,295.46,292.27,293.17,924600
2024-12-18,293.15,293.67,283.51,284.12,1043244
2024-12-19,284.93,286.53,281.53,282.06,1041343
2024-12-20,281.81,286.08,281.43,283.81,2258717
2024-12-23,282.3,283.82,279.72,282.43,797315
2024-12-24,282.01,284.8,281.23,284.8,296074
2024-12-26,283.67,284.98,283.01,283.9,418518
2024-12-27,282.06,284.62,280.38,281.72,456997
2024-12-30,280.92,280.92,276.98,277.75,816159
2024-12-31,278.93,279.91,277.26,279.05,777950
2025-01-02,277.39,280.93,273.81,274.23,918147
2025-01-03,274.69,278.26,273.48,274.83,1581597
2025-01-06,275.23,276.13,272.95,274.18,1458220
2025-01-07,276.71,283.03,275.97,277.17,1260178
2025-01-08,277.13,278.08,275.14,276.13,1041748
2025-01-10,284.33,285.78,280.73,283.71,2423539
2025-01-13,284.36,292.37,283.56,292.09,2290701
2025-01-14,296.5,299.34,294.67,298.11,1949426
2025-01-15,298.6,301.36,290.6,297.08,2212001
2025-01-16,299.32,302.21,296.5,302.08,1237947
2025-01-17,304.44,307.92,301.37,307.64,2315359
2025-01-21,308.72,310.74,308.07,309.53,1975059
2025-01-22,310.4,310.4,304.5,306.85,1621339
2025-01-23,309.32,313.83,304.24,313.64,2270044
2025-01-24,315.66,319.39,315.01,318.73,2052126
2025-01-27,315.27,317.55,310.19,316.17,2109337
2025-01-28,318.2,318.2,314.35,316.54,1699775
2025-01-29,316.88,317.36,313.79,316.84,1650153
2025-01-30,316.22,324.51,315.21,324.38,1381455
2025-01-31,325.65,327.19,322.67,324.54,2367597
2025-02-03,320.3,328.25,318.66,327.26,1789806
2025-02-04,326.51,330.23,324.41,324.93,2022136
2025-02-05,323.22,325.32,319.91,322.5,2117987
2025-02-06,319.38,325.87,307.8,317.63,2662821
2025-02-07,309.67,309.82,297.69,300.51,2902858
2025-02-10,300.76,301.33,294.2,300.62,2782695
2025-02-11,299.5,301.78,297.71,299.59,1265910
2025-02-12,296.71,301.46,296.71,300.42,1372818
2025-02-13,302.27,306.01,300.33,305.08,900310
2025-02-14,306.28,308.23,304.99,306.01,1171498
2025-02-18,305.89,307.2,301.71,306.86,1260183
2025-02-19,304.75,307.07,303.39,306.91,971619
2025-02-20,306.06,307.54,303.44,304.23,1073499
2025-02-21,304.01,304.69,296.68,299.98,1392859
2025-02-24,298.99,301.36,295.91,299.5,933148
2025-02-25,299.84,308.07,299.84,307.21,1257338
2025-02-26,307.15,307.23,303.03,303.81,950041
2025-02-27,302.71,305.8,301.37,302.42,1048145
2025-02-28,303.25,306.61,301.3,306.04,1375104
2025-03-03,308.87,311.19,299.53,300.71,1222512
2025-03-04,301.3,302.35,294.93,295.58,1618593
2025-03-05,297.24,304.85,295.8,301.62,2285931
2025-03-06,300.6,302.65,298.14,301.01,1378217
2025-03-07,300.06,308.47,299.9,306.29,1383860
2025-03-10,302.93,306.27,291.79,294.0,1591645
2025-03-11,293.93,294.89,287.39,288.55,1128396
2025-03-12,289.04,289.53,283.31,285.23,859470
2025-03-13,285.23,286.86,282.4,283.48,1081672
2025-03-14,284.5,285.21,280.82,282.58,1143940
2025-03-17,282.42,287.53,280.69,286.17,1178848
2025-03-18,286.92,286.92,280.13,282.49,1356175
2025-03-19,282.49,285.63,281.35,284.6,1028485
2025-03-20,282.94,285.03,280.98,283.55,860587
2025-03-21,281.46,282.35,278.16,282.32,2875198
2025-03-24,284.41,285.51,282.39,284.06,1023428
2025-03-25,285.16,285.16,281.76,283.78,790968
2025-03-26,284.02,286.52,282.9,285.82,789055
2025-03-27,285.52,287.9,282.95,285.68,627763
2025-03-28,286.6,287.5,282.75,282.92,604707
2025-03-31,281.39,286.91,279.36,285.49,1150105
2025-04-01,283.29,286.91,281.56,285.81,702128
2025-04-02,283.81,287.68,282.79,287.28,751553
2025-04-03,281.72,283.87,274.82,275.82,1067386
2025-04-04,271.41,271.96,255.85,256.61,1762367
2025-04-07,252.3,260.18,242.62,252.35,2081368
2025-04-08,259.81,259.81,237.34,242.14,1671104
2025-04-09,240.69,263.91,238.26,263.16,2285731
2025-04-10,260.8,261.66,250.37,255.22,1854565
2025-04-11,256.84,264.15,253.55,262.0,1003063
2025-04-14,264.99,267.36,262.21,265.48,817993
2025-04-15,260.07,263.94,258.33,258.39,1305286
2025-04-16,258.99,261.16,252.25,254.51,1556804
2025-04-17,256.56,258.82,255.53,256.05,2233312
2025-04-21,254.58,256.05,247.42,250.87,1082897
2025-04-22,253.13,260.43,252.33,258.45,1463924
2025-04-23,262.68,266.46,256.07,257.85,1001409
2025-04-24,258.98,262.32,256.26,261.85,813660
2025-04-25,259.71,261.61,257.85,260.15,668497
2025-04-28,260.69,263.03,258.21,262.43,916156
2025-04-29,263.13,265.97,261.51,263.87,1145908
2025-04-30,260.75,265.0,257.87,264.03,2560504
2025-05-01,251.88,269.88,247.4,265.07,3669671
2025-05-02,265.4,274.29,265.17,270.39,1446936
2025-05-05,267.02,269.63,264.82,265.12,960732
2025-05-06,265.08,267.67,259.72,260.65,1185173
2025-05-07,260.67,261.99,256.14,257.72,1379198
2025-05-08,259.6,264.88,257.62,262.62,1073766
2025-05-09,263.27,265.38,262.35,264.07,913095
2025-05-12,270.98,274.42,266.72,269.02,1358343
2025-05-13,269.01,269.85,266.16,266.51,868345
2025-05-14,265.33,265.57,261.16,264.41,944680
2025-05-15,263.94,268.29,263.35,267.27,1253541
2025-05-16,267.03,271.7,265.3,271.67,918219
2025-05-19,269.0,271.38,268.94,270.11,732640
2025-05-20,269.51,270.45,267.74,268.49,1050658
2025-05-21,266.77,267.73,262.39,262.65,605078
2025-05-22,261.79,263.03,258.65,262.23,1016741
2025-05-23,260.09,263.8,259.89,262.81,527583
2025-05-27,264.55,267.66,264.42,267.41,788352
2025-05-28,267.84,269.43,264.36,264.68,1455058
2025-05-29,265.22,266.54,261.54,266.06,1291751
2025-05-30,267.47,272.17,264.05,271.65,2872928
2025-06-02,271.38,271.73,268.37,271.44,1346389
2025-06-03,270.93,276.24,269.34,275.91,1395638
2025-06-04,276.31,277.48,272.45,272.91,1401258
2025-06-05,273.53,275.75,268.74,269.03,1151467
2025-06-06,271.99,274.19,270.44,272.49,1078646
2025-06-09,272.12,274.42,270.49,272.63,1101151
2025-06-10,272.96,274.87,271.04,274.54,1340864
2025-06-11,274.33,276.33,272.42,274.86,1069849
2025-06-12,273.48,276.7,271.87,275.9,678368
2025-06-13,276.51,277.61,272.0,273.07,933047
2025-06-16,275.7,276.6,271.5,273.13,889419
2025-06-17,272.4,273.09,269.8,269.83,1154620
2025-06-18,270.13,271.95,268.03,268.21,718782
2025-06-20,268.86,269.06,263.43,263.46,2050312
2025-06-23,262.97,266.25,259.6,266.07,1133071
2025-06-24,267.28,273.7,266.02,273.68,1580694
2025-06-25,273.68,275.34,272.92,274.66,1617307
2025-06-26,275.39,275.96,273.64,275.63,1462817
2025-06-27,274.8,277.33,274.09,275.0,2433377
2025-06-30,273.81,275.94,270.86,274.71,1286079
2025-07-01,272.91,281.52,271.0,279.8,1324425
2025-07-02,280.36,284.74,279.4,284.53,1113771
2025-07-03,282.73,286.86,282.73,286.04,682381
2025-07-07,284.61,285.51,281.84,283.28,979737
2025-07-08,284.57,287.14,282.16,286.54,968597
2025-07-09,287.0,289.68,284.7,288.39,1040418
2025-07-10,288.77,291.47,287.77,288.26,982171
2025-07-11,285.82,286.61,283.01,286.17,1042269
2025-07-14,284.61,286.3,283.16,285.02,617622
2025-07-15,286.24,286.24,278.6,280.95,817013
2025-07-16,280.94,284.12,279.23,283.25,959449
2025-07-17,282.54,288.16,282.54,287.75,1254264
2025-07-18,287.1,290.19,285.71,289.44,2097653
2025-07-21,290.21,291.13,287.77,287.88,727878
2025-07-22,288.19,292.32,287.99,292.21,739496
2025-07-23,293.59,294.55,291.13,291.97,654596
2025-07-24,291.39,292.53,289.35,291.31,686563
2025-07-25,291.57,293.58,288.7,293.3,712970
2025-07-28,291.91,291.95,288.83,289.69,661933
2025-07-29,290.17,290.6,287.63,289.33,654101
2025-07-30,288.92,288.92,282.59,284.37,1539755
2025-07-31,286.73,290.62,280.31,282.16,1544283
2025-08-01,279.5,279.5,272.88,276.15,1072181
2025-08-04,276.67,281.93,276.67,281.77,855530
2025-08-05,283.26,287.2,283.26,286.67,773480
2025-08-06,287.35,287.45,283.22,283.31,560633
2025-08-07,286.2,287.32,282.05,282.83,670677
2025-08-08,283.1,284.52,281.67,283.0,1372310
2025-08-11,283.13,284.26,275.18,278.31,1115155
2025-08-12,279.67,283.85,278.5,283.52,1061420
2025-08-13,284.08,288.4,283.02,288.37,902496
2025-08-14,286.12,286.6,282.63,286.37,1208358
2025-08-15,287.37,287.46,284.22,284.69,1033343
2025-08-18,282.38,284.61,281.41,282.42,607209
2025-08-19,282.85,285.93,282.44,284.45,962406
2025-08-20,284.8,288.54,283.52,286.56,534087
2025-08-21,285.18,287.84,284.49,287.69,777189
2025-08-22,289.14,295.13,288.72,293.35,765247
2025-08-25,292.87,294.04,287.72,288.33,403842
2025-08-26,287.9,288.75,287.02,288.13,660733
2025-08-27,287.24,289.75,287.24,288.74,543390
2025-08-28,289.55,291.39,287.42,289.16,541777
2025-08-29,289.64,290.5,287.35,288.27,510794
2025-09-02,286.33,287.63,285.18,286.38,868680
2025-09-03,285.44,286.79,284.66,285.49,606656
2025-09-04,285.87,286.19,280.53,284.21,579650
2025-09-05,285.18,286.88,282.25,284.1,544532
2025-09-08,283.62,283.62,280.48,283.17,717214
2025-09-09,282.57,283.27,279.7,281.44,440360
2025-09-10,279.86,282.58,278.09,281.79,801630
2025-09-11,282.28,289.03,281.07,288.67,716429
2025-09-12,289.82,292.38,286.93,287.0,985980
2025-09-15,288.22,290.8,283.68,283.77,1002557
2025-09-16,282.7,284.59,277.02,279.29,735932
2025-09-17,280.79,288.86,278.72,284.86,957121
2025-09-18,284.51,287.24,282.29,286.64,678019
2025-09-19,287.18,287.25,282.94,284.39,1374442
2025-09-22,282.19,285.18,280.61,281.78,834890
2025-09-23,282.34,282.83,269.25,271.08,1911916
2025-09-24,272.57,272.57,265.91,266.87,1284341
2025-09-25,265.87,266.31,260.05,260.5,1973576
2025-09-26,261.81,263.86,259.83,261.48,1178718
2025-09-29,262.44,268.09,261.13,265.11,1949258
2025-09-30,264.58,267.46,263.27,267.3,1616271
2025-10-01,265.86,268.72,262.36,265.11,1216006
2025-10-02,264.11,271.16,264.11,266.99,1421325
2025-10-03,266.23,268.39,264.69,267.85,841941
2025-10-06,267.73,269.96,266.54,267.33,909062
2025-10-07,266.69,269.51,265.69,267.27,745527
2025-10-08,266.2,266.49,264.16,264.99,853832
2025-10-09,264.56,265.86,258.11,259.2,1069527
2025-10-10,259.42,260.54,253.53,253.65,896216
2025-10-13,255.97,258.98,255.28,257.38,856183
2025-10-14,254.65,262.55,254.56,258.5,1343457
2025-10-15,259.28,261.03,252.03,253.97,1161771
2025-10-16,252.67,253.57,248.4,249.8,2119395
2025-10-17,250.63,252.05,247.81,249.82,1324471
2025-10-20,250.84,251.91,249.46,250.81,969067
2025-10-21,250.81,253.41,250.17,251.31,1058772
2025-10-22,250.65,251.81,248.94,249.77,1098314
2025-10-23,251.14,252.37,248.37,251.53,956374
2025-10-24,251.97,253.47,250.19,251.51,829492
2025-10-27,252.34,254.01,251.2,252.34,914817
2025-10-28,252.34,253.51,250.42,251.03,996703
2025-10-29,250.24,250.74,244.52,245.02,1142962
2025-10-30,243.53,245.37,241.14,241.39,1090558
2025-10-31,240.76,240.76,235.84,239.35,2161574
2025-11-03,238.68,238.84,232.82,236.16,1472904
2025-11-04,235.32,238.08,233.94,237.56,1720322
2025-11-05,237.56,238.25,232.4,234.39,2159950
2025-11-06,246.06,260.78,245.96,255.33,4254492
2025-11-07,253.21,257.26,251.59,256.27,1666868
2025-11-10,257.07,257.53,253.03,254.98,1208720
2025-11-11,256.03,261.54,254.47,258.73,1113750
2025-11-12,259.01,262.24,257.67,258.06,983196
2025-11-13,256.53,260.77,256.53,259.52,1255582
2025-11-14,258.49,259.64,255.22,255.88,843181
2025-11-17,254.83,255.19,249.27,249.71,1200229
2025-11-18,247.96,250.61,245.87,248.79,1008091
2025-11-19,249.25,250.36,246.69,249.87,965496
2025-11-20,250.68,255.11,247.54,247.74,1156389
2025-11-21,248.85,254.33,248.02,253.93,1780868
2025-11-24,252.96,253.88,249.34,253.15,1633581
2025-11-25,255.03,256.41,253.57,255.47,1233963
2025-11-26,254.85,257.35,254.13,255.5,725671
2025-11-28,256.69,258.79,255.51,257.56,457346
2025-12-01,256.53,259.56,256.03,257.38,1284784
2025-12-02,257.36,257.61,252.81,253.34,1044506
2025-12-03,254.38,258.06,254.22,256.87,1465397
2025-12-04,256.89,259.03,254.55,258.13,1354139
2025-12-05,258.03,261.97,256.85,257.21,1315574
2025-12-08,251.61,253.29,227.27,232.9,4138237
2025-12-09,233.35,236.98,226.98,227.68,3329699
2025-12-10,226.75,234.07,226.05,233.55,3623065
2025-12-11,235.81,240.55,234.93,240.47,1911598
2025-12-12,239.64,241.24,236.73,239.75,3053511
2025-12-15,237.7,241.84,236.73,241.74,2099056
2025-12-16,240.04,241.97,235.71,239.01,2690299
2025-12-17,239.01,244.41,238.38,243.09,2454132
2025-12-18,244.54,245.84,240.41,240.5,1892283
2025-12-19,238.38,240.23,235.41,236.75,2972743
2025-12-22,236.75,242.43,236.29,241.51,1926480
2025-12-23,241.12,242.23,238.99,241.5,919775
2025-12-24,241.51,242.97,240.89,242.56,645479
2025-12-26,243.61,244.63,241.73,244.12,950802
2025-12-29,243.7,245.48,242.76,244.54,1303302
2025-12-30,244.54,246.26,243.27,245.5,1077697
2025-12-31,245.16,246.28,243.62,243.72,876768
2026-01-02,243.76,249.88,240.84,248.92,1407788
2026-01-05,246.26,254.38,245.92,252.27,1606336
2026-01-06,252.64,258.55,250.88,256.76,1531013
2026-01-07,256.36,261.14,253.65,260.25,2065716
2026-01-08,261.19,263.52,257.45,259.6,1543532
2026-01-09,258.66,264.05,258.45,262.08,1505492
2026-01-12,261.87,266.02,260.17,265.38,1475397
2026-01-13,265.11,266.92,262.81,264.53,1045179
2026-01-14,264.63,269.2,264.26,265.59,1417410
2026-01-15,266.34,268.01,262.81,264.33,1229920
2026-01-16,262.36,266.19,262.36,265.87,1459989
2026-01-20,262.35,264.2,255.0,256.58,1986988
2026-01-21,259.57,262.73,256.96,261.48,1233569
2026-01-22,262.16,265.56,261.11,262.4,1357240
2026-01-23,262.43,262.57,257.99,259.73,1295005
2026-01-26,261.37,263.23,260.33,260.99,1229792
2026-01-27,259.88,261.87,256.92,257.51,899835
2026-01-28,257.72,258.92,252.37,254.3,2067434
2026-01-29,254.77,256.75,252.62,254.43,2622059
2026-01-30,265.69,272.2,261.04,270.81,2571432
2026-02-02,268.34,273.46,266.27,269.31,1490048
2026-02-03,270.11,276.32,269.83,276.24,1683175
2026-02-04,278.25,284.93,277.9,284.81,1634477
2026-02-05,285.45,286.03,280.42,281.74,1240733
2026-02-06,280.89,284.96,279.65,281.37,995435
2026-02-09,280.32,285.06,278.92,284.6,1032626
2026-02-10,284.48,291.31,284.48,288.97,915400
2026-02-11,288.31,292.85,287.28,291.32,856039
2026-02-12,292.27,294.62,287.96,289.69,1182531
2026-02-13,282.14,285.06,272.39,278.01,3299296
2026-02-17,280.0,280.0,274.02,275.97,1601557
2026-02-18,277.72,281.07,276.89,280.64,1896201
2026-02-19,279.62,280.75,277.1,278.98,1140490
2026-02-20,278.19,282.03,277.07,279.44,1850994
2026-02-23,279.76,282.74,279.21,281.49,1370449
2026-02-24,282.79,283.06,277.07,277.74,1226476
2026-02-25,279.39,281.17,274.77,278.56,1920304
2026-02-26,279.54,280.79,272.51,274.52,1524434
2026-02-27,274.52,276.33,271.44,273.96,2034040
2026-03-02,272.2,275.55,269.49,274.72,1816690
2026-03-03,269.32,272.86,266.46,271.35,1217209
2026-03-04,271.86,273.25,269.18,272.5,1175242
2026-03-05,270.98,276.42,270.81,274.64,1723383
2026-03-06,274.56,274.56,269.63,270.49,1479846
2026-03-09,271.8,274.54,270.48,272.7,1791243
2026-03-10,272.03,275.43,268.87,273.41,1168143
2026-03-11,272.91,276.54,269.5,275.97,950493
2026-03-12,280.03,290.78,278.59,288.68,2780776
2026-03-13,293.92,294.98,285.09,286.19,1403253
2026-03-16,288.4,288.49,283.76,287.37,1225307
2026-03-17,289.85,290.2,283.8,284.38,1019399
2026-03-18,283.98,286.91,279.59,279.68,1272953
2026-03-19,277.93,285.99,277.27,282.39,1508889
2026-03-20,285.29,285.29,277.42,279.27,2422393
2026-03-23,282.38,283.19,275.78,276.93,1622254
2026-03-24,275.1,286.25,275.04,284.48,1177585
2026-03-25,286.21,288.88,281.95,288.29,1004415
2026-03-26,287.93,293.42,287.93,291.35,1665987
2026-03-27,290.88,292.9,288.58,290.38,981685
2026-03-30,292.28,294.56,289.61,289.75,1244951
2026-03-31,290.64,293.14,285.86,288.69,1351525
2026-04-01,288.14,290.09,284.41,289.43,1727929
2026-04-02,291.5,296.46,290.65,293.55,1487258
2026-04-06,292.07,294.17,289.5,294.12,812043
2026-04-07,294.64,296.39,291.34,292.39,1261973
2026-04-08,285.61,296.62,281.25,296.61,1588982
2026-04-09,295.0,301.25,293.72,297.74,1047097
2026-04-10,299.0,299.67,295.69,298.71,863362
2026-04-13,299.11,301.0,296.96,298.65,1011493
2026-04-14,297.5,297.5,292.53,296.63,972907
2026-04-15,296.21,296.98,293.29,295.21,1044164
2026-04-16,295.99,298.6,295.83,297.24,826454
2026-04-17,289.88,294.9,288.65,291.81,1203744
