Date,Open,Close,High,Low,Volume
2015-12-21,131.16,131.19,131.69,129.65, 0 
2015-12-22,131.55,133.14,133.33,131.04, 0 
2015-12-23,133.35,134.15,134.43,133.2, 0 
2015-12-24,134.12,133.89,134.55,133.48, 0 
2015-12-28,133.48,133.12,133.54,132.52, 0 
2015-12-29,134,134.14,134.55,133, 0 
2015-12-30,133.92,133.26,134.12,133.06, 0 
2015-12-31,133,132.04,133.37,131.95, 0 
2016-01-04,130.16,130.75,131.03,128.76, 0 
2016-01-05,130.75,131.25,131.53,129.81, 0 
2016-01-06,129.99,131.33,131.76,129.725, 0 
2016-01-07,129.25,129.48,130.54,129, 0 
2016-01-08,130.11,128.33,130.4,128.205, 0 
2016-01-11,128.92,128.36,129.23,127.04, 0 
2016-01-12,129.11,128.8,129.43,127.52, 0 
2016-01-13,128.97,126.25,129.38,125.71, 0 
2016-01-14,126.41,128.07,128.99,126.01, 0 
2016-01-15,125.34,126.14,126.81,124.51, 0 
2016-01-19,126.86,127.76,128.27,126.77, 0 
2016-01-20,125.6,124.83,126.12,124.04, 0 
2016-01-21,125.52,125.62,126.75,124.37, 0 
2016-01-22,127.5,127.04,127.93,125.92, 0 
2016-01-25,126.55,124.13,126.9,123.9, 0 
2016-01-26,124.57,125.89,126.52,124.57, 0 
2016-01-27,125.26,125.19,127.22,124.61, 0 
2016-01-28,126,126.01,126.72,124.37, 0 
2016-01-29,126.66,129.77,129.77,126.11, 0 
2016-02-01,128.94,128.66,129.64,127.54, 0 
2016-02-02,127.52,125.7,127.83,125.51, 0 
2016-02-03,126.34,126.24,126.629,123.55, 0 
2016-02-04,126.09,127.44,127.7,125.75, 0 
2016-02-05,127.28,126.56,127.39,125.75, 0 
2016-02-08,125.7,126.78,127.84,124.93, 0 
2016-02-09,125.15,127.72,128.08,125.15, 0 
2016-02-10,128.44,126.58,129.18,126.29, 0 
2016-02-11,124.11,125.09,125.84,124.04, 0 
2016-02-12,126.76,128.07,128.21,126.05, 0 
2016-02-16,129.44,128.56,129.6,128.07, 0 
2016-02-17,129.17,130.26,130.44,128.91, 0 
2016-02-18,130.6,130.86,132.35,130.59, 0 
2016-02-19,130.35,131.05,131.6,130.01, 0 
2016-02-22,132.19,131.99,132.87,131.33, 0 
2016-02-23,131.12,130.74,131.91,130.65, 0 
2016-02-24,129.9,131.03,131.5,128.88, 0 
2016-02-25,131.62,132.31,132.37,130.42, 0 
2016-02-26,132.82,131.92,133.29,131.77, 0 
2016-02-29,133.36,134.17,135.11,132.94, 0 
2016-03-01,135.11,136.94,136.94,134.32, 0 
2016-03-02,136.95,136.73,137.15,135.81, 0 
2016-03-03,136.8,136.84,137.24,136.13, 0 
2016-03-04,136.99,137.97,138.06,136.52, 0 
2016-03-07,137.7,138.72,138.79,137.43, 0 
2016-03-08,138.25,137.8,138.695,137.49, 0 
2016-03-09,138.55,139.13,139.15,138.07, 0 
2016-03-10,139.75,138.62,139.75,137.81, 0 
2016-03-11,139.34,140.65,140.76,139.11, 0 
2016-03-14,140.8,139.72,141.22,139.48, 0 
2016-03-15,139.12,140.4,140.41,139.01, 0 
2016-03-16,139.84,139.83,140.44,139.51, 0 
2016-03-17,140,142.4,142.58,139.68, 0 
2016-03-18,142.83,142.16,142.96,141.44, 0 
2016-03-21,142.16,142.13,142.61,141.71, 0 
2016-03-22,141.98,142.18,142.99,141.66, 0 
2016-03-23,142.17,140.96,142.17,140.9, 0 
2016-03-24,140.22,140.11,140.6,139.56, 0 
2016-03-28,140.95,141.29,141.62,140.33, 0 
2016-03-29,141.29,141.9,142.04,140.5, 0 
2016-03-30,142.91,142.46,143.4,142.29, 0 
2016-03-31,142.56,141.88,143.05,141.48, 0 
2016-04-01,141.21,143.79,144.05,141.11, 0 
2016-04-04,143.99,143.22,143.99,142.77, 0 
2016-04-05,142.42,141.2,142.48,140.93, 0 
2016-04-06,141.31,141.7,141.82,140.42, 0 
2016-04-07,140.93,140.81,141.2,140.27, 0 
2016-04-08,141.53,141.06,141.99,140.68, 0 
2016-04-11,141.79,140.99,142.094,140.96, 0 
2016-04-12,141.25,142.4,142.49,140.98, 0 
2016-04-13,142.95,144.04,144.14,142.89, 0 
2016-04-14,144.1,143.72,144.35,143.47, 0 
2016-04-15,144.14,143.45,144.16,142.94, 0 
2016-04-18,143,144.38,144.479,142.95, 0 
2016-04-19,144.78,145.95,146.38,144.515, 0 
2016-04-20,145.98,146.09,146.44,145.375, 0 
2016-04-21,146.09,144.86,146.42,144.67, 0 
2016-04-22,145.32,146.11,146.39,144.97, 0 
2016-04-25,145.65,146.18,146.368,145.5, 0 
2016-04-26,146.59,147.02,147.16,146.3, 0 
2016-04-27,146.9,147.6,148.03,146.5, 0 
2016-04-28,146.64,146.07,147.46,145.76, 0 
2016-04-29,145.4,145.48,146.22,144.52, 0 
2016-05-02,145.77,146.89,147.14,145.69, 0 
2016-05-03,145.91,144.83,146.09,144.08, 0 
2016-05-04,144.16,144.24,144.4,143.33, 0 
2016-05-05,144.22,143.88,144.82,143.48, 0 
2016-05-06,143.82,144.62,144.84,143.33, 0 
2016-05-09,144.54,142.91,144.54,141.92, 0 
2016-05-10,143.31,144.78,144.9,143.25, 0 
2016-05-11,144.88,142.87,144.98,142.75, 0 
2016-05-12,143.46,143.31,143.72,142.305, 0 
2016-05-13,143.21,141.4,143.7,141.13, 0 
2016-05-16,141.4,141.85,142.15,141.21, 0 
2016-05-17,141.97,140.34,141.99,139.901, 0 
2016-05-18,140.18,141.47,141.85,139.95, 0 
2016-05-19,141.07,140.79,141.65,139.68, 0 
2016-05-20,141.48,141.83,142.49,141.16, 0 
2016-05-23,141.85,141.48,142,141.05, 0 
2016-05-24,141.95,143.71,144.05,141.73, 0 
2016-05-25,143.72,144.08,144.94,143.72, 0 
2016-05-26,144,143.05,144.19,142.88, 0 
2016-05-27,143.49,143.35,143.62,142.77, 0 
2016-05-31,143.89,140.54,144.14,140.54, 0 
2016-06-01,140.97,141.99,142.09,140.37, 0 
2016-06-02,141.65,142.11,142.11,140.96, 0 
2016-06-03,141.16,141.14,141.52,140.11, 0 
2016-06-06,141.62,141.82,142.5,141.39, 0 
2016-06-07,142.16,141.41,142.49,141.39, 0 
2016-06-08,141.57,142.53,142.69,141.53, 0 
2016-06-09,142.05,142.23,142.51,141.16, 0 
2016-06-10,141.31,141.76,142.36,141.24, 0 
2016-06-13,141.23,140.94,142.65,140.94, 0 
2016-06-14,140.79,141.3,141.55,140.515, 0 
2016-06-15,141.74,140.45,142.17,140.32, 0 
2016-06-16,140.09,141.99,142.05,138.96, 0 
2016-06-17,141.98,140.73,142,140.45, 0 
2016-06-20,141.96,141.67,142.94,141.63, 0 
2016-06-21,142.06,143.53,143.63,141.85, 0 
2016-06-22,143.63,143.94,144.66,143.57, 0 
2016-06-23,144.97,145.98,146,144.595, 0 
2016-06-24,140.74,139.71,142,139.47, 0 
2016-06-27,138.79,138.1,138.95,138, 0 
2016-06-28,139.79,140.28,140.36,138.29, 0 
2016-06-29,141.3,142.12,142.12,139.91, 0 
2016-06-30,142.21,144.79,144.82,142.101, 0 
2016-07-01,144.59,143.96,144.83,143.75, 0 
2016-07-05,143.19,142.23,143.56,141.76, 0 
2016-07-06,141.9,142.51,142.64,140.95, 0 
2016-07-07,142.38,141.91,143.04,141.19, 0 
2016-07-08,143.35,143.65,143.74,142.721, 0 
2016-07-11,143.75,143.93,144.23,143.43, 0 
2016-07-12,144.53,144.67,145.03,143.98, 0 
2016-07-13,144.88,145.93,145.99,144.41, 0 
2016-07-14,146.25,145.73,146.66,145.46, 0 
2016-07-15,146.25,145.97,146.44,145.12, 0 
2016-07-18,146,146.57,146.71,146, 0 
2016-07-19,146.06,146.92,146.99,145.85, 0 
2016-07-20,146.81,146.17,146.94,145.695, 0 
2016-07-21,146.01,144.35,146.22,144.194, 0 
2016-07-22,144.72,144.6,144.85,143.89, 0 
2016-07-25,144.87,144.14,145,143.6, 0 
2016-07-26,144.34,144.34,144.85,143.83, 0 
2016-07-27,144.27,144.19,144.75,143.7, 0 
2016-07-28,143.92,144.42,144.69,143.48, 0 
2016-07-29,144.09,144.27,144.6,143.78, 0 
2016-08-01,144.62,143.93,144.77,143.58, 0 
2016-08-02,143.95,143.31,143.99,142.96, 0 
2016-08-03,143.35,143.63,143.88,142.98, 0 
2016-08-04,143.8,143.12,143.91,142.915, 0 
2016-08-05,144,145.65,145.65,143.92, 0 
2016-08-08,145.29,145.56,145.65,144.23, 0 
2016-08-09,145.96,147.22,147.449,145.45, 0 
2016-08-10,147,146.69,147.27,146.13, 0 
2016-08-11,146.46,147.74,147.98,146.44, 0 
2016-08-12,147.12,147.72,147.75,146.687, 0 
2016-08-15,147.72,147.78,147.92,147.12, 0 
2016-08-16,147.62,147.24,147.945,147.22, 0 
2016-08-17,147.42,149.08,149.33,147, 0 
2016-08-18,149.19,148.81,149.36,148.53, 0 
2016-08-19,148.4,148.75,148.84,147.79, 0 
2016-08-22,148.51,148.45,148.8,147.85, 0 
2016-08-23,148.58,148.77,149.24,148.58, 0 
2016-08-24,148.5,148.41,148.84,148.13, 0 
2016-08-25,148.24,148.64,148.71,148.11, 0 
2016-08-26,148.65,147.91,149.23,147.22, 0 
2016-08-29,148.23,149.3,149.675,148, 0 
2016-08-30,149.25,150.23,150.24,149.225, 0 
2016-08-31,150,150.49,150.9,148.66, 0 
2016-09-01,150.7,150.35,151,148.82, 0 
2016-09-02,150.69,150.72,151.05,149.97, 0 
2016-09-06,150.54,150.43,150.98,149.31, 0 
2016-09-07,150,149.58,150.49,149.34, 0 
2016-09-08,149.6,149.78,150.1,149.3, 0 
2016-09-09,149.1,146.62,149.59,146.56, 0 
2016-09-12,146.37,148.97,149.39,145.942, 0 
2016-09-13,147.95,146.23,148.13,145.55, 0 
2016-09-14,146.02,145.78,146.91,145.33, 0 
2016-09-15,146,146.66,147.08,145.47, 0 
2016-09-16,146.11,145.01,146.23,144.68, 0 
2016-09-19,145.34,145.24,146.19,144.93, 0 
2016-09-20,145.98,144.92,145.98,144.76, 0 
2016-09-21,145.65,146.46,146.49,144.98, 0 
2016-09-22,146.75,146.53,147.09,146.13, 0 
2016-09-23,146.3,145,146.49,145, 0 
2016-09-26,144.52,144.18,144.96,144, 0 
2016-09-27,144.28,145.34,145.38,144.01, 0 
2016-09-28,145.28,145.28,145.42,144.03, 0 
2016-09-29,145.18,143.59,145.52,143.36, 0 
2016-09-30,144.27,144.47,145.38,144.27, 0 
2016-10-03,144.27,143.76,144.31,143.21, 0 
2016-10-04,143.74,143.17,144.2,142.8, 0 
2016-10-05,143.65,144.15,144.295,143.21, 0 
2016-10-06,144.03,143.87,144.1,143.3, 0 
2016-10-07,143.93,144.52,144.94,143.78, 0 
2016-10-10,145.05,145.2,145.68,144.98, 0 
2016-10-11,145.13,143.95,145.14,143.53, 0 
2016-10-12,143.86,144.91,145.29,143.86, 0 
2016-10-13,143.79,143.22,144.05,141.92, 0 
2016-10-14,143.91,144.18,144.89,143.58, 0 
2016-10-17,144.5,143.8,144.76,143.37, 0 
2016-10-18,144.65,144.3,145.09,144.13, 0 
2016-10-19,144.87,144.86,145.71,144.48, 0 
2016-10-20,144.62,144.49,145.43,144.19, 0 
2016-10-21,143.54,143.6,143.95,142.8, 0 
2016-10-24,144.09,143.83,144.89,143.68, 0 
2016-10-25,143.7,143.42,144.16,143.21, 0 
2016-10-26,143.38,143.94,144.46,143.12, 0 
2016-10-27,144.19,144.45,144.78,143.87, 0 
2016-10-28,144.84,144,145.29,142.9, 0 
2016-10-31,144.3,144.3,144.69,144, 0 
2016-11-01,144.68,143.63,144.86,143.11, 0 
2016-11-02,143.18,143.19,143.86,142.911, 0 
2016-11-03,143.25,143.64,144.45,143.2, 0 
2016-11-04,143.45,142.95,143.8,142.348, 0 
2016-11-07,144.71,146.91,147.17,144.3, 0 
2016-11-08,146.89,147.79,148.14,146.4, 0 
2016-11-09,146.1,151.28,151.64,145.1, 0 
2016-11-10,152,156.06,156.613,151.68, 0 
2016-11-11,155.3,156.92,157.28,155.15, 0 
2016-11-14,157.48,157.93,158.16,156.53, 0 
2016-11-15,157.61,157.46,157.82,156.09, 0 
2016-11-16,157.02,157.08,157.59,156.02, 0 
2016-11-17,156.81,158.39,158.64,156.3, 0 
2016-11-18,158.35,157.75,158.48,157.17, 0 
2016-11-21,158.1,158.71,158.71,157.42, 0 
2016-11-22,159.01,158.66,159.09,157.83, 0 
2016-11-23,158.66,158.11,159,157.28, 0 
2016-11-25,158.63,158.18,158.63,157.6, 0 
2016-11-28,157.9,156.97,158.49,156.89, 0 
2016-11-29,157.509,157.68,157.98,156.82, 0 
2016-11-30,158.42,157.44,158.89,157.42, 0 
2016-12-01,157.58,160.12,160.24,157.51, 0 
2016-12-02,160.05,159.39,160.12,158.7, 0 
2016-12-05,160.25,160.21,160.68,159.27, 0 
2016-12-06,160.57,161.34,161.55,159.929, 0 
2016-12-07,161.94,164.69,164.69,161.4, 0 
2016-12-08,164.98,164.11,165.953,163.52, 0 
2016-12-09,164.28,164.86,165.16,163.07, 0 
2016-12-12,164.65,166.12,166.64,164.35, 0 
2016-12-13,166.49,166.62,166.99,165.4, 0 
2016-12-14,166.59,165.06,167.25,164.54, 0 
2016-12-15,165.5,165.73,167.02,164.8, 0 
2016-12-16,166.14,164.76,166.15,164.33, 0 
2016-12-19,165.19,165.35,165.65,164.48, 0 
2016-12-20,166.15,166.36,166.42,165.4, 0 
2016-12-21,166.4,165.95,166.67,165.55, 0 
2016-12-22,165.77,166.03,166.116,164.89, 0 
2016-12-23,166.26,165.32,166.44,164.77, 0 
2016-12-27,165.51,164.95,165.82,164.78, 0 
2016-12-28,165.45,163.75,165.64,163.56, 0 
2016-12-29,163.93,163.05,164.47,163.01, 0 
2016-12-30,163.16,162.98,164.03,162.62, 0 
2017-01-03,164.34,163.83,164.71,162.44, 0 
2017-01-04,164.45,164.08,164.57,163, 0 
2017-01-05,164.06,163.3,164.14,162.18, 0 
2017-01-06,163.44,163.41,163.8,162.64, 0 
2017-01-09,163.04,162.02,163.25,162.02, 0 
2017-01-10,162,161.47,162.74,161.41, 0 
2017-01-11,161.54,162.23,162.45,161.03, 0 
2017-01-12,162,161.41,162.145,160.33, 0 
2017-01-13,161.81,161.9,163.13,161.51, 0 
2017-01-17,161.96,159.64,162,159.3, 0 
2017-01-18,160.04,160.49,160.86,159.43, 0 
2017-01-19,160.82,159.41,161.12,159.11, 0 
2017-01-20,160.21,160.21,160.78,159.58, 0 
2017-01-23,160.19,158.81,160.28,158.61, 0 
2017-01-24,159.26,160.72,161.09,158.77, 0 
2017-01-25,162,164.25,164.63,161.39, 0 
2017-01-26,164.88,164.92,165.03,164.08, 0 
2017-01-27,164.93,164.4,165.3,163.46, 0 
2017-01-30,164.2,164.8,164.91,163.22, 0 
2017-01-31,164.64,164.14,165.06,163.08, 0 
2017-02-01,164.75,163.61,165.2,163.3, 0 
2017-02-02,163.31,163,163.31,162.27, 0 
2017-02-03,164,163.94,164.19,162.52, 0 
2017-02-06,163.88,163.42,163.93,163.04, 0 
2017-02-07,163.622,162.93,163.85,162.58, 0 
2017-02-08,162.9,162.87,163.13,162.15, 0 
2017-02-09,163.43,164.04,164.423,162.82, 0 
2017-02-10,164.59,164.01,164.68,163.6, 0 
2017-02-13,164.71,165.85,166.24,164.44, 0 
2017-02-14,165.85,166.95,167,165.17, 0 
2017-02-15,167.21,167.28,167.34,166.12, 0 
2017-02-16,167.28,167.74,167.8,166.1, 0 
2017-02-17,167.56,168.57,168.7,166.71, 0 
2017-02-21,168.92,168.92,169.65,168.47, 0 
2017-02-22,168.92,169.61,169.7,168.327, 0 
2017-02-23,169.96,170.15,170.16,169.109, 0 
2017-02-24,169.5,170.22,170.275,169.22, 0 
2017-02-27,170.9,170.63,171.2,170.32, 0 
2017-02-28,170.9,171.42,172.2,170.51, 0 
2017-03-01,173.7,177.28,177.41,173.7, 0 
2017-03-02,177.86,175.89,177.86,175.48, 0 
2017-03-03,175.97,175.68,176.46,175.04, 0 
2017-03-06,175.44,175.4,175.88,174.51, 0 
2017-03-07,175.58,175.3,175.76,174.9, 0 
2017-03-08,175.89,174.97,176,174.8, 0 
2017-03-09,175.7,175.37,175.85,174.815, 0 
2017-03-10,176,174.98,176.14,174.45, 0 
2017-03-13,175.29,175.39,175.6,174.69, 0 
2017-03-14,175.22,174.73,175.43,174.23, 0 
2017-03-15,174.98,174.67,175.08,173.77, 0 
2017-03-16,175.15,174.08,175.43,173.7, 0 
2017-03-17,173.89,172.82,173.89,172.32, 0 
2017-03-20,172.3,172.07,172.868,171.6, 0 
2017-03-21,172.16,169.47,172.44,169.03, 0 
2017-03-22,169.27,169.3,170.04,168.02, 0 
2017-03-23,169.66,169.89,171.36,169.21, 0 
2017-03-24,170.45,168.66,170.45,168.02, 0 
2017-03-27,166.89,167.44,167.51,165.8, 0 
2017-03-28,167.28,168.31,168.612,166.36, 0 
2017-03-29,168,166.59,168.3,166.44, 0 
2017-03-30,166.3,167.36,167.69,166, 0 
2017-03-31,167.41,166.68,167.6,166.34, 0 
2017-04-03,166.72,166.87,167,165.32, 0 
2017-04-04,166.61,166.86,167,166.14, 0 
2017-04-05,167.45,165.83,168.23,165.67, 0 
2017-04-06,165.64,166.47,166.995,165.02, 0 
2017-04-07,165.62,166.17,166.89,165.48, 0 
2017-04-10,166.2,166.35,167,165.975, 0 
2017-04-11,165.8,165.7,166.22,164.85, 0 
2017-04-12,165.07,165.11,165.48,164.66, 0 
2017-04-13,164.98,162.9,165.28,162.87, 0 
2017-04-17,163.61,164.35,164.63,162.67, 0 
2017-04-18,163.87,163.69,164.23,163.09, 0 
2017-04-19,164.1,162.76,164.49,162.28, 0 
2017-04-20,163.29,164.98,165.235,163.04, 0 
2017-04-21,164.4,163.41,164.95,163.34, 0 
2017-04-24,165.7,165.78,165.99,164.4, 0 
2017-04-25,166.92,167.53,167.96,166.6, 0 
2017-04-26,167.5,167.63,168.95,167.25, 0 
2017-04-27,167.65,166.55,167.81,165.5, 0 
2017-04-28,166.28,165.21,166.55,164.68, 0 
2017-05-01,165.8,165.44,166.32,165.35, 0 
2017-05-02,165.9,166.05,166.33,165.16, 0 
2017-05-03,165.7,166.73,167.08,165.5, 0 
2017-05-04,167.64,166.34,168.04,166.22, 0 
2017-05-05,167.12,166.55,167.14,165.879, 0 
2017-05-08,166.5,165.02,166.6,164.1, 0 
2017-05-09,165.17,163.46,165.24,163, 0 
2017-05-10,163.36,163.72,163.88,163.03, 0 
2017-05-11,163.58,163.27,163.77,162.39, 0 
2017-05-12,163.06,163.32,163.49,162.47, 0 
2017-05-15,163.81,163.8,164.08,163.26, 0 
2017-05-16,164.1,163.61,164.29,163.25, 0 
2017-05-17,162.44,161.26,162.86,161.18, 0 
2017-05-18,161.5,161.62,162.62,160.93, 0 
2017-05-19,161.86,163.24,164.08,161.58, 0 
2017-05-22,164.8,165.13,165.48,163.94, 0 
2017-05-23,165.4,165.48,165.77,164.874, 0 
2017-05-24,165.9,164.93,165.9,164.55, 0 
2017-05-25,165.23,165.3,165.5,164.71, 0 
2017-05-26,165.25,165.69,165.88,165.018, 0 
2017-05-30,165.79,165.11,165.87,164.47, 0 
2017-05-31,165.27,165.28,165.45,164.1, 0 
2017-06-01,165.8,166.66,166.69,164.75, 0 
2017-06-02,166.13,166.29,166.92,165.85, 0 
2017-06-05,166.43,166.52,167.134,166.33, 0 
2017-06-06,166.12,166.13,166.72,165.88, 0 
2017-06-07,166.14,166.5,166.75,165.87, 0 
2017-06-08,166.35,166.94,167.94,166.23, 0 
2017-06-09,167.67,170,170.14,167.42, 0 
2017-06-12,169.43,170.5,170.65,169.26, 0 
2017-06-13,171.5,171.47,171.82,170.9, 0 
2017-06-14,170.92,171.45,171.5,169.55, 0 
2017-06-15,170.6,170.55,170.922,169.57, 0 
2017-06-16,170.6,170.48,171.04,169.75, 0 
2017-06-19,171.39,171.55,171.95,170.78, 0 
2017-06-20,171.68,170.55,171.68,170.45, 0 
2017-06-21,170.61,169.62,170.78,169.34, 0 
2017-06-22,169.33,168.32,169.67,168.31, 0 
2017-06-23,169.27,167.22,169.27,166.64, 0 
2017-06-26,167.8,167.49,168.28,166.968, 0 
2017-06-27,167.72,167.35,168.06,166.78, 0 
2017-06-28,167.93,169.89,170.15,167.9, 0 
2017-06-29,170.68,169.3,171.37,168.6, 0 
2017-06-30,170.01,169.37,170.15,169.27, 0 
2017-07-03,170.4,171.8,172.7,169.95, 0 
2017-07-05,172.06,171.85,172.505,171.28, 0 
2017-07-06,171.56,170.2,171.97,170.09, 0 
2017-07-07,170.84,171.14,171.32,169.9, 0 
2017-07-10,170.61,170.25,171.31,169.9, 0 
2017-07-11,169.94,169.24,170.2,168, 0 
2017-07-12,169.79,169.92,170.09,169.06, 0 
2017-07-13,170.06,169.69,170.07,169.25, 0 
2017-07-14,168.9,169.47,169.92,168.52, 0 
2017-07-17,169.44,170.16,170.73,168.95, 0 
2017-07-18,170.04,170.31,170.69,169.56, 0 
2017-07-19,170.665,171.2,171.33,170.35, 0 
2017-07-20,171.33,171.33,171.87,171.07, 0 
2017-07-21,171.57,171.34,171.69,170.66, 0 
2017-07-24,171.5,171.37,171.88,171.07, 0 
2017-07-25,172.15,172.94,173.37,172.15, 0 
2017-07-26,173,173.02,173.79,172.5, 0 
2017-07-27,173.17,173.05,173.18,172.22, 0 
2017-07-28,173.06,174,174.34,172.13, 0 
2017-07-31,174.7,174.97,175.6,174.2, 0 
2017-08-01,175.93,176.29,176.38,174.81, 0 
2017-08-02,176.29,177.85,177.92,175.91, 0 
2017-08-03,177.5,178.99,179,177.44, 0 
2017-08-04,179.8,179.92,179.99,178.69, 0 
2017-08-07,177.04,178.04,178.41,177.04, 0 
2017-08-08,177.71,176.43,178.29,176.2, 0 
2017-08-09,175.5,178.06,178.16,175.05, 0 
2017-08-10,177.13,176.36,177.6,176.26, 0 
2017-08-11,176.32,175.34,177.17,175.27, 0 
2017-08-14,176.75,177.29,177.73,176.45, 0 
2017-08-15,177.74,177.47,178.15,177.24, 0 
2017-08-16,178.2,178.54,178.97,177.6, 0 
2017-08-17,178.25,177.16,178.7,177.16, 0 
2017-08-18,176.57,177.56,178.82,176.27, 0 
2017-08-21,177.62,178.34,178.5,177.07, 0 
2017-08-22,178.5,180.45,180.61,178.46, 0 
2017-08-23,179.25,179.98,180.52,179, 0 
2017-08-24,179.98,178.43,180,178.13, 0 
2017-08-25,179,179.6,180.16,178.856, 0 
2017-08-28,179.77,178.7,179.9,178.02, 0 
2017-08-29,177.72,178.62,178.7,177.2, 0 
2017-08-30,178.71,180.35,181.03,178.51, 0 
2017-08-31,180.35,181.16,181.87,180.25, 0 
2017-09-01,181.6,180.73,181.97,180.57, 0 
2017-09-05,180.29,176.98,180.29,176.29, 0 
2017-09-06,177.35,176.79,177.87,176.73, 0 
2017-09-07,177.05,173.99,177.48,172.61, 0 
2017-09-08,173.9,175.5,175.815,173.57, 0 
2017-09-11,177.75,177.87,179.24,177.33, 0 
2017-09-12,178,178.63,178.72,177.8, 0 
2017-09-13,177.76,178.92,179.15,177.61, 0 
2017-09-14,178.8,178.57,179.16,178.38, 0 
2017-09-15,179.24,179.89,180.36,178.81, 0 
2017-09-18,180.5,181.47,181.74,180.27, 0 
2017-09-19,181.5,183.01,183.01,181.5, 0 
2017-09-20,183.3,183.82,183.93,182.46, 0 
2017-09-21,183.32,183.16,183.93,183.03, 0 
2017-09-22,182.63,181.86,182.84,181.303, 0 
2017-09-25,181.99,182.52,182.64,180.8, 0 
2017-09-26,182.55,181.86,182.87,181.74, 0 
2017-09-27,182.87,183.27,184,182.51, 0 
2017-09-28,183.4,183.21,183.95,182.44, 0 
2017-09-29,183.59,183.32,183.68,182.42, 0 
2017-10-02,183.45,185.41,185.47,182.93, 0 
2017-10-03,185.6,185.67,186.51,184.6, 0 
2017-10-04,186.2,185.83,186.67,185.51, 0 
2017-10-05,186.17,187.12,188.04,185.8, 0 
2017-10-06,187.2,187.43,187.62,186.05, 0 
2017-10-09,187.5,187.5,187.95,186.639, 0 
2017-10-10,187.46,188,188.2,187.16, 0 
2017-10-11,187.4,187.46,187.95,186.48, 0 
2017-10-12,187.7,186.3,187.99,185.97, 0 
2017-10-13,186.77,187.37,188,186.33, 0 
2017-10-16,188,187.96,188.62,187.57, 0 
2017-10-17,187.96,187.39,188,186.5, 0 
2017-10-18,187.75,187.85,188.13,186.8, 0 
2017-10-19,187.16,187.21,187.5,186.43, 0 
2017-10-20,187.75,189.04,189.04,187.58, 0 
2017-10-23,189.18,189.39,189.72,188.64, 0 
2017-10-24,189.92,189.78,190.68,189.53, 0 
2017-10-25,189.83,188.71,190,187.66, 0 
2017-10-26,189.65,188.61,189.92,187.831, 0 
2017-10-27,188.32,188.59,188.63,187.05, 0 
2017-10-30,188.02,187.85,188.52,187.347, 0 
2017-10-31,188.06,186.94,188.11,186.41, 0 
2017-11-01,188.1,187.17,188.13,186.73, 0 
2017-11-02,186.75,188.61,188.78,185.89, 0 
2017-11-03,188.13,187.27,188.55,187.02, 0 
2017-11-06,186.1,186.68,187.57,185.3, 0 
2017-11-07,187.23,186.3,188.19,185.61, 0 
2017-11-08,186.31,184.6,186.89,184.35, 0 
2017-11-09,183.34,184.49,184.679,181.76, 0 
2017-11-10,183.84,183.68,184.07,182.51, 0 
2017-11-13,183.16,184.4,184.85,183.16, 0 
2017-11-14,183.66,183.34,184,182.5, 0 
2017-11-15,182.13,181.81,182.9,181.41, 0 
2017-11-16,182.21,182.05,183.05,181.65, 0 
2017-11-17,181.7,181.06,181.94,180.5, 0 
2017-11-20,181.43,181.63,181.98,180.44, 0 
2017-11-21,181.78,183.18,183.5,181.51, 0 
2017-11-22,183.78,182.56,183.78,181.94, 0 
2017-11-24,182.66,182.36,182.98,182.246, 0 
2017-11-27,182.74,183.49,183.87,182.41, 0 
2017-11-28,184.1,187.54,187.84,184.02, 0 
2017-11-29,188.2,189.85,192,187.57, 0 
2017-11-30,190.35,193.01,193.81,189.95, 0 
2017-12-01,193.59,194.56,194.99,189.72, 0 
2017-12-04,196.18,196.96,199.48,196.18, 0 
2017-12-05,197.77,196.07,197.99,195.5, 0 
2017-12-06,195.79,196.01,196.83,194.8, 0 
2017-12-07,195.91,196.34,196.75,194.98, 0 
2017-12-08,196.82,196.44,197.28,195.02, 0 
2017-12-11,196.63,196.7,197.18,195.3, 0 
2017-12-12,197,199.07,199.92,197, 0 
2017-12-13,198.56,197.4,199.63,197.35, 0 
2017-12-14,198.12,196.66,198.19,195.936, 0 
2017-12-15,198.24,197.78,199.2,197.23, 0 
2017-12-18,199.5,199.34,200.26,198.94, 0 
2017-12-19,200.16,197.91,200.5,197.68, 0 
2017-12-20,199.39,197.79,199.75,197.68, 0 
2017-12-21,198.85,198.89,199.56,198.21, 0 
2017-12-22,199.24,197.92,199.68,196.88, 0 
2017-12-26,197.97,197.57,198.57,197.28, 0 
2017-12-27,197.5,198.69,198.82,197.28, 0 
2017-12-28,199.34,199.56,199.96,198.82, 0 
2017-12-29,200,198.22,200.07,198.22, 0 
2018-01-02,198.87,197.22,198.87,195.96, 0 
2018-01-03,197,199.79,200,197, 0 
2018-01-04,200.9,200.69,202.13,200.01, 0 
2018-01-05,201,201.42,201.67,199.31, 0 
2018-01-08,201.15,202.74,203.07,199.8, 0 
2018-01-09,203.34,203.02,204.4,202.58, 0 
2018-01-10,203,205.61,205.724,202.5, 0 
2018-01-11,205.96,206.69,207.28,205.716, 0 
2018-01-12,207.27,210.16,210.39,206.8, 0 
2018-01-16,213.12,210.29,214.03,209.36, 0 
2018-01-17,211.92,214.16,214.5,211.14, 0 
2018-01-18,215.67,213.19,215.78,213.055, 0 
2018-01-19,213.45,213.25,214.3,212.11, 0 
2018-01-22,213.29,215.97,216.08,213.25, 0 
2018-01-23,216.04,215.56,216.35,212.77, 0 
2018-01-24,216.12,215.61,216.89,214.59, 0 
2018-01-25,216.24,215.1,216.5,214.28, 0 
2018-01-26,215.52,217.19,217.34,215.15, 0 
2018-01-29,217.15,215.46,217.62,215.19, 0 
2018-01-30,214.97,214.41,216.62,214.1, 0 
2018-01-31,214.99,214.38,215.05,213.37, 0 
2018-02-01,214.49,217.25,217.5,214.03, 0 
2018-02-02,216.16,209.12,216.58,207.87, 0 
2018-02-05,205.49,196.8,207.1,196, 0 
2018-02-06,193.15,201.24,201.92,190.18, 0 
2018-02-07,202,200.37,204.48,200, 0 
2018-02-08,200.37,191.42,200.99,191.04, 0 
2018-02-09,195.68,196.02,197.57,189.3, 0 
2018-02-12,198.51,198.89,200.66,196.14, 0 
2018-02-13,197.58,197.99,198.84,195.92, 0 
2018-02-14,197.04,200.54,200.76,195.99, 0 
2018-02-15,202.38,203.9,203.9,200.31, 0 
2018-02-16,203.99,203.79,206.32,203.16, 0 
2018-02-20,203.34,203.05,204.7,202.35, 0 
2018-02-21,202.5,201.02,205.221,200.77, 0 
2018-02-22,201.57,200.73,203.28,200.16, 0 
2018-02-23,201.39,202.76,202.97,200.805, 0 
2018-02-26,207.71,210.62,211.14,205.36, 0 
2018-02-27,212,209.66,213.13,209.65, 0 
2018-02-28,211,207.2,211.535,200.47, 0 
2018-03-01,206.82,201.53,208.57,200.28, 0 
2018-03-02,199.98,201.34,201.974,198.98, 0 
2018-03-05,199.6,203.24,204.126,199.12, 0 
2018-03-06,204.86,204.55,204.86,202.37, 0 
2018-03-07,202.35,204.3,204.83,201.75, 0 
2018-03-08,204.32,205.29,205.49,203.03, 0 
2018-03-09,206.95,212.94,213.24,206.25, 0 
2018-03-12,213.2,211.82,213.36,211.24, 0 
2018-03-13,212.69,209.13,213.04,208.8, 0 
2018-03-14,210.4,206.99,210.4,206.23, 0 
2018-03-15,208.29,207.82,209.32,207.61, 0 
2018-03-16,208.56,206.96,208.97,206.46, 0 
2018-03-19,206.87,203.99,207.06,202.64, 0 
2018-03-20,204.25,204.75,205.6,203.8, 0 
2018-03-21,205.38,204.83,207.27,204, 0 
2018-03-22,203.18,197.63,203.19,196.99, 0 
2018-03-23,198,192.46,198.29,191.87, 0 
2018-03-26,196.9,199.34,199.57,195.08, 0 
2018-03-27,200.48,196.15,201.44,194.44, 0 
2018-03-28,196.17,196.67,198.72,193.78, 0 
2018-03-29,198.08,199.48,201.01,197.33, 0 
2018-04-02,199.01,195,199.61,192.02, 0 
2018-04-03,196,197.96,198.24,193.91, 0 
2018-04-04,194.02,200.11,200.53,194, 0 
2018-04-05,201.17,200.85,202.77,200.27, 0 
2018-04-06,199.7,195.49,199.85,193.74, 0 
2018-04-09,196.73,195.33,198.63,194.95, 0 
2018-04-10,198.16,197.8,199.7,197.05, 0 
2018-04-11,196.6,195.22,197.04,194.92, 0 
2018-04-12,196.5,198.13,199.6,196.29, 0 
2018-04-13,199.6,197,199.85,196, 0 
2018-04-16,198.65,198.22,199.95,197.55, 0 
2018-04-17,199.85,199.27,200.66,198.9, 0 
2018-04-18,200.24,199.51,200.94,199.4, 0 
2018-04-19,199.99,200.38,201.48,199.2, 0 
2018-04-20,200.94,200.13,201,198.92, 0 
2018-04-23,200.22,199.42,200.84,198.52, 0 
2018-04-24,199.87,196.8,200.66,195.23, 0 
2018-04-25,196.18,196.8,197.36,194.41, 0 
2018-04-26,196.63,197.03,197.96,196.24, 0 
2018-04-27,196.93,197.23,197.55,195.83, 0 
2018-04-30,197.39,193.73,198.1,193.62, 0 
2018-05-01,193.76,195.11,195.3,192.75, 0 
2018-05-02,195.07,193.31,195.07,192.98, 0 
2018-05-03,192.81,191.61,192.99,189.8, 0 
2018-05-04,192.04,195.64,196.24,190.19, 0 
2018-05-07,196,197.06,197.82,195.76, 0 
2018-05-08,197.4,196.24,197.4,194.7, 0 
2018-05-09,197,199.87,200.05,196.28, 0 
2018-05-10,200.43,201.2,201.29,198.92, 0 
2018-05-11,200.62,199.3,202.41,198.9, 0 
2018-05-14,200,199.18,200.65,198.66, 0 
2018-05-15,198.79,197.36,198.93,196.18, 0 
2018-05-16,196.86,197.83,198.38,196.4, 0 
2018-05-17,197.74,197.49,197.85,196.62, 0 
2018-05-18,197.52,196.06,197.64,195.77, 0 
2018-05-21,197.77,197.91,198.63,197.01, 0 
2018-05-22,198.02,198.13,198.89,197.18, 0 
2018-05-23,197.4,195.95,197.71,194.95, 0 
2018-05-24,196.06,194.83,196.26,193.924, 0 
2018-05-25,193.89,194.15,194.75,193.21, 0 
2018-05-29,192.9,189.87,193.11,188.62, 0 
2018-05-30,191.9,194.1,194.9,191.33, 0 
2018-05-31,194.29,191.53,194.29,191.42, 0 
2018-06-01,192.9,192.23,193.38,191.59, 0 
2018-06-04,193,191.3,193.41,191.25, 0 
2018-06-05,191.37,190.77,191.397,190.14, 0 
2018-06-06,191.69,193.99,194,191.565, 0 
2018-06-07,194.66,195.57,195.68,193.746, 0 
2018-06-08,195.34,196.01,196.4,194.27, 0 
2018-06-11,196.3,195.33,196.74,195.19, 0 
2018-06-12,195.97,195.27,195.99,194.71, 0 
2018-06-13,195.13,194.55,196,194.26, 0 
2018-06-14,194.92,192.5,195,192.04, 0 
2018-06-15,192.28,191.76,192.5,190.52, 0 
2018-06-18,190.64,191.11,191.36,189.91, 0 
2018-06-19,190.05,190.35,191.18,189.35, 0 
2018-06-20,190.47,189.5,190.89,189.2, 0 
2018-06-21,189.05,188.86,189.84,187.97, 0 
2018-06-22,190,188.91,190.48,188.66, 0 
2018-06-25,188.63,186.73,188.83,185.18, 0 
2018-06-26,186.52,186.44,187.62,185.78, 0 
2018-06-27,186.5,184.91,187.89,184.746, 0 
2018-06-28,185.43,187.09,187.94,185.16, 0 
2018-06-29,188.46,186.65,189.28,186.29, 0 
2018-07-02,186.09,187.83,188.1,185.97, 0 
2018-07-03,188.46,186.02,188.73,185.72, 0 
2018-07-05,187.07,187.5,187.63,186.23, 0 
2018-07-06,187.5,187.56,188.69,186.52, 0 
2018-07-09,188.11,189.64,189.82,187.82, 0 
2018-07-10,189.75,189.9,190.615,189.15, 0 
2018-07-11,188.73,189.91,190.64,188.56, 0 
2018-07-12,190.9,189.96,190.99,188.91, 0 
2018-07-13,189.77,190.96,191.292,189.13, 0 
2018-07-16,190.7,192,192.23,190.7, 0 
2018-07-17,192,190.41,192.19,190.27, 0 
2018-07-18,195.5,200.44,201.4,195.35, 0 
2018-07-19,200.35,197.49,200.955,197.3, 0 
2018-07-20,197,196.78,197.66,196.46, 0 
2018-07-23,196.25,197.85,198.87,196.2, 0 
2018-07-24,198.45,198.46,199.96,198.22, 0 
2018-07-25,198.21,197.61,198.21,196.81, 0 
2018-07-26,198.27,197.46,198.99,197.28, 0 
2018-07-27,198,197.95,198.9,197.18, 0 
2018-07-30,197.8,199.09,199.91,197.8, 0 
2018-07-31,199,197.87,199.536,197.06, 0 
2018-08-01,198.8,197.85,199.7,197.32, 0 
2018-08-02,197.2,198.06,198.76,196.77, 0 
2018-08-03,198.5,200.24,200.42,198.12, 0 
2018-08-06,204.89,206.06,208.11,204.62, 0 
2018-08-07,207.5,208.72,209.94,207.153, 0 
2018-08-08,208.81,208.94,209.71,208.43, 0 
2018-08-09,209,209.1,209.65,208.72, 0 
2018-08-10,207.3,206.63,207.77,205.59, 0 
2018-08-13,206.63,205.17,207.01,205.04, 0 
2018-08-14,205.3,205.83,206.48,204.9, 0 
2018-08-15,205.01,204.5,205.489,203.57, 0 
2018-08-16,205.39,207.56,207.62,204.6, 0 
2018-08-17,207.57,208.14,208.47,206.92, 0 
2018-08-20,208.43,208.46,209.535,207.83, 0 
2018-08-21,208.81,208.49,209.35,208.1, 0 
2018-08-22,207.63,207.33,207.97,206.96, 0 
2018-08-23,207.58,207.24,207.79,206.66, 0 
2018-08-24,207.75,207.98,208.16,207.33, 0 
2018-08-27,208.56,210.51,210.75,208.52, 0 
2018-08-28,210.88,210.77,211.2,210.01, 0 
2018-08-29,211,211.27,211.32,210.18, 0 
2018-08-30,211.08,209.75,211.3,209.67, 0 
2018-08-31,210,208.72,210.3,208.1, 0 
2018-09-04,209.21,210.05,210.1,208.04, 0 
2018-09-05,209.81,212.26,212.46,209.49, 0 
2018-09-06,211.6,212.88,213.4,211.57, 0 
2018-09-07,212.5,214.04,214.47,212.5, 0 
2018-09-10,215,215.11,216.27,214.42, 0 
2018-09-11,214.04,215.1,215.87,212.76, 0 
2018-09-12,214.54,214.59,215.43,214.15, 0 
2018-09-13,215.02,214.89,215.42,214.17, 0 
2018-09-14,215.5,216.37,216.51,215.3, 0 
2018-09-17,216.99,216.29,217.13,215.733, 0 
2018-09-18,216.3,218.3,218.5,216.3, 0 
2018-09-19,218.22,220.95,221.32,217.8, 0 
2018-09-20,221.78,221.68,223,221.3, 0 
2018-09-21,222.13,220.52,222.69,220.13, 0 
2018-09-24,220.48,218.13,220.68,217.91, 0 
2018-09-25,218.43,218.05,218.98,217.41, 0 
2018-09-26,218.05,216.11,218.42,215.77, 0 
2018-09-27,216.74,216.7,217.677,215.23, 0 
2018-09-28,216.38,214.11,216.38,213.86, 0 
2018-10-01,215.92,214.78,216.135,213.94, 0 
2018-10-02,214.43,215.29,215.54,214.04, 0 
2018-10-03,215.75,216.4,217.78,215.5, 0 
2018-10-04,216.43,218.97,219,216.36, 0 
2018-10-05,219.7,219.46,220.4,218.69, 0 
2018-10-08,219.16,222.06,222.76,219.02, 0 
2018-10-09,221.85,223.76,223.94,221.01, 0 
2018-10-10,224,213.1,224.07,212.54, 0 
2018-10-11,209.9,205.19,211.09,203.28, 0 
2018-10-12,210.04,206.8,210.6,203.995, 0 
2018-10-15,207.46,205.03,207.46,204.67, 0 
2018-10-16,206.66,209.83,210.78,205.92, 0 
2018-10-17,209.83,210.52,211.67,207.31, 0 
2018-10-18,210,208.7,211.27,207.32, 0 
2018-10-19,208.49,209.83,210.75,207.796, 0 
2018-10-22,210.77,206.19,210.77,206.03, 0 
2018-10-23,203.1,204,205.25,201.88, 0 
2018-10-24,202.77,199.81,203.69,199.57, 0 
2018-10-25,200.73,201.98,203.43,200.14, 0 
2018-10-26,199.01,198.49,200.69,197.29, 0 
2018-10-29,201.23,200.04,203.612,197.93, 0 
2018-10-30,199.65,203.35,203.76,198.7, 0 
2018-10-31,205.21,205.28,208.07,204.5, 0 
2018-11-01,205.6,205.86,206.28,204.32, 0 
2018-11-02,207.5,206.57,208.705,203.39, 0 
2018-11-05,213.51,216.24,217.51,212.96, 0 
2018-11-06,216.75,218.51,218.74,216.464, 0 
2018-11-07,219.99,221.24,221.55,217.561, 0 
2018-11-08,221.24,222.42,223.52,220.55, 0 
2018-11-09,221.67,219.63,221.99,218.3, 0 
2018-11-12,219.96,215.42,220.185,215, 0 
2018-11-13,215.61,217.92,219.15,215.18, 0 
2018-11-14,219.5,216.03,220.72,213.8, 0 
2018-11-15,214.83,217.38,217.57,212.14, 0 
2018-11-16,217,218.41,220.5,215.46, 0 
2018-11-19,218.28,217.94,218.73,215.26, 0 
2018-11-20,215.31,210.71,215.99,210.42, 0 
2018-11-21,211.3,210.86,213.74,210.53, 0 
2018-11-23,209.25,207.07,209.99,207.03, 0 
2018-11-26,209.3,210.63,211,208.64, 0 
2018-11-27,209.82,212.53,212.84,209.51, 0 
2018-11-28,213,217.5,217.64,212.44, 0 
2018-11-29,215.85,217.7,219.38,215.8, 0 
2018-11-30,217.23,218.24,219.084,216.93, 0 
2018-12-03,221.98,220.81,223.586,218.952, 0 
2018-12-04,220.13,210.12,220.28,209.71, 0 
2018-12-06,207.05,207.96,208.12,202.92, 0 
2018-12-07,208.14,204.88,210.848,203.568, 0 
2018-12-10,204.1,203.26,204.74,198.49, 0 
2018-12-11,206.12,202.28,206.89,200.51, 0 
2018-12-12,205,202.48,205.59,202.28, 0 
2018-12-13,202,202.42,203.555,201.51, 0 
2018-12-14,200.96,200,201.75,199.58, 0 
2018-12-17,199.77,197.92,202.2,197.1, 0 
2018-12-18,199.645,196.52,200.34,194.44, 0 
2018-12-19,196.51,195.17,201.31,193.33, 0 
2018-12-20,194.01,193.58,195.37,191.11, 0 
2018-12-21,192.22,192.1,197.8,191.57, 0 
2018-12-24,190.7,187.76,191.64,187.11, 0 
2018-12-26,188.65,197.57,197.93,186.1, 0 
2018-12-27,195.6,200.12,200.12,191.9, 0 
2018-12-28,200.72,202.08,204.74,200.2, 0 
2018-12-31,204.23,204.18,205.01,201, 0 
2019-01-02,201.73,202.8,204.4,201.15, 0 
2019-01-03,199.97,191.66,200.22,191.04, 0 
2019-01-04,194.85,195.2,196.69,193.88, 0 
2019-01-07,196.39,196.91,198.28,195.37, 0 
2019-01-08,198.99,196.31,199.08,194.66, 0 
2019-01-09,197.3,196.37,197.68,194.95, 0 
2019-01-10,195.51,196.58,197.9,194.96, 0 
2019-01-11,195.66,196.29,196.65,194.5, 0 
2019-01-14,194.78,195.78,196.44,194.46, 0 
2019-01-15,195.79,196.94,197.25,195.201, 0 
2019-01-16,197.64,198.41,199.57,197.24, 0 
2019-01-17,197.7,198.78,199.41,196.46, 0 
2019-01-18,200.7,204.48,204.73,200.24, 0 
2019-01-22,203.52,200.72,204.96,199.14, 0 
2019-01-23,200.72,201.15,201.31,198.5, 0 
2019-01-24,199.75,201.02,201.6,199.75, 0 
2019-01-25,203.05,202.75,204.74,202, 0 
2019-01-28,201.49,200.95,201.75,199.81, 0 
2019-01-29,200.92,202.05,202.15,200.5, 0 
2019-01-30,203.31,205.96,207.59,203.05, 0 
2019-01-31,204.68,205.54,208.01,203.64, 0 
2019-02-01,206.52,209.19,209.3,206.2, 0 
2019-02-04,209.16,208.52,209.4,207.05, 0 
2019-02-05,209.1,207.82,209.16,206.53, 0 
2019-02-06,207.24,206.01,207.24,205.1, 0 
2019-02-07,204.53,201.73,204.99,200.57, 0 
2019-02-08,200.82,200.92,201.2,198.21, 0 
2019-02-11,201.69,203.05,203.33,201.32, 0 
2019-02-12,204.94,206.15,206.67,204.87, 0 
2019-02-13,206.96,205.8,208.08,205.414, 0 
2019-02-14,204.64,202.78,204.64,201.6, 0 
2019-02-15,204.86,205.29,205.79,204.07, 0 
2019-02-19,205.1,205.69,206.32,204.68, 0 
2019-02-20,205.78,206.16,206.92,204.935, 0 
2019-02-21,206.27,205.33,206.86,204.35, 0 
2019-02-22,204.25,201.91,204.59,199.92, 0 
2019-02-25,201.7,202.31,205,201.22, 0 
2019-02-26,202.4,201.9,202.65,201.3, 0 
2019-02-27,201.72,202.29,202.3,201.25, 0 
2019-02-28,202.68,201.3,202.94,201.11, 0 
2019-03-01,203.15,203.13,203.84,201.84, 0 
2019-03-04,203.09,201.81,204.87,200.58, 0 
2019-03-05,201.76,201.47,202,200.58, 0 
2019-03-06,201.61,200.67,202.3,200.57, 0 
2019-03-07,200.58,199.3,200.58,197.99, 0 
2019-03-08,197.91,198.7,198.94,197.03, 0 
2019-03-11,199.62,202.09,202.3,199.47, 0 
2019-03-12,202.66,202.5,203.73,202.23, 0 
2019-03-13,203,204.06,205.36,202.66, 0 
2019-03-14,203.26,203.38,204.36,202.68, 0 
2019-03-15,204.08,204.31,206.16,203.86, 0 
2019-03-18,204.67,206.68,206.95,204.67, 0 
2019-03-19,207.75,205.15,207.75,204.56, 0 
2019-03-20,205.43,203.27,205.45,202.98, 0 
2019-03-21,202.92,204.43,204.7,201.91, 0 
2019-03-22,203.28,200.55,204.01,200.06, 0 
2019-03-25,200.83,199.44,201.98,198.2, 0 
2019-03-26,200.83,200.62,201.32,198.7, 0 
2019-03-27,200.72,199.21,201.2,198.23, 0 
2019-03-28,199.4,200.66,200.75,198.4, 0 
2019-03-29,201.34,200.89,201.7,200.03, 0 
2019-04-01,202.16,205,205.3,202, 0 
2019-04-02,204.91,203.88,205.43,203.59, 0 
2019-04-03,205.46,203.67,205.7,202.9, 0 
2019-04-04,203.26,204.1,204.94,202.79, 0 
2019-04-05,204.12,205.33,205.53,203.1, 0 
2019-04-08,205.14,205.25,205.64,203.97, 0 
2019-04-09,204.84,204.92,204.97,203.59, 0 
2019-04-10,205.12,204.52,205.23,203.6, 0 
2019-04-11,204.76,206.67,207.09,204.27, 0 
2019-04-12,208.08,210.56,211.674,207.58, 0 
2019-04-15,210.52,209.74,210.55,207.76, 0 
2019-04-16,210.15,211.8,211.84,210, 0 
2019-04-17,212.39,210.37,212.49,209.68, 0 
2019-04-18,210.96,209.99,211.43,209.73, 0 
2019-04-22,209.5,209.49,210.37,208.88, 0 
2019-04-23,209.5,211.61,211.88,208.89, 0 
2019-04-24,211.55,210.57,212.02,210.234, 0 
2019-04-25,209.62,211.95,212.67,209.34, 0 
2019-04-26,211.85,214.22,214.22,211.81, 0 
2019-04-29,214.92,216.58,217.22,214.6, 0 
2019-04-30,217.32,216.71,217.32,214.7, 0 
2019-05-01,217.22,216.71,218.79,216.49, 0 
2019-05-02,217.19,215.93,217.7,215.17, 0 
2019-05-03,217.14,218.6,219.16,216.87, 0 
2019-05-06,214.685,213.16,215.51,211.541, 0 
2019-05-07,211.34,209.43,211.6,207.41, 0 
2019-05-08,208.26,209.29,211.72,207.6, 0 
2019-05-09,207.34,208.56,208.92,204.39, 0 
2019-05-10,207.89,209.02,209.29,204.305, 0 
2019-05-13,204.96,205.01,205.91,204.3, 0 
2019-05-14,205.67,203.69,206.815,203.45, 0 
2019-05-15,202.79,202.98,204.13,201.39, 0 
2019-05-16,203.9,204.63,206.66,203.9, 0 
2019-05-17,203,203.27,205.46,202.45, 0 
2019-05-20,202.64,202.73,203.18,201.75, 0 
2019-05-21,203.16,203.36,203.987,202.5, 0 
2019-05-22,202.72,202.6,203.49,201.7, 0 
2019-05-23,200.8,201.3,202.18,199.32, 0 
2019-05-24,202.12,201.69,202.12,200.79, 0 
2019-05-28,202.05,199.7,202.41,199.52, 0 
2019-05-29,198.95,198.52,199.49,197.34, 0 
2019-05-30,199.06,199.74,200.211,198.76, 0 
2019-05-31,198.32,197.42,198.83,197.075, 0 
2019-06-03,197.62,198.56,198.92,196.89, 0 
2019-06-04,200.63,201.59,201.65,199.57, 0 
2019-06-05,202.38,203.3,203.35,200.91, 0 
2019-06-06,202.9,204.77,205.39,202.54, 0 
2019-06-07,204.95,205.81,206.54,204.8, 0 
2019-06-10,207.12,207.16,208.08,206.46, 0 
2019-06-11,208.5,206.63,208.99,206, 0 
2019-06-12,206.2,204.57,206.6,203.92, 0 
2019-06-13,204.46,204.99,205.76,204.3, 0 
2019-06-14,204.87,205.16,205.845,203.85, 0 
2019-06-17,205.85,203.48,205.85,203.16, 0 
2019-06-18,204.47,206.01,206.462,203.98, 0 
2019-06-19,206.36,206.75,208.31,206.14, 0 
2019-06-20,208.51,208.04,208.75,206.041, 0 
2019-06-21,208.43,206.21,208.72,206.03, 0 
2019-06-24,206.39,206.85,207.59,205.96, 0 
2019-06-25,207.41,208.07,208.48,206.8, 0 
2019-06-26,208.28,208.51,210,208.21, 0 
2019-06-27,208.97,212.02,212.54,208.81, 0 
2019-06-28,213,213.17,213.33,211.32, 0 
2019-07-01,214.25,214.62,215.21,213.21, 0 
2019-07-02,214.38,214.54,215.59,213.4, 0 
2019-07-03,215,215.16,215.25,212.66, 0 
2019-07-05,215.13,215.25,215.77,213.9, 0 
2019-07-08,214,215.13,215.8,213.91, 0 
2019-07-09,213.02,214.75,214.92,212.97, 0 
2019-07-10,215.21,214.03,216.58,213.77, 0 
2019-07-11,214.31,213.17,214.55,212.98, 0 
2019-07-12,213.2,214.1,214.19,212.51, 0 
2019-07-15,214.44,213.54,214.44,212.82, 0 
2019-07-16,214.29,212.88,215.04,212.78, 0 
2019-07-17,212.52,207.45,212.96,207.41, 0 
2019-07-18,207.52,207.98,209.094,207.12, 0 
2019-07-19,208.11,205.97,208.25,205.65, 0 
2019-07-22,205.34,204.84,206.16,204.36, 0 
2019-07-23,205.51,206.46,206.63,204.92, 0 
2019-07-24,205.74,207.97,208.01,205.63, 0 
2019-07-25,208.37,207.9,208.37,206.53, 0 
2019-07-26,207.82,209.9,210.03,206.75, 0 
2019-07-29,210,208.61,210,208.42, 0 
2019-07-30,207.89,207.81,208.36,206.86, 0 
2019-07-31,207.8,205.43,209.5,205.3, 0 
2019-08-01,205.63,201.71,206.98,201.49, 0 
2019-08-02,201.79,202.67,204.43,199.42, 0 
2019-08-05,199.9,197.73,201.1,197.16, 0 
2019-08-06,199.61,200.55,200.93,197.9, 0 
2019-08-07,198.56,198.21,199.296,195.4, 0 
2019-08-08,199.93,200.52,200.87,198.12, 0 
2019-08-09,200.19,199.05,200.55,197.67, 0 
2019-08-12,197.61,197.2,199.47,196.91, 0 
2019-08-13,197.46,198.78,201,196.5, 0 
2019-08-14,195.78,195.81,197.25,195.61, 0 
2019-08-15,197.08,198.31,199.041,196.38, 0 
2019-08-16,200.5,199.72,200.88,198.55, 0 
2019-08-19,202.72,200.94,203.1,200.38, 0 
2019-08-20,200.27,198.15,200.285,198.02, 0 
2019-08-21,199.01,199.24,199.77,198.71, 0 
2019-08-22,199.8,201.01,201.87,199.8, 0 
2019-08-23,200.19,197.16,200.92,195.96, 0 
2019-08-26,198.7,200.2,200.2,197.44, 0 
2019-08-27,200.76,198.35,201.3,198.04, 0 
2019-08-28,198.02,200.45,200.57,197.53, 0 
2019-08-29,201.71,203.2,203.8,201.66, 0 
2019-08-30,204.02,203.41,204.351,202.73, 0 
2019-09-03,201.19,200.9,201.83,200.19, 0 
2019-09-04,202.73,202.19,202.94,201.3, 0 
2019-09-05,204.13,204.24,206.22,203.77, 0 
2019-09-06,204.44,204.73,205.15,203.862, 0 
2019-09-09,205.51,206.62,207.8,205.2, 0 
2019-09-10,207.31,208.31,208.31,206.13, 0 
2019-09-11,208.27,210.91,210.93,207.525, 0 
2019-09-12,211,211.37,212.68,210.72, 0 
2019-09-13,212.24,213.61,214.58,212.22, 0 
2019-09-16,212.06,210.33,212.1,209.94, 0 
2019-09-17,210.35,210.15,211.16,208.68, 0 
2019-09-18,209.89,210.9,211.32,209.12, 0 
2019-09-19,210.78,209.22,211.44,208.9, 0 
2019-09-20,210.37,208.12,210.37,207.27, 0 
2019-09-23,207.02,207.96,208.53,206.4, 0 
2019-09-24,208.17,206.4,208.89,205.74, 0 
2019-09-25,206.5,208.11,209.44,206.23, 0 
2019-09-26,208.19,206.9,208.19,206.35, 0 
2019-09-27,207.73,207.45,208.64,206.54, 0 
2019-09-30,207.77,208.02,208.7,207.534, 0 
2019-10-01,208.94,206.71,209.66,206.44, 0 
2019-10-02,206.09,203.1,206.09,202.38, 0 
2019-10-03,202.65,204.98,205.09,201.33, 0 
2019-10-04,205.09,208.08,208.28,205.05, 0 
2019-10-07,207.36,207.24,209.6,206.19, 0 
2019-10-08,205.62,204.09,206.14,203.93, 0 
2019-10-09,204.94,206.69,207.23,204.73, 0 
2019-10-10,206.37,206.86,208.19,206.08, 0 
2019-10-11,208.97,208.08,210.08,207.73, 0 
2019-10-14,208.01,207.91,208.07,206.93, 0 
2019-10-15,207.73,209.38,210.15,207.57, 0 
2019-10-16,208.37,209.29,209.97,208.37, 0 
2019-10-17,209.26,208.62,209.98,208.51, 0 
2019-10-18,208.45,208.76,209.62,208.2, 0 
2019-10-21,210,211.49,211.54,209.76, 0 
2019-10-22,211.03,210.62,211.97,210.47, 0 
2019-10-23,210.5,210.96,211.01,209.54, 0 
2019-10-24,211.16,210.26,211.32,209.72, 0 
2019-10-25,209.87,211.8,212.33,209.75, 0 
2019-10-28,212.31,212.86,213.34,212.14, 0 
2019-10-29,212.38,213.01,213.17,211.61, 0 
2019-10-30,212.99,213.25,213.43,211.67, 0 
2019-10-31,213.01,212.58,213.71,211.54, 0 
2019-11-01,213.55,215.83,216.63,213.4, 0 
2019-11-04,217.77,217.98,218.62,216.983, 0 
2019-11-05,218.69,220.88,221.68,218.43, 0 
2019-11-06,221.09,222,222.03,220.11, 0 
2019-11-07,222.81,222.74,223.37,221.67, 0 
2019-11-08,222.75,221.31,223,219.89, 0 
2019-11-11,220.2,220.85,221.091,219.87, 0 
2019-11-12,220.98,220.89,222.19,220.54, 0 
2019-11-13,219.72,219.77,220.27,218.61, 0 
2019-11-14,219.77,219.36,219.87,217.91, 0 
2019-11-15,220.18,219.74,220.43,218.74, 0 
2019-11-18,219.95,219.35,220.05,218.388, 0 
2019-11-19,219.93,219.03,220,218.783, 0 
2019-11-20,218.01,217.48,218.37,216.01, 0 
2019-11-21,217.3,216.63,217.705,216.3, 0 
2019-11-22,216.96,217.96,217.99,216.8, 0 
2019-11-25,218.74,219.06,219.39,218.26, 0 
2019-11-26,219.11,218.9,219.2,217.72, 0 
2019-11-27,219.25,220.5,220.59,218.48, 0 
2019-11-29,220.5,220.3,220.58,219.825, 0 
2019-12-02,220.6,220.33,221.38,220.11, 0 
2019-12-03,218.82,218.08,218.9,216.395, 0 
2019-12-04,217.95,218.4,218.883,217.54, 0 
2019-12-05,218.99,219.6,219.75,218.05, 0 
2019-12-06,221.64,222.61,223,221.33, 0 
2019-12-09,222.71,221.38,223.3,221.19, 0 
2019-12-10,222.07,221.26,222.07,220.21, 0 
2019-12-11,221.21,222.57,222.65,221.01, 0 
2019-12-12,222.88,225.92,226.52,222.53, 0 
2019-12-13,225.92,225.37,226.5,223.96, 0 
2019-12-16,226.77,226.85,227.81,226.29, 0 
2019-12-17,227.27,227.05,228.23,226.55, 0 
2019-12-18,227.06,225.01,227.2,224.89, 0 
2019-12-19,224.66,225.21,225.66,224.16, 0 
2019-12-20,226.24,226.31,227.8,225.56, 0 
2019-12-23,226.61,225.48,226.67,224.93, 0 
2019-12-24,225.24,225.47,225.65,224.88, 0 
2019-12-26,225.92,226.45,226.51,225.64, 0 
2019-12-27,226.86,226.14,226.97,225.57, 0 
2019-12-30,226.14,225.76,226.6,224.67, 0 
2019-12-31,226.16,226.5,226.72,225.14, 0 
2020-01-02,227.51,228.39,228.39,226.71, 0 
2020-01-03,225.69,226.18,227.43,225.48, 0 
2020-01-06,224.99,226.99,227.13,224.7, 0 
2020-01-07,227.26,225.92,227.26,225.44, 0 
2020-01-08,226.03,225.99,227.84,225.87, 0 
2020-01-09,226.92,228.65,228.85,226.92, 0 
2020-01-10,228.5,226.62,228.531,226.59, 0 
2020-01-13,227.05,228.45,228.47,226.125, 0 
2020-01-14,227.85,227.17,228.39,226.88, 0 
2020-01-15,226.8,228.35,228.64,226.78, 0 
2020-01-16,229.34,229.73,230.03,228.52, 0 
2020-01-17,230.13,230.2,231.61,229.55, 0 
2020-01-21,229.85,228.63,231.13,227.95, 0 
2020-01-22,229,229.54,230.38,228.41, 0 
2020-01-23,229.43,229.38,229.77,227.349, 0 
2020-01-24,229.4,226.86,229.41,226.04, 0 
2020-01-27,223.7,222.45,223.9,221.11, 0 
2020-01-28,223.44,224.03,225.35,223.16, 0 
2020-01-29,224.75,224.5,226.4,224.31, 0 
2020-01-30,223.11,227.88,228.08,222.48, 0 
2020-01-31,226.49,224.43,226.97,223.43, 0 
2020-02-03,225.48,223.47,226.32,223, 0 
2020-02-04,226.15,225.08,226.94,224.79, 0 
2020-02-05,226.91,228.65,228.68,226.75, 0 
2020-02-06,229.56,229.61,230.08,228.53, 0 
2020-02-07,228.07,227.38,228.62,226.67, 0 
2020-02-10,227.17,227.11,227.75,225.13, 0 
2020-02-11,228.59,227.33,228.59,227.02, 0 
2020-02-12,227.6,227.44,228.84,226.91, 0 
2020-02-13,226.53,226.47,227.4,226.1, 0 
2020-02-14,226.49,226.8,227.14,225.52, 0 
2020-02-18,226.39,226.77,227.38,225.27, 0 
2020-02-19,227.68,229.24,229.71,226.93, 0 
2020-02-20,229.76,228.17,229.79,227.15, 0 
2020-02-21,227.53,229.33,230.07,226.98, 0 
2020-02-24,221.31,221.69,223.94,220.27, 0 
2020-02-25,222.2,218.05,223.24,216.76, 0 
2020-02-26,219.65,216.06,220.63,215.94, 0 
2020-02-27,212.9,207.67,214.38,207.28, 0 
2020-02-28,201.92,206.34,206.44,199.68, 0 
2020-03-02,207.25,217.63,218.8,204.434, 0 
2020-03-03,217.39,208.81,218.15,206.2, 0 
2020-03-04,212.14,217.86,218.34,209.26, 0 
2020-03-05,212.55,208.96,212.75,207.01, 0 
2020-03-06,203.48,205.98,207.41,202.35, 0 
2020-03-09,195,193.13,198.479,192.26, 0 
2020-03-10,201.35,202.73,202.86,195.052, 0 
2020-03-11,197.32,194.64,198.13,192.87, 0 
2020-03-12,183.6,175.97,187.67,175, 0 
2020-03-13,187.45,196.4,196.5,178.41, 0 
2020-03-16,174,177.77,188.38,173.62, 0 
2020-03-17,181.88,187.6,187.81,177, 0 
2020-03-18,177.29,172.44,181.39,167, 0 
2020-03-19,170.21,174.68,176.18,166, 0 
2020-03-20,176.3,170.06,177.18,167.295, 0 
2020-03-23,165.3,162.13,166.69,159.5, 0 
2020-03-24,170.91,178.2,179.14,169.53, 0 
2020-03-25,180.01,180.47,189.07,175.17, 0 
2020-03-26,181.29,183.9,184.96,179.59, 0 
2020-03-27,178.5,179.66,184.24,176.72, 0 
2020-03-30,180.04,183.18,184.11,178, 0 
2020-03-31,182.05,182.83,186.17,180.57, 0 
2020-04-01,176.18,175.95,178.67,174.19, 0 
2020-04-02,175,179.73,180.31,174.225, 0 
2020-04-03,178.59,178.34,180.22,175.44, 0 
2020-04-06,184.61,185.24,186.41,180.49, 0 
2020-04-07,191.99,185.25,192,184.9, 0 
2020-04-08,187.55,191.01,191.42,185.14, 0 
2020-04-09,194,193.84,197.23,191.45, 0 
2020-04-13,193.85,188.77,193.85,186.08, 0 
2020-04-14,193.32,192.94,194.16,190.82, 0 
2020-04-15,188.56,188.57,189.59,187.47, 0 
2020-04-16,188.9,187.96,188.99,185.8, 0 
2020-04-17,192.89,191.2,192.9,189.02, 0 
2020-04-20,188.72,188.75,189.35,187.3, 0 
2020-04-21,184.17,183.48,185.78,183.28, 0 
2020-04-22,186.46,186.58,187.37,185.34, 0 
2020-04-23,186.99,185.63,187.35,184.5, 0 
2020-04-24,187.08,186.52,187.28,184.42, 0 
2020-04-27,187.78,187.46,189.37,186.35, 0 
2020-04-28,190.54,187.12,191,187, 0 
2020-04-29,190.64,189.61,192.68,188.93, 0 
2020-04-30,188.3,187.36,189.87,186.71, 0 
2020-05-01,185.21,182.67,185.89,181.64, 0 
2020-05-04,179.78,177.95,180.36,176.34, 0 
2020-05-05,180.045,176.03,180.23,175.93, 0 
2020-05-06,176.94,172.38,177.04,172.34, 0 
2020-05-07,173.4,173.48,175.38,173.05, 0 
2020-05-08,176.71,176.83,177.26,174.28, 0 
2020-05-11,175.23,174.64,175.96,173.61, 0 
2020-05-12,175.2,172.81,175.715,172.73, 0 
2020-05-13,172,170.57,172.61,169.44, 0 
2020-05-14,168.8,170.93,171.4,167.04, 0 
2020-05-15,169.82,169.25,170.66,168.52, 0 
2020-05-18,174,175.46,176.87,172.309, 0 
2020-05-19,174.12,172.49,174.87,172.34, 0 
2020-05-20,174.61,176.02,176.87,174.29, 0 
2020-05-21,175.74,174.94,176.65,174.47, 0 
2020-05-22,174.86,174.93,175.12,173.21, 0 
2020-05-26,179.99,180.34,181.69,178.68, 0 
2020-05-27,184.665,185.77,185.98,183.8, 0 
2020-05-28,187.24,185.1,187.28,183.92, 0 
2020-05-29,183.08,185.58,185.87,182.53, 0 
2020-06-01,185.53,183.84,185.71,183.185, 0 
2020-06-02,183.99,185.94,186.44,183.99, 0 
2020-06-03,188.75,190.82,191.62,187.81, 0 
2020-06-04,190.41,192.05,192.11,189.69, 0 
2020-06-05,197.88,200.66,201.49,196.22, 0 
2020-06-08,202.34,201.56,203.33,199.56, 0 
2020-06-09,197.15,196.07,198.79,195.83, 0 
2020-06-10,195.85,191.51,196.34,191.37, 0 
2020-06-11,185,178.02,186.93,177.93, 0 
2020-06-12,184.02,181.21,184.02,178.22, 0 
2020-06-15,177,181.55,181.77,176.05, 0 
2020-06-16,186.55,182.3,186.7,179.75, 0 
2020-06-17,183.03,180.86,183.15,180.11, 0 
2020-06-18,179.9,180.73,181.36,179.04, 0 
2020-06-19,183.5,179.72,183.88,179.01, 0 
2020-06-22,179.55,180.17,181.8,178.87, 0 
2020-06-23,181.87,181.01,182.39,180.4, 0 
2020-06-24,179.61,177.53,179.65,177.26, 0 
2020-06-25,176.58,178.85,179.72,176.06, 0 
2020-06-26,176.71,175.37,178.7,174.63, 0 
2020-06-29,175.9,177.19,177.22,175.33, 0 
2020-06-30,176.75,178.51,179.12,176.51, 0 
2020-07-01,178.41,177.99,180.45,177.34, 0 
2020-07-02,180.45,178.83,180.94,178.24, 0 
2020-07-06,183.1,182.72,183.52,181.59, 0 
2020-07-07,182.02,181.15,182.49,180.6, 0 
2020-07-08,180.42,181.2,182.312,179.77, 0 
2020-07-09,181.79,178.8,181.88,177.77, 0 
2020-07-10,178.26,182.9,182.96,178.09, 0 
2020-07-13,183.81,184.13,185.82,183.31, 0 
2020-07-14,182.42,189.71,190.08,182.42, 0 
2020-07-15,192.64,190.56,193.05,188.75, 0 
2020-07-16,188.32,191.01,191.93,188.32, 0 
2020-07-17,191.77,190.76,192.12,190.469, 0 
2020-07-20,190.02,190.48,191.23,189.48, 0 
2020-07-21,190.4,192.27,193.45,190.4, 0 
2020-07-22,191.78,192.1,192.24,190.63, 0 
2020-07-23,191.71,193.25,193.39,191.48, 0 
2020-07-24,193.25,194.52,196.28,193.05, 0 
2020-07-27,193.83,192.14,193.99,191.77, 0 
2020-07-28,190.9,194.12,194.46,190.61, 0 
2020-07-29,194.03,196.41,196.67,193.73, 0 
2020-07-30,193.43,194.3,194.57,192.25, 0 
2020-07-31,195.06,195.78,196,193.33, 0 
2020-08-03,197.28,199.26,200.68,196, 0 
2020-08-04,198.97,200.24,200.31,198.11, 0 
2020-08-05,201.44,203.62,204.69,201, 0 
2020-08-06,203,205.02,205.39,202.7, 0 
2020-08-07,204.2,209.48,209.75,204, 0 
2020-08-10,211.34,212.58,212.92,209.4, 0 
2020-08-11,214.74,212.66,215.6,212.24, 0 
2020-08-12,213.1,213.24,214.39,212.31, 0 
2020-08-13,212.93,211.98,213.33,211.66, 0 
2020-08-14,211.04,210.96,211.97,210.25, 0 
2020-08-17,210.05,206.78,210.82,206.34, 0 
2020-08-18,206.95,208.33,209.76,206.8, 0 
2020-08-19,209.19,207.21,210.21,206.66, 0 
2020-08-20,205.17,206.12,206.79,204.51, 0 
2020-08-21,205.52,207.43,208.4,205.52, 0 
2020-08-24,209.23,212.61,213.3,208.91, 0 
2020-08-25,213.56,213.35,214,212.85, 0 
2020-08-26,212.98,214.66,215.83,212.3, 0 
2020-08-27,214.99,216.87,217.98,214.76, 0 
2020-08-28,217.51,218.55,218.81,215.73, 0 
2020-08-31,218.62,218.04,219.45,217.65, 0 
2020-09-01,216.92,218.55,218.59,216.62, 0 
2020-09-02,218.13,221.68,222.09,218.13, 0 
2020-09-03,222,218.15,223.24,216.43, 0 
2020-09-04,219.95,218.32,221.48,215.06, 0 
2020-09-08,217.28,217.8,219.19,215.339, 0 
2020-09-09,218.95,219.63,221.62,218.52, 0 
2020-09-10,220.54,217.8,220.68,217.15, 0 
2020-09-11,218,217.93,219.27,216.92, 0 
2020-09-14,219,219.94,221.32,218.3, 0 
2020-09-15,220.08,218.94,221.57,218.45, 0 
2020-09-16,220.28,219.59,222.26,219.19, 0 
2020-09-17,218.46,218.05,218.68,216.5, 0 
2020-09-18,219.08,218.21,221.01,217.83, 0 
2020-09-21,214,213.02,215.45,208.73, 0 
2020-09-22,212.54,214.16,214.75,211.7, 0 
2020-09-23,213.94,209.61,214.88,209.38, 0 
2020-09-24,209.14,208.72,210.23,206.58, 0 
2020-09-25,207,210.45,211.11,206.82, 0 
2020-09-28,213.22,213.54,215.47,212.02, 0 
2020-09-29,213.59,210.44,213.59,210.24, 0 
2020-09-30,211.11,212.94,213.7,210.75, 0 
2020-10-01,214.3,212.02,214.39,210.62, 0 
2020-10-02,209.84,211.18,213.68,209.53, 0 
2020-10-05,213.09,212.36,213.9,212.05, 0 
2020-10-06,212.65,210.26,213.48,209.65, 0 
2020-10-07,212.33,213.29,214.67,211.36, 0 
2020-10-08,214.39,215.15,215.69,213.44, 0 
2020-10-09,215.88,215.68,216.29,214.16, 0 
2020-10-12,216.74,216.41,217.43,215.12, 0 
2020-10-13,215.76,212.31,216.38,212, 0 
2020-10-14,212.02,210.91,212.35,210.54, 0 
2020-10-15,209.27,211.65,211.99,208.22, 0 
2020-10-16,211.84,211.91,213.83,211.81, 0 
2020-10-19,212.16,208.99,212.32,208.2, 0 
2020-10-20,209.63,210.06,211.45,209.41, 0 
2020-10-21,208.97,210.18,211.38,208.61, 0 
2020-10-22,209.63,211.61,211.78,209.23, 0 
2020-10-23,212.43,212.71,213.87,211.73, 0 
2020-10-26,209.64,208.49,210.26,207, 0 
2020-10-27,208,206.88,208.48,206.58, 0 
2020-10-28,202.68,200.7,203.88,199.79, 0 
2020-10-29,200.03,201.51,202.96,197.81, 0 
2020-10-30,200.51,201.9,202.27,198.7, 0 
2020-11-02,204.84,204.31,206.18,203.06, 0 
2020-11-03,206.93,206.63,209.8,206.36, 0 
2020-11-04,206.59,206.17,210.15,204.78, 0 
2020-11-05,208.69,207.45,210.86,206.97, 0 
2020-11-06,208.45,208.85,210.26,207.59, 0 
2020-11-09,221.97,221.5,225.23,218.01, 0 
2020-11-10,221.82,228.48,228.61,220.94, 0 
2020-11-11,228.5,227.37,228.98,225.47, 0 
2020-11-12,225.01,224.72,225.88,223.18, 0 
2020-11-13,226.5,227.42,228.15,225.29, 0 
2020-11-16,230.58,233.1,233.46,229.86, 0 
2020-11-17,231.93,233.16,234.97,230.01, 0 
2020-11-18,233.57,230.07,234.48,230, 0 
2020-11-19,229.67,229.53,229.97,227.62, 0 
2020-11-20,228.78,227.01,229.72,226.77, 0 
2020-11-23,229.77,229.54,230.5,228.04, 0 
2020-11-24,232.45,233.92,234.99,231.24, 0 
2020-11-25,233.92,233.13,234,232.01, 0 
2020-11-27,233.1,231.55,234.17,230.45, 0 
2020-11-30,231.19,228.91,231.29,228.17, 0 
2020-12-01,230.23,229.68,231.98,229.34, 0 
2020-12-02,229.8,230.42,230.59,228.31, 0 
2020-12-03,230,231.02,231.5,228.87, 0 
2020-12-04,230.24,231.35,231.89,230.24, 0 
2020-12-07,231.26,229.24,231.26,228.1, 0 
2020-12-08,227.46,228.19,228.74,226.61, 0 
2020-12-09,228.57,227.51,228.9,226.64, 0 
2020-12-10,226.45,227.35,227.87,225.73, 0 
2020-12-11,225.2,226.39,226.73,224.6, 0 
2020-12-14,227.68,222.85,228.06,222.36, 0 
2020-12-15,224.83,224.38,225.86,222.73, 0 
2020-12-16,225.48,221.91,225.48,221.82, 0 
2020-12-17,222.51,224.68,225.02,221.67, 0 
2020-12-18,224.79,223.43,225.2,221.68, 0 
2020-12-21,222.02,223.49,224.2,221.26, 0 
2020-12-22,223.58,221.88,223.75,221.76, 0 
2020-12-23,222.63,224.24,224.91,222.61, 0 
2020-12-24,224.6,226.53,227.13,224.21, 0 
2020-12-28,228.09,228.41,230.15,227.36, 0 
2020-12-29,230.5,229.57,231.1,229.1, 0 
2020-12-30,229.54,229.65,230.59,229.08, 0 
2020-12-31,229.28,231.87,232.28,228.89, 0 
2021-01-04,231.73,228.45,231.87,226.85, 0 
2021-01-05,228.21,227.47,230.1,226.85, 0 
2021-01-06,229.49,230.27,232.68,227.55, 0 
2021-01-07,232.78,232.88,233.96,231.33, 0 
2021-01-08,233.54,234.03,234.6,231.72, 0 
2021-01-11,231.22,233.43,233.92,231.02, 0 
2021-01-12,233.31,233.03,233.98,231.7, 0 
2021-01-13,232,234.51,234.95,231.71, 0 
2021-01-14,234.79,235.02,235.7,233.84, 0 
2021-01-15,234.1,233.49,234.59,231.91, 0 
2021-01-19,234.64,234.55,236.24,231.7, 0 
2021-01-20,234,234.76,235.2,233.24, 0 
2021-01-21,235.22,234.16,236.2,234.08, 0 
2021-01-22,232.5,232.92,233.83,232.21, 0 
2021-01-25,231.67,233.01,233.52,230.45, 0 
2021-01-26,233,231.57,233.5,231.33, 0 
2021-01-27,230,227.36,230,226.1, 0 
2021-01-28,229.76,230.95,233.51,228.16, 0 
2021-01-29,229.45,227.87,229.97,227.21, 0 
2021-02-01,229.97,229.32,230.5,228.04, 0 
2021-02-02,231.21,232.24,233.43,230.67, 0 
2021-02-03,232.4,232.68,233.16,231.28, 0 
2021-02-04,232.84,235.77,235.91,232.41, 0 
2021-02-05,236.98,235.16,236.98,234.83, 0 
2021-02-08,236,237.42,237.56,235.35, 0 
2021-02-09,237.07,239.91,240.78,235.66, 0 
2021-02-10,241.43,239.92,241.52,239.04, 0 
2021-02-11,239.36,239.76,240.44,238.88, 0 
2021-02-12,238.07,242.46,242.76,238.03, 0 
2021-02-16,244.14,245.28,247.26,242.82, 0 
2021-02-17,244.14,245.25,246.19,244, 0 
2021-02-18,244.73,243.5,245.49,241.67, 0 
2021-02-19,244.2,241.85,244.95,241.36, 0 
2021-02-22,240.89,244.97,245.98,240.8, 0 
2021-02-23,245.56,245.53,246.57,243.29, 0 
2021-02-24,245.15,248.45,249.55,245.15, 0 
2021-02-25,248.07,243.69,250.56,242.93, 0 
2021-02-26,245.15,240.51,245.15,240.25, 0 
2021-03-01,246.86,249.21,250.55,246.09, 0 
2021-03-02,249.12,249.22,251.34,248.37, 0 
2021-03-03,249.73,251.55,254.81,249.29, 0 
2021-03-04,251.08,245.48,252.55,243.23, 0 
2021-03-05,248.89,253.15,253.45,247.33, 0 
2021-03-08,255.6,257.61,260.23,253.73, 0 
2021-03-09,258.55,259.02,262.94,255.61, 0 
2021-03-10,260.3,263.99,267.5,259.64, 0 
2021-03-11,264.22,260.91,264.8,260.42, 0 
2021-03-12,262.4,260.02,264.65,259.67, 0 
2021-03-15,260.31,254.61,260.44,253.52, 0 
2021-03-16,254.53,251.5,254.53,249.82, 0 
2021-03-17,252.02,252,254.28,250.66, 0 
2021-03-18,253.76,252.46,255.64,251.38, 0 
2021-03-19,252.31,250.99,252.5,248.52, 0 
2021-03-22,250.6,250.36,251.67,248.86, 0 
2021-03-23,250.2,248.31,251.17,247.71, 0 
2021-03-24,249.55,249.63,251.89,248.5, 0 
2021-03-25,249.38,250.75,251.53,246.79, 0 
2021-03-26,252.75,256.77,257.39,252.42, 0 
2021-03-29,253.93,258.82,260.05,253.3, 0 
2021-03-30,259.94,258.19,261,257.24, 0 
2021-03-31,256.86,255.47,257.68,255.17, 0 
2021-04-01,255.74,258.2,258.47,254.8, 0 
2021-04-05,260.02,262.66,263.35,260, 0 
2021-04-06,262.86,263.06,263.34,261.94, 0 
2021-04-07,262.99,263.62,264.34,262.4, 0 
2021-04-08,262.72,263.51,263.93,261.91, 0 
2021-04-09,264.22,266.01,266.24,263.35, 0 
2021-04-12,266.53,267.93,268.34,266.53, 0 
2021-04-13,267.42,267.1,268.2,266.05, 0 
2021-04-14,267.31,267.53,268.44,267.15, 0 
2021-04-15,268.06,269.14,269.28,266.39, 0 
2021-04-16,270.47,272.11,272.97,270.11, 0 
2021-04-19,272.3,270.28,272.92,268.85, 0 
2021-04-20,268.53,267.89,269.31,266.8, 0 
2021-04-21,267.8,272.21,272.46,267.75, 0 
2021-04-22,272.04,269.51,272.08,268.78, 0 
2021-04-23,269.86,271.98,272.69,269.56, 0 
2021-04-26,272.28,270.86,273.98,270.63, 0 
2021-04-27,271.07,273.65,274.16,270.05, 0 
2021-04-28,273.54,272.95,273.96,272.13, 0 
2021-04-29,274.47,277.6,277.79,274.35, 0 
2021-04-30,276.29,274.95,277.41,274.21, 0 
2021-05-03,278.55,279.18,281.12,277.67, 0 
2021-05-04,278.54,280.26,280.8,276.78, 0 
2021-05-05,282.52,282.76,283.5,282.43, 0 
2021-05-06,284.69,289.71,290,284.05, 0 
2021-05-07,289.97,290.93,291.07,287.77, 0 
2021-05-10,292.35,292.33,295.08,292.07, 0 
2021-05-11,289.84,285.63,290.51,284.29, 0 
2021-05-12,285.46,282.91,286.12,282.55, 0 
2021-05-13,282.91,286.9,288.37,282.85, 0 
2021-05-14,288.67,290.68,291.38,288.67, 0 
2021-05-17,289.99,289.22,290.47,288.07, 0 
2021-05-18,290.2,287.59,290.31,287.24, 0 
2021-05-19,284.11,286.22,286.56,282.57, 0 
2021-05-20,288.41,286.73,289.14,285.9, 0 
2021-05-21,287.12,287.74,289.35,286.75, 0 
2021-05-24,289.11,289.73,290.41,287.91, 0 
2021-05-25,290.19,287.2,291.6,287.11, 0 
2021-05-26,289.64,287.33,289.64,285.75, 0 
2021-05-27,288.57,289.3,289.99,286.57, 0 
2021-05-28,289.68,289.44,290.46,288.23, 0 
2021-06-01,291.52,289.84,292.07,288.81, 0 
2021-06-02,290.85,290.02,290.9,289.22, 0 
2021-06-03,288.36,291.97,293.27,288.28, 0 
2021-06-04,292.91,292.52,293.08,291.45, 0 
2021-06-07,292.56,289.46,292.58,288.84, 0 
2021-06-08,289.18,289.19,289.9,285.7, 0 
2021-06-09,288.88,288.58,289.09,287.05, 0 
2021-06-10,289.88,284.91,290.81,284.68, 0 
2021-06-11,285.45,286.82,287.36,285.02, 0 
2021-06-14,286.66,283.53,286.85,281.52, 0 
2021-06-15,284.46,283.94,284.97,282.65, 0 
2021-06-16,283.73,283.11,284.8,281.08, 0 
2021-06-17,284.29,278.69,284.5,277.56, 0 
2021-06-18,276.5,274.04,276.98,272.46, 0 
2021-06-21,275.62,277.1,278.85,275.43, 0 
2021-06-22,277.57,276.92,277.71,275.93, 0 
2021-06-23,276.89,274.66,277,274.55, 0 
2021-06-24,275,275.49,276.58,274.05, 0 
2021-06-25,276.37,278.38,279.31,275.35, 0 
2021-06-28,278.82,276.61,279.06,275.6, 0 
2021-06-29,276.69,276.21,277.98,275.25, 0 
2021-06-30,275.89,277.92,278.44,275.66, 0 
2021-07-01,278.2,280.17,280.3,277.55, 0 
2021-07-02,281.41,279.12,281.41,278.57, 0 
2021-07-06,278.28,277.32,278.28,275.1, 0 
2021-07-07,275.99,279.24,279.69,275.8, 0 
2021-07-08,276.99,274.1,277.74,273.16, 0 
2021-07-09,276.03,280.49,280.88,275.74, 0 
2021-07-12,279.05,280.11,282.22,278.27, 0 
2021-07-13,280.11,279.21,280.41,278.36, 0 
2021-07-14,279.07,278.31,280.76,277.77, 0 
2021-07-15,277.13,279.72,280.64,277.09, 0 
2021-07-16,280.93,277.9,280.93,277.22, 0 
2021-07-19,274.21,272.66,275.5,270.73, 0 
2021-07-20,272.66,276.89,277.81,272, 0 
2021-07-21,277.64,279.88,280.92,277.63, 0 
2021-07-22,278.59,277.7,279.27,277.42, 0 
2021-07-23,279.05,278.49,279.92,277.74, 0 
2021-07-26,277.78,278.8,280.25,277.78, 0 
2021-07-27,278.07,280.78,281.09,276.91, 0 
2021-07-28,280.8,278.1,280.98,277.6, 0 
2021-07-29,279.29,279.76,281.24,279.08, 0 
2021-07-30,280.01,278.29,281.08,277.6, 0 
2021-08-02,279.31,278.14,281.98,277.73, 0 
2021-08-03,279.05,281.8,282.51,276.77, 0 
2021-08-04,280.17,278.78,280.92,278.64, 0 
2021-08-05,280.16,280.21,282,278.33, 0 
2021-08-06,281.82,285.63,285.83,281.5, 0 
2021-08-09,287.86,287.23,288.73,286.06, 0 
2021-08-10,287.01,288.94,289.06,286, 0 
2021-08-11,289.45,291.28,291.82,288.83, 0 
2021-08-12,291.81,290.24,291.81,288.93, 0 
2021-08-13,290.61,287.89,291.05,287.12, 0 
2021-08-16,287,289.45,289.49,285.21, 0 
2021-08-17,288.53,289.1,290.77,287.6, 0 
2021-08-18,289,286.36,290.07,285.95, 0 
2021-08-19,284.96,285.13,287.16,283.98, 0 
2021-08-20,284.96,285.27,285.92,283.95, 0 
2021-08-23,287.38,285.62,287.38,285.39, 0 
2021-08-24,286.01,286.02,286.58,284.18, 0 
2021-08-25,286.2,287.3,288.56,285.22, 0 
2021-08-26,288.16,285.27,288.17,284.99, 0 
2021-08-27,285.62,286.6,286.71,285.12, 0 
2021-08-30,286.3,285.66,287.04,285.02, 0 
2021-08-31,285.28,285.77,286.33,284.76, 0 
2021-09-01,286.59,285.26,287.14,284.85, 0 
2021-09-02,285.35,285.05,286.44,284.21, 0 
2021-09-03,284.3,281.89,284.82,281.71, 0 
2021-09-07,281.91,278.9,281.91,278.73, 0 
2021-09-08,278.18,279.34,279.95,277.59, 0 
2021-09-09,278.91,278.61,280.11,278.37, 0 
2021-09-10,279.97,277.6,279.97,277.49, 0 
2021-09-13,278.36,279.92,280.84,277.82, 0 
2021-09-14,280.54,277.2,280.78,276.36, 0 
2021-09-15,277.6,278.18,279.06,276.67, 0 
2021-09-16,278.96,277.51,279.21,276.21, 0 
2021-09-17,277.64,276.76,281,275.42, 0 
2021-09-20,273.05,274.2,274.91,271.36, 0 
2021-09-21,276.03,273.18,276.22,272.59, 0 
2021-09-22,276.28,274.07,276.61,273.67, 0 
2021-09-23,275.15,278.12,279.7,275.01, 0 
2021-09-24,278.3,277.87,279.13,277.41, 0 
2021-09-27,279.77,279.72,280.63,278.12, 0 
2021-09-28,279.14,276.79,281.38,275.82, 0 
2021-09-29,277.03,277.29,278.78,275.95, 0 
2021-09-30,278.37,272.94,278.37,272.84, 0 
2021-10-01,273.02,275.71,277.51,272.22, 0 
2021-10-04,274.68,273.64,276.96,273.05, 0 
2021-10-05,273.86,278.05,279.67,273.2, 0 
2021-10-06,276.28,280.22,280.39,274.61, 0 
2021-10-07,282.14,282.95,284.99,282.14, 0 
2021-10-08,282.59,284.14,284.72,281.71, 0 
2021-10-11,284.43,280.93,285.61,280.8, 0 
2021-10-12,281.46,278.62,281.52,278.22, 0 
2021-10-13,278.47,277.9,279.41,275.55, 0 
2021-10-14,280.81,281.64,282.38,279.3, 0 
2021-10-15,283.94,284.21,284.97,282.27, 0 
2021-10-18,282.83,282.59,283.51,281.57, 0 
2021-10-19,283.6,284.83,285.15,283.05, 0 
2021-10-20,284.34,287.49,287.7,284.32, 0 
2021-10-21,286.99,286.82,287.28,285.25, 0 
2021-10-22,287.66,289.24,289.8,286.24, 0 
2021-10-25,289.7,290.26,290.47,287.6, 0 
2021-10-26,290.65,290.85,292.22,290.3, 0 
2021-10-27,290.85,287.78,290.95,287.64, 0 
2021-10-28,288.21,289.72,289.86,287.2, 0 
2021-10-29,288.81,287.01,290,286.74, 0 
2021-11-01,288.05,286.24,288.42,285.62, 0 
2021-11-02,286.61,287.93,288.5,285.22, 0 
2021-11-03,287.21,288.72,288.88,286.13, 0 
2021-11-04,289.13,287.69,289.13,285.25, 0 
2021-11-05,288.83,287.88,290.7,286.82, 0 
2021-11-08,290,288.8,295.65,288.61, 0 
2021-11-09,288.79,286.35,288.99,285.3, 0 
2021-11-10,286.49,285.32,287.24,284.52, 0 
2021-11-11,286.5,284.65,287.07,284.25, 0 
2021-11-12,284.88,285.99,286.1,283.8, 0 
2021-11-15,286.6,284.67,286.99,284.24, 0 
2021-11-16,284.47,283.36,285.16,283.12, 0 
2021-11-17,283.12,281.59,283.12,280.9, 0 
2021-11-18,281.1,280.63,281.75,279.25, 0 
2021-11-19,280.96,279.99,280.97,278.01, 0 
2021-11-22,280.73,284.97,286.44,280.01, 0 
2021-11-23,285.15,288.56,288.73,285.05, 0 
2021-11-24,287.44,287.28,288.32,286.09, 0 
2021-11-26,280.28,283.09,284.71,279.76, 0 
2021-11-29,284,282.12,284.98,281.42, 0 
2021-11-30,279.94,276.69,280.2,275.89, 0 
2021-12-01,279.54,275,281.72,274.79, 0 
2021-12-02,276.68,279.09,280.37,275.29, 0 
2021-12-03,278.71,277.43,279.97,275.27, 0 
2021-12-06,278.73,281.38,283.17,278.73, 0 
2021-12-07,282.42,284.97,285.41,282.12, 0 
2021-12-08,284.97,283.72,285.97,282.28, 0 
2021-12-09,283.77,284.52,284.95,281.78, 0 
2021-12-10,285.49,288.23,288.5,284.23, 0 
2021-12-13,288.5,290.01,291.58,285.84, 0 
2021-12-14,289.67,295.03,296.41,289.67, 0 
2021-12-15,295.82,294.58,296.5,292.81, 0 
2021-12-16,296.88,300.17,301.58,295.1, 0 
2021-12-17,297.85,293.66,298,292.35, 0 
2021-12-20,290.78,289.61,291.58,287.59, 0 
2021-12-21,292.14,293.24,295.41,291.5, 0 
2021-12-22,292.86,294.41,294.57,291.74, 0 
2021-12-23,295.22,294.49,296.78,294.21, 0 
2021-12-27,295.25,296.67,296.69,294.46, 0 
2021-12-28,296.96,298.29,299.79,296.8, 0 
2021-12-29,299.23,299.46,300.65,298.86, 0 
2021-12-30,300.88,299.98,301.65,299.74, 0 
2021-12-31,299.94,299,300.69,298.84, 0 
2022-01-03,300.1,300.79,301.3,299.2, 356940100 
2022-01-04,301.65,308.53,309.21,301.65, 600301900 
2022-01-05,309.87,309.92,314.48,309.5, 688691100 
2022-01-06,312.98,313.22,314.11,310.22, 513635900 
2022-01-07,315.56,319.78,320.2,314.14, 561736300 
2022-01-10,321.4,318.93,322.1,315.12, 581211100 
2022-01-11,318.61,319.8,320,315.04, 424690100 
2022-01-12,320.62,320.39,321.05,317.26, 357787100 
2022-01-13,321,321.26,323.47,320.1, 427501900 
2022-01-14,318.87,324.13,324.41,316.5, 491563900 
2022-01-18,322.22,320.29,323.29,318.07, 576306100 
2022-01-19,321.35,314.75,321.35,314.58, 608425200 
2022-01-20,315.58,311.01,317.18,310.68, 439923200 
2022-01-21,309.99,305.22,311.02,304.14, 653366300 
2022-01-24,299.7,303.73,304.73,296.09, 850388900 
2022-01-25,301.87,307.19,309.13,294.81, 643383800 
2022-01-26,310.4,309.26,313.33,306.57, 611689500 
2022-01-27,311.7,307.67,315.92,305.31, 505224800 
2022-01-28,307.68,312.9,313.29,304.07, 523747100 
2022-01-31,312,313.02,313.3,307.84, 523645800 
2022-02-01,312.64,313.96,314.6,310.31, 434307500 
2022-02-02,313.57,319.6,320.16,313, 463117900 
2022-02-03,319.33,315.23,319.65,314.61, 415124500 
2022-02-04,315.87,314.99,317.84,312.7, 365220600 
2022-02-07,314.91,316.51,318.22,312.06, 312879800 
2022-02-08,318.27,321.44,322.65,316, 623712300 
2022-02-09,323.8,322.38,325.63,321.54, 377795900 
2022-02-10,320.99,319.85,322.46,318.49, 697995200 
2022-02-11,320.01,319.14,323.12,317.74, 749292200 
2022-02-14,319.61,314.28,320.43,312.17, 812797000 
2022-02-15,316.64,316.2,317.94,314.69, 368123300 
2022-02-16,315,315.65,316.9,314.28, 397191300 
2022-02-17,314.98,313.55,315.44,312.3, 362940600 
2022-02-18,313.83,314.8,315.68,313.08, 422559700 
2022-02-22,313.44,314.16,315.43,310.55, 509538800 
2022-02-23,316.08,309.99,316.8,309.38, 502812000 
2022-02-24,301.78,308.28,308.81,299.51, 883340100 
2022-02-25,311.16,319.24,321.43,310.78, 748393600 
2022-02-28,317.35,321.45,322,315.19, 798018200 
2022-03-01,320.26,316.84,321.2,313.59, 644028600 
2022-03-02,319.48,323.64,325.75,318.12, 450604200 
2022-03-03,326.63,327.74,329.47,323.89, 460267800 
2022-03-04,322.66,325.34,325.61,320.12, 490604000 
2022-03-07,325.68,322.72,326.44,320.35, 587930000 
2022-03-08,325.3,318.52,327.29,318.03, 7911576 
2022-03-09,326.59,325.4,327.47,322.58, 5879917 
2022-03-10,322.49,325.3,325.7,321.58, 3845454 
2022-03-11,326.53,326.6,331.49,326.23, 5137990 
2022-03-14,328.65,329.98,333.48,327.65, 5968947 
2022-03-15,332.7,332.55,334.58,329.38, 6931564 
2022-03-16,335.11,336.11,337.34,331.71, 5929896 
2022-03-17,337,344.97,345.13,336.2, 7226002 
2022-03-18,344.12,342.41,346.87,339.27, 8898508 
2022-03-21,344.99,349.66,351.21,344.3, 6309619 
2022-03-22,351.01,349.93,354.95,348.9, 5774373 
2022-03-23,349.13,348.16,350.79,346.25, 5644792 
2022-03-24,351.5,352.37,352.57,349.13, 3947297 
2022-03-25,353.9,358.76,359.01,353.6, 4586000 
2022-03-28,360.59,359.57,361.38,355.53, 4175531 
2022-03-29,361.39,355.12,362.1,352.55, 5006916 
2022-03-30,354.66,357.61,357.85,351.84, 3913799 
2022-03-31,359,352.91,360,352.32, 6069877 
2022-04-01,353.65,351.88,354.58,349.02, 4126275 
2022-04-04,352,345.43,352.24,344.31, 5105149 
2022-04-05,345.77,344.8,349.44,344.28, 4254963 
2022-04-06,341.17,344.71,346.97,340.55, 4548141 
2022-04-07,346.22,346.51,347.67,342.4, 3817645 
2022-04-08,348.93,353.1,353.85,347.73, 4495358 
2022-04-11,352.98,352.02,354.33,349.34, 3129900 
2022-04-12,352.26,349.74,354,348.39, 3550367 
2022-04-13,349.46,346.22,350.72,345.25, 3436791 
2022-04-14,346.16,344.33,347.56,344.14, 3285526 
2022-04-18,344.45,346.65,347.19,343.59, 2518356 
2022-04-19,347,348.5,349.13,345.85, 3393483 
2022-04-20,350,348.82,350.59,347.7, 3711620 
2022-04-21,350.86,343.6,350.86,342.96, 4034682 
2022-04-22,342.94,335.56,343.21,335.11, 4971203 
2022-04-25,332.3,336.95,337.85,328.53, 5981550 
2022-04-26,333.53,330.65,337.39,330.36, 4595483 
2022-04-27,330.6,329.58,333.14,328.43, 3727514 
2022-04-28,331.53,331.27,332.06,327.83, 3847727 
2022-04-29,330.19,322.83,330.64,320.5, 5688391 
2022-05-02,324.11,318.19,324.37,311.74, 6799512 
2022-05-03,319.42,318.99,323.58,317.67, 3875789 
2022-05-04,319.1,326.8,327.28,318, 4272974 
2022-05-05,325.85,318.68,325.85,315.16, 5265994 
2022-05-06,317.99,318.88,320.37,314.19, 4200043 
2022-05-09,315.35,312.96,316.92,311.56, 4884887 
2022-05-10,315.96,312.53,318.11,310.24, 4801061 
2022-05-11,313.17,311.54,317.55,311.01, 4258661 
2022-05-12,307.95,308.06,309.07,302.55, 5683356 
2022-05-13,311.25,310.36,312.47,307.9, 3771567 
2022-05-16,310.28,309.29,311.95,307.13, 3700581 
2022-05-17,315.21,314.6,315.44,312.1, 4159134 
2022-05-18,312.94,306.64,314.17,305.57, 4427683 
2022-05-19,303.93,304.15,306.31,301.21, 4743746 
2022-05-20,307.05,304.05,307.46,298.11, 5522056 
2022-05-23,307.38,310.2,312.44,306.62, 4146033 
2022-05-24,309.39,309.17,310.31,303.75, 3661630 
2022-05-25,308.59,308.64,310.99,305.92, 3706343 
2022-05-26,311.27,312.5,314.39,310.98, 4474454 
2022-05-27,314.73,319.11,319.24,314.15, 4282883 
2022-05-31,318.98,315.98,318.98,314.8, 5704635 
2022-06-01,316,312.21,316.79,309.61, 3796508 
2022-06-02,312.65,314.95,315.09,308.61, 3120233 
2022-06-03,312.5,310.94,313.8,310.4, 2588108 
2022-06-06,313.38,312.15,315.78,311.48, 2981314 
2022-06-07,310.58,313.65,313.79,309.39, 2551711 
2022-06-08,312.16,308.74,312.8,307.93, 2878967 
2022-06-09,308.1,300.8,308.38,300.57, 3221154 
2022-06-10,296.08,291.71,298,291.61, 5884900 
2022-06-13,285.43,281.56,287.43,280.1, 7115907 
2022-06-14,282.09,277.64,283.96,276.1, 5850444 
2022-06-15,281.16,278.93,282.5,273.87, 5827037 
2022-06-16,273.39,268.56,273.4,266.88, 7212687 
2022-06-17,268.39,268.08,270.5,265.68, 11615422 
2022-06-21,273.85,271.77,273.98,270.34, 4907077 
2022-06-22,267.38,269.79,273.4,267.38, 4225967 
2022-06-23,269.85,267.52,270.71,263.68, 4732399 
2022-06-24,268.97,278.28,279.67,268.57, 6454976 
2022-06-27,280.53,278.4,282.03,277.61, 4136747 
2022-06-28,280.51,273.86,282.45,273.68, 4018337 
2022-06-29,274.95,273.49,275.94,272.97, 3010168 
2022-06-30,270.51,273.02,274.92,268.68, 4625535 
2022-07-01,272.5,277.5,278.4,271.63, 3668568 
2022-07-05,274.2,275.69,275.86,271.39, 3677878 
2022-07-06,274.84,275.65,277.51,272.87, 3034444 
2022-07-07,277.5,279.28,279.59,277.1, 3952851 
2022-07-08,279.79,280.83,282.61,279.25, 2985777 
2022-07-11,279.38,278.51,281.46,277.87, 2865411 
2022-07-12,277.57,277.28,282.18,276.66, 3033742 
2022-07-13,275.37,277.47,280.09,274.45, 4199491 
2022-07-14,273,274.41,275.35,271.2, 3889463 
2022-07-15,277.53,278.48,280,276.06, 4548506 
2022-07-18,281.5,276.26,281.5,275.21, 3274902 
2022-07-19,279,283.55,284.08,278.17, 3591904 
2022-07-20,284.64,286.04,286.44,283.9, 3879170 
2022-07-21,287,286.85,287.24,282.09, 3700275 
2022-07-22,288.1,285.93,289.4,283.62, 2877341 
2022-07-25,287.21,287.99,289.07,285.15, 3138226 
2022-07-26,287.79,285.31,288.71,284.65, 2513418 
2022-07-27,287.67,290.3,291.56,285.7, 3616585 
2022-07-28,291.18,293.9,294.03,286.77, 3991272 
2022-07-29,297.42,300.6,302.4,295.43, 6983576 
2022-08-01,299.7,295.86,299.7,294.83, 4196074 
2022-08-02,294.87,292.17,295.53,291.92, 3168448 
2022-08-03,295.05,294.96,295.88,291.1, 4062173 
2022-08-04,294.73,292.91,295.98,292.62, 3949668 
2022-08-05,291.87,292.07,294.1,290.43, 3397499 
2022-08-08,294.87,292.34,299.33,292.27, 3969779 
2022-08-09,293.35,292.77,297.57,291.93, 3873083 
2022-08-10,296.48,295.11,296.93,294.1, 3708840 
2022-08-11,298,296.47,299.06,296.12, 3146890 
2022-08-12,297.9,301.55,301.69,297, 3233809 
2022-08-15,298.64,302.82,303.76,297.4, 2929312 
2022-08-16,304.99,306.65,308.15,303.76, 3344335 
2022-08-17,305.22,304.26,306.89,302.74, 2963923 
2022-08-18,304.44,304.27,304.57,301.55, 2783620 
2022-08-19,302.95,297.28,303.22,296.81, 4617015 
2022-08-22,294,288.69,294.47,287.86, 4716455 
2022-08-23,288.85,289.65,291.64,288.15, 2596728 
2022-08-24,290,293.52,294,289.46, 3266775 
2022-08-25,293.71,298.13,298.48,292.83, 3465799 
2022-08-26,299.41,289.96,299.63,289.65, 5280739 
2022-08-29,288.4,287.45,289.83,285.75, 3101174 
2022-08-30,288.72,285.42,289.32,284.77, 3227458 
2022-08-31,287.25,280.8,288.01,280.44, 5007109 
2022-09-01,279.95,282.43,282.68,277.31, 3767438 
2022-09-02,284.84,277.67,285.42,276.37, 3796304 
2022-09-06,278.01,276.59,279.49,275.36, 4363702 
2022-09-07,275.74,281.04,281.74,275.42, 3511375 
2022-09-08,278.58,283.34,283.4,277.29, 3543267 
2022-09-09,284.54,285.77,287.02,284.13, 3128967 
2022-09-12,286.7,288.51,289.24,286.03, 3410683 
2022-09-13,283.99,278.29,285.14,277.5, 4586374 
2022-09-14,279,278.42,280.21,275.64, 3721356 
2022-09-15,278.69,276.7,281.27,276.36, 3279225 
2022-09-16,275.35,274.81,276.38,273.26, 7289900 
2022-09-19,272.79,278.95,279.13,272.72, 3292287 
2022-09-20,277.17,277.13,278.04,274.61, 3278187 
2022-09-21,278.9,270.74,278.92,270.72, 3956232 
2022-09-22,271.03,268.51,271.5,268.27, 4122179 
2022-09-23,266.01,267.77,268.14,264.24, 5176838 
2022-09-26,265.82,264.32,267.84,263.37, 4929897 
2022-09-27,266.99,265.47,267.93,261.55, 5768879 
2022-09-28,265.65,271.78,273.6,264.91, 5942582 
2022-09-29,269.89,269.58,272.17,265.59, 5211637 
2022-09-30,269.21,267.02,272.94,266.6, 6059434 
2022-10-03,269.52,272.8,274.57,267.16, 4903523 
2022-10-04,277.42,280.49,281.3,276.6, 4636293 
2022-10-05,276.87,279.36,280.88,275.84, 3351571 
2022-10-06,278.2,276.31,279.85,275.9, 3396390 
2022-10-07,274.44,269.04,274.5,267.48, 4273211 
2022-10-10,269.89,266.93,270.22,265.86, 3108090 
2022-10-11,266.1,267.31,270.97,265.61, 3443003 
2022-10-12,267.31,264,267.52,263.96, 3345004 
2022-10-13,260.58,275.78,276.78,259.85, 5485173 
2022-10-14,277.59,272.67,279.22,271.97, 4292818 
2022-10-17,276.48,277.02,278.59,275.3, 4455948 
2022-10-18,282.74,281.67,283.36,279.25, 4294758 
2022-10-19,280.33,278.34,282.38,276.97, 3215800 
2022-10-20,278.07,273.53,279.44,273, 3918510 
2022-10-21,273.76,282.51,282.92,271.46, 4996771 
2022-10-24,284.1,287.48,289.34,283.99, 3862212 
2022-10-25,288.77,289.24,289.87,286.88, 3175402 
2022-10-26,289.75,288.52,291.8,287.68, 3295328 
2022-10-27,290.31,289.88,294,288.85, 4275741 
2022-10-28,292.77,299.63,299.98,291.48, 4629639 
2022-10-31,297.98,295.09,298.89,294.85, 4627809 
2022-11-01,298.45,294.13,298.87,293.04, 3838233 
2022-11-02,293.04,289.46,298.26,289.42, 4274735 
2022-11-03,286.02,283.85,287.47,283.46, 3126390 
2022-11-04,286.77,287.47,289.2,282.38, 3709955 
2022-11-07,290.92,290.19,292.1,288.65, 3524850 
2022-11-08,291.11,292.61,294.74,289.01, 3563780 
2022-11-09,291.98,288.65,292.4,288.06, 2760166 
2022-11-10,297.11,303.2,303.5,294.54, 5695773 
2022-11-11,305.56,309.72,311.33,302.6, 6572828 
2022-11-14,310,308.91,311.84,308.84, 4639814 
2022-11-15,313.67,309.98,313.89,307.18, 4373585 
2022-11-16,310.93,308.76,311.55,306.74, 2971379 
2022-11-17,305.7,307.44,307.62,304.15, 3064676 
2022-11-18,310.55,310.76,311.2,308.62, 3397072 
2022-11-21,310.81,311.2,312.9,308.58, 2863030 
2022-11-22,313,315.76,316.56,312.05, 3172808 
2022-11-23,315.39,316.18,316.43,314.07, 2685619 
2022-11-25,317.52,317.43,319.12,316.18, 1844916 
2022-11-28,316.25,313.27,317.64,312.33, 4232097 
2022-11-29,311.89,315.13,315.29,311.35, 3742168 
2022-11-30,315.13,318.6,318.6,308.7, 7924360 
2022-12-01,319,315.84,319.56,313.3, 4354849 
2022-12-02,313.49,316.15,316.38,312.75, 3026517 
2022-12-05,315.22,310.57,315.66,308.73, 3836532 
2022-12-06,309.95,307.78,310.29,306.35, 3877585 
2022-12-07,307.07,305.82,309.38,304.92, 4132430 
2022-12-08,306,305.99,307.49,305.09, 2353269 
2022-12-09,305.32,306.39,308.34,304.71, 3327110 
2022-12-12,307.55,311.45,311.91,305.46, 4367987 
2022-12-13,318.4,312.33,318.91,310.82, 5043156 
2022-12-14,312.74,309.29,316.36,308.4, 4057911 
2022-12-15,306.43,301.91,306.96,299.45, 5107189 
2022-12-16,299.05,300,302.47,297.76, 8308365 
2022-12-19,300.51,300.03,301.48,297.15, 3842880 
2022-12-20,300.09,302,304.19,297, 3091869 
2022-12-21,304.38,307.82,308.54,304.16, 3265614 
2022-12-22,306.1,302.69,306.5,297.64, 3560763 
2022-12-23,302.88,306.49,306.57,300.93, 2460858 
2022-12-27,306.45,305.55,308.58,304.65, 2731731 
2022-12-28,304.77,303.43,307.46,303.26, 2628685 
2022-12-29,305.94,309.06,309.38,305.24, 2848063 
2022-12-30,306.95,308.9,309.04,305.62, 3298865 
2023-01-03,310.07,309.91,312.39,307.38, 3551418 
2023-01-04,312,314.55,316.89,311.25, 5122121 
2023-01-05,313.57,312.9,314.23,310, 3418149 
2023-01-06,315,318.69,320.16,313.38, 3648810 
2023-01-09,319.02,315.53,320.5,314.75, 4399047 
2023-01-10,315,316.35,316.8,313.34, 3050322 
2023-01-11,318.52,320.37,320.57,316.6, 3001242 
2023-01-12,321.15,318.93,321.32,317.72, 3075151 
2023-01-13,317.49,317.64,318.42,315.79, 2773650 
2023-01-17,318.4,314.86,318.52,314.25, 3479442 
2023-01-18,315,308.3,315.54,307.75, 3408726 
2023-01-19,306.12,305.23,307.24,303.86, 3615144 
2023-01-20,305.21,309.87,310.01,304.36, 3772210 
2023-01-23,309.63,310.42,312.73,306.85, 3088133 
2023-01-24,309.3,311.3,312.83,307.5, 2234333 
2023-01-25,308.33,311.9,312.55,307.71, 2300785 
2023-01-26,312.99,310.95,313.68,309.58, 2858754 
2023-01-27,309.79,309.17,311.73,308.34, 3034223 
2023-01-30,307.6,307.33,309.51,306.81, 3475781 
2023-01-31,307.74,311.52,311.86,305.79, 3655334 
2023-02-01,309.63,310.57,312.67,306.38, 3520304 
2023-02-02,312.35,311.86,312.6,308.3, 4430266 
2023-02-03,311,308.51,311.55,305.92, 5387548 
2023-02-06,308.25,308.43,308.8,305.6, 2980217 
2023-02-07,307.3,312.97,314.15,306.63, 3788007 
2023-02-08,311.12,308.48,313.41,308.01, 3370587 
2023-02-09,310.17,307.21,311.42,306.99, 3462603 
2023-02-10,307.08,309.89,309.98,305.28, 2811155 
2023-02-13,310.3,313.74,313.74,309.62, 3261952 
2023-02-14,313.78,310.79,314.1,309.04, 2908849 
2023-02-15,309.98,309.63,310.37,308.28, 2411819 
2023-02-16,307.58,308.18,310.2,306.87, 2803844 
2023-02-17,307.15,308.24,308.41,305.48, 2721407 
2023-02-21,306.17,302.72,307.3,300.5, 4131732 
2023-02-22,303.2,303.16,305.28,301.77, 2900326 
2023-02-23,305.01,303.07,305.56,300.25, 2739656 
2023-02-24,300.4,304.02,305.62,300.01, 3659339 
2023-02-27,304.37,304.66,305.78,302.01, 3652907 
2023-02-28,304.89,305.18,306.15,303.41, 4737739 
2023-03-01,304.02,304.62,305.62,302.08, 3400537 
2023-03-02,303.66,307.75,308.1,301.45, 3153781 
2023-03-03,309.56,312.45,312.66,308.5, 4493702 
2023-03-06,312.82,316.97,317.29,312.43, 4892345 
2023-03-07,316.39,311.12,316.5,310.23, 3610304 
2023-03-08,310.72,311.37,312.68,309.25, 2706760 
2023-03-09,311,304.82,313.18,303.94, 3934324 
2023-03-10,302.95,303.63,306.72,301.92, 5297790 
2023-03-13,301.75,302.88,306.59,300.76, 4993820 
2023-03-14,306.92,305.33,307.55,301.68, 5255174 
2023-03-15,300.02,297.88,300.55,294.9, 7165298 
2023-03-16,296.37,302.01,304.43,295.36, 6327578 
2023-03-17,301.3,293.51,301.3,292.42, 15611270 
2023-03-20,295.57,301.06,301.51,295.06, 6059923 
2023-03-21,304.56,303.85,305.63,302.25, 4725100 
2023-03-22,303.72,299.73,307.05,299.65, 3089313 
2023-03-23,301.39,298.37,302.08,296.3, 4016197 
2023-03-24,294.68,298.92,299.5,293.39, 3905988 
2023-03-27,300.88,302.14,303.21,298.97, 3835260 
2023-03-28,301.93,302.32,302.72,300.59, 2437683 
2023-03-29,304.8,305.3,305.38,303.36, 2651414 
2023-03-30,307.09,305.08,307.47,302.58, 2694985 
2023-03-31,305.9,308.77,308.81,304.99, 5022204 
2023-04-03,309.25,310.31,311.5,308.24, 4863537 
2023-04-04,310.76,309.07,311,307.07, 2740754 
2023-04-05,307.85,310.39,311.07,307.85, 2314853 
2023-04-06,309.82,312.51,313.22,309.05, 3132148 
2023-04-10,311.41,312.62,313.7,310.34, 2331743 
2023-04-11,312.56,313.7,315.94,311.77, 3109850 
2023-04-12,315.97,314.55,316.92,313.72, 2663461 
2023-04-13,315.27,318.05,318.81,313.26, 3325989 
2023-04-14,318.89,319.74,321.88,318.12, 2976417 
2023-04-17,320.2,323.79,323.98,319, 3426342 
2023-04-18,324.95,324.63,325.72,322.5, 3582623 
2023-04-19,323.85,323.09,324.55,322.76, 2410917 
2023-04-20,322.2,323.82,324.37,321.32, 2429179 
2023-04-21,322.36,324.33,324.85,321.61, 2405869 
2023-04-24,324.43,326.05,326.4,324.3, 2262391 
2023-04-25,325.99,324.34,327.1,324.11, 2554381 
2023-04-26,323.31,320.53,323.74,319, 2721238 
2023-04-27,322.86,326.23,326.91,322.11, 2951130 
2023-04-28,325.44,328.55,328.81,325.19, 2912387 
2023-05-01,329.16,330.17,331.84,328.57, 2465391 
2023-05-02,330.15,325.86,330.25,322.76, 3369713 
2023-05-03,327.13,323.22,328.07,323.06, 2660456 
2023-05-04,323.44,320,325.99,317.41, 3194768 
2023-05-05,323.36,323.88,325.16,322.62, 3876299 
2023-05-08,328.26,326.14,330.69,325.79, 3303393 
2023-05-09,324.87,324.87,326.88,323.48, 2285924 
2023-05-10,326.08,322.99,326.16,320.15, 2641134 
2023-05-11,321,322.64,322.96,319.81, 2549339 
2023-05-12,323.82,322.49,324.24,320.54, 1938264 
2023-05-15,322.89,323.53,323.83,320.13, 2191609 
2023-05-16,322.46,323.75,324.69,322.36, 2139996 
2023-05-17,325.02,327.39,328.26,324.82, 3047626 
2023-05-18,326.87,329.76,329.98,325.85, 2808329 
2023-05-19,331,330.39,333.94,329.12, 4323538 
2023-05-22,330.75,329.13,331.49,328.35, 2763422 
2023-05-23,328.19,323.11,329.27,322.97, 4031342 
2023-05-24,322.71,320.2,323,319.56, 3075393 
2023-05-25,320.56,319.02,320.56,317.71, 4251935 
2023-05-26,320.44,320.6,322.63,319.67, 3229873 
2023-05-30,321.86,322.19,322.47,319, 3232461 
2023-05-31,321.12,321.08,322.41,319.39, 6175417 
2023-06-01,321.42,323.12,323.22,319.53, 3377699 
2023-06-02,325.16,329.48,330.67,324.42, 3962988 
2023-06-05,330.89,328.58,330.89,327.57, 3092174 
2023-06-06,329.04,333.41,334.16,328.68, 3183994 
2023-06-07,334.01,335.42,335.82,331.43, 3730381 
2023-06-08,335.49,335.95,336.32,334.1, 2759715 
2023-06-09,335.76,335.29,337.59,334.92, 2619487 
2023-06-12,335.16,333.6,335.35,332.22, 2874530 
2023-06-13,333.22,336.39,336.62,332.2, 2953682 
2023-06-14,337.22,335.9,340.38,334.09, 5167308 
2023-06-15,335.97,339.82,341.68,335.54, 4116957 
2023-06-16,341.02,338.31,341.3,337.66, 8487204 
2023-06-20,338.15,338.67,339.28,336.62, 3752659 
2023-06-21,337.3,338.61,341.35,336.37, 4507761 
2023-06-22,338.84,336.96,338.85,335.66, 3304552 
2023-06-23,335.1,335.25,337.47,334.19, 4453846 
2023-06-26,335.17,334.12,335.83,331.84, 3221884 
2023-06-27,334.39,335.34,336.73,334.37, 2626698 
2023-06-28,336.05,334.15,336.4,332.61, 3216531 
2023-06-29,334.26,336.91,337.01,334.14, 2499138 
2023-06-30,338.78,341,342.5,338.4, 4522066 
2023-07-03,340.75,342,342.08,338.41, 2047440 
2023-07-05,340.05,341.56,341.89,338.7, 2875644 
2023-07-06,339.75,341.46,341.8,338.91, 2550399 
2023-07-07,340.52,340.9,344.07,340.39, 2942066 
2023-07-10,340.48,341.13,343.48,339.87, 2966941 
2023-07-11,341.23,343.37,343.84,340.93, 2755374 
2023-07-12,345.29,345.35,346.44,344.31, 2899407 
2023-07-13,345.6,343.54,346.21,343.45, 2833854 
2023-07-14,344.99,341.09,345,340.51, 2675172 
2023-07-17,341.09,344.25,345.72,341.09, 2361019 
2023-07-18,344.05,345.34,347.25,343.54, 2569008 
2023-07-19,344.21,342.43,345.38,341.99, 3037697 
2023-07-20,343.09,346.61,346.79,342.85, 3147635 
2023-07-21,346.76,345.76,347.62,345.1, 3302140 
2023-07-24,346.77,349.63,351.19,346.28, 3270037 
2023-07-25,349.32,347.58,349.66,345.54, 3016291 
2023-07-26,347.56,349.8,351.09,347.52, 2684530 
2023-07-27,350.69,349.31,351.27,348.6, 2712061 
2023-07-28,349.93,349.81,351,348.32, 2473823 
2023-07-31,350.73,351.96,352.33,350.21, 2622162 
2023-08-01,352.03,352.26,353.42,351.25, 2296703 
2023-08-02,351.45,351.19,352.89,349.69, 3088573 
2023-08-03,350.29,353.81,354.47,349.42, 2943675 
2023-08-04,353.99,349.99,355.11,349.39, 2843922 
2023-08-07,355.73,362.58,364.63,355.15, 5385741 
2023-08-08,359.42,363.73,364.25,358.85, 3430319 
2023-08-09,364.2,358.02,364.43,356.06, 4425837 
2023-08-10,359.36,356.98,362.35,355.92, 3099505 
2023-08-11,356.26,358.35,359.25,353.2, 2476339 
2023-08-14,358.25,358.48,358.95,356.81, 1991973 
2023-08-15,357,354.5,357.92,353.67, 2866087 
2023-08-16,354.6,354.11,358.72,353.38, 2196921 
2023-08-17,354.01,353.19,356.3,351.88, 2851173 
2023-08-18,351.47,352.56,354.3,351.25, 2870910 
2023-08-21,354.09,352.09,354.18,349.61, 2543100 
2023-08-22,353.01,350.57,353.5,349.66, 2366926 
2023-08-23,351.63,354.26,354.32,351.54, 2241066 
2023-08-24,354.35,354.3,357.23,354.13, 2526601 
2023-08-25,354.99,355.93,357.35,352.92, 2137549 
2023-08-28,357.89,355.55,358.41,354.53, 1729035 
2023-08-29,355.04,358.29,358.59,354.01, 2286942 
2023-08-30,358.63,361.06,362.68,358.6, 3063438 
2023-08-31,362.18,360.2,362.47,359.25, 2845092 
2023-09-01,362,362.46,363.39,360.6, 2638297 
2023-09-05,363.88,360.47,366.47,360, 2977246 
2023-09-06,360.02,361.67,362.8,359.26, 2656676 
2023-09-07,360.96,361.8,363.3,360.87, 3264576 
2023-09-08,362.52,363.15,364.83,361.77, 3022938 
2023-09-11,364.87,365.52,366.61,364.51, 2926680 
2023-09-12,365.65,367.78,370.43,365.47, 2901774 
2023-09-13,369.33,367.82,370.84,365.97, 3265928 
2023-09-14,370.1,369.5,370.22,368.26, 3677865 
2023-09-15,368.52,367.86,370.2,367.52, 11615119 
2023-09-18,369.33,370.43,371.33,367.79, 3131548 
2023-09-19,371.64,370.48,373.34,368.46, 2606955 
2023-09-20,371.33,366.82,371.34,366.73, 2272080 
2023-09-21,366.56,363.28,367.2,362.94, 3179013 
2023-09-22,362.78,360.16,363.42,359.76, 3970107 
2023-09-25,359.01,361.71,361.89,357.27, 2561880 
2023-09-26,359.8,359.42,360.79,357.95, 3070751 
2023-09-27,360.01,357.78,360.52,354.27, 3537042 
2023-09-28,357.8,357.06,359.47,356.67, 2734400 
2023-09-29,357.3,350.3,357.5,348.55, 4935674 
2023-10-02,349.64,348.08,350,345.41, 3529125 
2023-10-03,347.39,343.04,348.24,342.13, 3153221 
2023-10-04,342.92,343.69,344.01,339.51, 3245444 
2023-10-05,343.7,345.06,345.94,342.37, 3029114 
2023-10-06,344.1,346.34,348.76,341.86, 3176158 
2023-10-09,344.24,345.45,345.9,342.83, 2763106 
2023-10-10,347,348.56,349.51,345.5, 2859909 
2023-10-11,349.38,348.43,349.6,344.92, 2621414 
2023-10-12,348.21,345.66,348.66,343.02, 2678343 
2023-10-13,346,345.09,348.44,343.88, 2805970 
2023-10-16,348,346.23,349.94,345.83, 3120530 
2023-10-17,346.18,345.39,348.41,344.15, 2999308 
2023-10-18,344.72,340.89,344.83,339.96, 2978004 
2023-10-19,340.31,338.66,342.69,338.45, 2745685 
2023-10-20,338.15,335.86,340,334.35, 3472804 
2023-10-23,334.07,336.84,338.88,333.49, 2795170 
2023-10-24,338.18,338.63,339.85,337.77, 2356386 
2023-10-25,338.59,336.9,339.62,336.55, 2624711 
2023-10-26,337.07,336.16,338.32,335.46, 2687088 
2023-10-27,336.12,331.71,336.19,330.58, 3608823 
2023-10-30,332.96,337.41,338.36,332.18, 2635839 
2023-10-31,337.95,341.33,341.49,337.5, 3067894 
2023-11-01,341.21,343.75,345.33,340.58, 2790593 
2023-11-02,346.39,349.02,349.39,344.5, 3437737 
2023-11-03,350.17,351.81,354.35,349.79, 4410901 
2023-11-06,354.03,346.63,354.03,344.06, 5489338 
2023-11-07,346.81,346.17,346.95,344.3, 3063822 
2023-11-08,346.85,346.3,348,344.69, 2604356 
2023-11-09,347.64,348.18,350.11,346.88, 3054272 
2023-11-10,349.6,350.56,351.2,348.6, 3702339 
2023-11-13,350.09,350.01,350.65,348.81, 2196921 
2023-11-14,352.52,354.25,355.95,351.25, 3388316 
2023-11-15,355.02,356.79,357.31,354.48, 3577350 
2023-11-16,357.79,359.86,360,357.23, 2830358 
2023-11-17,360.47,358.93,360.56,358.07, 3260955 
2023-11-20,359.35,361.33,362.61,358.18, 3219051 
2023-11-21,360.58,361,363.03,360.25, 2919342 
2023-11-22,361.76,361.8,362.46,360.05, 2110602 
2023-11-24,362.51,362.68,363.19,361.24, 1281978 
2023-11-27,362.64,361.34,362.64,359.58, 2583674 
2023-11-28,361.55,360.05,362.12,359.21, 2958540 
2023-11-29,360.95,358.69,361.52,358.3, 3141450 
2023-11-30,359.45,360,360.43,358.42, 4607404 
2023-12-01,359.94,357.07,360.24,355.3, 4706958 
2023-12-04,355.91,356.66,357.83,353.79, 3054245 
2023-12-05,355.23,355.03,356.6,352.29, 3281046 
2023-12-06,356.15,352.38,357.45,351.89, 3040448 
2023-12-07,352,352.7,353.02,350.85, 2833348 
2023-12-08,353,353.08,353.67,351.02, 3289270 
2023-12-11,355,357.06,357.49,354.21, 3111595 
2023-12-12,357.9,360.02,360.41,356.76, 3193023 
2023-12-13,360.19,362.03,362.15,359.04, 3161868 
2023-12-14,364.05,358.12,364.05,356.38, 5516384 
2023-12-15,357.63,356.5,358,354.2, 8579201 
2023-12-18,357.42,359.65,361.14,357, 4527792 
2023-12-19,360.15,361.8,362.55,359.09, 3085367 
2023-12-20,361.52,355.35,361.66,355.12, 3930397 
2023-12-21,356.02,356.14,357.2,353.63, 2852723 
2023-12-22,356.5,356.47,358.26,355.41, 2333775 
2023-12-26,356.9,356.83,357.77,356.08, 1965105 
2023-12-27,355.93,356.95,357.08,355.5, 2478787 
2023-12-28,357.48,357.57,358.68,356.73, 2742792 
2023-12-29,357.56,356.66,357.86,355.31, 3270014 
2024-01-02,356.32,362.46,362.57,355.94, 4740903 
2024-01-03,362.08,366.75,367.85,361.07, 4322822 
2024-01-04,367.41,363.68,369.37,363.41, 4144302 
2024-01-05,364.83,365.59,366.3,364.19, 2965666 
2024-01-08,366.01,368.18,368.3,364.2, 3454065 
2024-01-09,368,366.9,368,364.77, 2999607 
2024-01-10,366.26,367.92,368.83,365.75, 2448737 
2024-01-11,367.81,363.34,367.89,362.13, 3579713 
2024-01-12,366.51,363.62,366.85,362.57, 2623907 
2024-01-16,362.94,361.1,363.6,359.89, 3047780 
2024-01-17,359.01,359.29,362.53,357.98, 2551707 
2024-01-18,359.25,362.38,362.64,358.3, 3008442 
2024-01-19,362.25,366.99,368.31,361.02, 4092548 
2024-01-22,368.05,368.06,369.27,366.53, 3558313 
2024-01-23,368.02,372.14,372.42,367.71, 2900467 
2024-01-24,372.53,376.59,377.79,372.03, 4594038 
2024-01-25,379.24,380.85,380.99,377.89, 4059189 
2024-01-26,381.05,385.4,385.73,380, 3624361 
2024-01-29,385.49,383.18,385.7,379.17, 3799251 
2024-01-30,383.24,387.15,387.64,380.08, 3094226 
2024-01-31,386.53,383.74,387.92,383.55, 3857684 
2024-02-01,384,386.44,386.55,381.48, 2949959 
2024-02-02,386.68,390.75,392.07,386.44, 3808499 
2024-02-05,389.95,390.76,393.37,389.29, 3653265 
2024-02-06,390.29,393.74,393.93,390, 2574602 
2024-02-07,394.6,397.66,399.15,394.36, 3429024 
2024-02-08,397.22,397.49,398.65,394.85, 3359311 
2024-02-09,397.31,398.36,398.36,395.82, 2510146 
2024-02-12,398.65,397.71,399.48,396.19, 2820408 
2024-02-13,397.18,394.8,399.71,392.1, 3459672 
2024-02-14,395.15,398.68,398.86,393.55, 2670953 
2024-02-15,399.14,403.45,404.27,398.3, 3076698 
2024-02-16,404.44,405.99,406.74,402.59, 3533386 
2024-02-20,406.47,407.15,411.11,406.06, 3534163 
2024-02-21,408.26,409.25,409.48,406.7, 2720475 
2024-02-22,411.3,415.16,416.26,411, 3697494 
2024-02-23,417.68,417.22,420.56,416.52, 4025164 
2024-02-26,422,409.14,430,408.85, 7446190 
2024-02-27,409.21,408.91,409.96,401.71, 4610892 
2024-02-28,408.5,412.14,414.67,407.71, 4069203 
2024-02-29,413.1,409.4,413.79,408.38, 4849104 
2024-03-01,409.48,407.11,410.39,405.45, 3284244 
2024-03-04,405,403.39,405.95,401.43, 4183800 
2024-03-05,402.55,400.74,403.33,398.78, 4714395 
2024-03-06,402.18,403.96,407.44,401.7, 3842562 
2024-03-07,406.11,402.39,406.4,399.57, 4187608 
2024-03-08,401.08,403.15,403.36,400.01, 3417859 
2024-03-11,403.3,404.76,405.01,402.74, 2438383 
2024-03-12,406.78,404.98,407.2,404.1, 2620804 
2024-03-13,405.3,408.13,409,404.15, 3586358 
2024-03-14,409.08,406.73,409.08,403.34, 3739644 
2024-03-15,404.27,408.13,408.46,402.5, 7557843 
2024-03-18,408.7,408.41,410.6,406, 3778561 
2024-03-19,409.08,411.76,412.19,408.09, 2804025 
2024-03-20,412.02,416.11,416.31,411.55, 2935528 
2024-03-21,416.7,413.78,417.83,413.51, 3402874 
2024-03-22,413,411.6,414.35,411.4, 3000546 
2024-03-25,410.67,409.92,411.07,408.92, 2808910 
2024-03-26,410,411.57,412.66,408.6, 2936406 
2024-03-27,413.65,416.93,417.21,413.4, 2929158 
2024-03-28,417.8,420.52,421.44,415.85, 4378770 
2024-04-01,421.49,420.2,421.66,417.81, 2718872 
2024-04-02,419.75,418.92,421.01,418.09, 3175139 
2024-04-03,419,420.24,421.91,418.52, 2742174 
2024-04-04,423.84,415.32,424.52,414.55, 3802994 
2024-04-05,416.56,418.62,419.27,415.41, 2739587 
2024-04-08,418.32,415.97,418.57,415.63, 2486651 
2024-04-09,416.58,414.69,417.32,412.12, 2234137 
2024-04-10,412.74,409.11,413.56,407.53, 3125230 
2024-04-11,408.4,407.61,411.15,404.05, 2891952 
2024-04-12,405,403.26,407.21,401.44, 3469707 
2024-04-15,406.99,400.26,409.06,399.86, 3004477 
2024-04-16,400.97,396.92,401.25,396.5, 3438078 
2024-04-17,398.94,397.74,399.28,395.66, 2466391 
2024-04-18,399.7,399.89,402.99,399.1, 2672415 
2024-04-19,401.04,405.08,405.57,400.17, 3999913 
2024-04-22,406.84,408.78,411.35,406.25, 2981614 
2024-04-23,410.25,408.74,410.72,405.64, 2288595 
2024-04-24,407.1,405.95,407.62,403.88, 2508495 
2024-04-25,404.85,404.91,406.14,400.35, 2676009 
2024-04-26,403.92,402.1,404.75,401.41, 3025406 
2024-04-29,402.66,400.96,404.87,400.08, 2365421 
2024-04-30,400.58,396.73,400.6,396.37, 3074765 
2024-05-01,396.61,398.58,402.32,396.35, 2606198 
2024-05-02,401,400.6,401.56,397.88, 2679740 
2024-05-03,404.5,400.87,404.5,399.21, 4130994 
2024-05-06,403.96,404.92,405.15,399.26, 3920908 
2024-05-07,406.93,406.14,407.26,403.61, 3085702 
2024-05-08,406.47,406.37,407.23,403.75, 2399639 
2024-05-09,406.25,408.82,408.87,405.46, 2358862 
2024-05-10,409.85,412.05,412.38,409.2, 3087837 
2024-05-13,414.06,411.22,414.3,410.19, 2711154 
2024-05-14,410.45,410.24,411.56,408.17, 2674407 
2024-05-15,410.51,412.76,413.4,410.1, 2857594 
2024-05-16,413.8,413.12,416.34,412.91, 3550693 
2024-05-17,413.98,416.94,417.33,413.7, 2990028 
2024-05-20,417.04,413,417.28,412.62, 3292715 
2024-05-21,413.59,414.37,415.7,412.56, 2740759 
2024-05-22,414.95,413.99,417.26,412.96, 2673507 
2024-05-23,413.25,405.88,413.25,404.87, 3398121 
2024-05-24,406.9,407.41,407.96,405.5, 2068921 
2024-05-28,408.24,403.9,408.24,401.87, 3321863 
2024-05-29,403,404.09,405.87,401.58, 3428787 
2024-05-30,403.77,408.61,409.04,402.77, 2907090 
2024-05-31,408.09,414.4,415.4,406.88, 5197520 
2024-06-03,414.89,414.79,416.72,408.78, 4905810 
2024-06-04,414.85,409.53,415.89,406.44, 4157980 
2024-06-05,410.1,409.85,410.28,405.77, 2643906 
2024-06-06,410.42,411.08,411.24,407.38, 3447914 
2024-06-07,411.28,413.72,415.88,409.85, 2943072 
2024-06-10,413.34,410.81,413.94,409.27, 2668443 
2024-06-11,408.88,408.5,408.91,406.11, 3610600 
2024-06-12,411.09,408.77,411.89,407.16, 3554031 
2024-06-13,407.63,405.92,408,403.57, 4566105 
2024-06-14,404.9,405.54,406.34,403.33, 2772449 
2024-06-17,405.18,407.32,407.82,403.55, 3408255 
2024-06-18,406.75,407.95,408.5,405.28, 4006848 
2024-06-20,407.25,409.15,411,404.05, 4845563 
2024-06-21,409.82,409.62,410.47,407.68, 9012935 
2024-06-24,410.7,413.98,417,410, 4935716 
2024-06-25,414,410.97,414.25,409.62, 3883522 
2024-06-26,410.02,410.26,410.68,407.25, 3335507 
2024-06-27,410.26,407.95,410.26,406.34, 3220281 
2024-06-28,408.25,406.8,410.05,405.79, 6820908 
2024-07-01,408.09,405.19,409.67,403.82, 2976899 
2024-07-02,404.02,407.1,407.39,403.92, 3221572 
2024-07-03,407.16,405.77,407.16,404.22, 1970259 
2024-07-05,406.24,411.17,411.4,405.03, 5153464 
2024-07-08,411.27,409.08,413.79,408, 3559529 
2024-07-09,409.42,410.52,413.71,408.64, 2990262 
2024-07-10,410.81,413.79,413.96,409.4, 3791805 
2024-07-11,413.99,418.78,419.2,412, 4073570 
2024-07-12,420.23,424.44,427.45,419.7, 4834635 
2024-07-15,425.59,434.42,434.71,425.3, 4594912 
2024-07-16,437.4,438.9,439.05,434.02, 4293707 
2024-07-17,437.85,445.61,446.15,437.84, 4776601 
2024-07-18,445.62,441.82,449.25,439.57, 4638333 
2024-07-19,442.67,434.47,442.8,433.35, 4158849 
2024-07-22,435.05,435.98,438.11,432.12, 2995689 
2024-07-23,437.34,434.01,437.92,433.47, 2393018 
2024-07-24,433.99,432.8,435.41,430.73, 3143717 
2024-07-25,431.6,433.29,439.63,431.6, 3334269 
2024-07-26,435.66,437.66,439,434.1, 2717621 
2024-07-29,438.01,438.31,439.44,435.49, 2619986 
2024-07-30,439.51,441.26,443.89,439.14, 3736411 
2024-07-31,439.85,438.5,440.85,437.74, 3798765 
2024-08-01,439.67,431.81,440.61,430.95, 3892292 
2024-08-02,429.77,428.36,436.25,423.49, 4251527 
2024-08-05,413.43,413.72,417.82,406.11, 7695125 
2024-08-06,416.41,422.14,427.46,415.1, 5138707 
2024-08-07,426.07,427.02,433.17,425.6, 4745587 
2024-08-08,429.24,431.54,432.26,427.6, 3149984 
2024-08-09,431.92,431.67,434.75,430.21, 2602645 
2024-08-12,434.16,430.39,434.16,429.01, 2376042 
2024-08-13,431.83,432.41,432.81,425.9, 3471965 
2024-08-14,433,438.47,438.98,431.71, 2860174 
2024-08-15,441.8,440.84,442.59,438.72, 3226437 
2024-08-16,441.55,444.51,445.2,440.45, 3344974 
2024-08-19,446.01,448.77,450.45,445.73, 3385343 
2024-08-20,449.3,448.36,450.5,446.38, 2906497 
2024-08-21,449.84,446.6,451.28,443.84, 3028530 
2024-08-22,446.3,449.03,449.6,444.65, 3502793 
2024-08-23,450,453.38,453.72,448.81, 2805379 
2024-08-26,455.31,454.49,459.27,453.34, 3578262 
2024-08-27,455.94,460.63,462.1,454.62, 3764691 
2024-08-28,461.17,464.59,466.6,460.78, 4838124 
2024-08-29,467.11,468.37,469.85,463, 4459412 
2024-08-30,470.52,475.92,476.95,470, 7465778 
2024-09-03,475,476.83,482.89,473.72, 7511879 
2024-09-04,478.68,478.57,484.82,474.22, 5316318 
2024-09-05,479.43,464.92,479.43,462.88, 6213155 
2024-09-06,463.82,459.42,468.17,458.55, 4400294 
2024-09-09,463.97,459.61,466,459.26, 4571041 
2024-09-10,461.82,458.92,464.32,456.21, 3544103 
2024-09-11,457.62,453.1,457.62,445.25, 5772729 
2024-09-12,454.84,450.87,455,449.27, 3855713 
2024-09-13,451.58,447.61,452.43,447.21, 3882598 
2024-09-16,448.8,451.78,452.99,448.34, 3264367 
2024-09-17,453.5,456.68,461.1,453.29, 3824256 
2024-09-18,458.08,456.6,459.84,454.88, 3065217 
2024-09-19,462,459.71,462.19,457.25, 3891344 
2024-09-20,457.76,455.31,457.95,454.05, 8468764 
2024-09-23,457.31,454.98,459.65,453.42, 3485083 
2024-09-24,454.33,454.56,455.6,451.77, 3009852 
2024-09-25,454.9,452.36,455.81,451.21, 2843311 
2024-09-26,452.74,454.18,457,451.34, 3262045 
2024-09-27,456.04,457.47,458.27,455.04, 2727975 
2024-09-30,458.4,460.26,460.63,454.55, 3637071 
2024-10-01,459.11,457.41,459.79,454.82, 3043696 
2024-10-02,458.7,456.67,458.7,454.19, 2803429 
2024-10-03,455.47,452.96,455.97,450.92, 2564713 
2024-10-04,455.01,461.97,462.18,453.81, 3093491 
2024-10-07,462.34,453.5,462.34,452.41, 3222061 
2024-10-08,455.96,453.8,457.56,452.85, 2234137 
2024-10-09,452.75,455.9,457.88,452.36, 2206063 
2024-10-10,457.5,454.93,457.51,452.72, 2375788 
2024-10-11,455.9,460.21,463.45,455.9, 3243402 
2024-10-14,461.92,459.98,462,458.1, 2969790 
2024-10-15,460.99,462.68,466.66,460.51, 3929879 
2024-10-16,463.25,465.69,466,462.2, 3166265 
2024-10-17,466.1,465.85,467.84,464.27, 2520903 
2024-10-18,467,464.8,467,463.25, 5635463 
2024-10-21,464.53,464.16,465.79,461.68, 3131480 
2024-10-22,464.11,461.45,465.15,457.6, 3315151 
2024-10-23,460.15,460.61,463.26,458.75, 3655203 
2024-10-24,460.9,457.77,461.05,453.96, 3793479 
2024-10-25,458.6,454.01,459.45,453.03, 2838884 
2024-10-28,455.59,458.49,459.24,455, 4103359 
2024-10-29,458.6,454.62,458.92,454.39, 3985180 
2024-10-30,454.67,454.96,457.67,453.82, 2692082 
2024-10-31,455.19,450.92,456.84,450.57, 3660308 
2024-11-01,451.49,452.14,455.12,450.7, 2971342 
2024-11-04,450.37,442.29,450.7,437.9, 5733184 
2024-11-05,442.29,445.06,445.23,441.1, 3154357 
2024-11-06,461,468.9,469.26,459.48, 6906833 
2024-11-07,468.27,460.13,468.46,460.1, 4237986 
2024-11-08,461.98,463.41,466.35,459.5, 3541302 
2024-11-11,466.01,467.36,470.51,464, 4119111 
2024-11-12,467.69,466.29,468.42,465.15, 4400521 
2024-11-13,466.41,468.1,468.4,464, 2861709 
2024-11-14,468.81,467.7,469.45,466, 3777267 
2024-11-15,466.74,470.28,472.26,465.19, 5817672 
2024-11-18,470.98,472.2,472.67,468.36, 3358434 
2024-11-19,470.77,468.86,470.77,465.01, 3656243 
2024-11-20,470,468.83,470.61,466.11, 3019456 
2024-11-21,469.45,472.06,474.66,467, 4116801 
2024-11-22,472.27,476.57,477.44,471.61, 3885177 
2024-11-25,479.13,477.43,482.5,476.79, 5246561 
2024-11-26,478.2,478.56,479.4,472.85, 3331974 
2024-11-27,481,483.08,491.67,480.87, 5359291 
2024-11-29,485.37,483.02,486.01,482.05, 2969703 
2024-12-02,484.8,477.33,485.09,474.75, 5031497 
2024-12-03,478.16,470.19,478.3,468.81, 4931573 
2024-12-04,471.09,468.32,471.34,466.5, 3941100 
2024-12-05,468.78,470.57,472.74,468.72, 3320231 
2024-12-06,470.58,470.5,472.08,467.82, 3270943 
2024-12-09,470.6,463.87,471.7,463.42, 3748171 
2024-12-10,464.42,462.49,464.99,459.5, 3648541 
2024-12-11,463.33,461.39,465.48,458.77, 3876913 
2024-12-12,462.16,458.63,463.57,458.08, 2571349 
2024-12-13,460.51,457.9,460.51,457.01, 3474337 
2024-12-16,459.17,455.2,460.42,454.58, 4513980 
2024-12-17,454.7,455.66,456.62,452.06, 5057506 
2024-12-18,457.06,446.59,458.73,446.09, 4361857 
2024-12-19,451.73,449.34,453.8,448.89, 4645222 
2024-12-20,449.11,453.2,458.65,447.19, 12943914 
2024-12-23,453.19,454.35,454.55,449.82, 3836007 
2024-12-24,455.41,458.66,458.99,454.07, 1761174 
2024-12-26,457.27,459.08,459.48,455.8, 2160799 
2024-12-27,457.3,456.51,461.13,454.48, 3237722 
2024-12-30,454.25,452.16,454.69,449.18, 2831375 
2024-12-31,452.21,453.28,454.33,451.11, 3380714 
2025-01-02,455.96,451.1,456.89,450.03, 3751194 
2025-01-03,452.53,453.56,454.53,450.12, 2887160 
2025-01-06,453.85,451.41,456.24,450.57, 4072913 
2025-01-07,452.8,452.92,456.52,451.1, 3507166 
2025-01-08,453.63,451.84,454,449.63, 3933259 
2025-01-10,452.66,442.66,453,440.1, 5471869 
2025-01-13,442.04,443.91,445,441.15, 3639248 
2025-01-14,445.5,450.03,450.3,443.92, 4055602 
2025-01-15,455.55,458.51,459.09,453.27, 4719411 
2025-01-16,458.93,462.81,462.96,458.3, 3475694 
2025-01-17,464.71,467.95,470.18,462.45, 6466973 
2025-01-21,471,468.57,473.17,467.72, 4910195 
2025-01-22,468.59,460.51,468.89,455.28, 5838478 
2025-01-23,461.68,459.83,464.76,458, 4424526 
2025-01-24,459.2,463.19,463.81,457.08, 3070305 
2025-01-27,464.3,474.7,474.93,464.3, 4535629 
2025-01-28,473.93,469.97,473.93,469.3, 3261260 
2025-01-29,469.88,469.26,473.92,468, 2524211 
2025-01-30,472.2,472.35,474.06,469.15, 2552240 
2025-01-31,471.84,468.67,472.55,467.01, 5442624 
2025-02-03,461.3,464.61,466.74,454.6, 4232007 
2025-02-04,464.94,467.49,467.91,462.7, 3238419 
2025-02-05,469.81,473.73,474.24,468.89, 3782754 
2025-02-06,475.46,477.22,478,473.28, 3832693 
2025-02-07,477.41,472.74,478.25,472.34, 3205136 
2025-02-10,473.96,470.17,474.2,469.37, 2907341 
2025-02-11,470.05,472.61,473.05,466.72, 2322610 
2025-02-12,470.44,471.73,472.15,468.09, 3297561 
2025-02-13,471.55,480.49,481.19,471.2, 3274693 
2025-02-14,481.47,479.59,484.55,479.45, 2825755 
2025-02-18,480.4,482.82,484.06,477.63, 3351014 
2025-02-19,482.82,483.77,484.72,480.68, 2436465 
2025-02-20,484.13,481.8,484.2,478.14, 2650957 
2025-02-21,480.95,478.74,483.64,477.74, 4085076 
2025-02-24,483.5,498.42,503.96,483.24, 9862446 
2025-02-25,503.15,499.82,507,491.9, 6757512 
2025-02-26,499.12,494.1,499.9,493.05, 3543491 
2025-02-27,496.45,502.41,504.95,495.61, 4507714 
2025-02-28,507.46,513.83,515.37,504.33, 6850339 
2025-03-03,516.22,510.08,518.77,506.48, 5112297 
2025-03-04,507.27,495.86,508.73,493.61, 6126619 
2025-03-05,496,498.5,500.93,492.32, 4715777 
2025-03-06,496.84,497.84,499.1,491.63, 3989662 
2025-03-07,496.29,495.62,498.27,490.11, 3842150 
2025-03-10,490,497.1,500.45,490, 6261980 
2025-03-11,496,496.25,499.15,491.31, 5358269 
2025-03-12,497.6,495.94,498.32,488.75, 3871096 
2025-03-13,496.46,504.25,507.4,494.75, 5104202 
2025-03-14,506.95,514.6,515.84,502.92, 5775588 
2025-03-17,514.62,523.01,524.71,513.21, 5343389 
2025-03-18,525.45,523.14,528.38,521.42, 4857806 
2025-03-19,525.69,525.27,526.71,520.66, 3797997 
2025-03-20,524,528.73,530.61,522.67, 4065426 
2025-03-21,528.31,521.91,528.96,520.73, 8546279 
2025-03-24,523.1,525.85,527.3,521.48, 4858877 
2025-03-25,527.19,528.87,533.29,525.88, 3964761 
2025-03-26,531,533.21,537.63,530.98, 5010845 
2025-03-27,533.25,534.52,537.38,529.35, 5154608 
2025-03-28,535.35,526.31,536,524.68, 5321395 
2025-03-31,521.4,532.58,536.52,519, 7139333 
2025-04-01,531.88,532.99,536.41,527.5, 4130570 
2025-04-02,532.13,537.72,539,530.82, 4079044 
2025-04-03,527.62,530.16,538.8,525.14, 6410854 
2025-04-04,519,493.54,521,492.98, 12605032 
2025-04-07,467.42,490.38,505.85,462.1, 12749745 
2025-04-08,509.03,492.64,516,484.19, 9470118 
2025-04-09,490,521.41,523.93,485.56, 10153675 
2025-04-10,518.3,515.81,521.41,498.61, 7475863 
2025-04-11,515,524.11,526.58,510.77, 6231015 
2025-04-14,531,529.52,536.52,526.98, 5512121 
2025-04-15,532.62,528.17,535.92,527.36, 4329208 
2025-04-16,529.3,516.45,530.13,512.89, 5889277 
2025-04-17,518.9,518.21,523.88,514.57, 5322242 
2025-04-21,517.53,506.92,518.67,498.08, 4908377 
2025-04-22,514.23,520.79,522.22,511.65, 4768491 
2025-04-23,527.5,526.81,532.27,523.89, 4294462 
2025-04-24,526.81,531.64,533.13,523.16, 3173404 
2025-04-25,531.75,530.96,532.44,526.79, 2742786 
2025-04-28,533.63,530.94,536.82,526.58, 4238653 
2025-04-29,531,534.57,535.34,528.29, 3177729 
2025-04-30,531.51,533.25,535.72,524, 5251647 
2025-05-01,531,530.23,533.27,528.3, 4693069 
2025-05-02,536.75,539.8,542.07,535.26, 4945569 
2025-05-05,520.08,512.15,521.18,502.8, 16380216 
2025-05-06,509.57,512.33,515.75,507.99, 6088592 
2025-05-07,515.02,518.22,520.25,513, 5581423 
2025-05-08,520.98,513.25,521.26,513.04, 5018581 
2025-05-09,514.25,513.74,515.91,510.25, 3621402 
2025-05-12,520.3,514.3,520.3,510.25, 6368046 
2025-05-13,515.64,511.88,515.75,511.8, 4504120 
2025-05-14,511.85,503.4,511.85,502.8, 6384053 
2025-05-15,502.38,507.33,509.78,501.62, 5040862 
2025-05-16,509.63,514.31,514.33,506.8, 4997321 
2025-05-19,513.62,512.39,513.79,510.1, 3441451 
2025-05-20,511.11,508.74,512.08,506.55, 3736959 
2025-05-21,507.41,507.03,510,505.4, 3815801 
2025-05-22,505.1,503.57,507.4,502.64, 3244774 
2025-05-23,501.01,503.46,505.5,500.25, 3166844 
2025-05-27,506.43,509.16,509.75,505.01, 4928325 
2025-05-28,508.39,503.11,509.1,502.83, 3613850 
2025-05-29,504,506.18,506.55,501.2, 3657310 
2025-05-30,505.19,503.96,505.72,500.19, 9153084 
2025-06-02,501.7,502.81,503.23,499.47, 4914008 
2025-06-03,501,497.83,502.79,493.51, 5923064 
2025-06-04,496.94,491,496.99,490.88, 5297634 
2025-06-05,490.75,488.74,491,485.6, 5165718 
2025-06-06,491.63,493.53,496.1,491.63, 3948280 
2025-06-09,493.7,493.33,494.53,488.88, 3987465 
2025-06-10,492.66,491.13,492.9,489.5, 3951496 
2025-06-11,491.05,488.14,492.25,486.67, 4595851 
2025-06-12,486.24,490.34,490.44,483.78, 3535161 
2025-06-13,486.27,487.54,491.08,485.85, 4000981 
2025-06-16,489.73,490.23,491.85,488.54, 3937627 
2025-06-17,489.11,483.48,489.4,483.25, 3956345 
2025-06-18,484.1,485.14,486.7,482.75, 4893571 
2025-06-20,484.95,484.85,486.68,483.43, 7620370 
2025-06-23,485.42,487.77,488.5,481.72, 4140985 
2025-06-24,489.43,493.48,497.74,488.89, 5111694 
2025-06-25,494.5,486.21,496,486.14, 4260584 
2025-06-26,486.54,485.05,487.98,484.25, 4212937 
2025-06-27,485.77,485.68,489.68,484.4, 6129341 
2025-06-30,485.9,485.77,487.65,483.44, 6384326 
2025-07-01,485.78,489.61,491.09,483.8, 4776026 
2025-07-02,489.43,480.48,489.93,478.62, 6707174 
2025-07-03,480.89,485,486.55,480.36, 3443318 
2025-07-07,484.42,478.03,486.08,476.8, 4674351 
2025-07-08,477.35,477.47,480,473.58, 4116180 
2025-07-09,477,478.91,479.49,475.83, 3367397 
2025-07-10,477.87,478.27,478.55,475.5, 4576635 
2025-07-11,476.25,475.86,476.85,471.4, 4416578 
2025-07-14,474.32,476.31,478.13,473.46, 4294742 
2025-07-15,475.3,470.13,475.72,470, 4482349 
2025-07-16,471.2,471.31,472.92,468.88, 3796913 
2025-07-17,470.07,473.4,474.15,467.65, 4040026 
2025-07-18,474,473.8,478.64,473.5, 4015838 
2025-07-21,473.04,474.41,478.35,472, 3791273 
2025-07-22,475.5,478.13,483.14,475, 4521531 
2025-07-23,480.25,482.63,484.45,479.2, 4385559 
2025-07-24,482.67,480.6,486.17,480.6, 5044836 
2025-07-25,481.67,484.07,484.93,479.66, 4220504 
2025-07-28,484.35,481.7,486.9,481.1, 3626059 
2025-07-29,482.57,476.56,485,476.28, 4193187 
2025-07-30,475.13,476,479.41,473.88, 3802960 
2025-07-31,472.61,471.88,477.7,471.88, 6315340 
2025-08-01,473.47,472.84,475.96,470.62, 5287484 
2025-08-04,468.05,459.11,468.87,455.19, 10874265 
2025-08-05,460.6,464.19,467.58,460.38, 6780711 
2025-08-06,465,468.91,469.55,463, 4557081 
2025-08-07,469.2,461.47,472.7,461.37, 5755747 
2025-08-08,462.94,465.4,465.83,462.55, 3330571 
2025-08-11,466.46,464.73,468.49,463.5, 3712076 
2025-08-12,465.53,470.39,472.47,465.06, 3771514 
2025-08-13,471.7,477.31,479.6,471.5, 4629437 
2025-08-14,478.35,479.22,479.22,474.42, 4187144 
2025-08-15,482.35,477.2,482.48,476.29, 5229761 
2025-08-18,477.97,478.52,479,474.66, 3911272 
2025-08-19,479.77,485.31,485.9,479.77, 4726408 
2025-08-20,487,488.68,492.22,485.83, 4779763 
2025-08-21,487.24,488.59,489.05,483.68, 3082174 
2025-08-22,491.5,489,493.14,486.57, 4205084 
2025-08-25,489.01,486.18,489.02,481.83, 3935117 
2025-08-26,485.02,492.21,492.79,484.53, 8217481 
2025-08-27,491.08,495.72,497.21,490.6, 4385918 
2025-08-28,498.03,499.86,500.14,496.07, 4530429 
2025-08-29,500.85,502.98,506.72,500.85, 4663613 
2025-09-02,504.24,501.14,505.9,497.62, 4977844 
2025-09-03,499.55,501.49,502.11,496.59, 3206165 
2025-09-04,502.9,506.91,507.38,501.26, 2976722 
2025-09-05,506,499.77,507.66,497.75, 4222890 
2025-09-08,499,493.78,499.65,493.46, 5146322 
2025-09-09,492.45,492.72,496.85,491.72, 3748686 
2025-09-10,490,490.08,491.7,486.27, 5561592 
2025-09-11,489.33,496.91,497.24,489.03, 3669007 
2025-09-12,495.75,493.74,497.63,493.34, 2951721 
2025-09-15,493.6,491.54,495.27,489.5, 3629775 
2025-09-16,491.27,490.99,491.92,487.2, 4069971 
2025-09-17,490.94,492.33,495.99,490.3, 5060688 
2025-09-18,489.64,490.5,494.88,488, 4058878 
2025-09-19,491.87,492.85,494.5,488.88, 7356280 
2025-09-22,490.57,493.71,494.71,489.23, 3582875 
2025-09-23,493.77,494.1,499.28,493.52, 3933240 
2025-09-24,493.3,497.09,497.16,493.11, 2811544 
2025-09-25,496.15,494.96,499,494.73, 4056103 
2025-09-26,496.94,500.03,502.1,496.65, 3707648 
2025-09-29,500,499.25,500.25,495.02, 5161913 
2025-09-30,497.64,502.74,503.78,497, 3873477 
2025-10-01,502.5,498.2,502.87,495.9, 4481081 
2025-10-02,496.96,495.92,499.61,493.22, 3461425 
2025-10-03,495.9,498.75,502.55,495.05, 4678832 
2025-10-06,499.5,500.02,504.97,498.02, 3519473 
2025-10-07,500.16,502.3,504.46,498.61, 3057382 
2025-10-08,502.71,499.84,503.5,498.56, 2944558 
2025-10-09,499.98,496.74,501.22,494.51, 3172176 
2025-10-10,497.25,489.13,497.99,489.06, 4763823 
2025-10-13,488.15,491.93,493.8,487.82, 3183457 
2025-10-14,490,495.97,497.06,489.95, 3056001 
2025-10-15,493.9,496.39,496.73,490.35, 3566239 
2025-10-16,495.6,488.81,496,485.8, 4254327 
2025-10-17,490,492.42,493.45,489.25, 3794296 
2025-10-20,492.36,494.08,494.42,490.32, 4605314 
2025-10-21,493.7,491.29,495.7,491.25, 2714528 
2025-10-22,491.73,491.81,492.98,488.19, 3376019 
2025-10-23,492.19,490.16,492.45,488.11, 3063026 
2025-10-24,490.91,492.1,492.98,489.4, 3166824 
2025-10-27,491.92,488.07,492.3,484.55, 6451495 
2025-10-28,484.96,481.44,485.67,481.11, 5029140 
2025-10-29,477.32,475.76,478.8,473.72, 6204476 
2025-10-30,474.84,478.52,480.91,474.84, 4786554 
2025-10-31,476.8,477.54,478.71,475.31, 7146403 
2025-11-03,479.51,475.68,479.99,473.15, 5868125 
2025-11-04,475.5,487.66,488.79,475.5, 7803248 
2025-11-05,487.34,488.77,493.89,487.34, 6551219 
2025-11-06,490,493.15,494.03,486.75, 4964723 
2025-11-07,494.93,499.06,500.16,493.35, 6377764 
2025-11-10,497.08,496.98,501.28,495.13, 5084042 
2025-11-11,498.59,497.07,499.69,494.2, 2960205 
2025-11-12,497.16,502.4,504.45,496.99, 5456044 
2025-11-13,504.82,513.11,514.26,504.82, 7340683 
2025-11-14,514.7,508.94,516.55,506.35, 5462458 
2025-11-17,510.73,503.26,511.26,502.84, 5371012 
2025-11-18,503.39,504.37,506.64,500.6, 5457398 
2025-11-19,503.69,501.26,504.25,495.55, 4694986 
2025-11-20,501.11,501.12,506.45,500.81, 5486932 
2025-11-21,503.28,504.04,507.84,502.49, 6058963 
2025-11-24,501.9,507.81,509.2,497.17, 13404465 
2025-11-25,508.93,508.57,512.36,506.86, 4064007 
2025-11-26,509.25,511.23,512.7,507.65, 3686740 
2025-11-28,511.89,513.81,516.85,511.56, 2312245 
2025-12-01,513.65,508.55,514.49,508.18, 3995153 
2025-12-02,507.59,506.65,508.11,503.11, 3378009 
2025-12-03,507.52,503.6,509.6,503.6, 3803234 
2025-12-04,504.38,503.23,506.5,500.7, 3574809 
2025-12-05,503.86,504.34,505.76,500.54, 3463668 
2025-12-08,502.1,497.23,502.97,490.62, 7032222 
2025-12-09,497.63,491.43,499.22,490.83, 4573999 
2025-12-10,490.86,490.43,495.88,488.92, 4558796 
2025-12-11,491.83,495.85,498.15,491.83, 4493445 
2025-12-12,496.71,499.52,500,494.5, 4113658 
2025-12-15,500.42,506.38,506.62,500.28, 5173886 
2025-12-16,507.05,499.84,508.1,499.46, 4376710 
2025-12-17,499.9,504.27,505.19,499.5, 4128603 
2025-12-18,502.23,503.39,505.43,501.01, 3646672 
2025-12-19,503.05,494.53,503.82,494.53, 14652814 
2025-12-22,496.34,499.95,500.31,495.55, 4069970 
2025-12-23,500.48,500.51,502.33,498.16, 3680788 
2025-12-24,500.29,501.34,501.51,499.25, 2000186 
2025-12-26,500.45,498.3,501.56,496.83, 2247590 
2025-12-29,499.2,501.05,501.5,497.21, 3056181 
2025-12-30,500.98,503.71,505.11,500.33, 2897149 
2025-12-31,503.92,502.65,505.89,502.48, 3105190 
2026-01-02,500.96,496.85,501.88,492.91, 5876646 
2026-01-05,494.94,498.52,503.43,494.5, 5145275 
2026-01-06,496.8,499.05,500.67,496.06, 4040008 
2026-01-07,497.88,496.12,499.15,493.09, 4445056 
2026-01-08,494.97,499.77,504.08,494.11, 4807675 
2026-01-09,498.94,499.1,500.28,496.41, 3432109 
2026-01-12,497.4,498.67,500.02,495.1, 4209348 
2026-01-13,497.62,495.24,498,493.34, 4257619 
2026-01-14,494.17,493.15,497.62,492, 5033681 
2026-01-15,492.95,492.62,495.63,490.75, 4165209 
2026-01-16,491.67,493.29,495.16,490.9, 4807403 
2026-01-20,490.8,485.39,490.97,482.72, 5521462 
2026-01-21,484,483.83,488,481.57, 5730174 
2026-01-22,483.26,484.49,485.88,481.72, 4054161 
2026-01-23,482.26,478.97,483.42,478.44, 5436633 
2026-01-26,478.47,483.47,484.89,477.08, 5077153 
2026-01-27,482.6,474.67,483.5,474.67, 6314539 
2026-01-28,473.01,473.49,476.88,471.91, 4563944 
2026-01-29,473.73,476.79,477.32,473.08, 5380477 
2026-01-30,476.3,480.53,481.5,476.13, 5082160 
2026-02-02,481.3,487.29,488.07,478.55, 5064615 
2026-02-03,483.95,493.74,496.04,482.2, 6641193 
2026-02-04,495.8,503.83,512.13,495.67, 10591665 
2026-02-05,505.91,503.89,506.63,497.61, 5033856 
2026-02-06,504.18,508.09,509.66,502.89, 4421649 
2026-02-09,507.32,498.08,507.61,497.29, 4573017 
2026-02-10,497.9,500.3,501.33,497.3, 3789130 
2026-02-11,499.35,500.02,503.31,497.28, 3614402 
2026-02-12,501.21,500.01,507.71,499.88, 4689942 
2026-02-13,500.15,497.55,502.38,495.5, 4685852 
2026-02-17,500.02,503.41,506.09,499.21, 4263329 
2026-02-18,504.74,499.07,505.27,497.68, 3732516 
2026-02-19,497.87,496.94,500.5,495.68, 2610413 
2026-02-20,496.65,498.2,498.34,491.81, 4326715 
2026-02-23,496.5,494.09,503.55,493.73, 3556548 
2026-02-24,493.49,494.51,495.22,488.26, 3224292 
2026-02-25,495.62,493.99,497.23,490.9, 3475465 
2026-02-26,494.65,502.67,503.72,494.45, 4576985 
2026-02-27,502.94,504.95,506.52,501.16, 6364867 
2026-03-02,495.23,480.17,495.75,477.91, 11725271 
2026-03-03,477.08,481.36,483.48,472.52, 6348665 
2026-03-04,481,487.48,489.18,479.88, 4369065 
2026-03-05,493.75,500.4,500.86,492.51, 8963446 
2026-03-06,499.25,498.98,500.7,491.88, 5564351 
2026-03-09,494.9,497.2,498.82,490.21, 5833619 
2026-03-10,495.13,494.14,498.67,492.31, 3598655 
2026-03-11,493.09,493.57,493.8,489.25, 3849108 
2026-03-12,492.35,491.89,493.4,489.02, 4170889 
2026-03-13,493.32,490.03,494.45,489.77, 3565682 
2026-03-16,492.77,492.21,496.63,491.08, 3752029 
2026-03-17,494.84,492.58,496.96,491.41, 4424872 
2026-03-18,491.14,484.47,491.38,483.8, 4356429 
2026-03-19,483.9,481.48,484.25,478.81, 4045602 
2026-03-20,481.63,480.94,485.12,479.66, 7786425 
2026-03-23,483.5,479.98,485.98,479, 4957963 
2026-03-24,478,479.33,483.5,477.55, 3434434 
2026-03-25,482.63,476.19,483.23,475.73, 4402046 
2026-03-26,476.44,475.27,478.38,474.5, 3774632 
2026-03-27,474.19,468.49,474.8,467.21, 5382299 
2026-03-30,470.68,474.66,477.69,470.65, 4590941 
2026-03-31,477.78,479.2,479.81,474.77, 4725274 
2026-04-01,478.98,478.5,481.1,477.25, 3600755 
2026-04-02,477.82,477.35,479.77,475.68, 2972758 
2026-04-06,475.66,476.38,479.5,475.35, 3663497 
2026-04-07,475.71,478.08,479.75,474.32, 3206471 
2026-04-08,483.75,479.75,483.75,477.68, 4655085 
2026-04-09,478.21,485.2,487.95,477.29, 3518465 
2026-04-10,484.02,479.9,484.86,478.92, 3758912 
2026-04-13,478.9,480.19,481.11,477.4, 3612449 
2026-04-14,479.81,477.54,480.49,476, 4864005 
2026-04-15,478,474.09,478.77,473.74, 6993925 
2026-04-16,474.02,475.12,476.26,464.01, 4533965 
2026-04-17,475.49,474.58,479.69,474.15, 6492875 
2026-04-20,474.38,472.08,476.04,471.37, 5147027 
2026-04-21,472.54,468.5,474.19,468.06, 5919020 
2026-04-22,468.86,465.4,470.99,464.62, 5720487 
2026-04-23,466.72,470.55,473,466.72, 4749080 
