Date,Open,High,Low,Close,Volume
2016-04-25,40.38235986371038,40.74667978359287,40.29018313979489,40.59305191040039,1097400
2016-04-26,40.654503167543886,40.79935039188884,40.35602472076237,40.408695220947266,992000
2016-04-27,40.50965881347656,40.64133843299097,40.14094851139482,40.50965881347656,678000
2016-04-28,40.33408383223069,40.98371469377216,40.09266616605448,40.72473907470703,789800
2016-04-29,40.50526370214293,40.742291007866534,40.320910247303445,40.68961715698242,1080800
2016-05-02,40.68962633555779,41.12417816849352,40.57550465615408,41.0363883972168,937600
2016-05-03,41.005651971419525,41.46214861483573,40.82568884835498,41.10660934448242,1906800
2016-05-04,40.90469268815071,41.25584158874519,40.83885122277798,41.21194839477539,1390800
2016-05-05,41.247073724660886,42.16445407917187,41.21634814697001,41.751853942871094,1684200
2016-05-06,41.81330385348338,42.5507210449485,41.61139244197751,42.5068244934082,1728400
2016-05-09,42.57266494742744,42.96771045992692,42.42781771687482,42.6121711730957,1678200
2016-05-10,42.64289598408193,43.037941489493946,42.64289598408193,42.985267639160156,2028400
2016-05-11,42.89748442368891,42.98088050686602,42.1381189319479,42.45854568481445,1184600
2016-05-12,42.67220449470217,42.93653711315012,42.39024925353481,42.896888732910156,1046200
2016-05-13,42.90569807828946,42.90569807828946,42.35941022230787,42.5356330871582,953000
2016-05-16,42.54445213576465,42.72067503962472,42.306551719729406,42.49599075317383,1607000
2016-05-17,42.495985936379185,42.6413700676728,41.918859268796076,42.112701416015625,2398400
2016-05-18,43.48282353827608,43.72513039120982,42.425493099365376,42.72507095336914,4533000
2016-05-19,47.13943972108245,47.2980399740845,42.658990976703784,43.65464401245117,9170600
2016-05-20,43.65464572682329,43.88373648401041,42.48276976825572,42.504798889160156,3742400
2016-05-23,42.6722096707956,43.28017510308861,42.41228015561963,43.06871032714844,1994600
2016-05-24,43.271364508152814,43.403529149880825,42.98940923906007,43.125980377197266,1968200
2016-05-25,43.05108735465595,43.1656327347156,42.71185771094867,42.88808059692383,1482000
2016-05-26,42.90129593153877,43.27136432135793,42.85283455476278,43.258148193359375,997400
2016-05-27,43.266962683740736,43.48283397469344,43.01584614005265,43.24934005737305,1147600
2016-05-31,43.284584589243345,43.59737863942291,43.10836168967355,43.38591384887695,2208200
2016-06-01,43.35507951854738,43.76038987610505,43.25375024857166,43.58857345581055,1346400
2016-06-02,43.59297690064726,43.72955142733595,43.28458931361977,43.71633529663086,1111200
2016-06-03,43.703119091869276,43.870532389852656,43.41235411096965,43.56214141845703,1312800
2016-06-06,43.526894352675555,43.835281926280906,43.32423582010922,43.44318771362305,1161600
2016-06-07,43.53570438239645,43.72514342538659,43.37269759990692,43.67227554321289,1238200
2016-06-08,43.566556523022584,43.68110195566597,43.390333556149734,43.55774688720703,1861000
2016-06-09,43.606195520024926,44.00709937513912,43.518082381799665,43.98066711425781,1236600
2016-06-10,43.901367268089174,44.126051570621264,43.63262807673203,44.00269317626953,1331000
2016-06-13,44.007094371999074,44.209749525118625,43.62380982693278,43.67667770385742,1302200
2016-06-14,43.628215185729154,44.002686727621665,43.32423078339224,43.918983459472656,942800
2016-06-15,44.0555677569295,44.0555677569295,43.50487315996788,43.57095718383789,952800
2016-06-16,43.55772392444062,43.88373405652655,43.33303967609747,43.79121780395508,1470000
2016-06-17,43.74717086772738,43.74717086772738,43.08633749124311,43.42556381225586,2027800
2016-06-20,43.7736053400888,43.95863788817694,43.53570490918725,43.72073745727539,937600
2016-06-21,43.848497809113105,44.04234334638463,43.610597384599636,43.91017532348633,924800
2016-06-22,43.993883109430705,44.20534791817607,43.892553841076335,44.161293029785156,1094200
2016-06-23,44.253807299146786,44.46968195647683,43.98066498679246,44.280242919921875,798800
2016-06-24,43.482829615486686,44.214153411154456,43.134793703425764,43.25374221801758,1920600
2016-06-27,43.08634157544795,43.773607276563155,42.998228433527615,43.50046157836914,2103200
2016-06-28,43.557728371649965,44.05114843574229,43.205282587722216,44.04674530029297,1400000
2016-06-29,44.11282570976877,44.491703749071206,43.68989278800207,44.02030944824219,1112000
2016-06-30,44.18771731105861,45.32875442504883,44.09960419571834,45.32875442504883,1793800
2016-07-01,45.32876140487805,45.416871172613995,44.82212183746587,45.073238372802734,936200
2016-07-05,45.12169776504048,46.06008321982042,45.12169776504048,45.527008056640625,1621800
2016-07-06,45.50497651130854,45.54903138763455,44.53575242627824,44.63267517089844,2176400
2016-07-07,44.68554738393883,44.77806364157023,44.24499185550058,44.34632110595703,1502000
2016-07-08,44.562192822785164,44.67673820246144,44.192124427358706,44.62827682495117,1943600
2016-07-11,44.72520522372717,44.83975062646591,44.21416245050596,44.80010223388672,1323400
2016-07-12,44.756040185942275,44.91023732935164,43.817658001609374,43.866119384765625,1387000
2016-07-13,43.98506443110933,44.30226496440988,43.764786656447505,44.04674530029297,1149600
2016-07-14,44.28463955142816,44.52253993642802,43.93219715085836,44.03792953491211,884200
2016-07-15,44.15687539558363,44.3859627567028,44.07316878230383,44.18330764770508,886000
2016-07-18,44.31108283734753,44.37276035215122,43.80884972470464,43.985069274902344,1190400
2016-07-19,44.02470251989003,44.37274169921875,43.91015717147488,44.37274169921875,947000
2016-07-20,44.35952818753352,44.49169280240876,43.839672635546584,43.88813400268555,1002800
2016-07-21,43.888140552698076,43.93219543089805,43.54891093209758,43.79121780395508,880000
2016-07-22,43.85729754724539,44.20093026950985,43.544500211674986,44.18330764770508,825400
2016-07-25,44.15688609063388,44.21415710449219,43.949824435740595,44.21415710449219,685600
2016-07-26,44.26262535604533,44.39919652784399,43.52689824945427,43.544517517089844,982800
2016-07-27,43.52689287235217,43.52689287235217,42.75592060338663,43.064308166503906,1362200
2016-07-28,43.08633392456954,43.487237725307004,42.95857241235129,43.39912796020508,900200
2016-07-29,43.341844120309595,43.59296059328588,43.121566394499816,43.28016662597656,1880000
2016-08-01,43.32863819144105,43.81324863003574,43.174444419320764,43.70310974121094,1239600
2016-08-02,43.615001991864986,43.78241190059961,43.187662545672275,43.24934005737305,1129400
2016-08-03,43.368305107798676,43.368305107798676,42.742713445975,43.007049560546875,1352800
2016-08-04,43.35947472409814,44.73841569267698,43.04227420274874,44.575408935546875,1870600
2016-08-05,44.615046390375824,44.8132983482376,44.0599489751736,44.284629821777344,1568600
2016-08-08,44.253805168382414,44.28464392349152,43.87052397790814,44.086395263671875,1590000
2016-08-09,44.104025451413584,44.59304248139618,43.8969637625343,44.474090576171875,1235800
2016-08-10,44.38597047046,44.760442005668686,44.297860707295136,44.67673873901367,953200
2016-08-11,44.93537518086586,45.26695262663552,44.21474807966601,44.35179901123047,1197600
2016-08-12,44.41812059443724,44.48443676627845,44.245700571438455,44.422542572021484,874200
2016-08-15,44.431376100858415,44.58168958505476,44.214746455348354,44.22358703613281,828800
2016-08-16,44.06442898564834,44.272218047485545,43.87874643493511,43.89643096923828,1626800
2016-08-17,43.89643249503712,43.99811435458967,43.5250640077222,43.86990737915039,1633800
2016-08-18,43.89643269550374,44.21474757951874,43.72401269549231,44.179378509521484,1129200
2016-08-19,44.02905348267922,44.16168578408022,43.706320054505404,43.94947814941406,1244600
2016-08-22,43.92295395564584,44.16169009769915,43.84337524162807,44.139583587646484,1212800
2016-08-23,44.179370782937205,44.28989657761352,44.073266964482215,44.08210754394531,862800
2016-08-24,44.01137564897471,44.07768843170557,43.49411233281549,43.83453369140625,1157400
2016-08-25,43.83453655272406,44.21032362897434,43.732851324266214,44.073272705078125,987400
2016-08-26,44.11306167992272,44.38274493186131,43.613486222436215,43.81243133544922,805200
2016-08-29,43.9273775342427,44.21916391429579,43.918533580707155,44.210323333740234,809800
2016-08-30,44.2103116296511,44.2103116296511,43.86989371421359,43.95831298828125,555400
2016-08-31,43.85222134217252,44.11306063407127,43.79032715857011,43.95390319824219,1181800
2016-09-01,44.05116086052661,44.20589629989725,43.77705567294176,44.09979248046875,1339800
2016-09-02,44.210328676201605,44.33411705681811,44.07769634098084,44.18380355834961,1009100
2016-09-06,44.325278574545415,44.59938046661253,44.15727715891144,44.48443603515625,1140300
2016-09-07,44.41369645298939,44.546328790209884,43.36149182890442,43.441070556640625,1295900
2016-09-08,43.34379419118986,43.35263477027483,42.592216795748435,42.88400650024414,1561800
2016-09-09,42.79559249606753,42.79559249606753,41.90254211425781,41.90254211425781,1607600
2016-09-12,41.90253540184819,42.3269540148567,41.61958965984252,42.0351676940918,1850000
2016-09-13,41.87603053151629,41.96444985375939,41.5135059135501,41.52234649658203,1349700
2016-09-14,41.69033214724427,41.80527654804668,41.274754069479656,41.38970184326172,796000
2016-09-15,41.47811489370847,41.75222004443108,41.32780145081421,41.65495681762695,777000
2016-09-16,41.55769750085973,41.55769750085973,41.23054210326594,41.380855560302734,1315500
2016-09-19,41.336652102443566,41.67265150247001,41.265913966446426,41.5046501159668,1061800
2016-09-20,41.59307727046716,42.10591531981994,41.575392734561156,41.929073333740234,1616700
2016-09-21,41.92023830240214,42.32697256314973,41.84065956677928,42.309288024902344,1940200
2016-09-22,42.353496647694975,43.19349020262123,42.30928362018902,43.1492805480957,2054300
2016-09-23,42.99011539511713,43.13158828805331,42.46843346998125,42.565696716308594,1245600
2016-09-26,42.53916732286162,42.59221754426265,42.14127379745647,42.43306350708008,1197400
2016-09-27,42.51264139983818,42.61874521359231,42.273905289156815,42.3976936340332,1272600
2016-09-28,42.28276393878355,42.76023636420561,42.28276393878355,42.73371124267578,1050400
2016-09-29,42.53918085381832,42.609915629179,42.00865486020074,42.0528678894043,1077900
2016-09-30,42.194335257036386,42.574544321853914,42.15012223365472,42.37117385864258,1456900
2016-10-03,42.17665401308926,42.31812692920063,41.495814550246926,41.557708740234375,1380700
2016-10-04,41.743381925960975,41.743381925960975,40.744231156220174,40.885704040527344,2052800
2016-10-05,40.89454839664376,41.05370582780964,40.70002189788993,40.90338897705078,4889800
2016-10-06,40.84149188668166,41.28359508110636,40.77075712952315,41.03601837158203,1523700
2016-10-07,41.469276392452606,41.7964317756518,41.177486697425174,41.48695755004883,2333200
2016-10-10,41.66381065154778,41.92907193533023,41.34549576181675,41.56654739379883,1492800
2016-10-11,41.54001428552185,41.57538334934966,41.239383988944624,41.53117370605469,1725400
2016-10-12,41.49581016937647,42.556858614683016,41.49581016937647,42.300437927246094,2438700
2016-10-13,42.079392705440824,42.601074740267755,41.990973393631734,42.24739074707031,2084900
2016-10-14,42.247385488326195,42.54801583322889,42.12359711800981,42.37117385864258,1135300
2016-10-17,42.41538560922297,42.716015945104346,42.2562281741693,42.68948745727539,1760100
2016-10-18,42.839810807144175,43.060862459014906,42.60107461836612,42.61875915527344,1595300
2016-10-19,42.59222657560855,42.59222657560855,42.16780784950824,42.21202087402344,1276800
2016-10-20,42.18549375926048,42.24738794802224,41.84065374387922,41.990970611572266,1341000
2016-10-21,41.94673849931299,42.11473982634954,41.6637928014374,42.00863265991211,1015100
2016-10-24,41.99979693367021,42.12358526916647,41.72569178151481,41.849483489990234,1219800
2016-10-25,41.99981041486081,42.751384620460954,41.98212587940218,42.53917694091797,1855500
2016-10-26,42.450749514345745,42.53917218174637,42.1766476778535,42.291595458984375,761900
2016-10-27,42.3358069113307,42.47727981222401,41.858334605948244,42.20317459106445,1283700
2016-10-28,42.2827453663308,42.716007941234764,42.21201061566081,42.65411376953125,1105000
2016-10-31,42.66297338193318,42.80444631936854,42.43308112346855,42.67181396484375,1167800
2016-11-01,42.58338124190356,42.73369808792242,41.88485735747789,42.079383850097656,2027600
2016-11-02,41.9732855207819,42.11475843222099,41.60191702014162,41.77875900268555,1781400
2016-11-03,39.78928336344944,40.337490323133856,38.330341624264555,39.01118087768555,6583400
2016-11-04,39.055403692129474,39.64782386488117,38.684038541164924,38.71056365966797,3563200
2016-11-07,38.90509208419843,39.32951086581382,38.90509208419843,39.285301208496094,1864200
2016-11-08,39.24992064405111,40.673493454640266,39.24992064405111,40.532020568847656,3318100
2016-11-09,39.806966487458865,40.44359607813041,39.24107501707493,40.266754150390625,2733600
2016-11-10,40.15180037671976,40.178325481364574,38.197705631715344,38.36570358276367,4994100
2016-11-11,38.012039977732606,38.7459296392215,37.93246125559716,38.64866638183594,2214000
2016-11-14,38.513712325787445,39.26835953426158,38.353904123818786,38.993133544921875,3116200
2016-11-15,39.16182747034267,39.7833035240272,39.081923357915066,39.57022476196289,3334000
2016-11-16,39.64126092223652,40.4758125359989,39.366034832540684,39.60574722290039,2755700
2016-11-17,39.516958299150645,39.72116035278704,39.28612605432205,39.4459342956543,1864900
2016-11-18,39.35715139360907,39.92535693905901,39.321637700325404,39.76554870605469,1977900
2016-11-21,39.76554172107039,39.92534992600373,39.52582941367039,39.79217529296875,1216400
2016-11-22,39.9697414900043,40.2183305329234,39.765542863781945,39.82769012451172,1629600
2016-11-23,39.65013885498047,40.02302593576178,39.54360114051704,39.65013885498047,1101700
2016-11-25,39.694520736023,40.05852761989964,39.51695565898685,40.0052604675293,438000
2016-11-28,39.9697414900043,39.97861821863497,39.62349149828936,39.82769012451172,1070700
2016-11-29,39.703410250797916,39.987513086596906,39.60574926597209,39.8099479675293,1177200
2016-11-30,39.62349814925455,39.67676530352307,38.85997066153133,38.87772750854492,1729100
2016-12-01,38.81558050702095,38.88660450879643,37.78570708048419,37.97214889526367,2490800
2016-12-02,38.14083885116834,38.691291024087825,38.08757168956324,38.54035949707031,1998700
2016-12-05,38.71790600356066,39.21508400246923,38.655758753697086,39.206207275390625,2341400
2016-12-06,39.428178049507224,39.74779453704702,39.01090059224445,39.730037689208984,2462900
2016-12-07,39.61462712170392,39.97863410207119,39.410428414353795,39.845462799072266,2208700
2016-12-08,39.587984455227364,39.77442626871171,38.77118642646335,38.87772750854492,1730800
2016-12-09,38.87772584424578,39.43705126075489,38.87772584424578,39.348270416259766,1391900
2016-12-12,39.277250454455725,39.70340464801709,39.19734633148969,39.481449127197266,1380700
2016-12-13,39.463684898569284,39.70339722263608,39.3305102562749,39.357147216796875,2161500
2016-12-14,39.428178049507224,40.35151381645054,39.40154447113638,39.730037689208984,2709900
2016-12-15,39.66787761681049,39.84544265112926,39.27723725072628,39.81880569458008,1443100
2016-12-16,39.77441821340704,40.04964420621928,39.64124696793396,39.91646957397461,2321500
2016-12-19,39.92535278252096,40.05852403831227,39.516952125820815,39.62349319458008,1262200
2016-12-20,39.67676707576881,39.880965745387705,39.454811558343174,39.721160888671875,1052000
2016-12-21,39.67676244960903,39.96086520784675,39.41041653710767,39.57022476196289,1082500
2016-12-22,39.41929494748265,39.54358947548627,39.17958262057342,39.51695251464844,1405900
2016-12-23,39.51693548628113,39.91645585897125,39.51693548628113,39.7033805847168,655400
2016-12-27,39.50806656430887,40.040758241928195,39.50806656430887,39.97861099243164,1085500
2016-12-28,39.987506833825826,40.05853083828321,39.17958888583512,39.19734573364258,1389200
2016-12-29,39.339387636838694,39.8188088648671,39.22396984732649,39.79217529296875,1050000
2016-12-30,39.863201377360255,39.996372619315125,39.064160378545054,39.232845306396484,2395600
2017-01-03,39.28610468134932,39.53469363850428,38.9309746967532,39.36600875854492,3126600
2017-01-04,39.52583021954279,39.925350740021756,39.42816927156219,39.685638427734375,1787300
2017-01-05,39.69451992811486,39.872085001537,39.490321279049624,39.85432815551758,1358300
2017-01-06,39.83657455444336,39.92535879177252,39.463690917977964,39.83657455444336,1192000
2017-01-09,39.64125272526586,39.71227672247908,38.966506124493804,39.33051300048828,1441000
2017-01-10,39.38378813520712,39.44593541006182,38.52259963111703,38.691287994384766,1854900
2017-01-11,38.66464283368029,38.89547842287567,38.51371473724403,38.67352294921875,1939000
2017-01-12,38.691277429922245,38.797815102473216,38.40717132516706,38.5936164855957,1927900
2017-01-13,38.66464823543067,38.95763112724021,38.602500965066014,38.86884689331055,1187300
2017-01-17,38.91324096679797,39.730035603840776,38.87772727298596,39.52583694458008,1556700
2017-01-18,39.35715397556473,39.836575319257065,39.286126584337765,39.721160888671875,2302600
2017-01-19,39.587983369651525,39.93423340999113,39.46368883073702,39.88984298706055,2514400
2017-01-20,39.951990924454,40.48468278207116,39.943114194428354,40.44029235839844,3588400
2017-01-23,40.28047595422668,40.44916427145144,39.960859549770866,40.42252731323242,2725600
2017-01-24,40.387024039104325,40.97298642028084,40.236092538846364,40.919715881347656,1859000
2017-01-25,40.97297854813273,41.41688946030417,40.857560762672136,41.044002532958984,3114500
2017-01-26,40.98185940124778,41.070640237909764,40.75102719386355,40.9285888671875,1788700
2017-01-27,40.60897533072911,40.635608904050386,39.925352059051455,40.25384521484375,2792100
2017-01-30,40.085167234259316,40.395903599546884,40.04965353914863,40.22721862792969,1872800
2017-01-31,40.289367377881476,40.458052355682184,40.04965500725573,40.147315979003906,5847300
2017-02-01,40.023018262957514,40.4136587322824,39.91647718214618,40.173946380615234,2070900
2017-02-02,40.28047595422668,40.608972473679344,40.00525335121204,40.42252731323242,1674100
2017-02-03,40.73327840934846,40.94635381420862,40.555713314116666,40.6711311340332,1371900
2017-02-06,40.60010199953237,40.768786970041305,40.27160878884766,40.35151290893555,2663200
2017-02-07,41.52343896739301,42.22481922138099,41.17718889908241,41.967350006103516,4338700
2017-02-08,42.171540461311174,42.659841831403575,41.985098674202185,42.46452331542969,3117900
2017-02-09,42.46452169356105,42.917309357356736,42.36686074591823,42.67759704589844,2012400
2017-02-10,42.65096050411303,42.97945362504635,42.60657009103092,42.82852554321289,1826700
2017-02-13,42.92618739387201,43.19253667256707,42.78413602572814,42.98833465576172,1516400
2017-02-14,42.76637830201418,43.12150840845767,42.650963896175995,43.085994720458984,1572600
2017-02-15,43.19253896571537,43.707473932536075,43.02385062868305,43.31683349609375,3144400
2017-02-16,43.361400989808665,43.6376996130861,43.02270873545518,43.6109619140625,1558000
2017-02-17,43.91399269893587,44.43985553945535,43.851602480570165,44.29724884033203,3483500
2017-02-21,44.25269354738825,44.493339636758726,44.127909686216896,44.217041015625,2716000
2017-02-22,44.19030596870058,44.34182413776823,43.83378742969834,44.28834533691406,2707600
2017-02-23,44.404211406031465,44.64486089378144,44.163561918281495,44.2259521484375,1530600
2017-02-24,44.12789898868398,44.24376798881915,43.55747221880581,44.14572525024414,2064100
2017-02-27,44.012044726808014,44.430950081347795,43.95856592835049,44.17247772216797,2313400
2017-02-28,44.19921580317032,44.62703599448805,44.19921580317032,44.42203903198242,2355200
2017-03-01,44.386393222010454,44.93008252665971,44.22596020096598,44.769649505615234,2489000
2017-03-02,44.564637686975466,44.86767735924738,44.564637686975466,44.73398208618164,1927800
2017-03-03,44.61811659820663,44.65376572444455,44.27942439885614,44.43094253540039,1265600
2017-03-06,44.14573117952842,44.53790218650158,44.10116721964843,44.270511627197266,1897100
2017-03-07,44.24376780725207,44.41311559137275,44.10116111536775,44.163551330566406,1758400
2017-03-08,44.01204878804698,44.33291480837501,43.96748481855985,44.12791442871094,1158300
2017-03-09,44.30617258000822,44.47552041977106,44.03878536987192,44.23487091064453,1412700
2017-03-10,44.439862917529105,44.6448598690525,44.29725619472968,44.59138107299805,1056500
2017-03-13,44.537900114150254,44.67159198756953,44.40420484071895,44.43094253540039,1646000
2017-03-14,44.41312864478607,44.45769261159547,44.11008891046437,44.34182357788086,1366700
2017-03-15,44.341822358717465,44.85877387952868,44.341822358717465,44.72507858276367,1159300
2017-03-16,44.689415457903095,44.73397941292457,44.484418544794856,44.66267776489258,1006700
2017-03-17,44.716153034252464,45.0013698256718,44.528982383643495,44.65376281738281,3435700
2017-03-20,44.653765602344606,44.91224131693195,44.62702790773627,44.73398208618164,1095600
2017-03-21,44.76964826323117,45.12616683343932,44.644867783662235,44.86769104003906,1463300
2017-03-22,45.0726885957288,45.117252567562964,44.7785636616128,44.814212799072266,1735900
2017-03-23,44.72508429195842,45.21529477598483,44.72508429195842,44.86769104003906,1688000
2017-03-24,44.88550738068067,45.00137640037213,44.57355285074402,44.76072692871094,1335600
2017-03-27,44.70725858666764,45.15290510503554,44.60030437426302,44.814212799072266,1442100
2017-03-28,44.742899881898836,45.02811330998963,44.600293167853444,44.7963752746582,1199200
2017-03-29,44.73398408483743,44.84985310000381,44.56463967806517,44.60029220581055,1647200
2017-03-30,44.57355480764656,44.76072889383094,44.502253146253075,44.59138107299805,848100
2017-03-31,44.59139445480447,44.76074232645839,44.3863974417618,44.448787689208984,1356700
2017-04-03,44.47550952754013,44.76963436665386,44.359640518186474,44.46659469604492,1234200
2017-04-04,44.511168011761654,44.609210778749954,44.09226264373807,44.34182357788086,1656000
2017-04-05,44.34182950634877,44.55574133565153,44.11009480794954,44.181396484375,2178800
2017-04-06,44.18138647782853,44.43986222135724,44.12790768261184,44.350730895996094,1649500
2017-04-07,44.27942033022608,44.475505806571405,44.10116111536775,44.163551330566406,1529700
2017-04-10,44.17247773413479,44.600297921873036,44.03878243796107,44.45769119262695,907400
2017-04-11,44.40421057115239,44.65377148708423,44.341820342169434,44.57355499267578,845400
2017-04-12,44.448767042641144,44.69833131652011,44.395291655390714,44.582462310791016,1789500
2017-04-13,44.43094701894402,44.573553738322296,44.24377633726235,44.386383056640625,1091000
2017-04-17,44.49334620131919,44.86769104003906,44.43095596153473,44.86769104003906,1069400
2017-04-18,44.84985680024824,45.393545993178535,44.84985680024824,45.18854904174805,1286800
2017-04-19,45.22419077909361,45.268754731810134,45.01027904603801,45.14397430419922,1117400
2017-04-20,45.10833375579419,45.19746168488578,44.769641505223575,44.805294036865234,1636600
2017-04-21,44.73399296900129,45.05485898240925,44.689429000475265,44.787471771240234,1335900
2017-04-24,44.91225051879883,45.07268351934329,44.60921078443848,44.91225051879883,2053400
2017-04-25,45.11723318312181,45.14397427474359,44.82310837537537,44.8320198059082,1606300
2017-04-26,44.74290185720317,44.77855438729157,44.35073082625563,44.377471923828125,1571700
2017-04-27,44.413120520290505,44.60029118665845,44.21703502218383,44.368553161621094,1546500
2017-04-28,44.234856558044946,44.252682819605106,43.976380865440234,44.14572525024414,1889900
2017-05-01,44.24378588801995,44.35965493503093,43.95857238769531,43.95857238769531,1117800
2017-05-02,44.00311935384119,44.15464087983788,43.468345097408665,43.52182388305664,1391000
2017-05-03,43.56640004054524,43.56640004054524,43.15640270242898,43.450531005859375,1708600
2017-05-04,44.66268413372148,45.69658367770651,44.59137907550967,45.32223892211914,3420700
2017-05-05,45.322243595399485,45.47376515971715,45.01029243358761,45.25985336303711,1799700
2017-05-08,45.277685367692854,45.313337904993396,44.921170194726734,45.117252349853516,1467700
2017-05-09,45.16180512282234,45.188546219173375,44.64485706020309,44.823116302490234,1042800
2017-05-10,44.80527558925945,45.375702260614844,44.80527558925945,45.340049743652344,1342900
2017-05-11,45.22420164272114,45.32224100224356,45.00137842560095,45.161808013916016,1313400
2017-05-12,45.08129392585384,45.24233077369393,44.76816861772584,44.911312103271484,1210500
2017-05-15,44.777116835013665,45.05445885144647,44.777116835013665,44.95604705810547,1170600
2017-05-16,44.508721417235606,44.7950083975478,44.21348604908302,44.26716613769531,1411900
2017-05-17,44.267158574861675,44.812894104348594,44.07033502971965,44.47292709350586,1603700
2017-05-18,44.428197337648186,44.64291425196661,44.09717869868313,44.44609069824219,1283300
2017-05-19,44.44608341578297,44.66974526734678,44.204528206556986,44.49976348876953,3991500
2017-05-22,44.446082962573875,44.78604992907079,44.374509532654955,44.75026321411133,1168200
2017-05-23,44.803947522677106,45.28705456907074,44.62501734377128,45.00971603393555,1434600
2017-05-24,45.16180565299669,45.49282427433433,45.10812557407326,45.385467529296875,1046900
2017-05-25,45.49282150932071,46.01171866894754,45.4212514879155,45.80595016479492,1152500
2017-05-26,45.805954686120394,45.88647310115466,45.60018616165718,45.716487884521484,770400
2017-05-30,45.752272864036755,46.16380989730196,45.68070283829078,46.1011848449707,1583200
2017-05-31,46.1995977898091,46.50377808577524,46.0743476819659,46.217491149902344,3269400
2017-06-01,46.34274632583927,46.745338439941406,46.01172765993745,46.745338439941406,1560600
2017-06-02,46.76322645121363,47.040568412040834,46.47693951678982,47.031620025634766,1924700
2017-06-05,46.90636176511219,47.18370367773152,46.70059328006256,47.07634353637695,1340200
2017-06-06,47.049511030499175,47.523673102001894,46.816904187726884,47.255279541015625,1724200
2017-06-07,47.156862773406736,47.747329910107005,46.99582597132403,47.64891815185547,1403200
2017-06-08,47.64892320294154,47.666816562048524,46.986885980029356,47.255279541015625,1374900
2017-06-09,47.201607681621134,47.45211133992306,47.04951922194664,47.416324615478516,1234000
2017-06-12,47.33579586386781,47.76522622507693,47.17475905181324,47.32685089111328,1400000
2017-06-13,47.21950287731733,47.33580802987314,46.96900262209867,47.237396240234375,849800
2017-06-14,47.44315594072361,47.68471117580971,47.36263752902824,47.577354431152344,1467100
2017-06-15,47.398433512959684,48.0962576088474,47.36264678680902,47.908382415771484,1211900
2017-06-16,47.75628983170738,47.997845093184466,47.15687416519541,47.595252990722656,3879800
2017-06-19,47.65788033209351,48.123097515794946,47.34475160948932,48.087310791015625,1056200
2017-06-20,48.167825834559956,48.47200614821455,47.872590495067406,47.89048385620117,1454700
2017-06-21,47.90836996973916,48.05151342434478,47.41631455783292,47.434207916259766,1257200
2017-06-22,47.40737660224673,47.47894663373873,47.18371470801852,47.27317810058594,1642900
2017-06-23,47.31790417541505,47.67576452878957,47.31790417541505,47.45210266113281,1339900
2017-06-26,47.59525321314905,47.63103993638173,47.398429648179075,47.49684143066406,821700
2017-06-27,47.39842899531938,47.63998425459817,47.130035400390625,47.130035400390625,1300600
2017-06-28,47.38053675576496,47.478948539224504,47.022679758323655,47.04057312011719,1076500
2017-06-29,46.8974243549961,46.933211077155605,46.181706975854176,46.35169219970703,1141100
2017-06-30,46.34274463912151,46.593248285895285,46.34274463912151,46.4143180847168,1229100
2017-07-03,46.47692574620048,46.75426421204596,46.38745897269512,46.53955078125,398000
2017-07-05,46.584296778740196,46.664815193237196,46.262223120752225,46.32484817504883,1478700
2017-07-06,46.32484829932274,46.57535192999068,46.11013480196109,46.4769401550293,1272100
2017-07-07,46.67376739058818,47.00478948631308,46.49484058651097,46.52167892456055,1163200
2017-07-10,46.56640856436314,46.96900068133657,46.55746358967922,46.79901885986328,1233100
2017-07-11,46.8079511994645,46.87952462885514,46.52166430751986,46.682701110839844,1345700
2017-07-12,46.79901437233791,46.968996177511755,46.37852893350684,46.43220901489258,1786700
2017-07-13,46.441160497601786,46.56641062557985,46.208553604615396,46.52167892456055,864800
2017-07-14,46.70953825210434,47.10318527812003,46.682699923170134,47.07634353637695,1066300
2017-07-17,46.986893493583544,47.72050427023351,46.593249768711075,47.7115592956543,2017800
2017-07-18,47.73839090316647,48.051516161449605,47.61314079985321,47.97994613647461,1227600
2017-07-19,48.03362695331968,48.03362695331968,47.335802938659484,47.37158966064453,1189900
2017-07-20,47.43420985332778,47.72944174740423,47.34474305753999,47.407371520996094,1620000
2017-07-21,47.13002444399593,47.66681150906565,47.00477435633359,47.64891815185547,1312000
2017-07-24,47.59525667295533,47.59525667295533,47.10320113757153,47.237396240234375,1389000
2017-07-25,47.42526891697178,47.7115592956543,47.22844876094046,47.7115592956543,895300
2017-07-26,47.854698394182414,48.09625022659871,47.70260653779155,48.01573181152344,933600
2017-07-27,47.988898446508706,48.31097214015935,47.82786159968339,48.132041931152344,1285600
2017-07-28,48.13202365849942,48.13202365849942,47.46103818906084,47.68470001220703,1050900
2017-07-31,47.756295792581646,47.93522601743291,47.675777362039085,47.729454040527344,1039200
2017-08-01,47.80996499465749,47.818913381546324,47.335802873838674,47.42526626586914,1233100
2017-08-02,47.317913843259184,47.317913843259184,46.718501553617514,47.17477035522461,2008000
2017-08-03,45.600181617837464,46.58429244769736,45.448089776679225,46.31589889526367,2580500
2017-08-04,46.25328076204451,46.25328076204451,44.991827805480106,45.08129119873047,2350100
2017-08-07,45.08129231392048,45.22443579434786,44.87552377410673,44.99182891845703,2642700
2017-08-08,44.9649781887472,44.9649781887472,44.428191097559065,44.4639778137207,1745000
2017-08-09,44.3834510239105,44.750256263248254,44.3834510239105,44.660789489746094,1378900
2017-08-10,44.446084165585376,44.66079763553577,44.32083407264613,44.35662078857422,1828900
2017-08-11,44.41049791430417,44.8775045652375,44.383552916984804,44.56317138671875,1276400
2017-08-14,44.64402059228547,44.93140890909033,44.59013742409642,44.886505126953125,1438100
2017-08-15,44.85057620850329,45.01223254864829,44.679940483211844,44.69790267944336,1094400
2017-08-16,44.715852199739,45.272666421317155,44.715852199739,45.146934509277344,1141300
2017-08-17,45.12000253588897,45.31757982858894,44.760765488535306,44.769744873046875,881100
2017-08-18,44.73382801574478,45.01223349836076,44.679941425913285,44.94936752319336,1130300
2017-08-21,45.03917627030395,45.42535491341132,44.80567115189838,45.26369857788086,1355700
2017-08-22,45.31757972056146,45.506177628300286,45.15592339223151,45.236751556396484,922700
2017-08-23,45.12898606335965,45.23675581708394,44.82363557285857,44.94936752319336,761900
2017-08-24,44.904452597847374,45.14693705298829,44.47337026402058,44.54521560668945,962800
2017-08-25,44.70688807340313,44.958355428504085,44.67096710205078,44.67096710205078,865900
2017-08-28,44.70688807340313,44.83262003798406,44.446444757887946,44.67096710205078,1239200
2017-08-29,44.66197513600025,44.81465208022719,44.410511258377525,44.4733772277832,869500
2017-08-30,44.35661772800358,44.67095095175122,44.21292361672798,44.54521560668945,955600
2017-08-31,44.57217471253281,45.093064746013255,44.51828811902561,45.0571403503418,1338400
2017-09-01,45.11102555177363,45.31758568160192,44.97631421107109,45.09306335449219,1178400
2017-09-05,44.8505854760414,45.308613009741315,44.8505854760414,45.25472640991211,1647400
2017-09-06,45.29064432468638,45.29962371040251,44.41949659485248,44.7428092956543,1049400
2017-09-07,44.81464963069059,44.91343655868677,44.29375628301415,44.43745040893555,1071900
2017-09-08,44.29376190827971,44.29376190827971,43.7638891092878,44.11414337158203,1183700
2017-09-11,44.176992875868834,44.68890328775131,44.07820597215565,44.56317138671875,1495800
2017-09-12,44.65299044987605,44.84158833570104,44.36560221644618,44.39254379272461,1337500
2017-09-13,44.37458794531534,44.44643672691594,44.10516186619002,44.257835388183594,1193400
2017-09-14,44.18598565945916,44.60808521880309,44.132099078591835,44.59910583496094,1225700
2017-09-15,44.50929383884617,45.326554724226185,44.50929383884617,45.29063034057617,2644100
2017-09-18,45.29064087261397,45.470259406695355,45.09306014253058,45.45229721069336,2019200
2017-09-19,45.524136312411116,45.793565789474975,45.30859684188576,45.41636657714844,1211600
2017-09-20,45.38942688185161,45.47025504313462,44.527262112125044,44.62604904174805,1482500
2017-09-21,44.527253151625146,44.60807787070503,43.4764872663983,43.548336029052734,1445800
2017-09-22,43.512414746596264,43.88063111657996,43.35075844504851,43.65610885620117,1310100
2017-09-25,43.74591971685367,43.86267226039225,43.47649366909685,43.53038024902344,1112300
2017-09-26,43.55731101106771,43.89858574732406,43.395654737364026,43.77285385131836,955400
2017-09-27,43.69203811057836,43.77286627036241,42.82089054689896,43.144203186035156,1162300
2017-09-28,43.08133787660213,43.36872613222681,42.94662313293008,43.21604919433594,1553400
2017-09-29,43.29687774765625,43.55732442728168,43.2160495859083,43.512420654296875,1184800
2017-10-02,43.52140013230073,43.67407707190397,43.0094895821067,43.045413970947266,957900
2017-10-03,43.04541504909976,43.16216760278673,42.49758009634363,42.533504486083984,1383600
2017-10-04,42.506571447646316,42.811918543978,42.42574326745879,42.784976959228516,3754100
2017-10-05,43.099300554208114,43.3328022297952,42.86579545268274,43.045413970947266,1926300
2017-10-06,42.96458450748747,43.13522021040361,42.55146432615062,42.61433029174805,1290000
2017-10-09,42.61432414717374,42.695152294992674,42.08445149501354,42.228145599365234,1799200
2017-10-10,42.22814765906778,42.56942245827557,41.68929217201266,42.55146026611328,1675400
2017-10-11,42.64127666257364,43.22503603838074,42.407774967813936,42.56943130493164,1190700
2017-10-12,42.51555185480242,42.86580616871232,42.479627456981106,42.85682678222656,1159500
2017-10-13,42.86580086940394,43.34178709090522,42.767010500577925,43.07236099243164,1220600
2017-10-16,43.05438929027217,43.063372099603356,42.775983867888755,42.9825439453125,1231200
2017-10-17,42.802927541501695,42.883755699753415,42.551463682913294,42.83885192871094,1119200
2017-10-18,42.856820002458235,43.00051414507252,42.45267915574975,42.57841110229492,1401200
2017-10-19,42.407775315594456,42.4616584777832,42.12936641584443,42.4616584777832,1273000
2017-10-20,42.3987777592991,42.40776056716561,41.11451030938045,41.47374725341797,2418000
2017-10-23,41.50968731741359,41.71624743920566,41.303127195621514,41.48274230957031,1737100
2017-10-24,41.49170925901138,41.65336554051685,41.02470260421083,41.06062698364258,1546600
2017-10-25,41.03368784248106,41.312096683905885,40.34215885644226,41.096553802490234,1530900
2017-10-26,41.141460996157825,41.43782860392424,41.015725650201595,41.096553802490234,1453500
2017-10-27,40.73732132766141,40.91693982933715,40.49483686428986,40.70139694213867,1712000
2017-10-30,40.611601814222915,40.6385433986287,40.18949872019081,40.243385314941406,2194700
2017-10-31,40.243386863861886,40.800201327293074,40.180520880536065,40.56669616699219,3555300
2017-11-01,40.76425617320943,41.74317324847741,40.66546584230224,41.47374725341797,4003700
2017-11-02,41.37497807963824,41.401919665139566,39.51593330938546,40.800201416015625,5230900
2017-11-03,40.800185274740336,40.86305123333198,39.066873157141565,39.444068908691406,2914300
2017-11-06,39.36325125668452,39.408155031469725,38.80643348634504,38.90522384643555,2897600
2017-11-07,39.02197525573128,39.408153874232895,38.99503025090067,39.30038070678711,3160600
2017-11-08,39.51593354823223,40.18052121077483,39.51593354823223,39.920074462890625,2412100
2017-11-09,39.857193534543924,40.234389296168956,39.50693934848128,39.51591873168945,2566300
2017-11-10,39.51593188067388,40.38707965707105,39.48000748401154,40.18949890136719,3618800
2017-11-13,40.22541234964699,40.91694138045402,40.18948796276239,40.89897918701172,2189700
2017-11-14,40.80880434014789,41.44911845550543,40.80880434014789,41.25071334838867,3565400
2017-11-15,41.16051633459231,41.22364568649327,40.02418456008337,40.051239013671875,1850100
2017-11-16,40.22259009971653,40.8719245159148,40.11436884378072,40.709590911865234,2138100
2017-11-17,40.46609327261266,40.772723052306,40.07829668534485,40.357872009277344,1871300
2017-11-20,40.38493022004187,40.538246844289944,40.051245953561626,40.29474639892578,1486100
2017-11-21,40.35787744790959,40.75469109380835,40.258673176361796,40.40296936035156,1257300
2017-11-22,40.61940698909945,40.76370314336497,40.16848107698323,40.366886138916016,1523000
2017-11-24,40.52020186861269,40.52020186861269,40.22258912166135,40.420997619628906,900600
2017-11-27,40.34886291029369,40.81782295673458,40.33082545615479,40.673526763916016,1490900
2017-11-28,40.81780392986567,41.20560041235243,40.74565758723308,41.16952896118164,2519300
2017-11-29,42.305875997809,42.495264086835896,41.782803641407234,42.197654724121094,3081500
2017-11-30,42.60348365427826,43.37907336902398,42.27881643214236,42.468204498291016,3530900
2017-12-01,42.35997085858568,42.45917508527974,41.43106136887019,42.24272918701172,3149200
2017-12-04,42.61250597846317,43.649637129717284,42.44115534107616,43.60454177856445,2666200
2017-12-05,43.51433883346112,43.79391406239839,43.28887593795096,43.5413932800293,2832800
2017-12-06,43.60453741909026,43.739816578439324,42.92814850292883,43.09950256347656,1869700
2017-12-07,43.04540096693917,43.40614318847656,42.83797539365764,43.40614318847656,2115400
2017-12-08,43.47827744466431,43.784907215379356,43.1355762140883,43.64963150024414,1506000
2017-12-11,43.55042801768534,43.649632274719785,43.18066888528819,43.25281524658203,1447300
2017-12-12,43.487292779319084,43.98331055710763,43.07243835689843,43.64060592651367,1957100
2017-12-13,43.66767768678374,43.73982750720833,43.18969716749557,43.40614318847656,1787100
2017-12-14,43.4512217529612,43.88411022159805,43.288888147185915,43.703739166259766,1375700
2017-12-15,43.97430324294053,44.63265824891242,43.24380530418418,44.2448616027832,3294900
2017-12-18,43.956264330736175,44.94830007195026,43.9382268794042,44.42522430419922,1972600
2017-12-19,44.67773718653875,45.1827719722792,44.34404955705572,44.38914489746094,1588700
2017-12-20,44.42522200957009,44.78596413699256,44.199759040004025,44.62363052368164,1621000
2017-12-21,44.66872086686158,44.912221278309424,44.506387259229676,44.641666412353516,1918900
2017-12-22,44.794994349134086,45.137699127197266,44.61462667253622,45.137699127197266,1446200
2017-12-26,45.1737557215307,45.36314376934094,44.97534722937245,45.23688507080078,923100
2017-12-27,45.354131143680604,45.354131143680604,45.020443476420645,45.146705627441406,676100
2017-12-28,45.30905621837274,45.35414814048991,44.948313960849084,45.25494384765625,951100
2017-12-29,45.390210259098104,45.62469025218491,45.24591064453125,45.24591064453125,902600
2018-01-02,45.1557254819242,45.263946749336604,44.56050335071788,44.57854080200195,4942300
2018-01-03,44.64166920151264,44.7228360103998,44.064484534000414,44.289947509765625,1650000
2018-01-04,44.42521933578506,45.11062864857719,44.39816488195884,45.03847885131836,1495700
2018-01-05,45.164744017183835,45.363149092331774,44.91222315018078,45.155723571777344,1478400
2018-01-08,45.13768112549299,45.777995066808465,45.13768112549299,45.489402770996094,1351800
2018-01-09,45.50744622203128,45.66076283456832,45.4082419622059,45.44431686401367,1414100
2018-01-10,45.17375307180257,45.263936868243825,44.235826451531764,44.9031982421875,1453800
2018-01-11,44.84007572277127,45.00240933331114,44.41620424632915,44.5244255065918,1666400
2018-01-12,44.63264600316777,44.677737904005646,44.16368266581251,44.20877456665039,1395500
2018-01-16,44.596577429078486,45.02044548539842,44.38013145796184,44.41620635986328,2435900
2018-01-17,44.68677004472608,45.191808449939,44.62364067411105,44.95732498168945,2057700
2018-01-18,44.93026703734828,45.12867558121186,44.54247039631988,44.614620208740234,1444100
2018-01-19,44.79497526748685,45.200809247541756,44.79497526748685,45.01142120361328,1713800
2018-01-22,44.88516559204127,45.191795349121094,44.81301579494405,45.191795349121094,1892200
2018-01-23,45.02945701291505,45.06553190767184,44.704789840686566,44.96632766723633,1685100
2018-01-24,45.00241133885378,45.11063260393933,44.199760255284346,44.289947509765625,2650200
2018-01-25,44.371112961464085,44.70479719210837,44.19975890333689,44.497371673583984,2100800
2018-01-26,44.253872607973115,44.307984960661884,43.9021509162261,44.289947509765625,2211200
2018-01-29,44.21779305763811,44.53344325470083,44.118588808283874,44.12760925292969,1726000
2018-01-30,44.08252067734258,44.596575971616254,43.902149614022086,44.28092575073242,1774900
2018-01-31,44.21779549319486,44.54246271249474,43.8660738190506,44.05546188354492,2764000
2018-02-01,44.10956138855987,44.21778261671456,43.67667303565029,43.73078536987305,2365700
2018-02-02,43.41515241289692,43.41515241289692,41.60243150335334,41.78280258178711,5484500
2018-02-05,42.04433114771813,44.00135139829293,42.04433114771813,42.765811920166016,4838800
2018-02-06,42.30586544925208,44.16368129250947,42.15255230311238,43.1716423034668,5139900
2018-02-07,43.63160230751778,44.0464534169106,42.70269237439085,42.72072982788086,4354600
2018-02-08,42.801890320520826,43.29790817714016,42.432131179372746,42.72974395751953,2372800
2018-02-09,43.17164627259865,44.04644365130282,42.801887158764515,43.79392623901367,3865000
2018-02-12,43.90214374909853,44.45227387060234,43.4331804232312,43.857051849365234,2083900
2018-02-13,43.73980729190685,44.082511899949715,43.6856949515976,43.866065979003906,1604000
2018-02-14,43.88237188777711,44.444039762845016,43.74648717409013,44.280975341796875,1352300
2018-02-15,44.39874738841952,45.04194756072887,43.86425914865214,45.03288650512695,1636500
2018-02-16,44.9060537287093,45.29559613190607,44.806402864294355,45.09629440307617,3294700
2018-02-20,44.7701678240109,44.96041196378657,43.7827270959053,43.82802200317383,2135800
2018-02-21,43.79178665713524,44.19944775237704,43.429420471191406,43.429420471191406,1846900
2018-02-22,43.520020773198766,44.00921416648408,43.47472585658656,43.637786865234375,1566100
2018-02-23,43.75555024099462,44.55275379288413,43.483777323876424,44.49839782714844,1962700
2018-02-26,44.72487684188614,45.5311380116767,44.552754796848,45.28654479980469,2189100
2018-02-27,45.19594536936677,45.77572844823729,44.80640296529194,44.81546401977539,2907300
2018-02-28,45.06006004152154,45.08723629304295,44.561805725097656,44.561805725097656,2481700
2018-03-01,44.48028333910651,45.05100893757013,44.08168325370837,44.47122573852539,2555700
2018-03-02,44.37156987425046,45.340895449343186,44.37156987425046,45.322776794433594,1844900
2018-03-05,45.28654740207743,45.88444924987967,45.23219143199344,45.67608642578125,2104800
2018-03-06,45.66702753338865,46.029393745469626,45.24124775256055,45.99315643310547,1624600
2018-03-07,45.79384946851002,45.83008677675747,45.168771452251136,45.259361267089844,2043400
2018-03-08,45.2684220067392,46.20151022504245,45.186889791640276,46.18339157104492,1396400
2018-03-09,46.201513361808466,46.2739879827191,45.58549290718861,45.8300895690918,1394500
2018-03-12,45.88444588703181,46.05656792934575,45.712320388937705,45.802913665771484,1355800
2018-03-13,45.68514274908534,46.00221056894302,45.54925456584345,45.96597671508789,1439200
2018-03-14,45.830076217102025,46.11091010764327,45.12346614798555,45.15064239501953,1843000
2018-03-15,45.20501993449227,45.55832513778679,44.70676546237869,44.87889099121094,1378100
2018-03-16,45.06007516914641,45.35902440358465,44.90606829533573,45.30466842651367,3123600
2018-03-19,45.41337133597046,45.965978230899964,45.25936449283232,45.46772384643555,1965200
2018-03-20,45.522080190188156,45.78479551221529,44.85170375739135,45.00571060180664,1338600
2018-03-21,44.94230269266709,44.94230269266709,44.30816349117394,44.380638122558594,1541400
2018-03-22,44.389686456019376,44.697696663537236,43.809903349110435,43.82802200317383,1578400
2018-03-23,43.93673505943145,44.081680851293214,42.81340258066762,42.849639892578125,2373200
2018-03-26,43.085173271469564,43.28447154908398,42.51444777951869,42.913047790527344,1993200
2018-03-27,42.91305556491195,44.00015078507451,42.84058439331734,43.628726959228516,1851000
2018-03-28,43.77366447689041,45.19594594013754,43.77366447689041,44.60710525512695,2647000
2018-03-29,44.8698259056607,45.79385667673919,44.80641233413594,45.621734619140625,1858600
2018-04-02,45.58549985739889,45.58549985739889,43.97297730986489,44.3262825012207,1936000
2018-04-03,44.45310782045315,45.195955488548904,44.335338276258305,44.978538513183594,2238400
2018-04-04,44.87887991610923,46.02938853508495,44.68863923140251,45.721378326416016,2024300
2018-04-05,45.76667930838555,46.020333588328256,44.8698248166475,45.16877746582031,1985800
2018-04-06,44.9422984333095,45.657969799393086,44.516518653729094,44.842647552490234,1243500
2018-04-09,44.96040978949302,45.15970806299242,44.61616229049625,44.81546401977539,1483900
2018-04-10,44.9875919462413,45.24124621259568,44.82452750193344,45.00571060180664,1413100
2018-04-11,44.80641511583056,44.98759824105551,44.48028618158178,44.733943939208984,1152300
2018-04-12,45.02382976863951,45.06006708018168,44.072622803229,44.2085075378418,1216600
2018-04-13,44.20850649664529,44.48027941525034,44.02732339898188,44.34439468383789,763000
2018-04-16,44.87888755754498,45.61267416800548,44.5255823812817,45.38619613647461,1028600
2018-04-17,45.65796579858523,45.70326070704855,45.17783009269005,45.58549118041992,1078700
2018-04-18,45.55832175173816,45.73044381199694,45.386196235698876,45.54020309448242,1330600
2018-04-19,44.761117854611676,44.77923651176348,43.5019005566956,44.13603973388672,3181100
2018-04-20,43.646838359290754,43.83707904084991,41.48170933525497,41.52700424194336,4577100
2018-04-23,41.50888638720975,41.72630678159145,40.92910327656513,41.1374626159668,3275900
2018-04-24,41.173696918062795,41.40923249364725,40.64826635254254,41.18275451660156,2639400
2018-04-25,41.11028259851653,42.13396054761644,41.101221544366126,41.572296142578125,1688100
2018-04-26,41.56324673102259,41.916551885328076,41.29147380123224,41.79878234863281,1910200
2018-04-27,41.75349239826083,42.44198413260173,41.726316138786274,42.378570556640625,1409500
2018-04-30,42.57787080941682,42.57787080941682,41.66290106363026,41.85314178466797,1811600
2018-05-01,41.85314337970374,41.952794272363285,41.219004162963536,41.94373321533203,2199500
2018-05-02,41.87125524477965,42.08867219732604,41.445475483687744,41.55418395996094,5796200
2018-05-03,41.89842975264957,43.3569486169639,41.46359240991026,43.076114654541016,6721300
2018-05-04,43.03987757489898,43.03987757489898,42.55068772157093,42.89493179321289,2461000
2018-05-07,43.0489501953125,43.221072277374404,42.541638095230795,43.0489501953125,2701800
2018-05-08,43.18482555174189,43.37506970769659,42.96740859605109,43.23918151855469,5634900
2018-05-09,43.193883953041265,43.35694838767866,42.89493133761269,43.25729751586914,1918800
2018-05-10,43.47471524456521,43.66495592136778,43.15764399411447,43.275413513183594,1713300
2018-05-11,43.30259719328641,43.501898958855314,42.8587022046034,42.99458694458008,2101300
2018-05-14,43.04736772414638,43.22938688960588,42.62872607379832,42.81074523925781,1785000
2018-05-15,42.52861627676041,42.57412020117532,41.86424925946739,42.33749771118164,4021800
2018-05-16,42.31929997809884,42.519521433033965,42.09177685993702,42.419410705566406,2464800
2018-05-17,42.49220657348633,42.54681335916989,42.21008019343741,42.49220657348633,2864600
2018-05-18,42.35569407133243,42.373896332906554,41.45470121790824,41.973453521728516,5852000
2018-05-21,42.11907942946352,42.31930088870693,41.791445576784255,42.23739242553711,1928000
2018-05-22,42.42851543661405,42.71974478673476,42.24649622485668,42.2920036315918,1913100
2018-05-23,42.31018918571378,42.892647655860685,42.00075768948245,42.85624313354492,2368300
2018-05-24,42.8653510781563,43.10197704867971,42.43761000667127,42.52861785888672,1252000
2018-05-25,42.54682160972187,43.30220000205612,42.54682160972187,43.15658187866211,2055000
2018-05-29,43.03826901035485,43.7117354199853,42.929055426311905,43.329498291015625,2999700
2018-05-30,43.40230296280718,43.993864379558474,42.82894728140715,43.8027458190918,2003000
2018-05-31,43.69353171811542,43.69353171811542,42.337496075611796,42.72883605957031,4138900
2018-06-01,42.865353195161276,43.220292168475865,42.62873068467875,43.065574645996094,1942100
2018-06-04,43.19299343970816,43.32040584668873,42.71974487683198,42.783451080322266,1585600
2018-06-05,42.90175573577631,42.965461926862666,42.43761013332902,42.5559196472168,2375000
2018-06-06,42.50132282070699,42.61963582440584,42.15548667928671,42.53772735595703,1622500
2018-06-07,42.501309054986436,43.265786688993366,42.2373814674983,43.13837432861328,1827400
2018-06-08,43.11107769118755,43.993868464444915,43.11107769118755,43.85735321044922,1562700
2018-06-11,43.83004160961643,44.86754619519655,43.75723603659438,44.458003997802734,3003700
2018-06-12,44.84025884105053,45.277102833692936,44.103082650619776,45.222496032714844,3589000
2018-06-13,45.140575882677936,45.34079729604375,44.894854021199116,45.16788101196289,2806400
2018-06-14,45.20428452825049,45.40450595252758,44.794745755649885,45.32259750366211,2256500
2018-06-15,45.25888983054133,45.82314608655423,45.16788198889385,45.74123764038086,2944700
2018-06-18,45.62292960886785,45.82314756128124,45.38630365820649,45.75944137573242,2518600
2018-06-19,45.72303940007394,47.05177334579805,45.72303940007394,46.815147399902344,3495500
2018-06-20,46.60583654507591,46.73324894083875,45.92326716343721,46.18719482421875,1662900
2018-06-21,46.18718277487664,46.32369800428116,45.895953525758394,46.13257598876953,1075100
2018-06-22,46.11438109966875,46.56032791152681,46.05977777655796,46.077980041503906,1845300
2018-06-25,45.98696713600128,47.08818156115167,45.93236381476745,46.93346405029297,2347600
2018-06-26,46.91528165931005,47.27021728458861,46.49663981778807,47.042694091796875,1703800
2018-06-27,47.13369223149525,47.71615088619264,46.842462904146565,47.57963562011719,2383700
2018-06-28,47.61602940070806,48.435113868729786,47.50681929554738,48.38960647583008,3698100
2018-06-29,48.38051223754883,48.79915391172998,48.025576754146236,48.38051223754883,2256100
2018-07-02,48.23489701578113,48.42601558583673,47.96186999116927,48.18029022216797,1516300
2018-07-03,48.517020705350824,48.68993698876039,48.05287169830046,48.489715576171875,916100
2018-07-05,48.626245418845826,49.463528901767496,48.58074148550923,49.427127838134766,2722400
2018-07-06,49.527219942149415,49.82755205934681,49.3361013976019,49.745643615722656,1943600
2018-07-09,49.47261976654836,49.67284119071718,48.59893196027365,48.64443588256836,2128400
2018-07-10,48.64443641190061,49.64553660018484,48.38050879930188,49.572731018066406,2115300
2018-07-11,49.86395658356343,49.98226607967769,49.44531497025177,49.745643615722656,2501300
2018-07-12,49.74564201711199,50.10057743750171,49.527218350557945,49.99136734008789,2116300
2018-07-13,50.055077294544866,50.91056282030276,49.97316884737563,50.86505889892578,1942300
2018-07-16,50.892375539353225,50.892375539353225,49.83666828268035,49.9367790222168,2418400
2018-07-17,49.9367643736105,50.164287452459114,49.75474521618627,49.84575653076172,1704600
2018-07-18,49.636442003690405,49.827560580923276,48.70814730776732,48.95387268066406,2308200
2018-07-19,48.95387275450576,49.61823981331295,48.371414153454374,49.272403717041016,1614500
2018-07-20,49.190498020778726,50.08238823767417,49.14499409096589,50.03688430786133,2448300
2018-07-23,50.082379005204544,50.227993636798594,49.572729530488715,49.84575653076172,1075400
2018-07-24,49.572733597465465,50.02777979249496,49.25419917790865,49.7547492980957,1259700
2018-07-25,49.77294893703605,50.06417820875475,49.226894920495184,50.00957489013672,1854800
2018-07-26,50.12788317701015,50.519219653492954,49.836650460810745,50.33720397949219,1240000
2018-07-27,50.18249568839748,50.564736311657605,49.99137711263096,50.38271713256836,1379200
2018-07-30,50.182500238303525,50.664848155655136,49.92767544751059,50.31901550292969,1467000
2018-07-31,50.31900768329138,51.19269552028989,50.00957614038856,50.87416458129883,2316600
2018-08-01,50.801357223229175,50.801357223229175,49.62733720018583,50.19159698486328,2581800
2018-08-02,50.628432389953744,52.39401008945219,50.29169576080127,51.684139251708984,3159500
2018-08-03,51.911666390013416,52.81265583612053,51.8752618642627,52.02997589111328,1722200
2018-08-06,51.95718532841628,52.43953328298208,51.838872321394,52.29391860961914,1316900
2018-08-07,51.97538005671094,52.02088398458687,51.15629546803564,51.392921447753906,2313700
2018-08-08,51.26550335266283,51.46572130736833,50.874163367396186,50.91056442260742,1677600
2018-08-09,50.81955499245869,51.01067354533408,50.300802650810255,50.573829650878906,2300200
2018-08-10,50.60113791502906,51.19269938550799,50.53743172242081,50.728553771972656,855300
2018-08-13,50.90146342471803,51.03797866057563,50.510123451768,50.86505889892578,1336600
2018-08-14,50.95460111850553,51.27437935939746,50.62568436483301,50.6622314453125,1628200
2018-08-15,50.735329981834774,51.301799361070756,50.52518946450089,51.21957015991211,1187300
2018-08-16,51.301800069231064,52.032724375551915,51.22870589593797,51.94135665893555,1030500
2018-08-17,51.94136203804387,52.34337306214458,51.877406372450096,52.21546173095703,1321500
2018-08-20,52.352487365210614,52.873270999046305,52.3433523388806,52.653995513916016,3026800
2018-08-21,52.47126347291551,52.62658331733903,51.557607488341425,51.88652420043945,1541200
2018-08-22,51.85912417521644,51.87739771738343,51.36575247799459,51.4936637878418,932200
2018-08-23,51.393159219266735,51.767758107052074,51.265247913972466,51.63984680175781,719800
2018-08-24,51.63070244298075,51.639840955365244,51.356606321907385,51.46624755859375,963500
2018-08-27,51.65812019346586,51.74948441546205,50.9180574481388,51.347476959228516,653200
2018-08-28,51.62157169714967,52.169763984760685,51.429704745017965,51.575889587402344,842100
2018-08-29,51.71293098323946,51.84084575777911,51.28351501019495,51.62156677246094,661700
2018-08-30,51.62157013017671,51.941348374022674,51.411429643460586,51.511932373046875,580400
2018-08-31,51.63070867771096,51.95962545684626,51.46625377346501,51.69466781616211,1116900
2018-09-04,51.22870688459896,52.114954583610285,51.21957185542203,51.60330581665039,1155700
2018-09-05,51.43884035825414,52.818463091446866,51.32006408330208,52.717960357666016,1997700
2018-09-06,52.53522261272769,53.257011725101385,52.28853506222068,53.101688385009766,1305300
2018-09-07,52.83673711943549,53.85089252386966,52.791051523425736,53.62247848510742,1342800
2018-09-10,53.90571611646333,54.152403710150175,53.41234092908965,53.43061447143555,934800
2018-09-11,53.48543492574995,53.960536569243466,53.15651813522968,53.90571594238281,1147700
2018-09-12,53.85089094796092,54.44476882549197,53.777800270063196,54.298583984375,1205700
2018-09-13,54.2437622225934,54.325991411827104,53.67729641082871,54.316856384277344,846100
2018-09-14,54.28944211855382,54.581815268053184,53.96052886034452,54.40821838378906,1035900
2018-09-17,54.4813149605002,54.81936674621183,54.27117447287829,54.636634826660156,921700
2018-09-18,54.563541412353516,54.67317916445495,53.97880208738415,54.563541412353516,1142800
2018-09-19,54.435637029551664,54.60923044952119,53.72298283714037,53.89657974243164,1013900
2018-09-20,54.02448758228072,54.60922694392727,53.96966696013079,54.508724212646484,1018400
2018-09-21,54.77368587818555,55.175693322046826,54.62750103629767,54.85591506958008,1988600
2018-09-24,54.84677457920121,54.92900376763131,53.80520718263417,53.997074127197266,1374200
2018-09-25,54.1889441290892,54.49958734011371,53.860027377966624,53.91484451293945,884200
2018-09-26,54.088447263753416,54.69146021106377,53.878306757830906,54.27117919921875,1211900
2018-09-27,54.207221050113866,54.37167595061088,53.75039297513359,53.80521011352539,870100
2018-09-28,53.83261701813737,54.26203651064346,53.76866136844347,54.2437629699707,1039600
2018-10-01,54.28944211855382,54.600085322408155,54.225486472347455,54.40821838378906,716000
2018-10-02,54.45390572110006,55.20310349318855,54.45390572110006,54.94728088378906,916200
2018-10-03,55.13000802768257,55.13000802768257,53.951390847555,53.987937927246094,2239400
2018-10-04,53.64074645880108,53.64074645880108,52.681408292638594,53.26614761352539,1593900
2018-10-05,53.2022022204956,54.21636120042077,53.2022022204956,54.07931137084961,928900
2018-10-08,54.024486904281765,54.73713755667965,53.96966628281982,54.636634826660156,1316900
2018-10-09,54.609221859816664,54.9655471573136,54.170667379411114,54.2894401550293,968700
2018-10-10,52.206319029728554,53.17479593657301,51.01856656852216,51.128204345703125,3130500
2018-10-11,50.94547395662807,51.32007290170173,49.757721458979084,50.132320404052734,2542600
2018-10-12,50.707922569060855,51.42057333851216,50.28764152478557,51.22870635986328,1470000
2018-10-15,51.21956305598839,52.51695306619154,51.16474243437868,52.124080657958984,1552600
2018-10-16,52.59917623226161,53.6681555766413,52.30680658780177,53.458011627197266,1568600
2018-10-17,53.32096531684982,53.71383768009044,52.76363459293541,53.458011627197266,1286500
2018-10-18,53.44887805148337,54.50871891274951,53.0560056775784,53.969661712646484,1381300
2018-10-19,55.19396317095263,55.98884297771483,54.554403223478566,55.120872497558594,1721900
2018-10-22,55.33101585336932,55.33101585336932,53.99707527001319,54.71886444091797,1059400
2018-10-23,54.51785953480732,54.654909348261626,53.54024775577641,54.325992584228516,1208700
2018-10-24,54.44477592089744,55.614254802243174,54.25290894542453,54.746280670166016,1732700
2018-10-25,54.93813540548966,54.93813540548966,53.7046977333897,54.16152572631836,2084500
2018-10-26,53.82347318755018,53.82347318755018,52.40730712758173,53.01945495605469,1637100
2018-10-29,53.52197018109975,54.271167822668055,53.01945659257866,53.79606628417969,2493700
2018-10-30,54.07016847195188,55.111735872059214,54.07016847195188,55.02950668334961,1872000
2018-10-31,54.36253924168289,54.72800308449508,53.5311123103406,54.2437629699707,3903700
2018-11-01,55.5320215338951,59.60692726233106,55.44065730997641,59.26887893676758,5564500
2018-11-02,59.5155591056943,60.83122614924476,59.46987351143207,60.35612106323242,3833900
2018-11-05,60.14599263213873,61.479929921142364,60.14599263213873,60.84036636352539,2962900
2018-11-06,60.79466724321074,62.04637839371815,60.538844694643764,62.01896286010742,2634700
2018-11-07,62.028120469979804,62.06466755540544,59.93584688120802,60.40181350708008,3254400
2018-11-08,60.5205785737376,60.5205785737376,58.09025695393875,58.86686325073242,5571500
2018-11-09,58.91255161994233,60.11857745913419,58.62018193076379,59.89016342163086,2491800
2018-11-12,59.725704505013404,61.087050204654716,59.57951617640171,60.31044387817383,1864200
2018-11-13,60.29216971681168,60.45662810899318,59.44246918564785,59.88102722167969,1595300
2018-11-14,60.15419800180592,60.44754338731761,59.714176426585574,60.02585983276367,1196900
2018-11-15,60.09920803321795,60.39255350219266,59.43917897954792,60.32838439941406,1164800
2018-11-16,60.18170623944539,60.66755894472424,59.888360813961555,59.95252990722656,1501800
2018-11-19,59.73252084188897,60.172535470309214,58.92581569994116,59.42083740234375,1619400
2018-11-20,59.87918187091829,59.98001999988226,58.94414566786793,59.05414581298828,2192200
2018-11-21,58.889150297552646,60.42921558026381,58.66914296971015,60.07170104980469,1822000
2018-11-23,59.952522442672965,60.814220588671155,59.815015261681054,60.44754409790039,744900
2018-11-26,60.401722753820486,60.66756817892742,59.76919374256924,60.17254638671875,1771600
2018-11-27,60.282527173840116,60.77754874936772,59.69583649037879,60.69504165649414,1170100
2018-11-28,60.6217146899113,61.72176516856637,60.61255267317096,60.82339096069336,1606300
2018-11-29,60.621727220720025,60.96091074568311,60.03503630839446,60.46588897705078,1806000
2018-11-30,60.401716699101655,60.72256218210073,60.09920224631383,60.67673110961914,4142800
2018-12-03,60.80507603727126,61.0159143806333,59.81503244244466,60.878414154052734,1839800
2018-12-04,61.19924272125601,62.033440838383875,60.860059270521575,61.05256652832031,1714900
2018-12-06,60.88756799343042,61.391758736184094,60.15420790586042,61.16258239746094,2026400
2018-12-07,61.171759362063355,61.47426685313684,60.83257581885038,61.24509048461914,1380900
2018-12-10,61.48343589092945,61.6576121691235,60.14504673751608,61.03425216674805,1566600
2018-12-11,61.41925925719369,62.98682458702637,61.14424485101664,62.7026481628418,2090400
2018-12-12,63.032667217241396,63.25267456177088,61.83177835013917,62.189292907714844,1724500
2018-12-13,62.271800847185624,63.58268990673618,62.22596277760186,63.41768264770508,1848400
2018-12-14,63.14265002262244,63.70184073965029,62.82180460971436,63.005149841308594,1733900
2018-12-17,62.940989066206704,63.21599645903765,59.65001341225068,60.01669692993164,2241100
2018-12-18,60.41087151077784,60.86005508138993,59.46666631393992,60.06251907348633,2607000
2018-12-19,60.10836615100316,60.73172603382356,58.96248452772347,59.36583709716797,1699000
2018-12-20,59.145836160751095,59.9617104953616,58.08246141078594,59.2741813659668,1596500
2018-12-21,58.678300280661425,60.67671784432269,58.678300280661425,59.49416732788086,3856600
2018-12-24,59.38417608042085,59.47584522378117,57.44076156616211,57.44076156616211,1092400
2018-12-26,57.44074829713115,59.45750045776367,57.229906518544745,59.45750045776367,1510000
2018-12-27,58.90749332370261,60.23671340942383,58.109957075925415,60.23671340942383,2013600
2018-12-28,60.37421843343761,60.95174031983043,59.686689380819274,60.273380279541016,1239700
2018-12-31,60.520881527512515,60.79589591825066,59.76002143509577,60.28254318237305,1815700
2019-01-02,59.71418005500487,60.1725326848369,58.73330570692056,59.06332015991211,1943400
2019-01-03,58.81581313321411,59.83334954251614,58.81581313321411,58.93498229980469,1518400
2019-01-04,59.02664781192954,59.961691041125384,58.7791404829693,59.640838623046875,1676900
2019-01-07,59.640845712210144,60.73172727797019,59.530845550221926,60.39254379272461,1896900
2019-01-08,60.45671845278482,61.01590930741054,59.51251300793039,60.245880126953125,2363700
2019-01-09,60.40172403603499,61.52010585025782,60.099209546501044,60.337554931640625,2770100
2019-01-10,60.51172940724674,61.51093500213833,60.1633768561481,61.4467658996582,1717100
2019-01-11,61.712585621372995,62.13426911832724,61.254233082000376,61.55674743652344,1091800
2019-01-14,61.34590524811535,61.758426750450525,60.83255261648587,61.135066986083984,1941700
2019-01-15,61.24507926841233,62.04261540260276,61.24507926841233,61.767601013183594,1463500
2019-01-16,61.850114881593925,61.91428398027813,61.107585740547144,61.758445739746094,1526200
2019-01-17,61.84092536402812,62.308446924510655,61.56591802967154,61.776756286621094,1717200
2019-01-18,62.152617159796975,63.02348432748718,62.152617159796975,62.66596984863281,1906500
2019-01-22,62.46429068710463,62.46429068710463,60.25503483018224,60.72254943847656,2001800
2019-01-23,61.28175328212742,61.501760615133655,59.74168796326977,60.05337142944336,3460900
2019-01-24,59.91586207710939,59.91586207710939,58.13745146476091,58.944156646728516,5222600
2019-01-25,58.944160308866145,59.760027559385605,58.06412046283225,58.293296813964844,2803400
2019-01-28,57.99995526685739,58.47664252892201,57.54160253375147,58.32080078125,1591000
2019-01-29,58.61414076229716,59.14582806449904,58.29329527794719,58.41246795654297,1437900
2019-01-30,58.421620754253034,58.63246252620813,57.78909543838775,57.935768127441406,2352600
2019-01-31,57.67909825838202,59.29250161351281,57.49575998812232,59.22833251953125,3716500
2019-02-01,59.37499813958563,59.74168165179535,59.08165272859911,59.283329010009766,2005000
2019-02-04,59.98919502900189,60.39254059142227,59.677511600775155,59.925025939941406,2197400
2019-02-05,55.94652151053433,56.83572674148252,54.67230174471359,55.42399978637695,7547100
2019-02-06,56.59739499813683,57.74327678991439,56.44155325603915,57.55076599121094,4122200
2019-02-07,57.11990174577979,57.67908897519862,56.148192983810034,57.36741256713867,2073500
2019-02-08,57.45909581106189,58.06412124633789,57.18408488538256,58.06412124633789,2084800
2019-02-11,57.789097395568284,58.91664088958146,57.789097395568284,58.83414077758789,2013000
2019-02-12,58.980817511048805,59.090824668335685,58.265791970403974,58.80664825439453,1581100
2019-02-13,58.76997747712176,59.47583748241968,58.714977397045836,59.42083740234375,2083000
2019-02-14,59.372987430739215,59.648965493779016,59.02341241011859,59.19819641113281,1302900
2019-02-15,59.363807618289194,59.7225841435689,59.25341916041527,59.51100158691406,1537500
2019-02-19,59.24421550736427,59.906574303547835,59.0510286949098,59.75938034057617,1608900
2019-02-20,59.750176414011676,60.00776583822208,59.317809958066775,59.74098205566406,1683300
2019-02-21,59.70417675268993,60.9828942764886,59.40059451560564,60.854103088378906,1739200
2019-02-22,60.532126058305415,61.13928352331118,60.26534230205062,60.97369384765625,1751500
2019-02-25,61.001298178445104,61.111693648148055,59.85137168876792,60.07216262817383,1443200
2019-02-26,60.136550570422614,60.440125790895124,59.81456557945327,60.3481330871582,1040000
2019-02-27,59.915775390722324,60.58733563965526,59.86058115770697,60.4769401550293,1449000
2019-02-28,60.58733305512377,61.20369202615349,60.440139081901485,60.53213882446289,2402300
2019-03-01,60.57811579369004,60.57811579369004,59.80536869267056,60.329734802246094,1340800
2019-03-04,60.62411913121743,60.62411913121743,59.759372262143856,60.61491775512695,1247700
2019-03-05,60.71612850351448,60.93691246013873,60.37574768066406,60.37574768066406,1060300
2019-03-06,60.28374197806098,60.486130152496834,59.79617429524402,60.12735366821289,1497000
2019-03-07,60.04456823642999,60.927718100117815,60.04456823642999,60.37574768066406,948300
2019-03-08,60.41254551871038,60.61493373449359,60.01697046566012,60.39414978027344,829300
2019-03-11,60.476931408419034,61.27728276436538,60.348140204279744,61.130088806152344,829700
2019-03-12,61.240490964353825,61.50727477881112,60.99210990598047,61.084102630615234,1152200
2019-03-13,61.30487499755312,61.95803234330085,61.30487499755312,61.58086013793945,1175200
2019-03-14,61.553274794694495,61.82925296924561,61.176095498634446,61.57167053222656,759300
2019-03-15,61.54408051261496,62.059245446051165,61.54408051261496,62.004051208496094,1625800
2019-03-18,61.89364444269894,62.09603263500297,61.26808412948402,61.50727081298828,771800
2019-03-19,61.36927134131465,61.36927134131465,60.63332265565129,61.06568908691406,1126200
2019-03-20,61.212895979553,61.22209735791525,60.40335014855502,60.550537109375,1906600
2019-03-21,60.55972906471212,61.52566308459409,60.51372919865358,61.424468994140625,1204800
2019-03-22,61.49806114219551,62.03162866475267,61.18528453706493,61.72804641723633,1379800
2019-03-25,61.75562549383652,62.89635717831817,61.51644593102494,62.56517791748047,1310100
2019-03-26,62.96996999876741,63.97270951927292,62.859581550759025,63.26435089111328,1546400
2019-03-27,63.080367220653116,63.88071858395513,62.7491878302243,63.79792022705078,1811500
2019-03-28,64.03711429195948,66.31856477975583,64.03711429195948,66.18977355957031,3256400
2019-03-29,66.41056282487176,66.41056282487176,65.08584514418462,65.52742004394531,2659200
2019-04-01,65.39860022504293,66.2633469832774,64.76384572803,66.2081527709961,1983500
2019-04-02,66.13457675089113,66.68654010426532,65.72980034973914,66.2449722290039,1983200
2019-04-03,65.95979416436678,66.42896623355715,65.51822623220764,66.36457061767578,1400100
2019-04-04,66.4197396708358,67.01770274506518,66.0701646055384,66.8337173461914,1845900
2019-04-05,66.74173361862871,66.91651766547652,66.01497926377384,66.52094268798828,933700
2019-04-08,66.53931269194035,66.73249939722187,65.85855151874962,66.56690979003906,1127000
2019-04-09,66.557744798382,67.24770070234297,66.41975221387094,67.16490936279297,1168700
2019-04-10,67.43169023942224,67.7352654899095,66.95331690294363,67.35809326171875,976900
2019-04-11,67.42247233448482,67.81804721942648,66.99009896971226,67.79964447021484,1114100
2019-04-12,67.62487405694485,68.20443443894099,67.45008299726297,67.97444915771484,710500
2019-04-15,68.17684310689032,68.52641823729056,67.76287237303228,67.86405944824219,1061300
2019-04-16,67.96524847540961,68.20443513553396,67.29369537778298,67.68006896972656,1005800
2019-04-17,67.96524462787374,68.04804297494233,67.5052740867627,67.753662109375,1166500
2019-04-18,67.70765334960188,68.04803403198444,67.5144665899553,67.91924285888672,1356000
2019-04-22,68.06644890563074,68.3884269289262,67.54208269095112,67.84566497802734,878800
2019-04-23,67.63406816603964,68.0204487712097,67.22929884521417,67.56047821044922,1018800
2019-04-24,67.26609737189659,67.83645637567527,67.2568959954697,67.41328430175781,1773300
2019-04-25,67.34889057662299,67.79046541567239,66.93491986762179,67.523681640625,969500
2019-04-26,67.94685611364744,68.28723687692813,67.76287068509228,68.18604278564453,912700
2019-04-29,68.0480359475055,68.32401403251531,67.70765525554137,67.8824462890625,860000
2019-04-30,67.96525575198824,68.97719672293528,67.75367319885903,68.94959259033203,1366600
2019-05-01,68.37923035619166,68.9863878920916,67.64327459654913,67.74446868896484,1733900
2019-05-02,67.52368763757772,68.78400262987864,67.09131413681085,68.68281555175781,1597900
2019-05-03,67.83645683175084,68.5172183200414,67.52368021707179,68.38842010498047,928800
2019-05-06,68.11243600348209,68.5448094188096,66.76932291627747,67.9376449584961,1792600
2019-05-07,67.80887155771052,68.15844672077316,66.68654206235803,67.04531860351562,1348500
2019-05-08,66.9717291555071,67.79047634745056,66.6037512333921,67.32130432128906,1045500
2019-05-09,67.16489667903866,67.16489667903866,66.43814242187902,66.8337173461914,991100
2019-05-10,66.76932482091462,67.66166878547621,66.54853390981522,67.62487030029297,1153600
2019-05-13,66.89811157670033,68.13082916498134,66.86131309395559,67.99284362792969,1645700
2019-05-14,67.88949288846355,68.03714230433907,66.82828559287115,66.87442779541016,2182700
2019-05-15,66.98519703087997,68.06486465566199,66.90214946606676,67.92644500732422,2496800
2019-05-16,68.35088805071614,69.03374901133006,67.94485918965889,68.37857055664062,1106600
2019-05-17,68.12941720760355,68.55389870244176,68.05559250233307,68.17555236816406,796400
2019-05-20,68.21246375681143,68.72922964609043,67.97254402854003,68.25860595703125,801900
2019-05-21,68.33243523309214,68.81228176205076,67.09589599564474,68.28629302978516,1192700
2019-05-22,68.28629184873176,68.58158363997867,68.00022990604897,68.41548156738281,830900
2019-05-23,68.48930018115784,69.41208782673462,68.15709606552532,69.37517547607422,1011800
2019-05-24,69.48593106101004,69.66125597301996,68.92302988384903,68.94148254394531,719100
2019-05-28,69.08913208412261,69.48593115972915,67.44656372070312,67.44656372070312,2211100
2019-05-29,67.39118929509883,67.95409039450267,66.92979541298497,67.70494079589844,961500
2019-05-30,67.90793726606273,69.13524648472763,67.81565991254666,69.089111328125,949600
2019-05-31,68.97837913669832,69.10756884877961,68.37856573614303,68.66463470458984,1363900
2019-06-03,69.00607483809544,70.21492467818221,68.8399727421794,70.10419464111328,1117200
2019-06-04,70.22415060774932,70.50098976559227,68.75692137599353,69.31059265136719,1454900
2019-06-05,69.74429537085776,71.15615941154488,69.45822639925488,71.07310485839844,1230100
2019-06-06,71.11924953968696,72.03280741429417,70.8424104066246,71.81134033203125,1597000
2019-06-07,72.57727349850003,73.10326234710428,71.4791535877788,71.9590072631836,1687700
2019-06-10,71.84825435780974,72.11586364858125,70.79627689219026,71.322265625,812800
2019-06-11,71.11924963521928,71.4422239306848,70.49175370103843,70.76859283447266,1250600
2019-06-12,70.77783104588732,71.37764460532294,70.74092572435532,70.86088562011719,915400
2019-06-13,71.0177431232409,71.26689975385315,70.37179452593452,70.9992904663086,836800
2019-06-14,71.15615882509941,71.7928845794994,70.7962721918241,71.20230102539062,1081100
2019-06-17,71.37763692391691,71.48837399753522,70.7501409207046,71.35918426513672,1156600
2019-06-18,71.70982281949895,71.7282825138846,69.77197028733323,70.4363784790039,1685900
2019-06-19,70.12265863352013,70.47332258174531,69.1629582620474,70.30722045898438,1389700
2019-06-20,70.39947832023921,71.06388662695244,70.03036181203056,70.46407318115234,1519400
2019-06-21,70.56559165703958,70.64863918847468,70.02114313648423,70.0765151977539,1539200
2019-06-24,70.4640818621785,70.61172425946411,70.01191778008094,70.24261474609375,1349600
2019-06-25,70.22415228101399,70.41793687999655,69.45823669433594,69.45823669433594,1187700
2019-06-26,69.07065292161914,69.28289717494481,67.10511779785156,67.10511779785156,2207900
2019-06-27,67.20664430333838,67.86182286610348,66.87444009682186,67.49270629882812,1572500
2019-06-28,67.75108849716459,68.21248246465873,67.05899754592338,67.41888427734375,2034300
2019-07-01,67.58497895782024,67.99100785748166,66.90211793228168,67.87104797363281,1627400
2019-07-02,68.05559727539924,68.36011892576401,67.76953532280245,68.1571044921875,1270900
2019-07-03,68.09250236202335,69.32903444863184,68.09250236202335,69.24598693847656,1465300
2019-07-05,68.96915965752922,69.14449159613261,68.06483153700218,68.5908203125,698500
2019-07-08,68.73846029421328,69.13525932430429,68.0740519610086,68.35089111328125,1008700
2019-07-09,68.24014861839615,68.3601155269878,66.10851125244875,68.00022888183594,2292000
2019-07-10,68.21250292135294,69.00610134666535,68.05563061503463,68.62776184082031,1687800
2019-07-11,68.7569348103664,69.53207333928088,68.58160284012038,69.30137634277344,1224700
2019-07-12,69.48591441830644,69.6427866326473,68.95069587963752,69.4766845703125,1096800
2019-07-15,69.6058878473613,69.87349716885356,69.19063613074623,69.46746826171875,822700
2019-07-16,69.67047064809354,70.03035728424288,69.30135416374998,69.53205108642578,1011400
2019-07-17,69.70740038592056,69.95655002681256,69.49515606638707,69.58744049072266,820500
2019-07-18,69.5228442178381,70.85166118456847,69.20909967864547,70.71324157714844,1620200
2019-07-19,70.71323712961201,70.90702175168643,69.67048929455072,69.6889419555664,1211700
2019-07-22,69.71662222090661,70.113421262864,69.26445112265154,69.54129028320312,744400
2019-07-23,70.0580466257548,70.12264148879564,69.02452881710138,69.2090835571289,806300
2019-07-24,69.1260427175834,69.31059747544906,68.00024038978982,68.2955322265625,1053900
2019-07-25,67.9356272408422,69.01528706850537,67.70493033542814,68.7292251586914,1075800
2019-07-26,69.07067953353982,70.08574491286203,68.56315036403552,69.98423767089844,755200
2019-07-29,69.97500542068137,70.57481894037721,69.6428012263979,70.24261474609375,773200
2019-07-30,70.7317012796384,71.15618291282979,70.18725270120328,70.71324157714844,1540200
2019-07-31,70.36257586413205,71.5806555843642,69.23677352385589,69.61511993408203,1728800
2019-08-01,69.29213398628887,69.65202771297804,67.42810568865289,68.5908203125,1815700
2019-08-02,68.63695375999991,69.1168073566907,68.23093191700636,68.58158874511719,1204300
2019-08-05,68.46162376989174,69.30135694112356,67.93563504672345,68.41548156738281,2071600
2019-08-06,68.46162857690531,69.30136180709874,67.96332232412928,68.89533996582031,1564300
2019-08-07,68.9783932934925,70.35334524872405,68.83074385491886,70.0211410522461,1223400
2019-08-08,69.93810742965769,71.25769462796497,69.31984112339919,71.2392349243164,1074700
2019-08-09,71.4053115768728,71.82979308524342,70.41792899341442,70.76859283447266,1171200
2019-08-12,70.87932677055056,71.46068757481105,70.59326481309668,71.06388854980469,1257400
2019-08-13,71.11926026342567,72.4111646786642,71.05466539467939,72.37425231933594,1620800
2019-08-14,72.15952030694977,73.10350475386585,71.84485411741993,71.88187408447266,1596900
2019-08-15,72.21506500279438,73.4274392220344,72.21506500279438,73.10352325439453,1087300
2019-08-16,73.40890292840264,73.85313540407101,73.11275029823562,73.76058197021484,1172600
2019-08-19,74.03826932518203,74.95449093104608,72.86291490641419,73.75137329101562,1725300
2019-08-20,73.85317484953735,73.97348449263862,72.23358774372153,72.409423828125,1586700
2019-08-21,72.60376600858667,73.32564497588851,72.3909099648033,73.01097869873047,864500
2019-08-22,73.10352602544978,73.59402837516002,72.83513648184933,73.408935546875,568200
2019-08-23,73.32562647398063,74.00122147306183,72.31685176271067,72.6500244140625,990100
2019-08-26,72.90918028492607,73.40893942067454,72.61302750753872,73.2516098022461,872400
2019-08-27,73.50147512149522,74.04751091755182,73.45520544914889,73.77912139892578,1512500
2019-08-28,73.9919842775399,74.39919697259087,73.51999544737315,74.29739379882812,1287800
2019-08-29,74.56578576712361,74.6860954032834,73.01098195281398,73.97348022460938,1001100
2019-08-30,74.37144254149433,74.65833857735609,73.71435374465116,73.83466339111328,901500
2019-09-03,73.63105042022372,74.55652870930984,73.60328720128537,73.91795349121094,1275900
2019-09-04,73.79762665993823,74.3436624471473,73.79762665993823,74.21409606933594,922900
2019-09-05,73.85317423074325,73.92720713157942,69.75330490908179,71.72457122802734,4867100
2019-09-06,71.6690268037022,71.9374163018011,69.78105061975089,70.24378967285156,3316300
2019-09-09,69.91062404161332,69.91062404161332,67.4118286663144,68.15221405029297,3285300
2019-09-10,67.55065583599576,67.55065583599576,65.77373928150787,66.24573516845703,3907000
2019-09-11,65.33876071941309,66.92132762345813,64.75571198450338,66.51412200927734,3589300
2019-09-12,67.64319803699554,68.52240656074558,67.07866283273445,67.23599243164062,3175100
2019-09-13,66.95834342055014,67.73574874608339,66.30125477467544,66.61592102050781,2907200
2019-09-16,66.68072722894455,67.14346646839361,65.43132563375976,66.98612976074219,2829700
2019-09-17,67.49513098890606,68.12445649937199,67.2267414414151,67.32854461669922,2614400
2019-09-18,67.68946554934529,67.72648551948647,66.8102642062137,67.3840560913086,2678900
2019-09-19,67.38405824036481,67.7912708640675,67.27300538723685,67.34703826904297,1685700
2019-09-20,67.62470056356983,67.7265037436424,67.23600136375053,67.37482452392578,2318200
2019-09-23,67.6432084933895,68.31881078847861,67.59693881288493,67.88383483886719,1838400
2019-09-24,68.16146711460713,68.7815357800961,67.12492904539072,68.3373031616211,1834300
2019-09-25,68.3373228976259,68.5594428014312,67.54141795526344,67.94862365722656,1474100
2019-09-26,68.25401511711794,69.3090596672816,68.03190233309353,69.07769012451172,1289100
2019-09-27,70.53994057658576,70.98416610210863,69.25352660680144,70.02167510986328,1983900
2019-09-30,69.5867030471595,70.20677170137813,69.54042631619605,69.63297271728516,1552000
2019-10-01,69.33684020042863,69.92914581298828,69.13323382220378,69.92914581298828,1756500
2019-10-02,69.9569009112786,70.38262714040395,68.84632978190899,69.27204895019531,2021300
2019-10-03,69.26278948908144,69.836588551354,69.04067668403735,69.54043579101562,1454200
2019-10-04,69.82733675122319,70.42889907424741,69.79957353122563,70.38262939453125,1190000
2019-10-07,70.28082621398072,70.734308615899,69.9476534523316,70.38262939453125,985200
2019-10-08,70.64176392245328,70.64176392245328,69.7162855754357,70.03094482421875,1123700
2019-10-09,70.28081973222935,70.46591255570206,69.4108679280626,70.2623062133789,851500
2019-10-10,69.62374130039952,70.27157333895799,68.9018622363548,69.99392700195312,877500
2019-10-11,69.63298193237505,69.63298193237505,68.58719404607879,68.59645080566406,1652400
2019-10-14,69.1332242345422,69.1332242345422,67.99488991173888,68.18923950195312,1759800
2019-10-15,68.1429661633289,68.55017888361915,67.0046317837382,67.37482452392578,1341500
2019-10-16,67.62469150057557,68.0781738395895,67.04164277898624,67.55065155029297,1454300
2019-10-17,67.77276524747153,68.35581391612087,67.60617890488061,68.26326751708984,1044200
2019-10-18,68.14296436434694,68.56868353302988,67.717245195664,68.38359069824219,2161500
2019-10-21,68.38358390185066,68.48538706911776,67.73575198364028,68.2077407836914,1324200
2019-10-22,68.79080833491051,69.02217792538646,68.2077524479738,68.65198516845703,2253800
2019-10-23,68.49463645423654,69.67924729762532,68.36507008454323,69.66999053955078,1789100
2019-10-24,69.66998179653727,70.30856386762997,69.62371213364618,70.1049575805664,1783700
2019-10-25,70.11421996969172,70.11421996969172,69.29979475601539,69.30905151367188,1372500
2019-10-28,69.34608180282258,70.0494472118004,69.01290908598247,69.0406723022461,1359600
2019-10-29,68.63347203094152,68.89260481733038,68.05967296048131,68.1614761352539,1268300
2019-10-30,68.30954296753178,69.92912980057947,68.15221336977976,69.79031372070312,1417500
2019-10-31,69.01289653551787,69.79030175371446,64.505815979624,64.72793579101562,3468900
2019-11-01,64.64466529931222,65.4775972775551,63.12688127710959,63.65440368652344,2570300
2019-11-04,63.65440277216226,63.88577237052623,61.9145059343675,62.15513229370117,2112600
2019-11-05,61.821951006828115,62.9602853201905,61.49802796498532,62.256919860839844,1788600
2019-11-06,62.99731148845269,63.09911467260584,62.349479462786725,62.47904586791992,1382200
2019-11-07,62.46977637438104,62.71965237310981,61.72939101523833,62.18288040161133,1487800
2019-11-08,62.31245367446189,62.904759202972336,62.07182734699238,62.5438232421875,1646300
2019-11-11,62.71040260555307,62.728909062133944,62.14586035852256,62.49753952026367,811800
2019-11-12,62.56233065866485,62.69189705370774,61.73865554981834,62.053321838378906,1599900
2019-11-13,62.68265396417524,63.423032433797566,62.01630839892734,63.274959564208984,1355700
2019-11-14,63.40308686014901,63.839518154135085,62.97594329790788,63.16165542602539,1003100
2019-11-15,63.319524096769356,63.393804703871176,62.27022993567595,62.548805236816406,1565900
2019-11-18,62.49308751412421,63.458799081691545,62.400224365601886,63.16165542602539,1668700
2019-11-19,62.966659074010884,64.15523376289055,62.91094684936464,63.97880935668945,2580800
2019-11-20,64.25738302338836,64.95381422848779,64.08095860219908,64.7031021118164,2115600
2019-11-21,64.83307480187969,65.07450616854479,64.02521239292045,64.03450012207031,2699900
2019-11-22,64.07165580035722,64.24808726451677,63.05951275419812,63.92308044433594,1959700
2019-11-25,64.17381453419421,64.49881434561273,63.70023933214748,63.876670837402344,2037700
2019-11-26,63.92309448491822,65.05595702779138,63.76523844782002,64.53595733642578,3317400
2019-11-27,64.74952700705997,65.51095809597045,64.6380954753424,65.18595123291016,1150600
2019-11-29,65.27881806611565,65.65953008980811,64.79595515257368,65.22309875488281,611500
2019-12-02,65.05595047072326,65.28809417875121,64.43380703347967,64.82380676269531,1356900
2019-12-03,65.00024890457154,65.20453653464314,63.95096172266225,64.18310546875,1376200
2019-12-04,63.89522762096737,65.19523371513358,63.89522762096737,65.13023376464844,940000
2019-12-05,64.60094069536541,65.1116596070333,64.24808486468928,64.75879669189453,1673100
2019-12-06,64.84238398821654,65.55738351120303,64.78666467934075,65.23238372802734,1494100
2019-12-09,65.23237739963984,65.5945209921121,65.00952143914844,65.32523345947266,1171400
2019-12-10,63.90453149126261,64.46167507676402,63.468100105872566,64.39667510986328,2123900
2019-12-11,64.44309997558594,64.92595581015824,64.19238078334575,64.44309997558594,1700300
2019-12-12,64.47095067224181,64.94452581876534,64.22023858553155,64.58238220214844,1667000
2019-12-13,64.31308076764228,65.2416553963456,64.22022472166438,64.99093627929688,2096900
2019-12-16,65.00951023528478,65.23236615736877,63.969504124789445,63.99736022949219,1686800
2019-12-17,63.74667761900831,64.27596510598958,63.560958361185314,63.83024597167969,1977000
2019-12-18,63.83023442972292,63.941665964267365,63.13380327886418,63.70952224731445,1630300
2019-12-19,63.950952857454745,64.79595229215428,63.598089878259486,64.52666473388672,1204300
2019-12-20,65.19523988359813,65.770958845555,64.90738394485167,65.23238372802734,3645300
2019-12-23,65.49238225557043,65.62238216626226,64.99095099241755,65.1395263671875,1048300
2019-12-24,65.13952133980703,65.42737725062773,64.99094597650392,65.32523345947266,265400
2019-12-26,65.49237931880039,65.64095468690802,65.18594793542603,65.34381103515625,989000
2019-12-27,65.46451829597952,65.7059497088058,65.24166234500453,65.65023040771484,941000
2019-12-30,65.51095266360154,65.52023331046055,64.91666537931562,65.32523345947266,1159200
2019-12-31,65.32523345947266,65.32523345947266,65.32523345947266,65.32523345947266,0
2020-01-02,65.35308352284873,65.65951486796452,64.68451570322692,65.02808380126953,1424300
2020-01-03,64.62880264858573,65.39023367747289,64.57309042935064,65.25094604492188,1224200
2020-01-06,65.39953465453597,65.85453440085699,65.15810318151341,65.50167846679688,1541900
2020-01-07,65.14881454518115,65.34381441255367,64.35023961148578,64.8702392578125,1583800
2020-01-08,64.8888004590328,64.8888004590328,64.01594501847006,64.28523254394531,1699200
2020-01-09,64.2759458067857,65.17666445450196,64.192370394743,64.7680892944336,1364000
2020-01-10,64.74953330970484,65.34382070111813,64.40595803348032,65.09310150146484,1061300
2020-01-13,65.20452189560469,66.13309667148178,65.13023421326331,65.76166534423828,1172700
2020-01-14,65.75238241140603,66.12381376575642,65.57595800854908,66.086669921875,1766800
2020-01-15,66.23527116213202,67.18241475534239,66.23527116213202,66.7088394165039,1228000
2020-01-16,66.8109614352522,67.18239281333499,66.50453710146337,66.56024932861328,1680200
2020-01-17,66.63454297384386,67.06168661723495,66.54168689214404,66.8573989868164,2043900
2020-01-21,66.85739072602371,67.38667811922616,66.66239085320849,67.3216781616211,1951100
2020-01-22,67.44239569827592,67.46097116447427,66.94096437788974,67.06168365478516,1456600
2020-01-23,66.9873754666051,67.53523820042416,65.87308870737601,65.91023254394531,2276800
2020-01-24,66.15167484413085,66.78310606859436,65.87310662080142,66.2166748046875,2362300
2020-01-27,65.92882748597526,67.5909776487857,65.26954006125135,67.21025848388672,2708700
2020-01-28,66.98738520021587,67.56310412400119,66.41166627643054,66.8759536743164,1685400
2020-01-29,66.93165828221382,67.87880124875731,66.57879540324784,67.50736999511719,1269600
2020-01-30,67.69311183660392,67.86953625071477,66.79239304729923,67.58168029785156,2903500
2020-01-31,69.21597455904934,71.72312397927577,68.77954321835516,68.91883087158203,3679400
2020-02-03,69.39241382094811,70.92455692443507,69.25312615214062,69.74526977539062,2354600
2020-02-04,69.76381593614562,70.33024708025918,69.28096020048075,69.40167236328125,2475100
2020-02-05,69.44812198798606,69.6338341458778,68.86312231460882,68.95597839355469,1507700
2020-02-06,68.99313316016577,69.39242073883838,68.5659823773818,68.67741394042969,916900
2020-02-07,68.99312360652104,69.34597954727977,68.52883611814462,69.16954803466797,1170000
2020-02-10,69.25311276021682,70.26525592786061,69.25311276021682,70.1538314819336,939900
2020-02-11,69.96812259372412,70.33026626537624,69.25312298377284,69.43883514404297,990900
2020-02-12,69.22524923409311,70.49739208526043,69.22524923409311,70.2745361328125,1644200
2020-02-13,70.32113031010608,71.19676994508443,70.26524083791702,70.53538513183594,948100
2020-02-14,70.69373556978431,71.22470681797037,70.5074326117199,71.19676208496094,884800
2020-02-18,71.29923939018879,71.58801114190256,70.70306132451985,70.93594360351562,1436100
2020-02-19,70.8800268575429,71.18743308403718,70.47947627435481,70.59125518798828,1048100
2020-02-20,70.75894246548555,71.53211324639268,70.20002648310776,71.08497619628906,2126100
2020-02-21,70.85209709889601,71.60664046034884,70.85209709889601,71.36444091796875,953600
2020-02-24,71.15950282364572,71.72773610681838,70.22797378329743,70.33975982666016,1363400
2020-02-25,70.17208455175901,70.80552458561212,69.13808674492526,69.64111328125,1455100
2020-02-26,69.61317128363073,70.36770756427815,69.19397893337994,69.33370971679688,1586400
2020-02-27,69.33368781396788,69.70630074970195,66.50183945218987,66.93965911865234,2229300
2020-02-28,65.40265263248831,66.11993396867953,63.3905536144377,64.75989532470703,3499100
2020-03-02,65.04867408516523,69.90193949463503,64.76921253244234,69.8274154663086,3901100
2020-03-03,69.86466335008333,70.71235801009152,67.4613172251602,68.0574951171875,2257600
2020-03-04,69.29643459266184,71.3085404364495,68.84930469871004,71.23401641845703,1907700
2020-03-05,70.07894927614414,70.47018985921238,68.7561723271449,69.89263916015625,1634600
2020-03-06,68.15065338612159,70.04165579532135,67.71283369394213,69.56657409667969,2371000
2020-03-09,66.129236908348,68.09476352389267,65.37470074749024,65.89635467529297,1976700
2020-03-10,67.20050044269898,68.19723617286368,65.21634626218479,67.78736114501953,2095500
2020-03-11,66.27830987509522,66.95832227143693,63.34399121365024,63.725921630859375,2680900
2020-03-12,59.53401705413747,65.17908396020808,56.82326786063101,59.06825256347656,3918200
2020-03-13,61.43432992633437,61.518171225450956,57.857262256065496,58.95646667480469,4123600
2020-03-16,46.59509015544731,60.00910825721247,44.69476976947582,56.29230880737305,3875300
2020-03-17,57.643018396530195,66.9489951352725,57.47534288386807,63.986732482910156,3964700
2020-03-18,61.36910527183661,66.80923631612976,61.210747106065995,64.62945556640625,3034800
2020-03-19,65.07662733169971,66.08268052470075,61.24804193639304,62.132991790771484,2357100
2020-03-20,61.480921524105874,62.39382318290882,59.748276803502634,61.24803924560547,3647100
2020-03-23,61.12692956757412,61.26665321832396,55.68679704333117,56.70216369628906,2883500
2020-03-24,58.01562187619752,59.03098857396563,55.29555904753487,58.45344161987305,2321500
2020-03-25,57.70822411949226,59.45018241062073,55.72406629060187,56.171199798583984,2966300
2020-03-26,56.1805211072559,59.599231186830416,56.1805211072559,58.59318161010742,2229800
2020-03-27,57.74547579128107,59.180027539898255,57.09340487636385,57.726844787597656,2057800
2020-03-30,58.85399735377313,60.791579209889505,58.6956355898113,60.37238693237305,2218200
2020-03-31,59.915943578687525,61.061727348670345,59.17072110701252,59.78553009033203,2405800
2020-04-01,58.50001632389644,60.055671490949,57.65232513639502,59.43154525756836,1537500
2020-04-02,58.7608383925357,62.17023010390058,58.7608383925357,61.7324104309082,2273900
2020-04-03,61.27595641502746,63.51162670424675,61.27595641502746,63.01791763305664,1356300
2020-04-06,63.623426657103394,64.6946792055644,63.35328242349971,64.14508056640625,1806900
2020-04-07,64.1450799553622,64.91825064000052,62.3844909212349,62.4217529296875,1801400
2020-04-08,62.906144215576646,64.25686535763042,62.123663366663855,63.91219711303711,1147100
2020-04-09,63.6700095608447,65.1884064707172,63.427810016306275,63.707271575927734,1063500
2020-04-13,62.66393651029166,63.89355418827314,62.66393651029166,63.43710708618164,1009500
2020-04-14,65.40265668612042,67.44270767151825,64.13577655264085,67.20050811767578,2276100
2020-04-15,66.93036046939233,67.75011057756637,66.49254068107257,67.0700912475586,1550300
2020-04-16,67.66628086252295,67.97368720576247,66.3714558365182,67.67559814453125,1632500
2020-04-17,68.2065479166653,68.6257330832992,66.9117233005277,68.51395416259766,1732300
2020-04-20,68.07615185872015,69.02630846283871,67.37750499754364,67.69422149658203,1253800
2020-04-21,67.1725430201099,67.37748049531547,65.39331958264411,65.7193603515625,1361300
2020-04-22,66.119927196393,66.98624939366913,65.87772768236908,66.5204849243164,786000
2020-04-23,66.39006449444425,67.00487700683229,65.41196337064756,65.82183837890625,1010900
2020-04-24,65.71004822993767,66.58568765380203,65.67278622179435,66.46458435058594,1047700
2020-04-27,67.34953910734532,67.43337329299457,66.30622423048065,66.58568572998047,799500
2020-04-28,66.101295906876,66.98625270661465,64.1450864602465,64.66674041748047,1838200
2020-04-29,64.66675340482485,64.66675340482485,62.48697855403468,63.68865203857422,2194400
2020-04-30,64.37795015917905,66.0733321387527,63.00860180894646,65.19769287109375,3151800
2020-05-01,65.4398988885637,66.73472336562789,65.0672859432429,66.3434829711914,2245200
2020-05-04,66.34349050587245,67.50790165036754,65.37469958081235,67.00487518310547,1672300
2020-05-05,66.86513669018251,68.71887702783907,66.6974612204899,68.40216064453125,1578900
2020-05-06,68.37421612732655,68.74682907300969,66.8558196173929,66.93034362792969,1190800
2020-05-07,67.35886551429182,68.39286336186285,66.87447351967432,67.424072265625,1293200
2020-05-08,68.23450049723682,68.62574097870764,67.95503894932773,68.32765197753906,1254200
2020-05-11,68.3835618501643,69.5572835228354,68.20656902826784,68.92384338378906,1426400
2020-05-12,69.25916729583528,69.39889804215257,68.19722499502551,68.35558319091797,1388300
2020-05-13,68.25313136902246,68.93315071259275,68.07614567968442,68.42080688476562,1454300
2020-05-14,68.50492723832637,69.11240039972006,66.44884064568913,68.03763580322266,1862300
2020-05-15,68.17780576285557,69.51425932180871,67.92547156878199,68.78528594970703,3582100
2020-05-18,68.92549056623075,69.12175212441024,67.68249356745882,68.30866241455078,2079800
2020-05-19,67.98153808740878,68.14976324497573,67.3273331025926,67.39275360107422,1397700
2020-05-20,67.5796824387363,67.79463962786937,66.93482513193936,67.4301528930664,1161300
2020-05-21,67.42079152777237,67.42079152777237,66.15910638143745,66.32733154296875,1050600
2020-05-22,66.30863138338007,67.56097575182025,65.99087672783958,67.22452545166016,941700
2020-05-26,67.47688127724179,67.47688127724179,65.48622230404588,65.70117950439453,1885400
2020-05-27,65.71050373173608,68.23388116076597,65.55162639276932,68.14976501464844,1788200
2020-05-28,69.03761011699903,69.81330815359124,68.73854400968317,69.19648742675781,1986600
2020-05-29,69.27127552737647,70.29931511934817,68.65444749401318,70.15912628173828,2025600
2020-06-01,70.08435137132115,71.0282818502892,69.73856035202083,70.37407684326172,1236000
2020-06-02,70.24323127072769,71.42080020674601,70.19649928885264,70.90678405761719,1448700
2020-06-03,71.02827465414393,71.15911564229341,70.18714892296924,70.22453308105469,1095000
2020-06-04,69.90678806220882,70.89744343188572,69.0002417120856,69.41145324707031,866800
2020-06-05,68.94417208728696,69.5329638323458,67.70118234502064,68.9628677368164,1906800
2020-06-08,68.11239674753809,69.99091030579577,68.00025136694452,69.86006927490234,1219800
2020-06-09,69.98155780259751,70.5049290214869,69.33670051638698,70.02828979492188,1076700
2020-06-10,70.24324229959436,71.30866605487331,69.81332796368137,70.56099700927734,1422600
2020-06-11,70.5610021469334,71.94418784290771,69.53296248211113,69.55165100097656,1549900
2020-06-12,69.70117510961589,70.1684664303342,68.0563076642035,68.29930114746094,1173100
2020-06-15,67.88807328483905,69.26191072204197,67.3179773805535,69.03761291503906,1056300
2020-06-16,69.99090448158475,70.28997068878348,69.06566951717315,69.85071563720703,927900
2020-06-17,70.24324500305683,71.21520481731892,70.20586083630818,70.43950653076172,1274800
2020-06-18,71.96286763274945,72.94418231622517,71.40211944089195,72.7292251586914,2188000
2020-06-19,73.71052944689362,73.91613162168221,72.32734411376666,72.44883728027344,2877900
2020-06-22,72.30866539431528,72.8694135830471,72.06567189808814,72.47689056396484,1031000
2020-06-23,72.80398732211847,73.18716248749988,72.01893421574027,72.06566619873047,1329100
2020-06-24,72.00025357720367,72.0656740823669,70.88809785912821,71.26193237304688,1337900
2020-06-25,71.45818951635418,71.79463984526517,70.49557051486433,71.7198715209961,804000
2020-06-26,71.93483751162887,72.41147672454933,71.08436376171788,71.1684799194336,2134000
2020-06-29,71.71988328216563,71.93484046711455,71.04698251399627,71.7011947631836,1159700
2020-06-30,71.77597178025304,72.41148845701629,71.40213718269197,72.2432632446289,1600700
2020-07-01,72.43015113154496,73.15912441498874,72.25257815675248,72.80398559570312,1308400
2020-07-02,73.26195968012868,73.69186699792337,72.72924766348065,73.16850280761719,1059400
2020-07-06,73.83204063470761,74.05633850850603,72.49558695572809,72.76661682128906,1327100
2020-07-07,72.56101131984929,74.05634244175964,72.48624298117846,73.87877655029297,1258700
2020-07-08,73.79465261767281,75.04699720250902,73.6638116039243,75.00961303710938,1652800
2020-07-09,75.02829657262077,76.51428674480647,75.01894874931646,76.3834457397461,2166500
2020-07-10,76.27128616858212,77.6077395649982,75.79464704852202,77.36474609375,1689000
2020-07-13,77.45823090074646,79.24328772487465,76.41150257944165,76.75729370117188,2579900
2020-07-14,76.69184179653342,78.97222550097928,76.69184179653342,78.95353698730469,2109200
2020-07-15,78.95354373468457,79.72924189870378,78.40213627512435,79.06568908691406,1397100
2020-07-16,77.93485427445006,79.12177834959833,76.39279132429785,78.69186401367188,1851500
2020-07-17,79.09372634337242,79.77597480865543,78.7012033454122,79.31803131103516,3644900
2020-07-20,79.15915329467454,79.50495146694644,78.41149139909514,78.7759780883789,1189200
2020-07-21,79.18718613734326,79.8133547625521,78.25260354558105,78.97222900390625,1478100
2020-07-22,79.34608328299429,79.58907681402279,78.46757314563813,79.57038116455078,1232500
2020-07-23,80.16852365530298,81.26198398659866,80.09375530864122,80.57974243164062,1481300
2020-07-24,80.62644424814559,80.92551041898265,79.56102056889479,80.25261688232422,1346900
2020-07-27,80.54232507914303,81.77597376965616,80.29933161774375,81.46755981445312,1111900
2020-07-28,81.72925978129145,83.00029290953643,81.4115050643805,82.43954467773438,1146800
2020-07-29,82.44889846906507,83.7012360397172,82.06571608591557,83.46759033203125,1338700
2020-07-30,83.45826302312237,84.53302774661461,82.87881900821779,84.16854095458984,2215600
2020-07-31,87.63582175915653,90.09377896708088,86.01899758671026,90.02835845947266,4192600
2020-08-03,88.96292580822886,89.58909448000949,85.85076383491935,87.29936981201172,3076400
2020-08-04,86.87882077508273,90.0937880568832,86.50498620947549,89.76668548583984,1929700
2020-08-05,89.81341517804313,90.39285914239755,89.20593486756378,89.56108093261719,1260700
2020-08-06,89.48631427265413,89.8975330376924,88.64518822157665,88.89752960205078,1177000
2020-08-07,88.9161881050831,89.53301604440034,87.98160550391107,88.74796295166016,1352900
2020-08-10,88.78536704970875,88.96294006550448,87.99097308637681,88.57975769042969,903600
2020-08-11,88.35545260574314,88.35545260574314,86.21525728736385,86.6451644897461,1170400
2020-08-12,87.16852622630255,89.10311215083348,86.86946004430793,88.62648010253906,943300
2020-08-13,88.37349957621184,88.83260502729634,87.70826310469181,88.7763900756836,830600
2020-08-14,88.95443567221335,88.95443567221335,88.0643248767997,88.31730651855469,743600
2020-08-17,88.27979898509943,90.18181428816173,87.83942950145624,89.75081634521484,2140200
2020-08-18,89.97571048317447,90.58473214150558,89.3292097991191,90.37860107421875,1874800
2020-08-19,90.51911664840546,91.02507261108069,89.74144319753107,90.21929168701172,1008300
2020-08-20,90.07874637239976,90.62218134397028,89.52594700877488,90.45352935791016,815100
2020-08-21,90.78148821157457,90.87518219812411,89.90074901154429,90.41607666015625,1319700
2020-08-24,90.10686669220951,90.54723622683998,89.57280318494087,90.5378646850586,733500
2020-08-25,90.69714709199073,90.72525456732846,89.87262302399624,90.04127502441406,1018000
2020-08-26,89.65714256922357,90.35985816344767,89.14181494076882,89.86327362060547,738300
2020-08-27,90.27551351675041,90.90327096059787,89.73207849891612,90.04127502441406,789600
2020-08-28,89.60090855438527,90.27551657893963,88.14863414167296,88.92630767822266,1259400
2020-08-31,88.87008153590544,89.86325759284237,88.86070999477066,89.78829956054688,1260000
2020-09-01,89.32921913244269,89.47913525100331,88.21424838132238,89.31985473632812,894800
2020-09-02,89.50722636578847,92.72097929861722,89.47911888579755,91.97142028808594,1926400
2020-09-03,91.76529832393214,91.91520728152592,87.51152531985717,88.31730651855469,1448600
2020-09-04,88.10178092984658,88.87945444298346,86.30283101745574,87.41780853271484,1149000
2020-09-08,87.60519639796283,87.77384839888921,85.79687494573767,86.10607147216797,1313900
2020-09-09,86.89311714624262,89.12307237434865,86.89311714624262,88.11116027832031,1004700
2020-09-10,88.03620143342606,88.74828851097985,86.87438041623244,87.03366088867188,921900
2020-09-11,87.47403623721546,88.10179377498363,86.35905855939394,87.01493072509766,914700
2020-09-14,87.65204791063452,87.69889132071837,86.6026568769524,86.87437438964844,761800
2020-09-15,87.00555668803783,87.83944524973728,86.16229658396188,86.50897216796875,1336200
2020-09-16,86.75256326935182,87.29599827891042,85.94678944450568,86.16228485107422,1047200
2020-09-17,85.59073740418962,86.54643438605753,84.84117857262109,86.25597381591797,1139500
2020-09-18,84.67252193854213,86.00299468899536,83.95106347144934,84.62567138671875,3051000
2020-09-21,84.50389881948165,85.3190443718284,83.05161699766082,83.98857116699219,1449800
2020-09-22,84.14784331018954,86.32157648140345,83.90424039717902,85.81562042236328,1837400
2020-09-23,86.2466202709991,86.51833064580673,85.36588120603469,85.83435821533203,1083100
2020-09-24,85.92807679507808,87.5583752527582,85.72194570821398,86.75259399414062,1077300
2020-09-25,86.51833931647982,87.22105490085043,86.29347233103115,87.08988189697266,921900
2020-09-28,87.71765750192812,88.44848065688453,87.33350283676754,87.56774139404297,1048900
2020-09-29,87.83005846088959,88.16736244396716,86.4527350547213,86.99617004394531,1120600
2020-09-30,87.43655229586659,88.22359742075355,86.89311722730085,87.80196380615234,1297100
2020-10-01,88.08305461331454,88.1017905495264,86.75257439371897,87.23042297363281,933900
2020-10-02,87.28664769423658,87.4271850910169,85.31903835860203,85.42210388183594,1498700
2020-10-05,85.28154464210363,86.12480461944894,84.54135731862463,85.00983428955078,1840000
2020-10-06,85.03794188327824,85.47831138030878,83.75431240772022,84.18531036376953,1489100
2020-10-07,84.78498061563013,85.82500031342786,84.66317914727645,85.1972427368164,2046900
2020-10-08,85.09416455988342,86.18103466388352,84.80371109861082,85.39398956298828,990400
2020-10-09,85.69382203216898,87.56773025193667,85.5813849655616,86.911865234375,1076500
2020-10-12,86.85563831614417,88.35477052763893,86.3309463311563,87.38970184326172,1247700
2020-10-13,87.34286160878636,89.86327040400597,86.93059952077924,89.17929077148438,1649400
2020-10-14,89.31045518737751,90.2380376478356,88.4578307626957,88.51404571533203,1127600
2020-10-15,88.008120014002,89.70400505439619,87.66144434040565,89.10435485839844,1398900
2020-10-16,89.11369295475737,89.40414639893747,87.09924048288367,87.31474304199219,3391200
2020-10-19,87.69889753809767,88.66395906461999,86.19040094765666,86.5183334350586,1294900
2020-10-20,87.3428472156589,87.97060463830057,86.3684142626493,86.42462921142578,923100
2020-10-21,86.54645965449915,87.63332277953515,86.34970013570107,86.3778076171875,1183900
2020-10-22,86.21852546233771,86.36844157099782,85.20662032245603,85.25346374511719,943800
2020-10-23,85.54390547006889,86.16229141033193,85.2440804675552,86.11544799804688,959700
2020-10-26,85.5064264512057,86.20914197100892,85.0473138314254,86.11544799804688,760000
2020-10-27,86.44337541974078,87.34285037465288,85.92804787601385,86.41526794433594,1328100
2020-10-28,85.45958125385616,86.02175227530145,82.63934745583545,82.67682647705078,1969600
2020-10-29,78.70413582250589,82.35825784394343,77.31744076034082,81.57121276855469,2947100
2020-10-30,81.68366154081617,83.35143875258707,81.15896951420764,82.81737518310547,1961500
2020-11-02,84.1946901592409,84.92551316281788,81.65554558212949,82.35826110839844,2505900
2020-11-03,82.97664632694796,84.26027591710091,82.667456930878,83.38890838623047,1602600
2020-11-04,84.37271232202451,85.23470830441885,83.88549222874641,84.11035919189453,1382600
2020-11-05,85.33777801698395,85.8249909858406,83.61377881898423,84.35397338867188,1499500
2020-11-06,84.36333644258447,85.61885133303139,84.29774995052219,84.7943344116211,1038700
2020-11-09,85.88121746276663,86.06860542608369,79.43496858780647,79.48181915283203,2914700
2020-11-10,79.23819168455084,81.49625403323002,78.92899517941044,80.87786102294922,2350400
2020-11-11,81.79609676837548,82.63934974975439,81.43068523687326,81.89916229248047,3891400
2020-11-12,82.53628952008272,83.22964075370027,81.16833728776712,81.98348999023438,2687900
2020-11-13,82.13380402661492,82.6411516621571,81.25064969931101,82.09622192382812,1456900
2020-11-16,81.93649008238877,82.7069051445131,80.85602809856694,82.6505355834961,1145400
2020-11-17,82.18078062501547,82.94179846816873,81.73919989250085,81.9365005493164,1356300
2020-11-18,81.97410434900328,82.33112365563962,80.79029292670731,80.79969024658203,1927400
2020-11-19,80.71512923363187,82.03986450482452,80.63996501692547,80.98758697509766,1110800
2020-11-20,81.25066812810881,81.90833715591367,80.44267065506011,80.7621078491211,1178400
2020-11-23,80.44264161206044,81.12849518371434,79.64403457912734,80.11380004882812,1031700
2020-11-24,80.26414590536571,80.7245141587945,78.38508361767653,78.59178161621094,2600600
2020-11-25,79.21185150284991,80.89361275082263,79.07092759585541,80.40505981445312,1442500
2020-11-27,80.73388479570767,81.10969856265432,79.97286711447796,81.0533218383789,747900
2020-11-30,80.99696518585398,82.52839810767513,80.38626861328147,82.46263122558594,2803000
2020-12-01,83.02636939040825,83.11092375230997,81.37279257758836,82.52841186523438,2374600
2020-12-02,82.46264747418998,82.62237322049573,79.93531350615518,81.04396057128906,1311100
2020-12-03,80.75267421421468,81.65463014395205,80.40505238501224,81.35397338867188,1148400
2020-12-04,81.12850742528849,81.99287429963071,80.63995441702431,81.11911010742188,1109300
2020-12-07,81.03456996764014,82.18079923465085,80.96880306714222,81.51373291015625,1367900
2020-12-08,81.04395561220468,82.1244178230693,80.79967551637924,81.82376098632812,1499900
2020-12-09,81.86132995976818,82.20895899544779,80.84664197074416,81.21305847167969,1158000
2020-12-10,81.44795174807821,81.92710743863934,79.90712134788014,80.1701889038086,1222600
2020-12-11,80.20777389079383,81.034558691729,80.04804815347784,80.65874481201172,1226700
2020-12-14,80.7808839173013,81.5888740365385,80.57418593663822,80.85604095458984,1049300
2020-12-15,81.15671070020704,81.91773592360886,80.76210927654975,80.95001983642578,1377600
2020-12-16,81.16607829356386,82.34049198246025,81.05333199893097,81.42914581298828,923400
2020-12-17,81.79556946071875,82.54719715453763,81.56068670240697,81.9365005493164,963900
2020-12-18,81.98347438289137,82.94179281757258,81.4573321658416,82.81965637207031,2454400
2020-12-21,81.94591121753946,82.4062794917801,80.79968202334291,81.3070297241211,1356200
2020-12-22,80.9875815091601,81.65465492734009,80.60237746863254,81.32581329345703,1122800
2020-12-23,81.45734580856,82.10562457968769,81.42916102165074,81.6828384399414,681900
2020-12-24,81.53251705746491,82.01167998044797,81.16610045990558,81.60768127441406,281900
2020-12-28,82.25595243856513,82.53780747378555,81.58887903535353,82.190185546875,636400
2020-12-29,82.40629426282098,83.10154545826246,81.58889940370972,81.81439208984375,657400
2020-12-30,81.73920070235128,82.19956890614876,81.43855105545555,81.46673583984375,701200
2020-12-31,81.67342958266887,81.98347653097416,80.98756880321046,81.95529174804688,1651400
2021-01-04,81.75798938493153,82.48143231256613,80.41445968737752,81.36338806152344,1355500
2021-01-05,81.2694355981576,81.70161901978491,80.11380925593988,80.63055419921875,1646300
2021-01-06,80.35809184438281,81.37278712756574,80.09502428979167,80.75269317626953,1439500
2021-01-07,80.01988277207342,80.62118225821735,79.03337916264444,79.7662124633789,1632300
2021-01-08,79.53129842440403,80.31111085356544,78.74208867844301,80.23594665527344,1722600
2021-01-11,80.46144432538178,81.09092845374362,79.45614631642732,79.78498077392578,893300
2021-01-12,79.70041074937997,79.8601292876227,78.55418186448105,78.7984619140625,1611300
2021-01-13,79.0709323979823,79.77558064795839,78.55418748077877,79.37158203125,1657800
2021-01-14,79.49371667890516,79.9259000689281,79.00515655588617,79.39976501464844,1034800
2021-01-15,79.27761231354062,80.63993637730546,78.90180569958642,80.08560943603516,1961600
2021-01-19,80.71510042248505,80.83723685499585,79.37157099265971,80.01045227050781,1396100
2021-01-20,79.87893518976101,80.09503050812543,78.85484967730241,79.6158676147461,1457900
2021-01-21,79.67223861533971,80.24535314876455,79.12730886748442,79.91651153564453,977600
2021-01-22,80.31112307397687,80.79027878288024,79.41856421156271,79.78498077392578,1446100
2021-01-25,80.32048886635275,83.1390813639574,79.963469730488,81.8519287109375,1644500
2021-01-26,81.62644891874648,82.7444930781322,80.81845170292945,82.67872619628906,1440900
2021-01-27,82.56600522098654,84.78329958609578,82.24656803065024,82.47205352783203,2064000
2021-01-28,82.24655749887185,83.41157411452635,81.4667449262414,81.65465545654297,1821900
2021-01-29,81.29761382649639,82.20896001584616,79.23064855617609,79.32460021972656,2364700
2021-02-01,79.22124840692915,80.24534085675556,78.03743741797224,78.91120147705078,2080800
2021-02-02,78.91120531391608,78.91120531391608,77.62405245380059,77.6898193359375,1808100
2021-02-03,77.66164406466757,78.57298320930576,76.80666732412482,77.990478515625,1643200
2021-02-04,77.51132406947578,78.16899304284358,76.53421076043345,77.19188690185547,1375200
2021-02-05,77.31401797516168,78.9957795673228,77.06973787295658,77.85894775390625,1577100
2021-02-08,78.018659202487,78.40386320535413,76.94759437961325,77.35159301757812,1133600
2021-02-09,77.182484310931,78.0186664491217,76.66573931854181,77.9341049194336,1404900
2021-02-10,78.33810727820185,78.97698876789734,78.02806743624468,78.20657348632812,1227100
2021-02-11,78.47904321704372,78.56360475591002,77.20128015904353,77.71802520751953,849300
2021-02-12,77.58890738585963,78.18262531931842,77.05173196319369,78.16378021240234,889000
2021-02-16,77.96587454755092,78.24859429269469,76.89151650786178,76.96691131591797,1101900
2021-02-17,76.76900024058064,78.13550408320903,76.36376216173832,77.994140625,1515400
2021-02-18,77.49466198130892,78.9082821713434,77.23078017286545,78.7386474609375,890700
2021-02-19,78.33338750501261,78.66323068587822,76.72186180131884,76.75955200195312,1486400
2021-02-22,76.85382489299974,76.88209614799433,75.4496235812161,75.88313293457031,1357500
2021-02-23,76.344916796179,76.79727123285544,75.57213804264964,76.36376190185547,1097100
2021-02-24,75.6663780926648,76.04334491729642,74.15851798418247,74.968994140625,1635300
2021-02-25,74.88416017190951,76.22238533617204,74.28101623336744,74.81819152832031,1128300
2021-02-26,75.27055526175536,75.56270109326579,74.19620464066975,74.21504974365234,1550000
2021-03-01,74.33756959463224,75.61925244885383,74.05484987652227,74.15851593017578,1174100
2021-03-02,74.09255048063442,75.25171503608992,74.01715567652751,74.65799713134766,1194400
2021-03-03,74.26219354045239,74.77109055025328,73.8381031122249,73.91349792480469,1139500
2021-03-04,74.31873235674361,74.99727125610725,73.22552919887003,73.432861328125,1674300
2021-03-05,73.5742089360463,75.62867029842134,73.15012581039018,75.3553695678711,1939900
2021-03-08,75.0538034504512,76.8161191168174,74.56375164052272,76.17527770996094,1508700
2021-03-09,76.33547748944447,77.6642836969628,75.60982241026245,75.77945709228516,1399800
2021-03-10,75.89256106441309,77.17424405129127,74.98784493074227,76.47686004638672,1225800
2021-03-11,76.10930255032144,77.72082848194987,75.73233578028157,76.80668640136719,1150600
2021-03-12,77.2496460439726,78.42766307602038,77.05174004539401,78.12609100341797,1379800
2021-03-15,78.73866129809188,78.73866129809188,77.07058515428682,78.12609100341797,1763600
2021-03-16,78.11663437611347,78.91768420736084,77.77736502804875,78.5972671508789,1158500
2021-03-17,78.92713745148518,78.92713745148518,77.35330849597383,77.42870330810547,1305800
2021-03-18,77.49467033291505,78.13551184239597,76.25068471922206,77.52294158935547,1793500
2021-03-19,77.6265983614244,79.0967610406503,77.57947481296962,78.30513000488281,3561500
2021-03-22,78.30511636529846,79.80355722661757,77.5700351537257,79.64334869384766,1737200
2021-03-23,80.08630363536737,81.0852596600421,79.1533090790692,80.77426147460938,1508200
2021-03-24,79.96378001181793,80.19938337495826,78.27685906892792,79.69990539550781,1306800
2021-03-25,80.36902276969644,81.0946851969009,79.53027532321975,81.04756164550781,1896600
2021-03-26,80.7082978706446,82.50831124750339,80.3407571521317,82.31982421875,2333800
2021-03-29,82.6025362651002,84.19521002798442,82.44232771209566,83.4789810180664,2215300
2021-03-30,82.63081739820284,83.28108502527523,82.18788189512712,82.85699462890625,1432100
2021-03-31,82.98893699322336,83.38475615858299,81.91458609448642,82.31982421875,2227100
2021-04-01,81.87689380946544,82.21616329239511,80.29363861914216,81.54705047607422,1753300
2021-04-05,81.78263194227235,82.88525387094211,81.6318495403387,82.43289947509766,1692900
2021-04-06,82.00882042282555,83.68632250916336,81.98997531625747,83.13029479980469,1162500
2021-04-07,83.49784487753874,83.610937099791,82.50831489550129,82.80046081542969,1278700
2021-04-08,82.81930283344361,83.20569585251869,81.92401280833774,82.2821273803711,1476200
2021-04-09,82.22557015856289,83.00777501576773,81.43394634407393,81.79206085205078,1329100
2021-04-12,82.17844489270117,82.70620128136294,81.51875839442842,82.37635803222656,1347400
2021-04-13,81.94286240037201,82.4423476648116,81.6695687744187,81.78265380859375,1048000
2021-04-14,81.80147775766892,82.09362358143251,81.24545016884458,81.88629150390625,1058500
2021-04-15,81.98996513495514,82.81928633181256,81.94284158931993,82.59310913085938,998700
2021-04-16,82.94178497941334,83.15853598176193,82.26324634763334,82.87581634521484,963000
2021-04-19,81.76378474649567,82.36692871888674,80.68943409629638,82.31037902832031,1306800
2021-04-20,82.35752386461297,85.04340118451077,82.35752386461297,84.03501892089844,1263700
2021-04-21,84.44966452451898,84.95856861835456,84.03500033175438,84.71353912353516,1036700
2021-04-22,84.47794726656637,85.01512268478575,83.940771848347,84.46852111816406,1013500
2021-04-23,84.09156685495032,84.61931615860914,82.30097961605004,82.51773071289062,1416400
2021-04-26,82.33865800756827,82.4988665534613,80.60461368306139,81.11351776123047,1843500
2021-04-27,80.4255496358042,80.89675629790301,79.50198860451465,79.88837432861328,1529100
2021-04-28,79.9355153261256,80.30305602761801,79.09676785963832,79.53970336914062,1247100
2021-04-29,79.59625946334178,81.23605727214523,79.39835345107635,81.02873229980469,1282200
2021-04-30,81.04755024264306,81.1323639951645,79.37005558570227,80.80252075195312,2437000
2021-05-03,80.82137351754038,82.72504538235809,80.51980152340955,82.41404724121094,1117900
2021-05-04,82.63080964334536,84.35542794196012,82.35750888645747,84.2706069946289,1594300
2021-05-05,83.76171666870596,84.17638094604078,82.64966835316307,83.20569610595703,1399700
2021-05-06,83.78054698281059,84.04442156640306,83.16797687658912,83.38473510742188,895000
2021-05-07,83.34703445238937,83.76169141466059,82.3574976125645,82.39519500732422,816200
2021-05-10,82.48944297577856,84.638144357163,82.48944297577856,84.2423324584961,1195200
2021-05-11,84.58159087389612,84.8171941910936,82.8098565169864,83.01718139648438,1367300
2021-05-12,83.45070488941798,83.45070488941798,82.31980455714154,82.36692810058594,1154800
2021-05-13,82.17129449316553,84.40184774496633,81.75542643271922,83.77804565429688,1338700
2021-05-14,83.93871919643865,84.5152609299093,83.63627166502108,83.69298553466797,887400
2021-05-17,83.97650874628582,84.54359684955082,83.35271399596925,83.44722747802734,1298500
2021-05-18,83.2487602967526,84.0048754848808,82.71947173305348,83.02191925048828,979500
2021-05-19,83.18258857701996,83.18258857701996,81.84047114453259,82.88958740234375,937900
2021-05-20,82.85178315072218,83.73076499291544,82.50207534734187,82.5871353149414,1225700
2021-05-21,82.67221053586289,82.96520451176329,82.22798921051913,82.4075698852539,1505400
2021-05-24,82.59662633207189,83.0030409650658,82.04843781111836,82.41704559326172,811800
2021-05-25,82.23745020308377,82.38867035536553,81.04655995610048,82.14293670654297,1483400
2021-05-26,82.00116022202022,82.32250754211931,81.24503785214878,81.90664672851562,1041600
2021-05-27,81.67037707353367,82.31307185289575,80.55510030248489,80.63070678710938,2481200
2021-05-28,80.48891413805791,81.67035070858424,80.48891413805791,81.02764892578125,875600
2021-06-01,81.32065924239318,82.05787465691832,79.7611612134803,80.21483612060547,1121900
2021-06-02,80.31880713474604,80.73466800848388,79.96909922620165,80.43222045898438,1084800
2021-06-03,80.53617390791656,81.5947437582302,80.45111392907242,81.4813232421875,1656300
2021-06-04,81.54750058000576,81.87830147447958,81.01821914884766,81.72708129882812,1661600
2021-06-07,81.72705641133716,81.85937672883256,80.67794017196904,81.3017349243164,1376400
2021-06-08,81.36790619392764,81.72706757124452,80.31879702221916,80.46056365966797,1478200
2021-06-09,80.71578339600381,81.28287175677411,79.78008724018686,79.9029541015625,1144900
2021-06-10,79.79897179963217,80.65905408661443,79.79897179963217,80.08251953125,2284200
2021-06-11,80.02580122506957,80.08251509480229,79.44925949072629,80.04470825195312,1242700
2021-06-14,80.31882226455659,80.41333578953169,79.3453120456459,79.9029541015625,1395100
2021-06-15,80.1864725162426,80.95204844208253,79.89347850651541,80.51728057861328,1735500
2021-06-16,81.04655463634712,81.28284196764844,79.32638315291032,79.61937713623047,1369000
2021-06-17,79.37367395523191,80.85755867665951,78.98615912198758,80.77249145507812,1479500
2021-06-18,80.28100891711357,80.39442225353989,79.01450470997281,79.09011840820312,2756100
2021-06-21,79.24132412434271,79.65719217775312,79.071204150767,79.34529113769531,1179400
2021-06-22,79.3736451569769,79.836766316918,79.146804122342,79.3358383178711,1247600
2021-06-23,79.4209095037957,79.4209095037957,78.47576002554338,78.49466705322266,798700
2021-06-24,78.21109350465932,78.74037473024912,77.88029273866569,78.61750793457031,1116500
2021-06-25,78.59862997463097,80.05415374964157,78.19221543173589,79.60993957519531,6334300
2021-06-28,79.86512779998608,80.81027724140603,79.6099406236066,80.3944091796875,1191900
2021-06-29,80.75356529032629,80.96149930755885,79.91238291946186,80.28099060058594,946600
2021-06-30,80.42274975640912,81.18832558598483,80.3849501303541,80.54562377929688,1154100
2021-07-01,80.92370337881076,81.15053724141548,80.08252089452138,80.24319458007812,975500
2021-07-02,80.43219897925421,81.03709391671367,80.34713900879106,80.5928726196289,810100
2021-07-06,80.38495608429234,81.20723141385471,80.29043537940332,80.82917022705078,1565500
2021-07-07,81.01821363137856,82.99357256022473,80.8102795944646,81.8782958984375,1289800
2021-07-08,82.01060332127417,82.8801461759465,81.14106767751889,81.7648696899414,1048100
2021-07-09,81.86885204942197,82.38867994636921,81.56640449873245,82.2091064453125,1905000
2021-07-12,82.15239903940866,82.20911291713409,81.4718901940553,81.77433776855469,1007600
2021-07-13,81.40571650222779,82.00116524854965,81.06546213602037,81.31120300292969,1200800
2021-07-14,80.555108569128,81.38683767270138,80.16759374789017,81.24506378173828,1400700
2021-07-15,81.33012091673197,81.7176284790039,80.3849713753913,81.7176284790039,874700
2021-07-16,82.04841999001194,82.82344223681257,81.70816561718064,82.53990173339844,1061000
2021-07-19,82.38866744267729,84.03323251020069,81.83103278515833,82.71002197265625,1599200
2021-07-20,82.69111870473485,83.82530230741472,82.19019067819124,82.21854400634766,1126900
2021-07-21,81.96335534231481,82.19018917433328,80.26208357488252,80.28099060058594,1925500
2021-07-22,80.0447083581158,80.81027709680228,79.43035978010856,80.48892974853516,1145200
2021-07-23,80.12976811971477,81.83103999077964,79.62884007182288,81.73652648925781,675000
2021-07-26,81.50968100626449,82.19964323065082,81.26394735783542,81.69871520996094,1072900
2021-07-27,81.85940045862445,83.4283449112757,81.71762658851945,82.2752685546875,1095200
2021-07-28,82.11457980921887,82.27526069247313,81.10327020845773,81.56639862060547,941700
2021-07-29,81.98225583041427,82.44538422202407,81.53803446466318,82.14293670654297,943200
2021-07-30,81.17889158272096,83.39999150943989,80.573996467638,81.83104705810547,2328600
2021-08-02,81.54749471047054,81.97281629639672,79.76116279796788,80.90479278564453,1627000
2021-08-03,80.394402799559,81.2450386715138,79.83676813461595,80.47001647949219,1778500
2021-08-04,80.06359831103953,80.57397981092907,78.36233385565814,79.17515563964844,1522400
2021-08-05,79.74226050499354,79.84622751981883,78.71204387015705,79.15626525878906,1128600
2021-08-06,79.38308809942954,79.69498910066636,78.41903898123579,78.9294204711914,1232000
2021-08-09,79.39255979389661,79.65720050612929,78.81601800899601,79.51542663574219,725900
2021-08-10,79.47761978957772,79.74226771272899,78.74040431666708,79.51542663574219,968900
2021-08-11,79.76115792563174,80.11086580235282,79.52487057374613,79.62883758544922,662000
2021-08-12,80.09196072503137,80.12031405420075,79.44925882382641,79.69499969482422,588800
2021-08-13,79.96327528255843,80.82595310896897,79.76419745322184,80.67427062988281,784200
2021-08-16,80.93023589542614,81.8782297257141,80.85439465317455,81.72654724121094,884200
2021-08-17,81.72654170602985,82.33325713771296,81.48954326450931,82.08677673339844,873100
2021-08-18,81.55590681814942,82.19106093892321,80.28559857660184,80.34247589111328,1005400
2021-08-19,80.55103677842872,82.11522804224091,80.35195894232447,81.89718627929688,707500
2021-08-20,81.84977493974576,82.4564975791992,81.43266261793286,81.54641723632812,870000
2021-08-23,81.62227229817027,81.62227229817027,80.49416448979876,80.5036392211914,895300
2021-08-24,80.24768062029543,80.24768062029543,78.80672592213587,78.81620788574219,944700
2021-08-25,78.76881375913906,78.76881375913906,77.99145901018109,78.0767822265625,954800
2021-08-26,78.10520797624069,78.44648632010988,77.61225438655113,78.0957260131836,918600
2021-08-27,78.11470116190905,78.66453937631695,77.74498410837057,78.40857696533203,925000
2021-08-30,78.41806684817071,79.2807376493305,78.38014621928384,79.2143783569336,701700
2021-08-31,79.30916595458984,79.54616440810088,78.86360770477009,79.30916595458984,1325000
2021-09-01,79.57462644938046,80.08654412731246,79.31866399410399,79.94434356689453,862600
2021-09-02,80.04861310762035,80.40884821232586,79.63149344655713,79.92536926269531,857300
2021-09-03,79.75472500273172,80.36144052620398,79.48928786529005,80.00120544433594,625800
2021-09-07,80.05808562337317,80.20028616140054,78.97737310655683,79.62200927734375,1099200
2021-09-08,79.76419533955615,81.72654215686661,79.66939740894868,80.20027160644531,1607600
2021-09-09,80.2950705071953,80.33299112642015,78.63608138735557,79.11956024169922,2718700
2021-09-10,78.99633580479768,79.05321312607447,78.12418312632842,78.40857696533203,1869000
2021-09-13,78.38014134247986,79.85900961395043,78.38014134247986,79.00581359863281,969800
2021-09-14,79.2712514046721,79.4229266655726,78.61713330845153,79.3565673828125,1481600
2021-09-15,79.39449582745547,79.5840917304133,78.94893749962249,79.29969787597656,1259900
2021-09-16,79.15749984853609,79.38501638584131,78.28534709501582,79.14801788330078,844500
2021-09-17,78.87309603772317,79.61253741560002,78.87309603772317,79.24281311035156,2384200
2021-09-20,79.1954164019456,79.60305409464557,78.645578168514,79.34709167480469,1909700
2021-09-21,79.49875885024875,80.27611345937883,79.36604029985718,79.7452392578125,1933900
2021-09-22,80.18133030857635,80.2097689699571,78.71193678786513,78.88257598876953,997400
2021-09-23,78.58869999197302,79.19541554206171,78.41806079147183,78.939453125,939800
2021-09-24,79.00578367854249,79.24278208012095,78.27583178403238,78.66451263427734,1110100
2021-09-27,78.42755242780451,78.74986693926577,78.04835335408127,78.26638793945312,1044500
2021-09-28,78.16208734757421,79.22384302675056,77.75444971680837,78.96788787841797,1623200
2021-09-29,78.82567897178205,80.25715150879896,78.82567897178205,79.8779525756836,1019000
2021-09-30,79.81160873950279,79.94432730686673,78.2474173582912,78.2758560180664,1193900
2021-10-01,78.38961427010044,78.69297201472736,77.20462195005474,77.9630126953125,1167800
2021-10-04,78.14313074373119,78.78776682957859,77.28993486060686,77.47953796386719,1428100
2021-10-05,77.39423917192788,77.6596763676011,76.85388281427282,76.97711944580078,1121000
2021-10-06,76.90127278306669,78.57921891305861,76.55999437821748,78.42754364013672,1168600
2021-10-07,78.5886714099441,79.35654391662082,78.5886714099441,78.66451263427734,1027400
2021-10-08,78.63608811080904,79.08164638402344,78.29480974122436,78.82569122314453,862800
2021-10-11,78.81621313672541,79.02477295424492,78.40857546592443,78.6834945678711,568600
2021-10-12,78.41807046199072,79.17646137681645,78.01991468926066,78.26638793945312,803400
2021-10-13,78.16207991690491,78.85411852013337,78.0009227191045,78.7972412109375,842600
2021-10-14,79.00579483505147,79.28071388761823,78.75932167008949,79.03424072265625,623200
2021-10-15,79.16696908333563,79.60304538997256,78.62661287373997,79.1100845336914,846200
2021-10-18,78.92048281315988,79.15748126004625,78.45596788239581,78.6076431274414,1246400
2021-10-19,78.30428399701668,79.01527932489385,77.05293250925757,78.99632263183594,1623400
2021-10-20,79.18592191146955,80.38039613900371,78.95840542185978,79.25228118896484,1295400
2021-10-21,79.8400502475459,80.01068944490412,79.28073006574189,79.44189453125,918100
2021-10-22,79.53667385025228,80.49414952410721,79.51770992575406,80.27610778808594,911700
2021-10-25,79.8495270884712,79.86848378357477,78.39909038768386,79.40396881103516,1331000
2021-10-26,79.36603969143368,80.36142881173987,79.21435721636693,80.20027160644531,760400
2021-10-27,80.3709293258227,80.69325104342867,79.42293533569482,79.70733642578125,1124300
2021-10-28,79.70732136201411,81.28098732725915,79.48927960313922,80.8543930053711,2317200
2021-10-29,81.89718676686599,83.79317443547289,81.71706562391026,82.81674194335938,2773600
2021-11-01,83.3002103158382,83.91640044430915,82.37117329306456,83.08216857910156,1500000
2021-11-02,83.32866172501087,84.80752983189743,82.94946273455763,84.43781280517578,1243000
2021-11-03,84.36198209275189,84.79805845479845,83.50878606586944,84.28614807128906,961400
2021-11-04,84.13448253278484,84.70327758789062,83.62256481340317,84.70327758789062,825200
2021-11-05,84.84545195096975,85.04452979713034,83.99225601555347,84.16289520263672,956700
2021-11-08,84.03017066648472,84.16288922115945,82.53233871216288,83.83109283447266,1261900
2021-11-09,83.95433233533306,85.0445267001861,83.54669469395736,84.99713134765625,981200
2021-11-10,85.27204496806763,86.22003882978098,84.99713311287564,85.69864654541016,873600
2021-11-11,85.47113899915935,85.68917355993172,85.17725595305492,85.59437561035156,565300
2021-11-12,85.89192214109156,86.13909517505704,85.35004753970668,85.48313903808594,734400
2021-11-15,85.59720251299935,86.88058869254853,85.37854809582997,86.66194152832031,864700
2021-11-16,86.76651422286174,87.21332444638331,86.33872121260676,86.60490417480469,760100
2021-11-17,86.63342491348543,87.09925236195089,86.37675055148648,86.97566223144531,780700
2021-11-18,86.9756608692093,86.98516947593203,86.1676033683819,86.71898651123047,929700
2021-11-19,87.45099039677707,88.46819373637493,87.25135317157844,87.67915344238281,1719300
2021-11-22,87.67914921994011,89.78960289309423,87.3939490531385,89.1241455078125,1311800
2021-11-23,89.1336738673182,89.93222290662493,88.80094510094038,89.48541259765625,1067800
2021-11-24,89.19070687830244,89.40936134489823,88.20202198050146,88.77241516113281,805600
2021-11-26,88.87700565415206,90.07483664725125,88.67736836412624,88.73440551757812,661800
2021-11-29,89.25723698486884,89.71355580116312,88.34460660522183,89.1241455078125,1129900
2021-11-30,88.33509312865846,88.74387614363432,84.55148034161769,84.96976470947266,3807400
2021-12-01,85.51164423444764,87.80273242510755,85.30250566466354,86.20562744140625,2932300
2021-12-02,86.46232159593282,87.49854234054577,86.1676200070989,86.56689453125,1754400
2021-12-03,87.28938589110146,87.83126046619063,86.95665716129974,87.77422332763672,1342700
2021-12-06,87.77421333902237,89.71355561152595,87.70766760063485,89.50440979003906,2337800
2021-12-07,89.19070981489769,90.00827606013327,88.02139759110254,88.35413360595703,1564200
2021-12-08,88.34460859539625,90.74026248931983,88.20200850878304,90.31246948242188,2349400
2021-12-09,90.55964558302317,91.51030318907188,89.99875382392463,90.8258285522461,1309500
2021-12-10,90.92090368446443,91.32968679384001,90.59768354134752,90.93041229248047,1390000
2021-12-13,90.92089771227401,93.26902328494154,90.45507749128555,92.93629455566406,1603600
2021-12-14,93.05036211933681,93.36408086414,92.2898404005633,93.07888793945312,1475300
2021-12-15,93.20247974151063,95.14182227748145,93.20247974151063,94.21017456054688,2204500
2021-12-16,94.08658768493444,96.68187897755362,93.76336031616981,96.52977752685547,1753600
2021-12-17,96.4917616691862,97.22376494572647,92.73666645614387,93.25001525878906,4787400
2021-12-20,93.1739571094041,94.27671619769616,92.62257393878699,93.96299743652344,1765200
2021-12-21,93.58275832337188,93.93449707564584,91.99515424831417,93.54473114013672,1917700
2021-12-22,93.63977564821646,94.65697901234843,93.39260263598622,94.49536895751953,1044500
2021-12-23,94.69501187446834,95.38898791767738,94.49537463246536,94.61895751953125,709700
2021-12-27,94.69501150510867,95.40800476074219,94.46685569412983,95.40800476074219,674400
2021-12-28,95.53158662570283,95.79776961115529,95.01823061678347,95.23688507080078,935600
2021-12-29,95.47454902141924,96.24457940457361,95.31293896003119,95.9974136352539,912000
2021-12-30,96.21605795828286,96.5868138541187,95.3794818541044,96.41569519042969,1101500
2021-12-31,96.65335057059121,97.91772684236852,96.41568618505148,97.44239807128906,1320600
2022-01-03,96.38,96.83,94.87,96.7,151649200
2022-01-04,95.92,97.5,94.67,96.81,147288700
2022-01-05,97.05,98.14,97.03,97.49,145015400
2022-01-06,97.47,98.88,97.23,97.65,134588200
2022-01-07,97.65,99.25,97.38,98.5,196812400
2022-01-10,98.46,99.25,97.32,97.74,227213600
2022-01-11,97.48,97.85,95.41,96.81,254416900
2022-01-12,96.35,97.66,95.7,97.55,199895700
2022-01-13,97.44,98.9,96.96,98.21,231628800
2022-01-14,98.11,99.27,97.81,99.09,133379500
2022-01-18,99.17,99.36,97.38,98.14,254161500
2022-01-19,98.31,99.68,97.71,97.86,198461000
2022-01-20,97.47,98.94,96.79,96.96,163374600
2022-01-21,97.62,99.29,97.62,98.31,177696500
2022-01-24,98.88,99.34,95.74,97.38,224975800
2022-01-25,97.41,97.76,95.81,96.63,175188600
2022-01-26,93.48,95.87,92.84,94.08,353074600
2022-01-27,94.52,95.46,93.38,93.8,260870800
2022-01-28,91.9,98.01,91.14,97.93,339361700
2022-01-31,97.45,98.69,96.27,97.6,472101200
2022-02-01,97.86,98.12,95.89,97.12,152839500
2022-02-02,97.14,98.47,96.69,98.11,180595000
2022-02-03,96.99,98.97,96.99,97.97,160314100
2022-02-04,97.16,97.48,95.45,96.01,270974700
2022-02-07,96.44,96.81,95.72,96.16,157351900
2022-02-08,96.55,96.79,95.75,95.84,176087000
2022-02-09,96.3,96.44,95.31,95.53,161913600
2022-02-10,95.26,95.33,93.51,93.85,201403400
2022-02-11,94.29,94.36,92.96,93.08,422817300
2022-02-14,93.31,93.97,92.33,93.02,206147100
2022-02-15,93.24,94.36,91.81,92.17,153564600
2022-02-16,92.16,92.6,90.66,91.55,154340600
2022-02-17,91.56,92.89,90.84,92.43,130908300
2022-02-18,92.43,94.36,91.97,94.17,272428100
2022-02-22,93.7,93.98,91.86,92.21,166749500
2022-02-23,92.52,93.19,91.6,91.81,118508300
2022-02-24,91.0,92.01,89.48,90.63,193055700
2022-02-25,91.27,94.11,90.87,94.1,141745400
2022-02-28,92.9,93.63,92.12,93.28,218747800
2022-03-01,93.16,94.0,91.86,92.37,142893500
2022-03-02,91.47,92.95,91.01,92.46,140485900
2022-03-03,92.89,94.9,92.67,94.57,166799800
2022-03-04,93.77,96.14,93.55,95.99,132452900
2022-03-07,95.62,97.98,94.51,96.97,171781000
2022-03-08,96.33,97.32,90.71,90.87,2233815
2022-03-09,91.77,93.08,90.22,92.53,1642052
2022-03-10,92.39,92.67,90.94,91.44,1329581
2022-03-11,91.55,92.53,90.66,90.71,896194
2022-03-14,91.45,92.3,90.86,92.12,1086112
2022-03-15,93.3,94.61,92.12,94.33,1298368
2022-03-16,94.4,94.4,91.09,92.56,1346073
2022-03-17,92.77,93.25,91.78,92.74,1068121
2022-03-18,92.98,92.98,91.62,92.42,2033293
2022-03-21,92.47,93.53,91.69,92.99,1231639
2022-03-22,93.66,94.2,91.96,93.3,1145835
2022-03-23,93.58,93.88,92.13,92.61,629214
2022-03-24,92.65,93.21,92.15,92.7,687524
2022-03-25,93.09,93.98,92.82,93.4,673587
2022-03-28,93.53,94.6,93.07,94.6,610436
2022-03-29,94.85,96.1,94.81,95.16,982066
2022-03-30,94.79,95.14,92.95,94.6,1057550
2022-03-31,94.33,95.42,93.37,94.74,1775068
2022-04-01,94.85,96.64,94.46,96.63,1114290
2022-04-04,96.05,96.14,93.97,96.11,1044785
2022-04-05,95.74,97.8,95.74,96.19,1077007
2022-04-06,96.47,97.56,95.43,97.32,1078061
2022-04-07,97.49,98.91,97.28,98.6,969521
2022-04-08,98.78,99.32,98.04,98.62,889595
2022-04-11,98.58,99.77,97.9,99.13,1205291
2022-04-12,98.72,100.25,98.35,99.06,1453032
2022-04-13,98.92,99.4,97.61,98.05,1218967
2022-04-14,98.46,99.03,97.58,97.86,998580
2022-04-18,97.86,98.17,96.31,96.49,854013
2022-04-19,96.4,97.72,96.07,97.58,1057095
2022-04-20,97.89,99.32,97.89,98.27,1312116
2022-04-21,98.28,99.42,97.94,98.16,1072961
2022-04-22,98.9,99.55,97.85,98.0,1029509
2022-04-25,98.38,99.64,96.99,99.18,1101693
2022-04-26,99.24,99.57,97.7,97.8,1292794
2022-04-27,98.03,100.37,97.95,99.3,1806349
2022-04-28,94.73,96.97,93.14,95.72,2406299
2022-04-29,94.86,95.53,92.86,93.01,1669877
2022-05-02,93.18,93.87,90.75,91.75,1406115
2022-05-03,91.85,92.45,90.72,91.2,1167351
2022-05-04,91.18,92.29,90.94,92.03,1197062
2022-05-05,91.61,91.88,89.61,90.36,1697818
2022-05-06,90.32,91.43,89.94,91.26,1206336
2022-05-09,90.76,94.92,90.25,93.77,2072366
2022-05-10,93.91,94.81,92.73,93.43,1304016
2022-05-11,93.44,94.77,92.9,93.12,1285140
2022-05-12,93.76,94.27,92.18,93.13,1514036
2022-05-13,93.27,93.88,92.51,93.83,924605
2022-05-16,93.71,94.68,92.65,94.29,1128972
2022-05-17,93.9,94.19,91.9,92.59,1001449
2022-05-18,92.15,92.21,86.02,86.22,1574116
2022-05-19,85.6,85.65,83.46,84.33,1478026
2022-05-20,84.48,84.94,83.09,84.84,1667799
2022-05-23,85.45,86.08,84.52,85.51,1094069
2022-05-24,85.54,86.52,84.86,86.44,1125945
2022-05-25,86.02,86.57,85.18,86.12,1051619
2022-05-26,86.65,87.53,85.76,85.85,1473850
2022-05-27,85.88,86.46,85.56,86.35,2103427
2022-05-31,86.25,86.85,84.76,86.09,2875781
2022-06-01,86.18,86.54,84.15,84.48,1436697
2022-06-02,85.01,85.31,83.3,85.14,1469323
2022-06-03,84.76,85.24,84.06,84.83,1276409
2022-06-06,84.97,85.36,83.93,84.28,1065972
2022-06-07,83.05,84.18,82.75,84.13,1106179
2022-06-08,83.98,84.45,83.56,83.61,868434
2022-06-09,83.82,84.39,82.15,82.19,1316628
2022-06-10,81.61,83.03,80.86,82.11,1835065
2022-06-13,81.27,82.03,80.77,81.11,1762478
2022-06-14,81.0,81.02,77.77,78.39,1756948
2022-06-15,79.0,80.09,77.36,77.91,2125749
2022-06-16,77.96,79.63,76.8,78.58,2190019
2022-06-17,78.75,79.32,77.49,78.51,2592481
2022-06-21,80.97,82.64,79.99,82.12,2060156
2022-06-22,81.9,84.25,81.84,83.73,1747761
2022-06-23,84.08,86.89,83.82,86.67,1771992
2022-06-24,87.32,88.24,86.67,87.57,3055595
2022-06-27,87.21,88.11,86.95,87.84,1331087
2022-06-28,88.48,88.61,86.98,87.11,930763
2022-06-29,87.31,88.5,86.69,88.29,908398
2022-06-30,88.54,89.31,88.14,88.58,1808433
2022-07-01,89.03,90.21,88.52,90.1,1124104
2022-07-05,90.11,91.02,88.89,90.78,1435303
2022-07-06,91.34,92.03,90.68,90.8,1565113
2022-07-07,90.15,91.23,90.08,91.05,1919984
2022-07-08,91.06,91.56,90.34,90.54,1319666
2022-07-11,90.92,91.92,90.27,90.94,1079476
2022-07-12,90.91,92.01,90.11,90.52,1064058
2022-07-13,90.24,92.25,89.77,91.82,979032
2022-07-14,90.54,91.76,90.47,91.61,1003444
2022-07-15,91.86,92.02,90.86,91.37,1274692
2022-07-18,90.89,91.19,89.66,89.84,1351452
2022-07-19,90.48,90.62,89.69,89.94,1124272
2022-07-20,90.14,90.45,88.8,89.14,984591
2022-07-21,88.82,89.32,87.67,89.08,1435038
2022-07-22,89.37,90.14,89.25,89.92,685275
2022-07-25,89.77,90.06,89.08,89.99,1023403
2022-07-26,88.88,90.19,88.19,90.07,942501
2022-07-27,89.7,90.74,89.25,90.3,1111011
2022-07-28,90.2,92.29,90.17,91.97,937987
2022-07-29,86.27,87.07,83.72,84.09,3721094
2022-08-01,83.61,85.67,83.4,84.7,1931279
2022-08-02,85.07,85.12,83.03,83.22,1240826
2022-08-03,82.88,84.19,82.39,83.69,1655001
2022-08-04,83.57,84.5,82.98,83.14,1485032
2022-08-05,83.11,83.29,82.35,83.17,1003963
2022-08-08,83.42,83.89,83.13,83.77,1934324
2022-08-09,83.83,84.08,83.36,83.54,1485608
2022-08-10,83.95,84.34,83.61,84.21,1461638
2022-08-11,84.23,84.63,83.65,83.73,1484528
2022-08-12,84.01,84.41,83.38,84.09,2519177
2022-08-15,84.5,84.61,83.69,84.11,2239864
2022-08-16,84.16,85.16,84.16,84.72,2446632
2022-08-17,84.44,84.78,84.24,84.61,1184873
2022-08-18,84.86,85.09,84.16,85.08,2017013
2022-08-19,85.21,85.92,84.68,85.05,1291255
2022-08-22,84.91,85.48,84.22,84.54,1605644
2022-08-23,83.92,84.0,82.75,83.06,1301559
2022-08-24,83.13,83.61,82.72,83.19,921684
2022-08-25,82.89,83.2,82.25,83.15,1005926
2022-08-26,83.0,83.37,81.67,81.79,925718
2022-08-29,81.42,82.27,81.11,81.81,929901
2022-08-30,81.99,82.02,81.17,81.23,935913
2022-08-31,81.6,81.7,80.18,80.26,1664458
2022-09-01,80.18,81.42,79.73,81.36,2020096
2022-09-02,81.73,82.2,80.44,80.71,1476723
2022-09-06,78.51,79.53,76.8,76.92,2969665
2022-09-07,77.26,78.34,77.1,78.18,1829462
2022-09-08,77.55,77.88,76.08,77.51,1741066
2022-09-09,77.59,78.88,77.05,78.2,1646644
2022-09-12,78.24,79.38,77.92,78.86,1464150
2022-09-13,78.6,78.62,75.47,75.56,1788575
2022-09-14,75.52,75.8,73.99,74.35,1992955
2022-09-15,74.56,74.69,73.18,73.87,1870460
2022-09-16,73.93,74.24,73.26,73.39,1888076
2022-09-19,73.35,73.51,72.57,73.44,1300121
2022-09-20,72.77,73.12,71.6,71.99,1643863
2022-09-21,72.19,72.89,71.59,71.61,1335326
2022-09-22,71.33,72.53,71.11,72.1,1405269
2022-09-23,71.93,72.5,71.26,72.12,1184817
2022-09-26,72.34,72.78,71.75,72.16,1595527
2022-09-27,72.18,72.76,69.87,70.2,1736137
2022-09-28,70.71,71.42,69.86,70.96,1668624
2022-09-29,70.96,71.03,69.58,69.92,1269026
2022-09-30,69.94,70.27,68.43,68.5,1719495
2022-10-03,68.84,70.02,68.7,69.9,1372367
2022-10-04,69.9,70.92,69.59,70.33,1317125
2022-10-05,70.42,70.42,68.93,69.52,2572891
2022-10-06,69.64,69.65,68.72,68.86,1258420
2022-10-07,68.93,68.96,67.41,67.81,1177817
2022-10-10,67.52,68.36,67.27,68.24,788205
2022-10-11,68.35,69.6,68.29,68.95,1576520
2022-10-12,69.28,69.69,68.9,68.92,1449824
2022-10-13,68.36,70.39,67.99,70.1,1174435
2022-10-14,70.43,70.52,69.18,69.51,1465645
2022-10-17,69.95,71.38,69.95,70.93,1508975
2022-10-18,71.71,72.76,70.57,70.8,1105923
2022-10-19,70.98,71.93,70.27,70.59,1512502
2022-10-20,70.53,70.93,69.17,69.24,1451054
2022-10-21,68.89,70.32,68.28,70.17,1306219
2022-10-24,70.61,71.42,70.11,71.11,1272650
2022-10-25,71.11,72.67,70.42,72.5,1723893
2022-10-26,72.79,73.84,72.59,73.41,1751343
2022-10-27,73.69,74.94,73.32,73.36,2362357
2022-10-28,73.67,74.23,71.5,73.22,3341502
2022-10-31,73.24,73.8,70.24,71.08,4854508
2022-11-01,71.46,72.49,70.45,70.61,2328538
2022-11-02,70.52,71.42,69.11,69.48,2147191
2022-11-03,68.53,69.21,67.56,68.54,2277330
2022-11-04,68.98,69.33,67.4,68.46,2215267
2022-11-07,69.28,69.98,68.8,69.86,1302357
2022-11-08,69.78,70.55,69.29,69.88,1243192
2022-11-09,69.92,70.48,69.38,69.54,1204965
2022-11-10,70.99,72.01,69.97,71.85,1750036
2022-11-11,71.83,72.03,70.19,71.4,2015471
2022-11-14,71.7,73.51,71.64,71.66,1368842
2022-11-15,72.39,72.85,71.52,72.65,1754885
2022-11-16,73.09,73.91,72.41,72.45,1275422
2022-11-17,72.05,72.43,71.43,72.39,1624472
2022-11-18,73.06,73.64,72.99,73.53,1499443
2022-11-21,73.69,75.2,73.36,74.67,1309489
2022-11-22,74.88,75.3,74.5,75.14,1274506
2022-11-23,75.46,75.7,75.15,75.6,1066500
2022-11-25,75.95,75.95,75.22,75.91,495661
2022-11-28,75.84,76.67,75.75,76.48,1542889
2022-11-29,76.21,77.32,75.82,76.48,1480163
2022-11-30,76.35,78.8,76.07,78.77,2362795
2022-12-01,79.26,80.43,78.64,79.13,1584082
2022-12-02,78.84,80.28,78.68,79.93,2056151
2022-12-05,78.83,79.0,77.27,77.35,1424272
2022-12-06,77.72,77.97,77.0,77.4,1396016
2022-12-07,77.58,78.15,76.75,77.65,1217461
2022-12-08,77.23,78.13,77.23,78.08,1189396
2022-12-09,77.62,78.1,76.82,77.0,1750755
2022-12-12,77.27,78.31,76.57,78.12,1077184
2022-12-13,79.03,79.54,78.07,78.89,2069603
2022-12-14,78.73,79.75,78.73,79.1,1554658
2022-12-15,78.46,78.84,77.38,78.5,1884522
2022-12-16,78.11,78.45,76.84,77.08,2526603
2022-12-19,77.01,77.9,76.39,76.87,1304608
2022-12-20,76.68,77.33,75.94,76.8,994897
2022-12-21,76.98,78.09,76.8,77.93,814827
2022-12-22,77.75,78.81,77.47,78.75,1137450
2022-12-23,78.65,79.08,78.17,78.96,538748
2022-12-27,79.02,79.33,78.63,78.81,809439
2022-12-28,78.92,79.32,77.85,77.86,686816
2022-12-29,77.98,78.78,77.95,78.49,587038
2022-12-30,78.42,78.42,76.94,77.56,917776
2023-01-03,77.7,78.98,77.3,78.92,1566371
2023-01-04,78.97,79.93,78.66,79.66,1562191
2023-01-05,79.32,79.64,78.52,78.88,915336
2023-01-06,79.67,80.82,79.43,80.43,902718
2023-01-09,80.18,80.57,79.1,79.14,1626110
2023-01-10,79.23,79.59,77.97,78.22,1017954
2023-01-11,78.6,78.87,77.81,78.63,1054213
2023-01-12,78.75,78.86,77.84,78.31,1155543
2023-01-13,78.14,78.9,78.06,78.81,778186
2023-01-17,81.73,82.79,81.28,81.52,2686714
2023-01-18,81.19,81.47,78.95,78.96,1381030
2023-01-19,78.13,78.57,77.49,77.5,1282954
2023-01-20,77.39,80.11,76.54,80.05,1506465
2023-01-23,80.16,80.62,79.56,80.27,1009864
2023-01-24,80.25,80.78,79.16,79.59,1090344
2023-01-25,78.73,79.28,77.57,79.01,1134287
2023-01-26,78.81,79.12,77.78,78.22,844999
2023-01-27,77.69,78.02,75.66,76.54,2374191
2023-01-30,76.7,77.9,76.43,77.54,1599211
2023-01-31,77.72,77.99,77.12,77.8,2090780
2023-02-01,77.68,78.62,77.04,78.32,2051825
2023-02-02,77.72,77.89,76.34,76.79,1808384
2023-02-03,76.4,81.21,76.4,79.76,2290332
2023-02-06,81.31,81.64,79.35,80.14,2026754
2023-02-07,79.59,80.18,79.0,79.8,1590189
2023-02-08,79.5,80.73,79.28,80.09,1313332
2023-02-09,80.5,80.93,78.84,78.89,1256288
2023-02-10,78.97,80.07,78.7,79.75,1290680
2023-02-13,79.1,80.53,79.1,80.24,1529834
2023-02-14,80.95,80.95,79.42,79.92,691995
2023-02-15,79.83,80.82,79.41,80.57,841151
2023-02-16,79.83,80.14,79.08,79.92,1439477
2023-02-17,80.01,80.89,79.38,80.88,1816421
2023-02-21,80.55,81.41,80.36,81.08,1340957
2023-02-22,81.49,82.14,80.95,81.17,1421396
2023-02-23,81.02,81.42,80.37,81.11,1233519
2023-02-24,80.65,81.01,80.24,80.67,1445424
2023-02-27,80.95,81.35,80.69,80.97,1071777
2023-02-28,80.41,81.09,80.31,80.88,1439106
2023-03-01,80.58,80.64,79.56,80.25,1320056
2023-03-02,80.33,81.63,80.33,81.55,1046926
2023-03-03,81.74,81.85,80.95,81.3,1179478
2023-03-06,81.09,81.48,80.58,80.7,1496612
2023-03-07,80.69,81.23,80.2,80.77,1578771
2023-03-08,80.77,80.79,79.95,80.75,1393427
2023-03-09,81.16,81.65,80.37,80.73,1073640
2023-03-10,80.98,81.34,80.54,80.97,1727151
2023-03-13,81.16,82.82,81.11,81.49,1406201
2023-03-14,81.61,82.12,81.09,81.83,1014431
2023-03-15,81.75,83.44,81.53,83.2,1440752
2023-03-16,83.46,83.56,82.34,82.98,1276635
2023-03-17,83.14,83.5,82.08,82.5,2425434
2023-03-20,83.1,83.45,82.37,82.75,1424602
2023-03-21,82.6,82.92,81.07,81.61,1481242
2023-03-22,81.61,82.58,81.25,81.31,1502408
2023-03-23,81.25,82.45,81.19,81.4,1025800
2023-03-24,81.93,83.23,81.81,83.0,829175
2023-03-27,83.43,83.8,82.89,83.08,906167
2023-03-28,83.31,83.75,83.09,83.41,908585
2023-03-29,83.45,83.82,83.31,83.74,908281
2023-03-30,83.55,83.84,83.04,83.83,880380
2023-03-31,83.89,85.53,83.87,85.35,1362780
2023-04-03,84.97,86.03,84.84,85.79,1363162
2023-04-04,86.1,86.74,85.62,85.75,947318
2023-04-05,86.17,87.36,86.05,86.6,1671780
2023-04-06,86.97,87.53,86.6,87.47,1264752
2023-04-10,87.12,87.55,86.48,87.4,1070525
2023-04-11,87.49,87.83,87.31,87.45,705706
2023-04-12,87.08,87.61,86.6,86.65,1110633
2023-04-13,86.69,87.02,85.9,86.55,1269179
2023-04-14,86.04,86.36,85.34,85.47,1102647
2023-04-17,85.86,86.91,85.42,86.83,997185
2023-04-18,86.51,86.81,85.94,86.3,887635
2023-04-19,86.36,86.49,85.74,86.42,909823
2023-04-20,87.03,87.58,86.21,87.11,1020742
2023-04-21,87.85,88.45,87.64,88.44,1514405
2023-04-24,88.03,89.24,87.87,88.68,1318727
2023-04-25,89.16,90.07,88.5,89.28,1159690
2023-04-26,88.45,89.35,88.12,88.81,1446941
2023-04-27,90.68,94.82,90.66,93.93,2442705
2023-04-28,94.34,94.72,93.58,93.76,2458474
2023-05-01,93.42,93.88,92.61,93.31,2666905
2023-05-02,93.36,93.81,92.62,93.66,1834364
2023-05-03,93.78,94.92,93.64,94.06,1810603
2023-05-04,94.13,94.6,93.33,94.28,1591408
2023-05-05,93.76,94.78,93.75,94.15,1114742
2023-05-08,93.73,94.02,93.14,93.26,1402294
2023-05-09,93.59,93.59,92.57,92.62,1970512
2023-05-10,92.48,93.16,92.41,92.88,1517521
2023-05-11,93.1,93.44,92.66,93.04,1454660
2023-05-12,92.99,93.81,92.99,93.77,1162187
2023-05-15,94.14,94.37,92.85,93.05,1199924
2023-05-16,92.92,92.92,92.07,92.62,1725605
2023-05-17,92.7,92.83,91.29,91.76,1612320
2023-05-18,91.24,91.64,90.52,91.52,1665829
2023-05-19,91.8,92.18,91.46,92.0,1817952
2023-05-22,91.69,92.59,91.57,91.76,1652310
2023-05-23,91.27,91.7,90.75,90.92,1494058
2023-05-24,90.84,91.18,90.43,90.69,1058950
2023-05-25,90.52,90.86,89.98,90.5,1421391
2023-05-26,90.29,91.27,90.19,90.97,1774302
2023-05-30,90.15,90.7,88.74,88.79,1218065
2023-05-31,89.0,89.66,88.53,89.5,7182676
2023-06-01,89.71,90.22,89.11,89.79,1314723
2023-06-02,89.21,90.83,89.14,90.81,1084813
2023-06-05,90.8,91.84,90.8,91.63,869114
2023-06-06,91.9,92.15,89.49,89.93,950485
2023-06-07,89.45,89.82,88.88,89.56,1202320
2023-06-08,89.97,90.94,89.79,90.85,945216
2023-06-09,90.54,91.31,90.48,91.1,1105029
2023-06-12,91.45,91.52,90.44,91.18,1046433
2023-06-13,90.68,91.94,90.54,91.92,1548787
2023-06-14,92.03,92.6,91.73,92.33,902146
2023-06-15,92.83,93.03,92.23,92.78,1183694
2023-06-16,92.97,93.88,92.94,93.09,1903320
2023-06-20,93.22,93.55,91.4,91.42,1281464
2023-06-21,92.27,93.51,91.65,93.27,1570038
2023-06-22,93.83,94.71,93.79,94.44,1787670
2023-06-23,94.62,94.84,93.79,94.02,5221421
2023-06-26,93.91,94.53,92.87,94.31,2235967
2023-06-27,94.17,95.66,94.09,95.63,1389904
2023-06-28,95.12,95.73,94.49,95.33,2181492
2023-06-29,95.06,95.95,94.6,95.81,1454148
2023-06-30,96.0,97.19,96.0,97.03,1457448
2023-07-03,97.0,97.28,96.44,97.0,1187808
2023-07-05,96.81,97.17,96.37,96.73,1065921
2023-07-06,96.28,97.31,96.05,97.03,1315464
2023-07-07,96.8,96.85,95.51,95.81,1517320
2023-07-10,96.1,96.66,94.95,95.15,909217
2023-07-11,95.14,95.38,94.01,94.68,1061827
2023-07-12,94.58,95.33,94.33,95.11,770298
2023-07-13,94.82,95.31,94.34,94.89,728476
2023-07-14,94.91,95.78,94.5,95.67,693126
2023-07-17,95.58,95.8,94.87,95.25,700493
2023-07-18,95.24,96.09,94.71,95.05,1011363
2023-07-19,95.21,95.41,94.24,95.13,1716713
2023-07-20,94.85,94.92,92.96,94.14,1767122
2023-07-21,94.19,95.5,94.19,95.0,1306924
2023-07-24,94.94,95.2,94.53,94.95,976052
2023-07-25,95.23,95.23,94.09,94.84,1261742
2023-07-26,94.8,95.2,94.19,94.78,1268203
2023-07-27,94.75,95.09,92.78,92.89,2558997
2023-07-28,93.92,95.26,92.89,94.05,1787685
2023-07-31,94.26,94.39,91.67,92.62,3309024
2023-08-01,92.74,93.57,92.74,93.29,1177208
2023-08-02,93.47,94.44,92.86,93.69,1418863
2023-08-03,94.02,94.12,92.06,92.07,1576373
2023-08-04,91.9,92.31,91.37,91.61,1142788
2023-08-07,91.63,92.73,91.63,92.63,906798
2023-08-08,93.08,93.08,92.2,92.45,1392535
2023-08-09,92.46,93.66,92.4,92.98,1095704
2023-08-10,93.31,94.08,92.27,92.5,1338765
2023-08-11,92.77,93.35,92.42,92.92,1172425
2023-08-14,93.14,93.61,92.19,92.38,996308
2023-08-15,92.19,92.3,91.29,91.44,766459
2023-08-16,91.32,91.73,90.63,90.88,1099083
2023-08-17,91.06,91.18,89.44,89.48,1251054
2023-08-18,89.15,90.46,88.71,90.37,1312246
2023-08-21,90.01,90.32,89.25,89.75,928147
2023-08-22,89.54,90.46,89.2,90.0,913392
2023-08-23,90.29,90.75,89.3,89.79,773444
2023-08-24,89.79,91.03,89.68,90.13,773020
2023-08-25,90.52,90.82,90.17,90.58,701389
2023-08-28,91.85,92.08,91.22,91.68,957894
2023-08-29,91.66,92.76,91.1,92.65,1004486
2023-08-30,92.59,93.36,92.59,93.21,964354
2023-08-31,93.29,94.22,93.04,93.94,2718942
2023-09-01,94.08,94.48,93.22,93.45,1481114
2023-09-05,93.15,93.5,92.01,92.39,1144142
2023-09-06,92.49,92.98,91.18,91.37,1511695
2023-09-07,91.88,94.36,91.88,93.7,1629016
2023-09-08,93.44,93.97,92.67,92.88,971783
2023-09-11,94.1,94.1,93.02,93.51,778818
2023-09-12,93.66,93.79,92.25,92.52,747277
2023-09-13,92.54,93.05,92.18,92.91,1134783
2023-09-14,92.89,93.05,92.17,92.81,1242070
2023-09-15,92.78,93.72,92.28,92.44,2241257
2023-09-18,92.85,92.85,92.11,92.37,852458
2023-09-19,92.19,92.88,91.19,92.07,989075
2023-09-20,92.41,92.89,92.02,92.33,841127
2023-09-21,92.32,92.8,92.02,92.25,1133850
2023-09-22,92.11,92.68,91.7,91.92,837725
2023-09-25,91.84,91.96,90.78,91.1,685489
2023-09-26,91.17,91.17,90.32,90.36,1047265
2023-09-27,90.35,90.7,88.92,89.28,1098524
2023-09-28,89.58,89.68,88.89,89.21,1503066
2023-09-29,89.58,89.84,88.65,88.95,1158535
2023-10-02,88.8,89.3,88.52,88.97,1191344
2023-10-03,88.88,89.43,88.1,88.31,1174614
2023-10-04,88.46,89.41,87.88,89.36,1380483
2023-10-05,88.89,89.23,87.5,87.59,1503930
2023-10-06,87.44,87.49,83.23,83.48,4246958
2023-10-09,83.41,84.36,82.65,84.11,2178381
2023-10-10,84.77,85.89,84.29,85.58,1989562
2023-10-11,85.53,85.75,84.18,85.09,1687594
2023-10-12,85.08,85.13,83.25,83.58,1577898
2023-10-13,83.78,85.16,83.63,85.14,1341711
2023-10-16,85.72,87.06,85.12,86.34,1420835
2023-10-17,86.14,86.73,85.55,86.52,1102616
2023-10-18,87.04,88.19,86.78,87.61,1443549
2023-10-19,87.89,88.13,86.56,86.98,1081957
2023-10-20,87.27,87.92,86.8,87.49,1759606
2023-10-23,87.99,89.03,87.5,88.39,2175004
2023-10-24,88.37,89.45,88.23,88.91,1850667
2023-10-25,88.69,90.03,88.38,89.55,1729642
2023-10-26,89.51,90.41,89.13,89.53,1509558
2023-10-27,89.1,89.84,87.25,87.48,1274458
2023-10-30,88.08,88.46,87.11,88.11,1215016
2023-10-31,88.47,88.64,87.72,88.28,1842938
2023-11-01,88.7,88.7,87.4,87.63,1852617
2023-11-02,88.23,89.28,87.86,89.27,2378561
2023-11-03,82.81,84.32,79.85,84.27,4526347
2023-11-06,84.27,85.13,83.71,84.34,2165547
2023-11-07,84.14,86.31,83.89,86.12,2443382
2023-11-08,86.38,86.81,85.79,86.03,2049283
2023-11-09,86.29,87.25,85.88,87.03,1848284
2023-11-10,87.16,87.3,86.5,87.1,1372561
2023-11-13,86.9,88.5,86.45,88.27,1580495
2023-11-14,88.72,89.6,88.36,89.37,1736133
2023-11-15,89.42,90.23,89.1,89.24,1726878
2023-11-16,89.24,90.71,89.23,90.44,1539610
2023-11-17,90.63,90.63,89.6,89.97,1773564
2023-11-20,89.62,89.79,88.8,89.05,1709136
2023-11-21,89.41,90.91,88.9,90.38,1295536
2023-11-22,90.79,91.66,90.79,91.63,1270255
2023-11-24,91.55,92.35,90.97,92.34,695689
2023-11-27,91.99,92.78,91.89,92.75,1231770
2023-11-28,92.97,93.38,92.39,92.6,1837614
2023-11-29,92.7,92.94,92.02,92.17,1602275
2023-11-30,92.0,94.14,91.23,94.09,3966414
2023-12-01,94.0,94.33,92.57,92.86,1490548
2023-12-04,92.19,93.42,91.94,92.6,1308641
2023-12-05,92.37,92.42,90.71,91.03,1337616
2023-12-06,90.68,91.66,90.48,91.07,1630262
2023-12-07,91.15,91.85,90.54,91.67,915118
2023-12-08,91.44,91.44,90.13,90.5,963105
2023-12-11,90.83,91.1,90.19,90.91,971958
2023-12-12,91.18,91.98,90.82,91.98,1049059
2023-12-13,90.85,92.62,89.1,92.47,1620364
2023-12-14,92.12,92.28,88.9,88.96,2178895
2023-12-15,88.31,89.33,87.89,89.09,2904614
2023-12-18,89.87,90.6,89.04,90.49,951000
2023-12-19,90.4,90.92,89.91,90.28,1257097
2023-12-20,90.0,90.68,88.99,89.02,1153181
2023-12-21,89.45,89.81,88.31,89.38,1166998
2023-12-22,89.6,90.14,89.06,89.48,813734
2023-12-26,89.58,90.15,89.17,89.85,778597
2023-12-27,89.71,90.56,89.42,90.54,828899
2023-12-28,90.63,91.7,90.36,91.52,1046634
2023-12-29,91.53,92.15,91.5,92.07,1196590
2024-01-02,91.89,93.2,91.79,92.08,1419730
2024-01-03,92.55,92.55,91.13,91.48,1230202
2024-01-04,91.57,92.37,91.24,92.03,1162569
2024-01-05,92.06,92.06,90.87,91.4,1056438
2024-01-08,91.7,91.92,90.99,91.89,1244592
2024-01-09,91.85,93.49,91.44,93.46,1372895
2024-01-10,93.4,94.15,93.3,93.94,1165471
2024-01-11,94.01,95.15,93.55,94.98,1324084
2024-01-12,95.3,95.44,94.41,95.08,984838
2024-01-16,95.1,95.64,94.59,95.58,1408824
2024-01-17,95.69,96.82,95.47,96.11,1369411
2024-01-18,95.48,96.11,94.95,95.26,1262146
2024-01-19,95.46,95.46,94.18,94.38,1430754
2024-01-22,94.16,95.48,94.01,95.05,1260684
2024-01-23,95.42,97.29,95.42,96.89,1295797
2024-01-24,96.07,96.45,94.52,94.55,1194217
2024-01-25,94.86,95.52,94.52,95.49,1134344
2024-01-26,95.62,96.53,95.4,96.51,1200966
2024-01-29,96.75,97.22,96.5,96.98,1814275
2024-01-30,97.37,98.12,96.72,97.86,1504361
2024-01-31,98.14,98.34,96.76,97.22,1850683
2024-02-01,97.27,99.11,96.67,99.1,2111082
2024-02-02,99.08,100.5,95.86,96.76,2343780
2024-02-05,97.37,98.28,96.65,97.55,2771267
2024-02-06,97.76,98.64,97.32,97.53,1933702
2024-02-07,98.09,99.08,97.34,98.1,1981843
2024-02-08,97.83,98.34,97.13,97.31,1385050
2024-02-09,97.22,97.45,95.57,96.23,1377154
2024-02-12,96.0,96.2,95.03,95.99,1370066
2024-02-13,96.23,96.83,94.77,95.31,1308175
2024-02-14,95.36,95.57,93.84,94.72,1372565
2024-02-15,95.16,95.77,94.69,95.11,883694
2024-02-16,95.59,96.18,94.58,95.49,1321400
2024-02-20,96.03,96.94,95.56,95.75,1019736
2024-02-21,95.88,96.86,95.8,96.3,707383
2024-02-22,95.72,97.39,94.75,97.3,1032445
2024-02-23,98.03,98.37,97.02,98.05,1164155
2024-02-26,98.03,98.52,97.82,98.06,838665
2024-02-27,97.7,98.35,96.82,97.55,891665
2024-02-28,97.56,98.12,97.25,97.77,767804
2024-02-29,97.75,98.29,97.2,97.77,1597655
2024-03-01,97.87,97.99,96.8,97.93,956159
2024-03-04,97.36,98.85,97.13,98.57,1056852
2024-03-05,98.71,99.94,98.23,99.52,1575806
2024-03-06,99.24,100.62,99.24,100.04,1050901
2024-03-07,100.21,101.8,99.74,101.68,1367639
2024-03-08,101.31,102.3,100.69,101.68,954063
2024-03-11,102.31,102.83,101.01,101.41,1318463
2024-03-12,101.18,102.56,100.95,102.05,897631
2024-03-13,102.54,103.19,101.62,102.95,1122564
2024-03-14,102.53,102.91,101.47,101.93,1037022
2024-03-15,100.51,101.89,100.46,101.89,1892145
2024-03-18,101.66,102.8,101.66,101.81,907211
2024-03-19,102.41,102.61,101.68,102.4,1255602
2024-03-20,102.39,102.42,100.47,100.59,1190573
2024-03-21,100.38,101.75,99.88,101.44,1047169
2024-03-22,101.69,102.36,101.18,102.15,762788
2024-03-25,102.24,102.34,100.49,100.57,1011254
2024-03-26,101.06,101.32,100.39,100.43,1251940
2024-03-27,101.08,102.02,100.87,101.77,981290
2024-03-28,102.19,102.24,101.45,101.86,1731307
2024-04-01,101.48,102.68,101.1,102.56,1505313
2024-04-02,102.54,102.99,101.64,102.19,1477098
2024-04-03,102.04,102.41,100.52,100.74,1786925
2024-04-04,101.17,101.58,99.66,99.7,1469338
2024-04-05,99.53,100.06,99.05,99.61,1074994
2024-04-08,99.28,99.74,99.02,99.11,1092640
2024-04-09,99.4,99.63,98.3,99.5,819222
2024-04-10,99.17,100.48,99.14,100.17,1169996
2024-04-11,100.71,100.71,99.13,99.2,1242136
2024-04-12,98.86,99.76,98.34,98.71,1164556
2024-04-15,99.4,99.97,98.91,99.2,1218480
2024-04-16,99.65,101.34,99.65,100.83,1520467
2024-04-17,101.27,101.56,100.41,101.06,1414840
2024-04-18,101.32,101.47,100.08,100.78,809892
2024-04-19,100.68,102.16,99.7,101.9,1103865
2024-04-22,102.51,104.12,102.05,103.47,1243839
2024-04-23,104.52,104.9,103.32,104.21,1053840
2024-04-24,103.52,105.04,102.8,104.83,912837
2024-04-25,105.25,105.56,104.2,104.73,898535
2024-04-26,104.51,105.32,103.82,103.83,1037566
2024-04-29,103.91,104.53,103.45,104.4,1544571
2024-04-30,104.53,105.39,103.95,105.36,1620046
2024-05-01,105.02,106.13,103.57,103.77,1978028
2024-05-02,103.6,104.08,100.98,103.4,2024664
2024-05-03,102.75,103.83,101.48,103.62,1283889
2024-05-06,103.68,104.11,102.64,102.94,1224778
2024-05-07,103.62,104.66,103.25,104.42,972578
2024-05-08,105.11,105.19,103.84,104.28,1041546
2024-05-09,104.47,105.02,103.88,104.54,882464
2024-05-10,104.61,105.06,104.31,104.79,680690
2024-05-13,104.78,105.23,104.15,104.64,911382
2024-05-14,104.31,104.74,103.14,104.6,1215852
2024-05-15,104.2,105.13,104.13,104.94,844241
2024-05-16,105.21,105.65,104.34,104.45,1015137
2024-05-17,104.57,104.57,103.81,104.17,829712
2024-05-20,104.15,104.4,103.63,104.28,705856
2024-05-21,104.71,105.07,104.23,104.82,843326
2024-05-22,104.64,105.15,104.32,105.07,597182
2024-05-23,104.84,105.48,104.14,104.19,799464
2024-05-24,104.42,104.76,103.83,104.24,770768
2024-05-28,103.41,103.84,101.73,101.98,1631124
2024-05-29,101.89,101.89,101.04,101.15,1797114
2024-05-30,101.16,102.44,100.76,102.18,1070952
2024-05-31,102.18,104.94,102.14,104.77,2658920
2024-06-03,104.37,106.23,104.37,105.05,1502838
2024-06-04,105.47,106.08,105.07,105.85,1106278
2024-06-05,105.58,105.66,104.47,105.46,952527
2024-06-06,105.51,106.0,105.15,105.65,796218
2024-06-07,105.65,106.31,105.02,105.14,830810
2024-06-10,104.88,105.52,103.72,105.47,1169370
2024-06-11,105.28,105.71,104.41,105.67,1438793
2024-06-12,105.38,105.42,103.5,104.17,1517798
2024-06-13,104.37,104.57,103.68,104.25,1304572
2024-06-14,103.93,105.51,103.81,105.45,1313048
2024-06-17,104.99,107.17,104.66,107.02,1080514
2024-06-18,106.76,108.0,106.5,107.61,1084326
2024-06-20,107.37,107.95,106.42,106.63,1011155
2024-06-21,107.16,107.83,106.34,106.65,1736655
2024-06-24,106.46,106.46,104.71,105.23,1578218
2024-06-25,104.76,104.76,102.4,102.66,1808450
2024-06-26,101.97,103.51,101.51,102.3,1530002
2024-06-27,102.44,102.48,101.62,101.83,1486159
2024-06-28,101.83,102.09,100.7,101.51,6988946
2024-07-01,101.93,103.14,101.54,102.68,1786326
2024-07-02,102.56,103.38,101.82,103.23,1362047
2024-07-03,103.23,103.45,102.84,103.32,831631
2024-07-05,103.51,104.54,103.08,104.36,998671
2024-07-08,104.43,104.43,102.63,103.37,1378744
2024-07-09,103.12,103.31,101.99,102.42,1221745
2024-07-10,102.87,103.25,102.21,102.66,1666683
2024-07-11,102.56,103.89,101.4,101.57,1894463
2024-07-12,101.89,102.73,101.84,101.99,1115596
2024-07-15,101.91,102.29,98.99,99.06,1924207
2024-07-16,99.48,101.3,99.46,100.19,1256154
2024-07-17,100.36,102.14,100.35,101.55,1681129
2024-07-18,101.36,102.3,99.81,100.03,1703492
2024-07-19,100.65,101.52,100.1,100.46,1190292
2024-07-22,99.82,99.89,97.22,98.54,1937260
2024-07-23,98.86,99.11,97.96,98.11,1480142
2024-07-24,97.99,98.87,97.19,98.25,1087329
2024-07-25,98.38,99.77,97.73,97.76,1130515
2024-07-26,97.96,99.92,97.29,99.26,1273426
2024-07-29,99.18,100.12,98.66,99.47,1349752
2024-07-30,96.3,97.54,95.61,97.35,2005409
2024-07-31,97.4,97.47,95.62,95.96,3040123
2024-08-01,96.31,98.14,95.83,97.92,2346373
2024-08-02,94.91,97.84,94.33,96.47,3855940
2024-08-05,96.93,98.78,96.67,97.83,2868001
2024-08-06,98.02,100.14,97.84,99.2,1735367
2024-08-07,99.19,100.65,98.64,99.47,1495181
2024-08-08,99.02,100.31,98.95,100.07,1097731
2024-08-09,100.11,100.44,99.11,100.11,1451047
2024-08-12,99.7,99.74,97.87,98.7,1120276
2024-08-13,98.76,99.1,97.67,98.08,1709803
2024-08-14,97.89,98.68,97.89,98.38,811752
2024-08-15,98.81,99.19,97.21,98.17,965152
2024-08-16,98.14,98.37,97.26,98.19,1843885
2024-08-19,98.1,98.76,97.97,98.34,1143121
2024-08-20,98.16,99.8,98.0,99.78,1170228
2024-08-21,99.72,100.97,99.72,100.52,816910
2024-08-22,101.28,101.4,100.55,100.78,923672
2024-08-23,100.78,101.02,99.37,100.31,865914
2024-08-26,100.15,100.89,99.89,99.96,760873
2024-08-27,100.12,100.18,98.92,99.31,847238
2024-08-28,100.05,100.05,98.81,99.72,1044475
2024-08-29,99.9,99.93,98.82,98.94,724408
2024-08-30,99.09,100.13,99.01,100.03,1437811
2024-09-03,100.11,103.8,99.93,103.38,1888572
2024-09-04,103.59,104.55,103.17,104.29,1501258
2024-09-05,104.32,104.54,102.91,103.57,1861466
2024-09-06,103.66,104.29,102.96,103.27,1350257
2024-09-09,102.35,103.71,101.67,103.68,1947953
2024-09-10,103.66,104.67,102.52,104.02,1448986
2024-09-11,103.72,104.06,100.92,101.39,1489240
2024-09-12,101.15,101.92,100.36,101.67,1257665
2024-09-13,101.44,102.36,101.1,102.15,1034878
2024-09-16,102.41,103.42,102.41,103.31,1114223
2024-09-17,102.21,103.18,101.79,101.94,1303585
2024-09-18,101.82,102.25,100.04,100.75,1522564
2024-09-19,100.53,101.29,99.72,99.73,1159510
2024-09-20,99.75,101.95,99.75,101.52,4692127
2024-09-23,101.01,102.26,100.65,101.64,1428010
2024-09-24,101.7,102.71,101.13,101.27,1573644
2024-09-25,102.1,102.35,100.95,101.07,904840
2024-09-26,100.8,101.79,100.35,101.04,1497104
2024-09-27,101.21,102.58,101.07,102.49,1358976
2024-09-30,103.19,103.53,102.24,102.82,1482215
2024-10-01,102.7,103.24,101.86,102.58,1826363
2024-10-02,102.61,102.84,100.89,101.39,1107390
2024-10-03,101.26,101.44,99.42,99.5,1537432
2024-10-04,98.89,99.5,98.58,99.2,1037118
2024-10-07,99.46,99.46,97.23,97.29,1470022
2024-10-08,97.2,98.41,96.84,98.26,1102535
2024-10-09,98.56,99.19,98.23,98.8,923803
2024-10-10,98.95,99.22,98.1,98.4,948073
2024-10-11,98.54,99.81,98.3,99.77,1119709
2024-10-14,100.11,101.47,99.58,101.29,1039642
2024-10-15,101.92,103.24,101.67,102.45,1332845
2024-10-16,101.43,102.9,101.12,102.76,1059536
2024-10-17,102.97,103.48,102.15,103.04,1052202
2024-10-18,103.02,103.24,101.91,102.44,1520125
2024-10-21,102.27,102.88,101.43,102.02,939741
2024-10-22,101.15,101.72,99.99,100.83,1182990
2024-10-23,100.7,100.86,99.8,100.7,891432
2024-10-24,101.15,101.5,100.37,100.76,1044286
2024-10-25,100.33,100.92,98.69,99.01,1159828
2024-10-28,99.46,99.75,98.71,99.22,1736986
2024-10-29,98.86,99.59,98.36,98.8,1377974
2024-10-30,98.76,99.05,98.28,98.69,1298544
2024-10-31,98.56,99.69,98.02,98.1,2716680
2024-11-01,103.83,104.1,101.04,102.85,2960153
2024-11-04,101.94,103.4,100.64,101.09,2407554
2024-11-05,100.94,102.27,100.7,102.25,1587215
2024-11-06,103.47,104.26,100.79,101.34,3047860
2024-11-07,101.75,102.73,100.63,102.02,1442389
2024-11-08,102.72,105.03,102.33,104.52,1421550
2024-11-11,104.64,105.93,104.36,105.75,1575887
2024-11-12,106.04,106.71,105.26,106.03,1542440
2024-11-13,106.17,106.42,105.16,105.31,1160764
2024-11-14,105.11,106.53,104.69,105.92,1263354
2024-11-15,106.22,107.81,105.49,107.32,1951803
2024-11-18,107.0,108.69,106.62,108.57,1361717
2024-11-19,108.36,109.71,108.1,109.19,1648612
2024-11-20,109.17,110.01,108.6,109.55,2195487
2024-11-21,110.09,111.09,109.18,110.5,1808275
2024-11-22,111.18,111.73,110.01,110.15,1712386
2024-11-25,110.69,111.24,108.53,108.69,2535683
2024-11-26,109.18,109.5,107.91,108.66,1254647
2024-11-27,109.2,109.97,108.34,108.64,1053981
2024-11-29,108.2,108.86,107.64,108.41,965206
2024-12-02,109.15,111.67,108.28,109.5,2076293
2024-12-03,109.55,109.74,107.98,108.24,1055675
2024-12-04,107.55,108.28,106.72,108.18,1058942
2024-12-05,107.72,109.08,107.3,107.46,1836213
2024-12-06,107.34,108.2,105.44,105.54,1818915
2024-12-09,105.33,105.4,103.93,104.24,1474384
2024-12-10,104.24,105.7,103.83,105.39,1604876
2024-12-11,105.69,107.43,103.81,103.93,1211329
2024-12-12,104.8,105.49,103.65,103.77,996448
2024-12-13,103.87,104.25,103.34,103.99,926996
2024-12-16,104.02,105.67,104.02,104.17,1463900
2024-12-17,103.85,105.36,103.57,104.15,1407481
2024-12-18,103.66,105.09,103.17,104.21,2221745
2024-12-19,103.85,104.85,103.16,104.2,1991336
2024-12-20,104.19,104.91,103.31,104.44,3432031
2024-12-23,104.44,104.8,103.14,103.78,813984
2024-12-24,103.66,104.87,103.4,104.8,369283
2024-12-26,104.32,105.36,104.17,105.08,656652
2024-12-27,104.26,105.64,104.02,104.29,762488
2024-12-30,103.75,104.02,102.39,102.99,733489
2024-12-31,103.24,103.78,102.69,103.08,814661
2025-01-02,103.44,103.52,102.02,102.22,1231104
2025-01-03,102.36,103.46,101.47,103.01,1094298
2025-01-06,102.16,102.91,99.94,100.08,1515452
2025-01-07,100.64,101.35,100.43,101.2,1658512
2025-01-08,101.03,101.36,100.26,100.97,1608708
2025-01-10,99.88,101.1,99.29,99.84,1537800
2025-01-13,100.46,101.28,99.41,101.25,2021359
2025-01-14,101.42,103.75,101.25,103.64,2150692
2025-01-15,103.92,103.92,100.68,101.83,1548588
2025-01-16,101.92,104.85,101.81,104.61,1662550
2025-01-17,105.03,105.42,104.3,104.81,1712775
2025-01-21,105.28,105.79,104.42,105.0,1229954
2025-01-22,106.31,106.36,104.53,105.03,1474322
2025-01-23,104.75,104.99,103.37,104.63,1584207
2025-01-24,104.57,105.02,103.65,104.59,1208411
2025-01-27,106.47,107.86,105.87,107.68,1552833
2025-01-28,107.32,107.96,105.44,105.85,1265626
2025-01-29,105.72,106.2,104.86,105.1,1500081
2025-01-30,106.03,106.09,104.39,105.45,1928796
2025-01-31,105.33,105.33,103.14,103.87,3425109
2025-02-03,103.37,105.69,103.26,104.77,2514133
2025-02-04,104.24,104.86,103.3,104.33,1621970
2025-02-05,104.62,105.77,103.81,105.52,1533446
2025-02-06,106.22,106.31,103.26,103.76,1337834
2025-02-07,103.48,103.62,102.67,103.38,855138
2025-02-10,103.14,103.31,102.24,102.92,1086653
2025-02-11,103.16,103.29,102.12,103.24,1222831
2025-02-12,102.65,104.83,102.65,104.3,1438197
2025-02-13,104.54,106.21,104.28,105.85,1230238
2025-02-14,105.64,105.83,103.62,103.64,1723564
2025-02-18,102.82,103.38,101.89,102.52,1237469
2025-02-19,102.99,103.7,102.58,103.01,1094722
2025-02-20,101.86,103.21,101.81,103.08,1727084
2025-02-21,102.8,104.21,101.7,103.97,1978505
2025-02-24,103.5,107.39,103.5,106.2,1706578
2025-02-25,106.99,109.76,106.95,109.14,2470423
2025-02-26,108.56,108.58,107.02,107.19,1874416
2025-02-27,106.6,108.31,105.82,107.95,988811
2025-02-28,109.19,109.92,107.75,109.76,1949200
2025-03-03,109.41,110.69,108.64,110.61,1728217
2025-03-04,111.54,113.12,109.17,109.28,1583575
2025-03-05,109.4,110.79,108.81,109.23,1563943
2025-03-06,109.23,110.25,108.59,109.45,1716354
2025-03-07,109.32,112.38,108.87,110.88,1696802
2025-03-10,111.92,114.95,111.48,111.74,2232759
2025-03-11,111.29,111.81,110.11,110.74,1535404
2025-03-12,108.8,109.34,107.16,107.62,1540447
2025-03-13,107.68,108.97,107.28,108.34,2196853
2025-03-14,107.54,108.12,106.77,107.69,938166
2025-03-17,107.44,108.81,107.16,107.91,1616142
2025-03-18,107.65,107.78,105.86,105.99,1207095
2025-03-19,105.83,106.84,105.42,106.63,1413822
2025-03-20,106.59,107.04,105.72,106.67,1391204
2025-03-21,106.95,107.76,105.19,105.76,2538681
2025-03-24,105.42,106.52,104.58,105.52,1424372
2025-03-25,105.49,105.71,102.88,103.38,1083981
2025-03-26,103.48,105.17,103.48,104.94,1187302
2025-03-27,106.0,107.14,104.97,106.99,1051528
2025-03-28,107.66,108.07,106.76,107.7,1138352
2025-03-31,108.09,108.79,107.52,108.67,3010298
2025-04-01,109.16,109.56,106.98,108.05,1518151
2025-04-02,108.23,108.62,106.35,106.92,2056401
2025-04-03,108.36,110.9,107.97,109.33,2597259
2025-04-04,110.23,112.44,104.5,104.72,3154331
2025-04-07,102.27,104.8,100.57,101.22,3061278
2025-04-08,102.67,103.48,99.61,100.29,2387184
2025-04-09,99.53,103.29,98.71,100.59,2203297
2025-04-10,101.23,103.28,99.93,102.43,2262739
2025-04-11,101.79,103.87,100.74,103.0,1524267
2025-04-14,103.19,104.84,101.83,104.21,1684333
2025-04-15,105.57,105.67,102.9,103.71,2307527
2025-04-16,104.26,104.75,101.23,101.63,1236448
2025-04-17,102.16,104.5,101.76,104.01,1704517
2025-04-21,103.64,104.17,101.06,101.81,2038733
2025-04-22,101.83,102.86,100.44,102.51,2022922
2025-04-23,101.62,102.29,99.28,100.81,2938402
2025-04-24,99.74,100.25,97.97,98.91,2662844
2025-04-25,99.78,99.98,97.08,98.03,2777226
2025-04-28,97.88,98.5,97.08,97.53,2754490
2025-04-29,96.91,97.99,96.28,97.73,2568231
2025-04-30,98.7,98.75,96.44,98.06,3142895
2025-05-01,91.79,92.72,90.58,91.19,4640762
2025-05-02,91.55,92.77,91.12,91.74,3110357
2025-05-05,92.07,92.44,90.73,91.58,1976954
2025-05-06,90.5,91.34,89.9,90.88,2060520
2025-05-07,90.82,91.52,90.37,90.8,2089399
2025-05-08,90.49,92.26,90.26,90.99,2017532
2025-05-09,90.59,91.23,90.26,90.39,1892481
2025-05-12,90.07,94.22,89.81,93.95,3965050
2025-05-13,93.61,93.7,91.92,92.88,3675458
2025-05-14,92.45,92.62,90.86,91.95,2539175
2025-05-15,92.34,93.72,91.7,93.64,1908345
2025-05-16,93.72,95.0,93.33,94.88,2058226
2025-05-19,94.88,95.28,94.41,95.03,2250004
2025-05-20,94.91,95.98,94.69,95.9,2410510
2025-05-21,95.23,96.01,94.53,94.89,2062789
2025-05-22,94.48,95.09,93.55,94.28,2431009
2025-05-23,94.52,95.17,93.75,95.0,1816045
2025-05-27,95.22,97.11,94.99,96.93,2790028
2025-05-28,97.3,98.19,96.8,97.0,2340868
2025-05-29,96.65,97.91,96.38,97.18,2304083
2025-05-30,97.21,98.18,96.93,97.35,4911569
2025-06-02,97.46,99.24,96.94,98.07,2658637
2025-06-03,97.74,98.97,96.64,98.57,3754109
2025-06-04,98.62,99.71,98.0,98.66,2171707
2025-06-05,98.64,98.64,97.75,98.02,1687560
2025-06-06,98.18,98.86,97.6,98.1,1550135
2025-06-09,97.68,98.53,96.88,97.75,2143355
2025-06-10,97.81,98.71,97.24,98.39,2152273
2025-06-11,98.22,98.61,97.65,98.13,1409392
2025-06-12,98.02,98.23,97.07,98.11,1730268
2025-06-13,97.56,98.58,95.97,96.14,2129053
2025-06-16,96.49,97.76,96.35,96.83,2117860
2025-06-17,96.05,96.18,94.92,95.22,2848379
2025-06-18,94.83,95.75,94.78,94.95,3076902
2025-06-20,94.72,96.09,94.45,95.49,4742033
2025-06-23,95.29,96.16,94.59,96.0,2010130
2025-06-24,96.02,96.25,94.73,95.08,1843018
2025-06-25,94.7,94.7,93.59,94.32,2033256
2025-06-26,94.65,95.24,93.66,94.04,2057475
2025-06-27,94.06,94.57,93.57,93.85,3093647
2025-06-30,93.73,95.4,93.72,95.17,2824410
2025-07-01,95.29,97.06,94.56,96.69,2415063
2025-07-02,96.74,97.22,96.18,97.07,1608903
2025-07-03,97.3,97.73,96.42,97.45,1204908
2025-07-07,97.36,97.9,96.84,97.62,2389934
2025-07-08,96.94,97.39,96.4,97.08,1723637
2025-07-09,97.1,97.59,96.62,97.43,2472606
2025-07-10,97.43,98.89,97.18,98.12,1603185
2025-07-11,97.75,98.24,96.28,97.09,1425771
2025-07-14,96.1,96.37,95.18,96.12,1822892
2025-07-15,95.73,96.09,94.53,94.58,2036909
2025-07-16,94.99,95.42,94.35,95.37,2043517
2025-07-17,96.15,96.7,95.44,96.08,1271005
2025-07-18,95.78,96.36,95.24,95.66,1983004
2025-07-21,95.51,96.33,95.23,95.55,2034575
2025-07-22,95.77,97.81,95.74,97.15,1840566
2025-07-23,97.34,97.44,95.83,96.11,2294224
2025-07-24,96.53,96.94,95.96,96.33,2412184
2025-07-25,96.23,96.66,95.12,96.28,1652693
2025-07-28,95.88,96.25,94.66,94.75,3007124
2025-07-29,95.0,96.41,94.41,95.81,2035057
2025-07-30,95.73,96.2,94.49,95.01,2216877
2025-07-31,94.36,94.62,92.4,92.85,4360108
2025-08-01,92.09,93.45,91.14,93.09,4729657
2025-08-04,92.39,93.25,90.4,90.61,2882929
2025-08-05,90.27,91.52,90.24,90.25,2475903
2025-08-06,90.24,91.89,89.94,91.6,2253376
2025-08-07,91.86,92.38,91.1,91.72,1988911
2025-08-08,91.51,92.15,89.63,90.03,1670323
2025-08-11,90.13,91.12,90.1,90.77,2470701
2025-08-12,90.84,91.39,90.43,91.35,2308920
2025-08-13,91.25,93.46,91.14,92.78,2390624
2025-08-14,92.29,92.47,91.47,91.7,1588438
2025-08-15,92.28,92.54,91.5,91.87,1962178
2025-08-18,92.01,93.45,91.77,92.19,2252242
2025-08-19,92.44,93.58,92.07,93.44,2275911
2025-08-20,93.92,95.26,93.23,94.28,1741320
2025-08-21,93.91,94.42,93.4,94.33,1778410
2025-08-22,94.76,95.35,93.92,94.39,1716961
2025-08-25,94.12,94.45,92.13,92.14,2429140
2025-08-26,92.11,92.24,91.1,91.77,2463798
2025-08-27,91.81,92.51,91.81,92.42,1225902
2025-08-28,92.18,92.35,91.3,91.48,1511211
2025-08-29,92.01,92.78,91.48,92.55,1364343
2025-09-02,92.84,93.41,92.12,92.64,1971400
2025-09-03,92.24,92.82,91.39,92.67,1603404
2025-09-04,92.64,94.78,92.64,94.6,1533130
2025-09-05,94.32,95.89,94.27,95.17,2928377
2025-09-08,94.77,94.79,93.37,93.96,2223361
2025-09-09,93.75,94.57,93.41,94.28,1281082
2025-09-10,93.74,93.74,91.63,92.39,1884322
2025-09-11,92.59,94.05,92.41,93.8,1270627
2025-09-12,93.33,93.89,92.33,92.33,1480179
2025-09-15,92.43,92.67,90.44,90.65,2269963
2025-09-16,90.65,91.28,90.59,90.92,2036813
2025-09-17,91.27,92.33,91.02,91.39,1754847
2025-09-18,90.57,91.82,90.45,91.46,1586297
2025-09-19,91.28,91.49,89.63,89.75,4641530
2025-09-22,89.78,89.95,86.08,86.11,3331739
2025-09-23,86.22,86.92,85.11,86.62,2570451
2025-09-24,86.32,86.75,85.75,86.29,2264905
2025-09-25,86.96,87.03,85.05,85.27,1817406
2025-09-26,85.51,86.2,85.27,86.13,2197973
2025-09-29,85.83,86.0,84.52,85.6,2676085
2025-09-30,85.43,87.3,85.22,87.05,2433242
2025-10-01,87.14,87.94,86.52,87.34,2071430
2025-10-02,87.01,88.05,86.69,87.82,1676321
2025-10-03,87.6,88.25,87.18,87.32,1184764
2025-10-06,87.34,88.57,87.16,88.3,2352131
2025-10-07,88.31,89.92,87.65,89.42,2282106
2025-10-08,89.22,90.04,88.12,88.33,1621454
2025-10-09,88.02,88.16,86.95,87.04,1256250
2025-10-10,87.27,88.22,86.72,87.12,2208937
2025-10-13,86.09,86.73,85.51,85.95,2033330
2025-10-14,86.42,86.61,85.57,86.36,1401145
2025-10-15,85.74,86.31,85.57,85.81,1612585
2025-10-16,85.93,87.15,85.74,86.67,2560821
2025-10-17,87.29,88.01,86.7,87.9,1604949
2025-10-20,87.87,88.01,86.53,87.5,1990872
2025-10-21,86.87,87.65,86.54,87.41,2228543
2025-10-22,87.66,89.1,87.26,87.54,1681041
2025-10-23,87.48,87.48,85.63,86.14,1869866
2025-10-24,87.15,87.92,85.11,85.32,2268282
2025-10-27,85.14,85.53,84.57,85.08,2139753
2025-10-28,84.84,85.13,83.69,83.7,1898186
2025-10-29,83.19,83.26,81.15,81.3,2518901
2025-10-30,81.94,82.88,80.79,81.26,4244002
2025-10-31,86.4,87.6,83.46,87.11,6606066
2025-11-03,86.79,86.89,84.09,85.71,3684997
2025-11-04,86.1,86.21,84.81,86.03,2366865
2025-11-05,85.76,86.14,85.36,86.1,1991872
2025-11-06,85.64,86.86,85.55,85.64,1344813
2025-11-07,86.27,86.88,85.53,86.29,2504922
2025-11-10,85.54,85.9,83.55,84.08,2799035
2025-11-11,84.52,85.58,84.19,84.95,1970422
2025-11-12,84.57,85.44,84.1,84.82,2113498
2025-11-13,85.39,85.4,84.33,84.38,1962375
2025-11-14,84.8,85.22,83.67,83.84,2473190
2025-11-17,83.46,83.87,82.72,82.76,2284002
2025-11-18,83.11,83.64,82.22,82.63,2422527
2025-11-19,82.75,83.13,82.03,82.26,1786084
2025-11-20,81.75,83.55,81.55,83.08,2287312
2025-11-21,83.5,84.85,82.98,83.76,3073721
2025-11-24,83.49,83.7,82.05,82.48,4215962
2025-11-25,82.63,84.04,82.63,83.9,2312307
2025-11-26,83.46,84.6,83.31,84.29,1906637
2025-11-28,84.03,85.04,83.95,84.9,1054005
2025-12-01,84.62,84.85,83.94,84.32,2746609
2025-12-02,83.64,84.21,82.71,83.28,3269529
2025-12-03,83.41,84.6,83.21,83.65,1884074
2025-12-04,83.65,84.09,83.11,83.69,2155596
2025-12-05,83.46,84.64,83.25,84.26,2645926
2025-12-08,83.52,83.88,81.24,81.35,3288686
2025-12-09,81.36,83.58,81.36,82.37,3726809
2025-12-10,82.84,84.79,82.67,83.05,4126524
2025-12-11,83.57,83.98,82.87,83.31,2797283
2025-12-12,83.5,85.06,83.17,84.35,2414536
2025-12-15,84.63,85.03,84.39,84.75,2739783
2025-12-16,85.03,85.22,83.62,84.29,2213488
2025-12-17,85.66,87.5,85.57,86.25,2295720
2025-12-18,85.97,86.63,84.79,84.81,2610806
2025-12-19,84.87,84.98,84.13,84.82,4448072
2025-12-22,83.95,84.49,83.63,83.98,2048357
2025-12-23,83.83,85.17,83.63,84.99,1544322
2025-12-24,84.87,85.33,84.75,85.19,516196
2025-12-26,85.14,85.77,84.79,85.13,928011
2025-12-29,85.33,85.46,84.96,85.08,1778483
2025-12-30,84.86,84.88,84.05,84.18,1381547
2025-12-31,83.95,84.47,83.54,83.59,1044166
2026-01-02,83.26,83.59,82.14,82.38,1644753
2026-01-05,82.0,83.98,81.32,83.85,2876603
2026-01-06,83.45,85.53,82.74,85.25,2681826
2026-01-07,85.43,85.73,83.55,83.62,2231732
2026-01-08,83.29,86.22,83.26,85.59,2333091
2026-01-09,85.46,85.72,84.55,85.51,1538503
2026-01-12,85.53,86.45,84.91,86.39,2876925
2026-01-13,86.72,88.72,86.61,87.7,3343413
2026-01-14,87.81,89.97,87.66,89.88,2770567
2026-01-15,89.16,90.19,88.61,90.15,2132826
2026-01-16,89.7,90.85,88.64,90.33,2496986
2026-01-20,90.31,92.28,90.11,91.86,4609009
2026-01-21,91.72,92.12,90.51,91.48,3082170
2026-01-22,91.61,93.64,91.4,92.66,4897021
2026-01-23,92.77,93.89,91.78,92.14,1800790
2026-01-26,92.28,92.76,91.28,91.64,2586085
2026-01-27,91.47,92.34,90.88,92.04,2205050
2026-01-28,91.72,92.28,90.86,91.2,2689624
2026-01-29,91.34,92.15,90.9,91.67,3540453
2026-01-30,96.16,98.32,93.77,95.95,4994276
2026-02-02,96.98,97.75,95.52,97.04,3421934
2026-02-03,95.94,99.04,95.83,98.46,2584214
2026-02-04,98.5,100.88,98.48,100.28,3071204
2026-02-05,101.62,101.87,99.43,100.29,2606128
2026-02-06,99.71,101.22,99.71,100.22,1946599
2026-02-09,100.07,100.28,97.91,98.11,2061405
2026-02-10,98.0,99.52,97.51,98.66,1716104
2026-02-11,98.37,100.69,97.91,100.15,2218893
2026-02-12,100.25,101.8,99.63,99.69,1895865
2026-02-13,100.19,101.82,99.18,101.45,2774167
2026-02-17,101.6,102.49,99.58,99.89,1705480
2026-02-18,99.43,102.92,99.43,102.67,2848959
2026-02-19,102.79,103.55,102.28,103.25,2078810
2026-02-20,103.07,103.43,101.92,103.08,1741362
2026-02-23,102.66,105.75,102.66,105.26,1667986
2026-02-24,105.36,106.04,104.3,105.08,1472922
2026-02-25,104.24,104.53,102.23,103.63,1841208
2026-02-26,104.28,104.28,102.91,103.67,1420514
2026-02-27,103.67,105.3,103.11,104.86,2271325
2026-03-02,104.09,104.58,102.79,103.95,1802058
2026-03-03,103.12,103.63,101.67,103.02,1669839
2026-03-04,102.94,103.06,101.64,102.47,1686872
2026-03-05,101.74,101.74,99.68,99.86,2137426
2026-03-06,99.01,100.8,98.32,100.7,1341188
2026-03-09,99.94,102.51,99.58,102.25,2634711
2026-03-10,101.53,102.42,100.83,101.13,2183379
2026-03-11,100.57,100.78,98.83,99.67,2053106
2026-03-12,99.27,101.71,98.54,99.16,2482328
2026-03-13,100.24,100.24,97.22,97.75,2153959
2026-03-16,98.51,98.83,97.58,98.22,1670890
2026-03-17,98.89,99.04,96.91,97.31,2031156
2026-03-18,96.08,96.63,95.65,95.74,2410873
2026-03-19,95.41,96.25,94.48,94.58,2359446
2026-03-20,94.5,95.18,93.67,94.69,4780553
2026-03-23,95.6,95.77,94.51,94.65,2032366
2026-03-24,94.18,95.08,93.54,93.87,2030501
2026-03-25,94.62,95.5,92.87,94.38,1801130
2026-03-26,94.25,94.71,93.13,93.22,1837370
2026-03-27,93.28,95.31,92.81,94.69,2406362
2026-03-30,94.98,95.13,93.53,93.91,1733689
2026-03-31,94.06,94.06,91.94,93.32,1947037
2026-04-01,92.5,93.52,91.35,92.85,2021329
2026-04-02,93.01,93.56,91.81,92.85,1573408
2026-04-06,92.85,93.47,92.1,93.13,1725845
2026-04-07,93.05,93.38,92.05,92.55,1944408
2026-04-08,93.0,94.31,92.47,94.2,2825180
2026-04-09,93.4,96.83,92.68,96.16,1945376
2026-04-10,96.24,96.62,95.26,95.42,1316445
2026-04-13,95.6,95.93,93.64,95.03,1279788
2026-04-14,94.39,95.89,94.39,95.53,2559079
2026-04-15,95.29,95.79,94.03,94.63,1606786
2026-04-16,94.15,95.26,93.88,94.54,1767929
2026-04-17,94.41,97.07,94.41,96.88,1718978
