Date,Open,High,Low,Close,Volume
2016-04-25,82.32672291976817,83.43579859710822,82.31791886642915,83.37418365478516,1451900
2016-04-26,83.37417740606,84.39522590453441,83.07490005468892,84.22798919677734,1430500
2016-04-27,84.2455754994285,85.20501560390025,84.034325281632,84.65047454833984,1670500
2016-04-28,84.21039043560445,85.78598026378087,84.0343496556343,85.48670959472656,1487600
2016-04-29,85.10819130860645,85.24902254882866,83.8934874446326,84.38641357421875,1591200
2016-05-02,84.37761818038027,85.80357240875428,84.21917882167205,85.49549102783203,2274600
2016-05-03,82.942869572423,84.04314107058697,81.87780085253893,82.11546325683594,3521600
2016-05-04,81.42006802651441,82.22986601029599,80.90954058283901,81.9922103881836,2444700
2016-05-05,81.97460977884312,82.96925932301393,81.8337785457843,82.10664367675781,1222800
2016-05-06,82.00982775737718,82.8460380537371,81.03278621337662,82.73160552978516,1785600
2016-05-09,82.93408108090405,83.6470549965209,82.17709361089273,82.5115737915039,1532100
2016-05-10,82.94287247357923,84.13116439005525,82.8900548732634,84.09595489501953,1900900
2016-05-11,83.64702610016094,83.8142694904541,83.07488366831045,83.55900573730469,2064500
2016-05-12,83.9991138371696,84.37760743948513,82.49394347880501,83.27733612060547,1451500
2016-05-13,82.93406501714009,83.02208539335454,81.31446188959212,81.56092834472656,1689100
2016-05-16,81.61373906912316,82.03623956034316,81.47290109503366,81.67535400390625,1010500
2016-05-17,81.56091128725366,81.8425804615468,80.6278766910453,80.99756622314453,1641200
2016-05-18,80.8743267318585,81.0855836240203,79.33394714966944,79.65962982177734,1889000
2016-05-19,79.25474700925201,80.17897091767186,79.07869956322676,80.10855865478516,1651300
2016-05-20,80.3726191373629,80.3726191373629,79.3427667691848,79.64204406738281,1759200
2016-05-23,79.51880025746337,80.17896300498036,79.3427595443346,79.86209106445312,1299600
2016-05-24,80.37262101723289,81.5169059300994,79.59803238908422,81.10320281982422,1568500
2016-05-25,81.1647948595737,81.64011276400842,80.98875417594083,81.0151596069336,1230400
2016-05-26,81.35077233017056,81.47440518008464,80.74143418596186,80.7502670288086,1094900
2016-05-27,81.05934748188314,82.13672521247392,80.82974073499867,81.24479675292969,1450000
2016-05-31,81.52737131177872,81.88944367865996,80.72375795934553,81.05049896240234,1713700
2016-06-01,80.88272153307044,82.11905670166016,80.67961332116802,82.11905670166016,1761700
2016-06-02,81.89827364926074,82.43696243579893,81.77464081997171,82.30449676513672,1019600
2016-06-03,82.32214765369264,82.90498706738636,82.02189173831862,82.18968200683594,1290900
2016-06-06,82.20734658105307,82.64889427583793,81.80112351034897,82.18085479736328,1308800
2016-06-07,82.43697969167201,82.80787825717634,82.10140576157073,82.23387145996094,1170600
2016-06-08,82.39281686969947,82.59592507162982,81.9689280445005,82.02191162109375,1088300
2016-06-09,81.6068645359304,81.87178916339514,81.1123264371908,81.49205780029297,1669500
2016-06-10,80.81206459553285,81.29776303900029,80.4676579172162,80.8473892211914,1679400
2016-06-13,81.0416953041125,81.49207603028374,80.57365562715373,80.61781311035156,1269200
2016-06-14,80.25572240705519,81.03285081513506,79.68171568061277,80.75908660888672,1216700
2016-06-15,80.82089538935693,81.39490879902593,80.18507230305258,80.37052154541016,1079200
2016-06-16,80.33521197531208,81.12999940401811,80.02612984678338,80.98870086669922,1395700
2016-06-17,81.05052731191293,81.48324234534557,80.66196302373656,81.19182586669922,1646000
2016-06-20,81.99544000329577,82.84321112475719,81.79233175140172,82.19855499267578,1690200
2016-06-21,82.39282495066753,82.73723170727123,81.91595250210435,82.21620178222656,1564200
2016-06-22,82.4458099265701,83.30241377990988,82.17205243271371,82.64891815185547,1166700
2016-06-23,83.05511888115386,83.89405675369775,82.9933024772557,83.84989929199219,1564100
2016-06-24,81.71283704560845,82.0130930613888,79.18718302089137,79.24017333984375,3222200
2016-06-27,78.96641630085209,78.96641630085209,76.92646737889812,77.04126739501953,2277000
2016-06-28,78.05681202566815,78.30407769185112,76.89995905710471,77.88019561767578,2476800
2016-06-29,78.38355045901781,79.45209509635976,78.1804355502746,79.22248840332031,2504600
2016-06-30,79.24899512469604,80.4411728051143,79.16951975682761,80.37935638427734,2718700
2016-07-01,80.58247409167454,81.61569433426459,80.50299872108367,81.0858383178711,1541000
2016-07-05,80.75908710787591,81.38609089099063,80.38818858581035,80.644287109375,1685400
2016-07-06,80.13207748099991,80.60894982199127,79.75234617636697,80.38817596435547,1536000
2016-07-07,80.36168404024053,81.02400561200076,80.36168404024053,80.8473892211914,1111900
2016-07-08,81.24480545372504,82.27802581912913,81.09468079977447,82.13673400878906,1283000
2016-07-11,81.854114280287,82.56941939390806,81.8276224964467,82.37513732910156,839800
2016-07-12,82.38395690917969,82.64888144242421,81.92474360491782,82.38395690917969,1206000
2016-07-13,82.3751565806141,82.64008795589943,82.07490731027652,82.392822265625,869500
2016-07-14,82.73723392715398,83.258257128693,82.59593538861007,83.03748321533203,1199900
2016-07-15,83.47902729922781,83.84109973489898,83.13462054882517,83.36422729492188,1098300
2016-07-18,83.35538028932442,83.35538028932442,82.64890122328889,82.98448181152344,1200900
2016-07-19,82.48995013506979,82.79903219850739,82.23385164322615,82.56059265136719,856900
2016-07-20,82.56057176319197,83.07276861729127,82.4104471900021,82.56940460205078,832400
2016-07-21,82.32215683628407,82.68422245809731,81.80995987129613,82.00424194335938,1004100
2016-07-22,82.18088514836687,82.42815087076913,82.01310154387139,82.33101654052734,716100
2016-07-25,82.11021632714373,82.34864912956772,81.67749471397345,82.27799987792969,741000
2016-07-26,82.18970179301985,83.05513838834209,81.91594433109948,82.17204284667969,909400
2016-07-27,82.16322039469955,82.16322039469955,81.35960011617269,81.60687255859375,1097400
2016-07-28,81.73932451908816,82.02191483446373,81.25362599382505,81.34193420410156,1273700
2016-07-29,81.1565159017786,82.26038579506316,81.1565159017786,82.03961181640625,1097000
2016-08-01,81.96010007037866,83.20526809414814,81.96010007037866,82.50762176513672,1184800
2016-08-02,82.77255529194139,83.04631277769921,81.89828577857978,82.36632537841797,1254600
2016-08-03,82.17204276378835,82.91383978404401,81.83646214630521,82.86968231201172,1410700
2016-08-04,82.82551933001777,83.24940135391729,82.41046340923215,82.72837829589844,1721400
2016-08-05,82.71955104188616,83.17876445918814,81.67749811798859,82.64007568359375,1760300
2016-08-08,82.63122250186741,82.69303890003935,82.22499949424014,82.38395690917969,1260100
2016-08-09,82.56063498487956,83.06399938557672,82.40167745110745,82.42816925048828,990100
2016-08-10,82.3840130248904,82.4899869528614,81.88064865762983,82.0484390258789,1282500
2016-08-11,82.09255327832783,82.33981892950762,81.03284141970478,81.71282196044922,2074600
2016-08-12,81.80997860103976,82.69307423078975,81.39492257705967,82.21620178222656,1471000
2016-08-15,82.20735572248334,82.85201839304808,82.18969677722086,82.30449676513672,1406500
2016-08-16,81.9247895617043,82.09257990978749,81.20065131798306,81.61570739746094,1412500
2016-08-17,81.80996447421413,82.30449578548398,81.31543316294427,82.14553833007812,2013800
2016-08-18,82.28682697321496,84.22963409522298,82.09254491351754,83.98236846923828,3520700
2016-08-19,81.14764706582642,82.3486575160512,80.41467616477314,81.00635528564453,5640800
2016-08-22,80.26455070973648,82.08372531215718,79.56690444534115,80.697265625,2744700
2016-08-23,80.93569288750035,81.48320771086092,80.75906976909125,80.86504364013672,1383000
2016-08-24,80.68843864156409,80.86505504740462,79.6463856771434,79.9201431274414,2038100
2016-08-25,79.97310983486602,81.04165436105166,79.74350990319421,80.56478881835938,1419400
2016-08-26,80.529476953901,81.0769918257551,79.7081979086362,80.28221130371094,1471000
2016-08-29,80.31764465836935,80.78723376932798,80.2644789078412,80.50370788574219,954300
2016-08-30,80.4771418185613,80.61004607737227,79.53795668014398,79.6265640258789,1373900
2016-08-31,79.51137427709394,79.63541644484394,78.63421701663582,79.05950927734375,2352300
2016-09-01,79.23669353715692,79.29871460779937,78.27092914025062,78.8114013671875,1998200
2016-09-02,79.37847355464575,79.74174474764045,79.21899655455027,79.40505981445312,1018700
2016-09-06,79.30762787965187,79.83037627535153,78.59880939213993,79.27218627929688,1289600
2016-09-07,78.95320356320343,79.05066625562489,77.9697213104361,78.1557846069336,2276800
2016-09-08,77.96973046904367,78.4481818990062,77.52672063683319,78.04946899414062,2946000
2016-09-09,77.21659004281696,77.98742257439382,76.95078152585099,77.57099914550781,3693500
2016-09-12,77.56211674136317,78.75824123479883,77.30517037821498,78.65191650390625,2384900
2016-09-13,78.01401191964197,78.1912130981006,77.12799250776547,77.82794189453125,2478300
2016-09-14,78.02285955110837,78.51903496947843,77.34062764556214,77.53555297851562,1266300
2016-09-15,77.58874135364289,78.06719278120475,77.1280141047649,77.84568786621094,1473400
2016-09-16,77.51782361765052,77.99627483202131,77.35833987952692,77.72161102294922,1752600
2016-09-19,78.04055887725501,78.39496784617421,77.41148616832315,77.42034149169922,1236200
2016-09-20,77.83680153945105,78.13805164512972,77.34063284749962,77.34949493408203,1242200
2016-09-21,77.44692464697863,78.27091583409597,77.16339207534011,78.19117736816406,1424300
2016-09-22,78.5987562010291,79.00632418960201,78.34180984218737,78.62533569335938,1317500
2016-09-23,78.31525048014045,78.66079748883288,78.10260772705078,78.10260772705078,1289000
2016-09-26,77.75706615147283,78.589919809181,77.73048665045334,78.25323486328125,1758700
2016-09-27,78.43928630105867,79.37846458100238,78.29752673040241,79.20126342773438,1726100
2016-09-28,79.25445840894078,79.52912910895421,77.98744998436918,78.36843872070312,1569800
2016-09-29,78.27094090931111,78.41270724054725,76.70268973880809,76.96849822998047,1771600
2016-09-30,77.20775785585818,78.76715445571651,77.20775785585818,78.46590423583984,1952500
2016-10-03,78.33295779552856,78.46585526274055,77.55325660233933,78.03170776367188,1219500
2016-10-04,78.3506952974977,78.37727479775637,77.26975055503465,77.46467590332031,901400
2016-10-05,77.4912521878842,78.10260770763014,77.38492743147017,77.92539978027344,1274100
2016-10-06,77.76591064636038,78.6253504451657,77.70388956602345,78.2443618774414,1049000
2016-10-07,78.20893576763969,78.43044063549385,77.31406096855919,77.819091796875,763700
2016-10-10,78.1646469828221,78.36842769696734,77.42924912267947,77.55329132080078,1246500
2016-10-11,77.38492321660743,77.6773112109773,77.08367989619548,77.3317642211914,1361400
2016-10-12,77.5444200793372,78.48360530255958,77.28748038483765,78.12919616699219,1377000
2016-10-13,77.41151370966591,78.43929264942537,77.198864196785,78.10260772705078,1227600
2016-10-14,77.517827690019,78.40384700174332,77.24316386651755,77.37606811523438,2200200
2016-10-17,77.26088369854867,77.97856396018365,77.26088369854867,77.5621337890625,1300800
2016-10-18,77.96971042413585,78.04944892873318,77.59758388309798,77.67732238769531,1107700
2016-10-19,77.61529541015625,77.87224183846607,77.26974839686166,77.61529541015625,1184800
2016-10-20,77.45579231999984,77.69502127551675,76.33055097599588,76.46345520019531,1729800
2016-10-21,76.27744082882194,76.74703699791903,75.71038870138557,76.64957427978516,1527300
2016-10-24,76.58751267039408,76.86217649820556,76.38372525119166,76.75585174560547,1616800
2016-10-25,76.8533389224381,77.1014233311669,76.29514900279827,76.35717010498047,1254600
2016-10-26,76.10017301993157,76.41027832470047,75.82550928710607,75.98499298095703,1488200
2016-10-27,76.30398556716362,76.32170297909195,75.55972583014648,76.12677764892578,1035300
2016-10-28,76.3128448756414,77.01280097967879,76.20652687894136,76.5609359741211,1420000
2016-10-31,76.6495476718687,77.72163043938677,76.54322289996071,77.1988754272461,1762500
2016-11-01,77.39377125001207,77.58869654419928,76.03816303471505,76.46345520019531,1980600
2016-11-02,73.77883758489996,74.98382459332501,71.909342740141,72.29918670654297,6825100
2016-11-03,72.04225205688405,72.14857684321247,70.38539971864012,70.50057983398438,3706300
2016-11-04,70.52712977833843,71.28910686148416,70.00438167420769,70.01323699951172,1907000
2016-11-07,70.94356089640574,71.56377166590983,70.17272171734463,71.3777084350586,1683100
2016-11-08,71.28026166396921,71.78529247735248,71.00559779908467,71.15621948242188,1959100
2016-11-09,69.90693707808146,71.3422842838338,68.87915125489835,71.22710418701172,2496100
2016-11-10,71.02331992720394,71.04989942822803,69.19811532598024,69.29557800292969,2854100
2016-11-11,69.12723953508835,69.98667954557229,68.3298273800095,69.4284896850586,2290400
2016-11-14,69.40189349986616,69.42847299734119,68.3918320370701,68.75509643554688,1971000
2016-11-15,69.26014231267861,69.98667802830104,68.76397355853422,68.88801574707031,2839600
2016-11-16,68.78167319981866,68.94115693812219,67.91337810444762,68.23234558105469,2253500
2016-11-17,68.64877290415949,69.63224803030133,68.08171437803956,69.20696258544922,2315400
2016-11-18,68.9854598064612,69.14494354291783,68.55131226380333,68.58675384521484,2023100
2016-11-21,68.58677062649926,69.30444423625374,68.58677062649926,68.95003509521484,1330800
2016-11-22,69.02092198908211,69.13610209320542,68.63107123698403,68.87030029296875,1686000
2016-11-23,68.76394441205845,69.46390032770822,68.76394441205845,68.91456604003906,1205200
2016-11-25,69.10952599489389,69.80062017327597,69.10952599489389,69.68544006347656,833900
2016-11-28,69.56082642347315,70.56637938947316,69.29387068608465,69.80109405517578,1571700
2016-11-29,69.91678185928808,70.3350200284256,69.62312440574813,69.95237731933594,1648200
2016-11-30,70.14816190442127,70.86005086937405,69.1159137398993,69.14260864257812,2557600
2016-12-01,68.90233723208573,69.01801738911719,67.00692475010216,67.54974365234375,2188500
2016-12-02,67.73661022840693,68.27052853256785,67.34506697042379,67.48744201660156,2007400
2016-12-05,67.96796241798175,69.07140114262369,67.62981578315592,68.66206359863281,2759700
2016-12-06,68.88454213792018,69.05361209031463,68.38621247580295,68.92903137207031,2510000
2016-12-07,69.25829106229783,70.30833349666479,68.99132847474294,69.7032241821289,2564500
2016-12-08,69.85449241818704,70.58418238589422,69.67652190475208,70.55748748779297,2054600
2016-12-09,70.66427287131322,71.05580935316826,70.45070011123977,70.93122863769531,1618800
2016-12-12,70.92233251873542,70.93123308158106,69.26718086473885,69.6142349243164,2808800
2016-12-13,69.71212708843818,70.54860363582168,69.71212708843818,70.0591812133789,2195100
2016-12-14,70.11255291668013,70.62867689940722,69.23158735246648,69.37396240234375,3106900
2016-12-15,69.32059223563745,69.89010617468581,68.5108105725002,69.03583526611328,3175900
2016-12-16,68.50190564584497,68.9557325367739,67.65652865048881,67.74551391601562,4157000
2016-12-19,68.13708281022163,68.3506488854876,67.47858345115137,67.87902069091797,2437700
2016-12-20,68.28833421579756,69.09811576317318,67.98578294917857,69.08031463623047,2225200
2016-12-21,69.00913390520029,69.67653362656918,68.85785147527614,69.516357421875,1972200
2016-12-22,69.7477203239674,70.22824895564256,69.2316030136271,70.10366821289062,2302600
2016-12-23,70.1214601500478,70.14815505011822,69.71211571849993,69.74771118164062,1289700
2016-12-27,69.7032201853521,69.87229014457782,69.40956271370813,69.6142349243164,1123700
2016-12-28,69.48965632814607,69.64983253421866,68.6798815229365,68.7154769897461,1221400
2016-12-29,68.99132346633878,69.30277526978266,68.55529094151737,68.75995635986328,852800
2016-12-30,68.79553916190847,68.93792098250485,67.87897825652064,68.06584930419922,1237400
2017-01-03,68.75107175258835,69.38287600642178,68.45741424627192,68.81336212158203,2075900
2017-01-04,68.99132131082949,70.29052507113275,68.96462641267406,70.03246307373047,1550500
2017-01-05,69.5786701947528,70.02360348559708,69.01804990323735,69.94351196289062,1587500
2017-01-06,69.97907638884226,70.74436185264359,69.67652514410882,70.44181060791016,1634600
2017-01-09,70.12147586362948,70.29944643007417,69.50746586785405,69.6231460571289,1397200
2017-01-10,69.7655238914699,69.7655238914699,68.72438188101232,68.83116149902344,2472400
2017-01-11,68.1904475012189,69.72991908305627,67.93238547702,69.7032241821289,2787800
2017-01-12,70.06807097990722,71.05582312194328,69.49855708763394,70.42401885986328,3338600
2017-01-13,70.28163320260606,70.80665098493147,69.961280837779,70.11255645751953,1933200
2017-01-17,70.61089870149648,71.49186455174947,70.52191341778823,71.05583190917969,2253300
2017-01-18,71.18040053590413,71.57194386447644,70.4952065000434,70.5396957397461,1615900
2017-01-19,70.50409609891007,70.58418079140472,69.72991012576297,70.2015380859375,1720300
2017-01-20,70.29052496705211,71.0024205994622,70.04136353245053,70.86003875732422,1853200
2017-01-23,70.77104413789492,71.02020553953365,70.40620259667793,70.8778305053711,1188600
2017-01-24,70.99354408340699,71.93680034507364,70.92235313822478,71.8923110961914,1283400
2017-01-25,72.12366497378407,73.022425031694,71.99018367346706,72.97793579101562,1996500
2017-01-26,73.15591538986347,74.15256819460538,72.64869181716932,72.9334487915039,2746600
2017-01-27,72.59527562087577,72.77324611922221,71.8032953616973,72.0435562133789,1189100
2017-01-30,72.17703641166177,72.17703641166177,71.2871703548435,71.96347045898438,1672500
2017-01-31,72.0079825635451,72.30164008497648,71.46516355331427,72.26604461669922,1891000
2017-02-01,71.92788450482008,72.33722213033973,70.6108795795107,71.11810302734375,4869500
2017-02-02,73.77879840340294,74.13473939662231,71.95457026202702,72.9690170288086,5021800
2017-02-03,73.02243047407983,74.30384019000152,72.91565085718065,73.87670135498047,3395500
2017-02-06,73.8499755378842,74.03684657837682,73.46733289616921,73.69869995117188,2114500
2017-02-07,74.01907970554508,74.52630322909086,73.25379413821058,74.21485137939453,2402500
2017-02-08,73.95679466758175,74.28604766907914,73.14701301084828,73.40507507324219,2263800
2017-02-09,73.40508350653617,73.76993201950168,73.22711292747258,73.55636596679688,1535200
2017-02-10,73.46733891823783,73.62751507880942,73.10249736807648,73.49403381347656,1684800
2017-02-13,73.68980543074619,73.83218725753835,73.35165877582358,73.49403381347656,1048900
2017-02-14,73.28046384553478,74.35720089235687,73.14698258751875,74.08134460449219,1666600
2017-02-15,74.15253782312556,74.6953566439259,73.54742865186314,74.33940887451172,2035800
2017-02-16,74.17924309549224,74.4817943288812,73.4317519962337,74.09915161132812,1530100
2017-02-17,74.46402553293977,76.27935392332044,74.38393402130562,75.6386489868164,6467700
2017-02-21,75.81661371635019,76.27044747623387,75.17591561839541,75.31829071044922,2411100
2017-02-22,75.2203847545232,75.62972236981292,74.77545167845088,74.92672729492188,1600100
2017-02-23,75.28268749807039,75.48735973395507,74.6241883381154,74.76656341552734,1501400
2017-02-24,74.80229819888498,74.9184483801251,74.10538347799387,74.8291015625,1225200
2017-02-27,74.53426631913135,74.80231364407834,73.71226452049298,74.1322021484375,1264600
2017-02-28,74.15898700792822,74.51638107974514,73.92667983873847,74.02496337890625,1556200
2017-03-01,74.31981349093721,75.25797207094745,73.98922278384147,75.0971450805664,1622900
2017-03-02,75.94596075443783,75.98170084809408,73.98030332042508,74.08751678466797,3459500
2017-03-03,73.97135767759174,74.20366484999612,72.98852907903866,74.11431121826172,1371800
2017-03-06,73.73906007039207,74.28408457439066,73.64971324379292,73.89988708496094,1184100
2017-03-07,73.69440267327865,74.10540359933059,73.57824564377397,73.95350646972656,1274100
2017-03-08,74.01601103035047,74.38234175124273,73.89986087863326,74.09642791748047,1126700
2017-03-09,74.42706363214593,74.46279691837421,73.85523561830658,74.05179595947266,958600
2017-03-10,75.24009439288916,77.21468816478937,75.1864876713476,76.64286041259766,3603700
2017-03-13,76.33908611603897,76.72328355738676,76.09784221601416,76.27654266357422,1523600
2017-03-14,75.9102166530367,76.22293393511139,75.46347573100843,75.7493896484375,1126000
2017-03-15,75.72257790199076,76.616059647147,75.72257790199076,76.24079895019531,1412700
2017-03-16,76.16932933986214,76.54459008886549,76.03530569615361,76.46417999267578,915300
2017-03-17,76.58031761868784,77.42912934511111,76.30334046606029,76.8036880493164,2237900
2017-03-20,76.63394629651982,77.3308679657995,76.39270916168469,77.29512786865234,2210900
2017-03-21,77.71505912895749,78.22434354235273,77.1879012600882,77.26831817626953,2149500
2017-03-22,77.17897224809433,77.63464997407436,76.91986165162436,77.31299591064453,1226600
2017-03-23,77.20576989878728,77.94735465327099,77.16109307961543,77.30404663085938,1348100
2017-03-24,77.33978432511354,77.93842232651949,76.2229320476981,76.84837341308594,1888200
2017-03-27,76.38376111016035,77.34872313990884,76.27654765133865,76.6786117553711,1786100
2017-03-28,76.41952473813463,76.95561264752716,75.84769672588556,76.49100494384766,1591100
2017-03-29,76.53566197329879,76.99133282917923,76.24081131356968,76.41056823730469,1300600
2017-03-30,76.32121315067224,76.53565368911475,76.14251951869525,76.2497329711914,1373600
2017-03-31,76.17826888350105,76.66967983963191,75.68685111064424,75.75833129882812,2078600
2017-04-03,75.70471373109376,76.1246444389397,74.46276779350697,74.60572814941406,2666400
2017-04-04,75.35624952733025,76.18718784960089,74.77549182776282,75.99955749511719,2691500
2017-04-05,76.04421971876583,77.20574852847088,75.74043242928084,76.16036987304688,2665200
2017-04-06,75.82088380439257,76.48205858215381,75.31159933209744,75.3830795288086,1809700
2017-04-07,75.37413092357377,75.45454101965879,74.75762625335264,75.1865005493164,1096300
2017-04-10,75.35625045216469,75.9370149755847,75.09714673331081,75.6957778930664,1074600
2017-04-11,75.59748646872264,75.96381041756797,75.19542243420774,75.81192016601562,994600
2017-04-12,75.3830550869616,75.97274947681196,75.34731500019421,75.87446594238281,934100
2017-04-13,75.73152224020158,76.22293315939633,75.67790869473049,75.89234924316406,1043500
2017-04-17,76.0263723392571,76.30335636632778,75.99063906162796,76.26761627197266,765000
2017-04-18,76.09785430344145,77.17896662018529,75.80300363067691,77.09855651855469,2110100
2017-04-19,77.14319418198995,77.63461176389943,76.35693286765806,76.49989318847656,1507300
2017-04-20,76.61608284016742,77.22365088346406,76.24975194173076,76.86625671386719,1506600
2017-04-21,76.80370342768197,76.97346717030324,75.95489834802747,76.1067886352539,1501100
2017-04-24,76.58032392945505,77.13428509708508,76.42843366012468,76.83049774169922,1312900
2017-04-25,77.08066817608389,78.37622081375287,77.06280154030303,78.07243347167969,1759800
2017-04-26,78.09924725557131,78.99272905380427,77.97415353243156,78.45663452148438,2709600
2017-04-27,78.37621679570896,78.77828083905183,78.04562610855018,78.10816955566406,1603700
2017-04-28,77.92054516087128,78.24219914678258,77.33978064093563,77.85800170898438,1717000
2017-05-01,78.34047865968301,78.97484987241032,77.82225761828056,77.89373779296875,1562200
2017-05-02,77.83122101991823,78.45665572098781,77.750804091651,78.16181182861328,2660800
2017-05-03,80.54736964849593,82.11989921310611,80.395479408653,81.57487487792969,5116200
2017-05-04,81.71785459126347,82.38796602311294,81.10134989260963,82.07524871826172,2483000
2017-05-05,81.64637094297198,83.04913720820271,81.34259037876726,82.9687271118164,2086100
2017-05-08,82.71855796114559,83.04914190952643,82.32542373417802,82.745361328125,1586500
2017-05-09,82.88831342357224,83.10275398906352,82.45050919829802,83.0759506225586,2162400
2017-05-10,83.49587890870541,84.40723424311949,83.42440553906032,84.05877685546875,2572100
2017-05-11,83.74608553938852,83.85329903547712,82.95981687885674,83.0044937133789,2338500
2017-05-12,83.16527361083324,83.16527361083324,82.53090245739489,83.03125,1295200
2017-05-15,83.07595209323192,83.43333940859216,82.62921113230553,82.745361328125,1813700
2017-05-16,82.90617541391683,83.0491289544159,81.98589026864298,82.11097717285156,1646500
2017-05-17,82.11097160448101,82.78108289589397,81.38724677438229,82.28966522216797,2644700
2017-05-18,82.16457569339264,82.16457569339264,81.28003072575656,81.64635467529297,1937800
2017-05-19,81.78040118828012,82.9419304413843,81.13709309835943,82.53092956542969,3273100
2017-05-22,82.29859671535714,83.3618420781476,82.29859671535714,83.04911804199219,1199600
2017-05-23,83.2903689014809,83.4333224351978,82.09309982506899,82.1913833618164,1757100
2017-05-24,82.50411603028253,83.20996755490462,82.31648564779707,83.12062072753906,1360000
2017-05-25,83.31719869311458,83.73713633484465,83.12063155726418,83.62097930908203,1220800
2017-05-26,83.71064049339958,84.46390531683642,83.62096790149954,84.02449798583984,852600
2017-05-30,83.76446492135108,84.33837782491773,83.26228599954416,84.2845687866211,1023600
2017-05-31,84.28454745409383,84.85846021240242,84.06036256908017,84.41905975341797,1260600
2017-06-01,84.59839341842671,84.80464649488154,84.20383272674177,84.7956771850586,1373800
2017-06-02,85.1902618510183,86.29325456738466,85.01091666796403,86.20357513427734,2331500
2017-06-05,86.06904648706728,86.42773675657091,85.5668677949212,86.35600280761719,820900
2017-06-06,86.35602253325703,86.9837374898508,85.95248562552112,86.29325103759766,1419200
2017-06-07,86.23046934105834,86.61606073907994,85.96144476772609,86.54432678222656,1205600
2017-06-08,86.5443276408159,86.5443276408159,85.75519253338798,86.13182830810547,929500
2017-06-09,86.0780368271124,86.67885759039365,85.77314863099463,86.40086364746094,1206700
2017-06-12,86.38294185926588,86.5802256991468,84.8495177059843,86.09598541259766,1296500
2017-06-13,86.10492298284083,86.94786029434522,85.80003483962057,86.66090393066406,1005500
2017-06-14,86.76850776049932,87.61143815880621,86.68779765548236,87.12720489501953,1085300
2017-06-15,86.75057273143092,87.6831825831518,86.17666002907637,87.47693634033203,1096500
2017-06-16,87.47694573214349,87.67422268597517,86.69677986162893,87.4321060180664,1920800
2017-06-19,87.52174732398815,88.07772810856696,87.37827260506363,88.05082702636719,1257700
2017-06-20,88.06878635530757,88.23916905131799,86.96580059055457,87.02857208251953,1335800
2017-06-21,87.40522135784788,87.40522135784788,86.52641342441757,87.27967834472656,1358900
2017-06-22,87.34243613280776,87.79977523253528,86.69678254297597,87.41417694091797,1278700
2017-06-23,87.28861176183152,87.3603525573307,86.49948353607691,86.9747543334961,1728100
2017-06-26,87.36934566291573,87.36934566291573,86.49053778264725,86.5353775024414,1783500
2017-06-27,86.34703968539753,87.10029751522205,86.14078660823387,86.45465087890625,1505500
2017-06-28,86.89406461009553,87.6204214633683,86.77748408884837,86.8133544921875,1141400
2017-06-29,86.47260325273345,86.56227584789248,84.91227820390867,85.74624633789062,2109200
2017-06-30,86.05110740218286,86.47257599230112,85.86279295924076,86.06904602050781,1290300
2017-07-03,86.14978020744492,86.33809471799508,85.82695337747873,85.9166259765625,778000
2017-07-05,85.88971679788717,86.33808659269057,85.57585930984082,85.8359146118164,1441600
2017-07-06,85.49513792420218,85.72829210242168,84.53562696341254,85.04676818847656,1575500
2017-07-07,85.36065309934668,85.41445529132668,84.33837040224152,84.54461669921875,1570500
2017-07-10,84.57150730592014,84.81363082296161,83.90792193467391,84.53563690185547,2577700
2017-07-11,84.65220889369827,84.67910998364052,83.80030227657787,84.16796875,1764500
2017-07-12,84.72396309561351,85.20819647432495,84.45493847048013,84.75982666015625,1553500
2017-07-13,84.96605189357248,85.3068103775126,84.65219449499894,84.9481201171875,965900
2017-07-14,85.09158709841756,85.76414153760302,84.90327267643494,85.46821594238281,952700
2017-07-17,85.36066278941433,86.86718591010126,85.12750852839876,86.26636505126953,1705100
2017-07-18,86.31117549802023,86.51742859002469,86.01524982576227,86.3470458984375,1138500
2017-07-19,86.49949365883592,87.13617789984798,86.34704958174422,86.929931640625,1065300
2017-07-20,87.25276491369088,87.73699827208918,87.00167208136196,87.08238220214844,1111200
2017-07-21,86.76854710572819,87.88947188340086,86.76854710572819,87.83566284179688,1163200
2017-07-24,87.71907490947345,87.79978503800614,87.05548946429496,87.65630340576172,859000
2017-07-25,87.988080878465,88.86688174395174,87.85356858717395,88.55302429199219,2067600
2017-07-26,88.55303077163475,88.92069727196139,88.05085881175432,88.70547485351562,2039600
2017-07-27,88.99241667527554,89.27937301133723,88.18534984210866,89.25247192382812,1699400
2017-07-28,89.04624630019745,89.23456079792231,88.39162337246604,88.7772216796875,1532100
2017-07-31,89.01037303070324,89.51254500847834,88.3557501240349,88.76824951171875,2250200
2017-08-01,88.75029405767538,88.99241067049923,88.19431320088005,88.4274673461914,1592000
2017-08-02,88.0956699037259,88.59784858102802,87.49485619433072,88.31985473632812,1717400
2017-08-03,88.26606738871058,88.5799248387455,87.97911102845305,88.03291320800781,1046300
2017-08-04,88.19433587661047,88.615804571722,87.88944770491788,88.40058898925781,1013900
2017-08-07,88.275063417228,90.58864677886183,88.17642149713562,90.14924621582031,2231700
2017-08-08,89.97885046629735,90.93836843059455,89.72776446657038,90.62450408935547,2128900
2017-08-09,90.43618664064574,93.70928752539915,90.28374255172241,93.0546646118164,7523500
2017-08-10,92.38208841909486,93.60165452984542,90.76796163127456,91.1894302368164,4764900
2017-08-11,91.37776383115954,91.76336212110364,88.78618701324926,89.36009979248047,3592400
2017-08-14,89.75465358452273,91.27911484479479,89.68291962387256,90.68726348876953,2687700
2017-08-15,91.00113498469928,91.14460975892537,90.14025897302267,90.6065673828125,1702400
2017-08-16,90.45411583515269,91.46742900726457,90.0774800455224,90.63346099853516,2034100
2017-08-17,90.70520148123589,90.83971377408898,88.02395230110324,88.16742706298828,4479400
2017-08-18,92.1937754198909,95.45790628485402,91.46741869602178,94.98263549804688,8925800
2017-08-21,94.5073679686827,95.93318721982735,94.20247984647828,95.48481750488281,3541900
2017-08-22,96.03182256555645,96.76715546829902,94.05899855021369,94.34595489501953,4659500
2017-08-23,94.15766113215982,94.56119122895119,93.26989081427054,93.6644515991211,3201200
2017-08-24,93.96933877005493,95.19787442312025,93.72721525897016,95.06336212158203,2511000
2017-08-25,94.39081425775343,96.08565159116603,94.08591922952252,95.50276947021484,3170200
2017-08-28,94.15767012286305,95.78076681853219,93.5299550586764,95.01853942871094,3841500
2017-08-29,94.96456036071358,95.81021137104626,94.64069430839912,95.09050750732422,1826500
2017-08-30,95.04552146836913,95.72923938897328,94.60470649621834,95.05451965332031,1805000
2017-08-31,95.36037904664013,96.34996651308272,95.06350074762636,96.25100708007812,2085000
2017-09-01,96.25998146127115,97.32154040987409,96.00808728085717,97.09663391113281,2360600
2017-09-05,96.67383198922474,97.47449876940729,96.6108584288824,97.1146469116211,1632600
2017-09-06,97.43852650240457,97.69941896413735,96.13407105734495,97.22261810302734,1520400
2017-09-07,97.66344101844467,97.82537404702961,96.75482328478928,97.36656951904297,1467900
2017-09-08,97.33954841252158,97.92430679312272,96.91672987994212,97.88832092285156,1387900
2017-09-11,98.22120859273134,98.81495843536243,97.73540952315794,97.82537078857422,2548000
2017-09-12,97.64541050705019,98.59901190627913,97.64541050705019,97.96927642822266,2438400
2017-09-13,98.32917195964639,98.93192002302635,98.22121431669274,98.65303802490234,1302600
2017-09-14,98.42809072582132,98.98585449148722,98.10422479445305,98.96786499023438,1227900
2017-09-15,99.29173872045948,99.84950252993485,98.19419374057183,98.67999267578125,1896800
2017-09-18,98.99487964895891,99.23777573187061,98.69800132037481,99.20178985595703,952300
2017-09-19,99.2017938092695,99.34573731866018,98.9498995314401,99.27376556396484,1061900
2017-09-20,99.29174912461914,99.74156223802733,98.45509645913579,99.16580200195312,1438200
2017-09-21,98.92288123107328,99.05782651347184,97.33054611685645,97.384521484375,1402700
2017-09-22,97.72640281631968,98.2032105222996,96.52990504976266,96.78179931640625,2173300
2017-09-25,96.97070091982995,97.48348753697184,96.81776612571456,97.14163208007812,2025000
2017-09-26,97.16863365532747,97.42052790837194,96.43993172204469,97.12364959716797,2833200
2017-09-27,97.24956201456513,97.84331842505676,96.64681428653356,97.62740325927734,1231000
2017-09-28,97.42953797936362,97.64544638494256,95.36039459645166,95.67526245117188,2542200
2017-09-29,96.04411006225457,97.30358831205135,95.63028276913359,97.01570129394531,2531100
2017-10-02,97.39352843959648,97.91530638768027,96.97070305300917,97.33954620361328,1151800
2017-10-03,97.40252014361698,97.96029082695912,97.40252014361698,97.564453125,1316900
2017-10-04,98.10423288514353,99.63359457104123,97.78036692706593,98.90489959716797,1864600
2017-10-05,98.86892454973604,99.45368297491406,98.78795461955275,98.97687530517578,1082000
2017-10-06,98.70696319821614,99.13877982313757,98.36510093458506,98.7249526977539,1212000
2017-10-09,98.72498177447443,99.01286189707638,98.38312627376074,98.62602233886719,1228200
2017-10-10,98.94090268289722,99.19279694665563,98.19421121275343,98.59004211425781,852100
2017-10-11,98.81494836592545,99.1118266887908,98.53606641247224,98.71599578857422,1030600
2017-10-12,98.58103095427184,98.84192335026252,98.23017731984358,98.50006103515625,1799900
2017-10-13,98.83292440938038,100.53321719813991,98.55404251328196,99.8584976196289,1676300
2017-10-16,100.53323805274374,100.5692239280282,99.28275805692545,100.11041259765625,1243400
2017-10-17,99.86748420371194,100.11038020378047,98.99484588534428,99.41767120361328,1238900
2017-10-18,99.57962887561933,99.70557599782113,98.2391808608092,98.9408950805664,1447700
2017-10-19,98.47308698645867,98.75196892331519,97.97829667473266,98.68899536132812,1822300
2017-10-20,98.48208908037992,98.74298152285624,97.38454393051529,97.87934112548828,1927100
2017-10-23,98.0412827115477,98.76097967388837,97.68143079857518,98.12224578857422,1260200
2017-10-24,97.88831616989921,99.20176948480865,97.82534261588309,99.1747817993164,1351000
2017-10-25,99.21979254020576,100.04744714807939,98.96789825638373,99.96648406982422,1948600
2017-10-26,100.00244424486561,101.19894178549002,100.00244424486561,100.56920623779297,1639500
2017-10-27,100.15539817628951,100.67718308041995,99.37272082009383,100.64119720458984,1644100
2017-10-30,100.40728967203553,100.60520855183609,98.7339842419448,99.72357177734375,1838300
2017-10-31,99.99345425211602,101.0010312109612,99.42668534916236,100.58720397949219,2255900
2017-11-01,108.09008580897478,112.27334887648173,105.38220911269131,109.86235046386719,7620700
2017-11-02,109.45751667677541,110.20420806028535,106.89358341299143,108.090087890625,4197600
2017-11-03,108.34199446075868,109.7544074625772,107.78422368964162,109.49351501464844,2219300
2017-11-06,109.23262945255763,109.52950779446064,108.37798716798099,108.9627456665039,1331300
2017-11-07,108.5219221040924,110.01530511174921,108.3689872747119,109.95233154296875,1299200
2017-11-08,110.20421306466228,111.55365240831121,110.20421306466228,110.72599792480469,2227900
2017-11-09,110.35715009534114,111.73357715536288,109.75440215698974,111.3557357788086,1855300
2017-11-10,111.39170391703703,112.71415538802577,111.31074086221037,112.10240936279297,1859200
2017-11-13,112.28233261037413,114.24351780502612,112.06642426574894,113.6407699584961,2035000
2017-11-14,113.12800693474567,113.63179546509981,112.68719197068579,113.37090301513672,1431800
2017-11-15,112.79511844285244,113.46084670157217,112.0394358100603,112.10240936279297,1392200
2017-11-16,112.59723593507663,113.75774787294367,112.28236122539973,113.029052734375,1444800
2017-11-17,112.8851135749216,113.49685974663947,112.17440795898438,112.17440795898438,2215300
2017-11-20,112.57924086797996,113.78474374581938,112.35433428052377,112.61522674560547,1674000
2017-11-21,112.27334064384736,113.73972872402742,112.22835659315861,112.903076171875,1889400
2017-11-22,113.24493972782852,113.99163109566,112.51624472700189,113.20895385742188,1561000
2017-11-24,113.35291066927788,113.89268506164892,113.35291066927788,113.52384185791016,870700
2017-11-27,113.44288388319849,113.76674992548377,112.15641789956656,112.58824157714844,1593000
2017-11-28,113.10999540459383,113.19995664412544,112.52523705223443,112.73214721679688,2022900
2017-11-29,112.37121967978898,112.78630567256563,111.30643147762953,111.82980346679688,2575000
2017-11-30,111.77566989182293,112.82240704168657,111.29741187886688,112.64193725585938,2857500
2017-12-01,112.55168773919036,113.03895747450943,111.36958807682407,112.58777618408203,1703300
2017-12-04,113.11116025902038,113.3367509284179,111.8839464667394,113.10213470458984,1541900
2017-12-05,111.82076716027971,112.76825060526912,111.44177653607595,112.3441390991211,2491700
2017-12-06,112.14563415176521,112.49755505054632,110.99963656320536,112.31708526611328,1902800
2017-12-07,112.37122653680876,113.10213812472514,112.11856608096019,112.957763671875,1635700
2017-12-08,112.93971825316649,113.60746472006258,112.40732068298641,113.36382293701172,1788500
2017-12-11,113.07505532480171,113.56233195546436,112.75020423769327,113.21943664550781,1322300
2017-12-12,112.88555412424869,113.084074987638,112.54265883215439,112.75019836425781,1609200
2017-12-13,112.75021778013758,116.01678015089766,112.7051037753585,115.45730590820312,2379600
2017-12-14,115.19561425066955,115.70093510990927,114.90685160598356,115.33096313476562,1588900
2017-12-15,116.03479347231591,117.1176257456042,115.89944460151465,116.96422576904297,2777800
2017-12-18,117.18982115209211,117.63198376290627,116.4859794574638,116.7566909790039,1693900
2017-12-19,116.62137127495873,117.14474334246582,114.97004572634931,115.3580551147461,1980300
2017-12-20,115.538505427633,115.7821471937607,114.8436892296551,115.22268676757812,1143000
2017-12-21,115.63775256753638,116.27843602137864,115.0512224313525,115.1234130859375,827800
2017-12-22,115.58358668957867,115.61065645776178,114.81658009165184,115.27678680419922,747000
2017-12-26,115.30389743067884,116.41379962635264,115.11440210177065,116.2694320678711,491500
2017-12-27,116.07988872119624,116.33254907020948,115.16850084698861,115.27678680419922,613800
2017-12-28,115.15953281935035,115.69193040414778,114.94296080969654,115.40316772460938,794100
2017-12-29,115.32197828252757,115.6197596838212,114.78055504945463,114.816650390625,805100
2018-01-02,115.17755954260974,115.56558261315658,114.41957827744517,115.13243865966797,1288900
2018-01-03,115.09634250718855,117.05446752888341,114.77149144830612,116.96422576904297,2121200
2018-01-04,117.30713940989271,118.7418926565862,117.26201852555829,117.51467895507812,1904300
2018-01-05,117.5056810613716,117.87565310178162,117.04548100530074,117.29814147949219,1572000
2018-01-08,117.10860523524381,118.43507922407014,116.93715415561931,118.18241882324219,967900
2018-01-09,118.48021646026339,119.55403019650889,118.20950491658587,118.84115600585938,1249300
2018-01-10,118.48022836186082,118.48022836186082,115.74607041088393,117.59591674804688,1599100
2018-01-11,117.83954413918512,118.09220459892279,116.17920004120548,116.48600006103516,1250200
2018-01-12,116.54918297456824,116.84696435192213,115.88142954332345,115.9806900024414,1466000
2018-01-16,116.58525409694835,117.65906787623904,115.91751453393249,116.09798431396484,1618900
2018-01-17,116.65745589633522,119.64427441315644,116.41381409710992,119.16602325439453,1613400
2018-01-18,119.30137566285302,119.5179338933397,118.01098987403557,118.19145965576172,1147100
2018-01-19,118.73287834207704,121.3316871626957,118.49826901147834,121.3226547241211,1380100
2018-01-22,120.68198447676303,122.44158887164642,120.54662181933436,121.70164489746094,1388000
2018-01-23,121.60238819761148,123.76806686245126,121.60238819761148,123.37102508544922,1317900
2018-01-24,123.46127566886945,124.16511749869741,121.92724800846035,122.9469223022461,1623200
2018-01-25,123.58760352042532,124.22827333753771,122.95593860467531,123.77709197998047,1115400
2018-01-26,123.5063483136064,124.39067345824435,122.57691606010546,124.26434326171875,1587900
2018-01-29,124.30948666636667,124.70652847679186,122.83864475642595,123.26275634765625,1374600
2018-01-30,122.7213249135823,123.80415737961565,122.02650179221814,123.2898178100586,1318300
2018-01-31,123.5875927039183,124.31850423615698,121.00683501380279,121.78286743164062,2024900
2018-02-01,121.93625113114251,123.1002927178485,120.80829798671607,121.4218978881836,2098600
2018-02-02,125.1937523355859,125.1937523355859,120.05027613331598,121.26847076416016,3279600
2018-02-05,120.37514428816142,123.65974302718205,119.59911203707071,121.1872787475586,3610500
2018-02-06,119.91496525374181,124.2914293673297,118.8231004503962,123.82219696044922,3546200
2018-02-07,123.47029370045435,124.07487507582103,120.90758685798475,121.55728912353516,2835700
2018-02-08,121.93627263527642,122.36038419389192,118.42608238153832,118.62460327148438,3067500
2018-02-09,119.27426743150407,122.08061532880713,118.37190494065368,121.59334564208984,3029100
2018-02-12,122.18894878001903,124.50801399200613,122.18894878001903,123.65077209472656,2273400
2018-02-13,123.06426329944621,124.28244501831348,123.06426329944621,124.07490539550781,1740800
2018-02-14,123.77711898094263,126.32178900176632,123.15448636865747,126.08716583251953,1693300
2018-02-15,126.33075694431695,126.80900799408937,124.48091096384034,125.99688720703125,2262600
2018-02-16,125.61791448980904,127.8377189675491,125.61791448980904,127.26922607421875,2087300
2018-02-20,126.9985464466059,127.27827671381351,125.47355109935026,125.7442626953125,1399700
2018-02-21,125.76228362369544,128.32500412616727,125.74424628355887,126.1683578491211,1965600
2018-02-22,126.42103362230019,127.49483378696684,125.97887089405138,126.46614074707031,1191500
2018-02-23,126.95338273905963,128.5415357873762,126.66462012902439,128.48739624023438,1065300
2018-02-26,128.69499430594823,129.60638966064067,128.41526400582237,129.29957580566406,1119400
2018-02-27,129.0100696964414,129.6162588590198,126.26864067802052,126.46768951416016,1861800
2018-02-28,126.53100524679195,127.39052661680529,125.25528717041017,125.25528717041016,1616900
2018-03-01,125.09237090639203,126.00618922868622,123.98856032292713,125.345703125,2361200
2018-03-02,124.32337817412136,127.33623798002563,124.32337817412136,127.25479888916016,1680400
2018-03-05,126.75716994063777,128.304305329827,126.26859069783971,128.15049743652344,2085300
2018-03-06,128.6210099913583,129.4895740554723,128.20481326502008,129.0914764404297,2033600
2018-03-07,128.0509627386558,130.1590598221204,127.95143836800051,129.8785858154297,1627000
2018-03-08,129.9237940896651,130.66569155300678,129.18188282075462,130.6385498046875,1944700
2018-03-09,131.41669795393372,131.5614632064979,130.76526812296913,131.23574829101562,1814100
2018-03-12,131.19054141884385,132.06816200726442,130.9100672978064,131.52529907226562,1259100
2018-03-13,132.09524318917695,132.39381628593068,131.01857427209976,131.8961944580078,1163800
2018-03-14,131.89621492400323,132.230972475835,130.222399553697,131.2719268798828,1644600
2018-03-15,131.53434217234116,131.83291537570867,129.91480999094554,130.3943328857422,2244900
2018-03-16,130.41245128693188,132.61103108945662,130.41245128693188,132.339599609375,1617500
2018-03-19,132.3666949358123,133.63335632434544,131.23574233691704,131.96859741210938,1787000
2018-03-20,132.09526529649878,134.23954703455556,132.00478356516203,134.0857391357422,1613700
2018-03-21,133.75096800379848,133.9771585036076,132.10429453851327,132.21287536621094,1237200
2018-03-22,131.95049121081635,132.92763586039575,130.59334816510716,130.7381134033203,1602600
2018-03-23,130.82854845539723,132.03186937773603,129.8333050547019,130.104736328125,1672500
2018-03-26,131.32621911110263,134.27575252334736,131.32621911110263,134.0948028564453,1720100
2018-03-27,134.49288475491866,134.7371743949486,132.02288801195874,132.7195587158203,2150000
2018-03-28,133.2171895870411,134.44766671546057,131.44384962336363,132.12242126464844,2171300
2018-03-29,132.81910951250785,136.0762455364164,132.7829112890818,135.4610137939453,1666400
2018-04-02,135.19856186082117,136.1304793035786,132.59285701957904,133.60618591308594,1707200
2018-04-03,134.41140901964877,135.62378650226154,133.3618820322067,135.1533203125,1816100
2018-04-04,133.95006780613963,137.008155141428,133.90482692781873,136.16673278808594,1880300
2018-04-05,136.57382196809687,137.54192394064953,135.42477035556007,137.0533447265625,1378500
2018-04-06,136.3929176520984,138.55529901157357,134.4929112869527,135.94053649902344,1722800
2018-04-09,136.78196389979405,137.42435123548515,135.90435713134835,136.01292419433594,1683500
2018-04-10,137.52381097416495,138.41047378462267,136.87238129142057,137.7952423095703,1797800
2018-04-11,137.41528885124637,138.64576600887833,137.0895739034739,137.9038543701172,948000
2018-04-12,138.61856941957544,138.96236953554816,136.6733231544304,137.0623779296875,1864400
2018-04-13,137.035324040923,137.34293995449937,133.52484138657425,134.6376953125,2318500
2018-04-16,135.82287803835325,137.69574215692975,135.3885961086904,136.4562225341797,2030900
2018-04-17,137.27956098738164,138.9714756429181,136.71861285650147,138.52813720703125,1268100
2018-04-18,138.98049796773427,139.22478758488768,137.62335490332916,137.97621154785156,1827700
2018-04-19,137.30668566370213,138.2114477263913,136.7366949519979,137.37002563476562,1443600
2018-04-20,137.15291307602544,137.56005334792815,133.85053621933167,134.56529235839844,2484200
2018-04-23,135.1262180029599,135.28906854566222,133.00002165830193,133.8595428466797,1666800
2018-04-24,134.58337307247007,135.61480139623103,131.597655144033,132.88241577148438,2164700
2018-04-25,132.61095682660903,132.88237434911682,131.01856706485222,132.53857421875,2011600
2018-04-26,133.1900285413371,134.22145673452718,132.9547815708514,133.53382873535156,1201100
2018-04-27,133.63336520558533,134.90908313526074,133.0543179886906,134.57432556152344,1326800
2018-04-30,135.11715859510232,136.20287027278596,133.633349414301,133.9862060546875,3015100
2018-05-01,133.56099458917836,133.82338336427875,131.12718200683594,131.12718200683594,3096200
2018-05-02,126.66670080781014,127.47193856786537,119.21145573311496,119.96240997314453,7249300
2018-05-03,121.85335187933747,122.6133625285758,119.45573785864356,121.34668731689453,4397200
2018-05-04,120.85810404522996,123.78953776009988,120.38762396135832,122.81239318847656,2293300
2018-05-07,122.80334384210273,123.01144904456818,120.2971630125709,121.04810333251953,2285700
2018-05-08,121.51859214851544,124.19669396638179,121.07526756709852,123.22859191894531,2376300
2018-05-09,123.93432554380922,124.71242160845786,122.86671274645984,124.6852798461914,2734600
2018-05-10,125.24622270344867,126.2324239778129,125.06527302747622,125.30956268310547,1691000
2018-05-11,125.30952739877215,126.93810163510514,125.11047866957749,126.83857727050781,2059200
2018-05-14,127.56243218017177,127.68909834054837,126.8386196327729,127.2367172241211,1621200
2018-05-15,127.1371625236886,128.65715608592382,126.22334405074152,128.6209716796875,2355400
2018-05-16,128.83808185021155,131.344276038957,128.72951484605093,130.91903686523438,2500900
2018-05-17,130.82857332527635,131.72427875060336,130.47571674442042,131.09999084472656,2476700
2018-05-18,131.3533470083597,132.06811675471474,129.55287937517244,131.6338348388672,1795100
2018-05-21,132.35762448091592,133.78715007139743,131.73335030903277,133.7147674560547,1448700
2018-05-22,133.90477063114508,134.5109594901715,133.57001312235025,133.79620361328125,1015400
2018-05-23,134.0133673277599,136.90861729731944,134.00432467612598,136.89051818847656,1684800
2018-05-24,136.6191022848752,137.0624407656085,135.20767535757932,136.19386291503906,1407800
2018-05-25,135.71431100733093,137.2976446357498,135.54240400449655,136.4562225341797,1243800
2018-05-29,135.90429178873697,136.89952160063245,135.18047950381325,135.8319091796875,1542700
2018-05-30,137.06551049429262,137.60975073349508,135.9588988243574,137.13807678222656,1988000
2018-05-31,137.10181217310105,137.41928801168098,134.86137778935844,135.55075073242188,2903100
2018-06-01,136.24006751279546,136.49404256852102,132.6934684866675,134.60736083984375,1631200
2018-06-04,135.3330444168901,136.15847047950925,135.00650299874437,135.29676818847656,1717500
2018-06-05,135.37841656556563,135.76844489107356,133.86363125381214,134.87953186035156,1629700
2018-06-06,134.68900312543246,134.7615694024501,133.7093791465978,134.43502807617188,1467900
2018-06-07,134.2082553796727,137.85461715102417,133.8726346390747,137.4282989501953,1594000
2018-06-08,137.373957732502,138.9885201755412,137.1381275897984,138.82525634765625,983000
2018-06-11,138.9158946432327,141.22889476987547,138.87961842159197,140.63931274414062,1309600
2018-06-12,140.63930857528038,142.9885848539261,140.10414781817167,142.4897003173828,1613800
2018-06-13,142.85258006857083,142.97956764442796,140.7028430364502,141.1563720703125,1787100
2018-06-14,140.8933659073153,142.30837462582758,140.85707582495746,141.83670043945312,1003800
2018-06-15,142.72555351727868,143.46026813700286,141.49195432841964,143.34234619140625,1591600
2018-06-18,143.3423582979027,144.0407967536807,141.9273501936497,142.4534454345703,1485800
2018-06-19,141.20169070815788,141.68243025071737,139.9590259102894,140.59396362304688,1463800
2018-06-20,141.45570158839362,141.47384662495088,138.25378774611676,138.8433837890625,1941400
2018-06-21,138.91591585069907,138.91591585069907,137.37392014439772,137.7548828125,1218000
2018-06-22,138.444263308586,139.34224184685553,137.69140352761846,138.71636962890625,1305900
2018-06-25,135.05186852340444,135.6323851046401,131.33292509196502,132.08578491210938,2880000
2018-06-26,132.14928613288413,133.69128201025148,132.08578542751965,133.10169982910156,1662200
2018-06-27,133.89991190498122,135.7231075386871,131.4962134831901,131.5143585205078,1465200
2018-06-28,131.51434061410038,131.51434061410038,127.66840982227124,129.30111694335938,3745000
2018-06-29,130.6163442812211,131.13337395415843,129.40088995479405,129.4281005859375,2230400
2018-07-02,129.01087172830265,129.62767844317545,128.01311610688524,129.47348022460938,1440800
2018-07-03,130.16280897167368,130.87031302817374,128.26706127773394,128.75686645507812,904000
2018-07-05,130.22632069413024,130.59820394667543,128.75687735647463,130.2081756591797,1848300
2018-07-06,129.6095306923412,129.6095306923412,127.81355953889903,129.18321228027344,1721200
2018-07-09,129.15601743086543,129.7909554071015,128.56643513306258,129.38278198242188,1377100
2018-07-10,129.5913632966215,131.36013734989245,129.155979361336,131.16058349609375,1768300
2018-07-11,130.42588449957188,130.67987351337607,125.2193796084595,126.50740051269531,2648900
2018-07-12,127.01530648583478,127.39626911253707,125.52773220226224,125.93590545654297,1913500
2018-07-13,126.2352558780212,128.2398600792694,125.28284224250154,127.43257904052734,1414800
2018-07-16,127.36004056585837,128.394086322741,126.86115580582525,127.84984588623047,1158000
2018-07-17,127.55961401108615,129.49163879139144,127.55961401108615,128.9836883544922,1723300
2018-07-18,129.48252603454443,130.5982034693147,126.81577337142004,128.08566284179688,1858900
2018-07-19,127.41446578530321,128.04940375381284,126.90651541049549,127.36911010742188,1315500
2018-07-20,127.44162483063967,129.0199104339355,126.99716151231392,127.96772003173828,1106900
2018-07-23,127.88606856899872,128.45750550152317,127.6048690592717,128.24888610839844,1008100
2018-07-24,128.73869986338576,129.85439086154773,126.44384486225385,126.6161880493164,1782600
2018-07-25,126.53459122650327,128.42127353075333,126.53459122650327,128.35777282714844,1388600
2018-07-26,128.7296322221138,129.61854492795507,126.62526547187282,126.7341079711914,1986300
2018-07-27,126.93368727972347,127.60490128116338,124.02202527261129,124.07644653320312,1981000
2018-07-30,124.08550967270584,124.25785286901434,121.40061249777027,121.60016632080078,3831700
2018-07-31,121.18295260156614,123.20568803724177,119.75886491846008,122.39840698242188,2730000
2018-08-01,121.84510877433162,122.38933529664833,120.90176065734421,121.93580627441406,2198500
2018-08-02,121.91764342691606,124.36669674304471,121.32804754671598,124.03108978271484,1658300
2018-08-03,124.04017309269383,124.96537606535446,121.42784180076062,122.44375610351562,1750800
2018-08-06,122.79751078051562,123.63200244098579,121.56391140403669,122.525390625,1317000
2018-08-07,123.20566279987814,123.98573306254701,122.3802368790278,122.77027893066406,1147500
2018-08-08,122.40746868870347,122.72494451031002,120.72034033285846,120.74755096435547,1547600
2018-08-09,120.23055840705656,120.75665378554999,118.34387582782074,119.88587188720703,3087400
2018-08-10,119.02413120966835,121.89950290975204,116.83811848732257,120.39378356933594,1959300
2018-08-13,120.98337353913006,121.14663729929774,119.03319096886001,120.03096008300781,1934100
2018-08-14,120.43009925914204,121.04689207984403,119.14207850949329,120.68407440185547,1939100
2018-08-15,120.08540030127021,121.21015713115824,119.14206613213615,121.11944580078125,1956300
2018-08-16,121.84510557302646,126.0629198327452,120.49358413965896,121.15574645996094,3010800
2018-08-17,121.90860372517025,123.5594561190772,121.21017894984803,123.30548095703125,4549000
2018-08-20,127.99492489527947,131.50523410247237,126.24429616900832,127.49604034423828,6274500
2018-08-21,128.32151642176535,129.15600825130974,122.35307218812409,123.93135833740234,5280900
2018-08-22,123.82250960061123,123.90415535727763,121.33717899659827,122.516357421875,2844700
2018-08-23,121.74534286835105,121.88139605110749,119.82238406881402,120.75665283203125,3086000
2018-08-24,120.97431395416187,123.57757967348668,120.9017476575341,122.98798370361328,1983900
2018-08-27,123.55945292655986,126.35319347748917,123.35989904145005,125.4007797241211,1887500
2018-08-28,129.63672364540858,132.4304638589216,126.57086327228338,127.06974792480469,3226600
2018-08-29,127.45069512754306,128.91105883807677,127.09694311520778,127.3237075805664,2532300
2018-08-30,127.19638933858242,127.81485633437244,126.56881825991749,126.8780517578125,1808800
2018-08-31,126.73254615249456,127.8876407362724,126.24141133223152,127.44197082519531,2844300
2018-09-04,126.31414423516617,127.28732343542048,125.42280462739792,125.65018463134766,2389200
2018-09-05,124.94986661122655,126.05037807970191,123.85843146876677,125.28638458251953,2126600
2018-09-06,124.79525097322454,127.02357229877562,124.63153014913975,126.13223266601562,1670300
2018-09-07,125.44099850714228,126.59609280935281,124.1767662444052,126.21409606933594,1687500
2018-09-10,126.82350290492369,127.68754434651566,125.96855166947448,126.01403045654297,1434000
2018-09-11,125.37733393295976,125.85937840879436,124.13128213176181,125.66837310791016,2047100
2018-09-12,126.15957189375305,127.57842139718842,125.55018105592833,127.08727264404297,1719500
2018-09-13,127.23276761157521,127.93310198204767,126.49605854310603,127.45105743408203,1110800
2018-09-14,127.86949253583978,128.9700185227336,127.27830972155834,128.17872619628906,1526500
2018-09-17,128.1604949481363,128.1604949481363,126.44150232210634,127.23278045654297,1877600
2018-09-18,127.69660315846446,128.60612316351953,126.74161825569574,127.60565948486328,1506600
2018-09-19,127.33283891041367,127.96041012269491,126.26870185061516,127.02360534667969,1201400
2018-09-20,128.63342984386907,129.90676639751283,127.66934069270425,129.6884765625,1647000
2018-09-21,130.85264878337335,132.380649726423,130.0613707589329,130.55250549316406,2544600
2018-09-24,129.89767682092375,131.38928933862553,129.57024900590744,130.6071014404297,1378900
2018-09-25,131.4347053784494,131.87128488827332,129.12453112119195,129.22457885742188,1647300
2018-09-26,129.3974597796123,130.03412122781577,127.81488942706761,128.90631103515625,1200800
2018-09-27,129.2428267841539,131.307427658852,129.188243914142,131.08004760742188,1281700
2018-09-28,130.72533064823875,132.48071179970486,130.72533064823875,132.17147827148438,1631700
2018-10-01,132.5897979736328,133.90859893425622,132.1077535802889,132.5897979736328,1772600
2018-10-02,132.2442577952785,132.99916137659977,131.07098261063868,131.2528839111328,1670300
2018-10-03,131.8895100226738,132.78993995412247,130.25238487920478,130.32513427734375,1252500
2018-10-04,128.07863940547992,129.08819349008397,123.64926665726266,124.73159790039062,3668900
2018-10-05,124.14950132851088,126.61430705835357,124.14950132851088,125.79573059082031,2395200
2018-10-08,125.43193659585025,127.59658527754199,124.90441320402601,127.31463623046875,1583700
2018-10-09,126.98722244346173,128.3242184220743,126.8235154476375,127.63298797607422,1253100
2018-10-10,123.93121646116828,124.39508064147844,118.13757727468538,118.14666748046875,5086200
2018-10-11,117.89198781855592,118.71965441853726,116.10023909754096,116.4913330078125,3584700
2018-10-12,117.58276570610742,118.46500137554987,113.39897433901119,114.89058685302734,3715500
2018-10-15,115.29078331878416,115.71825892609296,114.0447381378084,114.47221374511719,2070000
2018-10-16,115.81829587001577,117.40086597224817,115.65458889987613,116.85514831542969,2275600
2018-10-17,116.9460931200332,117.74647522849432,116.10933631490339,117.16438293457031,1947700
2018-10-18,117.17346643309843,117.30079868141382,114.29028962053425,115.29985046386719,2347700
2018-10-19,116.60046131293505,118.11026784484362,114.09928131103516,114.09928131103516,1935500
2018-10-22,114.50859244018679,115.58182653380905,113.96288171814406,114.77235412597656,1819300
2018-10-23,113.19888242491099,114.86330604402362,110.89779744612663,113.96288299560547,2667300
2018-10-24,114.3084655609933,116.30940663977906,112.88051954244771,113.02603912353516,1905700
2018-10-25,113.58086346624751,115.94562119166247,112.92601484685618,114.9724349975586,1582500
2018-10-26,113.6263503970423,114.99972773965405,111.81640727684946,114.25392150878906,1621200
2018-10-29,114.82691542539185,117.1098059359237,113.78096589706576,115.01791381835938,2715700
2018-10-30,115.19073713889735,119.77471987593414,114.87240645002436,119.34724426269531,3522100
2018-10-31,130.38878948424508,133.09006503032128,123.03077591743036,125.00443267822266,5467100
2018-11-01,124.72248567337205,129.32465478689554,124.44962688979068,129.09727478027344,2738200
2018-11-02,129.47928265101567,132.4715976888688,129.47928265101567,130.1614227294922,2951700
2018-11-05,129.2155185158416,129.4065099521262,126.30504329044844,128.97903442382812,2896700
2018-11-06,129.56114956194907,130.42519097529723,128.7061983544465,129.5156707763672,1427700
2018-11-07,128.82444396554817,129.89768504646466,127.80578575573774,129.4611053466797,1234400
2018-11-08,129.0790892989262,129.1518525713897,127.43286015919327,128.86990356445312,1582000
2018-11-09,126.29594661041483,128.23322863387148,125.86847110403545,127.54198455810547,1962800
2018-11-12,127.40556814925213,129.324655977944,125.80481788403273,128.33328247070312,2849100
2018-11-13,129.41558393328285,130.95267482598848,128.59702155261212,130.4160614013672,2160700
2018-11-14,130.8435679471656,132.9354670456264,130.48885564755267,131.73489379882812,2040400
2018-11-15,131.39835074982622,131.7439727783203,129.7612120335033,131.7439727783203,1690500
2018-11-16,131.1073181428145,132.7808456905547,129.65209429552252,130.9890899658203,2373700
2018-11-19,130.87991970447845,131.79854376724825,129.0699838244599,129.943115234375,1673100
2018-11-20,129.05181714027583,131.62576090219653,128.76986810639283,129.17005920410156,1666600
2018-11-21,129.45196791174996,129.9431025471025,127.80573912750847,127.9421615600586,1581400
2018-11-23,127.06906644825928,128.1150090710146,126.25048998515952,127.43286895751953,971500
2018-11-26,128.63348647748475,129.43386901340753,127.42383634230474,128.17872619628906,2162600
2018-11-27,127.86033636356515,128.0240433188121,125.7957218661746,127.32372283935547,2628200
2018-11-28,127.26911232677823,128.5333583046777,126.54150751285322,127.51468658447266,2767600
2018-11-29,127.39612032900739,129.9232457883939,127.06768520099732,129.09303283691406,2139900
2018-11-30,129.11126405387978,130.33376699190643,128.5182489242139,130.15130615234375,4825200
2018-12-03,131.57452997042495,139.51169540878425,131.57452997042495,139.26536560058594,5296600
2018-12-04,138.6723249888119,138.6723249888119,131.4285184166629,131.4558868408203,3101800
2018-12-06,130.0326872574799,130.3976088998844,126.5202572856461,128.99264526367188,3345700
2018-12-07,128.6825101431578,129.56746008446478,123.90195682564489,125.09709167480469,2599800
2018-12-10,124.51319071741115,126.38344591191135,123.5005169042535,125.88166809082031,1750000
2018-12-11,126.8852215935185,127.9070135604227,125.69008693489914,126.91259002685547,1521900
2018-12-12,128.30846478818052,129.23903349441503,126.43820920283038,126.56593322753906,1487400
2018-12-13,126.90348341354203,128.76460665431196,126.78487757769902,127.84317016601562,1581900
2018-12-14,127.03120288183032,127.57858549973349,123.10823147626576,123.32717895507812,2376300
2018-12-17,122.88926332547045,122.9531322838635,118.3003037224994,118.87506866455078,2769600
2018-12-18,119.1487933280261,119.86951876739063,118.36419891611209,119.42247772216797,1587000
2018-12-19,119.42245800209159,121.46605597309977,116.47567383780807,117.2693862915039,1795500
2018-12-20,116.76761476230381,117.26026746898408,112.66218250040431,113.95767974853516,2280400
2018-12-21,113.29167106670754,117.69816255490073,113.29167106670754,114.78787231445312,3562300
2018-12-24,114.34997018039363,114.3682204438867,111.33932402459347,111.72249603271484,858800
2018-12-26,112.28813034117368,115.7914290321386,110.97438985184397,115.77318572998047,1257400
2018-12-27,114.53243225953945,117.19640680037806,112.83551978260603,117.13253784179688,1277700
2018-12-28,117.47922876713089,118.91156122731269,116.11074438723429,117.28763580322266,1372100
2018-12-31,118.35503686282487,119.46806618683925,117.77115376833136,118.6926040649414,1233400
2019-01-02,118.51014726818485,120.84569392139134,118.11785706244639,120.37128448486328,1640100
2019-01-03,118.41890989040775,119.40421525640333,114.22224043385671,114.66015625,3863900
2019-01-04,116.302322140177,119.32208606306155,115.89177479177192,118.52837371826172,2091400
2019-01-07,118.07225505682239,120.78184203419325,117.2420419057222,119.96987915039062,2312500
2019-01-08,121.39306192682895,122.0773006019802,119.21262190551514,121.09199523925781,1989100
2019-01-09,119.34035534912114,119.88775190092616,116.11074771147852,116.62165069580078,2727900
2019-01-10,111.80461636357107,114.89737500734122,110.8193108769443,114.31349182128906,4445600
2019-01-11,114.29525873160483,115.51776912140812,113.22784777424452,114.89739227294922,2895600
2019-01-14,114.29523305761222,115.08895246733645,113.95767974853516,113.95767974853516,2412700
2019-01-15,114.04889283028277,114.9703291417851,113.65659575097756,114.11275482177734,1579300
2019-01-16,114.34993950283638,115.3352446540439,113.47411502190776,114.1948471069336,1921100
2019-01-17,114.05804449974528,115.56337126759543,113.89382690760822,114.43209838867188,1477700
2019-01-18,115.18931977732888,117.80767601481057,115.0433454965715,116.35708618164062,2060600
2019-01-22,116.42091857815477,116.7949723571288,113.75695127583373,114.7331314086914,2207300
2019-01-23,116.05602547855285,118.29120978584906,114.80614673625816,115.76408386230469,2411600
2019-01-24,115.48125449832455,115.92828852574642,113.62012429217036,114.24962615966797,2104000
2019-01-25,114.65103450451141,117.25114712385721,114.65103450451141,116.84060668945312,2393900
2019-01-28,116.33880725358968,120.55371960612138,115.6363253417186,120.40774536132812,3275300
2019-01-29,121.03726740690253,121.05551767077947,118.86594539434114,118.96630096435547,2939200
2019-01-30,120.15230809110199,122.68855165650037,119.17613482398288,122.59732818603516,3366100
2019-01-31,122.7706774832035,124.9784860478097,122.14117564337367,124.45845794677734,3369700
2019-02-01,125.23394799846783,125.62623822009284,123.93845756856555,124.73217010498047,2684300
2019-02-04,124.87812162519253,125.15180595277928,123.51876247440315,124.2303695678711,2653400
2019-02-05,135.9354080079833,143.2430715746172,135.4062617962397,138.69061279296875,10521300
2019-02-06,136.67439865420715,138.84572060503524,134.11078652684978,137.07582092285156,3705000
2019-02-07,135.9354138757505,139.520817774482,134.67641028584666,138.95518493652344,2775700
2019-02-08,138.95520303941296,141.144775390625,138.22534558900895,141.144775390625,2478200
2019-02-11,140.84368941296208,140.84368941296208,139.35660627916684,140.2141876220703,1757900
2019-02-12,141.24513194688012,141.36372386477393,139.47523214161876,139.51171875,1752600
2019-02-13,139.5846929147856,141.62829081603223,138.36218979497252,141.58267211914062,1594900
2019-02-14,140.58823616567142,141.19035558058093,139.6850361620013,139.93136596679688,1538600
2019-02-15,140.97142996614912,141.66478687420465,140.21420409400906,141.41845703125,1509100
2019-02-19,140.7889244803443,142.1847699467127,139.009893192621,141.7742156982422,1514500
2019-02-20,142.32162512387356,143.55326014040878,141.9110847586517,142.93287658691406,1740900
2019-02-21,142.44934177599654,143.23393586687916,141.97493248547315,142.80514526367188,1405600
2019-02-22,142.8052124925862,145.12250925882452,141.84727529145226,145.04039001464844,1336500
2019-02-25,145.39616838842048,145.39616838842048,143.2795970930711,143.47117614746094,1647100
2019-02-26,143.10624022906157,144.3287433343152,142.1756717228682,142.7230682373047,1966600
2019-02-27,142.24734741554343,144.04041176432727,141.22272525699861,143.6744842529297,1319400
2019-02-28,143.7111329599426,145.2389026110663,142.79629983046166,143.57391357421875,1270200
2019-03-01,144.74481187887235,145.65050115811331,142.79621401712848,143.55552673339844,1158100
2019-03-04,144.38811413870644,145.05593841296266,141.2319426417676,142.97926330566406,2100000
2019-03-05,143.50067501486453,145.00100026363918,142.6864743730156,142.69561767578125,1480700
2019-03-06,142.41200422393817,142.7047573873247,139.96025929715228,140.7744598388672,1971200
2019-03-07,144.1502079632819,144.31487116338158,141.0306248307052,142.16500854492188,2405200
2019-03-08,142.0003327264994,143.39088233826146,141.14953105719974,142.75048828125,1852500
2019-03-11,142.71395925919646,144.5619259735772,142.26568602850287,144.09535217285156,1852500
2019-03-12,144.72651951720715,146.37322104582026,144.37889260950527,145.65965270996094,2007200
2019-03-13,146.37322017482913,147.13253292959462,145.4309436866927,145.8609161376953,1172800
2019-03-14,145.4858747586095,146.4464520940605,144.5618985562809,146.36412048339844,1108100
2019-03-15,146.92220157033856,149.4654364737911,146.62030497196892,148.87994384765625,2133500
2019-03-18,148.61456364899635,149.45620802575337,147.76377597091454,149.20921325683594,1055300
2019-03-19,149.55687565284788,149.84047161281205,146.81237700662626,147.01364135742188,1406300
2019-03-20,147.13258490712494,147.32469200929674,144.8089013987885,146.0896759033203,1715800
2019-03-21,145.7420666986383,148.2121134084947,145.0559418370534,148.01084899902344,975200
2019-03-22,147.64488140365611,148.6877903529183,145.87926060432966,145.9158477783203,1033800
2019-03-25,145.48586156808088,146.6294025877377,145.0741895928526,146.35494995117188,1160100
2019-03-26,147.32467332057098,148.98967577747723,146.75748143092838,148.0290985107422,712100
2019-03-27,148.0656819246287,149.37388601917385,147.73634158570468,149.0262451171875,1220300
2019-03-28,149.3647266291391,151.24927960362538,149.3647266291391,150.41677856445312,944700
2019-03-29,150.70954924424544,151.64266857991856,150.23383231517855,151.4505615234375,1062100
2019-04-01,151.66099093696658,152.7038998425927,150.14236503391257,150.7370147705078,1080600
2019-04-02,150.24299163512063,150.67296418159594,148.63289088101052,149.3190155029297,805400
2019-04-03,149.52941393006842,150.7918876235548,149.12688527653708,150.28872680664062,897200
2019-04-04,150.78276605492417,150.94742927733586,148.75183588972607,149.1818084716797,852800
2019-04-05,149.53860813461313,150.01431124336128,149.0354471933951,149.5751953125,733900
2019-04-08,149.73983774546494,150.8833788351361,149.15434526592298,150.7827606201172,1091000
2019-04-09,150.39853270166006,150.73703038838323,149.37392425572492,149.8953857421875,1062400
2019-04-10,150.59061777783748,152.62154757586708,149.97768151760184,152.33795166015625,977000
2019-04-11,153.39912954165194,153.9846358289408,152.53004133021963,153.7284698486328,1601200
2019-04-12,154.1950536594865,155.0366980644622,152.9417233740347,153.25277709960938,1215600
2019-04-15,153.06063729878306,153.81995001813146,151.99028485128835,152.8685302734375,1077300
2019-04-16,153.70103758195032,155.521559688334,153.10640190801416,155.37518310546875,1332800
2019-04-17,156.1802517414288,156.2534400381987,153.81083821536984,155.0915985107422,1425300
2019-04-18,155.37519797612245,156.79319159495967,155.0458576127747,155.82347106933594,1131500
2019-04-22,155.539868375481,156.18024850991713,153.9389110597707,155.44837951660156,978800
2019-04-23,155.31122109820177,157.1683311960166,155.18314502108507,156.53709411621094,1122000
2019-04-24,156.29003560437332,156.9212724835945,155.10990740874666,155.9058074951172,730200
2019-04-25,156.17112541127796,156.3723758002161,154.95439601882342,155.8783721923828,738600
2019-04-26,156.42724718540447,158.04649100119678,155.94238697490317,157.8086395263672,819900
2019-04-29,157.6531162357319,158.45817345504338,156.665095273642,157.7720489501953,1301200
2019-04-30,157.9459007738209,158.22951070966786,156.6010952415266,157.1774444580078,1797600
2019-05-01,164.66075211103663,164.85285917184433,155.36604799749432,155.7960205078125,3354900
2019-05-02,154.42376997131748,155.94239567649905,152.49347232320454,155.75027465820312,2323900
2019-05-03,156.46383886445656,159.757242237618,155.29285410049684,159.5742645263672,1314400
2019-05-06,156.2717162922588,157.91840385607824,154.60671420804553,155.56729125976562,2166200
2019-05-07,154.43290803062763,154.6799167716968,151.37737011976984,153.0423583984375,2514000
2019-05-08,152.88685403250415,154.42378040499472,152.08181065571463,152.54837036132812,2149500
2019-05-09,151.8622496750597,151.8622496750597,149.03541958253098,151.2493133544922,1896500
2019-05-10,150.49000254576197,151.5329114275271,147.72720345365948,150.352783203125,2617700
2019-05-13,147.7454911250413,151.17611398398188,147.13255484935272,151.0388946533203,2437600
2019-05-14,151.45059465012417,153.3991793025575,151.1852852827284,152.777099609375,1850400
2019-05-15,152.59416708834777,155.6771502333748,152.36545880852688,155.4941864013672,1353000
2019-05-16,155.52156142020266,158.25691626109594,153.8657164409129,156.1619415283203,1714500
2019-05-17,154.45123799299435,157.2048799576384,153.30769688420233,153.3442840576172,1769800
2019-05-20,152.85938553611908,154.0944152086083,151.52373767207865,153.12469482421875,1428500
2019-05-21,154.18590432004237,154.76225341492795,153.01491952606898,153.81997680664062,1194400
2019-05-22,154.0852656739918,154.60672701584102,153.00576978342846,153.29852294921875,1155100
2019-05-23,152.00864597707883,152.6673268163227,149.37392262010326,151.4322967529297,1480400
2019-05-24,152.4843316477753,152.6855959900762,150.34362614429264,151.0937957763672,1290300
2019-05-28,150.89251578341535,155.34774680201812,150.89251578341535,152.42942810058594,1776200
2019-05-29,151.99947931940355,151.99947931940355,147.8095569610076,150.07833862304688,1529500
2019-05-30,150.80295899686465,152.35309197660573,150.46357174357146,151.9036407470703,1132900
2019-05-31,151.33493177303475,151.33493177303475,147.61093794153123,147.70266723632812,1401100
2019-06-03,148.05127762830722,151.29829154886153,147.8586516349168,150.5644989013672,1826300
2019-06-04,151.97703569336804,155.24239792439363,151.64682973765034,155.2332305908203,1588200
2019-06-05,155.24235168819254,155.92111206054688,153.8022829781222,155.92111206054688,1083200
2019-06-06,155.93034401539265,159.92949928056584,155.67351868610058,159.5350799560547,1582800
2019-06-07,160.25048025480393,162.67198534212514,160.25048025480393,162.2225341796875,1083000
2019-06-10,162.47938689433914,163.80021061914556,161.55298241876736,163.28656005859375,990700
2019-06-11,163.73600213393027,164.12124006571477,162.12166975370067,162.80043029785156,1191700
2019-06-12,163.59841137205478,164.2771718714602,161.1218739761686,162.50689697265625,1237500
2019-06-13,163.51585839948584,163.85523164086447,162.02075747829505,163.2223358154297,1293000
2019-06-14,163.12143021486753,163.2957074900853,161.68137535424833,162.2408905029297,1300400
2019-06-17,162.6078051952413,163.61677168568406,161.49795605168282,162.91966247558594,1039700
2019-06-18,165.05680253643354,165.07515119609158,163.51585102739386,164.3138427734375,1541900
2019-06-19,163.83688061554943,165.48791013721632,162.61695363553798,164.9375762939453,1266300
2019-06-20,166.47848553354928,168.4138558150159,165.8180738927506,167.81765747070312,1356300
2019-06-21,167.79933044865913,168.1203549847066,165.94650788443653,166.30422973632812,1900200
2019-06-24,167.45076572799826,168.85413706116194,166.79953536864744,168.6890411376953,1096500
2019-06-25,168.68908571559032,169.2119036073192,167.2673653499174,168.72576904296875,1257800
2019-06-26,168.47808489154463,169.41367054734735,166.6986568739357,167.395751953125,933600
2019-06-27,168.31305410546074,168.76250544651194,166.96471407823842,166.98306274414062,1386200
2019-06-28,167.4874602005349,168.25793582215834,167.16642169356308,167.9552459716797,1235800
2019-07-01,169.5787883591248,170.5235413902341,165.9556908559811,167.14810180664062,2152500
2019-07-02,167.4049334245944,170.2300252935004,167.349901439474,168.77162170410156,1228300
2019-07-03,168.96424181697185,171.413263041803,167.87272749666204,170.63360595703125,650000
2019-07-05,170.51440277307606,170.59696476422403,168.10207827192812,170.0099334716797,819700
2019-07-08,169.57883956219985,170.2667675496113,169.28531690285755,169.918212890625,671000
2019-07-09,169.2944776255332,169.40454161142333,168.14793111941432,168.67991638183594,938800
2019-07-10,169.11099355990848,170.413468515505,168.4138984275394,169.03761291503906,922700
2019-07-11,169.24857117122508,171.56917960687557,168.55146211025695,170.67945861816406,1283100
2019-07-12,170.80792395092678,172.98177178191702,170.44103464471004,171.34909057617188,875500
2019-07-15,171.89020326756582,173.22020807612913,171.33986948091857,171.789306640625,938700
2019-07-16,172.52309359661922,174.1282582500956,171.70675327554537,173.45867919921875,1269900
2019-07-17,173.2844145276346,175.32068181277484,173.20186655562443,174.02737426757812,1013200
2019-07-18,173.87144976224087,175.04551204498304,173.1651733278654,174.49517822265625,764800
2019-07-19,176.6323593253648,176.9992485758431,174.56857580058696,175.03636169433594,1241000
2019-07-22,175.42159250102992,175.90772703639126,172.7249132318618,173.02760314941406,949800
2019-07-23,173.7246845450459,174.1191037382478,172.44055832609436,173.79806518554688,723500
2019-07-24,173.36696705386976,173.97234685636593,172.49559466926698,173.7705535888672,1196600
2019-07-25,172.77990764358904,174.12824698495305,171.94523271468327,173.8530731201172,785500
2019-07-26,174.44932930251073,175.12807581084465,172.77995103362178,175.0730438232422,686100
2019-07-29,175.43990925652736,176.49472611404872,174.36674374178372,176.16452026367188,918500
2019-07-30,176.7240538431686,178.6227411805724,172.83496386449838,173.33944702148438,1487500
2019-07-31,172.91754600707128,173.119339293409,167.02888536849267,168.94590759277344,1925700
2019-08-01,169.22104627475204,171.65171854117685,167.34987509960723,167.63421630859375,1740800
2019-08-02,166.937145596403,169.03761231410596,166.13915382966624,167.12059020996094,1233100
2019-08-05,164.97425902253855,164.97425902253855,158.883805472555,160.11289978027344,1983800
2019-08-06,161.4245374954973,165.24023260903996,161.25942756495263,164.69906616210938,2354700
2019-08-07,163.46084320797652,167.93695110729223,162.3142967385741,167.47833251953125,1852000
2019-08-08,168.06533266173787,171.93607394606906,167.61589548626748,171.00048828125,1310600
2019-08-09,170.9271446855447,171.85354914783196,166.88212558531228,168.41390991210938,1187200
2019-08-12,166.0199197084792,166.0199197084792,160.54401294980153,163.01138305664062,1801300
2019-08-13,162.0115752376934,168.32215625900145,160.79164835233126,165.8272705078125,1729300
2019-08-14,161.76392007163943,162.8187370375612,160.19543862218006,160.6265411376953,2164000
2019-08-15,161.67221243248875,163.30489341367925,160.23215740792318,160.91090393066406,2162000
2019-08-16,161.965777217124,166.13002873781747,161.424610525365,164.3872833251953,2451500
2019-08-19,179.04468453145623,186.0523756273881,175.47663266446858,184.9608612060547,5316300
2019-08-20,182.8879432541613,188.95088231949293,182.17249928544155,185.4653778076172,3406500
2019-08-21,187.36404135008047,188.16203321232993,184.62149716277568,186.85955810546875,2360300
2019-08-22,187.26313246543432,188.3271308761979,183.52997069515993,185.79554748535156,1410500
2019-08-23,184.85080090753507,186.39176659064626,179.98944123471173,180.8332977294922,1816100
2019-08-26,182.6586066868983,185.24522218487655,181.18185430589392,183.5941925048828,1674700
2019-08-27,185.30938055129081,185.96062494632602,183.15386811271497,183.95187377929688,1238500
2019-08-28,183.20897304193554,185.80475613453223,182.54856110338437,185.78640747070312,1679900
2019-08-29,187.96485040385062,188.948374747873,185.57495483356197,187.1559600830078,1608900
2019-08-30,186.4757420591268,186.99048530752953,180.4734430631063,181.9901123046875,2365700
2019-09-03,180.85957733768672,183.47927094249496,180.71251779402306,183.3689727783203,2012200
2019-09-04,185.18892018453806,187.4868915830401,183.04720915804964,186.33790588378906,2422600
2019-09-05,189.0770695201662,190.0789816077387,187.10081987765506,188.41525268554688,2111900
2019-09-06,188.50717632255376,190.7316107747703,188.424452725013,190.29959106445312,1899900
2019-09-09,190.27197640845537,190.41904990131596,187.918856625487,188.80126953125,1823000
2019-09-10,187.2938539148946,187.51446421616714,181.99933291569164,183.3413543701172,2317200
2019-09-11,182.44051826727497,183.82850179286635,181.1720477532192,181.32830810546875,1334200
2019-09-12,183.74575149938502,184.73847663258647,181.09849850321612,181.28233337402344,1439400
2019-09-13,179.655357801809,181.7694937837002,177.936480098501,179.07627868652344,1746600
2019-09-16,177.89054688440734,178.699437241726,174.95833336483048,176.98974609375,1747700
2019-09-17,177.77099742664524,178.73614786978288,175.675249391906,175.87747192382812,1596500
2019-09-18,175.97863456086915,176.71398816200255,174.48036685151223,176.50257873535156,1270500
2019-09-19,176.27275770995956,178.61669085950223,176.27275770995956,177.32981872558594,1263600
2019-09-20,177.19190005929798,179.04864998666497,176.33704780352988,176.40139770507812,2212600
2019-09-23,177.09089108614899,178.95684294899627,176.07059110973,177.40341186523438,979400
2019-09-24,179.6094453393625,182.5324723564745,178.60753313984532,179.2417755126953,1656000
2019-09-25,179.2417203435997,180.0046483235309,177.1183975928722,177.7526397705078,1123600
2019-09-26,178.30417861054272,180.3815535656261,178.0284192595658,179.5542755126953,951200
2019-09-27,181.28232571962332,181.49373511084016,178.82809453243308,180.46424865722656,998800
2019-09-30,179.75649498211652,183.38728663414304,179.75649498211652,182.87254333496094,1321500
2019-10-01,182.84499506480137,185.14296657027953,180.50106132407265,181.30995178222656,1183800
2019-10-02,179.60942524792804,180.1609439519398,175.85914855318,176.5117645263672,1456000
2019-10-03,176.67726232589257,178.85573500891866,176.18089258437638,178.04684448242188,1352300
2019-10-04,178.50637119321783,182.4221224623183,178.50637119321783,182.1279754638672,969500
2019-10-07,181.9074344367148,182.88178622058095,179.2877551101782,179.4440155029297,1117900
2019-10-08,177.64234000612987,178.31335761726265,173.4232687381049,173.809326171875,1443200
2019-10-09,175.16973740553604,177.10002460019908,174.38842166736418,175.6569061279297,1338600
2019-10-10,175.5650204271013,176.2911732408038,173.34058572571683,174.3608856201172,2292000
2019-10-11,176.10731744244237,179.93114488379155,175.23409119195284,178.1846923828125,1200900
2019-10-14,178.5064305512694,179.388857814352,175.58341741711277,177.2471466064453,860900
2019-10-15,177.495298127238,178.7453950001411,175.5558099058744,175.64772033691406,1241700
2019-10-16,176.9897348888692,177.19195746539657,173.74500085509283,177.1643829345703,1166200
2019-10-17,178.14791949658934,179.7840738912683,172.35702918839712,172.53167724609375,1914700
2019-10-18,171.56655036512157,171.83312291939794,168.98363258624548,170.5370635986328,3567000
2019-10-21,170.04985419480292,172.33863836267756,169.90278068446597,170.70248413085938,2219700
2019-10-22,172.41221214580372,174.37007432304785,169.55353504355958,170.14181518554688,1587200
2019-10-23,170.18772965948781,172.90853354291406,169.9947079464673,170.8771209716797,1606300
2019-10-24,172.03529980984646,173.5979172438291,171.24479724549738,172.41217041015625,1451200
2019-10-25,171.88825386327323,174.995115560364,171.34593600067566,173.38653564453125,1490100
2019-10-28,172.04449134200365,172.79823256320404,170.36237488499248,170.70248413085938,1689400
2019-10-29,171.0150097026801,177.80781161933444,170.537027793292,175.06863403320312,2569000
2019-10-30,177.12762137374312,178.91084931015996,176.49337906381103,177.6515655517578,2993000
2019-10-31,171.27240370739912,172.7339101314875,165.4999007522124,171.21725463867188,4410600
2019-11-01,172.20076017682436,173.39570796224615,168.79057889518438,171.50218200683594,1709800
2019-11-04,171.98938204737783,172.17321696495213,165.2333401273065,167.06253051757812,2322100
2019-11-05,167.88057940564138,170.38077313342112,166.99815231466505,169.13067626953125,1687700
2019-11-06,170.0866101950276,172.38458112518236,169.50753105810557,171.94337463378906,1363100
2019-11-07,172.52246313439412,173.800134376006,171.29994094950342,172.01690673828125,1476600
2019-11-08,172.54087400422318,173.60712197068742,170.94148101597233,172.1364288330078,932900
2019-11-11,172.20998067113229,172.80744761910816,171.04260728395496,172.1272430419922,809800
2019-11-12,172.63277353384441,173.772572214771,172.06288120623213,172.76145935058594,1037500
2019-11-13,172.77066806022037,173.76337924835332,171.24481185974872,172.88096618652344,1017600
2019-11-14,173.61628264407614,176.26353528940874,173.23022525883388,176.02455139160156,1501100
2019-11-15,176.21764880870685,176.75996670463186,174.82047824018233,175.5558319091797,1365700
2019-11-18,175.72127120322043,177.80783311259003,175.57419767090715,177.30227661132812,1678900
2019-11-19,177.7250852578892,180.28961475876454,177.25629019082552,180.2528533935547,1270600
2019-11-20,179.56348122196727,180.6297292351203,176.68641669450702,179.4899444580078,1725200
2019-11-21,178.75457499026044,180.00467181529203,176.27276903598224,177.1643829345703,1610900
2019-11-22,177.17358806433745,178.08358975267615,176.5301589024482,177.56883239746094,864000
2019-11-25,178.2306801833458,179.24179334583556,176.8427103200246,178.96603393554688,1115200
2019-11-26,179.6370097121268,180.5745859505011,178.23065236741738,179.62782287597656,1761600
2019-11-27,180.02402077941915,181.00075736785973,179.2131528144287,180.56768798828125,1500200
2019-11-29,179.51725759553693,180.93628726933233,178.8722300472086,180.11619567871094,631400
2019-12-02,179.73839251698473,180.43870490948137,178.61422015451933,180.2267608642578,1178400
2019-12-03,179.02885566198069,179.36980237299628,177.07538243662466,178.60499572753906,1459700
2019-12-04,179.54489286158767,182.69625640069833,178.60500806774235,182.32766723632812,1688100
2019-12-05,182.38293823774973,182.90817248447829,179.8213034960355,180.8809814453125,2172900
2019-12-06,182.96344678564378,183.25831807772482,181.41541468292948,182.37371826171875,784100
2019-12-09,183.11090123442588,184.0231435702085,181.38779088263053,183.09246826171875,1140700
2019-12-10,182.53036336304788,182.69623197990276,180.7888202173758,182.37371826171875,1755400
2019-12-11,182.90820085380363,184.8893168006682,182.43826544982034,182.96348571777344,1139300
2019-12-12,182.9542205150114,185.13805633785142,182.69621518827233,184.8616180419922,1114200
2019-12-13,185.21181527772595,187.75501723179377,183.99549212997246,187.24822998046875,1017800
2019-12-16,188.68566348106953,189.57024921559224,186.8704025559767,188.0037841796875,1273000
2019-12-17,186.82433602066325,186.88884438990493,182.8805237883013,186.5294647216797,1901000
2019-12-18,187.21134615150626,188.7409593965756,186.99019267479247,187.92086791992188,1223100
2019-12-19,188.6303845154529,189.74533320357847,187.59834904599464,188.2433624267578,1213600
2019-12-20,188.5106325281728,191.6435633830053,188.5106325281728,190.61154174804688,3176800
2019-12-23,191.17360530678073,191.17360530678073,189.22934145414155,189.7914276123047,1240200
2019-12-24,189.70850270687927,190.05864483291364,189.1279835686346,189.31227111816406,327800
2019-12-26,189.81907983260686,191.25654245937085,189.48735660641216,190.96168518066406,1092600
2019-12-27,191.31180973518204,191.9015382986277,190.57465957605348,191.6158905029297,495000
2019-12-30,191.59742665098022,191.96601573137676,189.7821799134409,190.18760681152344,680600
2019-12-31,189.54267983593593,190.84193057322173,189.44131955018506,190.3166961669922,541500
2020-01-02,190.31662962104963,191.53295262476146,189.64397381094446,190.05862426757812,1138700
2020-01-03,188.46449444174627,190.32583060882033,187.7273303504088,188.6211395263672,1076200
2020-01-06,187.80106359105068,191.20122252069513,187.46934042571374,191.0722198486328,2428900
2020-01-07,189.82829213301451,190.93404561038744,189.06348540393537,189.8651580810547,1180600
2020-01-08,191.18276197353643,192.94273779299405,189.81901762841161,191.40391540527344,1614300
2020-01-09,192.62026168600676,195.3661979395924,190.84186661233198,195.3109130859375,1277100
2020-01-10,195.46755373594706,195.46755373594706,193.72601058432596,194.9976043701172,1212800
2020-01-13,194.99762483516824,196.75760114237661,193.91952791961216,196.7023162841797,1235500
2020-01-14,196.9603281205621,199.56803847951568,196.51803518024605,198.7571563720703,1434500
2020-01-15,199.0335980382934,201.8993138317173,199.0335980382934,201.32801818847656,1696500
2020-01-16,201.3279987864965,202.06514894148177,200.1393181501425,200.82119750976562,1623800
2020-01-17,201.85324366279949,203.10641876387845,201.24508205634064,202.6088409423828,1147000
2020-01-21,198.48995499106724,200.81200363039744,196.02045661464555,200.62771606445312,2104100
2020-01-22,199.273166361811,200.5263414046421,194.91470317191784,195.93751525878906,2528600
2020-01-23,192.66637410696765,194.96079439620564,190.4733281492271,192.46365356445312,2781200
2020-01-24,192.58345496621055,193.12710823495883,188.28027610467294,189.2109375,2420800
2020-01-27,176.92794484542856,182.6685993514951,176.06179201401653,181.51678466796875,4042600
2020-01-28,182.41063541666682,183.48873251807848,179.77528225980242,181.6273956298828,2035600
2020-01-29,183.05560761767973,184.57599737766452,182.40137069014673,183.12010192871094,1446100
2020-01-30,182.1525922152817,183.35970593119978,179.8029012813671,183.06483459472656,1497600
2020-01-31,182.07888052063575,183.17539634731713,179.37901944692877,179.83053588867188,1620600
2020-02-03,180.30961388974376,183.65448716926332,179.7198855212008,180.7887725830078,2301600
2020-02-04,183.7374833907107,186.33598421696607,182.87133050886425,184.6773681640625,2252200
2020-02-05,187.6075614681378,188.2064994162369,184.797131125028,185.50665283203125,2293800
2020-02-06,194.4079020534684,196.68388918547365,188.99898434133493,194.91470336914062,4056300
2020-02-07,193.38504960640546,193.5048428179016,188.56586150547332,192.54653930664062,3386200
2020-02-10,191.26576093806224,192.62028217741744,189.7637899728788,192.28855895996094,1689900
2020-02-11,193.8918671063891,194.74882450790383,192.6202592474744,193.33900451660156,1468700
2020-02-12,194.7580369546119,198.1213301232475,194.57374942185223,197.91860961914062,2141100
2020-02-13,196.95110878076446,199.1994393163538,196.2415869723543,198.01077270507812,1818700
2020-02-14,198.54519659536925,198.6741992694469,197.02480693229455,198.12132263183594,1442800
2020-02-18,197.96468685856138,198.00155280159865,194.59217014276732,194.83175659179688,2122600
2020-02-19,195.80849567753552,196.7115144501465,193.89187436202803,196.37979125976562,1768500
2020-02-20,195.93750041021912,197.06167267493,192.47284687682819,194.72119140625,2379900
2020-02-21,193.46801832149637,194.08538931539965,192.27933767364348,192.83221435546875,1709000
2020-02-24,183.8848840970237,187.88398077640807,182.73306956538747,183.16615295410156,2494300
2020-02-25,183.88491644188895,185.4145297834134,175.73928601581952,176.3935089111328,2767800
2020-02-26,178.761644389511,180.63219036835537,174.2925976556779,174.42160034179688,2982500
2020-02-27,170.97586350253906,174.35695427604588,168.35229087766876,168.3892364501953,4176000
2020-02-28,163.29914038005887,169.72874152389886,162.9942865358964,169.60865783691406,4077000
2020-03-02,170.92043897823865,179.01287261774115,168.70332402364676,178.59716796875,3350100
2020-03-03,177.9504769832151,180.73109238388525,172.59246793269207,174.03358459472656,3149900
2020-03-04,177.6272349911224,178.86511644477764,172.5833240726816,178.66188049316406,2815600
2020-03-05,174.7541714699114,178.42163608255527,173.1652440968574,175.1698760986328,2851600
2020-03-06,170.39383955381382,178.40313367890764,169.3130020174843,177.32229614257812,2384600
2020-03-09,165.72872456098918,168.4631624320642,161.59936209556653,164.34303283691406,3035900
2020-03-10,168.93429427392357,173.38699049229572,163.98275523200866,173.10061645507812,2340300
2020-03-11,168.60168139893796,170.48622953928182,156.63854882921467,159.36373901367188,3040400
2020-03-12,147.6223480275881,153.97804391812463,140.85093338001553,145.3590545654297,3958500
2020-03-13,152.69395387435407,159.40070952386688,145.13732325506368,159.09585571289062,2880600
2020-03-16,139.0310173458371,144.5645492901677,135.7792580431,137.62684631347656,3512100
2020-03-17,139.87171204180805,147.29901273883237,130.19958364606686,142.02415466308594,3612800
2020-03-18,132.26888142941257,145.0357273829527,126.56907141422488,144.33364868164062,4214500
2020-03-19,139.05878180958018,150.6616382115797,129.18341657276173,144.58306884765625,4292300
2020-03-20,146.46758475889365,147.114237930601,137.61763393472177,139.49293518066406,3681100
2020-03-23,138.36586226315055,140.3889733502997,129.6267790387431,133.37738037109375,2868200
2020-03-24,139.56684803542683,147.55766329241905,136.04719391952187,145.80245971679688,2702900
2020-03-25,146.78168696951312,161.49773862195144,144.71238250497413,154.97573852539062,2988000
2020-03-26,156.67554275034018,163.03123891583837,153.5069204894496,159.79795837402344,2553700
2020-03-27,154.71709264008587,155.92726113066166,146.94799192303466,148.43528747558594,1882100
2020-03-30,148.15812565255507,155.12352806367576,147.9271770911044,152.63851928710938,1890000
2020-03-31,151.08656809385386,151.15122636815684,146.41217095887325,147.1973876953125,2209200
2020-04-01,141.36824045362457,143.6777262012117,139.5483645568473,141.6915740966797,1822200
2020-04-02,140.24122774656408,143.29898500182094,136.1118655879349,137.83937072753906,1888700
2020-04-03,137.2481395529888,142.62461558324318,135.94558607754135,142.33824157714844,1589400
2020-04-06,146.25513222088858,149.65468875492846,145.06342958334855,148.2689971923828,1792900
2020-04-07,152.74019780256083,153.94113361765324,149.9688139658801,150.73556518554688,1827100
2020-04-08,151.08655337893234,154.0519250467647,149.77476722700885,153.1004180908203,1749000
2020-04-09,155.17898988767743,156.3429799320363,151.30828883385112,152.26904296875,2976800
2020-04-13,151.622360625,151.622360625,147.54842444196427,149.85791015625,1937100
2020-04-14,153.42374006154608,154.5784827937386,150.23665293989083,152.42604064941406,3991400
2020-04-15,147.80714104395884,150.5692920667733,144.79557561974366,145.7655487060547,2103800
2020-04-16,146.33825608337108,149.9964735585582,144.39828244629945,149.53457641601562,3303800
2020-04-17,154.41221430445785,161.71019785955576,153.6454774265261,160.9803924560547,4430900
2020-04-20,158.8372191499724,159.78872630077132,153.9226259358403,155.0034637451172,1805600
2020-04-21,152.43531212991735,153.90415597028252,148.6015709263102,148.83251953125,1247600
2020-04-22,151.4006936035209,154.5138768366822,151.0681269898904,153.3314208984375,1190500
2020-04-23,152.39837428199817,156.03812673574345,150.14431352814668,150.34754943847656,1976400
2020-04-24,150.88332735340492,155.19744511845354,150.0334382740361,153.63623046875,1278600
2020-04-27,154.94798372073816,155.32674269277774,151.0218587127649,152.7031707763672,2083900
2020-04-28,155.85334385280692,157.71939820523568,155.0219205182954,156.04733276367188,1923100
2020-04-29,158.31987428213543,165.0081361041252,158.07044587010517,163.38226318359375,2431100
2020-04-30,163.19754728708966,166.15368700436346,161.29453278459422,162.9573516845703,2442200
2020-05-01,157.5808503628652,165.7656693065154,157.5808503628652,159.3914794921875,2190300
2020-05-04,158.458458298189,162.3661048111246,157.35914066524865,161.09127807617188,1348500
2020-05-05,162.74482760471034,163.4099605771597,156.77712478009897,156.98959350585938,1535600
2020-05-06,157.50695340623744,160.176718797495,156.22287968717555,156.6016387939453,1315600
2020-05-07,159.28063662531162,160.0658675424974,156.89724526404854,158.83721923828125,1399800
2020-05-08,161.83027254336253,162.5877906065781,159.37299051191383,159.95497131347656,1368200
2020-05-11,158.89262148873888,159.65013958981496,156.8695096923332,156.99884033203125,1345200
2020-05-12,157.88572199865925,159.71483116897326,155.60394844701113,155.70556640625,1242500
2020-05-13,154.13511105444857,155.6131737306047,149.66393516191545,150.35678100585938,1742900
2020-05-14,147.80709485819986,152.13969258158812,146.19045475818828,151.67779541015625,1712400
2020-05-15,151.26208786814158,157.76559371468687,150.60618769508073,156.5,2507300
2020-05-18,158.88338874291554,165.5162251348115,158.88338874291554,164.6663360595703,1704300
2020-05-19,164.6848195771262,165.31299295706089,161.18363116372217,161.27601623535156,1711100
2020-05-20,163.04971585121208,166.12595297493718,162.76334183510284,166.0520477294922,3102000
2020-05-21,166.0889910565378,167.206788496788,163.83494453289833,164.32455444335938,1269700
2020-05-22,165.00815492907685,165.2668162392166,163.40999452800236,164.6201629638672,1031800
2020-05-26,169.7841601250406,172.55554321977814,168.5739917623625,172.2229766845703,2354000
2020-05-27,175.38233228527096,179.0867419057613,174.06129926610615,178.80960083007812,2088800
2020-05-28,179.46555063256406,183.8812869484308,177.54405649699262,177.81195068359375,2096900
2020-05-29,177.4978657649348,183.65034020943483,177.35005526931073,182.42169189453125,2937300
2020-06-01,183.9828887201941,186.3478000341435,183.3085086860885,185.15609741210938,1452100
2020-06-02,185.37781280758446,187.77043682053528,184.45401844619957,187.23463439941406,1582800
2020-06-03,189.08220503753714,189.37782597097782,186.35701475129753,187.751953125,1405400
2020-06-04,187.6872993327146,188.31548683044832,184.88820353612576,185.79351806640625,1288000
2020-06-05,187.8073755802533,190.7819942204287,186.15377596371806,189.5348663330078,1404900
2020-06-08,187.99216039100162,189.7381312430787,186.53256354755342,189.23004150390625,1211900
2020-06-09,187.5671760166874,188.15840376559493,184.76808060120533,185.42398071289062,1058900
2020-06-10,186.14456414660253,186.56026879076055,184.26926271737003,185.15609741210938,788100
2020-06-11,181.4055106052852,181.6826517579078,174.48629923552096,174.7819061279297,1241200
2020-06-12,177.12834291424522,178.95745187507072,173.59020867904292,176.7957763671875,1865200
2020-06-15,173.72876681055675,176.98052693690684,171.44699359103075,176.8511962890625,822100
2020-06-16,181.73806876771056,183.72423518970064,178.75421679597622,181.2484588623047,920600
2020-06-17,180.93433961648884,182.74498252117746,179.77036395374847,180.31539916992188,1074400
2020-06-18,179.55788732123202,181.95975805590024,178.9574266855559,181.20223999023438,910300
2020-06-19,184.66648236493538,184.66648236493538,175.6317748749424,175.79806518554688,2418200
2020-06-22,176.5925230745806,178.70800583496413,174.99434877467615,177.6086883544922,1478500
2020-06-23,178.8558035157094,180.39853820624637,177.60867565230248,179.50245666503906,1267500
2020-06-24,178.75416867679033,179.2068328864937,172.952742521315,173.44235229492188,1832000
2020-06-25,172.36153924858527,173.53476193646935,169.25758988963534,172.70333862304688,2111200
2020-06-26,173.9966787475495,175.151421733408,169.36845983879914,170.1074981689453,1488400
2020-06-29,171.1513938578115,171.6410037662034,169.8950328995269,171.50242614746094,892700
2020-06-30,171.43777461180852,174.80961869406917,170.99435722555702,174.30152893066406,1339500
2020-07-01,175.29920232432693,176.3892869346482,174.14445944253623,174.9019775390625,828500
2020-07-02,177.88584157813207,178.6341127622488,176.2045431551511,177.00823974609375,846600
2020-07-06,179.21613308982208,179.8720333873844,175.48400951018513,177.38702392578125,1507000
2020-07-07,177.25765863965637,177.25765863965637,174.5878936185851,174.70797729492188,1670600
2020-07-08,174.1075010356533,175.02206240515486,171.34535119150885,174.23683166503906,1474200
2020-07-09,174.49553294862486,176.6387428368793,173.22993906391363,173.49783325195312,996400
2020-07-10,173.90430708656478,175.74266313643014,172.2876667816432,175.2345733642578,804300
2020-07-13,176.2230065554673,178.5140267110884,174.78188961317923,175.28074645996094,862100
2020-07-14,174.6156349618205,181.21152692494493,174.29230125837924,180.95286560058594,1355800
2020-07-15,183.73346393227038,186.17228053505443,182.89280766225426,184.32469177246094,1610800
2020-07-16,183.4840090304843,184.25075994785644,182.34774605229782,183.96438598632812,938200
2020-07-17,184.851259217273,184.97134290019642,182.34777027041878,182.91128540039062,1014100
2020-07-20,181.968974295556,182.23688250248568,180.3246217768159,181.37774658203125,648600
2020-07-21,182.4770921973878,182.82813855219445,179.36390982760074,179.65028381347656,769900
2020-07-22,179.53015066542403,180.94355457888045,178.53245129781126,180.6664276123047,624300
2020-07-23,181.784249002308,182.5879455669725,178.7080121602013,179.30848693847656,774600
2020-07-24,177.99672591935897,179.2069086122704,175.78885752368947,177.13760375976562,965300
2020-07-27,177.6826187723397,178.79116927843373,176.49093014988517,178.14451599121094,855500
2020-07-28,177.04520501924395,178.48633623699587,175.92742160125152,177.92282104492188,933100
2020-07-29,177.9227896446756,178.63410111386952,175.81653974673463,176.3338623046875,1371300
2020-07-30,175.14215277090523,179.09599113021898,173.44237469224328,178.32000732421875,1640500
2020-07-31,178.3200058065198,182.71726143241074,177.69183247252758,182.48631286621094,1557200
2020-08-03,183.98287502448707,184.46323790838625,182.4031805790992,183.0683135986328,947100
2020-08-04,183.12373553382272,184.75885535055005,181.45167014825736,184.22305297851562,847500
2020-08-05,184.75883281337138,186.97593316873972,183.8627513465481,185.9043426513672,1226200
2020-08-06,185.55333556417207,185.55333556417207,182.35700087891072,184.05679321289062,945000
2020-08-07,183.71495937717546,185.21151565876917,183.1237316165402,184.74961853027344,1312000
2020-08-10,184.34314662438112,189.3778225009415,183.92744202833148,188.9066925048828,923800
2020-08-11,190.36631845471285,192.4448558512259,189.96907953346764,191.4656219482422,1057300
2020-08-12,192.14922706117022,196.58344281254773,190.93905870378651,195.38250732421875,1382400
2020-08-13,197.69202618301566,200.75903073847013,196.08461865258025,197.1100311279297,1192200
2020-08-14,195.7335623389292,196.53725895767698,195.2716651380886,195.92755126953125,851700
2020-08-17,197.67349373239426,198.17235053140072,196.2323769281212,197.6642608642578,905700
2020-08-18,196.9067563933831,198.3109277260819,196.40791365591508,197.0360870361328,964200
2020-08-19,196.8698200649308,198.0153301659095,194.7728028841974,196.30630493164062,1296400
2020-08-20,182.78196173569773,184.75888120070593,179.34544541768588,183.1607208251953,4320600
2020-08-21,186.4032094997097,192.0845387079738,185.27617934553982,191.23464965820312,3228200
2020-08-24,195.63191817937593,199.25319005725603,194.8466874047616,196.37095642089844,1727900
2020-08-25,196.88829995808064,199.13311352672022,194.76357007310747,199.0130157470703,954200
2020-08-26,198.61581764943656,201.24863761481163,198.4125817316048,200.16778564453125,1469600
2020-08-27,200.27858361434537,201.36865399466888,199.40098195127493,199.91830444335938,1018700
2020-08-28,200.16827959048115,206.9639986464242,200.16827959048115,206.39923095703125,1372900
2020-08-31,206.8436922413312,207.60288020803748,203.02918911134392,205.2790069580078,1917700
2020-09-01,202.62182019840316,206.11225663785595,201.79781612585708,204.60313415527344,1710300
2020-09-02,205.35308163804183,206.6029679154692,204.9827339753339,205.501220703125,1539600
2020-09-03,205.73268902969474,206.72333903739104,200.27017738692598,201.89041137695312,1523200
2020-09-04,202.56623486508386,202.56623486508386,196.4186060102829,200.1868133544922,1567300
2020-09-08,197.88147874626537,200.85345688701838,196.83528016749995,200.00167846679688,1531000
2020-09-09,201.0016024363516,203.890243617915,200.6590290766166,202.30703735351562,1387200
2020-09-10,203.26065833337682,204.2050272240739,198.08517154068142,198.68698120117188,957400
2020-09-11,200.15906608331693,200.6127225271621,197.46484521866475,198.77029418945312,851300
2020-09-14,200.4460493275563,203.44580129478177,200.05719494561683,201.28857421875,683100
2020-09-15,202.8162301668131,203.94576568739913,201.45523268098108,201.6126251220703,798500
2020-09-16,202.09404210557994,203.5013346159211,201.0756039479682,201.14967346191406,693000
2020-09-17,199.51097297234833,201.9181690832002,198.501788004781,199.71466064453125,543900
2020-09-18,198.11291804822346,199.93683943426277,195.71497551864667,196.6408233642578,1067000
2020-09-21,193.96512478720254,195.68720235517924,189.0859026567158,192.41896057128906,983000
2020-09-22,193.5299792783819,195.73350173134557,192.32637422103238,194.27066040039062,767400
2020-09-23,195.25205409551447,196.02050951248773,191.96529137605341,192.23379516601562,705800
2020-09-24,191.44681546934075,196.8815377763352,190.1506341426133,194.85394287109375,1015600
2020-09-25,193.68736001117398,199.54797837354525,193.37257514472967,199.24244689941406,1011400
2020-09-28,201.01083213833147,201.7052180426193,199.02951825652292,199.75167846679688,873900
2020-09-29,201.7144737456076,201.7422480519118,196.95561619214777,198.85360717773438,957900
2020-09-30,199.80724344325742,203.65877429837573,199.40913560663918,202.06631469726562,1039800
2020-10-01,203.39949706468087,204.21424761586385,201.21449578158482,203.25135803222656,897000
2020-10-02,201.04788211996458,204.39019387480138,199.78872830887406,202.5384979248047,722900
2020-10-05,205.22342310331678,206.51960434943027,203.8161305165964,205.58450317382812,819700
2020-10-06,205.53822639959742,206.48259517924444,200.76084801705065,201.52005004882812,892400
2020-10-07,203.1495336426189,205.66784092593105,202.82549537136416,205.05677795410156,775500
2020-10-08,205.76044433423448,208.13986611360684,204.8901450396056,207.58436584472656,778200
2020-10-09,207.92694417236262,209.49162954247754,206.01043204381165,207.94546508789062,740200
2020-10-12,209.63971317555158,211.6488153585328,207.94542411255543,210.18597412109375,817800
2020-10-13,207.51028139160732,208.51945214904237,205.54747435958126,206.4825897216797,854200
2020-10-14,209.0749390895776,209.0749390895776,205.04749585322148,206.31590270996094,855300
2020-10-15,205.0382848543759,207.06587991517193,204.01059310672844,205.42713928222656,893800
2020-10-16,206.8899680557721,208.8990562074119,206.08447081471786,207.51028442382812,936300
2020-10-19,207.96394409898792,209.51937586724418,204.95493852061503,205.85301208496094,732200
2020-10-20,207.34362146207786,210.77852317310413,206.195579179084,208.9823760986328,587000
2020-10-21,209.88967686785267,216.48172229011473,208.9360548393078,215.39846801757812,1220800
2020-10-22,214.87077590402765,217.35204142074127,213.74124036960805,215.3707275390625,858200
2020-10-23,216.66694804301605,218.35198401891512,215.22262745586852,217.78721618652344,685700
2020-10-26,215.01891769550133,215.741077914935,210.43595936721835,214.9541015625,1183200
2020-10-27,216.2040208983533,216.2040208983533,213.27833793628707,213.91717529296875,983100
2020-10-28,209.99155771158152,210.7229854561224,204.05686934496507,204.1957550048828,1069400
2020-10-29,204.19579166567775,208.60282332833225,202.87182159881152,206.59373474121094,1039900
2020-10-30,205.07527582313477,208.22315250990005,200.21457515464058,203.37171936035156,1411700
2020-11-02,216.2225228343004,220.18516503557564,204.07540231804563,207.25106811523438,2442300
2020-11-03,209.2971839941335,210.67670251675133,205.03829192743547,208.12135314941406,1654800
2020-11-04,210.01009899509904,213.78756044871295,208.75094517722775,210.86187744140625,976500
2020-11-05,213.8708715154691,220.0092478030835,212.70430821121928,219.2963409423828,1397400
2020-11-06,220.4536529196964,222.07388681000154,217.87979678413998,220.94435119628906,945500
2020-11-09,230.50835331239796,237.0818790681317,227.75858391301875,227.95301818847656,1912900
2020-11-10,228.42519518854203,231.67491623413122,227.943750324534,229.00848388671875,1478600
2020-11-11,230.89721391442444,232.4618991711881,229.1010666759459,229.82322692871094,1251900
2020-11-12,229.49920654401024,232.1841600905469,228.62890716446103,230.9898223876953,888300
2020-11-13,231.46195599480325,236.64670946001348,231.100875908544,236.1930389404297,919500
2020-11-16,239.56313372792528,240.50748837327134,234.11914379145352,239.18353271484375,1291800
2020-11-17,236.2948947159478,240.2297481668509,235.29497732020494,237.89662170410156,990500
2020-11-18,238.3317494164109,238.6372667536403,231.67488744983515,231.7582244873047,1160500
2020-11-19,227.71227531516686,228.5640536397684,221.21281946869792,223.98110961914062,2594500
2020-11-20,224.3977520509529,226.24944785960656,222.24979225911994,222.7219696044922,1327100
2020-11-23,223.58298035558224,223.99960902157375,219.99993992249748,221.9257049560547,1677100
2020-11-24,223.1571052848006,228.4159283984913,222.80527858243155,227.58265686035156,1424700
2020-11-25,228.87888383861886,230.37875303556058,228.1011608037982,228.5455780029297,1074400
2020-11-27,228.5826537318155,229.22286557118602,224.55583169234635,228.19296264648438,631300
2020-11-30,226.23521965851742,228.23006991395332,222.91355089526272,227.61770629882812,3488100
2020-12-01,232.18267343100214,232.74865636497324,227.83110181439514,229.33419799804688,1523300
2020-12-02,227.4135803745483,229.5012202892802,226.58780337458515,227.61770629882812,932300
2020-12-03,226.74559627413856,230.21570961732908,226.50434875729687,227.74766540527344,1019200
2020-12-04,228.1836911630242,228.8146297437241,224.12903477339535,226.50430297851562,1140000
2020-12-07,225.36307398910745,228.34144684258285,224.54657019720824,228.02597045898438,1022900
2020-12-08,227.1166623668027,231.05998216365103,226.59707425880518,230.54966735839844,1018600
2020-12-09,230.18783755984464,231.32909102954162,227.62700408576805,228.85174560546875,1228400
2020-12-10,229.10224398534302,230.623900971773,227.6362551319497,228.74038696289062,1042600
2020-12-11,228.02595115958079,230.05792300571287,226.3836845685742,228.0166778564453,778900
2020-12-14,230.47545458411435,231.73731757367656,229.05586049057126,229.59400939941406,1278500
2020-12-15,232.01566877842174,233.9270169184898,229.64040063706665,232.3311309814453,1260200
2020-12-16,233.3888644078293,240.4683022061423,232.38680967933902,240.01364135742188,1659000
2020-12-17,239.95796911866609,246.38789333134807,239.95796911866609,244.79200744628906,2341300
2020-12-18,246.0539119639875,247.77042176728543,240.58892032617698,242.45388793945312,2868000
2020-12-21,238.19511504686176,238.95595073556072,232.6930158123364,236.15386962890625,1931100
2020-12-22,236.55280999883146,240.27344337802893,236.18167965433898,238.88168334960938,940700
2020-12-23,239.92087726206498,242.91781093693535,238.39923424325508,240.89512634277344,600500
2020-12-24,242.46319989670883,242.75082808402766,241.17348846965646,242.11990356445312,285500
2020-12-28,245.29303072322136,245.73840407039216,243.50230650542142,244.78273010253906,622500
2020-12-29,247.6868711335852,247.9188311071827,243.715717518213,243.78993225097656,732300
2020-12-30,244.40235889138788,245.2095752305872,242.95493063169963,243.6693572998047,555100
2020-12-31,243.94775379575012,247.41786702524223,243.10341582990523,246.98178100585938,700600
2021-01-04,242.21266072715633,245.55289094259712,235.2167521996773,236.5899658203125,1909900
2021-01-05,236.58991366548102,240.27342523749672,236.5620795996313,240.15280151367188,1387800
2021-01-06,238.00949041274575,242.45385163868042,237.80536449401689,239.6981658935547,1295000
2021-01-07,242.259012094736,242.67652307520078,238.3528139063294,239.63320922851562,891000
2021-01-08,241.2662264024702,242.23118790013416,238.87241173730962,241.9157257080078,939900
2021-01-11,240.03225284010836,240.96009296965585,237.55490723542576,239.48480224609375,904000
2021-01-12,239.16004388832684,240.7744764032727,236.83115646217863,236.9796142578125,1254000
2021-01-13,235.47649402059884,239.99508419166983,234.33525484945991,238.139404296875,1178100
2021-01-14,239.73532015798446,239.75386676570065,231.7373291826876,231.97857666015625,1072500
2021-01-15,231.49609780961381,233.01775496037038,230.22496144229066,231.15280151367188,2122400
2021-01-19,231.03214608687364,232.06204899115983,228.13728999167526,230.51255798339844,1714800
2021-01-20,233.62081580453142,237.23940012001185,228.2486286998916,236.80331420898438,1294800
2021-01-21,236.51570846394054,240.20852202402912,235.38374248027537,236.8497314453125,835800
2021-01-22,237.18378284798874,237.74049260289001,231.7002441457649,231.80230712890625,1161500
2021-01-25,232.18270260676087,234.00126120305464,229.5569135279067,231.97857666015625,1072000
2021-01-26,231.70022230077709,232.15486902967234,227.1352508772164,227.6084442138672,989000
2021-01-27,225.02900297667796,225.93828208688896,215.23101619563255,218.83103942871094,2597300
2021-01-28,220.6589361190828,229.3806272671971,219.22078115377775,227.39505004882812,1503200
2021-01-29,226.0032724019082,226.03110646972243,218.79395152600574,219.57333374023438,1160500
2021-02-01,221.59605127708684,225.73421016666381,220.5754215109313,224.39813232421875,1470900
2021-02-02,225.30742100044733,231.3012603261218,225.30742100044733,229.04661560058594,1277900
2021-02-03,228.97237359948545,231.4775389816414,228.49918025589784,230.67959594726562,1054300
2021-02-04,231.96003228435316,235.6342854251327,227.0424767683815,234.78994750976562,2119700
2021-02-05,255.7962225382539,256.9560225866462,248.2435910317164,253.12403869628906,3129800
2021-02-08,260.02718309621673,264.1189612575095,257.84675323946,260.2962646484375,2477700
2021-02-09,258.96940730110106,261.24262661404026,254.6085763157438,259.1921081542969,1364800
2021-02-10,261.8921227069414,267.6725476801372,260.7230352672257,263.877685546875,1624800
2021-02-11,263.4323993512311,269.2963278355865,262.17980943094193,268.8509826660156,1490800
2021-02-12,268.02523983726206,270.00154433139534,264.1097523916599,269.3056640625,1680800
2021-02-16,270.8922098475334,276.0788330333469,269.90870152624126,274.3994445800781,1862300
2021-02-17,274.64066512914303,274.72416733893175,268.16433114301503,268.6932067871094,1470100
2021-02-18,266.92099207742746,268.55399946294983,266.06739517348865,267.1807861328125,910100
2021-02-19,267.20862994028295,269.0735973830824,264.1467692962334,264.5828552246094,898600
2021-02-22,263.488033193406,268.9251624105737,263.15399604428126,264.8519592285156,1014300
2021-02-23,263.9519597043701,273.6942806754878,262.7086573782889,270.8365173339844,1629400
2021-02-24,267.74680652463877,276.78395943258136,267.74680652463877,273.1004333496094,1511600
2021-02-25,271.43654591692683,273.4442986573854,267.7277958032135,269.2057189941406,1008900
2021-02-26,269.4567525275996,270.24681651580636,264.11204850627377,265.7107849121094,1334600
2021-03-01,270.2839592380665,274.95941143814326,269.0012259515259,273.23052978515625,1046500
2021-03-02,273.4629460025825,276.71624400154894,268.9640746643424,269.13140869140625,1305600
2021-03-03,269.1592929681657,273.23984342199975,268.48073774501,269.13140869140625,1928900
2021-03-04,269.17786727613776,271.12985170709044,263.7216264302963,265.0880126953125,1655300
2021-03-05,267.5698488158527,273.0353949062867,265.32044113726676,272.2453308105469,1269000
2021-03-08,263.0523560546015,266.3056537443227,258.66505060694584,260.3288879394531,2632500
2021-03-09,264.66040848041007,265.4504723201625,259.66889679141013,260.2823791503906,2465200
2021-03-10,261.9090807461665,266.389343856851,261.472208146303,265.143798828125,1663900
2021-03-11,269.04773686421015,272.89590861783495,267.08644831558917,271.0833740234375,1554100
2021-03-12,271.9292491827311,273.33282408944274,268.4993410123567,268.8246765136719,1082500
2021-03-15,268.94552659220125,270.4885229449406,266.7518875821812,269.1407165527344,1417400
2021-03-16,269.93077688833074,273.2491476554696,268.13682222816595,268.55511474609375,830200
2021-03-17,268.75032260835684,272.62637916924564,267.7185475663551,270.246826171875,1028900
2021-03-18,268.871153258409,269.8099428457061,264.4652388457009,266.7611389160156,1381200
2021-03-19,266.8447876741813,268.7781921072984,264.03766643680876,265.11590576171875,4516800
2021-03-22,266.66824552969075,268.46220047568784,264.8184936547734,266.0082702636719,1563700
2021-03-23,263.88890384296934,265.961729370942,260.3009949836083,261.4535827636719,1638800
2021-03-24,269.2894038760053,271.241388303299,264.6976039663409,264.892822265625,1509000
2021-03-25,263.3126806486726,266.4916304770818,261.24915877990105,265.98968505859375,1275500
2021-03-26,267.13301474847293,272.13377572902624,264.4002415987117,271.7062072753906,1477500
2021-03-29,271.43654084058613,275.11743497917263,269.7262392862189,270.05157470703125,1327800
2021-03-30,269.2614714782656,275.30330939893827,269.2614714782656,274.32733154296875,1022300
2021-03-31,275.39640580540475,276.9858667971245,270.33984739407606,270.3491516113281,1209800
2021-04-01,270.2933311069096,273.28636673584083,268.648073494312,271.7247619628906,965400
2021-04-05,272.97953534049884,275.95399007744,271.6224534862769,274.45745849609375,1035600
2021-04-06,274.7642874446871,278.61245986099465,274.1972692709606,274.2065734863281,1179800
2021-04-07,274.75489982242664,275.08023522991704,273.24909244853,274.32733154296875,905600
2021-04-08,274.20659352654866,277.80380768942445,274.20659352654866,277.53424072265625,846400
2021-04-09,276.6325305573943,280.8804145431116,275.82385825913167,280.82464599609375,690200
2021-04-12,281.5497167528104,282.5628833635023,280.41570881273617,281.84716796875,780700
2021-04-13,280.29492412029884,282.9626530212605,278.56604176551326,281.6427307128906,863600
2021-04-14,283.3901755910675,284.57064792057145,281.98660065741717,282.9347229003906,776800
2021-04-15,284.5706218658293,288.19571972805807,283.1020026583394,283.6225280761719,936500
2021-04-16,287.9354394276057,291.6070297717747,284.868055662317,290.27783203125,1769900
2021-04-19,288.9299893096245,289.8501986494923,285.60234327230785,287.3869934082031,1006000
2021-04-20,286.4017546144135,287.6287194974174,284.01289761489227,287.6194152832031,904500
2021-04-21,288.149283717852,289.4599016058403,286.4017932005343,288.0284423828125,800100
2021-04-22,289.4133333055521,292.67593503344455,288.4931239429171,290.0918884277344,778200
2021-04-23,290.40799611182047,293.99593420930086,290.13845752778076,291.6721496582031,717500
2021-04-26,291.3189546810397,295.0834746278587,290.89138622984234,293.9587707519531,833900
2021-04-27,293.95876260264737,294.60943366094193,290.58462270195764,293.2616271972656,1043300
2021-04-28,293.7263841341868,294.6652022240515,292.33211332342324,293.2616271972656,855500
2021-04-29,293.1964362519716,295.90132393869084,292.7781721972217,294.42340087890625,1162200
2021-04-30,294.37703978824914,295.2600609022851,291.2352785204228,291.6814270019531,1637400
2021-05-03,281.0756032960716,282.92532609968515,266.37996863761816,268.5643310546875,5039900
2021-05-04,272.8030540842355,281.3081298556722,269.2430279546176,280.8154602050781,3272600
2021-05-05,274.91302299654006,276.214336702082,271.4831146501227,273.4722595214844,2690200
2021-05-06,274.2251286545038,278.66820312075737,272.9795836682704,278.24993896484375,1121000
2021-05-07,278.7611232728453,284.27313211893784,277.5527669381198,281.96795654296875,1221300
2021-05-10,283.50173927379643,284.38478882469707,277.15317182312765,277.357666015625,901500
2021-05-11,274.38321861049525,276.14928939997316,270.7767000320693,274.0299987792969,1678600
2021-05-12,272.39398671063276,272.9145121291199,267.5419239146219,269.6240539550781,1480200
2021-05-13,272.5056188107857,273.5094814014429,268.601648851143,270.50714111328125,913200
2021-05-14,272.691472577756,276.90216916725706,271.9664529122296,275.582275390625,835300
2021-05-17,274.90361537195355,276.1212757776538,272.57983164099875,275.73089599609375,1010200
2021-05-18,275.8425775610147,278.14775407499735,273.9742453854271,275.3220520019531,1182700
2021-05-19,274.3367560078022,277.41344485902425,273.4165179242108,277.39483642578125,989700
2021-05-20,277.78513957650983,280.35057777289194,276.2049551409493,276.9671630859375,1156600
2021-05-21,277.6271762699454,279.7464666091621,275.6938000381991,275.8332214355469,986900
2021-05-24,276.66051193653027,282.7209319391083,276.5675548795697,281.1407470703125,941600
2021-05-25,282.572190535921,285.6767631726964,282.13531792247153,283.6783142089844,1222100
2021-05-26,285.0539523700939,285.97416177029623,283.84556765248533,284.2824401855469,1019400
2021-05-27,284.8691461302442,285.3347098745355,282.2992251687141,282.64373779296875,1860300
2021-05-28,283.8076089684109,286.135427376668,283.6493332294705,285.4091491699219,896500
2021-06-01,286.7871771168736,288.17454754949733,280.7813953206922,283.13714599609375,1342900
2021-06-02,283.6586698832586,285.5116043495824,281.9733031164181,282.74615478515625,810600
2021-06-03,281.31220103764815,282.6157736936272,278.42570046071063,282.0198669433594,1100300
2021-06-04,283.7144553201409,284.0961924475997,280.56724099165905,282.4574279785156,903400
2021-06-07,282.2991789845895,282.9509794862652,280.7628245629267,282.0943298339844,814000
2021-06-08,282.81134527458784,283.40725205513604,279.26375203037827,279.3568420410156,815000
2021-06-09,278.2115782919807,279.77586558566975,277.1035343550123,277.3269958496094,896300
2021-06-10,278.72365653253485,279.0588771535151,276.8520814727533,277.7366638183594,843300
2021-06-11,279.32895176624737,280.66048579273416,278.2488403707676,279.5431213378906,901600
2021-06-14,279.55233398391294,283.16508370881775,279.35677680942837,282.3363952636719,1126100
2021-06-15,282.4108941554861,285.15773101235396,281.6194586958883,281.95465087890625,948300
2021-06-16,282.7740324654532,283.1930510877915,277.0382852840072,278.40704345703125,1151300
2021-06-17,277.65286685733014,280.9676779511155,275.03640127626505,279.2450866699219,1671600
2021-06-18,279.1799508012993,280.0831456290382,274.2170536407177,275.50201416015625,1900700
2021-06-21,277.0755969226032,281.01424777619167,276.2282675490955,280.71630859375,980200
2021-06-22,280.52071727398766,280.93973593400005,279.2543977592181,279.8130798339844,711300
2021-06-23,279.338142591913,282.46671614938475,278.760848310409,281.5542297363281,875300
2021-06-24,282.69027068485764,287.6438750336535,281.4891084403964,287.43902587890625,1797100
2021-06-25,288.64947817309877,295.1580492491872,288.03493071290455,294.189697265625,2123100
2021-06-28,295.48391492517425,295.9029335494643,292.00150814069076,292.87677001953125,1406500
2021-06-29,292.67197423899205,296.4150961963443,292.6626538718539,295.64227294921875,926800
2021-06-30,293.56579818207814,296.83406392193535,293.3702694160286,296.1729431152344,1076000
2021-07-01,297.9607870086044,298.20288924109053,294.10590568711825,295.24188232421875,1194400
2021-07-02,295.6981021042779,296.964421586823,294.534192984696,295.68878173828125,620100
2021-07-06,295.56770390947725,298.36108554381485,295.0183422646139,297.06683349609375,1058300
2021-07-07,298.1563043190758,299.7299119380329,296.9365296675652,297.1693115234375,735300
2021-07-08,293.03513392691684,293.1841177400403,286.65690473036966,291.9736633300781,1512500
2021-07-09,293.17480553799874,296.1823577417029,292.4392352358939,295.9775085449219,628100
2021-07-12,295.38155083976926,300.02786740207114,294.99046483478514,298.40771484375,834700
2021-07-13,297.96077896871276,300.56792441838735,297.8676605421342,298.5473937988281,858100
2021-07-14,302.6070928490901,304.26449852946047,301.1359240200776,304.0689697265625,1473000
2021-07-15,303.73382964315607,305.02808221032393,301.7877479843189,304.44146728515625,853400
2021-07-16,305.7636399878045,306.0150341724367,301.30353149614814,302.14154052734375,687300
2021-07-19,297.93275813845986,299.5249776236022,292.10389303132155,294.3385925292969,1352400
2021-07-20,294.73903338851017,302.63497443558987,294.33862706727444,301.1731262207031,787800
2021-07-21,302.6536433559714,303.20300508540475,300.3537576530205,300.82861328125,675600
2021-07-22,300.4748650229318,304.3203978490843,298.6498346064531,304.0876159667969,761100
2021-07-23,304.32965811808765,310.6985657498428,304.32965811808765,310.5775146484375,771800
2021-07-26,309.8140110802294,310.72649769033023,307.6072154079873,310.3633728027344,747600
2021-07-27,309.73950007514793,309.90709617446134,305.3445779489518,307.0671691894531,989500
2021-07-28,308.65938667790425,308.9759665572902,306.97404849942995,308.08209228515625,652800
2021-07-29,309.80466990623063,313.3801952534796,309.20873480714766,310.61474609375,843700
2021-07-30,310.3726321781234,312.6818379761756,309.2832292139233,310.83819580078125,718900
2021-08-02,309.3856406379631,310.8289049226271,304.6369144030809,305.10247802734375,1059700
2021-08-03,305.58667237735466,305.689082741303,302.0763326685975,304.9814453125,687400
2021-08-04,304.0596091601951,305.3166367012866,302.2532199207082,303.3426513671875,806700
2021-08-05,305.0186495609239,307.28131035591326,303.89199355403514,306.0522155761719,769100
2021-08-06,307.26269777996254,307.6537837605337,305.2421673916394,306.1825866699219,550200
2021-08-09,306.191966624235,306.191966624235,302.91440802249963,303.9851989746094,726100
2021-08-10,304.4786045909157,305.1862703796404,301.86213934460227,305.1490173339844,531800
2021-08-11,305.4097807725748,307.06718637306415,303.8641059112135,305.02801513671875,555500
2021-08-12,304.67418166404525,305.58669672495006,302.26256516281734,304.2738037109375,668100
2021-08-13,303.66857017645833,305.5680779454745,303.5661313907641,304.106201171875,649000
2021-08-16,303.9665505336733,305.8101645961788,300.55862084609083,305.39117431640625,1059100
2021-08-17,303.54744892066066,304.17131661002065,298.6776437282468,300.3816223144531,1078700
2021-08-18,297.53249561256365,300.5493396834632,296.0426858978362,297.1041564941406,1696700
2021-08-19,297.1041179572008,308.0262525766718,295.2139304739423,304.8511047363281,2329300
2021-08-20,304.7114700317154,307.91455085931995,304.3390247201754,307.4396667480469,958500
2021-08-23,309.3576716981299,316.57390702840786,308.9014284928669,313.1287536621094,1092300
2021-08-24,313.2777811008718,315.61489122394556,311.25722242369926,314.34857177734375,654400
2021-08-25,316.34121417290766,316.816098240534,311.4900483693386,312.22564697265625,781800
2021-08-26,314.10649688976235,315.81976780414846,312.34668097416943,313.3150329589844,607000
2021-08-27,314.4230485017239,318.24999634286064,313.41744355693015,317.3468017578125,869400
2021-08-30,319.1746661951197,321.6459910083542,319.1746661951197,320.3217468261719,863600
2021-08-31,320.86269559943565,321.53415271200026,317.18833701957004,317.53338623046875,1268000
2021-09-01,318.661780776019,323.9028623915222,318.2327745841377,321.0957946777344,684500
2021-09-02,322.26153740359024,324.3691720452242,319.5197567766899,320.8626708984375,694000
2021-09-03,320.0420055960717,321.4315657103333,317.53336932711727,318.78302001953125,739100
2021-09-07,318.2607310493794,319.2679307435363,312.7212181115414,314.8102111816406,971500
2021-09-08,314.2600388347637,314.8941848307618,310.8468010892271,314.05487060546875,899900
2021-09-09,314.5678300744547,315.8734333631864,313.970995053899,314.7356872558594,894000
2021-09-10,318.26075181118534,318.57782478447217,312.8238368486334,313.07562255859375,612900
2021-09-13,315.8360776796766,316.04124589616066,307.03254259783057,310.4830627441406,825600
2021-09-14,311.3690357233747,311.4902753735744,307.77860601674547,308.5153503417969,842900
2021-09-15,308.68322314266044,309.27075165571836,301.25991251262553,304.25347900390625,1685900
2021-09-16,303.56335032532246,304.0389455589221,298.5181019837287,301.34381103515625,1019900
2021-09-17,299.09631961262085,301.7728130448663,297.07261349115987,298.3129577636719,1663100
2021-09-20,290.46069471168175,292.456425009414,287.2992705393157,289.65869140625,1881000
2021-09-21,291.8967824512263,293.9297947446058,290.2647716867226,290.572509765625,953200
2021-09-22,293.17440687462624,298.8538008752024,291.53306124003944,297.0819091796875,1431400
2021-09-23,299.357421597122,302.5841322536337,299.11494230420124,299.6558532714844,1251600
2021-09-24,298.38752502972704,299.8703200189128,296.522369804083,299.031005859375,890800
2021-09-27,297.4736380357153,300.56977429770797,296.57834297344095,297.19384765625,755500
2021-09-28,295.5805402991494,296.52242450905953,287.2339577405399,288.6701354980469,1168100
2021-09-29,289.322916488767,289.96639742293416,284.89317210834906,285.7418212890625,990900
2021-09-30,287.1686290145912,287.58830034121337,279.5494855495619,279.7080078125,1685900
2021-10-01,283.01864356728635,291.21597969561924,281.33068048784526,289.7331848144531,1356200
2021-10-04,288.1198864792104,290.18087518935306,281.91822212070656,285.5552978515625,1325800
2021-10-05,289.02442250840767,294.91829049906505,286.81418999440456,292.0646057128906,1616700
2021-10-06,286.34800378592166,292.8107896074492,286.13352910507353,292.4097595214844,1063100
2021-10-07,295.0208891370371,297.83726285857267,293.0065183811022,293.5660705566406,800100
2021-10-08,294.34947282265244,294.778450550405,290.4606117032138,290.6937561035156,588500
2021-10-11,290.90825090389853,293.4914805399939,288.5488307785092,289.0617370605469,775100
2021-10-12,289.6772664236055,292.53095176894817,287.0660603755832,288.2410888671875,845200
2021-10-13,289.4627669128091,294.8530641532115,288.8006163439297,293.7712707519531,1008700
2021-10-14,296.28921669047713,300.24336500540414,296.1493357446681,297.995849609375,946300
2021-10-15,300.2433925169848,300.79360992759,297.28710877795726,299.1895751953125,835000
2021-10-18,295.0208938277602,297.3243613600132,293.4914530876379,296.8953552246094,851200
2021-10-19,296.28921229694845,297.56683901640764,289.5746708575989,291.3652038574219,1228400
2021-10-20,293.6594270001133,293.743355584024,283.49430656180874,283.7367858886719,2832500
2021-10-21,285.3593915566223,297.71604392694707,284.65065198101655,296.34515380859375,1956600
2021-10-22,296.9140065140877,306.6873997594056,296.8487192636312,305.5496826171875,1447500
2021-10-25,305.43782436920367,308.66456355779604,301.44639313049316,307.80657958984375,1412700
2021-10-26,308.6831798681508,311.1638396532893,307.2190262329359,308.72979736328125,1201000
2021-10-27,309.8302669236042,310.790820715157,303.2462713310173,303.4327697753906,773000
2021-10-28,303.8803934227538,305.2326137633814,301.9033336154859,303.5539855957031,942200
2021-10-29,301.9126427756935,304.97149595920547,300.89613667538083,302.4628601074219,1135600
2021-11-01,304.4865855461276,306.0626439625087,298.7605454373805,303.22760009765625,1256600
2021-11-02,294.85304975146994,318.6430831541871,292.2791266652302,315.7893981933594,2683500
2021-11-03,312.41351380526345,318.2421241374512,308.73915557505137,317.4307861328125,1500800
2021-11-04,318.94156146523176,318.94156146523176,314.2693382558619,316.84326171875,842400
2021-11-05,317.6918699663287,326.7471899615124,317.1976050057679,325.93585205078125,1317800
2021-11-08,327.4093430054876,329.6195759030129,321.8605231628688,325.83331298828125,795700
2021-11-09,325.4974909642413,326.0943541650417,322.2707811074253,323.6696472167969,673500
2021-11-10,322.1589593547636,327.3161126013054,320.3590628674809,321.84185791015625,1031300
2021-11-11,322.44807249260566,324.154677149733,317.5053936398089,321.1890869140625,863400
2021-11-12,322.90491869299353,323.46447081449827,320.3683070741748,323.3432312011719,1065100
2021-11-15,323.7070607935946,327.03637031133724,323.24077190181043,324.60235595703125,1045200
2021-11-16,324.4903876800558,328.0994584426368,323.78161959603125,326.7005920410156,797800
2021-11-17,329.06005644127447,332.47329433498635,325.28309957347216,330.5614929199219,1201800
2021-11-18,324.5090290973177,325.0032940876589,318.97885075142216,323.79095458984375,1845500
2021-11-19,326.7285536598649,330.99974635993243,322.90497997394783,329.05999755859375,1556800
2021-11-22,330.12308599797797,333.6948736078115,326.6445902861623,326.8404235839844,1034300
2021-11-23,325.59081629533006,327.4373016963356,322.7557724725623,326.1783447265625,1106700
2021-11-24,324.91935460138944,326.9430319908245,323.3712724198812,325.6654052734375,1016500
2021-11-26,318.4566568863759,322.522682171785,311.54625241808736,311.807373046875,1381400
2021-11-29,314.74092741695637,319.88864893784563,312.4893712570561,317.6931457519531,1775700
2021-11-30,316.0862047587617,316.22636569496075,309.37826657664425,310.23779296875,3478700
2021-12-01,312.9751689732846,314.9277569046424,303.72605774168255,303.94091796875,1308100
2021-12-02,306.11773895822824,314.38589444835776,305.0433523151438,312.6668701171875,1047100
2021-12-03,316.9924181698226,324.51318110049687,308.48137664321484,313.2554016113281,1463700
2021-12-06,315.38543210930527,321.1124133158292,315.1518686246096,319.09442138671875,1354900
2021-12-07,324.4197507852037,334.22006761047413,324.4197507852037,330.3896484375,1344200
2021-12-08,330.35225209678583,333.5287103021913,328.1380744641302,332.7345886230469,944200
2021-12-09,332.01519742398085,337.2843752588252,331.81901206336073,332.4449462890625,994000
2021-12-10,335.5653743859394,338.8539670022768,331.94981564978497,337.6300964355469,841800
2021-12-13,336.50900698302655,338.6391053198579,334.4069351304493,336.6491394042969,1116500
2021-12-14,334.4629397401883,334.4629397401883,329.6702120474872,333.3044738769531,1139900
2021-12-15,332.82800870041854,341.3110230158535,331.7068924245381,341.1148376464844,1040200
2021-12-16,342.6096606154954,344.96397065545773,336.53700903775814,338.83526611328125,1389000
2021-12-17,336.480958121578,337.94774389273385,320.8695801844459,323.21453857421875,2557000
2021-12-20,319.7017989799108,323.39208596707743,317.77723760678555,322.82220458984375,1125100
2021-12-21,326.03600826971683,330.6418741709407,324.46643970269395,329.5581359863281,992000
2021-12-22,330.08130292558883,338.11589362336747,330.0252499623276,337.9197082519531,1058500
2021-12-23,338.1065772194612,343.7588320345833,338.1065772194612,341.92767333984375,898100
2021-12-27,341.93706421831837,345.477895899228,341.93706421831837,344.9920654296875,553000
2021-12-28,345.6179084463903,346.4493796358484,343.4224059622761,343.61859130859375,539300
2021-12-29,343.6187415358176,347.2903828319801,343.24504549477984,345.74884033203125,573400
2021-12-30,345.6740231803663,347.878849210424,342.9646919441602,343.18890380859375,505200
2021-12-31,343.48785702501146,346.9259051822255,343.2916716521672,345.8608703613281,613000
2022-01-03,344.39,349.72,342.91,346.07,102673600
2022-01-04,347.77,349.52,344.06,347.54,101271300
2022-01-05,342.99,344.55,332.81,332.82,207502900
2022-01-06,333.65,334.18,329.91,332.14,109624500
2022-01-07,331.78,334.08,327.17,331.71,93646200
2022-01-10,326.64,326.73,311.55,313.92,186336300
2022-01-11,314.02,318.65,309.88,318.29,102968000
2022-01-12,321.47,326.59,319.96,322.95,158980500
2022-01-13,322.95,324.11,310.27,312.51,125580900
2022-01-14,308.78,309.5,297.8,300.98,254801800
2022-01-18,294.12,296.4,289.18,290.61,244614100
2022-01-19,294.29,298.2,288.8,289.27,203590100
2022-01-20,291.0,295.12,280.43,281.37,203588500
2022-01-21,280.38,282.78,277.35,277.59,223975500
2022-01-24,274.77,283.86,264.99,282.05,264250900
2022-01-25,278.37,280.66,273.78,274.96,181187500
2022-01-26,278.91,284.53,270.23,273.43,183470400
2022-01-27,278.64,284.95,274.99,278.69,222089500
2022-01-28,275.61,284.25,272.91,283.92,193823500
2022-01-31,282.79,291.42,282.79,291.39,151472100
2022-02-01,291.63,295.55,288.59,294.41,172675100
2022-02-02,296.52,298.63,291.78,298.29,224668100
2022-02-03,284.88,297.17,280.33,283.29,239450600
2022-02-04,289.61,296.23,285.07,292.85,257930400
2022-02-07,294.89,297.69,291.05,293.86,134134300
2022-02-08,290.79,294.86,289.82,294.47,124742400
2022-02-09,298.77,303.46,296.3,299.11,132095400
2022-02-10,293.06,298.43,290.49,294.96,141817800
2022-02-11,292.82,294.86,280.47,281.1,198201000
2022-02-14,281.1,285.18,280.05,283.98,135238800
2022-02-15,289.47,291.21,286.1,287.41,132785400
2022-02-16,285.98,289.83,283.12,288.46,98394600
2022-02-17,287.01,289.71,283.54,284.39,103622400
2022-02-18,285.16,287.03,281.17,283.17,102484700
2022-02-22,280.38,282.02,274.35,276.34,193084600
2022-02-23,280.42,280.49,271.57,271.9,139972400
2022-02-24,263.54,274.46,261.1,273.96,199808600
2022-02-25,276.03,281.63,274.43,281.25,92668800
2022-02-28,276.74,279.24,273.93,277.5,151757500
2022-03-01,276.25,276.25,264.43,267.44,202034600
2022-03-02,271.08,275.37,269.47,273.21,106223000
2022-03-03,275.69,277.17,267.85,273.63,155971600
2022-03-04,268.56,271.29,265.81,267.54,161244700
2022-03-07,266.97,267.37,246.11,247.1,245566500
2022-03-08,245.87,261.34,245.57,252.69,2624710
2022-03-09,265.0,265.9,258.56,260.04,1435909
2022-03-10,257.37,258.59,252.8,255.99,1513359
2022-03-11,260.45,261.27,247.29,247.44,1857949
2022-03-14,249.16,249.34,232.64,234.47,2877609
2022-03-15,238.86,243.47,236.71,242.45,2173997
2022-03-16,247.57,255.07,246.29,253.67,2006364
2022-03-17,252.4,256.99,251.4,255.08,1687480
2022-03-18,256.28,261.45,254.02,259.28,2017353
2022-03-21,258.14,261.05,253.28,256.56,1261403
2022-03-22,260.97,264.88,259.28,263.99,1642851
2022-03-23,261.56,263.14,255.89,256.06,1029569
2022-03-24,258.34,259.21,255.72,259.1,836082
2022-03-25,261.19,262.7,255.24,257.42,981969
2022-03-28,259.09,260.12,254.6,259.98,1071137
2022-03-29,270.01,271.19,263.78,266.83,1210898
2022-03-30,265.14,265.49,259.61,261.42,1194506
2022-03-31,260.88,261.67,255.02,255.02,1437239
2022-04-01,257.72,259.33,254.83,256.97,1190203
2022-04-04,256.89,261.83,254.93,260.92,1293943
2022-04-05,256.68,259.19,254.3,255.34,1016176
2022-04-06,251.54,251.54,244.45,247.91,2039992
2022-04-07,250.85,254.13,246.23,250.05,1789260
2022-04-08,250.63,253.27,249.33,249.7,1078913
2022-04-11,247.23,249.12,244.0,245.62,1314537
2022-04-12,248.34,252.53,244.61,246.01,1286421
2022-04-13,247.09,250.65,245.76,249.64,967566
2022-04-14,250.03,253.5,246.94,247.1,1552787
2022-04-18,246.39,249.37,245.73,247.34,1091490
2022-04-19,245.71,258.67,245.71,257.12,1780858
2022-04-20,265.14,267.63,260.17,260.58,1571771
2022-04-21,263.04,265.59,253.97,254.67,948579
2022-04-22,256.08,258.43,246.79,247.26,1495506
2022-04-25,246.33,251.7,241.38,251.18,1404746
2022-04-26,249.05,249.17,238.58,238.58,1351994
2022-04-27,239.16,246.38,238.98,243.14,1442482
2022-04-28,245.63,257.25,245.47,255.03,1482535
2022-04-29,251.36,255.15,246.13,247.28,1512049
2022-05-02,244.52,246.67,237.26,244.07,2710792
2022-05-03,213.04,235.99,213.04,229.92,4803674
2022-05-04,231.06,241.78,227.61,240.91,2196560
2022-05-05,234.88,236.46,223.15,226.46,2590408
2022-05-06,224.35,227.31,219.38,225.03,1833024
2022-05-09,220.16,225.03,217.26,218.74,1977299
2022-05-10,222.27,223.34,212.76,215.09,2240434
2022-05-11,217.75,224.06,214.14,214.91,1724449
2022-05-12,212.64,220.26,211.07,216.32,2166125
2022-05-13,219.62,226.16,219.28,225.12,1792895
2022-05-16,223.69,224.7,219.74,220.42,1559892
2022-05-17,225.67,227.55,219.84,227.17,2160046
2022-05-18,222.88,223.27,213.92,214.57,2140664
2022-05-19,213.95,223.91,213.24,220.42,2183393
2022-05-20,222.08,223.7,214.91,222.14,1791777
2022-05-23,224.93,224.93,216.61,221.57,1499830
2022-05-24,220.33,221.22,213.32,217.31,1662434
2022-05-25,215.54,218.08,211.36,217.36,1350617
2022-05-26,220.52,226.16,218.94,225.13,1188282
2022-05-27,231.4,239.0,228.22,236.45,1820451
2022-05-31,238.16,246.8,236.24,239.07,3734647
2022-06-01,241.61,245.33,234.89,235.1,1555865
2022-06-02,237.63,248.4,236.51,248.22,1939045
2022-06-03,243.56,248.75,243.37,248.05,1813734
2022-06-06,251.49,253.26,248.3,249.42,1345915
2022-06-07,244.85,255.05,244.85,254.72,1500247
2022-06-08,251.15,256.03,249.95,251.47,1502379
2022-06-09,250.15,250.18,242.87,242.95,1626032
2022-06-10,238.21,238.77,233.5,234.21,1319949
2022-06-13,226.13,228.76,221.61,223.68,1653549
2022-06-14,223.46,231.66,223.44,226.05,1309865
2022-06-15,226.76,234.06,223.45,228.24,1606576
2022-06-16,222.45,225.29,216.1,218.85,1585110
2022-06-17,218.74,226.02,218.65,223.28,1940881
2022-06-21,227.12,232.78,223.06,231.66,1725333
2022-06-22,229.77,234.66,228.65,232.74,1231630
2022-06-23,234.86,242.98,234.86,242.74,1767915
2022-06-24,245.91,253.76,244.72,253.67,2114429
2022-06-27,252.2,253.37,245.45,246.78,1412494
2022-06-28,245.11,252.16,240.63,241.62,1703334
2022-06-29,240.9,242.32,237.67,241.26,1035023
2022-06-30,237.6,241.17,233.43,239.09,1313108
2022-07-01,238.88,241.41,235.38,240.82,944570
2022-07-05,234.43,243.47,233.97,243.18,1114149
2022-07-06,243.97,245.92,241.26,241.5,1317080
2022-07-07,242.39,244.09,240.44,243.47,1019071
2022-07-08,241.29,241.53,233.55,236.09,1357309
2022-07-11,234.26,235.92,229.82,230.56,1368446
2022-07-12,229.04,232.17,227.67,229.35,1213342
2022-07-13,224.72,233.59,223.93,230.42,1037234
2022-07-14,228.12,229.7,225.94,229.05,906406
2022-07-15,231.67,232.87,229.6,230.51,791731
2022-07-18,233.63,238.77,229.91,230.73,889628
2022-07-19,234.32,239.99,232.24,239.77,1058008
2022-07-20,239.95,242.87,237.89,242.03,1008684
2022-07-21,242.29,246.75,241.03,246.5,1239034
2022-07-22,247.23,249.53,242.16,244.18,800928
2022-07-25,243.94,245.08,238.49,242.86,586406
2022-07-26,239.76,240.27,235.35,236.41,970726
2022-07-27,239.56,248.19,238.32,247.3,1255387
2022-07-28,248.84,255.25,244.86,254.69,1453228
2022-07-29,255.95,257.37,254.44,256.39,1375935
2022-08-01,253.83,257.88,251.83,256.77,1379439
2022-08-02,253.95,256.62,250.82,251.97,1288201
2022-08-03,253.05,253.74,248.71,253.06,1350487
2022-08-04,253.04,257.17,252.12,256.59,844184
2022-08-05,252.31,255.34,250.16,254.17,999179
2022-08-08,252.93,256.65,252.0,253.63,1103291
2022-08-09,252.29,252.7,248.78,249.38,1040913
2022-08-10,253.52,257.36,253.52,255.82,796999
2022-08-11,257.98,259.65,252.89,253.82,1021726
2022-08-12,257.14,258.58,254.21,258.53,1080255
2022-08-15,256.65,260.13,255.75,259.46,1038505
2022-08-16,258.16,261.07,256.38,259.21,1077247
2022-08-17,256.36,261.14,255.17,259.6,1200555
2022-08-18,254.42,267.04,251.77,264.39,2450552
2022-08-19,263.05,263.61,255.06,256.56,1448735
2022-08-22,251.06,254.0,248.54,249.04,1230356
2022-08-23,247.51,251.54,247.43,249.31,923745
2022-08-24,249.72,251.12,247.67,249.19,1174750
2022-08-25,250.62,260.58,250.26,260.35,1166129
2022-08-26,261.17,262.23,245.54,245.85,1144734
2022-08-29,242.87,248.33,242.87,243.94,778585
2022-08-30,245.34,247.08,239.75,241.93,981440
2022-08-31,243.04,244.04,239.33,239.37,1492586
2022-09-01,237.28,237.83,232.5,236.35,1854661
2022-09-02,240.29,240.7,232.28,233.66,1027627
2022-09-06,234.6,236.34,230.44,231.62,1439744
2022-09-07,232.5,235.11,229.53,233.35,1780121
2022-09-08,230.81,234.97,229.03,233.31,1569778
2022-09-09,235.3,239.04,235.22,237.97,1578804
2022-09-12,238.99,244.92,238.67,240.34,1345403
2022-09-13,233.36,235.89,230.46,230.78,1227431
2022-09-14,231.16,233.32,228.35,231.61,1037532
2022-09-15,229.47,234.4,229.01,230.33,1283559
2022-09-16,227.55,228.19,223.6,225.25,1696730
2022-09-19,222.34,227.41,222.07,227.4,1036068
2022-09-20,224.91,227.19,223.44,225.36,1156265
2022-09-21,231.06,232.82,223.82,223.82,1280087
2022-09-22,222.69,223.61,219.25,221.04,1109981
2022-09-23,218.3,219.63,212.25,215.5,1394407
2022-09-26,214.42,220.51,212.22,218.74,1630853
2022-09-27,221.63,222.22,210.52,212.74,2150355
2022-09-28,212.83,215.43,211.02,214.67,1577669
2022-09-29,212.0,213.25,203.73,206.4,1838203
2022-09-30,205.0,208.06,203.12,203.16,1693777
2022-10-03,205.0,208.08,200.5,206.16,2109106
2022-10-04,210.41,214.03,210.34,213.84,1576103
2022-10-05,210.86,213.71,207.96,212.89,1224537
2022-10-06,212.25,217.93,212.24,215.58,1919781
2022-10-07,212.74,213.25,205.88,206.8,1387412
2022-10-10,206.84,207.24,201.55,204.1,930191
2022-10-11,202.93,205.81,198.22,201.41,1550311
2022-10-12,203.32,203.51,199.32,202.4,1802411
2022-10-13,196.73,202.92,194.02,200.67,1863848
2022-10-14,203.07,204.34,196.47,196.96,1400540
2022-10-17,199.28,202.33,198.48,200.41,1280078
2022-10-18,206.15,207.3,200.74,202.53,2087070
2022-10-19,201.79,201.84,194.41,195.05,1890222
2022-10-20,194.12,197.69,188.88,189.09,2872177
2022-10-21,189.23,191.2,185.33,189.89,2584405
2022-10-24,189.89,190.45,182.06,185.17,3040976
2022-10-25,186.91,193.15,185.58,193.01,2065530
2022-10-26,190.52,197.02,189.27,193.84,1491644
2022-10-27,194.13,195.35,191.72,192.36,1237174
2022-10-28,191.56,195.53,190.83,194.25,2050628
2022-10-31,192.31,192.41,186.85,188.66,2636614
2022-11-01,193.76,197.42,191.51,194.56,3042863
2022-11-02,180.26,185.83,176.76,178.75,7665955
2022-11-03,176.89,184.08,175.46,182.34,3467431
2022-11-04,199.23,204.8,192.79,198.1,6164574
2022-11-07,197.06,197.85,190.89,193.85,2725472
2022-11-08,196.28,200.31,193.57,195.62,2117972
2022-11-09,194.78,196.23,191.96,192.72,1855833
2022-11-10,200.12,206.39,198.88,205.97,1764580
2022-11-11,209.17,218.62,208.61,214.75,3516899
2022-11-14,212.45,214.15,207.58,207.64,1829887
2022-11-15,214.94,216.66,211.95,213.58,2011659
2022-11-16,214.9,216.56,209.52,209.75,1507395
2022-11-17,204.44,214.8,203.62,214.69,1940601
2022-11-18,218.8,221.64,216.79,219.68,2460400
2022-11-21,214.96,216.05,205.7,206.0,2672675
2022-11-22,207.39,209.31,202.32,209.17,1753673
2022-11-23,209.84,211.86,208.19,209.56,825153
2022-11-25,207.68,208.64,204.54,207.02,1076021
2022-11-28,203.82,207.21,201.5,204.47,1568909
2022-11-29,205.26,206.21,202.21,202.86,1257100
2022-11-30,204.23,222.64,203.28,222.54,3410229
2022-12-01,220.09,222.01,216.56,218.93,1605819
2022-12-02,215.5,226.27,215.2,225.58,2002576
2022-12-05,222.26,223.16,217.51,218.46,1325321
2022-12-06,222.34,224.44,219.65,223.73,1902218
2022-12-07,221.8,222.63,218.04,219.46,1575282
2022-12-08,225.47,229.46,223.11,228.99,2017537
2022-12-09,227.35,229.86,224.93,226.9,2468100
2022-12-12,226.35,231.0,224.65,230.7,1665206
2022-12-13,238.25,240.5,229.43,234.21,2803970
2022-12-14,234.51,238.38,232.4,235.22,1737263
2022-12-15,227.13,229.49,223.62,227.08,2070572
2022-12-16,224.52,227.95,223.72,227.4,2745881
2022-12-19,226.95,228.08,221.49,222.96,1230152
2022-12-20,221.18,225.02,219.16,224.29,1374901
2022-12-21,227.59,234.22,226.52,230.17,2013025
2022-12-22,226.72,228.91,224.97,228.61,1053029
2022-12-23,228.5,229.19,225.33,227.48,551007
2022-12-27,228.19,235.78,228.19,234.34,1826366
2022-12-28,233.92,235.62,232.28,232.35,1394400
2022-12-29,234.81,237.06,234.0,235.88,775919
2022-12-30,234.38,234.86,231.34,234.17,866147
2023-01-03,241.78,241.78,236.5,239.64,1689244
2023-01-04,244.27,248.17,242.43,247.19,1553149
2023-01-05,245.56,247.36,242.54,246.49,1421592
2023-01-06,247.47,252.34,246.09,248.99,1708500
2023-01-09,246.89,252.15,241.8,246.93,2025536
2023-01-10,246.66,249.99,245.52,247.7,1266098
2023-01-11,248.87,250.11,246.5,248.8,1092422
2023-01-12,249.73,250.74,244.96,247.51,1259126
2023-01-13,247.11,252.74,247.11,252.2,914164
2023-01-17,251.05,254.3,249.61,252.03,1389107
2023-01-18,252.66,253.66,248.3,248.46,1414002
2023-01-19,245.63,247.13,244.44,244.93,1292333
2023-01-20,245.39,252.78,245.39,252.52,1251697
2023-01-23,254.83,259.15,253.59,259.06,1555900
2023-01-24,257.75,262.08,255.82,261.58,1530106
2023-01-25,258.21,260.13,254.6,258.55,1299616
2023-01-26,260.65,261.29,255.16,257.87,1950660
2023-01-27,260.02,260.26,254.93,255.57,1805172
2023-01-30,253.98,256.58,253.11,255.97,1147312
2023-01-31,256.69,261.57,254.16,261.51,1338947
2023-02-01,259.74,265.99,257.67,265.02,1727504
2023-02-02,258.35,267.68,250.76,253.33,3688210
2023-02-03,252.99,255.39,250.6,254.39,1913459
2023-02-06,251.65,252.85,245.6,246.49,1828556
2023-02-07,244.11,246.92,241.57,246.34,2679228
2023-02-08,243.5,245.26,241.26,244.63,1404973
2023-02-09,247.53,248.04,238.3,238.32,1967306
2023-02-10,234.22,237.98,232.69,236.18,3101926
2023-02-13,239.13,242.07,237.4,240.94,1922394
2023-02-14,240.07,247.52,239.54,241.16,1602431
2023-02-15,238.01,241.06,237.19,240.34,1175780
2023-02-16,235.7,238.45,234.65,235.51,1191431
2023-02-17,234.06,239.75,233.6,238.67,1200475
2023-02-21,233.59,238.24,233.59,235.94,1297541
2023-02-22,235.31,239.24,234.06,235.24,852565
2023-02-23,236.94,238.73,234.48,235.63,862465
2023-02-24,231.23,232.69,228.12,229.08,1132531
2023-02-27,231.25,232.61,229.09,229.15,1142016
2023-02-28,228.54,231.69,226.35,230.01,1245917
2023-03-01,233.04,236.68,231.45,232.64,2013171
2023-03-02,230.43,236.26,230.15,235.49,902023
2023-03-03,237.51,240.55,235.56,239.65,1055917
2023-03-06,238.71,240.74,237.16,238.19,867805
2023-03-07,237.95,239.73,231.72,232.29,798494
2023-03-08,233.42,236.2,232.6,235.15,769301
2023-03-09,235.08,235.14,228.82,230.42,1092818
2023-03-10,229.85,230.46,222.03,223.53,1260529
2023-03-13,222.5,224.26,218.89,222.36,1570686
2023-03-14,228.3,229.97,224.89,227.52,1362204
2023-03-15,224.34,225.86,220.03,224.1,1322881
2023-03-16,223.59,226.39,222.0,224.5,1083358
2023-03-17,226.16,226.56,220.08,221.98,2149782
2023-03-20,222.03,224.37,221.18,224.12,1201394
2023-03-21,226.33,227.85,224.39,225.71,1273379
2023-03-22,226.25,230.32,224.39,224.57,1290834
2023-03-23,229.25,231.81,224.43,225.91,985463
2023-03-24,225.13,229.09,224.45,228.73,897360
2023-03-27,230.25,231.29,228.06,228.9,854477
2023-03-28,229.2,230.49,226.46,227.53,729104
2023-03-29,230.62,232.21,228.39,231.51,865087
2023-03-30,234.04,235.07,232.28,233.49,1646285
2023-03-31,234.93,236.24,231.87,233.24,1893164
2023-04-03,232.29,234.43,231.88,233.55,1333526
2023-04-04,234.02,235.43,230.52,231.44,1596070
2023-04-05,231.11,232.21,225.1,226.59,1530942
2023-04-06,227.72,229.09,223.88,228.32,1317476
2023-04-10,226.68,227.68,223.85,227.66,1144428
2023-04-11,228.54,229.57,227.06,228.78,960727
2023-04-12,231.05,235.09,227.35,233.8,2112909
2023-04-13,236.08,239.19,235.25,238.01,1418609
2023-04-14,238.63,243.71,238.63,240.38,1637156
2023-04-17,240.56,241.82,238.4,239.66,1096671
2023-04-18,241.41,244.25,240.39,243.29,1383356
2023-04-19,243.64,244.09,238.2,242.86,1583518
2023-04-20,241.85,246.36,241.85,244.62,1058818
2023-04-21,244.62,246.49,241.76,242.49,1308930
2023-04-24,241.82,242.08,239.5,240.0,864397
2023-04-25,238.57,239.66,233.7,233.8,928028
2023-04-26,232.46,234.37,227.6,227.92,1301613
2023-04-27,229.78,232.64,228.61,232.49,1168576
2023-04-28,231.86,233.91,230.08,233.49,1252894
2023-05-01,234.89,237.19,233.42,233.63,890447
2023-05-02,231.95,233.26,227.54,232.07,2021708
2023-05-03,183.68,198.75,180.09,191.83,14857469
2023-05-04,195.79,195.79,188.32,190.22,4884289
2023-05-05,193.44,196.08,188.85,192.62,3312831
2023-05-08,195.9,198.4,192.48,194.96,3816119
2023-05-09,194.0,196.31,190.03,190.46,2370735
2023-05-10,192.28,192.88,189.18,190.4,2230280
2023-05-11,190.91,191.95,188.83,190.97,2087946
2023-05-12,189.02,190.16,185.77,188.47,4015753
2023-05-15,189.31,190.81,187.39,190.4,2190851
2023-05-16,190.69,190.88,184.44,184.49,2021110
2023-05-17,185.01,186.65,183.43,186.5,2031926
2023-05-18,186.67,189.83,186.35,189.13,1918249
2023-05-19,190.86,190.86,187.39,189.16,1795946
2023-05-22,188.32,189.04,187.23,187.35,1571486
2023-05-23,186.06,186.26,181.4,181.46,1839506
2023-05-24,180.06,180.65,178.18,179.7,1646110
2023-05-25,179.85,182.14,178.42,180.85,1681727
2023-05-26,180.21,184.82,180.06,184.01,2062252
2023-05-30,184.36,184.4,180.47,182.24,2474505
2023-05-31,180.63,180.66,173.15,174.75,4465107
2023-06-01,174.29,174.93,172.84,173.67,2906720
2023-06-02,174.98,179.37,174.1,178.8,2499219
2023-06-05,174.72,176.62,171.92,171.96,2270501
2023-06-06,170.94,175.26,169.77,174.85,2467521
2023-06-07,174.0,174.19,171.33,172.12,2075636
2023-06-08,173.07,173.45,170.28,172.0,2227902
2023-06-09,171.88,171.91,166.97,167.63,3677554
2023-06-12,167.86,170.64,166.22,170.57,2290670
2023-06-13,172.69,175.85,171.78,175.36,2371014
2023-06-14,180.84,182.89,178.68,182.47,3769829
2023-06-15,183.11,190.45,182.9,189.36,3370971
2023-06-16,192.42,194.1,190.32,193.67,5235001
2023-06-20,190.11,191.4,187.51,187.59,2807702
2023-06-21,186.4,187.49,183.75,184.93,2074586
2023-06-22,185.81,187.76,184.16,185.68,1566938
2023-06-23,183.9,184.32,181.14,182.26,3713388
2023-06-26,182.92,185.57,182.04,184.3,1149167
2023-06-27,183.66,187.43,182.79,186.56,1241637
2023-06-28,185.74,186.06,182.5,184.1,1225226
2023-06-29,183.26,184.28,181.6,182.82,1688236
2023-06-30,184.32,187.51,182.4,186.48,1603349
2023-07-03,187.18,188.6,186.56,188.02,952188
2023-07-05,185.21,188.84,184.3,185.78,1492889
2023-07-06,182.61,184.32,180.59,184.24,1535853
2023-07-07,183.27,184.47,182.15,182.76,1214803
2023-07-10,182.25,187.46,182.13,183.46,1605327
2023-07-11,184.95,185.45,182.46,183.18,1255173
2023-07-12,185.99,186.16,181.32,181.4,1740679
2023-07-13,183.15,184.38,181.97,183.52,1542907
2023-07-14,183.3,184.62,181.85,183.87,1139540
2023-07-17,181.97,183.29,181.31,182.94,936425
2023-07-18,180.6,181.61,177.79,178.69,2601733
2023-07-19,180.4,181.69,177.42,181.34,3220832
2023-07-20,176.62,177.04,172.29,173.07,3320855
2023-07-21,172.82,173.77,170.52,170.6,4666686
2023-07-24,167.28,169.88,163.26,168.12,5137554
2023-07-25,169.26,169.85,167.16,169.39,2778912
2023-07-26,168.19,169.83,166.93,169.09,2098774
2023-07-27,170.63,171.37,164.1,164.71,3475540
2023-07-28,166.88,172.16,166.77,171.34,2100761
2023-07-31,172.62,173.96,170.15,170.93,2954604
2023-08-01,168.13,169.37,166.07,166.21,2859469
2023-08-02,163.36,165.57,162.28,163.8,4455901
2023-08-03,163.54,164.61,162.41,163.18,3216231
2023-08-04,163.52,163.93,161.48,162.06,2363654
2023-08-07,162.55,163.63,160.7,161.57,1724916
2023-08-08,159.67,160.63,157.89,159.66,2905469
2023-08-09,159.46,159.58,157.24,157.81,2778466
2023-08-10,161.0,166.47,160.74,161.37,2724577
2023-08-11,159.86,161.88,158.95,159.18,1965489
2023-08-14,158.13,159.79,157.84,158.74,1836092
2023-08-15,156.66,157.16,154.3,155.28,2341551
2023-08-16,153.88,156.45,153.88,153.96,2494995
2023-08-17,153.71,156.62,153.15,153.89,4463542
2023-08-18,144.34,153.79,141.92,148.79,8014529
2023-08-21,147.54,148.66,142.36,143.29,5334856
2023-08-22,142.33,142.43,139.76,142.05,5637390
2023-08-23,142.44,145.57,142.26,145.16,2675410
2023-08-24,143.84,147.19,142.89,143.13,2918843
2023-08-25,143.84,146.54,143.44,145.48,2131719
2023-08-28,146.91,149.4,146.79,148.51,2032551
2023-08-29,149.25,151.72,149.09,151.24,2078085
2023-08-30,151.28,157.01,151.28,155.96,2844140
2023-08-31,156.47,158.06,153.03,153.06,2252637
2023-09-01,155.23,155.9,152.8,154.18,1413599
2023-09-05,153.16,155.63,153.11,153.58,1772830
2023-09-06,152.29,152.62,149.2,149.3,1845532
2023-09-07,149.12,150.5,147.61,148.17,1676655
2023-09-08,148.35,148.75,146.44,146.84,1516818
2023-09-11,148.19,148.32,145.64,146.17,1927823
2023-09-12,145.68,146.26,143.74,144.26,1658546
2023-09-13,143.63,145.43,143.13,145.3,1967166
2023-09-14,146.42,147.59,145.9,147.07,1564191
2023-09-15,149.65,151.54,148.19,148.46,5414763
2023-09-18,147.61,148.75,146.72,147.03,1375720
2023-09-19,145.56,146.09,143.19,144.94,1567240
2023-09-20,145.71,146.35,143.62,143.83,1074599
2023-09-21,142.9,143.0,139.22,139.31,3139729
2023-09-22,140.16,141.7,138.7,140.75,2213656
2023-09-25,139.39,139.99,137.75,138.72,1629929
2023-09-26,137.3,137.84,132.61,133.13,2930563
2023-09-27,133.87,134.37,131.72,133.53,2075687
2023-09-28,132.97,135.51,132.14,135.35,1799882
2023-09-29,139.13,140.52,137.02,137.83,2148773
2023-10-02,136.58,138.55,135.58,136.73,1493237
2023-10-03,135.97,137.13,134.24,134.5,1322933
2023-10-04,135.12,135.87,133.63,135.76,1207252
2023-10-05,135.03,135.86,133.68,134.81,1195582
2023-10-06,133.74,140.22,133.14,138.5,2218882
2023-10-09,136.71,137.53,133.66,135.31,1442988
2023-10-10,136.82,138.69,133.72,134.13,2015153
2023-10-11,134.93,135.84,132.61,133.9,1655314
2023-10-12,135.06,135.4,130.09,133.13,1892376
2023-10-13,133.14,133.6,129.96,131.28,1507229
2023-10-16,132.12,134.5,131.25,133.69,2124729
2023-10-17,132.7,137.04,132.34,136.03,1642560
2023-10-18,135.17,135.47,131.57,132.18,1516235
2023-10-19,133.24,134.69,132.02,132.35,2535362
2023-10-20,132.72,133.1,130.46,130.91,1593578
2023-10-23,129.27,133.06,128.14,130.6,1724180
2023-10-24,130.88,134.03,130.88,131.6,1275247
2023-10-25,129.93,130.33,127.18,128.29,2014274
2023-10-26,127.77,130.07,127.4,127.99,1665380
2023-10-27,129.1,129.1,117.89,118.74,4227336
2023-10-30,118.84,122.76,118.84,122.02,3792004
2023-10-31,121.8,123.11,120.25,122.88,3239238
2023-11-01,104.2,104.93,97.47,99.65,15176033
2023-11-02,99.0,109.56,99.0,109.06,6950584
2023-11-03,111.0,111.13,105.57,105.8,4036393
2023-11-06,106.85,107.97,105.96,107.43,4303462
2023-11-07,107.03,110.85,106.79,110.16,3546772
2023-11-08,108.1,112.9,107.79,111.18,4895378
2023-11-09,112.28,112.49,109.2,109.96,2965713
2023-11-10,110.55,110.55,106.52,109.41,2901823
2023-11-13,109.36,109.53,107.12,108.44,3117821
2023-11-14,111.07,117.87,109.7,117.11,4274123
2023-11-15,118.23,121.32,117.81,120.21,4116073
2023-11-16,118.71,120.02,115.88,116.92,2414827
2023-11-17,118.35,119.22,115.84,118.05,2208792
2023-11-20,117.49,117.65,114.94,116.76,2170186
2023-11-21,115.37,115.38,113.77,114.56,2034477
2023-11-22,115.71,117.14,114.53,116.93,2067579
2023-11-24,117.83,119.03,117.15,118.15,927974
2023-11-27,117.76,118.9,116.33,117.02,1798862
2023-11-28,117.71,121.65,116.55,120.17,2383086
2023-11-29,121.13,122.92,119.92,120.39,2458721
2023-11-30,122.18,122.77,119.85,122.39,4817418
2023-12-01,122.4,126.9,122.16,126.46,3112598
2023-12-04,125.25,134.66,125.25,133.18,6849874
2023-12-05,131.2,131.98,126.47,126.68,3716379
2023-12-06,128.0,131.69,127.52,127.82,3272385
2023-12-07,127.69,130.91,127.69,130.2,2291260
2023-12-08,129.81,130.39,127.97,128.18,1659882
2023-12-11,128.64,129.78,128.0,129.2,1999091
2023-12-12,129.15,130.94,126.53,130.92,2439925
2023-12-13,130.37,137.47,130.14,137.09,3471220
2023-12-14,139.44,142.0,139.21,140.0,4176916
2023-12-15,140.03,140.96,136.31,137.68,4399666
2023-12-18,138.02,138.92,136.85,136.95,2333481
2023-12-19,138.77,144.91,138.02,142.83,3924769
2023-12-20,142.17,143.36,137.4,137.65,2546237
2023-12-21,140.39,140.82,137.34,139.42,1873854
2023-12-22,138.04,140.71,136.71,138.43,1843241
2023-12-26,138.18,139.65,137.52,138.99,930206
2023-12-27,139.4,140.34,138.32,139.67,1272996
2023-12-28,141.38,141.76,140.05,141.42,1074831
2023-12-29,140.67,141.94,139.99,140.18,1270336
2024-01-02,138.35,139.72,136.54,139.41,2086450
2024-01-03,137.2,137.53,132.05,132.9,2463494
2024-01-04,132.68,133.7,131.59,132.96,2040865
2024-01-05,131.31,134.03,130.45,131.6,2404316
2024-01-08,131.03,133.32,130.22,133.26,2486281
2024-01-09,131.98,133.54,131.36,133.49,1649848
2024-01-10,132.78,132.79,129.56,130.04,2573516
2024-01-11,129.4,133.04,127.49,132.74,2794825
2024-01-12,133.47,133.61,128.74,129.21,1978202
2024-01-16,128.19,128.42,123.13,124.37,5142795
2024-01-17,120.77,121.38,118.99,121.04,4909347
2024-01-18,121.56,123.38,120.81,122.36,2232409
2024-01-19,122.76,122.76,119.71,120.61,2766179
2024-01-22,121.01,121.9,119.64,120.0,2910034
2024-01-23,122.04,127.29,122.04,122.83,3663884
2024-01-24,124.43,124.48,120.92,120.92,2277004
2024-01-25,122.21,124.16,120.33,123.32,3084179
2024-01-26,126.74,129.3,125.36,125.37,3077513
2024-01-29,125.34,129.92,124.45,129.88,3201505
2024-01-30,128.3,130.86,126.76,128.61,2177173
2024-01-31,128.63,129.4,125.99,126.51,2383642
2024-02-01,127.66,129.31,125.81,129.11,2451331
2024-02-02,125.56,130.18,124.78,128.55,6052690
2024-02-05,152.84,153.12,143.64,144.04,12224587
2024-02-06,143.77,145.14,139.1,140.14,6008684
2024-02-07,140.61,141.41,135.38,136.04,4119919
2024-02-08,136.04,136.75,132.29,134.93,4338579
2024-02-09,135.71,139.2,134.77,137.39,2578768
2024-02-12,137.94,141.34,137.79,139.85,2677352
2024-02-13,136.39,138.72,134.38,136.26,1981537
2024-02-14,137.42,139.27,136.15,136.73,1943493
2024-02-15,138.24,141.48,137.29,139.29,3147988
2024-02-16,139.64,141.51,138.76,140.29,2419615
2024-02-20,138.02,139.24,137.12,139.09,1934664
2024-02-21,138.75,141.47,138.37,141.36,2394878
2024-02-22,142.12,144.88,140.58,142.5,2421583
2024-02-23,143.22,145.43,142.09,143.76,2234631
2024-02-26,142.81,144.56,138.45,139.0,1658733
2024-02-27,140.0,143.25,138.84,142.34,1831612
2024-02-28,140.59,142.87,140.43,141.88,1582282
2024-02-29,142.72,144.89,142.72,143.04,2913127
2024-03-01,140.9,144.65,138.97,143.28,2156685
2024-03-04,143.01,144.17,140.84,142.27,1934160
2024-03-05,140.65,142.96,140.65,141.83,1734086
2024-03-06,140.55,141.98,137.73,139.99,2847301
2024-03-07,139.77,143.34,139.59,142.65,1483175
2024-03-08,143.66,144.8,142.58,143.93,1750631
2024-03-11,144.49,149.59,144.2,148.18,2213119
2024-03-12,148.71,149.35,144.04,146.41,1846453
2024-03-13,147.82,153.59,147.66,152.05,3541191
2024-03-14,150.92,151.62,145.82,147.14,2391331
2024-03-15,145.53,147.17,143.88,144.17,4432236
2024-03-18,143.71,144.47,141.65,142.31,1613295
2024-03-19,141.74,142.6,140.61,140.74,1498967
2024-03-20,139.72,141.74,138.38,141.29,2204802
2024-03-21,142.0,142.79,140.42,140.8,1461984
2024-03-22,140.1,140.33,135.77,137.84,2003330
2024-03-25,138.46,138.46,133.22,133.98,2241096
2024-03-26,134.9,136.29,133.82,134.12,2305461
2024-03-27,135.46,139.65,135.21,139.63,1838434
2024-03-28,146.6,149.27,143.0,148.4,4845648
2024-04-01,148.43,149.42,144.75,146.36,1829000
2024-04-02,148.54,149.92,144.77,147.07,2470828
2024-04-03,145.62,146.37,139.91,141.02,3396146
2024-04-04,142.48,144.45,138.87,138.93,2064791
2024-04-05,139.16,141.21,138.57,139.04,1442472
2024-04-08,139.36,142.11,139.36,140.01,1680215
2024-04-09,140.81,143.1,140.44,143.01,1349272
2024-04-10,138.42,140.34,137.9,139.47,1675791
2024-04-11,140.55,140.59,137.39,140.01,1370030
2024-04-12,137.93,138.75,132.97,133.63,2167030
2024-04-15,135.4,136.48,131.29,132.12,1778141
2024-04-16,131.29,132.84,129.74,131.82,2178576
2024-04-17,133.9,134.44,132.26,132.89,2200942
2024-04-18,134.13,141.16,133.03,139.41,3921226
2024-04-19,138.63,139.76,138.41,139.03,2324673
2024-04-22,139.95,142.29,137.98,141.92,1777452
2024-04-23,141.52,144.32,140.94,143.43,1884900
2024-04-24,141.77,142.91,140.0,141.87,1840565
2024-04-25,141.52,142.31,138.01,139.58,2969490
2024-04-26,140.33,142.2,138.35,141.95,2435850
2024-04-29,142.69,143.5,140.24,141.32,2179337
2024-04-30,140.8,143.17,140.02,141.24,3755344
2024-05-01,135.18,135.74,119.41,122.62,11761205
2024-05-02,125.71,129.94,124.82,129.91,4842591
2024-05-03,129.98,131.1,125.61,127.98,3791987
2024-05-06,128.04,128.52,124.05,125.23,3473786
2024-05-07,125.15,125.75,123.72,124.66,3269636
2024-05-08,123.88,124.81,121.89,124.7,2981397
2024-05-09,125.44,127.13,123.8,126.75,1591737
2024-05-10,126.8,127.71,124.67,127.08,1772576
2024-05-13,128.03,129.75,127.38,129.69,1836924
2024-05-14,130.83,131.82,128.66,129.06,3701541
2024-05-15,130.29,131.52,129.87,130.93,1801951
2024-05-16,130.96,134.15,130.31,133.09,2618794
2024-05-17,132.94,133.02,129.46,129.73,2907976
2024-05-20,129.44,129.61,126.1,126.25,3543818
2024-05-21,125.64,128.18,125.16,127.77,2690918
2024-05-22,127.08,128.18,125.36,125.89,2268933
2024-05-23,126.12,126.12,121.23,121.43,4541813
2024-05-24,121.6,122.53,121.12,121.36,2203049
2024-05-28,121.32,122.31,120.1,121.36,2787613
2024-05-29,119.55,120.02,117.0,117.02,3322073
2024-05-30,116.76,117.28,115.49,116.86,2903302
2024-05-31,117.82,119.5,117.18,119.41,2969244
2024-06-03,120.83,121.86,118.81,120.24,1702423
2024-06-04,119.64,120.92,119.02,119.58,2603489
2024-06-05,118.93,119.72,118.19,119.02,3054818
2024-06-06,118.94,120.73,118.67,119.55,1333487
2024-06-07,118.48,118.48,116.35,116.61,2187014
2024-06-10,116.25,116.34,114.84,115.0,2409138
2024-06-11,114.55,114.55,112.32,113.83,2487755
2024-06-12,115.19,115.75,110.25,110.36,3112589
2024-06-13,110.72,112.19,109.92,110.43,3297654
2024-06-14,109.77,111.26,109.43,110.25,2782250
2024-06-17,109.3,111.68,109.04,111.2,1713812
2024-06-18,109.5,111.66,106.85,107.24,2989741
2024-06-20,106.68,109.16,106.3,109.09,3118580
2024-06-21,110.17,110.72,109.51,110.2,5159016
2024-06-24,110.2,112.11,110.11,111.44,2684413
2024-06-25,111.18,112.09,108.8,110.23,2624127
2024-06-26,109.39,110.2,108.53,109.59,1922628
2024-06-27,109.32,109.84,106.41,107.31,2747385
2024-06-28,106.47,106.66,100.68,102.99,7457725
2024-07-01,104.9,104.9,101.44,102.0,2995973
2024-07-02,102.59,103.84,101.13,102.48,1738994
2024-07-03,102.76,103.38,102.38,103.03,1682647
2024-07-05,103.33,104.12,101.59,102.94,3075418
2024-07-08,103.17,103.85,102.11,103.09,2120910
2024-07-09,102.53,102.63,100.26,100.87,2691533
2024-07-10,100.08,100.92,98.68,98.93,3303844
2024-07-11,100.65,102.2,98.1,98.35,4288849
2024-07-12,99.72,101.15,99.21,100.05,3050712
2024-07-15,99.05,99.75,96.6,97.8,3379744
2024-07-16,97.8,99.11,97.06,97.75,2785523
2024-07-17,97.57,99.66,97.02,97.45,2267366
2024-07-18,98.0,98.47,93.65,93.79,4414101
2024-07-19,93.89,96.06,92.8,96.0,3803114
2024-07-22,95.72,98.7,94.46,97.8,3221347
2024-07-23,97.21,97.97,96.19,96.76,2543520
2024-07-24,98.66,98.73,95.82,96.6,2468800
2024-07-25,96.19,98.46,95.95,96.7,3646216
2024-07-26,97.67,98.89,96.23,97.49,2046042
2024-07-29,97.18,97.91,95.25,97.5,2286931
2024-07-30,95.25,96.55,94.61,96.25,3140544
2024-07-31,96.79,98.09,95.81,96.42,2009758
2024-08-01,96.47,96.98,92.74,94.01,2072303
2024-08-02,93.38,93.89,90.52,92.44,2596078
2024-08-05,88.25,90.06,87.37,89.24,4730443
2024-08-06,89.72,91.75,88.89,90.38,3540629
2024-08-07,91.53,91.77,88.47,88.64,3844995
2024-08-08,89.05,90.14,88.22,88.76,4569299
2024-08-09,88.39,88.57,86.09,86.29,3447902
2024-08-12,86.29,86.32,83.29,83.44,4523818
2024-08-13,83.86,89.2,83.5,88.97,6367525
2024-08-14,88.23,89.25,86.9,88.69,3716123
2024-08-15,90.67,93.22,90.42,92.09,3774364
2024-08-16,88.92,92.35,88.84,91.93,3905170
2024-08-19,92.05,93.51,89.4,89.87,11613986
2024-08-20,89.05,89.29,84.92,88.05,10044479
2024-08-21,89.1,90.08,87.98,88.58,5145207
2024-08-22,92.88,92.88,88.39,88.51,9527071
2024-08-23,88.94,92.13,88.66,90.7,5478285
2024-08-26,90.5,92.63,90.02,91.47,3193868
2024-08-27,91.26,91.81,88.72,89.89,2816981
2024-08-28,89.24,89.62,88.23,89.43,3065119
2024-08-29,90.12,90.36,87.46,87.67,3190998
2024-08-30,88.61,89.49,87.91,89.37,2653517
2024-09-03,88.47,90.73,88.19,90.22,4223927
2024-09-04,89.72,91.07,88.99,90.11,4040443
2024-09-05,90.25,90.35,87.2,87.82,2963749
2024-09-06,87.47,88.17,85.3,85.32,3868894
2024-09-09,85.39,85.63,84.37,84.74,3090536
2024-09-10,84.73,84.83,81.46,83.01,4147688
2024-09-11,82.78,82.88,80.33,82.41,2994418
2024-09-12,82.43,83.13,81.02,82.1,2793206
2024-09-13,82.19,83.55,81.6,82.45,4165998
2024-09-16,82.99,84.78,82.43,83.01,2712672
2024-09-17,83.53,85.95,83.51,85.9,3482489
2024-09-18,85.91,86.98,85.25,85.81,3574387
2024-09-19,88.02,88.7,85.06,85.26,3380958
2024-09-20,84.56,84.96,82.41,82.89,9790746
2024-09-23,82.47,85.51,82.05,84.54,3657974
2024-09-24,88.73,90.53,87.78,89.69,7132652
2024-09-25,89.37,91.03,88.05,89.33,4799095
2024-09-26,95.96,99.31,95.04,98.27,9734958
2024-09-27,98.24,99.16,97.14,97.38,3820431
2024-09-30,100.4,100.86,96.6,97.2,5289430
2024-10-01,96.51,96.8,93.57,94.81,3915672
2024-10-02,94.97,96.52,94.06,94.7,3108444
2024-10-03,93.62,94.36,92.16,93.03,3095825
2024-10-04,94.31,94.7,93.23,93.47,2269396
2024-10-07,94.25,94.97,92.79,93.64,2675549
2024-10-08,90.95,91.82,88.92,91.57,3378631
2024-10-09,91.4,91.82,89.75,91.36,2225213
2024-10-10,91.4,92.59,90.81,92.57,2113944
2024-10-11,92.11,95.01,91.73,93.7,2861186
2024-10-14,93.12,93.29,90.99,92.08,2284902
2024-10-15,90.47,91.83,88.88,89.15,4638446
2024-10-16,87.77,89.26,87.04,88.58,3293004
2024-10-17,88.73,88.97,86.88,88.67,3116570
2024-10-18,89.4,89.49,87.57,87.8,3125042
2024-10-21,87.49,88.15,85.89,87.03,2248873
2024-10-22,86.77,87.39,84.08,85.41,2647221
2024-10-23,85.13,85.94,84.57,85.6,2132589
2024-10-24,85.87,86.77,84.94,86.42,2234365
2024-10-25,86.61,86.76,84.96,85.07,2882460
2024-10-28,85.65,90.15,85.09,86.51,6038089
2024-10-29,86.29,87.18,85.25,86.54,3728360
2024-10-30,85.81,86.75,84.39,84.98,4669303
2024-10-31,64.26,70.79,61.78,67.22,27601050
2024-11-01,66.32,67.22,64.91,64.92,11486375
2024-11-04,65.6,66.74,64.53,64.79,6304880
2024-11-05,64.35,64.9,63.01,64.22,4955474
2024-11-06,63.86,64.09,61.31,61.7,8126333
2024-11-07,62.57,66.07,62.18,64.66,6386502
2024-11-08,64.19,64.19,62.01,62.31,5676920
2024-11-11,62.88,65.07,62.21,62.98,5866395
2024-11-12,62.64,62.64,60.74,61.17,5974746
2024-11-13,61.49,62.31,60.87,61.29,4223251
2024-11-14,61.85,63.68,61.58,63.21,4010592
2024-11-15,63.12,63.12,61.86,62.16,3633144
2024-11-18,63.64,64.3,62.65,62.96,3268685
2024-11-19,62.06,63.48,61.38,63.17,3945460
2024-11-20,63.33,63.78,61.82,63.7,4745269
2024-11-21,63.99,65.77,63.53,65.17,4159294
2024-11-22,64.92,68.36,64.92,68.19,8249458
2024-11-25,69.6,72.84,69.56,71.15,10287366
2024-11-26,71.33,72.34,70.15,71.36,4799481
2024-11-27,72.16,74.51,71.84,72.12,5396341
2024-11-29,70.85,71.63,70.06,70.65,3620919
2024-12-02,71.04,74.52,70.11,74.44,4469293
2024-12-03,73.91,76.09,73.28,75.91,6544305
2024-12-04,76.01,77.8,75.89,77.68,5700481
2024-12-05,78.03,78.15,75.68,76.58,4243823
2024-12-06,78.18,79.41,77.39,77.71,4895199
2024-12-09,79.94,82.56,79.55,80.02,5419232
2024-12-10,79.16,80.96,78.96,80.9,3781333
2024-12-11,80.1,81.03,79.18,79.57,4532697
2024-12-12,79.51,80.15,78.24,79.37,3392740
2024-12-13,79.35,80.44,77.56,78.41,2842835
2024-12-16,76.86,78.64,76.44,77.95,4447419
2024-12-17,77.81,78.45,76.58,76.59,3503108
2024-12-18,75.92,76.81,73.34,73.44,4068700
2024-12-19,73.47,74.85,72.39,73.18,3907324
2024-12-20,72.5,74.01,72.47,72.85,7621043
2024-12-23,72.43,73.84,72.14,73.23,2995214
2024-12-24,73.25,73.76,71.97,73.55,1162740
2024-12-26,73.36,74.35,73.0,73.47,1740586
2024-12-27,72.61,73.69,72.19,73.1,1853720
2024-12-30,72.34,73.1,71.31,72.68,2277118
2024-12-31,73.36,73.97,72.84,73.45,1939909
2025-01-02,73.97,74.28,71.69,72.48,2365153
2025-01-03,72.15,72.42,69.67,70.69,3519988
2025-01-06,72.43,73.45,71.36,72.07,3308708
2025-01-07,73.16,75.04,72.26,72.66,3037717
2025-01-08,71.11,72.89,70.29,72.16,2341272
2025-01-10,70.91,73.45,69.91,71.96,4702868
2025-01-13,72.03,73.78,71.88,73.47,2908914
2025-01-14,73.59,73.87,71.5,72.37,2838564
2025-01-15,74.61,74.99,72.68,73.0,2252520
2025-01-16,74.88,77.91,74.09,76.48,4885142
2025-01-17,76.15,76.77,75.31,76.28,2963925
2025-01-21,76.41,77.42,75.58,77.22,2944735
2025-01-22,78.45,79.23,77.79,78.08,3349740
2025-01-23,77.48,78.64,76.88,78.48,2787124
2025-01-24,79.68,81.17,78.94,80.8,3090201
2025-01-27,80.63,84.56,80.53,81.86,4777687
2025-01-28,81.79,82.64,80.58,81.28,2658983
2025-01-29,81.41,81.67,79.56,80.61,3072792
2025-01-30,82.29,83.76,81.4,83.74,3526257
2025-01-31,82.59,84.15,81.66,81.73,3043207
2025-02-03,79.95,81.37,79.18,81.09,4432616
2025-02-04,74.94,75.54,65.24,68.06,17784147
2025-02-05,67.6,67.61,63.73,64.6,11901136
2025-02-06,64.93,65.63,62.8,62.95,8460847
2025-02-07,63.37,64.31,62.62,63.71,4670119
2025-02-10,64.76,67.79,64.7,67.31,5056514
2025-02-11,67.12,69.43,67.12,69.27,6674952
2025-02-12,68.58,68.74,66.91,67.63,4259178
2025-02-13,67.87,68.33,66.53,68.25,3742824
2025-02-14,68.78,69.52,67.17,67.29,3722116
2025-02-18,68.19,70.81,67.8,70.72,4245583
2025-02-19,70.75,70.75,68.6,69.95,3947533
2025-02-20,69.7,70.56,69.02,69.89,2669197
2025-02-21,70.44,70.96,69.52,70.34,3565592
2025-02-24,70.34,74.0,70.05,73.57,4223537
2025-02-25,73.36,73.9,71.93,73.26,3382288
2025-02-26,74.23,74.35,71.08,71.79,3125481
2025-02-27,71.42,72.87,71.32,71.49,2135799
2025-02-28,71.04,71.35,69.2,70.79,4709100
2025-03-03,71.4,72.37,68.31,69.08,2839373
2025-03-04,68.41,68.67,66.16,67.03,3906766
2025-03-05,68.35,71.05,67.99,70.79,3106777
2025-03-06,70.12,71.56,69.67,70.42,2168427
2025-03-07,69.96,72.75,69.57,72.17,3043414
2025-03-10,72.08,73.67,69.83,70.92,3098674
2025-03-11,71.01,71.27,67.89,68.51,3641852
2025-03-12,67.38,67.47,64.86,65.4,4725850
2025-03-13,65.31,66.56,63.58,63.85,3676815
2025-03-14,65.0,65.89,63.99,65.48,3996322
2025-03-17,65.72,68.44,65.72,67.81,2775988
2025-03-18,67.72,67.91,66.72,66.98,2031817
2025-03-19,66.71,67.4,65.82,66.55,2668810
2025-03-20,65.95,67.58,65.95,66.96,2738382
2025-03-21,66.79,67.17,65.05,65.91,5875387
2025-03-24,66.3,67.08,65.8,66.4,2875291
2025-03-25,66.15,66.57,64.55,65.05,2363167
2025-03-26,65.16,65.16,64.2,64.86,2235510
2025-03-27,64.72,66.28,64.28,65.91,3133457
2025-03-28,65.22,65.74,64.2,64.4,2038133
2025-03-31,63.58,65.48,63.24,64.97,3121353
2025-04-01,66.16,66.89,65.31,66.81,3269100
2025-04-02,66.24,67.9,66.24,67.69,3908280
2025-04-03,63.79,64.93,57.21,57.28,11321469
2025-04-04,52.17,54.39,50.68,52.1,10911328
2025-04-07,49.54,54.37,48.06,52.12,8610078
2025-04-08,54.14,54.14,48.44,49.28,6309831
2025-04-09,48.71,56.03,47.62,55.28,9087820
2025-04-10,54.24,54.24,50.8,52.47,5799160
2025-04-11,51.4,54.51,49.82,54.37,4459852
2025-04-14,56.0,57.65,54.14,54.72,6688115
2025-04-15,53.64,54.21,53.09,53.56,2754392
2025-04-16,52.92,53.73,51.16,51.84,2713859
2025-04-17,52.53,54.45,52.31,53.62,6345236
2025-04-21,53.17,53.67,51.69,53.54,4923230
2025-04-22,54.21,55.64,53.9,55.07,3122934
2025-04-23,56.96,58.82,55.75,56.37,3363767
2025-04-24,56.34,57.96,55.3,57.73,2721812
2025-04-25,57.6,58.94,57.16,58.46,2585805
2025-04-28,57.69,58.97,57.25,58.22,4026390
2025-04-29,58.01,58.85,57.7,58.66,2919572
2025-04-30,58.08,59.14,57.5,59.02,4161032
2025-05-01,58.23,58.98,56.83,57.97,5809552
2025-05-02,59.1,59.8,56.39,58.46,4291980
2025-05-05,58.08,58.98,56.6,56.8,3439922
2025-05-06,56.2,58.0,55.78,57.62,3674175
2025-05-07,57.59,58.62,57.01,58.34,2876468
2025-05-08,58.93,61.19,58.34,60.28,4019576
2025-05-09,60.39,61.47,59.97,60.04,2802661
2025-05-12,63.64,66.64,63.64,64.34,5516551
2025-05-13,64.19,64.82,63.64,64.46,2836301
2025-05-14,64.0,64.0,62.87,63.11,3107146
2025-05-15,61.14,63.09,61.06,62.68,2434894
2025-05-16,63.76,64.8,62.73,64.15,4460264
2025-05-19,63.45,64.78,63.3,64.33,3754081
2025-05-20,64.72,66.21,64.14,65.05,3863738
2025-05-21,64.18,65.63,62.46,62.67,5315529
2025-05-22,62.31,64.17,62.2,63.41,2927455
2025-05-23,62.13,62.93,61.59,62.7,2537382
2025-05-27,64.11,66.04,63.53,66.01,3758720
2025-05-28,66.0,66.51,65.12,65.24,2650880
2025-05-29,66.76,68.41,66.5,67.6,5816961
2025-05-30,67.48,67.78,66.2,66.23,4619449
2025-06-02,65.81,66.26,64.73,65.95,2530045
2025-06-03,65.99,68.39,64.14,68.2,4211356
2025-06-04,68.48,69.55,68.09,68.1,3081281
2025-06-05,68.09,68.22,66.56,66.74,2456906
2025-06-06,67.4,67.85,66.54,67.74,2264029
2025-06-09,69.04,69.83,68.23,68.27,4188101
2025-06-10,68.95,70.42,68.47,69.72,3180714
2025-06-11,69.98,71.1,68.91,69.12,3181772
2025-06-12,68.3,70.07,68.06,69.25,2649860
2025-06-13,68.04,69.14,66.4,66.6,3201657
2025-06-16,68.12,73.81,68.05,73.8,6399877
2025-06-17,72.25,74.44,70.99,74.0,6569403
2025-06-18,73.99,74.27,72.31,73.93,4884208
2025-06-20,74.21,74.62,73.5,74.4,5265437
2025-06-23,76.54,78.41,75.69,78.0,6611185
2025-06-24,78.81,79.21,75.3,76.24,8579988
2025-06-25,75.7,77.24,74.83,76.74,3718331
2025-06-26,77.28,78.48,76.62,78.19,4245926
2025-06-27,80.64,82.55,78.86,79.24,10753434
2025-06-30,79.25,80.37,78.3,79.95,4377697
2025-07-01,79.9,84.77,79.55,84.21,6024823
2025-07-02,84.18,88.31,83.61,87.64,6990161
2025-07-03,88.08,88.91,86.99,87.78,2288201
2025-07-07,87.15,87.55,84.37,84.88,4270937
2025-07-08,85.09,85.31,83.69,84.66,3056325
2025-07-09,85.32,86.3,84.29,85.69,3350746
2025-07-10,87.98,91.67,87.98,91.13,5900765
2025-07-11,90.09,90.93,89.41,90.12,2975996
2025-07-14,89.84,89.85,87.5,88.64,2477754
2025-07-15,88.95,89.25,84.83,85.19,3790855
2025-07-16,86.46,86.66,83.2,85.49,2982557
2025-07-17,85.49,85.95,84.11,85.65,2844295
2025-07-18,85.67,86.42,85.27,86.29,2294032
2025-07-21,86.29,87.05,85.13,85.13,2459723
2025-07-22,85.19,88.18,84.92,88.06,3027470
2025-07-23,89.25,89.47,87.89,88.73,3629883
2025-07-24,88.07,89.54,85.77,85.85,4803740
2025-07-25,88.76,89.53,86.11,89.44,7610750
2025-07-28,89.42,92.11,89.31,91.54,4329809
2025-07-29,91.93,92.67,89.8,90.44,3738845
2025-07-30,91.75,93.69,91.09,92.67,5796230
2025-07-31,92.14,94.29,91.42,92.35,3758327
2025-08-01,89.64,90.27,87.51,90.08,3145608
2025-08-04,90.74,92.02,90.34,91.52,3005976
2025-08-05,91.63,92.06,89.58,89.96,2513407
2025-08-06,90.3,90.56,88.96,89.2,2350519
2025-08-07,90.03,90.44,88.55,90.26,2470607
2025-08-08,90.1,91.1,89.45,89.73,2407570
2025-08-11,89.89,90.83,88.02,88.2,2821480
2025-08-12,88.66,91.31,88.35,90.73,2712842
2025-08-13,91.23,94.46,90.81,94.25,3639697
2025-08-14,91.33,91.33,87.24,88.56,4713716
2025-08-15,88.82,90.84,88.34,90.01,4145233
2025-08-18,90.04,91.28,87.9,89.78,5075545
2025-08-19,90.61,90.64,88.64,88.92,6460906
2025-08-20,85.09,88.85,83.53,85.66,12990273
2025-08-21,84.27,87.58,83.62,86.79,6316821
2025-08-22,87.28,90.97,86.84,90.27,4051423
2025-08-25,89.57,90.14,87.04,87.74,4378522
2025-08-26,87.95,88.94,87.68,88.87,3811870
2025-08-27,88.96,92.27,88.56,91.63,4059731
2025-08-28,92.12,92.76,90.44,90.8,1852697
2025-08-29,89.44,91.36,89.44,90.76,2357906
2025-09-02,89.53,90.4,88.56,90.17,2807960
2025-09-03,90.12,91.39,89.27,91.31,3137328
2025-09-04,91.17,91.58,86.54,86.87,4786833
2025-09-05,86.87,89.27,86.28,88.59,3698853
2025-09-08,88.95,89.01,86.67,88.25,3489502
2025-09-09,88.75,88.94,87.72,88.1,1906695
2025-09-10,87.06,87.8,86.62,86.84,2380603
2025-09-11,86.86,87.82,86.2,86.22,2302877
2025-09-12,85.63,85.89,82.88,83.08,3243831
2025-09-15,84.94,87.06,84.53,86.81,3341619
2025-09-16,86.96,88.5,86.19,87.92,2257393
2025-09-17,87.48,89.98,86.84,87.57,2099521
2025-09-18,87.38,88.55,86.9,87.4,1800334
2025-09-19,87.55,87.86,85.94,87.2,5342538
2025-09-22,87.11,88.28,86.61,86.68,2016398
2025-09-23,88.12,88.5,86.83,87.13,1852298
2025-09-24,87.15,87.15,84.49,84.75,2352508
2025-09-25,83.88,84.21,82.56,83.42,4391014
2025-09-26,83.71,86.28,83.21,86.07,2350049
2025-09-29,87.17,88.85,85.85,88.53,6037093
2025-09-30,88.47,89.29,86.81,87.52,2877616
2025-10-01,87.57,87.72,84.43,85.61,3157108
2025-10-02,85.42,88.65,85.2,88.17,2544634
2025-10-03,87.9,89.29,87.27,87.42,1825508
2025-10-06,88.05,88.62,86.64,88.06,2051153
2025-10-07,88.4,92.08,88.39,92.05,3041227
2025-10-08,92.47,95.78,91.45,95.11,3855725
2025-10-09,95.35,95.84,93.0,93.33,2341067
2025-10-10,93.9,94.13,84.66,87.06,4181093
2025-10-13,91.87,94.39,91.02,92.11,3773473
2025-10-14,90.62,95.55,90.48,94.36,3874140
2025-10-15,96.34,96.49,93.79,94.62,3692802
2025-10-16,94.9,98.31,94.85,96.14,4060864
2025-10-17,96.81,100.12,96.64,100.1,4414610
2025-10-20,102.92,103.82,101.44,101.82,4417379
2025-10-21,101.76,101.76,97.65,97.87,5338015
2025-10-22,97.2,99.14,96.87,97.96,3464333
2025-10-23,98.47,100.66,98.47,98.81,2717536
2025-10-24,100.56,101.84,99.96,101.47,2706205
2025-10-27,101.94,102.82,98.92,99.78,3266089
2025-10-28,99.35,99.67,97.33,98.09,2441948
2025-10-29,98.13,99.17,95.93,96.7,3615032
2025-10-30,93.95,99.52,91.76,96.95,5636968
2025-10-31,96.47,97.33,93.98,96.03,3833910
2025-11-03,95.64,95.88,92.57,92.62,3911175
2025-11-04,89.85,92.32,89.65,92.25,2243385
2025-11-05,90.79,91.65,89.86,90.47,8579048
2025-11-06,90.48,90.48,87.14,87.18,7269577
2025-11-07,86.44,87.48,84.04,87.15,5083204
2025-11-10,87.51,90.24,87.5,89.02,3512981
2025-11-11,90.38,91.66,89.21,90.22,4283558
2025-11-12,90.88,92.77,90.42,91.39,3401825
2025-11-13,91.3,92.12,89.01,89.31,3828260
2025-11-14,88.21,89.75,87.45,87.58,2321503
2025-11-17,87.33,88.0,85.1,85.51,3659966
2025-11-18,85.27,87.67,84.61,87.46,3142145
2025-11-19,87.38,87.62,84.96,85.33,3513521
2025-11-20,86.67,88.71,85.42,86.02,2916873
2025-11-21,86.69,89.33,86.01,89.29,2933375
2025-11-24,89.39,93.28,89.05,92.76,3734036
2025-11-25,91.1,92.97,90.18,91.32,2920565
2025-11-26,91.61,94.34,90.88,93.06,2640651
2025-11-28,93.49,94.05,93.33,93.78,1012720
2025-12-01,93.15,95.76,92.72,94.42,3096172
2025-12-02,95.48,99.59,95.36,99.33,4870794
2025-12-03,99.96,101.78,99.69,101.71,4253240
2025-12-04,101.94,103.7,101.2,103.5,4941925
2025-12-05,103.31,105.44,102.77,104.8,3807235
2025-12-08,105.45,105.45,102.4,102.46,3775489
2025-12-09,102.14,103.57,101.83,102.32,2604997
2025-12-10,102.69,107.33,102.47,106.95,2740988
2025-12-11,106.67,109.28,104.67,105.23,4637674
2025-12-12,104.93,105.59,103.29,103.78,3648550
2025-12-15,104.42,104.56,99.82,100.72,3818106
2025-12-16,104.0,104.45,101.65,104.07,4839062
2025-12-17,103.66,105.93,103.66,104.97,4065522
2025-12-18,105.09,108.87,105.03,107.61,4145551
2025-12-19,108.08,110.03,106.96,107.67,7304202
2025-12-22,108.36,109.1,107.8,108.31,2133968
2025-12-23,107.69,108.63,106.88,107.31,1692397
2025-12-24,107.07,108.8,106.7,107.15,1475106
2025-12-26,107.18,107.42,106.53,107.32,981506
2025-12-29,106.67,108.16,105.83,106.37,2542428
2025-12-30,105.96,106.67,105.22,105.51,1913117
2025-12-31,105.41,105.41,104.01,104.39,1770295
2026-01-02,105.29,106.84,104.56,106.43,2542967
2026-01-05,108.61,109.85,106.79,107.83,2561840
2026-01-06,108.74,110.79,108.12,108.21,2580634
2026-01-07,107.16,107.67,103.42,104.94,3750195
2026-01-08,104.01,110.21,103.68,109.93,3382619
2026-01-09,110.88,113.51,110.66,113.38,3804582
2026-01-12,112.61,113.25,111.4,112.67,3886791
2026-01-13,113.61,119.06,113.16,115.01,5997116
2026-01-14,115.51,117.77,114.33,116.55,4071561
2026-01-15,116.14,117.14,114.44,115.29,4007036
2026-01-16,114.53,115.34,112.52,114.69,2913789
2026-01-20,112.65,114.47,112.15,114.11,3880382
2026-01-21,114.35,117.7,114.17,117.5,2899547
2026-01-22,118.17,119.9,116.81,119.12,3602706
2026-01-23,118.97,119.81,115.65,117.33,2725269
2026-01-26,117.25,117.47,115.93,116.03,2984054
2026-01-27,116.29,117.56,115.48,116.08,3098703
2026-01-28,116.03,117.63,114.03,114.27,3406980
2026-01-29,115.31,115.98,113.19,114.85,2294707
2026-01-30,114.36,115.54,113.54,114.92,2851268
2026-02-02,116.42,119.77,115.48,118.39,4868805
2026-02-03,118.94,121.26,114.57,115.91,3543415
2026-02-04,115.64,119.67,115.39,119.24,5171594
2026-02-05,104.42,105.89,90.53,96.36,18416644
2026-02-06,97.43,104.81,97.39,99.16,8558292
2026-02-09,99.02,100.39,96.74,98.7,4715423
2026-02-10,98.87,103.85,97.95,101.0,4211271
2026-02-11,100.87,106.37,99.69,105.06,4716118
2026-02-12,105.95,110.31,105.87,106.09,5383303
2026-02-13,105.88,108.9,105.67,107.91,3414083
2026-02-17,109.79,112.0,107.86,111.79,4394150
2026-02-18,111.64,113.49,110.84,111.25,5347693
2026-02-19,110.34,111.91,109.64,111.39,2067417
2026-02-20,110.89,114.14,110.89,113.88,2667207
2026-02-23,114.64,115.03,110.54,112.67,3556638
2026-02-24,113.29,117.21,112.15,114.93,3379715
2026-02-25,114.27,114.7,111.06,112.57,2900592
2026-02-26,112.65,113.7,109.84,111.55,3531898
2026-02-27,109.58,110.73,107.28,109.47,5885215
2026-03-02,106.75,106.95,99.98,100.19,5245065
2026-03-03,97.16,99.91,94.88,98.71,5841891
2026-03-04,99.83,102.85,98.12,99.21,3580473
2026-03-05,98.0,99.11,95.04,95.87,3354185
2026-03-06,93.7,94.2,92.5,92.72,4607423
2026-03-09,91.0,92.76,88.17,92.63,4666235
2026-03-10,92.0,96.36,91.32,94.27,4947605
2026-03-11,93.93,95.16,91.49,91.54,2854676
2026-03-12,88.37,89.25,84.11,84.29,5679588
2026-03-13,84.92,88.18,84.6,87.88,4275524
2026-03-16,88.3,90.38,88.29,88.76,3365606
2026-03-17,89.9,91.99,88.72,88.91,2578699
2026-03-18,88.02,89.18,86.0,86.02,3541609
2026-03-19,84.34,87.41,84.05,85.6,3755334
2026-03-20,85.32,86.67,84.5,85.92,5640415
2026-03-23,87.64,91.06,78.01,79.29,9878834
2026-03-24,77.24,77.28,70.47,71.48,19705825
2026-03-25,72.78,74.38,70.58,73.11,6761812
2026-03-26,71.5,72.86,69.13,69.75,5360331
2026-03-27,69.0,69.23,67.02,67.23,4195124
2026-03-30,67.73,68.26,66.64,67.98,5266969
2026-03-31,69.08,72.0,68.11,71.77,5428745
2026-04-01,72.32,73.9,70.15,70.71,7895065
2026-04-02,68.31,69.49,66.22,69.12,8326266
2026-04-06,68.7,71.35,68.7,70.91,4161135
2026-04-07,70.06,70.53,68.17,69.17,4225171
2026-04-08,72.06,73.49,71.01,71.44,4558681
2026-04-09,70.49,74.63,69.6,73.29,3494033
2026-04-10,73.54,74.4,71.8,72.67,4912393
2026-04-13,72.05,74.83,71.85,74.55,4792913
2026-04-14,74.97,76.51,74.65,76.42,3927661
2026-04-15,76.7,77.0,74.86,76.6,2726853
2026-04-16,76.06,76.79,74.22,75.34,3201613
2026-04-17,76.87,78.88,76.0,76.2,4179463
