Date,Open,High,Low,Close,Volume
2016-04-25,102.46332556553968,104.16307686244387,102.46332556553968,104.01972961425781,264800
2016-04-26,104.4566508065117,105.28263205976609,103.7671838449816,104.75701141357422,261000
2016-04-27,105.15975687589116,105.84239079210445,104.39519980673876,105.50789642333984,368300
2016-04-28,104.63408059283242,105.61707467365132,104.46342218758365,104.81156158447266,225300
2016-04-29,104.2040525412854,104.58633624504974,102.96848694523827,103.81495666503906,466600
2016-05-02,104.25185200750417,105.57616346506762,104.05388233971708,105.34407043457031,217100
2016-05-03,104.90032929632271,105.83553422011873,104.79793839815694,105.59661865234375,338900
2016-05-04,105.47376502698062,107.33053015431902,104.85257606548055,107.03700256347656,381400
2016-05-05,106.60008844496646,107.84930945207518,105.31673366727054,107.2144546508789,346900
2016-05-06,106.21783717433848,107.56262676743584,105.66489497529605,107.55579376220703,429900
2016-05-09,107.7401019516279,108.98249014402269,107.46021957284235,108.85279846191406,526100
2016-05-10,109.50130308949038,109.5422594556659,108.18381428590133,108.52513122558594,267500
2016-05-11,108.45687364259402,108.45687364259402,105.46011134109895,106.19735717773438,393100
2016-05-12,106.20415268640613,107.28271518631117,105.19385772321753,106.87313079833984,313300
2016-05-13,106.64105271180003,106.64105271180003,104.79111053688892,105.97889709472656,384400
2016-05-16,106.1837101489338,107.18034985606613,105.80825940330156,107.03700256347656,281100
2016-05-17,106.75027387676802,107.14620271920866,104.02656134405478,104.44979095458984,349700
2016-05-18,104.16991311380016,104.38152790706756,102.1766134225021,103.10499572753906,390100
2016-05-19,102.46331638318033,103.22786274809424,101.30283082994067,102.82511138916016,326300
2016-05-20,103.56236872804764,104.21769128191244,102.86607940042263,104.1767349243164,367600
2016-05-23,104.24502002712536,104.85256373820559,103.38489470804222,103.47364044189453,275200
2016-05-24,104.14942342084552,105.18701909352276,104.14942342084552,104.61360931396484,434200
2016-05-25,104.6614127334488,104.68871350064522,103.37805793576182,104.02655792236328,343300
2016-05-26,104.01975183588587,104.88668934607983,103.6306455325,104.64777374267578,201300
2016-05-27,104.9276368199851,105.54200301987933,104.62044330387373,104.85254669189453,186200
2016-05-31,105.09146023645371,105.09146023645371,103.93780757071013,104.57266235351562,303700
2016-06-01,104.61363749060459,105.27579315825928,104.12896287409302,105.03004455566406,363700
2016-06-02,104.72967389428135,105.66487884521484,104.43614636691227,105.66487884521484,259700
2016-06-03,106.25877101071666,107.0506286530384,105.70583934508029,106.28607177734375,280400
2016-06-06,106.6956750276779,107.1120821013694,105.21436079272056,105.91747283935547,346700
2016-06-07,106.32703733228506,106.68883241433285,105.86967393452964,105.92428588867188,242400
2016-06-08,106.0608225927447,106.559152824739,105.57615837104213,106.3611831665039,346400
2016-06-09,106.49768537730276,107.64451546990558,106.38163889215106,107.25540924072266,392200
2016-06-10,106.86632558101931,107.76057421007067,106.11542421974279,107.18716430664062,258700
2016-06-13,107.51482863172089,108.47734483554177,105.46010454546764,106.96871948242188,346900
2016-06-14,107.04381031650612,107.11207786667441,106.23147438386592,106.62740325927734,285000
2016-06-15,106.52499189646431,107.71960088187383,106.34067787933243,107.26223754882812,337600
2016-06-16,106.99603660796866,108.43639449131618,106.64788666768035,108.38178253173828,332700
2016-06-17,108.1974630712492,108.1974630712492,106.8253728098814,107.39196014404297,696300
2016-06-20,107.83832838076478,108.71048745128165,107.4674949491525,107.59110260009766,342600
2016-06-21,107.59109591788842,108.30530834158074,107.13784693501938,107.87952423095703,248400
2016-06-22,108.03750517328356,108.28472051444223,107.48811329800348,107.91388702392578,230100
2016-06-23,108.54566862640019,109.12939937591145,107.77652639730232,108.34651947021484,194700
2016-06-24,105.11887761260235,109.02640382706132,104.96779457682035,107.68040466308594,707900
2016-06-27,107.13781231574326,109.60320557386274,106.97986577412331,109.2667007446289,390300
2016-06-28,110.07708258332187,111.58791255113775,109.65817254293225,111.54669952392578,431200
2016-06-29,112.04803364626135,112.95452121699196,112.04803364626135,112.61115264892578,402400
2016-06-30,112.85837453801362,113.73739720359208,111.78020272049898,113.6893310546875,438800
2016-07-01,114.25935090806958,114.6095831451632,113.34598907694158,113.8129653930664,255600
2016-07-05,114.0464230268381,115.619046206947,113.81292447394614,115.52290344238281,343500
2016-07-06,114.98724372027435,115.89373110156488,114.62327395248971,115.67398071289062,576400
2016-07-07,115.35122586396355,115.35122586396355,113.21547316863338,114.20437622070312,336100
2016-07-08,114.71943945051912,115.29629612374794,114.19064892733753,115.2413558959961,343600
2016-07-11,115.30313399076793,115.90060228499809,114.34170641661258,115.48855590820312,323000
2016-07-12,115.43365306453012,115.43365306453012,113.61380368185186,114.513427734375,336600
2016-07-13,114.50655358182289,115.21389199207384,114.22498884176417,115.10401153564453,278700
2016-07-14,114.53403980656084,115.21391346882665,113.10562504304359,113.4970703125,462600
2016-07-15,113.82669158675138,114.13572123286023,113.13309078292679,114.03271484375,324900
2016-07-18,113.97087859310578,114.40351578309024,113.43521408575924,113.96400451660156,231200
2016-07-19,113.99832832892984,114.6026601696643,113.35966802533218,114.56832122802734,224000
2016-07-20,114.62331403295983,114.62331403295983,113.93657680021131,114.10826110839844,367300
2016-07-21,113.84043775042191,114.56151396427616,113.20176665399823,114.32115173339844,443600
2016-07-22,114.27305787283017,115.2207584955629,114.22499172116636,114.76750946044922,342900
2016-07-25,114.98039819655209,115.32376677812756,114.01210676038014,114.92546844482422,372400
2016-07-26,115.13148511122122,115.22076429866429,114.14259236495482,114.44474792480469,304100
2016-07-27,114.53400228081865,114.53400228081865,112.87209990745104,113.86786651611328,246300
2016-07-28,113.94344090851851,116.25087843999889,113.94344090851851,115.85944366455078,337700
2016-07-29,115.82506661395995,117.48696892059866,115.44735916272953,116.53926849365234,496500
2016-08-01,116.71098608614022,117.17109875679435,116.40882003883826,116.98568725585938,246800
2016-08-02,116.34014530808774,116.60797238252817,114.89112947489018,115.00787353515625,498800
2016-08-03,115.21387574545572,115.21387574545572,113.88846781377202,114.3897933959961,321400
2016-08-04,114.63704807912745,114.63704807912745,113.64128112792969,113.64128112792969,261900
2016-08-05,114.54774765898583,114.76749807681013,112.28837678545726,112.92017364501953,469000
2016-08-08,112.92021231352193,112.92021231352193,111.1141002904395,111.5536117553711,438800
2016-08-09,111.67031860342836,112.10296632325691,110.58527274397557,111.75959777832031,388000
2016-08-10,111.93816770725103,112.21285840581879,111.10034745420737,111.38191223144531,369800
2016-08-11,111.47114823416119,111.47114823416119,109.29418285242949,109.76116943359375,324200
2016-08-12,109.69936090706625,111.1827047111395,109.69936090706625,110.02899169921875,252000
2016-08-15,110.15265291234357,110.56469946209903,109.49339100726968,109.603271484375,226300
2016-08-16,109.39036301187126,109.46590452235566,107.76279921544493,108.01002502441406,421900
2016-08-17,108.16794969299893,109.04010868636038,107.44001009175862,108.9920425415039,361100
2016-08-18,109.19805335586409,109.60323617480971,108.54565526124244,109.00576782226562,291800
2016-08-19,108.6280727619781,109.28734500875144,108.16109654954535,108.39458465576172,450600
2016-08-22,108.21606436736194,109.11568854856898,108.04438004335205,108.4770278930664,372500
2016-08-23,108.8615723254158,109.08819683481927,107.87953278466752,108.16796112060547,279400
2016-08-24,108.38084315859703,108.59372996139939,107.27519612059325,108.42890930175781,243900
2016-08-25,108.54568173494505,109.64446546244571,108.32593127671186,109.56892395019531,430200
2016-08-26,109.82299905577872,110.73636068352083,108.67614932196696,109.25988006591797,590200
2016-08-29,109.98091893771898,111.29258903412233,109.8573113158712,110.32428741455078,379700
2016-08-30,110.50977183035505,110.86000410245589,108.67618438445018,109.32858276367188,325200
2016-08-31,109.2186880239678,109.45905025384782,107.96196807325238,109.19122314453125,645600
2016-09-01,109.10192496349997,109.2461443720879,108.07869334177542,108.55254364013672,259900
2016-09-02,108.85471518002642,110.56469466490607,108.8341139013104,109.5208511352539,269400
2016-09-06,109.49336430930167,109.99467945553697,108.58686631238434,109.9878158569336,606300
2016-09-07,109.85050180923358,110.48916246080645,109.21869427943874,110.44795989990234,362700
2016-09-08,109.86420152078239,110.39299203722662,109.17060080195948,110.2007064819336,816600
2016-09-09,109.060707964278,109.45901670609422,106.0871353149414,106.0871353149414,467400
2016-09-12,106.21075256462318,108.99203965780073,106.21075256462318,108.545654296875,617500
2016-09-13,107.87953881776612,108.2572463545616,105.7781247678572,106.04595184326172,552800
2016-09-14,106.05282590900066,106.67089570623953,105.75067032852184,106.14210510253906,299500
2016-09-15,105.8605051586828,106.5472421638738,105.72315985339962,106.4167709350586,218800
2016-09-16,105.92229954414904,106.55409621272095,105.5720570309162,106.51289367675781,642200
2016-09-19,106.73266035168183,107.4605998750887,106.73266035168183,107.22711181640625,213400
2016-09-20,107.80761100892956,107.82834239821918,106.54985048557842,106.56367492675781,247800
2016-09-21,106.52223659048973,107.69706128129562,105.1539118586081,107.58648681640625,402200
2016-09-22,108.24301336689288,109.61824501360451,108.24301336689288,109.5767822265625,356700
2016-09-23,109.07920733470345,110.28168087978679,107.93893851494038,109.8117446899414,304300
2016-09-26,109.66661834441489,110.67558124835887,109.43165553609482,110.22638702392578,286700
2016-09-27,110.39224434306276,110.6755768736798,109.30725231729892,109.45928955078125,312600
2016-09-28,109.37637658036714,109.88776502009613,109.05157068461217,109.74264526367188,340200
2016-09-29,108.92024816490844,109.21049817831607,107.15800614889964,107.33769226074219,323000
2016-09-30,107.9803883214796,108.21535111567678,106.35635906314062,106.37709045410156,698000
2016-10-03,105.22300660994131,106.0177486650607,102.12699559550384,102.33432006835938,1059000
2016-10-04,102.2583024495481,102.29976523553377,100.71029165466427,101.58795928955078,973600
2016-10-05,101.87131393531735,102.16847096520797,99.1899409913646,100.0261459350586,587700
2016-10-06,99.58383576432348,100.73101137518488,98.95495546318503,99.99847412109375,352300
2016-10-07,100.6411769003454,101.68469553789068,99.74277799410194,100.34400939941406,542900
2016-10-10,100.68958285698605,101.4981390000338,100.24729546561899,100.71723175048828,249600
2016-10-11,100.33018120569969,101.10419174188246,99.19681955642533,99.6529312133789,478000
2016-10-12,99.63911027366413,101.35298252154472,99.52854637457456,101.16638946533203,430300
2016-10-13,100.7033577298764,102.82495055586469,100.55132052534796,102.7904052734375,561300
2016-10-14,102.81809326681088,103.23274230578177,101.71236952619725,101.76074981689453,411000
2016-10-17,101.76070936741495,102.61764545300997,101.726153537076,101.7952651977539,233500
2016-10-18,102.0855521588714,102.68678375364314,101.45667167183271,101.65708923339844,276300
2016-10-19,101.85750305340733,102.19613346403783,101.2286225243636,102.11319732666016,330300
2016-10-20,101.93350891599786,102.01643449801622,100.69648995605485,101.56033325195312,381200
2016-10-21,100.87615533740586,102.13390556532799,100.82777505615911,101.82984161376953,333800
2016-10-24,102.2790404828742,102.97702203052388,101.58105893522452,102.34815216064453,279000
2016-10-25,101.95422797352039,102.54855251097477,101.53957902368307,102.17537689208984,400800
2016-10-26,101.96806077334134,101.96806077334134,100.44078124607455,101.09039306640625,439500
2016-10-27,100.95217640027282,100.95217640027282,98.25697919825483,98.92732238769531,325700
2016-10-28,99.16233951204109,100.06072843080113,98.69240310464473,99.31437683105469,468400
2016-10-31,99.8671943877833,100.46843650694295,98.94806383317129,100.3647689819336,752200
2016-11-01,100.10905112898539,100.10905112898539,97.77321597639656,98.04965209960938,464200
2016-11-02,98.20170134015217,98.8167572901956,96.81955218994572,97.10980224609375,559900
2016-11-03,96.22524387180607,96.22524387180607,92.87352739896055,94.89146423339844,1111900
2016-11-04,95.05040373259368,95.65855280545259,94.27640349074592,95.53416442871094,929700
2016-11-07,96.56383262286607,98.0358246165598,96.0869895519535,97.96671295166016,504100
2016-11-08,97.72488613622819,98.47124815612408,97.16511725754732,98.23627471923828,407800
2016-11-09,96.15612492656976,96.71589369741935,94.01378932594912,96.0870132446289,563800
2016-11-10,96.31505114197718,96.31505114197718,93.46782753345978,94.66338348388672,603100
2016-11-11,94.47682577812152,96.56386375547814,94.47682577812152,94.91911315917969,361300
2016-11-14,94.60809598366956,96.47400559235108,93.88247618580468,96.0455322265625,666900
2016-11-15,96.1699428202743,97.32403612432013,94.76014474643718,95.36829376220703,485000
2016-11-16,95.47195436362925,95.95571503273031,94.62884248514581,95.48577880859375,317100
2016-11-17,95.41667008250712,96.20449466341641,94.88453971580844,94.9260025024414,405700
2016-11-18,94.89837966890164,95.51343570938477,94.54592483499782,95.23699951171875,526900
2016-11-21,95.67925862244138,96.266676142135,95.39591555788519,95.78983306884766,417000
2016-11-22,95.85895273800134,97.42768432941578,95.78984106698691,97.26183319091797,341900
2016-11-23,96.80570284636458,97.24799003887107,96.10772150122482,96.85407257080078,293600
2016-11-25,97.0199571386785,98.07039342335621,96.90247572877443,97.42768859863281,131100
2016-11-28,97.17890497635419,98.35374020933834,97.04759911772928,97.55899810791016,263200
2016-11-29,97.54517233416415,98.55414585645602,97.46224675930442,97.99437713623047,369300
2016-11-30,97.31714666286422,97.9045538450546,96.33581128562697,97.04071044921875,581900
2016-12-01,96.45327586171662,96.8264514629033,94.5113476018694,94.8292465209961,527300
2016-12-02,95.37518742362717,97.13742949791532,95.09185489435697,95.56868743896484,384500
2016-12-05,95.41664767764455,96.57764761059613,95.24387907726782,96.37032318115234,343700
2016-12-06,96.75735176620677,97.42078802758762,95.94879574277995,96.71588897705078,315900
2016-12-07,97.06835021328219,98.174063328976,97.06835021328219,98.02202606201172,390100
2016-12-08,97.40694433963199,98.11184325091237,96.3496012451912,97.98053741455078,366900
2016-12-09,97.9183794619691,99.13466718165213,97.40007341827454,97.78016662597656,280500
2016-12-12,97.3240640594931,98.22937034830011,97.1236464649692,97.68342590332031,396500
2016-12-13,98.33299124080595,98.8236588019128,96.97849105331431,98.19477844238281,650800
2016-12-14,98.49884373604345,98.7061681868153,95.7483702876852,95.78983306884766,473700
2016-12-15,95.64473767166665,96.92323013022903,95.08496883190547,95.42359924316406,346200
2016-12-16,96.28741288304995,97.66265495612598,96.2044873161172,96.93010711669922,793200
2016-12-19,97.7386667171219,98.75454713022093,97.2411027517907,98.19477844238281,318800
2016-12-20,97.77320506773343,98.65087252545197,97.37238064251517,98.22931671142578,275400
2016-12-21,98.38827681113685,99.14846300709443,96.56384048579903,96.61222076416016,351600
2016-12-22,96.25286601853284,96.62605219442871,95.31991112375432,96.55003356933594,299300
2016-12-23,96.80571480004778,96.97848342071929,96.12154726600315,96.51546478271484,222300
2016-12-27,96.41871745466764,97.23418030530337,96.30814300357669,96.81954193115234,312100
2016-12-28,96.76426563441949,96.95776567320306,95.5479676249671,96.010986328125,358200
2016-12-29,96.24066246809686,97.63958642385907,96.01098648374082,97.4725570678711,471600
2016-12-30,97.41690533296392,99.39349783122371,97.25683194708655,98.90631103515625,440000
2017-01-03,99.47002309073159,99.83193771185987,98.48868318991349,99.80409240722656,518600
2017-01-04,99.95025861753304,100.63231993635003,99.65794662375431,100.37480926513672,410100
2017-01-05,99.5883442182292,101.25174549008064,98.85060290550709,101.1195068359375,451000
2017-01-06,100.72978116616572,101.47448929023457,100.24259439428079,100.56275177001953,414000
2017-01-09,100.87591668864131,100.92463004342413,99.20554881558147,99.30298614501953,365000
2017-01-10,99.11510030974074,99.16381367542823,97.98759882256495,98.26599884033203,394300
2017-01-11,98.14069274267423,98.73923936310497,97.15936344651371,97.27767944335938,309400
2017-01-12,97.27765994149826,97.89011847180586,96.66519079132053,97.8692398071289,329400
2017-01-13,97.50039042058373,98.05022369618534,96.97840245051438,97.56302642822266,300700
2017-01-17,97.91796448442838,98.48170967455223,97.84140584009859,98.3355484008789,378400
2017-01-18,98.5235184462382,98.6348784633841,97.68833955739545,98.50263977050781,289100
2017-01-19,98.13374347789498,98.13374347789498,96.72785283181034,96.915771484375,279000
2017-01-20,97.01322081647585,98.00848357659667,96.91578346973931,97.93888092041016,313200
2017-01-23,97.58392511988757,98.82973185574738,97.58392511988757,98.63485717773438,259400
2017-01-24,98.64878560765135,99.12204967628547,97.70224685050903,98.10591888427734,411300
2017-01-25,98.21723604321983,98.53739328216984,97.44469355649082,97.97364807128906,414800
2017-01-26,98.0293539374471,98.5652539891213,97.63959396367486,97.99455261230469,295000
2017-01-27,98.32861977512806,98.32861977512806,96.8600930938343,97.22200775146484,279500
2017-01-30,96.77658212531044,97.36120616554561,96.28939542511446,96.83921813964844,320000
2017-01-31,97.04801265186802,97.95975001140906,96.97145398550113,97.73703002929688,1552200
2017-02-01,97.24984102390536,97.77182902217419,95.37764237093485,95.69779968261719,557900
2017-02-02,95.87178267818702,97.52126113062523,95.84394799479891,97.5143051147461,434200
2017-02-03,98.00848072556614,98.30774877473911,96.92970330530217,97.39601135253906,325100
2017-02-06,97.37512075772655,97.78574875533181,96.98537142983866,97.29159545898438,253300
2017-02-07,97.57001607311736,97.91104149726357,96.81835194457834,97.21505737304688,314600
2017-02-08,97.25679908930852,97.91798170487071,97.02015647984527,97.66742706298828,297600
2017-02-09,97.76486594597574,98.88540052614317,97.45167529360383,98.84364318847656,283500
2017-02-10,98.5513554608347,99.51877296108144,98.50958749301572,99.49789428710938,251600
2017-02-13,99.74841940136989,99.74841940136989,98.50955826728091,99.49089813232422,347100
2017-02-14,98.91323359881773,99.52570286093639,97.44470706887196,98.18941497802734,512100
2017-02-15,97.50736869047878,98.02239008567591,96.83226331905269,97.42384338378906,489300
2017-02-16,97.67440659616447,98.48175070548821,97.54216791723864,97.7857666015625,304700
2017-02-17,98.07112126769987,98.27295198228381,96.9227411402842,97.89712524414062,378100
2017-02-21,97.79272971394995,99.30301405464937,97.5491416318293,99.17774200439453,440700
2017-02-22,99.01762686862219,99.6927320633177,97.8692471261588,98.51651763916016,350600
2017-02-23,98.9758728737685,99.36562214985506,98.3564476414442,99.10810089111328,357500
2017-02-24,99.29603646908961,99.29603646908961,98.35646443662789,99.06636047363281,332500
2017-02-27,99.30997011782132,100.07554623423165,98.5513500190593,98.98285675048828,362900
2017-02-28,99.05937914990945,99.05937914990945,97.521250222934,97.94580078125,418500
2017-03-01,97.36120552241054,97.43776419049802,96.25459346358811,96.72090148925781,626900
2017-03-02,96.30330446088793,96.42858710553658,94.79302042736951,95.18276977539062,584800
2017-03-03,95.4333159057488,95.47507324360429,93.31752936871658,93.97175598144531,549400
2017-03-06,93.964815402237,93.964815402237,93.26187524037137,93.47067260742188,416000
2017-03-07,93.53328714532614,93.79776445749336,92.50323382300706,92.8373031616211,323000
2017-03-08,92.32225057020447,92.67024248433245,90.58925763456422,90.82588958740234,540100
2017-03-09,90.86766406533793,91.34093868019512,88.59179885383936,88.69619750976562,523000
2017-03-10,88.69620900290693,89.90257395753945,88.3876011523036,89.06092834472656,659300
2017-03-13,90.18312487545067,90.18312487545067,89.06793181049376,90.00077056884766,597700
2017-03-14,89.7763237076528,91.22115970497535,89.50278689944291,90.91255187988281,654000
2017-03-15,91.10889880701312,93.69698252393478,90.91251403682311,93.29720306396484,527100
2017-03-16,93.07279535661945,93.53570709129029,92.75016768857981,93.28321075439453,555000
2017-03-17,93.78818699097907,94.6158071877625,93.22007300807354,94.51060485839844,1347700
2017-03-20,94.48255727368895,95.03664072839038,93.89339210526586,94.29318237304688,545800
2017-03-21,94.25111876888235,94.74909083709157,93.78119709376955,94.45451354980469,691300
2017-03-22,94.46150857930382,95.09275469725526,92.5187007740685,93.3603515625,658700
2017-03-23,93.28320955551541,95.33123061638344,93.14994611523151,94.49658966064453,485300
2017-03-24,94.51764660391153,95.05070045795588,94.27217085201995,94.54570770263672,395600
2017-03-27,94.31422531279053,95.29614944896157,92.76417645979505,93.10084533691406,675200
2017-03-28,93.0938544949292,93.66898931737204,92.13297051840878,93.46558380126953,519000
2017-03-29,93.26217727815205,93.77417991279926,92.8834273933218,93.38842010498047,491400
2017-03-30,93.24111317223134,93.66193319049566,92.58882662577543,93.52165985107422,289900
2017-03-31,93.52168052620341,93.98459228058432,92.83433351956556,93.63390350341797,416900
2017-04-03,93.63393250265808,94.58079677512819,93.5778209966726,93.87239837646484,405900
2017-04-04,93.71805020448652,94.17395196225762,93.28319961593384,93.3603515625,345200
2017-04-05,93.58478677840219,93.87235409761884,93.07980486707964,93.3603515625,278400
2017-04-06,93.12188580117565,93.77416168400467,92.74313598997071,93.3603515625,341600
2017-04-07,93.33932033275497,93.67597854101078,92.89744907667634,93.09383392333984,393100
2017-04-10,93.05176148695874,94.20202028058586,92.80628575728666,93.94952392578125,347700
2017-04-11,93.98457651382311,95.24003741650803,93.94249557997014,94.7420654296875,410700
2017-04-12,94.35630657670217,94.95248168428517,94.25811416274185,94.59477233886719,424100
2017-04-13,94.72803629216014,94.88234018669445,94.2511047651781,94.50360107421875,344000
2017-04-17,94.55971157448406,95.71698006933003,94.55971157448406,95.70294952392578,318700
2017-04-18,95.63282482482063,96.2500297371402,95.53463240453084,96.12378692626953,347800
2017-04-19,96.21494627356967,96.87424273971457,95.92036905081403,96.42536163330078,334700
2017-04-20,96.55161925511075,96.55161925511075,95.65385700392686,96.24301147460938,288100
2017-04-21,96.1307882521692,96.29210206346931,95.33121841497402,95.5135726928711,304600
2017-04-24,95.94142517648098,96.01857713090308,92.86939895079061,93.80924224853516,483300
2017-04-25,93.89341417166631,94.48958940164202,93.45856349230729,94.41243743896484,366100
2017-04-26,94.15291381073,94.53165292907892,92.90446279171631,92.97459411621094,731800
2017-04-27,92.9746007329548,94.13188004226875,92.9746007329548,93.39543151855469,488700
2017-04-28,93.04475556534233,93.21307934100244,91.24220998504718,91.80331420898438,670700
2017-05-01,92.04176736320652,93.41647198761753,91.2001164941782,93.39543151855469,503000
2017-05-02,93.47258682986322,95.05068627928787,93.09383696878508,93.85132598876953,640000
2017-05-03,94.01262620954918,94.04769722155834,92.34335520005065,92.792236328125,599700
2017-05-04,93.72509822718479,95.03667100005458,90.19716952520166,92.16101837158203,811800
2017-05-05,92.2101034111418,93.38841250770669,92.05579950056713,93.12890625,404200
2017-05-08,93.24112219571545,93.59882085118215,91.3123341610437,91.48767852783203,366800
2017-05-09,91.62096134702226,91.65602166606244,90.62500641716909,91.56484985351562,395400
2017-05-10,91.53676143883742,92.81327345528089,91.13698188239482,92.58181762695312,379200
2017-05-11,92.21713263275754,92.21713263275754,90.57591146099392,90.98271179199219,411700
2017-05-12,90.90552797580915,91.01073030810488,87.86154718570603,87.97377014160156,835900
2017-05-15,87.93171023987536,89.33446541756514,87.6932390771032,88.77336120605469,618700
2017-05-16,88.68217865287308,88.68217865287308,85.89069366455078,85.89069366455078,927600
2017-05-17,85.6522355589607,86.87263110062267,85.37869871946899,86.24840545654297,729700
2017-05-18,86.30451055152112,87.32852114287464,85.47688482000444,87.1742172241211,710700
2017-05-19,87.34253252508616,89.15910289343273,86.68323601326578,88.08599090576172,750500
2017-05-22,88.1982352109457,88.87155708016726,87.61609050541188,88.71024322509766,847900
2017-05-23,88.80140684395192,89.0609184486768,87.90364448859174,88.170166015625,532300
2017-05-24,88.21925819907612,89.72722084481228,88.17717726280435,89.3554916381836,471200
2017-05-25,89.5939651526522,90.1971556141471,89.04689152951057,89.34146881103516,418100
2017-05-26,89.39057726050204,89.41162308442253,88.03691821363151,88.5980224609375,406900
2017-05-30,88.43666769061204,88.5278501710099,86.82350299265775,86.84454345703125,524800
2017-05-31,86.96380387642228,87.32852321140348,85.75042367036683,86.08708190917969,1898400
2017-06-01,85.95382177293077,87.49685025829389,85.65923913208944,87.1742172241211,524600
2017-06-02,87.87556622254756,88.35951829206982,86.26239622486297,86.52892303466797,541400
2017-06-05,86.1852571361396,86.2904648214232,85.05603903967166,85.37867736816406,557200
2017-06-06,85.46281911941658,86.29044451051178,84.51596087690454,85.69427490234375,427000
2017-06-07,85.85564136627949,88.10706299798946,85.77147412123999,87.66519165039062,570400
2017-06-08,87.66516376830556,87.94571581145358,86.0800546240268,86.18525695800781,589900
2017-06-09,86.21332790924293,87.81246788093435,85.61715805679113,87.44775390625,623200
2017-06-12,87.35658300997159,89.15210796985205,87.35658300997159,89.03287506103516,577300
2017-06-13,88.80841456782281,90.26026567401131,88.24029519508103,89.69214630126953,744500
2017-06-14,90.43565252602703,90.45669300322052,88.61908129606391,89.06796264648438,387200
2017-06-15,88.61203534181433,90.34443871214457,88.61203534181433,90.00077056884766,480200
2017-06-16,90.19013278096344,90.27430536088931,87.5178861405499,87.93170166015625,935900
2017-06-19,87.77741757835226,88.1210911426846,87.0549994253102,87.80547332763672,744500
2017-06-20,87.60750145772667,88.57597170159596,86.64610183567802,87.54387664794922,535600
2017-06-21,87.69236484770936,87.87615793590739,86.780448457904,87.18338775634766,460400
2017-06-22,86.99250753704655,88.01753221323146,86.61784539079828,87.79132080078125,404900
2017-06-23,87.89734211231409,89.2051322376145,87.28940340001148,88.39925384521484,1539600
2017-06-26,88.69616221183827,91.1915582530431,88.69616221183827,90.28671264648438,605500
2017-06-27,89.88377832752448,90.6543144957969,89.76360469362598,90.08878326416016,453400
2017-06-28,90.30086817293727,91.19157812051931,90.08172734672276,90.57656860351562,517400
2017-06-29,90.54118401364401,91.29050812853,89.6999579948767,90.27962493896484,500500
2017-06-30,90.64724142400544,90.82396926547051,89.04962562034144,89.34652709960938,403700
2017-07-03,89.84135092227842,91.46018377480564,89.68583497289669,91.2198257446289,274000
2017-07-05,91.26931176411222,91.32586595840942,88.8728830621425,89.2546157836914,603900
2017-07-06,89.02133355559677,89.57272346535993,88.3356287830383,88.63253021240234,436000
2017-07-07,88.69616423746061,89.58687401132971,88.48408868400902,89.26876068115234,341300
2017-07-10,89.5232510114457,89.57980521262543,88.15184129601715,88.19425964355469,471300
2017-07-11,88.18010341422003,88.75270516559144,86.92887293721718,88.25079345703125,422400
2017-07-12,89.03546724723131,90.27256189953754,88.49114797327063,88.65373992919922,439200
2017-07-13,88.66081732332928,89.77066789080409,88.59012726930202,89.5444564819336,322900
2017-07-14,90.01103102946247,91.05725689484608,89.65757532485605,90.67552947998047,418800
2017-07-17,90.5694881801963,91.59451837416202,90.39983094858258,91.19863891601562,323200
2017-07-18,91.0572569346099,91.4036474084558,90.26551960766166,90.986572265625,454900
2017-07-19,91.14207243591588,91.86312501147414,90.75327983440165,91.84898376464844,384900
2017-07-20,92.06813061094412,92.71848770559836,91.71467496472268,91.89846801757812,348900
2017-07-21,92.50639978747981,92.7538230213852,91.29757689297831,92.2377700805664,326600
2017-07-24,92.42160601541214,92.824539929208,91.09967428104125,92.78919219970703,410900
2017-07-25,92.73969174021447,93.48195073506277,92.16001931809733,93.40419006347656,483900
2017-07-26,93.48901336978118,94.37971766691113,93.07193831858135,93.80712127685547,387600
2017-07-27,93.70816699117218,95.8359770617598,93.14263575287812,95.45423889160156,437400
2017-07-28,95.45422388177002,95.8500924503436,93.62332635881246,93.88488006591797,459800
2017-07-31,94.1040319277812,94.1040319277812,92.73262223440376,93.75765228271484,761000
2017-08-01,93.9838839618107,95.51788065822954,93.51025454014705,95.00890350341797,598500
2017-08-02,94.78267133444244,94.78267133444244,93.404196414064,93.90609741210938,434700
2017-08-03,93.80007399053511,94.75439789431087,93.17092328539877,94.00507354736328,448200
2017-08-04,93.93440033163405,95.34114726467847,93.65162926941962,94.47164916992188,409200
2017-08-07,94.46455759908395,94.8250784679447,93.89196118934798,94.30903625488281,251900
2017-08-08,94.13228410177085,94.73315206121258,93.0082980482793,93.72933959960938,338600
2017-08-09,93.93438544949402,94.37973227367866,93.31229999779309,93.84248352050781,354900
2017-08-10,93.63038947435749,94.01919280493283,93.08606481155202,93.3405532836914,313100
2017-08-11,93.19919255839923,93.3759204011389,91.27639276646283,91.47432708740234,364800
2017-08-14,91.34000962843197,93.01538588085043,90.57654416506648,92.64778900146484,414200
2017-08-15,92.85280014504163,92.85280014504163,90.88758766645155,91.3824234008789,514900
2017-08-16,91.48846017236659,92.22365397307115,91.46018846615974,91.65104675292969,493500
2017-08-17,91.53087357490377,91.91261172354118,90.87345123291016,90.87345123291016,519000
2017-08-18,90.64016806421198,90.64016806421198,88.97892758209456,89.74945831298828,1342200
2017-08-21,89.74238914495412,90.95121223786776,89.35359115828074,90.55534362792969,465800
2017-08-22,90.65431306213655,90.98656225097083,89.63635901861117,89.67877197265625,433400
2017-08-23,89.57979241863988,90.47756731259776,89.43134170672424,90.18773651123047,420900
2017-08-24,90.45637335888016,91.7076040429589,89.55859834065824,89.67877197265625,587200
2017-08-25,89.81307330058941,90.90878785674688,89.34650930326673,90.71085357666016,419100
2017-08-28,90.68963693638595,90.86636474385827,88.49114797327063,88.65373992919922,379800
2017-08-29,88.6183811293327,89.09908092128177,88.03164358749854,88.86579895019531,373700
2017-08-30,88.7527348570194,89.45257568359375,87.60046573982738,89.45257568359375,276400
2017-08-31,89.68584327122159,90.05343479342538,89.14151852145356,89.72825622558594,507300
2017-09-01,89.86961993263488,91.13499164216809,89.44547428649018,90.62601470947266,342300
2017-09-05,90.64016578433063,91.24104469095093,89.7141137272602,90.23015594482422,341000
2017-09-06,90.49879113241374,91.96916798744833,90.24430262314601,91.41777801513672,395300
2017-09-07,91.8489787315102,92.95883463437566,91.26931708275143,92.2165756225586,678900
2017-09-08,92.03985149134219,92.47814384361206,91.33294017299608,91.46018981933594,403200
2017-09-11,91.65104422482327,92.13881473966843,91.50259889476358,92.0751953125,379500
2017-09-12,92.0610584283581,92.74676327351187,90.54826863099642,90.97241973876953,301800
2017-09-13,91.09966985354092,91.14208281223574,90.15241115398263,90.67552947998047,365900
2017-09-14,90.6755316748986,92.64074457715179,90.51293428048307,92.58419036865234,331400
2017-09-15,92.16709776042173,92.59123806392128,91.7217401944674,91.89846801757812,659900
2017-09-18,91.89845192880198,91.95500611668963,89.89082679852801,90.13824462890625,338200
2017-09-19,90.23015114084019,90.54825904468669,88.53356306928099,88.63253021240234,592800
2017-09-20,88.63253177224811,88.93650382955752,87.81958813848787,88.10234832763672,335400
2017-09-21,88.40165385708556,88.79359665236672,88.03108363082674,88.25912475585938,295400
2017-09-22,88.29477363242047,88.81498999014372,87.61065013922472,87.753173828125,192800
2017-09-25,87.98122339219147,89.30671448584509,87.98122339219147,88.93614959716797,325400
2017-09-26,89.0715416831006,89.83405487653482,88.65109297279196,89.13568115234375,408300
2017-09-27,88.8933627581008,88.8933627581008,87.36833674155487,88.35176849365234,767700
2017-09-28,88.17361047309282,88.75796618082613,87.77453443681287,88.68669891357422,479000
2017-09-29,88.40879817133946,89.19269483026872,88.06673911738,88.51569366455078,325500
2017-10-02,88.72234201438654,88.82923748974163,88.00258494638733,88.38740539550781,304000
2017-10-03,88.44439803545124,88.82209058854053,87.89567058377438,88.80071258544922,253400
2017-10-04,88.84346356282029,89.20690590558628,88.30186939206783,89.17127227783203,192200
2017-10-05,89.38508288831355,90.34713124368959,89.22117577618663,89.85541534423828,234000
2017-10-06,89.28532269780621,89.64163733602703,88.49430376600158,89.56324768066406,296100
2017-10-09,89.64876896672995,90.09059565729349,89.41359999063185,89.86968231201172,221700
2017-10-10,90.09059853348386,90.52530285944755,89.8269291611956,90.32576751708984,276100
2017-10-11,90.36850744831463,91.17378192694467,90.36850744831463,91.08826446533203,209500
2017-10-12,90.99562862542261,91.66550184517169,90.3898894270046,91.5799789428711,447300
2017-10-13,91.8579073706847,93.15489784483718,91.1310279168932,92.41375732421875,598200
2017-10-16,92.071694802564,92.74869039968434,91.55860088448435,91.79376983642578,420000
2017-10-17,91.6512583509733,92.49928899149904,91.4446006302574,92.37814331054688,319600
2017-10-18,92.42089083585566,92.78432784530798,90.6535678717955,91.59423828125,529400
2017-10-19,91.71538424418658,91.91491956850709,90.47541084524497,90.6678237915039,285700
2017-10-20,90.66782565144638,90.66782565144638,89.32095131079379,89.64876556396484,311300
2017-10-23,90.06921860573885,90.2545037498103,89.18555977828534,90.22599792480469,251500
2017-10-24,90.1262437449922,90.43980243005433,88.57271138971404,89.00741577148438,420700
2017-10-25,88.95039523298479,89.05729072285101,86.99779233668835,87.84581756591797,335100
2017-10-26,88.35889784618051,88.35889784618051,85.56539253337606,86.74835968017578,687100
2017-10-27,86.25664532943836,87.04053641938808,85.18770145125337,86.54882049560547,362500
2017-10-30,86.54169122372082,86.93363401900847,85.736416753335,86.21388244628906,485000
2017-10-31,86.1212391963248,86.39916415409404,85.06655100707981,85.88607025146484,755800
2017-11-01,85.96445387189537,86.84099013357881,85.4157318092948,86.72696685791016,488000
2017-11-02,87.13317600978773,91.37332330966632,87.11892581703606,91.28781127929688,630100
2017-11-03,90.7604819838277,90.97427298134396,89.59889800421435,90.19037628173828,614400
2017-11-06,90.1547242606894,90.86022566705807,90.07633461143406,90.4468994140625,400500
2017-11-07,90.5110469783689,92.16434670151044,90.5110469783689,91.65125274658203,406300
2017-11-08,91.80803220583628,92.7415748305322,91.35907227609155,91.83653259277344,288800
2017-11-09,92.1358397100552,94.4091289735609,91.86504796352749,93.66799926757812,515900
2017-11-10,93.62520880403967,94.25231497874314,93.48267429383502,94.07415771484375,374400
2017-11-13,94.45190390128259,95.4139580224121,92.99102220648516,93.27606964111328,530500
2017-11-14,93.00522816753373,93.93164825439453,92.86270450967623,93.93164825439453,458900
2017-11-15,93.92452109792004,94.42335931196646,93.3472932449622,93.77486419677734,319000
2017-11-16,93.24042605467913,94.55879476549818,93.24042605467913,93.99581146240234,405500
2017-11-17,93.70362634477908,95.0861179903747,93.70362634477908,94.42337799072266,427900
2017-11-20,94.4946508447839,94.59441851321813,93.52547454833984,93.52547454833984,482600
2017-11-21,93.95303699888817,94.03855990246501,93.48983233943918,93.78201293945312,353600
2017-11-22,93.50407816022121,94.57302191499285,93.50407816022121,93.8888931274414,278200
2017-11-24,94.17393430751007,94.65140538918133,93.58246170408425,94.0100326538086,111600
2017-11-27,93.86038387473755,93.94589588740322,93.05510950927855,93.13349914550781,237700
2017-11-28,93.49694541561503,93.7606256041103,92.57765856603035,93.43993377685547,476000
2017-11-29,93.4898181694317,94.67278514590166,93.27602725368232,94.13831329345703,426700
2017-11-30,94.31649588138417,94.94360229560641,93.94592558625698,94.21672821044922,578000
2017-12-01,94.72267636753482,94.95784531934262,93.85326783316381,94.45187377929688,388300
2017-12-04,94.63717023872339,95.86289346608696,94.63717023872339,95.18589782714844,481600
2017-12-05,95.40679542289146,95.47092943756718,93.63946727686816,93.7392349243164,408600
2017-12-06,94.02432423736583,94.18822595374593,92.42803047591717,92.7059555053711,405900
2017-12-07,92.61330916561849,93.24041555913888,92.41376295647538,92.52778625488281,465300
2017-12-08,92.96246534511012,93.09786661600262,92.1928246004506,92.84844207763672,283000
2017-12-11,92.9767429172389,93.07651058136189,92.41375969736929,92.49214935302734,333800
2017-12-12,92.88409987180869,93.64661843831725,92.24273785467034,92.99812316894531,843100
2017-12-13,93.11214233875009,94.02430692768986,92.77720571442038,93.61810302734375,463800
2017-12-14,93.71074538364131,94.03855961967153,93.15489544443035,93.16201782226562,421300
2017-12-15,93.74637378211871,94.5445150094412,93.6466061287034,94.06705474853516,847500
2017-12-18,94.23810295310821,95.73461796524768,94.23810295310821,95.40681457519531,355200
2017-12-19,95.24290358123551,95.36406013375853,93.8390229610563,94.08844757080078,490400
2017-12-20,94.33785027190444,94.62289758210527,92.87695834094497,93.01235961914062,308800
2017-12-21,93.25466318293327,93.25466318293327,92.12158529618017,92.15721893310547,384200
2017-12-22,92.52064529094692,93.32591972262858,91.92916178236793,92.91971588134766,314400
2017-12-26,93.17627947519568,94.39488034307904,92.82708720922676,94.0813217163086,282400
2017-12-27,94.51599359066978,95.17873338217605,94.14542344308919,94.98632049560547,309400
2017-12-28,94.8936974236676,95.23575636089416,94.15969029073482,95.2143783569336,291000
2017-12-29,95.26465016668087,95.59493642753382,94.75487407892791,95.35799407958984,292400
2018-01-02,95.55186763516166,96.19089004803344,94.39588203930826,96.03292846679688,346400
2018-01-03,96.03291359448747,96.35601279484878,95.34362580530664,95.67391204833984,380700
2018-01-04,95.62365613019348,95.8749616199567,92.18442579494214,92.29212188720703,404500
2018-01-05,92.48597915324886,92.70138227813568,92.01209446966948,92.16287994384766,347500
2018-01-08,92.22749044077521,93.31168206812708,91.90439125643574,93.2757797241211,447000
2018-01-09,92.78754174896956,93.03167114048146,90.03041234946755,90.06631469726562,399600
2018-01-10,89.62117958077872,89.72888118085125,88.25697209503228,88.91753387451172,543800
2018-01-11,89.18317499935009,89.5062797195312,88.35029415282658,88.46517181396484,348600
2018-01-12,88.32875090027558,88.44363404122214,87.71844927830355,88.17797088623047,258900
2018-01-16,88.31437917983605,89.60678691998078,87.59637609707315,87.63227844238281,446000
2018-01-17,87.98411688086104,88.5944185336836,87.42407523526082,88.1707992553711,496800
2018-01-18,88.14205997379301,88.14205997379301,86.87837301431026,87.63227844238281,711200
2018-01-19,87.81177596907759,88.08461515839373,87.05068900447388,88.03435516357422,475000
2018-01-22,88.07025020101351,89.31957388140036,87.7399640019683,89.29803466796875,370900
2018-01-23,89.41292545020904,89.74320621990545,88.98930624927092,89.56370544433594,454800
2018-01-24,89.57806888350396,89.57806888350396,88.20668032400911,88.47234344482422,419700
2018-01-25,88.46516475294712,89.4775517929409,87.72562240749704,88.42926788330078,566800
2018-01-26,88.61594849038829,88.94622928588349,87.53176766537017,87.86922454833984,402900
2018-01-29,87.51022018611877,87.8117856662668,86.3183378296652,86.97171783447266,370000
2018-01-30,86.87119716782301,87.11532108055445,85.79419247278653,85.80855560302734,585900
2018-01-31,86.13883545174697,87.2301977872648,85.6649507616618,86.73477935791016,1364500
2018-02-01,86.7275986395111,87.33790020378814,84.49460846930792,84.54486846923828,1218500
2018-02-02,83.86277731638768,84.37255893933494,82.26880930997046,82.95809173583984,663500
2018-02-05,82.92217337256358,84.12841875440239,80.64610494570239,80.78970336914062,529700
2018-02-06,79.7629632783098,81.543613410726,78.79366017031818,80.57431030273438,900800
2018-02-07,80.55994987260222,81.99595614824881,79.87784908284178,79.94246673583984,639700
2018-02-08,79.92809529178413,80.63174065572585,77.61612471045483,77.62330627441406,657000
2018-02-09,78.16182023931337,79.45422804909553,76.56785243322506,78.91572570800781,760900
2018-02-12,79.28909417590162,79.63373812471517,76.69710216668118,79.15267181396484,678400
2018-02-13,78.92289880451241,79.61218111763445,77.69511417070797,79.16702270507812,929500
2018-02-14,77.75975648088213,81.1128304434914,76.40273073622134,79.56912231445312,1018500
2018-02-15,79.76296683919946,81.13435547711246,79.76296683919946,80.48815155029297,524800
2018-02-16,80.33019288315354,82.40522161127198,80.33019288315354,82.17546081542969,636500
2018-02-20,81.98160868279045,83.50377749617459,81.65850942179344,82.25444793701172,727100
2018-02-21,82.2544135083241,82.45545345127915,79.76294247685765,79.77730560302734,595500
2018-02-22,80.14352557121363,82.41241301630528,80.14352557121363,81.9098129272461,383400
2018-02-23,82.15393453875865,83.28119947686862,81.56517206429223,83.23812103271484,479700
2018-02-26,83.54684508931835,83.9991850915693,82.85038117304605,83.97764587402344,484300
2018-02-27,83.79096956225298,84.32229586366762,81.47900390625,81.47900390625,595600
2018-02-28,81.93851353975361,82.94371347036869,81.37129044866151,81.80927276611328,458600
2018-03-01,81.457463857528,83.99201984860488,81.17744303741956,83.25247192382812,726500
2018-03-02,82.92217978848319,83.61146213459011,81.94569509534946,83.54684448242188,502100
2018-03-05,83.39605946664098,84.35100488494702,83.15193556907658,83.654541015625,443400
2018-03-06,83.5755658720226,84.16432822263633,82.6206203893414,83.97764587402344,335500
2018-03-07,83.8699503460698,84.50897274293617,83.61146876105312,84.20741271972656,375200
2018-03-08,84.60948941789916,84.84643177448619,83.81968704053835,84.14279174804688,370800
2018-03-09,84.10688213094069,84.10688213094069,82.41239438808581,83.51811981201172,394200
2018-03-12,83.35297592212382,84.52332446235948,83.2883582735588,84.23612213134766,440500
2018-03-13,84.47511391720691,85.53965329957272,84.35924312931961,85.31515502929688,422200
2018-03-14,85.532395045871,85.87999629873734,84.61993208830786,85.40928649902344,423500
2018-03-15,85.73518000747411,85.73518000747411,84.53305094750095,84.8516845703125,577400
2018-03-16,84.72856899893982,85.74241622871804,84.36648109723495,85.37308502197266,816100
2018-03-19,85.13410555843181,85.13410555843181,83.91025220944464,84.35923767089844,689700
2018-03-20,84.3737317125831,84.96755570182825,82.83123358166057,83.45402526855469,460000
2018-03-21,83.63506080684449,83.8161047551384,82.54155933716576,83.0412368774414,322300
2018-03-22,82.80225150056643,84.19991090045899,82.49809901562128,82.5777587890625,489500
2018-03-23,82.89639639693506,83.16433788005054,81.18734123832178,81.47701263427734,557600
2018-03-26,81.93323391197953,82.15772659907007,80.9773222596619,82.01289367675781,448700
2018-03-27,81.94773783726757,83.51919802904223,81.07872354467946,82.17947387695312,667800
2018-03-28,82.38223480268977,84.75753037683175,82.38223480268977,84.48234558105469,543700
2018-03-29,84.86617193419045,84.93134511044916,83.54817207239888,84.08406066894531,463800
2018-04-02,84.15647512476929,84.61270392266648,83.01951925776744,83.75093841552734,506800
2018-04-03,83.7871377872982,84.90236918146648,82.86743695299643,84.74304962158203,370200
2018-04-04,83.93194346466557,86.0755023304344,83.93194346466557,85.87273406982422,353600
2018-04-05,85.83657682939148,85.86554453119076,84.72858847943353,85.65553283691406,479200
2018-04-06,85.49621309809632,85.8148522923372,83.55542128094798,83.8450927734375,334400
2018-04-09,83.96095326166515,84.4895985598408,83.25125846853834,83.63507080078125,369300
2018-04-10,84.04060858077769,84.25061471270404,82.82399294656787,83.83059692382812,334300
2018-04-11,83.72197617513484,85.16308466799444,83.72197617513484,84.22889709472656,337200
2018-04-12,84.37371821428022,84.37371821428022,82.54879222951548,83.2512435913086,350500
2018-04-13,83.39607140504285,83.47572564438154,82.59947376143792,83.42503356933594,262900
2018-04-16,83.51919237680222,84.3519956122881,82.9326062496217,83.80162048339844,272400
2018-04-17,84.00439718189068,85.07617985280775,83.33091343175909,84.38096618652344,291000
2018-04-18,84.6054569777025,84.77201431166112,84.01163306419693,84.10577392578125,361100
2018-04-19,83.93921595025239,83.93921595025239,81.8101374235804,82.29533386230469,329800
2018-04-20,82.54154865684009,82.94708528053738,80.3979837243832,80.52833557128906,436000
2018-04-23,80.62250102022786,81.33943358529604,80.17350999133424,80.767333984375,302000
2018-04-24,80.9918106620001,81.27424427857272,80.13728860809475,80.8324966430664,325500
2018-04-25,80.73837730806167,81.43358557591236,80.1517965406617,81.22357940673828,404500
2018-04-26,81.46252058031509,82.92535854584654,81.29596326816431,82.45464324951172,479600
2018-04-27,82.30983010275507,84.56201192252983,82.30983010275507,84.28682708740234,566000
2018-04-30,84.51131555075392,84.51131555075392,83.63506347604869,83.89576721191406,557000
2018-05-01,83.89575320588925,85.36582898352675,83.71470928204182,85.04719543457031,375500
2018-05-02,85.06893790827691,85.06893790827691,83.05572993106092,83.65679168701172,505300
2018-05-03,84.04061615367532,85.90174801225403,83.56990070947727,85.0110092163086,548900
2018-05-04,84.78650830038235,86.1986489721636,84.78650830038235,85.98139953613281,313100
2018-05-07,86.31451334969795,86.53176276959918,85.43101801037369,86.06829071044922,431800
2018-05-08,85.86551070876438,85.91620278568948,84.65613864139269,85.29341125488281,459800
2018-05-09,85.293433431869,86.03209591628959,84.95306988757946,85.89450073242188,341100
2018-05-10,86.1769191461718,86.53176373682612,85.72792816665412,86.20588684082031,178600
2018-05-11,86.31448157687673,86.67656933511513,85.64823590270233,85.87273406982422,221500
2018-05-14,85.70620366349358,85.98863177966425,84.46786372527848,85.02548217773438,218300
2018-05-15,84.48957557830445,84.48957557830445,83.0774352069864,83.35986328125,500100
2018-05-16,83.78713932078082,84.24337361880416,82.44017186713448,82.6212158203125,466700
2018-05-17,82.780515824391,83.22226340777462,82.01289141229172,82.70809936523438,391800
2018-05-18,82.66465793085575,83.18606532309069,82.32429446509005,83.0919189453125,278800
2018-05-21,83.49023300007327,84.78650841269315,82.58501320285463,84.38096618652344,329800
2018-05-22,84.52578861424135,84.77200570030716,84.07679769109401,84.44612884521484,587300
2018-05-23,84.65614191848508,85.32962555228782,84.1781832960989,84.90235900878906,535500
2018-05-24,84.97479272852225,85.53965454013002,84.16371930164134,84.53305053710938,327700
2018-05-25,84.7647946818707,84.94583866408313,84.2216627352334,84.68513488769531,420600
2018-05-29,84.34473207968105,85.2716759533875,83.9391955161898,84.76475524902344,471000
2018-05-30,85.04722041522479,86.53902101790237,84.22166032199313,86.45211791992188,384200
2018-05-31,86.10451045645158,86.51004716814816,85.65551943634229,86.0972671508789,556600
2018-06-01,85.92346731647719,86.45211260286338,85.6410391716904,85.86553192138672,369400
2018-06-04,85.93793408824176,86.24208657426959,85.39480228103955,86.16967010498047,363500
2018-06-05,86.43039574805198,86.89386789914563,86.1769352787076,86.51005554199219,367500
2018-06-06,86.29279890807383,88.19013614237511,86.29279890807383,88.1539306640625,551800
2018-06-07,88.19013926499768,88.57395160384635,87.25595170108984,87.5021743774414,399300
2018-06-08,87.47318792430003,87.91493556581662,87.09661344709455,87.52388000488281,385800
2018-06-11,87.70491867913476,87.93665468004687,87.21247898656877,87.47318267822266,278300
2018-06-12,87.43699330755022,89.04466462866775,87.18353285715409,88.56671142578125,398800
2018-06-13,88.56669123715935,88.85635710014128,86.69107328172493,86.90108489990234,286000
2018-06-14,86.98801419805639,87.83529870525568,86.98801419805639,87.69046020507812,256900
2018-06-15,87.68320499321544,88.27702891333703,86.37244307103933,86.65487670898438,741400
2018-06-18,86.48107342473511,86.79246924230962,85.53240488690197,86.11174774169922,377500
2018-06-19,85.80034617977952,86.22760722469454,85.37307960984194,85.59757232666016,440900
2018-06-20,85.4527459550273,87.28490987836446,85.4527459550273,87.22697448730469,412100
2018-06-21,87.39493126037964,90.44002402777265,87.39493126037964,90.32318878173828,687600
2018-06-22,90.46923924483633,91.82017923500818,90.34510004802249,91.72525024414062,558300
2018-06-25,93.01774724959036,93.47049697497215,90.94387327217052,91.81285858154297,602200
2018-06-26,91.76175000094807,91.87858523512968,89.96535883032931,91.25057983398438,586100
2018-06-27,91.69604361511973,92.07576516467945,91.0242255659801,91.24329376220703,384500
2018-06-28,91.24327130545399,92.25830207393527,90.77591924966157,92.13416290283203,480200
2018-06-29,91.81288679649599,92.87173036692276,91.36013693197995,92.41168212890625,778500
2018-07-02,92.32404769867682,92.89363279976747,90.28668174927601,91.0899429321289,461700
2018-07-03,91.19217742305109,92.11958339269786,90.50575705502555,91.2798080444336,216300
2018-07-05,91.39664458059016,92.23641431813812,90.97310495404855,92.21450805664062,318200
2018-07-06,92.48470221503118,93.04698337873111,91.94432731376045,92.65995788574219,349600
2018-07-09,92.65262620323784,92.95202655687676,91.82745899486764,92.38973999023438,539700
2018-07-10,92.42627786991143,92.82060729069738,91.8055763186154,92.21450805664062,391100
2018-07-11,92.03194182466508,92.2583139388809,91.11183990906017,91.19947052001953,426600
2018-07-12,91.3236118823848,92.04655190464717,90.97310057275165,91.71794128417969,316400
2018-07-13,92.01003196185168,92.49199194634075,91.13374817167796,91.34551239013672,246600
2018-07-16,91.1629397947228,91.36010724070745,90.12600282434828,91.0826187133789,241300
2018-07-17,91.09726202403438,91.79829038588639,90.3743273963867,90.53498077392578,392100
2018-07-18,90.34509658095759,90.90737770283334,89.32276169717929,89.93616485595703,342400
2018-07-19,89.91425118031106,91.7252448434101,89.60755239284907,91.12644958496094,248300
2018-07-20,90.79054975831127,90.91468896034735,90.1479363430142,90.73943328857422,258300
2018-07-23,90.74671523769682,90.95848502293,90.01647690431741,90.90007019042969,259900
2018-07-24,90.94389713262778,90.95120107707747,90.38891435127385,90.49845123291016,373900
2018-07-25,90.54954701348105,91.83476795040386,90.51303287085233,91.31629943847656,255300
2018-07-26,91.57920233960976,91.68143527205254,89.55643880925571,89.73899841308594,862500
2018-07-27,89.97998957881033,90.05301231513702,87.92802116025894,88.12518310546875,750600
2018-07-30,88.13978143665906,89.50532938642719,87.6286167342204,89.410400390625,569700
2018-07-31,89.78280270288687,92.57961691422871,89.26433414410135,91.64491271972656,1001600
2018-08-01,90.73212127013238,91.72524594060218,89.12559901740136,91.26519775390625,592700
2018-08-02,91.37474873184097,92.74029684058688,90.78325728283203,92.03926849365234,614800
2018-08-03,92.38245760852853,93.78450836841884,92.16338386935018,93.63116455078125,334100
2018-08-06,93.5070458900549,93.91597768358699,91.9808444670035,92.18531036376953,282200
2018-08-07,91.87859401656902,92.02463946607361,91.01691249342772,91.38933563232422,405400
2018-08-08,91.51347555863359,91.8858987005298,90.81244736706691,91.75445556640625,247000
2018-08-09,91.83476403910764,92.23639173453824,91.45503702853517,91.98811340332031,258400
2018-08-10,91.76904623330317,92.32402890373643,91.08992438842236,91.30899810791016,255000
2018-08-13,91.46234878301475,91.82016399673947,90.99499670798927,91.18486022949219,282100
2018-08-14,91.27980209481653,91.93701778415462,91.14835895694893,91.74715423583984,315800
2018-08-15,91.73985755216479,92.4554937085867,91.35283205205722,92.3094482421875,345400
2018-08-16,92.30942020423107,92.94472391850636,91.90048299422405,92.80597686767578,320300
2018-08-17,92.84980463788426,94.55856522464745,92.74757171753598,94.46363067626953,1196600
2018-08-20,94.62428648797778,95.93140822840977,94.52205356494149,95.29610443115234,449100
2018-08-21,95.20118286412996,95.20849237984204,93.85024842137366,94.16424560546875,345500
2018-08-22,94.12042667931952,94.72652588680977,94.06931578558374,94.3395004272461,314400
2018-08-23,94.48554290893286,95.32531258328049,94.36870209470351,94.81414794921875,294700
2018-08-24,94.7557469395246,95.09895993748651,94.55859056052525,94.9967269897461,239500
2018-08-27,94.74843324097233,94.84336779943214,93.97438231291056,94.4782485961914,295200
2018-08-28,94.3029789487519,95.52978515625,93.80642222509867,95.52978515625,381400
2018-08-29,95.76345563133599,95.87298692550867,95.14274858421662,95.52978515625,319000
2018-08-30,95.71966714041056,95.8730109907434,94.71924392733958,94.9967269897461,231900
2018-08-31,94.99671485138411,95.55900156338714,94.92369769378833,95.3764419555664,352500
2018-09-04,95.16466652139287,95.63931698888392,94.11312152120355,94.40521240234375,293200
2018-09-05,94.00356161531712,95.55897256760349,93.78448792389568,95.0259017944336,325700
2018-09-06,95.33991893520562,96.03364315187049,95.33991893520562,95.83648681640625,239700
2018-09-07,95.33991950442625,95.68313242865068,94.6315873963506,94.7119140625,296800
2018-09-10,95.2449695791251,95.78534989533041,94.94558036502688,95.01129913330078,269900
2018-09-11,94.67541146530412,95.62472368763704,94.6681130920559,95.1573715209961,189200
2018-09-12,95.33990701405709,95.73424192078487,94.89446122241378,95.61740112304688,329000
2018-09-13,96.02634643257007,96.18699976667521,95.47136927819534,95.96792602539062,340100
2018-09-14,95.67583322169938,95.67583322169938,93.49971488229028,94.64619445800781,347900
2018-09-17,94.74112224080858,95.58819021108611,94.37600308623216,95.34722137451172,317100
2018-09-18,95.34721334728856,95.51516502433931,94.44901228001189,94.93827056884766,192300
2018-09-19,95.01861307189544,95.27420095823682,93.2295312951655,93.3317642211914,694600
2018-09-20,93.36857649051957,94.15622284483352,92.8680250083787,94.12677764892578,516900
2018-09-21,94.03107935820142,94.78928051660765,93.9795516693871,94.12677764892578,875700
2018-09-24,93.92801754996577,93.96482544635467,91.77856894073096,92.30120849609375,414600
2018-09-25,92.34537848021915,93.14038191006557,92.22024061147393,92.69871520996094,266900
2018-09-26,92.77969950715062,93.0005300763208,91.3884461418178,91.47677612304688,283500
2018-09-27,91.77119794493305,92.52203628108062,91.32216860683006,91.43258666992188,273700
2018-09-28,91.45468728791332,93.1109417143134,91.45468728791332,93.09622192382812,409300
2018-10-01,93.25815225622239,93.53787315789802,92.08036703294435,92.10245513916016,238100
2018-10-02,92.22759380985072,92.55884239676816,91.56509101991963,91.778564453125,236800
2018-10-03,91.88162660353666,92.26440290148678,89.66592484874452,90.22537231445312,251000
2018-10-04,90.07814348139753,90.65967338433197,89.15800229626635,90.35786437988281,513100
2018-10-05,90.416780697097,90.86581017352015,90.15177951048341,90.33580780029297,229200
2018-10-08,90.51981620960633,92.36746140601095,90.51981620960633,91.99940490722656,520400
2018-10-09,91.93315348773503,92.16134672397733,90.586065329841,91.35162353515625,375100
2018-10-10,91.07926624295655,91.64607079607465,89.62175999535813,89.72481536865234,514000
2018-10-11,90.16646346421336,90.34313459579961,87.67104129553643,87.75201416015625,1009300
2018-10-12,88.38509202949099,89.04759488527237,86.91286595713096,87.1557846069336,699100
2018-10-15,86.9938408277007,88.69426018297024,86.9938408277007,87.76676177978516,606800
2018-10-16,88.4955184859389,90.02663509400618,87.60482230177118,89.70274353027344,343000
2018-10-17,89.6732855679727,90.18120533587472,88.93717256688407,89.8057861328125,376400
2018-10-18,89.76162999553411,90.49774306916363,89.48190343325278,89.66593170166016,274600
2018-10-19,89.82050917758737,90.74801316508645,89.6512063262141,90.46829223632812,257000
2018-10-22,90.47564824033091,91.12342563501377,88.31883700400623,88.3409194946289,451600
2018-10-23,87.94341695530524,88.90772314370994,87.22202377747145,88.47341918945312,374300
2018-10-24,88.68689534782571,89.62175637237297,88.20842078196131,89.06967163085938,609400
2018-10-25,89.00341582221057,91.11605630758011,88.88563505932518,90.69647216796875,520600
2018-10-26,90.73329581401407,90.80690599555011,88.90037028201486,90.18856811523438,514200
2018-10-29,90.74063851740385,92.62509143937925,90.74063851740385,92.2423095703125,416000
2018-10-30,92.6766292663843,94.45802702235764,92.10246201601878,93.42010498046875,614900
2018-10-31,93.42010295230274,93.42010295230274,91.21912105222314,91.3148193359375,988500
2018-11-01,91.56508813707312,92.83856599407389,90.1002249593038,91.4914779663086,763800
2018-11-02,91.71231452552101,91.83745800177749,89.24633713769464,90.37258911132812,533300
2018-11-05,90.69647631529084,92.77231461925349,90.40203001070898,91.91842651367188,364600
2018-11-06,92.05094002059919,92.38218864979714,91.4178823423168,92.1171875,207000
2018-11-07,92.51468350528702,93.44954455876227,92.23496258272594,93.42010498046875,285000
2018-11-08,93.19926379891224,94.34024115151865,93.14037341331144,94.32551574707031,329500
2018-11-09,94.3623313353953,95.17204893098886,93.94274713194962,94.70830535888672,283800
2018-11-12,94.81135665691853,95.61371713128091,94.46538264830485,94.56108093261719,215500
2018-11-13,94.64939342254355,95.08369731667666,93.93536304572564,94.95120239257812,350600
2018-11-14,95.2898284935125,95.495939241188,94.20038436548586,94.8481674194336,428400
2018-11-15,94.5021884547009,94.87760203285012,92.8900992230254,93.75871276855469,325300
2018-11-16,93.64830493986615,94.99539319541346,93.30233090106577,94.9659423828125,329200
2018-11-19,95.1941565362051,95.8492967806911,94.50956547612697,95.1573486328125,465500
2018-11-20,94.81135266159316,95.51065773576332,94.48010407195387,95.21621704101562,621600
2018-11-21,95.05426855582716,95.99649223055584,94.26662231012855,95.03954315185547,281700
2018-11-23,94.9585546990274,95.11314333488725,94.0236938796615,94.54633331298828,112500
2018-11-26,94.95121188908081,95.27509214666695,94.33286848487151,94.79662322998047,584200
2018-11-27,94.7082995393775,95.29719217501956,94.4580238196923,95.24565887451172,245000
2018-11-28,95.10581236986525,96.50443403001012,94.78192080157497,96.47498321533203,525600
2018-11-29,96.40137919611539,96.71790244645477,95.35608868074691,96.34984588623047,221500
2018-11-30,96.85772554602262,97.31411189702393,96.25410764626848,97.23313903808594,535500
2018-12-03,97.49082445425644,98.52137834041763,97.07123457990835,98.46985626220703,649700
2018-12-04,98.30052313838837,98.72011293156261,96.47496607942024,96.62955474853516,472500
2018-12-06,96.39401124838648,99.87582317653361,95.54748564948093,99.78013610839844,524900
2018-12-07,99.59608568930938,99.861086804077,98.24164053924927,98.65386199951172,420200
2018-12-10,98.83790066202552,98.83790066202552,96.71789152032659,97.75581359863281,390600
2018-12-11,98.10178005619663,98.9483054908941,97.9692738789665,98.13858795166016,261900
2018-12-12,98.29318336754032,98.86735069878254,95.95970614037495,95.9817886352539,547600
2018-12-13,95.97442481343711,97.97665324473273,95.97442481343711,96.84303283691406,415100
2018-12-14,96.37925427056332,96.90925644429825,95.86397749948524,96.36454010009766,335900
2018-12-17,96.68844662646102,96.68844662646102,92.6103743339963,93.11093139648438,1277100
2018-12-18,93.50842835718531,93.98690290413315,91.83009170791267,92.28648376464844,556200
2018-12-19,92.52205021796246,92.52205021796246,90.15912802268566,90.50509643554688,545900
2018-12-20,90.45355109506298,90.88049792476008,88.9445230203067,89.40090942382812,472600
2018-12-21,89.62174234697666,91.35160647645074,88.00965335689074,88.12007141113281,949400
2018-12-24,88.20842061315238,88.25994829761785,84.89591217041016,84.89591217041016,400500
2018-12-26,85.23453515734448,88.21578979492188,84.81495092171075,88.21578979492188,609300
2018-12-27,87.5164893985666,88.50288391113281,85.7645421745219,88.50288391113281,579200
2018-12-28,89.1064792998603,89.57022845975627,87.36188949932449,88.57647705078125,440600
2018-12-31,88.73236367813685,88.73236367813685,86.39378928174125,87.63360595703125,488100
2019-01-02,86.8986378912606,88.39829574902052,85.44351692370736,85.9780502319336,475700
2019-01-03,85.97806060325003,88.13103972593227,85.97806060325003,86.55713653564453,621000
2019-01-04,86.91347993626594,88.21269058190491,86.77242096793886,87.52967834472656,419900
2019-01-07,87.70785556558968,89.53417387866828,87.18074791810068,88.65813446044922,481000
2019-01-08,88.97737411591379,90.72945304703183,88.91798026574826,90.55127716064453,460000
2019-01-09,90.89277789921242,90.89277789921242,89.47477954738646,90.5438461303711,230000
2019-01-10,90.15037296906223,92.09547899056219,89.71977607158294,91.83563232421875,356000
2019-01-11,91.80594760760384,92.97894502473375,90.75172656551902,91.62034606933594,544000
2019-01-14,91.44959708935737,91.6426242897287,90.91506371239666,91.31596374511719,425300
2019-01-15,91.44215962022068,92.3553216318321,90.42506686998007,92.28108215332031,296700
2019-01-16,92.32562545328128,93.0012120765368,91.59806496412769,92.82303619384766,258400
2019-01-17,92.86757188270582,93.48377027558162,92.44440065253627,93.24620056152344,337900
2019-01-18,93.23878111238938,93.78816571475419,92.61516269557633,93.47635650634766,474600
2019-01-22,93.45406956027998,93.8475495163172,92.8304512102289,93.76588439941406,316500
2019-01-23,93.78816464888105,93.78816464888105,93.07545546743336,93.6174087524414,213500
2019-01-24,93.51346862375269,94.35981109699686,92.98636098965211,94.05542755126953,239600
2019-01-25,94.5453995707266,95.39174759130198,94.2855586128828,95.36947631835938,315300
2019-01-28,95.05025263543943,96.32719204120261,94.9537418809514,96.13417053222656,410100
2019-01-29,96.1044826957988,96.81719764980214,95.85206730034298,96.78007507324219,401800
2019-01-30,96.6093207402508,97.975345405571,96.37917663479372,97.58187103271484,504400
2019-01-31,97.3591222684121,98.50242252260573,96.55732243000168,98.42076873779297,745300
2019-02-01,98.68804202794557,99.45273076849132,96.4162810687431,98.12381744384766,386100
2019-02-04,97.85658444939482,99.72003173828125,97.58189771013721,99.72003173828125,470700
2019-02-05,99.63832775891247,99.77937540234163,98.3910796190687,99.65316772460938,333800
2019-02-06,99.47501107910934,99.47501107910934,98.55442331051681,99.05183410644531,239400
2019-02-07,99.08153950389713,100.8336186432688,98.2574681432558,100.66285705566406,309100
2019-02-08,100.44754280867622,101.48690676785665,100.35102639524605,101.35327911376953,399500
2019-02-11,101.30132186031582,101.64283369044831,99.11864585996399,101.32359313964844,371000
2019-02-12,101.5389014117752,101.5389014117752,99.80909356778761,100.28423309326172,370200
2019-02-13,100.00950598555468,100.93008207185957,99.95753213386185,100.6553955078125,520400
2019-02-14,100.52180884083113,101.57603575935859,99.07411881640421,99.6457748413086,622200
2019-02-15,100.24709627346817,100.63315062313318,99.46756759118591,100.5811767578125,524900
2019-02-19,100.60344577468267,101.24934678000338,100.29163657441866,100.46981811523438,311800
2019-02-20,100.3064910368245,100.351033591381,98.6434972546656,99.20773315429688,409300
2019-02-21,99.00729272860269,99.99469434838484,98.50988192673705,99.82394409179688,360800
2019-02-22,100.00954739461447,101.02664029621144,99.43789143037489,100.3436279296875,296600
2019-02-25,100.46242630545771,100.75938429520947,99.39335941719747,99.6457748413086,273200
2019-02-26,99.87587869261475,99.87587869261475,99.20771782109915,99.28938293457031,269400
2019-02-27,98.8068226569204,99.1186318517291,97.92335760752017,98.82909393310547,224400
2019-02-28,98.81425256731329,100.20254829485592,98.39849565190968,99.17802429199219,501700
2019-03-01,99.11120864325228,99.28195886451955,97.27004479316615,98.339111328125,353700
2019-03-04,98.61381063267487,98.94789113578047,97.66353166337859,98.7919921875,275800
2019-03-05,98.88107552166748,100.03922728664539,98.63608013627314,99.70514678955078,286500
2019-03-06,99.50468723786956,99.97240669913596,98.55440834986838,98.56925964355469,296800
2019-03-07,98.31683222512622,99.25969112330972,97.953060494179,98.2648696899414,393600
2019-03-08,98.16836449129552,98.79941426582387,97.54474602851259,97.87140655517578,386800
2019-03-11,98.10898205199898,98.68805802455303,97.19582553038997,98.66578674316406,568300
2019-03-12,98.95530094690326,99.70513833418694,98.74000816914572,99.48241424560547,366900
2019-03-13,99.69189733332834,100.65695364970746,99.4973952565525,100.14076232910156,258700
2019-03-14,100.37267479587277,101.15070595700409,99.35525733408583,99.85648345947266,389500
2019-03-15,99.73678334678513,100.01357693225619,98.70440080513211,99.25798797607422,660600
2019-03-18,99.2879054339203,99.7068399134975,98.38269875010576,99.04103088378906,664300
2019-03-19,99.04853200588394,99.12334664486795,97.85905458577223,98.21066284179688,334600
2019-03-20,98.20316354756955,99.1382892460473,97.54483140300644,98.52484130859375,332000
2019-03-21,98.2629909413754,100.50729211477471,98.24802573732305,100.29033660888672,327500
2019-03-22,100.5896067594183,101.84641022645332,100.28288278885309,100.63449096679688,374600
2019-03-25,100.8963216343157,101.54717690159329,100.38761871885262,101.1357192993164,267400
2019-03-26,101.62947814007181,102.75910601515028,101.53222140247675,102.72918701171875,418900
2019-03-27,102.51972198486328,103.3127183703168,102.21300935216739,102.51972198486328,445700
2019-03-28,102.48231994877779,103.88126461786042,102.48231994877779,103.7989730834961,319200
2019-03-29,103.76904603076672,104.20293436182857,102.94613075093908,103.12567901611328,490700
2019-04-01,103.17804125539243,103.2902632030213,101.68183994122181,102.66184997558594,331400
2019-04-02,102.54216712439474,103.24537218476019,100.87389436572762,102.94613647460938,317000
2019-04-03,103.08079863446196,103.61195519638498,102.10827677914841,102.77408599853516,429900
2019-04-04,103.11816954066668,103.11816954066668,102.45236055640143,102.96107482910156,145300
2019-04-05,103.4099637450724,104.00844662965041,102.80400396241512,103.92615509033203,172000
2019-04-08,103.98598970797968,103.98598970797968,103.03589869211484,103.17056274414062,170500
2019-04-09,103.29026906542963,103.36507228631766,102.25039813455575,102.4748306274414,246000
2019-04-10,102.93867865937571,103.95609624364685,102.75165345208406,103.64188385009766,361900
2019-04-11,103.72416555269152,103.8214223040879,102.2354523496267,102.43743133544922,285700
2019-04-12,102.34764209989176,103.35009417249601,101.57709938877409,103.32017517089844,382700
2019-04-15,103.46232506809747,103.46232506809747,101.93619330700551,102.13070678710938,278400
2019-04-16,102.03345583057727,102.31773775446733,98.61464150664746,99.1158676147461,315500
2019-04-17,99.2505245995379,99.2505245995379,97.78425352987679,98.00867462158203,525000
2019-04-18,98.11341763992577,99.467489708169,97.94135764814834,98.89892578125,322200
2019-04-22,98.49493150760772,98.72684087607148,95.95138252113391,96.94635772705078,389900
2019-04-23,97.42513831177425,98.42011348336612,96.99872690401162,98.33782196044922,352400
2019-04-24,99.05601311633704,100.11083780771311,98.27050512456528,99.587158203125,339800
2019-04-25,99.1308266963567,100.38015358437805,98.7268573122808,100.0360336303711,273600
2019-04-26,100.52227776414693,100.71679123316025,99.97616750176041,100.17066955566406,278800
2019-04-29,100.11832645244698,100.41756219151364,99.15327007600027,99.21311950683594,282800
2019-04-30,99.48243771629095,100.29038792191069,98.28548332712651,100.13329315185547,534200
2019-05-01,100.02106743860968,101.23299840918051,99.99862532944276,100.12580108642578,317200
2019-05-02,100.35022775270852,101.27038842033208,99.86396686224433,100.31282043457031,493700
2019-05-03,100.09587007324168,100.99358857757589,98.87646235091424,99.46746826171875,444800
2019-05-06,99.69937493670682,100.55968610189683,99.160741565682,99.36273193359375,328500
2019-05-07,99.13080101337968,99.45996708592219,96.4974952632569,97.07352447509766,450800
2019-05-08,97.47002646097319,98.84654030131856,96.84162466881473,96.89399719238281,419900
2019-05-09,96.63963423597494,97.23811702505186,95.91398712428425,96.54238891601562,402600
2019-05-10,96.47505632466405,97.2081917006728,95.89901567881697,96.7742919921875,623700
2019-05-13,96.28055941497308,97.11843997524197,96.13841845318144,96.64713287353516,1015300
2019-05-14,96.66957933769528,97.1408864606395,96.09353856688695,96.24315643310547,582200
2019-05-15,96.01874642730074,97.38776090561736,95.92148966622965,97.3204345703125,765000
2019-05-16,97.32788927307139,98.0011752238328,96.87902436249121,97.6121597290039,461200
2019-05-17,97.00620648128826,98.11339220785875,96.9837643757916,98.0834732055664,871200
2019-05-20,98.37522013841324,98.382697034308,96.9762757938423,97.39521026611328,545700
2019-05-21,97.85155450973298,98.62209716528204,97.62712206105368,98.60713195800781,511000
2019-05-22,98.62211374839661,98.9213494535459,98.06851513724897,98.83905792236328,619100
2019-05-23,98.77173081103894,99.14578114703927,97.84408186831838,98.91387176513672,680400
2019-05-24,99.17570971184175,99.67693578289625,98.83905528364843,99.08592987060547,371400
2019-05-28,99.68440771867574,99.90135187605317,99.04851762497057,99.19065856933594,1666900
2019-05-29,99.28793289576072,99.28793289576072,96.9688159943792,97.21569061279297,588700
2019-05-30,97.48497522232303,98.01613160484007,97.23810068524676,97.72437286376953,298600
2019-05-31,97.40271710336725,98.5921945774452,97.0885161525794,97.79920959472656,614000
2019-06-03,98.01614515532147,98.35278814692629,96.9164363449988,97.88896942138672,489000
2019-06-04,97.85905221979728,98.09844992666913,96.53491076455083,97.0136947631836,552400
2019-06-05,97.69445247571728,99.40012089316929,97.20070335089987,99.2953872680664,471400
2019-06-06,99.57220400933262,99.72182186071069,98.24806262366054,98.91387176513672,280900
2019-06-07,99.47494984253693,99.73678965055505,98.67447662353516,98.67447662353516,240300
2019-06-10,98.4350773420373,98.51736886382592,97.52987060236244,98.10591125488281,341900
2019-06-11,98.2779622697494,98.5173599168876,97.27551030635134,97.86651611328125,308100
2019-06-12,97.76179015337897,98.5921823543377,97.3578208139092,98.21813201904297,479200
2019-06-13,98.39019549536911,99.47493909764036,98.33782297337831,99.31783294677734,254300
2019-06-14,99.49737819070461,99.983639006796,99.33279514815787,99.60211181640625,357000
2019-06-17,100.38761719542336,101.158159868399,100.38761719542336,100.91876220703125,317200
2019-06-18,101.59205507457457,101.9062559298901,100.09585400253403,100.61952209472656,339900
2019-06-19,100.35766782733769,101.55463307790818,99.84896501566455,101.28531646728516,399600
2019-06-20,101.22503562024596,101.84314027995836,100.75016239572892,101.28533935546875,356300
2019-06-21,101.03660185769719,101.03660185769719,99.01647826379018,100.87078094482422,1003400
2019-06-24,101.11950552659705,101.11950552659705,99.46119308762718,99.95115661621094,398700
2019-06-25,100.13204119455922,100.7878370181709,98.91845604036418,98.978759765625,329400
2019-06-26,98.98633415004967,99.33306629548821,95.1948182546969,95.35311126708984,761600
2019-06-27,95.54154717787803,96.89835251507601,95.54154717787803,96.87574005126953,393300
2019-06-28,96.86063926104606,97.53150237251134,96.51389572509626,97.0566177368164,748700
2019-07-01,97.63705641415694,97.63705641415694,95.05913193871105,96.53654479980469,354800
2019-07-02,96.79284145976416,98.01396073452196,96.4837890625,97.99134826660156,275400
2019-07-03,98.2626926197969,99.37074936591819,98.14963029948328,99.34813690185547,191100
2019-07-05,98.69988982167449,99.08431322701917,97.1998644722194,98.69234466552734,226700
2019-07-08,98.67726810167294,99.38582260730328,98.66218929255533,99.31044006347656,265600
2019-07-09,99.28782263115833,100.1395970263699,98.65465070104604,100.01898956298828,343600
2019-07-10,100.20744315852599,100.6747827427231,99.47627616287205,100.53156280517578,321900
2019-07-11,100.43357796294384,100.43357796294384,98.64711284694803,99.2802963256836,359400
2019-07-12,99.28029507940157,99.74010099776193,98.88078139467667,99.0089340209961,206700
2019-07-15,99.31797609673839,99.77778202087076,98.68480411976445,99.2802963256836,255400
2019-07-16,99.00891164272123,99.03905775272526,98.15713738768196,98.77523040771484,419600
2019-07-17,99.02401379940775,99.28030758256223,97.6445958706056,98.37576293945312,265800
2019-07-18,98.0516175050691,98.54156947325473,97.16215190678516,98.23252868652344,220500
2019-07-19,98.33806431635418,98.4209805093551,96.31792956949538,96.38577270507812,282300
2019-07-22,96.48377959760604,96.64961201393045,95.51140331624315,95.98628234863281,298900
2019-07-23,96.15966053360127,98.02149126048525,95.92599070470787,98.00642395019531,266100
2019-07-24,98.32299366321077,98.51897218030396,97.49383166442865,98.47374725341797,440800
2019-07-25,98.45864548036796,98.50387039670615,97.65964128703597,98.06668853759766,238700
2019-07-26,98.05163371596358,98.93355430556174,97.55413651103278,98.57927703857422,212400
2019-07-29,98.8657237737824,99.83056063114293,98.8657237737824,99.4612045288086,220800
2019-07-30,99.31798330533219,100.1772914798124,98.68481128240202,99.10692596435547,255300
2019-07-31,99.02400554822404,100.29036104199984,98.85817314425623,99.50642395019531,721600
2019-08-01,99.28029887046698,99.63456463908939,98.16469697566606,98.4360580444336,356700
2019-08-02,100.66723340456556,101.08934799572059,98.93353861795606,99.70993041992188,569900
2019-08-05,99.20491407372052,99.39335893659882,95.1948076217056,95.94104766845703,598600
2019-08-06,96.12195495147377,97.36569222025936,96.03904450104359,97.04157257080078,605900
2019-08-07,96.67220330564565,98.42851060166316,95.72243969801042,97.32798767089844,502200
2019-08-08,97.5466083720088,99.12953842933422,96.75513759246486,99.10692596435547,369600
2019-08-09,98.94106909739718,99.89837205133722,98.69986569665615,99.64208984375,415600
2019-08-12,99.64963794436834,100.24513013265668,99.21998965191437,99.95115661621094,408400
2019-08-13,100.12452703664694,100.69739528552479,99.7325584970138,100.20744323730469,350700
2019-08-14,99.70243240605848,100.30545839544472,97.62953847500606,97.6898422241211,418600
2019-08-15,98.07423813147655,99.31043588661713,97.68981477835581,97.99885559082031,426700
2019-08-16,98.1797855080155,98.96371117221739,97.80289573639165,98.48129272460938,649700
2019-08-19,99.04661379157788,99.16722126237177,98.42852063184186,99.0089340209961,376300
2019-08-20,99.27275264391145,99.27275264391145,98.22499965392477,98.41344451904297,278500
2019-08-21,98.71496863220636,98.90341350768634,98.03656017942099,98.69234466552734,325400
2019-08-22,98.84308562685045,99.28027901139964,97.8480914064779,98.50387573242188,243800
2019-08-23,98.42851063958906,99.23504857740195,96.69481580365293,97.00386810302734,360400
2019-08-26,97.86319472025595,98.01394832122062,96.12196014944332,97.07172393798828,317800
2019-08-27,97.48629447694633,97.825492918058,95.69983516825258,95.7073745727539,293500
2019-08-28,95.60938743372569,96.67975292576028,95.60938743372569,96.52899932861328,281200
2019-08-29,97.0340316707775,97.99133485485298,96.86819926088214,97.62197875976562,325100
2019-08-30,97.9008743349059,97.96117806846145,97.22246595872673,97.39584350585938,315200
2019-09-03,97.22247933534273,99.28783936218439,97.13202947344516,99.23506927490234,591400
2019-09-04,99.62701677935394,100.41848740888464,99.44610559205083,100.25265502929688,498400
2019-09-05,100.28283840150577,100.63711575300046,99.70997001484595,100.5617446899414,310500
2019-09-06,100.86322359023079,101.56424444036703,100.53155880107053,101.1798095703125,690800
2019-09-09,101.09688379770711,101.73760085260542,99.2124354030182,101.70744323730469,580800
2019-09-10,101.42856204965405,102.6496810913086,101.05921747628344,102.6496810913086,482000
2019-09-11,102.36325297406354,103.01903742373636,101.42856230297716,102.57431030273438,410200
2019-09-12,103.19237674944985,103.19237674944985,101.7752795528351,102.33306884765625,393200
2019-09-13,102.94365281707908,103.37330107178543,101.11949664253974,101.79790496826172,756800
2019-09-16,101.90345286741095,101.90345286741095,100.81047488823583,101.47379302978516,330700
2019-09-17,101.69235602196267,102.2576904296875,101.2250050903814,102.2576904296875,336600
2019-09-18,102.5667620305576,102.5667620305576,101.20241174085405,102.09941101074219,408500
2019-09-19,102.43864132422108,102.69493512527067,101.77532310852611,101.9637680053711,356700
2019-09-20,102.30558909173513,102.51829749338668,101.59909581305074,101.98652648925781,1755400
2019-09-23,101.35600839202755,102.99691194702794,101.02174897248226,102.26002502441406,398700
2019-09-24,102.41956008055993,102.57908560556645,101.76623802599721,102.31319427490234,548700
2019-09-25,102.10807630566266,102.81456957636517,101.84978919110938,102.13845825195312,469100
2019-09-26,102.46511587540671,103.77935228013001,102.27519685078103,103.41471099853516,306500
2019-09-27,103.45272094674745,103.91612398914803,102.86777849669822,103.74140167236328,459800
2019-09-30,103.56665783770137,104.16679693591973,103.2172016849965,103.42231750488281,367800
2019-10-01,103.37674678905573,103.77937427927213,101.75104005731217,103.08806610107422,409800
2019-10-02,103.00449353141848,103.68060488808197,102.30559281601546,102.86015319824219,600400
2019-10-03,102.47272428954984,103.81735443725474,102.02451810422794,102.74620819091797,345300
2019-10-04,102.6778445001081,103.28558781708337,102.53350415825575,103.26278686523438,288700
2019-10-07,103.01209968350312,103.63502815386943,102.6626435232446,103.20201873779297,227300
2019-10-08,102.9057398823636,103.46789283378737,101.97132984000405,102.5259017944336,505800
2019-10-09,103.05009110427908,103.26279955259385,102.29041476265743,102.40437316894531,434800
2019-10-10,102.50312920866101,102.89816417510613,102.05492292289652,102.123291015625,380800
2019-10-11,102.28282512355005,104.09085857813594,102.11569539623163,103.4679183959961,410300
2019-10-14,103.43754661863574,103.43754661863574,102.35880746728293,103.30840301513672,235000
2019-10-15,102.91335072794745,103.71101317245366,102.57149870651352,103.67302703857422,509200
2019-10-16,103.45270553534077,104.26556468196009,102.99690674314098,104.21998596191406,327500
2019-10-17,104.43271542492808,104.8961184916641,104.20481018703887,104.64542388916016,406900
2019-10-18,104.42512815282328,105.42030243082829,104.23520904353246,104.86573028564453,372900
2019-10-21,104.8733173508544,106.15717217478272,104.72138440656943,106.14197540283203,335800
2019-10-22,106.08879974609327,106.78010802032989,105.81531579099644,106.70414733886719,377800
2019-10-23,106.84846850930646,107.3802512004181,105.48106042284962,106.39266967773438,323400
2019-10-24,106.51420682249096,106.51420682249096,105.35189155332066,105.99002838134766,291300
2019-10-25,105.71655050277423,105.80770794408214,105.02524232821652,105.62538146972656,266100
2019-10-28,105.48862302999814,105.87605366547645,104.93406272625768,105.35187530517578,328100
2019-10-29,105.23795146782855,105.73934058191,105.16197920506234,105.57980346679688,272000
2019-10-30,105.57980815866823,107.23590850830078,105.22275937293176,107.23590850830078,377300
2019-10-31,106.63575941075084,107.35746117516058,102.2980141929582,103.32357025146484,992100
2019-11-01,101.94855242210805,103.36155073836518,101.25724423909335,103.04248809814453,620800
2019-11-04,102.19926788315,102.52593477154511,101.20409362735718,101.68269348144531,394200
2019-11-05,101.41678439472783,102.07010646573426,100.90021008319448,101.53073120117188,425300
2019-11-06,101.87261094191548,102.92856068528722,101.77384929952538,102.16888427734375,321700
2019-11-07,101.72064026316856,101.93334867542586,100.20128783747977,100.3380355834961,219800
2019-11-08,100.04936237264121,100.3000569325796,99.6239455164088,99.88223266601562,191900
2019-11-11,99.70749521979533,100.05695135102572,99.2213029448693,99.79865264892578,214000
2019-11-12,99.79865726394705,100.50516214759374,98.64395780243693,98.87945556640625,284800
2019-11-13,98.9858148073771,99.707504905488,98.81109252065829,99.12255096435547,332000
2019-11-14,99.32006528695445,100.12532016151576,98.89463690048477,100.06454467773438,312900
2019-11-15,100.24690123055187,100.49758423778337,99.22892606121577,100.17092895507812,362100
2019-11-18,100.33044973473237,100.61911883262384,99.88223192932057,100.2392807006836,293400
2019-11-19,100.28486023587675,100.39881863142777,99.12255647004406,100.11013793945312,222400
2019-11-20,100.03419241920733,100.03419241920733,98.8111244255232,99.48723602294922,299200
2019-11-21,99.21372900613014,99.21372900613014,98.50722402234877,98.80349731445312,307500
2019-11-22,98.9934154726288,99.48721201606025,97.89947976060002,99.01620483398438,288600
2019-11-25,98.96302553824378,99.99618567273454,98.91744681920937,99.03898620605469,308700
2019-11-26,99.11496409042175,100.11773074130413,98.97821633381871,99.63153839111328,373600
2019-11-27,99.63151299573569,100.62669839500207,99.23648978121552,100.58110809326172,242900
2019-11-29,100.84703394089661,101.15089983961533,100.28486927735186,100.33045959472656,205000
2019-12-02,100.33803108097274,100.42159592430534,98.53760224667967,98.57557678222656,368900
2019-12-03,98.41607206892532,99.44162817187592,98.09700939744684,99.16814422607422,463000
2019-12-04,98.65913972139988,100.26966107165909,98.6211651865859,99.4795913696289,261200
2019-12-05,99.29727634270624,99.76827185429903,98.93262343850053,99.64672088623047,349600
2019-12-06,99.85183690783377,100.39120049320817,99.83664013885836,100.10253143310547,249800
2019-12-09,100.35325110409093,101.05215195948624,99.616364112608,100.98377227783203,358300
2019-12-10,100.81664236547851,100.81664236547851,99.51759085019815,99.98858642578125,332500
2019-12-11,100.11772588266682,100.11772588266682,98.03622041805424,98.59837341308594,433600
2019-12-12,98.69714062420381,98.94783518689536,96.86632380849449,96.92709350585938,504500
2019-12-13,97.04862891231892,97.5120318310688,96.36491921286262,97.0638198852539,329400
2019-12-16,97.49684896562759,97.76274029479414,96.26617712697761,97.58041381835938,436200
2019-12-17,98.10458130920587,98.10458130920587,96.4105066754323,96.60042572021484,438100
2019-12-18,96.78275678616527,97.80831857908262,96.63081805648163,97.37529754638672,451200
2019-12-19,97.54241504061476,97.89946376583805,96.97266371220059,97.1397933959961,484700
2019-12-20,97.38292128906487,97.63361589649757,96.53968000651564,96.64603424072266,902100
2019-12-23,97.2917257234418,97.32210766771203,96.24336897418584,96.5092544555664,333600
2019-12-24,96.50927695016173,96.87391832508398,96.29656851547873,96.4181137084961,99400
2019-12-26,96.60042448337398,96.97266418353834,96.32694059871916,96.83592224121094,250400
2019-12-27,97.32214184877009,97.50446835364022,96.91951429328915,97.35252380371094,196000
2019-12-30,97.17019605109364,97.87668942959797,97.06383603937108,97.58802032470703,296300
2019-12-31,97.70290011166462,98.6220219697107,97.44248439455079,98.59904479980469,481500
2020-01-02,99.20415802345121,99.44925177250914,95.54297445737132,95.95658111572266,417000
2020-01-03,95.59657512238621,96.7608023915234,95.25190588186898,96.61527252197266,475200
2020-01-06,96.61527126252038,97.81779185179799,96.17868750319373,97.75651550292969,390800
2020-01-07,96.599944550014,96.9139755773171,95.30550957876471,96.01016998291016,353900
2020-01-08,96.00250276059548,96.73014612864922,95.68081075044955,96.33185577392578,521000
2020-01-09,96.15570564621964,96.46208153199275,95.39742985774755,95.58125305175781,351300
2020-01-10,95.58893171744573,96.4927375334699,95.44340182999696,96.44677734375,377000
2020-01-13,96.4774011732501,97.58035206432498,96.20932445490111,97.14376831054688,556500
2020-01-14,97.07481850739238,97.90969257303881,96.53100413602336,97.78713989257812,349400
2020-01-15,98.7216088270506,99.2577623318356,97.97099392035163,98.18545532226562,381000
2020-01-16,98.49947261226595,99.07392518577309,98.10883738242987,99.0049819946289,336500
2020-01-17,98.96669068493918,99.95474393082337,98.86711516945044,99.21178436279297,371200
2020-01-21,99.49519256078943,100.48325764633783,99.05095947070765,100.24581909179688,363500
2020-01-22,100.49089877126852,100.76663646741119,99.64837536274781,100.01602172851562,250100
2020-01-23,100.0849680362949,100.57516715892284,99.6713672745306,100.39134979248047,334000
2020-01-24,100.45260678090423,100.45260678090423,99.24243692006398,99.42625427246094,226600
2020-01-27,98.80586294638297,99.11223304030099,97.3352654584906,97.45015716552734,290700
2020-01-28,97.5190886835684,98.33098579462906,97.41951898740854,97.45015716552734,253100
2020-01-29,97.71823109366619,97.71823109366619,96.46209504529588,96.54634857177734,310400
2020-01-30,96.21697804265159,96.6995160984844,95.28253425903533,96.07910919189453,434300
2020-01-31,95.9489229046505,96.14040714963303,95.28256147203793,95.75743865966797,1026400
2020-02-03,96.01019199397638,96.9369749682637,95.55829201498823,95.79573059082031,400300
2020-02-04,96.03316135794707,98.13182671714284,95.88763732828693,97.48078155517578,427800
2020-02-05,97.6722654898579,98.48416253241831,97.51141945103113,98.11651611328125,411900
2020-02-06,98.33096405924766,99.10455597211896,97.71821231958623,98.54542541503906,280500
2020-02-07,98.53777674169469,98.70628379336223,97.67993116031043,98.05524444580078,239700
2020-02-10,98.59138220533968,98.89775223916587,97.27397002280532,98.01692962646484,532500
2020-02-11,97.80248236640041,98.35395785661287,94.47065225363926,94.9761734008789,983800
2020-02-12,94.73872895682793,95.43572843773585,93.8272622535448,94.8536148071289,1013800
2020-02-13,94.79233661778929,96.12506496596043,94.79233661778929,95.62720489501953,452500
2020-02-14,95.87998413784014,97.45015716552734,95.71913808544268,97.45015716552734,416300
2020-02-18,97.45013514936959,98.18543372719543,96.39313869579259,97.18205261230469,486100
2020-02-19,97.17440354416706,97.17440354416706,95.96422200237178,96.23995971679688,848700
2020-02-20,96.49272225218574,97.90204318285824,96.17102434963299,97.77183532714844,348200
2020-02-21,97.87907189933732,98.87478630971921,97.65694950902184,98.80585479736328,627300
2020-02-24,97.98629722517578,98.95137925074066,97.58035164717782,97.947998046875,488200
2020-02-25,97.95564997385367,98.03990348340041,95.02211083433923,95.16764068603516,651600
2020-02-26,95.4280646212477,95.8186940316635,94.03405985687388,94.14129638671875,695000
2020-02-27,93.44428982355426,93.62045785917469,89.24695357831366,89.55332946777344,826100
2020-02-28,88.5959164116202,89.83673624558567,85.79259050417393,89.10909271240234,1635700
2020-03-02,89.56101465758236,91.91244104045525,88.45040833246445,91.85882568359375,629800
2020-03-03,91.75924181776521,93.1915400630492,89.13973321113818,89.83673858642578,786700
2020-03-04,90.9090377199922,93.65874793806258,90.9090377199922,93.4979019165039,480400
2020-03-05,91.74390553216635,92.58643481187725,90.48776969471365,92.54814147949219,405900
2020-03-06,90.23500738972194,93.20684574409091,89.69885399776554,92.96174621582031,954300
2020-03-09,87.69975516351482,89.13971410528632,86.25213521826277,86.32872772216797,954400
2020-03-10,88.36613349888289,91.02392936981978,85.40961689040772,90.9703140258789,856100
2020-03-11,88.40443226999759,88.92526957615053,85.70067604968698,86.80362701416016,847700
2020-03-12,81.77142271599227,84.36794826442915,79.87955769270947,79.94083404541016,1205200
2020-03-13,83.17498742268651,84.26593660279711,77.48040176504041,81.78228759765625,1433600
2020-03-16,75.43775130001694,75.57702123084543,65.73529519368323,65.87456512451172,1455700
2020-03-17,67.06613582211236,71.66204040352066,61.41023725960757,71.3061294555664,1379100
2020-03-18,66.43939186986772,67.02741529182609,53.719422967926015,56.07927322387695,901700
2020-03-19,54.93417114248392,61.936346022558084,53.70395803063031,58.439125061035156,892000
2020-03-20,59.18964096959415,60.798981644054614,54.872277505675136,55.36745834350586,1151100
2020-03-23,52.99986405098317,54.70978596382767,50.71739051510505,51.583953857421875,1323900
2020-03-24,53.758114574936506,58.94977954547085,53.44862512733415,58.86466979980469,966300
2020-03-25,59.135486441163344,66.7102144810367,58.28439466317099,60.74482727050781,941300
2020-03-26,60.68292136676043,63.383205251922064,56.90716606334464,60.884090423583984,1083500
2020-03-27,58.57838927828089,60.93823960487343,57.68087640036081,58.84145736694336,1132800
2020-03-30,59.08130947899616,59.684810643277594,56.21854542683344,58.029048919677734,1161400
2020-03-31,57.79694222020348,59.88599195170587,56.48161920271857,57.72731018066406,995800
2020-04-01,54.72527546605632,55.367459251795225,51.452433843776916,53.70396423339844,918200
2020-04-02,53.02308417347522,54.73300639099462,50.14484192388743,51.37506103515625,1052000
2020-04-03,51.08104067516997,52.58206080025671,50.04425771666072,50.91856002807617,553700
2020-04-06,55.18950163785771,58.53197498866094,54.98833259320628,56.21855163574219,886200
2020-04-07,60.342497677899686,62.075636926163824,58.098705651556436,58.3463020324707,642700
2020-04-08,58.70219690485924,62.47021327425001,57.97489749258969,62.106563568115234,589400
2020-04-09,64.1259673970784,67.90946102429854,64.1259673970784,66.53997802734375,894200
2020-04-13,66.53999024007125,66.53999024007125,63.49152833312905,64.66758728027344,579600
2020-04-14,66.05252471409226,67.08156854738736,65.05442450778199,65.45675659179688,529600
2020-04-15,62.78743431452862,63.32129756926602,58.92656977713052,60.31926345825195,898400
2020-04-16,60.404380867447465,60.51270130406321,54.787166369566265,56.357818603515625,1200400
2020-04-17,58.245702845896126,59.72351245723729,57.843370613642705,58.30760192871094,740600
2020-04-20,56.41198461925705,57.549349201593536,54.94191396405356,55.3829345703125,861900
2020-04-21,54.16046324649629,55.40615437340747,53.603383251477375,54.477691650390625,882700
2020-04-22,54.70206568199006,55.70790522079659,52.45827977745894,52.57433319091797,1111900
2020-04-23,52.97666016382206,54.90322315908713,52.079141269404744,54.30746078491211,1307400
2020-04-24,54.787161818161174,55.06570174718245,52.667168716628595,53.58789825439453,1127800
2020-04-27,54.29972585640145,57.20891771061894,54.19140541688995,56.80657958984375,966800
2020-04-28,59.406277690318426,61.58816994898974,58.80277645539116,59.75445556640625,970300
2020-04-29,62.052390162421425,66.21501079543044,61.959547467750134,64.9925308227539,1084800
2020-04-30,63.59210525915801,65.30976613163526,62.16845612314195,64.42771911621094,3115000
2020-05-01,62.16847150592908,62.594020350990874,59.630667964888865,60.67518997192383,817400
2020-05-04,58.72540316281013,60.16452415793588,57.61898230963325,59.99430465698242,819500
2020-05-05,61.178078795084396,62.423769253923105,59.553266949691825,59.762168884277344,569300
2020-05-06,59.506865475620465,60.311529857712316,56.71373310715938,56.721466064453125,1110500
2020-05-07,58.06775523993436,60.381179051543775,56.868485497486084,58.02132797241211,1088200
2020-05-08,59.01942387810043,61.7893458620103,59.00395205885343,60.44307327270508,716900
2020-05-11,59.3830695675061,59.79314063436837,57.26307629377262,58.22248840332031,669900
2020-05-12,58.51650526601275,58.51650526601275,55.71563959061079,56.13344955444336,1080400
2020-05-13,55.684693453370954,55.684693453370954,52.357691261841,52.7755012512207,951000
2020-05-14,51.77740027200568,54.8336013133778,49.603246471413,54.175933837890625,1214200
2020-05-15,53.5801655728058,56.1643902196902,52.334474608546515,55.72336959838867,2690500
2020-05-18,59.18189798363995,62.11430030819124,58.03679458960616,60.98466873168945,1110900
2020-05-19,60.69839447994538,61.39474438148065,58.90336245766627,60.172264099121094,803600
2020-05-20,60.775766599523415,61.2941580795479,59.87824770602957,61.23999786376953,941100
2020-05-21,60.99240572110773,63.0582386249803,60.89181824966229,61.874446868896484,845100
2020-05-22,61.913131394535604,62.299991766891665,59.684817774852156,60.729339599609375,542400
2020-05-26,64.04087060548348,66.39298264085525,63.46057998204371,64.59021759033203,1036500
2020-05-27,66.74887918056496,67.27500946895152,63.39867318699152,64.8300552368164,829100
2020-05-28,65.5341402263288,65.78946947131682,61.80480672842449,62.238094329833984,1121200
2020-05-29,61.766134365053006,63.282626461133916,61.06204558668256,61.828033447265625,2344100
2020-06-01,62.16847340170042,65.89007496075709,62.16847340170042,65.66569519042969,730900
2020-06-02,66.46260476125504,69.54200963077905,66.20727553100734,68.35047912597656,1267300
2020-06-03,69.61939236476212,73.40288617972594,69.61165350478505,72.42025756835938,798700
2020-06-04,72.05661153131959,73.41062284774515,70.26157962223624,73.333251953125,596100
2020-06-05,78.07617914665325,80.45923504133624,76.8691705240501,77.34114074707031,760400
2020-06-08,79.88666707142487,81.61979989063705,78.46302373139862,79.33732604980469,993100
2020-06-09,76.61382032828527,77.139950634992,75.22112662442892,75.7936782836914,763800
2020-06-10,75.39906747177585,75.41454518892557,71.08171116106658,73.22491455078125,844600
2020-06-11,67.23633691782786,69.8824605669406,66.42392773816044,67.8166275024414,1403500
2020-06-12,71.3215894962408,71.93282968730567,67.63094357143137,69.99852752685547,673800
2020-06-15,66.95005321616725,70.29252650337949,66.25370338486873,69.67355346679688,582000
2020-06-16,73.24041418127457,73.6117968617115,70.75676520437926,71.81676483154297,783100
2020-06-17,71.81676028427934,71.95603025638027,68.81472587824047,69.15515899658203,611100
2020-06-18,68.0874242913513,69.24026652707497,67.42976285095942,68.20348358154297,738200
2020-06-19,68.91604175774454,69.15095252416764,66.1675421790739,66.3633041381836,2026800
2020-06-22,66.15971721124112,66.8722936873753,64.7972155006745,66.3398208618164,774400
2020-06-23,67.12288558580141,68.11735406635377,65.32187252593637,66.49644470214844,620400
2020-06-24,65.49413717939449,65.49413717939449,61.868626927500515,64.57797241210938,681800
2020-06-25,63.857559976330045,66.50425978323234,63.857559976330045,66.31632995605469,573600
2020-06-26,65.7212277696068,66.30851384905371,64.20994468619608,64.8128890991211,933900
2020-06-29,65.68207622376859,66.81749961804233,63.857578587079104,66.37116241455078,525400
2020-06-30,66.59824141508754,67.81979450487343,65.97180056309426,66.72352600097656,598800
2020-07-01,67.16986859334652,68.60284812548419,66.91146127295778,68.48538970947266,764400
2020-07-02,70.23941050550192,70.54479877928546,66.44162850589478,66.98193359375,337100
2020-07-06,68.61850990124753,68.93173036826022,66.90363844852881,67.43611145019531,476400
2020-07-07,66.0892749723056,66.26937272828874,64.41355215777845,64.46053314208984,339600
2020-07-08,64.5231611785587,64.961666179331,62.81611617303175,62.84743881225586,659600
2020-07-09,62.878746115639544,62.92572707592597,60.14590475814415,61.75898742675781,702100
2020-07-10,61.56322615832565,63.31725172769521,61.56322615832565,62.60467529296875,473400
2020-07-13,63.21547651842231,63.74011731806512,61.69636127401713,62.78479766845703,448200
2020-07-14,62.78479623873882,63.45038592192428,60.83500816295138,61.07775115966797,553400
2020-07-15,62.96490300941645,63.513034310817275,61.86080227835936,63.40340805053711,557000
2020-07-16,62.769117513269556,62.980537800726886,61.60237193413929,62.23664474487305,519300
2020-07-17,62.3932770488279,62.54988428970142,60.96812964981899,61.414466857910156,608400
2020-07-20,61.03076636099706,61.437948714568925,58.75992584228515,58.759925842285156,570000
2020-07-21,58.72860953234569,59.65260656128859,58.023865023120926,58.28227233886719,610800
2020-07-22,57.945559429563225,59.43335201515886,57.428744815691765,58.86955642700195,603800
2020-07-23,58.540679351914285,59.300236987141105,57.248648754046826,57.82027053833008,579000
2020-07-24,58.125650638009674,58.28225783478286,56.958904917577485,57.154666900634766,677600
2020-07-27,56.81015423825541,57.94557183728531,55.369342318428224,57.65584182739258,1216000
2020-07-28,57.70281212209943,60.161582495848016,57.24081067078154,59.61344528198242,685500
2020-07-29,60.34950796831793,60.88198083711464,58.438868973074094,60.67838668823242,1034900
2020-07-30,59.668259784858975,61.022935557356796,58.25877686130872,60.294700622558594,878900
2020-07-31,60.01280023368891,60.02846453975074,58.2822648131601,59.74656677246094,3247700
2020-08-03,59.13579170860833,59.456844307125536,57.36610724939803,59.25325012207031,713200
2020-08-04,59.182772115740384,60.63140979046705,58.86955170586322,59.99714279174805,577900
2020-08-05,60.27904785969316,60.62358497549834,58.869558831725605,59.65260696411133,458600
2020-08-06,58.79125637439114,60.38867531290738,57.81244618957849,59.840538024902344,997200
2020-08-07,59.24541307076358,61.735499913476936,58.53283654091896,61.71200942993164,566400
2020-08-10,61.86080368531216,64.04550873489796,61.704196445402395,62.82395553588867,464300
2020-08-11,64.13163100450909,65.23572555399842,63.638306951727444,64.35088348388672,689200
2020-08-12,64.63278366456603,65.4784769518163,63.951529743028495,65.36885070800781,650600
2020-08-13,64.8363758092369,65.36101652749973,64.31172911679204,64.37437438964844,508700
2020-08-14,64.20994234626252,65.34535966880993,63.544352675314634,64.11597442626953,307000
2020-08-17,64.11597969272239,64.8285563692888,63.489544763862234,64.56231689453125,321900
2020-08-18,64.39004920765211,64.39004920765211,62.29930619754226,62.89442443847656,404700
2020-08-19,63.01970572861138,63.0510223913609,61.06208572674845,61.18737030029297,538900
2020-08-20,61.18737167759058,63.285940605792675,61.0777454329532,63.04319763183594,478200
2020-08-21,63.15283175056182,63.45822003786875,61.939104781082364,62.89442443847656,455300
2020-08-24,62.89442061102341,64.17861896518522,62.05655941685464,64.1551284790039,331500
2020-08-25,64.18643488028441,64.64843025612514,63.16847025928659,64.0219955444336,333500
2020-08-26,63.84191146380425,63.904556746419324,62.087885369863,62.4637451171875,423600
2020-08-27,62.9648958372628,64.36654657321299,62.808282644571136,63.74794387817383,312900
2020-08-28,62.518559798031525,63.08235540719817,61.89995703294475,62.996219635009766,406000
2020-08-31,63.113663182081176,63.40339307248212,61.743329278115844,62.0487174987793,564200
2020-09-01,61.56323585423034,62.95706033708257,60.98377603335078,62.27580642700195,527600
2020-09-02,62.08787978143118,63.77143426153363,61.47710326636667,63.661808013916016,508700
2020-09-03,64.04551134946175,65.86218288782096,63.763613526769504,64.48401641845703,599000
2020-09-04,64.49967647242799,65.69773915273977,63.49736984998885,64.25692749023438,702200
2020-09-08,63.75577305527524,64.28824598710148,62.29930315275591,62.85526657104492,728100
2020-09-09,63.41124463622767,64.03767959958208,61.939110225268564,62.166194915771484,678200
2020-09-10,61.8294847550801,62.502906680657965,61.07775920484558,61.10124969482422,586000
2020-09-11,61.187374871951995,61.24218799713228,59.44900722454518,60.41215896606445,607600
2020-09-14,61.10123744879137,63.12933497377032,60.874152800871265,63.051025390625,546200
2020-09-15,63.051021221771144,64.37437423022071,62.92573665055064,63.55217742919922,585900
2020-09-16,63.81841740181057,65.74471492795718,63.1528277403092,65.44715881347656,678800
2020-09-17,64.61712781977542,65.77604165859113,63.99069291229865,65.5019760131836,817800
2020-09-18,65.43151050516168,65.5646332493577,63.83409134246642,64.00636291503906,1662600
2020-09-21,62.752885668905314,63.15748878348361,57.95320579076759,58.13566970825195,1211000
2020-09-22,58.46885390870848,60.37286129551799,58.39745658238103,58.564056396484375,762200
2020-09-23,58.50060063666874,59.468471619258885,56.60452789641713,56.691795349121094,975700
2020-09-24,56.54105757961846,57.905596553063894,56.080927270981746,57.38992691040039,599500
2020-09-25,57.35818696833645,58.37365593380238,56.794913163028106,58.01665115356445,424000
2020-09-28,59.13525918401433,60.14279312187501,58.80998855713696,59.45259475708008,587600
2020-09-29,59.16698958626184,59.21458780076121,56.9218476614008,57.905582427978516,431400
2020-09-30,58.50059329204136,59.14319954969936,57.35819360014312,58.262596130371094,637800
2020-10-01,58.9924551888865,60.37285789416691,58.389518238953336,60.333194732666016,503400
2020-10-02,59.071802662927965,62.602151783145715,58.7703371372449,62.22134780883789,576100
2020-10-05,62.752878577407955,63.18128075866543,61.491477198711124,62.31654739379883,368000
2020-10-06,62.879813547460365,63.546212887398916,61.673939428514345,62.19754409790039,365600
2020-10-07,62.37999719516233,62.6814686990668,61.09479696120277,61.60253143310547,343100
2020-10-08,62.06267821150311,63.276481328323236,61.80087587772962,63.244747161865234,297900
2020-10-09,63.70487689669421,63.73660500719183,61.98333334757069,62.18166732788086,412900
2020-10-12,62.63387032426906,63.1971441705603,61.53113384691203,62.530738830566406,428700
2020-10-13,62.530722727567266,62.68938745435378,60.45218091170446,61.03131866455078,529600
2020-10-14,60.967858777063256,61.68186225160339,59.91272064539129,60.0079231262207,372500
2020-10-15,59.50020355400791,61.182078153430396,59.33360371037753,60.43634033203125,333100
2020-10-16,59.53193036190613,59.825466842109954,58.04838995775004,59.000396728515625,573500
2020-10-19,58.94488020422421,59.309814118283484,57.921475812489135,58.23881149291992,588700
2020-10-20,58.83380126953124,59.60333211318905,58.4371332654573,58.83380126953125,392000
2020-10-21,58.524383544921875,59.02418900885987,57.92145265114257,58.524383544921875,478500
2020-10-22,58.65925671758937,59.81752637238678,58.32605104901752,59.73025894165039,491100
2020-10-23,60.27766018948582,61.102724142252015,59.95238958762794,60.86472702026367,361500
2020-10-26,60.26178997264634,60.26178997264634,57.48511451916577,58.151519775390625,759500
2020-10-27,58.151542317826845,58.286408010920965,55.692195406383746,55.700130462646484,786900
2020-10-28,54.859188954184404,55.39072265393961,53.407382533055674,53.87545394897461,873300
2020-10-29,53.8754527165023,55.533522114347356,53.16144907878312,54.98611831665039,627200
2020-10-30,54.77191617248396,55.34311904011846,53.7961102648295,54.56564712524414,1608200
2020-11-02,55.1685771549182,56.68384552001953,54.264174746859894,56.68384552001953,561900
2020-11-03,57.51686188079218,60.35700630630605,57.4137303763822,59.92860412597656,741400
2020-11-04,59.817527709653774,60.11105811717245,56.95358464371821,57.03291702270508,755800
2020-11-05,57.57238897162206,58.54025978765547,57.07258950796822,57.199520111083984,510300
2020-11-06,57.85004724244226,58.57198575266897,53.8675040409811,54.68463897705078,1071300
2020-11-09,59.97619547843648,74.82744515079982,59.59539761911441,72.67750549316406,2783100
2020-11-10,72.12218070488096,75.35898707638532,71.82864419761742,74.63705444335938,1968900
2020-11-11,74.27212522778422,74.27212522778422,70.0595065703163,71.65411376953125,1197500
2020-11-12,69.43279902245988,69.93260482786782,65.94212370673073,67.69539642333984,1226800
2020-11-13,68.37762690214491,70.78143384234733,68.37762690214491,70.18643188476562,908800
2020-11-16,75.4938443877842,75.85084310865646,71.97936623723382,73.57396697998047,995400
2020-11-17,72.37605187498674,72.90758558590868,71.15431360853448,72.43951416015625,763000
2020-11-18,72.6219773614372,74.20071428919121,71.72550987033533,71.91590881347656,979300
2020-11-19,71.36849963422466,72.53470442134953,70.0436300819516,72.02696990966797,999200
2020-11-20,71.66202989435831,72.58229634723875,70.95596146112355,71.22569274902344,1105100
2020-11-23,72.53469930237239,75.76357607191683,71.66996005112527,73.83576965332031,1061100
2020-11-24,75.75565253744229,76.95359158574206,74.15311648924536,74.2641830444336,1056100
2020-11-25,73.41531529763458,73.41531529763458,71.08290548483718,72.22531127929688,1019500
2020-11-27,72.3046315328411,72.72509858031256,69.9325589492155,70.10709381103516,704600
2020-11-30,69.96430003081885,70.4482354491218,68.49662366726268,69.19476318359375,5379300
2020-12-01,70.57515300728825,72.01902394093642,69.1630162323949,69.4962158203125,872200
2020-12-02,69.15509917081289,71.96350939818944,68.38556226565517,71.3685073852539,892600
2020-12-03,71.41609440738914,73.49463662550788,71.36849619067587,72.83616638183594,770400
2020-12-04,73.7881836583515,74.24038493994367,73.01071170881535,73.85958099365234,482100
2020-12-07,73.47878394296966,73.47878394296966,71.23364156620644,71.63824462890625,744700
2020-12-08,70.9638873140178,72.75682797803701,70.852820782436,71.1304931640625,464900
2020-12-09,71.45576646915637,72.09836663107009,70.86076452585175,71.9635009765625,578800
2020-12-10,70.71797350308059,72.83617925871889,70.71797350308059,72.53471374511719,964800
2020-12-11,71.80481979652927,72.2887550839922,70.1308808945191,71.51921844482422,462600
2020-12-14,72.25704848471975,72.93931796813858,70.06743930415055,70.50377655029297,734900
2020-12-15,71.18603098065026,74.07377309172908,70.13089281049811,74.02616882324219,827800
2020-12-16,73.97064724108886,74.36731524267529,71.32090789577472,71.97144317626953,771100
2020-12-17,72.39190980227903,72.59024380173733,71.09083925004646,71.97937774658203,484900
2020-12-18,71.93175163039112,72.28875635262338,69.2423438985303,70.05947875976562,1119100
2020-12-21,68.6314960265764,69.11543144943798,67.29869136327574,68.1396255493164,898600
2020-12-22,68.59975686504427,68.91709243846357,67.4335521130151,68.24275207519531,637300
2020-12-23,68.91708486720931,69.49621662635374,68.10787894125609,68.31414794921875,391100
2020-12-24,68.67909955192232,69.02816934033581,67.68742951908719,68.6870346069336,231600
2020-12-28,68.70288003125712,69.67075068923411,68.2427438081743,68.8377456665039,489300
2020-12-29,69.02815798719267,69.95635953262229,67.52875362836866,67.86988830566406,447700
2020-12-30,67.91750053551776,69.61523921857159,67.69536740729372,68.13169860839844,686000
2020-12-31,67.99515197118257,68.46906679615807,66.75011131955482,68.3726806640625,725700
2021-01-04,68.39677740062173,69.2803516745766,65.85850302376507,66.08341217041016,929200
2021-01-05,66.59749919800669,67.69794841629403,66.21997049777407,66.35652160644531,699100
2021-01-06,67.07140060770853,69.40886194173531,66.89468455970895,69.09558868408203,1087600
2021-01-07,69.07149255121097,69.10362329905988,67.35253737533259,67.9951400756836,538400
2021-01-08,68.29233358249162,68.51724880035347,67.43285605982274,67.89874267578125,381300
2021-01-11,67.31238683015462,67.67384706344075,65.74604485318136,66.3324203491211,481700
2021-01-12,66.20389137724139,68.20398913094749,65.89865845504009,68.11563110351562,650800
2021-01-13,68.15579458542915,69.81049456141406,67.92285123618093,69.3124771118164,862700
2021-01-14,69.91490146535075,70.52537336228441,69.38475336657108,69.7060546875,577700
2021-01-15,69.50526673936632,70.34868223941412,68.07548178968275,70.09967041015625,739900
2021-01-19,70.29244594041491,70.31654247247442,68.3325129553828,70.0434341430664,684900
2021-01-20,70.54145052940875,71.8266499555253,69.38476798174673,70.88684844970703,795400
2021-01-21,70.5012700692268,70.70208262695066,68.58953672588854,69.85063934326172,476400
2021-01-22,69.19199487091122,71.40896788004629,68.71004581544221,71.11176300048828,818300
2021-01-25,70.32458097572928,73.07169610748612,69.17593256052363,71.45716094970703,837500
2021-01-26,71.97124143927307,72.19615059207064,70.12376902106828,71.31257629394531,930400
2021-01-27,70.66997731295392,72.20418248628381,70.31654515376573,70.92701721191406,793900
2021-01-28,71.28042276866142,72.9752812222179,70.24422925001936,70.3486557006836,980400
2021-01-29,69.88277760854548,71.96319298886453,69.00723770423582,70.33259582519531,2720400
2021-02-01,70.86274499602669,71.07961988837148,67.77826054633026,69.91490936279297,722800
2021-02-02,70.22817538289327,70.45308449087474,68.94297610277516,70.0675277709961,568600
2021-02-03,69.53738177076572,70.83061530995766,68.92690979571714,70.58963775634766,450600
2021-02-04,70.90292210692711,73.2323498866835,70.57359257393439,72.57368469238281,624500
2021-02-05,73.2644614972193,73.6259278208984,72.54956919736237,73.30462646484375,417900
2021-02-08,73.30463301321655,73.45724642153253,72.42105880137098,73.37692260742188,516100
2021-02-09,73.83476393433659,74.77456528690959,73.45723532390643,74.71833801269531,573200
2021-02-10,77.12005344237986,78.25263303801637,75.89108161652021,76.9272689819336,1271300
2021-02-11,76.46944075235034,78.78280598147367,75.7545483387156,78.71051025390625,1238600
2021-02-12,78.43738306622764,82.19659423828125,77.93936573723785,82.19659423828125,1267000
2021-02-16,82.22070298988024,82.94362950129572,80.48567936248307,81.5299072265625,1418300
2021-02-17,81.56204298441956,82.15644653995389,80.42142893430088,82.1082534790039,1013000
2021-02-18,81.6423614631748,82.26889572785993,80.48567904940928,80.97566223144531,870100
2021-02-19,80.90338672543004,81.71467140007883,80.0760397381561,80.09210205078125,686300
2021-02-22,79.98767128758291,83.19263846670408,79.6904664520245,80.8069839477539,1010800
2021-02-23,81.65843933305642,83.3211674307365,81.53795054632018,82.96773529052734,976700
2021-02-24,83.00788758832417,85.34534903041849,82.65446160429863,85.16059875488281,1002900
2021-02-25,85.29714972821054,85.86745669518301,81.95562560090261,82.73477935791016,802200
2021-02-26,82.56609148620629,83.25688717100091,80.70255120656134,81.26482391357422,896800
2021-03-01,82.88740173942642,84.79913527770987,82.21266828994703,83.53803253173828,1009500
2021-03-02,83.58622996711702,83.93162786484535,81.16845081133259,81.57007598876953,844900
2021-03-03,82.00381649139749,84.99994267188941,81.85120310852538,84.69470977783203,756900
2021-03-04,84.89551762769942,85.70679593670037,82.19659640094174,83.2809829711914,917900
2021-03-05,84.20474382471899,85.14454535453491,81.9395778632498,84.95176696777344,623000
2021-03-08,85.82730568113318,88.46196606376893,84.76701537767454,87.7149429321289,747600
2021-03-09,87.20887876862793,87.51411165523461,85.24091812164131,85.2650146484375,561600
2021-03-10,85.36140799580673,87.36150568591657,84.96781705868841,86.36547088623047,491900
2021-03-11,86.26908982787933,87.99607932630529,85.71484511881582,87.28921508789062,574400
2021-03-12,87.59445674847468,88.84752538533763,87.08840508488458,88.65474700927734,632500
2021-03-15,88.71150103951372,89.74963682948024,87.34895438965697,88.88993072509766,520100
2021-03-16,88.5898445848919,88.5898445848919,85.84852719898954,86.31893157958984,567000
2021-03-17,86.01074429746654,86.74878704927434,84.23456575358956,84.93206024169922,1116400
2021-03-18,84.94827262932566,85.79175442337603,83.04233110622398,83.5289535522461,659200
2021-03-19,83.49652580657103,83.83716714721743,81.80145598301331,81.86634063720703,1362300
2021-03-22,81.98798514588641,81.98798514588641,80.6173325139414,81.63924407958984,657700
2021-03-23,81.21749559264433,81.61490321780576,79.37643863760883,80.00904846191406,591000
2021-03-24,80.26858303747197,82.93690382583348,80.155037998626,81.37159729003906,702000
2021-03-25,80.85253433379773,83.42352820997274,80.16314576939452,83.20454406738281,709800
2021-03-26,83.87769669016214,85.19969492633194,83.14775996278921,84.6157455444336,533200
2021-03-29,84.23456014359529,84.32377498062628,81.73655708220785,83.15587615966797,484600
2021-03-30,83.38299130414975,84.35624267695516,82.64494837948742,83.77229309082031,477000
2021-03-31,83.29376780258636,83.57763662422235,81.76090339181384,82.27996826171875,819400
2021-04-01,82.87204141409443,84.40490603754094,82.27997967747723,84.30757904052734,648700
2021-04-05,84.70497991140118,85.02128486825106,83.07478854227713,84.2264633178711,720600
2021-04-06,84.11290728525843,85.3781269474855,83.63439694193835,85.23213958740234,796100
2021-04-07,85.40247456589334,86.18917780055605,84.21835127402801,85.19971466064453,595100
2021-04-08,84.4292285628173,85.6863425286975,84.16969611545554,85.3051528930664,604800
2021-04-09,85.66199799675364,85.67010393693822,85.01316389303277,85.49978637695312,516600
2021-04-12,85.48357619989415,85.79988115302774,83.24510514193692,85.05372619628906,567600
2021-04-13,84.74552472735738,86.05129895766692,84.60764948260197,85.90531158447266,444400
2021-04-14,86.14050180001723,86.33514954123035,84.43732014198719,84.55086517333984,727600
2021-04-15,85.07805526132186,85.94586738564671,84.66442333283324,85.60523223876953,884900
2021-04-16,86.19729496306539,87.3570819363272,85.5403548117726,86.7488021850586,1292000
2021-04-19,86.95154808153238,87.3489557223797,85.66199818689404,86.82178497314453,432500
2021-04-20,86.59467556092619,87.68958372065964,86.21349223382411,86.81365966796875,366900
2021-04-21,86.87045468096129,88.83316908732323,86.36760788615116,88.65473937988281,511100
2021-04-22,88.93859839960923,90.5120108902241,88.362754884409,88.68717193603516,787000
2021-04-23,88.63040281422495,89.58742974995778,87.8680236418345,89.07647705078125,620500
2021-04-26,89.82262975229182,90.503900001065,88.43575287065438,89.13324737548828,667400
2021-04-27,89.31979912291128,91.06353569963672,89.04404859752957,90.67424011230469,966100
2021-04-28,90.84455638355223,91.69614433579011,90.09028923286056,90.62557220458984,1308100
2021-04-29,91.60691613778494,93.09112002267958,90.75532830953942,91.66368865966797,575000
2021-04-30,91.29872984973606,91.99622441851952,90.56068701256454,91.51770782470703,1786300
2021-05-03,92.18275967255103,92.78292721642036,90.78777063457841,91.66368865966797,529500
2021-05-04,91.89891956227048,92.64508089560503,90.90944999680436,91.29875183105469,573300
2021-05-05,90.8202111168419,90.84454131319228,88.90615729256388,89.13324737548828,696600
2021-05-06,93.39932589115773,94.14548085875143,91.53393228443221,92.44229888916016,1480500
2021-05-07,92.1341006603988,95.02951188978766,92.1341006603988,94.38068389892578,656600
2021-05-10,95.05383883599623,96.1081927932123,94.21036309551269,94.26713562011719,444100
2021-05-11,93.26144752173772,93.59397674799995,91.77724966649987,92.62883758544922,463100
2021-05-12,93.12356958945071,93.12356958945071,89.36845834947856,89.6036605834961,517400
2021-05-13,89.68475337197599,90.91753074403566,89.12513411208371,90.40657806396484,504500
2021-05-14,90.54444884208517,91.86644099303217,90.40657361281727,91.26627349853516,389100
2021-05-17,91.8015736758211,92.2638659971477,91.0391944769614,91.63125610351562,435700
2021-05-18,91.46904772488676,92.3774143305612,90.56879324801282,91.39605712890625,366000
2021-05-19,90.65799708507556,91.07162897525883,89.17379326974894,91.03107452392578,292200
2021-05-20,91.25006415267153,91.82590150736308,90.49579710176045,91.41226959228516,366000
2021-05-21,91.25006103515625,91.68802313243935,90.95808630363418,91.25006103515625,289100
2021-05-24,91.75291026389961,92.35308403971064,91.00675529627328,91.76913452148438,402300
2021-05-25,91.68802962218521,92.4341845721147,91.0959679892087,91.47715759277344,455500
2021-05-26,91.6474803355888,92.56395291135776,90.84455281565877,92.3044204711914,354300
2021-05-27,92.80725196685978,92.85591235769222,91.44470533388736,91.58258056640625,812900
2021-05-28,92.12598846686606,92.93702809568005,91.55015107293708,92.73426818847656,317400
2021-06-01,92.86403629162656,94.98085019032399,92.78293356734807,94.65643310546875,741000
2021-06-02,95.07816511660637,96.59480505030885,94.30767386430246,96.53803253173828,859400
2021-06-03,96.91924316665622,96.91924316665622,95.7837863606282,96.14875793457031,800600
2021-06-04,96.3433968161699,96.3433968161699,94.58344233288196,95.402587890625,455300
2021-06-07,95.88923165223541,97.62485620931284,95.58103258937163,97.0976791381836,485500
2021-06-08,97.34908273287553,99.36856961540471,97.31664040616833,98.79273223876953,529000
2021-06-09,99.27124774642733,99.97684823449792,98.37910542874869,99.31990814208984,495000
2021-06-10,99.62809539668002,100.14716640163486,98.87383455507197,98.96304321289062,633200
2021-06-11,98.67919038918329,100.33371197845715,97.82760248953291,100.25260925292969,587100
2021-06-14,100.43912647401771,101.3799352431898,99.44155137635923,100.09038543701172,425500
2021-06-15,99.69298571075242,100.51213743573587,99.25502358613973,99.6199951171875,844100
2021-06-16,99.64432187410645,100.08228398359537,98.48453504372124,98.55752563476562,579200
2021-06-17,98.2736699722934,98.91439201919891,96.91923528227682,97.56806945800781,462500
2021-06-18,97.11388329703057,97.34097340276854,95.08628422759683,95.12683868408203,1158300
2021-06-21,95.71610577078354,98.44149966386071,95.15138907021762,97.99136352539062,465400
2021-06-22,97.87677910170147,97.87677910170147,96.61639288796623,96.62457275390625,375900
2021-06-23,96.66550001304356,97.87678209144863,96.30538608716346,97.2711410522461,489600
2021-06-24,97.62307128521778,97.62307128521778,95.6997474177875,96.37086486816406,494300
2021-06-25,96.86191604230888,97.64761398839899,96.2808271314768,97.61487579345703,899500
2021-06-28,98.1223191070724,98.1223191070724,95.27416452364415,95.94528198242188,504700
2021-06-29,95.97799868767889,97.34479172008028,95.97799868767889,96.31356048583984,547800
2021-06-30,96.11716814261061,96.8455760036743,95.69976385052868,95.89618682861328,543900
2021-07-01,96.11713160389394,97.47573219842305,95.83886010023234,96.64093017578125,690300
2021-07-02,97.12381537042619,97.3447966252703,95.87160907355027,96.46088409423828,377000
2021-07-06,95.88796716027208,96.01072756801169,94.44751801580475,95.61788177490234,992500
2021-07-07,95.1104700466033,95.52787425694488,93.11348372059604,93.75186920166016,927500
2021-07-08,92.78610118714259,94.43933933110037,91.86126441499417,93.62908935546875,818000
2021-07-09,95.00406625894267,96.67367669217764,94.04649749764044,96.61638641357422,1281200
2021-07-12,95.86341394008387,98.90799709760182,95.29869730189186,98.49059295654297,626200
2021-07-13,97.96680265845825,98.73613462189627,95.85524218011257,96.10895538330078,457000
2021-07-14,96.11715802141906,97.57397359014293,96.10078579920125,96.79645538330078,451300
2021-07-15,96.15807342529297,97.03379996449378,95.44603788287036,96.15807342529297,497700
2021-07-16,96.68183976209058,97.05831956239301,95.65879479034344,95.87977600097656,565700
2021-07-19,94.11196638871299,94.25928513804222,91.01827889697115,91.86126708984375,504400
2021-07-20,92.36868866023315,95.74064727196681,92.3523164432845,95.62606048583984,1264900
2021-07-21,96.51817252712213,97.67216421707344,96.28901141105645,96.96012878417969,670800
2021-07-22,96.57546538154776,96.65730774744344,94.23473750073241,94.81582641601562,307900
2021-07-23,95.42147087228416,95.99437994264598,94.30021730614615,95.42965698242188,379900
2021-07-26,95.11865348308659,96.06803620136782,93.80915684881637,95.42965698242188,603000
2021-07-27,94.7094298904826,97.17292438827317,94.57847711257978,96.5099868774414,585000
2021-07-28,96.77189018197548,96.9519471369351,94.4066101700183,95.1513900756836,395000
2021-07-29,95.45420581731659,97.86859620355582,95.45420581731659,96.02711486816406,486000
2021-07-30,96.27263826135966,97.60669312926197,95.93708270012716,96.1907958984375,1576800
2021-08-02,97.13199866877989,98.62155215277272,95.3068833794298,95.40509796142578,547500
2021-08-03,95.80614266800251,95.80614266800251,93.82552849863839,95.51150512695312,348200
2021-08-04,95.0777431500737,95.56880367957427,93.47360875681272,93.53089904785156,397500
2021-08-05,97.68035444309952,99.65278858582015,97.36935095021451,99.12080383300781,842700
2021-08-06,99.51363833345059,100.97045977699676,99.23537306802922,99.28447723388672,413200
2021-08-09,98.6379244783128,99.06351478352421,97.45938063934277,97.49211883544922,304200
2021-08-10,97.61489306661483,99.07171490054418,96.68187620027278,97.9586410522461,402000
2021-08-11,98.43331237921589,98.85071656139631,97.46755747866786,98.8343505859375,477800
2021-08-12,99.16172816923735,99.3663372092919,97.50029751888967,98.28599548339844,216300
2021-08-13,98.54789548313904,99.01440381834837,97.65579687191688,98.21233367919922,413800
2021-08-16,98.08956276853709,98.35146206391464,96.25626770089423,96.83735656738281,488000
2021-08-17,95.93708686693049,96.27264244273707,94.1938138645303,95.57697296142578,474900
2021-08-18,95.10226274633713,95.75701405807797,93.85005663849121,94.8239974975586,432100
2021-08-19,94.05468286284129,95.22504683203789,93.39175156535543,94.33295440673828,256000
2021-08-20,93.70274933207928,95.55241670575806,92.65515210088239,94.9876937866211,271500
2021-08-23,95.16776312707226,96.33812717715205,95.16776312707226,95.96983337402344,511500
2021-08-24,96.32174937273712,96.94375633079248,95.51149311466916,96.53453826904297,271900
2021-08-25,97.05834148665362,99.08806591652444,96.31356782595559,97.87677764892578,534600
2021-08-26,97.78675590929419,98.10594551465765,96.78007667718235,97.10745239257812,208800
2021-08-27,97.63944393697783,99.3336066694353,97.63944393697783,98.75251770019531,254700
2021-08-30,98.74432026362736,99.39088555517158,97.7540132963271,99.3335952758789,297200
2021-08-31,99.02259336296714,99.96379623489477,98.62156137627841,99.66097259521484,486200
2021-09-01,100.29935800676104,101.01957960910778,99.43999750595411,100.49578094482422,374400
2021-09-02,100.83132310003431,100.99501406341678,99.80009812949785,100.78221893310547,321300
2021-09-03,100.38939294619925,100.91319164418177,99.38271361603636,100.5530776977539,414700
2021-09-07,100.31572101318056,100.42211546727884,99.02259036719029,99.84921264648438,430500
2021-09-08,99.60367560993546,100.63490689335366,99.1699054553709,99.64459991455078,220500
2021-09-09,99.03895823412101,99.4154381061198,98.04046515247667,98.46604919433594,481300
2021-09-10,98.80162167524476,98.80162167524476,96.30538870157876,96.3790512084961,411000
2021-09-13,97.46754016929944,99.62821695230757,96.69821457591596,98.94891357421875,366500
2021-09-14,99.43181087207738,99.43181087207738,97.45119679292361,98.16323852539062,295500
2021-09-15,98.29419816444754,99.21903517767946,97.83587583559354,98.65431213378906,401900
2021-09-16,98.72795220470218,99.44818002521434,98.47423899202488,98.71977233886719,313000
2021-09-17,98.43330494034633,99.41543198630343,97.27112720126026,97.6394271850586,822800
2021-09-20,95.95345787377445,97.14837397067238,95.0368133304953,96.51818084716797,690100
2021-09-21,97.57538155075426,97.83141786543057,96.39430125520579,96.43560028076172,271100
2021-09-22,97.50928927674983,98.47563212110889,96.60076757901031,98.00485229492188,455100
2021-09-23,98.63255805248602,99.72278538898979,98.0626706433824,98.66559600830078,511400
2021-09-24,98.12872528424532,99.00421522641689,97.9883187194608,98.30216979980469,457800
2021-09-27,98.7894778589078,100.62304328253693,98.2195841998487,98.44258880615234,464800
2021-09-28,98.24437742561645,98.93816194783788,97.41019260785167,98.40130615234375,427900
2021-09-29,98.89686455255901,100.10272169536795,98.56649126517455,99.56587219238281,406700
2021-09-30,99.77233677971442,100.41656110860313,97.42669253202102,97.45146942138672,793800
2021-10-01,98.05441002921623,100.6395686454667,97.75707472686429,99.97882843017578,435700
2021-10-04,99.93752335313519,101.38290075700284,99.93752335313519,100.73041534423828,507600
2021-10-05,100.7634685713538,101.01125011296945,98.94642493732695,99.20246124267578,280400
2021-10-06,98.44260005059986,100.27616568366508,97.22022086144109,100.2596435546875,258400
2021-10-07,101.2507648669297,101.79588174106156,100.0449077136231,100.5239486694336,358600
2021-10-08,100.3587589957262,101.38291046126352,99.8632022415208,100.26790618896484,226700
2021-10-11,100.36701442320721,101.209466582143,99.8797187303951,100.6973876953125,219400
2021-10-12,100.11923736287002,101.53157693146069,99.91275485925128,101.05253601074219,289600
2021-10-13,100.69736233718305,101.77933468839365,100.02836119811705,101.62240600585938,410900
2021-10-14,102.04365114846347,102.20057355913164,101.44071949284115,102.06842803955078,585000
2021-10-15,102.67134573276589,103.3155700583482,102.27490290225916,102.4400863647461,358700
2021-10-18,101.66371006435749,102.9191270620789,101.24249034529066,102.17578887939453,375800
2021-10-19,102.28314928606687,102.28314928606687,99.69799113196916,99.75580596923828,417100
2021-10-20,99.39240408488718,101.04426393380744,99.35111136947131,101.02774810791016,602000
2021-10-21,101.15989352960521,101.63067330475175,99.30155131697228,99.87969970703125,418400
2021-10-22,100.32571421629576,100.4908976893495,98.85555988154256,99.69800567626953,378400
2021-10-25,99.64844866902403,100.49089443648123,98.91337152544172,99.9375228881836,476900
2021-10-26,100.04490591170071,100.76346733247432,99.66497884021523,100.50743103027344,464300
2021-10-27,100.86256909665167,100.86256909665167,99.00422668457031,99.00422668457031,362600
2021-10-28,98.96293498117306,99.76408811070566,97.03026175439408,99.73931121826172,514900
2021-10-29,99.425434541459,100.14399579004488,98.83077033381474,99.4006576538086,886500
2021-11-01,99.87143850021172,101.1846702719485,98.48387606472212,100.98644256591797,424600
2021-11-02,102.13450548104873,103.20821068611646,101.58112759930569,102.82002258300781,489900
2021-11-03,102.82828030985578,106.4293354497142,102.82828030985578,106.09896850585938,626900
2021-11-04,106.16501279618946,106.75142850958768,104.58749012740837,104.66182708740234,619400
2021-11-05,107.89124398733836,111.96307299106283,106.55322876722636,109.48528289794922,596900
2021-11-08,109.65872985316987,109.65872985316987,105.15740756315043,105.87596893310547,565000
2021-11-09,105.86770156736588,106.65234515112498,105.38040589101463,105.87596893310547,413700
2021-11-10,105.85120335327512,106.28894529273582,105.38041715270813,105.53734588623047,278100
2021-11-11,105.49603094022717,106.6771109721269,104.90961515470033,106.59451293945312,301100
2021-11-12,106.73492115350139,106.73492115350139,105.28128901600766,105.60340118408203,265600
2021-11-15,106.11547097751068,106.68536463006599,105.60339846776661,106.63581085205078,394300
2021-11-16,107.00749208486185,107.01575945083955,105.3804089264493,106.11548614501953,352700
2021-11-17,105.07481724311171,106.62756970013287,103.86069911600549,106.5119400024414,325000
2021-11-18,107.14788621732599,107.93251712975463,106.13199593286978,107.23873901367188,433100
2021-11-19,106.54496851676622,107.28830046534148,105.69426163682441,106.49541473388672,292100
2021-11-22,106.96617590628264,108.0151103991539,105.9585404285997,107.24700164794922,323800
2021-11-23,107.29657480390357,108.35376424967517,106.87534241667007,107.81690216064453,483800
2021-11-24,107.8168968116556,109.02276015859408,107.38742228496884,108.77497863769531,223200
2021-11-26,106.04939931659949,106.3219577092809,101.5646057890828,103.19994354248047,432500
2021-11-29,104.56273963200846,105.36389276238424,102.91087958631687,104.05892181396484,495500
2021-11-30,102.74567972161782,103.35686607670584,101.1103357645126,101.31681823730469,799900
2021-12-01,104.28192557094721,106.09897538671798,100.03664579336812,100.05316162109375,635600
2021-12-02,100.76346139252566,105.98334511395512,100.51567986856304,105.20696258544922,560300
2021-12-03,105.68598650083717,105.88420790730837,104.23234815024368,105.08306121826172,473200
2021-12-06,106.7349369685367,109.10536478488325,105.79337721444652,107.40393829345703,523700
2021-12-07,108.13073461650909,109.66696464398687,107.77559082975205,108.7914810180664,482300
2021-12-08,108.89888902758057,109.98911020919856,108.42810281998439,109.01451873779297,426400
2021-12-09,108.16378544573821,108.69238007859116,106.80926091138438,107.20570373535156,365700
2021-12-10,108.22160081162164,108.22160081162164,106.52844188620925,107.6269302368164,303600
2021-12-13,107.02402631792796,107.40394711510845,105.30609015831614,106.99098205566406,428800
2021-12-14,106.95791407305181,107.23047243204715,105.19868578573971,105.78509521484375,553400
2021-12-15,105.96682397800878,106.4045658799451,103.69551642533501,106.31371307373047,459000
2021-12-16,106.80926324692142,107.21396084178444,105.43821655580444,105.86769104003906,362000
2021-12-17,105.92551460712095,107.5278207041582,105.3803978230935,106.97444915771484,945200
2021-12-20,106.40454866065879,106.41280342254538,103.76983030949897,105.4051742553711,446900
2021-12-21,106.39631963368309,109.0805924108083,105.86771228052551,108.4281005859375,310000
2021-12-22,108.7089095292166,110.18733138140695,108.3702877855758,109.4935531616211,432600
2021-12-23,109.9643341202711,110.69941141258592,108.81629177378633,109.33663177490234,338600
2021-12-27,109.31183154056313,111.1949507772956,108.8658223197793,111.17842864990234,256300
2021-12-28,111.20319261374269,112.02912244973386,110.95541114240751,111.61615753173828,300900
2021-12-29,111.95479164402623,112.7476772280441,110.70762952757507,112.35123443603516,262200
2021-12-30,112.31821834719709,114.30869994705223,111.91350813505365,113.25151062011719,358400
2021-12-31,113.42632399969857,114.70826672111744,113.19324581431486,113.47628021240234,467500
2022-01-03,113.77,115.5,113.03,113.81,51440300
2022-01-04,114.7,116.97,114.63,116.02,56033100
2022-01-05,116.13,116.74,113.11,113.16,49526400
2022-01-06,114.05,114.77,113.0,113.2,43283000
2022-01-07,112.51,113.0,111.59,111.86,46273000
2022-01-10,111.36,111.72,110.22,111.69,57824800
2022-01-11,112.08,112.08,108.68,111.63,51407300
2022-01-12,111.6,112.2,110.63,111.95,34042200
2022-01-13,112.45,114.19,111.62,112.93,31561000
2022-01-14,112.78,112.78,109.73,110.6,40380500
2022-01-18,109.83,110.11,107.44,108.23,46352300
2022-01-19,108.68,109.22,104.38,104.57,61182700
2022-01-20,104.7,105.95,102.57,102.72,69400700
2022-01-21,102.24,103.47,101.77,102.57,78517100
2022-01-24,101.13,103.01,98.11,102.41,91057500
2022-01-25,100.72,104.03,99.77,103.84,83741800
2022-01-26,105.07,107.09,102.66,102.88,70397200
2022-01-27,103.35,105.12,101.38,102.04,57004300
2022-01-28,101.83,104.45,100.55,104.43,56950100
2022-01-31,103.59,106.32,102.73,106.13,206048600
2022-02-01,105.93,106.35,103.23,105.29,51126300
2022-02-02,105.29,106.26,105.28,105.53,44609700
2022-02-03,104.43,105.42,103.61,103.76,58392200
2022-02-04,102.68,103.61,100.97,102.26,41331500
2022-02-07,102.26,103.09,101.76,102.0,36245300
2022-02-08,102.48,103.41,101.85,102.22,39691500
2022-02-09,103.95,105.32,103.83,105.3,44062700
2022-02-10,104.02,106.03,102.52,103.22,46023500
2022-02-11,102.44,105.07,99.64,100.08,100838500
2022-02-14,100.47,101.03,97.07,98.33,91003400
2022-02-15,99.19,100.28,98.77,99.05,47244900
2022-02-16,99.47,100.03,98.54,99.65,51339600
2022-02-17,99.33,100.19,98.32,98.55,37586900
2022-02-18,98.35,99.84,98.0,98.3,47608600
2022-02-22,98.23,99.52,97.32,98.49,43034600
2022-02-23,98.99,99.86,96.31,96.39,40671900
2022-02-24,94.9,97.95,94.15,97.61,57393500
2022-02-25,98.25,100.21,97.99,100.19,46060800
2022-02-28,98.19,99.83,97.07,97.88,62231300
2022-03-01,98.04,98.45,95.89,96.9,60967900
2022-03-02,97.85,99.8,97.56,99.36,61153200
2022-03-03,99.89,100.43,98.66,99.99,42872600
2022-03-04,98.67,100.02,97.89,99.95,31494600
2022-03-07,99.88,100.08,96.46,96.66,38951600
2022-03-08,96.86,100.0,96.38,98.81,401863
2022-03-09,100.4,101.56,99.25,99.39,369477
2022-03-10,97.82,99.93,97.43,99.53,509783
2022-03-11,100.23,101.1,98.55,98.59,347947
2022-03-14,99.06,99.8,96.45,96.85,464311
2022-03-15,97.59,98.59,96.82,98.0,566716
2022-03-16,98.8,99.71,96.35,98.89,386486
2022-03-17,98.11,99.42,97.87,98.83,390243
2022-03-18,98.68,99.15,98.04,98.62,905194
2022-03-21,98.48,99.6,98.05,98.62,368556
2022-03-22,99.64,100.55,99.31,99.66,361243
2022-03-23,99.6,99.69,98.22,98.33,350165
2022-03-24,98.32,99.2,98.01,98.84,299554
2022-03-25,99.31,100.63,98.97,100.47,331063
2022-03-28,100.78,100.78,99.48,100.22,394818
2022-03-29,100.95,104.34,100.95,104.2,592367
2022-03-30,104.38,104.77,103.42,104.27,556907
2022-03-31,104.26,105.11,102.55,102.56,533700
2022-04-01,103.45,104.43,102.38,104.38,576928
2022-04-04,103.76,104.18,102.0,103.33,417703
2022-04-05,103.33,104.12,101.77,102.05,395160
2022-04-06,102.06,103.13,101.11,102.79,635357
2022-04-07,102.54,102.54,99.48,100.64,529740
2022-04-08,100.69,101.96,99.98,101.64,331085
2022-04-11,101.66,102.3,100.8,101.33,237456
2022-04-12,100.91,102.55,100.91,101.28,279891
2022-04-13,101.88,102.84,101.24,102.64,291718
2022-04-14,102.99,104.35,102.99,103.56,454580
2022-04-18,103.46,104.44,102.22,102.86,293575
2022-04-19,103.27,104.93,103.27,104.86,312665
2022-04-20,105.23,106.79,105.23,106.27,365384
2022-04-21,107.22,107.65,105.19,105.27,317383
2022-04-22,105.13,105.32,102.15,102.33,432296
2022-04-25,102.1,102.31,99.3,101.35,660170
2022-04-26,101.3,102.34,100.28,100.47,515045
2022-04-27,100.83,101.33,99.66,99.75,371297
2022-04-28,100.36,102.27,99.18,102.07,354880
2022-04-29,101.48,102.02,98.22,98.35,1264748
2022-05-02,98.85,99.53,94.7,96.81,683586
2022-05-03,97.3,99.75,96.03,99.24,712528
2022-05-04,99.44,102.64,99.14,102.21,681206
2022-05-05,101.19,103.73,97.87,98.79,722380
2022-05-06,98.16,98.6,95.54,96.74,493752
2022-05-09,95.64,95.83,93.4,93.69,533332
2022-05-10,94.44,95.5,91.18,92.07,536269
2022-05-11,92.76,94.66,91.23,91.43,576646
2022-05-12,91.84,94.76,91.49,94.75,913883
2022-05-13,95.41,97.57,94.95,97.44,625962
2022-05-16,97.46,98.09,96.86,97.09,474569
2022-05-17,97.88,99.6,97.58,99.53,399172
2022-05-18,99.06,99.06,94.98,95.33,379370
2022-05-19,94.28,95.79,93.11,93.44,382072
2022-05-20,94.56,94.83,90.35,91.92,462917
2022-05-23,93.44,93.74,90.51,92.08,414804
2022-05-24,91.66,93.6,89.5,93.41,357603
2022-05-25,93.09,94.46,92.8,94.17,339663
2022-05-26,95.1,95.87,94.24,95.02,374858
2022-05-27,95.49,97.5,95.49,97.39,268931
2022-05-31,96.81,97.04,95.78,96.59,578434
2022-06-01,96.81,96.81,93.87,95.51,314238
2022-06-02,95.08,95.72,94.17,95.7,420484
2022-06-03,95.38,95.52,93.78,94.03,329635
2022-06-06,94.68,95.07,92.18,92.81,454631
2022-06-07,92.37,94.34,91.7,94.32,286243
2022-06-08,93.21,93.36,91.52,91.77,355126
2022-06-09,91.67,91.75,88.31,88.35,345900
2022-06-10,86.71,87.59,85.63,85.66,598774
2022-06-13,84.21,84.33,80.89,81.35,778867
2022-06-14,81.48,82.13,79.38,79.95,965651
2022-06-15,80.95,82.2,80.07,80.6,725089
2022-06-16,78.94,79.92,77.98,78.85,679979
2022-06-17,79.3,81.18,78.94,79.57,1013519
2022-06-21,81.47,82.12,80.3,80.53,528015
2022-06-22,78.87,81.7,78.2,80.16,549455
2022-06-23,80.45,82.82,80.42,82.56,606431
2022-06-24,83.16,84.91,83.07,84.58,470269
2022-06-27,84.59,86.18,83.92,85.21,432946
2022-06-28,85.28,86.94,83.42,83.52,515920
2022-06-29,83.16,83.16,81.72,82.37,638777
2022-06-30,81.0,82.37,80.06,81.36,957512
2022-07-01,81.43,83.15,80.92,82.9,351273
2022-07-05,81.45,82.37,79.91,82.31,449657
2022-07-06,82.62,83.41,81.91,82.51,527023
2022-07-07,82.95,83.51,82.35,82.78,272559
2022-07-08,82.69,82.84,81.59,82.36,381605
2022-07-11,81.89,82.77,81.48,82.75,404984
2022-07-12,82.1,84.4,82.1,83.96,550340
2022-07-13,82.77,83.57,82.26,82.41,306827
2022-07-14,80.73,81.97,80.36,80.73,520908
2022-07-15,82.33,82.56,81.11,82.49,685114
2022-07-18,83.12,83.88,82.78,83.64,417528
2022-07-19,84.59,86.07,84.58,85.78,406399
2022-07-20,85.51,87.85,85.41,86.98,584299
2022-07-21,85.95,86.95,84.91,86.92,449339
2022-07-22,87.72,87.94,86.58,87.24,553706
2022-07-25,87.38,87.82,86.75,87.61,582532
2022-07-26,87.36,87.88,85.73,85.85,680919
2022-07-27,86.16,87.52,85.84,87.08,775343
2022-07-28,87.37,89.47,87.37,89.01,639929
2022-07-29,89.13,90.25,88.84,89.75,2175876
2022-08-01,89.02,90.49,88.46,89.9,689561
2022-08-02,89.7,90.12,88.35,88.47,679150
2022-08-03,89.23,90.17,88.44,88.52,603635
2022-08-04,89.31,91.53,88.66,89.26,797345
2022-08-05,89.26,90.3,88.67,89.86,834736
2022-08-08,90.99,92.0,90.28,91.03,452122
2022-08-09,91.63,91.84,90.69,91.27,520442
2022-08-10,92.7,93.12,91.95,92.94,565700
2022-08-11,93.3,94.36,93.11,93.35,437581
2022-08-12,94.1,94.96,93.74,94.9,459419
2022-08-15,94.63,95.74,94.56,95.0,586032
2022-08-16,94.58,96.54,94.36,96.04,421387
2022-08-17,95.17,96.22,94.98,95.74,717854
2022-08-18,95.8,96.15,94.92,95.21,382377
2022-08-19,94.63,95.34,93.03,93.52,331675
2022-08-22,92.59,92.63,90.65,90.88,405776
2022-08-23,91.02,91.11,89.55,90.18,412397
2022-08-24,90.27,90.82,89.86,90.25,332892
2022-08-25,90.74,91.22,90.33,91.2,266580
2022-08-26,91.58,91.58,88.97,89.0,300497
2022-08-29,88.69,89.01,87.91,88.06,466417
2022-08-30,88.19,88.77,87.15,87.29,476336
2022-08-31,87.84,88.16,85.95,86.06,607143
2022-09-01,85.18,86.13,84.21,86.07,592232
2022-09-02,86.97,87.53,85.33,85.63,537139
2022-09-06,86.58,87.95,86.08,87.69,978025
2022-09-07,87.68,88.6,87.55,88.47,587105
2022-09-08,87.45,88.45,86.92,87.07,688161
2022-09-09,87.51,88.5,87.31,88.33,685154
2022-09-12,88.59,89.46,88.39,89.42,636275
2022-09-13,87.57,88.0,85.43,85.81,809943
2022-09-14,85.32,85.57,84.42,85.27,1302294
2022-09-15,85.3,86.13,84.77,84.96,901652
2022-09-16,84.72,85.56,83.69,85.27,1469701
2022-09-19,84.26,85.45,84.1,85.19,471462
2022-09-20,84.18,84.64,81.51,81.82,795195
2022-09-21,82.37,83.28,80.11,80.17,518256
2022-09-22,80.19,80.22,77.68,77.74,586692
2022-09-23,76.64,77.96,75.99,77.71,929808
2022-09-26,77.18,77.24,74.28,75.65,725849
2022-09-27,76.41,76.94,75.45,75.55,694571
2022-09-28,76.62,78.33,75.73,78.05,612734
2022-09-29,77.31,77.42,74.7,76.31,844268
2022-09-30,76.95,78.03,76.34,77.45,1159306
2022-10-03,79.25,79.47,77.5,78.28,805470
2022-10-04,78.95,80.71,78.95,80.4,775525
2022-10-05,79.16,80.38,77.99,79.98,545813
2022-10-06,79.91,80.34,78.91,79.01,555346
2022-10-07,78.5,78.97,77.3,77.82,681471
2022-10-10,78.21,78.69,76.52,76.65,1274276
2022-10-11,76.73,78.88,76.25,78.0,1034887
2022-10-12,78.0,78.08,77.03,77.69,864106
2022-10-13,76.41,78.51,75.45,78.05,880020
2022-10-14,79.06,79.57,76.42,76.63,577950
2022-10-17,78.16,79.24,77.84,78.87,1040321
2022-10-18,80.3,80.59,79.41,79.99,806318
2022-10-19,79.06,79.48,77.79,78.4,627593
2022-10-20,78.4,79.41,77.77,77.82,325116
2022-10-21,77.88,79.3,77.1,79.3,424704
2022-10-24,79.75,80.03,78.75,79.84,459258
2022-10-25,80.17,83.26,80.17,83.06,612481
2022-10-26,83.33,83.87,82.12,82.28,445897
2022-10-27,83.2,84.08,82.71,83.16,622206
2022-10-28,83.22,85.22,82.86,84.97,409828
2022-10-31,84.19,85.58,83.85,85.06,1113493
2022-11-01,85.48,87.21,84.92,86.63,614767
2022-11-02,86.3,87.45,84.89,85.23,742233
2022-11-03,83.82,85.61,82.18,85.43,578221
2022-11-04,89.37,91.67,87.01,90.31,988498
2022-11-07,91.68,91.97,88.63,89.31,672621
2022-11-08,89.55,90.15,88.57,88.96,520930
2022-11-09,88.47,89.0,86.65,86.76,631935
2022-11-10,90.01,92.45,89.33,92.02,617574
2022-11-11,92.2,92.78,90.86,92.62,644388
2022-11-14,91.96,92.57,90.65,90.65,523046
2022-11-15,91.74,92.81,91.35,92.59,695123
2022-11-16,91.73,92.08,90.61,91.17,324715
2022-11-17,89.93,92.53,89.76,92.46,467047
2022-11-18,93.73,94.21,92.53,93.17,456973
2022-11-21,92.91,93.63,92.2,92.79,347021
2022-11-22,93.54,94.65,93.01,94.59,330950
2022-11-23,94.31,94.8,93.76,94.13,256268
2022-11-25,94.39,94.84,94.14,94.75,181580
2022-11-28,93.99,94.44,92.08,92.53,289857
2022-11-29,92.72,94.81,92.53,94.59,409075
2022-11-30,94.43,95.84,93.57,95.48,616883
2022-12-01,96.1,96.55,92.63,93.69,596735
2022-12-02,92.71,94.49,92.41,94.05,902730
2022-12-05,93.56,93.66,91.26,91.97,491328
2022-12-06,92.26,92.65,91.22,91.72,446831
2022-12-07,91.52,92.64,91.23,92.12,405939
2022-12-08,92.4,93.35,91.72,92.57,372712
2022-12-09,92.52,92.8,91.77,92.52,333584
2022-12-12,92.87,92.87,91.2,92.52,482294
2022-12-13,95.56,95.56,92.21,93.29,731625
2022-12-14,93.11,94.42,92.53,93.49,657969
2022-12-15,91.81,92.29,89.64,89.8,829715
2022-12-16,88.23,88.9,86.35,88.11,1344958
2022-12-19,87.82,88.17,86.38,87.1,497699
2022-12-20,86.72,87.0,85.52,86.7,410236
2022-12-21,87.5,88.72,87.14,87.45,306834
2022-12-22,86.94,87.15,85.11,87.01,412866
2022-12-23,86.8,87.99,86.31,87.95,386708
2022-12-27,87.99,88.39,87.48,88.11,233480
2022-12-28,88.24,88.42,86.51,86.52,346951
2022-12-29,87.24,88.17,86.97,87.86,368935
2022-12-30,87.58,88.14,86.82,87.76,409246
2023-01-03,88.38,89.39,87.38,89.17,635863
2023-01-04,89.77,91.74,89.77,91.26,491627
2023-01-05,90.28,90.93,88.64,89.22,444143
2023-01-06,90.14,91.09,89.91,90.54,363907
2023-01-09,90.68,91.19,89.35,89.38,324112
2023-01-10,88.88,88.92,86.98,88.45,455038
2023-01-11,88.95,93.16,88.85,93.0,597775
2023-01-12,93.42,95.45,92.81,95.19,648142
2023-01-13,94.11,95.1,93.45,94.81,382368
2023-01-17,94.77,96.44,94.77,96.29,483311
2023-01-18,96.84,96.92,94.15,94.24,503314
2023-01-19,93.63,94.92,92.48,92.52,501542
2023-01-20,92.58,93.58,91.59,93.51,650016
2023-01-23,93.61,95.23,93.11,95.03,288026
2023-01-24,94.99,95.98,94.71,95.79,380565
2023-01-25,95.23,95.96,94.37,95.96,390862
2023-01-26,96.81,96.81,95.14,95.76,405229
2023-01-27,95.76,97.13,95.69,96.75,660249
2023-01-30,96.74,96.83,95.42,95.52,468716
2023-01-31,95.5,97.27,94.56,96.88,2776422
2023-02-01,96.68,97.77,94.76,97.32,809303
2023-02-02,98.29,99.96,98.0,99.09,655757
2023-02-03,98.08,98.74,96.75,98.19,630120
2023-02-06,97.28,97.72,95.93,96.98,367484
2023-02-07,96.38,96.89,94.9,95.6,1177723
2023-02-08,95.61,95.82,93.99,94.84,545753
2023-02-09,97.32,97.67,94.17,94.36,978147
2023-02-10,93.88,95.87,93.74,95.52,511813
2023-02-13,95.81,97.46,95.37,97.46,514867
2023-02-14,97.17,97.79,95.36,95.65,445677
2023-02-15,94.68,95.62,94.5,95.45,390745
2023-02-16,94.05,95.69,94.03,95.39,385806
2023-02-17,95.42,95.42,93.89,94.76,409720
2023-02-21,93.95,94.7,92.04,92.24,370219
2023-02-22,92.71,93.3,91.58,92.13,297784
2023-02-23,92.68,93.74,91.94,93.19,379285
2023-02-24,92.11,93.27,91.9,92.96,336356
2023-02-27,93.98,94.83,92.35,92.7,446960
2023-02-28,92.77,93.92,92.66,92.75,697119
2023-03-01,91.95,92.73,90.74,92.62,498466
2023-03-02,92.1,92.47,91.55,92.26,290553
2023-03-03,92.99,93.43,92.51,93.16,451434
2023-03-06,93.49,94.02,92.74,93.08,336228
2023-03-07,92.96,93.05,89.47,90.18,435293
2023-03-08,90.24,91.51,89.97,91.16,519126
2023-03-09,91.14,91.45,88.8,88.95,449081
2023-03-10,88.82,89.04,84.43,84.71,792767
2023-03-13,83.81,86.35,83.81,84.94,395119
2023-03-14,86.64,87.83,85.22,86.01,414943
2023-03-15,84.39,85.48,83.55,85.32,669593
2023-03-16,84.53,84.84,82.49,83.53,985005
2023-03-17,83.0,83.0,80.28,80.66,1435796
2023-03-20,81.08,83.21,80.71,82.73,839065
2023-03-21,83.67,84.46,82.73,83.17,571754
2023-03-22,82.59,83.54,79.91,79.99,575387
2023-03-23,80.22,81.8,79.45,80.02,438344
2023-03-24,79.44,81.22,79.39,81.21,683211
2023-03-27,82.28,82.33,80.95,81.22,539102
2023-03-28,80.57,81.9,80.47,81.52,300287
2023-03-29,82.72,83.0,81.7,82.37,565014
2023-03-30,83.58,84.18,83.34,83.78,461399
2023-03-31,84.33,86.89,84.33,86.76,779993
2023-04-03,86.83,88.37,86.15,86.67,599726
2023-04-04,87.08,87.33,86.09,86.49,639420
2023-04-05,86.03,86.27,85.35,85.69,354567
2023-04-06,85.75,85.93,84.97,85.8,292580
2023-04-10,85.27,85.99,84.53,85.82,272438
2023-04-11,86.11,87.09,85.65,86.36,416654
2023-04-12,87.41,87.41,85.03,85.18,337532
2023-04-13,84.97,85.53,83.75,85.25,318346
2023-04-14,85.71,86.11,83.88,84.6,306730
2023-04-17,84.69,86.02,84.69,85.91,583964
2023-04-18,85.79,86.3,85.47,86.01,357328
2023-04-19,85.28,86.36,84.93,86.01,399739
2023-04-20,85.62,85.89,84.75,85.18,466995
2023-04-21,85.28,85.83,84.13,85.39,323486
2023-04-24,85.61,85.61,83.83,84.25,352124
2023-04-25,83.86,84.89,83.57,84.15,733276
2023-04-26,84.1,84.51,82.95,83.1,471196
2023-04-27,83.23,85.33,83.23,84.93,368730
2023-04-28,85.03,87.22,84.93,86.81,1215818
2023-05-01,86.61,87.13,85.74,85.75,345699
2023-05-02,85.22,85.37,83.54,84.45,429621
2023-05-03,84.87,85.97,84.22,84.39,361419
2023-05-04,84.08,84.95,83.31,84.65,533700
2023-05-05,83.18,85.32,83.18,84.57,647357
2023-05-08,84.6,84.75,82.58,82.85,635391
2023-05-09,82.15,82.19,80.75,81.37,464979
2023-05-10,82.27,82.46,80.86,81.11,458640
2023-05-11,80.46,80.48,79.44,79.75,799631
2023-05-12,79.77,80.3,79.28,80.24,440839
2023-05-15,80.63,81.44,79.93,80.72,421809
2023-05-16,80.8,80.8,77.58,77.59,479515
2023-05-17,78.02,79.45,77.33,79.41,470242
2023-05-18,78.93,79.31,77.92,78.36,355754
2023-05-19,79.0,79.14,77.35,77.9,490726
2023-05-22,78.28,79.47,78.01,79.18,408090
2023-05-23,79.12,80.32,78.33,78.46,388804
2023-05-24,77.33,78.06,76.67,76.75,438609
2023-05-25,76.59,76.88,74.85,75.42,415279
2023-05-26,75.39,76.5,75.0,76.42,331298
2023-05-30,76.71,77.3,76.36,76.63,447230
2023-05-31,76.6,77.79,76.32,77.42,771680
2023-06-01,77.54,77.74,76.39,77.03,377755
2023-06-02,78.16,80.3,78.04,80.0,515905
2023-06-05,79.77,80.63,79.24,79.44,407591
2023-06-06,79.67,82.12,79.67,81.8,902636
2023-06-07,82.38,85.72,81.87,85.33,877366
2023-06-08,84.82,85.13,83.57,84.37,393030
2023-06-09,84.62,84.62,83.92,84.39,264975
2023-06-12,84.39,85.06,82.67,83.69,701666
2023-06-13,83.66,84.8,83.01,83.18,723584
2023-06-14,83.69,84.09,82.44,82.79,596238
2023-06-15,82.58,83.35,81.88,83.31,458240
2023-06-16,83.92,84.33,83.47,84.21,672348
2023-06-20,84.0,84.12,81.88,82.73,604413
2023-06-21,82.41,82.61,81.48,82.03,411580
2023-06-22,82.2,82.2,80.22,81.09,331513
2023-06-23,80.56,81.16,79.75,80.01,512514
2023-06-26,80.16,82.02,80.1,82.0,464838
2023-06-27,82.3,83.85,81.71,83.8,416138
2023-06-28,83.86,84.32,82.69,83.81,702739
2023-06-29,83.66,85.7,83.1,85.56,449618
2023-06-30,87.03,87.21,84.91,85.94,870201
2023-07-03,85.31,86.98,85.26,86.42,211262
2023-07-05,86.01,87.14,85.25,86.12,497554
2023-07-06,84.88,86.29,83.86,86.21,420101
2023-07-07,85.86,86.42,84.87,85.23,1000660
2023-07-10,84.99,86.18,84.79,86.15,534005
2023-07-11,86.64,88.73,86.28,88.52,683481
2023-07-12,88.85,89.55,88.47,88.55,656384
2023-07-13,88.67,89.43,88.15,89.38,552731
2023-07-14,89.11,89.19,88.14,89.04,409180
2023-07-17,88.67,89.58,88.18,89.49,513017
2023-07-18,89.49,90.07,88.78,89.74,658541
2023-07-19,90.15,91.12,89.75,91.0,612993
2023-07-20,91.25,91.48,89.89,91.45,456088
2023-07-21,91.77,92.52,91.1,91.69,514939
2023-07-24,91.68,92.34,91.09,91.61,488424
2023-07-25,91.48,91.74,90.3,90.84,360435
2023-07-26,90.61,91.43,90.09,91.41,517359
2023-07-27,91.7,92.09,89.23,89.31,466460
2023-07-28,90.29,90.67,89.03,89.63,558927
2023-07-31,89.71,91.24,89.19,90.15,4129017
2023-08-01,90.16,90.48,89.3,89.9,619935
2023-08-02,89.0,89.55,88.55,89.46,665381
2023-08-03,89.69,91.42,88.88,91.14,996249
2023-08-04,91.16,92.37,90.61,91.84,635912
2023-08-07,91.84,92.4,91.12,92.29,551089
2023-08-08,91.22,91.54,89.99,90.65,361964
2023-08-09,90.56,92.1,90.13,91.46,705848
2023-08-10,91.92,92.87,91.01,91.25,462434
2023-08-11,90.78,91.38,90.59,90.77,277432
2023-08-14,90.39,90.68,89.23,89.54,393862
2023-08-15,88.99,88.99,87.77,88.14,375464
2023-08-16,88.24,88.67,86.58,86.6,261263
2023-08-17,86.8,87.31,85.28,85.3,370301
2023-08-18,84.43,85.89,84.43,85.63,299998
2023-08-21,85.43,85.58,83.7,85.1,958207
2023-08-22,85.49,85.7,84.92,85.4,925637
2023-08-23,85.67,87.14,85.4,87.1,646077
2023-08-24,86.81,88.68,86.27,86.68,784137
2023-08-25,86.97,87.54,86.6,86.64,288556
2023-08-28,86.71,88.24,86.71,86.96,439205
2023-08-29,87.2,87.31,86.29,87.26,534254
2023-08-30,87.24,88.0,86.9,87.69,420826
2023-08-31,87.63,87.9,86.63,86.97,474814
2023-09-01,87.38,87.97,87.03,87.08,334962
2023-09-05,86.67,87.16,85.57,85.73,439896
2023-09-06,85.92,86.53,85.43,86.35,448475
2023-09-07,86.06,87.17,85.97,86.62,645047
2023-09-08,86.96,87.2,86.48,86.68,471497
2023-09-11,87.05,87.28,86.11,86.42,418252
2023-09-12,86.08,87.32,85.86,87.24,225384
2023-09-13,87.49,87.49,86.31,86.62,332307
2023-09-14,87.36,88.7,87.36,88.56,390209
2023-09-15,88.26,88.56,87.56,87.76,674064
2023-09-18,87.04,87.27,85.69,85.82,483092
2023-09-19,86.0,86.36,85.47,85.58,455901
2023-09-20,86.36,87.13,86.13,86.66,665644
2023-09-21,86.05,86.78,84.46,84.47,736192
2023-09-22,84.93,85.32,83.38,83.43,458922
2023-09-25,83.43,83.51,82.58,82.94,425725
2023-09-26,82.8,82.93,80.74,81.2,553300
2023-09-27,81.49,82.85,80.86,81.19,526678
2023-09-28,81.61,82.56,81.54,81.89,298442
2023-09-29,82.99,83.12,80.78,81.39,542591
2023-10-02,81.09,81.61,79.19,79.51,482698
2023-10-03,78.97,79.06,77.24,77.84,522914
2023-10-04,78.22,78.88,77.23,78.83,356435
2023-10-05,78.99,79.36,78.42,78.89,547067
2023-10-06,78.26,78.93,77.28,78.06,741112
2023-10-09,77.97,79.51,77.74,79.08,447208
2023-10-10,79.28,80.43,78.91,80.12,651134
2023-10-11,80.92,82.0,80.86,81.74,472431
2023-10-12,82.0,82.0,79.87,80.17,419687
2023-10-13,80.46,80.76,78.63,79.36,526174
2023-10-16,80.23,80.78,79.36,80.47,423661
2023-10-17,80.03,82.38,80.03,81.44,630600
2023-10-18,80.82,81.19,79.71,79.81,329895
2023-10-19,79.36,80.68,78.61,78.7,574491
2023-10-20,79.08,79.59,78.28,78.39,776226
2023-10-23,77.78,78.7,76.99,77.09,476596
2023-10-24,77.67,78.92,77.45,78.71,650946
2023-10-25,78.09,78.57,76.87,76.98,391351
2023-10-26,77.5,79.4,77.5,79.06,594805
2023-10-27,79.7,79.7,77.65,77.82,706522
2023-10-30,78.58,79.31,77.93,78.8,481893
2023-10-31,79.35,82.65,79.26,81.9,1148011
2023-11-01,81.97,82.54,81.34,82.36,623382
2023-11-02,83.54,84.43,83.28,83.93,655045
2023-11-03,85.79,87.88,85.72,85.77,1172762
2023-11-06,85.34,85.44,83.57,84.57,777872
2023-11-07,84.47,84.47,83.37,83.57,547732
2023-11-08,83.57,84.05,83.54,83.86,408292
2023-11-09,84.27,84.27,81.9,82.2,659256
2023-11-10,82.53,83.13,82.02,83.13,794890
2023-11-13,82.5,82.88,81.46,81.86,735773
2023-11-14,84.23,86.56,84.08,85.07,2030681
2023-11-15,84.83,85.44,84.25,84.68,986201
2023-11-16,84.42,84.73,83.01,83.11,905149
2023-11-17,84.35,84.35,82.52,83.11,1366976
2023-11-20,83.25,83.4,82.27,82.97,643816
2023-11-21,82.22,82.82,81.58,82.46,544691
2023-11-22,83.06,83.06,82.44,82.71,405122
2023-11-24,82.6,83.11,82.09,82.72,856520
2023-11-27,83.28,84.75,82.28,84.15,1069595
2023-11-28,83.89,84.7,83.33,84.46,566625
2023-11-29,85.19,85.89,84.45,84.71,653577
2023-11-30,84.65,85.95,84.64,85.85,975711
2023-12-01,85.7,88.05,85.49,87.93,722690
2023-12-04,87.58,89.92,87.49,89.72,662424
2023-12-05,89.24,89.69,88.51,89.6,836697
2023-12-06,90.04,90.45,88.71,88.96,418296
2023-12-07,88.99,89.46,88.27,88.92,565647
2023-12-08,88.61,89.18,87.95,89.02,368230
2023-12-11,88.91,89.45,88.32,89.2,403268
2023-12-12,89.33,89.33,88.72,89.21,550892
2023-12-13,89.58,93.41,88.88,93.17,529689
2023-12-14,94.72,96.64,94.25,96.14,967893
2023-12-15,95.06,95.64,93.62,94.41,1334674
2023-12-18,94.81,94.81,93.55,93.72,382393
2023-12-19,94.05,94.8,93.63,93.76,551276
2023-12-20,93.74,94.87,92.67,92.72,505434
2023-12-21,93.46,93.9,92.76,93.81,327770
2023-12-22,94.0,94.87,93.36,93.41,423767
2023-12-26,93.42,94.33,93.25,93.95,322972
2023-12-27,94.0,94.34,93.4,94.13,393794
2023-12-28,93.64,94.64,93.64,94.6,351501
2023-12-29,94.37,94.76,93.48,93.51,388729
2024-01-02,93.14,94.86,92.93,94.8,562315
2024-01-03,93.87,93.87,91.55,92.2,604270
2024-01-04,92.21,92.71,91.51,92.39,619218
2024-01-05,91.6,92.81,91.38,92.53,581858
2024-01-08,91.2,93.44,90.75,92.86,1200228
2024-01-09,92.76,92.99,91.86,92.92,1157033
2024-01-10,93.07,93.85,92.83,93.69,965082
2024-01-11,93.32,93.77,92.22,92.54,756542
2024-01-12,93.56,93.79,92.69,93.38,719893
2024-01-16,93.17,93.28,91.66,92.47,683566
2024-01-17,91.37,92.79,90.24,90.96,640497
2024-01-18,90.96,91.23,89.36,89.91,589865
2024-01-19,90.62,91.61,89.42,91.31,619267
2024-01-22,91.75,92.6,91.47,91.47,427934
2024-01-23,91.93,92.47,91.18,92.45,661980
2024-01-24,93.65,93.65,91.53,91.86,730657
2024-01-25,93.13,94.11,92.76,94.08,762864
2024-01-26,94.27,94.51,93.59,94.01,645943
2024-01-29,93.82,94.37,93.05,94.09,662276
2024-01-30,93.61,94.69,93.41,94.01,728272
2024-01-31,94.31,94.58,92.16,92.31,1105005
2024-02-01,92.13,93.72,91.59,93.68,604937
2024-02-02,92.54,93.37,91.38,92.53,519744
2024-02-05,91.26,91.63,90.32,90.56,593540
2024-02-06,90.51,92.86,90.27,92.25,378120
2024-02-07,92.4,92.56,91.47,91.51,420299
2024-02-08,91.1,93.0,90.96,92.61,1035111
2024-02-09,92.3,92.59,90.68,91.78,1103380
2024-02-12,92.08,92.53,91.36,91.39,744776
2024-02-13,91.34,91.93,88.69,91.7,1268093
2024-02-14,91.77,91.92,90.54,91.55,723172
2024-02-15,92.52,93.05,92.18,92.75,466252
2024-02-16,91.63,92.34,90.73,91.13,783107
2024-02-20,90.7,91.74,90.02,90.21,652644
2024-02-21,90.22,90.93,89.9,90.2,858822
2024-02-22,89.95,90.14,88.97,89.93,761711
2024-02-23,89.79,89.86,89.16,89.18,452247
2024-02-26,88.96,89.29,88.23,88.39,536085
2024-02-27,88.85,90.04,88.46,88.85,795896
2024-02-28,88.14,90.12,88.14,89.54,575781
2024-02-29,90.37,92.12,89.93,91.52,1606021
2024-03-01,91.3,91.3,90.12,90.67,545135
2024-03-04,90.56,92.31,90.41,92.29,522127
2024-03-05,91.92,92.96,91.8,92.27,727609
2024-03-06,92.66,93.04,91.77,92.39,776851
2024-03-07,92.86,93.16,92.15,92.55,683222
2024-03-08,93.38,93.92,92.09,92.71,496732
2024-03-11,92.56,93.27,92.02,93.25,381009
2024-03-12,93.1,93.3,92.39,92.75,668020
2024-03-13,92.45,93.83,92.45,92.81,407341
2024-03-14,92.2,92.21,90.43,91.11,506087
2024-03-15,90.2,91.36,89.77,90.91,747927
2024-03-18,90.91,91.98,90.8,91.52,440055
2024-03-19,91.52,92.22,90.97,91.41,326272
2024-03-20,90.89,92.99,90.89,92.72,326462
2024-03-21,93.21,93.97,92.89,93.75,845146
2024-03-22,93.83,94.05,91.26,91.28,631930
2024-03-25,91.65,92.11,90.66,90.83,478936
2024-03-26,91.2,91.39,90.57,90.61,373716
2024-03-27,91.34,93.21,91.17,93.13,536078
2024-03-28,93.56,94.64,93.25,93.66,674206
2024-04-01,93.66,93.66,92.29,92.39,549084
2024-04-02,91.82,92.23,91.03,91.53,406031
2024-04-03,91.26,92.21,90.98,91.86,538818
2024-04-04,92.86,93.06,90.86,91.12,428921
2024-04-05,91.43,92.11,90.67,91.43,377120
2024-04-08,91.89,92.85,91.72,92.67,431455
2024-04-09,92.94,94.39,92.44,94.38,641374
2024-04-10,91.91,92.37,91.14,91.4,703166
2024-04-11,91.95,91.95,90.66,91.49,501409
2024-04-12,91.32,91.81,90.95,91.48,829873
2024-04-15,91.96,92.01,89.43,89.93,637061
2024-04-16,89.44,89.55,88.03,88.44,550370
2024-04-17,88.75,89.47,88.41,89.0,396484
2024-04-18,89.39,90.45,88.76,90.37,450489
2024-04-19,90.78,91.79,90.61,91.51,483907
2024-04-22,91.95,92.92,91.32,92.76,723681
2024-04-23,92.83,94.81,92.83,94.35,508484
2024-04-24,93.61,95.18,93.1,95.02,763120
2024-04-25,94.39,94.65,93.5,94.07,817432
2024-04-26,94.4,95.06,93.64,93.72,559732
2024-04-29,94.35,95.07,94.15,94.73,365746
2024-04-30,94.12,95.8,94.12,95.54,1057528
2024-05-01,95.49,97.2,95.02,95.64,715109
2024-05-02,96.72,97.14,95.99,96.22,989118
2024-05-03,95.83,97.14,92.55,93.56,1336869
2024-05-06,94.29,94.65,92.88,93.66,804017
2024-05-07,94.3,95.37,93.72,94.55,699907
2024-05-08,94.24,94.73,93.29,93.65,340841
2024-05-09,94.01,94.22,93.43,94.06,623161
2024-05-10,94.52,94.79,93.17,93.29,703979
2024-05-13,94.07,94.07,93.32,93.97,501371
2024-05-14,94.47,94.71,93.67,93.98,440447
2024-05-15,95.26,95.28,94.19,94.46,466586
2024-05-16,94.47,94.78,93.05,93.21,546064
2024-05-17,93.36,93.93,92.89,93.85,624923
2024-05-20,93.68,93.83,92.39,92.64,318901
2024-05-21,92.34,92.99,92.25,92.9,313407
2024-05-22,92.76,93.36,92.5,92.72,314160
2024-05-23,92.58,92.71,90.44,90.48,511515
2024-05-24,91.23,91.23,89.89,89.94,320099
2024-05-28,90.8,91.03,89.75,89.88,657567
2024-05-29,88.97,89.97,88.86,89.61,437008
2024-05-30,90.3,91.13,90.25,90.65,374308
2024-05-31,91.12,92.79,90.52,92.59,952473
2024-06-03,92.59,93.56,92.53,92.9,388864
2024-06-04,93.02,93.66,92.99,93.17,447278
2024-06-05,93.17,93.55,92.54,93.3,355866
2024-06-06,92.92,93.84,92.72,93.59,322257
2024-06-07,92.36,92.82,92.21,92.64,396539
2024-06-10,92.4,93.1,91.06,92.23,557877
2024-06-11,91.67,92.29,91.55,91.59,370310
2024-06-12,93.4,94.35,92.24,92.5,384204
2024-06-13,92.39,94.2,91.91,93.35,379518
2024-06-14,92.88,93.67,92.64,92.81,450121
2024-06-17,92.29,92.77,92.16,92.16,390904
2024-06-18,92.37,92.89,92.01,92.63,441526
2024-06-20,92.32,93.21,91.95,92.63,435088
2024-06-21,93.08,93.47,92.25,92.95,1124651
2024-06-24,92.85,94.11,92.73,93.72,421218
2024-06-25,93.64,93.92,91.88,92.07,383488
2024-06-26,91.34,92.32,90.98,91.94,1096250
2024-06-27,92.01,93.14,91.51,93.02,362382
2024-06-28,93.41,93.64,92.6,93.62,752901
2024-07-01,93.12,93.72,92.38,93.11,360305
2024-07-02,93.27,93.78,93.07,93.76,265000
2024-07-03,94.18,94.36,93.24,93.32,145381
2024-07-05,93.3,93.77,93.1,93.46,227142
2024-07-08,93.74,94.35,92.91,93.27,303955
2024-07-09,93.18,93.75,92.73,93.27,442255
2024-07-10,93.6,95.27,93.33,95.14,426098
2024-07-11,96.64,97.87,96.26,97.29,566847
2024-07-12,98.21,99.09,97.84,98.57,592188
2024-07-15,99.02,99.36,98.32,98.65,454092
2024-07-16,99.16,100.91,98.95,100.78,426559
2024-07-17,100.61,102.06,100.35,101.85,530503
2024-07-18,101.39,102.94,101.07,101.57,481260
2024-07-19,102.0,102.0,100.84,101.53,538238
2024-07-22,101.42,102.81,100.84,102.73,442614
2024-07-23,102.58,102.71,101.67,101.7,414877
2024-07-24,101.8,102.14,99.02,99.44,550069
2024-07-25,99.75,101.06,99.17,99.26,629434
2024-07-26,99.89,101.88,99.77,101.57,309546
2024-07-29,101.63,102.91,101.26,102.78,497803
2024-07-30,102.9,106.12,102.56,105.61,463662
2024-07-31,105.08,105.62,103.52,103.52,1005001
2024-08-01,104.32,105.43,103.88,104.59,552454
2024-08-02,106.63,106.67,103.46,104.29,979478
2024-08-05,102.06,104.46,101.32,101.77,710683
2024-08-06,101.78,105.45,101.3,104.26,556550
2024-08-07,104.86,105.63,103.3,103.84,695163
2024-08-08,103.84,105.11,103.51,104.16,647244
2024-08-09,104.34,104.72,103.52,104.59,556679
2024-08-12,104.37,104.45,103.01,103.54,408314
2024-08-13,104.21,104.25,102.97,103.64,504580
2024-08-14,103.98,105.15,103.93,104.42,373236
2024-08-15,104.77,106.12,104.03,104.89,710602
2024-08-16,105.17,105.4,103.97,105.06,598458
2024-08-19,105.07,105.98,104.49,104.72,856337
2024-08-20,104.77,105.19,104.23,104.66,657450
2024-08-21,104.84,105.43,104.6,105.33,761308
2024-08-22,105.32,106.29,104.91,105.86,962365
2024-08-23,106.19,108.01,105.86,107.73,664004
2024-08-26,108.5,108.5,107.47,107.52,461992
2024-08-27,106.8,107.82,106.6,106.67,515876
2024-08-28,106.9,107.19,106.28,106.63,533979
2024-08-29,106.63,106.65,105.51,106.14,526039
2024-08-30,106.12,106.94,105.79,106.63,717798
2024-09-03,105.86,106.43,105.5,106.28,469234
2024-09-04,106.52,107.35,105.8,106.09,694708
2024-09-05,106.72,108.69,106.41,107.5,859823
2024-09-06,107.59,108.54,106.67,107.04,654060
2024-09-09,106.66,108.67,106.44,108.59,535695
2024-09-10,108.73,109.08,107.38,108.11,583269
2024-09-11,107.22,108.39,106.6,107.81,800926
2024-09-12,107.91,108.57,107.5,107.79,990557
2024-09-13,108.86,109.06,107.62,108.84,1000584
2024-09-16,109.41,109.72,108.51,108.68,743170
2024-09-17,108.67,108.67,106.57,107.21,957511
2024-09-18,107.22,108.48,106.77,107.11,1043322
2024-09-19,107.45,107.65,104.77,105.9,2000488
2024-09-20,104.77,105.99,104.63,104.8,2570677
2024-09-23,105.52,106.64,105.52,106.29,960933
2024-09-24,105.71,107.18,105.71,106.6,681782
2024-09-25,106.73,106.87,106.25,106.46,494453
2024-09-26,106.5,106.66,104.86,105.36,434886
2024-09-27,106.23,106.58,105.31,106.05,409976
2024-09-30,105.91,106.61,105.14,106.6,721983
2024-10-01,106.98,107.13,105.53,106.17,597510
2024-10-02,105.48,105.93,103.96,104.06,994293
2024-10-03,104.01,104.57,103.47,104.47,419273
2024-10-04,104.09,104.8,103.17,104.24,351626
2024-10-07,103.61,103.91,102.95,103.22,411409
2024-10-08,103.59,103.72,102.43,102.65,580431
2024-10-09,102.76,104.76,102.76,104.47,564191
2024-10-10,104.27,104.53,103.03,103.36,675732
2024-10-11,103.78,104.49,103.69,104.34,394863
2024-10-14,104.18,104.91,103.59,104.41,460520
2024-10-15,104.88,106.89,104.75,105.95,511385
2024-10-16,105.84,106.75,105.84,106.25,422823
2024-10-17,105.89,106.29,105.41,106.11,366198
2024-10-18,106.06,107.25,105.51,107.04,430299
2024-10-21,106.6,106.66,105.53,105.99,645214
2024-10-22,105.82,107.3,105.5,107.06,415424
2024-10-23,106.76,107.93,106.69,107.13,415675
2024-10-24,107.38,107.99,106.53,106.65,425356
2024-10-25,107.03,107.07,105.14,105.18,496633
2024-10-28,105.72,106.65,105.72,106.01,361563
2024-10-29,105.95,106.48,105.23,105.65,633695
2024-10-30,105.9,107.42,105.9,106.96,712407
2024-10-31,103.92,107.15,103.72,103.77,1361123
2024-11-01,104.38,105.39,103.16,103.38,571432
2024-11-04,103.45,104.46,103.2,104.31,745965
2024-11-05,103.78,106.57,103.42,106.47,702793
2024-11-06,107.67,108.13,104.61,105.9,951480
2024-11-07,106.02,106.99,105.69,106.39,677407
2024-11-08,106.93,107.69,106.42,107.05,721892
2024-11-11,107.3,108.75,107.07,107.53,705204
2024-11-12,107.81,108.25,106.37,106.39,434115
2024-11-13,107.45,107.76,106.54,106.79,599002
2024-11-14,106.58,107.2,106.11,106.13,525750
2024-11-15,105.98,106.94,105.09,106.29,2699264
2024-11-18,103.63,105.63,103.46,105.35,694488
2024-11-19,105.02,106.1,104.62,106.01,322340
2024-11-20,105.44,106.56,105.19,105.93,585138
2024-11-21,106.07,107.26,105.77,107.1,463383
2024-11-22,107.63,107.85,107.13,107.53,511632
2024-11-25,108.29,109.14,107.97,108.58,938581
2024-11-26,108.66,108.79,107.8,108.5,659174
2024-11-27,109.19,110.47,108.99,110.03,471122
2024-11-29,110.09,110.55,109.17,109.2,350060
2024-12-02,108.65,108.97,106.48,106.96,597254
2024-12-03,106.98,107.39,106.19,106.43,599380
2024-12-04,106.27,106.52,105.78,106.5,619964
2024-12-05,105.97,106.52,105.57,106.36,395879
2024-12-06,106.9,107.38,106.18,106.62,314201
2024-12-09,106.73,107.18,105.88,106.92,681132
2024-12-10,106.58,106.61,104.7,105.56,691876
2024-12-11,105.6,106.39,105.12,105.19,450525
2024-12-12,105.11,107.05,105.11,106.24,447978
2024-12-13,105.67,107.18,105.67,106.96,486908
2024-12-16,106.67,108.69,106.66,107.13,469749
2024-12-17,106.46,108.07,106.46,107.03,412816
2024-12-18,107.03,108.21,102.88,102.91,797429
2024-12-19,102.97,104.68,102.51,102.56,1062618
2024-12-20,102.78,105.87,102.78,104.78,1825023
2024-12-23,104.36,105.18,103.93,104.97,480195
2024-12-24,104.63,105.69,104.63,105.53,210073
2024-12-26,104.96,105.91,104.39,105.59,269552
2024-12-27,105.06,105.79,103.96,104.32,383317
2024-12-30,103.73,104.14,102.57,103.84,382681
2024-12-31,104.34,105.12,103.75,104.8,544169
2025-01-02,104.58,104.99,102.64,103.0,558937
2025-01-03,103.28,104.3,102.92,103.65,429168
2025-01-06,103.08,103.68,100.64,100.73,594317
2025-01-07,100.91,101.33,98.69,99.18,875819
2025-01-08,99.19,99.58,97.97,98.85,659416
2025-01-10,97.28,97.92,95.96,96.1,698299
2025-01-13,96.1,97.7,95.8,97.59,729629
2025-01-14,97.66,98.33,96.9,98.3,713747
2025-01-15,100.45,100.55,97.88,98.34,708902
2025-01-16,98.49,99.67,98.14,99.64,405386
2025-01-17,99.87,100.39,99.41,99.64,546382
2025-01-21,99.81,100.89,99.72,100.55,626893
2025-01-22,99.85,100.35,98.41,98.77,606346
2025-01-23,98.84,99.54,97.64,99.36,651703
2025-01-24,99.31,100.82,98.83,100.73,525401
2025-01-27,101.72,104.12,101.63,103.94,775637
2025-01-28,103.47,104.93,102.56,102.78,507381
2025-01-29,103.03,103.28,101.16,101.33,594946
2025-01-30,102.48,103.17,101.44,102.38,476269
2025-01-31,102.3,103.61,102.15,102.7,2372142
2025-02-03,101.64,102.96,100.95,102.32,631950
2025-02-04,101.46,102.57,101.46,102.23,518868
2025-02-05,103.37,104.1,102.18,103.93,649543
2025-02-06,104.61,104.88,103.34,104.68,697307
2025-02-07,104.8,105.46,104.18,104.92,721178
2025-02-10,104.94,105.25,103.48,103.81,553228
2025-02-11,103.04,104.92,103.04,104.92,575367
2025-02-12,103.54,104.61,103.08,104.52,707051
2025-02-13,104.47,105.72,104.18,105.72,884326
2025-02-14,105.42,105.42,99.02,99.3,1771959
2025-02-18,99.27,99.47,98.0,99.0,1427564
2025-02-19,98.46,99.98,98.46,99.28,724560
2025-02-20,98.8,99.4,98.21,98.83,536019
2025-02-21,98.99,99.28,97.99,98.56,620881
2025-02-24,98.91,100.22,98.51,99.87,642367
2025-02-25,99.7,100.76,99.69,99.85,506911
2025-02-26,100.05,100.68,99.08,99.31,480828
2025-02-27,99.1,99.6,97.99,98.33,683878
2025-02-28,99.33,99.91,98.26,99.67,974424
2025-03-03,99.45,100.59,98.97,99.72,726849
2025-03-04,99.74,100.32,97.35,97.4,700345
2025-03-05,96.81,98.33,96.25,97.89,693224
2025-03-06,97.11,97.25,95.34,95.42,652189
2025-03-07,95.7,96.59,94.87,95.78,630730
2025-03-10,95.98,96.94,93.64,94.29,1013622
2025-03-11,94.56,95.08,92.19,92.92,767498
2025-03-12,92.76,93.5,91.5,91.82,768182
2025-03-13,91.58,92.34,89.42,89.53,1091988
2025-03-14,90.03,91.0,89.5,90.91,1037011
2025-03-17,90.89,92.82,90.89,92.57,605518
2025-03-18,92.29,93.36,91.5,91.97,702411
2025-03-19,91.81,93.16,91.28,92.21,640351
2025-03-20,91.82,92.86,91.58,92.01,630787
2025-03-21,91.59,91.64,89.53,89.91,1675196
2025-03-24,90.59,93.33,89.84,92.9,1297481
2025-03-25,92.94,93.33,91.9,92.4,938426
2025-03-26,92.63,93.25,91.79,92.19,581446
2025-03-27,92.49,93.0,91.01,91.5,417737
2025-03-28,92.23,92.23,90.51,91.64,849671
2025-03-31,92.09,92.74,91.28,92.48,982334
2025-04-01,92.68,93.07,91.51,92.74,1036003
2025-04-02,92.55,95.01,92.21,94.73,920857
2025-04-03,92.8,93.49,88.45,88.61,1274271
2025-04-04,87.95,88.01,84.82,85.18,1326105
2025-04-07,82.72,85.98,80.85,82.77,1450346
2025-04-08,85.58,85.91,79.01,79.89,1853438
2025-04-09,78.62,87.02,77.11,86.42,1783741
2025-04-10,85.21,87.41,82.85,85.06,1212512
2025-04-11,85.58,87.14,83.37,86.3,949479
2025-04-14,87.04,88.79,87.04,88.23,1094630
2025-04-15,88.23,89.21,87.95,88.25,733589
2025-04-16,88.25,89.3,87.32,88.03,636606
2025-04-17,88.41,90.36,88.02,89.61,542239
2025-04-21,88.63,88.99,87.18,88.24,620129
2025-04-22,89.44,90.03,88.46,89.47,843820
2025-04-23,90.15,92.0,89.87,90.52,975482
2025-04-24,90.3,91.73,90.14,91.32,1039754
2025-04-25,91.04,91.04,89.67,90.24,418258
2025-04-28,90.37,90.83,89.42,90.59,646136
2025-04-29,90.14,90.93,89.33,89.88,733266
2025-04-30,89.46,90.09,87.66,89.9,940150
2025-05-01,90.49,91.91,89.51,91.08,719107
2025-05-02,92.17,92.97,91.23,92.29,526502
2025-05-05,91.7,91.74,90.33,90.48,678222
2025-05-06,89.62,91.18,89.42,90.57,632073
2025-05-07,91.0,91.74,90.62,91.03,588913
2025-05-08,91.45,91.92,90.45,91.05,784890
2025-05-09,91.07,91.07,89.03,89.4,1249885
2025-05-12,91.26,94.06,91.08,93.9,1103304
2025-05-13,93.99,94.41,92.51,92.66,740632
2025-05-14,91.93,91.93,90.47,91.04,922411
2025-05-15,91.26,92.58,91.13,92.47,444596
2025-05-16,92.67,93.7,92.16,93.65,848834
2025-05-19,92.64,93.64,92.56,93.5,442237
2025-05-20,92.97,93.4,91.82,92.21,516812
2025-05-21,91.82,92.31,89.62,89.74,723613
2025-05-22,89.87,90.05,88.53,89.55,710786
2025-05-23,88.84,89.16,88.07,88.5,624068
2025-05-27,89.92,91.05,88.97,90.95,818701
2025-05-28,91.0,91.31,90.39,90.68,697235
2025-05-29,90.94,92.51,90.69,91.76,601177
2025-05-30,91.37,91.68,90.83,91.29,917421
2025-06-02,90.55,91.69,89.75,91.25,544204
2025-06-03,90.72,91.4,90.58,90.97,396602
2025-06-04,90.81,91.14,90.14,90.97,482523
2025-06-05,90.97,91.17,89.89,90.33,461469
2025-06-06,91.09,92.35,90.63,92.19,839885
2025-06-09,92.22,93.12,91.54,92.51,1000275
2025-06-10,92.8,94.17,92.8,93.55,807736
2025-06-11,93.86,94.19,91.78,92.23,582813
2025-06-12,91.94,92.42,91.47,92.4,352554
2025-06-13,91.91,92.13,90.5,91.11,405450
2025-06-16,91.89,92.42,91.14,91.44,428386
2025-06-17,91.16,92.16,90.59,91.02,591100
2025-06-18,90.97,92.09,90.97,91.43,755682
2025-06-20,91.58,92.43,91.18,91.29,1179303
2025-06-23,90.63,92.27,90.41,92.15,601035
2025-06-24,92.47,92.56,91.83,92.05,495561
2025-06-25,91.59,91.59,89.48,89.6,616246
2025-06-26,90.0,90.79,89.79,90.68,635752
2025-06-27,90.86,91.68,90.08,90.51,902219
2025-06-30,90.39,90.88,89.15,90.82,870251
2025-07-01,90.56,92.84,90.53,91.14,988493
2025-07-02,91.18,91.89,90.31,91.82,915472
2025-07-03,91.93,92.8,91.44,92.67,558329
2025-07-07,91.88,93.12,90.79,91.14,871226
2025-07-08,90.74,91.82,90.73,91.05,657359
2025-07-09,91.55,92.27,91.14,91.55,947235
2025-07-10,91.63,92.41,91.5,91.52,688195
2025-07-11,90.8,92.08,90.69,91.78,404865
2025-07-14,91.44,92.21,91.14,91.87,631827
2025-07-15,91.73,91.81,89.62,89.95,835360
2025-07-16,90.56,91.51,90.14,91.26,595502
2025-07-17,91.3,92.31,90.78,92.03,655520
2025-07-18,92.11,92.22,91.38,91.58,609008
2025-07-21,91.67,92.17,91.09,91.29,592306
2025-07-22,91.83,93.01,91.64,92.91,413702
2025-07-23,92.98,92.98,91.9,92.51,503196
2025-07-24,92.15,92.64,91.55,91.62,491221
2025-07-25,92.03,92.14,90.5,91.16,856518
2025-07-28,91.07,91.21,90.06,90.15,697497
2025-07-29,90.9,91.78,90.27,91.75,799622
2025-07-30,92.0,92.76,89.86,90.53,939366
2025-07-31,89.45,90.58,88.66,89.15,2340281
2025-08-01,89.47,89.77,87.05,87.65,854665
2025-08-04,87.87,88.95,87.69,88.55,1016233
2025-08-05,88.77,90.45,88.68,90.34,819683
2025-08-06,90.36,90.97,90.14,90.14,1363518
2025-08-07,91.73,91.73,88.55,89.35,1567655
2025-08-08,89.53,89.71,88.1,88.32,1020571
2025-08-11,88.0,89.58,87.94,88.47,780058
2025-08-12,88.52,89.84,88.41,89.79,666514
2025-08-13,89.86,91.65,89.17,91.49,738360
2025-08-14,90.47,91.27,89.93,90.67,730231
2025-08-15,90.57,91.03,90.29,90.79,1840952
2025-08-18,91.67,91.86,90.56,90.68,822431
2025-08-19,91.03,93.55,91.03,93.54,741549
2025-08-20,93.88,94.52,93.07,93.28,596790
2025-08-21,92.76,93.55,92.76,93.17,601173
2025-08-22,93.79,96.58,93.79,96.2,593908
2025-08-25,95.97,96.25,94.95,95.91,683342
2025-08-26,95.83,96.56,95.44,95.54,594206
2025-08-27,95.26,97.18,95.26,97.02,455762
2025-08-28,97.38,97.38,95.64,96.56,477770
2025-08-29,96.58,97.4,96.27,97.27,907896
2025-09-02,96.36,97.48,95.58,95.9,897354
2025-09-03,95.42,97.12,95.21,96.8,547285
2025-09-04,97.39,97.78,96.78,97.69,357973
2025-09-05,98.15,99.58,98.12,99.32,638342
2025-09-08,98.27,99.12,97.6,98.43,774391
2025-09-09,98.45,98.45,96.89,97.06,568747
2025-09-10,96.68,97.57,96.68,97.17,512207
2025-09-11,97.27,98.69,97.08,98.48,522672
2025-09-12,98.52,98.97,98.1,98.33,556694
2025-09-15,98.1,98.62,97.52,97.78,655323
2025-09-16,97.57,97.8,96.47,96.65,492762
2025-09-17,96.85,97.88,95.88,96.05,767289
2025-09-18,96.27,97.22,96.22,96.95,500073
2025-09-19,96.93,97.23,96.17,96.37,1219444
2025-09-22,96.16,96.59,95.54,96.36,557867
2025-09-23,96.36,97.09,96.28,96.79,451189
2025-09-24,96.6,96.7,95.54,95.89,463901
2025-09-25,96.0,96.65,95.76,95.86,480990
2025-09-26,96.38,96.79,95.69,96.27,566367
2025-09-29,96.3,96.74,95.76,96.66,544954
2025-09-30,96.96,98.13,96.68,98.0,718621
2025-10-01,97.73,98.44,97.27,97.48,511379
2025-10-02,97.21,97.7,95.91,96.86,498808
2025-10-03,97.01,97.98,97.01,97.25,363991
2025-10-06,97.21,97.93,96.53,96.6,513100
2025-10-07,96.26,96.39,95.23,95.48,438377
2025-10-08,95.22,95.69,94.69,95.44,382828
2025-10-09,95.68,95.97,94.51,95.05,384487
2025-10-10,95.47,95.53,93.51,93.51,402244
2025-10-13,94.15,95.01,93.56,94.86,326108
2025-10-14,94.86,95.44,94.33,95.23,469481
2025-10-15,95.42,96.41,95.19,96.09,460037
2025-10-16,96.36,96.83,95.29,95.91,579384
2025-10-17,95.76,97.16,95.64,96.8,580183
2025-10-20,97.14,97.64,96.25,97.39,472207
2025-10-21,97.7,98.58,97.37,98.09,581429
2025-10-22,98.46,98.87,97.52,98.81,466656
2025-10-23,98.59,99.06,97.51,98.59,400404
2025-10-24,99.0,99.73,98.84,99.1,377085
2025-10-27,99.11,99.39,98.49,98.8,510975
2025-10-28,98.26,98.38,95.81,95.88,700584
2025-10-29,95.03,95.57,93.27,93.4,706393
2025-10-30,93.57,94.36,92.66,92.81,843374
2025-10-31,94.37,95.14,92.26,94.11,1827649
2025-11-03,92.13,93.77,91.86,93.61,1127374
2025-11-04,93.61,94.56,88.08,93.98,1121978
2025-11-05,94.3,94.42,93.35,94.11,654307
2025-11-06,93.87,94.61,92.94,93.8,799227
2025-11-07,94.06,95.4,94.06,95.23,917393
2025-11-10,95.06,95.66,94.55,94.68,1039442
2025-11-11,95.0,97.03,95.0,96.91,621619
2025-11-12,96.47,97.1,95.51,95.53,563448
2025-11-13,95.0,96.61,94.93,95.51,655068
2025-11-14,95.65,95.99,94.31,94.93,489862
2025-11-17,95.55,95.55,93.66,93.92,447856
2025-11-18,93.53,94.86,93.08,94.65,457911
2025-11-19,94.97,94.97,93.92,94.08,505936
2025-11-20,94.94,95.63,93.97,94.17,503823
2025-11-21,94.65,96.56,94.53,95.85,659953
2025-11-24,95.89,96.11,94.9,95.03,852499
2025-11-25,95.28,96.81,95.28,96.25,504625
2025-11-26,95.92,97.03,95.92,96.43,548689
2025-11-28,96.58,97.16,96.29,96.59,199634
2025-12-01,95.89,96.98,95.88,96.19,496389
2025-12-02,96.74,96.74,95.29,95.48,419914
2025-12-03,95.55,96.08,95.25,95.76,422865
2025-12-04,95.58,96.0,94.8,95.02,508961
2025-12-05,94.67,95.68,94.67,95.09,690347
2025-12-08,95.0,95.0,93.37,93.45,583976
2025-12-09,93.69,95.18,93.69,94.83,965023
2025-12-10,95.15,95.94,94.63,95.39,886398
2025-12-11,95.79,97.05,95.15,96.64,1027297
2025-12-12,96.76,97.73,96.76,97.42,650106
2025-12-15,97.79,98.79,97.52,98.72,771172
2025-12-16,100.36,100.36,97.84,97.95,983393
2025-12-17,97.83,99.75,97.83,99.5,549512
2025-12-18,100.39,100.58,99.3,99.45,655998
2025-12-19,99.36,100.37,99.13,99.17,1472915
2025-12-22,98.72,99.88,98.7,99.47,468241
2025-12-23,99.72,99.72,98.72,98.94,472567
2025-12-24,99.06,100.33,98.91,100.11,312213
2025-12-26,100.2,100.2,99.27,100.13,422367
2025-12-29,100.42,100.52,99.64,99.86,425510
2025-12-30,99.87,100.0,99.42,99.6,451898
2025-12-31,99.63,99.69,98.54,98.61,407808
2026-01-02,98.3,98.56,97.29,97.98,631047
2026-01-05,98.04,99.02,97.32,98.5,802334
2026-01-06,97.64,100.03,97.61,99.85,592505
2026-01-07,100.12,101.44,99.68,100.59,1289429
2026-01-08,99.78,101.87,99.78,101.71,748654
2026-01-09,101.44,102.17,100.51,100.56,683721
2026-01-12,100.53,101.35,99.93,100.72,447429
2026-01-13,101.07,101.44,100.0,101.01,589430
2026-01-14,100.94,101.45,100.31,100.94,433516
2026-01-15,101.4,101.57,100.64,100.72,532280
2026-01-16,100.26,102.76,100.07,102.57,926504
2026-01-20,102.0,102.38,101.21,101.51,631094
2026-01-21,102.11,102.31,100.4,101.37,813583
2026-01-22,101.53,102.49,100.47,100.58,781284
2026-01-23,100.22,100.8,99.5,100.69,504642
2026-01-26,101.11,101.18,99.99,100.49,555422
2026-01-27,100.43,100.56,99.44,100.4,747691
2026-01-28,100.42,100.89,98.54,98.76,523321
2026-01-29,99.36,100.31,98.24,99.52,959791
2026-01-30,99.44,100.26,98.59,100.09,2705558
2026-02-02,100.25,100.68,99.26,99.27,938531
2026-02-03,99.17,100.46,98.64,99.3,720638
2026-02-04,100.04,102.62,99.97,102.5,974049
2026-02-05,102.25,103.82,102.0,103.74,676333
2026-02-06,104.05,105.05,103.74,104.64,928572
2026-02-09,104.47,105.08,103.91,104.98,736255
2026-02-10,105.26,106.93,104.79,106.51,568905
2026-02-11,106.78,107.33,105.59,105.82,708157
2026-02-12,106.84,107.39,103.6,103.64,1562400
2026-02-13,104.72,106.48,102.8,103.69,1447205
2026-02-17,104.53,105.4,103.11,105.08,850444
2026-02-18,105.33,105.41,103.92,104.33,727191
2026-02-19,104.03,104.9,103.42,104.75,676783
2026-02-20,105.24,106.42,104.73,106.31,1936617
2026-02-23,107.03,108.49,106.05,107.97,1061719
2026-02-24,107.49,108.24,106.51,106.56,716676
2026-02-25,106.58,107.07,105.47,106.84,539396
2026-02-26,107.62,108.37,107.11,107.29,751875
2026-02-27,106.6,108.78,106.6,107.62,1733495
2026-03-02,106.79,109.67,106.1,109.17,701368
2026-03-03,107.68,109.72,106.78,109.4,638329
2026-03-04,108.94,109.26,108.0,109.03,763504
2026-03-05,108.5,108.5,107.45,107.52,796542
2026-03-06,106.65,107.04,105.62,106.41,600537
2026-03-09,104.88,105.86,102.98,105.41,702132
2026-03-10,105.26,106.8,104.54,105.67,668423
2026-03-11,105.03,105.97,104.57,105.87,488497
2026-03-12,105.2,105.73,104.21,104.23,636690
2026-03-13,105.29,105.82,103.14,103.38,492541
2026-03-16,104.69,105.5,104.02,105.22,723315
2026-03-17,105.52,106.3,105.37,105.69,492131
2026-03-18,105.36,105.95,104.43,104.43,492805
2026-03-19,104.58,105.48,104.08,105.16,628197
2026-03-20,105.2,105.2,101.7,102.06,1448891
2026-03-23,103.89,104.58,102.66,102.66,1060005
2026-03-24,102.26,103.79,101.89,102.03,709026
2026-03-25,102.28,102.68,101.16,102.17,1071739
2026-03-26,102.03,103.27,101.91,102.6,526124
2026-03-27,102.46,102.96,101.31,101.78,535195
2026-03-30,103.06,104.31,102.55,103.35,579985
2026-03-31,104.74,105.7,102.59,105.08,1286604
2026-04-01,104.31,106.46,104.31,106.06,1243320
2026-04-02,106.19,107.56,105.46,106.79,1063674
2026-04-06,106.43,107.11,105.82,106.78,593588
2026-04-07,106.65,107.46,106.65,107.08,787646
2026-04-08,108.35,108.54,107.16,107.39,1733299
2026-04-09,107.08,108.24,106.83,107.39,1388293
2026-04-10,107.43,109.06,107.18,109.05,2051700
2026-04-13,108.42,109.25,107.89,108.99,897039
2026-04-14,108.59,110.7,108.59,110.21,836306
2026-04-15,109.98,110.3,109.41,110.15,528742
2026-04-16,110.09,110.6,109.21,110.04,562869
2026-04-17,110.7,112.54,110.24,112.53,1096854
