Date,Open,High,Low,Close,Volume
2016-04-25,17.253827811390494,17.46259307861328,17.198566348234984,17.46259307861328,1970300
2016-04-26,17.505573128234023,17.659076925039503,17.364349916246827,17.54241371154785,2310800
2016-04-27,17.505571241707344,17.68977530956635,17.41346920777784,17.63451385498047,2444600
2016-04-28,17.210844231435583,17.566972954111833,17.112601905948406,17.45030975341797,4768800
2016-04-29,17.352067393701958,17.407328848072098,17.045059834374904,17.26610565185547,3742800
2016-05-02,17.278383666595136,17.554690916096664,17.278383666595136,17.523990631103516,1801200
2016-05-03,17.45031371303529,17.536275474556763,17.36435195151381,17.50557518005371,2326200
2016-05-04,17.364346644800484,17.818717657204196,17.345925771043554,17.800296783447266,2953500
2016-05-05,17.76959774479078,18.00292297304135,17.640653961728997,17.935380935668945,3808400
2016-05-06,17.92310108826763,18.1687068939209,17.83099905754026,18.1687068939209,3139100
2016-05-09,18.23010796193125,18.359050565938674,18.187127093928773,18.211687088012695,2809300
2016-05-10,18.340630186076755,18.402030754590232,18.19326554245024,18.254667282104492,2100300
2016-05-11,18.217828014423443,18.217828014423443,17.812578143214093,17.9845027923584,3280500
2016-05-12,17.99064297152539,18.039764135437384,17.745037151965427,17.8801212310791,3264100
2016-05-13,17.80030498802286,17.80030498802286,17.554699080428986,17.609960556030273,2016900
2016-05-16,17.646794824141445,17.96608297513986,17.616094535874296,17.8801212310791,3706500
2016-05-17,17.843281234978214,17.843281234978214,17.075762241391768,17.149444580078125,5577400
2016-05-18,17.06348066149173,17.118740944565353,16.639809902894072,16.774892807006836,3962200
2016-05-19,16.578408139612023,16.713491043583325,16.449465527340447,16.682790756225586,3280400
2016-05-20,16.799452600430033,16.891554626211004,16.701210283444894,16.76875114440918,9292600
2016-05-23,16.811739566694936,16.873141335189075,16.645956314244472,16.756479263305664,3286000
2016-05-24,16.854713792522045,17.131019865641935,16.701210028186292,17.05733871459961,3548700
2016-05-25,17.05120194095516,17.094182816453106,16.82401580757043,17.038921356201172,3388900
2016-05-26,17.014361168253963,17.259968192938782,16.983660875738906,17.198566436767578,3050900
2016-05-27,17.19856604916767,17.302948680963947,17.10646400255709,17.259967803955078,1916300
2016-05-31,17.26610551179729,17.345926961272834,17.124881145585338,17.302946090698242,3295500
2016-06-01,17.21698722633385,17.47487249287144,17.204706640934607,17.46259307861328,2830200
2016-06-02,17.425754031081464,17.665220799025168,17.388913440298307,17.659080505371094,2904100
2016-06-03,17.77573961395494,17.99678427845573,17.622235821679478,17.732757568359375,2459600
2016-06-06,17.71433701567061,17.800298760468834,17.49943148253411,17.628374099731445,2285800
2016-06-07,17.622233828260804,17.77573760317199,17.60381295366075,17.720476150512695,1699600
2016-06-08,17.68977459514528,17.959941565416283,17.652934017289507,17.94152069091797,1724000
2016-06-09,17.94152128688896,18.070465070378628,17.85555954532311,17.978363037109375,1881900
2016-06-10,17.886260366587695,18.07046560976545,17.86784066206857,17.97222328186035,2088400
2016-06-13,18.002926166100067,18.19941085024254,17.84328206744903,17.929244995117188,2150600
2016-06-14,17.93538352577308,17.978365573761437,17.800300602661416,17.89240264892578,2388300
2016-06-15,17.935381685841968,18.09502576285534,17.861700524845606,18.027484893798828,2788400
2016-06-16,17.97222791846438,18.08888998098592,17.867845271743214,18.076610565185547,2170600
2016-06-17,18.033626798007024,18.039765919354796,17.83100183044025,18.009065628051758,3623000
2016-06-20,18.16256231397439,18.242383742787023,18.076600595077622,18.095020294189453,1991500
2016-06-21,18.082744484005268,18.279229121239908,18.039762444861974,18.211687088012695,1839000
2016-06-22,18.205551441937914,18.273093492398797,18.119589683999422,18.22397232055664,1674500
2016-06-23,18.297648148520235,18.395890463510728,18.19326554245024,18.254667282104492,1730900
2016-06-24,17.76959702110853,18.322210367525496,17.751176146809655,18.150285720825195,3628300
2016-06-27,18.107308569533803,18.451156762388784,18.070467984513183,18.414316177368164,3723200
2016-06-28,18.561673945523488,18.782719729536783,18.395889607513517,18.77043914794922,3041800
2016-06-29,18.862542359102516,19.077447865897394,18.862542359102516,18.9853458404541,4808400
2016-06-30,18.98534914605494,19.26779556274414,18.850266229961104,19.26779556274414,3124100
2016-07-01,19.25231877937496,19.438031990777368,19.159462173673756,19.332794189453125,3039700
2016-07-05,19.345173917599165,19.64231550559692,19.345173917599165,19.629934310913086,2931900
2016-07-06,19.56803311147282,19.685650933262995,19.407081102946623,19.506128311157227,4014500
2016-07-07,19.431840733544004,19.45041252634833,19.09136613061503,19.326602935791016,3399200
2016-07-08,19.462793462990028,19.561840661825745,19.289460274659653,19.52469825744629,2651000
2016-07-11,19.56803135300954,19.679459747417024,19.363746356841077,19.636125564575195,4111300
2016-07-12,19.660890879585015,19.67946267499431,19.28946323655061,19.438034057617188,2351600
2016-07-13,19.53088891525886,19.648507914125908,19.45041350386719,19.543270111083984,1970100
2016-07-14,19.54327242664208,19.555653623934173,19.314226180418135,19.382320404052734,1720300
2016-07-15,19.407078392086692,19.42564900307225,19.239935808802514,19.369935989379883,1972800
2016-07-18,19.382317791209488,19.43184139296585,19.308032978942844,19.332794189453125,1988100
2016-07-19,19.369939835921627,19.462796451496246,19.26470202340748,19.438034057617188,2268100
2016-07-20,19.506124383833384,19.506124383833384,19.345172407712937,19.419458389282227,1681900
2016-07-21,19.369932952943817,19.46898013179244,19.246123389015285,19.46278953552246,1535100
2016-07-22,19.45660589800568,19.61136731789979,19.369939880700475,19.481367111206055,2106800
2016-07-25,19.49993564067743,19.592792240914463,19.3018412453089,19.400888442993164,2675800
2016-07-26,19.41946460948966,19.475177637592424,19.27089259876229,19.345178604125977,2154600
2016-07-27,19.301844252997057,19.382319670879614,19.14089223649603,19.26470184326172,2098900
2016-07-28,19.264699908974443,19.877554921384995,18.84374870512013,19.704221725463867,2882200
2016-07-29,19.642314591495424,19.958029137562118,19.605172189908142,19.871360778808594,2815400
2016-08-01,19.8527921245795,19.933268713473314,19.766126118757647,19.914695739746094,2333000
2016-08-02,19.834228815219745,19.87137005340636,19.51232470259204,19.59280014038086,3107200
2016-08-03,19.5804118201301,19.5804118201301,19.369937402281746,19.468984603881836,1953500
2016-08-04,19.499936126424103,19.499936126424103,19.320412338189573,19.326602935791016,1912200
2016-08-05,19.36993898357791,19.40089079382882,19.208986972654245,19.28327178955078,1603800
2016-08-08,19.28327053806867,19.382317741326485,19.20279512819762,19.289461135864258,1643200
2016-08-09,19.289461135864258,19.308032929251024,19.122318537590772,19.289461135864258,2468800
2016-08-10,19.34517396591254,19.400888161393226,19.14707957341931,19.233745574951172,2308800
2016-08-11,19.252316746168148,19.3018403426944,18.750890183747867,18.83136558532715,3321200
2016-08-12,18.83136439184192,19.010886975096017,18.825173795076523,18.880887985229492,2824700
2016-08-15,18.880892993605684,18.905655387235782,18.8066069934513,18.856130599975586,2394600
2016-08-16,18.806605565808923,18.856129168573784,18.261845935395467,18.298988342285156,4242500
2016-08-17,18.305181237448416,18.57137107849121,18.150419811794322,18.57137107849121,4836000
2016-08-18,18.515654255378426,18.589940248722993,18.40422585572948,18.546606063842773,2166800
2016-08-19,18.46613165339456,18.577560059077715,18.286609029255157,18.348512649536133,2473300
2016-08-22,18.367082749115234,18.55279595429197,18.317559149019054,18.497081756591797,2889800
2016-08-23,18.571369580320376,18.602321390659892,18.379465758596446,18.385656356811523,1610900
2016-08-24,18.3794644472607,18.428988048712046,18.193750056266293,18.373273849487305,1377800
2016-08-25,18.416611411315863,18.63946826337238,18.373278396912895,18.466135025024414,1733500
2016-08-26,18.54659988984885,18.66421884818355,18.168982993198625,18.29279136657715,3062600
2016-08-29,18.354704846428284,18.57137107849121,18.354704846428284,18.57137107849121,1655000
2016-08-30,18.60231775476981,18.60231775476981,18.323747973954,18.558984756469727,2031500
2016-08-31,18.509466909660688,18.664228340645703,18.466133897902644,18.602323532104492,3639400
2016-09-01,18.60851349004212,18.60851349004212,18.398037856693676,18.57137107849121,1794100
2016-09-02,18.59613676409464,18.818992453572292,18.56518376504484,18.670421600341797,2095200
2016-09-06,18.682800061048315,19.004704119557758,18.577562241179304,18.99232292175293,4141000
2016-09-07,18.930421829223633,18.986136049545213,18.856135808549446,18.930421829223633,2499400
2016-09-08,18.825176784449408,18.880890983449596,18.707557788700587,18.76946258544922,3690100
2016-09-09,18.58994259736123,18.58994259736123,17.927562713623047,17.927562713623047,2793500
2016-09-12,17.902801342829477,18.329943198123097,17.896610744261633,18.255657196044922,2814700
2016-09-13,18.138038104880778,18.175181696124326,17.698516235122277,17.735658645629883,2363400
2016-09-14,17.785180938399147,17.853276336575565,17.66756311703097,17.723276138305664,1942000
2016-09-15,17.71089499343692,17.803751597287675,17.587085401145394,17.76660919189453,2146100
2016-09-16,17.624225790084097,17.772796575393915,17.543750390817145,17.729463577270508,2858400
2016-09-19,17.791366760277448,17.939937532175534,17.75422436248681,17.896604537963867,1697100
2016-09-20,18.051369804420066,18.11327460126297,17.93375080849213,17.93994140625,2092400
2016-09-21,17.939949909656974,18.17518801301401,17.630426959466607,18.1566162109375,2382200
2016-09-22,18.298989948864502,18.528037369721332,18.274228735676047,18.521846771240234,2283600
2016-09-23,18.435178915318566,18.64565451974003,18.329941113107832,18.540416717529297,2399200
2016-09-26,18.521848799226447,18.719943249367468,18.44756279005553,18.65184783935547,1899100
2016-09-27,18.713754991233763,18.7199455911671,18.385661459920367,18.42280387878418,1818600
2016-09-28,18.472318759869562,18.571365950479937,18.354699778243873,18.558984756469727,1309100
2016-09-29,18.497079930308654,18.54660352551519,18.09470057166358,18.144224166870117,1985500
2016-09-30,18.26184414056586,18.342319544373456,17.91517895528315,17.921369552612305,2840600
2016-10-03,17.88077366187132,17.88077366187132,17.4935553280746,17.54976463317871,2441400
2016-10-04,18.255504000705056,18.255504000705056,17.51853853271581,17.743375778198242,11854600
2016-10-05,17.768361296518382,17.887024359951592,17.19377805187715,17.368650436401367,7950900
2016-10-06,17.293704986572266,17.4373504959174,17.056376483870203,17.293704986572266,4745600
2016-10-07,17.4061214946357,17.693412478153746,17.343666570453504,17.418611526489258,4102000
2016-10-10,17.456081903777502,17.599727368447123,17.456081903777502,17.54351806640625,2455500
2016-10-11,17.387381120340123,17.55600902393469,17.28120812821336,17.487308502197266,4508900
2016-10-12,17.54351642648004,17.668426239612014,17.524779597141766,17.5997257232666,2739000
2016-10-13,17.49355420686141,17.799581964353774,17.481062986254777,17.705900192260742,2982400
2016-10-14,17.705900362165618,17.812073355884117,17.53102684567975,17.54351806640625,1789600
2016-10-17,17.556014523845114,17.705905643588398,17.44359588623047,17.44359588623047,2332600
2016-10-18,17.543517803395456,17.62470835444375,17.48106289192765,17.487308502197266,1554400
2016-10-19,17.493558173062194,17.54976748730766,17.374893932851922,17.518539428710938,1335700
2016-10-20,17.53727220445609,17.61846275555684,17.349908661159983,17.512290954589844,1498200
2016-10-21,17.399872340879355,17.531026582856224,17.34990864995078,17.487308502197266,1458000
2016-10-24,17.605976299035838,17.724639344630546,17.349912181994583,17.418611526489258,2845300
2016-10-25,17.34991430450376,17.399878011716126,17.274968148070837,17.281213760375977,2526300
2016-10-26,17.187524949710596,17.187524949710596,16.862760389644873,17.025142669677734,2719100
2016-10-27,17.025146818993754,17.025146818993754,16.469300518540475,16.506772994995117,2755800
2016-10-28,16.5255112540982,16.625439859179885,16.21948340026994,16.43182945251465,5370200
2016-10-31,16.51926661820842,16.63792967609751,16.42558362661457,16.61919403076172,3287800
2016-11-01,16.550495136187344,16.575477587428036,16.038366798041558,16.150785446166992,3385600
2016-11-02,15.832265609990957,16.007137995694816,15.744828225910242,15.763565063476562,10669200
2016-11-03,15.757319680230575,15.925947647094725,15.588691713366424,15.61367416381836,10664900
2016-11-04,15.62616372711687,15.732336747787908,15.482518225982133,15.663636207580566,10655600
2016-11-07,15.86973026254624,16.094567437474957,15.782294112842049,15.919693946838379,5662900
2016-11-08,15.888470534302682,16.250707621733735,15.850996869540932,16.238216400146484,3913800
2016-11-09,15.925942415886148,16.025869802413045,15.463777955392155,15.913451194763184,4575500
2016-11-10,15.925943881134863,16.256954123977188,15.551215551568339,16.02587127685547,5048700
2016-11-11,15.994647022290295,16.281938034057898,15.913455255501214,15.969664573669434,3267400
2016-11-14,15.975905338525534,16.425578556205835,15.807277435184789,16.33814239501953,3469100
2016-11-15,16.36312457165303,16.556733721677805,16.150778591150377,16.281932830810547,4467400
2016-11-16,16.21948077964852,16.363127456177935,16.144535826982217,16.31316375732422,2365400
2016-11-17,16.294421489821055,16.419331290915785,15.982148178312377,15.99463939666748,3046000
2016-11-18,16.000890974138787,16.113308407581698,15.89471796097443,16.01962661743164,5528900
2016-11-21,16.10706399369189,16.26320070774678,16.007135400766458,16.04460906982422,2952000
2016-11-22,16.100820560969193,16.3568847113719,16.025874403940442,16.294429779052734,3276700
2016-11-23,16.169514230399926,16.300669661288428,16.057095629989302,16.281932830810547,2145400
2016-11-25,16.400594982364193,16.60669532683264,16.288176396067186,16.456804275512695,1557200
2016-11-28,16.431828253579305,16.625438646117914,16.313165202805042,16.39435577392578,3132800
2016-11-29,16.238218313769096,16.469301175451776,16.107064045332226,16.263200759887695,5859000
2016-11-30,16.144534036029096,16.200743339907657,15.900959988812517,15.95092487335205,5373800
2016-12-01,15.900960857828446,15.98215260841405,15.644896766711035,15.707351684570312,3363900
2016-12-02,15.788546316243066,16.032119229990005,15.669882069779485,15.738582611083984,3065500
2016-12-05,15.744823104172077,16.069587702304105,15.701105021967457,16.057096481323242,5460600
2016-12-06,16.13829541050943,16.28194094204864,16.00089549224091,16.16327667236328,3773900
2016-12-07,16.200746567530953,16.38811015696841,16.144537252453986,16.369373321533203,4008900
2016-12-08,16.157026852503144,16.513018351398916,16.150781241319013,16.450563430786133,3145900
2016-12-09,16.425578023533856,16.58796031134842,16.15077832836611,16.225723266601562,3947200
2016-12-12,16.225729956549642,16.481794118349193,16.206994309880137,16.463058471679688,3062700
2016-12-13,16.53175112761427,16.631678506778908,16.34438758948766,16.469297409057617,2955000
2016-12-14,16.456807142037604,16.52550647467467,15.826014780007469,15.882224082946777,4976400
2016-12-15,15.838505908471898,16.02586945635687,15.601177477173987,15.657386779785156,4260600
2016-12-16,15.726082002318964,15.988391595675925,15.65738150201205,15.932182312011719,6292500
2016-12-19,16.113308413972927,16.15702769454031,15.969662922937292,16.04460906982422,2951200
2016-12-20,16.057097706649447,16.26319929487621,16.03211645400979,16.157026290893555,3047600
2016-12-21,16.16327400693682,16.300675093775954,15.78854680232141,15.807282447814941,2528100
2016-12-22,15.757318253897191,15.794791926183022,15.613672750487591,15.726091384887695,2312600
2016-12-23,15.744827737526744,15.744827737526744,15.563709744918816,15.651145935058594,2279500
2016-12-27,15.676124320867396,15.732333626023678,15.59493257287346,15.638651847839355,1617300
2016-12-28,15.676127391789851,15.682373003722768,15.37009955444898,15.4325532913208,3606300
2016-12-29,15.45781166808262,15.7293338845417,15.375724144319728,15.647246360778809,4172500
2016-12-30,15.659871616720785,16.013482499007413,15.634614384779475,15.887192726135254,5305900
2017-01-03,16.02611541748047,16.03243002849548,15.836681904585776,16.02611541748047,3131300
2017-01-04,16.08294062758196,16.3986638521827,16.03242495982138,16.392349243164062,4072100
2017-01-05,16.23448428338368,16.48074916677771,16.1713406149943,16.46180534362793,2550000
2017-01-06,16.455501347436066,16.518646260933465,16.329212724830317,16.341840744018555,1777300
2017-01-09,16.48075474235483,16.51232658723054,16.127145021314423,16.146087646484375,2952100
2017-01-10,16.120830086251267,16.14608732076458,15.868250514786228,15.874565124511719,2394300
2017-01-11,15.817736590969735,15.92508255939931,15.72933445381201,15.754592895507812,2583100
2017-01-12,15.754595107727532,16.064003835614734,15.609361456360919,16.007173538208008,2930200
2017-01-13,15.975598290553513,16.082944259333512,15.82405125305036,15.994542121887207,2405300
2017-01-17,15.988224861882047,16.146086483669016,15.969282238076312,16.12714385986328,2541700
2017-01-18,16.10820135918609,16.228176538860446,15.988226179511733,16.101886749267578,1966900
2017-01-19,16.03242389063929,16.089254163628567,15.729329904288779,15.773530960083008,2478800
2017-01-20,15.786162667036155,15.906137840534447,15.716703165896833,15.880879402160645,2018900
2017-01-23,15.893512943394553,16.05137461299347,15.830368034677194,16.007173538208008,2940100
2017-01-24,16.01979943981369,16.076628521050395,15.887195038558152,16.038742065429688,2294300
2017-01-25,16.04505349809362,16.089254554962935,15.824047009358559,15.861934661865234,2522600
2017-01-26,15.906136091095021,16.045053873706134,15.78616093079222,15.836676597595215,2358400
2017-01-27,15.868248041191231,15.87456264993238,15.565154047946866,15.66618537902832,2871900
2017-01-30,15.640929553766515,15.72933167530847,15.508325167065006,15.634614944458008,4109100
2017-01-31,15.666186791148563,15.8998225180767,15.621985730364786,15.716702461242676,7566700
2017-02-01,15.71038502930499,15.836674784044543,15.47675054874168,15.514636993408203,3081100
2017-02-02,15.483069285758027,15.729333048343651,15.42623900140924,15.704075813293457,3688300
2017-02-03,15.84930889800685,15.84930889800685,15.318893691217966,15.691447257995605,5493100
2017-02-06,15.691445223846001,15.760903517462433,15.577784665070014,15.634614944458008,2615500
2017-02-07,15.60304706967574,15.704079647711382,15.331526005743443,15.350468635559082,3597000
2017-02-08,15.35046325620664,15.552525932689964,15.3252060238405,15.539897918701172,3462700
2017-02-09,15.571469066000521,15.678815008644827,15.520953399131935,15.653557777404785,2393500
2017-02-10,15.634613106635884,15.836675763201706,15.603040063804704,15.811418533325195,2033700
2017-02-13,15.76721842238764,15.880878983294627,15.640929847015451,15.729331970214844,2136500
2017-02-14,15.710386423804586,15.710386423804586,15.52095297926895,15.584097862243652,2783700
2017-02-15,15.565156149072205,15.565156149072205,15.167345379787443,15.243118286132812,3896300
2017-02-16,15.287316614370782,15.489380472054272,15.21785833004336,15.299945831298828,3924000
2017-02-17,15.306258343782414,15.38203243058606,15.186283208171742,15.363088607788086,3157900
2017-02-21,15.356777745255068,15.603041479743963,15.28100484436089,15.565155029296875,2001300
2017-02-22,15.565157323349576,15.628302219660291,15.318893552565381,15.375723838806152,2947200
2017-02-23,15.426239509640745,15.476755185794099,15.281007091248444,15.45781135559082,2635100
2017-02-24,15.445181391799736,15.45149600156346,15.198917632957851,15.394665718078613,3208500
2017-02-27,15.432547239671205,15.584094200569591,15.337830539658238,15.438861846923828,3673400
2017-02-28,15.41360858877861,15.53358375805062,15.249432358298119,15.312577247619629,9280500
2017-03-01,15.224178479906977,15.224178479906977,14.95265623906556,15.003171920776367,3998700
2017-03-02,14.952653595041598,14.996854658174033,14.782162747769082,14.85793685913086,4274200
2017-03-03,14.914764211629478,14.933706832457267,14.52326692121369,14.763216018676758,5274800
2017-03-06,14.71901481202787,14.71901481202787,14.523266771038278,14.624298095703125,4976000
2017-03-07,14.599046587328292,14.630618437011753,14.352781583119603,14.365410804748535,3139000
2017-03-08,14.302262248546754,14.302262248546754,13.967596391567572,14.04336929321289,4058000
2017-03-09,14.030740560315705,14.13808651168487,13.613985973679794,13.632929801940918,5680100
2017-03-10,13.632929348522323,13.8476212441202,13.550840633176252,13.664501190185547,4907500
2017-03-13,13.879197138810696,13.879197138810696,13.67713440262682,13.797109603881836,5561400
2017-03-14,13.702390203011818,14.08125715806096,13.702390203011818,14.011798858642578,5988400
2017-03-15,14.119143746584415,14.535898329051703,14.037055029329249,14.396979331970215,5324800
2017-03-16,14.409607676855616,14.466437953235628,14.333834777941275,14.390665054321289,4255700
2017-03-17,14.396978458907055,14.422236894804177,14.182286571335569,14.390665054321289,7561700
2017-03-20,14.390669355764166,14.40961198396054,14.213863864801807,14.24543571472168,3960400
2017-03-21,14.239116628690816,14.340147961948224,14.194915570939262,14.258060455322266,3082300
2017-03-22,14.251744207402218,14.251744207402218,13.803417868181466,13.973907470703125,3732200
2017-03-23,13.967595544771191,14.365406265262923,13.948651718314066,14.2012300491333,3007900
2017-03-24,14.201230179816413,14.365406397456823,14.201230179816413,14.258060455322266,3146400
2017-03-27,14.207543134689331,14.327518280611002,13.847618901312671,13.891819953918457,3319800
2017-03-28,13.847619037617342,13.967594184719951,13.715014674106381,13.948650360107422,3172800
2017-03-29,13.929709432675192,13.929709432675192,13.74027596470393,13.84762191772461,3265500
2017-03-30,13.834993858499978,13.885509534486369,13.708704066339642,13.866565704345703,2475300
2017-03-31,13.891820090658207,13.967594184719951,13.866561657841503,13.948650360107422,5048500
2017-04-03,13.948651584878021,14.197962569323705,13.916689075848623,14.121252059936523,4519300
2017-04-04,14.127646496349325,14.197964268487706,13.961438747063838,13.999794006347656,3999900
2017-04-05,14.038149115602115,14.09568261355882,13.955045851493372,13.974224090576172,3500100
2017-04-06,13.955047282594252,13.967832776627281,13.820803253122909,13.859158515930176,4111000
2017-04-07,13.88472491527187,13.923081388062919,13.718517191051896,13.744088172912598,4360400
2017-04-10,13.763267697101362,14.057326700264595,13.699341455759726,14.01897144317627,4269900
2017-04-11,14.063717022872318,14.281065474405478,14.03175451735509,14.21713924407959,3654600
2017-04-12,14.223535036799028,14.357779051886332,14.134039026740824,14.287461280822754,3181300
2017-04-13,14.287458686027467,14.357776444320391,14.229925198784139,14.281065940856934,2058000
2017-04-17,14.325820279247623,14.460065548671082,14.29385775853785,14.421709060668945,2647900
2017-04-18,14.41530878106624,14.536768491029632,14.36416804307503,14.523983001708984,3224700
2017-04-19,14.517594607111919,14.722158839663917,14.472846600372703,14.504810333251953,3246500
2017-04-20,14.51759196904191,14.51759196904191,14.338599974610649,14.447274208068848,2289700
2017-04-21,14.434486997130497,14.479234990405843,14.165997818187057,14.210745811462402,2704700
2017-04-24,14.268279177574218,14.281064666774629,13.756871802471379,13.79522705078125,4859000
2017-04-25,13.827188543268361,13.935862754941473,13.763263540524047,13.878329277038574,5728600
2017-04-26,13.839981747756495,13.871945486240705,13.481996411776977,13.513958930969238,8016400
2017-04-27,13.51395363857242,13.96782879296394,13.187930949463674,13.213501930236816,5790300
2017-04-28,13.19432487470279,13.200717620467818,12.900265885261055,12.970584869384766,4208000
2017-05-01,12.989762494523209,13.219896475654188,12.88748099608536,13.060081481933594,4012500
2017-05-02,13.06007959307878,13.36053129887474,12.95140536429446,13.245464324951172,5654900
2017-05-03,13.290212356436447,13.290212356436447,12.804374742776885,12.855515480041504,3562300
2017-05-04,12.72766578541579,12.778806533762996,12.395250311513138,12.759628295898438,6884700
2017-05-05,12.785195722756457,12.861907433581159,12.69569974287037,12.746840476989746,4074900
2017-05-08,12.759626228193767,12.791589952788293,12.344107562796296,12.420819282531738,3667500
2017-05-09,12.40803831462022,12.555067843463517,12.261008785776923,12.478357315063477,4851600
2017-05-10,12.433606641188677,12.657346650522243,12.395250165910118,12.555065155029297,5303800
2017-05-11,12.47835665995107,12.497533681398355,12.209867386062859,12.292970657348633,3840900
2017-05-12,12.305752848749169,12.344108100642359,12.062834627703667,12.094797134399414,2986800
2017-05-15,12.318539737937973,12.344109502339773,12.05644325153858,12.107583999633789,3513800
2017-05-16,12.101189870455892,12.101189870455892,11.583389702768804,11.602566719055176,6176600
2017-05-17,11.583391907169636,11.730421416706111,11.449146671159856,11.647316932678223,6586800
2017-05-18,11.653708992125756,11.71124248712537,11.519464983321082,11.640923500061035,7627400
2017-05-19,11.653708609660503,12.050050315617817,11.589782370726537,11.858271598815918,7982700
2017-05-22,11.839094000245172,11.922197253281194,11.576997530827251,11.634531021118164,6210900
2017-05-23,11.653707261856164,11.679278242188989,11.500285037733581,11.525856018066406,6648300
2017-05-24,11.500286255997246,11.78795371875782,11.500286255997246,11.704849243164062,7352900
2017-05-25,11.730420799154398,11.858272062732505,11.653709065574223,11.73681354522705,4079700
2017-05-26,11.743204473729595,11.76238148968776,11.461929786525799,11.525856018066406,2754000
2017-05-30,11.506677192526727,11.519462682037245,11.155084766027189,11.180654525756836,6233300
2017-05-31,11.21261978149414,11.25736778160341,10.956914833512796,11.21261978149414,7300100
2017-06-01,11.180655796113024,11.41718250176644,11.116729560588464,11.404397010803223,7780900
2017-06-02,11.436360364330435,11.53225033435152,11.167871130712959,11.250975608825684,6356300
2017-06-05,11.21262089761978,11.219012424593139,11.020842167543751,11.059197425842285,5350100
2017-06-06,11.071979348332482,11.55142418999324,10.880201899384693,11.442749977111816,7399400
2017-06-07,11.493893697306216,11.966945917651556,11.45553844141108,11.775168418884277,10799900
2017-06-08,11.775167764445099,11.781560509954259,11.551426548790607,11.634531021118164,7430000
2017-06-09,11.634531591484429,11.954161566862664,11.442752874682531,11.858271598815918,5474900
2017-06-12,11.877453987984676,12.331329345703125,11.877453987984676,12.331329345703125,11995400
2017-06-13,12.286577586378154,12.561459599929403,12.12036982889852,12.427215576171875,8962200
2017-06-14,12.503921737762898,12.548669730076154,12.235432564592006,12.31214427947998,7285100
2017-06-15,12.216255586113066,12.714877466825373,12.209862841579401,12.497529029846191,8911500
2017-06-16,12.446388191854208,12.471959169781332,11.730417879973485,11.819913864135742,16648000
2017-06-19,11.81991784570273,11.839096085608308,11.391613575478821,11.423577308654785,9199300
2017-06-20,11.455538602192975,11.570605590784982,11.20622760643804,11.250975608825684,11070600
2017-06-21,11.270151630627696,11.423575081375514,11.110336653782602,11.199833869934082,6932800
2017-06-22,11.187049215256952,11.43636020759508,11.06558948237537,11.41079044342041,7295200
2017-06-23,11.404399247198752,11.602569518823579,11.276546751077836,11.500288009643555,7827400
2017-06-26,11.525856383103715,12.101190046607751,11.5066781472467,11.807129859924316,6905300
2017-06-27,11.7943488016114,12.01169732336744,11.730422550631657,11.947771072387695,6296400
2017-06-28,11.986127728548567,12.197083527799343,11.96055673746752,12.01809024810791,5538500
2017-06-29,11.979731026319076,12.261005738903156,11.954161262970466,11.99251651763916,5171400
2017-06-30,12.043656356946885,12.139545096045625,11.545033206625375,11.730419158935547,6906800
2017-07-03,11.795301851209508,12.353275812762915,11.756373809415125,12.327322959899902,3486300
2017-07-05,12.24297570857732,12.32731998502758,11.522800302925761,11.581192970275879,6381900
2017-07-06,11.522801606241178,11.788812126479575,11.418992683099365,11.652562141418457,7236800
2017-07-07,11.691491835326845,12.00291861592933,11.60065809619277,11.957502365112305,6741800
2017-07-10,12.048334949738432,12.074287800384088,11.808277268766279,11.827740669250488,6175300
2017-07-11,11.82773993335898,11.944525278998283,11.646074940142247,11.879644393920898,4796400
2017-07-12,11.989942197012404,12.184584863116514,11.82774059400899,11.918574333190918,5885400
2017-07-13,11.96398932848087,12.19755877079402,11.931548268784674,12.152142524719238,4271600
2017-07-14,12.236489145461766,12.405178958588493,12.184584682768927,12.294881820678711,4345200
2017-07-17,12.26244244135972,12.392204234654603,12.217026184956564,12.281907081604004,3676300
2017-07-18,12.275415138229766,12.359759411992798,12.119701776090464,12.353272438049316,4716000
2017-07-19,12.366250625177594,12.398691690268624,12.294882756977529,12.3727388381958,3357100
2017-07-20,12.398688680652471,12.483032954415503,12.307854957946363,12.353272438049316,2828000
2017-07-21,12.340298362389051,12.42464265219506,12.139167481890047,12.255952835083008,2814200
2017-07-24,12.242976551223673,12.405178141137872,12.132679420582022,12.275416374206543,4220700
2017-07-25,12.314348933975756,12.800953882512736,12.19756354832682,12.762025833129883,6573900
2017-07-26,12.755535335025678,12.90476052886114,12.632261756965875,12.807439804077148,5164400
2017-07-27,13.041012552348455,13.72225896879562,12.865834478119066,13.637914657592773,9708700
2017-07-28,13.676836256250708,13.780645161468948,13.190231548977794,13.242136001586914,6641900
2017-07-31,13.242137841244986,13.274577664569962,12.865830198175551,13.092912673950195,11730800
2017-08-01,13.170769679583927,13.41731680934955,13.021544501699484,13.37190055847168,3875700
2017-08-02,13.332971094072603,13.345947519139829,12.976128067223947,13.002080917358398,5372500
2017-08-03,13.008566861776627,13.203209509864251,12.90475794446319,12.930710792541504,3452300
2017-08-04,12.937198569586917,13.255113522857876,12.924222145984054,13.183744430541992,4771100
2017-08-07,13.157792093661769,13.332968852619699,13.047494974132807,13.274576187133789,2282600
2017-08-08,13.209698081697429,13.352435037516381,13.112376136252749,13.281065940856934,3658800
2017-08-09,13.235651447937526,13.482198594087894,13.170770554871634,13.300532341003418,4019200
2017-08-10,13.274576187133789,13.358921698391123,13.255112790305018,13.274576187133789,4455800
2017-08-11,13.138333454828613,13.209702575768539,12.911250900701873,12.969643592834473,3203800
2017-08-14,12.85285297867611,13.1188634734834,12.762020488985774,13.03451919555664,2709300
2017-08-15,12.917739268161672,12.963155532025063,12.651728661961485,12.762025833129883,2875800
2017-08-16,12.846365938068164,13.028032171510532,12.742557015386803,12.768509864807129,2739800
2017-08-17,12.749045382371834,12.852854306312269,12.63226003356385,12.671189308166504,3134000
2017-08-18,12.580354326463068,12.599818961837897,12.418152744172415,12.547914505004883,3378100
2017-08-21,12.573869219290607,12.813928164853765,12.521964749641839,12.787975311279297,2656600
2017-08-22,12.807438650405329,12.898271153688333,12.671189895480827,12.677678108215332,2395700
2017-08-23,12.664698191880833,12.911244020334587,12.63225713715027,12.839876174926758,1910800
2017-08-24,12.93719945277093,13.177257118312594,12.664700726007451,12.716605186462402,3696700
2017-08-25,12.762020774836321,12.956662182103823,12.658211859293667,12.878806114196777,2382400
2017-08-28,12.813925371810036,12.93719892441856,12.54791486815473,12.580354690551758,2125000
2017-08-29,12.586845049427378,12.664702368959967,12.385715393760012,12.515477180480957,3053300
2017-08-30,12.489523220742534,12.61928499595804,12.32732162047315,12.612796783447266,2770800
2017-08-31,12.671192007067347,12.82690542614418,12.599822892594537,12.729584693908691,3452000
2017-09-01,12.736071266070624,12.943690389084946,12.671191604972623,12.852856636047363,2410900
2017-09-05,12.878804122153605,13.047493893193113,12.716602562019428,12.846363067626953,4491600
2017-09-06,12.891784563960847,13.13833046774441,12.839880098032726,13.09940242767334,4463800
2017-09-07,13.131839908175518,13.37189879363247,13.002079385293266,13.352434158325195,5599100
2017-09-08,13.281065280107187,13.30052991572772,13.066959238280834,13.086423873901367,3832300
2017-09-11,13.125353440548436,13.255115218173739,13.092913614892122,13.170769691467285,3436600
2017-09-12,13.170768672638241,13.365411324019552,12.90475816283372,12.98261547088623,5820000
2017-09-13,13.002080258936644,13.066959905987272,12.781485993964669,12.885294914245605,3753000
2017-09-14,12.917736433164775,13.307020554060017,12.865831966212083,13.300532341003418,4392100
2017-09-15,13.339460739780993,13.38487699489574,13.151307506091303,13.332972526550293,6458400
2017-09-18,13.300529691551361,13.319994326843824,12.924222071729414,12.995591163635254,3392300
2017-09-19,12.904762839200595,12.930715697122748,12.6711933054031,12.762025833129883,4018800
2017-09-20,12.76850957224186,12.839878669012503,12.580355130755597,12.645236015319824,3263400
2017-09-21,12.625774202002226,12.775000641119071,12.437620955942183,12.496013641357422,2835000
2017-09-22,12.496006730344293,12.606303826516836,12.411661236947888,12.44410228729248,2562800
2017-09-25,12.508988065170792,12.787973782748493,12.489523427316524,12.703629493713379,2789300
2017-09-26,12.90476177815409,13.144820744194535,12.7620247838194,13.079939842224121,4864000
2017-09-27,13.008567010991818,13.06047147024391,12.508987054752923,12.593331336975098,3786400
2017-09-28,12.612799412016717,12.664703885420067,12.496014037484114,12.638751029968262,3270200
2017-09-29,12.651727077424699,12.768512448447117,12.59333439191349,12.68416690826416,2847600
2017-10-02,12.684164428189819,12.710117277787129,12.45708318171326,12.560892105102539,2753900
2017-10-03,12.560889994287336,12.626688516078218,12.402974294990669,12.574049949645996,2500300
2017-10-04,12.574051806732315,12.646429061889647,12.475353381967818,12.646429061889648,4339300
2017-10-05,12.685910598183321,12.9096248816629,12.639850741582306,12.692490577697754,3211300
2017-10-06,12.626688516078218,12.646427194113791,12.481931517137793,12.574049949645996,3057800
2017-10-09,12.580631147944944,12.699066992656716,12.547731256356224,12.606949806213379,2172100
2017-10-10,12.659585590115567,12.870139829909231,12.639845659509062,12.804341316223145,2728900
2017-10-11,12.824083263785532,12.896461765724055,12.778024673461914,12.778024673461914,2090400
2017-10-12,12.771446485975128,12.870143658362354,12.646429398283233,12.685909271240234,3380500
2017-10-13,12.77802266375007,13.021476787887908,12.685905497590907,12.804341316223145,2650600
2017-10-16,12.778028595464537,12.863565824462274,12.626692822236238,12.672751426696777,2204500
2017-10-17,12.666171446773436,12.725390011080657,12.606952882466215,12.672751426696777,3290900
2017-10-18,12.672745255834597,12.837240908810122,12.541148231453285,12.62010669708252,1760700
2017-10-19,12.62669276427387,12.751708617234923,12.501675656309974,12.547734260559082,2627900
2017-10-20,12.547733297484166,12.567473235648476,12.304280335138074,12.35033893585205,3048200
2017-10-23,12.337178248645676,12.508253937627217,12.271379713652365,12.416136741638184,2073600
2017-10-24,12.389814138091166,12.455612658811726,12.198999808504178,12.324015617370605,3172200
2017-10-25,12.277961465853833,12.34376001034987,11.935810038476722,12.166104316711426,5631500
2017-10-26,12.172683442871474,12.33717916507244,11.692356235245317,12.060826301574707,7426000
2017-10-27,11.948964608249206,12.080561637878418,11.685771803993068,12.080561637878418,4537900
2017-10-30,12.067405550553113,12.159522747808381,11.975288353297843,12.12662410736084,3431800
2017-10-31,12.12662456444864,12.12662456444864,11.685775988820192,11.948968887329102,5938900
2017-11-01,11.988447369410425,12.324018781746087,11.92265008679783,12.205581665039062,4479300
2017-11-02,12.29769977949793,12.574052625835053,12.258219905019281,12.475354194641113,4950700
2017-11-03,12.402975132030013,12.488512337629116,12.179260895844665,12.21873950958252,4446300
2017-11-06,12.08056558114003,12.416136986727553,12.073985602010547,12.251641273498535,3173300
2017-11-07,12.277963513022138,12.54773646093396,12.264803550928132,12.383240699768066,4657400
2017-11-08,12.356919763398304,12.692491205208155,12.356919763398304,12.45561695098877,3299100
2017-11-09,12.396398488025486,12.738549912451493,12.376658548346079,12.547734260559082,4627100
2017-11-10,12.475353323325699,12.685908874164623,12.475353323325699,12.600370407104492,3425300
2017-11-13,12.626690519889562,12.81092490413848,12.409556242022898,12.468774795532227,2493800
2017-11-14,12.475353350392277,12.600370434442308,12.271379032733618,12.449034690856934,3586500
2017-11-15,12.42929729567011,12.646431614982935,12.370078730857262,12.567474365234375,2516400
2017-11-16,12.51483180127204,12.751704730206107,12.462193233175308,12.699066162109375,2540000
2017-11-17,12.705648010600815,12.850405035430695,12.692489307891169,12.73196792602539,4279200
2017-11-20,12.738548508519658,12.745128487687605,12.46219565847937,12.495094299316406,2786500
2017-11-21,12.508253539833689,12.508253539833689,12.284539280972703,12.330597877502441,7392000
2017-11-22,12.310856581168103,12.501672180000892,12.284537923916766,12.356916427612305,4783600
2017-11-24,12.38323709143806,12.416136987086432,12.304279851887358,12.370077133178711,1305400
2017-11-27,12.225321914748505,12.264800536323888,11.916070411569635,11.968708992004395,7515500
2017-11-28,11.843692773024461,12.054247110411106,11.817372853349706,12.04108715057373,6242300
2017-11-29,12.00160784659162,12.23848209024235,12.00160784659162,12.15294361114502,4021200
2017-11-30,12.172679698086904,12.350335324610905,12.120041133376352,12.185839653015137,4771800
2017-12-01,12.212158511563855,12.218738489137722,12.021344181931282,12.172679901123047,3902100
2017-12-04,12.199003909338208,12.75170840618259,12.179263969985515,12.560894012451172,7433700
2017-12-05,12.57405390304101,12.57405390304101,12.146364004431954,12.159523963928223,4565300
2017-12-06,12.251636414413431,12.264795112450873,11.777888145004024,11.870006561279297,3886700
2017-12-07,11.850271707263602,12.021347405045077,11.79763312756182,11.948968887329102,3684600
2017-12-08,12.001606902647344,12.067405437931036,11.909489706251783,12.034506797790527,2137300
2017-12-11,12.021347141531878,12.146362981206499,11.883170088466892,11.916069984436035,2162100
2017-12-12,12.001607219038455,12.218741512696942,11.948968640424358,12.11346435546875,4652800
2017-12-13,12.146362996476544,12.310858711520934,12.067405756056752,12.11346435546875,3678200
2017-12-14,12.152938874672428,12.185838759580871,12.014763123063812,12.080561637878418,3295100
2017-12-15,12.126624947963146,12.264800753424222,12.08714632568895,12.15294361114502,7749000
2017-12-18,12.152941869168092,12.40955601467478,12.139783166964685,12.402976036071777,4010600
2017-12-19,12.402976936345192,12.402976936345192,12.034506892849764,12.0476655960083,3980900
2017-12-20,12.041086356621204,12.179263415796996,11.856851951057166,11.863431930541992,2956400
2017-12-21,11.876592123413639,11.929230710888492,11.784474909083379,11.810794830322266,4045000
2017-12-22,11.8042101502188,11.93580593901019,11.73183165063196,11.85684871673584,2818300
2017-12-26,11.889750177429413,12.087145790058546,11.817371660631792,12.008187294006348,1752700
2017-12-27,12.034507211024653,12.08056581080397,11.981867376988044,12.008187294006348,2439600
2017-12-28,12.00818730920674,12.120044446670693,11.92265008879441,12.087145805358887,3127000
2017-12-29,12.087142882607955,12.180685868339577,12.047053213641203,12.127232551574707,2296700
2018-01-02,12.18736948184826,12.27423193086342,12.087144657500433,12.107190132141113,4118200
2018-01-03,12.093824063979406,12.15395920144844,11.933464122204493,12.027007102966309,6540900
2018-01-04,12.006963036301517,12.02700850927761,11.766423732726787,11.81319522857666,6021500
2018-01-05,11.85328509007458,11.886694212236854,11.739696623578249,11.826559066772461,2725800
2018-01-08,11.846603897633871,11.933466345462014,11.746379074655664,11.893375396728516,3832900
2018-01-09,11.85328661650398,11.893376293833633,11.485795146388462,11.505839347839355,5301200
2018-01-10,11.43234017855421,11.479111674467616,11.31206988938963,11.44570255279541,3072500
2018-01-11,11.492475453254242,11.525883300877009,11.345477865087592,11.365523338317871,2620700
2018-01-12,11.345478839795371,11.385569789700204,11.145029187982429,11.198482513427734,5447600
2018-01-16,11.258616454949012,11.338795797293708,11.058165550231934,11.058165550231934,3722300
2018-01-17,11.098259355895827,11.13834903739944,10.991352688934196,11.091577529907227,5919800
2018-01-18,11.071530991202428,11.071530991202428,10.964624334483288,11.004714012145996,3087800
2018-01-19,10.977986146016617,11.044803113879071,10.924532826612186,10.964622497558594,4736100
2018-01-22,10.95794243147349,11.111620590114619,10.95794243147349,11.07821273803711,6272300
2018-01-23,11.124985385422237,11.185120544891653,11.038124196426411,11.091577529907227,3249500
2018-01-24,11.064849118545881,11.138347922636497,10.864399456661491,10.911170959472656,5059600
2018-01-25,10.911167064330783,10.96462037337969,10.730761668380444,10.81762409210205,4042200
2018-01-26,10.844353314073956,10.877762438619529,10.590450339666551,10.683993339538574,12460100
2018-01-29,10.677311582630354,10.683993407582022,10.329864968924236,10.643903732299805,6969700
2018-01-30,10.62385815724919,10.68399330681927,10.403363033634825,10.423408508300781,5451000
2018-01-31,10.436772370726183,10.64390449864382,10.396682692557574,10.63054084777832,17769800
2018-02-01,10.623857454668098,10.657265939688081,10.209593897176322,10.263047218322754,6852500
2018-02-02,10.189551622352663,10.189551622352663,9.828741295312016,9.935647964477539,11164100
2018-02-05,9.86882883990257,10.229639065489273,9.768603387831142,9.795330047607422,8344500
2018-02-06,9.735196418771308,9.882193389023024,9.574836435158854,9.802013397216797,7778500
2018-02-07,9.802013736203126,9.982418564702655,9.6951070767643,9.701788902282715,5589400
2018-02-08,9.628287621786566,9.701786409173932,9.354339218068759,9.361021041870117,7182100
2018-02-09,9.427840093108982,9.514701915990377,9.153891610213647,9.47461223602295,11249300
2018-02-12,9.501335154665894,9.621604784351018,9.287521276044194,9.568151473999023,7088700
2018-02-13,9.568153570420566,9.675060214548237,9.414475428790507,9.581517219543457,4179800
2018-02-14,9.487970615488274,9.621603878791047,9.347655529716945,9.528060913085938,5116700
2018-02-15,9.788649746642127,10.01582670870007,9.668380077539751,9.802013397216797,9583200
2018-02-16,9.7686034400202,10.176185163089457,9.7686034400202,10.156140327453613,7789500
2018-02-20,10.176188653978123,10.4167293129798,10.162825638041392,10.189552307128906,7793600
2018-02-21,10.189550935692209,10.216277601182515,9.802013967475787,9.808695793151855,4519500
2018-02-22,9.802011057485883,10.182866086959205,9.7752843999301,10.015824317932129,4883100
2018-02-23,10.062600408988965,10.20291557571319,9.928966431374251,10.196233749389648,3629000
2018-02-26,10.289771788012986,10.396679045796134,10.169502158479244,10.349906921386719,4749200
2018-02-27,10.376637432541862,10.436772588262132,9.915602300709718,9.922284126281738,4814100
2018-02-28,9.98241539068787,10.109367486316176,9.955688734326186,9.995779037475586,8156000
2018-03-01,9.942327922523004,10.3031381817704,9.902237610511564,10.129414558410645,3904700
2018-03-02,10.149459195858476,10.23632100582712,10.002462874878198,10.216276168823242,3437900
2018-03-05,10.049233751387314,10.269728856418785,10.02250709129907,10.116050720214844,6681400
2018-03-06,10.116049309710034,10.156138975645682,9.969052381113903,9.995779037475586,6050800
2018-03-07,9.989101917652505,10.182870426817965,9.96905707524616,10.162825584411621,4502200
2018-03-08,10.129413731652045,10.196230700479575,10.069278587150038,10.116050720214844,3158000
2018-03-09,10.089325471010046,10.10268848431592,9.554791557282519,9.675061225891113,7360400
2018-03-12,9.641655160635766,9.848786684363152,9.628291507639652,9.815378189086914,6289800
2018-03-13,9.862149124132468,9.949010946279454,9.755242462171244,9.808695793151855,4599600
2018-03-14,9.822057156550324,9.8955559522066,9.675060202451634,9.74855899810791,4345300
2018-03-15,9.748558042656931,9.775284701035966,9.541425962309052,9.648332595825195,3746100
2018-03-16,9.655018527909192,9.73519853716269,9.541430022163219,9.715153694152832,6480000
2018-03-19,9.661696497656521,9.675059508590493,9.421156565920683,9.521381378173828,4701200
2018-03-20,9.528064993631393,9.648334663504457,9.381068022437717,9.46792984008789,4065200
2018-03-21,9.447884559631348,9.514700898167462,9.334296083184656,9.447884559631348,4027200
2018-03-22,9.40111140896373,9.66169682165994,9.387748397581632,9.4879732131958,4725700
2018-03-23,9.521380989819987,9.594879139993562,9.334294383878472,9.361021041870117,3748700
2018-03-26,9.421158209097507,9.494656375087963,9.294206078406626,9.481292724609375,2730900
2018-03-27,9.33429646160758,9.561473423710973,9.147209176808357,9.441203117370605,5403700
2018-03-28,9.487976126394452,9.808696781819123,9.407796121841793,9.708471298217773,4483000
2018-03-29,9.741876153616243,9.761920987963032,9.521381064160163,9.62160587310791,7603800
2018-04-02,9.642051416665844,9.72382203808807,9.498953803951899,9.533024787902832,4092700
2018-04-03,9.601163537818232,9.79877439868118,9.49895062022376,9.7238187789917,3401000
2018-04-04,9.682934726727451,10.010014545436553,9.648863749816128,9.928244590759277,4807400
2018-04-05,9.921429324627558,10.003199266195264,9.846473057469863,9.989570617675781,3574200
2018-04-06,9.948687590127006,10.037271220514242,9.717005726406951,9.764704704284668,3701500
2018-04-09,9.791960074204932,9.83965904583917,9.669304833031465,9.7238187789917,2153400
2018-04-10,9.764702789168341,9.860101376063424,9.662490528091235,9.75107479095459,3582700
2018-04-11,9.75789037891647,9.873731310776497,9.696562750302355,9.764704704284668,2910000
2018-04-12,9.778333712397476,9.778333712397476,9.43762522973345,9.546651840209961,3836800
2018-04-13,9.546653441423192,9.580724425374125,9.423998159139822,9.533024787902832,3294200
2018-04-16,9.560281134878263,9.635237427108102,9.47169683942024,9.505767822265625,5842800
2018-04-17,9.546651517813562,9.676120450919706,9.47850956364201,9.553465843200684,6505600
2018-04-18,9.573909787956397,9.628423100569035,9.492139819037439,9.505767822265625,3183900
2018-04-19,9.485326216308605,9.526210878962955,9.212759632446287,9.26727294921875,5129300
2018-04-20,9.308155741718515,9.423996679048237,9.069660191218986,9.083288192749023,4158600
2018-04-23,9.083286923682971,9.199127844828046,9.02877362547938,9.103729248046875,3090100
2018-04-24,9.117361084253824,9.165060074391437,9.00833444973928,9.069662094116211,3560700
2018-04-25,9.05603315049208,9.137803123765035,8.967448850317217,9.02196216583252,3896800
2018-04-26,9.226385072447973,9.655677810106349,9.15824312049592,9.587535858154297,7362700
2018-04-27,9.580725173218335,10.07134504094828,9.56709651863416,10.010017395019531,5252800
2018-04-30,10.003201511837023,10.064529144242815,9.826032940409148,9.887360572814941,5151400
2018-05-01,9.89417455287446,10.09859912061744,9.880545901771672,10.071342468261719,4663000
2018-05-02,9.955504145421529,9.982760804928876,9.805592843056129,9.832849502563477,4577400
2018-05-03,9.812404320326786,9.873731952929434,9.757891013535517,9.785147666931152,3012800
2018-05-04,9.771519922784366,10.030458461794748,9.771519922784366,9.996387481689453,3146900
2018-05-07,10.037271824283609,10.037271824283609,9.887360556264687,9.969130516052246,3612300
2018-05-08,9.941872290100457,10.010013587552654,9.79196039594599,9.846473693847656,3002200
2018-05-09,9.839660630456772,9.941873564512017,9.81240397801201,9.860103607177734,2924400
2018-05-10,9.928247126033842,9.996389097257202,9.86010580466048,9.921433448791504,2594800
2018-05-11,9.941876140592868,10.037274123943572,9.826035175224135,9.832849502563477,3208500
2018-05-14,9.83284859410194,9.900989911649688,9.696564659306516,9.730635643005371,2841700
2018-05-15,9.655679431720381,9.682936087108834,9.444439865072438,9.526209831237793,4946700
2018-05-16,9.580722184694032,9.676120137625599,9.512580232728785,9.539836883544922,2579800
2018-05-17,9.54665120871141,9.689748787958575,9.49895158239581,9.539836883544922,2559800
2018-05-18,9.533023500656807,9.635236438707771,9.505766847146525,9.573908805847168,6071900
2018-05-21,9.642051558578135,10.010016760994015,9.51258259747902,9.975946426391602,5168700
2018-05-22,9.969129211038991,10.330279981953245,9.962314886152924,10.289395332336426,8446800
2018-05-23,10.289395653063856,10.384793605043246,10.214439376680266,10.330280303955078,4399300
2018-05-24,10.330280313854415,10.384793614994821,10.132669434757984,10.200811386108398,2834400
2018-05-25,10.248512281494529,10.289397589931777,10.139485658795108,10.214441299438477,2213300
2018-05-29,10.159926705304109,10.35753759645909,10.119042051878857,10.303024291992188,3131600
2018-05-30,10.296209926372343,10.541520445367878,10.146298664597124,10.487007141113281,3312300
2018-05-31,10.45974859108695,10.541518532631864,10.343907678102555,10.534704208374023,6267000
2018-06-01,10.527891794379306,10.623290401749774,10.432493836858683,10.487007141113281,3092300
2018-06-04,10.541521036921223,10.718688960765787,10.466564751977481,10.705060958862305,4945300
2018-06-05,10.732317258881883,10.970813457908092,10.732317258881883,10.875414848327637,5591900
2018-06-06,10.861784613606126,11.059395479761859,10.841342289479606,11.045766830444336,4845900
2018-06-07,11.05258176220397,11.209308638565192,10.991254136606013,11.093467712402344,4687700
2018-06-08,11.093468990873893,11.195681278750115,10.75957417412182,11.161609649658203,3806000
2018-06-11,11.175237638453176,11.284264245681037,11.127538660253446,11.243379592895508,3434700
2018-06-12,11.229751235669482,11.475061758195665,11.188866581815024,11.400105476379395,3949900
2018-06-13,11.420548189908684,11.461432842820738,11.086654041777605,11.107095718383789,3802900
2018-06-14,11.161608029131834,11.304706251142271,11.134352029515293,11.263821601867676,4590100
2018-06-15,11.413732219236602,11.447802541802286,11.202493359990468,11.236563682556152,7405500
2018-06-18,11.229749988631065,11.338776586602274,11.02532544235994,11.147980690002441,3369800
2018-06-19,11.059396096787033,11.257007623817666,11.059396096787033,11.216121673583984,4281400
2018-06-20,11.209309221608214,11.529574716622855,11.209309221608214,11.522760391235352,4167600
2018-06-21,11.543203007325772,11.87709714270012,11.420547753576088,11.856654167175293,7963000
2018-06-22,11.836211829913434,12.238246595171239,11.713556583018025,12.197361946105957,8643900
2018-06-25,12.149663961371274,12.217805915160671,11.877097445913355,11.965681076049805,5745900
2018-06-26,11.972496354448502,12.047452639553569,11.87028406547781,11.890727043151855,3287900
2018-06-27,11.890726139821016,11.931610792363358,11.659044275914956,11.686300277709961,4720300
2018-06-28,11.672675781902546,11.70674742089884,11.529578797218516,11.631791114807129,3908100
2018-06-29,11.590903928820872,11.66586021862337,11.52276196533677,11.577275276184082,5025100
2018-07-02,11.570346907550569,11.646557871321836,11.189286802781812,11.307068824768066,4543200
2018-07-03,11.26549927141983,11.632702362761213,11.244713741973975,11.542633056640625,2956500
2018-07-05,11.535702215370891,11.681198249129766,11.42484872368692,11.667341232299805,3780600
2018-07-06,11.722770757066687,11.79898304622001,11.653486977970772,11.715842247009277,2720700
2018-07-09,11.72276806263129,11.74355358802604,11.549559315441986,11.618843078613281,3455100
2018-07-10,11.639630481567735,11.715842774150143,11.473350197142851,11.584203720092773,3056200
2018-07-11,11.542630573780805,11.632699860527177,11.376350338415783,11.383278846740723,3177300
2018-07-12,11.397137421439735,11.480276889748932,11.30013961310831,11.459492683410645,3765600
2018-07-13,11.507990926837346,11.591130395146543,11.43177864632223,11.459492683410645,2347400
2018-07-16,11.41099433142451,11.501063640057646,11.258571075670647,11.431779861450195,2325200
2018-07-17,11.473349241810263,11.695056269249593,11.473349241810263,11.507991790771484,4523000
2018-07-18,11.487205505371094,11.514919542716088,11.33478226440773,11.487205505371094,3377200
2018-07-19,11.43870574051688,11.701982452896848,11.313995232002949,11.667341232299805,2558300
2018-07-20,11.604986470998275,11.625771997126144,11.473347448477615,11.5357027053833,3036800
2018-07-23,11.528773898517716,11.66041291763394,11.445634439112224,11.64655590057373,2291100
2018-07-24,11.64655799445356,11.70891326095718,11.54263299077357,11.549561500549316,3264400
2018-07-25,11.584203484928498,11.646558755506769,11.473349964228948,11.570347785949707,3771800
2018-07-26,11.757411507909303,12.01376108369953,11.507991763372944,11.549561500549316,6420500
2018-07-27,11.556489418486676,11.563417927907597,11.05071946332285,11.099218368530273,4483700
2018-07-30,11.120002962569258,11.327854288001172,11.064576867488748,11.313997268676758,3435500
2018-07-31,11.369424081290136,11.618845144463132,11.258570569097273,11.5634183883667,5411200
2018-08-01,11.528776037010054,11.584202794054214,11.348638746247007,11.542633056640625,4035300
2018-08-02,11.528774046882997,11.6604130676933,11.494132825264554,11.591129302978516,2754400
2018-08-03,11.625773812404711,11.87519355749459,11.611916792822463,11.84055233001709,2382900
2018-08-06,11.84055207431027,11.88905032032266,11.57034680568233,11.611916542053223,5007300
2018-08-07,11.570345751760263,11.584201448303073,11.320924713298037,11.404064178466797,4071500
2018-08-08,11.424850529468578,11.445636057998826,11.32785403928356,11.417922019958496,3120600
2018-08-09,11.41099436027243,11.466421119002883,11.300140842811524,11.390210151672363,3673100
2018-08-10,11.355566071378151,11.404064313547382,11.216999853962918,11.27242660522461,4047900
2018-08-13,11.272427878755837,11.313997616529056,11.092290586434375,11.161574363708496,2371900
2018-08-14,11.210073116350644,11.390210416786969,11.189287585788616,11.362496376037598,3030700
2018-08-15,11.348638552199686,11.604988125069497,11.327854344587339,11.5634183883667,3894500
2018-08-16,11.577272201025792,11.688127016645034,11.528773962523688,11.639627456665039,3478900
2018-08-17,11.632703552238677,11.785126819326301,11.61191802066744,11.771269798278809,3023700
2018-08-20,11.812838984171858,12.152329376471732,11.785126264858967,11.944478034973145,4293800
2018-08-21,11.94447464245075,11.965260167140473,11.743553189694733,11.819764137268066,2641600
2018-08-22,11.833622064939226,11.861336099992888,11.722768567680426,11.785123825073242,2210900
2018-08-23,11.785124582846892,11.819765807413448,11.729697830653599,11.805910110473633,1826200
2018-08-24,11.778196220420924,11.882121216893738,11.743554995422661,11.868264198303223,1464300
2018-08-27,11.826694578898776,11.895978351046377,11.715841072053829,11.778196334838867,2091700
2018-08-28,11.840549996965123,11.972189014102206,11.743553521957724,11.96526050567627,3073100
2018-08-29,11.958333341923558,11.965261851128583,11.868264043736254,11.923690795898438,1666900
2018-08-30,11.951405938353867,11.965262958045841,11.771268646792606,11.792054176330566,2103100
2018-08-31,11.79898246159968,11.89597895464104,11.736627195650774,11.854409217834473,2464500
2018-09-04,11.85440791837111,12.013759659893465,11.708911873280032,11.750481605529785,2499700
2018-09-05,11.69505427919309,11.951403811972632,11.625771836016145,11.930618286132812,7527700
2018-09-06,11.958332690635105,12.1731111783813,11.944475672979754,12.110755920410156,3938700
2018-09-07,12.04147221819588,12.117684494231138,11.999902486484803,12.103827476501465,3905200
2018-09-10,12.186968414993459,12.235466656180591,12.006831146671272,12.04840087890625,2611100
2018-09-11,11.99990582036826,12.055332585207996,11.88905229068879,11.93755054473877,2926700
2018-09-12,11.94447643781929,11.979118984175932,11.819765913891427,11.833622932434082,3195000
2018-09-13,11.90290759665909,11.90290759665909,11.792054082957339,11.84055233001709,3270700
2018-09-14,11.792053922449243,11.819766639758408,11.473349083786182,11.5634183883667,2526800
2018-09-17,11.563417085694223,11.764338558354764,11.507990335841871,11.757410049438477,2941100
2018-09-18,11.771267956461145,11.854408748259024,11.667342957822338,11.764339447021484,2750800
2018-09-19,11.743554134323265,11.792052374355896,11.473347577533286,11.521845817565918,2508000
2018-09-20,11.549559488229399,11.65348447380218,11.410991959813765,11.639627456665039,2375700
2018-09-21,11.66041374206543,11.771267243429065,11.646556724025482,11.66041374206543,3990700
2018-09-24,11.660415435298548,11.688129475402858,11.334783392941912,11.390210151672363,2085300
2018-09-25,11.41792261584385,11.58420288832956,11.3902098978353,11.494134902954102,2514300
2018-09-26,11.514918892450115,11.577272829999057,11.369422847561363,11.376351356506348,2438300
2018-09-27,11.397138661698442,11.501063669133268,11.369424621594131,11.390210151672363,2065400
2018-09-28,11.404063471063765,11.618843272629041,11.362493741057989,11.598057746887207,3548500
2018-10-01,11.640336284720732,11.682613157669895,11.492365213462323,11.499411582946777,3063800
2018-10-02,11.534644719937711,11.605105734744642,11.365534521319487,11.400766372680664,2675000
2018-10-03,11.400766007072983,11.450089253439188,11.097778814871827,11.161194801330566,3386600
2018-10-04,11.111870729356749,11.133009165946138,10.942761220705272,11.090731620788574,2806100
2018-10-05,11.111870689865162,11.259840417443796,11.06254677536017,11.18937873840332,2798300
2018-10-08,11.21756174764533,11.407809661737147,11.21756174764533,11.323254585266113,6317500
2018-10-09,11.330301873353168,11.344394611235186,11.034361097618078,11.111869812011719,5538300
2018-10-10,11.104825112747188,11.168241098793782,10.90048508658529,10.907530784606934,6271100
2018-10-11,10.942761922238182,10.96390103216157,10.569313049316406,10.569313049316406,8313400
2018-10-12,10.65386641307567,10.73137445914668,10.414295233610494,10.435434341430664,5440000
2018-10-15,10.428387742762482,10.653866178720996,10.421341373644092,10.562265396118164,5492800
2018-10-16,10.569313003651363,10.717283412581635,10.449527402518342,10.667960166931152,4072900
2018-10-17,10.660914582826058,10.815931373126968,10.597498592613007,10.717284202575684,3547900
2018-10-18,10.710237042637615,10.794791466029368,10.618636249301845,10.667960166931152,3517500
2018-10-19,10.660913467407227,10.77365269511092,10.618635921028941,10.660913467407227,2989000
2018-10-22,10.68909717682156,10.808882761952354,10.498849245621335,10.505895614624023,4599200
2018-10-23,10.505897390857818,10.646821434843998,10.343834908268422,10.576359748840332,4841100
2018-10-24,10.5834065825652,10.65386827165494,10.49885148049131,10.512944221496582,3804300
2018-10-25,10.618637623393266,11.252796888862221,10.555221629648479,11.168242454528809,6130400
2018-10-26,11.125961101209668,11.231653940031453,10.893436318218798,10.963898658752441,4918500
2018-10-29,11.055502369166078,11.414859885598165,11.02027185937878,11.217565536499023,3806400
2018-10-30,11.25279530943443,11.591013671275098,11.238702569700779,11.492365837097168,5317600
2018-10-31,11.485319629078193,11.548735614815634,11.280980275891277,11.337349891662598,4888400
2018-11-01,11.393719049345606,11.428949553802108,11.118916679524824,11.175286293029785,5157800
2018-11-02,11.189377253882196,11.217562056154797,10.78774365350294,11.020268440246582,3351400
2018-11-05,11.041408954634527,11.259841045414559,11.0273162148532,11.182332992553711,3302200
2018-11-06,11.21051775550002,11.288026480031064,11.118916963222576,11.280980110168457,2207900
2018-11-07,11.344394334336506,11.428948071649877,11.26688562183473,11.42190170288086,2480900
2018-11-08,11.393717358362206,11.478272438049316,11.266885410810241,11.478272438049316,2188200
2018-11-09,11.471227645874023,11.576920502039963,11.407811663382942,11.471227645874023,1795000
2018-11-12,11.506458774431595,11.626244376309453,11.34439629658439,11.358489036560059,3280000
2018-11-13,11.379623413085938,11.43599301224097,11.26688421477587,11.379623413085938,2463100
2018-11-14,11.421903048635915,11.478274005429816,11.111870850014945,11.140055656433105,2934400
2018-11-15,11.083685157013743,11.083685157013743,10.822975534698971,10.956853866577148,3498500
2018-11-16,10.956855146579553,11.076640753525723,10.921623967128529,11.069594383239746,2911200
2018-11-19,11.076637196203976,11.231653260838069,10.92162045959124,10.94980525970459,3142000
2018-11-20,10.999130481802206,10.999130481802206,10.808883214613422,10.872299194335938,3492000
2018-11-21,10.87230031327828,11.104825148205707,10.83002276511928,10.928669929504395,2923300
2018-11-23,10.92162243546289,10.96389997927082,10.801836845315641,10.872299194335938,1320000
2018-11-26,10.95685457370076,10.97799301147461,10.844115342935133,10.97799301147461,2815900
2018-11-27,10.977994125539771,11.06959492782735,10.970947754907137,11.034363746643066,4242100
2018-11-28,11.027314133498395,11.231654117907686,10.963898832388223,11.224608421325684,3871800
2018-11-29,11.189377250500904,11.280978025853853,11.083683738026565,11.224608421325684,5065900
2018-11-30,11.245749295816355,11.541689447831013,11.231656555636265,11.520551681518555,4602600
2018-12-03,11.598056426995253,11.703750610351562,11.428947615165475,11.703750610351562,4186900
2018-12-04,11.6685192339668,11.717842471392505,11.414856678069263,11.42190170288086,7933000
2018-12-06,11.39372111222844,12.04197245688301,11.288028235765182,12.02787971496582,7597600
2018-12-07,11.971509476975505,12.056064580182143,11.830586096908139,11.929232597351074,6396500
2018-12-10,11.929232604994407,11.929232604994407,11.66852226856819,11.823539733886719,3642100
2018-12-11,11.879908029620298,11.957415409676381,11.78830656597544,11.795352935791016,4496400
2018-12-12,11.872861305679145,11.879907675284553,11.471227645874023,11.471227645874023,4329600
2018-12-13,11.478274804935962,11.640337285133961,11.450089324575783,11.520551681518555,3354800
2018-12-14,11.464181936104096,11.59805893443954,11.457135566093125,11.59101390838623,2853200
2018-12-17,11.58396685868805,11.591013228285576,10.858206917633922,10.914576530456543,5819400
2018-12-18,10.942761336867854,11.048454864894362,10.822975741625086,10.914576530456543,3962300
2018-12-19,10.886389452469892,10.921620621127325,10.5411254779801,10.597495079040527,4194700
2018-12-20,10.611591700731045,10.660914951723976,10.245188487701004,10.393158912658691,4018800
2018-12-21,10.414295687612759,10.696144423026468,10.329741268582282,10.372018814086914,6070200
2018-12-24,10.238139287943557,10.357924868951448,10.083123207092285,10.083123207092285,4348700
2018-12-26,10.118354257233408,10.597496607323649,10.069031017187205,10.583404541015625,4230700
2018-12-27,10.470663140665236,10.604541447167744,10.231092672147735,10.597495079040527,3689700
2018-12-28,10.67500591101804,10.766606704749574,10.428389009721286,10.569313049316406,3388600
2018-12-31,10.61239475599318,10.677017026941645,10.325185423734512,10.519051551818848,3098300
2019-01-02,10.411350084947658,10.533414244172766,10.28210551994197,10.468791961669922,4422700
2019-01-03,10.461610491549946,10.655477319334928,10.425709835821866,10.447250366210938,4263800
2019-01-04,10.497507706812614,10.763176426414503,10.475967184888365,10.641112327575684,2705400
2019-01-07,10.669836345683203,11.115011141517412,10.669836345683203,11.014488220214844,3955400
2019-01-08,11.086291484073573,11.308879249971074,11.043210422778008,11.244256973266602,3840600
2019-01-09,11.272975846813766,11.337598111696478,11.15091172087109,11.30169677734375,4057500
2019-01-10,11.244257301377864,11.459664668424722,11.208355959409865,11.344780921936035,3354700
2019-01-11,11.344780001936691,11.416581995288801,11.265796919059957,11.395041465759277,3156200
2019-01-14,11.387858965454402,11.459661630354804,11.323237388757194,11.402219772338867,3047600
2019-01-15,11.438119658924794,11.62480601625851,11.38785752594364,11.603264808654785,4962600
2019-01-16,11.588907123748173,11.825854993097302,11.531465257527842,11.732512474060059,4899000
2019-01-17,11.69660986304616,11.90483607966371,11.660707846717692,11.890475273132324,5867400
2019-01-18,11.91201762870382,11.940737875007203,11.79713390444625,11.883296012878418,6616000
2019-01-22,11.890476532514722,11.897656936540928,11.70379013639943,11.811494827270508,3614300
2019-01-23,11.825853799367449,11.847395010596445,11.639167410615412,11.689430236816406,4040500
2019-01-24,11.689429748011683,11.81149386749448,11.646347327355222,11.775591850280762,1939100
2019-01-25,11.833037798869416,11.99100399017334,11.811497950616987,11.99100399017334,5037500
2019-01-28,11.955101309217271,12.256671494022855,11.890479028935907,12.220770835876465,4074800
2019-01-29,12.242307747885562,12.385913085086669,12.213587502158537,12.378732681274414,3844000
2019-01-30,12.385912558515672,12.565418537624597,12.364371347994705,12.45053482055664,5270200
2019-01-31,12.20640640384726,12.364371170163277,11.940736955997412,12.213586807250977,15062600
2019-02-01,12.314109612830675,12.543877041739545,12.084342183921805,12.321290016174316,4622900
2019-02-04,12.292570955258116,12.407454680768021,12.141785209575094,12.400274276733398,4977900
2019-02-05,12.414637622618228,12.52234096611036,12.242310629604038,12.51516056060791,3089200
2019-02-06,12.49361743875865,12.543878900088355,12.42181476420674,12.479256629943848,2880800
2019-02-07,12.421815774093524,12.651584625244139,12.350014463226314,12.65158462524414,2662300
2019-02-08,12.601320007643634,12.823908422314323,12.579780165239521,12.802367210388184,5278100
2019-02-11,12.780825425204105,12.88134970682858,12.730563969152849,12.788005828857422,3634700
2019-02-12,12.816725672495046,12.852626316279027,12.680300760976724,12.730562210083008,4229400
2019-02-13,12.701843724061545,12.852628092215312,12.615680249743704,12.788005828857422,3066400
2019-02-14,12.759286268289657,12.788006514921774,12.665942385310688,12.694664001464844,2566100
2019-02-15,12.75210952758789,12.788010188571839,12.67312642999629,12.75210952758789,2962800
2019-02-19,12.737747380375156,12.866991937607471,12.665944696410282,12.76646900177002,2849500
2019-02-20,12.75210582190165,12.766466629931035,12.45053570089471,12.608500480651855,4808300
2019-02-21,12.529516926178683,12.680301279665379,12.414633217944488,12.658760070800781,3187700
2019-02-22,12.694661566299025,12.86698712160133,12.637219714531591,12.730562210083008,2202000
2019-02-25,12.759282245371036,12.80236328649706,12.644398556020567,12.7018404006958,2121300
2019-02-26,12.73056235106077,12.766464364764103,12.579778002072139,12.673120498657227,3070100
2019-02-27,12.601321185905622,12.651584018433006,12.443356392243158,12.55105972290039,2714300
2019-02-28,12.551058999073533,12.773647421720115,12.50797794319958,12.63004207611084,4961900
2019-03-01,12.644403737486982,12.658763177398846,12.220769445838238,12.44335651397705,5834800
2019-03-04,12.450535349874968,12.472076561311733,12.235128713595302,12.378732681274414,3944500
2019-03-05,12.357192004629615,12.615681074969645,12.342832565905654,12.601320266723633,2314600
2019-03-06,12.579779879451564,12.594140687076074,12.37155227746216,12.378732681274414,2671800
2019-03-07,12.436173483638086,12.56541800221292,12.407453240355833,12.486434936523438,4134600
2019-03-08,12.421815490394481,12.543879633412049,12.371554026126457,12.436176300048828,4612700
2019-03-11,12.48643653979963,12.615681074969645,12.400274429367656,12.601320266723633,2618600
2019-03-12,12.65876198127215,12.773647076366734,12.63004173464003,12.694664001464844,4020700
2019-03-13,12.737744372806166,12.823907847124007,12.730563969152849,12.788005828857422,2998600
2019-03-14,12.823907699093857,12.852627943853635,12.723383418629764,12.845447540283203,2982300
2019-03-15,12.859808604213468,12.931611271829619,12.665941812506457,12.680302619934082,6077500
2019-03-18,12.71620395782538,12.766466786544834,12.52233852513854,12.586960792541504,3712900
2019-03-19,12.594141995257045,12.723385168736419,12.572600781582748,12.644403457641602,3363000
2019-03-20,12.66594200637897,12.802366939985658,12.507977230823117,12.709024429321289,2511100
2019-03-21,12.723385967190135,13.068038559996815,12.701846121686245,13.046497344970703,3007300
2019-03-22,13.068036455200234,13.218820827530344,13.010594593904667,13.017773628234863,2740900
2019-03-25,13.032136917114258,13.082398384126856,12.874172110857197,13.032136917114258,2014800
2019-03-26,13.082394412779719,13.348063847155764,13.075214009740167,13.33370304107666,2507900
2019-03-27,13.304986734127437,13.362428605913626,13.147020559573733,13.226003646850586,3046400
2019-03-28,13.276265015656202,13.383968353271484,13.211642739182583,13.383968353271484,2624100
2019-03-29,13.376784043728154,13.383964446742981,13.233180091997161,13.283441543579102,3180200
2019-04-01,13.22511899406873,13.34176822737937,13.108469760758089,13.254281997680664,3195600
2019-04-02,13.232407124377309,13.363637833504507,13.079305557441094,13.35634708404541,3365800
2019-04-03,13.34176822737937,13.400092844034692,13.239700495874697,13.254281997680664,3023700
2019-04-04,13.283443521232524,13.327188026355717,13.159503537853892,13.246991157531738,2017000
2019-04-05,13.23969664824689,13.458413549500232,13.203244294894047,13.45112419128418,2622200
2019-04-08,13.414675342321791,13.421966093766354,13.305316851790668,13.341769218444824,3367500
2019-04-09,13.341767086485055,13.341767086485055,13.195956252599746,13.239699363708496,2470600
2019-04-10,13.31989779256108,13.487580897003582,13.246991671760856,13.458417892456055,4147000
2019-04-11,13.487579788661183,13.531322901319289,13.283442945309226,13.319896697998047,2328200
2019-04-12,13.319893562993705,13.36363666535632,13.152210511796882,13.29802131652832,3682100
2019-04-15,13.327185106797296,13.341765214742454,13.028271340113925,13.042851448059082,3630500
2019-04-16,13.064727379489652,13.086599633426724,12.55438591217365,12.656455039978027,4142600
2019-04-17,12.685614956485217,12.743939568607763,12.554384231567383,12.554384231567383,4077800
2019-04-18,12.547090947494432,12.816843093193222,12.48876634714985,12.780390739440918,3571900
2019-04-22,12.758519862836172,12.758519862836172,12.306503118702777,12.452315330505371,3069000
2019-04-23,12.539803105836663,12.802263143846675,12.415863141293373,12.751229286193848,4208100
2019-04-24,12.787683825595156,13.042853129636594,12.765811575005142,12.94078540802002,4541900
2019-04-25,12.853296759073029,12.984527470887052,12.736647546475742,12.933493614196777,2576700
2019-04-26,12.984528541564941,13.035562402463365,12.897042320187191,12.984528541564941,2056100
2019-04-29,12.926204545684328,12.969949049023656,12.627290725708008,12.627290725708008,3367500
2019-04-30,12.663743636152718,12.765811356018409,12.496059165642585,12.678323745727539,3987700
2019-05-01,12.685614585876465,12.824136057083786,12.605419115656144,12.685614585876465,4193500
2019-05-02,12.831428464528368,13.246991541256508,12.831428464528368,13.115760803222656,6593400
2019-05-03,13.19595281636486,13.349054360661954,13.042849881499698,13.268858909606934,3666300
2019-05-06,13.181373421067809,13.436544092812092,13.144921063919321,13.32718563079834,3472600
2019-05-07,13.312607608162041,13.407384595839119,12.97723999443134,13.093889236450195,4121300
2019-05-08,13.101179301092545,13.305316159208376,13.093888550027488,13.115760803222656,2320300
2019-05-09,13.093884923594054,13.195954019667585,12.948074114381889,13.130338668823242,2412400
2019-05-10,13.115756221137705,13.378217605512608,13.115756221137705,13.370926856994629,3718700
2019-05-13,13.23240850075091,13.327186863009302,13.166793139362307,13.188665390014648,4153400
2019-05-14,13.19595618557386,13.35634851920355,13.19595618557386,13.276151657104492,2623300
2019-05-15,13.31989533214396,13.370929190106693,13.195955366848029,13.203246116638184,4389300
2019-05-16,13.195956073257284,13.319896045187997,13.174083822715954,13.225117683410645,3934400
2019-05-17,13.115759278408596,13.23240850075091,13.072016167672334,13.188665390014648,3937600
2019-05-20,13.195958366143186,13.225119981363573,13.035564615440768,13.093889236450195,3137400
2019-05-21,13.108466018866114,13.3271843118155,13.108466018866114,13.29802131652832,3567000
2019-05-22,13.28344229428578,13.341766905160917,13.225117683410645,13.225117683410645,3529000
2019-05-23,13.246987872420252,13.25427862146609,13.035560321795549,13.130338668823242,7794600
2019-05-24,13.15221426617599,13.28344361072405,13.0355636422968,13.254281997680664,4750800
2019-05-28,13.239701436978727,13.276153803516204,12.96265983581543,12.96265983581543,5351300
2019-05-29,12.955366384274312,12.96265713417602,12.57625573279566,12.61270809173584,5353000
2019-05-30,12.641870705634204,12.824135275910857,12.612707706917147,12.7001953125,4489000
2019-05-31,12.649162225827991,12.758520696541813,12.459606894325448,12.685614585876465,4154600
2019-06-03,12.722067677778659,12.824135393084312,12.583546213743611,12.751229286193848,3157000
2019-06-04,12.765813335475354,12.904334827178102,12.649164097378916,12.846010208129883,3731300
2019-06-05,12.962654673964407,13.378217605512608,12.933491679892487,13.370926856994629,6574800
2019-06-06,13.283443144000687,13.4511276277405,13.20324766802269,13.37822151184082,3955800
2019-06-07,13.45113032731758,13.502164201519058,13.319899570474478,13.363642692565918,2818000
2019-06-10,13.392803412608076,13.414674274632382,13.203248061842352,13.29073429107666,2289700
2019-06-11,13.436545766092102,13.53132274082191,13.312605789557145,13.349058151245117,5018600
2019-06-12,13.363636909708667,13.509449107674415,13.319893806546215,13.400089263916016,3132000
2019-06-13,13.436545992138226,13.66255369765646,13.429255241564286,13.65526294708252,4374300
2019-06-14,13.677135198804342,13.771912175128605,13.62610133535524,13.65526294708252,3330500
2019-06-17,13.742748676156545,13.961465601065187,13.742748676156545,13.859397888183594,3195200
2019-06-18,13.961469265224412,14.063538395462137,13.735461531427772,13.844820022583008,3179300
2019-06-19,13.793784540221251,13.968758383728488,13.713587673817248,13.910433769226074,2308700
2019-06-20,13.997919402477764,14.063534758315027,13.903141048238028,13.946884155273438,3205600
2019-06-21,13.903143397937363,13.939597152101317,13.677135684394992,13.779203414916992,5709500
2019-06-24,13.830235615865767,13.88127086555379,13.56048482035664,13.59693717956543,2687500
2019-06-25,13.596937335907025,13.720877305437725,13.538612726161308,13.56777572631836,3086300
2019-06-26,13.567776081298106,13.567776081298106,13.19595616297792,13.23240852355957,3768800
2019-06-27,13.3198949345817,13.443834896178362,13.305313435436611,13.414671897888184,2332800
2019-06-28,13.458417117645295,13.63339235371982,13.407383253193771,13.47299861907959,4926100
2019-07-01,13.55442937437684,13.606248377511582,12.999223348855558,13.287931442260742,7383000
2019-07-02,13.317540630501604,13.510012206717658,13.265721631513017,13.48780345916748,3397300
2019-07-03,13.51001516233311,13.680278028247766,13.480403492454665,13.613653182983398,1418700
2019-07-05,13.510008436786746,13.68027121794126,13.317536914279344,13.658063888549805,2229800
2019-07-08,13.658066347440244,13.813523329013414,13.621051771854953,13.798717498779297,2247300
2019-07-09,13.798717498779297,13.880148153105253,13.717288256415026,13.798717498779297,2767100
2019-07-10,13.857936928415375,13.954173395757678,13.776507700619696,13.835729598999023,2860500
2019-07-11,13.872745329528325,13.931967238893886,13.561829952368706,13.598844528198242,2490200
2019-07-12,13.606246910715743,13.68767757084154,13.561830828811576,13.621052742004395,1781500
2019-07-15,13.621051861734268,13.739495680465389,13.53962261883268,13.598844528198242,2119800
2019-07-16,13.58404121690988,13.635860220718921,13.480401797329838,13.547026634216309,2337300
2019-07-17,13.584038567908161,13.732092633924786,13.435983089929856,13.472997665405273,2747300
2019-07-18,13.435983966548559,13.539623372679905,13.310137225644747,13.495205879211426,3087900
2019-07-19,13.510012434548834,13.554428518436389,13.22130577133695,13.243513107299805,3169800
2019-07-22,13.250915460271019,13.458192862875908,13.14727746494947,13.443387031555176,4452500
2019-07-23,13.465596167723765,13.872746657078999,13.421178672477797,13.806121826171875,6014100
2019-07-24,13.806118195515031,13.968979477998225,13.70988313837979,13.917159080505371,5038700
2019-07-25,13.843134989481648,13.89495398333937,13.672870765712675,13.798717498779297,3904400
2019-07-26,13.924562594331245,13.976381582095108,13.621050170033037,13.872743606567383,3456800
2019-07-29,13.880149463383137,14.072621038710803,13.843136296265511,14.013399124145508,2679000
2019-07-30,14.02820638246373,14.346523323149295,13.998594716188629,14.33912181854248,2971800
2019-07-31,14.309510008087411,14.383537761067313,14.124441331618634,14.22067642211914,5711400
2019-08-01,14.213273462605446,14.287299796045486,14.06521797180176,14.065217971801758,3374000
2019-08-02,14.050408685350277,14.198464139747303,13.946770714449231,14.109630584716797,3698900
2019-08-05,14.043004933486714,14.0874224143323,13.643257489606041,13.880145072937012,6108100
2019-08-06,13.89495464422037,14.013398467803437,13.769107905168143,13.909760475158691,3299800
2019-08-07,13.843137391660628,14.057816319461493,13.672873138345953,13.961581230163574,3392600
2019-08-08,13.976381868116794,14.18365923537562,13.8949526336621,14.12443733215332,2760400
2019-08-09,14.080023916517234,14.183661913736273,13.991190338928192,14.028204917907715,4773000
2019-08-12,14.013395699233426,14.080020513331325,13.894951899050824,14.04300594329834,2543200
2019-08-13,14.05041186945242,14.176258610620826,13.946773875064949,13.991189956665039,3115500
2019-08-14,13.887552524135547,13.909761271814995,13.561831284646146,13.628456115722656,4989700
2019-08-15,13.650665586258244,13.798719676075773,13.598846584224015,13.709887504577637,2840200
2019-08-16,13.746897976223615,13.85793887478555,13.643259992494027,13.82092571258545,2636700
2019-08-19,13.880149954700471,14.057815704685213,13.791316373727165,14.005996704101562,2991200
2019-08-20,14.020803597005644,14.043010934957671,13.643263320239441,13.650666236877441,2635500
2019-08-21,13.739496305493534,13.828329879563881,13.64326122788227,13.717288970947266,2760700
2019-08-22,13.6654703076407,13.843137478471203,13.598846883531685,13.769109725952148,4113000
2019-08-23,13.709883933854158,13.843133568358557,13.413774419378575,13.435981750488281,4576800
2019-08-26,13.54702218631584,13.665465988122639,13.458190040941485,13.606244087219238,3972900
2019-08-27,13.709887203030334,13.776512036169484,13.480401039123535,13.480401039123535,3760500
2019-08-28,13.435984839662277,13.5914432529806,13.347152670876262,13.524818420410156,3095600
2019-08-29,13.561833142813507,13.732095995798913,13.539625804053165,13.643263816833496,3493400
2019-08-30,13.65806448597602,13.73209080313415,13.606244087219238,13.606244087219238,3112800
2019-09-03,13.591440409448511,13.865341186523438,13.517412676306629,13.865341186523438,3733300
2019-09-04,13.783916493201353,14.050414443587991,13.783916493201353,13.931970596313477,4915800
2019-09-05,13.917165512530255,14.028207860801926,13.820930410918532,13.99859619140625,4472500
2019-09-06,14.020800704034173,14.346520497127218,13.998591958702594,14.324313163757324,4803500
2019-09-09,14.316910359752981,14.6648389008777,14.242882620034914,14.627825736999512,5826200
2019-09-10,14.583411293852846,14.901728210012974,14.53899379786244,14.886923789978027,5970500
2019-09-11,14.901727563614532,14.953547973355505,14.701854488175092,14.946145057678223,4746100
2019-09-12,15.0645879779634,15.101601142160465,14.923935412483484,15.094198226928711,7918400
2019-09-13,15.079394867933987,15.138616781987357,14.753673634659538,14.894326210021973,6289500
2019-09-16,14.931337682156393,14.938740597068081,14.753671960160819,14.812893867492676,3505200
2019-09-17,14.82770050421226,14.901726833434225,14.73146401708495,14.864713668823242,2621300
2019-09-18,14.901723794000334,14.968348606280335,14.81289165226796,14.93133544921875,3496500
2019-09-19,15.020172727291596,15.034977146610249,14.923936235930528,14.968352317810059,2399000
2019-09-20,14.946145364381007,15.08679652925022,14.923936616893426,15.005367279052734,5314800
2019-09-23,14.872119665375903,15.057188350697196,14.872119665375903,14.953550338745117,3682200
2019-09-24,14.975757677327982,15.020175178417743,14.864716748527611,14.953550338745117,2683900
2019-09-25,14.953545394149778,15.101599446273493,14.931336650948523,15.020170211791992,3424500
2019-09-26,15.079393501566,15.390308875164115,14.990559932554392,15.382905960083008,3913500
2019-09-27,15.38290676509573,15.442128676882088,15.279267360498284,15.434725761413574,3817500
2019-09-30,15.442126697119505,15.508751515832724,15.434723782600084,15.456931114196777,4857400
2019-10-01,15.45693284698075,15.539468892324743,15.126784372144702,15.374395370483398,5729900
2019-10-02,15.32187307648407,15.404410558552891,15.261846207112235,15.351885795593262,3444100
2019-10-03,15.329376865903017,15.456934144308045,15.156799792517822,15.284357070922852,4380100
2019-10-04,15.254343504065906,15.396907863305831,15.216827245338653,15.381900787353516,3184200
2019-10-07,15.336881570309602,15.494451580303688,15.321874493790093,15.47944450378418,2396400
2019-10-08,15.471943105184486,15.531969982857746,15.366894995891041,15.419418334960938,4719400
2019-10-09,15.47193901591527,15.531965877723293,15.314367609198417,15.359387397766113,2783500
2019-10-10,15.396909655089354,15.46444007357995,15.329379236598758,15.411916732788086,3301000
2019-10-11,15.486948202624223,15.712050059290126,15.441928403752485,15.561982154846191,3665500
2019-10-14,15.576989145114709,15.607001867144852,15.434424779799144,15.584492683410645,1977300
2019-10-15,15.524465560913086,15.591995973347233,15.456935148478939,15.524465560913086,2976300
2019-10-16,15.516960088603689,15.57698695537929,15.44192614734584,15.531967163085938,2744100
2019-10-17,15.539473891766677,15.584495128606083,15.411918014183158,15.449434280395508,2854200
2019-10-18,15.4344206057905,15.70454218677941,15.41941353325707,15.697038650512695,3092000
2019-10-21,15.719555972450424,15.937152892498494,15.667031196152374,15.929649353027344,4624400
2019-10-22,15.967165626160781,16.087219384683113,15.914640854547782,16.049701690673828,3137800
2019-10-23,16.019687432163426,16.11723056493695,15.817096197379696,15.952157020568848,4902100
2019-10-24,15.907131298135257,16.05719771044037,15.667022462371639,15.877117156982422,3824400
2019-10-25,15.892127118443344,15.914636297249519,15.704542995574377,15.869616508483887,3355900
2019-10-28,15.884628917306815,15.892132456480343,15.697044731429859,15.727057456970215,3340500
2019-10-29,15.734557211564855,15.907135708738803,15.697040955874625,15.847108840942383,4721900
2019-10-30,15.892126956948964,16.312314987182617,15.847107168640818,16.312314987182617,4070000
2019-10-31,16.334825124394865,16.372341375040875,16.094717685492668,16.17725372314453,4045500
2019-11-01,16.207274052119985,16.30481719970703,16.12473655182449,16.30481719970703,2428600
2019-11-04,16.252289054182686,16.282303202204943,16.04969784849248,16.057201385498047,2680600
2019-11-05,15.952156963499254,16.102223431164234,15.847110293018412,15.967164039611816,3646800
2019-11-06,15.99717835021452,16.184762526799876,15.94465500975521,16.049701690673828,2228700
2019-11-07,16.034689733240707,16.034689733240707,15.652017991881277,15.674527168273926,3224900
2019-11-08,15.63701340784294,15.76457067525556,15.606999259673684,15.644516944885254,2187700
2019-11-11,15.6295073843355,15.742057559758127,15.591991136245667,15.674527168273926,3887000
2019-11-12,15.727056698202766,15.83210481041027,15.501956258472118,15.554479598999023,3763300
2019-11-13,15.569484815148462,15.877122713871161,15.554477739319667,15.794585227966309,3670900
2019-11-14,15.862112351797089,16.192260795864225,15.847106710230621,16.17725372314453,4981800
2019-11-15,16.199768715814002,16.229781438221483,16.08721850226713,16.154748916625977,2843000
2019-11-18,16.177259777570672,16.402361659151985,16.124736434547827,16.33483123779297,2988800
2019-11-19,16.334828181718535,16.349835257247044,16.18476028874045,16.259794235229492,2499800
2019-11-20,16.214776534444603,16.25229279695878,15.944654864650754,16.08721923828125,4267600
2019-11-21,16.094719714930292,16.154746582224835,15.997175161105787,16.012182235717773,4143600
2019-11-22,16.004678809706352,16.08721628949283,15.802087594495957,15.982168197631836,3092100
2019-11-25,16.124733617400498,16.16975341338986,16.034694025421768,16.079713821411133,3721300
2019-11-26,16.14724285737646,16.20726972397382,16.07220891634142,16.192262649536133,4902100
2019-11-27,16.214772565029268,16.274799429049438,16.132235090319035,16.252288818359375,4650200
2019-11-29,16.282303553809477,16.334826882829283,16.207269613286876,16.22227668762207,2027300
2019-12-02,16.192262711745308,16.19976624899298,15.787081718444824,15.787081718444824,3759100
2019-12-03,15.854606551117795,15.94464754342328,15.772070525253541,15.877117156982422,4813700
2019-12-04,15.854611480870988,16.05720270318626,15.82459876153917,15.959659576416016,5248700
2019-12-05,15.914640006917898,16.012184574993025,15.824600408398593,15.89963436126709,2661700
2019-12-06,15.884620640761515,16.027184948469145,15.877117105497637,15.89212417602539,3240000
2019-12-09,15.922145813556194,15.967167050383093,15.832106202210033,15.929649353027344,2521100
2019-12-10,15.944652303950104,15.99717563549621,15.817095028272364,15.884625434875488,3347200
2019-12-11,15.854614182928556,15.899635416329325,15.569486860492233,15.62951374053955,3913500
2019-12-12,15.629509615449294,15.689536479653743,15.306864683667879,15.321871757507324,4044000
2019-12-13,15.336877694342563,15.359386872279673,15.08926671896176,15.239333152770996,4564600
2019-12-16,15.269347533547855,15.366890645469478,15.0517492691141,15.306863784790039,4630500
2019-12-17,15.389401254906739,15.426917506148921,15.201817136389327,15.306863784790039,5271600
2019-12-18,15.134286264918954,15.471938240129504,15.134286264918954,15.441924095153809,4626600
2019-12-19,15.456936534730584,15.509459875522447,15.38190257739062,15.411916732788086,4738500
2019-12-20,15.42691858843249,15.456932736454494,15.359388186536332,15.404409408569336,5589100
2019-12-23,15.441927211569498,15.456934287086002,15.239335985557178,15.24683952331543,2413500
2019-12-24,15.254343900562109,15.351887034480463,15.231833286048532,15.276854515075684,1256200
2019-12-26,15.329376614049732,15.426919740096421,15.291858926221426,15.351885795593262,1922100
2019-12-27,15.381901471295276,15.584492712198955,15.381901471295276,15.57698917388916,1793300
2019-12-30,15.509458731604894,15.629512482032656,15.486948116717091,15.584492683410645,1836200
2019-12-31,15.48561518494399,15.767032714720225,15.48561518494399,15.75182056427002,2487200
2020-01-02,15.805063620947957,15.805063620947957,14.846719871099834,14.907567024230957,7470300
2020-01-03,14.83150401327923,15.143345776475977,14.823897939700016,15.067286491394043,4152400
2020-01-06,15.052083658405264,15.356319506960679,14.976024333588672,15.265048027038574,3256300
2020-01-07,15.188984520110326,15.188984520110326,14.945595908280241,15.082502365112305,2762700
2020-01-08,15.074892331525179,15.12052732158356,14.945591984101283,15.021651268005371,3382900
2020-01-09,15.00644138884096,15.00644138884096,14.618540287950044,14.702205657958984,4601700
2020-01-10,14.763053462645432,14.793477762445914,14.557693791123578,14.755447387695312,3180200
2020-01-13,14.75544449969615,15.036863414928224,14.75544449969615,15.021651268005371,4959100
2020-01-14,15.014046816929664,15.325888608994221,14.915170752667137,15.24222469329834,5203000
2020-01-15,15.249830424191824,15.401949019483242,15.188983276217344,15.386736869812012,3201600
2020-01-16,15.379129371373502,15.4704008102417,15.318282229031473,15.4704008102417,2396500
2020-01-17,15.500823949791434,15.55406646972115,15.40194788562834,15.417160034179688,3327500
2020-01-21,15.439980017279387,15.576886481292666,15.35631608426843,15.523645401000977,3490000
2020-01-22,15.592095094925758,15.637730089004705,15.447582587847075,15.4704008102417,2674700
2020-01-23,15.470399393596082,15.576881520266344,15.39434010995582,15.554064750671387,2131300
2020-01-24,15.561672191781232,15.599702565844156,15.424767197286014,15.478008270263672,1945800
2020-01-27,15.409556010084353,15.523644237977779,15.280255631615663,15.310678482055664,2298400
2020-01-28,15.3411019871132,15.439978059300405,15.272648763787268,15.363920211791992,1935000
2020-01-29,15.417160461439998,15.447583308675478,15.25743579864502,15.25743579864502,3096600
2020-01-30,15.135744605383957,15.204197839058766,14.46642587143218,14.71742057800293,9892200
2020-01-31,14.679386236642252,14.717416606594135,14.382756604568955,14.489238739013672,9109800
2020-02-03,14.534876527340481,14.831506186850152,14.443605081724208,14.588117599487305,5319500
2020-02-04,14.656569760836682,14.930381176458491,14.588116544253653,14.778264045715332,3480700
2020-02-05,14.778265199118566,15.082500935059958,14.755446974906553,14.998835563659668,3691100
2020-02-06,15.074897950668852,15.135745110330767,14.915174700572846,14.960809707641602,2406300
2020-02-07,14.960808009708147,15.067290164353935,14.86193193049571,14.922779083251953,4201300
2020-02-10,15.082502445729636,15.0901085212288,14.854325983596947,14.983626365661621,3954200
2020-02-11,15.021653468685916,15.05968239085413,14.489239854068588,14.542482376098633,4255600
2020-02-12,14.48923895312781,14.527269323641686,14.116550026353632,14.276274681091309,6732600
2020-02-13,14.268669830174076,14.519664494241038,14.215428757600845,14.397970199584961,3111100
2020-02-14,14.443606155697688,14.69460083641747,14.344730078745874,14.648965835571289,3157300
2020-02-18,14.641357227601207,14.671781523376112,14.41318081213049,14.504450798034668,2623600
2020-02-19,14.512057606384067,14.550086527316944,14.078521524623765,14.11655044555664,3098800
2020-02-20,14.10894411565672,14.42839197812153,14.040490898649239,14.420785903930664,3191500
2020-02-21,14.39036259029931,14.580510086761663,14.337121523403495,14.504450798034668,3001600
2020-02-24,14.38275931579254,14.519665772006329,14.321912163109808,14.428394317626953,3861600
2020-02-25,14.50445241888023,14.50445241888023,14.086128460200237,14.131763458251953,3887800
2020-02-26,14.13937083241335,14.215430136629463,13.895982219490241,13.90358829498291,3828600
2020-02-27,13.728649751042148,14.0328869300332,13.340750104178289,13.447232246398926,6147100
2020-02-28,13.173420292518218,13.32553889271733,12.770308468198396,13.19623851776123,9435900
2020-03-02,13.226661722167906,13.591746082296735,12.922425964319322,13.553715705871582,5957100
2020-03-03,13.561320600457915,13.87316240644143,13.37117308701868,13.508079528808594,8309100
2020-03-04,13.660198231349236,13.987252223981125,13.62977538008913,13.90358829498291,4390300
2020-03-05,13.667806101100002,13.789500423537127,13.462447838681573,13.591748237609863,5061600
2020-03-06,13.272296949354908,13.272296949354908,12.86918370070332,13.181025505065918,3610900
2020-03-09,12.488889051315825,12.564948348725192,11.834781849945093,11.842387199401855,6039900
2020-03-10,12.169442342195785,12.336771652145169,11.652240810538771,12.30634880065918,4885700
2020-03-11,12.002110869579258,12.017323018855812,11.27194438747433,11.29476261138916,7932800
2020-03-12,10.541778725303766,10.572202300868002,7.605901144611586,9.67470645904541,9752800
2020-03-13,10.229936632526984,10.351630931668337,9.48455868760857,10.055001258850098,9039200
2020-03-16,9.36286393401727,9.438922504611304,8.03943668170279,8.062254905700684,10840500
2020-03-17,8.252402508883893,8.419731801201708,7.605900662434847,8.260007858276367,10354800
2020-03-18,7.719989558503135,7.79604886193239,7.073488380775565,7.4233598709106445,7871800
2020-03-19,7.324482411224158,8.290431416356224,6.852916658080641,7.796048164367676,5697100
2020-03-20,7.96337822245878,8.60987934564636,7.6591417597629645,8.08507251739502,13813700
2020-03-23,8.001408119450828,8.085072768478916,6.93658155497985,7.1571526527404785,9990700
2020-03-24,7.6439293147052325,8.03183037202563,7.4157521794958745,7.978588581085205,8134000
2020-03-25,8.123102157231909,9.180321887378575,7.651536402179655,8.511002540588379,6815800
2020-03-26,8.663120333108361,8.9673560419823,8.062254264065974,8.609878540039062,7089000
2020-03-27,8.244796747752389,8.275220322545174,7.826472050335164,7.910136699676514,7074700
2020-03-30,7.8797129756256306,7.9633783487374235,7.2712414912956405,7.681960105895996,9413000
2020-03-31,7.560265025187191,7.68956539594583,7.050670342341948,7.35490608215332,11178700
2020-04-01,6.830116030026251,7.049431466494837,6.461978844286934,6.501142501831055,9015300
2020-04-02,6.501141703706385,6.626464794874342,5.835361848145934,6.070343017578125,8732800
2020-04-03,6.023346057806834,6.375817765106914,5.8901901043929525,6.086007595062256,8405100
2020-04-06,6.696958814772619,6.924107090502473,6.375818226359841,6.78311824798584,9092800
2020-04-07,7.425399718783641,8.036350895887,7.151255649351186,7.1669206619262695,12017100
2020-04-08,7.331407743554031,7.589886812439988,7.088594434956709,7.542891025543213,6226400
2020-04-09,7.973689874622172,8.80395576414208,7.973689874622172,8.474982261657715,10278200
2020-04-13,8.459317750690017,8.490648526741348,7.92669381083278,8.263500213623047,6093700
2020-04-14,8.435820087435363,8.694299183714781,8.26350044092087,8.404488563537598,5605200
2020-04-15,7.856196895190583,7.950189193640347,7.503725589257869,7.605550765991211,5323900
2020-04-16,7.503725665967199,7.527223554073759,6.587299812983044,6.6421284675598145,7247100
2020-04-17,7.1512554585999775,7.480228930731571,6.884943529066352,6.98676872253418,7354400
2020-04-20,6.70479154586792,6.963270586772042,6.52463905697398,6.70479154586792,11069500
2020-04-21,6.3836515291986915,6.689127161661271,6.289659199283584,6.501142501831055,6075000
2020-04-22,6.806616562032516,6.806616562032516,6.42281440800089,6.52463960647583,6525000
2020-04-23,6.587301166055268,6.955438307936175,6.532472500216353,6.767453670501709,7400100
2020-04-24,6.8536132999414265,7.025932929209919,6.56380345575348,6.736123085021973,9553100
2020-04-27,6.783118342109445,7.300076442531161,6.704791787279055,7.284411430358887,10851300
2020-04-28,7.68387936010836,8.130343040331017,7.68387936010836,7.950190544128418,9221800
2020-04-29,8.357489634325388,8.827451858586798,8.341823878257305,8.764789581298828,7488200
2020-04-30,8.459317468926946,8.647302118973533,8.17733974687247,8.545476913452148,9007300
2020-05-01,8.17733995292699,8.365325354695075,8.028518954636233,8.302663803100586,7635800
2020-05-04,7.911028066306355,8.232168677945275,7.824867879877193,8.146008491516113,5524500
2020-05-05,8.459316927201547,8.545476366209193,8.10684554418993,8.130343437194824,3661500
2020-05-06,8.146008486664023,8.185172139837174,7.64471611639827,7.691711902618408,6161800
2020-05-07,7.832700666120146,8.099012608285758,7.715210454922162,7.871864318847656,6183800
2020-05-08,8.067680038189698,8.68646322308181,7.958021984379108,8.537641525268555,7994900
2020-05-11,8.286997548588653,8.29483042881802,7.73870863127071,7.903195381164551,12131400
2020-05-12,7.9658563809977485,8.020685044862086,7.339240198465035,7.347073078155518,9375800
2020-05-13,7.253081437769283,7.27657933204284,6.7204575210047075,6.861446380615234,13396500
2020-05-14,6.689125489068899,7.2452471955821505,6.540304523994965,7.221749305725098,9649300
2020-05-15,6.971103149338289,7.260913725314886,6.814449288664811,7.1669206619262695,9746100
2020-05-18,7.621218933775186,8.22433736582141,7.542892359434372,8.15384292602539,7103300
2020-05-19,8.012853976813394,8.357493291269597,7.81703642218568,8.19300651550293,8218300
2020-05-20,8.294829728111658,8.600304561406228,8.122510112545163,8.584639549255371,12312700
2020-05-21,8.553310070137389,8.897948606351205,8.46715062283009,8.819622039794922,10145000
2020-05-22,8.819622960257991,8.937113195846637,8.678634079963855,8.874451637268066,9396400
2020-05-26,9.42273822462124,9.72821380435636,9.39924033294454,9.587224960327148,7554000
2020-05-27,10.025856614894304,10.151179701195497,9.469734859194363,9.73604679107666,9095400
2020-05-28,9.869204086615564,9.947530652613855,9.093766078435548,9.172093391418457,14658800
2020-05-29,8.999773037650971,9.08593322449933,8.584640104511482,8.702130317687988,38667900
2020-06-01,8.733458653406318,9.532394270366346,8.694295757934606,9.383572578430176,8212500
2020-06-02,9.587225737924596,9.90053422262517,9.485400536420752,9.7752103805542,7177400
2020-06-03,10.104183052028134,11.036274802702103,10.072852280819694,10.887453079223633,10540400
2020-06-04,10.809125512781113,11.239924136805632,10.51931571948793,11.208593368530273,7499100
2020-06-05,11.99969706399032,12.446161505538008,11.764716643894685,11.921370506286621,8813100
2020-06-08,12.391333071241508,12.579317720945381,12.17201764658699,12.289507865905762,7750000
2020-06-09,11.31041988758586,11.937036115445881,11.302587754313349,11.686389923095703,7228700
2020-06-10,11.521901568910263,11.600228866609767,10.840456768068666,11.012776374816895,8064800
2020-06-11,9.924030375507018,10.605475145750573,9.728212887035268,9.830038070678711,9753000
2020-06-12,10.558476842601976,10.856119464616851,10.174674809076603,10.777792930603027,6724500
2020-06-15,9.88486841638761,10.809127358838708,9.798708975661576,10.66813850402832,6629300
2020-06-16,11.451411080391972,11.50623975940762,10.816962589830341,11.067608833312988,6372900
2020-06-17,11.083271695561674,11.091104575894056,10.433157567665665,10.440990447998047,4260300
2020-06-18,10.268670815608568,10.503651996687934,10.10418406355147,10.440990447998047,4611000
2020-06-19,10.660304685685961,10.699468336018205,9.947529088180238,9.963194847106934,12156600
2020-06-22,9.892700154766935,10.27650227413778,9.78304208623906,10.229506492614746,4770100
2020-06-23,10.433155510155801,10.605475108562342,10.143345717871966,10.221673011779785,4625000
2020-06-24,10.00235777661602,10.088517203550246,9.54806051127938,10.03368854522705,5392100
2020-06-25,9.790875864963905,10.112016473817194,9.743879332138878,9.986693382263184,5812200
2020-06-26,9.947529544760057,10.119849165940492,9.743879151272681,9.806541442871094,7351800
2020-06-29,9.947529088180238,10.119848701451406,9.696882921229081,9.963194847106934,6410500
2020-06-30,10.002359367016524,10.300001342654939,9.908366299253846,10.057188034057617,6929400
2020-07-01,10.127679572653763,10.495815870617824,10.09634880799758,10.112013816833496,6099100
2020-07-02,10.44098959407092,10.542814789110253,9.971027270348543,9.994525909423828,3600700
2020-07-06,10.417491553789615,10.495818108639456,10.010190779426207,10.127681732177734,3497900
2020-07-07,9.924030077188624,9.924030077188624,9.508897223263137,9.516729354858398,3972600
2020-07-08,9.508897223263137,9.571558757931724,9.219087438674823,9.516729354858398,3769200
2020-07-09,9.477568558193243,9.532397226443958,9.132929294085535,9.273918151855469,4718300
2020-07-10,9.211258523335223,9.493235550667418,9.19559275943551,9.477570533752441,3570500
2020-07-13,9.595059466037759,9.634223123459329,9.125097070948177,9.24258804321289,4136700
2020-07-14,9.172092292645017,9.219088824201721,8.95277688834429,9.00760555267334,3959000
2020-07-15,9.320912492850441,9.454068449632686,9.132927876328845,9.414905548095703,9877300
2020-07-16,9.281751032172593,9.399241248991151,9.195590842653376,9.273918151855469,5607900
2020-07-17,9.30525012589338,9.30525012589338,8.968443698677328,9.10159969329834,4768000
2020-07-20,9.078101492978101,9.164260943742718,8.78045873535763,8.811789512634277,4613900
2020-07-21,8.905781555355603,9.023272526567405,8.725629778609319,8.780458450317383,6117600
2020-07-22,8.702129822230315,8.944943861817531,8.608137507643672,8.843118667602539,5590000
2020-07-23,8.764791822785066,8.8979477954793,8.631636597075387,8.6864652633667,6380400
2020-07-24,8.686465572731956,8.819621550168492,8.412320737542718,8.420153617858887,5944200
2020-07-27,8.36532561338787,8.435820047857824,8.106846518321134,8.388823509216309,6599200
2020-07-28,8.341826626468363,8.803956124944088,8.247834300047224,8.70996379852295,6390100
2020-07-29,8.86661875569957,8.968443975135923,8.482816522659645,8.874451637268066,9111100
2020-07-30,8.670799458948249,8.835286203965527,8.474981940926947,8.796122550964355,6250900
2020-07-31,8.796121968187048,8.796121968187048,8.490647138382824,8.733460426330566,14200400
2020-08-03,8.70213027645655,8.756959689732417,8.521978517508208,8.6864652633667,3225500
2020-08-04,8.725628884499146,9.093765281080037,8.709963124482316,9.038936614990234,3833300
2020-08-05,9.1485929459537,9.219087358589585,8.788288751247046,8.866615295410156,4780700
2020-08-06,8.803957442569946,9.093767345821735,8.803957442569946,8.960611343383789,5193600
2020-08-07,8.897950141940846,9.352246846116582,8.756961999014248,9.344414710998535,4742200
2020-08-10,9.367911592110152,9.602892800760367,9.328747932837672,9.454071044921875,5633800
2020-08-11,9.89270323432181,10.096353676275715,9.736049335505236,9.759547233581543,5225800
2020-08-12,9.80654284743624,9.916200192724194,9.548063005151937,9.704717636108398,3127900
2020-08-13,9.595058617221499,9.767378246441565,9.375743200840688,9.407073974609375,3034900
2020-08-14,9.344409682958462,9.563725034934325,9.3052460405024,9.383572578430176,4449400
2020-08-17,9.39140761408665,9.461902037307482,9.266084527020514,9.399240493774414,3763800
2020-08-18,9.36791024781385,9.39924102133893,9.023271739037963,9.203423500061035,3498000
2020-08-19,9.226922943886734,9.24258870677392,8.929280171892364,8.952778816223145,4285400
2020-08-20,8.882282403312335,9.203423001286511,8.796122220549345,9.046769142150879,3206600
2020-08-21,9.038938271148611,9.093766947284392,8.866618614312989,8.952778816223145,3777400
2020-08-24,8.999772974205069,9.297415692069753,8.890115641875932,9.281750679016113,3759200
2020-08-25,9.313083476274604,9.42274083243739,9.078102253521225,9.258254051208496,2834800
2020-08-26,9.281750347260578,9.320913251987163,9.015438412006455,9.062434196472168,2527400
2020-08-27,9.109429814879588,9.39140673436475,9.109429814879588,9.30524730682373,3041800
2020-08-28,9.336580814089103,9.469736807424734,9.101599605438889,9.454071044921875,5936700
2020-08-31,9.454069512498977,9.454069512498977,9.289582767804172,9.39140796661377,6286400
2020-09-01,9.226921016955512,9.681217588023955,9.148594459831196,9.563727378845215,4725500
2020-09-02,9.579393888491769,9.68905198198402,9.399242106666623,9.681219100952148,4995500
2020-09-03,9.75954431230846,9.97102682566271,9.626388351425067,9.798707962036133,3771900
2020-09-04,9.86920484400873,9.994527956811371,9.665554412212101,9.916200637817383,5199900
2020-09-08,9.798709453455487,9.869203884298054,9.563728266308466,9.60289192199707,5594800
2020-09-09,9.642376517076091,9.705553370745307,9.460742497931466,9.547611236572266,4403000
2020-09-10,9.55550865879506,9.72924463213496,9.51602293644417,9.57919979095459,5819100
2020-09-11,9.51602222286984,9.523919517373328,9.113269240721356,9.20803451538086,8760500
2020-09-14,9.40546471709547,9.80821780021167,9.358082444451002,9.768732070922852,6067100
2020-09-15,9.824012666829468,10.40839986450173,9.76083579461534,10.242560386657715,6268200
2020-09-16,10.266249941673252,10.408398258789562,10.108307785503799,10.31363296508789,5124300
2020-09-17,10.1398955206139,10.289940370392102,10.068821366935126,10.14779281616211,3930700
2020-09-18,10.045128843173023,10.116202987015143,9.626581274575537,9.634478569030762,8098700
2020-09-21,9.35808271984836,9.397567697171532,8.971123465183343,9.121169090270996,5878600
2020-09-22,9.144857665830687,9.334388215154313,8.95532711650706,8.963224411010742,5933800
2020-09-23,8.923738580474524,9.129063716248186,8.513088308927198,8.52098560333252,3859300
2020-09-24,8.481501126658175,8.686826292504348,8.363044705738686,8.607854843139648,5409800
2020-09-25,8.520986173641777,8.90004804606586,8.497295041967615,8.860562324523926,2802200
2020-09-28,9.121166311952033,9.279108432518347,9.010606450991894,9.129063606262207,3512600
2020-09-29,9.065885843337432,9.065885843337432,8.655236337183547,8.907943725585938,5098400
2020-09-30,8.979019828035566,9.160653867967499,8.765798110781443,8.892151832580566,4247800
2020-10-01,8.939534180276967,9.200138922060475,8.82107775333086,9.168550491333008,5379100
2020-10-02,8.900046490488876,9.413358521433318,8.8526634822948,9.397563934326172,5727800
2020-10-05,9.500229589523823,9.55550990930047,9.208036410892666,9.437052726745605,4137100
2020-10-06,9.56340645230204,9.72924590537676,9.373875863967388,9.437052726745605,4605300
2020-10-07,9.484435204958212,9.555509359778247,9.22383047270313,9.287007331848145,5112700
2020-10-08,9.389667987839225,9.492330551147461,9.302799259509802,9.492330551147461,5078800
2020-10-09,9.579198937463463,9.579198937463463,9.16065212534189,9.176445960998535,3403400
2020-10-12,9.176447787296773,9.231727352787944,9.03429947245937,9.168550491333008,6290400
2020-10-13,9.065886068031684,9.136960211063256,8.702619564763548,8.742104530334473,3942300
2020-10-14,8.750001597595638,8.844766868135645,8.655236327055631,8.66313362121582,3446700
2020-10-15,8.607853666227436,8.828973392964887,8.544676816624579,8.773693084716797,3243200
2020-10-16,8.734209891173256,8.789489457512909,8.528884711729388,8.702621459960938,4698300
2020-10-19,8.90004900587025,8.915842844313774,8.520987092567145,8.631546974182129,5374900
2020-10-20,8.710516352384618,8.884253067695237,8.686825221746453,8.765796661376953,4079300
2020-10-21,8.726310812522865,8.781590367570299,8.592059819012709,8.734208106994629,3221200
2020-10-22,8.718413848049748,9.08957841786948,8.686825422094504,9.050092697143555,3928700
2020-10-23,9.097475841290597,9.27910910481992,8.939532956153371,9.081681251525879,3048700
2020-10-26,8.994812811454247,8.994812811454247,8.655236679993305,8.773693084716797,3235500
2020-10-27,8.726311056553044,8.836870169739683,8.355146490402605,8.363043785095215,3993000
2020-10-28,8.141927401980846,8.299869580561989,8.047161341704445,8.070853233337402,4403900
2020-10-29,8.015568839129742,8.307762662664144,7.9287008732662345,8.228791236877441,3599300
2020-10-30,8.181410575664355,8.291970452827979,8.015571136482695,8.102439880371094,4037100
2020-11-02,8.22089779445719,8.291971960331892,8.070852918932127,8.252486228942871,5697200
2020-11-03,8.44991325713479,8.773694865342947,8.426222122007454,8.702621459960938,6880400
2020-11-04,8.647342893062156,8.663137488433229,8.299870079303886,8.47360610961914,4336300
2020-11-05,8.544677044260393,8.718413761860434,8.33935265414486,8.363043785095215,4442500
2020-11-06,8.426221463266826,8.552575178238083,8.031365727417874,8.102439880371094,5107300
2020-11-09,9.271211242876474,11.024370683773629,9.255417407205254,10.71638298034668,19590900
2020-11-10,10.69269294981368,11.379741817528977,10.676899112518369,11.166520118713379,13446900
2020-11-11,11.000680684911236,11.18231395600869,10.455779365363828,11.166520118713379,10056400
2020-11-12,10.945399282160407,11.079650274882368,10.605823906270253,10.700589179992676,6117700
2020-11-13,10.866429001136636,11.348152682077277,10.858531706417738,11.229696273803711,4619600
2020-11-16,11.948335853501392,12.216837901263073,11.577171213764505,12.02730655670166,6197400
2020-11-17,11.75090559877801,12.011510297786744,11.521889325311927,11.90095043182373,3626300
2020-11-18,11.924641567321446,12.201040085188348,11.482402884356011,11.490300178527832,4299000
2020-11-19,11.411330971218925,11.845672444821217,11.28497725230791,11.829877853393555,4688300
2020-11-20,11.829874943188234,11.885155246458265,11.632447117676062,11.806183815002441,2389400
2020-11-23,12.035202293597479,12.55641172907278,12.011511161019746,12.32739543914795,4446400
2020-11-24,12.603795248378688,12.840708842956333,12.153659945870448,12.185248374938965,8199600
2020-11-25,12.074687039800274,12.208938035425705,11.85356806299911,12.058893203735352,5996800
2020-11-27,12.122070163749756,12.193143556375114,11.83777358073843,11.90095043182373,1516400
2020-11-30,11.821978473572928,11.893052611684718,11.37973981039257,11.403430938720703,5826800
2020-12-01,11.64034681622244,11.869363111003864,11.545581530774355,11.687729835510254,4414200
2020-12-02,11.632447587042924,11.995714830768176,11.513991188206884,11.908846855163574,2566900
2020-12-03,11.99571704864502,12.169453785103661,11.869363332357846,11.99571704864502,5189400
2020-12-04,12.1536594627412,12.398469590008677,12.0667907214103,12.32739543914795,4386100
2020-12-07,12.24052682483681,12.24052682483681,11.853568415640954,11.924642562866211,3945100
2020-12-08,11.733082964919932,12.052350989449689,11.733082964919932,11.828863143920898,3280800
2020-12-09,11.916661262512207,11.996477691388625,11.757026882373097,11.916661262512207,4540600
2020-12-10,11.741064836801645,11.97253379301895,11.741064836801645,11.828863143920898,4415900
2020-12-11,11.733082583501897,11.804917905715707,11.629320535992303,11.772991180419922,3892200
2020-12-14,11.940608441603883,12.116205837255006,11.509597205873519,11.517579078674316,3482400
2020-12-15,11.812898878402233,12.188038442975285,11.58142994732378,12.18005657196045,4971300
2020-12-16,12.196018546620735,12.235927137209329,11.788953053957629,11.956567764282227,3735100
2020-12-17,11.980514912590989,12.036386489868164,11.765008952476489,12.036386489868164,2975800
2020-12-18,12.012441404563047,12.012441404563047,11.581430253864248,11.669228553771973,6090100
2020-12-21,11.413817015843803,11.565468793092531,11.198311017381977,11.517579078674316,4396900
2020-12-22,11.565467451404114,11.653266519640912,11.3419803672611,11.485651016235352,1885900
2020-12-23,11.57344932327895,11.749046698559347,11.461705400610844,11.485651016235352,2230300
2020-12-24,11.541523170447903,11.693174937639064,11.389871403256741,11.5894136428833,921600
2020-12-28,11.613358117944358,11.812900351032086,11.541522792241864,11.74106502532959,1865900
2020-12-29,11.7889541333465,11.964550730104936,11.51757660592858,11.573448181152344,1719100
2020-12-30,11.565467835233683,11.892716981030567,11.565467835233683,11.81290054321289,2931800
2020-12-31,11.78895606342105,12.012443162098283,11.613358676720885,11.98051643371582,3032200
2021-01-04,11.98849632446892,12.084276493784305,11.413814547383497,11.437759399414062,4784400
2021-01-05,11.461701218626395,11.669225244494488,11.397847789312047,11.501609802246094,3135800
2021-01-06,11.645285401080532,12.227948384157493,11.637303528689362,12.116205215454102,4793000
2021-01-07,12.188039014384543,12.219965738747588,12.01244164979122,12.172075271606445,5457800
2021-01-08,12.1720749081548,12.36363524861318,12.020423162256865,12.323726654052734,4040100
2021-01-11,12.355652774637543,12.4354699598642,12.100238999821189,12.1481294631958,6294500
2021-01-12,12.140149314318302,12.427489851741308,12.084277733451017,12.371618270874023,3153000
2021-01-13,12.387581838931332,12.71483096998572,12.387581838931332,12.706849098205566,7043600
2021-01-14,12.770702006730998,13.145840830119647,12.69886668615223,13.081987380981445,4171000
2021-01-15,13.01813091513079,13.20969121815482,12.77069904735633,13.145837783813477,6851300
2021-01-19,13.217675398556258,13.257584753488068,12.94629787456486,13.193731307983398,4887300
2021-01-20,13.193731154888113,13.632723397340525,13.153821800419397,13.441163063049316,5612300
2021-01-21,13.321439739392604,13.361347576552856,12.962263115404731,13.233640670776367,6713200
2021-01-22,13.113915450485646,13.345383643020146,12.850519770767695,13.297493934631348,5289600
2021-01-25,13.193731365438481,13.81630208122357,13.145840139311757,13.600797653198242,5118200
2021-01-26,13.712541776180025,13.856212419986965,13.55290738919757,13.784377098083496,4725100
2021-01-27,13.616760839513283,13.975937449030637,13.465109846504927,13.784377098083496,7310600
2021-01-28,13.840248688554649,14.359058163108315,13.784377109779285,13.967955589294434,7701600
2021-01-29,13.880155664151182,13.904101277451144,13.074004951687494,13.177767753601074,12814300
2021-02-01,13.257584344298387,13.257584344298387,12.698865571587481,13.050060272216797,5804700
2021-02-02,13.089970016289799,13.097951888196146,12.874464041977603,13.002172470092773,4203900
2021-02-03,12.92235432335605,13.066024962334756,12.746756960292423,13.010151863098145,6373300
2021-02-04,13.081985719965356,13.489051977431174,13.018132278934607,13.329419136047363,4187900
2021-02-05,13.512999907057976,13.568871487247172,13.329421422897363,13.345383644104004,2062900
2021-02-08,13.377310767297134,13.648688311448879,13.297493573890208,13.608778953552246,3388400
2021-02-09,13.680615426647696,13.720524787902832,13.552908515404203,13.720524787902832,2568700
2021-02-10,13.848229063963808,14.279239426796929,13.800339361957056,14.071715354919434,6219000
2021-02-11,14.071715964035826,14.44685629275476,14.039790002111419,14.327131271362305,6265400
2021-02-12,14.287220788110847,14.542634552888185,14.223367346916513,14.390983581542969,5216200
2021-02-16,14.383002223928765,14.494745369406578,13.983917821638085,14.071715354919434,5407400
2021-02-17,14.07969668455212,14.247312918713329,13.975935413794131,14.215385437011719,3877400
2021-02-18,14.135572426424343,14.383005915468853,14.11961020324935,14.263280868530273,3419600
2021-02-19,14.335113527208996,14.494747925227657,14.055755614256011,14.103645324707031,8015800
2021-02-22,14.095663268707682,14.582546806166024,14.095663268707682,14.5266752243042,9733500
2021-02-23,14.614470890086254,14.90979402782539,14.526673353774267,14.806031227111816,4845900
2021-02-24,14.790071104023868,15.340806580146085,14.646400450292353,15.284934997558594,4848600
2021-02-25,15.380715548348618,15.516404326478423,14.718235401570489,14.861906051635742,5543000
2021-02-26,14.758143808400593,14.941722302841255,14.454840275080652,14.630436897277832,4911900
2021-03-01,14.92575566019296,15.22905910368379,14.790066917013533,14.821992874145508,3740300
2021-03-02,14.734193925168482,14.742175795100696,14.367037042602814,14.486762046813965,4534600
2021-03-03,14.55062099161927,15.18117525346872,14.494749403331163,14.957687377929688,5449200
2021-03-04,15.141263954522673,15.316862092295835,14.486765679806288,14.86988639831543,5693400
2021-03-05,14.90181015175222,15.221077337170179,14.494743919449563,15.181169509887695,3728700
2021-03-08,15.348783775315733,15.74786812634767,15.109333773650961,15.6441068649292,4688000
2021-03-09,15.603850207507442,15.619953621364017,15.112708370530447,15.402562141418457,6877000
2021-03-10,15.434771361005811,15.684368171637624,15.161019425845897,15.491131782531738,5406000
2021-03-11,15.491132259340272,15.71657548808931,15.313999281134398,15.579699516296387,3134900
2021-03-12,15.668262675740234,15.861500574905234,15.507233140710873,15.853448867797852,6238600
2021-03-15,15.869549916848614,15.95006544800802,15.442820212404001,15.877601623535156,3952700
2021-03-16,15.87760591040111,15.88565761926157,15.28984498494548,15.378412246704102,4571600
2021-03-17,15.4025622965685,15.652160606741417,15.305944883867959,15.603850364685059,4628600
2021-03-18,15.644111859221159,15.7809878328623,15.289844362319432,15.394515037536621,3719000
2021-03-19,15.362306287955056,15.563594369052845,15.128812912448836,15.152966499328613,7420500
2021-03-22,15.096606912875222,15.096606912875222,14.72623756041836,14.887267112731934,3385000
2021-03-23,14.766494287235123,14.95167895998553,14.404175113848462,14.549102783203125,5762500
2021-03-24,14.605463672721287,15.072451991403588,14.605463672721287,14.702082633972168,4598400
2021-03-25,14.565205219520738,15.37840922622841,14.436380974468646,15.30594539642334,4990400
2021-03-26,15.458925993557955,15.628007252754776,15.161018943350745,15.466976165771484,3683300
2021-03-29,15.386459138883309,15.402561015857149,14.92752262745075,15.201272964477539,3506400
2021-03-30,15.338149277485504,15.539437333807918,15.185171460388787,15.45892333984375,2868700
2021-03-31,15.37036108375333,15.458928348657597,15.088557406454154,15.096609115600586,3482200
2021-04-01,15.225428457370871,15.45892333984375,15.088552517643391,15.45892333984375,3963000
2021-04-05,15.5233371775739,15.636058010186346,15.13686289944834,15.338150978088379,2769400
2021-04-06,15.322051428528894,15.644112096178462,15.193227161469066,15.619956970214844,2736300
2021-04-07,15.66826568643568,15.724627647017453,15.370360144749728,15.619956970214844,2360100
2021-04-08,15.515286261172806,15.692419226552742,15.450874134152262,15.636058807373047,3335900
2021-04-09,15.708524229708376,15.708524229708376,15.547493128030391,15.619956970214844,2727700
2021-04-12,15.660212516784668,15.700469516647475,15.40256249626194,15.660212516784668,2772500
2021-04-13,15.660214063756916,15.853450446457968,15.458925973146705,15.837347030639648,4325900
2021-04-14,15.885655264424509,16.07083993364461,15.660213592576113,15.684367179870605,2506200
2021-04-15,15.483078927558585,16.04668617248535,15.354254677696387,16.04668617248535,14309100
2021-04-16,16.151353508053525,16.191612041486238,15.789035921395232,15.877601623535156,11434900
2021-04-19,15.87760466592782,16.03863575910266,15.466976760467661,15.99837875366211,9370100
2021-04-20,15.925913022036891,16.167458097378038,15.70046982553399,15.933964729309082,6582000
2021-04-21,15.869555540608609,16.28823522244195,15.700474247391242,16.24797821044922,6111700
2021-04-22,16.288230618483887,16.594189351691398,16.103045958530263,16.127201080322266,9006600
2021-04-23,16.159402918987507,16.505618578792177,16.006423585088882,16.400949478149414,8398800
2021-04-26,16.497570198316613,16.771322099117683,16.497570198316613,16.57003402709961,4834800
2021-04-27,16.61028755535132,16.956503212569658,16.45730975830129,16.71495819091797,6105900
2021-04-28,16.731069659685602,17.14974779647319,16.682759403524063,16.81963539123535,5961400
2021-04-29,17.12559141071805,17.254415668056364,16.900148192522856,17.0853328704834,5106200
2021-04-30,16.9806650600121,17.069232319721085,16.714964816591547,16.908201217651367,7125300
2021-05-03,16.99676609805851,17.08533180966317,16.83573501853082,16.932353973388672,7216400
2021-05-04,16.964563694961438,17.19000695799089,16.803534109117482,16.980667114257812,4842800
2021-05-05,16.98066464238824,16.996768059340443,16.481469466814488,16.56198501586914,4676600
2021-05-06,16.63444490018883,16.88404166075959,16.457311962962155,16.859888076782227,4715100
2021-05-07,16.779382092100775,17.294679319499732,16.66666120753397,17.278575897216797,4409300
2021-05-10,17.463755312293966,17.60063127644192,17.238312096136667,17.25441551208496,6294200
2021-05-11,16.95650515347593,17.093381090934106,16.771320513298974,16.97260856628418,3620800
2021-05-12,16.98871192571023,17.13363956911714,16.441208177597893,16.473413467407227,4414800
2021-05-13,16.473414775548328,16.90819774029483,16.449261190199802,16.79547691345215,3997000
2021-05-14,16.851838701635632,17.17389933010686,16.851838701635632,17.0933837890625,3170200
2021-05-17,17.117535750778984,17.149741039825248,16.93235111557166,16.996763229370117,3194200
2021-05-18,16.95650741670395,17.173898911513195,16.723014042643264,16.73106575012207,6097200
2021-05-19,16.570033865919925,16.60224069426847,16.143302604538295,16.497570037841797,6519300
2021-05-20,16.465367646557336,16.529779778898373,16.15940886615764,16.304336547851562,7411100
2021-05-21,16.336537369514065,16.521721989877463,16.288227136258204,16.400949478149414,3685600
2021-05-24,16.529782223834225,16.706915230045393,16.368751101310185,16.61029624938965,3309400
2021-05-25,16.634446651759475,16.88404343861223,16.497570697219675,16.52977752685547,4145800
2021-05-26,16.529773571937955,16.827678996261316,16.49756675000797,16.71495819091797,4211100
2021-05-27,16.988717234492587,17.10143808760819,16.819634419112734,16.88404655456543,3906400
2021-05-28,16.964556700280795,17.23025686629337,16.819629057781945,17.157793045043945,4093100
2021-06-01,17.22220627077265,17.592577107236544,17.16584585854481,17.552318572998047,3732200
2021-06-02,17.64088927279098,17.962949931339303,17.45570458608899,17.90658950805664,4787900
2021-06-03,17.898534153623373,17.938792687557555,17.71334950464427,17.8502254486084,3663600
2021-06-04,17.85827585346876,17.906584554961874,17.48790504680575,17.512060165405273,3647700
2021-06-07,17.568425461718533,17.83412569742375,17.528168455223277,17.77776527404785,4184400
2021-06-08,17.826445471344908,18.037409515384812,17.785876117638693,17.98061180114746,3634900
2021-06-09,18.102321409887736,18.102321409887736,17.8832447332039,17.98061180114746,2778100
2021-06-10,18.029296085905166,18.069866988922495,17.720964961082,17.83456039428711,3122800
2021-06-11,17.883248904014845,17.964387630350803,17.664170628614958,17.93193244934082,3410600
2021-06-14,17.90758631962269,18.053638473998102,17.51000075916835,17.62359619140625,3637500
2021-06-15,17.55868584945737,17.688509654259054,17.29092405860116,17.339609146118164,3487600
2021-06-16,17.27469572056263,17.493772404585272,17.18544128227308,17.242238998413086,2916100
2021-06-17,17.193556395220135,17.282809290728196,16.63369028875242,16.87710952758789,3140100
2021-06-18,16.714826713121322,16.828422125479726,16.463293351061385,16.49574851989746,6228600
2021-06-21,16.62557970179352,17.120534015059928,16.544439422100684,17.055622100830078,5939000
2021-06-22,17.023160893881414,17.071845977469263,16.617461149712906,16.682373046875,4007000
2021-06-23,16.722942260594664,16.917677932409696,16.666144549767974,16.804080963134766,3560500
2021-06-24,16.893335439279944,16.90956379888097,16.593118524768727,16.763511657714844,3172000
2021-06-25,16.76351546899158,17.169215265525978,16.714831926741585,17.10430335998535,5091600
2021-06-28,17.1124167683735,17.1124167683735,16.731059534007407,16.90956687927246,5880300
2021-06-29,16.974478151695145,17.185442214242716,16.86899689423225,16.87710952758789,2788200
2021-06-30,16.804079963144268,17.055614878439,16.787853152174815,16.91767692565918,3891800
2021-07-01,16.99070791219473,17.258469716002555,16.877110916782204,17.10430335998535,4023500
2021-07-02,17.047508648718487,17.250358582833243,16.885228082377814,16.95013999938965,4630000
2021-07-06,16.852763851064186,16.942016721780362,16.495747725335438,16.771623611450195,5854600
2021-07-07,16.617457899118342,16.990702395505096,16.50386248821087,16.844650268554688,6053200
2021-07-08,16.56877608186187,16.877107177969286,16.447066479388457,16.63368797302246,4958800
2021-07-09,16.868995362354458,17.234124187450224,16.80408192042991,17.209781646728516,3575900
2021-07-12,17.079961810991712,17.42886390397548,16.974480538695733,17.38018035888672,3631200
2021-07-13,17.290923029046805,17.380177469891667,16.95824935559816,17.015047073364258,3504800
2021-07-14,17.0312754676348,17.38829168407864,17.006932925278946,17.3558349609375,4908700
2021-07-15,17.266583826141332,17.363950910238092,17.128645833986006,17.193557739257812,7972000
2021-07-16,17.274696786726754,17.48565930323225,17.096187899130395,17.13675880432129,6611100
2021-07-19,16.722945652093816,16.8203127339371,15.85474835881886,15.87908935546875,11527200
2021-07-20,15.96834351765338,17.04750486576604,15.911545796324583,16.90956687927246,5497900
2021-07-21,17.071845849993064,17.469431410594808,17.047503308380907,17.242238998413086,5242700
2021-07-22,17.120532440335715,17.201672712565376,16.60934980862423,16.70671844482422,3435400
2021-07-23,16.79596670032141,17.03127170056162,16.62557203676276,16.88521957397461,3404400
2021-07-26,16.84465181150487,17.18543962306445,16.755397381832598,16.893335342407227,5351200
2021-07-27,16.812198638916016,17.031276895622106,16.66614801540049,16.812198638916016,6250000
2021-07-28,16.90956374779776,17.03127334919467,16.641802005675938,16.852766036987305,5626200
2021-07-29,16.90144990940854,17.761532863956987,16.90144990940854,17.226009368896484,6745500
2021-07-30,17.266580534382573,17.62359517150409,17.193554461420987,17.30714988708496,6757500
2021-08-02,17.469433976076473,17.834562868149845,17.258469893988295,17.27469825744629,5753500
2021-08-03,17.388295093602046,17.469435369743266,16.83654307298821,16.860885620117188,39256700
2021-08-04,16.747285947654415,17.185442440472297,16.60934796446602,16.666147232055664,7976400
2021-08-05,16.86088169342115,17.396405224565363,16.852767512934516,17.37206268310547,7673300
2021-08-06,17.542456790767215,17.858902081042974,17.445088175809182,17.72907829284668,7372000
2021-08-09,17.66416231664058,17.74530255241753,17.46942667934867,17.647933959960938,5917200
2021-08-10,17.631710052490234,17.83455991930937,17.453202726833194,17.631710052490234,6025900
2021-08-11,17.75342179199325,18.110438033741293,17.510002541668864,18.094209671020508,5282800
2021-08-12,18.151007572672327,18.21591947104182,17.56679893972515,17.826446533203125,5395900
2021-08-13,17.899474190795324,17.940045098117604,17.712852659978434,17.88324737548828,3346600
2021-08-16,17.777763870931512,17.82644741019825,17.4694327254131,17.55057144165039,5161800
2021-08-17,17.38018265124131,17.445094569128525,17.063737244993895,17.331499099731445,4954500
2021-08-18,17.22601170049768,17.39640640705586,17.02316181740857,17.13675880432129,5927000
2021-08-19,17.006929354578542,17.274692621409326,16.804079520401096,17.09618377685547,5547900
2021-08-20,17.01504590898288,17.38829046073794,16.868995307988257,17.299036026000977,5253600
2021-08-23,17.42074909602285,17.57491545549121,17.20978501138771,17.34772300720215,5567100
2021-08-24,17.501887902383654,17.664168430101856,17.39640664270209,17.55057144165039,4377000
2021-08-25,17.60737077889148,17.948158650341693,17.46131861289541,17.85079002380371,6304000
2021-08-26,17.84267646391912,17.867019008306695,17.518116943527463,17.54245948791504,4477600
2021-08-27,17.712849248939275,17.99683935501858,17.672279897051478,17.78587532043457,5829000
2021-08-30,17.802108842557345,17.867020752974156,17.48566192510614,17.712854385375977,3560000
2021-08-31,17.59925866732022,17.82644957658931,17.574916120917678,17.68039894104004,4411500
2021-09-01,17.74530970388987,17.93193123805162,17.55868662210622,17.875133514404297,5318900
2021-09-02,17.99684117206506,18.013069533507302,17.66416750060777,17.915700912475586,4648000
2021-09-03,17.883249486038178,18.01307330954732,17.72096893284072,17.956274032592773,4905300
2021-09-07,17.95627237896623,17.95627237896623,17.615484486733006,17.696624755859375,4085100
2021-09-08,17.647556196474735,17.925599376308735,17.557600591299163,17.729333877563477,3076900
2021-09-09,17.557602947965126,17.680270265953002,17.46764889049502,17.524892807006836,4300600
2021-09-10,17.63937861045675,17.680268231674557,17.255025529686705,17.271381378173828,4719600
2021-09-13,17.45947037197953,18.056444852143752,17.336804617939986,17.917423248291016,4692900
2021-09-14,17.901069217141583,18.048268760855684,17.64755975840054,17.770225524902344,4219500
2021-09-15,17.762047240578063,18.015558253980977,17.712981246923874,17.89289093017578,5787400
2021-09-16,17.89288879571446,18.19546576667684,17.786578895515564,18.05644416809082,5299900
2021-09-17,18.056443949416465,18.19546554631885,17.737512692902598,17.76204490661621,8047300
2021-09-20,17.36133808953717,17.672093019362237,17.222316475621703,17.4921817779541,5277200
2021-09-21,17.663913623228016,17.786579375933695,17.508536171251667,17.516714096069336,3815000
2021-09-22,17.6393749496633,18.0155515878994,17.557597283978996,17.86017417907715,3259100
2021-09-23,17.95831154621778,18.154578626965037,17.8438237155983,17.876535415649414,4377100
2021-09-24,17.762045705634748,17.950134857984697,17.647557877075396,17.66391372680664,2581900
2021-09-27,17.778402128009184,18.023735202540998,17.573958679122537,17.606670379638672,3404500
2021-09-28,17.55759922844751,17.64755482664057,17.377689591840806,17.443111419677734,8726000
2021-09-29,17.606668247514683,17.623022536012556,17.43493496016092,17.54124641418457,3753200
2021-09-30,17.606669399653967,17.606669399653967,16.96880531311035,16.96880531311035,5382700
2021-10-01,17.017870614736353,17.876533953489655,17.017870614736353,17.778400421142578,3766400
2021-10-04,17.737509009293234,17.94195239994048,17.65573134107848,17.80293083190918,4343500
2021-10-05,17.827464131428158,17.884709594526957,17.500354998331925,17.565776824951172,3658800
2021-10-06,17.38587062202526,17.696623969835255,17.075115714435572,17.688446044921875,4266400
2021-10-07,17.827467750699096,18.130044735103358,17.753867985838053,17.83564567565918,3641400
2021-10-08,17.8601784408095,18.08097772290969,17.76204490661621,17.76204490661621,2707300
2021-10-11,17.90106639059151,17.90106639059151,17.606668909428045,17.843822479248047,3113500
2021-10-12,17.819290593902686,18.080977941881166,17.745690832311286,18.05644416809082,3867500
2021-10-13,17.982844400596896,18.34266528383901,17.860178651244702,18.28542137145996,3858800
2021-10-14,18.399905467403507,18.530749114833807,18.260883897036397,18.30994987487793,4803000
2021-10-15,18.481686536924936,18.59617435954306,18.399908852292164,18.4080867767334,4539500
2021-10-18,18.293595991014538,18.759726690206463,18.277240144781295,18.751548767089844,5013800
2021-10-19,18.776082076069052,18.776082076069052,18.48986254912487,18.514394760131836,4778300
2021-10-20,18.473511322207496,19.013241936260904,18.46533339656671,19.005064010620117,4067800
2021-10-21,19.013238571928234,19.037772344509428,18.620707569306486,18.694307327270508,3070600
2021-10-22,18.743372856354657,18.94781627688218,18.620707115994044,18.77608299255371,2401500
2021-10-25,18.776085894916484,18.98870727230516,18.661598060853258,18.972352981567383,3153200
2021-10-26,18.98870558513134,19.103194968801773,18.87421776124052,19.03777313232422,2834000
2021-10-27,19.08684017459546,19.09501809957957,18.530753753913615,18.547109603881836,3807200
2021-10-28,18.44079679628588,18.60435216450102,18.236353365906748,18.596174240112305,4935700
2021-10-29,18.514395774822866,18.637063075698286,18.367196261595975,18.481685638427734,4484100
2021-11-01,18.57164202097934,18.76790910317253,18.359022208199534,18.718841552734375,3223200
2021-11-02,18.95599666228538,19.242217800145216,18.784263355657593,19.176795959472656,4350000
2021-11-03,19.119550108869067,19.773770062535753,19.119550108869067,19.634748458862305,4301900
2021-11-04,19.634745620087905,19.634745620087905,18.980525761007755,19.144081115722656,7261400
2021-11-05,19.978213258246555,20.403455988897992,19.62657029096862,19.904613494873047,4593900
2021-11-08,19.912789718580722,19.912789718580722,18.898750527347087,19.07048225402832,4050700
2021-11-09,19.037772679873722,19.348526005811866,18.98870513384698,19.01323890686035,2654300
2021-11-10,18.898749643429763,19.348524529226555,18.898749643429763,19.144081115722656,3302000
2021-11-11,19.160437311305273,19.487546466899364,19.07048170859959,19.4630126953125,2324000
2021-11-12,19.4957243905666,19.54479037396035,19.193147446782913,19.25039291381836,2735700
2021-11-15,19.422126322089404,19.626569757058768,19.364882409862723,19.520259857177734,2816600
2021-11-16,19.446662363113095,19.4548402886389,19.045953371027622,19.27492904663086,3405000
2021-11-17,19.17679548260279,19.503904677831347,18.915106566640265,19.487548828125,2834200
2021-11-18,19.593854474197585,19.79012150846843,19.463010824536582,19.691987991333008,3571700
2021-11-19,19.59385805876945,19.634747681631097,19.373060334435053,19.520259857177734,3552800
2021-11-22,19.994569341876474,20.002745706987312,19.691992360045933,19.741058349609375,3689500
2021-11-23,19.691991692309585,19.978212814653602,19.642925704409922,19.77376937866211,2496100
2021-11-24,19.74924070330114,19.994573825694093,19.634752848719117,19.937328338623047,1936000
2021-11-26,19.291285168928397,19.291285168928397,18.653421006965356,19.005064010620117,2495900
2021-11-29,19.348526465647705,19.381238163776292,18.71884031468897,19.03777313232422,5571600
2021-11-30,18.77608493804952,18.77608493804952,18.309954140513053,18.334487915039062,7130500
2021-12-01,18.857861829455445,19.111372809501102,17.96648833649653,17.99102210998535,4660200
2021-12-02,18.22817915481872,19.054129338524124,18.15457938640461,18.91510772705078,5485300
2021-12-03,18.964172586545406,18.980526875153313,18.489863901765904,18.694307327270508,4905000
2021-12-06,18.9968827204223,19.397591647171996,18.931460886662745,19.13590431213379,5206100
2021-12-07,19.29128231946926,19.577503435500653,19.16861657253569,19.30763816833496,3502400
2021-12-08,19.348826779943472,19.612412081140512,19.274693217595264,19.480619430541992,3846300
2021-12-09,19.274690420188104,19.340586735923587,19.077001472981653,19.101713180541992,3588800
2021-12-10,19.307639524338533,19.332349661012493,18.78870465889587,18.912260055541992,4466600
2021-12-13,18.904024390712078,19.011105315514154,18.623964653731743,18.912260055541992,3131200
2021-12-14,18.91226313396889,18.994633935504844,18.615730447968772,18.648677825927734,4292800
2021-12-15,18.656911291082668,18.821652860846648,18.28624511575178,18.78870391845703,4603100
2021-12-16,18.854602686572147,19.093477836716666,18.640439246436724,18.73928451538086,3811100
2021-12-17,18.77223543039163,18.928738230249,18.52512301766684,18.796945571899414,8069900
2021-12-20,18.442745048884994,18.500404118127296,18.03912999309708,18.32742691040039,3793400
2021-12-21,18.483936082259106,19.307640879155418,18.483936082259106,19.266454696655273,3448000
2021-12-22,19.225269517025275,19.53003940305749,19.159373198064888,19.39824676513672,3007000
2021-12-23,19.49709249791594,19.612410666096306,19.357062620371693,19.513566970825195,2289300
2021-12-27,19.47238084695321,19.818336923624106,19.29116635768454,19.79362678527832,2157400
2021-12-28,19.73596429818425,19.92541757744089,19.653595083220225,19.85128402709961,2467200
2021-12-29,19.85952010573147,20.032497332388168,19.67830407274791,19.974838256835938,2249000
2021-12-30,19.96660104850743,20.320794308624993,19.925416443369475,20.19723892211914,2461900
2021-12-31,20.180763997985405,20.502008309897793,20.147815057742115,20.304319381713867,2408100
2022-01-03,20.27,20.58,20.11,20.28,348236900
2022-01-04,20.47,20.92,20.46,20.82,296265100
2022-01-05,21.11,21.11,20.39,20.43,345779100
2022-01-06,20.6,20.76,20.38,20.56,321413300
2022-01-07,20.55,20.65,20.39,20.42,447714900
2022-01-10,20.5,20.76,20.2,20.74,416842700
2022-01-11,20.76,20.86,20.2,20.66,267797600
2022-01-12,20.67,20.86,20.61,20.73,263218800
2022-01-13,20.84,21.15,20.77,20.82,404117600
2022-01-14,20.71,20.86,20.35,20.64,423792100
2022-01-18,20.54,20.63,20.29,20.5,607201300
2022-01-19,20.57,20.65,19.97,19.98,395952400
2022-01-20,19.94,20.28,19.51,19.51,454971600
2022-01-21,19.48,19.78,19.35,19.53,556455200
2022-01-24,19.14,19.67,18.74,19.6,623658200
2022-01-25,19.32,20.1,19.09,19.99,795065000
2022-01-26,20.15,20.57,19.62,19.82,656787800
2022-01-27,19.99,20.18,19.24,19.29,697145400
2022-01-28,19.24,19.98,19.04,19.96,657429000
2022-01-31,19.74,20.03,19.53,20.01,595355400
2022-02-01,19.94,20.11,19.74,19.93,355419100
2022-02-02,19.99,20.3,19.96,20.24,412853700
2022-02-03,20.08,20.21,19.81,19.83,392928000
2022-02-04,19.64,19.97,19.32,19.65,491713900
2022-02-07,19.74,19.89,19.58,19.63,610384200
2022-02-08,19.86,20.06,19.7,19.89,508434500
2022-02-09,20.14,20.43,20.14,20.38,506650800
2022-02-10,20.35,20.72,19.78,19.91,748661000
2022-02-11,20.05,20.4,19.48,19.75,790765000
2022-02-14,19.76,19.88,19.16,19.21,621689200
2022-02-15,19.46,19.72,19.38,19.57,630627600
2022-02-16,19.62,20.04,19.56,20.02,560333500
2022-02-17,19.89,20.04,19.63,19.69,491334400
2022-02-18,19.63,19.99,19.49,19.63,658510700
2022-02-22,19.59,19.8,19.3,19.52,762269500
2022-02-23,19.66,19.89,19.05,19.11,591409700
2022-02-24,18.62,19.74,18.53,19.64,994471400
2022-02-25,19.73,20.17,19.64,20.14,707353200
2022-02-28,19.86,20.09,19.31,19.4,4246303300
2022-03-01,19.29,19.42,18.72,18.89,819910200
2022-03-02,19.06,19.75,19.0,19.6,667440400
2022-03-03,19.72,19.81,19.46,19.69,465775900
2022-03-04,19.34,19.58,19.15,19.57,465222900
2022-03-07,19.52,19.63,19.1,19.1,499169100
2022-03-08,19.17,19.79,19.08,19.52,5457243
2022-03-09,20.01,20.22,19.88,19.9,3957737
2022-03-10,19.57,19.87,19.37,19.83,2918677
2022-03-11,20.02,20.13,19.68,19.71,3166358
2022-03-14,20.0,20.11,19.24,19.32,3341448
2022-03-15,19.56,19.68,19.34,19.66,4164699
2022-03-16,19.92,20.12,19.31,19.85,4218861
2022-03-17,19.64,19.91,19.58,19.85,2795525
2022-03-18,19.71,19.98,19.59,19.97,6853516
2022-03-21,20.05,20.12,19.74,19.91,3108234
2022-03-22,20.17,20.45,20.13,20.3,3829390
2022-03-23,20.19,20.29,19.95,19.97,3201473
2022-03-24,19.97,20.07,19.82,20.03,3423977
2022-03-25,20.08,20.37,20.06,20.28,4028852
2022-03-28,20.28,20.38,20.04,20.28,4342843
2022-03-29,20.59,21.11,20.42,21.1,5131677
2022-03-30,20.93,21.03,20.71,20.8,2866546
2022-03-31,20.87,20.98,20.55,20.55,5455380
2022-04-01,20.71,20.71,20.34,20.62,3832574
2022-04-04,20.59,20.71,20.28,20.47,2585091
2022-04-05,20.41,20.69,20.0,20.08,3783290
2022-04-06,19.99,20.19,19.77,20.1,3593422
2022-04-07,19.98,20.13,19.59,19.98,5045959
2022-04-08,20.07,20.29,19.95,20.25,2121714
2022-04-11,20.24,20.45,20.16,20.35,4052077
2022-04-12,20.31,20.6,20.23,20.3,2896167
2022-04-13,20.3,20.88,20.3,20.84,3300321
2022-04-14,20.93,21.12,20.86,20.91,3395589
2022-04-18,20.93,21.07,20.77,20.89,2203802
2022-04-19,21.0,21.57,21.0,21.47,4493018
2022-04-20,21.64,21.92,21.59,21.83,4196794
2022-04-21,22.04,22.09,21.58,21.61,3443220
2022-04-22,21.55,21.58,21.15,21.17,3287894
2022-04-25,21.09,21.39,20.63,21.32,4036534
2022-04-26,21.29,21.52,20.9,20.95,4482329
2022-04-27,21.11,21.37,20.82,21.0,4746633
2022-04-28,21.12,22.12,20.94,21.94,4622053
2022-04-29,21.77,21.9,21.02,21.08,7270793
2022-05-02,21.14,21.24,19.96,20.48,6464227
2022-05-03,20.56,20.98,20.25,20.84,4327931
2022-05-04,20.82,21.1,20.54,21.06,6060474
2022-05-05,21.01,21.04,19.91,20.12,5823574
2022-05-06,19.97,20.18,19.66,19.95,5391250
2022-05-09,19.67,19.79,19.3,19.41,6331519
2022-05-10,19.6,19.74,18.84,18.88,5589803
2022-05-11,18.98,19.39,18.39,18.43,5981288
2022-05-12,18.44,18.9,18.3,18.69,8515222
2022-05-13,18.84,19.35,18.6,19.32,6651669
2022-05-16,19.31,19.47,19.16,19.31,4177306
2022-05-17,19.63,20.03,19.51,20.03,4848622
2022-05-18,19.89,19.92,19.04,19.09,5312198
2022-05-19,18.89,19.26,18.73,18.75,6414205
2022-05-20,19.01,19.03,17.74,18.28,6778017
2022-05-23,18.45,18.66,18.03,18.34,4078263
2022-05-24,18.28,18.7,17.78,18.67,5458001
2022-05-25,18.48,19.02,18.43,18.92,5029975
2022-05-26,19.07,19.36,19.06,19.22,4139793
2022-05-27,19.36,19.75,19.35,19.74,2923132
2022-05-31,19.6,19.85,19.49,19.66,8157714
2022-06-01,19.72,19.73,18.77,19.06,4633512
2022-06-02,18.97,19.39,18.81,19.38,3058418
2022-06-03,19.28,19.32,18.93,19.07,5798096
2022-06-06,19.23,19.23,18.78,18.81,3256838
2022-06-07,18.61,19.15,18.55,19.14,3903498
2022-06-08,18.98,19.04,18.58,18.6,2617099
2022-06-09,18.55,18.58,17.85,17.86,2929722
2022-06-10,17.58,17.74,17.27,17.28,5556958
2022-06-13,16.83,16.87,16.21,16.29,4420136
2022-06-14,16.34,16.44,15.88,16.05,4677423
2022-06-15,16.22,16.48,15.93,16.14,7845395
2022-06-16,15.75,15.84,15.48,15.66,5182891
2022-06-17,15.73,16.09,15.69,15.83,8428654
2022-06-21,16.05,16.23,15.88,15.89,4691901
2022-06-22,15.6,16.14,15.53,15.89,5315868
2022-06-23,16.01,16.4,15.94,16.35,5638869
2022-06-24,16.55,16.88,16.45,16.85,8498383
2022-06-27,16.8,17.07,16.67,16.98,5990210
2022-06-28,17.14,17.53,16.97,17.04,6068344
2022-06-29,16.98,17.0,16.71,16.88,3589533
2022-06-30,16.65,16.85,16.4,16.53,5661936
2022-07-01,16.55,16.98,16.45,16.91,4203744
2022-07-05,16.65,16.84,16.38,16.82,4437708
2022-07-06,16.86,17.07,16.51,16.65,3920844
2022-07-07,16.81,16.95,16.7,16.77,2594400
2022-07-08,16.77,16.8,16.43,16.57,3000878
2022-07-11,16.41,16.6,16.34,16.57,2625189
2022-07-12,16.5,17.0,16.49,16.89,4290176
2022-07-13,16.67,16.79,16.47,16.63,3114048
2022-07-14,16.2,16.41,16.13,16.29,5217839
2022-07-15,16.63,17.0,16.39,16.83,3732575
2022-07-18,16.92,17.09,16.89,17.03,3177029
2022-07-19,17.26,17.64,17.2,17.59,2863076
2022-07-20,17.54,18.09,17.51,17.93,4809620
2022-07-21,17.8,17.94,17.61,17.93,2763424
2022-07-22,18.03,18.17,17.87,17.96,1972301
2022-07-25,17.98,18.04,17.85,18.01,3662175
2022-07-26,17.94,18.06,17.71,17.72,3712375
2022-07-27,17.81,18.06,17.74,18.0,3700378
2022-07-28,18.19,18.4,18.04,18.31,4028972
2022-07-29,18.37,18.65,18.28,18.52,8557281
2022-08-01,18.37,18.39,18.07,18.17,4069670
2022-08-02,18.06,18.17,17.89,17.89,2799486
2022-08-03,18.03,18.36,17.94,17.95,3416537
2022-08-04,17.91,18.02,17.78,17.87,2405818
2022-08-05,17.74,17.93,17.67,17.93,1650845
2022-08-08,18.12,18.44,18.11,18.32,2186235
2022-08-09,18.41,18.48,18.23,18.46,2691251
2022-08-10,18.82,18.97,18.72,18.96,2246648
2022-08-11,19.12,19.34,19.03,19.15,2471078
2022-08-12,19.33,19.62,19.22,19.58,3120849
2022-08-15,19.58,19.89,19.5,19.8,4771594
2022-08-16,19.72,20.04,19.72,19.9,1995623
2022-08-17,19.7,19.79,19.5,19.61,2421243
2022-08-18,19.64,19.74,19.49,19.61,2112237
2022-08-19,19.49,19.6,18.96,19.05,6244746
2022-08-22,18.75,18.76,18.41,18.43,3153956
2022-08-23,18.54,18.57,18.31,18.41,2332576
2022-08-24,18.46,18.62,18.35,18.52,2361329
2022-08-25,18.61,18.82,18.54,18.8,1602810
2022-08-26,18.87,18.87,18.17,18.19,3303212
2022-08-29,18.06,18.18,17.89,17.95,2767634
2022-08-30,18.01,18.21,17.91,17.95,2910983
2022-08-31,18.06,18.12,17.63,17.65,4211410
2022-09-01,17.55,17.85,17.3,17.84,2813444
2022-09-02,18.06,18.12,17.66,17.77,3162209
2022-09-06,17.91,17.98,17.61,17.83,2981590
2022-09-07,17.8,18.32,17.78,18.22,3838996
2022-09-08,18.04,18.37,18.0,18.33,4564379
2022-09-09,18.43,18.72,18.36,18.63,3737922
2022-09-12,18.74,18.97,18.68,18.88,3442699
2022-09-13,18.46,18.52,17.95,18.0,4714804
2022-09-14,17.83,17.95,17.5,17.61,4592449
2022-09-15,17.64,17.87,17.47,17.49,2717190
2022-09-16,17.51,17.55,17.12,17.54,6305934
2022-09-19,17.33,17.64,17.25,17.64,3051512
2022-09-20,17.4,17.43,16.98,17.12,4122892
2022-09-21,17.29,17.36,16.73,16.73,3652943
2022-09-22,16.73,16.73,16.14,16.19,3136521
2022-09-23,15.92,16.02,15.65,15.88,4516760
2022-09-26,15.65,15.67,14.99,15.22,7650508
2022-09-27,15.35,15.49,15.12,15.32,4813190
2022-09-28,15.53,15.81,15.29,15.73,4632567
2022-09-29,15.49,15.51,14.93,15.25,4552982
2022-09-30,15.45,15.65,15.28,15.53,6299918
2022-10-03,15.84,15.92,15.44,15.82,4552151
2022-10-04,16.05,16.4,16.02,16.33,4176821
2022-10-05,16.05,16.42,15.84,16.3,5188345
2022-10-06,16.25,16.42,16.02,16.18,3825733
2022-10-07,16.06,16.16,15.58,15.72,5446636
2022-10-10,15.82,15.96,15.63,15.73,2580468
2022-10-11,15.75,16.09,15.59,15.94,4857226
2022-10-12,15.91,16.04,15.77,15.93,4120508
2022-10-13,15.64,16.44,15.36,16.33,12304346
2022-10-14,16.6,16.71,15.97,16.01,6823797
2022-10-17,16.41,16.59,16.17,16.28,6945312
2022-10-18,16.63,16.76,16.39,16.62,6166011
2022-10-19,16.5,16.57,16.02,16.13,3722289
2022-10-20,16.24,16.48,16.16,16.23,4524598
2022-10-21,16.21,16.64,16.14,16.64,5308058
2022-10-24,16.75,16.85,16.59,16.82,7072839
2022-10-25,16.86,17.52,16.83,17.33,11486349
2022-10-26,17.35,17.49,17.21,17.33,9384951
2022-10-27,17.73,17.93,17.38,17.5,5770620
2022-10-28,17.43,17.89,17.36,17.86,3504378
2022-10-31,17.68,18.19,17.57,18.09,4876999
2022-11-01,18.23,18.31,18.05,18.21,4406416
2022-11-02,18.06,18.25,17.55,17.61,5989222
2022-11-03,17.32,17.74,17.13,17.55,4662767
2022-11-04,17.71,18.26,17.69,18.12,4898524
2022-11-07,18.24,18.39,17.86,18.18,4283572
2022-11-08,18.2,18.29,17.73,17.86,4915515
2022-11-09,17.78,18.05,17.55,17.56,4756659
2022-11-10,18.35,19.11,18.29,18.89,6012265
2022-11-11,18.97,19.09,18.66,18.78,3619751
2022-11-14,18.63,18.87,18.46,18.46,3740123
2022-11-15,18.74,18.96,18.46,18.7,4357712
2022-11-16,18.61,18.67,18.32,18.39,3626975
2022-11-17,18.11,18.66,18.05,18.63,3980325
2022-11-18,18.91,18.97,18.66,18.75,3259528
2022-11-21,18.67,18.97,18.66,18.82,2814572
2022-11-22,18.9,19.3,18.88,19.27,3050903
2022-11-23,19.21,19.37,19.09,19.16,2261856
2022-11-25,19.11,19.3,19.11,19.24,1081884
2022-11-28,19.1,19.21,18.61,18.68,2254760
2022-11-29,18.73,19.26,18.66,19.24,3244835
2022-11-30,19.15,19.42,18.93,19.41,4792562
2022-12-01,19.48,19.64,19.01,19.18,4512895
2022-12-02,18.97,19.28,18.89,19.15,4423851
2022-12-05,18.96,18.96,18.62,18.72,3530208
2022-12-06,18.83,18.92,18.55,18.7,4035291
2022-12-07,18.66,18.97,18.55,18.61,5123597
2022-12-08,18.79,18.95,18.57,18.61,4454109
2022-12-09,18.54,18.76,18.47,18.57,3342870
2022-12-12,18.59,18.68,18.41,18.67,4529170
2022-12-13,19.25,19.29,18.51,18.78,5377614
2022-12-14,18.73,19.15,18.64,18.83,5893326
2022-12-15,18.59,18.68,18.35,18.41,3728495
2022-12-16,18.14,18.34,17.88,18.15,10152727
2022-12-19,18.17,18.21,17.81,17.94,2762432
2022-12-20,17.83,17.98,17.64,17.88,4200416
2022-12-21,18.27,18.33,17.99,18.04,2664388
2022-12-22,17.92,18.0,17.53,17.87,2838447
2022-12-23,17.75,18.2,17.75,18.19,2621515
2022-12-27,18.33,18.33,18.07,18.21,2372720
2022-12-28,18.21,18.3,17.82,17.85,3912187
2022-12-29,17.96,18.16,17.9,18.09,2323746
2022-12-30,17.98,18.16,17.89,18.11,2922001
2023-01-03,18.36,18.42,17.96,18.16,3236577
2023-01-04,18.34,18.65,18.27,18.52,2891906
2023-01-05,18.31,18.38,17.81,17.93,3710167
2023-01-06,18.03,18.46,17.99,18.41,3535589
2023-01-09,18.23,18.48,17.95,18.03,4021976
2023-01-10,17.69,17.81,17.17,17.41,5723120
2023-01-11,17.57,18.0,17.41,17.98,8083043
2023-01-12,18.13,18.59,17.88,18.56,5626798
2023-01-13,18.34,18.4,18.15,18.26,4441450
2023-01-17,18.16,18.9,18.16,18.78,6409620
2023-01-18,18.8,18.89,18.23,18.26,4769130
2023-01-19,18.07,18.34,18.01,18.07,4170956
2023-01-20,18.11,18.36,17.82,18.34,4122300
2023-01-23,18.36,18.74,18.27,18.7,3545567
2023-01-24,18.65,18.86,18.5,18.77,2662376
2023-01-25,18.7,18.93,18.55,18.9,2701483
2023-01-26,19.0,19.08,18.81,18.93,2518891
2023-01-27,18.9,19.44,18.87,19.39,3047378
2023-01-30,19.24,19.39,18.9,18.92,3631395
2023-01-31,18.95,19.3,18.83,19.22,10134030
2023-02-01,19.1,19.49,18.83,19.28,4697212
2023-02-02,19.44,19.93,19.42,19.75,5415424
2023-02-03,19.47,19.52,19.15,19.28,4645404
2023-02-06,19.04,19.15,18.8,19.07,2911989
2023-02-07,18.95,19.31,18.77,19.14,5146608
2023-02-08,19.01,19.15,18.89,18.96,3945998
2023-02-09,18.75,18.94,18.18,18.31,7078373
2023-02-10,18.34,18.6,18.13,18.54,4377940
2023-02-13,18.58,18.75,18.54,18.65,3352424
2023-02-14,18.59,18.72,18.27,18.32,6616437
2023-02-15,18.17,18.33,18.11,18.21,6580037
2023-02-16,17.96,18.23,17.87,18.06,4524723
2023-02-17,18.07,18.13,17.76,18.08,2898369
2023-02-21,17.85,17.98,17.43,17.48,3505614
2023-02-22,17.52,17.64,17.34,17.41,4065397
2023-02-23,17.58,17.66,17.34,17.61,3698582
2023-02-24,17.42,17.69,17.32,17.64,4834743
2023-02-27,17.91,17.97,17.58,17.63,3632996
2023-02-28,17.65,17.87,17.58,17.61,3891624
2023-03-01,17.49,17.62,17.2,17.52,3437401
2023-03-02,17.42,17.56,17.33,17.48,5715327
2023-03-03,17.67,17.73,17.46,17.66,4574617
2023-03-06,17.78,17.78,17.45,17.5,3971114
2023-03-07,17.44,17.5,16.72,16.83,4911188
2023-03-08,16.86,17.32,16.81,17.29,5140464
2023-03-09,17.3,17.32,16.92,16.92,3648042
2023-03-10,16.89,16.89,16.09,16.22,4766842
2023-03-13,16.04,16.53,16.0,16.38,5976400
2023-03-14,16.71,16.79,16.42,16.59,4796367
2023-03-15,16.29,16.3,15.8,16.12,6358940
2023-03-16,16.01,16.09,15.57,15.84,9764945
2023-03-17,15.72,15.78,15.2,15.24,8349967
2023-03-20,15.35,15.71,15.22,15.62,5710483
2023-03-21,15.88,16.0,15.65,15.72,4311513
2023-03-22,15.52,15.69,15.14,15.15,4319320
2023-03-23,15.19,15.46,14.95,15.1,5177631
2023-03-24,15.0,15.57,14.99,15.54,5366422
2023-03-27,15.71,15.79,15.52,15.68,6302486
2023-03-28,15.46,15.79,15.46,15.73,3052252
2023-03-29,15.97,16.09,15.86,16.06,4736451
2023-03-30,16.38,16.45,16.21,16.24,3796645
2023-03-31,16.36,16.89,16.33,16.88,6316840
2023-04-03,16.89,17.23,16.72,16.82,5760139
2023-04-04,16.89,16.92,16.5,16.71,3230559
2023-04-05,16.54,16.63,16.39,16.52,3533359
2023-04-06,16.59,16.59,16.31,16.47,3177281
2023-04-10,16.44,16.59,16.26,16.58,2846879
2023-04-11,16.66,16.83,16.56,16.67,3440178
2023-04-12,16.88,16.9,16.38,16.38,2904741
2023-04-13,16.35,16.37,16.01,16.26,4440750
2023-04-14,16.41,16.48,16.02,16.15,3935336
2023-04-17,16.19,16.53,16.16,16.52,5806289
2023-04-18,16.52,16.59,16.41,16.5,3993043
2023-04-19,16.38,16.65,16.34,16.59,3305049
2023-04-20,16.5,16.53,16.35,16.44,3515840
2023-04-21,16.52,16.61,16.32,16.57,3588071
2023-04-24,16.61,16.63,16.2,16.25,4087239
2023-04-25,16.14,16.35,16.07,16.29,4971106
2023-04-26,16.09,16.38,16.06,16.11,3952968
2023-04-27,16.19,16.51,16.05,16.4,3958154
2023-04-28,16.39,16.75,16.35,16.58,4686412
2023-05-01,16.52,16.61,16.19,16.28,4391324
2023-05-02,16.17,16.25,15.87,16.0,4870308
2023-05-03,16.04,16.38,15.9,15.93,6259176
2023-05-04,15.79,16.04,15.64,15.92,5195405
2023-05-05,16.02,16.25,15.98,16.24,4341642
2023-05-08,16.13,16.24,15.89,15.97,5288681
2023-05-09,15.8,15.82,15.51,15.67,5330875
2023-05-10,15.88,15.92,15.58,15.65,2788385
2023-05-11,15.51,15.59,15.37,15.53,4364832
2023-05-12,15.59,15.79,15.43,15.77,5481150
2023-05-15,15.92,16.27,15.82,16.14,4355871
2023-05-16,16.15,16.15,15.55,15.58,4445224
2023-05-17,15.71,16.05,15.6,16.02,4343571
2023-05-18,15.91,16.0,15.72,15.87,5330637
2023-05-19,15.99,16.0,15.65,15.81,4051467
2023-05-22,15.79,16.23,15.79,16.22,4161838
2023-05-23,16.24,16.36,15.89,15.9,2678284
2023-05-24,15.64,15.69,15.5,15.56,3365636
2023-05-25,15.47,15.55,15.18,15.43,5101527
2023-05-26,15.43,15.62,15.33,15.59,3123444
2023-05-30,15.65,15.78,15.53,15.66,3903476
2023-05-31,15.66,15.9,15.5,15.87,7462993
2023-06-01,15.91,15.91,15.54,15.72,4568296
2023-06-02,15.95,16.28,15.87,16.2,4518821
2023-06-05,16.13,16.39,16.12,16.15,2852425
2023-06-06,16.15,16.41,16.14,16.37,3874894
2023-06-07,16.52,17.07,16.44,16.98,4813279
2023-06-08,16.91,16.95,16.59,16.81,4044695
2023-06-09,16.77,17.0,16.73,16.97,3968622
2023-06-12,17.01,17.03,16.82,16.95,3467084
2023-06-13,16.94,17.2,16.85,16.86,4674866
2023-06-14,16.98,17.18,16.74,16.88,3492822
2023-06-15,16.82,16.95,16.65,16.95,3062926
2023-06-16,17.02,17.09,16.88,17.02,4548327
2023-06-20,16.97,17.0,16.61,16.82,4246807
2023-06-21,16.76,16.81,16.61,16.7,3305839
2023-06-22,16.78,16.8,16.29,16.48,3170301
2023-06-23,16.35,16.43,16.05,16.1,5367899
2023-06-26,16.09,16.69,16.07,16.65,3497082
2023-06-27,16.7,16.98,16.59,16.95,2343507
2023-06-28,16.93,17.03,16.76,16.89,3914313
2023-06-29,16.86,17.27,16.79,17.24,2552921
2023-06-30,17.47,17.47,16.99,17.26,5166483
2023-07-03,17.16,17.68,17.16,17.61,1796258
2023-07-05,17.5,17.82,17.31,17.68,4377668
2023-07-06,17.43,17.74,17.24,17.71,3195240
2023-07-07,17.6,17.75,17.39,17.42,3817606
2023-07-10,17.4,17.48,17.28,17.32,4167090
2023-07-11,17.43,17.78,17.37,17.75,2644702
2023-07-12,17.96,18.05,17.84,17.91,5190890
2023-07-13,17.91,18.11,17.82,18.1,3399357
2023-07-14,18.06,18.07,17.85,17.96,2086447
2023-07-17,17.9,18.11,17.83,18.07,2670001
2023-07-18,18.08,18.14,17.75,17.96,6013580
2023-07-19,18.08,18.38,18.04,18.27,5141618
2023-07-20,18.33,18.35,18.06,18.28,3911235
2023-07-21,18.37,18.49,18.19,18.32,3829575
2023-07-24,18.38,18.48,18.23,18.36,3722086
2023-07-25,18.33,18.4,18.0,18.04,4307615
2023-07-26,18.02,18.2,17.98,18.16,7350831
2023-07-27,18.44,18.44,17.6,17.66,4405563
2023-07-28,17.85,17.87,17.57,17.67,3643314
2023-07-31,17.68,17.88,17.59,17.74,11341932
2023-08-01,17.75,17.78,17.45,17.66,4324699
2023-08-02,17.51,17.72,17.39,17.68,3181879
2023-08-03,17.59,17.66,17.29,17.58,7059601
2023-08-04,17.58,17.86,17.4,17.5,3541232
2023-08-07,17.54,17.71,17.5,17.62,2307033
2023-08-08,17.43,17.59,17.34,17.49,2344076
2023-08-09,17.43,17.99,17.33,17.84,3997282
2023-08-10,17.94,18.13,17.76,17.83,4485343
2023-08-11,17.73,17.85,17.71,17.84,3297090
2023-08-14,17.79,17.89,17.6,17.69,2780602
2023-08-15,17.54,17.54,17.27,17.34,2720558
2023-08-16,17.31,17.36,16.81,16.82,4480312
2023-08-17,16.85,16.95,16.56,16.57,3426286
2023-08-18,16.38,16.77,16.38,16.7,3706411
2023-08-21,16.64,16.68,16.24,16.4,2334083
2023-08-22,16.48,16.54,16.21,16.24,3562369
2023-08-23,16.29,16.54,16.21,16.53,2224224
2023-08-24,16.42,16.7,16.36,16.37,4362830
2023-08-25,16.43,16.58,16.36,16.39,4136249
2023-08-28,16.15,16.76,16.11,16.41,13377256
2023-08-29,16.51,16.56,16.32,16.48,7351346
2023-08-30,16.51,16.62,16.39,16.61,5573151
2023-08-31,16.6,16.69,16.45,16.56,6232654
2023-09-01,16.68,16.71,16.48,16.51,5406183
2023-09-05,16.47,16.49,16.16,16.2,6366701
2023-09-06,16.21,16.5,16.16,16.48,5573960
2023-09-07,16.48,16.57,16.3,16.43,4998871
2023-09-08,16.42,16.55,16.36,16.45,5972612
2023-09-11,16.58,16.58,16.31,16.44,4305243
2023-09-12,16.41,16.66,16.35,16.61,3914827
2023-09-13,16.7,16.73,16.36,16.44,4171631
2023-09-14,16.6,16.99,16.56,16.88,4099757
2023-09-15,16.88,16.92,16.68,16.72,7223387
2023-09-18,16.76,16.81,16.44,16.48,5010904
2023-09-19,16.48,16.58,16.36,16.37,3626965
2023-09-20,16.55,16.63,16.31,16.33,4416587
2023-09-21,16.22,16.23,15.87,15.9,3539520
2023-09-22,15.9,16.0,15.63,15.65,4052476
2023-09-25,15.57,15.7,15.48,15.65,3316313
2023-09-26,15.51,15.59,15.3,15.42,4741981
2023-09-27,15.47,15.69,15.4,15.47,6859775
2023-09-28,15.56,15.75,15.5,15.59,4485119
2023-09-29,15.83,15.94,15.45,15.56,4894897
2023-10-02,15.5,15.58,14.94,15.12,5996160
2023-10-03,15.0,15.08,14.56,14.75,5184984
2023-10-04,14.84,14.93,14.57,14.92,3886237
2023-10-05,14.87,15.01,14.76,14.94,4712583
2023-10-06,14.82,14.88,14.45,14.59,7619485
2023-10-09,14.49,14.86,14.47,14.77,4539771
2023-10-10,14.84,15.21,14.72,15.06,6283178
2023-10-11,15.11,15.42,15.11,15.38,4604190
2023-10-12,15.32,15.32,15.08,15.23,3277843
2023-10-13,15.24,15.38,14.99,15.11,3831072
2023-10-16,15.26,15.37,15.08,15.22,3703454
2023-10-17,15.08,15.7,15.04,15.58,5055204
2023-10-18,15.48,15.51,15.19,15.22,3765659
2023-10-19,15.12,15.3,14.89,14.92,6239855
2023-10-20,14.99,15.07,14.75,14.76,5006053
2023-10-23,14.62,14.84,14.54,14.56,4258172
2023-10-24,14.65,14.88,14.65,14.86,4625882
2023-10-25,14.74,14.8,14.43,14.47,4505945
2023-10-26,14.69,15.29,14.56,15.21,8106455
2023-10-27,15.34,15.34,14.83,14.91,6609420
2023-10-30,15.04,15.33,14.91,15.28,5514117
2023-10-31,15.39,15.89,15.3,15.87,5969741
2023-11-01,15.91,16.13,15.84,16.02,5458576
2023-11-02,16.28,16.49,16.23,16.4,4690873
2023-11-03,16.73,16.96,16.58,16.6,4497804
2023-11-06,16.51,16.57,16.31,16.43,4389268
2023-11-07,16.42,16.43,16.08,16.12,2629513
2023-11-08,16.13,16.21,16.07,16.13,2273680
2023-11-09,16.21,16.21,15.59,15.66,4316687
2023-11-10,15.83,15.89,15.65,15.84,3356909
2023-11-13,15.75,15.76,15.49,15.55,3778242
2023-11-14,16.24,16.96,16.11,16.74,5144295
2023-11-15,16.75,16.87,16.45,16.78,6343393
2023-11-16,16.76,16.86,16.42,16.63,6952530
2023-11-17,16.82,16.83,16.5,16.65,5562613
2023-11-20,16.67,16.71,16.44,16.66,3205066
2023-11-21,16.54,16.62,16.4,16.48,2903134
2023-11-22,16.62,16.69,16.53,16.6,2544722
2023-11-24,16.61,16.67,16.48,16.57,1114498
2023-11-27,16.55,16.85,16.48,16.73,3314231
2023-11-28,16.66,16.82,16.54,16.8,4000483
2023-11-29,16.98,17.13,16.84,16.85,4953234
2023-11-30,16.83,17.15,16.83,17.12,5868533
2023-12-01,17.14,17.8,17.05,17.77,6544458
2023-12-04,17.65,18.25,17.6,18.23,4968490
2023-12-05,18.14,18.34,17.97,18.22,9417735
2023-12-06,18.28,18.55,18.09,18.19,8054267
2023-12-07,18.26,18.31,18.02,18.14,6370823
2023-12-08,18.07,18.24,17.92,18.24,5814715
2023-12-11,18.22,18.41,18.13,18.34,4741343
2023-12-12,18.34,18.39,18.19,18.27,7022111
2023-12-13,18.33,19.45,18.27,19.35,8315686
2023-12-14,19.86,20.59,19.83,20.36,11676327
2023-12-15,20.19,20.38,19.94,20.13,10579099
2023-12-18,20.22,20.28,19.73,19.74,5891692
2023-12-19,19.87,20.08,19.77,19.92,4963492
2023-12-20,19.95,20.09,19.58,19.59,5245216
2023-12-21,19.77,19.86,19.5,19.68,6398578
2023-12-22,19.73,19.93,19.57,19.61,4310511
2023-12-26,19.67,19.73,19.56,19.7,3832953
2023-12-27,19.74,19.75,19.49,19.62,5747538
2023-12-28,19.54,19.67,19.43,19.65,6952149
2023-12-29,19.62,19.64,19.17,19.21,21799305
2024-01-02,19.14,19.44,19.02,19.18,12644443
2024-01-03,18.97,19.0,18.63,18.68,6741584
2024-01-04,18.65,18.91,18.61,18.77,6084652
2024-01-05,18.66,18.94,18.5,18.79,4999749
2024-01-08,18.74,18.86,18.61,18.82,5881137
2024-01-09,18.57,18.71,18.5,18.69,4683908
2024-01-10,18.72,18.95,18.66,18.89,6610992
2024-01-11,18.77,18.83,18.39,18.5,8516172
2024-01-12,18.74,18.83,18.43,18.59,5472072
2024-01-16,18.41,18.5,18.15,18.25,7577880
2024-01-17,17.98,18.42,17.86,18.01,6876249
2024-01-18,17.98,18.08,17.59,17.84,5209839
2024-01-19,17.88,18.23,17.7,18.17,5862675
2024-01-22,18.23,18.5,18.19,18.32,4891020
2024-01-23,18.46,18.47,18.14,18.33,4480527
2024-01-24,18.59,18.62,18.17,18.22,5744323
2024-01-25,18.48,18.84,18.47,18.81,9538902
2024-01-26,18.89,18.89,18.5,18.51,5072930
2024-01-29,18.5,18.58,18.28,18.5,5930542
2024-01-30,18.34,18.68,18.28,18.45,5470124
2024-01-31,18.53,18.64,18.1,18.21,10557335
2024-02-01,18.25,18.54,18.11,18.5,5044442
2024-02-02,18.25,18.33,17.97,18.19,5260707
2024-02-05,17.87,18.0,17.75,17.79,4728639
2024-02-06,17.77,18.44,17.74,18.25,5125763
2024-02-07,18.35,18.41,18.14,18.18,5854597
2024-02-08,18.14,18.35,17.75,18.04,7305831
2024-02-09,18.02,18.13,17.71,18.1,6460859
2024-02-12,18.2,18.25,17.73,17.86,5283527
2024-02-13,17.43,17.61,17.18,17.58,6788042
2024-02-14,17.63,17.7,17.42,17.55,5318007
2024-02-15,17.81,17.88,17.72,17.82,4167730
2024-02-16,17.51,17.77,17.39,17.69,8795056
2024-02-20,17.56,17.81,17.56,17.7,9963644
2024-02-21,17.76,17.91,17.63,17.83,3435133
2024-02-22,17.85,17.95,17.77,17.86,4230093
2024-02-23,17.84,17.87,17.6,17.61,2564710
2024-02-26,17.57,17.62,17.29,17.38,5004685
2024-02-27,17.51,17.82,17.45,17.63,4057106
2024-02-28,17.5,17.81,17.5,17.69,4264760
2024-02-29,17.9,17.9,17.59,17.81,8713883
2024-03-01,17.76,17.82,17.5,17.78,8534773
2024-03-04,17.75,17.77,17.52,17.68,5418736
2024-03-05,17.59,17.94,17.59,17.74,4282844
2024-03-06,17.85,17.91,17.57,17.61,2977970
2024-03-07,17.67,17.72,17.49,17.66,3136041
2024-03-08,17.81,17.97,17.73,17.78,2851128
2024-03-11,17.73,17.86,17.66,17.71,3312736
2024-03-12,17.7,17.82,17.57,17.66,3420799
2024-03-13,17.65,17.85,17.61,17.67,4752452
2024-03-14,17.54,17.6,17.03,17.15,4569066
2024-03-15,16.97,17.25,16.94,17.23,9447363
2024-03-18,17.22,17.5,17.18,17.44,5126574
2024-03-19,17.47,17.62,17.31,17.43,3519290
2024-03-20,17.29,17.77,17.22,17.74,3660249
2024-03-21,17.79,18.03,17.75,18.0,4614509
2024-03-22,17.91,17.98,17.4,17.42,7267477
2024-03-25,17.5,17.61,17.16,17.19,5259707
2024-03-26,17.27,17.33,17.14,17.16,5174411
2024-03-27,17.37,17.71,17.33,17.66,5556470
2024-03-28,17.77,17.94,17.72,17.89,7608639
2024-04-01,17.86,17.91,17.4,17.42,7700740
2024-04-02,17.31,17.38,17.16,17.24,3162317
2024-04-03,17.19,17.3,17.1,17.12,4369923
2024-04-04,17.28,17.36,16.93,16.97,4199390
2024-04-05,16.73,16.96,16.64,16.89,4533974
2024-04-08,16.99,17.17,16.95,17.03,3905637
2024-04-09,17.13,17.3,17.02,17.29,3435609
2024-04-10,16.76,16.77,16.38,16.4,5058021
2024-04-11,16.48,16.55,16.21,16.37,4596768
2024-04-12,16.32,16.61,16.28,16.52,6804176
2024-04-15,16.59,16.63,16.34,16.46,4971223
2024-04-16,16.34,16.36,16.03,16.07,5660000
2024-04-17,16.11,16.28,16.05,16.06,4191368
2024-04-18,16.17,16.24,16.04,16.19,6774362
2024-04-19,16.24,16.63,16.2,16.61,5873434
2024-04-22,16.63,16.99,16.52,16.97,5573286
2024-04-23,16.96,17.12,16.92,17.0,4092053
2024-04-24,16.89,17.02,16.79,16.91,3563187
2024-04-25,16.75,16.91,16.62,16.81,3922839
2024-04-26,16.85,17.01,16.76,16.77,2312018
2024-04-29,16.94,17.18,16.94,17.16,5000939
2024-04-30,17.01,17.35,16.99,17.0,5200593
2024-05-01,16.9,17.21,16.76,16.88,4632774
2024-05-02,17.06,17.45,16.89,17.3,5768387
2024-05-03,17.38,17.7,17.25,17.43,6729038
2024-05-06,17.56,17.58,17.16,17.35,3563414
2024-05-07,17.55,17.63,17.26,17.33,4419771
2024-05-08,17.25,17.31,17.15,17.26,4152228
2024-05-09,17.32,17.43,17.25,17.37,4321078
2024-05-10,17.45,17.48,17.32,17.32,2161174
2024-05-13,17.45,17.47,17.31,17.47,2221196
2024-05-14,17.58,17.65,17.37,17.53,3106368
2024-05-15,17.82,17.88,17.57,17.65,3566871
2024-05-16,17.64,17.71,17.41,17.43,3279057
2024-05-17,17.45,17.57,17.36,17.54,3593790
2024-05-20,17.53,17.53,17.23,17.25,1981561
2024-05-21,17.23,17.39,17.14,17.36,1603074
2024-05-22,17.28,17.42,17.25,17.34,2327162
2024-05-23,17.28,17.28,16.93,16.94,2731667
2024-05-24,17.08,17.08,16.83,16.85,2261881
2024-05-28,16.99,17.07,16.63,16.63,2840223
2024-05-29,16.44,16.76,16.4,16.68,3046213
2024-05-30,16.84,17.23,16.77,17.2,9561303
2024-05-31,17.35,17.7,17.25,17.66,5582022
2024-06-03,17.66,17.97,17.66,17.82,4182915
2024-06-04,17.77,17.82,17.57,17.59,4629656
2024-06-05,17.59,17.63,17.46,17.6,1703390
2024-06-06,17.51,17.66,17.48,17.56,1700304
2024-06-07,17.27,17.42,17.24,17.36,2950495
2024-06-10,17.22,17.3,16.79,17.13,4756516
2024-06-11,17.0,17.11,16.85,16.91,4285214
2024-06-12,17.33,17.42,17.08,17.12,5271387
2024-06-13,17.12,17.56,17.05,17.3,7169392
2024-06-14,17.19,17.39,17.13,17.32,3145425
2024-06-17,17.24,17.36,17.16,17.26,3208200
2024-06-18,17.3,17.42,17.25,17.37,3481365
2024-06-20,17.3,17.49,17.25,17.45,3601500
2024-06-21,17.64,17.64,17.33,17.54,7751647
2024-06-24,17.51,17.79,17.4,17.68,3853820
2024-06-25,17.67,17.73,17.18,17.33,2959413
2024-06-26,17.21,17.41,17.2,17.34,2779432
2024-06-27,17.32,17.66,17.32,17.64,3999467
2024-06-28,17.74,18.04,17.68,17.98,7838995
2024-07-01,17.93,18.04,17.72,17.8,3436536
2024-07-02,17.84,17.94,17.75,17.93,4483009
2024-07-03,18.01,18.02,17.79,17.8,1930070
2024-07-05,17.79,17.92,17.77,17.81,2334292
2024-07-08,17.84,17.94,17.7,17.79,3317303
2024-07-09,17.76,17.8,17.53,17.78,4612297
2024-07-10,17.86,18.22,17.82,18.22,3510549
2024-07-11,18.48,18.81,18.45,18.75,3755043
2024-07-12,18.93,19.17,18.88,19.01,4057141
2024-07-15,19.12,19.37,18.96,19.36,5115851
2024-07-16,19.48,19.66,19.47,19.58,5412624
2024-07-17,19.56,19.99,19.56,19.93,3957479
2024-07-18,19.87,20.25,19.67,19.67,8543757
2024-07-19,19.73,19.78,19.48,19.62,3178700
2024-07-22,19.63,19.84,19.43,19.84,2714443
2024-07-23,19.74,19.88,19.68,19.73,3385215
2024-07-24,19.75,19.9,19.29,19.31,5158851
2024-07-25,19.36,19.57,19.12,19.16,3355696
2024-07-26,19.37,19.64,19.18,19.58,3309113
2024-07-29,19.62,19.86,19.59,19.76,4148311
2024-07-30,19.84,20.45,19.69,20.35,4826841
2024-07-31,20.28,20.53,20.05,20.08,7738022
2024-08-01,20.56,20.77,20.12,20.34,5925575
2024-08-02,20.4,20.49,20.08,20.26,4591199
2024-08-05,19.76,20.1,19.48,19.54,4928329
2024-08-06,19.54,20.21,19.48,20.09,7412649
2024-08-07,20.23,20.49,19.83,19.87,6043178
2024-08-08,19.84,20.28,19.81,20.13,2891854
2024-08-09,20.13,20.25,19.98,20.18,1768312
2024-08-12,20.16,20.24,19.93,20.09,2741324
2024-08-13,20.29,20.3,20.09,20.2,3692212
2024-08-14,20.23,20.45,20.15,20.34,2362686
2024-08-15,20.45,20.88,20.36,20.57,3964188
2024-08-16,20.8,20.84,20.5,20.59,3074133
2024-08-19,20.43,20.64,20.43,20.6,2484260
2024-08-20,20.65,20.82,20.54,20.78,2920966
2024-08-21,20.89,21.14,20.8,21.07,3393357
2024-08-22,21.11,21.15,20.93,21.08,5419682
2024-08-23,21.2,21.54,21.11,21.46,4042668
2024-08-26,21.68,21.74,21.52,21.61,2641395
2024-08-27,21.48,21.62,21.39,21.4,3545555
2024-08-28,21.38,21.52,21.26,21.4,2929121
2024-08-29,21.41,21.43,21.22,21.26,2568002
2024-08-30,21.36,21.51,21.28,21.49,2880642
2024-09-03,21.35,21.5,21.25,21.46,3623195
2024-09-04,21.55,21.73,21.39,21.57,2517819
2024-09-05,21.7,21.84,21.49,21.57,2034365
2024-09-06,21.55,21.67,21.3,21.46,3643388
2024-09-09,21.46,21.83,21.4,21.74,3248007
2024-09-10,21.86,21.95,21.59,21.82,4270960
2024-09-11,21.64,22.0,21.52,21.93,3919777
2024-09-12,21.86,22.19,21.82,22.08,6138861
2024-09-13,22.11,22.46,22.11,22.42,3765453
2024-09-16,22.57,22.64,22.37,22.46,3165316
2024-09-17,22.42,22.53,21.91,22.01,3225440
2024-09-18,22.08,22.26,21.88,21.98,3115622
2024-09-19,22.13,22.17,21.55,21.7,4206733
2024-09-20,21.55,21.82,21.55,21.7,7716388
2024-09-23,21.87,22.13,21.86,22.06,3827746
2024-09-24,21.93,22.23,21.83,22.06,3689256
2024-09-25,22.08,22.11,21.7,21.81,4962743
2024-09-26,21.83,21.92,21.24,21.35,9039334
2024-09-27,21.52,21.66,21.35,21.43,4710973
2024-09-30,21.41,21.7,21.33,21.68,4298989
2024-10-01,21.78,21.8,21.49,21.55,5295666
2024-10-02,21.41,21.74,21.36,21.43,7930618
2024-10-03,21.41,21.47,21.19,21.35,3377389
2024-10-04,21.27,21.45,21.04,21.41,2791059
2024-10-07,21.24,21.43,21.14,21.4,3318861
2024-10-08,21.51,21.57,21.28,21.34,2639839
2024-10-09,21.34,21.71,21.28,21.65,2622764
2024-10-10,21.57,21.68,21.21,21.34,2548239
2024-10-11,21.42,21.68,21.41,21.64,2946092
2024-10-14,21.55,21.94,21.54,21.85,2754052
2024-10-15,21.96,22.67,21.96,22.42,7152827
2024-10-16,22.55,22.76,22.42,22.73,4771602
2024-10-17,22.63,22.93,22.55,22.84,6973901
2024-10-18,22.97,23.03,22.76,22.98,3117792
2024-10-21,22.94,22.96,22.41,22.46,3041567
2024-10-22,22.43,22.62,22.37,22.44,2058255
2024-10-23,22.27,22.55,22.25,22.37,2954200
2024-10-24,22.35,22.47,22.25,22.36,2868660
2024-10-25,22.48,22.54,21.98,21.98,2810093
2024-10-28,22.18,22.44,22.12,22.29,3033314
2024-10-29,22.24,22.4,22.08,22.1,4327121
2024-10-30,22.11,22.47,22.06,22.42,6459841
2024-10-31,22.2,22.96,22.13,22.14,6053994
2024-11-01,22.22,22.55,22.1,22.25,3614313
2024-11-04,22.42,22.8,22.39,22.61,3106162
2024-11-05,22.54,23.02,22.46,23.01,2520043
2024-11-06,23.29,23.35,22.51,22.7,8140207
2024-11-07,22.7,23.11,22.63,23.02,4544013
2024-11-08,23.17,23.4,23.09,23.27,3863217
2024-11-11,23.36,23.43,23.22,23.39,3515251
2024-11-12,23.43,23.52,23.02,23.04,3891805
2024-11-13,23.23,23.34,23.01,23.17,6025267
2024-11-14,23.07,23.14,22.94,23.08,3044131
2024-11-15,23.06,23.29,22.92,23.23,3144817
2024-11-18,23.11,23.45,23.03,23.43,3014279
2024-11-19,23.26,23.4,23.2,23.39,6329396
2024-11-20,23.37,23.49,23.25,23.42,3219896
2024-11-21,23.48,23.66,23.42,23.63,3796363
2024-11-22,23.77,23.77,23.63,23.68,2903330
2024-11-25,23.81,23.88,23.63,23.84,6247169
2024-11-26,23.81,23.85,23.62,23.77,3605114
2024-11-27,23.92,24.09,23.81,24.07,3860252
2024-11-29,24.07,24.11,23.84,23.87,4561083
2024-12-02,23.74,23.84,23.48,23.54,3140150
2024-12-03,23.64,23.7,23.36,23.53,2570788
2024-12-04,23.57,23.66,23.47,23.62,2961463
2024-12-05,23.57,23.74,23.5,23.67,4036162
2024-12-06,23.77,23.82,23.65,23.75,2143479
2024-12-09,23.72,23.75,23.52,23.61,3109773
2024-12-10,23.61,23.62,23.24,23.32,5385604
2024-12-11,23.34,23.43,22.98,23.05,4524361
2024-12-12,23.02,23.34,22.97,23.09,2883002
2024-12-13,22.98,23.23,22.95,23.2,4224304
2024-12-16,23.12,23.63,23.0,23.03,4605962
2024-12-17,22.87,23.21,22.78,22.91,3350925
2024-12-18,22.86,23.09,21.94,21.95,3858280
2024-12-19,21.95,22.18,21.67,21.7,4915913
2024-12-20,21.72,22.26,21.7,22.08,9672418
2024-12-23,21.99,22.17,21.88,22.09,3739784
2024-12-24,21.99,22.31,21.97,22.27,1557415
2024-12-26,22.15,22.37,22.13,22.26,1580761
2024-12-27,22.16,22.36,21.96,22.04,2023544
2024-12-30,21.9,21.96,21.61,21.9,2904615
2024-12-31,22.05,22.17,21.89,22.09,3107553
2025-01-02,21.97,22.11,21.52,21.66,3418400
2025-01-03,21.76,21.92,21.68,21.85,2875318
2025-01-06,21.86,21.86,20.98,21.06,6972101
2025-01-07,21.11,21.33,20.62,20.71,4014183
2025-01-08,20.68,20.86,20.57,20.78,3889355
2025-01-10,20.36,20.53,20.25,20.42,5053004
2025-01-13,20.42,20.84,20.34,20.81,4974147
2025-01-14,20.85,20.89,20.7,20.75,3471226
2025-01-15,21.27,21.34,20.67,20.77,4080861
2025-01-16,20.81,21.05,20.77,21.02,5106765
2025-01-17,21.1,21.2,20.99,21.02,3808257
2025-01-21,21.03,21.26,20.96,21.21,6525160
2025-01-22,21.06,21.16,20.79,20.95,3532001
2025-01-23,20.99,21.43,20.84,21.39,4714643
2025-01-24,21.31,21.67,21.3,21.61,3790678
2025-01-27,21.76,22.16,21.67,22.09,3820064
2025-01-28,21.99,22.3,21.6,21.62,3536031
2025-01-29,21.67,21.71,21.09,21.14,3261333
2025-01-30,21.39,21.58,21.19,21.38,3545987
2025-01-31,21.29,21.45,20.98,21.17,11743127
2025-02-03,20.89,21.1,20.58,20.95,3495209
2025-02-04,20.58,21.02,20.58,20.86,3379873
2025-02-05,21.12,21.26,20.89,21.09,4372218
2025-02-06,21.28,21.28,20.91,21.13,4157020
2025-02-07,21.62,21.71,20.76,21.11,8061266
2025-02-10,21.0,21.1,20.71,20.88,4404421
2025-02-11,20.78,21.1,20.69,21.1,3598420
2025-02-12,20.74,21.05,20.68,21.02,4034838
2025-02-13,20.98,21.17,20.93,21.16,4193891
2025-02-14,21.28,21.34,20.55,20.55,5258373
2025-02-18,20.43,20.54,20.24,20.35,5616849
2025-02-19,20.31,20.51,20.2,20.3,4557718
2025-02-20,20.3,20.47,20.23,20.39,2493928
2025-02-21,20.48,20.5,20.09,20.29,3265497
2025-02-24,20.39,20.65,20.23,20.55,3106517
2025-02-25,20.5,20.72,20.43,20.6,3495900
2025-02-26,20.64,20.75,20.41,20.44,2783514
2025-02-27,20.49,20.66,20.34,20.38,2832247
2025-02-28,20.51,20.86,20.42,20.84,6266207
2025-03-03,20.78,21.06,20.61,20.79,4543451
2025-03-04,20.76,20.8,20.25,20.28,5115438
2025-03-05,20.13,20.53,20.08,20.47,3775271
2025-03-06,20.27,20.46,20.07,20.24,8632187
2025-03-07,20.31,20.79,20.19,20.44,7559905
2025-03-10,20.42,20.7,20.21,20.29,5443547
2025-03-11,20.34,20.48,19.5,19.67,6417512
2025-03-12,19.75,19.98,19.65,19.91,5649141
2025-03-13,19.93,20.05,19.1,19.2,5965417
2025-03-14,19.38,19.63,19.08,19.63,4801901
2025-03-17,19.47,19.84,19.47,19.78,4030064
2025-03-18,19.74,20.18,19.64,19.98,7007423
2025-03-19,19.91,20.18,19.75,20.0,4872621
2025-03-20,19.95,20.08,19.8,19.95,5513594
2025-03-21,19.85,19.98,19.52,19.79,10869843
2025-03-24,19.89,20.41,19.82,20.35,7107480
2025-03-25,20.4,20.51,20.05,20.21,4666617
2025-03-26,20.22,20.4,20.07,20.23,2959160
2025-03-27,20.28,20.4,19.96,20.04,5928203
2025-03-28,20.14,20.15,19.75,19.97,2520463
2025-03-31,19.98,20.35,19.85,20.26,4071697
2025-04-01,20.26,20.48,19.94,20.17,3941061
2025-04-02,20.11,20.53,19.98,20.46,3704472
2025-04-03,20.01,20.07,18.92,19.14,10085672
2025-04-04,18.93,19.02,18.32,18.43,12695251
2025-04-07,18.22,18.77,17.57,18.24,9693844
2025-04-08,18.68,19.05,17.59,17.84,7983872
2025-04-09,17.55,19.3,17.1,19.23,10825226
2025-04-10,18.89,19.36,18.31,18.86,7290386
2025-04-11,18.73,19.29,18.44,19.2,6720345
2025-04-14,19.48,19.51,19.14,19.36,5560936
2025-04-15,19.39,19.52,19.31,19.36,3907496
2025-04-16,19.39,19.57,19.12,19.23,7216869
2025-04-17,19.32,19.89,19.29,19.64,4086496
2025-04-21,19.37,19.51,19.0,19.16,6740946
2025-04-22,19.44,19.62,19.27,19.51,5293044
2025-04-23,19.64,19.98,19.48,19.57,5669044
2025-04-24,19.55,19.65,19.41,19.49,7684566
2025-04-25,19.49,19.49,19.14,19.41,4939178
2025-04-28,19.4,19.61,19.3,19.55,4925965
2025-04-29,19.48,19.55,19.11,19.16,7075971
2025-04-30,19.08,19.11,18.69,19.06,7635154
2025-05-01,19.29,20.23,19.02,19.98,10826918
2025-05-02,20.18,20.25,19.98,20.15,4477447
2025-05-05,19.98,20.01,19.7,19.77,5285032
2025-05-06,19.64,19.82,19.48,19.66,2898274
2025-05-07,19.73,19.85,19.61,19.7,4273929
2025-05-08,19.79,19.88,19.42,19.73,5194031
2025-05-09,19.73,19.93,19.62,19.86,3218423
2025-05-12,20.18,20.61,20.18,20.58,4107442
2025-05-13,20.68,20.68,20.21,20.47,6251455
2025-05-14,20.2,20.48,20.0,20.13,5208295
2025-05-15,20.11,20.44,20.11,20.4,2524479
2025-05-16,20.47,20.7,20.33,20.69,2860570
2025-05-19,20.46,20.74,20.45,20.67,3914491
2025-05-20,20.57,20.65,20.24,20.32,4017012
2025-05-21,20.2,20.23,19.6,19.66,3382022
2025-05-22,19.65,19.76,19.42,19.66,3302023
2025-05-23,19.49,19.6,19.41,19.54,2903961
2025-05-27,19.75,20.06,19.64,20.04,3328284
2025-05-28,20.09,20.09,19.86,20.01,2879790
2025-05-29,20.08,20.45,20.01,20.37,6415028
2025-05-30,20.3,20.36,20.12,20.28,6604853
2025-06-02,20.13,20.25,19.82,20.19,3582997
2025-06-03,20.04,20.18,19.99,20.08,2949045
2025-06-04,20.17,20.17,19.92,19.99,3677857
2025-06-05,19.99,19.99,19.7,19.86,4169840
2025-06-06,20.0,20.29,19.96,20.27,5261209
2025-06-09,20.31,20.46,20.16,20.32,3469648
2025-06-10,20.37,20.59,20.31,20.47,5373276
2025-06-11,20.63,20.72,20.18,20.27,5076259
2025-06-12,20.24,20.32,20.06,20.3,3265926
2025-06-13,20.12,20.21,19.92,20.11,2772518
2025-06-16,20.27,20.41,20.15,20.2,2567749
2025-06-17,20.19,20.3,19.98,20.06,3066353
2025-06-18,20.12,20.43,20.04,20.28,3703730
2025-06-20,20.39,20.49,20.1,20.17,10711457
2025-06-23,20.18,20.52,20.12,20.49,3098909
2025-06-24,20.55,20.67,20.47,20.51,3565987
2025-06-25,20.37,20.42,20.08,20.11,4648073
2025-06-26,20.15,20.34,20.09,20.3,3895690
2025-06-27,20.33,20.44,20.12,20.21,5615088
2025-06-30,20.19,20.31,19.9,20.3,5165280
2025-07-01,20.29,20.84,20.15,20.45,5735002
2025-07-02,20.6,20.76,20.44,20.7,4870163
2025-07-03,20.72,20.93,20.66,20.87,3389277
2025-07-07,20.83,20.92,20.43,20.48,4294612
2025-07-08,20.34,20.51,20.31,20.35,5445841
2025-07-09,20.47,20.54,20.34,20.42,3765305
2025-07-10,20.45,20.78,20.42,20.63,3017978
2025-07-11,20.51,20.78,20.36,20.74,3593505
2025-07-14,20.69,20.97,20.59,20.96,5178399
2025-07-15,20.99,21.03,20.4,20.44,4632426
2025-07-16,20.5,20.72,20.37,20.67,2819877
2025-07-17,20.67,20.97,20.61,20.91,3617247
2025-07-18,20.91,21.03,20.78,20.92,3467160
2025-07-21,20.92,21.11,20.84,20.87,3225975
2025-07-22,20.98,21.35,20.83,21.31,3086130
2025-07-23,21.36,21.41,21.23,21.36,2789220
2025-07-24,21.34,21.38,21.19,21.22,2505713
2025-07-25,21.22,21.38,20.88,21.03,4191205
2025-07-28,20.99,21.06,20.74,20.81,2771832
2025-07-29,20.94,21.24,20.83,21.17,5742767
2025-07-30,21.25,21.64,21.08,21.14,7432324
2025-07-31,20.72,21.33,20.46,20.5,7340204
2025-08-01,20.63,20.64,19.94,20.02,5355524
2025-08-04,20.08,20.47,20.06,20.32,4626622
2025-08-05,20.37,20.57,20.26,20.56,4774836
2025-08-06,20.62,20.73,20.56,20.59,8017269
2025-08-07,20.79,20.8,20.22,20.46,4554418
2025-08-08,20.47,20.5,20.02,20.09,3489993
2025-08-11,20.03,20.33,20.02,20.08,3501879
2025-08-12,20.17,20.41,20.08,20.4,2404843
2025-08-13,20.51,20.83,20.39,20.79,3120079
2025-08-14,20.59,20.65,20.28,20.43,3787277
2025-08-15,20.44,20.56,20.33,20.48,3209031
2025-08-18,20.54,20.62,20.37,20.38,3809384
2025-08-19,20.38,20.96,20.38,20.95,3155826
2025-08-20,21.0,21.12,20.83,20.88,4360125
2025-08-21,20.8,20.92,20.74,20.81,2983749
2025-08-22,20.97,21.53,20.88,21.43,2365151
2025-08-25,21.39,21.49,21.23,21.43,2752608
2025-08-26,21.44,21.57,21.29,21.35,4312831
2025-08-27,21.41,21.68,21.38,21.61,2256601
2025-08-28,21.63,21.65,21.38,21.63,5576821
2025-08-29,21.65,21.74,21.51,21.71,3291369
2025-09-02,21.59,21.68,21.38,21.48,4390742
2025-09-03,21.39,21.71,21.37,21.7,3267259
2025-09-04,21.86,22.01,21.7,22.0,3314274
2025-09-05,22.16,22.42,22.03,22.22,3581800
2025-09-08,22.0,22.15,21.82,21.98,3437269
2025-09-09,22.03,22.06,21.71,21.83,4448788
2025-09-10,21.77,21.92,21.72,21.77,3298412
2025-09-11,21.71,22.01,21.7,21.93,3028583
2025-09-12,21.94,22.06,21.81,21.86,3489633
2025-09-15,21.85,21.93,21.73,21.81,3417177
2025-09-16,21.77,21.85,21.53,21.59,4117091
2025-09-17,21.6,21.85,21.4,21.43,5236893
2025-09-18,21.43,21.68,21.43,21.64,2646127
2025-09-19,21.69,21.75,21.39,21.42,7513104
2025-09-22,21.32,21.39,21.18,21.25,3750174
2025-09-23,21.26,21.45,21.19,21.38,2619671
2025-09-24,21.37,21.42,21.09,21.12,3491289
2025-09-25,21.13,21.27,20.94,20.97,2907168
2025-09-26,21.1,21.21,20.94,21.08,3267361
2025-09-29,21.09,21.19,20.96,21.16,3208401
2025-09-30,21.16,21.35,21.12,21.33,2970694
2025-10-01,21.18,21.39,20.92,21.01,4799379
2025-10-02,20.99,21.06,20.7,20.85,2671246
2025-10-03,20.87,21.18,20.87,20.96,3180598
2025-10-06,21.02,21.3,20.86,21.01,3461675
2025-10-07,20.98,21.03,20.73,20.86,4241877
2025-10-08,20.81,20.85,20.7,20.78,2793730
2025-10-09,20.77,20.9,20.63,20.73,2593798
2025-10-10,20.73,20.79,20.27,20.29,8378859
2025-10-13,20.36,20.59,20.26,20.55,4341521
2025-10-14,20.47,20.96,20.47,20.88,5576080
2025-10-15,20.95,21.3,20.91,21.19,6509870
2025-10-16,21.35,21.35,20.92,21.1,5167112
2025-10-17,21.07,21.36,20.97,21.32,3986186
2025-10-20,21.43,21.55,21.22,21.48,5609875
2025-10-21,21.51,21.81,21.38,21.68,5406479
2025-10-22,21.77,21.91,21.63,21.88,4590841
2025-10-23,21.85,21.86,21.48,21.69,3664507
2025-10-24,21.88,21.9,21.69,21.81,2355723
2025-10-27,21.79,21.92,21.67,21.84,4216815
2025-10-28,21.85,21.85,21.22,21.27,4186379
2025-10-29,21.1,21.27,20.81,20.89,5499452
2025-10-30,21.05,21.32,20.41,20.49,8054927
2025-10-31,20.4,20.59,20.17,20.17,6343645
2025-11-03,20.01,20.16,19.54,19.89,8790575
2025-11-04,19.89,20.03,19.68,19.95,9854396
2025-11-05,20.11,20.11,19.69,19.95,5719308
2025-11-06,19.91,20.04,19.68,19.76,4863269
2025-11-07,19.83,20.07,19.79,20.05,4101969
2025-11-10,20.01,20.08,19.82,19.85,4419612
2025-11-11,19.97,20.24,19.93,20.2,5913587
2025-11-12,20.12,20.31,20.07,20.1,3589568
2025-11-13,20.01,20.2,19.9,19.95,3195235
2025-11-14,20.04,20.11,19.87,19.93,3870038
2025-11-17,20.0,20.05,19.62,19.63,3507881
2025-11-18,19.59,19.84,19.54,19.75,3973367
2025-11-19,19.7,19.79,19.46,19.54,4236803
2025-11-20,19.78,19.86,19.39,19.4,5992555
2025-11-21,19.45,20.0,19.43,19.88,10145648
2025-11-24,19.67,20.04,19.67,19.96,9729039
2025-11-25,20.02,20.28,20.01,20.19,4458109
2025-11-26,20.14,20.34,20.11,20.13,3475693
2025-11-28,20.07,20.24,20.01,20.17,1781795
2025-12-01,20.01,20.21,19.99,20.0,4211747
2025-12-02,20.05,20.1,19.75,19.82,5601853
2025-12-03,19.85,19.96,19.78,19.93,3909006
2025-12-04,19.91,19.98,19.84,19.88,3989921
2025-12-05,19.82,20.02,19.79,19.91,3069789
2025-12-08,19.89,19.9,19.54,19.56,4044508
2025-12-09,19.63,19.87,19.63,19.68,5451798
2025-12-10,19.68,20.02,19.68,19.84,4298573
2025-12-11,19.92,20.11,19.86,19.91,4183697
2025-12-12,20.02,20.14,19.87,19.94,2801911
2025-12-15,20.0,20.28,19.86,20.27,4877752
2025-12-16,20.27,20.36,19.86,19.86,6166538
2025-12-17,19.87,20.27,19.83,20.22,3934408
2025-12-18,20.3,20.34,20.0,20.05,4502940
2025-12-19,20.04,20.05,19.77,19.77,9714731
2025-12-22,19.71,19.86,19.68,19.81,5198963
2025-12-23,19.84,19.98,19.71,19.89,7481586
2025-12-24,19.96,20.25,19.87,20.19,1959456
2025-12-26,20.16,20.22,20.0,20.13,2874599
2025-12-29,20.16,20.21,20.09,20.16,2898342
2025-12-30,20.19,20.23,20.09,20.13,2269605
2025-12-31,20.15,20.16,19.98,20.05,2406518
2026-01-02,20.0,20.04,19.75,19.84,3994893
2026-01-05,19.84,20.09,19.77,19.92,5038957
2026-01-06,19.83,20.21,19.8,20.11,4440348
2026-01-07,20.23,20.29,20.04,20.09,5470514
2026-01-08,20.0,20.47,19.95,20.39,5559150
2026-01-09,20.32,20.53,20.12,20.18,5127582
2026-01-12,20.11,20.4,20.02,20.37,4395763
2026-01-13,20.42,20.46,20.07,20.33,4257510
2026-01-14,20.36,20.44,20.21,20.41,3114443
2026-01-15,20.46,20.67,20.39,20.55,4404282
2026-01-16,20.52,20.85,20.41,20.83,5447342
2026-01-20,20.59,20.91,20.38,20.74,6039311
2026-01-21,20.85,20.91,20.5,20.69,4462340
2026-01-22,20.7,20.89,20.42,20.53,7084410
2026-01-23,20.49,20.78,20.39,20.73,4211697
2026-01-26,20.73,20.85,20.61,20.62,4171304
2026-01-27,20.58,20.74,20.47,20.71,5157851
2026-01-28,20.75,20.84,20.12,20.25,5565422
2026-01-29,20.36,20.54,20.15,20.48,13084906
2026-01-30,20.42,20.89,20.32,20.85,7347819
2026-02-02,20.83,20.85,20.33,20.6,9252971
2026-02-03,20.53,20.81,20.49,20.67,5847578
2026-02-04,20.84,21.42,20.82,21.27,6585513
2026-02-05,21.3,21.54,21.13,21.45,5724727
2026-02-06,21.52,21.68,21.35,21.59,4050319
2026-02-09,21.54,21.64,21.41,21.52,3230385
2026-02-10,21.56,21.98,21.56,21.94,4553868
2026-02-11,21.95,21.98,21.65,21.75,4696833
2026-02-12,21.8,22.62,21.8,22.07,7467764
2026-02-13,22.37,22.56,22.12,22.46,5516354
2026-02-17,22.75,22.96,22.4,22.89,6601265
2026-02-18,22.85,22.9,22.36,22.41,6702277
2026-02-19,22.39,22.48,22.22,22.32,5730275
2026-02-20,22.43,22.93,22.28,22.91,8429879
2026-02-23,22.99,23.31,22.97,23.15,9445004
2026-02-24,23.19,23.4,22.97,23.04,9089766
2026-02-25,23.01,23.14,22.78,23.06,5025232
2026-02-26,23.17,23.4,23.06,23.38,7679719
2026-02-27,23.31,23.64,23.2,23.29,13790252
2026-03-02,23.17,23.46,23.04,23.3,6952587
2026-03-03,22.99,23.4,22.79,23.27,5683037
2026-03-04,23.21,23.32,23.01,23.3,4233561
2026-03-05,23.11,23.32,23.05,23.25,6703752
2026-03-06,23.1,23.33,22.93,23.28,8303699
2026-03-09,23.01,23.22,22.6,23.2,6897021
2026-03-10,23.12,23.46,23.0,23.16,5188573
2026-03-11,23.02,23.2,22.91,23.17,4918250
2026-03-12,23.02,23.22,22.91,22.95,5048835
2026-03-13,23.21,23.31,22.81,22.91,3313981
2026-03-16,23.19,23.36,23.0,23.19,5041558
2026-03-17,23.34,23.43,23.23,23.23,5098269
2026-03-18,23.16,23.23,22.83,22.85,3919168
2026-03-19,22.84,23.15,22.75,23.09,5564228
2026-03-20,23.07,23.11,22.19,22.34,12226760
2026-03-23,22.74,23.04,22.52,22.7,7009883
2026-03-24,22.59,22.99,22.49,22.56,4457355
2026-03-25,22.64,22.71,22.38,22.41,5853839
2026-03-26,22.38,22.58,22.22,22.26,3876702
2026-03-27,22.25,22.47,22.11,22.22,4185218
2026-03-30,22.44,22.62,22.17,22.32,4101162
2026-03-31,22.63,22.76,22.24,22.47,7119589
2026-04-01,22.38,22.59,22.37,22.45,5713305
2026-04-02,22.42,22.66,22.3,22.6,5002288
2026-04-06,22.42,22.56,22.32,22.46,3160815
2026-04-07,22.38,22.72,22.36,22.65,3707299
2026-04-08,22.91,22.99,22.66,22.67,5245410
2026-04-09,22.66,23.22,22.6,23.07,4374847
2026-04-10,23.1,23.26,22.99,23.17,6078163
2026-04-13,23.09,23.2,22.97,23.2,4236241
2026-04-14,23.13,23.67,23.06,23.6,4837337
2026-04-15,23.53,23.56,23.39,23.48,4501476
2026-04-16,23.47,23.81,23.41,23.75,5897800
2026-04-17,23.79,24.25,23.71,24.19,4338150
