Date,Open,High,Low,Close,Volume
2016-04-25,142.60885438061445,143.09477794965528,142.18123926718485,142.4339141845703,1396700
2016-04-26,142.0159693169964,142.2589310027756,140.47072172524537,141.51060485839844,1794200
2016-04-27,141.51066415760872,143.59041646621833,141.07333590578722,142.99758911132812,1497800
2016-04-28,143.0655956797715,143.73615761707515,139.24622946454963,141.2288055419922,3063500
2016-04-29,139.8487362680889,140.5095997450557,137.1567315462738,140.1888885498047,2205700
2016-05-02,140.9275074194999,142.63796737880855,140.89835320012136,142.3755645751953,1537100
2016-05-03,142.0450719839409,142.11309352008732,139.68347754401773,140.7913818359375,981700
2016-05-04,139.1976388764026,140.94696640728955,138.9546771312574,140.48048400878906,982500
2016-05-05,140.12083846953394,141.67579899228224,139.74181888112938,141.05381774902344,1224000
2016-05-06,140.917811949676,143.37658362011646,140.78175396578945,142.8323516845703,1257400
2016-05-09,143.14333619492342,144.31927757408238,142.64769957005265,143.30856323242188,1191200
2016-05-10,144.18324529675496,144.69832310538237,142.93928211789506,144.6400146484375,1471500
2016-05-11,144.80513896459675,145.72839024047698,143.78469710001258,143.80413818359375,972200
2016-05-12,144.11519437383032,145.0578872107957,143.4251912638099,144.7274627685547,1203300
2016-05-13,144.19295341581437,145.14537427683135,143.25026051675712,143.72647094726562,1531100
2016-05-16,143.73615139471423,146.1949228793431,143.54178497945165,146.01028442382812,1473000
2016-05-17,145.96165900523172,146.70025716256188,143.8916207781144,144.63023376464844,1815800
2016-05-18,144.25121602675156,146.9626769523686,143.84304214284046,145.88392639160156,1715100
2016-05-19,145.30081031172773,145.34940561776352,142.79344377817569,144.2415008544922,1428000
2016-05-20,145.14540854125102,146.0783736985932,144.1735611853115,144.65948486328125,1420900
2016-05-23,144.65932512148277,145.23271086930765,143.70690508734938,144.64959716796875,994100
2016-05-24,145.03841929931409,146.80717273399088,144.6010763834014,146.4378662109375,1097600
2016-05-25,146.59340551239825,147.4097534756632,146.36017171101346,146.90440368652344,1311800
2016-05-26,146.68089543533284,147.5750079374284,146.27272137787804,146.94329833984375,914300
2016-05-27,147.25429479554188,147.88598955629504,146.11723532865912,147.8471221923828,1847600
2016-05-31,147.72075883945536,147.83737574582358,146.28242928714468,147.4972381591797,2177300
2016-06-01,147.03066658754122,149.12985881680402,146.38925909737955,148.75083923339844,1730000
2016-06-02,148.28434321544805,149.3728065682048,148.02194050390813,149.22703552246094,809600
2016-06-03,148.410723675981,148.9646686121402,147.03068824166564,148.5662078857422,831700
2016-06-06,148.49816242860038,149.56718478375603,147.74983639954993,148.87718200683594,1015000
2016-06-07,148.88688700738965,149.28534764791902,148.235751604896,148.39125061035156,1415600
2016-06-08,148.65370388467642,149.95597513255865,147.7110112336496,149.80047607421875,1395000
2016-06-09,149.27572239199327,150.4516490936055,148.70232132549424,149.8102264404297,1002600
2016-06-10,148.73143250859866,148.96468108657976,147.15704538754235,147.52635192871094,1303100
2016-06-13,147.3804260214858,148.19758125669904,146.34925181840143,146.4270782470703,956800
2016-06-14,145.66826720804897,145.74609362500968,143.11950029516785,143.95611572265625,1755900
2016-06-15,144.35497424233816,144.6176365508275,143.2556964849215,143.40162658691406,1131800
2016-06-16,142.65259396529416,143.39192285407466,141.28093083969637,143.22654724121094,1335100
2016-06-17,143.10979652728363,143.37245886385534,141.86460337861703,142.26345825195312,1418500
2016-06-20,143.7032062182516,145.14295797481245,143.53783063114898,144.3355255126953,1264400
2016-06-21,144.89976089452807,146.00876151463123,144.35499074344207,144.86085510253906,1257900
2016-06-22,145.04575373019532,147.38048819976845,144.9971103362709,145.77536010742188,936000
2016-06-23,147.38047024430813,148.0517104045997,146.6995073439681,148.00306701660156,1136900
2016-06-24,142.6428986267684,144.79279685083705,140.68754426757022,141.397705078125,3149400
2016-06-27,139.9287145085635,140.71668669998968,136.3974311749917,137.09783935546875,2842400
2016-06-28,138.49870283420188,139.37423914676322,137.6523644248806,139.2574920654297,2075100
2016-06-29,140.5416048014757,141.68951137659187,139.1991247071615,141.2128448486328,1998800
2016-06-30,141.6311345670024,143.76158678406964,141.18365113192735,143.74212646484375,2419800
2016-07-01,143.91724885830516,145.77531610059103,143.46002781242592,145.1721649169922,1433100
2016-07-05,144.17015162736956,144.6954762927179,142.65257342769297,143.24598693847656,1878200
2016-07-06,142.4190734123501,145.318051698726,141.7867542025116,145.05538940429688,1869400
2016-07-07,144.79278640257886,145.65858521132947,144.4133917525393,145.00680541992188,1331900
2016-07-08,146.37843551625707,149.2482164331061,146.27142603185177,148.53807067871094,1153700
2016-07-11,148.90774667773678,149.47196232709314,147.87655759735958,148.1975860595703,959100
2016-07-12,149.06342090307706,150.561554090617,148.30463156949935,150.18215942382812,1188000
2016-07-13,150.7949337940441,150.9505866066989,149.8999523870831,150.5906524658203,844200
2016-07-14,152.341746519167,153.77177553972268,151.46621036812138,153.44100952148438,2033500
2016-07-15,154.06362731510566,154.06362731510566,152.48768280742297,152.76979064941406,1628200
2016-07-18,152.39040880322648,153.0422034035095,151.8164554892993,152.779541015625,1098900
2016-07-19,152.02072676184366,152.67250641108836,151.3300264758202,152.3806610107422,679200
2016-07-20,152.52656348185224,153.80095446156184,152.28336147596355,153.402099609375,686900
2016-07-21,153.24644261877472,153.49936735426496,151.4856625187776,151.95260620117188,1103200
2016-07-22,152.55570573766275,153.09073808037894,151.77745663389328,152.62379455566406,901900
2016-07-25,152.73088610136955,153.27565631371752,152.04018575393735,152.71142578125,1119400
2016-07-26,152.73088168988522,154.80296782845664,152.04991894411924,154.56948852539062,1508200
2016-07-27,155.05588970908735,155.1628991988415,153.1978225887532,154.57920837402344,1536800
2016-07-28,152.8865537505126,154.92944224425523,152.3028628415139,154.5014190673828,1654700
2016-07-29,154.61814552713406,155.63959715772953,154.0733752825167,154.52085876464844,1438600
2016-08-01,154.4333106466108,156.3108234557107,154.2582122855838,155.22128295898438,1794000
2016-08-02,155.1921006726108,155.44502547664737,151.6510791967185,152.18612670898438,1711300
2016-08-03,152.5654891078623,152.5654891078623,151.437028201082,151.758056640625,1039700
2016-08-04,152.36115405169917,153.40206553072045,152.00121991298334,152.16659545898438,893300
2016-08-05,153.0421229653389,153.518789264664,152.5557190883993,153.22694396972656,935600
2016-08-08,153.15889761610447,153.51883183481021,151.91370453336154,152.263916015625,833800
2016-08-09,152.2833783781925,152.97407868288246,152.0012705513538,152.41957092285156,584900
2016-08-10,152.52656557051142,153.09079601316432,151.36893647548177,151.7677764892578,687300
2016-08-11,151.99156327423216,153.2659396811429,151.60243107571418,153.1783905029297,781100
2016-08-12,152.50711013258893,152.57519897190758,150.83387923098056,151.2619171142578,864700
2016-08-15,151.45654244731804,152.20560907297042,151.06741018028126,151.7289276123047,959100
2016-08-16,151.38837700502984,151.71914300810974,150.7560577392578,150.7560577392578,861300
2016-08-17,151.23276014245442,151.31057173113092,149.49142525736488,150.4642333984375,916400
2016-08-18,150.02649900351832,150.26970108142004,148.5867468586257,149.18016052246094,2155800
2016-08-19,148.72290692836629,149.62761133539647,148.35323510069878,149.40386962890625,1498000
2016-08-22,149.50110569138337,150.07507361354774,149.11198848261063,149.8026885986328,705900
2016-08-23,150.35722639988643,151.94290844614196,149.97783181233828,150.34750366210938,1064700
2016-08-24,150.16260635438664,150.29879884696572,146.67995279401472,147.1468963623047,1513700
2016-08-25,147.1761618795441,148.24625695221235,146.65085192633762,147.2345428466797,1358100
2016-08-26,147.78900308149773,148.88828097197248,147.3317820922139,148.217041015625,1158300
2016-08-29,148.1392349545598,149.91947578323746,148.03222545631553,149.33578491210938,986700
2016-08-30,149.61786627210475,149.85133068095297,147.92517508859848,148.99526977539062,966500
2016-08-31,149.00502939302507,149.2287711215092,147.4388076058862,148.0516815185547,1053800
2016-09-01,148.49916895567114,148.67428215421634,146.31035045904653,146.84539794921875,1306000
2016-09-02,147.11775042468346,147.7111639014271,146.57298031695925,147.06910705566406,1104200
2016-09-06,147.1371991744894,147.27339169071425,146.5729687947376,146.8939971923828,1498000
2016-09-07,146.53412364165848,147.31235843132006,146.20335752778746,146.40765380859375,1527300
2016-09-08,146.31031058434277,147.12748054838707,146.2908651128182,146.5535125732422,1399400
2016-09-09,144.06320607952028,144.48152145007705,139.7731170654297,139.7731170654297,2995200
2016-09-12,139.2963773316351,142.7692941089117,139.12126417604412,142.41908264160156,1932500
2016-09-13,141.44528691044988,142.03930901954953,139.36134317442915,141.347900390625,1933900
2016-09-14,141.21158341414662,143.99666878792843,141.21158341414662,143.97720336914062,3221700
2016-09-15,144.48358388237654,146.85967277513197,144.07458716693333,146.07089233398438,2085500
2016-09-16,146.23648089983476,146.4507194608095,145.04843610137632,146.11962890625,1985500
2016-09-19,146.24617027241737,147.31736275983974,145.98325336476788,146.07089233398438,1058900
2016-09-20,147.4050469732085,148.53466578683103,146.51889458063783,147.64849853515625,1488200
2016-09-21,148.46643543054267,151.54365039566667,148.13533017315658,151.34889221191406,1791200
2016-09-22,152.31298553572694,153.96845260641226,151.60209652480586,153.53024291992188,1599000
2016-09-23,152.7414625124194,154.00739830470297,152.6051302797535,153.53024291992188,1626200
2016-09-26,152.86809343707122,152.86809343707122,151.53398369517748,152.069580078125,1650500
2016-09-27,152.35187597781425,154.8545633843917,151.74812128913982,154.71823120117188,1874200
2016-09-28,154.92281366855235,154.92281366855235,153.02389468671302,154.48460388183594,946700
2016-09-29,154.47481008948373,155.09804517194095,151.2709808672314,151.9721221923828,1473900
2016-09-30,152.5953121788758,155.35118340597748,152.5953121788758,154.89349365234375,1985900
2016-10-03,153.8126143938953,155.04935185013372,153.4425783151181,154.95196533203125,1304500
2016-10-04,154.815651404722,155.26360863815873,152.37140404630566,153.44259643554688,1124700
2016-10-05,154.26066329769304,154.64044716955755,153.54977398286303,154.13406372070312,1171500
2016-10-06,154.35798413290738,154.35798413290738,153.0920482167252,154.28982543945312,998100
2016-10-07,154.83512648128442,154.83512648128442,152.8875148274318,154.06582641601562,1087000
2016-10-10,155.06884499561957,155.9063185998796,154.39691659859614,154.94224548339844,927800
2016-10-11,151.91372173996305,152.4882636598471,149.76160414397668,150.842529296875,2697500
2016-10-12,150.9302245490201,151.1931415179537,149.56688698732538,149.77139282226562,1088600
2016-10-13,148.7488403601247,149.12862403902068,147.1517993951393,148.04769897460938,2191800
2016-10-14,148.88519844728228,148.9241441492001,147.53160870435877,147.73611450195312,1477900
2016-10-17,147.87251592642085,147.87251592642085,146.36311295148246,146.83053588867188,1614000
2016-10-18,148.20354210971553,148.3301416485505,147.1031365407061,147.69715881347656,1727300
2016-10-19,147.15181724664805,148.04771693480288,147.0544307083075,147.82374572753906,1859500
2016-10-20,147.83345811681002,148.13533554143086,147.1323167426144,147.68739318847656,2005200
2016-10-21,146.7525992765464,146.84023827308437,145.8372190217608,146.71365356445312,1589500
2016-10-24,147.75555421236803,149.3818081630321,147.00573442289925,149.0994110107422,2098500
2016-10-25,145.43794282791902,146.71362640505538,143.87984716874547,144.09408569335938,2431300
2016-10-26,143.314979486136,144.25957218013747,142.32169353653845,144.1621856689453,3958100
2016-10-27,148.0087095475982,149.2649121576716,144.63933583724233,145.31126403808594,2999800
2016-10-28,145.58402885497932,145.81774769539504,143.18845903280484,143.35401916503906,1805900
2016-10-31,143.58767711520608,144.52253731806914,143.1105217335906,143.17868041992188,1345800
2016-11-01,144.12329168080436,144.12329168080436,140.5591580635949,142.19515991210938,1900600
2016-11-02,141.94193544097297,143.11051434902734,141.70823154664055,141.98089599609375,1791000
2016-11-03,142.01008861132433,143.00337459704295,141.88348911398978,142.2535400390625,1821200
2016-11-04,142.38018789760963,143.81166910856234,142.38018789760963,142.7307586669922,1365700
2016-11-07,144.9801916034644,148.39824412521662,144.2887830459671,147.83343505859375,2027200
2016-11-08,147.44398694734656,150.00508691707867,146.63572609149583,148.56385803222656,1620000
2016-11-09,150.58932254864757,152.9069850187704,145.53526826280986,148.06716918945312,2441500
2016-11-10,149.77136479125684,151.52421855160085,148.865717490454,150.3069610595703,2247900
2016-11-11,149.37204464529756,149.56680279902744,146.7135594421028,147.28810119628906,1766300
2016-11-14,148.5248880161372,149.04100398216573,143.86034918318543,144.14276123046875,2517100
2016-11-15,144.60047647079264,145.14580552190418,143.20792598896642,144.76602172851562,2114300
2016-11-16,144.98018148493614,146.1876909108039,144.73673008661194,145.57420349121094,1591500
2016-11-17,145.67161846517845,145.9442829236782,144.53226736521196,144.980224609375,1552100
2016-11-18,144.87313414521532,145.29186362569467,141.81538365971213,141.99066162109375,2631700
2016-11-21,142.65282679200294,142.66255950139657,140.9486665249214,142.34120178222656,2975500
2016-11-22,142.71128709175318,142.71128709175318,138.0370148345307,139.2542724609375,3277500
2016-11-23,138.3778601459113,139.84830208618698,137.7546248029816,139.75091552734375,2582700
2016-11-25,139.7118961128358,140.43251763443754,138.9815418841254,140.40328979492188,803900
2016-11-28,139.19583727632318,139.62431430996725,135.87515512468258,136.64447021484375,3667300
2016-11-29,137.014473122043,138.28042363417532,136.07962787490644,137.56954956054688,2576600
2016-11-30,138.30967783435216,138.6894616152539,136.27442667154807,136.43997192382812,2166600
2016-12-01,136.7905276393347,136.97555315358585,135.42720520658938,135.9725341796875,2703400
2016-12-02,135.94326058272418,139.41000595967574,135.6705962177343,138.1927490234375,3166100
2016-12-05,139.30295101120927,141.05580477975008,137.44297798850488,137.67669677734375,2920800
2016-12-06,137.86173405986554,140.63707247606644,137.57932197519605,139.8288116455078,3759200
2016-12-07,139.13735701681472,139.17630270509,136.39121793191148,138.13433837890625,2413500
2016-12-08,138.0662153932778,140.01382742010816,137.29691518068404,139.3224334716797,1819400
2016-12-09,140.0430547876473,141.83485447008107,139.98462879830086,141.6011505126953,1620400
2016-12-12,140.49099929997516,142.2243728346697,140.49099929997516,141.3771514892578,1390800
2016-12-13,141.8937868555164,142.79061308718244,141.55261120866314,142.2252197265625,1254300
2016-12-14,141.90353906228648,142.35194472368497,139.62246528122887,140.17811584472656,1657300
2016-12-15,140.37307239492594,140.6947624707669,139.27152894199776,139.8856658935547,1849300
2016-12-16,139.86614028024533,141.65004953893703,138.66712466765244,138.94981384277344,2710500
2016-12-19,138.7548796423274,139.79793669802623,137.17568733314036,137.6923370361328,1591400
2016-12-20,138.0140707647767,138.99862685699108,137.16598794152736,138.22853088378906,1871300
2016-12-21,138.16991922291567,138.22840558881938,136.8831596752045,137.22434997558594,1502600
2016-12-22,137.39987529793646,137.5363485089756,136.3568332295226,136.980712890625,1191100
2016-12-23,137.3024008180818,138.4136869121331,136.35683112956417,138.2674560546875,1047700
2016-12-27,138.58915964706947,139.58347305198907,138.2967127780383,138.8231201171875,879500
2016-12-28,138.9693779308662,139.18383804105648,137.55590165877206,137.6631317138672,1015300
2016-12-29,137.458447179817,138.79395179819954,137.44870439956372,137.91661071777344,771600
2016-12-30,138.57942677253055,138.7548859818051,136.9124899120889,137.54612731933594,1063200
2017-01-03,138.8036623109969,140.20739581377615,138.6476886163614,140.05142211914062,1966400
2017-01-04,140.32429992047204,142.3811555283663,139.6809199010633,141.5038299560547,2167200
2017-01-05,141.71832275390625,142.09849923980315,141.13342898738804,141.71832275390625,1683500
2017-01-06,141.62083149623916,143.77517477170693,141.48435827117328,143.5607147216797,2016200
2017-01-09,143.30727125405545,144.8962213976852,143.30727125405545,143.7751922607422,1967200
2017-01-10,144.07737701347511,145.55909706830323,143.58997047071944,144.05787658691406,1806600
2017-01-11,144.0676037955222,144.59401113451827,140.2463386981661,142.5371551513672,2764300
2017-01-12,142.498159434759,143.28777047169223,141.47461766828167,142.29345703125,2239600
2017-01-13,142.41041758586832,143.32674412134705,141.85478194966274,142.60537719726562,1839600
2017-01-17,142.0010622707327,142.19602197045313,140.90927605272088,141.3966827392578,1651500
2017-01-18,142.16667499919973,142.32264859492778,139.94410332068787,141.0164031982422,1377100
2017-01-19,140.74348394964085,141.07491674855012,139.82715749133337,140.68499755859375,1435900
2017-01-20,141.26019427763035,141.48439716448522,139.71024475092366,139.89544677734375,1750000
2017-01-23,139.55420281040458,140.78246157297065,138.97906683325192,139.19351196289062,1508600
2017-01-24,139.6224675231029,140.0416448649317,136.47382556945817,137.42913818359375,2988500
2017-01-25,137.93606697754902,139.4177871975655,137.22445751064333,138.84263610839844,2224900
2017-01-26,138.93037988079342,139.8564494355807,138.39422965187376,139.4957733154297,2934000
2017-01-27,140.38279662261456,142.18620638920615,140.13909340412727,141.78652954101562,2107800
2017-01-30,141.86460253355318,141.89384574757875,139.06689264563855,139.68101501464844,3158600
2017-01-31,142.95638437282034,148.65904892054505,142.4007484492857,148.55181884765625,5340700
2017-02-01,148.434813328226,151.193536528624,147.66470255392434,149.0879364013672,3601900
2017-02-02,148.57126633201784,148.57126633201784,146.44616606516783,147.8498992919922,1751200
2017-02-03,148.31780288074276,148.53226294643275,146.60213722969004,147.61593627929688,1817100
2017-02-06,147.25531988825392,148.31786299700016,146.6314398645937,148.2496337890625,1624900
2017-02-07,148.28854497703392,149.34134477482684,147.96685491039176,149.1561279296875,1479300
2017-02-08,148.54201845675465,150.34541368838975,147.86939506718724,149.63380432128906,1467100
2017-02-09,149.6338015495648,151.3592247941726,149.5168287446648,150.8425750732422,1505000
2017-02-10,150.78408275362537,151.57369385700676,150.38442068831966,150.98880004882812,1482900
2017-02-13,151.0959840742556,152.8506500900105,150.5988349008179,152.4119873046875,1635900
2017-02-14,152.01237265740806,153.367362409266,151.50546562899194,153.31861877441406,1429700
2017-02-15,152.5485322809421,154.38117109352558,152.53877462868977,154.27394104003906,1423300
2017-02-16,154.03022502280638,154.5566324690452,153.4745892456306,153.73779296875,1252700
2017-02-17,153.65003462696797,155.2877283543938,153.42583178091306,154.64434814453125,1207400
2017-02-21,154.64435581369324,155.39496609575735,153.98149001875626,154.63461303710938,1242200
2017-02-22,154.35191050041675,155.092778013593,153.71828790311744,154.03997802734375,1283000
2017-02-23,154.5956586724525,155.11230860166003,153.72807531260653,154.7321319580078,1124900
2017-02-24,154.35191970273752,154.97579956054688,153.6110670198605,154.97579956054688,832800
2017-02-27,154.37139999292663,155.27796901787102,154.03996711549323,154.48837280273438,1220200
2017-02-28,154.21540298362183,155.2389595378855,153.5525373291059,153.70849609375,1674200
2017-03-01,155.45342620841254,156.8376588470435,154.90753332269503,155.79461669921875,1722600
2017-03-02,155.9700540508108,155.9700540508108,154.97574079138712,155.19020080566406,1414300
2017-03-03,154.72238025005217,156.37956001458676,154.66389382739956,156.12611389160156,1204000
2017-03-06,154.71260614752106,155.27798470167585,153.58181929027415,153.73779296875,1413400
2017-03-07,153.03597488613389,153.96204472514302,152.64604056612194,153.29916381835938,1166700
2017-03-08,153.42579001374543,153.98144046403468,152.6946803946048,153.53302001953125,1105400
2017-03-09,153.74748284759272,154.25438969099926,153.1236032228091,153.80596923828125,1102500
2017-03-10,154.19591170261492,155.4534287901021,154.16666850285623,155.31695556640625,1206300
2017-03-13,155.44378003809396,155.44378003809396,153.83382904794985,155.18032836914062,1324300
2017-03-14,154.6437747434045,154.84867013208276,154.12663795875469,154.49740600585938,1036500
2017-03-15,154.7412648513609,157.73676789330813,154.5168507608657,157.14157104492188,2548200
2017-03-16,154.19491736482271,155.62924450842453,153.0435608215167,154.18516540527344,3208700
2017-03-17,154.6924776261316,155.2291329710375,152.58490873561016,154.05825805664062,2654100
2017-03-20,154.30220613057435,154.55589100563097,152.565404944187,152.93618774414062,1280600
2017-03-21,153.64847451944223,153.87288864536097,150.61394828694844,151.7653045654297,1593400
2017-03-22,152.0092224946579,152.70199849563448,150.58466266732896,151.56039428710938,1309600
2017-03-23,151.5311615248593,152.16538128134906,150.28222592945806,150.8969268798828,1643400
2017-03-24,150.68220093036618,151.8921132902533,149.9601691847797,150.30166625976562,1939000
2017-03-27,149.7162781201987,151.57992928636813,148.90641900262008,150.83836364746094,1418600
2017-03-28,150.88714599609375,151.60919279721674,149.8138351955709,150.88714599609375,1113900
2017-03-29,150.6041796227735,150.8383456800219,149.22839448250812,150.24314880371094,1075000
2017-03-30,150.36030295600386,150.95550005492026,149.72606824062407,150.17491149902344,1054200
2017-03-31,149.6674805450551,150.40903125578475,149.5016079474636,149.8723907470703,1219100
2017-04-03,149.87243067447514,151.44335968015605,149.77485152590356,150.82864379882812,2084800
2017-04-04,150.72123236312962,151.19934611473676,148.80879224518083,149.01370239257812,2701200
2017-04-05,149.55038226432106,150.3504744116451,148.92591465355025,149.05274963378906,2013000
2017-04-06,149.07230182064404,149.79434870575525,148.50637559531128,149.23817443847656,2431000
2017-04-07,149.35523388115317,149.97970147082458,148.86736811145735,149.39425659179688,1323700
2017-04-10,149.50162955299686,151.00424999382233,149.50162955299686,149.72604370117188,1019600
2017-04-11,149.17962927775085,149.96021766913506,148.22341631475993,149.1601104736328,986000
2017-04-12,149.1503269520587,149.23813921927888,148.0575123684775,148.76004028320312,1253700
2017-04-13,148.25268083820623,149.247931367553,148.08680823139588,148.48684692382812,934600
2017-04-17,149.06253213321227,150.1846176038782,148.63320781412776,149.96995544433594,1274500
2017-04-18,149.32600124441817,150.14562734369923,148.60396917759402,149.55043029785156,886600
2017-04-19,150.23344909638405,150.90670652208738,149.2089275741611,150.71156311035156,1291100
2017-04-20,151.01398257880655,152.0775264402605,150.08704054461748,151.58966064453125,1592700
2017-04-21,151.50186431208652,152.04827167862652,150.83835901808501,151.27743530273438,1992300
2017-04-24,152.73128141132167,153.81434419103445,152.2434155625949,153.52162170410156,1198300
2017-04-25,154.58518029037702,155.56091208004344,154.2827058177381,154.95596313476562,2171300
2017-04-26,158.19538592753406,164.04000930563134,157.08305238055775,163.93267822265625,4182900
2017-04-27,164.5864246794624,164.6644850061925,161.97147073218665,162.65447998046875,2287900
2017-04-28,162.48860889965712,162.55691726937116,160.7713263608767,161.31773376464844,1507000
2017-05-01,162.3324983191285,163.47410276324663,161.9910011148203,162.57643127441406,1431200
2017-05-02,162.55688152468926,163.4350339607273,161.72750375516748,163.19110107421875,1561700
2017-05-03,163.1910525726542,164.5180476764074,162.85930751883527,164.23509216308594,1785200
2017-05-04,164.2742030233122,166.1085835334354,164.03027007839094,165.99148559570312,1247400
2017-05-05,165.95247834181782,166.99650370136905,165.52315393658677,166.90869140625,1681300
2017-05-08,167.2696830353621,167.50386401000767,165.66948359649555,166.2549285888672,3636100
2017-05-09,167.50381019357116,169.00644490992508,166.850071932267,167.94288635253906,1806500
2017-05-10,166.79159105440112,168.47960284679866,166.06954418514277,166.82086181640625,1860100
2017-05-11,165.75729664637274,166.91841968628643,165.3474911420179,166.85986328125,1126900
2017-05-12,166.55739106281754,167.88438671339554,166.27443543289647,167.3574981689453,1107400
2017-05-15,167.3379933053013,169.31872754518324,167.2209102608897,168.0795440673828,2280300
2017-05-16,168.1575726416547,168.56737810820067,167.61116535292672,168.0892791748047,1482300
2017-05-17,168.089316094407,168.80159611734015,166.69401192206058,166.82086181640625,1368000
2017-05-18,166.87941318294162,169.05529098840432,166.72329251738287,167.5721893310547,1553200
2017-05-19,167.94297256855833,168.50889886629156,167.07457175911142,167.36729431152344,1130900
2017-05-22,167.19160223746155,168.1966045139671,166.6549469227058,167.92340087890625,1044400
2017-05-23,169.18209675665278,169.42602964977263,167.58189757332596,167.6599578857422,1078700
2017-05-24,167.64044255148303,168.25515821916858,167.12330599845578,168.1478271484375,827900
2017-05-25,168.28448295439847,168.86992805316902,167.78686504238465,168.70404052734375,764200
2017-05-26,169.1040641775574,169.3479971106826,168.6845066790547,169.21139526367188,683300
2017-05-30,168.96745664518176,169.36751021528255,168.2356578704295,169.04551696777344,1114200
2017-05-31,169.5626594635594,170.1481044590775,168.58692773001908,168.5966796875,1836500
2017-06-01,168.59668912709878,170.5774383544922,168.14786084209211,170.5774383544922,1014500
2017-06-02,170.75307777449535,172.10934448242188,169.94321853328933,172.10934448242188,1074500
2017-06-05,171.9824416296057,172.5581345726962,171.05549961331607,172.1580810546875,874300
2017-06-06,171.72876500443195,172.29469113026906,171.47508014325655,171.7970733642578,1443000
2017-06-07,171.81658344383072,172.22638895204585,171.2604241428543,172.06051635742188,897800
2017-06-08,172.06052579266643,172.08004459559945,169.63096336869856,170.56765747070312,2016400
2017-06-09,171.04576901028588,171.69950745893212,169.84562319491948,170.6847381591797,1238400
2017-06-12,170.74330728057166,170.93845065628992,167.8648866569078,169.17237854003906,1695200
2017-06-13,169.45552772341412,170.99852010177372,169.26997583784203,170.83248901367188,912100
2017-06-14,171.23294081654342,171.23294081654342,169.70948367496877,170.48098754882812,1337300
2017-06-15,169.74854843419897,170.15870880998648,168.5375881094625,170.05128479003906,1150400
2017-06-16,170.47122993620883,171.20366247654064,169.92434935698157,170.7642059326172,1944700
2017-06-19,171.50636456957523,172.5708443069791,170.9887802033824,172.12161254882812,1154800
2017-06-20,171.91650428372006,172.77589629107962,171.15477587769627,171.55517578125,1299600
2017-06-21,172.35601478723206,172.7368790768638,170.98879856445328,171.4868621826172,1348000
2017-06-22,171.90682022223072,172.23885277201936,170.21734645877206,171.3599395751953,964500
2017-06-23,171.63328596670777,171.63328596670777,169.14301340341717,170.35397338867188,1633700
2017-06-26,170.89114766497278,170.90090806665245,168.8891626187738,169.17236328125,1297100
2017-06-27,168.91845093073852,170.21729956027716,168.09813018620127,169.63134765625,1207800
2017-06-28,170.52979058739123,172.14115081865927,169.69970946950352,171.65286254882812,1009900
2017-06-29,171.48686238586635,171.97515070142816,169.14306953034344,169.81690979003906,1252100
2017-06-30,170.33448423106898,171.10598806921868,169.90478815433386,170.38331604003906,819700
2017-07-03,171.22310958462597,172.0727261233392,170.3246612548828,170.3246612548828,612300
2017-07-05,170.51029933928407,172.30719690737988,170.1489558240439,171.62359619140625,1186800
2017-07-06,170.68606735685162,171.6724044184598,170.20753942919646,170.93997192382812,2290600
2017-07-07,171.6821637808608,173.82086885082202,171.29152421250265,173.33258056640625,1345700
2017-07-10,173.6353673520381,174.11388047287224,172.60019827262525,173.50840759277344,1492500
2017-07-11,173.48882650462457,174.9439309987182,172.7466336553653,174.4556427001953,2127100
2017-07-12,175.01230936363893,176.4869347521068,174.86581392417384,175.97911071777344,1101600
2017-07-13,176.34045483449987,176.46739966749698,175.10995870472303,175.81309509277344,927400
2017-07-14,175.6470373425421,177.0240136855378,175.16850952722035,176.7115020751953,871900
2017-07-17,176.83848287731806,178.12755617033946,176.0181621543612,176.55526733398438,1297300
2017-07-18,176.36978416659494,176.72135242684823,174.6607746878542,175.14906311035156,1433300
2017-07-19,175.84234851457924,176.4087646286427,175.0513239953889,175.93023681640625,932300
2017-07-20,176.8678349272122,178.48895608396265,176.8678349272122,177.2975311279297,1109800
2017-07-21,177.0435823236241,178.57681488608168,176.81897385635818,177.91273498535156,786800
2017-07-24,177.87368328734348,178.5865801209688,177.35609881755516,177.89321899414062,805600
2017-07-25,177.5122902105038,178.0103387926424,175.2954576874206,175.91070556640625,1440700
2017-07-26,171.0669119312524,172.60014426253622,166.1937895977563,170.95948791503906,3944000
2017-07-27,171.73102812179386,172.85408542814844,170.2466272835842,171.16461181640625,2479100
2017-07-28,171.19385535407136,172.36574411851163,169.46531085823185,171.84815979003906,1326900
2017-07-31,172.47320740624056,172.902903528055,171.19389434444238,171.4185028076172,1266500
2017-08-01,172.0337799800711,172.36581252985974,171.01813172010816,171.3599395751953,1382400
2017-08-02,171.75051887766645,172.45365520951154,171.39895071174388,172.3071746826172,1370000
2017-08-03,171.87750077123133,172.0923488393056,170.78373962567352,171.62359619140625,933100
2017-08-04,171.8090827803908,172.76613840299882,171.05712966439347,172.19972229003906,752100
2017-08-07,172.21930041258102,173.27399009499243,171.56498093541742,173.1958770751953,791800
2017-08-08,172.37549735510242,172.70754466068374,169.85592842050647,169.91453552246094,1648700
2017-08-09,166.27193029037076,169.93409262271982,166.27193029037076,169.20166015625,4284600
2017-08-10,167.90280693347398,169.32861531969482,167.29733421262569,167.71726989746094,2266700
2017-08-11,167.61961003571764,170.02199507143175,166.08639249492123,169.17236328125,2202600
2017-08-14,170.85207724520018,171.14505321242976,169.6508921710733,169.95362854003906,1182400
2017-08-15,170.6567266943006,171.1547752961243,169.2992860880375,169.49459838867188,992500
2017-08-16,169.87547733150393,171.87746211482082,169.76805332162718,171.33058166503906,1268500
2017-08-17,171.09622164985856,171.60404566703667,168.8207963263725,168.84033203125,1159800
2017-08-18,168.51805672831017,170.27589759918905,168.11765674356457,168.52783203125,1182700
2017-08-21,168.742672586415,170.0610570228214,168.46923231686625,169.93409729003906,1184900
2017-08-22,170.46143443236994,172.71732380784252,170.08057018587945,172.64895629882812,1271600
2017-08-23,172.18021333570897,173.12749380436793,171.05715623643337,171.69192504882812,2168700
2017-08-24,171.70171980164713,172.5025049341284,171.42826462075126,171.83843994140625,1177000
2017-08-25,172.40482884530007,174.41658918690368,172.32671582940668,173.06890869140625,1537700
2017-08-28,173.6353314183904,174.55331585397084,173.078675575011,174.2505645751953,1462200
2017-08-29,173.52789717177842,176.44785164758713,173.13725759380358,176.29161071777344,1549500
2017-08-30,176.73105549813704,179.0260162999269,176.20369582814584,178.6646728515625,1445300
2017-08-31,179.19206231922686,183.14718599497826,178.6744778653291,182.75656127929688,2035500
2017-09-01,183.81126621955636,184.3386110768,181.07684850080003,181.6432647705078,1404800
2017-09-05,181.51633107239587,182.1315792452584,180.54952954518888,181.66282653808594,1190400
2017-09-06,183.00072983920657,185.05154712327652,182.64916158769117,184.97341918945312,1516600
2017-09-07,185.5495253755132,186.47727002211596,184.4264684193163,186.12570190429688,1619100
2017-09-08,186.125709528185,187.77612617940025,185.33468495603447,187.141357421875,1545800
2017-09-11,187.71755011372355,189.13358316474762,187.57106958827745,189.0359344482422,1521000
2017-09-12,189.4753827628186,189.74882299945472,188.08864587662833,189.49490356445312,1000900
2017-09-13,189.11405251471177,189.33867586156646,186.6237941073237,186.98512268066406,1302100
2017-09-14,187.47378471984837,187.6496991545378,185.3431710059076,187.3467254638672,1287300
2017-09-15,186.43782012063917,188.46092593042297,186.26190565703746,186.31077575683594,3274900
2017-09-18,186.81898928654516,187.63018524853715,186.45737737945112,187.51290893554688,1750700
2017-09-19,187.68875909054486,187.92332654920833,185.0108514411532,185.32359313964844,1215500
2017-09-20,185.2356728303645,185.86117126499806,183.17348011549996,184.32675170898438,1194400
2017-09-21,183.64260655930954,184.9815756100283,183.44714108793045,183.6523895263672,921600
2017-09-22,183.86740767932275,184.8251989368718,183.06597985245335,184.03355407714844,912200
2017-09-25,184.44401771802256,184.82518057235197,181.7660947715427,183.07574462890625,1916100
2017-09-26,185.02062605292144,185.54839912536283,183.3200603847486,183.41778564453125,1384200
2017-09-27,183.98467528824273,184.82519020480697,183.00733305563585,184.19969177246094,1410200
2017-09-28,183.5351296711297,184.17041120297768,181.83456337521466,182.22549438476562,1002200
2017-09-29,182.47958942177104,185.27478902734313,182.12774559334028,184.9131622314453,1703200
2017-10-02,185.50929094091907,187.20008850097656,184.9424307659687,187.20008850097656,1414300
2017-10-03,187.20010799341398,187.94289756837503,185.24542370235042,186.0175323486328,1023100
2017-10-04,186.3889269481773,189.12547302246094,186.3889269481773,189.12547302246094,1114400
2017-10-05,188.9788807908453,189.08638902504538,187.59105671220817,189.0472869873047,1021800
2017-10-06,188.99845230397267,189.72167603696244,187.5910770538549,188.83230590820312,974900
2017-10-09,189.01800714394386,189.58486750436597,188.0113457025397,188.8811798095703,593500
2017-10-10,189.28180746685663,189.45773676688236,187.17074534487304,188.275146484375,894900
2017-10-11,188.23612993637371,189.13528304843405,188.00156241942153,189.07664489746094,762900
2017-10-12,189.11571746804304,189.28186385402935,188.5293061773373,189.00820922851562,876500
2017-10-13,189.29164180203318,189.7216747826215,187.5617567388384,188.06019592285156,852100
2017-10-16,188.42179575429086,189.008207038201,186.43779228577864,186.94601440429688,1244100
2017-10-17,186.1934860696198,186.4866917577671,182.41117594039616,184.492919921875,1893900
2017-10-18,184.71766176195226,185.25520291371225,183.4471140158988,184.93267822265625,1372500
2017-10-19,185.34318118605054,188.08951048530716,184.98156933062157,188.07974243164062,1691700
2017-10-20,188.79316090024622,190.02460650731433,188.47063623607352,189.467529296875,1258500
2017-10-23,190.26899240462186,191.48090222913805,189.6532768945646,189.9660186767578,1313400
2017-10-24,190.1712650364063,190.92382277717803,188.81275984655238,189.97579956054688,2176900
2017-10-25,193.885170054586,196.4360340515877,192.52666485545086,195.14593505859375,2120000
2017-10-26,195.19473552851142,196.6411974394598,193.19118154756427,195.8300018310547,2942500
2017-10-27,195.4684520449212,196.5044324546698,186.90693921405503,188.06019592285156,3777100
2017-10-30,187.3663072654135,188.50001305013666,185.99801903644865,187.66928100585938,1741800
2017-10-31,187.7083326252149,191.07039203743602,187.45422903263832,189.438232421875,1543000
2017-11-01,190.71857228279748,190.88471868114402,188.84207689122138,189.79010009765625,1056600
2017-11-02,189.58483535577562,189.82917090522847,186.68212783523146,186.94601440429688,1797700
2017-11-03,187.28811010894267,190.10284579788953,187.0144554574209,189.32098388671875,816200
2017-11-06,189.6239072419367,190.1321143665839,188.51950596184773,189.14500427246094,1066000
2017-11-07,189.115728603796,189.67282085407572,188.36317088279088,188.83230590820312,796600
2017-11-08,188.3435919111978,189.78027099624921,188.3435919111978,189.467529296875,981900
2017-11-09,189.037553656836,189.56532687187166,185.89051012826525,187.54222106933594,1052400
2017-11-10,187.3271771415014,187.56174463752262,180.31963537737843,181.96156311035156,3009200
2017-11-13,181.32630223430084,184.53198354673606,181.05264760370702,183.94558715820312,1786900
2017-11-14,183.55463913042183,185.919805502667,183.12460616945748,184.79586791992188,1421300
2017-11-15,184.8349488593461,185.57773846271328,183.65237316934025,184.23876953125,1090800
2017-11-16,184.7665926748886,186.6626394090506,184.7372735945098,186.29124450683594,982800
2017-11-17,185.25521289988583,187.23921632900982,185.25521289988583,185.8611602783203,1151900
2017-11-20,185.65594911392344,187.55198064123414,185.53865789752015,186.67237854003906,1373800
2017-11-21,187.01446697633966,188.66616304152308,185.96870349049323,188.55865478515625,1757100
2017-11-22,188.62701067695667,188.86157813147267,187.81581500727665,188.38267517089844,1005500
2017-11-24,188.62703389744306,189.36980855859753,187.94289737887215,189.12547302246094,374500
2017-11-27,188.6466125060964,189.54576562101585,188.00156301722166,189.52621459960938,1731600
2017-11-28,190.52309365502285,191.91091780985863,190.02463958133754,191.85227966308594,1650500
2017-11-29,191.9108642050302,192.7122768421698,187.41508530948076,188.25559997558594,2183000
2017-11-30,189.3014226187409,190.37649014494076,187.50311645948864,188.39248657226562,2497500
2017-12-01,188.41207525110772,189.10599494842594,184.90341945460978,187.84521484375,1335400
2017-12-04,186.67233831241128,186.92644188591623,177.42667562273223,177.90557861328125,3926800
2017-12-05,178.45291313028977,180.2023640628496,177.3973817386296,178.3160858154297,2229200
2017-12-06,178.50180679700713,179.86031207147136,177.47559434350575,179.7039337158203,2262900
2017-12-07,179.7234155629156,181.55104028781855,179.48884811972414,181.4239959716797,1550100
2017-12-08,182.00066735655125,184.61993731845388,181.6488235647821,183.7012481689453,2437700
2017-12-11,184.29742594441447,185.3236233247035,182.93890596890424,185.1965789794922,1423700
2017-12-12,185.1183898138691,185.59727794785505,183.36893892330195,185.1965789794922,1301100
2017-12-13,185.55820744535734,187.62040027010602,185.2454507548458,187.13172912597656,1447300
2017-12-14,187.1024025156201,188.85322540773763,184.08005028144436,184.1974334716797,2158700
2017-12-15,185.33198219283756,188.4619262017109,185.26352236321782,188.0609130859375,3851200
2017-12-18,189.07812551075273,190.2616431984196,188.65754607799252,189.3324432373047,1305300
2017-12-19,189.99761227770225,191.0735378023296,188.48154082927425,189.64549255371094,1552700
2017-12-20,190.51600127770718,190.51600127770718,186.76006765104714,188.08050537109375,1492000
2017-12-21,188.62824023753325,189.32268895164523,186.7796156711019,186.94589233398438,1185800
2017-12-22,186.73066700992666,186.93606140372975,184.95050266497267,186.2513885498047,1093600
2017-12-26,186.54484272110312,186.9654221860855,185.77212869626294,186.17315673828125,467400
2017-12-27,186.51549748765936,187.04366946895664,186.01665264030908,186.9849853515625,671600
2017-12-28,186.76002459330164,187.77725078588344,186.0949031050846,186.9849853515625,675500
2017-12-29,187.73813709024492,187.74791280177274,185.72323608398438,185.72323608398438,856600
2018-01-02,186.62310176216755,189.2542159725109,186.21229798979158,188.75537109375,1140900
2018-01-03,188.0021903688289,192.36454473797036,186.9947251562655,192.21783447265625,1458300
2018-01-04,192.8340679888341,195.2304455446569,192.36458012870656,194.62400817871094,1566400
2018-01-05,195.62170235733552,198.21368394366962,194.84900319991468,197.95938110351562,1469500
2018-01-08,197.9594031503252,198.79080144783757,195.8173428829901,198.2821807861328,1974600
2018-01-09,200.2677128549186,202.39020648223993,198.9472604266341,201.58816528320312,1845200
2018-01-10,200.31661476884236,202.0967643978484,197.53879033581055,201.77398681640625,1421200
2018-01-11,202.41954525588685,204.15080142991872,201.45122742063666,204.0921173095703,1520600
2018-01-12,204.31711392727607,206.90909586244103,203.24118844961131,205.569091796875,1486500
2018-01-16,207.17309775557626,207.17309775557626,202.96722946390292,203.45628356933594,2264300
2018-01-17,204.97242098817603,207.03623058174773,203.74000961431278,206.8503875732422,1461700
2018-01-18,206.77212591155046,208.39578956408297,205.91140060127194,207.76002502441406,1458500
2018-01-19,209.26630762185593,209.8727450320852,207.71111871085472,208.8359375,1439900
2018-01-22,209.32494310990012,210.61605317549996,208.11209842072796,210.6062774658203,1230300
2018-01-23,210.86063048436336,212.46472781416227,209.55974439910705,209.85317993164062,1267000
2018-01-24,210.31284200320692,211.9267146604591,208.33705914134094,210.6062774658203,1227400
2018-01-25,211.63332194746573,213.95144913809688,210.30309384969553,213.1102752685547,1668400
2018-01-26,213.3939033593192,214.96865844726562,211.9854249049138,214.96865844726562,1162000
2018-01-29,214.5969472374104,215.28163496228203,213.80468193121362,214.01986694335938,1042800
2018-01-30,211.2617417224743,211.54538672991973,207.88725415691755,209.92172241210938,1921700
2018-01-31,218.56812340927488,221.05251233499916,214.8904260415955,219.20388793945312,3414200
2018-02-01,219.25278562987452,221.48287161946558,214.80238936192086,217.4921875,1912800
2018-02-02,215.29144379075285,215.9467746377358,212.7972643479223,212.92442321777344,1992400
2018-02-05,211.96592289340754,214.46008790267362,203.2607473320033,203.7498016357422,2387600
2018-02-06,200.51224312434857,206.47871096282728,197.206231608134,204.8941650390625,2415300
2018-02-07,203.7791231051189,206.5765140367782,201.6175116589171,203.0064239501953,1653000
2018-02-08,202.7814807622905,205.39302891588778,194.34039882471487,194.3795166015625,2196600
2018-02-09,196.1498796805019,197.9593864460428,190.25188638923333,195.79776000976562,2074300
2018-02-12,197.57794222640743,201.61753562309607,197.10845426539439,200.03298950195312,1528200
2018-02-13,199.0548501747205,199.99384087666925,196.4628686884702,199.04507446289062,1222700
2018-02-14,197.4410041024609,204.23885593948108,197.30406949440413,203.7498016357422,1412300
2018-02-15,205.73536960160646,206.13639772954548,202.09680423417942,206.1070556640625,1080800
2018-02-16,205.65707624041931,208.03388752226545,204.76700889841976,205.99942016601562,895800
2018-02-20,204.3268315417606,206.33195667558024,202.7618671121264,203.2900390625,1127700
2018-02-21,203.7400306470072,208.96312715011385,203.7400306470072,205.19740295410156,1021300
2018-02-22,206.18528888093533,208.95333791614487,204.1312549206095,204.55184936523438,1230600
2018-02-23,205.3734186797257,207.2024765827521,203.83778135223864,207.07533264160156,827300
2018-02-26,207.53505808388798,209.5206321052286,206.5863065526633,209.38369750976562,990600
2018-02-27,209.23697867795292,210.166178813073,205.85273146166261,206.06790161132812,1067000
2018-02-28,206.78194998319515,208.80662709555835,203.9356502751125,204.01390075683594,1099300
2018-03-01,204.07252532253963,204.22902624030723,198.3799424926707,200.71762084960938,1419500
2018-03-02,199.21135068587046,202.45867797653983,197.40185896766084,201.92071533203125,1228600
2018-03-05,200.0329293514858,203.3780580517263,197.64635756121234,202.23367309570312,1228500
2018-03-06,203.51501612003094,205.7255356677772,202.13587973361098,205.52012634277344,1007100
2018-03-07,202.80098297182795,207.80890790388918,202.80098297182795,207.51547241210938,1225500
2018-03-08,208.0436755192069,208.07301758030496,205.41256125923832,207.06556701660156,868700
2018-03-09,208.5816632689384,213.30592969573044,207.7111471939034,213.12008666992188,1594600
2018-03-12,213.9123544028351,215.12521447698475,212.18109794874925,212.72885131835938,2268400
2018-03-13,214.33288375666766,214.86105568952541,210.19547476282884,210.41065979003906,1483000
2018-03-14,210.8707641014403,212.07478481034522,208.364828506477,208.95216369628906,1252500
2018-03-15,208.03195357462252,210.64556605325888,207.67955554735974,207.9634246826172,1401100
2018-03-16,208.12011341997848,208.8836402246852,205.81973462595528,205.99594116210938,2564100
2018-03-19,206.32879545655967,208.06142118767673,204.69406392316625,207.2489471435547,1819300
2018-03-20,208.39417587137044,210.9980054198197,207.43487575119815,210.18553161621094,1523200
2018-03-21,210.2442956873918,210.82183254009203,208.34526202856216,208.46273803710938,1029200
2018-03-22,206.5441251896309,207.9145541688735,202.15873751949897,202.95162963867188,1665000
2018-03-23,203.40192125387793,203.93052599462388,199.95626674063345,200.32823181152344,1703900
2018-03-26,203.18654172508627,205.7120441137671,200.63165913509167,205.25196838378906,1058600
2018-03-27,205.91761581306437,206.46578733708122,200.89594642956396,202.256591796875,1359200
2018-03-28,203.10824790728526,204.02838451465053,200.9840755886768,201.57139587402344,1402000
2018-03-29,202.63837931237583,204.03818849045683,200.20097242871577,202.10000610351562,1787700
2018-04-02,201.375599667483,202.4132121637948,195.629567294575,198.85008239746094,1619700
2018-04-03,200.37711048941685,203.12776608134487,198.73259616096013,202.31529235839844,1316300
2018-04-04,199.28077916249197,205.3890076008035,198.11590731066093,204.89956665039062,1318500
2018-04-05,205.68272589965053,208.12014798817407,205.06604026206824,207.385986328125,1159700
2018-04-06,205.06602395924185,206.6615916833747,199.45701856806377,201.21900939941406,1649700
2018-04-09,202.87329376266877,207.92432844908402,202.87329376266877,205.12472534179688,1399100
2018-04-10,207.86563857157657,211.76158549711496,207.36639909635988,210.64566040039062,2050200
2018-04-11,208.86403322063364,209.41220471315,207.21951874308454,208.29627990722656,1067200
2018-04-12,209.56889630110533,210.3030579850439,208.73685535457622,208.824951171875,748700
2018-04-13,210.13659873316792,210.77288099990125,208.3648246896479,209.8233642578125,676400
2018-04-16,211.15464467638407,212.92641872234637,208.1494697400206,211.3504180908203,817200
2018-04-17,212.65234575577048,214.46326861900977,211.53642079609946,213.62142944335938,1611600
2018-04-18,214.4534575296647,216.36227432822085,213.79760842126606,214.89395141601562,1564400
2018-04-19,215.58902095639854,217.19438716582852,210.9295321282172,212.40765380859375,1610100
2018-04-20,213.25925525837593,213.83679211356377,211.04698708585417,211.3308563232422,1377900
2018-04-23,212.2510024028792,213.44523973092544,211.2427550591844,211.78114318847656,1244700
2018-04-24,209.91148894608764,211.7322103278933,206.0449074720244,208.66830444335938,2051100
2018-04-25,213.2494213994372,213.39624770534763,203.5976455617241,209.9407958984375,2246500
2018-04-26,210.16602761104204,211.3406833881366,207.56219709850077,209.32418823242188,1475200
2018-04-27,209.15768859298493,209.9407970808724,207.71873104075044,208.34521484375,1668300
2018-04-30,208.58997952138657,209.32414108377625,205.89805379262435,205.90785217285156,1375400
2018-05-01,205.99593376179425,207.80685652880157,203.98922264241494,206.27001953125,1100600
2018-05-02,205.56522474858141,206.88672145372973,203.6270425260443,204.42971801757812,1514700
2018-05-03,203.7640906196372,204.20458455376018,200.533776875144,203.92071533203125,2291700
2018-05-04,203.73470986821656,206.19169824386648,200.88615974134217,205.6337432861328,996700
2018-05-07,205.8882538833875,207.5132015962975,203.76408172513703,204.56675720214844,1204600
2018-05-08,203.8717530218572,204.60591450277005,202.2272235376046,203.6759796142578,1105900
2018-05-09,204.25351742596916,205.1051399684317,202.95160260085584,204.2828826904297,1237100
2018-05-10,205.56521387280927,209.60800119200496,204.6744276945876,209.30455017089844,1272700
2018-05-11,209.74506354635784,212.11395634332663,208.8542772854221,211.97691345214844,1209800
2018-05-14,212.02586401040514,214.7765202589707,211.2427553609121,212.81875610351562,1447300
2018-05-15,208.7563773279796,210.11702275865278,204.5080328824596,204.66465759277344,1731400
2018-05-16,205.07577918727807,207.6698105150254,204.6842323615421,206.2210693359375,1813500
2018-05-17,206.66155639817066,208.03200011592415,205.5847951948145,206.5538787841797,1364300
2018-05-18,207.0335978384116,210.9197616026908,206.75951200073692,210.4009552001953,1072800
2018-05-21,211.1840078111873,212.54465319214037,210.40089922478865,212.15309143066406,894400
2018-05-22,213.27879812928543,214.4240881866284,212.90681821890723,213.25921630859375,1587200
2018-05-23,212.41743005830574,214.1500556746577,211.14488025497695,211.94757080078125,1446900
2018-05-24,212.5544239892746,214.24788556431642,211.26230759466068,211.4091339111328,955000
2018-05-25,211.2720929757414,211.81048103533507,208.10051008186045,209.13812255859375,929200
2018-05-29,207.01396480424154,208.1592549719183,202.7264717259898,204.55697631835938,1854100
2018-05-30,205.89801389379264,207.5229614217734,205.28132845774388,206.49513244628906,1189500
2018-05-31,206.49516181486078,206.7105170569834,203.63682807170647,203.87176513671875,1659400
2018-06-01,205.56519647662657,207.50337843260013,205.18343313777493,207.35655212402344,833800
2018-06-04,207.52295340964508,210.26382559293188,207.52295340964508,209.64712524414062,1554200
2018-06-05,209.31433038330115,211.41892061347087,209.22623459205943,210.23448181152344,1096500
2018-06-06,210.67494519977626,213.68010460168938,209.8037409827958,213.66053771972656,1204200
2018-06-07,213.66059866170644,214.3360296958529,211.0274034411902,211.88882446289062,1053400
2018-06-08,212.17264839263473,213.2787897014372,211.47763568279504,212.43695068359375,1087400
2018-06-11,213.0340519345085,213.6899009512651,211.88876201540663,212.7501678466797,1154800
2018-06-12,212.86769317930563,213.84657521097685,212.20204563076092,213.3473358154297,1247300
2018-06-13,213.91509894532808,214.071723662314,211.6538837388561,211.78114318847656,1214000
2018-06-14,212.36891619253876,212.58444078458993,210.80146733185768,212.1436004638672,1001600
2018-06-15,211.84969956873064,212.17298645319798,209.50833238877007,211.4088592529297,2190000
2018-06-18,209.37115194168175,209.37115194168175,207.27469800753408,208.48947143554688,1363000
2018-06-19,206.56937862254202,207.34329696532905,203.9733073384398,205.65829467773438,1381400
2018-06-20,205.72690991914087,206.2167358951388,204.09089295310397,204.55133056640625,928000
2018-06-21,204.74726120832858,204.97257697532973,201.61237790197643,202.33731079101562,1212700
2018-06-22,203.9341499140185,205.80528877452238,202.89572121188002,204.50234985351562,2327800
2018-06-25,203.48348609504674,203.91452033924384,199.3101597752299,200.76004028320312,1534600
2018-06-26,200.8286036988506,202.25890179512814,200.31918061613953,200.9853515625,951900
2018-06-27,201.70052854696957,203.2287831151036,199.22201044254422,199.24160766601562,1177700
2018-06-28,199.0162735515123,202.07279758362873,198.7027927228576,201.4262237548828,1116300
2018-06-29,202.04341387104768,204.2868101518308,201.08334424325946,202.9250946044922,1591000
2018-07-02,201.55356293486312,202.11195667727884,199.75099229594778,201.38702392578125,942500
2018-07-03,202.435234284246,203.0915991540731,201.2890435460435,201.69070434570312,490100
2018-07-05,203.1503806122608,203.82634271813754,201.60252903823996,203.13079833984375,1184000
2018-07-06,203.48347290507317,203.73817698035683,201.97480082912512,202.9838409423828,818800
2018-07-09,204.73741554358392,207.68616179906041,203.3267146943531,207.51962280273438,1237700
2018-07-10,206.90250010434806,210.3508793414398,206.08938714782425,209.80227661132812,1452300
2018-07-11,207.97026250200224,208.3131465922916,205.23704070895332,205.40357971191406,1236500
2018-07-12,206.37344814092327,207.86250808792167,205.62890321912414,207.7547607421875,883500
2018-07-13,207.68622091591317,208.28380922497126,206.4518647956322,206.90249633789062,863800
2018-07-16,206.5792023339205,206.5792023339205,204.33580594110296,204.55133056640625,1135900
2018-07-17,204.2084025977005,207.2453289767363,203.73817394713922,206.74569702148438,914300
2018-07-18,206.69674285543965,207.4118844984195,206.03057184481284,207.12777709960938,827600
2018-07-19,207.87232153203854,212.28075471047012,207.87232153203854,211.68316650390625,2246800
2018-07-20,210.57615260058733,212.91751981777833,209.37118506535774,212.4375,2455100
2018-07-23,212.36888169774684,215.0825209308544,211.6047546130635,214.03428649902344,2510000
2018-07-24,214.90622066825972,218.5407355940824,214.0735255681608,216.89491271972656,2333000
2018-07-25,221.4012762065777,225.17294109472581,218.46232121268508,224.61453247070312,2296700
2018-07-26,225.4962332613376,229.65975321031328,225.33950034161316,229.23851013183594,2445600
2018-07-27,228.74872640945716,229.00343053070844,224.19335089925352,226.39756774902344,2735000
2018-07-30,226.22115011250136,227.27917565503603,224.96719723578565,226.0252227783203,1598600
2018-07-31,227.06370882715584,230.74719447038797,227.06370882715584,229.75775146484375,2428900
2018-08-01,229.3952730616776,230.19857977852016,228.31765008363223,229.15036010742188,1736800
2018-08-02,228.20989044094588,228.82707587630713,226.84817499737312,228.4254150390625,1562400
2018-08-03,228.20989109412588,229.85571394369964,227.13228304875912,228.57237243652344,1215900
2018-08-06,228.77808105036686,230.4140977439224,227.4065745253203,230.30633544921875,1412400
2018-08-07,230.38472091221507,231.21743095370363,229.59120531528873,230.7080078125,902900
2018-08-08,230.3651106618211,231.4819130958725,228.97400692455,229.8067169189453,792600
2018-08-09,230.13002009461317,230.13002009461317,228.35685263457808,228.49400329589844,856800
2018-08-10,226.54449003223652,228.23928354511557,225.91751344694418,226.71102905273438,1151300
2018-08-13,226.75022123408996,227.8768148696291,225.77056939508176,226.00567626953125,1158400
2018-08-14,226.1035945729955,227.25957629758895,225.7999049656293,226.89710998535156,686100
2018-08-15,225.0848469401854,225.94694551735338,223.13534895086755,224.34031677246094,975600
2018-08-16,225.60395472986022,227.0832381756782,224.64390037145623,226.09378051757812,817200
2018-08-17,226.8383790630827,228.06294382271034,225.21215347470513,225.31991577148438,1051000
2018-08-20,225.4766437287359,226.24077087537324,225.22192471432413,225.45704650878906,820000
2018-08-21,225.80972573606536,227.31838283618262,225.3492882230823,226.72079467773438,1121000
2018-08-22,226.55425915852604,229.7087390010151,225.81952034331832,229.32667541503906,1136500
2018-08-23,229.50307182758812,230.12024240553683,228.75852676142998,229.42469787597656,1054600
2018-08-24,229.89490284413836,230.62964174761325,229.1601639406635,229.93409729003906,934400
2018-08-27,230.80595113502918,233.3040510615643,230.76675669519474,233.0787353515625,1059400
2018-08-28,234.34253053645548,234.96950713568864,232.84364942204527,233.1179656982422,886100
2018-08-29,233.15713523279473,235.8413866248462,232.86323669452185,234.8519287109375,781700
2018-08-30,235.1066462003805,235.97853572424066,233.62736238188822,234.3229217529297,660500
2018-08-31,233.51955424074302,234.4698175176299,233.04932564390438,234.23471069335938,816200
2018-09-04,234.02898755916644,234.07797313247485,230.01240972064792,231.2467803955078,1368300
2018-09-05,231.23703106793707,231.86400769459797,230.03206339994702,231.56031799316406,1312500
2018-09-06,231.09990391659872,231.79546342317016,229.52266357753714,230.93336486816406,1078100
2018-09-07,230.21817332330997,233.3138766032495,229.54221118863265,231.1586456298828,1149100
2018-09-10,232.17751119947113,233.3041049580379,231.726864727063,232.3636474609375,956600
2018-09-11,231.9325753568516,232.5595519425664,230.71780168214755,231.61907958984375,1122000
2018-09-12,231.65827221135896,234.62661609595733,231.05089285293843,234.18577575683594,1081700
2018-09-13,234.75396068705643,239.22117040950621,234.19555199760026,239.0350341796875,1659400
2018-09-14,238.68217064240696,239.56446618477682,236.81954007130378,237.22146606445312,786800
2018-09-17,232.27071912177118,234.3000193566366,231.02570468459112,233.77064514160156,1613800
2018-09-18,234.6921903363021,235.72154506629178,233.3981559296171,234.39810180664062,1122000
2018-09-19,234.7215078113569,236.54493077901722,234.28036022988016,236.3194580078125,816000
2018-09-20,237.084176580654,238.15273797727124,236.26069889658507,237.731201171875,1016800
2018-09-21,238.00572255800057,239.32918074953403,237.76063881577025,238.70176696777344,2225700
2018-09-24,239.46641221836558,240.18205251292065,234.94706769314087,237.38809204101562,1014000
2018-09-25,238.5057106270795,238.52532151676073,236.79993719296334,238.3096466064453,1207700
2018-09-26,238.69188045323105,240.1427865301862,237.5841124518195,238.07427978515625,1234900
2018-09-27,238.37820420469154,240.1526077296726,237.78999736428264,239.51539611816406,906300
2018-09-28,239.1330921525406,239.81933857011174,238.02532385423146,239.2801513671875,1538900
2018-10-01,241.08390730159527,244.92681752533068,240.3878780424238,243.6229705810547,1850800
2018-10-02,243.12304391870586,244.2504230179043,242.593669679108,242.87796020507812,1417900
2018-10-03,243.87789823933448,245.0346861509195,242.06427283230514,242.48582458496094,1401200
2018-10-04,241.50552920358209,241.63296257952265,237.25086400594702,238.59393310546875,1593500
2018-10-05,238.44684635733392,238.83898928075797,233.69223121076115,235.95680236816406,1858200
2018-10-08,234.5842569972825,235.7606704699407,231.25112538133413,234.94699096679688,1274800
2018-10-09,235.00586234190877,236.52538429233448,233.73142409449616,235.25094604492188,1397600
2018-10-10,234.6137578666873,238.0939348305837,225.8495613769464,226.12405395507812,1759800
2018-10-11,226.40834926012965,228.85918658695226,219.68325103697939,221.6439208984375,2316700
2018-10-12,225.91815544170856,229.11405651667093,224.19277155002982,226.85928344726562,1664900
2018-10-15,225.44761660525143,226.66323725806416,223.60458221908576,223.61439514160156,1246100
2018-10-16,226.16323937285856,231.0257066487944,225.44759914462907,230.52572631835938,2034400
2018-10-17,229.77087335493323,231.37862181559856,228.0258786217253,230.03555297851562,1713100
2018-10-18,227.1338234355917,228.8494097225434,223.14385271946443,225.19276428222656,2235200
2018-10-19,224.9770084084149,227.300396785445,221.38897993242213,222.68301391601562,1792700
2018-10-22,223.30065243663705,223.71239124447922,218.1440969379795,221.33018493652344,1872800
2018-10-23,217.49709320088013,220.31064946957093,213.59536463642397,218.9381866455078,2668200
2018-10-24,230.27084046353997,234.29021912510674,215.87953278660814,216.22264099121094,4875800
2018-10-25,218.85971356908632,228.11407518349907,218.1832802580532,225.66323852539062,3652600
2018-10-26,222.0458031364109,226.77102343411306,221.05567050314934,225.4769744873047,2096600
2018-10-29,229.21205515151607,230.37865584472078,220.26159450148168,223.85943603515625,2161500
2018-10-30,223.77123256258372,228.58468037559552,223.73202574953046,228.09451293945312,1848800
2018-10-31,230.04535396102563,231.39820573195686,227.57490622474964,229.05520629882812,1982900
2018-11-01,229.9081061703865,231.5648742654256,227.54549586966547,229.0650177001953,1794100
2018-11-02,231.28058164171782,233.30988183527364,228.57486300903182,229.60421752929688,1781300
2018-11-05,230.6924060931305,232.9765731498656,229.10425345035517,231.86880493164062,1118500
2018-11-06,231.50602236559158,234.15293789616044,230.7511754529191,233.5451202392578,1271900
2018-11-07,235.280378774442,241.05455080518246,235.280378774442,240.70162963867188,1830600
2018-11-08,239.40754316266535,241.76034045420275,239.20166629426367,240.7407989501953,1061900
2018-11-09,239.93694434612812,240.18202804821814,236.26068881477784,238.66250610351562,1358400
2018-11-12,237.7213740838193,238.51544282179404,231.45703575691527,231.6923065185547,1689200
2018-11-13,232.08447730619648,234.0941517776663,229.39835443747225,230.39830017089844,1300100
2018-11-14,232.9765602119586,234.38824472326468,229.78067413571765,230.4571075439453,1318900
2018-11-15,229.2414826797572,233.30988101532157,224.34962167308527,233.01577758789062,1398500
2018-11-16,233.30983854237513,238.45659522994808,233.0157351684843,236.3194580078125,1620200
2018-11-19,236.12343664981884,236.80966800680835,227.0259310518739,228.3003692626953,1729200
2018-11-20,226.9769136100942,230.73159766536634,226.62399248598,228.8101348876953,1463500
2018-11-21,230.28062596296186,232.96674855343682,228.14350339583737,228.43760681152344,1904800
2018-11-23,225.771105028771,231.08451779317153,225.771105028771,230.3884735107422,772200
2018-11-26,232.49620057566446,236.61360366985116,231.1727426359837,235.46661376953125,2123500
2018-11-27,234.11377419937392,237.535148372709,232.49622760391736,237.2312469482422,1124400
2018-11-28,237.81942758209613,242.92697873051603,236.23128991248382,242.5348358154297,1901700
2018-11-29,242.0446666385475,245.81896176579855,241.0153270208632,243.6818389892578,1378300
2018-11-30,243.61320829014187,245.52485824071437,242.85834627319488,244.64256286621094,2201700
2018-12-03,248.6619377372658,248.91683438109268,246.4855930946382,247.0247802734375,2266900
2018-12-04,247.51494505664195,248.02472338009488,238.51547808414415,239.0938720703125,2185600
2018-12-06,234.86862754133514,237.5057307079903,229.6042341302069,237.28024291992188,2023500
2018-12-07,236.70182367343273,238.21154757346582,229.44735246776276,231.2217559814453,1564800
2018-12-10,232.29032207812799,233.52555346892032,227.0063182361873,232.4177703857422,1130700
2018-12-11,236.59401107376343,237.28024248271788,232.02564704473082,232.82952880859375,1597700
2018-12-12,237.22140467961665,240.33887704283003,235.38818343705276,236.52537536621094,2087300
2018-12-13,236.83906242950297,240.54472649028315,235.01563924414125,236.77044677734375,1197000
2018-12-14,233.71952474913746,234.01382042906772,227.4409524536732,229.74636840820312,1752500
2018-12-17,227.5978815970746,230.59981677823046,222.85952735199686,224.5272674560547,2030200
2018-12-18,225.74368706385343,228.97125306644782,223.12435183499448,225.93008422851562,1592400
2018-12-19,226.65611862058904,231.50238685069021,221.18200965600641,224.0269775390625,1674300
2018-12-20,222.5848125758872,223.683556037105,213.6771017416025,215.49200439453125,3775900
2018-12-21,214.3147851911882,217.03221438739155,210.85175224674109,211.6954345703125,4062800
2018-12-24,210.17489473471684,210.91066381149682,204.51437377929688,204.51437377929688,1715000
2018-12-26,206.3586535530097,213.8732950898536,204.38678335178585,213.8340606689453,2067200
2018-12-27,210.49862276741604,216.8948974609375,209.0466944285594,216.8948974609375,2067600
2018-12-28,218.33696305187257,221.1525005461855,215.84516566532568,218.2290496826172,1728600
2018-12-31,220.17151101760734,221.69210329637832,216.82622596742175,219.5436553955078,1640000
2019-01-02,215.68823007922114,217.091089118652,211.97995552202653,215.25657653808594,2725100
2019-01-03,214.6091033394149,214.84455481581756,206.08400549647175,208.14414978027344,3125000
2019-01-04,211.91127420395674,220.2598092661371,211.54829962534313,217.5521697998047,2865400
2019-01-07,217.78760838322964,224.12503816860234,217.78760838322964,220.4854278564453,2931400
2019-01-08,222.36901935016286,226.67572013592957,221.35856441420174,225.6162109375,2876600
2019-01-09,226.77379845198675,233.58211602410543,226.77379845198675,231.90455627441406,2989000
2019-01-10,229.9621532491077,234.95556863072522,229.9621532491077,234.3277130126953,1885700
2019-01-11,233.22893338779298,235.4656696170103,232.0320814618996,235.446044921875,1369200
2019-01-14,233.4350031095988,234.1413426319746,230.3447789261499,230.58021545410156,1613800
2019-01-15,230.5409006437502,232.2969290026069,229.44215731169484,231.00198364257812,2375800
2019-01-16,232.50303458892904,234.46508551373012,230.0210413665965,230.17800903320312,1671800
2019-01-17,229.68746683907406,234.24922866637695,229.2754379940297,233.6508026123047,1799000
2019-01-18,235.76982672919485,237.38851258661776,233.70966748405746,236.09356689453125,3125300
2019-01-22,234.05304342706813,236.22110119401847,233.04258845527502,236.1328125,2007300
2019-01-23,237.82996826836597,239.88032262523637,234.16094304195775,236.87838745117188,1945700
2019-01-24,236.21130829868633,236.8587886928186,233.78817422276822,236.01510620117188,1672500
2019-01-25,237.8985951779185,239.684068108414,236.0150287155009,236.32894897460938,2003300
2019-01-28,233.5723246921227,235.44608672493075,232.1106064840312,233.36631774902344,1799200
2019-01-29,233.5428695963641,235.37738203137187,231.95361347488176,232.40487670898438,1736800
2019-01-30,234.23948143371817,241.24400346136724,231.42392784596092,240.41012573242188,2539400
2019-01-31,238.96799485323797,241.28321560198268,236.56448540326096,241.00852966308594,2218000
2019-02-01,240.71416553862204,241.00847611326438,237.93786223018472,238.81097412109375,1622500
2019-02-04,238.9091431833421,239.42908551030277,236.02492576555343,238.96800231933594,1200500
2019-02-05,238.9679614644338,241.97971647481523,238.31067627610582,241.342041015625,1626100
2019-02-06,240.5376076328976,243.16674838206075,240.5376076328976,242.5585174560547,1033100
2019-02-07,240.45912559193903,241.1948946088901,236.34862695549097,238.30087280273438,1147600
2019-02-08,236.90778987236482,238.95812902507572,236.32897360589863,238.8894500732422,794600
2019-02-11,238.88945247080656,241.46955366017679,238.7619293678114,239.92935180664062,1233000
2019-02-12,241.74429500688854,244.57945802211555,240.6063018667791,243.61805725097656,1189200
2019-02-13,244.49115538285844,244.93261382622416,241.77371078903678,242.6958770751953,1014500
2019-02-14,242.17592871272666,242.69587097261277,241.07718506455367,241.46958923339844,996300
2019-02-15,244.08891559791857,247.71870640887408,242.98035215926052,247.6990966796875,1718200
2019-02-19,246.894660158825,247.42442225661722,245.93325946002008,246.0706024169922,1099900
2019-02-20,246.18831295237518,247.81681865486283,245.07976446632202,247.43421936035156,1091100
2019-02-21,246.1098212578193,246.79655096844203,244.96202341098396,246.67881774902344,840300
2019-02-22,246.6788223408943,247.58136387052463,246.40413643923546,247.31649780273438,1118000
2019-02-25,247.7285071769669,250.87758993382968,247.71868734387044,249.02345275878906,1194700
2019-02-26,248.91557810480768,250.3478818187501,248.03266120571638,249.170654296875,1198300
2019-02-27,248.2582053385352,254.65447810774822,248.2582053385352,254.2228546142578,1759100
2019-02-28,252.95744078646644,255.1745381426207,251.72133902911182,254.64480590820312,2061300
2019-03-01,256.04756493855456,259.4321136918827,254.76242438317763,259.04949951171875,1433700
2019-03-04,260.95271134171713,261.12928869798316,253.4184447558914,254.52700805664062,1342800
2019-03-05,254.78206634414386,255.36086766503664,248.60161907354626,249.63169860839844,2900200
2019-03-06,249.18037164904422,249.64145463664386,246.13918789712167,246.47274780273438,1533100
2019-03-07,246.4629932040093,246.943701011936,243.5493467321608,246.05096435546875,1227500
2019-03-08,244.53032988790926,245.36420727489488,241.98947827565624,245.10914611816406,1169200
2019-03-11,246.1098050857633,249.60225265743097,244.89334332935545,249.49435424804688,1589300
2019-03-12,250.69119291824444,251.31904849730546,249.82790085282164,250.0829620361328,1297200
2019-03-13,251.80956006801625,254.08554588824344,249.886758914349,253.9580078125,1569100
2019-03-14,255.08703739953665,257.0996345764478,254.10529144802157,256.6578369140625,1513900
2019-03-15,257.6690318831488,259.56382432365706,257.22726418497996,258.28753662109375,2371800
2019-03-18,258.24823362851225,259.18090416938463,256.33384719901903,258.719482421875,1449200
2019-03-19,259.6324535051073,262.52861523818234,259.2397612261735,261.1050720214844,1551300
2019-03-20,260.9775507247179,262.96069700734546,258.091244774913,260.7812194824219,1524200
2019-03-21,259.7896442671016,266.7404233280753,259.30859827272667,266.1022644042969,1424100
2019-03-22,263.9424236156943,264.9241696362395,258.7980540948897,258.9944152832031,1736500
2019-03-25,261.9985782721493,264.5707482738075,259.1907987926334,263.8933410644531,1638400
2019-03-26,266.8188668742167,266.9759497942679,264.0896148043981,266.4850769042969,1459000
2019-03-27,265.7095133920941,266.49492806341857,261.21313049572325,263.9423828125,1051200
2019-03-28,265.16963554730035,266.5735253218415,263.25521861073395,265.365966796875,771700
2019-03-29,267.5258098301788,268.93952659823253,265.1303469710051,268.7235412597656,1193800
2019-04-01,270.117555353092,271.60979819192886,269.1848848535037,271.14837646484375,1143700
2019-04-02,270.69685972060665,271.49207165531175,268.03630624966706,269.79364013671875,900900
2019-04-03,271.81601601133127,273.7696810055475,270.54955525543454,271.7080383300781,1184300
2019-04-04,271.9534796464061,271.9534796464061,267.79085607102616,270.02923583984375,937500
2019-04-05,270.1273657621017,272.120308647494,269.5874175265518,271.4429016113281,839800
2019-04-08,271.64913369685394,273.4457157174607,268.9787833439037,273.3377380371094,1062600
2019-04-09,271.92399502385945,274.5059616201427,270.43172205448553,272.72900390625,1242800
2019-04-10,273.1119317173216,274.99686732555745,272.9253975739374,273.7598876953125,980800
2019-04-11,273.4850280211551,275.9001151243436,272.4051012805377,275.3896179199219,1027600
2019-04-12,277.4610181372918,277.8144622365174,274.56488574332354,275.5269775390625,1635000
2019-04-15,275.25211197354866,276.0178726293867,270.00959210504044,272.493408203125,1801000
2019-04-16,274.2114273477065,274.6630220438049,260.8989561942406,261.959228515625,2443000
2019-04-17,264.0404826127346,264.6687841970696,248.59761403559344,252.80931091308594,5077300
2019-04-18,253.4376979983145,256.598920993555,251.09132589740034,255.03794860839844,2960100
2019-04-22,255.25392700775666,258.935474031907,253.14317937267842,254.36053466796875,1989800
2019-04-23,250.345200020675,262.577745326861,249.5008979625716,259.1023864746094,3099800
2019-04-24,260.14298383449756,261.73340705930536,254.90046544289018,256.785400390625,2770000
2019-04-25,256.23569228769645,265.52300056174874,255.9019022608203,264.6296081542969,2053700
2019-04-26,265.07135195595873,268.4878379447276,263.11768750482935,268.2325744628906,1550100
2019-04-29,268.9590347619899,270.18621684674196,266.7304828818603,267.5453186035156,940400
2019-04-30,268.2914528725444,272.8271130298593,265.70945699204276,272.3853454589844,1380700
2019-05-01,272.120308647494,273.04315214718366,268.8903863590861,271.4429016113281,1491900
2019-05-02,270.4415789784245,272.9744705428589,268.61551579061376,272.7388610839844,1353800
2019-05-03,273.90715566198304,274.898728787765,272.6701460167907,273.5537414550781,1254200
2019-05-06,267.80058620371415,274.48627190793917,265.7585683657448,273.8677673339844,1320300
2019-05-07,271.4526934316785,272.3264615094796,264.78663155846635,266.7403259277344,1480900
2019-05-08,267.22140837594355,268.91983950172295,265.15973607517515,265.57208251953125,1691100
2019-05-09,262.8821327178514,264.7572712949702,259.0337049256436,264.0896911621094,1550700
2019-05-10,263.33374719158456,264.4332979464041,256.03935145252075,264.2663879394531,1548500
2019-05-13,258.12058635859336,258.6605344962812,253.31983562113106,256.31414794921875,1628800
2019-05-14,258.21880875614846,264.49217975217607,257.8948457755572,262.5090637207031,1845200
2019-05-15,257.70828269597456,261.0069343334405,254.29179639102315,258.2384338378906,1834200
2019-05-16,262.0574289339399,263.56932602640603,260.1135912041338,262.1457824707031,1340000
2019-05-17,258.5427856054785,262.13597915093857,256.50073738048695,256.9523620605469,1320500
2019-05-20,257.3941240579296,260.30991047950914,255.49936172633076,258.1108093261719,1525300
2019-05-21,261.1247904004627,263.1079063716603,260.27064628384755,260.5160827636719,1420800
2019-05-22,262.7446156934411,268.2816460560442,261.3407264837574,266.7010498046875,1740200
2019-05-23,264.0307356869119,266.3869197739962,260.52589575360184,266.07275390625,1567500
2019-05-24,267.43732033202997,271.6097390983428,266.68138701191253,266.83843994140625,991500
2019-05-28,268.8216473447702,269.81319024880105,261.16401198039074,261.5174560546875,1676800
2019-05-29,258.0421279092611,261.0168172391419,257.32544250774754,259.9270935058594,1232700
2019-05-30,260.86953194540854,263.5398820962292,260.00559072595064,263.0882873535156,771400
2019-05-31,260.69285069463996,264.3743983283161,260.1725264941675,262.1065673828125,1266700
2019-06-03,263.39265675748726,266.48515083009437,259.88781616029365,260.4375915527344,1659900
2019-06-04,262.96071698208686,263.57922186135335,259.47550011081984,263.0785217285156,1575800
2019-06-05,266.84834281727285,270.7065969000359,265.07138518748616,269.7739562988281,2198200
2019-06-06,270.7360567030669,273.0824437907077,269.607054907475,271.2171325683594,1940600
2019-06-07,273.82851836624246,277.3529817637015,272.4638774894141,276.5479431152344,1334500
2019-06-10,277.70646246660266,279.57177371491025,277.38249949694443,278.5802307128906,997600
2019-06-11,281.34871915748937,282.8115408816937,277.274479775833,279.8466491699219,1214800
2019-06-12,279.6503086374108,280.5731521242515,277.5591852036228,280.0135498046875,882100
2019-06-13,279.83687106967596,281.3497766810415,278.5597320541882,281.202392578125,1301500
2019-06-14,281.40852999184676,282.0176132772186,279.35528733177716,280.2394714355469,1381100
2019-06-17,280.83882448206754,282.08649229722005,279.78764875794997,280.89776611328125,681600
2019-06-18,282.8723345301331,284.89607667636153,280.97630921515315,284.11016845703125,1360500
2019-06-19,283.57974237102417,288.1675360859074,282.3713789185496,287.6272277832031,1534700
2019-06-20,291.27186215002155,292.17568363852234,285.3087149750358,288.17730712890625,1590300
2019-06-21,288.2264119337588,290.23048677573854,285.2497105169129,289.2775573730469,1701600
2019-06-24,290.0045420792909,290.8199210287099,286.86084954415173,290.3483581542969,942100
2019-06-25,290.27964517256817,293.12859998499044,287.94152771214965,288.36395263671875,1191600
2019-06-26,288.1871365762993,288.894465997839,284.78803990245916,287.08685302734375,1172300
2019-06-27,287.6074970953818,289.19898064989474,285.6721674688564,288.5997009277344,850100
2019-06-28,287.4110384476077,288.95341416263926,283.6091539633995,288.5113220214844,5248000
2019-07-01,293.86549299912946,294.4942137862678,289.81800736912516,294.14056396484375,1640100
2019-07-02,293.9145517688522,295.88918621559776,290.31896261798613,295.8105773925781,946400
2019-07-03,297.43151248784176,300.074171587248,296.2035121621131,300.05450439453125,883000
2019-07-05,297.17608911924737,298.4531975100481,293.44297999192395,295.358642578125,1046800
2019-07-08,294.0323395613784,294.2976067773451,289.68031428966094,292.5685729980469,1223200
2019-07-09,291.01643021859735,292.35248013752187,290.5645045279531,291.67462158203125,886500
2019-07-10,293.28582911538655,293.90474617545823,290.96734853960055,291.3013610839844,842900
2019-07-11,292.89280097656376,293.6197675083692,289.32668356377945,290.3483581542969,804700
2019-07-12,285.8294441946895,286.35991889122664,283.22605882402706,285.8196105957031,1640600
2019-07-15,285.6918984802346,286.41886528567545,283.16712189852086,283.7467346191406,1629000
2019-07-16,280.53420585959475,282.92143121109046,280.03317215108,281.1727600097656,1959800
2019-07-17,281.5363226895178,283.3144951802954,279.5322472512599,281.9489440917969,1671500
2019-07-18,281.95869418675494,288.72741605151145,281.95869418675494,288.5604248046875,1543000
2019-07-19,290.32876624845966,290.3975414663825,284.58171836298243,284.7192687988281,1593100
2019-07-22,285.87844865723395,289.3463200482556,284.88621489460326,286.5956115722656,1106100
2019-07-23,287.2635749546604,289.20873766201896,285.8685538246516,288.4522705078125,1025100
2019-07-24,283.9234962346382,283.9529670419215,273.6180975742812,283.284912109375,2538300
2019-07-25,284.2084639530669,286.703769716773,283.0590721114578,285.47576904296875,1214300
2019-07-26,287.00821072472473,287.00821072472473,281.4576556238742,282.1551513671875,1274000
2019-07-29,283.42249219975514,284.1003508187058,280.72089132090133,283.8351135253906,1060000
2019-07-30,280.9173432858583,281.4969557940355,278.4416756463176,278.9132385253906,1343300
2019-07-31,279.00168479719457,279.47324773348583,270.72986109172666,272.79290771484375,1903700
2019-08-01,274.5317746550473,279.23745048601177,270.9165187813198,272.9206237792969,1552000
2019-08-02,272.94025023673515,272.94025023673515,266.2304696721998,269.9832458496094,2096300
2019-08-05,263.90215915766913,266.9672428527923,261.799808429581,263.7351379394531,2569400
2019-08-06,266.62340692336005,272.4392292690916,265.257886242175,271.1031494140625,2287500
2019-08-07,267.5665407880571,271.49614212714783,264.4228777050719,269.95379638671875,1664300
2019-08-08,272.5571810205977,276.054524195598,272.17403045759505,275.5633239746094,1348200
2019-08-09,273.87360068335875,276.0152265036968,270.79868242822596,271.5060119628906,921900
2019-08-12,269.8947926798,271.4273344510687,266.21079227185174,267.21282958984375,1183900
2019-08-13,267.28173118165284,273.1663010221537,265.51339216136415,270.3271789550781,1905600
2019-08-14,267.8416630736178,270.45482179018074,264.62919453460825,264.7372741699219,1856200
2019-08-15,269.82603259421353,271.13261162069415,265.9946779513853,268.4997863769531,1603700
2019-08-16,271.72208395171214,272.4687177420644,269.4232709440491,271.2898254394531,1035100
2019-08-19,273.6965813170963,275.26842694173706,271.1619731270033,274.6003723144531,1089100
2019-08-20,273.1072741645096,274.492462138325,271.142473630952,271.3291320800781,1031000
2019-08-21,273.37249755859375,274.78715626934087,272.1248600761256,273.37249755859375,749600
2019-08-22,274.512095926163,275.96605909582917,271.3094914831407,273.2742919921875,845700
2019-08-23,273.20552252222143,275.28820630871576,262.752769203732,264.61932373046875,1758500
2019-08-26,265.7589323787985,267.56654542847224,264.15764498895015,266.15191650390625,1052000
2019-08-27,268.0871904238227,269.2464154016161,266.80021864960923,268.12646484375,1002600
2019-08-28,267.2325406030466,273.1367764812282,266.2305030083129,271.2014465332031,1316600
2019-08-29,274.2763882005719,281.69349971855496,273.9129048254273,280.7405700683594,1858500
2019-08-30,283.54041585369805,285.0729581722399,279.6108140152867,282.00787353515625,2165900
2019-09-03,279.4241629860619,281.2121390655677,276.30013663647486,278.5400085449219,1590000
2019-09-04,280.05284608267266,284.1592719267843,278.4908332849501,280.86822509765625,1288300
2019-09-05,283.3241620023392,289.52310377890205,281.4281371441256,288.8452453613281,1470500
2019-09-06,290.64311591171753,291.69429135989543,288.34430295638305,289.857177734375,2337300
2019-09-09,290.99672140993584,291.45845065009894,285.95700416615813,286.8804626464844,1568400
2019-09-10,284.90594100921265,286.0258618416023,280.0135763717207,284.4049072265625,2428400
2019-09-11,284.4245227156265,289.89649955601885,281.2120845428168,289.7491455078125,1293700
2019-09-12,290.790496625292,292.49986359953886,289.21865010689737,289.77862548828125,1108200
2019-09-13,288.9141858399682,292.7946801616492,288.59000683676703,292.4115295410156,1083000
2019-09-16,290.39622493605526,291.9002561609856,288.6857662879925,290.31756591796875,1062900
2019-09-17,289.7572290023075,290.89754463410776,286.44443074421275,287.74200439453125,1514500
2019-09-18,287.7323259526557,290.12107694510837,286.0808160075936,289.9539489746094,1221700
2019-09-19,288.97086878227833,291.72336486108117,288.91188950912675,290.2389831542969,1003800
2019-09-20,292.24429576194194,294.0038936394178,290.54364714332723,291.3005676269531,1775000
2019-09-23,287.5847197554313,290.5927818886051,285.20580970221084,285.5203857421875,1032300
2019-09-24,287.5356416541178,288.6956072991705,279.5534604361731,280.3202209472656,1465200
2019-09-25,281.2835403590018,282.463155514855,276.27990332421746,277.5381774902344,1952000
2019-09-26,279.0422330769343,283.2201008701288,276.8599403469528,281.98150634765625,1693700
2019-09-27,283.45607469760756,285.24519250972486,280.36935297782526,282.5221862792969,1144000
2019-09-30,282.04052059459156,288.50883056865854,281.9225620539746,286.3265075683594,1519400
2019-10-01,286.8278528822401,288.6464603286395,282.23709981481863,282.5221862792969,1822000
2019-10-02,280.17270764835007,281.8635163310316,272.30848679859827,274.78570556640625,1964800
2019-10-03,273.4291465065217,279.15037487338293,269.6444838927201,278.1083679199219,1848800
2019-10-04,278.0494248765154,287.47665807000703,277.9707658511265,287.3390197753906,1742000
2019-10-07,285.55976375465076,289.0495307833409,284.1540410640427,284.2523498535156,1915300
2019-10-08,277.3219746981086,279.9761619153026,265.7419077276155,267.31475830078125,3933200
2019-10-09,273.96984980451873,274.07796845872923,270.5095728757572,271.8170166015625,1733800
2019-10-10,271.6007493976939,277.7643226799746,271.5810696426469,275.8965759277344,1129400
2019-10-11,280.8116631712452,283.0333151103773,278.5310319770583,278.8259582519531,1283600
2019-10-14,279.268401628175,281.8537698895191,278.67857886899327,279.4256896972656,749100
2019-10-15,281.2147577665533,283.08250450573604,280.3791781728166,281.16558837890625,1183200
2019-10-16,279.14056734854955,280.16292466652675,274.5793339292238,275.79827880859375,2103500
2019-10-17,277.2138971323837,279.63213762236444,276.28984840863836,276.81085205078125,1028100
2019-10-18,276.27987034341044,279.12083425389113,275.63109858493044,276.64361572265625,1186400
2019-10-21,279.73043039231453,279.73043039231453,276.78134654926964,278.7277526855469,1053200
2019-10-22,278.5507181437207,282.31573108143334,275.9358908288021,276.220947265625,1047100
2019-10-23,293.4928740881631,294.9084369856653,285.1174852776397,291.8905334472656,2094500
2019-10-24,290.3077219570676,291.26125994194496,285.71696980316403,288.4596252441406,1230900
2019-10-25,287.02438102249045,293.13881328893433,285.64811851909093,291.64459228515625,1061300
2019-10-28,291.55614813133036,297.1987168750828,291.55614813133036,294.8099670410156,1399600
2019-10-29,291.959299928118,295.55718581001634,291.6349139058138,292.8931884765625,1225900
2019-10-30,293.2076590374516,297.3068977149462,290.6419711598871,296.7367248535156,1395400
2019-10-31,296.73671729077137,298.4472058318446,295.1933866526193,296.8547058105469,1505900
2019-11-01,299.82349863520284,300.0987452372434,297.975401450232,298.447265625,990500
2019-11-04,300.4526231429851,300.8064987416838,295.51780451942244,295.6652526855469,1052000
2019-11-05,294.81005400695693,294.81005400695693,286.9950003926812,287.6634521484375,1876800
2019-11-06,288.2925415126513,290.20945765206415,285.7072036933384,289.57049560546875,1017000
2019-11-07,290.8779145630934,290.9172440742513,286.8180050253184,288.5579833984375,1210200
2019-11-08,290.61251746191334,290.9762329531643,287.5651252384917,289.6491394042969,788800
2019-11-11,287.67318629727896,291.2808804763868,287.2799512917097,288.5480651855469,773100
2019-11-12,289.52125337459165,293.659820818995,289.3148259960094,290.9466552734375,791000
2019-11-13,289.8064422603433,296.01918556233096,289.50170602239535,294.9280090332031,1286600
2019-11-14,295.0556869222686,296.0682040088401,290.7795114597046,295.7339782714844,860800
2019-11-15,297.78866033842024,301.7404520384467,297.3659655047222,301.6028137207031,1626900
2019-11-18,300.806509686865,301.32751322588,294.8002241710435,295.88153076171875,1233600
2019-11-19,297.10053209848047,301.80921412519103,296.4615399657511,301.21942138671875,1767500
2019-11-20,301.8092163863481,305.39729223684327,299.4794450530361,302.11395263671875,2329700
2019-11-21,301.34708789061995,301.73048304058386,297.34618850290957,300.1281433105469,1058600
2019-11-22,300.91464839912265,302.8905440276406,298.761844952656,302.5464782714844,841900
2019-11-25,303.71625023942346,305.46603846324075,302.40883651023825,305.32843017578125,1257600
2019-11-26,304.74841781299733,308.58221972904676,304.2962034847174,308.1300354003906,1709600
2019-11-27,308.33651181523254,310.66628296527034,306.9700887358877,310.066650390625,864000
2019-11-29,309.47684199790024,310.49916938549256,307.72705358496245,308.6216125488281,667100
2019-12-02,310.30257898360657,310.48935667763664,303.9620372643587,307.72705078125,955500
2019-12-03,303.9030453871128,307.8155069213164,303.4705107451555,307.57958984375,922700
2019-12-04,306.88160028472737,310.7252424434145,306.59654383278786,310.28289794921875,985700
2019-12-05,310.4992025036695,311.3642719236167,306.44913203721933,310.6368408203125,844300
2019-12-06,313.2319667888893,316.14172043729843,312.5241856312087,314.68682861328125,1199400
2019-12-09,313.9889432011314,315.296357100225,310.4500367830461,311.05950927734375,889900
2019-12-10,311.8459207629521,312.68147039584653,309.8208858886294,311.7082824707031,1301500
2019-12-11,311.47238297089683,313.62521638101845,310.70562244123914,312.6814880371094,1355600
2019-12-12,313.27130656583375,316.7020941459582,312.7306532507263,313.93975830078125,1187200
2019-12-13,313.8513201540786,315.964854228489,312.10153161779675,315.0604553222656,735200
2019-12-16,317.37190395221796,318.86698174859913,315.5227106145693,316.1915588378906,915700
2019-12-17,317.4014775000189,317.5096603158025,314.4703055304176,314.54901123046875,1375900
2019-12-18,314.076835460989,315.9653818454935,311.48011795190007,314.3620910644531,2424400
2019-12-19,314.4309259924407,318.8178224301186,313.889921958801,317.9522399902344,1546600
2019-12-20,323.0276919534684,324.729349788906,318.7489781020843,321.3653869628906,2275300
2019-12-23,321.5522416911046,323.362082138091,320.2637138184272,322.6637268066406,1319000
2019-12-24,322.8998246946136,323.64737867596807,321.0408154744375,321.1588439941406,489200
2019-12-26,321.1981167335336,321.43420375354964,318.4243569007834,320.37188720703125,680700
2019-12-27,321.77844637766316,322.280067465801,319.81122480910346,321.1980895996094,628800
2019-12-30,321.2178140791049,322.0440436208271,318.1784600450272,319.712890625,606600
2019-12-31,319.5358085827307,319.90958551116177,317.6472925471288,319.545654296875,875800
2020-01-02,320.65715641285254,321.5817530689337,317.28337819833433,321.0210876464844,1173300
2020-01-03,316.2112617925023,319.95881714355806,316.0636961347656,317.529296875,819600
2020-01-06,314.5981832817892,319.9981988325164,313.42768362429234,319.81134033203125,1010000
2020-01-07,320.09644851495324,323.8440031804863,319.65384167498013,321.6210632324219,917700
2020-01-08,320.8341947727986,325.1719224251636,319.8899367177532,322.132568359375,939100
2020-01-09,323.98185748586576,325.4375828310609,321.9064222728143,324.20806884765625,901900
2020-01-10,325.94896998928084,326.5391425058675,322.32928924643346,323.3424072265625,801400
2020-01-13,323.4997537451083,326.6472901324124,321.35545949840025,326.57843017578125,1379100
2020-01-14,325.053842274534,329.5981190881152,322.66367538179344,327.34564208984375,1069800
2020-01-15,327.54243436308303,331.3686952269187,327.54243436308303,329.7063903808594,1350600
2020-01-16,331.6735824458978,332.66700896804764,329.3620910019289,331.2210998535156,842000
2020-01-17,331.84083276837305,333.77854760696073,329.77524369911623,333.6310119628906,1100300
2020-01-21,334.03425076809907,336.109655253887,331.2604609660493,331.73260498046875,1340700
2020-01-22,332.244081784862,336.6506693327269,331.998179064907,334.47686767578125,922500
2020-01-23,333.95555629945915,334.319517540923,327.4145499288474,329.8834228515625,1213800
2020-01-24,331.5949587065356,332.17528563502833,326.08673071784534,328.2113342285156,945800
2020-01-27,321.9947925058963,327.1685945246204,321.35545153817293,325.5357971191406,1236100
2020-01-28,326.7850692013808,328.9588409459565,323.82439070446713,327.7981872558594,1667000
2020-01-29,330.12935065872597,332.1064182900159,327.92607171823227,328.4178771972656,1434400
2020-01-30,316.7226783416969,319.6735107486071,311.8046243301799,314.61773681640625,3670000
2020-01-31,316.9489178796178,317.68662597726546,305.82428216848444,308.05706787109375,2623700
2020-02-03,311.6177572340902,316.2899088652526,309.9456067486003,313.1226806640625,2693900
2020-02-04,316.56535591242147,323.25392862303397,315.74897200227514,320.6178283691406,2019700
2020-02-05,324.8472778100172,328.18170245776776,323.74563863415375,327.04071044921875,1786600
2020-02-06,327.78835158750235,328.9686967434743,326.0276795686952,326.558837890625,1636200
2020-02-07,324.5916640168079,325.02445530355794,319.5063814062093,320.86376953125,1577300
2020-02-10,319.25058161255,329.25388717310915,319.25058161255,328.4670104980469,1781600
2020-02-11,331.0441035310487,332.6277327916165,329.5195185443315,332.2441101074219,1808400
2020-02-12,333.41461324153545,335.3621737774035,328.3883455525599,329.08673095703125,1948400
2020-02-13,328.0342530468245,331.88017547774024,326.0670311394972,330.0899963378906,1560100
2020-02-14,331.04411027296936,333.8375618645888,329.558848082005,333.6310119628906,1467700
2020-02-18,332.58828247864903,332.80467802793555,329.0276166364569,331.8407287597656,1462400
2020-02-19,332.54898415818116,334.71294000576165,329.8145472330134,334.17193603515625,1189400
2020-02-20,334.42773683360736,335.75561767451995,327.73919410390533,330.55230712890625,1505700
2020-02-21,328.43750457746125,330.09980932573995,327.64078218537753,329.45062255859375,1540100
2020-02-24,318.94564438679333,320.8243445978768,315.2669196201659,317.85382080078125,2638300
2020-02-25,319.45724573394347,321.6310180905798,302.3325710648768,304.5555419921875,2378300
2020-02-26,303.68004035220036,313.4178129396387,303.25709484056364,304.0931701660156,1944800
2020-02-27,299.01772141912295,306.60135325155176,292.14229065391,292.21112060546875,2231900
2020-02-28,283.8798866193933,290.95205037482697,280.16183915273643,286.03399658203125,3961600
2020-03-02,286.2602240605856,299.9619140625,284.1257756097618,299.9619140625,2741000
2020-03-03,310.4571167311927,319.6637004524431,302.4111866810753,305.2734680175781,3895900
2020-03-04,313.31936823087506,322.51613449797713,309.67015083458875,321.28662109375,3043500
2020-03-05,313.44729363502296,318.3850094667946,305.0177411543411,307.76202392578125,2192400
2020-03-06,300.06040249761975,307.5948671943367,297.7686018214141,306.0702819824219,1922800
2020-03-09,289.0635513492999,293.5389685542097,283.30942207340166,290.50946044921875,2520100
2020-03-10,300.7488968278058,302.92266864519655,288.27668703792193,302.6571044921875,2707500
2020-03-11,294.50291372382736,295.3094817853603,280.5848268839775,284.6372985839844,2566400
2020-03-12,269.774911179201,290.9323881414215,264.1486564554908,279.66021728515625,4519200
2020-03-13,292.99852985581674,296.4438343259119,267.95608581849984,295.429931640625,4534400
2020-03-16,267.2867553080886,288.9035744036172,261.09504175013706,274.98455810546875,3766500
2020-03-17,293.3233895125458,309.25053267305157,282.10151664063693,291.6794738769531,5253500
2020-03-18,279.9161664575084,298.26488537677443,275.88026299814464,298.2452087402344,4570700
2020-03-19,293.362684373061,295.2920761203449,273.3897877909498,276.451171875,3511100
2020-03-20,273.1239623688306,280.9891184071416,263.959457571176,274.0197448730469,3715600
2020-03-23,267.98559284168476,270.7024708898109,246.29988021381828,251.31033325195312,3477200
2020-03-24,259.43143060612823,279.5618656982009,257.2165918814066,277.6226501464844,2691600
2020-03-25,273.66542121279343,281.2844551082235,265.9085607413602,267.434326171875,3075700
2020-03-26,270.4662271048945,280.6544595545299,266.0759036485143,278.72509765625,2856100
2020-03-27,269.3538992239617,278.7448229324385,267.8478102364327,270.05279541015625,2314600
2020-03-30,273.9410570537048,281.70774118385276,272.119961750274,280.5068054199219,1990000
2020-03-31,279.37477012619223,281.855378129685,275.9294662121192,279.1680603027344,3275100
2020-04-01,272.1888174114944,278.567531231416,266.17428652635033,270.8992919921875,1927400
2020-04-02,267.78870763763746,283.48943124189117,267.7788542994656,283.0563049316406,1666600
2020-04-03,278.52819970072824,283.00708237951255,274.43320666037465,277.79974365234375,1320400
2020-04-06,290.00596495682225,301.936584773789,287.59427037991054,299.2492370605469,2437800
2020-04-07,307.26202244702637,312.57762752157646,291.4431504041731,291.9451599121094,2126500
2020-04-08,292.99858568732753,304.2499606481653,285.98000215147727,302.3501281738281,1997900
2020-04-09,302.7438261311455,313.2274199125695,300.2828942652098,312.42022705078125,2445300
2020-04-13,309.46708231391443,311.92801396913586,304.348332454786,310.39239501953125,1547900
2020-04-14,316.5249104484966,322.29334791894286,314.83178884059004,321.26959228515625,1513100
2020-04-15,317.5783310708159,322.03753841647153,315.7080288582359,320.7381591796875,1652300
2020-04-16,323.3664277310908,325.5714129373081,319.12378385269756,323.70111083984375,1830000
2020-04-17,328.9970432458095,329.09548652342005,321.9981377648853,326.3982849121094,2057200
2020-04-20,324.1735503951262,326.56556829753873,320.46244694157537,322.04730224609375,1717900
2020-04-21,319.7339865475161,319.7339865475161,311.4160280190324,314.6250915527344,2183500
2020-04-22,318.49375654228766,332.26515024187637,316.4068913461857,330.3456115722656,2321700
2020-04-23,330.1586384709934,332.03879416578235,314.8713297478713,315.5013427734375,2668100
2020-04-24,317.5683778380231,324.7936979695081,315.2354199662167,323.563232421875,1987900
2020-04-27,325.32518699968153,338.0728201122998,324.91176746256826,337.3542175292969,1878500
2020-04-28,337.3543461394319,341.46904669209516,322.97267598602735,327.2645263671875,2361400
2020-04-29,328.2587270213422,332.107627432397,323.54357392924516,330.3751220703125,1936600
2020-04-30,326.5852103475359,332.52097453641466,326.2209973771781,329.4497375488281,2215000
2020-05-01,325.21701388026054,329.2135641037989,321.4468501213758,324.6559143066406,1603100
2020-05-04,324.01600668204344,325.7288049598885,320.2458437546877,321.6141357421875,1189000
2020-05-05,326.75265207340556,334.66701640257315,323.79953419363676,331.064208984375,1139900
2020-05-06,332.2553179481424,333.69249368618915,329.85344614446376,329.9125061035156,1215600
2020-05-07,333.99753846828804,336.97036229927244,330.0206956591391,333.7809753417969,1795100
2020-05-08,338.48635771035504,338.48635771035504,325.19732722191986,327.8059387207031,1616000
2020-05-11,326.16199754449383,336.0155763960693,325.92575774519383,335.0705871582031,1313900
2020-05-12,335.0607418816381,336.27150092284904,326.53607177734375,326.53607177734375,1510000
2020-05-13,329.94204225358015,334.88361255158907,325.65019159863454,328.86907958984375,1791200
2020-05-14,325.41382136650674,332.52099144011385,323.2482200670318,332.01898193359375,1147600
2020-05-15,332.225782991835,337.83671934307637,330.1290643548903,337.56109619140625,1614500
2020-05-18,342.5616319713958,346.3612954237433,341.31148970384066,341.5477294921875,1396000
2020-05-19,340.59296015968357,341.8234260562142,336.07469299250357,337.42327880859375,1201200
2020-05-20,339.6478261750573,340.4549886286636,335.4839205391232,335.818603515625,1352300
2020-05-21,334.95240443966014,336.62584962938274,329.51867930283765,330.5030517578125,1175900
2020-05-22,332.147072929241,335.4840809949545,330.2767406356288,334.94268798828125,1098200
2020-05-26,340.83901269025426,341.79385531371355,326.82155648172505,327.372802734375,1647700
2020-05-27,331.2512555651496,332.17656827476856,319.28128033750033,332.078125,1744400
2020-05-28,335.6120521759168,340.47485602774503,334.38158622233016,337.3839111328125,1290400
2020-05-29,339.6971894867276,344.2843701173317,335.2379821204303,343.7331237792969,1548800
2020-06-01,342.5615865332325,345.6525302105496,342.1678435913265,343.87078857421875,845700
2020-06-02,343.8610015254474,345.31785356813657,341.26224376173593,344.61895751953125,1166500
2020-06-03,345.9281886132301,347.07988758697684,339.9924237866457,341.7642822265625,1209700
2020-06-04,338.5453526905618,344.323613593246,338.5453526905618,342.709228515625,1763500
2020-06-05,342.70926253844664,350.85004192784953,340.1695948347524,348.66473388671875,1712100
2020-06-08,344.8946254447965,348.2710162764266,342.6305804653791,344.41229248046875,1314800
2020-06-09,344.60918153675067,346.69607689454256,341.4001469629781,342.2171630859375,1672300
2020-06-10,343.92005359830233,349.06830231887204,342.4139649417474,347.2865905761719,1140600
2020-06-11,346.45979550836694,347.0701017554745,330.42438639025517,331.1823425292969,1647700
2020-06-12,337.3878758701919,340.1656299037487,325.61694550638373,334.66925048828125,1523100
2020-06-15,328.8478416073691,337.67358309892177,328.8478416073691,335.7134094238281,1632100
2020-06-16,341.6825845144339,343.3866441010385,336.3437809800046,342.0174865722656,1549100
2020-06-17,344.75583975240505,347.69120029544206,342.04704386863614,344.60809326171875,1302600
2020-06-18,343.52465321652846,346.81460614475316,341.8008735946534,342.2342834472656,1129900
2020-06-19,349.1687254886425,349.6809233433726,342.94341282196734,347.4449462890625,2328500
2020-06-22,347.27754565823557,348.2724223173177,343.36702747769,346.883544921875,1138100
2020-06-23,349.6808953738527,352.6359451939134,347.74041145626666,351.4736328125,1680600
2020-06-24,350.1536813165851,350.38021587626486,341.06196806810203,342.746337890625,1892700
2020-06-25,342.5690641178344,346.9031310467361,338.0478416343835,346.48944091796875,1294900
2020-06-26,347.2184450253175,350.37051101847334,343.0419831356658,345.6916809082031,1656400
2020-06-29,348.1443123325912,348.1443123325912,343.81024477154,345.5438537597656,957300
2020-06-30,345.2090349790632,358.5166237123321,344.35207503452324,356.9110412597656,1710300
2020-07-01,358.30969273169154,358.30969273169154,351.65097006576417,354.37945556640625,1600200
2020-07-02,356.6252550891183,364.27885346173855,356.5760162822687,360.4077453613281,1127800
2020-07-06,364.7122384866951,380.7778560592562,364.4659843484764,376.5422668457031,1859200
2020-07-07,375.4194012502065,379.9603135853242,373.99111508119563,374.5525817871094,1368300
2020-07-08,378.7783243514501,389.08159045652206,376.7984311958994,380.8370056152344,1456800
2020-07-09,379.79290904347806,385.51585385868077,377.80315600375843,381.8614501953125,920200
2020-07-10,382.94491482554093,385.7128092262011,376.02024893095506,376.83782958984375,983600
2020-07-13,378.8965370267782,384.5603831952448,372.79928109450736,373.25238037109375,1052800
2020-07-14,373.25240992410426,382.52142164702207,369.519217884392,381.65460205078125,869200
2020-07-15,386.8160400390625,388.3329439956894,382.03870340343707,386.8160400390625,1137200
2020-07-16,387.042651857867,387.61397844723535,382.11756775799745,386.5403137207031,1002600
2020-07-17,387.9192728229185,392.5291436315162,384.8558553428829,389.4755859375,1206700
2020-07-20,391.9382082101691,399.13867915534155,391.2388546464185,396.9322509765625,1511200
2020-07-21,399.3553507248654,403.55153187765694,396.0653982471642,397.0504150390625,1486900
2020-07-22,403.69930105916535,414.6822328936505,400.4093483966756,404.60552978515625,2283900
2020-07-23,411.87494430313615,413.647962541055,402.980213630605,404.3297119140625,1522300
2020-07-24,397.3261365911624,401.18741484557177,393.1792251694489,400.2910461425781,1323400
2020-07-27,398.34065150060934,410.2790462187865,398.2914127016015,407.2452087402344,1312700
2020-07-28,405.45258966404106,408.70316297394317,400.52750591600045,401.25640869140625,1107000
2020-07-29,404.3493713420814,407.79692992843286,402.0838448666091,403.1279602050781,1099300
2020-07-30,399.2370795487275,406.51636672110465,398.3801199082059,404.4084167480469,1142800
2020-07-31,402.89152541962943,408.1613708500387,401.47309894706217,407.7476806640625,1217900
2020-08-03,411.98331938977077,417.3516735314743,410.94906366648087,412.81072998046875,1049400
2020-08-04,412.6531066465812,412.6531066465812,406.58539917143025,409.4912109375,911300
2020-08-05,410.6632694925321,414.02217966634095,409.6289840384808,413.60845947265625,906100
2020-08-06,412.731922198518,413.9139243887952,402.88175364456436,409.5010681152344,1229900
2020-08-07,407.7969364572488,410.6140699468135,405.3639438706585,408.1219787597656,1006700
2020-08-10,407.9052633769093,408.9887877912985,402.1527692845365,404.01446533203125,1206100
2020-08-11,403.2363352885457,404.0145070019116,395.208454128126,401.13824462890625,1337700
2020-08-12,402.77326703016604,411.77633285458546,401.1381359265958,409.9343566894531,1060500
2020-08-13,405.84660796619534,411.392257316831,405.84660796619534,410.3580017089844,1080500
2020-08-14,408.49623359157016,410.229872460071,404.5857164122732,407.56048583984375,898100
2020-08-17,409.76693033718266,413.4508830242761,408.3879130259971,410.554931640625,1225800
2020-08-18,411.45131528620726,413.61836403951935,410.09198743734095,411.0474548339844,1037300
2020-08-19,412.98793995212765,417.05606372258273,409.58965038183993,414.3177185058594,1230100
2020-08-20,413.53950272739075,416.75066643765837,412.3082319869901,415.78533935546875,928700
2020-08-21,416.55376299393924,423.4784297959997,414.71175635373913,422.1486511230469,1301300
2020-08-24,423.11399692233977,425.90161158016963,410.2102995942827,413.470703125,1201100
2020-08-25,413.8646778820178,417.1053916929597,412.0423907213223,415.9627685546875,963600
2020-08-26,415.11562775441485,421.23260379871635,414.34731584367574,419.27239990234375,945900
2020-08-27,403.16728705517716,417.46974749249165,396.6366521717259,414.2290344238281,2092000
2020-08-28,413.7070782762774,418.3662188128691,408.9494601026449,418.1199645996094,1325000
2020-08-31,419.1147613846864,426.9555162467432,418.55332469100904,422.552490234375,1557600
2020-09-01,425.67494954631314,429.22101558385543,424.0989168562584,427.2312927246094,1489700
2020-09-02,427.98973963536383,435.337955516931,423.6753618461888,434.4514465332031,1221600
2020-09-03,431.5457014150007,432.3534224159531,408.27960910695595,413.38201904296875,1882700
2020-09-04,413.34250089111475,413.6774029118527,395.06059607464545,403.83709716796875,2189300
2020-09-08,401.8769617846779,402.68468270917634,395.22809892780185,399.2272644042969,1515200
2020-09-09,404.4281055565199,416.1399674508416,403.7484717527132,412.0521545410156,1665900
2020-09-10,417.3712159572939,422.9070041876749,411.64827217660576,413.4410095214844,1540600
2020-09-11,419.2231163827324,427.49725070693074,418.62224056027804,424.6702575683594,1743200
2020-09-14,429.13461841499407,433.4807630689931,426.7496479643068,427.81402587890625,1052300
2020-09-15,429.33178007843975,431.1352677429613,426.877815782412,428.7995910644531,1292600
2020-09-16,432.4361336242841,434.38744309324204,426.35546474135487,427.59722900390625,1842700
2020-09-17,424.91662141293983,431.9039515552031,422.81745991671943,426.6609802246094,1304300
2020-09-18,420.5606104093438,427.5578053503771,419.9101638860248,422.837158203125,1737800
2020-09-21,418.5995066204144,420.0580866525974,409.45388470057514,419.30908203125,1283200
2020-09-22,417.7617579922811,425.06446193468315,416.00753428392983,424.00994873046875,1168600
2020-09-23,424.53220458090163,425.50788929229446,414.11528680451096,414.66717529296875,966500
2020-09-24,413.4156325586168,415.0121695957455,409.5622470788481,412.085205078125,904700
2020-09-25,409.74950236648425,418.6389090382682,406.8225077435728,416.17510986328125,1112900
2020-09-28,420.33398586668136,424.87721691224135,417.89975118420756,422.186767578125,1110700
2020-09-29,424.532285800753,429.98220822368154,423.77344650286216,428.05059814453125,911900
2020-09-30,430.2779078583201,438.35915136837605,428.7700639174623,435.12664794921875,1516300
2020-10-01,439.512182365032,446.1348753576606,429.7949433558207,431.8547058105469,1452300
2020-10-02,427.9224951215187,435.40258594114545,426.739889541831,428.76019287109375,949000
2020-10-05,433.6286270814634,445.20848246375243,433.6286270814634,444.1441345214844,1149100
2020-10-06,445.31690368466616,445.45489087480024,438.82233266793963,439.4333801269531,1198100
2020-10-07,441.4043573969447,449.34764241472874,441.4043573969447,445.8096008300781,1012900
2020-10-08,448.1748998039323,448.1748998039323,440.694809701024,446.9725646972656,832400
2020-10-09,450.76680175566725,458.6607929057508,448.69720468395,457.970947265625,1066000
2020-10-12,459.03537053869746,464.49515816777244,455.81273190569,459.9617614746094,927200
2020-10-13,460.1292013892382,464.0515496450895,459.261939440507,460.7599182128906,916400
2020-10-14,460.24749755859375,465.5988615305224,457.57671790684753,460.24749755859375,851900
2020-10-15,455.28051551907936,459.25215851955846,451.7326387514331,457.8330078125,936600
2020-10-16,461.4203199517819,466.9786352322893,460.7304441548635,461.8046569824219,1070300
2020-10-19,462.08054599083744,464.4359521485722,452.1465221731507,454.6103210449219,1248800
2020-10-20,454.5907047871875,463.5688057545417,454.49217686827825,458.52294921875,1081900
2020-10-21,468.1218005240513,472.0540140242387,455.72397744030945,461.97216796875,2212800
2020-10-22,464.85971973016615,477.9769825567525,463.3025819961628,475.01055908203125,1454600
2020-10-23,474.03497862079007,476.7057286030572,466.633716003971,473.2170104980469,1164400
2020-10-26,468.19080404053244,475.63146499742135,468.1218104503049,475.4442138671875,1310900
2020-10-27,477.97702973708226,483.6043385113552,477.08020324746394,482.2147521972656,1332000
2020-10-28,475.3653514227699,479.18917201217903,468.841216944738,469.8070068359375,1673300
2020-10-29,472.70438053097917,473.01975396136606,464.2880363209805,465.0469055175781,1330100
2020-10-30,462.2677751618751,468.58495877822605,458.7593281411136,466.26898193359375,1251900
2020-11-02,471.86677136801615,482.2344567846788,470.6348718708402,473.5914306640625,1656000
2020-11-03,483.90978282177485,494.46471851230586,481.81065151234094,484.3828430175781,1714300
2020-11-04,492.75983197026426,510.49918592119377,491.99112783541756,503.57098388671875,2300100
2020-11-05,517.397709260848,522.1971841517897,504.3395765985505,507.3059997558594,1526100
2020-11-06,511.0706917675138,524.858099209525,507.0596203992799,520.0191650390625,1367000
2020-11-09,514.2244693285388,515.4267744229982,477.29701694538454,477.9671630859375,4192000
2020-11-10,473.41407745243083,476.97181908835654,455.31008598833574,461.8046569824219,3377200
2020-11-11,465.22437918549093,481.4755877378735,462.27768521067446,476.9914855957031,1917800
2020-11-12,477.97696573885014,490.81828384216817,475.907368738043,479.5143737792969,1463800
2020-11-13,485.8512332605199,487.2013901205608,479.0412901225782,481.51495361328125,1160800
2020-11-16,488.55169695217853,488.55169695217853,473.1775834520235,474.0251159667969,1737500
2020-11-17,472.1624617869451,476.92250837702187,470.2209869085467,472.06390380859375,1546600
2020-11-18,472.96070087037333,474.4685446107938,445.19860132537275,447.603271484375,3527800
2020-11-19,452.28456833190353,453.05327252823815,443.5331482039856,446.53900146484375,2093500
2020-11-20,446.22349171451236,450.6583292032021,443.2373690084879,444.5086975097656,1868600
2020-11-23,447.91870315037227,449.318154356108,435.36319181059304,439.57135009765625,2251300
2020-11-24,437.86636075879306,439.0686959136603,429.45987949526426,433.19500732421875,2832500
2020-11-25,432.130666720037,443.1783335692332,431.83499277979695,441.956298828125,2650200
2020-11-27,446.91342261646327,448.0171997158051,435.5996471968689,446.8345642089844,899700
2020-11-30,450.45148402200033,459.8336204789212,448.41145108133674,458.2469482421875,2557000
2020-12-01,463.1942426655948,468.90040994855735,458.5622882086695,464.2783203125,3041900
2020-12-02,469.5705650201884,475.21760363653067,462.8000496034803,471.9555358886719,2003400
2020-12-03,473.0494209526319,474.4784364420285,464.8301908726606,470.28997802734375,1488100
2020-12-04,469.5606975699581,471.7879816674558,462.44524428856977,467.7473449707031,1650000
2020-12-07,466.9785533546116,471.17687602260673,464.17968160117096,466.0423278808594,1263500
2020-12-08,466.042394872391,472.60592917829223,466.042394872391,467.1166076660156,1433700
2020-12-09,470.58563829083573,470.58563829083573,452.22540218792534,454.6990661621094,2417100
2020-12-10,456.3447843169465,466.15071519756407,455.310000890644,461.952392578125,1564300
2020-12-11,461.22322171457785,465.0667425470644,458.30609181039245,464.56414794921875,1192500
2020-12-14,464.80068026437743,470.74613647624744,459.5059742460593,460.5806884765625,1745400
2020-12-15,463.20339078714125,466.8416581231499,458.7171653007443,464.376708984375,1129100
2020-12-16,459.8018194123495,461.9019612148226,451.16462667757514,451.3717041015625,2058300
2020-12-17,451.933683860216,458.4707347077119,451.7266365286304,458.42144775390625,1765800
2020-12-18,456.25220077177875,462.5723337611737,449.02498338015045,460.136962890625,3379600
2020-12-21,455.82827365493205,459.74261427572236,447.634784737941,456.3902893066406,1282200
2020-12-22,455.87761675004623,458.86516450137657,453.05772889790217,458.6778259277344,1043900
2020-12-23,461.2709094761597,462.7991961964044,451.9139709472656,451.9139709472656,1241000
2020-12-24,450.9870910601207,455.7296508237909,450.0109808241425,451.66741943359375,442100
2020-12-28,455.60143411225897,457.001538364628,450.9377699253045,454.2703857421875,736500
2020-12-29,459.46656582490033,459.7919259045725,454.2901721112078,456.3705749511719,803200
2020-12-30,458.7961336432053,460.0581865998069,455.0099747734003,455.2564697265625,714800
2020-12-31,455.09869782558616,459.6933672469872,453.0872906335784,459.2496643066406,967200
2021-01-04,462.4737729884716,469.701021145029,455.69025782897796,465.2049560546875,2220400
2021-01-05,465.3824419415726,476.12961519728054,464.3964621916964,471.0222473144531,2046700
2021-01-06,464.6923039005835,483.0906920124626,463.63732830059166,478.40728759765625,2112300
2021-01-07,483.0413541976862,498.4029058214401,481.15812922050407,493.31524658203125,2144400
2021-01-08,502.73131666517025,511.7234464002779,495.99705869949076,505.11737060546875,2221700
2021-01-11,501.85382218616695,511.3784202500559,501.8242439973225,506.1526794433594,1669600
2021-01-12,505.08791875505403,508.4698224306599,488.9868508989046,491.77716064453125,2039000
2021-01-13,492.9899471612983,497.9198466329113,492.76316095330543,494.67596435546875,1410200
2021-01-14,494.96190182160296,500.20732202658337,489.10517890283126,489.9432678222656,1426700
2021-01-15,490.3572158167989,504.3384292586772,490.0318557918618,496.0857849121094,1892600
2021-01-19,502.8497419797678,506.76405324199067,496.0464867826911,500.2664794921875,1758700
2021-01-20,502.51447105763907,512.4728731066881,502.2679761063741,508.60784912109375,1257100
2021-01-21,508.5682553165968,512.7093815883866,504.8314143730718,505.1764831542969,1514200
2021-01-22,504.5357571753161,509.86004252209545,502.85960942914164,507.3852233886719,1936600
2021-01-25,511.25997380413514,514.6812937481053,508.3907397879421,511.5557556152344,1509700
2021-01-26,508.97256617132206,510.89517830516894,500.0888800814737,500.71002197265625,1006300
2021-01-27,493.2068493510001,493.9759124422316,472.46182456303575,475.715576171875,2504600
2021-01-28,484.44137620342934,496.28300162439325,482.7948070109477,489.5191955566406,1619700
2021-01-29,487.1134770217131,506.478104973225,483.7512822363168,502.5539245605469,2586400
2021-02-01,509.59376745693953,519.2070693966799,504.82159929713714,508.242919921875,2083100
2021-02-02,512.6996850283805,518.3592000969371,510.74746405921735,511.26019287109375,1502000
2021-02-03,511.52634075480705,512.2855645065378,492.29973343133264,493.20684814453125,1704900
2021-02-04,493.2067550453263,495.99706429070403,480.8228527140837,482.1046142578125,2921900
2021-02-05,484.63861688344207,487.4387957139662,480.23128627402065,485.6541748046875,1678600
2021-02-08,490.03196201627765,495.10975198301026,486.32466832885393,488.8093566894531,1418800
2021-02-09,488.34598132591015,492.98006869038727,481.4539615300143,482.43994140625,1452500
2021-02-10,487.31063492358135,487.31063492358135,477.0268730801235,478.0818786621094,1677800
2021-02-11,481.3257552709611,487.5867027089094,477.3128104046171,487.123291015625,1027100
2021-02-12,487.23169728862115,504.111663730065,486.81757260478906,500.71002197265625,1762800
2021-02-16,502.8497199025961,506.40909269256804,491.3334825585158,493.06878662109375,1467300
2021-02-17,490.60382951913857,498.47195937795226,487.162769548532,491.47149658203125,1006500
2021-02-18,490.87009654926544,492.5462443162705,481.48354869516356,481.94696044921875,1465800
2021-02-19,482.28217194273014,483.0314961268145,471.3574989509016,472.1462707519531,1918000
2021-02-22,468.1136274871037,469.5728884504391,455.2860505124357,456.78472900390625,2127200
2021-02-23,454.41839639211236,454.9212557424514,446.69815734508677,452.3774108886719,2055400
2021-02-24,464.2288547191735,466.7233824027318,448.2264218665541,450.2575378417969,2426700
2021-02-25,451.3322101352265,451.57870506157013,442.2513454738459,445.1402587890625,2147900
2021-02-26,448.34470527603224,449.5180235651723,442.5372702071194,443.7697448730469,2153100
2021-03-01,447.8221453599447,454.1422791724481,447.57565042227947,453.1168518066406,1309000
2021-03-02,453.55067023632944,460.75817956703844,451.657575938478,455.6310729980469,1718700
2021-03-03,455.7395622934592,458.4805848011549,444.38108637971476,444.6374206542969,2001100
2021-03-04,439.8258825374558,445.59387073414536,432.8451583708593,435.2706604003906,2508900
2021-03-05,438.76095913443083,442.55698693364866,427.44190153614966,440.604736328125,2749200
2021-03-08,439.3624198938435,447.72353896692715,433.2888111412768,433.6831970214844,1572100
2021-03-09,443.6909088383093,454.5958429905803,441.4428761037839,441.827392578125,2863300
2021-03-10,450.296919755374,453.3337238484521,434.5508234865781,434.90576171875,2759800
2021-03-11,443.69088884071965,456.7354118049339,441.7287987609992,454.0633850097656,2617100
2021-03-12,448.60111162342866,450.71109280233554,441.2259716999231,444.1740417480469,1577300
2021-03-15,441.40182769846854,449.0673036470221,439.75427739414584,446.72918701171875,1701800
2021-03-16,449.1660439618463,449.5902529396152,436.0547951966481,440.4252014160156,2402400
2021-03-17,436.8538160086308,439.90224919465345,434.2887822600054,436.656494140625,1876300
2021-03-18,435.0386292284508,447.4198104225755,432.43412472560493,439.75433349609375,2126800
2021-03-19,441.145366861242,444.33193178176265,438.78749969903174,439.0242919921875,2693100
2021-03-22,439.02427032671505,450.25120507054817,437.1399577367116,448.5444641113281,1431800
2021-03-23,448.00181332672855,451.96776011870355,444.4403854001198,445.9300842285156,1156400
2021-03-24,444.42067639406906,448.6135103236796,439.00450103335027,439.37939453125,1547700
2021-03-25,438.80719312153093,438.80719312153093,428.78385041277846,436.3408203125,1680700
2021-03-26,438.6198428320425,454.4342275568506,436.31132098799606,453.87188720703125,1750900
2021-03-29,450.3497555979345,454.74978593445053,444.1739791631465,452.40179443359375,1926900
2021-03-30,448.9095128931717,452.1848636935915,444.66736307718907,445.39739990234375,1448200
2021-03-31,449.9452891857013,454.64127242017184,446.9067312797482,450.24127197265625,1563600
2021-04-01,455.0458145739062,455.9041075533662,449.9552171329764,450.1623840332031,993200
2021-04-05,454.0395598657602,461.1624464620793,454.0395598657602,459.1301574707031,1509600
2021-04-06,461.6557064092269,466.63776778566626,457.3543362766987,462.43505859375,1150700
2021-04-07,460.71849775623366,464.4871231006274,456.2297107309965,460.1068420410156,1801800
2021-04-08,465.5032698119645,469.39027626701875,463.47098076475476,465.1678466796875,1339400
2021-04-09,466.11484592265487,472.6951415459492,464.7139329792587,472.4386291503906,1147500
2021-04-12,471.69886447288934,474.7374233457748,468.17687592626675,469.5777893066406,1163100
2021-04-13,472.15250148028366,481.13997889112164,471.61975656865457,478.32830810546875,1837300
2021-04-14,477.48974832446663,486.56601178173395,467.0816677127087,471.60992431640625,1744500
2021-04-15,478.476268043075,491.3605956564515,477.4897190368006,487.7301025390625,2380000
2021-04-16,491.3803926133791,492.2880310881567,484.3068519925844,486.2898254394531,2590500
2021-04-19,483.40908260272806,488.09519105653,479.54179669478634,481.0808410644531,1677200
2021-04-20,481.13999419008957,483.40904501159434,475.38839624355353,475.8717956542969,1464500
2021-04-21,477.7363732703599,479.37404829183976,470.07089805767606,473.9480285644531,1312400
2021-04-22,473.07004247913176,482.2548127523872,472.44854179813785,477.69696044921875,1087200
2021-04-23,478.8808660762923,483.7741418345567,477.6575546634995,481.5248107910156,1210800
2021-04-26,482.48174953412996,489.5750406935009,480.0449718048831,487.394775390625,1671400
2021-04-27,488.93370672940006,489.84131497970435,483.5175320659294,483.6260681152344,978300
2021-04-28,482.9749368873326,484.977630198064,478.5255911630564,479.2655029296875,1140500
2021-04-29,471.20542385470293,473.3264982740676,455.3910439121317,458.1435241699219,3359200
2021-04-30,459.2090455906375,468.7785846288715,458.7453662742057,463.905029296875,2094800
2021-05-03,465.43410196364715,466.76594918069964,458.8834320348756,461.0932922363281,1581300
2021-05-04,457.6896677287719,459.5049142655481,453.4475190958487,459.0215148925781,1703100
2021-05-05,462.29700218272944,467.1310876704663,458.5678470799502,461.4781494140625,1586000
2021-05-06,462.73101307844047,464.2502770638774,456.0915265847539,463.81622314453125,1530900
2021-05-07,467.07185771179854,472.5471937530545,461.6063666897632,462.14898681640625,1442000
2021-05-10,461.72474876053764,463.6288116103614,456.18034703746713,457.2359619140625,1502700
2021-05-11,451.5830421840515,457.8969814434873,449.37318150750525,457.75885009765625,1568700
2021-05-12,451.5436094075544,457.7588577173445,447.95255564129764,448.6628723144531,1454500
2021-05-13,450.9121490759521,452.8063366784088,447.4592270740359,450.7740478515625,1240300
2021-05-14,451.72111522432834,455.19375728311445,448.8009382633698,452.8951110839844,1009700
2021-05-17,454.6708668979325,455.23320709578985,445.74260982144716,446.82781982421875,1092300
2021-05-18,444.6475813304034,452.86555302320335,442.48703617466987,448.4951171875,1897200
2021-05-19,445.8214982283364,451.96770949060084,443.53269726539406,450.8035888671875,1136600
2021-05-20,451.5435591679932,461.37945542326617,451.5435591679932,459.0314636230469,1181200
2021-05-21,461.3103823611001,465.50321619224565,455.8646118577568,456.1211242675781,1415300
2021-05-24,459.110394242143,460.2942653194495,455.50949570038296,456.2395324707031,1194800
2021-05-25,459.0412850640975,460.15609036636147,455.37132120080304,457.77850341796875,1592500
2021-05-26,455.8745481620065,458.25213551347457,451.0996533122416,453.5068359375,2142600
2021-05-27,453.487063585169,466.28260733711613,450.872684237252,466.124755859375,4059500
2021-05-28,465.39467486012353,474.2243015767731,463.0960286446749,463.184814453125,1618200
2021-06-01,460.7184847180676,464.5758957725625,440.3067789929759,440.99737548828125,4619100
2021-06-02,441.68793133555175,446.3937902607471,440.52381051201814,443.1677551269531,2355200
2021-06-03,441.55970164071925,445.4171128348106,438.02786856026006,439.3399658203125,2396100
2021-06-04,442.9309522821778,446.4035942885689,439.1426073369086,442.7237854003906,1731200
2021-06-07,443.2565104172632,444.51929209468204,437.4950671323464,438.4717712402344,2782000
2021-06-08,435.82774713670926,438.0277622767857,432.81878468642634,435.068115234375,2819400
2021-06-09,438.66910059673796,443.8583590802407,436.5381506883843,442.18121337890625,1795700
2021-06-10,442.753417631576,459.4359679803144,441.7767134645768,458.6565856933594,2679600
2021-06-11,457.82785075971776,459.63322237623373,454.9569892489551,458.893310546875,1935000
2021-06-14,458.70586404682,464.8653648794292,457.41276409797337,464.006591796875,1452700
2021-06-15,466.6519606544738,467.33306270024553,461.5585162844947,464.0163879394531,1260700
2021-06-16,462.02246612995026,471.163030524723,459.9199362962559,462.3778381347656,1691700
2021-06-17,462.79232862241696,483.0081635524743,462.0125105672344,479.8099365234375,2237300
2021-06-18,476.9079529021149,481.7644725586443,474.2427683688012,476.24658203125,2321300
2021-06-21,477.9740916535158,480.7182314824831,470.5708334684673,477.3226013183594,1111300
2021-06-22,478.07272086627887,486.0484829796539,476.74012861046947,485.8609313964844,1840600
2021-06-23,484.55801277330454,487.7858221215761,482.8404365900641,487.6476135253906,1358000
2021-06-24,488.61499501353995,492.00074421389013,487.18368651392757,488.9703369140625,1326600
2021-06-25,488.61491976279916,491.28995462619486,484.8540679418118,486.51239013671875,4676100
2021-06-28,487.3120102201965,499.2164457669468,485.66356843390747,498.584716796875,1449600
2021-06-29,498.29842457955266,504.0137474736913,494.30067781034666,501.6841735839844,1349900
2021-06-30,500.95377503716924,502.28636745860643,496.7980881163897,497.9628601074219,1010000
2021-07-01,499.31508450985405,502.99698148190964,496.7683776011647,502.9574890136719,1129300
2021-07-02,502.34549009652125,507.991708083768,500.88457001453196,506.6986083984375,923400
2021-07-06,509.0183570416985,511.7724073970463,506.6592314343229,510.39044189453125,1288700
2021-07-07,513.272891263629,517.4977135537481,510.40045312082475,515.9775390625,1433500
2021-07-08,505.39562706707596,514.1117443017138,504.8823454779496,511.92034912109375,1384000
2021-07-09,512.3842992372877,513.2430721119576,507.95222629269523,510.5877685546875,1184200
2021-07-12,512.9865304808804,514.2105261036054,506.3137179591967,508.051025390625,1427600
2021-07-13,507.27118089280253,511.22940492702736,505.67208224112755,507.6659851074219,941800
2021-07-14,509.8968483574075,510.2226085301091,502.89830645590087,504.19140625,863900
2021-07-15,503.35233109494624,509.1663695826949,502.829168847445,507.8436279296875,1074800
2021-07-16,508.12005795206346,514.7731082347501,507.2514043589913,513.0851440429688,1080800
2021-07-19,511.86125504014143,515.957748637741,509.5612926451012,514.8916625976562,1317300
2021-07-20,515.1284284316272,522.7192362794608,513.3417783262443,515.8391723632812,1145400
2021-07-21,516.2242293880514,516.2242293880514,500.61819365061547,507.6266174316406,1113000
2021-07-22,513.0062442856661,519.0176551902473,511.96974011438164,517.7344360351562,868400
2021-07-23,520.4095609773592,526.2729435647581,518.6821341573933,525.3944091796875,1005100
2021-07-26,521.9198186424399,526.1248789090265,518.613054103041,522.294921875,874500
2021-07-27,521.544603314603,527.6054171403026,520.7549346649932,523.4398803710938,1091500
2021-07-28,511.31808550166977,522.3538624339152,509.3438843993467,521.4556274414062,1814500
2021-07-29,524.6738520097653,528.5037486702122,523.114215475464,526.8849487304688,1000800
2021-07-30,527.9904811708523,536.2919742733801,524.5257469370589,533.04443359375,1412800
2021-08-02,535.0877544685485,537.3383135354039,525.0193117011636,526.7960815429688,1147400
2021-08-03,527.3487053065298,531.4747792921125,525.433727404336,530.063232421875,934100
2021-08-04,531.9190133951246,534.317661155013,528.5036228729253,531.9288940429688,854600
2021-08-05,533.99198285321,536.1043933886206,529.7869833289676,535.3541870117188,781100
2021-08-06,532.333596619232,535.0086616165424,526.6972893147033,531.2576904296875,765800
2021-08-09,536.8151072147674,539.0064423260377,532.1757208669347,534.1795043945312,861700
2021-08-10,533.8044643542198,539.5493386896177,532.2645290813128,533.3997192382812,903200
2021-08-11,533.4788110295875,536.9435455918482,527.141638724319,530.3299560546875,898900
2021-08-12,529.717827810668,536.1339834956387,529.0367257972723,535.0185546875,603200
2021-08-13,534.9693224319332,537.6640890981233,533.6663417779872,537.61474609375,608300
2021-08-16,539.3618331521367,547.3869691354613,535.7194280370195,547.3080444335938,1141400
2021-08-17,546.8243732012288,550.3977346488649,544.998260246164,549.1342163085938,830300
2021-08-18,546.8243693116236,548.8183328197374,537.2988798128822,537.6344604492188,913100
2021-08-19,537.022393342308,547.1204772962462,535.3838322310594,544.7612915039062,834900
2021-08-20,545.1560571337068,550.7923641264439,543.3200038627596,547.8409423828125,951400
2021-08-23,550.5061199943572,553.4674223501656,544.3860830761163,545.4817504882812,1275100
2021-08-24,547.1797155498211,547.1797155498211,541.2175869364739,543.3892211914062,876100
2021-08-25,545.4522077572677,546.0444441715948,537.14077517313,541.01025390625,963200
2021-08-26,542.9055425312679,546.9131701262205,538.1082461967515,545.6398315429688,766000
2021-08-27,547.5251494291208,550.4272286411141,540.4081298681263,541.4347534179688,846100
2021-08-30,541.9183998917708,551.5426337696302,540.9609409275097,551.3255004882812,873300
2021-08-31,552.6088060636895,552.6976114207296,541.5335007859925,547.791748046875,1287100
2021-09-01,545.6495596158309,556.063460061019,544.7907265697614,554.4741821289062,1062900
2021-09-02,554.1683367714062,564.2960025042182,552.7272078937806,558.1759643554688,1137200
2021-09-03,555.6884463754577,561.4530817128875,553.2996791413514,560.7818603515625,825500
2021-09-07,560.6733557948548,562.1046642632699,551.2465534996371,561.8282470703125,1241900
2021-09-08,561.4631256826716,565.8754991804532,558.8769254728628,565.1943969726562,945100
2021-09-09,566.526893590654,568.2049774109914,559.7356336044379,561.443359375,1122600
2021-09-10,564.2070502243469,568.2047961178258,561.857745675024,564.5821533203125,1054700
2021-09-13,565.95433291236,567.8791919073803,542.0961186681869,551.9177856445312,1372500
2021-09-14,556.1839593512988,559.0972736188261,553.4089179600611,555.40380859375,785400
2021-09-15,552.4905025958446,559.0479160381764,550.1104490322459,555.9568481445312,1241400
2021-09-16,555.1174704375385,555.7890041656925,548.3823023870759,553.46826171875,1053400
2021-09-17,589.6327518853309,601.7204803455445,568.8347343226933,589.3759765625,5272300
2021-09-20,585.3171700240993,594.6989937301245,577.7228282131332,582.858154296875,2674200
2021-09-21,586.1070884143845,595.2617906779557,581.6729527986528,589.6129150390625,1364400
2021-09-22,594.0372002675874,602.5993298843715,587.953795993685,599.0836181640625,1696600
2021-09-23,599.547687565432,606.4902637109684,595.6566985228656,600.6636352539062,1179200
2021-09-24,603.7943006308891,609.2554769242583,598.313293570321,602.1944580078125,1300900
2021-09-27,596.0025204248797,597.9875262524655,576.5673411454773,587.2724609375,1708800
2021-09-28,578.0781870291033,581.2680472575668,563.0672608992901,569.279052734375,1750100
2021-09-29,573.7725010283098,578.6510510384503,570.8098203001085,572.389892578125,1040900
2021-09-30,575.609253662109,581.3865162946308,563.886920336626,564.2227172851562,1510800
2021-10-01,563.4721798756883,569.0321481237677,545.1430666230079,565.5953979492188,1657600
2021-10-04,564.4400193806089,567.3731045135295,555.6211140413747,561.9217529296875,1323700
2021-10-05,563.9264062299646,574.6907738830521,562.0894988512496,564.7658081054688,1384500
2021-10-06,560.4403624148122,568.8346233496596,558.870115318551,568.4395751953125,1133500
2021-10-07,572.725563146616,581.7913569404315,572.725563146616,576.2511596679688,1027800
2021-10-08,577.9993167719654,582.2260434792667,573.1800177237849,576.6561889648438,851400
2021-10-11,573.9699892880278,579.4410509917873,571.2640840360622,571.4615478515625,676000
2021-10-12,574.7599335672603,575.7376083461977,562.8697325859074,568.7456665039062,1012000
2021-10-13,571.8466832820649,576.221567440624,563.4228266862692,566.4249877929688,1223100
2021-10-14,570.4543387747107,577.2882390850069,568.1039404690605,570.1679077148438,845700
2021-10-15,572.9430847948413,576.5477048034134,570.7704998714445,575.1453857421875,874700
2021-10-18,576.3005410481361,583.5393731004392,573.7723897281832,580.7149658203125,1534000
2021-10-19,583.648082881643,589.5833293753942,582.2852449726398,584.734375,765700
2021-10-20,602.1945222005214,602.2833688691143,592.5460392052765,598.0664672851562,1062100
2021-10-21,603.3301014737008,604.3867980432553,590.1363126362243,600.8414306640625,959200
2021-10-22,601.3550755213097,604.4461440272553,597.5233368035733,604.347412109375,738700
2021-10-25,604.3868894777098,604.3868894777098,595.0050668469283,600.1897583007812,951900
2021-10-26,602.0758039912337,603.3991609146263,596.3479680377272,600.7722778320312,1051500
2021-10-27,609.1271239535714,618.202804671871,601.5525540390132,604.6732177734375,1771100
2021-10-28,607.3494474530395,619.5556755405178,603.8831019380686,612.3563842773438,1280000
2021-10-29,613.9364325585008,626.2117966099775,609.2751781069151,625.1946411132812,1541700
2021-11-01,624.4836723233873,630.7744260152448,620.0298264248662,627.199462890625,1582600
2021-11-02,629.925151089965,635.356732331239,624.918213512629,628.2858276367188,1376600
2021-11-03,628.5821758377286,634.5865597677594,620.5730756990055,634.379150390625,1216600
2021-11-04,634.7048817115002,635.5146882181681,622.6961172661369,631.8014526367188,1396100
2021-11-05,606.5396724807488,614.0549905923184,591.992931076426,609.1270751953125,2693400
2021-11-08,613.758750186949,618.508912114499,607.7642528217812,616.70166015625,1170900
2021-11-09,615.9907407041964,616.8499133481167,607.3594732761882,610.8850708007812,927000
2021-11-10,608.0309205156917,621.0864369670516,608.0309205156917,619.0619506835938,1119100
2021-11-11,620.1581049882685,624.3651207800004,617.6892046669128,623.6244506835938,687600
2021-11-12,625.0366779058843,631.7521352528622,622.0147462100998,627.3475952148438,888100
2021-11-15,628.6710736378432,631.3078429114902,624.1480303294605,624.49365234375,826100
2021-11-16,622.5381075827916,643.4645074009458,622.5381075827916,633.5,1346900
2021-11-17,635.3271485504746,638.9514777681378,625.4712563292871,629.3721313476562,1390300
2021-11-18,630.4880952419737,632.2755769176505,623.3282832924345,629.6980590820312,968700
2021-11-19,630.2311957777623,636.9861332077808,627.9795901516785,628.1375732421875,1222300
2021-11-22,632.0385728002298,632.828608961051,623.1505303702265,626.07373046875,1318900
2021-11-23,621.372656120943,626.1919529058875,614.5584691942355,624.8883666992188,1022500
2021-11-24,625.3725004030442,625.7971440584856,616.1388365879867,625.1256103515625,1283200
2021-11-26,644.5904367238651,658.3570282563209,628.9771124484121,630.794189453125,1677700
2021-11-29,632.0386006874487,646.506383391669,630.3400258805322,640.6995239257812,1869900
2021-11-30,633.4605810080593,641.1536528284311,623.2393576307628,624.9577026367188,2562900
2021-12-01,626.7846350920217,629.7473153828382,618.0941182941372,618.3607788085938,1502700
2021-12-02,614.8945213003565,625.6194110231096,611.2108806235362,619.7730712890625,1481700
2021-12-03,626.2612591667623,628.6807331819422,610.6380512104954,628.1968383789062,1698500
2021-12-06,627.1007310094102,627.7524942241852,601.6315749878922,614.5093383789062,2319700
2021-12-07,625.3033420844453,629.8164993007815,616.4251857878365,620.8889770507812,1585300
2021-12-08,623.1502874577374,630.7347401417095,620.0888759244745,630.2113647460938,1267400
2021-12-09,630.1720604981814,634.339596122021,627.1698990192242,629.14501953125,1029300
2021-12-10,629.0363262468,636.7590537473664,629.0363262468,634.5172729492188,989700
2021-12-13,634.5074697464945,641.3117744330258,632.4829832600699,637.9738159179688,1181900
2021-12-14,632.2929254988901,635.5828415109191,616.861031109945,624.4979248046875,1491500
2021-12-15,629.0820763886071,648.821452281006,625.5945567030308,647.8433837890625,1422800
2021-12-16,647.6062913977581,656.171868024651,643.1802600676261,653.2870483398438,1625100
2021-12-17,647.5766533194122,652.3781739302076,639.7125480287763,643.2296752929688,2475800
2021-12-20,642.6170072188202,648.4558098686899,632.6682673496273,641.5006103515625,1001300
2021-12-21,640.8289743293235,642.172582491421,628.034908510424,637.5687255859375,1201000
2021-12-22,640.9078958053963,645.6006949214401,637.6377582018013,643.85205078125,918400
2021-12-23,645.3931214063273,648.3273262159297,641.2239094305625,642.8639526367188,840000
2021-12-27,648.9993102621444,654.7690101541534,644.95859676274,654.2355346679688,531400
2021-12-28,657.4858591831097,658.6318636001818,645.363598726765,647.4877319335938,818200
2021-12-29,652.1806013629501,657.1598870739709,646.3319079452202,654.749267578125,644100
2021-12-30,656.6856658690497,660.88448647669,654.4034857860797,657.4365234375,555600
2021-12-31,656.9920010501223,664.2436385411539,655.3421282473207,659.2050170898438,778700
2022-01-03,655.01,656.28,632.48,637.16,188878300
2022-01-04,629.63,630.35,605.22,610.57,259782000
2022-01-05,610.57,621.2,608.38,611.08,191434400
2022-01-06,610.57,619.28,602.28,612.94,168599200
2022-01-07,613.53,614.0,598.9,599.77,174181200
2022-01-10,592.62,617.9,591.71,617.52,209566400
2022-01-11,617.48,619.73,604.63,613.03,247475300
2022-01-12,611.24,624.29,611.24,617.68,154796900
2022-01-13,617.19,618.37,592.63,593.66,201607000
2022-01-14,590.74,595.0,581.11,587.64,242624600
2022-01-18,579.09,587.64,577.15,583.0,184946900
2022-01-19,586.57,595.34,585.13,586.23,187580700
2022-01-20,587.9,595.23,579.72,581.08,153031000
2022-01-21,580.82,583.42,571.32,573.35,207347300
2022-01-24,563.98,569.28,545.72,568.87,258623200
2022-01-25,561.75,570.03,553.97,560.92,186462500
2022-01-26,568.33,568.68,551.66,556.13,189265000
2022-01-27,561.74,564.53,546.16,547.08,193338800
2022-01-28,547.91,565.5,537.16,565.15,158385300
2022-01-31,567.09,574.61,565.29,574.31,188612000
2022-02-01,581.22,588.68,573.23,587.16,221510800
2022-02-02,598.85,601.39,587.16,596.86,208545300
2022-02-03,588.05,594.26,582.59,587.77,175797400
2022-02-04,585.18,591.97,580.65,587.27,139311800
2022-02-07,590.71,592.53,577.86,579.99,124299000
2022-02-08,570.94,585.52,570.94,580.46,114394500
2022-02-09,587.04,591.27,580.91,582.75,133529600
2022-02-10,574.67,580.14,570.37,573.3,193113600
2022-02-11,572.0,577.84,557.78,559.48,172595700
2022-02-14,557.73,561.93,549.28,554.44,138765900
2022-02-15,560.65,564.36,547.16,549.97,143855500
2022-02-16,545.72,548.03,532.68,543.73,215466000
2022-02-17,544.17,544.17,533.1,534.04,166733500
2022-02-18,535.35,538.93,528.12,530.68,147370400
2022-02-22,529.88,534.21,520.56,523.51,172805800
2022-02-23,525.6,536.12,521.49,522.22,152025700
2022-02-24,512.56,535.86,507.76,533.67,217443600
2022-02-25,530.39,543.45,528.12,543.22,115633600
2022-02-28,538.56,543.08,532.36,537.46,177280500
2022-03-01,538.07,541.02,532.34,536.54,160989400
2022-03-02,538.22,555.01,535.83,549.75,164392000
2022-03-03,551.3,562.12,544.08,547.62,135519800
2022-03-04,543.65,544.7,530.59,540.74,131790700
2022-03-07,535.48,538.34,517.85,528.32,216841000
2022-03-08,520.26,529.28,513.63,517.7,1785322
2022-03-09,533.21,537.3,524.63,535.18,1480986
2022-03-10,529.98,535.03,527.45,531.77,1481200
2022-03-11,536.7,536.96,522.57,523.44,952232
2022-03-14,529.24,544.76,524.29,529.43,1102369
2022-03-15,534.12,546.18,533.57,544.34,1253111
2022-03-16,550.45,559.46,544.7,556.12,1397690
2022-03-17,556.16,566.12,552.62,565.71,1330615
2022-03-18,570.21,583.82,566.78,582.35,2622126
2022-03-21,575.15,583.44,575.15,582.56,1691043
2022-03-22,583.52,587.88,579.82,580.64,1499772
2022-03-23,574.95,576.41,563.43,564.77,1195092
2022-03-24,567.57,568.86,560.57,567.13,971317
2022-03-25,571.27,574.4,561.77,567.72,1037292
2022-03-28,570.39,576.63,568.43,576.52,945361
2022-03-29,585.98,589.78,578.25,586.09,1201260
2022-03-30,585.75,592.4,584.13,588.34,1092904
2022-03-31,585.55,594.25,583.89,583.89,1637380
2022-04-01,585.45,587.36,577.75,585.57,1028726
2022-04-04,584.51,587.94,578.56,583.39,1027668
2022-04-05,578.18,586.94,574.05,577.6,1082232
2022-04-06,572.55,583.36,566.48,580.69,1232796
2022-04-07,576.32,610.08,575.3,605.21,2140295
2022-04-08,603.02,611.29,599.82,601.9,1629030
2022-04-11,591.67,596.77,577.86,578.97,1470127
2022-04-12,577.4,578.96,559.06,564.41,1411212
2022-04-13,564.96,571.73,558.14,570.2,1286264
2022-04-14,571.42,571.46,558.18,562.39,1225640
2022-04-18,562.45,568.42,559.48,565.59,1161177
2022-04-19,568.19,569.41,561.85,567.58,1139001
2022-04-20,568.5,591.74,568.5,584.39,1598051
2022-04-21,585.7,588.69,571.53,573.79,1231956
2022-04-22,568.27,570.11,554.29,554.86,1478000
2022-04-25,540.24,543.58,523.43,537.94,2597212
2022-04-26,528.0,531.97,508.14,510.53,2469948
2022-04-27,514.39,522.29,509.84,514.53,1895916
2022-04-28,553.33,560.84,541.83,552.5,2737285
2022-04-29,551.58,559.85,545.2,546.6,2168827
2022-05-02,542.65,547.09,529.78,539.28,1972042
2022-05-03,538.12,547.49,535.21,540.07,1428063
2022-05-04,536.18,559.28,534.65,556.54,1251298
2022-05-05,553.53,555.1,536.85,544.21,1378202
2022-05-06,536.19,542.83,527.49,540.43,1116492
2022-05-09,532.5,532.5,508.99,511.47,1568734
2022-05-10,521.26,526.18,510.65,520.21,1682702
2022-05-11,514.47,526.43,513.66,514.05,1146438
2022-05-12,507.89,521.55,506.24,519.79,1532677
2022-05-13,528.69,545.55,526.89,535.23,1375157
2022-05-16,531.19,537.56,526.93,533.21,883659
2022-05-17,546.86,554.56,537.92,548.26,1554908
2022-05-18,541.18,544.05,533.04,535.97,1403495
2022-05-19,533.82,553.53,531.28,544.44,2065679
2022-05-20,552.53,559.45,538.21,548.8,2167599
2022-05-23,552.77,554.38,544.46,548.86,1180803
2022-05-24,546.19,546.92,537.07,542.54,1012531
2022-05-25,544.54,544.54,523.64,528.16,1538292
2022-05-26,532.83,535.36,527.69,533.93,1855185
2022-05-27,539.33,566.55,538.04,565.8,1721270
2022-05-31,562.17,566.73,556.07,561.08,2630886
2022-06-01,563.04,566.53,544.02,549.86,1309492
2022-06-02,548.22,563.88,542.73,563.58,842754
2022-06-03,554.62,556.23,548.41,551.72,736404
2022-06-06,552.56,555.97,544.24,546.56,1114421
2022-06-07,544.25,555.13,543.84,554.25,1113630
2022-06-08,552.77,554.04,543.39,545.75,837465
2022-06-09,541.66,545.71,533.41,533.65,832940
2022-06-10,524.23,527.75,516.97,520.85,1177700
2022-06-13,505.75,511.95,502.91,506.06,1463724
2022-06-14,504.61,508.61,497.41,501.95,1009138
2022-06-15,509.21,516.03,501.63,509.18,1320526
2022-06-16,498.11,500.69,492.43,499.42,1180083
2022-06-17,496.7,506.85,495.35,495.47,2175239
2022-06-21,500.82,511.01,500.08,507.97,1463398
2022-06-22,502.93,519.79,502.93,513.59,1214847
2022-06-23,517.33,535.2,515.25,534.74,1365282
2022-06-24,535.25,539.29,531.47,538.9,1292104
2022-06-27,539.92,541.18,533.89,537.74,767419
2022-06-28,536.72,539.21,528.51,529.96,858874
2022-06-29,530.21,532.48,522.35,530.11,860740
2022-06-30,525.29,540.31,523.76,537.39,1364620
2022-07-01,538.05,543.09,528.17,542.32,835320
2022-07-05,534.0,539.26,527.57,539.16,641756
2022-07-06,539.09,553.12,537.71,550.01,1220614
2022-07-07,547.0,552.81,542.6,547.75,1243654
2022-07-08,543.91,552.13,542.94,547.71,752546
2022-07-11,544.03,554.58,540.92,551.98,1089021
2022-07-12,544.92,547.67,523.89,525.17,1639377
2022-07-13,515.91,519.18,509.03,517.48,1916819
2022-07-14,511.5,520.67,504.83,519.93,1338653
2022-07-15,527.74,534.45,521.58,533.03,1672982
2022-07-18,533.01,534.14,511.69,515.11,1317675
2022-07-19,522.84,531.83,518.28,531.05,1993749
2022-07-20,534.14,542.42,531.43,532.81,921689
2022-07-21,549.52,568.93,549.52,568.76,2150269
2022-07-22,567.26,570.43,552.55,555.45,1252482
2022-07-25,554.44,562.21,548.2,561.29,1194368
2022-07-26,563.27,567.35,560.38,567.05,1012788
2022-07-27,566.8,579.01,560.85,575.62,1263888
2022-07-28,583.55,596.46,567.09,591.16,2294709
2022-07-29,596.43,604.43,591.39,591.92,2371300
2022-08-01,587.67,592.35,581.95,583.16,1537845
2022-08-02,580.93,588.42,576.92,579.68,1392728
2022-08-03,583.94,587.21,577.58,581.6,1077732
2022-08-04,584.42,586.57,577.23,583.6,999578
2022-08-05,578.93,584.26,574.77,583.86,982467
2022-08-08,584.39,586.87,576.17,577.62,921614
2022-08-09,577.62,579.68,569.79,574.57,767966
2022-08-10,582.79,586.33,577.59,585.93,991904
2022-08-11,588.62,593.29,585.75,586.11,1086761
2022-08-12,588.11,597.49,586.03,596.67,988996
2022-08-15,596.46,599.59,592.65,597.93,855529
2022-08-16,593.49,597.36,591.38,595.58,797954
2022-08-17,590.49,594.14,588.13,589.58,989350
2022-08-18,591.62,592.22,582.88,588.56,761023
2022-08-19,585.03,586.83,579.63,582.17,851089
2022-08-22,574.4,577.8,568.3,569.86,723141
2022-08-23,565.77,570.25,561.5,566.76,913476
2022-08-24,566.77,569.94,564.79,566.93,855321
2022-08-25,572.08,579.73,566.89,579.12,928010
2022-08-26,577.67,578.9,557.4,557.6,771965
2022-08-29,555.02,556.01,549.33,550.65,704491
2022-08-30,551.38,552.84,544.52,548.28,1058269
2022-08-31,550.14,553.08,538.42,539.41,1166574
2022-09-01,536.56,545.0,535.68,544.78,913948
2022-09-02,547.76,551.82,535.7,537.65,796922
2022-09-06,541.33,547.14,535.81,539.24,1043283
2022-09-07,537.51,548.28,535.89,545.74,1139781
2022-09-08,543.94,561.03,541.36,560.42,1854878
2022-09-09,560.25,566.11,559.79,563.23,1147647
2022-09-12,563.08,573.84,561.32,572.91,1097185
2022-09-13,558.87,563.23,551.17,553.75,1642870
2022-09-14,556.8,564.44,546.9,552.35,1139399
2022-09-15,554.2,555.15,544.55,546.27,890450
2022-09-16,541.98,542.33,530.89,535.68,1835644
2022-09-19,530.21,534.42,525.66,534.08,1072488
2022-09-20,527.7,529.95,523.04,526.65,1053837
2022-09-21,527.6,534.62,518.77,520.25,1268967
2022-09-22,516.61,521.51,513.2,514.9,1137455
2022-09-23,511.01,516.12,507.73,515.4,1366309
2022-09-26,510.8,515.58,506.1,508.99,991911
2022-09-27,511.84,512.84,500.35,503.39,1166560
2022-09-28,505.39,515.82,502.32,512.47,1866738
2022-09-29,509.58,512.67,507.13,511.26,1074654
2022-09-30,509.47,516.19,501.5,501.94,1697206
2022-10-03,507.5,521.43,504.36,517.52,2462887
2022-10-04,525.23,536.02,523.81,534.34,1195328
2022-10-05,530.25,543.25,528.47,540.62,1167351
2022-10-06,538.71,540.66,531.65,535.0,971674
2022-10-07,529.46,530.25,515.51,518.19,976754
2022-10-10,518.67,518.67,504.66,505.55,947953
2022-10-11,501.76,502.46,491.63,495.63,1667226
2022-10-12,497.21,498.88,493.26,495.49,1098946
2022-10-13,484.12,509.44,483.21,505.26,1737592
2022-10-14,508.76,512.05,496.94,497.84,1267466
2022-10-17,505.05,515.8,504.02,511.88,1071159
2022-10-18,525.29,527.2,515.9,518.97,970375
2022-10-19,508.68,510.47,493.51,500.38,1947943
2022-10-20,493.59,496.97,480.54,481.82,3267303
2022-10-21,481.13,491.8,473.36,491.6,2836880
2022-10-24,494.56,503.97,490.62,499.78,1818914
2022-10-25,502.4,512.28,499.48,509.29,2382787
2022-10-26,494.82,512.23,490.08,497.79,2446855
2022-10-27,493.49,502.16,485.05,493.16,2334800
2022-10-28,496.06,503.21,494.45,498.63,2017144
2022-10-31,495.21,511.13,495.21,508.65,2875172
2022-11-01,511.19,520.52,507.69,512.33,2112108
2022-11-02,510.66,510.66,485.06,485.9,1803526
2022-11-03,479.1,485.75,470.85,481.9,1471565
2022-11-04,488.17,490.57,478.82,490.42,1772251
2022-11-07,493.83,494.91,484.63,487.01,1341068
2022-11-08,489.14,495.55,482.75,487.08,2003160
2022-11-09,486.39,490.82,478.72,479.69,1061052
2022-11-10,501.77,515.28,501.0,515.19,1937593
2022-11-11,521.41,539.82,521.17,533.11,2422502
2022-11-14,534.98,536.58,528.65,529.24,1458457
2022-11-15,538.16,547.16,534.89,540.44,1531443
2022-11-16,540.35,542.51,525.72,530.46,1133773
2022-11-17,523.74,525.86,513.67,524.41,1281834
2022-11-18,535.71,537.54,523.9,529.7,1228403
2022-11-21,527.27,534.41,527.03,530.73,1329674
2022-11-22,535.41,539.8,532.08,539.11,1503608
2022-11-23,540.01,547.1,537.38,541.63,823632
2022-11-25,544.79,548.72,541.71,545.54,549168
2022-11-28,537.68,544.31,532.59,534.44,1822681
2022-11-29,529.92,534.8,525.09,534.16,1195573
2022-11-30,535.71,556.16,534.27,554.42,3132207
2022-12-01,561.77,563.44,548.7,558.72,1423923
2022-12-02,547.81,558.95,544.59,557.17,1014453
2022-12-05,550.11,553.86,546.24,551.44,1824061
2022-12-06,546.72,550.69,540.15,544.83,1969692
2022-12-07,544.74,553.46,544.74,552.36,952023
2022-12-08,554.33,563.12,551.01,562.07,1160352
2022-12-09,558.16,565.19,553.53,554.43,1157154
2022-12-12,559.53,562.98,557.57,561.73,1163017
2022-12-13,570.87,578.66,560.88,565.47,1867428
2022-12-14,563.5,570.47,558.14,561.64,2079930
2022-12-15,555.86,556.11,545.5,548.33,1366941
2022-12-16,543.99,545.4,526.32,531.15,2336388
2022-12-19,528.59,529.67,522.07,524.95,1053405
2022-12-20,524.59,525.7,514.88,523.29,988730
2022-12-21,526.22,535.73,524.26,534.57,1208327
2022-12-22,529.45,534.02,522.51,533.83,1104603
2022-12-23,532.68,537.74,530.05,535.35,621423
2022-12-27,535.35,543.43,531.53,540.07,1049978
2022-12-28,541.99,547.58,537.73,538.05,826814
2022-12-29,543.2,556.04,540.76,551.52,1027573
2022-12-30,547.35,549.53,539.88,545.26,686049
2023-01-03,547.84,550.62,541.58,547.73,1785799
2023-01-04,553.79,562.21,549.49,556.38,1935921
2023-01-05,550.31,558.76,546.86,551.45,2220048
2023-01-06,550.28,550.28,517.63,529.73,2938188
2023-01-09,533.43,547.5,531.72,540.71,1871201
2023-01-10,542.08,566.99,542.04,562.43,2102843
2023-01-11,565.49,579.15,562.44,576.82,2013480
2023-01-12,576.24,580.75,571.17,575.81,1635220
2023-01-13,572.95,579.1,566.83,578.09,2040491
2023-01-17,579.24,585.47,576.0,582.07,2086351
2023-01-18,585.3,590.97,573.05,574.33,1749738
2023-01-19,569.36,581.37,568.05,578.11,1636049
2023-01-20,581.22,589.48,579.18,587.81,2394671
2023-01-23,587.36,603.22,584.19,598.86,2307203
2023-01-24,603.84,603.84,571.1,575.0,2102585
2023-01-25,565.52,570.34,561.34,569.65,1238280
2023-01-26,570.35,572.82,561.72,571.68,1210777
2023-01-27,569.23,571.82,562.59,567.98,1110087
2023-01-30,562.17,565.24,555.23,558.73,1221470
2023-01-31,556.64,565.01,552.5,564.71,1799823
2023-02-01,580.31,591.65,570.65,581.57,2627510
2023-02-02,585.84,589.3,581.28,581.28,2312502
2023-02-03,578.8,587.0,576.91,581.97,1283169
2023-02-06,574.84,578.08,567.77,570.49,1119499
2023-02-07,565.15,580.56,563.8,577.4,1171111
2023-02-08,572.86,579.32,570.35,573.52,907230
2023-02-09,576.92,577.57,562.11,563.32,960839
2023-02-10,561.52,566.08,557.8,565.78,763748
2023-02-13,569.01,571.54,563.4,569.33,997611
2023-02-14,570.22,573.39,561.05,565.85,850083
2023-02-15,562.86,564.89,557.22,561.24,1038400
2023-02-16,550.64,559.83,545.87,552.09,1173724
2023-02-17,547.47,555.96,547.45,554.18,1182538
2023-02-21,543.24,548.78,538.77,545.34,1395208
2023-02-22,544.58,547.84,539.34,543.0,1705332
2023-02-23,547.92,552.17,541.51,545.52,1160202
2023-02-24,539.24,541.27,533.86,537.44,852651
2023-02-27,543.09,548.96,535.7,536.01,1110674
2023-02-28,535.08,539.86,533.58,536.42,1188776
2023-03-01,534.02,537.27,530.98,533.21,1126064
2023-03-02,529.56,545.45,526.68,543.34,941197
2023-03-03,549.99,555.01,544.21,553.93,1153648
2023-03-06,554.0,561.73,549.85,553.02,1163051
2023-03-07,555.28,557.46,542.74,543.42,1012816
2023-03-08,542.88,554.31,540.15,549.28,1453027
2023-03-09,550.67,558.85,545.54,547.76,1013237
2023-03-10,546.43,550.07,534.63,538.47,1081693
2023-03-13,538.13,545.99,532.75,536.22,1405801
2023-03-14,545.45,556.28,539.95,550.81,1409934
2023-03-15,542.1,544.91,529.53,537.67,1918972
2023-03-16,534.77,553.41,534.77,551.93,1135750
2023-03-17,550.17,550.17,538.92,542.27,1947936
2023-03-20,541.7,549.73,540.53,545.47,897151
2023-03-21,549.25,553.62,546.55,551.54,1000091
2023-03-22,551.54,562.74,549.16,549.19,928425
2023-03-23,552.81,555.39,545.28,550.05,951581
2023-03-24,543.44,553.49,539.27,553.09,1012596
2023-03-27,558.58,562.91,555.83,556.49,865620
2023-03-28,554.8,557.49,545.84,549.1,828932
2023-03-29,554.18,555.38,548.1,550.01,1239558
2023-03-30,554.81,559.05,551.7,557.76,1219932
2023-03-31,561.72,571.34,558.44,571.03,1438708
2023-04-03,564.24,567.8,560.88,564.79,1034443
2023-04-04,566.1,574.87,563.67,570.84,1085578
2023-04-05,571.17,574.73,564.64,574.49,1035629
2023-04-06,575.47,576.39,567.04,570.02,780743
2023-04-10,567.43,569.04,560.05,569.04,672576
2023-04-11,571.14,576.16,569.08,571.04,1158819
2023-04-12,577.85,581.22,572.3,573.99,847811
2023-04-13,579.84,586.64,576.61,585.66,1102057
2023-04-14,580.97,584.08,576.62,583.39,834872
2023-04-17,584.67,584.92,578.83,583.15,783525
2023-04-18,587.68,587.68,579.26,579.44,1158657
2023-04-19,570.46,575.34,566.04,574.55,1409401
2023-04-20,560.76,562.58,555.17,560.69,2100877
2023-04-21,563.6,567.68,561.58,566.39,959179
2023-04-24,566.23,571.11,564.72,568.98,895100
2023-04-25,558.92,561.25,540.45,543.3,2495509
2023-04-26,523.11,538.35,512.43,528.19,4020124
2023-04-27,528.56,540.62,526.66,537.99,2148400
2023-04-28,538.29,554.02,538.29,549.76,2046904
2023-05-01,550.84,551.65,540.26,543.42,1979848
2023-05-02,539.8,546.4,535.92,538.78,1060980
2023-05-03,544.96,553.03,544.15,545.32,1430255
2023-05-04,547.48,548.77,537.69,540.59,1243493
2023-05-05,547.94,549.27,536.9,541.32,962425
2023-05-08,544.36,544.91,536.08,537.55,1029103
2023-05-09,530.09,532.49,524.32,529.71,1225176
2023-05-10,534.39,534.93,525.09,528.56,1586150
2023-05-11,527.16,530.78,520.2,524.88,2326346
2023-05-12,526.83,530.02,516.61,519.79,1518187
2023-05-15,519.39,520.41,515.32,518.83,1383771
2023-05-16,516.43,517.86,514.36,514.94,903521
2023-05-17,517.52,522.5,508.18,516.84,1284655
2023-05-18,515.97,519.78,513.86,518.69,1073305
2023-05-19,518.2,526.82,517.83,522.5,1313290
2023-05-22,522.54,529.69,522.48,524.12,1160987
2023-05-23,521.48,524.4,514.9,520.24,1629490
2023-05-24,505.28,509.74,493.88,505.99,2482840
2023-05-25,509.21,517.47,505.57,515.82,2262230
2023-05-26,522.79,527.78,516.99,517.19,1603685
2023-05-30,518.97,521.57,508.36,509.46,1793841
2023-05-31,508.91,508.91,497.01,503.75,4052168
2023-06-01,508.38,516.82,503.8,514.57,1830129
2023-06-02,519.72,522.28,513.87,515.32,2564327
2023-06-05,519.21,519.6,508.67,513.78,1477444
2023-06-06,517.17,518.35,507.95,511.48,1723023
2023-06-07,509.76,518.37,507.85,515.96,1649452
2023-06-08,515.83,517.91,510.39,510.48,1580511
2023-06-09,513.16,516.96,509.86,513.38,1041802
2023-06-12,515.17,519.88,511.88,518.84,1246177
2023-06-13,520.61,522.53,518.18,521.18,1328879
2023-06-14,523.31,523.51,514.22,515.66,1996530
2023-06-15,515.7,531.71,514.47,530.53,1723417
2023-06-16,534.11,537.44,528.83,532.7,3427995
2023-06-20,507.61,526.24,502.81,522.88,2115471
2023-06-21,520.49,525.91,518.28,521.44,1617847
2023-06-22,521.64,525.46,516.98,523.78,945607
2023-06-23,518.72,525.18,517.98,519.72,3779928
2023-06-26,518.54,521.67,511.46,517.56,956913
2023-06-27,515.88,517.84,499.0,505.25,2036170
2023-06-28,507.02,507.03,502.31,505.78,1395252
2023-06-29,505.63,510.74,501.74,509.98,999222
2023-06-30,512.05,519.12,511.52,517.28,1315484
2023-07-03,514.89,516.79,510.94,514.66,616164
2023-07-05,515.77,519.08,513.7,516.14,1432832
2023-07-06,510.38,514.62,504.66,512.89,1506434
2023-07-07,510.59,515.01,508.91,509.33,1020679
2023-07-10,508.1,514.47,506.81,512.42,1026605
2023-07-11,511.88,515.67,510.86,514.81,1310932
2023-07-12,521.21,524.99,519.5,521.41,1678435
2023-07-13,530.42,531.85,519.54,522.14,1364357
2023-07-14,525.13,527.37,520.81,524.83,953034
2023-07-17,521.81,522.61,514.81,520.76,1290810
2023-07-18,521.03,521.29,515.27,519.19,1461202
2023-07-19,522.48,534.8,522.44,530.96,1715511
2023-07-20,532.73,536.95,525.92,533.66,1147498
2023-07-21,534.04,559.88,526.34,557.37,2755764
2023-07-24,555.2,567.65,554.33,566.62,3196802
2023-07-25,550.72,575.12,549.55,566.02,3073887
2023-07-26,550.21,570.07,550.21,569.49,3559345
2023-07-27,570.47,572.45,554.59,555.22,2260868
2023-07-28,557.59,560.84,549.03,557.04,1642886
2023-07-31,552.64,552.91,541.74,543.96,2144919
2023-08-01,541.85,545.98,538.01,541.16,1517491
2023-08-02,539.24,551.13,537.96,549.02,1398777
2023-08-03,545.58,547.98,540.64,543.68,1103160
2023-08-04,542.82,550.24,542.09,543.94,1102278
2023-08-07,545.29,549.75,542.17,547.06,737336
2023-08-08,548.43,552.13,540.94,551.02,1002115
2023-08-09,550.02,551.62,542.68,542.89,947071
2023-08-10,545.65,552.0,540.92,542.59,1168400
2023-08-11,538.35,542.6,536.26,539.12,925104
2023-08-14,536.12,537.65,533.74,535.71,1068415
2023-08-15,531.23,534.35,527.58,529.85,894726
2023-08-16,525.55,526.59,522.24,524.34,980750
2023-08-17,526.3,533.63,525.32,531.37,1256993
2023-08-18,528.57,531.29,523.62,527.82,1093699
2023-08-21,531.96,531.96,525.81,527.7,903824
2023-08-22,526.45,528.73,521.84,522.53,960669
2023-08-23,536.67,542.96,533.57,540.57,1769169
2023-08-24,540.53,544.91,533.31,533.4,1326207
2023-08-25,534.17,539.39,531.37,536.95,749931
2023-08-28,539.66,541.95,535.9,540.52,642693
2023-08-29,541.56,552.69,540.29,550.65,1291437
2023-08-30,552.99,558.12,549.99,554.21,773492
2023-08-31,555.6,558.86,552.18,552.33,1192123
2023-09-01,558.62,561.01,552.05,552.45,1015534
2023-09-05,554.49,554.89,537.06,537.37,1405059
2023-09-06,536.29,540.77,531.41,532.1,1217931
2023-09-07,530.65,534.12,526.13,527.11,1079215
2023-09-08,525.46,528.1,508.39,513.83,1834895
2023-09-11,511.0,513.19,508.45,510.53,1556082
2023-09-12,510.59,510.59,505.0,506.61,1568002
2023-09-13,494.91,521.81,493.74,506.52,2359119
2023-09-14,511.07,514.14,502.55,511.58,1598277
2023-09-15,511.58,529.99,505.3,511.47,5179741
2023-09-18,511.45,511.45,503.31,503.73,1300115
2023-09-19,501.24,505.4,499.35,504.74,1181120
2023-09-20,507.35,507.89,500.19,500.92,1271290
2023-09-21,498.48,499.84,495.63,497.64,1606924
2023-09-22,498.94,503.17,497.62,498.83,1197981
2023-09-25,497.28,502.06,496.42,501.68,961531
2023-09-26,499.04,502.45,496.9,497.64,1189979
2023-09-27,498.66,500.6,491.02,494.37,1343945
2023-09-28,498.1,503.41,496.4,499.06,1443330
2023-09-29,505.2,506.97,500.8,502.19,1380512
2023-10-02,499.12,503.0,486.82,491.89,1652154
2023-10-03,489.02,498.54,488.72,495.68,1559463
2023-10-04,497.26,499.23,491.94,498.5,1022088
2023-10-05,493.48,496.5,488.82,494.1,917531
2023-10-06,491.92,498.21,489.19,494.63,1108436
2023-10-09,491.1,493.74,486.53,492.23,1182473
2023-10-10,491.69,495.61,489.05,492.24,1304863
2023-10-11,493.31,494.7,487.92,488.75,1207083
2023-10-12,487.97,491.96,466.9,478.76,2026200
2023-10-13,475.85,480.46,472.25,479.05,2004342
2023-10-16,479.05,488.18,476.5,484.69,1247706
2023-10-17,475.23,486.1,473.94,480.95,1355251
2023-10-18,477.19,477.19,463.19,463.58,2134778
2023-10-19,468.58,472.95,463.75,465.97,2014566
2023-10-20,465.81,467.49,459.6,460.7,1599333
2023-10-23,458.12,465.77,456.36,458.18,1897513
2023-10-24,448.37,455.24,443.62,454.65,2376743
2023-10-25,419.67,435.39,412.33,429.77,7906724
2023-10-26,427.74,441.82,425.8,436.69,2971270
2023-10-27,436.11,436.5,424.01,428.01,2495570
2023-10-30,428.78,431.92,416.9,430.69,2946678
2023-10-31,433.05,443.08,429.74,441.27,2895407
2023-11-01,441.63,441.63,430.58,437.64,2275452
2023-11-02,441.34,444.61,438.45,444.05,1713889
2023-11-03,451.11,456.94,448.05,451.16,1921821
2023-11-06,453.11,455.86,448.69,451.44,1613790
2023-11-07,450.31,460.2,448.55,455.63,1708717
2023-11-08,457.88,460.36,449.51,450.73,1848087
2023-11-09,454.93,455.23,439.57,440.77,2042364
2023-11-10,440.33,445.62,433.82,444.9,1896503
2023-11-13,442.02,443.29,435.65,441.65,1675026
2023-11-14,453.21,458.6,451.64,455.64,1822439
2023-11-15,461.0,471.09,460.34,466.84,2184150
2023-11-16,468.34,470.96,465.02,468.75,1613376
2023-11-17,471.26,471.26,460.52,462.75,1556348
2023-11-20,463.35,467.97,462.23,465.34,1185500
2023-11-21,474.51,486.46,472.7,478.59,2915929
2023-11-22,482.25,486.71,481.89,483.69,1464197
2023-11-24,484.65,487.17,482.98,486.92,722765
2023-11-27,485.37,489.54,484.31,486.27,2427137
2023-11-28,484.57,484.9,476.79,482.1,1549615
2023-11-29,486.03,491.9,486.03,489.04,1195835
2023-11-30,492.0,493.58,485.53,491.86,1913969
2023-12-01,487.02,495.27,485.75,492.23,1219795
2023-12-04,489.58,494.39,486.5,491.44,1222282
2023-12-05,489.09,489.74,483.23,487.73,1613574
2023-12-06,491.1,492.77,487.78,489.92,1241717
2023-12-07,490.64,494.38,488.44,490.21,2101760
2023-12-08,488.93,491.78,484.18,485.92,1871843
2023-12-11,488.68,493.53,487.46,491.09,2030858
2023-12-12,492.42,494.59,487.6,493.45,1420265
2023-12-13,494.67,514.79,492.97,514.46,2776711
2023-12-14,525.74,530.59,516.4,517.78,2763855
2023-12-15,517.03,519.72,514.0,514.31,4354941
2023-12-18,517.39,520.1,511.9,514.9,1607374
2023-12-19,517.27,525.06,516.08,524.35,2569382
2023-12-20,524.21,528.67,515.64,515.7,1497316
2023-12-21,514.35,523.25,514.35,522.78,1016630
2023-12-22,524.3,529.1,523.12,525.25,1081485
2023-12-26,523.1,527.43,522.01,525.9,639110
2023-12-27,527.0,529.24,525.5,527.83,805991
2023-12-28,529.17,532.15,527.68,529.12,763369
2023-12-29,527.4,530.14,525.72,526.98,804285
2024-01-02,525.76,542.18,523.59,540.25,2310861
2024-01-03,538.91,539.77,524.18,525.02,2170268
2024-01-04,523.53,535.97,523.53,533.5,1831255
2024-01-05,530.14,536.89,526.66,527.42,1817209
2024-01-08,525.83,539.66,523.62,537.5,2126866
2024-01-09,534.65,555.22,532.8,537.96,2889967
2024-01-10,536.91,545.42,530.05,540.03,2026699
2024-01-11,539.63,544.6,536.53,542.08,1983133
2024-01-12,544.57,549.11,538.89,540.41,2013148
2024-01-16,539.61,546.89,537.31,538.11,1838961
2024-01-17,534.88,542.03,532.99,535.38,1966276
2024-01-18,533.49,543.1,532.14,540.51,1728161
2024-01-19,541.25,549.31,537.95,547.79,2123960
2024-01-22,548.91,554.68,546.58,549.42,1818531
2024-01-23,552.21,553.03,541.46,546.79,1116609
2024-01-24,545.9,548.03,535.27,536.12,1842524
2024-01-25,539.33,543.85,533.78,534.35,1748147
2024-01-26,550.02,552.42,542.73,543.4,3172314
2024-01-29,546.05,555.18,543.43,553.77,2445913
2024-01-30,555.49,565.91,555.49,563.05,2301337
2024-01-31,559.26,561.94,533.92,535.11,3589573
2024-02-01,538.25,549.95,530.41,548.27,2163879
2024-02-02,545.08,550.47,538.0,547.86,1327462
2024-02-05,545.52,552.98,542.75,547.66,1473858
2024-02-06,548.52,556.48,547.49,556.26,1328171
2024-02-07,557.97,561.94,548.07,548.35,1451424
2024-02-08,548.24,548.89,537.57,546.94,1549469
2024-02-09,545.71,550.15,544.36,546.8,1280838
2024-02-12,547.05,547.05,540.21,542.93,1073036
2024-02-13,537.53,542.27,530.58,534.74,1268029
2024-02-14,537.75,544.75,537.75,544.34,1296996
2024-02-15,543.33,549.26,541.37,544.63,1519047
2024-02-16,542.4,548.72,542.4,543.91,1028206
2024-02-20,540.95,546.46,538.46,544.21,989294
2024-02-21,542.19,549.0,540.38,548.88,786478
2024-02-22,551.02,556.72,546.32,556.47,1139590
2024-02-23,558.83,562.61,556.84,560.66,970071
2024-02-26,559.3,561.93,556.98,559.44,758574
2024-02-27,560.92,563.75,556.82,562.11,901044
2024-02-28,561.14,568.9,560.97,567.92,1021434
2024-02-29,570.53,570.87,563.48,566.09,1794277
2024-03-01,560.51,574.35,558.96,572.19,1440176
2024-03-04,571.27,578.36,567.42,577.47,1547722
2024-03-05,576.96,581.94,575.84,580.41,1973288
2024-03-06,584.13,594.06,581.61,587.25,1886807
2024-03-07,590.73,594.61,588.25,593.37,1819492
2024-03-08,592.72,599.49,591.68,593.32,1600305
2024-03-11,589.92,595.68,585.41,595.13,1380447
2024-03-12,594.6,596.31,590.42,592.96,1146315
2024-03-13,594.73,594.73,586.81,589.06,1035189
2024-03-14,587.15,591.24,577.48,581.12,1757994
2024-03-15,571.44,580.86,570.01,580.36,1920147
2024-03-18,582.06,583.05,574.55,576.29,1554424
2024-03-19,577.51,580.46,573.46,578.94,1053626
2024-03-20,577.28,577.86,572.55,576.29,728710
2024-03-21,576.24,583.27,573.86,580.34,1230529
2024-03-22,583.02,585.17,575.98,579.31,1061222
2024-03-25,579.43,581.24,567.39,569.84,1226909
2024-03-26,570.29,571.26,564.16,565.13,1784927
2024-03-27,568.81,576.01,567.38,575.62,1525832
2024-03-28,575.54,578.53,572.46,577.44,1081545
2024-04-01,577.28,577.76,569.13,573.71,837591
2024-04-02,567.05,568.68,562.11,567.86,1381269
2024-04-03,567.53,574.5,565.5,572.27,1151569
2024-04-04,576.65,578.23,564.88,566.91,1231899
2024-04-05,566.52,580.06,565.37,575.7,1181253
2024-04-08,575.6,578.63,571.98,575.05,998949
2024-04-09,580.0,586.11,579.45,585.38,1026320
2024-04-10,573.55,575.92,568.18,569.99,1282843
2024-04-11,575.8,576.6,567.66,570.85,1295511
2024-04-12,567.21,569.67,558.0,561.57,1201602
2024-04-15,567.02,567.02,550.92,554.25,1031658
2024-04-16,555.42,555.42,549.11,550.96,1010299
2024-04-17,552.26,552.4,542.91,543.7,1610057
2024-04-18,531.33,541.34,526.21,538.01,2075785
2024-04-19,539.43,542.6,535.67,541.25,1738509
2024-04-22,545.59,549.28,539.63,544.83,1522884
2024-04-23,563.83,573.15,556.37,570.87,2543991
2024-04-24,574.25,582.66,561.57,573.65,2035044
2024-04-25,573.66,574.24,566.28,568.02,1184004
2024-04-26,564.26,571.27,563.27,569.88,1438184
2024-04-29,571.36,575.73,567.6,573.15,962351
2024-04-30,570.98,572.72,564.29,565.03,1515137
2024-05-01,566.17,578.13,564.72,571.26,1171977
2024-05-02,575.72,576.04,561.83,567.55,1357370
2024-05-03,576.08,576.08,567.92,568.67,1749670
2024-05-06,571.68,572.65,566.65,569.83,1140684
2024-05-07,567.8,572.85,561.68,569.16,1890726
2024-05-08,569.0,571.62,564.03,569.92,1598138
2024-05-09,570.51,575.32,568.79,574.18,1513316
2024-05-10,576.41,590.18,575.06,589.19,1328832
2024-05-13,587.44,590.68,585.13,586.87,944626
2024-05-14,587.33,593.31,582.85,590.95,1040938
2024-05-15,596.11,598.1,591.17,595.14,1188732
2024-05-16,594.37,596.2,589.43,593.28,1409375
2024-05-17,593.08,593.23,585.54,591.44,1398449
2024-05-20,589.78,593.37,588.91,590.16,805710
2024-05-21,590.15,590.15,581.53,586.29,1133164
2024-05-22,585.85,592.76,583.81,586.97,872991
2024-05-23,586.18,588.16,580.37,581.24,1184975
2024-05-24,582.2,584.15,577.58,580.26,883271
2024-05-28,577.9,578.2,565.48,568.86,1435576
2024-05-29,566.41,566.41,560.02,563.62,1324775
2024-05-30,547.96,560.31,546.76,559.11,2431317
2024-05-31,560.93,564.89,556.77,564.3,2106711
2024-06-03,565.7,569.91,559.36,565.89,943688
2024-06-04,567.09,570.03,561.58,565.98,994975
2024-06-05,566.16,571.85,563.05,571.55,896124
2024-06-06,571.56,577.9,568.23,576.08,1153843
2024-06-07,575.75,582.15,573.35,577.32,1231957
2024-06-10,576.24,578.51,572.13,577.71,1540561
2024-06-11,575.2,576.24,570.19,572.16,1407737
2024-06-12,575.5,578.2,570.88,571.96,1397925
2024-06-13,569.64,570.9,561.34,568.92,1304701
2024-06-14,569.54,569.78,563.46,568.74,1413701
2024-06-17,563.17,566.02,560.49,564.71,1318499
2024-06-18,566.26,568.73,561.35,565.88,1398080
2024-06-20,557.61,557.61,548.52,553.99,3071545
2024-06-21,555.48,565.3,554.88,561.33,3198558
2024-06-24,562.34,568.2,559.07,562.67,1557605
2024-06-25,561.57,565.05,552.97,553.3,1943699
2024-06-26,553.58,558.13,551.63,554.94,1091353
2024-06-27,553.5,555.03,546.05,547.59,1506859
2024-06-28,549.73,555.04,542.47,549.8,6150885
2024-07-01,550.25,554.34,536.28,538.59,1459439
2024-07-02,536.19,538.46,530.37,530.84,1316367
2024-07-03,529.92,536.69,529.36,532.51,908266
2024-07-05,535.53,537.04,530.76,536.98,1233257
2024-07-08,538.32,539.88,532.33,533.19,1140129
2024-07-09,534.98,535.22,525.31,528.78,1567536
2024-07-10,530.16,533.89,525.76,533.76,1976237
2024-07-11,536.64,545.46,534.76,539.55,1403938
2024-07-12,539.55,548.47,537.73,544.92,945210
2024-07-15,543.43,546.5,539.85,541.53,1326049
2024-07-16,546.06,552.56,544.55,552.21,1122114
2024-07-17,549.8,556.72,547.66,551.85,1131158
2024-07-18,548.5,553.94,534.66,537.49,1744967
2024-07-19,538.02,539.09,528.4,531.26,1667269
2024-07-22,537.54,543.95,532.88,543.26,1163691
2024-07-23,567.67,568.93,547.48,549.04,2005647
2024-07-24,549.72,571.92,549.45,571.4,2857263
2024-07-25,572.81,600.33,568.82,591.06,3625187
2024-07-26,597.37,611.09,595.83,603.63,2715365
2024-07-29,600.75,604.29,591.76,600.63,1621893
2024-07-30,606.28,612.18,599.36,611.5,1627170
2024-07-31,610.68,617.04,605.77,609.79,1702277
2024-08-01,612.83,618.7,609.32,618.17,1458185
2024-08-02,618.35,618.4,601.97,612.13,1564731
2024-08-05,604.02,607.83,589.38,594.57,2117077
2024-08-06,596.79,609.33,593.16,598.54,1316881
2024-08-07,597.49,598.3,582.29,583.97,1692238
2024-08-08,586.33,597.66,584.1,596.57,1116715
2024-08-09,596.53,597.87,590.44,592.73,963806
2024-08-12,592.81,596.06,588.17,595.6,1164022
2024-08-13,596.51,602.07,595.99,600.71,1042544
2024-08-14,598.61,599.98,592.35,598.62,1128139
2024-08-15,602.02,605.1,596.51,600.2,1241073
2024-08-16,598.31,603.07,596.12,600.49,1076197
2024-08-19,600.69,607.35,600.46,604.08,959411
2024-08-20,606.39,611.24,604.81,610.98,1075495
2024-08-21,611.44,614.54,605.48,606.64,965573
2024-08-22,609.62,610.15,598.52,600.37,1138403
2024-08-23,603.26,604.18,597.09,602.61,777265
2024-08-26,602.49,603.4,598.76,602.09,519485
2024-08-27,602.1,607.45,598.52,606.87,737395
2024-08-28,606.72,614.42,605.68,609.59,790456
2024-08-29,610.88,612.98,606.13,608.14,722498
2024-08-30,612.54,614.42,601.5,611.51,1058979
2024-09-03,607.93,611.47,600.16,602.92,1282258
2024-09-04,602.16,609.13,600.73,608.36,1005979
2024-09-05,607.5,610.62,597.78,603.37,1467659
2024-09-06,603.98,616.11,603.98,607.79,1868789
2024-09-09,610.95,618.66,610.55,616.83,1443321
2024-09-10,617.03,624.25,614.67,620.6,1302892
2024-09-11,618.48,619.39,605.34,614.88,1324098
2024-09-12,612.15,615.73,600.68,610.61,1397629
2024-09-13,611.65,613.84,604.66,608.0,1125097
2024-09-16,612.4,613.28,604.11,610.96,1198221
2024-09-17,610.0,613.38,603.85,607.32,1333012
2024-09-18,605.98,611.73,598.74,606.95,1092625
2024-09-19,614.4,620.51,608.63,617.03,1474247
2024-09-20,615.83,615.83,605.04,610.51,1983068
2024-09-23,612.45,613.21,604.65,607.18,883226
2024-09-24,608.04,610.77,604.67,608.71,1361146
2024-09-25,610.68,610.72,592.91,596.67,1282532
2024-09-26,601.42,617.32,601.42,616.12,1312919
2024-09-27,616.18,620.53,610.85,611.23,871044
2024-09-30,609.31,615.81,605.87,615.36,1041296
2024-10-01,616.78,616.78,607.4,609.76,1169248
2024-10-02,606.84,613.37,602.19,609.54,665365
2024-10-03,606.7,608.32,596.24,597.8,1258287
2024-10-04,599.5,600.86,593.43,595.5,871514
2024-10-07,589.25,596.19,589.25,595.74,1165872
2024-10-08,595.94,599.17,591.62,592.36,883538
2024-10-09,591.03,596.96,590.03,596.14,890916
2024-10-10,594.07,594.07,586.81,590.71,1221166
2024-10-11,592.55,599.28,591.23,593.82,2138162
2024-10-14,597.67,601.4,592.14,600.66,1006424
2024-10-15,601.86,607.39,596.27,597.4,1290564
2024-10-16,587.21,593.7,584.22,588.48,1369297
2024-10-17,601.2,605.23,593.77,596.14,1946149
2024-10-18,596.92,601.25,592.47,598.59,1081607
2024-10-21,594.79,597.46,588.75,592.28,914622
2024-10-22,584.44,588.13,581.13,583.34,1619551
2024-10-23,571.6,575.69,563.14,573.5,2058331
2024-10-24,569.39,571.85,554.37,554.49,1757565
2024-10-25,557.25,559.3,550.44,551.5,1090373
2024-10-28,556.35,556.47,547.59,549.67,1116741
2024-10-29,548.1,550.74,544.41,544.93,1638339
2024-10-30,544.66,551.86,543.91,547.76,1452184
2024-10-31,545.71,549.23,541.66,543.49,1472599
2024-11-01,547.15,561.94,544.45,555.02,1459815
2024-11-04,553.79,556.66,547.29,552.59,815123
2024-11-05,547.55,558.87,547.38,557.88,998699
2024-11-06,567.24,567.24,546.35,556.78,1423148
2024-11-07,562.07,562.94,551.32,553.01,1304090
2024-11-08,554.34,555.65,546.15,548.88,1620732
2024-11-11,546.23,551.06,542.24,544.08,1565850
2024-11-12,546.31,547.3,537.25,537.94,1724079
2024-11-13,537.2,541.97,535.21,539.09,1212172
2024-11-14,537.1,539.57,528.93,530.25,1765190
2024-11-15,526.65,526.65,509.05,510.42,3953117
2024-11-18,508.35,510.11,496.02,498.69,3164274
2024-11-19,493.62,508.65,490.74,506.48,3658663
2024-11-20,504.45,511.18,500.12,510.18,1534010
2024-11-21,511.45,513.54,504.83,513.42,1956777
2024-11-22,511.95,514.32,504.54,510.6,1833539
2024-11-25,509.64,513.66,506.72,511.53,3063549
2024-11-26,511.53,511.53,504.64,510.32,1748538
2024-11-27,512.74,526.12,512.31,518.95,2914199
2024-11-29,520.42,530.4,520.29,526.88,2108339
2024-12-02,525.96,532.07,523.87,527.2,2558569
2024-12-03,527.5,533.2,525.2,531.65,2665203
2024-12-04,529.79,533.75,522.12,526.13,2579756
2024-12-05,524.47,524.67,514.99,518.16,2665270
2024-12-06,520.29,528.56,519.29,526.61,1869732
2024-12-09,526.94,535.3,523.91,534.44,2106677
2024-12-10,536.73,539.59,531.76,533.07,1937999
2024-12-11,532.22,537.23,530.87,531.59,1389224
2024-12-12,528.57,529.13,521.33,522.28,2539196
2024-12-13,521.3,525.72,514.83,524.52,1553525
2024-12-16,524.97,532.33,524.35,527.88,2595619
2024-12-17,523.65,533.53,523.65,526.47,2544835
2024-12-18,525.63,530.94,513.58,513.86,1774329
2024-12-19,516.39,520.08,506.57,514.37,2237163
2024-12-20,514.37,524.07,512.69,521.7,2758854
2024-12-23,517.84,523.88,517.26,522.93,1558114
2024-12-24,520.9,526.6,519.95,526.6,488699
2024-12-26,522.24,524.96,521.35,524.81,777720
2024-12-27,521.65,525.91,520.65,523.71,943215
2024-12-30,520.34,520.58,513.45,516.51,1035557
2024-12-31,517.98,522.38,514.84,517.89,1262858
2025-01-02,516.84,523.74,515.76,520.22,1817498
2025-01-03,521.97,534.38,520.39,529.63,1515347
2025-01-06,527.51,542.87,526.14,534.78,1981838
2025-01-07,537.1,548.91,535.86,543.2,1839339
2025-01-08,541.93,545.32,535.83,542.48,1837771
2025-01-10,539.33,554.66,538.88,539.87,2920058
2025-01-13,541.74,559.79,539.24,553.02,2269943
2025-01-14,555.0,558.88,548.9,554.49,2207392
2025-01-15,555.37,561.28,541.62,548.99,3251325
2025-01-16,548.64,559.29,543.97,559.19,1835537
2025-01-17,559.93,562.46,556.6,557.14,2140069
2025-01-21,561.57,573.78,560.03,570.49,2311529
2025-01-22,568.12,576.97,567.44,572.01,1702544
2025-01-23,573.36,574.07,560.12,572.27,1246262
2025-01-24,570.81,574.98,569.23,572.24,1156526
2025-01-27,577.06,581.47,570.56,581.02,1727906
2025-01-28,593.22,594.32,576.41,581.66,2156803
2025-01-29,572.37,574.44,564.15,565.68,2884711
2025-01-30,587.95,608.23,587.35,604.01,3349850
2025-01-31,597.17,602.33,594.32,595.07,2165825
2025-02-03,590.47,597.71,586.71,591.08,2135677
2025-02-04,582.96,589.2,574.26,577.96,2097371
2025-02-05,586.97,587.44,575.3,579.76,1348853
2025-02-06,579.33,581.45,565.82,570.14,2034089
2025-02-07,572.2,574.89,563.91,568.9,1826948
2025-02-10,557.58,560.83,541.57,550.38,2972012
2025-02-11,548.02,551.45,539.54,542.78,2234526
2025-02-12,536.67,539.54,529.81,535.58,2062481
2025-02-13,537.57,537.75,528.82,530.25,1915355
2025-02-14,532.7,535.05,528.92,529.46,1517273
2025-02-18,529.27,530.66,518.71,520.74,2969932
2025-02-19,518.88,530.21,517.66,528.48,1965219
2025-02-20,531.38,540.94,531.19,535.41,1967915
2025-02-21,535.94,540.18,529.61,530.16,1613867
2025-02-24,529.42,541.18,529.42,533.14,1375430
2025-02-25,532.39,538.82,529.92,537.13,1888986
2025-02-26,539.3,541.41,528.57,530.89,1330562
2025-02-27,527.72,530.63,516.8,520.88,1539369
2025-02-28,525.89,527.67,518.24,526.58,2229660
2025-03-03,528.53,530.09,517.3,521.29,2330311
2025-03-04,520.67,522.49,510.16,514.25,2720158
2025-03-05,510.58,522.55,509.86,521.84,1685156
2025-03-06,521.09,531.61,519.0,525.27,1852932
2025-03-07,522.36,530.59,516.98,529.32,1799004
2025-03-10,523.92,533.8,522.99,524.43,2174159
2025-03-11,522.82,524.39,507.12,511.89,1864178
2025-03-12,514.37,518.35,509.51,510.35,1412344
2025-03-13,509.7,514.16,506.07,506.61,1574672
2025-03-14,508.12,521.96,506.83,520.12,1745566
2025-03-17,520.8,523.78,512.77,517.65,1670449
2025-03-18,516.73,520.21,511.24,519.57,1231977
2025-03-19,518.53,520.57,511.52,516.5,1603184
2025-03-20,516.58,518.72,511.16,516.72,1537065
2025-03-21,514.35,516.69,508.12,515.81,2192318
2025-03-24,518.87,524.86,515.22,517.98,1099969
2025-03-25,519.55,521.31,509.03,512.44,1170752
2025-03-26,512.45,516.09,509.46,511.77,1216128
2025-03-27,512.09,513.43,506.18,509.79,1250030
2025-03-28,510.72,511.47,497.56,498.31,1787750
2025-03-31,494.67,498.77,482.48,495.76,2915823
2025-04-01,493.73,494.68,479.43,481.19,1837638
2025-04-02,478.73,489.54,477.83,487.25,2068702
2025-04-03,480.11,484.12,466.44,468.29,2813629
2025-04-04,459.79,462.39,435.61,436.29,3894567
2025-04-07,416.23,451.67,409.69,436.25,4076253
2025-04-08,449.49,452.45,411.8,417.76,3929632
2025-04-09,413.1,453.35,408.34,451.87,4597679
2025-04-10,444.75,446.94,413.77,425.86,3902369
2025-04-11,428.4,439.1,418.45,436.53,2657426
2025-04-14,446.35,449.17,440.37,447.67,2370518
2025-04-15,445.94,448.61,436.79,439.37,2546011
2025-04-16,439.7,444.29,433.75,435.18,1823476
2025-04-17,432.93,434.41,423.48,425.92,3038277
2025-04-21,423.93,424.92,415.08,420.29,2314807
2025-04-22,428.21,435.39,424.93,433.12,3677844
2025-04-23,454.86,459.9,427.83,430.05,3492288
2025-04-24,428.41,430.86,416.25,425.08,3662437
2025-04-25,424.55,425.14,415.28,422.67,2698321
2025-04-28,428.34,431.25,415.3,419.78,2531550
2025-04-29,420.26,428.75,417.26,425.95,2437378
2025-04-30,426.07,427.72,421.43,427.42,2944672
2025-05-01,424.29,427.29,413.85,418.34,2771921
2025-05-02,426.89,429.85,420.86,421.99,2492475
2025-05-05,420.84,423.41,416.32,420.71,2637328
2025-05-06,417.9,422.0,405.0,405.52,4070167
2025-05-07,407.88,411.82,403.07,406.34,2959704
2025-05-08,405.57,414.21,401.32,409.26,3013609
2025-05-09,409.08,410.97,400.27,401.64,2318871
2025-05-12,409.62,431.13,408.19,430.99,3716384
2025-05-13,429.59,433.37,425.72,427.37,2727182
2025-05-14,428.37,428.96,404.28,404.55,3201135
2025-05-15,401.94,405.54,389.06,403.43,4129757
2025-05-16,403.5,411.11,400.19,410.54,2498585
2025-05-19,406.72,412.54,405.75,412.39,1665414
2025-05-20,411.13,413.87,408.38,412.22,2142051
2025-05-21,407.81,411.13,395.89,396.81,2966242
2025-05-22,393.19,400.26,392.36,399.0,2891367
2025-05-23,392.32,394.88,389.22,392.2,2318259
2025-05-27,400.45,406.24,399.02,402.06,2705733
2025-05-28,402.35,404.66,398.91,400.64,1931377
2025-05-29,401.56,405.87,399.94,402.26,2499351
2025-05-30,400.23,403.94,395.85,401.33,2521500
2025-06-02,398.66,399.03,391.24,395.0,2584437
2025-06-03,393.61,400.91,389.83,398.45,3204166
2025-06-04,401.03,406.97,400.7,402.17,2280815
2025-06-05,403.24,403.74,395.28,396.89,2504064
2025-06-06,399.08,405.1,399.08,400.42,2630036
2025-06-09,403.68,411.08,400.04,407.02,2164050
2025-06-10,409.89,418.42,405.23,413.01,2573901
2025-06-11,414.3,422.94,411.75,413.62,3062717
2025-06-12,412.45,415.27,408.39,413.8,2067587
2025-06-13,409.26,412.21,400.49,401.67,2385761
2025-06-16,405.78,405.78,396.13,403.99,1973187
2025-06-17,398.92,402.47,388.81,389.21,3040408
2025-06-18,389.21,394.71,384.42,391.5,2884259
2025-06-20,391.83,396.83,389.45,396.81,3812644
2025-06-23,394.06,399.52,391.94,399.13,2486234
2025-06-24,400.72,405.06,398.1,403.28,2082991
2025-06-25,401.13,413.88,397.01,409.54,3100914
2025-06-26,408.44,414.19,408.18,411.01,2927706
2025-06-27,411.29,413.28,405.85,407.18,3923072
2025-06-30,406.74,412.17,400.37,404.37,3919176
2025-07-01,405.19,427.94,403.76,420.33,2603094
2025-07-02,423.85,429.3,420.61,426.61,2669388
2025-07-03,427.46,431.73,424.93,428.17,1359321
2025-07-07,425.41,428.16,414.3,417.57,2497271
2025-07-08,417.45,431.97,417.45,425.02,2620855
2025-07-09,421.06,428.23,410.77,418.75,2735405
2025-07-10,419.69,437.31,417.19,429.57,2932871
2025-07-11,429.09,435.14,424.5,433.69,2511411
2025-07-14,427.84,429.34,420.9,424.19,2819599
2025-07-15,427.28,427.84,416.07,416.86,2090769
2025-07-16,417.18,419.42,412.66,415.19,2762321
2025-07-17,413.88,425.85,412.18,423.83,2494694
2025-07-18,424.77,426.76,410.3,413.63,2652572
2025-07-21,413.82,413.88,402.27,403.85,2733766
2025-07-22,405.21,427.83,404.06,426.47,3674199
2025-07-23,471.98,486.61,464.29,465.45,8928524
2025-07-24,465.41,483.29,463.79,473.75,6234071
2025-07-25,478.69,482.3,473.13,477.03,4205560
2025-07-28,474.16,485.8,473.59,483.65,3412308
2025-07-29,480.94,487.2,479.11,480.86,3164173
2025-07-30,482.67,483.57,472.37,475.99,2583457
2025-07-31,469.51,482.56,465.48,466.42,3414156
2025-08-01,459.79,462.85,450.23,461.79,2756984
2025-08-04,458.86,466.51,455.31,465.31,2092864
2025-08-05,465.72,468.6,463.59,465.16,1992305
2025-08-06,463.98,465.24,445.08,447.73,2539468
2025-08-07,453.63,455.86,449.95,453.51,1490175
2025-08-08,452.27,460.47,450.22,459.48,1689920
2025-08-11,460.54,466.44,458.09,461.14,1706673
2025-08-12,459.67,476.9,459.67,476.12,2104911
2025-08-13,479.14,485.67,477.43,483.48,2054842
2025-08-14,479.44,484.59,477.95,483.73,1955358
2025-08-15,485.42,490.22,484.69,487.69,2462473
2025-08-18,488.81,491.91,485.83,486.23,2211081
2025-08-19,489.6,499.58,488.57,496.95,2578596
2025-08-20,497.42,499.02,491.43,493.48,2351548
2025-08-21,491.11,493.44,481.51,482.45,1360656
2025-08-22,486.21,501.04,485.58,498.64,1778473
2025-08-25,497.9,498.23,487.86,489.43,1044386
2025-08-26,488.77,490.19,485.42,487.16,1341639
2025-08-27,485.32,489.65,481.68,486.8,1294965
2025-08-28,486.33,489.81,482.09,488.42,1407703
2025-08-29,488.62,492.95,484.61,491.39,1228199
2025-09-02,487.99,491.37,477.74,486.21,1303859
2025-09-03,485.72,488.22,480.23,483.24,1219059
2025-09-04,480.78,488.94,470.34,488.17,1404250
2025-09-05,488.68,500.65,487.8,491.27,1442586
2025-09-08,486.45,488.75,479.65,486.33,2223666
2025-09-09,485.17,488.67,480.22,481.11,1505981
2025-09-10,479.82,484.51,474.36,475.25,1442740
2025-09-11,479.28,490.67,479.06,490.08,1509910
2025-09-12,487.29,489.94,478.17,478.17,1543243
2025-09-15,477.92,482.07,469.89,473.61,1663510
2025-09-16,469.42,483.72,469.2,479.88,1799910
2025-09-17,482.09,485.69,468.3,471.79,1947751
2025-09-18,476.29,481.39,472.18,480.24,1576449
2025-09-19,482.42,487.11,477.16,478.72,4244050
2025-09-22,474.63,480.87,469.89,474.14,2352303
2025-09-23,470.27,474.71,466.44,468.9,3244956
2025-09-24,467.06,470.48,462.1,467.16,2409608
2025-09-25,466.17,467.92,456.59,458.39,3229323
2025-09-26,460.23,464.9,459.48,463.4,1886379
2025-09-29,466.0,466.51,455.85,461.21,3018351
2025-09-30,463.29,485.38,459.17,484.15,4363938
2025-10-01,486.12,533.94,486.06,529.77,6092757
2025-10-02,524.76,538.93,522.06,524.02,3262000
2025-10-03,524.41,544.46,524.41,542.34,3048558
2025-10-06,539.03,544.88,535.5,542.97,2560057
2025-10-07,541.7,548.45,537.37,538.2,1870792
2025-10-08,537.16,548.27,534.67,535.23,2153227
2025-10-09,532.78,536.6,527.89,533.72,1830979
2025-10-10,533.87,536.96,522.71,523.86,1415942
2025-10-13,526.58,529.88,522.95,523.64,1686657
2025-10-14,520.8,528.9,518.52,524.88,1600989
2025-10-15,523.97,531.45,521.48,526.92,1430396
2025-10-16,543.38,543.62,533.2,535.81,2115988
2025-10-17,533.2,539.9,531.04,537.95,2010235
2025-10-20,540.03,549.47,539.03,542.86,1665210
2025-10-21,558.07,567.37,552.74,556.99,3932375
2025-10-22,554.5,570.26,549.89,566.18,3461218
2025-10-23,566.88,577.2,561.37,570.88,1979317
2025-10-24,573.12,574.78,568.76,571.47,1655698
2025-10-27,571.06,571.64,560.03,562.77,1563612
2025-10-28,563.12,564.63,554.57,556.63,992737
2025-10-29,557.31,570.54,554.06,557.31,1953740
2025-10-30,550.61,564.61,550.61,555.22,1315132
2025-10-31,550.93,568.89,550.88,566.37,1872224
2025-11-03,562.65,564.68,553.2,563.86,1835007
2025-11-04,557.4,568.28,556.0,564.22,1636085
2025-11-05,559.34,569.13,553.2,566.62,1682938
2025-11-06,561.86,569.83,558.34,564.96,1277875
2025-11-07,565.85,576.31,562.29,571.38,2264009
2025-11-10,571.34,582.61,567.34,575.31,1380264
2025-11-11,574.91,586.53,573.79,585.43,1377699
2025-11-12,583.24,590.11,580.95,586.96,1504274
2025-11-13,585.05,597.44,577.21,579.09,2745429
2025-11-14,577.15,583.28,571.97,577.67,1317958
2025-11-17,574.61,578.75,565.57,566.14,1624479
2025-11-18,561.84,577.18,555.46,574.99,1915986
2025-11-19,573.59,573.59,566.19,572.76,1247990
2025-11-20,572.32,579.41,567.44,571.71,1167866
2025-11-21,571.97,588.79,568.52,586.42,1933565
2025-11-24,585.39,586.86,578.06,585.02,1803097
2025-11-25,581.15,601.24,580.75,596.71,1803561
2025-11-26,592.36,595.48,586.13,592.18,2060021
2025-11-28,588.13,592.93,586.89,589.77,745957
2025-12-01,593.78,596.61,581.7,584.1,1754359
2025-12-02,580.89,583.4,576.92,579.33,1918180
2025-12-03,580.24,587.05,578.97,579.41,1186616
2025-12-04,577.99,579.41,559.15,574.21,1961858
2025-12-05,576.96,578.05,568.6,571.74,1873706
2025-12-08,569.77,573.51,564.99,567.19,1412168
2025-12-09,572.97,574.22,560.9,562.06,1416016
2025-12-10,561.99,573.43,561.99,572.78,1275600
2025-12-11,575.58,578.04,569.81,577.86,1226447
2025-12-12,576.81,578.02,569.16,571.25,1576512
2025-12-15,573.66,575.76,565.1,575.33,1702290
2025-12-16,570.27,574.28,560.44,569.59,2015283
2025-12-17,566.97,572.42,560.93,562.0,2301754
2025-12-18,561.89,568.84,553.98,561.83,2287276
2025-12-19,561.12,569.3,558.37,567.26,3862646
2025-12-22,568.26,575.57,565.18,575.12,1108444
2025-12-23,574.82,579.98,573.13,579.36,732033
2025-12-24,578.04,579.23,575.75,578.54,401025
2025-12-26,578.22,580.59,576.28,580.16,466137
2025-12-29,579.54,584.72,579.54,584.49,1042775
2025-12-30,581.67,583.87,579.26,582.87,665011
2025-12-31,583.13,585.02,578.42,578.87,739319
2026-01-02,578.92,593.12,576.42,591.92,2052392
2026-01-05,593.18,610.84,591.92,610.59,2488168
2026-01-06,605.45,627.45,605.45,620.1,2554872
2026-01-07,618.08,626.14,614.11,616.53,2404599
2026-01-08,612.25,622.74,603.39,605.89,3147727
2026-01-09,608.0,621.78,603.95,618.24,2286520
2026-01-12,620.36,624.16,606.0,614.84,3184763
2026-01-13,612.71,619.6,593.71,606.47,2847779
2026-01-14,608.02,622.1,606.49,621.21,2460459
2026-01-15,619.35,629.24,617.99,624.02,2541472
2026-01-16,623.47,629.1,618.09,618.1,2880991
2026-01-20,608.89,620.23,605.39,618.39,3108847
2026-01-21,621.67,637.34,619.65,635.66,3182573
2026-01-22,636.75,643.35,634.17,638.81,2621748
2026-01-23,637.04,638.56,622.06,625.35,2847626
2026-01-26,624.72,633.02,622.61,625.99,1758380
2026-01-27,621.0,628.69,617.38,623.29,1638213
2026-01-28,618.02,619.98,605.71,607.41,2338405
2026-01-29,585.21,595.75,571.64,591.57,3950683
2026-01-30,581.15,585.36,573.66,578.03,3760917
2026-02-02,575.32,583.52,572.74,581.19,1778907
2026-02-03,579.42,588.26,565.84,569.52,2249826
2026-02-04,570.94,575.7,562.36,564.65,2740653
2026-02-05,563.17,566.26,540.8,541.82,3225290
2026-02-06,542.7,545.71,536.51,542.29,2959840
2026-02-09,540.66,548.25,536.47,546.21,2107617
2026-02-10,548.86,550.4,537.01,539.26,2022058
2026-02-11,537.22,538.85,521.83,526.64,3367617
2026-02-12,526.28,526.47,493.15,509.31,4742103
2026-02-13,513.94,519.83,503.75,504.31,3188361
2026-02-17,502.09,506.64,497.66,501.09,3775371
2026-02-18,500.02,513.65,497.92,513.05,2662434
2026-02-19,509.49,515.0,503.5,514.61,1776143
2026-02-20,510.18,514.37,506.0,510.42,1362529
2026-02-23,507.5,518.4,505.29,515.92,1618499
2026-02-24,515.49,521.11,512.7,515.08,1314460
2026-02-25,518.48,518.48,510.75,513.17,1480781
2026-02-26,515.57,520.14,509.57,519.6,1551236
2026-02-27,515.21,520.76,508.97,520.59,2031101
2026-03-02,511.5,513.19,501.81,508.07,2050854
2026-03-03,501.01,510.21,492.88,507.59,2211503
2026-03-04,509.49,517.13,508.44,512.18,1679238
2026-03-05,502.68,520.06,501.5,518.32,3284814
2026-03-06,510.81,513.87,499.5,501.47,1637104
2026-03-09,495.72,510.09,491.64,509.46,2210544
2026-03-10,508.49,509.43,497.44,499.58,1864652
2026-03-11,498.9,500.8,490.64,495.22,1627709
2026-03-12,490.51,491.12,473.53,475.41,2516508
2026-03-13,478.93,481.58,463.81,464.37,3018627
2026-03-16,471.07,474.5,467.24,470.0,2995729
2026-03-17,475.52,480.99,471.43,472.71,2795059
2026-03-18,468.78,470.49,462.03,464.69,2419814
2026-03-19,461.22,470.99,458.34,470.21,1843901
2026-03-20,469.07,476.93,469.06,474.39,2285211
2026-03-23,484.3,487.93,475.63,478.12,1913200
2026-03-24,472.87,495.79,470.0,490.29,2241383
2026-03-25,495.41,499.95,482.96,490.77,1729590
2026-03-26,489.75,496.26,485.82,488.85,1302036
2026-03-27,489.62,490.75,471.83,473.36,1677949
2026-03-30,478.43,483.58,474.16,480.05,1819610
2026-03-31,487.75,494.36,479.66,491.53,2272063
2026-04-01,496.3,501.05,491.86,494.54,1505136
2026-04-02,486.94,506.82,485.11,491.46,1696350
2026-04-06,492.0,493.34,479.95,488.19,1473735
2026-04-07,485.24,490.35,480.0,489.5,1287642
2026-04-08,502.0,507.28,499.73,503.46,1507956
2026-04-09,498.61,505.35,490.25,500.46,1491034
2026-04-10,500.11,503.82,495.81,496.11,1308757
2026-04-13,494.96,515.65,492.04,514.23,1828890
2026-04-14,516.34,530.0,514.0,527.22,2572080
2026-04-15,528.88,532.86,524.76,531.67,2003706
2026-04-16,527.38,530.5,514.3,516.0,1375322
2026-04-17,523.11,530.08,518.0,526.6,1988305
