/data/workspace/strategy_arena/cross_regime_scheduler.py:2193: FutureWarning: The default fill_method='pad' in DataFrame.pct_change is deprecated and will be removed in a future version. Either fill in any non-leading NA values prior to calling pct_change or specify 'fill_method=None' to not fill NA values.
  daily_returns = prices.pct_change().fillna(0)
/data/workspace/strategy_arena/cross_regime_scheduler.py:2193: FutureWarning: The default fill_method='pad' in DataFrame.pct_change is deprecated and will be removed in a future version. Either fill in any non-leading NA values prior to calling pct_change or specify 'fill_method=None' to not fill NA values.
  daily_returns = prices.pct_change().fillna(0)
/data/workspace/strategy_arena/cross_regime_scheduler.py:2193: FutureWarning: The default fill_method='pad' in DataFrame.pct_change is deprecated and will be removed in a future version. Either fill in any non-leading NA values prior to calling pct_change or specify 'fill_method=None' to not fill NA values.
  daily_returns = prices.pct_change().fillna(0)
/data/workspace/strategy_arena/cross_regime_scheduler.py:2193: FutureWarning: The default fill_method='pad' in DataFrame.pct_change is deprecated and will be removed in a future version. Either fill in any non-leading NA values prior to calling pct_change or specify 'fill_method=None' to not fill NA values.
  daily_returns = prices.pct_change().fillna(0)
/data/workspace/strategy_arena/cross_regime_scheduler.py:2193: FutureWarning: The default fill_method='pad' in DataFrame.pct_change is deprecated and will be removed in a future version. Either fill in any non-leading NA values prior to calling pct_change or specify 'fill_method=None' to not fill NA values.
  daily_returns = prices.pct_change().fillna(0)
/data/workspace/strategy_arena/cross_regime_scheduler.py:2193: FutureWarning: The default fill_method='pad' in DataFrame.pct_change is deprecated and will be removed in a future version. Either fill in any non-leading NA values prior to calling pct_change or specify 'fill_method=None' to not fill NA values.
  daily_returns = prices.pct_change().fillna(0)
/data/workspace/strategy_arena/cross_regime_scheduler.py:2193: FutureWarning: The default fill_method='pad' in DataFrame.pct_change is deprecated and will be removed in a future version. Either fill in any non-leading NA values prior to calling pct_change or specify 'fill_method=None' to not fill NA values.
  daily_returns = prices.pct_change().fillna(0)
/data/workspace/strategy_arena/cross_regime_scheduler.py:2193: FutureWarning: The default fill_method='pad' in DataFrame.pct_change is deprecated and will be removed in a future version. Either fill in any non-leading NA values prior to calling pct_change or specify 'fill_method=None' to not fill NA values.
  daily_returns = prices.pct_change().fillna(0)
/data/workspace/strategy_arena/cross_regime_scheduler.py:2193: FutureWarning: The default fill_method='pad' in DataFrame.pct_change is deprecated and will be removed in a future version. Either fill in any non-leading NA values prior to calling pct_change or specify 'fill_method=None' to not fill NA values.
  daily_returns = prices.pct_change().fillna(0)
/data/workspace/strategy_arena/cross_regime_scheduler.py:2193: FutureWarning: The default fill_method='pad' in DataFrame.pct_change is deprecated and will be removed in a future version. Either fill in any non-leading NA values prior to calling pct_change or specify 'fill_method=None' to not fill NA values.
  daily_returns = prices.pct_change().fillna(0)
/data/workspace/strategy_arena/cross_regime_scheduler.py:2193: FutureWarning: The default fill_method='pad' in DataFrame.pct_change is deprecated and will be removed in a future version. Either fill in any non-leading NA values prior to calling pct_change or specify 'fill_method=None' to not fill NA values.
  daily_returns = prices.pct_change().fillna(0)
/data/workspace/strategy_arena/cross_regime_scheduler.py:2193: FutureWarning: The default fill_method='pad' in DataFrame.pct_change is deprecated and will be removed in a future version. Either fill in any non-leading NA values prior to calling pct_change or specify 'fill_method=None' to not fill NA values.
  daily_returns = prices.pct_change().fillna(0)
======================================================================
  🔄 穿越牛熊策略回测扫描 v3（全面升级版）
======================================================================
  ⏰ 开始时间: 2026-04-25 20:12:13
  📊 回测区间: 2016-01-01 ~ 2026-04-25 (主) / 2015-01-01 ~ 2018-12-31 (压力)
  📏 回撤淘汰线: ≥30%
  🏆 入榜规则: 按最高分从高到低排，保留前十
  📊 无风险利率(默认): 0.0450

======================================================================
  🔍 步骤1: 混合搜索策略（7大来源）
======================================================================

  🌐 方案A: 多源策略搜索（穿越牛熊策略）...
  🌐 方案A: 多源策略搜索...

  📦 来源0: 聚宽（JoinQuant）策略 ⭐最高优先级
    🌐 搜索聚宽（JoinQuant）策略...
      📋 第1层: joinquant-skill内置模板
      ✅ 模板: ETF轮动策略 (1624B)
      ✅ 模板: 多因子选股策略 (2069B)
      ✅ 模板: 截面动量选股策略 (1733B)
      ✅ 模板: 均值回归布林带RSI策略 (2201B)
      ✅ 模板: RSRS阻力支撑相对强度策略 (1764B)
      📊 内置模板: 5 个
      📋 第2层: GitHub聚宽策略仓库
      ✅ JizhiXiang/Quant-Strategy: 2 个策略
      ✅ yeates/StockTimingStrategy: 3 个策略
      ✅ gaaiyun/joinquant-skill: 3 个策略
    📊 聚宽总计: 13 个策略
    📊 聚宽: 8 个策略

  📦 来源1: GitHub仓库搜索
      ✅ GitHub: 627378329/dual-etf-momentum-rotation/strategy/compare_dual_vs_multi_ak.py (11608B ★1)
      ✅ GitHub: 627378329/dual-etf-momentum-rotation/strategy/dual_rotation_10y_gold_ak.py (7135B ★1)
    📊 GitHub: 2 个策略

  📦 来源3: awesome-quant资源列表
    🌐 搜索 awesome-quant 资源列表...
      ✅ awesome-quant: rmbell09-lang/tradesight/src/config.py (7213B)
      ✅ awesome-quant: zvtvz/zvt/examples/trader/ma_trader.py (2259B)
      ✅ awesome-quant: zvtvz/zvt/src/zvt/recorders/consts.py (10537B)
      ✅ awesome-quant: GuntharDeNiro/gunbot-quant/gunbot_quant/core/backtest_engine.py (11700B)
      ✅ awesome-quant: GuntharDeNiro/gunbot-quant/gunbot_quant/core/screener.py (14174B)
    📊 awesome-quant: 5 个策略

  📦 来源4: DuckDuckGo搜索
    🌐 DuckDuckGo搜索 → GitHub链接...
    📊 DuckDuckGo: 0 个策略

  📦 来源6: TradingView(间接)
    🌐 搜索 TradingView (间接渠道)...
      ✅ TV间接: Drakkar-Software/OctoBot-Script/example.py (2329B ★40)
      ✅ TV间接: loponly/pinescript-to-python/debug_signals.py (3272B ★7)
      ✅ TV间接: loponly/pinescript-to-python/indicators/calculator.py (2927B ★7)
      ✅ TV间接: eddiebelaval/openclaw-tradingview/backtests/editors_picks/arbitrage-matrix-luxalgo.py (4048B ★7)
      ✅ TV间接: eddiebelaval/openclaw-tradingview/backtests/editors_picks/asset-drift-model.py (10130B ★7)
      ✅ TV间接: agrawalanuj25/Finsearch_Momentum_Based_Strategy/finsearch.py (2824B ★1)
      ✅ TV间接: OMCHOKSI108/Quantitative-Trading-Indicators/indicator_plots.ipynb (12350B ★1)
    📊 TradingView: 7 个策略

  📊 多源搜索汇总:
    有效策略: 22 个来自 5 个来源
    需人工审核: 0 个
    ✅ 多源搜索返回 22 个策略 (来源: {'joinquant': 8, 'github': 2, 'awesome_quant': 5, 'google': 0, 'tradingview': 7})
  ✅ 方案A结果充足(22个)，无需方案B
    ✅ 多源搜索返回 22 个策略 (方法: multi_source)
    ⏭️ 无目标关键词跳过: zvt
    ⏭️ 无目标关键词跳过: zvt

======================================================================
  🧬 步骤2: 生成内置策略变体（7种策略类型）
======================================================================
  🧬 生成策略变体: 162个
    事件驱动: 9个
    其他: 9个
    均值回归: 24个
    趋势跟踪: 111个
    高股息轮动: 9个
  [跳过] 无法适配的外部策略: 聚宽-Joinquant 上证50利用动态Pe增强模型
  🔄 去重: 69 -> 17 (移除52个重复模式)
  🔄 外部策略转换: 17个策略已适配为ETF轮动格式 (耗时0.01s)

======================================================================
  📦 步骤3: 加载数据（v4: ETF + 港美股全量，99美股 + 30港股）
======================================================================
📦 加载ETF数据（westock-data实时获取，limit=5000）...
  ✅ SPY: 5000 个交易日 (westock-data)
  ✅ VEA: 4716 个交易日 (westock-data)
  ✅ AGG: 5000 个交易日 (westock-data)
  ✅ SHY: 5000 个交易日 (westock-data)
  ✅ GLD: 5000 个交易日 (westock-data)
  ✅ TLT: 5000 个交易日 (westock-data)
📊 合并后数据: 5000 个交易日 (2006-06-08 00:00:00 ~ 2026-04-24 00:00:00)
⚠️ 幸存者偏差标记: True (ETF固定池，非动态历史成分股)

📦 [1/5] 加载美股ETF数据（6只基准ETF）...
  ✅ 美股ETF: 6只

📦 [2/5] 加载美股大盘数据（99只精选）...
  🔄 自动补充6只替代标的（缺失6只: ['BRK-B', 'CSCO', 'DE', 'TJX', 'NSC']...）
  📦 本地US股数据: 加载99只 (跳过6只, 门槛≥500天)
  ✅ 美股: 99只

📦 [3/5] 加载港股蓝筹数据（7只映射ETF）...
  📦 港股蓝筹数据: 加载7只
  ✅ 港股: 7只

📦 [4/5] 加载A股ETF数据（6只基准ETF）...
  📦 A股ETF数据: 加载6只
  ✅ A股ETF: 6只

📦 [5/5] 加载A股蓝筹数据（20只精选）...
  🔄 自动补充20只替代标的（缺失20只: ['600519_XSHG', '601318_XSHG', '600036_XSHG', '000858_XSHE', '000333_XSHE']...）
  📦 本地CN股数据: 加载20只 (跳过20只, 门槛≥500天)
  ✅ A股蓝筹: 20只

📊 全市场数据加载完成: 138只标的 (美股ETF 6只 + 美股 99只 + 港股 7只 + A股ETF 6只 + A股蓝筹 20只)

======================================================================
  🔍 步骤4: 策略去重（SHA256指纹+90%参数相似度家族检测）
======================================================================
  🔍 去重后: 115个 (跳过64个重复, 64个同家族)

======================================================================
  📋 步骤5: 执行回测 (115个策略 × 3个市场)
======================================================================

  📋 [1/115] [趋势跟踪] GEM5资产_3M+3d缓冲

    🌐 [US市场回测]

    🌐 [HK市场回测]

    🌐 [CN市场回测]
      ❌ [美股] 最大回撤>30% | 年化+3.50% | 回撤30.24%
      ❌ [港股] 最大回撤>30% | 年化+42.56% | 回撤57.90%
      ✅ [A股] 得分32.52分 | 年化+6.28% | 回撤24.56% | 夏普0.31  ⚠️
    📊 多标的回测汇总: 107只标的 | 盈利占比71.0% | 平均年化+5.84% | 中位数年化+2.93%
       美股99只(盈利68) 年化+4.46%
       港股7只(盈利7) 年化+25.75%
    🌐 多标的回测: 107只 | 盈利占比71.0% | 中位年化+2.93% | 美股+4.46% | 港股+25.75%

  📋 [2/115] [趋势跟踪] GEM5资产_3M+5d缓冲

    🌐 [US市场回测]

    🌐 [HK市场回测]

    🌐 [CN市场回测]
      ❌ [美股] 最大回撤>30% | 年化+6.93% | 回撤30.46%
      ❌ [港股] 最大回撤>30% | 年化+41.02% | 回撤55.34%
      ✅ [A股] 得分33.07分 | 年化+7.92% | 回撤25.52% | 夏普0.39  ⚠️
    📊 多标的回测汇总: 107只标的 | 盈利占比75.7% | 平均年化+5.85% | 中位数年化+2.69%
       美股99只(盈利73) 年化+4.71%
       港股7只(盈利7) 年化+21.76%
    🌐 多标的回测: 107只 | 盈利占比75.7% | 中位年化+2.69% | 美股+4.71% | 港股+21.76%

  📋 [3/115] [趋势跟踪] GEM5资产_6M

    🌐 [US市场回测]

    🌐 [HK市场回测]

    🌐 [CN市场回测]
      ❌ [美股] 最大回撤>30% | 年化+11.30% | 回撤40.15%
      ❌ [港股] 最大回撤>30% | 年化+44.14% | 回撤42.26%
      ❌ [A股] 最大回撤>30% | 年化-0.96% | 回撤43.37%
    📊 多标的回测汇总: 107只标的 | 盈利占比81.3% | 平均年化+7.97% | 中位数年化+5.87%
       美股99只(盈利79) 年化+6.77%
       港股7只(盈利7) 年化+24.48%
/data/workspace/strategy_arena/cross_regime_scheduler.py:2193: FutureWarning: The default fill_method='pad' in DataFrame.pct_change is deprecated and will be removed in a future version. Either fill in any non-leading NA values prior to calling pct_change or specify 'fill_method=None' to not fill NA values.
  daily_returns = prices.pct_change().fillna(0)
/data/workspace/strategy_arena/cross_regime_scheduler.py:2193: FutureWarning: The default fill_method='pad' in DataFrame.pct_change is deprecated and will be removed in a future version. Either fill in any non-leading NA values prior to calling pct_change or specify 'fill_method=None' to not fill NA values.
  daily_returns = prices.pct_change().fillna(0)
/data/workspace/strategy_arena/cross_regime_scheduler.py:2193: FutureWarning: The default fill_method='pad' in DataFrame.pct_change is deprecated and will be removed in a future version. Either fill in any non-leading NA values prior to calling pct_change or specify 'fill_method=None' to not fill NA values.
  daily_returns = prices.pct_change().fillna(0)
/data/workspace/strategy_arena/cross_regime_scheduler.py:2193: FutureWarning: The default fill_method='pad' in DataFrame.pct_change is deprecated and will be removed in a future version. Either fill in any non-leading NA values prior to calling pct_change or specify 'fill_method=None' to not fill NA values.
  daily_returns = prices.pct_change().fillna(0)
/data/workspace/strategy_arena/cross_regime_scheduler.py:2193: FutureWarning: The default fill_method='pad' in DataFrame.pct_change is deprecated and will be removed in a future version. Either fill in any non-leading NA values prior to calling pct_change or specify 'fill_method=None' to not fill NA values.
  daily_returns = prices.pct_change().fillna(0)
/data/workspace/strategy_arena/cross_regime_scheduler.py:2193: FutureWarning: The default fill_method='pad' in DataFrame.pct_change is deprecated and will be removed in a future version. Either fill in any non-leading NA values prior to calling pct_change or specify 'fill_method=None' to not fill NA values.
  daily_returns = prices.pct_change().fillna(0)
/data/workspace/strategy_arena/cross_regime_scheduler.py:2193: FutureWarning: The default fill_method='pad' in DataFrame.pct_change is deprecated and will be removed in a future version. Either fill in any non-leading NA values prior to calling pct_change or specify 'fill_method=None' to not fill NA values.
  daily_returns = prices.pct_change().fillna(0)
/data/workspace/strategy_arena/cross_regime_scheduler.py:2193: FutureWarning: The default fill_method='pad' in DataFrame.pct_change is deprecated and will be removed in a future version. Either fill in any non-leading NA values prior to calling pct_change or specify 'fill_method=None' to not fill NA values.
  daily_returns = prices.pct_change().fillna(0)
/data/workspace/strategy_arena/cross_regime_scheduler.py:2193: FutureWarning: The default fill_method='pad' in DataFrame.pct_change is deprecated and will be removed in a future version. Either fill in any non-leading NA values prior to calling pct_change or specify 'fill_method=None' to not fill NA values.
  daily_returns = prices.pct_change().fillna(0)
/data/workspace/strategy_arena/cross_regime_scheduler.py:2193: FutureWarning: The default fill_method='pad' in DataFrame.pct_change is deprecated and will be removed in a future version. Either fill in any non-leading NA values prior to calling pct_change or specify 'fill_method=None' to not fill NA values.
  daily_returns = prices.pct_change().fillna(0)
/data/workspace/strategy_arena/cross_regime_scheduler.py:2193: FutureWarning: The default fill_method='pad' in DataFrame.pct_change is deprecated and will be removed in a future version. Either fill in any non-leading NA values prior to calling pct_change or specify 'fill_method=None' to not fill NA values.
  daily_returns = prices.pct_change().fillna(0)
/data/workspace/strategy_arena/cross_regime_scheduler.py:2193: FutureWarning: The default fill_method='pad' in DataFrame.pct_change is deprecated and will be removed in a future version. Either fill in any non-leading NA values prior to calling pct_change or specify 'fill_method=None' to not fill NA values.
  daily_returns = prices.pct_change().fillna(0)
/data/workspace/strategy_arena/cross_regime_scheduler.py:2193: FutureWarning: The default fill_method='pad' in DataFrame.pct_change is deprecated and will be removed in a future version. Either fill in any non-leading NA values prior to calling pct_change or specify 'fill_method=None' to not fill NA values.
  daily_returns = prices.pct_change().fillna(0)
/data/workspace/strategy_arena/cross_regime_scheduler.py:2193: FutureWarning: The default fill_method='pad' in DataFrame.pct_change is deprecated and will be removed in a future version. Either fill in any non-leading NA values prior to calling pct_change or specify 'fill_method=None' to not fill NA values.
  daily_returns = prices.pct_change().fillna(0)
/data/workspace/strategy_arena/cross_regime_scheduler.py:2193: FutureWarning: The default fill_method='pad' in DataFrame.pct_change is deprecated and will be removed in a future version. Either fill in any non-leading NA values prior to calling pct_change or specify 'fill_method=None' to not fill NA values.
  daily_returns = prices.pct_change().fillna(0)
/data/workspace/strategy_arena/cross_regime_scheduler.py:2193: FutureWarning: The default fill_method='pad' in DataFrame.pct_change is deprecated and will be removed in a future version. Either fill in any non-leading NA values prior to calling pct_change or specify 'fill_method=None' to not fill NA values.
  daily_returns = prices.pct_change().fillna(0)
/data/workspace/strategy_arena/cross_regime_scheduler.py:2193: FutureWarning: The default fill_method='pad' in DataFrame.pct_change is deprecated and will be removed in a future version. Either fill in any non-leading NA values prior to calling pct_change or specify 'fill_method=None' to not fill NA values.
  daily_returns = prices.pct_change().fillna(0)
/data/workspace/strategy_arena/cross_regime_scheduler.py:2193: FutureWarning: The default fill_method='pad' in DataFrame.pct_change is deprecated and will be removed in a future version. Either fill in any non-leading NA values prior to calling pct_change or specify 'fill_method=None' to not fill NA values.
  daily_returns = prices.pct_change().fillna(0)
/data/workspace/strategy_arena/cross_regime_scheduler.py:2193: FutureWarning: The default fill_method='pad' in DataFrame.pct_change is deprecated and will be removed in a future version. Either fill in any non-leading NA values prior to calling pct_change or specify 'fill_method=None' to not fill NA values.
  daily_returns = prices.pct_change().fillna(0)
/data/workspace/strategy_arena/cross_regime_scheduler.py:2193: FutureWarning: The default fill_method='pad' in DataFrame.pct_change is deprecated and will be removed in a future version. Either fill in any non-leading NA values prior to calling pct_change or specify 'fill_method=None' to not fill NA values.
  daily_returns = prices.pct_change().fillna(0)
/data/workspace/strategy_arena/cross_regime_scheduler.py:2193: FutureWarning: The default fill_method='pad' in DataFrame.pct_change is deprecated and will be removed in a future version. Either fill in any non-leading NA values prior to calling pct_change or specify 'fill_method=None' to not fill NA values.
  daily_returns = prices.pct_change().fillna(0)
/data/workspace/strategy_arena/cross_regime_scheduler.py:2193: FutureWarning: The default fill_method='pad' in DataFrame.pct_change is deprecated and will be removed in a future version. Either fill in any non-leading NA values prior to calling pct_change or specify 'fill_method=None' to not fill NA values.
  daily_returns = prices.pct_change().fillna(0)
/data/workspace/strategy_arena/cross_regime_scheduler.py:2193: FutureWarning: The default fill_method='pad' in DataFrame.pct_change is deprecated and will be removed in a future version. Either fill in any non-leading NA values prior to calling pct_change or specify 'fill_method=None' to not fill NA values.
  daily_returns = prices.pct_change().fillna(0)
/data/workspace/strategy_arena/cross_regime_scheduler.py:2193: FutureWarning: The default fill_method='pad' in DataFrame.pct_change is deprecated and will be removed in a future version. Either fill in any non-leading NA values prior to calling pct_change or specify 'fill_method=None' to not fill NA values.
  daily_returns = prices.pct_change().fillna(0)
/data/workspace/strategy_arena/cross_regime_scheduler.py:2193: FutureWarning: The default fill_method='pad' in DataFrame.pct_change is deprecated and will be removed in a future version. Either fill in any non-leading NA values prior to calling pct_change or specify 'fill_method=None' to not fill NA values.
  daily_returns = prices.pct_change().fillna(0)
/data/workspace/strategy_arena/cross_regime_scheduler.py:2193: FutureWarning: The default fill_method='pad' in DataFrame.pct_change is deprecated and will be removed in a future version. Either fill in any non-leading NA values prior to calling pct_change or specify 'fill_method=None' to not fill NA values.
  daily_returns = prices.pct_change().fillna(0)
/data/workspace/strategy_arena/cross_regime_scheduler.py:2193: FutureWarning: The default fill_method='pad' in DataFrame.pct_change is deprecated and will be removed in a future version. Either fill in any non-leading NA values prior to calling pct_change or specify 'fill_method=None' to not fill NA values.
  daily_returns = prices.pct_change().fillna(0)
/data/workspace/strategy_arena/cross_regime_scheduler.py:2193: FutureWarning: The default fill_method='pad' in DataFrame.pct_change is deprecated and will be removed in a future version. Either fill in any non-leading NA values prior to calling pct_change or specify 'fill_method=None' to not fill NA values.
  daily_returns = prices.pct_change().fillna(0)
/data/workspace/strategy_arena/cross_regime_scheduler.py:2193: FutureWarning: The default fill_method='pad' in DataFrame.pct_change is deprecated and will be removed in a future version. Either fill in any non-leading NA values prior to calling pct_change or specify 'fill_method=None' to not fill NA values.
  daily_returns = prices.pct_change().fillna(0)
/data/workspace/strategy_arena/cross_regime_scheduler.py:2193: FutureWarning: The default fill_method='pad' in DataFrame.pct_change is deprecated and will be removed in a future version. Either fill in any non-leading NA values prior to calling pct_change or specify 'fill_method=None' to not fill NA values.
  daily_returns = prices.pct_change().fillna(0)
/data/workspace/strategy_arena/cross_regime_scheduler.py:2193: FutureWarning: The default fill_method='pad' in DataFrame.pct_change is deprecated and will be removed in a future version. Either fill in any non-leading NA values prior to calling pct_change or specify 'fill_method=None' to not fill NA values.
  daily_returns = prices.pct_change().fillna(0)
/data/workspace/strategy_arena/cross_regime_scheduler.py:2193: FutureWarning: The default fill_method='pad' in DataFrame.pct_change is deprecated and will be removed in a future version. Either fill in any non-leading NA values prior to calling pct_change or specify 'fill_method=None' to not fill NA values.
  daily_returns = prices.pct_change().fillna(0)
/data/workspace/strategy_arena/cross_regime_scheduler.py:2193: FutureWarning: The default fill_method='pad' in DataFrame.pct_change is deprecated and will be removed in a future version. Either fill in any non-leading NA values prior to calling pct_change or specify 'fill_method=None' to not fill NA values.
  daily_returns = prices.pct_change().fillna(0)
/data/workspace/strategy_arena/cross_regime_scheduler.py:2193: FutureWarning: The default fill_method='pad' in DataFrame.pct_change is deprecated and will be removed in a future version. Either fill in any non-leading NA values prior to calling pct_change or specify 'fill_method=None' to not fill NA values.
  daily_returns = prices.pct_change().fillna(0)
/data/workspace/strategy_arena/cross_regime_scheduler.py:2193: FutureWarning: The default fill_method='pad' in DataFrame.pct_change is deprecated and will be removed in a future version. Either fill in any non-leading NA values prior to calling pct_change or specify 'fill_method=None' to not fill NA values.
  daily_returns = prices.pct_change().fillna(0)
/data/workspace/strategy_arena/cross_regime_scheduler.py:2193: FutureWarning: The default fill_method='pad' in DataFrame.pct_change is deprecated and will be removed in a future version. Either fill in any non-leading NA values prior to calling pct_change or specify 'fill_method=None' to not fill NA values.
  daily_returns = prices.pct_change().fillna(0)
/data/workspace/strategy_arena/cross_regime_scheduler.py:2193: FutureWarning: The default fill_method='pad' in DataFrame.pct_change is deprecated and will be removed in a future version. Either fill in any non-leading NA values prior to calling pct_change or specify 'fill_method=None' to not fill NA values.
  daily_returns = prices.pct_change().fillna(0)
/data/workspace/strategy_arena/cross_regime_scheduler.py:2193: FutureWarning: The default fill_method='pad' in DataFrame.pct_change is deprecated and will be removed in a future version. Either fill in any non-leading NA values prior to calling pct_change or specify 'fill_method=None' to not fill NA values.
  daily_returns = prices.pct_change().fillna(0)
/data/workspace/strategy_arena/cross_regime_scheduler.py:2193: FutureWarning: The default fill_method='pad' in DataFrame.pct_change is deprecated and will be removed in a future version. Either fill in any non-leading NA values prior to calling pct_change or specify 'fill_method=None' to not fill NA values.
  daily_returns = prices.pct_change().fillna(0)
/data/workspace/strategy_arena/cross_regime_scheduler.py:2193: FutureWarning: The default fill_method='pad' in DataFrame.pct_change is deprecated and will be removed in a future version. Either fill in any non-leading NA values prior to calling pct_change or specify 'fill_method=None' to not fill NA values.
  daily_returns = prices.pct_change().fillna(0)
/data/workspace/strategy_arena/cross_regime_scheduler.py:2193: FutureWarning: The default fill_method='pad' in DataFrame.pct_change is deprecated and will be removed in a future version. Either fill in any non-leading NA values prior to calling pct_change or specify 'fill_method=None' to not fill NA values.
  daily_returns = prices.pct_change().fillna(0)
/data/workspace/strategy_arena/cross_regime_scheduler.py:2193: FutureWarning: The default fill_method='pad' in DataFrame.pct_change is deprecated and will be removed in a future version. Either fill in any non-leading NA values prior to calling pct_change or specify 'fill_method=None' to not fill NA values.
  daily_returns = prices.pct_change().fillna(0)
/data/workspace/strategy_arena/cross_regime_scheduler.py:2193: FutureWarning: The default fill_method='pad' in DataFrame.pct_change is deprecated and will be removed in a future version. Either fill in any non-leading NA values prior to calling pct_change or specify 'fill_method=None' to not fill NA values.
  daily_returns = prices.pct_change().fillna(0)
/data/workspace/strategy_arena/cross_regime_scheduler.py:2193: FutureWarning: The default fill_method='pad' in DataFrame.pct_change is deprecated and will be removed in a future version. Either fill in any non-leading NA values prior to calling pct_change or specify 'fill_method=None' to not fill NA values.
  daily_returns = prices.pct_change().fillna(0)
/data/workspace/strategy_arena/cross_regime_scheduler.py:2193: FutureWarning: The default fill_method='pad' in DataFrame.pct_change is deprecated and will be removed in a future version. Either fill in any non-leading NA values prior to calling pct_change or specify 'fill_method=None' to not fill NA values.
  daily_returns = prices.pct_change().fillna(0)
/data/workspace/strategy_arena/cross_regime_scheduler.py:2193: FutureWarning: The default fill_method='pad' in DataFrame.pct_change is deprecated and will be removed in a future version. Either fill in any non-leading NA values prior to calling pct_change or specify 'fill_method=None' to not fill NA values.
  daily_returns = prices.pct_change().fillna(0)
/data/workspace/strategy_arena/cross_regime_scheduler.py:2193: FutureWarning: The default fill_method='pad' in DataFrame.pct_change is deprecated and will be removed in a future version. Either fill in any non-leading NA values prior to calling pct_change or specify 'fill_method=None' to not fill NA values.
  daily_returns = prices.pct_change().fillna(0)
/data/workspace/strategy_arena/cross_regime_scheduler.py:2193: FutureWarning: The default fill_method='pad' in DataFrame.pct_change is deprecated and will be removed in a future version. Either fill in any non-leading NA values prior to calling pct_change or specify 'fill_method=None' to not fill NA values.
  daily_returns = prices.pct_change().fillna(0)
/data/workspace/strategy_arena/cross_regime_scheduler.py:2193: FutureWarning: The default fill_method='pad' in DataFrame.pct_change is deprecated and will be removed in a future version. Either fill in any non-leading NA values prior to calling pct_change or specify 'fill_method=None' to not fill NA values.
  daily_returns = prices.pct_change().fillna(0)
/data/workspace/strategy_arena/cross_regime_scheduler.py:2193: FutureWarning: The default fill_method='pad' in DataFrame.pct_change is deprecated and will be removed in a future version. Either fill in any non-leading NA values prior to calling pct_change or specify 'fill_method=None' to not fill NA values.
  daily_returns = prices.pct_change().fillna(0)
/data/workspace/strategy_arena/cross_regime_scheduler.py:2193: FutureWarning: The default fill_method='pad' in DataFrame.pct_change is deprecated and will be removed in a future version. Either fill in any non-leading NA values prior to calling pct_change or specify 'fill_method=None' to not fill NA values.
  daily_returns = prices.pct_change().fillna(0)
/data/workspace/strategy_arena/cross_regime_scheduler.py:2193: FutureWarning: The default fill_method='pad' in DataFrame.pct_change is deprecated and will be removed in a future version. Either fill in any non-leading NA values prior to calling pct_change or specify 'fill_method=None' to not fill NA values.
  daily_returns = prices.pct_change().fillna(0)
    🌐 多标的回测: 107只 | 盈利占比81.3% | 中位年化+5.87% | 美股+6.77% | 港股+24.48%

  📋 [4/115] [趋势跟踪] GEM5资产_6M+3d缓冲

    🌐 [US市场回测]

    🌐 [HK市场回测]

    🌐 [CN市场回测]
      ❌ [美股] 最大回撤>30% | 年化+10.10% | 回撤43.07%
      ❌ [港股] 最大回撤>30% | 年化+43.99% | 回撤38.96%
      ❌ [A股] 最大回撤>30% | 年化-0.88% | 回撤41.84%
    📊 多标的回测汇总: 107只标的 | 盈利占比81.3% | 平均年化+7.99% | 中位数年化+6.07%
       美股99只(盈利79) 年化+7.05%
       港股7只(盈利7) 年化+20.99%
    🌐 多标的回测: 107只 | 盈利占比81.3% | 中位年化+6.07% | 美股+7.05% | 港股+20.99%

  📋 [5/115] [趋势跟踪] GEM5资产_6M+5d缓冲

    🌐 [US市场回测]

    🌐 [HK市场回测]

    🌐 [CN市场回测]
      ❌ [美股] 最大回撤>30% | 年化+12.43% | 回撤32.47%
      ❌ [港股] 最大回撤>30% | 年化+44.27% | 回撤41.34%
      ❌ [A股] 最大回撤>30% | 年化-1.33% | 回撤42.47%
    📊 多标的回测汇总: 107只标的 | 盈利占比84.1% | 平均年化+8.30% | 中位数年化+6.42%
       美股99只(盈利82) 年化+7.42%
       港股7只(盈利7) 年化+20.12%
    🌐 多标的回测: 107只 | 盈利占比84.1% | 中位年化+6.42% | 美股+7.42% | 港股+20.12%

  📋 [6/115] [趋势跟踪] GEM5资产_9M

    🌐 [US市场回测]

    🌐 [HK市场回测]

    🌐 [CN市场回测]
      ❌ [美股] 最大回撤>30% | 年化+11.41% | 回撤32.70%
      ❌ [港股] 最大回撤>30% | 年化+32.43% | 回撤52.50%
      ❌ [A股] 最大回撤>30% | 年化+9.13% | 回撤32.36%
    📊 多标的回测汇总: 107只标的 | 盈利占比85.0% | 平均年化+7.70% | 中位数年化+5.52%
       美股99只(盈利83) 年化+6.85%
       港股7只(盈利7) 年化+19.10%
    🌐 多标的回测: 107只 | 盈利占比85.0% | 中位年化+5.52% | 美股+6.85% | 港股+19.10%

  📋 [7/115] [趋势跟踪] GEM5资产_9M+3d缓冲

    🌐 [US市场回测]

    🌐 [HK市场回测]

    🌐 [CN市场回测]
      ❌ [美股] 最大回撤>30% | 年化+10.72% | 回撤36.82%
      ❌ [港股] 最大回撤>30% | 年化+30.32% | 回撤56.13%
      ❌ [A股] 最大回撤>30% | 年化+8.33% | 回撤31.97%
    📊 多标的回测汇总: 107只标的 | 盈利占比85.0% | 平均年化+8.00% | 中位数年化+6.15%
       美股99只(盈利83) 年化+7.35%
       港股7只(盈利7) 年化+16.77%
    🌐 多标的回测: 107只 | 盈利占比85.0% | 中位年化+6.15% | 美股+7.35% | 港股+16.77%

  📋 [8/115] [趋势跟踪] GEM5资产_12M

    🌐 [US市场回测]

    🌐 [HK市场回测]

    🌐 [CN市场回测]
      ❌ [美股] 最大回撤>30% | 年化+5.38% | 回撤44.29%
      ❌ [港股] 最大回撤>30% | 年化+30.14% | 回撤62.45%
      ❌ [A股] 最大回撤>30% | 年化+7.66% | 回撤37.90%
    📊 多标的回测汇总: 107只标的 | 盈利占比86.9% | 平均年化+7.05% | 中位数年化+4.84%
       美股99只(盈利85) 年化+6.37%
       港股7只(盈利7) 年化+16.94%
    🌐 多标的回测: 107只 | 盈利占比86.9% | 中位年化+4.84% | 美股+6.37% | 港股+16.94%

  📋 [9/115] [趋势跟踪] GEM5资产_12M+3d缓冲

    🌐 [US市场回测]

    🌐 [HK市场回测]

    🌐 [CN市场回测]
      ❌ [美股] 最大回撤>30% | 年化+7.09% | 回撤39.39%
      ❌ [港股] 最大回撤>30% | 年化+28.14% | 回撤67.70%
      ❌ [A股] 最大回撤>30% | 年化+7.99% | 回撤36.79%
    📊 多标的回测汇总: 107只标的 | 盈利占比87.9% | 平均年化+7.31% | 中位数年化+5.43%
       美股99只(盈利86) 年化+6.78%
       港股7只(盈利7) 年化+14.82%
    🌐 多标的回测: 107只 | 盈利占比87.9% | 中位年化+5.43% | 美股+6.78% | 港股+14.82%

  📋 [10/115] [趋势跟踪] GEM6资产_6M

    🌐 [US市场回测]

    🌐 [HK市场回测]

    🌐 [CN市场回测]
      ❌ [美股] 最大回撤>30% | 年化+13.09% | 回撤40.13%
      ❌ [港股] 最大回撤>30% | 年化+33.81% | 回撤55.88%
      ❌ [A股] 最大回撤>30% | 年化-0.94% | 回撤42.09%
    📊 多标的回测汇总: 107只标的 | 盈利占比81.3% | 平均年化+7.99% | 中位数年化+5.87%
       美股99只(盈利79) 年化+6.77%
       港股7只(盈利7) 年化+24.48%
    🌐 多标的回测: 107只 | 盈利占比81.3% | 中位年化+5.87% | 美股+6.77% | 港股+24.48%

  📋 [11/115] [趋势跟踪] GEM6资产_6M+3d缓冲

    🌐 [US市场回测]

    🌐 [HK市场回测]

    🌐 [CN市场回测]
      ❌ [美股] 最大回撤>30% | 年化+11.87% | 回撤43.05%
      ❌ [港股] 最大回撤>30% | 年化+33.48% | 回撤49.63%
      ❌ [A股] 最大回撤>30% | 年化-1.05% | 回撤41.04%
    📊 多标的回测汇总: 107只标的 | 盈利占比81.3% | 平均年化+8.01% | 中位数年化+6.07%
       美股99只(盈利79) 年化+7.05%
       港股7只(盈利7) 年化+20.99%
    🌐 多标的回测: 107只 | 盈利占比81.3% | 中位年化+6.07% | 美股+7.05% | 港股+20.99%

  📋 [12/115] [趋势跟踪] GEM6资产_6M+5d缓冲

    🌐 [US市场回测]

    🌐 [HK市场回测]

    🌐 [CN市场回测]
      ❌ [美股] 最大回撤>30% | 年化+13.87% | 回撤32.15%
      ❌ [港股] 最大回撤>30% | 年化+34.99% | 回撤49.44%
      ❌ [A股] 最大回撤>30% | 年化-1.31% | 回撤41.42%
    📊 多标的回测汇总: 107只标的 | 盈利占比84.1% | 平均年化+8.31% | 中位数年化+6.42%
       美股99只(盈利82) 年化+7.42%
       港股7只(盈利7) 年化+20.12%
    🌐 多标的回测: 107只 | 盈利占比84.1% | 中位年化+6.42% | 美股+7.42% | 港股+20.12%

  📋 [13/115] [趋势跟踪] GEM6资产_9M

    🌐 [US市场回测]

    🌐 [HK市场回测]

    🌐 [CN市场回测]
      ❌ [美股] 最大回撤>30% | 年化+11.83% | 回撤32.70%
      ❌ [港股] 最大回撤>30% | 年化+33.63% | 回撤54.54%
      ❌ [A股] 最大回撤>30% | 年化+8.87% | 回撤32.69%
    📊 多标的回测汇总: 107只标的 | 盈利占比85.0% | 平均年化+7.70% | 中位数年化+5.52%
       美股99只(盈利83) 年化+6.85%
       港股7只(盈利7) 年化+19.10%
    🌐 多标的回测: 107只 | 盈利占比85.0% | 中位年化+5.52% | 美股+6.85% | 港股+19.10%

  📋 [14/115] [趋势跟踪] GEM6资产_9M+3d缓冲

    🌐 [US市场回测]

    🌐 [HK市场回测]

    🌐 [CN市场回测]
      ❌ [美股] 最大回撤>30% | 年化+11.08% | 回撤36.82%
      ❌ [港股] 最大回撤>30% | 年化+32.59% | 回撤57.88%
      ❌ [A股] 最大回撤>30% | 年化+8.01% | 回撤32.43%
    📊 多标的回测汇总: 107只标的 | 盈利占比85.0% | 平均年化+8.00% | 中位数年化+6.15%
       美股99只(盈利83) 年化+7.35%
       港股7只(盈利7) 年化+16.77%
    🌐 多标的回测: 107只 | 盈利占比85.0% | 中位年化+6.15% | 美股+7.35% | 港股+16.77%

  📋 [15/115] [趋势跟踪] GEM6资产_12M

    🌐 [US市场回测]

    🌐 [HK市场回测]

    🌐 [CN市场回测]
      ❌ [美股] 最大回撤>30% | 年化+5.54% | 回撤44.29%
      ❌ [港股] 最大回撤>30% | 年化+27.30% | 回撤58.84%
      ❌ [A股] 最大回撤>30% | 年化+7.32% | 回撤37.82%
    📊 多标的回测汇总: 107只标的 | 盈利占比86.9% | 平均年化+7.05% | 中位数年化+4.84%
       美股99只(盈利85) 年化+6.37%
       港股7只(盈利7) 年化+16.94%
    🌐 多标的回测: 107只 | 盈利占比86.9% | 中位年化+4.84% | 美股+6.37% | 港股+16.94%

  📋 [16/115] [趋势跟踪] GEM6资产_12M+3d缓冲

    🌐 [US市场回测]

    🌐 [HK市场回测]

    🌐 [CN市场回测]
      ❌ [美股] 最大回撤>30% | 年化+7.34% | 回撤39.39%
      ❌ [港股] 最大回撤>30% | 年化+26.46% | 回撤60.41%
      ❌ [A股] 最大回撤>30% | 年化+7.65% | 回撤36.77%
    📊 多标的回测汇总: 107只标的 | 盈利占比87.9% | 平均年化+7.31% | 中位数年化+5.43%
       美股99只(盈利86) 年化+6.78%
       港股7只(盈利7) 年化+14.82%
/data/workspace/strategy_arena/cross_regime_scheduler.py:2193: FutureWarning: The default fill_method='pad' in DataFrame.pct_change is deprecated and will be removed in a future version. Either fill in any non-leading NA values prior to calling pct_change or specify 'fill_method=None' to not fill NA values.
  daily_returns = prices.pct_change().fillna(0)
/data/workspace/strategy_arena/cross_regime_scheduler.py:2193: FutureWarning: The default fill_method='pad' in DataFrame.pct_change is deprecated and will be removed in a future version. Either fill in any non-leading NA values prior to calling pct_change or specify 'fill_method=None' to not fill NA values.
  daily_returns = prices.pct_change().fillna(0)
/data/workspace/strategy_arena/cross_regime_scheduler.py:2193: FutureWarning: The default fill_method='pad' in DataFrame.pct_change is deprecated and will be removed in a future version. Either fill in any non-leading NA values prior to calling pct_change or specify 'fill_method=None' to not fill NA values.
  daily_returns = prices.pct_change().fillna(0)
/data/workspace/strategy_arena/cross_regime_scheduler.py:2193: FutureWarning: The default fill_method='pad' in DataFrame.pct_change is deprecated and will be removed in a future version. Either fill in any non-leading NA values prior to calling pct_change or specify 'fill_method=None' to not fill NA values.
  daily_returns = prices.pct_change().fillna(0)
/data/workspace/strategy_arena/cross_regime_scheduler.py:2193: FutureWarning: The default fill_method='pad' in DataFrame.pct_change is deprecated and will be removed in a future version. Either fill in any non-leading NA values prior to calling pct_change or specify 'fill_method=None' to not fill NA values.
  daily_returns = prices.pct_change().fillna(0)
/data/workspace/strategy_arena/cross_regime_scheduler.py:2193: FutureWarning: The default fill_method='pad' in DataFrame.pct_change is deprecated and will be removed in a future version. Either fill in any non-leading NA values prior to calling pct_change or specify 'fill_method=None' to not fill NA values.
  daily_returns = prices.pct_change().fillna(0)
/data/workspace/strategy_arena/cross_regime_scheduler.py:2193: FutureWarning: The default fill_method='pad' in DataFrame.pct_change is deprecated and will be removed in a future version. Either fill in any non-leading NA values prior to calling pct_change or specify 'fill_method=None' to not fill NA values.
  daily_returns = prices.pct_change().fillna(0)
/data/workspace/strategy_arena/cross_regime_scheduler.py:2193: FutureWarning: The default fill_method='pad' in DataFrame.pct_change is deprecated and will be removed in a future version. Either fill in any non-leading NA values prior to calling pct_change or specify 'fill_method=None' to not fill NA values.
  daily_returns = prices.pct_change().fillna(0)
/data/workspace/strategy_arena/cross_regime_scheduler.py:2193: FutureWarning: The default fill_method='pad' in DataFrame.pct_change is deprecated and will be removed in a future version. Either fill in any non-leading NA values prior to calling pct_change or specify 'fill_method=None' to not fill NA values.
  daily_returns = prices.pct_change().fillna(0)
/data/workspace/strategy_arena/cross_regime_scheduler.py:2193: FutureWarning: The default fill_method='pad' in DataFrame.pct_change is deprecated and will be removed in a future version. Either fill in any non-leading NA values prior to calling pct_change or specify 'fill_method=None' to not fill NA values.
  daily_returns = prices.pct_change().fillna(0)
/data/workspace/strategy_arena/cross_regime_scheduler.py:2193: FutureWarning: The default fill_method='pad' in DataFrame.pct_change is deprecated and will be removed in a future version. Either fill in any non-leading NA values prior to calling pct_change or specify 'fill_method=None' to not fill NA values.
  daily_returns = prices.pct_change().fillna(0)
/data/workspace/strategy_arena/cross_regime_scheduler.py:2193: FutureWarning: The default fill_method='pad' in DataFrame.pct_change is deprecated and will be removed in a future version. Either fill in any non-leading NA values prior to calling pct_change or specify 'fill_method=None' to not fill NA values.
  daily_returns = prices.pct_change().fillna(0)
/data/workspace/strategy_arena/cross_regime_scheduler.py:2193: FutureWarning: The default fill_method='pad' in DataFrame.pct_change is deprecated and will be removed in a future version. Either fill in any non-leading NA values prior to calling pct_change or specify 'fill_method=None' to not fill NA values.
  daily_returns = prices.pct_change().fillna(0)
/data/workspace/strategy_arena/cross_regime_scheduler.py:2193: FutureWarning: The default fill_method='pad' in DataFrame.pct_change is deprecated and will be removed in a future version. Either fill in any non-leading NA values prior to calling pct_change or specify 'fill_method=None' to not fill NA values.
  daily_returns = prices.pct_change().fillna(0)
/data/workspace/strategy_arena/cross_regime_scheduler.py:2193: FutureWarning: The default fill_method='pad' in DataFrame.pct_change is deprecated and will be removed in a future version. Either fill in any non-leading NA values prior to calling pct_change or specify 'fill_method=None' to not fill NA values.
  daily_returns = prices.pct_change().fillna(0)
/data/workspace/strategy_arena/cross_regime_scheduler.py:2193: FutureWarning: The default fill_method='pad' in DataFrame.pct_change is deprecated and will be removed in a future version. Either fill in any non-leading NA values prior to calling pct_change or specify 'fill_method=None' to not fill NA values.
  daily_returns = prices.pct_change().fillna(0)
/data/workspace/strategy_arena/cross_regime_scheduler.py:2193: FutureWarning: The default fill_method='pad' in DataFrame.pct_change is deprecated and will be removed in a future version. Either fill in any non-leading NA values prior to calling pct_change or specify 'fill_method=None' to not fill NA values.
  daily_returns = prices.pct_change().fillna(0)
/data/workspace/strategy_arena/cross_regime_scheduler.py:2193: FutureWarning: The default fill_method='pad' in DataFrame.pct_change is deprecated and will be removed in a future version. Either fill in any non-leading NA values prior to calling pct_change or specify 'fill_method=None' to not fill NA values.
  daily_returns = prices.pct_change().fillna(0)
/data/workspace/strategy_arena/cross_regime_scheduler.py:2193: FutureWarning: The default fill_method='pad' in DataFrame.pct_change is deprecated and will be removed in a future version. Either fill in any non-leading NA values prior to calling pct_change or specify 'fill_method=None' to not fill NA values.
  daily_returns = prices.pct_change().fillna(0)
/data/workspace/strategy_arena/cross_regime_scheduler.py:2193: FutureWarning: The default fill_method='pad' in DataFrame.pct_change is deprecated and will be removed in a future version. Either fill in any non-leading NA values prior to calling pct_change or specify 'fill_method=None' to not fill NA values.
  daily_returns = prices.pct_change().fillna(0)
/data/workspace/strategy_arena/cross_regime_scheduler.py:2193: FutureWarning: The default fill_method='pad' in DataFrame.pct_change is deprecated and will be removed in a future version. Either fill in any non-leading NA values prior to calling pct_change or specify 'fill_method=None' to not fill NA values.
  daily_returns = prices.pct_change().fillna(0)
/data/workspace/strategy_arena/cross_regime_scheduler.py:2193: FutureWarning: The default fill_method='pad' in DataFrame.pct_change is deprecated and will be removed in a future version. Either fill in any non-leading NA values prior to calling pct_change or specify 'fill_method=None' to not fill NA values.
  daily_returns = prices.pct_change().fillna(0)
/data/workspace/strategy_arena/cross_regime_scheduler.py:2193: FutureWarning: The default fill_method='pad' in DataFrame.pct_change is deprecated and will be removed in a future version. Either fill in any non-leading NA values prior to calling pct_change or specify 'fill_method=None' to not fill NA values.
  daily_returns = prices.pct_change().fillna(0)
/data/workspace/strategy_arena/cross_regime_scheduler.py:2193: FutureWarning: The default fill_method='pad' in DataFrame.pct_change is deprecated and will be removed in a future version. Either fill in any non-leading NA values prior to calling pct_change or specify 'fill_method=None' to not fill NA values.
  daily_returns = prices.pct_change().fillna(0)
/data/workspace/strategy_arena/cross_regime_scheduler.py:2193: FutureWarning: The default fill_method='pad' in DataFrame.pct_change is deprecated and will be removed in a future version. Either fill in any non-leading NA values prior to calling pct_change or specify 'fill_method=None' to not fill NA values.
  daily_returns = prices.pct_change().fillna(0)
/data/workspace/strategy_arena/cross_regime_scheduler.py:2193: FutureWarning: The default fill_method='pad' in DataFrame.pct_change is deprecated and will be removed in a future version. Either fill in any non-leading NA values prior to calling pct_change or specify 'fill_method=None' to not fill NA values.
  daily_returns = prices.pct_change().fillna(0)
/data/workspace/strategy_arena/cross_regime_scheduler.py:2193: FutureWarning: The default fill_method='pad' in DataFrame.pct_change is deprecated and will be removed in a future version. Either fill in any non-leading NA values prior to calling pct_change or specify 'fill_method=None' to not fill NA values.
  daily_returns = prices.pct_change().fillna(0)
/data/workspace/strategy_arena/cross_regime_scheduler.py:2193: FutureWarning: The default fill_method='pad' in DataFrame.pct_change is deprecated and will be removed in a future version. Either fill in any non-leading NA values prior to calling pct_change or specify 'fill_method=None' to not fill NA values.
  daily_returns = prices.pct_change().fillna(0)
/data/workspace/strategy_arena/cross_regime_scheduler.py:2193: FutureWarning: The default fill_method='pad' in DataFrame.pct_change is deprecated and will be removed in a future version. Either fill in any non-leading NA values prior to calling pct_change or specify 'fill_method=None' to not fill NA values.
  daily_returns = prices.pct_change().fillna(0)
/data/workspace/strategy_arena/cross_regime_scheduler.py:2193: FutureWarning: The default fill_method='pad' in DataFrame.pct_change is deprecated and will be removed in a future version. Either fill in any non-leading NA values prior to calling pct_change or specify 'fill_method=None' to not fill NA values.
  daily_returns = prices.pct_change().fillna(0)
/data/workspace/strategy_arena/cross_regime_scheduler.py:2193: FutureWarning: The default fill_method='pad' in DataFrame.pct_change is deprecated and will be removed in a future version. Either fill in any non-leading NA values prior to calling pct_change or specify 'fill_method=None' to not fill NA values.
  daily_returns = prices.pct_change().fillna(0)
/data/workspace/strategy_arena/cross_regime_scheduler.py:2193: FutureWarning: The default fill_method='pad' in DataFrame.pct_change is deprecated and will be removed in a future version. Either fill in any non-leading NA values prior to calling pct_change or specify 'fill_method=None' to not fill NA values.
  daily_returns = prices.pct_change().fillna(0)
/data/workspace/strategy_arena/cross_regime_scheduler.py:2193: FutureWarning: The default fill_method='pad' in DataFrame.pct_change is deprecated and will be removed in a future version. Either fill in any non-leading NA values prior to calling pct_change or specify 'fill_method=None' to not fill NA values.
  daily_returns = prices.pct_change().fillna(0)
/data/workspace/strategy_arena/cross_regime_scheduler.py:2193: FutureWarning: The default fill_method='pad' in DataFrame.pct_change is deprecated and will be removed in a future version. Either fill in any non-leading NA values prior to calling pct_change or specify 'fill_method=None' to not fill NA values.
  daily_returns = prices.pct_change().fillna(0)
/data/workspace/strategy_arena/cross_regime_scheduler.py:2193: FutureWarning: The default fill_method='pad' in DataFrame.pct_change is deprecated and will be removed in a future version. Either fill in any non-leading NA values prior to calling pct_change or specify 'fill_method=None' to not fill NA values.
  daily_returns = prices.pct_change().fillna(0)
/data/workspace/strategy_arena/cross_regime_scheduler.py:2193: FutureWarning: The default fill_method='pad' in DataFrame.pct_change is deprecated and will be removed in a future version. Either fill in any non-leading NA values prior to calling pct_change or specify 'fill_method=None' to not fill NA values.
  daily_returns = prices.pct_change().fillna(0)
/data/workspace/strategy_arena/cross_regime_scheduler.py:2193: FutureWarning: The default fill_method='pad' in DataFrame.pct_change is deprecated and will be removed in a future version. Either fill in any non-leading NA values prior to calling pct_change or specify 'fill_method=None' to not fill NA values.
  daily_returns = prices.pct_change().fillna(0)
/data/workspace/strategy_arena/cross_regime_scheduler.py:2193: FutureWarning: The default fill_method='pad' in DataFrame.pct_change is deprecated and will be removed in a future version. Either fill in any non-leading NA values prior to calling pct_change or specify 'fill_method=None' to not fill NA values.
  daily_returns = prices.pct_change().fillna(0)
/data/workspace/strategy_arena/cross_regime_scheduler.py:2193: FutureWarning: The default fill_method='pad' in DataFrame.pct_change is deprecated and will be removed in a future version. Either fill in any non-leading NA values prior to calling pct_change or specify 'fill_method=None' to not fill NA values.
  daily_returns = prices.pct_change().fillna(0)
/data/workspace/strategy_arena/cross_regime_scheduler.py:2193: FutureWarning: The default fill_method='pad' in DataFrame.pct_change is deprecated and will be removed in a future version. Either fill in any non-leading NA values prior to calling pct_change or specify 'fill_method=None' to not fill NA values.
  daily_returns = prices.pct_change().fillna(0)
/data/workspace/strategy_arena/cross_regime_scheduler.py:2193: FutureWarning: The default fill_method='pad' in DataFrame.pct_change is deprecated and will be removed in a future version. Either fill in any non-leading NA values prior to calling pct_change or specify 'fill_method=None' to not fill NA values.
  daily_returns = prices.pct_change().fillna(0)
/data/workspace/strategy_arena/cross_regime_scheduler.py:2193: FutureWarning: The default fill_method='pad' in DataFrame.pct_change is deprecated and will be removed in a future version. Either fill in any non-leading NA values prior to calling pct_change or specify 'fill_method=None' to not fill NA values.
  daily_returns = prices.pct_change().fillna(0)
/data/workspace/strategy_arena/cross_regime_scheduler.py:2193: FutureWarning: The default fill_method='pad' in DataFrame.pct_change is deprecated and will be removed in a future version. Either fill in any non-leading NA values prior to calling pct_change or specify 'fill_method=None' to not fill NA values.
  daily_returns = prices.pct_change().fillna(0)
/data/workspace/strategy_arena/cross_regime_scheduler.py:2193: FutureWarning: The default fill_method='pad' in DataFrame.pct_change is deprecated and will be removed in a future version. Either fill in any non-leading NA values prior to calling pct_change or specify 'fill_method=None' to not fill NA values.
  daily_returns = prices.pct_change().fillna(0)
/data/workspace/strategy_arena/cross_regime_scheduler.py:2193: FutureWarning: The default fill_method='pad' in DataFrame.pct_change is deprecated and will be removed in a future version. Either fill in any non-leading NA values prior to calling pct_change or specify 'fill_method=None' to not fill NA values.
  daily_returns = prices.pct_change().fillna(0)
/data/workspace/strategy_arena/cross_regime_scheduler.py:2193: FutureWarning: The default fill_method='pad' in DataFrame.pct_change is deprecated and will be removed in a future version. Either fill in any non-leading NA values prior to calling pct_change or specify 'fill_method=None' to not fill NA values.
  daily_returns = prices.pct_change().fillna(0)
/data/workspace/strategy_arena/cross_regime_scheduler.py:2193: FutureWarning: The default fill_method='pad' in DataFrame.pct_change is deprecated and will be removed in a future version. Either fill in any non-leading NA values prior to calling pct_change or specify 'fill_method=None' to not fill NA values.
  daily_returns = prices.pct_change().fillna(0)
/data/workspace/strategy_arena/cross_regime_scheduler.py:2193: FutureWarning: The default fill_method='pad' in DataFrame.pct_change is deprecated and will be removed in a future version. Either fill in any non-leading NA values prior to calling pct_change or specify 'fill_method=None' to not fill NA values.
  daily_returns = prices.pct_change().fillna(0)
/data/workspace/strategy_arena/cross_regime_scheduler.py:2193: FutureWarning: The default fill_method='pad' in DataFrame.pct_change is deprecated and will be removed in a future version. Either fill in any non-leading NA values prior to calling pct_change or specify 'fill_method=None' to not fill NA values.
  daily_returns = prices.pct_change().fillna(0)
/data/workspace/strategy_arena/cross_regime_scheduler.py:2193: FutureWarning: The default fill_method='pad' in DataFrame.pct_change is deprecated and will be removed in a future version. Either fill in any non-leading NA values prior to calling pct_change or specify 'fill_method=None' to not fill NA values.
  daily_returns = prices.pct_change().fillna(0)
/data/workspace/strategy_arena/cross_regime_scheduler.py:2193: FutureWarning: The default fill_method='pad' in DataFrame.pct_change is deprecated and will be removed in a future version. Either fill in any non-leading NA values prior to calling pct_change or specify 'fill_method=None' to not fill NA values.
  daily_returns = prices.pct_change().fillna(0)
/data/workspace/strategy_arena/cross_regime_scheduler.py:2193: FutureWarning: The default fill_method='pad' in DataFrame.pct_change is deprecated and will be removed in a future version. Either fill in any non-leading NA values prior to calling pct_change or specify 'fill_method=None' to not fill NA values.
  daily_returns = prices.pct_change().fillna(0)
    🌐 多标的回测: 107只 | 盈利占比87.9% | 中位年化+5.43% | 美股+6.78% | 港股+14.82%

  📋 [17/115] [趋势跟踪] 双重动量_6M_阈值0%

    🌐 [US市场回测]

    🌐 [HK市场回测]

    🌐 [CN市场回测]
      ✅ [美股] 得分38.8分 | 年化+8.69% | 回撤26.56% | 夏普0.36 ✅ ⚠️
      ❌ [港股] 最大回撤>30% | 年化+31.67% | 回撤43.45%
      ❌ [A股] 最大回撤>30% | 年化+4.89% | 回撤38.58%
    📊 多标的回测汇总: 107只标的 | 盈利占比81.3% | 平均年化+7.95% | 中位数年化+5.87%
       美股99只(盈利79) 年化+6.77%
       港股7只(盈利7) 年化+24.48%
    🌐 多标的回测: 107只 | 盈利占比81.3% | 中位年化+5.87% | 美股+6.77% | 港股+24.48%

  📋 [18/115] [趋势跟踪] 双重动量_6M_阈值0%+3d缓冲

    🌐 [US市场回测]

    🌐 [HK市场回测]

    🌐 [CN市场回测]
      ✅ [美股] 得分39.17分 | 年化+8.80% | 回撤26.39% | 夏普0.37 ✅ ⚠️
      ❌ [港股] 最大回撤>30% | 年化+29.33% | 回撤47.80%
      ❌ [A股] 最大回撤>30% | 年化+4.73% | 回撤38.70%
    📊 多标的回测汇总: 107只标的 | 盈利占比81.3% | 平均年化+7.98% | 中位数年化+6.07%
       美股99只(盈利79) 年化+7.05%
       港股7只(盈利7) 年化+20.99%
    🌐 多标的回测: 107只 | 盈利占比81.3% | 中位年化+6.07% | 美股+7.05% | 港股+20.99%

  📋 [19/115] [趋势跟踪] 双重动量_6M_阈值2%

    🌐 [US市场回测]

    🌐 [HK市场回测]

    🌐 [CN市场回测]
      ✅ [美股] 得分35.99分 | 年化+7.39% | 回撤28.48% | 夏普0.28 ✅ ⚠️
      ❌ [港股] 最大回撤>30% | 年化+32.34% | 回撤39.61%
      ❌ [A股] 最大回撤>30% | 年化+6.13% | 回撤31.87%
    📊 多标的回测汇总: 107只标的 | 盈利占比85.0% | 平均年化+7.30% | 中位数年化+4.67%
       美股99只(盈利83) 年化+6.02%
       港股7只(盈利7) 年化+25.38%
    🌐 多标的回测: 107只 | 盈利占比85.0% | 中位年化+4.67% | 美股+6.02% | 港股+25.38%

  📋 [20/115] [趋势跟踪] 双重动量_6M_阈值2%+3d缓冲

    🌐 [US市场回测]

    🌐 [HK市场回测]

    🌐 [CN市场回测]
      ✅ [美股] 得分36.71分 | 年化+7.74% | 回撤25.12% | 夏普0.30 ✅ ⚠️
      ❌ [港股] 最大回撤>30% | 年化+28.33% | 回撤44.09%
      ❌ [A股] 最大回撤>30% | 年化+4.70% | 回撤33.25%
    📊 多标的回测汇总: 107只标的 | 盈利占比81.3% | 平均年化+7.32% | 中位数年化+5.30%
       美股99只(盈利79) 年化+6.38%
       港股7只(盈利7) 年化+20.63%
    🌐 多标的回测: 107只 | 盈利占比81.3% | 中位年化+5.30% | 美股+6.38% | 港股+20.63%

  📋 [21/115] [趋势跟踪] 双重动量_6M_阈值5%

    🌐 [US市场回测]

    🌐 [HK市场回测]

    🌐 [CN市场回测]
      ❌ [美股] 最大回撤>30% | 年化+4.52% | 回撤42.83%
      ❌ [港股] 最大回撤>30% | 年化+28.73% | 回撤47.78%
      ❌ [A股] 最大回撤>30% | 年化+2.64% | 回撤33.51%
    📊 多标的回测汇总: 107只标的 | 盈利占比70.1% | 平均年化+6.33% | 中位数年化+3.50%
       美股99只(盈利67) 年化+5.07%
       港股7只(盈利7) 年化+24.34%
    🌐 多标的回测: 107只 | 盈利占比70.1% | 中位年化+3.50% | 美股+5.07% | 港股+24.34%

  📋 [22/115] [趋势跟踪] 双重动量_6M_阈值5%+3d缓冲

    🌐 [US市场回测]

    🌐 [HK市场回测]

    🌐 [CN市场回测]
      ❌ [美股] 最大回撤>30% | 年化+4.42% | 回撤42.65%
      ❌ [港股] 最大回撤>30% | 年化+26.42% | 回撤47.70%
      ❌ [A股] 最大回撤>30% | 年化+2.72% | 回撤33.37%
    📊 多标的回测汇总: 107只标的 | 盈利占比70.1% | 平均年化+6.15% | 中位数年化+3.73%
       美股99只(盈利67) 年化+5.19%
       港股7只(盈利7) 年化+19.96%
    🌐 多标的回测: 107只 | 盈利占比70.1% | 中位年化+3.73% | 美股+5.19% | 港股+19.96%

  📋 [23/115] [趋势跟踪] 双重动量_9M_阈值0%

    🌐 [US市场回测]

    🌐 [HK市场回测]

    🌐 [CN市场回测]
      ✅ [美股] 得分37.95分 | 年化+8.32% | 回撤29.26% | 夏普0.33 ✅ ⚠️
      ❌ [港股] 最大回撤>30% | 年化+20.79% | 回撤49.73%
      ❌ [A股] 最大回撤>30% | 年化+6.54% | 回撤32.07%
    📊 多标的回测汇总: 107只标的 | 盈利占比85.0% | 平均年化+7.67% | 中位数年化+5.52%
       美股99只(盈利83) 年化+6.85%
       港股7只(盈利7) 年化+19.10%
    🌐 多标的回测: 107只 | 盈利占比85.0% | 中位年化+5.52% | 美股+6.85% | 港股+19.10%

  📋 [24/115] [趋势跟踪] 双重动量_9M_阈值0%+3d缓冲

    🌐 [US市场回测]

    🌐 [HK市场回测]

    🌐 [CN市场回测]
      ✅ [美股] 得分42.31分 | 年化+8.93% | 回撤24.45% | 夏普0.37 ✅ ⚠️
      ❌ [港股] 最大回撤>30% | 年化+21.64% | 回撤51.05%
      ❌ [A股] 最大回撤>30% | 年化+6.01% | 回撤30.84%
    📊 多标的回测汇总: 107只标的 | 盈利占比85.0% | 平均年化+7.98% | 中位数年化+6.15%
       美股99只(盈利83) 年化+7.35%
       港股7只(盈利7) 年化+16.77%
    🌐 多标的回测: 107只 | 盈利占比85.0% | 中位年化+6.15% | 美股+7.35% | 港股+16.77%

  📋 [25/115] [趋势跟踪] 双重动量_9M_阈值2%

    🌐 [US市场回测]

    🌐 [HK市场回测]

    🌐 [CN市场回测]
      ✅ [美股] 得分37.71分 | 年化+8.17% | 回撤26.46% | 夏普0.32 ✅ ⚠️
      ❌ [港股] 最大回撤>30% | 年化+19.22% | 回撤53.13%
      ✅ [A股] 得分35.98分 | 年化+6.62% | 回撤29.49% | 夏普0.35 ✅ ⚠️
    📊 多标的回测汇总: 107只标的 | 盈利占比81.3% | 平均年化+7.35% | 中位数年化+5.27%
       美股99只(盈利79) 年化+6.58%
       港股7只(盈利7) 年化+18.19%
    🌐 多标的回测: 107只 | 盈利占比81.3% | 中位年化+5.27% | 美股+6.58% | 港股+18.19%

  📋 [26/115] [趋势跟踪] 双重动量_9M_阈值2%+3d缓冲

    🌐 [US市场回测]

    🌐 [HK市场回测]

    🌐 [CN市场回测]
      ✅ [美股] 得分41.55分 | 年化+8.54% | 回撤24.45% | 夏普0.35 ✅ ⚠️
      ❌ [港股] 最大回撤>30% | 年化+17.39% | 回撤56.54%
      ✅ [A股] 得分37.54分 | 年化+7.41% | 回撤28.29% | 夏普0.39 ✅ ⚠️
    📊 多标的回测汇总: 107只标的 | 盈利占比85.0% | 平均年化+7.56% | 中位数年化+5.81%
       美股99只(盈利84) 年化+6.98%
       港股7只(盈利6) 年化+15.54%
    🌐 多标的回测: 107只 | 盈利占比85.0% | 中位年化+5.81% | 美股+6.98% | 港股+15.54%

  📋 [27/115] [趋势跟踪] 双重动量_9M_阈值5%

    🌐 [US市场回测]

    🌐 [HK市场回测]

    🌐 [CN市场回测]
      ✅ [美股] 得分35.59分 | 年化+7.18% | 回撤26.46% | 夏普0.26 ✅ ⚠️
      ❌ [港股] 最大回撤>30% | 年化+17.98% | 回撤60.76%
      ❌ [A股] 最大回撤>30% | 年化+5.36% | 回撤31.32%
    📊 多标的回测汇总: 107只标的 | 盈利占比81.3% | 平均年化+6.82% | 中位数年化+5.45%
       美股99只(盈利79) 年化+6.09%
       港股7只(盈利7) 年化+17.10%
    🌐 多标的回测: 107只 | 盈利占比81.3% | 中位年化+5.45% | 美股+6.09% | 港股+17.10%

  📋 [28/115] [趋势跟踪] 双重动量_9M_阈值5%+3d缓冲

    🌐 [US市场回测]

    🌐 [HK市场回测]

    🌐 [CN市场回测]
      ✅ [美股] 得分40.46分 | 年化+7.99% | 回撤24.45% | 夏普0.32 ✅ ⚠️
      ❌ [港股] 最大回撤>30% | 年化+18.94% | 回撤58.92%
      ✅ [A股] 得分34.01分 | 年化+5.61% | 回撤26.64% | 夏普0.30 ✅ ⚠️
    📊 多标的回测汇总: 107只标的 | 盈利占比81.3% | 平均年化+6.99% | 中位数年化+5.61%
       美股99只(盈利80) 年化+6.41%
       港股7只(盈利6) 年化+15.07%
    🌐 多标的回测: 107只 | 盈利占比81.3% | 中位年化+5.61% | 美股+6.41% | 港股+15.07%

  📋 [29/115] [趋势跟踪] 双重动量_12M_阈值0%

    🌐 [US市场回测]

    🌐 [HK市场回测]

    🌐 [CN市场回测]
/data/workspace/strategy_arena/cross_regime_scheduler.py:2193: FutureWarning: The default fill_method='pad' in DataFrame.pct_change is deprecated and will be removed in a future version. Either fill in any non-leading NA values prior to calling pct_change or specify 'fill_method=None' to not fill NA values.
  daily_returns = prices.pct_change().fillna(0)
/data/workspace/strategy_arena/cross_regime_scheduler.py:2193: FutureWarning: The default fill_method='pad' in DataFrame.pct_change is deprecated and will be removed in a future version. Either fill in any non-leading NA values prior to calling pct_change or specify 'fill_method=None' to not fill NA values.
  daily_returns = prices.pct_change().fillna(0)
/data/workspace/strategy_arena/cross_regime_scheduler.py:2193: FutureWarning: The default fill_method='pad' in DataFrame.pct_change is deprecated and will be removed in a future version. Either fill in any non-leading NA values prior to calling pct_change or specify 'fill_method=None' to not fill NA values.
  daily_returns = prices.pct_change().fillna(0)
/data/workspace/strategy_arena/cross_regime_scheduler.py:2193: FutureWarning: The default fill_method='pad' in DataFrame.pct_change is deprecated and will be removed in a future version. Either fill in any non-leading NA values prior to calling pct_change or specify 'fill_method=None' to not fill NA values.
  daily_returns = prices.pct_change().fillna(0)
/data/workspace/strategy_arena/cross_regime_scheduler.py:2193: FutureWarning: The default fill_method='pad' in DataFrame.pct_change is deprecated and will be removed in a future version. Either fill in any non-leading NA values prior to calling pct_change or specify 'fill_method=None' to not fill NA values.
  daily_returns = prices.pct_change().fillna(0)
/data/workspace/strategy_arena/cross_regime_scheduler.py:2193: FutureWarning: The default fill_method='pad' in DataFrame.pct_change is deprecated and will be removed in a future version. Either fill in any non-leading NA values prior to calling pct_change or specify 'fill_method=None' to not fill NA values.
  daily_returns = prices.pct_change().fillna(0)
/data/workspace/strategy_arena/cross_regime_scheduler.py:2193: FutureWarning: The default fill_method='pad' in DataFrame.pct_change is deprecated and will be removed in a future version. Either fill in any non-leading NA values prior to calling pct_change or specify 'fill_method=None' to not fill NA values.
  daily_returns = prices.pct_change().fillna(0)
/data/workspace/strategy_arena/cross_regime_scheduler.py:2193: FutureWarning: The default fill_method='pad' in DataFrame.pct_change is deprecated and will be removed in a future version. Either fill in any non-leading NA values prior to calling pct_change or specify 'fill_method=None' to not fill NA values.
  daily_returns = prices.pct_change().fillna(0)
/data/workspace/strategy_arena/cross_regime_scheduler.py:2193: FutureWarning: The default fill_method='pad' in DataFrame.pct_change is deprecated and will be removed in a future version. Either fill in any non-leading NA values prior to calling pct_change or specify 'fill_method=None' to not fill NA values.
  daily_returns = prices.pct_change().fillna(0)
/data/workspace/strategy_arena/cross_regime_scheduler.py:2193: FutureWarning: The default fill_method='pad' in DataFrame.pct_change is deprecated and will be removed in a future version. Either fill in any non-leading NA values prior to calling pct_change or specify 'fill_method=None' to not fill NA values.
  daily_returns = prices.pct_change().fillna(0)
/data/workspace/strategy_arena/cross_regime_scheduler.py:2193: FutureWarning: The default fill_method='pad' in DataFrame.pct_change is deprecated and will be removed in a future version. Either fill in any non-leading NA values prior to calling pct_change or specify 'fill_method=None' to not fill NA values.
  daily_returns = prices.pct_change().fillna(0)
/data/workspace/strategy_arena/cross_regime_scheduler.py:2193: FutureWarning: The default fill_method='pad' in DataFrame.pct_change is deprecated and will be removed in a future version. Either fill in any non-leading NA values prior to calling pct_change or specify 'fill_method=None' to not fill NA values.
  daily_returns = prices.pct_change().fillna(0)
/data/workspace/strategy_arena/cross_regime_scheduler.py:2193: FutureWarning: The default fill_method='pad' in DataFrame.pct_change is deprecated and will be removed in a future version. Either fill in any non-leading NA values prior to calling pct_change or specify 'fill_method=None' to not fill NA values.
  daily_returns = prices.pct_change().fillna(0)
/data/workspace/strategy_arena/cross_regime_scheduler.py:2193: FutureWarning: The default fill_method='pad' in DataFrame.pct_change is deprecated and will be removed in a future version. Either fill in any non-leading NA values prior to calling pct_change or specify 'fill_method=None' to not fill NA values.
  daily_returns = prices.pct_change().fillna(0)
/data/workspace/strategy_arena/cross_regime_scheduler.py:2193: FutureWarning: The default fill_method='pad' in DataFrame.pct_change is deprecated and will be removed in a future version. Either fill in any non-leading NA values prior to calling pct_change or specify 'fill_method=None' to not fill NA values.
  daily_returns = prices.pct_change().fillna(0)
/data/workspace/strategy_arena/cross_regime_scheduler.py:2193: FutureWarning: The default fill_method='pad' in DataFrame.pct_change is deprecated and will be removed in a future version. Either fill in any non-leading NA values prior to calling pct_change or specify 'fill_method=None' to not fill NA values.
  daily_returns = prices.pct_change().fillna(0)
/data/workspace/strategy_arena/cross_regime_scheduler.py:2193: FutureWarning: The default fill_method='pad' in DataFrame.pct_change is deprecated and will be removed in a future version. Either fill in any non-leading NA values prior to calling pct_change or specify 'fill_method=None' to not fill NA values.
  daily_returns = prices.pct_change().fillna(0)
/data/workspace/strategy_arena/cross_regime_scheduler.py:2193: FutureWarning: The default fill_method='pad' in DataFrame.pct_change is deprecated and will be removed in a future version. Either fill in any non-leading NA values prior to calling pct_change or specify 'fill_method=None' to not fill NA values.
  daily_returns = prices.pct_change().fillna(0)
/data/workspace/strategy_arena/cross_regime_scheduler.py:2193: FutureWarning: The default fill_method='pad' in DataFrame.pct_change is deprecated and will be removed in a future version. Either fill in any non-leading NA values prior to calling pct_change or specify 'fill_method=None' to not fill NA values.
  daily_returns = prices.pct_change().fillna(0)
/data/workspace/strategy_arena/cross_regime_scheduler.py:2193: FutureWarning: The default fill_method='pad' in DataFrame.pct_change is deprecated and will be removed in a future version. Either fill in any non-leading NA values prior to calling pct_change or specify 'fill_method=None' to not fill NA values.
  daily_returns = prices.pct_change().fillna(0)
/data/workspace/strategy_arena/cross_regime_scheduler.py:2193: FutureWarning: The default fill_method='pad' in DataFrame.pct_change is deprecated and will be removed in a future version. Either fill in any non-leading NA values prior to calling pct_change or specify 'fill_method=None' to not fill NA values.
  daily_returns = prices.pct_change().fillna(0)
/data/workspace/strategy_arena/cross_regime_scheduler.py:2193: FutureWarning: The default fill_method='pad' in DataFrame.pct_change is deprecated and will be removed in a future version. Either fill in any non-leading NA values prior to calling pct_change or specify 'fill_method=None' to not fill NA values.
  daily_returns = prices.pct_change().fillna(0)
/data/workspace/strategy_arena/cross_regime_scheduler.py:2193: FutureWarning: The default fill_method='pad' in DataFrame.pct_change is deprecated and will be removed in a future version. Either fill in any non-leading NA values prior to calling pct_change or specify 'fill_method=None' to not fill NA values.
  daily_returns = prices.pct_change().fillna(0)
/data/workspace/strategy_arena/cross_regime_scheduler.py:2193: FutureWarning: The default fill_method='pad' in DataFrame.pct_change is deprecated and will be removed in a future version. Either fill in any non-leading NA values prior to calling pct_change or specify 'fill_method=None' to not fill NA values.
  daily_returns = prices.pct_change().fillna(0)
/data/workspace/strategy_arena/cross_regime_scheduler.py:2193: FutureWarning: The default fill_method='pad' in DataFrame.pct_change is deprecated and will be removed in a future version. Either fill in any non-leading NA values prior to calling pct_change or specify 'fill_method=None' to not fill NA values.
  daily_returns = prices.pct_change().fillna(0)
/data/workspace/strategy_arena/cross_regime_scheduler.py:2193: FutureWarning: The default fill_method='pad' in DataFrame.pct_change is deprecated and will be removed in a future version. Either fill in any non-leading NA values prior to calling pct_change or specify 'fill_method=None' to not fill NA values.
  daily_returns = prices.pct_change().fillna(0)
/data/workspace/strategy_arena/cross_regime_scheduler.py:2193: FutureWarning: The default fill_method='pad' in DataFrame.pct_change is deprecated and will be removed in a future version. Either fill in any non-leading NA values prior to calling pct_change or specify 'fill_method=None' to not fill NA values.
  daily_returns = prices.pct_change().fillna(0)
/data/workspace/strategy_arena/cross_regime_scheduler.py:2193: FutureWarning: The default fill_method='pad' in DataFrame.pct_change is deprecated and will be removed in a future version. Either fill in any non-leading NA values prior to calling pct_change or specify 'fill_method=None' to not fill NA values.
  daily_returns = prices.pct_change().fillna(0)
/data/workspace/strategy_arena/cross_regime_scheduler.py:2193: FutureWarning: The default fill_method='pad' in DataFrame.pct_change is deprecated and will be removed in a future version. Either fill in any non-leading NA values prior to calling pct_change or specify 'fill_method=None' to not fill NA values.
  daily_returns = prices.pct_change().fillna(0)
/data/workspace/strategy_arena/cross_regime_scheduler.py:2193: FutureWarning: The default fill_method='pad' in DataFrame.pct_change is deprecated and will be removed in a future version. Either fill in any non-leading NA values prior to calling pct_change or specify 'fill_method=None' to not fill NA values.
  daily_returns = prices.pct_change().fillna(0)
/data/workspace/strategy_arena/cross_regime_scheduler.py:2193: FutureWarning: The default fill_method='pad' in DataFrame.pct_change is deprecated and will be removed in a future version. Either fill in any non-leading NA values prior to calling pct_change or specify 'fill_method=None' to not fill NA values.
  daily_returns = prices.pct_change().fillna(0)
/data/workspace/strategy_arena/cross_regime_scheduler.py:2193: FutureWarning: The default fill_method='pad' in DataFrame.pct_change is deprecated and will be removed in a future version. Either fill in any non-leading NA values prior to calling pct_change or specify 'fill_method=None' to not fill NA values.
  daily_returns = prices.pct_change().fillna(0)
/data/workspace/strategy_arena/cross_regime_scheduler.py:2193: FutureWarning: The default fill_method='pad' in DataFrame.pct_change is deprecated and will be removed in a future version. Either fill in any non-leading NA values prior to calling pct_change or specify 'fill_method=None' to not fill NA values.
  daily_returns = prices.pct_change().fillna(0)
/data/workspace/strategy_arena/cross_regime_scheduler.py:2193: FutureWarning: The default fill_method='pad' in DataFrame.pct_change is deprecated and will be removed in a future version. Either fill in any non-leading NA values prior to calling pct_change or specify 'fill_method=None' to not fill NA values.
  daily_returns = prices.pct_change().fillna(0)
/data/workspace/strategy_arena/cross_regime_scheduler.py:2193: FutureWarning: The default fill_method='pad' in DataFrame.pct_change is deprecated and will be removed in a future version. Either fill in any non-leading NA values prior to calling pct_change or specify 'fill_method=None' to not fill NA values.
  daily_returns = prices.pct_change().fillna(0)
/data/workspace/strategy_arena/cross_regime_scheduler.py:2193: FutureWarning: The default fill_method='pad' in DataFrame.pct_change is deprecated and will be removed in a future version. Either fill in any non-leading NA values prior to calling pct_change or specify 'fill_method=None' to not fill NA values.
  daily_returns = prices.pct_change().fillna(0)
/data/workspace/strategy_arena/cross_regime_scheduler.py:2193: FutureWarning: The default fill_method='pad' in DataFrame.pct_change is deprecated and will be removed in a future version. Either fill in any non-leading NA values prior to calling pct_change or specify 'fill_method=None' to not fill NA values.
  daily_returns = prices.pct_change().fillna(0)
/data/workspace/strategy_arena/cross_regime_scheduler.py:2193: FutureWarning: The default fill_method='pad' in DataFrame.pct_change is deprecated and will be removed in a future version. Either fill in any non-leading NA values prior to calling pct_change or specify 'fill_method=None' to not fill NA values.
  daily_returns = prices.pct_change().fillna(0)
/data/workspace/strategy_arena/cross_regime_scheduler.py:2193: FutureWarning: The default fill_method='pad' in DataFrame.pct_change is deprecated and will be removed in a future version. Either fill in any non-leading NA values prior to calling pct_change or specify 'fill_method=None' to not fill NA values.
  daily_returns = prices.pct_change().fillna(0)
/data/workspace/strategy_arena/cross_regime_scheduler.py:2193: FutureWarning: The default fill_method='pad' in DataFrame.pct_change is deprecated and will be removed in a future version. Either fill in any non-leading NA values prior to calling pct_change or specify 'fill_method=None' to not fill NA values.
  daily_returns = prices.pct_change().fillna(0)
/data/workspace/strategy_arena/cross_regime_scheduler.py:2193: FutureWarning: The default fill_method='pad' in DataFrame.pct_change is deprecated and will be removed in a future version. Either fill in any non-leading NA values prior to calling pct_change or specify 'fill_method=None' to not fill NA values.
  daily_returns = prices.pct_change().fillna(0)
/data/workspace/strategy_arena/cross_regime_scheduler.py:2193: FutureWarning: The default fill_method='pad' in DataFrame.pct_change is deprecated and will be removed in a future version. Either fill in any non-leading NA values prior to calling pct_change or specify 'fill_method=None' to not fill NA values.
  daily_returns = prices.pct_change().fillna(0)
/data/workspace/strategy_arena/cross_regime_scheduler.py:2193: FutureWarning: The default fill_method='pad' in DataFrame.pct_change is deprecated and will be removed in a future version. Either fill in any non-leading NA values prior to calling pct_change or specify 'fill_method=None' to not fill NA values.
  daily_returns = prices.pct_change().fillna(0)
/data/workspace/strategy_arena/cross_regime_scheduler.py:2193: FutureWarning: The default fill_method='pad' in DataFrame.pct_change is deprecated and will be removed in a future version. Either fill in any non-leading NA values prior to calling pct_change or specify 'fill_method=None' to not fill NA values.
  daily_returns = prices.pct_change().fillna(0)
/data/workspace/strategy_arena/cross_regime_scheduler.py:2193: FutureWarning: The default fill_method='pad' in DataFrame.pct_change is deprecated and will be removed in a future version. Either fill in any non-leading NA values prior to calling pct_change or specify 'fill_method=None' to not fill NA values.
  daily_returns = prices.pct_change().fillna(0)
/data/workspace/strategy_arena/cross_regime_scheduler.py:2193: FutureWarning: The default fill_method='pad' in DataFrame.pct_change is deprecated and will be removed in a future version. Either fill in any non-leading NA values prior to calling pct_change or specify 'fill_method=None' to not fill NA values.
  daily_returns = prices.pct_change().fillna(0)
/data/workspace/strategy_arena/cross_regime_scheduler.py:2193: FutureWarning: The default fill_method='pad' in DataFrame.pct_change is deprecated and will be removed in a future version. Either fill in any non-leading NA values prior to calling pct_change or specify 'fill_method=None' to not fill NA values.
  daily_returns = prices.pct_change().fillna(0)
/data/workspace/strategy_arena/cross_regime_scheduler.py:2193: FutureWarning: The default fill_method='pad' in DataFrame.pct_change is deprecated and will be removed in a future version. Either fill in any non-leading NA values prior to calling pct_change or specify 'fill_method=None' to not fill NA values.
  daily_returns = prices.pct_change().fillna(0)
      ❌ [美股] 最大回撤>30% | 年化+5.91% | 回撤31.08%
      ❌ [港股] 最大回撤>30% | 年化+19.85% | 回撤60.07%
      ❌ [A股] 最大回撤>30% | 年化+1.19% | 回撤50.56%
    📊 多标的回测汇总: 107只标的 | 盈利占比86.9% | 平均年化+7.06% | 中位数年化+4.84%
       美股99只(盈利85) 年化+6.37%
       港股7只(盈利7) 年化+16.94%
    🌐 多标的回测: 107只 | 盈利占比86.9% | 中位年化+4.84% | 美股+6.37% | 港股+16.94%

  📋 [30/115] [趋势跟踪] 双重动量_12M_阈值0%+3d缓冲

    🌐 [US市场回测]

    🌐 [HK市场回测]

    🌐 [CN市场回测]
      ❌ [美股] 最大回撤>30% | 年化+5.99% | 回撤32.20%
      ❌ [港股] 最大回撤>30% | 年化+19.07% | 回撤65.65%
      ❌ [A股] 最大回撤>30% | 年化+2.21% | 回撤44.70%
    📊 多标的回测汇总: 107只标的 | 盈利占比87.9% | 平均年化+7.30% | 中位数年化+5.43%
       美股99只(盈利86) 年化+6.78%
       港股7只(盈利7) 年化+14.82%
    🌐 多标的回测: 107只 | 盈利占比87.9% | 中位年化+5.43% | 美股+6.78% | 港股+14.82%

  📋 [31/115] [趋势跟踪] 双重动量_12M_阈值2%

    🌐 [US市场回测]

    🌐 [HK市场回测]

    🌐 [CN市场回测]
      ✅ [美股] 得分32.62分 | 年化+5.94% | 回撤29.52% | 夏普0.16 ✅ ⚠️
      ❌ [港股] 最大回撤>30% | 年化+17.24% | 回撤64.73%
      ❌ [A股] 最大回撤>30% | 年化+2.27% | 回撤44.43%
    📊 多标的回测汇总: 107只标的 | 盈利占比83.2% | 平均年化+6.78% | 中位数年化+4.93%
       美股99只(盈利81) 年化+6.06%
       港股7只(盈利7) 年化+17.16%
    🌐 多标的回测: 107只 | 盈利占比83.2% | 中位年化+4.93% | 美股+6.06% | 港股+17.16%

  📋 [32/115] [趋势跟踪] 双重动量_12M_阈值2%+3d缓冲

    🌐 [US市场回测]

    🌐 [HK市场回测]

    🌐 [CN市场回测]
      ✅ [美股] 得分33.27分 | 年化+6.26% | 回撤26.73% | 夏普0.18 ✅ ⚠️
      ❌ [港股] 最大回撤>30% | 年化+18.95% | 回撤63.44%
      ❌ [A股] 最大回撤>30% | 年化+1.96% | 回撤45.43%
    📊 多标的回测汇总: 107只标的 | 盈利占比84.1% | 平均年化+7.09% | 中位数年化+4.71%
       美股99只(盈利82) 年化+6.51%
       港股7只(盈利7) 年化+15.48%
    🌐 多标的回测: 107只 | 盈利占比84.1% | 中位年化+4.71% | 美股+6.51% | 港股+15.48%

  📋 [33/115] [趋势跟踪] 双重动量_12M_阈值5%

    🌐 [US市场回测]

    🌐 [HK市场回测]

    🌐 [CN市场回测]
      ❌ [美股] 最大回撤>30% | 年化+6.79% | 回撤30.90%
      ❌ [港股] 最大回撤>30% | 年化+18.23% | 回撤61.41%
      ❌ [A股] 最大回撤>30% | 年化+2.19% | 回撤43.57%
    📊 多标的回测汇总: 107只标的 | 盈利占比79.4% | 平均年化+6.43% | 中位数年化+5.11%
       美股99只(盈利77) 年化+5.68%
       港股7只(盈利7) 年化+16.92%
    🌐 多标的回测: 107只 | 盈利占比79.4% | 中位年化+5.11% | 美股+5.68% | 港股+16.92%

  📋 [34/115] [趋势跟踪] 双重动量_12M_阈值5%+3d缓冲

    🌐 [US市场回测]

    🌐 [HK市场回测]

    🌐 [CN市场回测]
      ✅ [美股] 得分36.24分 | 年化+7.52% | 回撤27.55% | 夏普0.28 ✅ ⚠️
      ❌ [港股] 最大回撤>30% | 年化+20.33% | 回撤62.35%
      ❌ [A股] 最大回撤>30% | 年化+3.72% | 回撤36.75%
    📊 多标的回测汇总: 107只标的 | 盈利占比81.3% | 平均年化+6.64% | 中位数年化+5.61%
       美股99只(盈利79) 年化+6.07%
       港股7只(盈利7) 年化+14.55%
    🌐 多标的回测: 107只 | 盈利占比81.3% | 中位年化+5.61% | 美股+6.07% | 港股+14.55%

  📋 [35/115] [趋势跟踪] GEM+ATR2.5x止损_9M

    🌐 [US市场回测]

    🌐 [HK市场回测]

    🌐 [CN市场回测]
      ✅ [美股] 得分23.38分 | 年化+4.24% | 回撤25.52% | 夏普0.04  ⚠️
      ❌ [港股] 最大回撤>30% | 年化+22.14% | 回撤48.31%
      ❌ [A股] 最大回撤>30% | 年化+4.13% | 回撤32.59%
    📊 多标的回测汇总: 107只标的 | 盈利占比83.2% | 平均年化+7.62% | 中位数年化+5.60%
       美股99只(盈利81) 年化+6.83%
       港股7只(盈利7) 年化+19.33%
    🌐 多标的回测: 107只 | 盈利占比83.2% | 中位年化+5.60% | 美股+6.83% | 港股+19.33%

  📋 [36/115] [趋势跟踪] GEM+ATR3.0x止损_9M

    🌐 [US市场回测]

    🌐 [HK市场回测]

    🌐 [CN市场回测]
      ✅ [美股] 得分28.18分 | 年化+5.04% | 回撤24.45% | 夏普0.10  ⚠️
      ❌ [港股] 最大回撤>30% | 年化+21.07% | 回撤50.51%
      ❌ [A股] 最大回撤>30% | 年化+3.80% | 回撤33.45%
    📊 多标的回测汇总: 107只标的 | 盈利占比82.2% | 平均年化+7.61% | 中位数年化+5.49%
       美股99只(盈利80) 年化+6.79%
       港股7只(盈利7) 年化+19.54%
    🌐 多标的回测: 107只 | 盈利占比82.2% | 中位年化+5.49% | 美股+6.79% | 港股+19.54%

  📋 [37/115] [趋势跟踪] GEM+ATR3.5x止损_9M

    🌐 [US市场回测]

    🌐 [HK市场回测]

    🌐 [CN市场回测]
      ✅ [美股] 得分28.95分 | 年化+5.39% | 回撤24.45% | 夏普0.12  ⚠️
      ❌ [港股] 最大回撤>30% | 年化+19.60% | 回撤51.68%
      ❌ [A股] 最大回撤>30% | 年化+4.36% | 回撤34.12%
    📊 多标的回测汇总: 107只标的 | 盈利占比84.1% | 平均年化+7.74% | 中位数年化+5.72%
       美股99只(盈利82) 年化+6.91%
       港股7只(盈利7) 年化+19.75%
    🌐 多标的回测: 107只 | 盈利占比84.1% | 中位年化+5.72% | 美股+6.91% | 港股+19.75%

  📋 [38/115] [趋势跟踪] GEM+ATR4.0x止损_9M

    🌐 [US市场回测]

    🌐 [HK市场回测]

    🌐 [CN市场回测]
      ✅ [美股] 得分35.52分 | 年化+6.04% | 回撤24.45% | 夏普0.17 ✅ ⚠️
      ❌ [港股] 最大回撤>30% | 年化+18.74% | 回撤52.38%
      ❌ [A股] 最大回撤>30% | 年化+4.69% | 回撤33.92%
    📊 多标的回测汇总: 107只标的 | 盈利占比84.1% | 平均年化+7.85% | 中位数年化+5.71%
       美股99只(盈利82) 年化+7.05%
       港股7只(盈利7) 年化+19.53%
    🌐 多标的回测: 107只 | 盈利占比84.1% | 中位年化+5.71% | 美股+7.05% | 港股+19.53%

  📋 [39/115] [趋势跟踪] GEM+ATR2.5x止损_12M

    🌐 [US市场回测]

    🌐 [HK市场回测]

    🌐 [CN市场回测]
      ❌ [美股] 最大回撤>30% | 年化+3.29% | 回撤32.77%
      ❌ [港股] 最大回撤>30% | 年化+19.45% | 回撤59.60%
      ❌ [A股] 最大回撤>30% | 年化+1.65% | 回撤47.15%
    📊 多标的回测汇总: 107只标的 | 盈利占比81.3% | 平均年化+7.03% | 中位数年化+5.48%
       美股99只(盈利79) 年化+6.34%
       港股7只(盈利7) 年化+17.33%
    🌐 多标的回测: 107只 | 盈利占比81.3% | 中位年化+5.48% | 美股+6.34% | 港股+17.33%

  📋 [40/115] [趋势跟踪] GEM+ATR3.0x止损_12M

    🌐 [US市场回测]

    🌐 [HK市场回测]

    🌐 [CN市场回测]
      ❌ [美股] 最大回撤>30% | 年化+4.23% | 回撤32.77%
      ❌ [港股] 最大回撤>30% | 年化+19.11% | 回撤60.64%
      ❌ [A股] 最大回撤>30% | 年化+1.46% | 回撤47.56%
    📊 多标的回测汇总: 107只标的 | 盈利占比84.1% | 平均年化+7.04% | 中位数年化+5.08%
       美股99只(盈利82) 年化+6.35%
       港股7只(盈利7) 年化+17.18%
    🌐 多标的回测: 107只 | 盈利占比84.1% | 中位年化+5.08% | 美股+6.35% | 港股+17.18%

  📋 [41/115] [趋势跟踪] GEM+ATR3.5x止损_12M

    🌐 [US市场回测]

    🌐 [HK市场回测]

    🌐 [CN市场回测]
      ❌ [美股] 最大回撤>30% | 年化+4.01% | 回撤33.07%
      ❌ [港股] 最大回撤>30% | 年化+21.81% | 回撤53.95%
      ❌ [A股] 最大回撤>30% | 年化+3.11% | 回撤39.67%
    📊 多标的回测汇总: 107只标的 | 盈利占比83.2% | 平均年化+7.00% | 中位数年化+5.11%
       美股99只(盈利81) 年化+6.32%
       港股7只(盈利7) 年化+16.93%
/data/workspace/strategy_arena/cross_regime_scheduler.py:2193: FutureWarning: The default fill_method='pad' in DataFrame.pct_change is deprecated and will be removed in a future version. Either fill in any non-leading NA values prior to calling pct_change or specify 'fill_method=None' to not fill NA values.
  daily_returns = prices.pct_change().fillna(0)
/data/workspace/strategy_arena/cross_regime_scheduler.py:2193: FutureWarning: The default fill_method='pad' in DataFrame.pct_change is deprecated and will be removed in a future version. Either fill in any non-leading NA values prior to calling pct_change or specify 'fill_method=None' to not fill NA values.
  daily_returns = prices.pct_change().fillna(0)
/data/workspace/strategy_arena/cross_regime_scheduler.py:2193: FutureWarning: The default fill_method='pad' in DataFrame.pct_change is deprecated and will be removed in a future version. Either fill in any non-leading NA values prior to calling pct_change or specify 'fill_method=None' to not fill NA values.
  daily_returns = prices.pct_change().fillna(0)
/data/workspace/strategy_arena/cross_regime_scheduler.py:2193: FutureWarning: The default fill_method='pad' in DataFrame.pct_change is deprecated and will be removed in a future version. Either fill in any non-leading NA values prior to calling pct_change or specify 'fill_method=None' to not fill NA values.
  daily_returns = prices.pct_change().fillna(0)
/data/workspace/strategy_arena/cross_regime_scheduler.py:2193: FutureWarning: The default fill_method='pad' in DataFrame.pct_change is deprecated and will be removed in a future version. Either fill in any non-leading NA values prior to calling pct_change or specify 'fill_method=None' to not fill NA values.
  daily_returns = prices.pct_change().fillna(0)
/data/workspace/strategy_arena/cross_regime_scheduler.py:2193: FutureWarning: The default fill_method='pad' in DataFrame.pct_change is deprecated and will be removed in a future version. Either fill in any non-leading NA values prior to calling pct_change or specify 'fill_method=None' to not fill NA values.
  daily_returns = prices.pct_change().fillna(0)
/data/workspace/strategy_arena/cross_regime_scheduler.py:2193: FutureWarning: The default fill_method='pad' in DataFrame.pct_change is deprecated and will be removed in a future version. Either fill in any non-leading NA values prior to calling pct_change or specify 'fill_method=None' to not fill NA values.
  daily_returns = prices.pct_change().fillna(0)
/data/workspace/strategy_arena/cross_regime_scheduler.py:2193: FutureWarning: The default fill_method='pad' in DataFrame.pct_change is deprecated and will be removed in a future version. Either fill in any non-leading NA values prior to calling pct_change or specify 'fill_method=None' to not fill NA values.
  daily_returns = prices.pct_change().fillna(0)
/usr/local/lib64/python3.11/site-packages/numpy/_core/fromnumeric.py:3824: RuntimeWarning: Mean of empty slice
  return _methods._mean(a, axis=axis, dtype=dtype,
/usr/local/lib64/python3.11/site-packages/numpy/_core/_methods.py:142: RuntimeWarning: invalid value encountered in scalar divide
  ret = ret.dtype.type(ret / rcount)
/data/workspace/strategy_arena/cross_regime_scheduler.py:2193: FutureWarning: The default fill_method='pad' in DataFrame.pct_change is deprecated and will be removed in a future version. Either fill in any non-leading NA values prior to calling pct_change or specify 'fill_method=None' to not fill NA values.
  daily_returns = prices.pct_change().fillna(0)
/data/workspace/strategy_arena/cross_regime_scheduler.py:2193: FutureWarning: The default fill_method='pad' in DataFrame.pct_change is deprecated and will be removed in a future version. Either fill in any non-leading NA values prior to calling pct_change or specify 'fill_method=None' to not fill NA values.
  daily_returns = prices.pct_change().fillna(0)
/data/workspace/strategy_arena/cross_regime_scheduler.py:2193: FutureWarning: The default fill_method='pad' in DataFrame.pct_change is deprecated and will be removed in a future version. Either fill in any non-leading NA values prior to calling pct_change or specify 'fill_method=None' to not fill NA values.
  daily_returns = prices.pct_change().fillna(0)
/data/workspace/strategy_arena/cross_regime_scheduler.py:2193: FutureWarning: The default fill_method='pad' in DataFrame.pct_change is deprecated and will be removed in a future version. Either fill in any non-leading NA values prior to calling pct_change or specify 'fill_method=None' to not fill NA values.
  daily_returns = prices.pct_change().fillna(0)
/usr/local/lib64/python3.11/site-packages/numpy/_core/fromnumeric.py:3824: RuntimeWarning: Mean of empty slice
  return _methods._mean(a, axis=axis, dtype=dtype,
/usr/local/lib64/python3.11/site-packages/numpy/_core/_methods.py:142: RuntimeWarning: invalid value encountered in scalar divide
  ret = ret.dtype.type(ret / rcount)
/data/workspace/strategy_arena/cross_regime_scheduler.py:2193: FutureWarning: The default fill_method='pad' in DataFrame.pct_change is deprecated and will be removed in a future version. Either fill in any non-leading NA values prior to calling pct_change or specify 'fill_method=None' to not fill NA values.
  daily_returns = prices.pct_change().fillna(0)
/data/workspace/strategy_arena/cross_regime_scheduler.py:2193: FutureWarning: The default fill_method='pad' in DataFrame.pct_change is deprecated and will be removed in a future version. Either fill in any non-leading NA values prior to calling pct_change or specify 'fill_method=None' to not fill NA values.
  daily_returns = prices.pct_change().fillna(0)
/data/workspace/strategy_arena/cross_regime_scheduler.py:2193: FutureWarning: The default fill_method='pad' in DataFrame.pct_change is deprecated and will be removed in a future version. Either fill in any non-leading NA values prior to calling pct_change or specify 'fill_method=None' to not fill NA values.
  daily_returns = prices.pct_change().fillna(0)
/data/workspace/strategy_arena/cross_regime_scheduler.py:2193: FutureWarning: The default fill_method='pad' in DataFrame.pct_change is deprecated and will be removed in a future version. Either fill in any non-leading NA values prior to calling pct_change or specify 'fill_method=None' to not fill NA values.
  daily_returns = prices.pct_change().fillna(0)
/usr/local/lib64/python3.11/site-packages/numpy/_core/fromnumeric.py:3824: RuntimeWarning: Mean of empty slice
  return _methods._mean(a, axis=axis, dtype=dtype,
/usr/local/lib64/python3.11/site-packages/numpy/_core/_methods.py:142: RuntimeWarning: invalid value encountered in scalar divide
  ret = ret.dtype.type(ret / rcount)
/data/workspace/strategy_arena/cross_regime_scheduler.py:2193: FutureWarning: The default fill_method='pad' in DataFrame.pct_change is deprecated and will be removed in a future version. Either fill in any non-leading NA values prior to calling pct_change or specify 'fill_method=None' to not fill NA values.
  daily_returns = prices.pct_change().fillna(0)
/data/workspace/strategy_arena/cross_regime_scheduler.py:2193: FutureWarning: The default fill_method='pad' in DataFrame.pct_change is deprecated and will be removed in a future version. Either fill in any non-leading NA values prior to calling pct_change or specify 'fill_method=None' to not fill NA values.
  daily_returns = prices.pct_change().fillna(0)
/data/workspace/strategy_arena/cross_regime_scheduler.py:2193: FutureWarning: The default fill_method='pad' in DataFrame.pct_change is deprecated and will be removed in a future version. Either fill in any non-leading NA values prior to calling pct_change or specify 'fill_method=None' to not fill NA values.
  daily_returns = prices.pct_change().fillna(0)
/data/workspace/strategy_arena/cross_regime_scheduler.py:2193: FutureWarning: The default fill_method='pad' in DataFrame.pct_change is deprecated and will be removed in a future version. Either fill in any non-leading NA values prior to calling pct_change or specify 'fill_method=None' to not fill NA values.
  daily_returns = prices.pct_change().fillna(0)
/usr/local/lib64/python3.11/site-packages/numpy/_core/fromnumeric.py:3824: RuntimeWarning: Mean of empty slice
  return _methods._mean(a, axis=axis, dtype=dtype,
/usr/local/lib64/python3.11/site-packages/numpy/_core/_methods.py:142: RuntimeWarning: invalid value encountered in scalar divide
  ret = ret.dtype.type(ret / rcount)
/data/workspace/strategy_arena/cross_regime_scheduler.py:2193: FutureWarning: The default fill_method='pad' in DataFrame.pct_change is deprecated and will be removed in a future version. Either fill in any non-leading NA values prior to calling pct_change or specify 'fill_method=None' to not fill NA values.
  daily_returns = prices.pct_change().fillna(0)
/data/workspace/strategy_arena/cross_regime_scheduler.py:2193: FutureWarning: The default fill_method='pad' in DataFrame.pct_change is deprecated and will be removed in a future version. Either fill in any non-leading NA values prior to calling pct_change or specify 'fill_method=None' to not fill NA values.
  daily_returns = prices.pct_change().fillna(0)
/data/workspace/strategy_arena/cross_regime_scheduler.py:2193: FutureWarning: The default fill_method='pad' in DataFrame.pct_change is deprecated and will be removed in a future version. Either fill in any non-leading NA values prior to calling pct_change or specify 'fill_method=None' to not fill NA values.
  daily_returns = prices.pct_change().fillna(0)
/data/workspace/strategy_arena/cross_regime_scheduler.py:2193: FutureWarning: The default fill_method='pad' in DataFrame.pct_change is deprecated and will be removed in a future version. Either fill in any non-leading NA values prior to calling pct_change or specify 'fill_method=None' to not fill NA values.
  daily_returns = prices.pct_change().fillna(0)
/usr/local/lib64/python3.11/site-packages/numpy/_core/fromnumeric.py:3824: RuntimeWarning: Mean of empty slice
  return _methods._mean(a, axis=axis, dtype=dtype,
/usr/local/lib64/python3.11/site-packages/numpy/_core/_methods.py:142: RuntimeWarning: invalid value encountered in scalar divide
  ret = ret.dtype.type(ret / rcount)
/data/workspace/strategy_arena/cross_regime_scheduler.py:2193: FutureWarning: The default fill_method='pad' in DataFrame.pct_change is deprecated and will be removed in a future version. Either fill in any non-leading NA values prior to calling pct_change or specify 'fill_method=None' to not fill NA values.
  daily_returns = prices.pct_change().fillna(0)
/data/workspace/strategy_arena/cross_regime_scheduler.py:2193: FutureWarning: The default fill_method='pad' in DataFrame.pct_change is deprecated and will be removed in a future version. Either fill in any non-leading NA values prior to calling pct_change or specify 'fill_method=None' to not fill NA values.
  daily_returns = prices.pct_change().fillna(0)
/data/workspace/strategy_arena/cross_regime_scheduler.py:2193: FutureWarning: The default fill_method='pad' in DataFrame.pct_change is deprecated and will be removed in a future version. Either fill in any non-leading NA values prior to calling pct_change or specify 'fill_method=None' to not fill NA values.
  daily_returns = prices.pct_change().fillna(0)
/data/workspace/strategy_arena/cross_regime_scheduler.py:2193: FutureWarning: The default fill_method='pad' in DataFrame.pct_change is deprecated and will be removed in a future version. Either fill in any non-leading NA values prior to calling pct_change or specify 'fill_method=None' to not fill NA values.
  daily_returns = prices.pct_change().fillna(0)
/usr/local/lib64/python3.11/site-packages/numpy/_core/fromnumeric.py:3824: RuntimeWarning: Mean of empty slice
  return _methods._mean(a, axis=axis, dtype=dtype,
/usr/local/lib64/python3.11/site-packages/numpy/_core/_methods.py:142: RuntimeWarning: invalid value encountered in scalar divide
  ret = ret.dtype.type(ret / rcount)
/data/workspace/strategy_arena/cross_regime_scheduler.py:2193: FutureWarning: The default fill_method='pad' in DataFrame.pct_change is deprecated and will be removed in a future version. Either fill in any non-leading NA values prior to calling pct_change or specify 'fill_method=None' to not fill NA values.
  daily_returns = prices.pct_change().fillna(0)
/data/workspace/strategy_arena/cross_regime_scheduler.py:2193: FutureWarning: The default fill_method='pad' in DataFrame.pct_change is deprecated and will be removed in a future version. Either fill in any non-leading NA values prior to calling pct_change or specify 'fill_method=None' to not fill NA values.
  daily_returns = prices.pct_change().fillna(0)
/data/workspace/strategy_arena/cross_regime_scheduler.py:2193: FutureWarning: The default fill_method='pad' in DataFrame.pct_change is deprecated and will be removed in a future version. Either fill in any non-leading NA values prior to calling pct_change or specify 'fill_method=None' to not fill NA values.
  daily_returns = prices.pct_change().fillna(0)
/data/workspace/strategy_arena/cross_regime_scheduler.py:2193: FutureWarning: The default fill_method='pad' in DataFrame.pct_change is deprecated and will be removed in a future version. Either fill in any non-leading NA values prior to calling pct_change or specify 'fill_method=None' to not fill NA values.
  daily_returns = prices.pct_change().fillna(0)
/usr/local/lib64/python3.11/site-packages/numpy/_core/fromnumeric.py:3824: RuntimeWarning: Mean of empty slice
  return _methods._mean(a, axis=axis, dtype=dtype,
/usr/local/lib64/python3.11/site-packages/numpy/_core/_methods.py:142: RuntimeWarning: invalid value encountered in scalar divide
  ret = ret.dtype.type(ret / rcount)
/data/workspace/strategy_arena/cross_regime_scheduler.py:2193: FutureWarning: The default fill_method='pad' in DataFrame.pct_change is deprecated and will be removed in a future version. Either fill in any non-leading NA values prior to calling pct_change or specify 'fill_method=None' to not fill NA values.
  daily_returns = prices.pct_change().fillna(0)
/data/workspace/strategy_arena/cross_regime_scheduler.py:2193: FutureWarning: The default fill_method='pad' in DataFrame.pct_change is deprecated and will be removed in a future version. Either fill in any non-leading NA values prior to calling pct_change or specify 'fill_method=None' to not fill NA values.
  daily_returns = prices.pct_change().fillna(0)
/data/workspace/strategy_arena/cross_regime_scheduler.py:2193: FutureWarning: The default fill_method='pad' in DataFrame.pct_change is deprecated and will be removed in a future version. Either fill in any non-leading NA values prior to calling pct_change or specify 'fill_method=None' to not fill NA values.
  daily_returns = prices.pct_change().fillna(0)
/data/workspace/strategy_arena/cross_regime_scheduler.py:2193: FutureWarning: The default fill_method='pad' in DataFrame.pct_change is deprecated and will be removed in a future version. Either fill in any non-leading NA values prior to calling pct_change or specify 'fill_method=None' to not fill NA values.
  daily_returns = prices.pct_change().fillna(0)
/usr/local/lib64/python3.11/site-packages/numpy/_core/fromnumeric.py:3824: RuntimeWarning: Mean of empty slice
  return _methods._mean(a, axis=axis, dtype=dtype,
/usr/local/lib64/python3.11/site-packages/numpy/_core/_methods.py:142: RuntimeWarning: invalid value encountered in scalar divide
  ret = ret.dtype.type(ret / rcount)
/data/workspace/strategy_arena/cross_regime_scheduler.py:2193: FutureWarning: The default fill_method='pad' in DataFrame.pct_change is deprecated and will be removed in a future version. Either fill in any non-leading NA values prior to calling pct_change or specify 'fill_method=None' to not fill NA values.
  daily_returns = prices.pct_change().fillna(0)
/data/workspace/strategy_arena/cross_regime_scheduler.py:2193: FutureWarning: The default fill_method='pad' in DataFrame.pct_change is deprecated and will be removed in a future version. Either fill in any non-leading NA values prior to calling pct_change or specify 'fill_method=None' to not fill NA values.
  daily_returns = prices.pct_change().fillna(0)
/data/workspace/strategy_arena/cross_regime_scheduler.py:2193: FutureWarning: The default fill_method='pad' in DataFrame.pct_change is deprecated and will be removed in a future version. Either fill in any non-leading NA values prior to calling pct_change or specify 'fill_method=None' to not fill NA values.
  daily_returns = prices.pct_change().fillna(0)
/data/workspace/strategy_arena/cross_regime_scheduler.py:2193: FutureWarning: The default fill_method='pad' in DataFrame.pct_change is deprecated and will be removed in a future version. Either fill in any non-leading NA values prior to calling pct_change or specify 'fill_method=None' to not fill NA values.
  daily_returns = prices.pct_change().fillna(0)
/usr/local/lib64/python3.11/site-packages/numpy/_core/fromnumeric.py:3824: RuntimeWarning: Mean of empty slice
  return _methods._mean(a, axis=axis, dtype=dtype,
/usr/local/lib64/python3.11/site-packages/numpy/_core/_methods.py:142: RuntimeWarning: invalid value encountered in scalar divide
  ret = ret.dtype.type(ret / rcount)
/data/workspace/strategy_arena/cross_regime_scheduler.py:2193: FutureWarning: The default fill_method='pad' in DataFrame.pct_change is deprecated and will be removed in a future version. Either fill in any non-leading NA values prior to calling pct_change or specify 'fill_method=None' to not fill NA values.
  daily_returns = prices.pct_change().fillna(0)
/data/workspace/strategy_arena/cross_regime_scheduler.py:2193: FutureWarning: The default fill_method='pad' in DataFrame.pct_change is deprecated and will be removed in a future version. Either fill in any non-leading NA values prior to calling pct_change or specify 'fill_method=None' to not fill NA values.
  daily_returns = prices.pct_change().fillna(0)
/data/workspace/strategy_arena/cross_regime_scheduler.py:2193: FutureWarning: The default fill_method='pad' in DataFrame.pct_change is deprecated and will be removed in a future version. Either fill in any non-leading NA values prior to calling pct_change or specify 'fill_method=None' to not fill NA values.
  daily_returns = prices.pct_change().fillna(0)
/data/workspace/strategy_arena/cross_regime_scheduler.py:2193: FutureWarning: The default fill_method='pad' in DataFrame.pct_change is deprecated and will be removed in a future version. Either fill in any non-leading NA values prior to calling pct_change or specify 'fill_method=None' to not fill NA values.
  daily_returns = prices.pct_change().fillna(0)
/data/workspace/strategy_arena/cross_regime_scheduler.py:2193: FutureWarning: The default fill_method='pad' in DataFrame.pct_change is deprecated and will be removed in a future version. Either fill in any non-leading NA values prior to calling pct_change or specify 'fill_method=None' to not fill NA values.
  daily_returns = prices.pct_change().fillna(0)
/data/workspace/strategy_arena/cross_regime_scheduler.py:2193: FutureWarning: The default fill_method='pad' in DataFrame.pct_change is deprecated and will be removed in a future version. Either fill in any non-leading NA values prior to calling pct_change or specify 'fill_method=None' to not fill NA values.
  daily_returns = prices.pct_change().fillna(0)
/data/workspace/strategy_arena/cross_regime_scheduler.py:2193: FutureWarning: The default fill_method='pad' in DataFrame.pct_change is deprecated and will be removed in a future version. Either fill in any non-leading NA values prior to calling pct_change or specify 'fill_method=None' to not fill NA values.
  daily_returns = prices.pct_change().fillna(0)
/data/workspace/strategy_arena/cross_regime_scheduler.py:2193: FutureWarning: The default fill_method='pad' in DataFrame.pct_change is deprecated and will be removed in a future version. Either fill in any non-leading NA values prior to calling pct_change or specify 'fill_method=None' to not fill NA values.
  daily_returns = prices.pct_change().fillna(0)
/data/workspace/strategy_arena/cross_regime_scheduler.py:2193: FutureWarning: The default fill_method='pad' in DataFrame.pct_change is deprecated and will be removed in a future version. Either fill in any non-leading NA values prior to calling pct_change or specify 'fill_method=None' to not fill NA values.
  daily_returns = prices.pct_change().fillna(0)
/data/workspace/strategy_arena/cross_regime_scheduler.py:2193: FutureWarning: The default fill_method='pad' in DataFrame.pct_change is deprecated and will be removed in a future version. Either fill in any non-leading NA values prior to calling pct_change or specify 'fill_method=None' to not fill NA values.
  daily_returns = prices.pct_change().fillna(0)
/data/workspace/strategy_arena/cross_regime_scheduler.py:2193: FutureWarning: The default fill_method='pad' in DataFrame.pct_change is deprecated and will be removed in a future version. Either fill in any non-leading NA values prior to calling pct_change or specify 'fill_method=None' to not fill NA values.
  daily_returns = prices.pct_change().fillna(0)
/data/workspace/strategy_arena/cross_regime_scheduler.py:2193: FutureWarning: The default fill_method='pad' in DataFrame.pct_change is deprecated and will be removed in a future version. Either fill in any non-leading NA values prior to calling pct_change or specify 'fill_method=None' to not fill NA values.
  daily_returns = prices.pct_change().fillna(0)
/data/workspace/strategy_arena/cross_regime_scheduler.py:2193: FutureWarning: The default fill_method='pad' in DataFrame.pct_change is deprecated and will be removed in a future version. Either fill in any non-leading NA values prior to calling pct_change or specify 'fill_method=None' to not fill NA values.
  daily_returns = prices.pct_change().fillna(0)
/data/workspace/strategy_arena/cross_regime_scheduler.py:2193: FutureWarning: The default fill_method='pad' in DataFrame.pct_change is deprecated and will be removed in a future version. Either fill in any non-leading NA values prior to calling pct_change or specify 'fill_method=None' to not fill NA values.
  daily_returns = prices.pct_change().fillna(0)
/data/workspace/strategy_arena/cross_regime_scheduler.py:2193: FutureWarning: The default fill_method='pad' in DataFrame.pct_change is deprecated and will be removed in a future version. Either fill in any non-leading NA values prior to calling pct_change or specify 'fill_method=None' to not fill NA values.
  daily_returns = prices.pct_change().fillna(0)
/data/workspace/strategy_arena/cross_regime_scheduler.py:2193: FutureWarning: The default fill_method='pad' in DataFrame.pct_change is deprecated and will be removed in a future version. Either fill in any non-leading NA values prior to calling pct_change or specify 'fill_method=None' to not fill NA values.
  daily_returns = prices.pct_change().fillna(0)
    🌐 多标的回测: 107只 | 盈利占比83.2% | 中位年化+5.11% | 美股+6.32% | 港股+16.93%

  📋 [42/115] [趋势跟踪] GEM+ATR4.0x止损_12M

    🌐 [US市场回测]

    🌐 [HK市场回测]

    🌐 [CN市场回测]
      ❌ [美股] 最大回撤>30% | 年化+3.00% | 回撤33.66%
      ❌ [港股] 最大回撤>30% | 年化+22.47% | 回撤53.95%
      ❌ [A股] 最大回撤>30% | 年化+4.27% | 回撤34.97%
    📊 多标的回测汇总: 107只标的 | 盈利占比85.0% | 平均年化+7.00% | 中位数年化+5.33%
       美股99只(盈利83) 年化+6.34%
       港股7只(盈利7) 年化+16.87%
    🌐 多标的回测: 107只 | 盈利占比85.0% | 中位年化+5.33% | 美股+6.34% | 港股+16.87%

  📋 [43/115] [趋势跟踪] 自由轮动5资产_3M+3d缓冲

    🌐 [US市场回测]

    🌐 [HK市场回测]

    🌐 [CN市场回测]
      ❌ [美股] 最大回撤>30% | 年化-0.89% | 回撤42.09%
      ❌ [港股] 最大回撤>30% | 年化+30.14% | 回撤55.72%
      ✅ [A股] 得分28.3分 | 年化+4.18% | 回撤24.56% | 夏普0.21  ⚠️
    📊 多标的回测汇总: 1只标的 | 盈利占比0.0% | 平均年化-0.89% | 中位数年化-0.89%
    🌐 多标的回测: 1只 | 盈利占比0.0% | 中位年化-0.89% | 美股+0.00% | 港股+0.00%

  📋 [44/115] [趋势跟踪] 自由轮动5资产_3M+5d缓冲

    🌐 [US市场回测]

    🌐 [HK市场回测]

    🌐 [CN市场回测]
      ❌ [美股] 最大回撤>30% | 年化+0.64% | 回撤35.62%
      ❌ [港股] 最大回撤>30% | 年化+29.13% | 回撤49.83%
      ✅ [A股] 得分30.27分 | 年化+5.03% | 回撤22.88% | 夏普0.25  ⚠️
    📊 多标的回测汇总: 1只标的 | 盈利占比100.0% | 平均年化+0.64% | 中位数年化+0.64%
    🌐 多标的回测: 1只 | 盈利占比100.0% | 中位年化+0.64% | 美股+0.00% | 港股+0.00%

  📋 [45/115] [趋势跟踪] 自由轮动5资产_6M+0d缓冲

    🌐 [US市场回测]

    🌐 [HK市场回测]

    🌐 [CN市场回测]
      ❌ [美股] 最大回撤>30% | 年化+7.84% | 回撤39.64%
      ❌ [港股] 最大回撤>30% | 年化+25.20% | 回撤47.77%
      ❌ [A股] 最大回撤>30% | 年化+0.34% | 回撤39.42%
    📊 多标的回测汇总: 1只标的 | 盈利占比100.0% | 平均年化+7.84% | 中位数年化+7.84%
    🌐 多标的回测: 1只 | 盈利占比100.0% | 中位年化+7.84% | 美股+0.00% | 港股+0.00%

  📋 [46/115] [趋势跟踪] 自由轮动5资产_6M+3d缓冲

    🌐 [US市场回测]

    🌐 [HK市场回测]

    🌐 [CN市场回测]
      ❌ [美股] 最大回撤>30% | 年化+7.69% | 回撤32.57%
      ❌ [港股] 最大回撤>30% | 年化+23.25% | 回撤48.12%
      ❌ [A股] 最大回撤>30% | 年化+0.45% | 回撤39.14%
    📊 多标的回测汇总: 1只标的 | 盈利占比100.0% | 平均年化+7.69% | 中位数年化+7.69%
    🌐 多标的回测: 1只 | 盈利占比100.0% | 中位年化+7.69% | 美股+0.00% | 港股+0.00%

  📋 [47/115] [趋势跟踪] 自由轮动5资产_6M+5d缓冲

    🌐 [US市场回测]

    🌐 [HK市场回测]

    🌐 [CN市场回测]
      ✅ [美股] 得分37.17分 | 年化+10.64% | 回撤26.62% | 夏普0.43  ⚠️
      ❌ [港股] 最大回撤>30% | 年化+26.36% | 回撤50.55%
      ❌ [A股] 最大回撤>30% | 年化-0.30% | 回撤41.85%
    📊 多标的回测汇总: 1只标的 | 盈利占比100.0% | 平均年化+10.64% | 中位数年化+10.64%
    🌐 多标的回测: 1只 | 盈利占比100.0% | 中位年化+10.64% | 美股+0.00% | 港股+0.00%

  📋 [48/115] [趋势跟踪] 自由轮动5资产_9M+0d缓冲

    🌐 [US市场回测]

    🌐 [HK市场回测]

    🌐 [CN市场回测]
      ❌ [美股] 最大回撤>30% | 年化+6.39% | 回撤38.55%
      ❌ [港股] 最大回撤>30% | 年化+26.51% | 回撤59.53%
      ❌ [A股] 最大回撤>30% | 年化+6.64% | 回撤39.20%
    📊 多标的回测汇总: 1只标的 | 盈利占比100.0% | 平均年化+6.39% | 中位数年化+6.39%
    🌐 多标的回测: 1只 | 盈利占比100.0% | 中位年化+6.39% | 美股+0.00% | 港股+0.00%

  📋 [49/115] [趋势跟踪] 自由轮动5资产_9M+3d缓冲

    🌐 [US市场回测]

    🌐 [HK市场回测]

    🌐 [CN市场回测]
      ❌ [美股] 最大回撤>30% | 年化+5.28% | 回撤40.84%
      ❌ [港股] 最大回撤>30% | 年化+23.39% | 回撤70.25%
      ❌ [A股] 最大回撤>30% | 年化+6.57% | 回撤36.49%
    📊 多标的回测汇总: 1只标的 | 盈利占比100.0% | 平均年化+5.28% | 中位数年化+5.28%
    🌐 多标的回测: 1只 | 盈利占比100.0% | 中位年化+5.28% | 美股+0.00% | 港股+0.00%

  📋 [50/115] [趋势跟踪] 自由轮动5资产_12M+0d缓冲

    🌐 [US市场回测]

    🌐 [HK市场回测]

    🌐 [CN市场回测]
      ❌ [美股] 最大回撤>30% | 年化+5.11% | 回撤36.00%
      ❌ [港股] 最大回撤>30% | 年化+28.96% | 回撤49.23%
      ✅ [A股] 得分39.89分 | 年化+8.63% | 回撤28.82% | 夏普0.45 ✅ ⚠️
    📊 多标的回测汇总: 1只标的 | 盈利占比100.0% | 平均年化+5.11% | 中位数年化+5.11%
    🌐 多标的回测: 1只 | 盈利占比100.0% | 中位年化+5.11% | 美股+0.00% | 港股+0.00%

  📋 [51/115] [趋势跟踪] 自由轮动5资产_12M+3d缓冲

    🌐 [US市场回测]

    🌐 [HK市场回测]

    🌐 [CN市场回测]
      ❌ [美股] 最大回撤>30% | 年化+5.17% | 回撤36.49%
      ❌ [港股] 最大回撤>30% | 年化+29.38% | 回撤49.45%
      ❌ [A股] 最大回撤>30% | 年化+7.95% | 回撤31.29%
    📊 多标的回测汇总: 1只标的 | 盈利占比100.0% | 平均年化+5.17% | 中位数年化+5.17%
    🌐 多标的回测: 1只 | 盈利占比100.0% | 中位年化+5.17% | 美股+0.00% | 港股+0.00%

  📋 [52/115] [趋势跟踪] SPY/GLD/SHY轮动_6M

    🌐 [US市场回测]

    🌐 [HK市场回测]

    🌐 [CN市场回测]
      ❌ [美股] 最大回撤>30% | 年化+9.15% | 回撤34.03%
      ❌ [港股] 最大回撤>30% | 年化+26.28% | 回撤65.47%
      ✅ [A股] 得分40.14分 | 年化+8.73% | 回撤27.06% | 夏普0.46 ✅ ⚠️
    📊 多标的回测汇总: 107只标的 | 盈利占比81.3% | 平均年化+7.95% | 中位数年化+5.87%
       美股99只(盈利79) 年化+6.77%
       港股7只(盈利7) 年化+24.48%
    🌐 多标的回测: 107只 | 盈利占比81.3% | 中位年化+5.87% | 美股+6.77% | 港股+24.48%

  📋 [53/115] [趋势跟踪] SPY/GLD/SHY轮动_6M

    🌐 [US市场回测]

    🌐 [HK市场回测]

    🌐 [CN市场回测]
      ❌ [美股] 最大回撤>30% | 年化+10.16% | 回撤32.26%
      ❌ [港股] 最大回撤>30% | 年化+26.91% | 回撤66.13%
      ✅ [A股] 得分41.45分 | 年化+9.42% | 回撤25.42% | 夏普0.49 ✅ ⚠️
    📊 多标的回测汇总: 107只标的 | 盈利占比81.3% | 平均年化+7.99% | 中位数年化+6.07%
       美股99只(盈利79) 年化+7.05%
       港股7只(盈利7) 年化+20.99%
    🌐 多标的回测: 107只 | 盈利占比81.3% | 中位年化+6.07% | 美股+7.05% | 港股+20.99%

  📋 [54/115] [趋势跟踪] SPY/GLD/SHY轮动_6M

    🌐 [US市场回测]

    🌐 [HK市场回测]

    🌐 [CN市场回测]
      ❌ [美股] 最大回撤>30% | 年化+10.22% | 回撤30.08%
      ❌ [港股] 最大回撤>30% | 年化+28.55% | 回撤61.25%
      ✅ [A股] 得分42.56分 | 年化+10.01% | 回撤25.43% | 夏普0.52 ✅ ⚠️
    📊 多标的回测汇总: 107只标的 | 盈利占比84.1% | 平均年化+8.28% | 中位数年化+6.42%
       美股99只(盈利82) 年化+7.42%
       港股7只(盈利7) 年化+20.12%
    🌐 多标的回测: 107只 | 盈利占比84.1% | 中位年化+6.42% | 美股+7.42% | 港股+20.12%

  📋 [55/115] [趋势跟踪] SPY/GLD/SHY轮动_9M

    🌐 [US市场回测]

    🌐 [HK市场回测]

    🌐 [CN市场回测]
      ❌ [美股] 最大回撤>30% | 年化+8.95% | 回撤34.54%
      ❌ [港股] 最大回撤>30% | 年化+11.27% | 回撤66.93%
      ❌ [A股] 最大回撤>30% | 年化+9.55% | 回撤35.66%
/data/workspace/strategy_arena/cross_regime_scheduler.py:2193: FutureWarning: The default fill_method='pad' in DataFrame.pct_change is deprecated and will be removed in a future version. Either fill in any non-leading NA values prior to calling pct_change or specify 'fill_method=None' to not fill NA values.
  daily_returns = prices.pct_change().fillna(0)
/data/workspace/strategy_arena/cross_regime_scheduler.py:2193: FutureWarning: The default fill_method='pad' in DataFrame.pct_change is deprecated and will be removed in a future version. Either fill in any non-leading NA values prior to calling pct_change or specify 'fill_method=None' to not fill NA values.
  daily_returns = prices.pct_change().fillna(0)
/data/workspace/strategy_arena/cross_regime_scheduler.py:2193: FutureWarning: The default fill_method='pad' in DataFrame.pct_change is deprecated and will be removed in a future version. Either fill in any non-leading NA values prior to calling pct_change or specify 'fill_method=None' to not fill NA values.
  daily_returns = prices.pct_change().fillna(0)
/data/workspace/strategy_arena/cross_regime_scheduler.py:2193: FutureWarning: The default fill_method='pad' in DataFrame.pct_change is deprecated and will be removed in a future version. Either fill in any non-leading NA values prior to calling pct_change or specify 'fill_method=None' to not fill NA values.
  daily_returns = prices.pct_change().fillna(0)
/data/workspace/strategy_arena/cross_regime_scheduler.py:2193: FutureWarning: The default fill_method='pad' in DataFrame.pct_change is deprecated and will be removed in a future version. Either fill in any non-leading NA values prior to calling pct_change or specify 'fill_method=None' to not fill NA values.
  daily_returns = prices.pct_change().fillna(0)
/data/workspace/strategy_arena/cross_regime_scheduler.py:2193: FutureWarning: The default fill_method='pad' in DataFrame.pct_change is deprecated and will be removed in a future version. Either fill in any non-leading NA values prior to calling pct_change or specify 'fill_method=None' to not fill NA values.
  daily_returns = prices.pct_change().fillna(0)
/data/workspace/strategy_arena/cross_regime_scheduler.py:2193: FutureWarning: The default fill_method='pad' in DataFrame.pct_change is deprecated and will be removed in a future version. Either fill in any non-leading NA values prior to calling pct_change or specify 'fill_method=None' to not fill NA values.
  daily_returns = prices.pct_change().fillna(0)
/data/workspace/strategy_arena/cross_regime_scheduler.py:2193: FutureWarning: The default fill_method='pad' in DataFrame.pct_change is deprecated and will be removed in a future version. Either fill in any non-leading NA values prior to calling pct_change or specify 'fill_method=None' to not fill NA values.
  daily_returns = prices.pct_change().fillna(0)
/data/workspace/strategy_arena/cross_regime_scheduler.py:2193: FutureWarning: The default fill_method='pad' in DataFrame.pct_change is deprecated and will be removed in a future version. Either fill in any non-leading NA values prior to calling pct_change or specify 'fill_method=None' to not fill NA values.
  daily_returns = prices.pct_change().fillna(0)
/data/workspace/strategy_arena/cross_regime_scheduler.py:2193: FutureWarning: The default fill_method='pad' in DataFrame.pct_change is deprecated and will be removed in a future version. Either fill in any non-leading NA values prior to calling pct_change or specify 'fill_method=None' to not fill NA values.
  daily_returns = prices.pct_change().fillna(0)
/data/workspace/strategy_arena/cross_regime_scheduler.py:2193: FutureWarning: The default fill_method='pad' in DataFrame.pct_change is deprecated and will be removed in a future version. Either fill in any non-leading NA values prior to calling pct_change or specify 'fill_method=None' to not fill NA values.
  daily_returns = prices.pct_change().fillna(0)
/data/workspace/strategy_arena/cross_regime_scheduler.py:2193: FutureWarning: The default fill_method='pad' in DataFrame.pct_change is deprecated and will be removed in a future version. Either fill in any non-leading NA values prior to calling pct_change or specify 'fill_method=None' to not fill NA values.
  daily_returns = prices.pct_change().fillna(0)
/data/workspace/strategy_arena/cross_regime_scheduler.py:2193: FutureWarning: The default fill_method='pad' in DataFrame.pct_change is deprecated and will be removed in a future version. Either fill in any non-leading NA values prior to calling pct_change or specify 'fill_method=None' to not fill NA values.
  daily_returns = prices.pct_change().fillna(0)
/data/workspace/strategy_arena/cross_regime_scheduler.py:2193: FutureWarning: The default fill_method='pad' in DataFrame.pct_change is deprecated and will be removed in a future version. Either fill in any non-leading NA values prior to calling pct_change or specify 'fill_method=None' to not fill NA values.
  daily_returns = prices.pct_change().fillna(0)
/data/workspace/strategy_arena/cross_regime_scheduler.py:2193: FutureWarning: The default fill_method='pad' in DataFrame.pct_change is deprecated and will be removed in a future version. Either fill in any non-leading NA values prior to calling pct_change or specify 'fill_method=None' to not fill NA values.
  daily_returns = prices.pct_change().fillna(0)
/data/workspace/strategy_arena/cross_regime_scheduler.py:2193: FutureWarning: The default fill_method='pad' in DataFrame.pct_change is deprecated and will be removed in a future version. Either fill in any non-leading NA values prior to calling pct_change or specify 'fill_method=None' to not fill NA values.
  daily_returns = prices.pct_change().fillna(0)
/data/workspace/strategy_arena/cross_regime_scheduler.py:2193: FutureWarning: The default fill_method='pad' in DataFrame.pct_change is deprecated and will be removed in a future version. Either fill in any non-leading NA values prior to calling pct_change or specify 'fill_method=None' to not fill NA values.
  daily_returns = prices.pct_change().fillna(0)
/data/workspace/strategy_arena/cross_regime_scheduler.py:2193: FutureWarning: The default fill_method='pad' in DataFrame.pct_change is deprecated and will be removed in a future version. Either fill in any non-leading NA values prior to calling pct_change or specify 'fill_method=None' to not fill NA values.
  daily_returns = prices.pct_change().fillna(0)
/data/workspace/strategy_arena/cross_regime_scheduler.py:2193: FutureWarning: The default fill_method='pad' in DataFrame.pct_change is deprecated and will be removed in a future version. Either fill in any non-leading NA values prior to calling pct_change or specify 'fill_method=None' to not fill NA values.
  daily_returns = prices.pct_change().fillna(0)
/data/workspace/strategy_arena/cross_regime_scheduler.py:2193: FutureWarning: The default fill_method='pad' in DataFrame.pct_change is deprecated and will be removed in a future version. Either fill in any non-leading NA values prior to calling pct_change or specify 'fill_method=None' to not fill NA values.
  daily_returns = prices.pct_change().fillna(0)
/data/workspace/strategy_arena/cross_regime_scheduler.py:2193: FutureWarning: The default fill_method='pad' in DataFrame.pct_change is deprecated and will be removed in a future version. Either fill in any non-leading NA values prior to calling pct_change or specify 'fill_method=None' to not fill NA values.
  daily_returns = prices.pct_change().fillna(0)
/data/workspace/strategy_arena/cross_regime_scheduler.py:2193: FutureWarning: The default fill_method='pad' in DataFrame.pct_change is deprecated and will be removed in a future version. Either fill in any non-leading NA values prior to calling pct_change or specify 'fill_method=None' to not fill NA values.
  daily_returns = prices.pct_change().fillna(0)
/data/workspace/strategy_arena/cross_regime_scheduler.py:2193: FutureWarning: The default fill_method='pad' in DataFrame.pct_change is deprecated and will be removed in a future version. Either fill in any non-leading NA values prior to calling pct_change or specify 'fill_method=None' to not fill NA values.
  daily_returns = prices.pct_change().fillna(0)
/data/workspace/strategy_arena/cross_regime_scheduler.py:2193: FutureWarning: The default fill_method='pad' in DataFrame.pct_change is deprecated and will be removed in a future version. Either fill in any non-leading NA values prior to calling pct_change or specify 'fill_method=None' to not fill NA values.
  daily_returns = prices.pct_change().fillna(0)
/data/workspace/strategy_arena/cross_regime_scheduler.py:2193: FutureWarning: The default fill_method='pad' in DataFrame.pct_change is deprecated and will be removed in a future version. Either fill in any non-leading NA values prior to calling pct_change or specify 'fill_method=None' to not fill NA values.
  daily_returns = prices.pct_change().fillna(0)
/data/workspace/strategy_arena/cross_regime_scheduler.py:2193: FutureWarning: The default fill_method='pad' in DataFrame.pct_change is deprecated and will be removed in a future version. Either fill in any non-leading NA values prior to calling pct_change or specify 'fill_method=None' to not fill NA values.
  daily_returns = prices.pct_change().fillna(0)
/data/workspace/strategy_arena/cross_regime_scheduler.py:2193: FutureWarning: The default fill_method='pad' in DataFrame.pct_change is deprecated and will be removed in a future version. Either fill in any non-leading NA values prior to calling pct_change or specify 'fill_method=None' to not fill NA values.
  daily_returns = prices.pct_change().fillna(0)
/data/workspace/strategy_arena/cross_regime_scheduler.py:2193: FutureWarning: The default fill_method='pad' in DataFrame.pct_change is deprecated and will be removed in a future version. Either fill in any non-leading NA values prior to calling pct_change or specify 'fill_method=None' to not fill NA values.
  daily_returns = prices.pct_change().fillna(0)
/data/workspace/strategy_arena/cross_regime_scheduler.py:2193: FutureWarning: The default fill_method='pad' in DataFrame.pct_change is deprecated and will be removed in a future version. Either fill in any non-leading NA values prior to calling pct_change or specify 'fill_method=None' to not fill NA values.
  daily_returns = prices.pct_change().fillna(0)
/data/workspace/strategy_arena/cross_regime_scheduler.py:2193: FutureWarning: The default fill_method='pad' in DataFrame.pct_change is deprecated and will be removed in a future version. Either fill in any non-leading NA values prior to calling pct_change or specify 'fill_method=None' to not fill NA values.
  daily_returns = prices.pct_change().fillna(0)
/data/workspace/strategy_arena/cross_regime_scheduler.py:2193: FutureWarning: The default fill_method='pad' in DataFrame.pct_change is deprecated and will be removed in a future version. Either fill in any non-leading NA values prior to calling pct_change or specify 'fill_method=None' to not fill NA values.
  daily_returns = prices.pct_change().fillna(0)
/data/workspace/strategy_arena/cross_regime_scheduler.py:2193: FutureWarning: The default fill_method='pad' in DataFrame.pct_change is deprecated and will be removed in a future version. Either fill in any non-leading NA values prior to calling pct_change or specify 'fill_method=None' to not fill NA values.
  daily_returns = prices.pct_change().fillna(0)
/data/workspace/strategy_arena/cross_regime_scheduler.py:2193: FutureWarning: The default fill_method='pad' in DataFrame.pct_change is deprecated and will be removed in a future version. Either fill in any non-leading NA values prior to calling pct_change or specify 'fill_method=None' to not fill NA values.
  daily_returns = prices.pct_change().fillna(0)
/data/workspace/strategy_arena/cross_regime_scheduler.py:2193: FutureWarning: The default fill_method='pad' in DataFrame.pct_change is deprecated and will be removed in a future version. Either fill in any non-leading NA values prior to calling pct_change or specify 'fill_method=None' to not fill NA values.
  daily_returns = prices.pct_change().fillna(0)
/data/workspace/strategy_arena/cross_regime_scheduler.py:2193: FutureWarning: The default fill_method='pad' in DataFrame.pct_change is deprecated and will be removed in a future version. Either fill in any non-leading NA values prior to calling pct_change or specify 'fill_method=None' to not fill NA values.
  daily_returns = prices.pct_change().fillna(0)
/data/workspace/strategy_arena/cross_regime_scheduler.py:2193: FutureWarning: The default fill_method='pad' in DataFrame.pct_change is deprecated and will be removed in a future version. Either fill in any non-leading NA values prior to calling pct_change or specify 'fill_method=None' to not fill NA values.
  daily_returns = prices.pct_change().fillna(0)
/data/workspace/strategy_arena/cross_regime_scheduler.py:2193: FutureWarning: The default fill_method='pad' in DataFrame.pct_change is deprecated and will be removed in a future version. Either fill in any non-leading NA values prior to calling pct_change or specify 'fill_method=None' to not fill NA values.
  daily_returns = prices.pct_change().fillna(0)
/data/workspace/strategy_arena/cross_regime_scheduler.py:2193: FutureWarning: The default fill_method='pad' in DataFrame.pct_change is deprecated and will be removed in a future version. Either fill in any non-leading NA values prior to calling pct_change or specify 'fill_method=None' to not fill NA values.
  daily_returns = prices.pct_change().fillna(0)
/data/workspace/strategy_arena/cross_regime_scheduler.py:2193: FutureWarning: The default fill_method='pad' in DataFrame.pct_change is deprecated and will be removed in a future version. Either fill in any non-leading NA values prior to calling pct_change or specify 'fill_method=None' to not fill NA values.
  daily_returns = prices.pct_change().fillna(0)
/data/workspace/strategy_arena/cross_regime_scheduler.py:2193: FutureWarning: The default fill_method='pad' in DataFrame.pct_change is deprecated and will be removed in a future version. Either fill in any non-leading NA values prior to calling pct_change or specify 'fill_method=None' to not fill NA values.
  daily_returns = prices.pct_change().fillna(0)
/data/workspace/strategy_arena/cross_regime_scheduler.py:2193: FutureWarning: The default fill_method='pad' in DataFrame.pct_change is deprecated and will be removed in a future version. Either fill in any non-leading NA values prior to calling pct_change or specify 'fill_method=None' to not fill NA values.
  daily_returns = prices.pct_change().fillna(0)
/data/workspace/strategy_arena/cross_regime_scheduler.py:2193: FutureWarning: The default fill_method='pad' in DataFrame.pct_change is deprecated and will be removed in a future version. Either fill in any non-leading NA values prior to calling pct_change or specify 'fill_method=None' to not fill NA values.
  daily_returns = prices.pct_change().fillna(0)
/data/workspace/strategy_arena/cross_regime_scheduler.py:2193: FutureWarning: The default fill_method='pad' in DataFrame.pct_change is deprecated and will be removed in a future version. Either fill in any non-leading NA values prior to calling pct_change or specify 'fill_method=None' to not fill NA values.
  daily_returns = prices.pct_change().fillna(0)
/data/workspace/strategy_arena/cross_regime_scheduler.py:2193: FutureWarning: The default fill_method='pad' in DataFrame.pct_change is deprecated and will be removed in a future version. Either fill in any non-leading NA values prior to calling pct_change or specify 'fill_method=None' to not fill NA values.
  daily_returns = prices.pct_change().fillna(0)
/data/workspace/strategy_arena/cross_regime_scheduler.py:2193: FutureWarning: The default fill_method='pad' in DataFrame.pct_change is deprecated and will be removed in a future version. Either fill in any non-leading NA values prior to calling pct_change or specify 'fill_method=None' to not fill NA values.
  daily_returns = prices.pct_change().fillna(0)
/data/workspace/strategy_arena/cross_regime_scheduler.py:2193: FutureWarning: The default fill_method='pad' in DataFrame.pct_change is deprecated and will be removed in a future version. Either fill in any non-leading NA values prior to calling pct_change or specify 'fill_method=None' to not fill NA values.
  daily_returns = prices.pct_change().fillna(0)
/data/workspace/strategy_arena/cross_regime_scheduler.py:2193: FutureWarning: The default fill_method='pad' in DataFrame.pct_change is deprecated and will be removed in a future version. Either fill in any non-leading NA values prior to calling pct_change or specify 'fill_method=None' to not fill NA values.
  daily_returns = prices.pct_change().fillna(0)
/data/workspace/strategy_arena/cross_regime_scheduler.py:2193: FutureWarning: The default fill_method='pad' in DataFrame.pct_change is deprecated and will be removed in a future version. Either fill in any non-leading NA values prior to calling pct_change or specify 'fill_method=None' to not fill NA values.
  daily_returns = prices.pct_change().fillna(0)
/data/workspace/strategy_arena/cross_regime_scheduler.py:2193: FutureWarning: The default fill_method='pad' in DataFrame.pct_change is deprecated and will be removed in a future version. Either fill in any non-leading NA values prior to calling pct_change or specify 'fill_method=None' to not fill NA values.
  daily_returns = prices.pct_change().fillna(0)
/data/workspace/strategy_arena/cross_regime_scheduler.py:2193: FutureWarning: The default fill_method='pad' in DataFrame.pct_change is deprecated and will be removed in a future version. Either fill in any non-leading NA values prior to calling pct_change or specify 'fill_method=None' to not fill NA values.
  daily_returns = prices.pct_change().fillna(0)
/data/workspace/strategy_arena/cross_regime_scheduler.py:2193: FutureWarning: The default fill_method='pad' in DataFrame.pct_change is deprecated and will be removed in a future version. Either fill in any non-leading NA values prior to calling pct_change or specify 'fill_method=None' to not fill NA values.
  daily_returns = prices.pct_change().fillna(0)
/data/workspace/strategy_arena/cross_regime_scheduler.py:2193: FutureWarning: The default fill_method='pad' in DataFrame.pct_change is deprecated and will be removed in a future version. Either fill in any non-leading NA values prior to calling pct_change or specify 'fill_method=None' to not fill NA values.
  daily_returns = prices.pct_change().fillna(0)
    📊 多标的回测汇总: 107只标的 | 盈利占比85.0% | 平均年化+7.67% | 中位数年化+5.52%
       美股99只(盈利83) 年化+6.85%
       港股7只(盈利7) 年化+19.10%
    🌐 多标的回测: 107只 | 盈利占比85.0% | 中位年化+5.52% | 美股+6.85% | 港股+19.10%

  📋 [56/115] [趋势跟踪] SPY/GLD/SHY轮动_9M

    🌐 [US市场回测]

    🌐 [HK市场回测]

    🌐 [CN市场回测]
      ❌ [美股] 最大回撤>30% | 年化+9.10% | 回撤36.06%
      ❌ [港股] 最大回撤>30% | 年化+14.41% | 回撤59.47%
      ❌ [A股] 最大回撤>30% | 年化+10.45% | 回撤30.34%
    📊 多标的回测汇总: 107只标的 | 盈利占比85.0% | 平均年化+7.98% | 中位数年化+6.15%
       美股99只(盈利83) 年化+7.35%
       港股7只(盈利7) 年化+16.77%
    🌐 多标的回测: 107只 | 盈利占比85.0% | 中位年化+6.15% | 美股+7.35% | 港股+16.77%

  📋 [57/115] [趋势跟踪] SPY/GLD/SHY轮动_9M

    🌐 [US市场回测]

    🌐 [HK市场回测]

    🌐 [CN市场回测]
      ❌ [美股] 最大回撤>30% | 年化+9.78% | 回撤33.77%
      ❌ [港股] 最大回撤>30% | 年化+13.23% | 回撤60.50%
      ❌ [A股] 最大回撤>30% | 年化+9.49% | 回撤34.04%
    📊 多标的回测汇总: 107只标的 | 盈利占比90.7% | 平均年化+8.37% | 中位数年化+6.67%
       美股99只(盈利89) 年化+7.86%
       港股7只(盈利7) 年化+15.30%
    🌐 多标的回测: 107只 | 盈利占比90.7% | 中位年化+6.67% | 美股+7.86% | 港股+15.30%

  📋 [58/115] [趋势跟踪] SPY/GLD/SHY轮动_12M

    🌐 [US市场回测]

    🌐 [HK市场回测]

    🌐 [CN市场回测]
      ❌ [美股] 最大回撤>30% | 年化+7.89% | 回撤31.61%
      ❌ [港股] 最大回撤>30% | 年化+3.39% | 回撤79.54%
      ❌ [A股] 最大回撤>30% | 年化+8.06% | 回撤38.53%
    📊 多标的回测汇总: 107只标的 | 盈利占比86.9% | 平均年化+7.07% | 中位数年化+4.84%
       美股99只(盈利85) 年化+6.37%
       港股7只(盈利7) 年化+16.94%
    🌐 多标的回测: 107只 | 盈利占比86.9% | 中位年化+4.84% | 美股+6.37% | 港股+16.94%

  📋 [59/115] [趋势跟踪] SPY/GLD/SHY轮动_12M

    🌐 [US市场回测]

    🌐 [HK市场回测]

    🌐 [CN市场回测]
      ❌ [美股] 最大回撤>30% | 年化+7.50% | 回撤31.61%
      ❌ [港股] 最大回撤>30% | 年化+2.36% | 回撤80.46%
      ❌ [A股] 最大回撤>30% | 年化+8.13% | 回撤36.66%
    📊 多标的回测汇总: 107只标的 | 盈利占比87.9% | 平均年化+7.31% | 中位数年化+5.43%
       美股99只(盈利86) 年化+6.78%
       港股7只(盈利7) 年化+14.82%
    🌐 多标的回测: 107只 | 盈利占比87.9% | 中位年化+5.43% | 美股+6.78% | 港股+14.82%

  📋 [60/115] [趋势跟踪] SPY/GLD/SHY轮动_12M

    🌐 [US市场回测]

    🌐 [HK市场回测]

    🌐 [CN市场回测]
      ❌ [美股] 最大回撤>30% | 年化+9.42% | 回撤31.61%
      ❌ [港股] 最大回撤>30% | 年化+2.53% | 回撤80.43%
      ❌ [A股] 最大回撤>30% | 年化+10.12% | 回撤34.30%
    📊 多标的回测汇总: 107只标的 | 盈利占比87.9% | 平均年化+7.50% | 中位数年化+5.66%
       美股99只(盈利86) 年化+7.01%
       港股7只(盈利7) 年化+14.12%
    🌐 多标的回测: 107只 | 盈利占比87.9% | 中位年化+5.66% | 美股+7.01% | 港股+14.12%

  📋 [61/115] [趋势跟踪] QQQ/VEA/GLD轮动_6M

    🌐 [US市场回测]

    🌐 [HK市场回测]

    🌐 [CN市场回测]
      ❌ [美股] 最大回撤>30% | 年化+9.17% | 回撤31.42%
      ❌ [港股] 最大回撤>30% | 年化+32.63% | 回撤43.42%
      ✅ [A股] 得分27.46分 | 年化+4.99% | 回撤26.32% | 夏普0.25  ⚠️
    📊 多标的回测汇总: 107只标的 | 盈利占比81.3% | 平均年化+7.95% | 中位数年化+5.87%
       美股99只(盈利79) 年化+6.77%
       港股7只(盈利7) 年化+24.48%
    🌐 多标的回测: 107只 | 盈利占比81.3% | 中位年化+5.87% | 美股+6.77% | 港股+24.48%

  📋 [62/115] [趋势跟踪] QQQ/VEA/GLD轮动_6M

    🌐 [US市场回测]

    🌐 [HK市场回测]

    🌐 [CN市场回测]
      ❌ [美股] 最大回撤>30% | 年化+9.29% | 回撤33.53%
      ❌ [港股] 最大回撤>30% | 年化+33.48% | 回撤42.47%
      ✅ [A股] 得分30.21分 | 年化+6.27% | 回撤26.21% | 夏普0.33  ⚠️
    📊 多标的回测汇总: 107只标的 | 盈利占比81.3% | 平均年化+7.98% | 中位数年化+6.07%
       美股99只(盈利79) 年化+7.05%
       港股7只(盈利7) 年化+20.99%
    🌐 多标的回测: 107只 | 盈利占比81.3% | 中位年化+6.07% | 美股+7.05% | 港股+20.99%

  📋 [63/115] [趋势跟踪] QQQ/VEA/GLD轮动_9M

    🌐 [US市场回测]

    🌐 [HK市场回测]

    🌐 [CN市场回测]
      ✅ [美股] 得分22.88分 | 年化+3.88% | 回撤25.83% | 夏普0.02  ⚠️
      ❌ [港股] 最大回撤>30% | 年化+26.26% | 回撤56.91%
      ❌ [A股] 最大回撤>30% | 年化+3.99% | 回撤38.02%
    📊 多标的回测汇总: 107只标的 | 盈利占比85.0% | 平均年化+7.63% | 中位数年化+5.49%
       美股99只(盈利83) 年化+6.85%
       港股7只(盈利7) 年化+19.10%
    🌐 多标的回测: 107只 | 盈利占比85.0% | 中位年化+5.49% | 美股+6.85% | 港股+19.10%

  📋 [64/115] [趋势跟踪] QQQ/VEA/GLD轮动_9M

    🌐 [US市场回测]

    🌐 [HK市场回测]

    🌐 [CN市场回测]
      ✅ [美股] 得分25.81分 | 年化+5.24% | 回撤27.32% | 夏普0.11  ⚠️
      ❌ [港股] 最大回撤>30% | 年化+27.39% | 回撤56.21%
      ❌ [A股] 最大回撤>30% | 年化+3.02% | 回撤42.93%
    📊 多标的回测汇总: 107只标的 | 盈利占比85.0% | 平均年化+7.95% | 中位数年化+6.04%
       美股99只(盈利83) 年化+7.35%
       港股7只(盈利7) 年化+16.77%
    🌐 多标的回测: 107只 | 盈利占比85.0% | 中位年化+6.04% | 美股+7.35% | 港股+16.77%

  📋 [65/115] [趋势跟踪] QQQ/VEA/GLD轮动_12M

    🌐 [US市场回测]

    🌐 [HK市场回测]

    🌐 [CN市场回测]
      ❌ [美股] 最大回撤>30% | 年化+5.29% | 回撤37.63%
      ❌ [港股] 最大回撤>30% | 年化+22.85% | 回撤50.20%
      ❌ [A股] 最大回撤>30% | 年化+7.36% | 回撤35.08%
    📊 多标的回测汇总: 107只标的 | 盈利占比86.9% | 平均年化+7.05% | 中位数年化+4.84%
       美股99只(盈利85) 年化+6.37%
       港股7只(盈利7) 年化+16.94%
    🌐 多标的回测: 107只 | 盈利占比86.9% | 中位年化+4.84% | 美股+6.37% | 港股+16.94%

  📋 [66/115] [趋势跟踪] QQQ/VEA/GLD轮动_12M

    🌐 [US市场回测]

    🌐 [HK市场回测]

    🌐 [CN市场回测]
      ❌ [美股] 最大回撤>30% | 年化+6.86% | 回撤31.20%
      ❌ [港股] 最大回撤>30% | 年化+17.95% | 回撤56.84%
      ❌ [A股] 最大回撤>30% | 年化+7.33% | 回撤35.59%
    📊 多标的回测汇总: 107只标的 | 盈利占比87.9% | 平均年化+7.30% | 中位数年化+5.43%
       美股99只(盈利86) 年化+6.78%
       港股7只(盈利7) 年化+14.82%
    🌐 多标的回测: 107只 | 盈利占比87.9% | 中位年化+5.43% | 美股+6.78% | 港股+14.82%

  📋 [67/115] [均值回归] 布林带回归_10日2.0σ_6M

    🌐 [US市场回测]

    🌐 [HK市场回测]

    🌐 [CN市场回测]
      ❌ [美股] 最大回撤>30% | 年化+12.36% | 回撤35.02%
      ❌ [港股] 最大回撤>30% | 年化+16.07% | 回撤77.82%
      ❌ [A股] 最大回撤>30% | 年化+3.04% | 回撤37.60%
    📊 多标的回测汇总: 107只标的 | 盈利占比87.9% | 平均年化+6.10% | 中位数年化+6.46%
       美股99只(盈利92) 年化+7.82%
       港股7只(盈利1) 年化-19.08%
    🌐 多标的回测: 107只 | 盈利占比87.9% | 中位年化+6.46% | 美股+7.82% | 港股-19.08%

  📋 [68/115] [均值回归] 布林带回归_10日2.5σ_6M

    🌐 [US市场回测]

    🌐 [HK市场回测]

    🌐 [CN市场回测]
      ❌ [美股] 最大回撤>30% | 年化+9.14% | 回撤35.27%
/data/workspace/strategy_arena/cross_regime_scheduler.py:2193: FutureWarning: The default fill_method='pad' in DataFrame.pct_change is deprecated and will be removed in a future version. Either fill in any non-leading NA values prior to calling pct_change or specify 'fill_method=None' to not fill NA values.
  daily_returns = prices.pct_change().fillna(0)
/data/workspace/strategy_arena/cross_regime_scheduler.py:2193: FutureWarning: The default fill_method='pad' in DataFrame.pct_change is deprecated and will be removed in a future version. Either fill in any non-leading NA values prior to calling pct_change or specify 'fill_method=None' to not fill NA values.
  daily_returns = prices.pct_change().fillna(0)
/data/workspace/strategy_arena/cross_regime_scheduler.py:2193: FutureWarning: The default fill_method='pad' in DataFrame.pct_change is deprecated and will be removed in a future version. Either fill in any non-leading NA values prior to calling pct_change or specify 'fill_method=None' to not fill NA values.
  daily_returns = prices.pct_change().fillna(0)
/data/workspace/strategy_arena/cross_regime_scheduler.py:2193: FutureWarning: The default fill_method='pad' in DataFrame.pct_change is deprecated and will be removed in a future version. Either fill in any non-leading NA values prior to calling pct_change or specify 'fill_method=None' to not fill NA values.
  daily_returns = prices.pct_change().fillna(0)
/data/workspace/strategy_arena/cross_regime_scheduler.py:2193: FutureWarning: The default fill_method='pad' in DataFrame.pct_change is deprecated and will be removed in a future version. Either fill in any non-leading NA values prior to calling pct_change or specify 'fill_method=None' to not fill NA values.
  daily_returns = prices.pct_change().fillna(0)
/data/workspace/strategy_arena/cross_regime_scheduler.py:2193: FutureWarning: The default fill_method='pad' in DataFrame.pct_change is deprecated and will be removed in a future version. Either fill in any non-leading NA values prior to calling pct_change or specify 'fill_method=None' to not fill NA values.
  daily_returns = prices.pct_change().fillna(0)
/data/workspace/strategy_arena/cross_regime_scheduler.py:2193: FutureWarning: The default fill_method='pad' in DataFrame.pct_change is deprecated and will be removed in a future version. Either fill in any non-leading NA values prior to calling pct_change or specify 'fill_method=None' to not fill NA values.
  daily_returns = prices.pct_change().fillna(0)
/data/workspace/strategy_arena/cross_regime_scheduler.py:2193: FutureWarning: The default fill_method='pad' in DataFrame.pct_change is deprecated and will be removed in a future version. Either fill in any non-leading NA values prior to calling pct_change or specify 'fill_method=None' to not fill NA values.
  daily_returns = prices.pct_change().fillna(0)
/data/workspace/strategy_arena/cross_regime_scheduler.py:2193: FutureWarning: The default fill_method='pad' in DataFrame.pct_change is deprecated and will be removed in a future version. Either fill in any non-leading NA values prior to calling pct_change or specify 'fill_method=None' to not fill NA values.
  daily_returns = prices.pct_change().fillna(0)
/data/workspace/strategy_arena/cross_regime_scheduler.py:2193: FutureWarning: The default fill_method='pad' in DataFrame.pct_change is deprecated and will be removed in a future version. Either fill in any non-leading NA values prior to calling pct_change or specify 'fill_method=None' to not fill NA values.
  daily_returns = prices.pct_change().fillna(0)
/data/workspace/strategy_arena/cross_regime_scheduler.py:2193: FutureWarning: The default fill_method='pad' in DataFrame.pct_change is deprecated and will be removed in a future version. Either fill in any non-leading NA values prior to calling pct_change or specify 'fill_method=None' to not fill NA values.
  daily_returns = prices.pct_change().fillna(0)
/data/workspace/strategy_arena/cross_regime_scheduler.py:2193: FutureWarning: The default fill_method='pad' in DataFrame.pct_change is deprecated and will be removed in a future version. Either fill in any non-leading NA values prior to calling pct_change or specify 'fill_method=None' to not fill NA values.
  daily_returns = prices.pct_change().fillna(0)
/data/workspace/strategy_arena/cross_regime_scheduler.py:2193: FutureWarning: The default fill_method='pad' in DataFrame.pct_change is deprecated and will be removed in a future version. Either fill in any non-leading NA values prior to calling pct_change or specify 'fill_method=None' to not fill NA values.
  daily_returns = prices.pct_change().fillna(0)
/data/workspace/strategy_arena/cross_regime_scheduler.py:2193: FutureWarning: The default fill_method='pad' in DataFrame.pct_change is deprecated and will be removed in a future version. Either fill in any non-leading NA values prior to calling pct_change or specify 'fill_method=None' to not fill NA values.
  daily_returns = prices.pct_change().fillna(0)
/data/workspace/strategy_arena/cross_regime_scheduler.py:2193: FutureWarning: The default fill_method='pad' in DataFrame.pct_change is deprecated and will be removed in a future version. Either fill in any non-leading NA values prior to calling pct_change or specify 'fill_method=None' to not fill NA values.
  daily_returns = prices.pct_change().fillna(0)
/data/workspace/strategy_arena/cross_regime_scheduler.py:2193: FutureWarning: The default fill_method='pad' in DataFrame.pct_change is deprecated and will be removed in a future version. Either fill in any non-leading NA values prior to calling pct_change or specify 'fill_method=None' to not fill NA values.
  daily_returns = prices.pct_change().fillna(0)
/data/workspace/strategy_arena/cross_regime_scheduler.py:2193: FutureWarning: The default fill_method='pad' in DataFrame.pct_change is deprecated and will be removed in a future version. Either fill in any non-leading NA values prior to calling pct_change or specify 'fill_method=None' to not fill NA values.
  daily_returns = prices.pct_change().fillna(0)
/data/workspace/strategy_arena/cross_regime_scheduler.py:2193: FutureWarning: The default fill_method='pad' in DataFrame.pct_change is deprecated and will be removed in a future version. Either fill in any non-leading NA values prior to calling pct_change or specify 'fill_method=None' to not fill NA values.
  daily_returns = prices.pct_change().fillna(0)
/data/workspace/strategy_arena/cross_regime_scheduler.py:2193: FutureWarning: The default fill_method='pad' in DataFrame.pct_change is deprecated and will be removed in a future version. Either fill in any non-leading NA values prior to calling pct_change or specify 'fill_method=None' to not fill NA values.
  daily_returns = prices.pct_change().fillna(0)
/data/workspace/strategy_arena/cross_regime_scheduler.py:2193: FutureWarning: The default fill_method='pad' in DataFrame.pct_change is deprecated and will be removed in a future version. Either fill in any non-leading NA values prior to calling pct_change or specify 'fill_method=None' to not fill NA values.
  daily_returns = prices.pct_change().fillna(0)
/data/workspace/strategy_arena/cross_regime_scheduler.py:2193: FutureWarning: The default fill_method='pad' in DataFrame.pct_change is deprecated and will be removed in a future version. Either fill in any non-leading NA values prior to calling pct_change or specify 'fill_method=None' to not fill NA values.
  daily_returns = prices.pct_change().fillna(0)
/data/workspace/strategy_arena/cross_regime_scheduler.py:2193: FutureWarning: The default fill_method='pad' in DataFrame.pct_change is deprecated and will be removed in a future version. Either fill in any non-leading NA values prior to calling pct_change or specify 'fill_method=None' to not fill NA values.
  daily_returns = prices.pct_change().fillna(0)
/data/workspace/strategy_arena/cross_regime_scheduler.py:2193: FutureWarning: The default fill_method='pad' in DataFrame.pct_change is deprecated and will be removed in a future version. Either fill in any non-leading NA values prior to calling pct_change or specify 'fill_method=None' to not fill NA values.
  daily_returns = prices.pct_change().fillna(0)
/data/workspace/strategy_arena/cross_regime_scheduler.py:2193: FutureWarning: The default fill_method='pad' in DataFrame.pct_change is deprecated and will be removed in a future version. Either fill in any non-leading NA values prior to calling pct_change or specify 'fill_method=None' to not fill NA values.
  daily_returns = prices.pct_change().fillna(0)
/data/workspace/strategy_arena/cross_regime_scheduler.py:2193: FutureWarning: The default fill_method='pad' in DataFrame.pct_change is deprecated and will be removed in a future version. Either fill in any non-leading NA values prior to calling pct_change or specify 'fill_method=None' to not fill NA values.
  daily_returns = prices.pct_change().fillna(0)
/data/workspace/strategy_arena/cross_regime_scheduler.py:2193: FutureWarning: The default fill_method='pad' in DataFrame.pct_change is deprecated and will be removed in a future version. Either fill in any non-leading NA values prior to calling pct_change or specify 'fill_method=None' to not fill NA values.
  daily_returns = prices.pct_change().fillna(0)
/data/workspace/strategy_arena/cross_regime_scheduler.py:2193: FutureWarning: The default fill_method='pad' in DataFrame.pct_change is deprecated and will be removed in a future version. Either fill in any non-leading NA values prior to calling pct_change or specify 'fill_method=None' to not fill NA values.
  daily_returns = prices.pct_change().fillna(0)
/data/workspace/strategy_arena/cross_regime_scheduler.py:2193: FutureWarning: The default fill_method='pad' in DataFrame.pct_change is deprecated and will be removed in a future version. Either fill in any non-leading NA values prior to calling pct_change or specify 'fill_method=None' to not fill NA values.
  daily_returns = prices.pct_change().fillna(0)
/data/workspace/strategy_arena/cross_regime_scheduler.py:2193: FutureWarning: The default fill_method='pad' in DataFrame.pct_change is deprecated and will be removed in a future version. Either fill in any non-leading NA values prior to calling pct_change or specify 'fill_method=None' to not fill NA values.
  daily_returns = prices.pct_change().fillna(0)
/data/workspace/strategy_arena/cross_regime_scheduler.py:2193: FutureWarning: The default fill_method='pad' in DataFrame.pct_change is deprecated and will be removed in a future version. Either fill in any non-leading NA values prior to calling pct_change or specify 'fill_method=None' to not fill NA values.
  daily_returns = prices.pct_change().fillna(0)
/data/workspace/strategy_arena/cross_regime_scheduler.py:2193: FutureWarning: The default fill_method='pad' in DataFrame.pct_change is deprecated and will be removed in a future version. Either fill in any non-leading NA values prior to calling pct_change or specify 'fill_method=None' to not fill NA values.
  daily_returns = prices.pct_change().fillna(0)
/data/workspace/strategy_arena/cross_regime_scheduler.py:2193: FutureWarning: The default fill_method='pad' in DataFrame.pct_change is deprecated and will be removed in a future version. Either fill in any non-leading NA values prior to calling pct_change or specify 'fill_method=None' to not fill NA values.
  daily_returns = prices.pct_change().fillna(0)
/data/workspace/strategy_arena/cross_regime_scheduler.py:2193: FutureWarning: The default fill_method='pad' in DataFrame.pct_change is deprecated and will be removed in a future version. Either fill in any non-leading NA values prior to calling pct_change or specify 'fill_method=None' to not fill NA values.
  daily_returns = prices.pct_change().fillna(0)
/data/workspace/strategy_arena/cross_regime_scheduler.py:2193: FutureWarning: The default fill_method='pad' in DataFrame.pct_change is deprecated and will be removed in a future version. Either fill in any non-leading NA values prior to calling pct_change or specify 'fill_method=None' to not fill NA values.
  daily_returns = prices.pct_change().fillna(0)
/data/workspace/strategy_arena/cross_regime_scheduler.py:2193: FutureWarning: The default fill_method='pad' in DataFrame.pct_change is deprecated and will be removed in a future version. Either fill in any non-leading NA values prior to calling pct_change or specify 'fill_method=None' to not fill NA values.
  daily_returns = prices.pct_change().fillna(0)
/data/workspace/strategy_arena/cross_regime_scheduler.py:2193: FutureWarning: The default fill_method='pad' in DataFrame.pct_change is deprecated and will be removed in a future version. Either fill in any non-leading NA values prior to calling pct_change or specify 'fill_method=None' to not fill NA values.
  daily_returns = prices.pct_change().fillna(0)
/data/workspace/strategy_arena/cross_regime_scheduler.py:2193: FutureWarning: The default fill_method='pad' in DataFrame.pct_change is deprecated and will be removed in a future version. Either fill in any non-leading NA values prior to calling pct_change or specify 'fill_method=None' to not fill NA values.
  daily_returns = prices.pct_change().fillna(0)
/data/workspace/strategy_arena/cross_regime_scheduler.py:2193: FutureWarning: The default fill_method='pad' in DataFrame.pct_change is deprecated and will be removed in a future version. Either fill in any non-leading NA values prior to calling pct_change or specify 'fill_method=None' to not fill NA values.
  daily_returns = prices.pct_change().fillna(0)
/data/workspace/strategy_arena/cross_regime_scheduler.py:2193: FutureWarning: The default fill_method='pad' in DataFrame.pct_change is deprecated and will be removed in a future version. Either fill in any non-leading NA values prior to calling pct_change or specify 'fill_method=None' to not fill NA values.
  daily_returns = prices.pct_change().fillna(0)
/data/workspace/strategy_arena/cross_regime_scheduler.py:2193: FutureWarning: The default fill_method='pad' in DataFrame.pct_change is deprecated and will be removed in a future version. Either fill in any non-leading NA values prior to calling pct_change or specify 'fill_method=None' to not fill NA values.
  daily_returns = prices.pct_change().fillna(0)
/data/workspace/strategy_arena/cross_regime_scheduler.py:2193: FutureWarning: The default fill_method='pad' in DataFrame.pct_change is deprecated and will be removed in a future version. Either fill in any non-leading NA values prior to calling pct_change or specify 'fill_method=None' to not fill NA values.
  daily_returns = prices.pct_change().fillna(0)
/data/workspace/strategy_arena/cross_regime_scheduler.py:2193: FutureWarning: The default fill_method='pad' in DataFrame.pct_change is deprecated and will be removed in a future version. Either fill in any non-leading NA values prior to calling pct_change or specify 'fill_method=None' to not fill NA values.
  daily_returns = prices.pct_change().fillna(0)
/data/workspace/strategy_arena/cross_regime_scheduler.py:2193: FutureWarning: The default fill_method='pad' in DataFrame.pct_change is deprecated and will be removed in a future version. Either fill in any non-leading NA values prior to calling pct_change or specify 'fill_method=None' to not fill NA values.
  daily_returns = prices.pct_change().fillna(0)
/data/workspace/strategy_arena/cross_regime_scheduler.py:2193: FutureWarning: The default fill_method='pad' in DataFrame.pct_change is deprecated and will be removed in a future version. Either fill in any non-leading NA values prior to calling pct_change or specify 'fill_method=None' to not fill NA values.
  daily_returns = prices.pct_change().fillna(0)
/data/workspace/strategy_arena/cross_regime_scheduler.py:2193: FutureWarning: The default fill_method='pad' in DataFrame.pct_change is deprecated and will be removed in a future version. Either fill in any non-leading NA values prior to calling pct_change or specify 'fill_method=None' to not fill NA values.
  daily_returns = prices.pct_change().fillna(0)
/data/workspace/strategy_arena/cross_regime_scheduler.py:2193: FutureWarning: The default fill_method='pad' in DataFrame.pct_change is deprecated and will be removed in a future version. Either fill in any non-leading NA values prior to calling pct_change or specify 'fill_method=None' to not fill NA values.
  daily_returns = prices.pct_change().fillna(0)
/data/workspace/strategy_arena/cross_regime_scheduler.py:2193: FutureWarning: The default fill_method='pad' in DataFrame.pct_change is deprecated and will be removed in a future version. Either fill in any non-leading NA values prior to calling pct_change or specify 'fill_method=None' to not fill NA values.
  daily_returns = prices.pct_change().fillna(0)
/data/workspace/strategy_arena/cross_regime_scheduler.py:2193: FutureWarning: The default fill_method='pad' in DataFrame.pct_change is deprecated and will be removed in a future version. Either fill in any non-leading NA values prior to calling pct_change or specify 'fill_method=None' to not fill NA values.
  daily_returns = prices.pct_change().fillna(0)
/data/workspace/strategy_arena/cross_regime_scheduler.py:2193: FutureWarning: The default fill_method='pad' in DataFrame.pct_change is deprecated and will be removed in a future version. Either fill in any non-leading NA values prior to calling pct_change or specify 'fill_method=None' to not fill NA values.
  daily_returns = prices.pct_change().fillna(0)
/data/workspace/strategy_arena/cross_regime_scheduler.py:2193: FutureWarning: The default fill_method='pad' in DataFrame.pct_change is deprecated and will be removed in a future version. Either fill in any non-leading NA values prior to calling pct_change or specify 'fill_method=None' to not fill NA values.
  daily_returns = prices.pct_change().fillna(0)
      ❌ [港股] 最大回撤>30% | 年化+10.88% | 回撤76.11%
      ❌ [A股] 最大回撤>30% | 年化+2.43% | 回撤48.39%
    📊 多标的回测汇总: 107只标的 | 盈利占比87.9% | 平均年化+6.37% | 中位数年化+5.60%
       美股99只(盈利89) 年化+6.85%
       港股7只(盈利4) 年化-0.73%
    🌐 多标的回测: 107只 | 盈利占比87.9% | 中位年化+5.60% | 美股+6.85% | 港股-0.73%

  📋 [69/115] [趋势跟踪] MACD12/21轮动+3d缓冲

    🌐 [US市场回测]

    🌐 [HK市场回测]

    🌐 [CN市场回测]
      ❌ [美股] 最大回撤>30% | 年化+2.70% | 回撤30.30%
      ❌ [港股] 最大回撤>30% | 年化+9.33% | 回撤63.03%
      ❌ [A股] 最大回撤>30% | 年化+5.14% | 回撤38.75%
    📊 多标的回测汇总: 107只标的 | 盈利占比80.4% | 平均年化+7.38% | 中位数年化+3.95%
       美股99只(盈利78) 年化+4.80%
       港股7只(盈利7) 年化+44.56%
    🌐 多标的回测: 107只 | 盈利占比80.4% | 中位年化+3.95% | 美股+4.80% | 港股+44.56%

  📋 [70/115] [趋势跟踪] MACD12/26轮动+3d缓冲

    🌐 [US市场回测]

    🌐 [HK市场回测]

    🌐 [CN市场回测]
      ✅ [美股] 得分21.25分 | 年化+3.26% | 回撤28.31% | 夏普-0.06  ⚠️
      ❌ [港股] 最大回撤>30% | 年化+7.00% | 回撤57.76%
      ❌ [A股] 最大回撤>30% | 年化+5.95% | 回撤40.87%
    📊 多标的回测汇总: 107只标的 | 盈利占比82.2% | 平均年化+7.22% | 中位数年化+4.53%
       美股99只(盈利80) 年化+4.94%
       港股7只(盈利7) 年化+39.92%
    🌐 多标的回测: 107只 | 盈利占比82.2% | 中位年化+4.53% | 美股+4.94% | 港股+39.92%

  📋 [71/115] [均值回归] RSI7_25/70轮动

    🌐 [US市场回测]

    🌐 [HK市场回测]

    🌐 [CN市场回测]
      ❌ [美股] 最大回撤>30% | 年化+1.52% | 回撤33.86%
      ❌ [港股] 最大回撤>30% | 年化+3.52% | 回撤90.31%
      ❌ [A股] 最大回撤>30% | 年化+2.75% | 回撤31.23%
    📊 多标的回测汇总: 107只标的 | 盈利占比72.9% | 平均年化+2.33% | 中位数年化+3.10%
       美股99只(盈利76) 年化+3.84%
       港股7只(盈利1) 年化-18.85%
    🌐 多标的回测: 107只 | 盈利占比72.9% | 中位年化+3.10% | 美股+3.84% | 港股-18.85%

  📋 [72/115] [均值回归] RSI7_25/75轮动

    🌐 [US市场回测]

    🌐 [HK市场回测]

    🌐 [CN市场回测]
      ❌ [美股] 最大回撤>30% | 年化+1.45% | 回撤34.96%
      ❌ [港股] 最大回撤>30% | 年化+2.67% | 回撤88.92%
      ❌ [A股] 最大回撤>30% | 年化+1.16% | 回撤38.25%
    📊 多标的回测汇总: 107只标的 | 盈利占比81.3% | 平均年化+3.48% | 中位数年化+3.88%
       美股99只(盈利85) 年化+4.90%
       港股7只(盈利1) 年化-16.35%
    🌐 多标的回测: 107只 | 盈利占比81.3% | 中位年化+3.88% | 美股+4.90% | 港股-16.35%

  📋 [73/115] [均值回归] RSI7_30/70轮动

    🌐 [US市场回测]

    🌐 [HK市场回测]

    🌐 [CN市场回测]
      ❌ [美股] 最大回撤>30% | 年化+1.42% | 回撤40.55%
      ❌ [港股] 最大回撤>30% | 年化+11.74% | 回撤87.87%
      ❌ [A股] 最大回撤>30% | 年化+3.60% | 回撤37.22%
    📊 多标的回测汇总: 107只标的 | 盈利占比76.6% | 平均年化+2.54% | 中位数年化+3.63%
       美股99只(盈利80) 年化+4.24%
       港股7只(盈利1) 年化-21.35%
    🌐 多标的回测: 107只 | 盈利占比76.6% | 中位年化+3.63% | 美股+4.24% | 港股-21.35%

  📋 [74/115] [均值回归] RSI7_30/75轮动

    🌐 [US市场回测]

    🌐 [HK市场回测]

    🌐 [CN市场回测]
      ❌ [美股] 最大回撤>30% | 年化+2.07% | 回撤35.83%
      ❌ [港股] 最大回撤>30% | 年化+10.93% | 回撤86.66%
      ❌ [A股] 最大回撤>30% | 年化+1.14% | 回撤43.82%
    📊 多标的回测汇总: 107只标的 | 盈利占比77.6% | 平均年化+3.71% | 中位数年化+4.44%
       美股99只(盈利81) 年化+5.28%
       港股7只(盈利1) 年化-18.33%
    🌐 多标的回测: 107只 | 盈利占比77.6% | 中位年化+4.44% | 美股+5.28% | 港股-18.33%

  📋 [75/115] [均值回归] RSI14_25/70轮动

    🌐 [US市场回测]

    🌐 [HK市场回测]

    🌐 [CN市场回测]
      ✅ [美股] 得分33.89分 | 年化+6.48% | 回撤29.44% | 夏普0.20 ✅ ⚠️
      ❌ [港股] 最大回撤>30% | 年化+10.36% | 回撤89.49%
      ❌ [A股] 最大回撤>30% | 年化+3.76% | 回撤38.77%
    📊 多标的回测汇总: 107只标的 | 盈利占比89.7% | 平均年化+4.99% | 中位数年化+5.35%
       美股99只(盈利94) 年化+5.90%
       港股7只(盈利1) 年化-8.01%
    🌐 多标的回测: 107只 | 盈利占比89.7% | 中位年化+5.35% | 美股+5.90% | 港股-8.01%

  📋 [76/115] [均值回归] RSI14_25/75轮动

    🌐 [US市场回测]

    🌐 [HK市场回测]

    🌐 [CN市场回测]
      ✅ [美股] 得分35.48分 | 年化+7.21% | 回撤29.44% | 夏普0.25 ✅ ⚠️
      ❌ [港股] 最大回撤>30% | 年化+6.89% | 回撤90.10%
      ❌ [A股] 最大回撤>30% | 年化+4.76% | 回撤40.13%
    📊 多标的回测汇总: 107只标的 | 盈利占比89.7% | 平均年化+6.50% | 中位数年化+6.75%
       美股99只(盈利93) 年化+7.41%
       港股7只(盈利2) 年化-6.52%
    🌐 多标的回测: 107只 | 盈利占比89.7% | 中位年化+6.75% | 美股+7.41% | 港股-6.52%

  📋 [77/115] [均值回归] RSI14_30/70轮动

    🌐 [US市场回测]

    🌐 [HK市场回测]

    🌐 [CN市场回测]
      ❌ [美股] 最大回撤>30% | 年化+5.84% | 回撤34.74%
      ❌ [港股] 最大回撤>30% | 年化+0.01% | 回撤91.10%
      ❌ [A股] 最大回撤>30% | 年化+0.12% | 回撤47.00%
    📊 多标的回测汇总: 107只标的 | 盈利占比87.9% | 平均年化+6.22% | 中位数年化+6.72%
       美股99只(盈利92) 年化+7.43%
       港股7只(盈利1) 年化-10.74%
    🌐 多标的回测: 107只 | 盈利占比87.9% | 中位年化+6.72% | 美股+7.43% | 港股-10.74%

  📋 [78/115] [均值回归] RSI14_30/75轮动

    🌐 [US市场回测]

    🌐 [HK市场回测]

    🌐 [CN市场回测]
      ❌ [美股] 最大回撤>30% | 年化+8.58% | 回撤34.74%
      ❌ [港股] 最大回撤>30% | 年化-3.74% | 回撤92.06%
      ❌ [A股] 最大回撤>30% | 年化+0.08% | 回撤45.57%
    📊 多标的回测汇总: 107只标的 | 盈利占比87.9% | 平均年化+7.63% | 中位数年化+7.46%
       美股99只(盈利92) 年化+8.80%
       港股7只(盈利1) 年化-9.05%
    🌐 多标的回测: 107只 | 盈利占比87.9% | 中位年化+7.46% | 美股+8.80% | 港股-9.05%

  📋 [79/115] [均值回归] RSI(2)严格均值回归_5/80+0d缓冲

    🌐 [US市场回测]

    🌐 [HK市场回测]

    🌐 [CN市场回测]
      ❌ [美股] 最大回撤>30% | 年化+4.54% | 回撤31.29%
      ❌ [港股] 最大回撤>30% | 年化+2.48% | 回撤82.54%
      ❌ [A股] 最大回撤>30% | 年化-0.74% | 回撤55.70%
    📊 多标的回测汇总: 107只标的 | 盈利占比82.2% | 平均年化+5.03% | 中位数年化+5.86%
       美股99只(盈利86) 年化+7.51%
       港股7只(盈利1) 年化-29.99%
    🌐 多标的回测: 107只 | 盈利占比82.2% | 中位年化+5.86% | 美股+7.51% | 港股-29.99%

  📋 [80/115] [均值回归] RSI(2)严格均值回归_5/80+3d缓冲

    🌐 [US市场回测]

    🌐 [HK市场回测]

    🌐 [CN市场回测]
      ❌ [美股] 最大回撤>30% | 年化+5.01% | 回撤34.52%
      ❌ [港股] 最大回撤>30% | 年化-4.31% | 回撤84.44%
      ❌ [A股] 最大回撤>30% | 年化+4.42% | 回撤47.96%
    📊 多标的回测汇总: 107只标的 | 盈利占比82.2% | 平均年化+4.99% | 中位数年化+5.16%
       美股99只(盈利86) 年化+7.14%
       港股7只(盈利1) 年化-25.36%
    🌐 多标的回测: 107只 | 盈利占比82.2% | 中位年化+5.16% | 美股+7.14% | 港股-25.36%

  📋 [81/115] [均值回归] RSI(2)严格均值回归_5/90+0d缓冲

    🌐 [US市场回测]

    🌐 [HK市场回测]

    🌐 [CN市场回测]
/data/workspace/strategy_arena/cross_regime_scheduler.py:2193: FutureWarning: The default fill_method='pad' in DataFrame.pct_change is deprecated and will be removed in a future version. Either fill in any non-leading NA values prior to calling pct_change or specify 'fill_method=None' to not fill NA values.
  daily_returns = prices.pct_change().fillna(0)
/data/workspace/strategy_arena/cross_regime_scheduler.py:2193: FutureWarning: The default fill_method='pad' in DataFrame.pct_change is deprecated and will be removed in a future version. Either fill in any non-leading NA values prior to calling pct_change or specify 'fill_method=None' to not fill NA values.
  daily_returns = prices.pct_change().fillna(0)
/data/workspace/strategy_arena/cross_regime_scheduler.py:2193: FutureWarning: The default fill_method='pad' in DataFrame.pct_change is deprecated and will be removed in a future version. Either fill in any non-leading NA values prior to calling pct_change or specify 'fill_method=None' to not fill NA values.
  daily_returns = prices.pct_change().fillna(0)
/data/workspace/strategy_arena/cross_regime_scheduler.py:2193: FutureWarning: The default fill_method='pad' in DataFrame.pct_change is deprecated and will be removed in a future version. Either fill in any non-leading NA values prior to calling pct_change or specify 'fill_method=None' to not fill NA values.
  daily_returns = prices.pct_change().fillna(0)
/data/workspace/strategy_arena/cross_regime_scheduler.py:2193: FutureWarning: The default fill_method='pad' in DataFrame.pct_change is deprecated and will be removed in a future version. Either fill in any non-leading NA values prior to calling pct_change or specify 'fill_method=None' to not fill NA values.
  daily_returns = prices.pct_change().fillna(0)
/data/workspace/strategy_arena/cross_regime_scheduler.py:2193: FutureWarning: The default fill_method='pad' in DataFrame.pct_change is deprecated and will be removed in a future version. Either fill in any non-leading NA values prior to calling pct_change or specify 'fill_method=None' to not fill NA values.
  daily_returns = prices.pct_change().fillna(0)
/data/workspace/strategy_arena/cross_regime_scheduler.py:2193: FutureWarning: The default fill_method='pad' in DataFrame.pct_change is deprecated and will be removed in a future version. Either fill in any non-leading NA values prior to calling pct_change or specify 'fill_method=None' to not fill NA values.
  daily_returns = prices.pct_change().fillna(0)
/data/workspace/strategy_arena/cross_regime_scheduler.py:2193: FutureWarning: The default fill_method='pad' in DataFrame.pct_change is deprecated and will be removed in a future version. Either fill in any non-leading NA values prior to calling pct_change or specify 'fill_method=None' to not fill NA values.
  daily_returns = prices.pct_change().fillna(0)
/data/workspace/strategy_arena/cross_regime_scheduler.py:2193: FutureWarning: The default fill_method='pad' in DataFrame.pct_change is deprecated and will be removed in a future version. Either fill in any non-leading NA values prior to calling pct_change or specify 'fill_method=None' to not fill NA values.
  daily_returns = prices.pct_change().fillna(0)
/data/workspace/strategy_arena/cross_regime_scheduler.py:2193: FutureWarning: The default fill_method='pad' in DataFrame.pct_change is deprecated and will be removed in a future version. Either fill in any non-leading NA values prior to calling pct_change or specify 'fill_method=None' to not fill NA values.
  daily_returns = prices.pct_change().fillna(0)
/data/workspace/strategy_arena/cross_regime_scheduler.py:2193: FutureWarning: The default fill_method='pad' in DataFrame.pct_change is deprecated and will be removed in a future version. Either fill in any non-leading NA values prior to calling pct_change or specify 'fill_method=None' to not fill NA values.
  daily_returns = prices.pct_change().fillna(0)
/data/workspace/strategy_arena/cross_regime_scheduler.py:2193: FutureWarning: The default fill_method='pad' in DataFrame.pct_change is deprecated and will be removed in a future version. Either fill in any non-leading NA values prior to calling pct_change or specify 'fill_method=None' to not fill NA values.
  daily_returns = prices.pct_change().fillna(0)
/data/workspace/strategy_arena/cross_regime_scheduler.py:2193: FutureWarning: The default fill_method='pad' in DataFrame.pct_change is deprecated and will be removed in a future version. Either fill in any non-leading NA values prior to calling pct_change or specify 'fill_method=None' to not fill NA values.
  daily_returns = prices.pct_change().fillna(0)
/data/workspace/strategy_arena/cross_regime_scheduler.py:2193: FutureWarning: The default fill_method='pad' in DataFrame.pct_change is deprecated and will be removed in a future version. Either fill in any non-leading NA values prior to calling pct_change or specify 'fill_method=None' to not fill NA values.
  daily_returns = prices.pct_change().fillna(0)
/data/workspace/strategy_arena/cross_regime_scheduler.py:2193: FutureWarning: The default fill_method='pad' in DataFrame.pct_change is deprecated and will be removed in a future version. Either fill in any non-leading NA values prior to calling pct_change or specify 'fill_method=None' to not fill NA values.
  daily_returns = prices.pct_change().fillna(0)
/data/workspace/strategy_arena/cross_regime_scheduler.py:2193: FutureWarning: The default fill_method='pad' in DataFrame.pct_change is deprecated and will be removed in a future version. Either fill in any non-leading NA values prior to calling pct_change or specify 'fill_method=None' to not fill NA values.
  daily_returns = prices.pct_change().fillna(0)
/data/workspace/strategy_arena/cross_regime_scheduler.py:2193: FutureWarning: The default fill_method='pad' in DataFrame.pct_change is deprecated and will be removed in a future version. Either fill in any non-leading NA values prior to calling pct_change or specify 'fill_method=None' to not fill NA values.
  daily_returns = prices.pct_change().fillna(0)
/data/workspace/strategy_arena/cross_regime_scheduler.py:2193: FutureWarning: The default fill_method='pad' in DataFrame.pct_change is deprecated and will be removed in a future version. Either fill in any non-leading NA values prior to calling pct_change or specify 'fill_method=None' to not fill NA values.
  daily_returns = prices.pct_change().fillna(0)
/data/workspace/strategy_arena/cross_regime_scheduler.py:2193: FutureWarning: The default fill_method='pad' in DataFrame.pct_change is deprecated and will be removed in a future version. Either fill in any non-leading NA values prior to calling pct_change or specify 'fill_method=None' to not fill NA values.
  daily_returns = prices.pct_change().fillna(0)
/data/workspace/strategy_arena/cross_regime_scheduler.py:2193: FutureWarning: The default fill_method='pad' in DataFrame.pct_change is deprecated and will be removed in a future version. Either fill in any non-leading NA values prior to calling pct_change or specify 'fill_method=None' to not fill NA values.
  daily_returns = prices.pct_change().fillna(0)
/data/workspace/strategy_arena/cross_regime_scheduler.py:2193: FutureWarning: The default fill_method='pad' in DataFrame.pct_change is deprecated and will be removed in a future version. Either fill in any non-leading NA values prior to calling pct_change or specify 'fill_method=None' to not fill NA values.
  daily_returns = prices.pct_change().fillna(0)
/data/workspace/strategy_arena/cross_regime_scheduler.py:2193: FutureWarning: The default fill_method='pad' in DataFrame.pct_change is deprecated and will be removed in a future version. Either fill in any non-leading NA values prior to calling pct_change or specify 'fill_method=None' to not fill NA values.
  daily_returns = prices.pct_change().fillna(0)
/data/workspace/strategy_arena/cross_regime_scheduler.py:2193: FutureWarning: The default fill_method='pad' in DataFrame.pct_change is deprecated and will be removed in a future version. Either fill in any non-leading NA values prior to calling pct_change or specify 'fill_method=None' to not fill NA values.
  daily_returns = prices.pct_change().fillna(0)
/data/workspace/strategy_arena/cross_regime_scheduler.py:2193: FutureWarning: The default fill_method='pad' in DataFrame.pct_change is deprecated and will be removed in a future version. Either fill in any non-leading NA values prior to calling pct_change or specify 'fill_method=None' to not fill NA values.
  daily_returns = prices.pct_change().fillna(0)
/data/workspace/strategy_arena/cross_regime_scheduler.py:2193: FutureWarning: The default fill_method='pad' in DataFrame.pct_change is deprecated and will be removed in a future version. Either fill in any non-leading NA values prior to calling pct_change or specify 'fill_method=None' to not fill NA values.
  daily_returns = prices.pct_change().fillna(0)
/data/workspace/strategy_arena/cross_regime_scheduler.py:2193: FutureWarning: The default fill_method='pad' in DataFrame.pct_change is deprecated and will be removed in a future version. Either fill in any non-leading NA values prior to calling pct_change or specify 'fill_method=None' to not fill NA values.
  daily_returns = prices.pct_change().fillna(0)
/data/workspace/strategy_arena/cross_regime_scheduler.py:2193: FutureWarning: The default fill_method='pad' in DataFrame.pct_change is deprecated and will be removed in a future version. Either fill in any non-leading NA values prior to calling pct_change or specify 'fill_method=None' to not fill NA values.
  daily_returns = prices.pct_change().fillna(0)
/data/workspace/strategy_arena/cross_regime_scheduler.py:2193: FutureWarning: The default fill_method='pad' in DataFrame.pct_change is deprecated and will be removed in a future version. Either fill in any non-leading NA values prior to calling pct_change or specify 'fill_method=None' to not fill NA values.
  daily_returns = prices.pct_change().fillna(0)
/data/workspace/strategy_arena/cross_regime_scheduler.py:2193: FutureWarning: The default fill_method='pad' in DataFrame.pct_change is deprecated and will be removed in a future version. Either fill in any non-leading NA values prior to calling pct_change or specify 'fill_method=None' to not fill NA values.
  daily_returns = prices.pct_change().fillna(0)
/data/workspace/strategy_arena/cross_regime_scheduler.py:2193: FutureWarning: The default fill_method='pad' in DataFrame.pct_change is deprecated and will be removed in a future version. Either fill in any non-leading NA values prior to calling pct_change or specify 'fill_method=None' to not fill NA values.
  daily_returns = prices.pct_change().fillna(0)
/data/workspace/strategy_arena/cross_regime_scheduler.py:2193: FutureWarning: The default fill_method='pad' in DataFrame.pct_change is deprecated and will be removed in a future version. Either fill in any non-leading NA values prior to calling pct_change or specify 'fill_method=None' to not fill NA values.
  daily_returns = prices.pct_change().fillna(0)
/data/workspace/strategy_arena/cross_regime_scheduler.py:2193: FutureWarning: The default fill_method='pad' in DataFrame.pct_change is deprecated and will be removed in a future version. Either fill in any non-leading NA values prior to calling pct_change or specify 'fill_method=None' to not fill NA values.
  daily_returns = prices.pct_change().fillna(0)
/data/workspace/strategy_arena/cross_regime_scheduler.py:2193: FutureWarning: The default fill_method='pad' in DataFrame.pct_change is deprecated and will be removed in a future version. Either fill in any non-leading NA values prior to calling pct_change or specify 'fill_method=None' to not fill NA values.
  daily_returns = prices.pct_change().fillna(0)
/data/workspace/strategy_arena/cross_regime_scheduler.py:2193: FutureWarning: The default fill_method='pad' in DataFrame.pct_change is deprecated and will be removed in a future version. Either fill in any non-leading NA values prior to calling pct_change or specify 'fill_method=None' to not fill NA values.
  daily_returns = prices.pct_change().fillna(0)
/data/workspace/strategy_arena/cross_regime_scheduler.py:2193: FutureWarning: The default fill_method='pad' in DataFrame.pct_change is deprecated and will be removed in a future version. Either fill in any non-leading NA values prior to calling pct_change or specify 'fill_method=None' to not fill NA values.
  daily_returns = prices.pct_change().fillna(0)
/data/workspace/strategy_arena/cross_regime_scheduler.py:2193: FutureWarning: The default fill_method='pad' in DataFrame.pct_change is deprecated and will be removed in a future version. Either fill in any non-leading NA values prior to calling pct_change or specify 'fill_method=None' to not fill NA values.
  daily_returns = prices.pct_change().fillna(0)
/data/workspace/strategy_arena/cross_regime_scheduler.py:2193: FutureWarning: The default fill_method='pad' in DataFrame.pct_change is deprecated and will be removed in a future version. Either fill in any non-leading NA values prior to calling pct_change or specify 'fill_method=None' to not fill NA values.
  daily_returns = prices.pct_change().fillna(0)
/data/workspace/strategy_arena/cross_regime_scheduler.py:2193: FutureWarning: The default fill_method='pad' in DataFrame.pct_change is deprecated and will be removed in a future version. Either fill in any non-leading NA values prior to calling pct_change or specify 'fill_method=None' to not fill NA values.
  daily_returns = prices.pct_change().fillna(0)
/data/workspace/strategy_arena/cross_regime_scheduler.py:2193: FutureWarning: The default fill_method='pad' in DataFrame.pct_change is deprecated and will be removed in a future version. Either fill in any non-leading NA values prior to calling pct_change or specify 'fill_method=None' to not fill NA values.
  daily_returns = prices.pct_change().fillna(0)
/data/workspace/strategy_arena/cross_regime_scheduler.py:2193: FutureWarning: The default fill_method='pad' in DataFrame.pct_change is deprecated and will be removed in a future version. Either fill in any non-leading NA values prior to calling pct_change or specify 'fill_method=None' to not fill NA values.
  daily_returns = prices.pct_change().fillna(0)
/data/workspace/strategy_arena/cross_regime_scheduler.py:2193: FutureWarning: The default fill_method='pad' in DataFrame.pct_change is deprecated and will be removed in a future version. Either fill in any non-leading NA values prior to calling pct_change or specify 'fill_method=None' to not fill NA values.
  daily_returns = prices.pct_change().fillna(0)
/data/workspace/strategy_arena/cross_regime_scheduler.py:2193: FutureWarning: The default fill_method='pad' in DataFrame.pct_change is deprecated and will be removed in a future version. Either fill in any non-leading NA values prior to calling pct_change or specify 'fill_method=None' to not fill NA values.
  daily_returns = prices.pct_change().fillna(0)
/data/workspace/strategy_arena/cross_regime_scheduler.py:2193: FutureWarning: The default fill_method='pad' in DataFrame.pct_change is deprecated and will be removed in a future version. Either fill in any non-leading NA values prior to calling pct_change or specify 'fill_method=None' to not fill NA values.
  daily_returns = prices.pct_change().fillna(0)
/data/workspace/strategy_arena/cross_regime_scheduler.py:2193: FutureWarning: The default fill_method='pad' in DataFrame.pct_change is deprecated and will be removed in a future version. Either fill in any non-leading NA values prior to calling pct_change or specify 'fill_method=None' to not fill NA values.
  daily_returns = prices.pct_change().fillna(0)
/data/workspace/strategy_arena/cross_regime_scheduler.py:2193: FutureWarning: The default fill_method='pad' in DataFrame.pct_change is deprecated and will be removed in a future version. Either fill in any non-leading NA values prior to calling pct_change or specify 'fill_method=None' to not fill NA values.
  daily_returns = prices.pct_change().fillna(0)
/data/workspace/strategy_arena/cross_regime_scheduler.py:2193: FutureWarning: The default fill_method='pad' in DataFrame.pct_change is deprecated and will be removed in a future version. Either fill in any non-leading NA values prior to calling pct_change or specify 'fill_method=None' to not fill NA values.
  daily_returns = prices.pct_change().fillna(0)
/data/workspace/strategy_arena/cross_regime_scheduler.py:2193: FutureWarning: The default fill_method='pad' in DataFrame.pct_change is deprecated and will be removed in a future version. Either fill in any non-leading NA values prior to calling pct_change or specify 'fill_method=None' to not fill NA values.
  daily_returns = prices.pct_change().fillna(0)
/data/workspace/strategy_arena/cross_regime_scheduler.py:2193: FutureWarning: The default fill_method='pad' in DataFrame.pct_change is deprecated and will be removed in a future version. Either fill in any non-leading NA values prior to calling pct_change or specify 'fill_method=None' to not fill NA values.
  daily_returns = prices.pct_change().fillna(0)
/data/workspace/strategy_arena/cross_regime_scheduler.py:2193: FutureWarning: The default fill_method='pad' in DataFrame.pct_change is deprecated and will be removed in a future version. Either fill in any non-leading NA values prior to calling pct_change or specify 'fill_method=None' to not fill NA values.
  daily_returns = prices.pct_change().fillna(0)
/data/workspace/strategy_arena/cross_regime_scheduler.py:2193: FutureWarning: The default fill_method='pad' in DataFrame.pct_change is deprecated and will be removed in a future version. Either fill in any non-leading NA values prior to calling pct_change or specify 'fill_method=None' to not fill NA values.
  daily_returns = prices.pct_change().fillna(0)
/usr/local/lib64/python3.11/site-packages/numpy/_core/fromnumeric.py:3824: RuntimeWarning: Mean of empty slice
  return _methods._mean(a, axis=axis, dtype=dtype,
/usr/local/lib64/python3.11/site-packages/numpy/_core/_methods.py:142: RuntimeWarning: invalid value encountered in scalar divide
  ret = ret.dtype.type(ret / rcount)
      ❌ [美股] 最大回撤>30% | 年化+5.98% | 回撤30.89%
      ❌ [港股] 最大回撤>30% | 年化+12.31% | 回撤77.57%
      ❌ [A股] 最大回撤>30% | 年化-0.40% | 回撤52.66%
    📊 多标的回测汇总: 107只标的 | 盈利占比90.7% | 平均年化+9.38% | 中位数年化+8.34%
       美股99只(盈利95) 年化+10.84%
       港股7只(盈利1) 年化-10.80%
    🌐 多标的回测: 107只 | 盈利占比90.7% | 中位年化+8.34% | 美股+10.84% | 港股-10.80%

  📋 [82/115] [均值回归] RSI(2)严格均值回归_5/90+3d缓冲

    🌐 [US市场回测]

    🌐 [HK市场回测]

    🌐 [CN市场回测]
      ❌ [美股] 最大回撤>30% | 年化+6.48% | 回撤31.39%
      ❌ [港股] 最大回撤>30% | 年化+7.90% | 回撤86.14%
      ❌ [A股] 最大回撤>30% | 年化+2.87% | 回撤51.73%
    📊 多标的回测汇总: 107只标的 | 盈利占比90.7% | 平均年化+9.18% | 中位数年化+7.27%
       美股99只(盈利95) 年化+10.48%
       港股7只(盈利1) 年化-8.82%
    🌐 多标的回测: 107只 | 盈利占比90.7% | 中位年化+7.27% | 美股+10.48% | 港股-8.82%

  📋 [83/115] [均值回归] RSI(2)严格均值回归_10/80+0d缓冲

    🌐 [US市场回测]

    🌐 [HK市场回测]

    🌐 [CN市场回测]
      ❌ [美股] 最大回撤>30% | 年化+4.09% | 回撤37.91%
      ❌ [港股] 最大回撤>30% | 年化+0.01% | 回撤86.24%
      ❌ [A股] 最大回撤>30% | 年化-0.38% | 回撤55.75%
    📊 多标的回测汇总: 107只标的 | 盈利占比81.3% | 平均年化+5.06% | 中位数年化+6.09%
       美股99只(盈利85) 年化+7.57%
       港股7只(盈利1) 年化-30.35%
    🌐 多标的回测: 107只 | 盈利占比81.3% | 中位年化+6.09% | 美股+7.57% | 港股-30.35%

  📋 [84/115] [均值回归] RSI(2)严格均值回归_10/80+3d缓冲

    🌐 [US市场回测]

    🌐 [HK市场回测]

    🌐 [CN市场回测]
      ❌ [美股] 最大回撤>30% | 年化+5.03% | 回撤33.51%
      ❌ [港股] 最大回撤>30% | 年化-4.26% | 回撤84.78%
      ❌ [A股] 最大回撤>30% | 年化+4.78% | 回撤46.83%
    📊 多标的回测汇总: 107只标的 | 盈利占比84.1% | 平均年化+5.15% | 中位数年化+5.19%
       美股99只(盈利88) 年化+7.33%
       港股7只(盈利1) 年化-25.66%
    🌐 多标的回测: 107只 | 盈利占比84.1% | 中位年化+5.19% | 美股+7.33% | 港股-25.66%

  📋 [85/115] [均值回归] RSI(2)严格均值回归_10/90+0d缓冲

    🌐 [US市场回测]

    🌐 [HK市场回测]

    🌐 [CN市场回测]
      ❌ [美股] 最大回撤>30% | 年化+5.63% | 回撤32.66%
      ❌ [港股] 最大回撤>30% | 年化+8.78% | 回撤82.99%
      ❌ [A股] 最大回撤>30% | 年化-0.37% | 回撤53.01%
    📊 多标的回测汇总: 107只标的 | 盈利占比90.7% | 平均年化+9.42% | 中位数年化+8.29%
       美股99只(盈利95) 年化+10.92%
       港股7只(盈利1) 年化-11.26%
    🌐 多标的回测: 107只 | 盈利占比90.7% | 中位年化+8.29% | 美股+10.92% | 港股-11.26%

  📋 [86/115] [均值回归] RSI(2)严格均值回归_10/90+3d缓冲

    🌐 [US市场回测]

    🌐 [HK市场回测]

    🌐 [CN市场回测]
      ❌ [美股] 最大回撤>30% | 年化+6.25% | 回撤31.86%
      ❌ [港股] 最大回撤>30% | 年化+7.35% | 回撤87.79%
      ❌ [A股] 最大回撤>30% | 年化+3.28% | 回撤51.30%
    📊 多标的回测汇总: 107只标的 | 盈利占比90.7% | 平均年化+9.29% | 中位数年化+7.52%
       美股99只(盈利95) 年化+10.63%
       港股7只(盈利1) 年化-9.23%
    🌐 多标的回测: 107只 | 盈利占比90.7% | 中位年化+7.52% | 美股+10.63% | 港股-9.23%

  📋 [87/115] [趋势跟踪] 双市场自适应_3M+0d缓冲

    🌐 [US市场回测]

    🌐 [HK市场回测]

    🌐 [CN市场回测]
      ✅ [美股] 得分29.84分 | 年化+5.70% | 回撤21.21% | 夏普0.15  ⚠️
      ❌ [港股] 最大回撤>30% | 年化+27.69% | 回撤52.62%
      ❌ [A股] 最大回撤>30% | 年化+0.94% | 回撤30.36%
    📊 多标的回测汇总: 107只标的 | 盈利占比74.8% | 平均年化+6.29% | 中位数年化+3.05%
       美股99只(盈利72) 年化+4.39%
       港股7只(盈利7) 年化+33.15%
    🌐 多标的回测: 107只 | 盈利占比74.8% | 中位年化+3.05% | 美股+4.39% | 港股+33.15%

  📋 [88/115] [趋势跟踪] 双市场自适应_3M+3d缓冲

    🌐 [US市场回测]

    🌐 [HK市场回测]

    🌐 [CN市场回测]
      ❌ [美股] 最大回撤>30% | 年化+3.61% | 回撤30.29%
      ❌ [港股] 最大回撤>30% | 年化+22.86% | 回撤62.49%
      ❌ [A股] 最大回撤>30% | 年化-0.99% | 回撤36.89%
    📊 多标的回测汇总: 107只标的 | 盈利占比71.0% | 平均年化+5.84% | 中位数年化+2.93%
       美股99只(盈利68) 年化+4.46%
       港股7只(盈利7) 年化+25.75%
    🌐 多标的回测: 107只 | 盈利占比71.0% | 中位年化+2.93% | 美股+4.46% | 港股+25.75%

  📋 [89/115] [趋势跟踪] 双市场自适应_3M+5d缓冲

    🌐 [US市场回测]

    🌐 [HK市场回测]

    🌐 [CN市场回测]
      ✅ [美股] 得分36.25分 | 年化+6.24% | 回撤24.51% | 夏普0.19 ✅ ⚠️
      ❌ [港股] 最大回撤>30% | 年化+29.99% | 回撤56.74%
      ❌ [A股] 最大回撤>30% | 年化+2.36% | 回撤30.07%
    📊 多标的回测汇总: 107只标的 | 盈利占比75.7% | 平均年化+5.84% | 中位数年化+2.69%
       美股99只(盈利73) 年化+4.71%
       港股7只(盈利7) 年化+21.76%
    🌐 多标的回测: 107只 | 盈利占比75.7% | 中位年化+2.69% | 美股+4.71% | 港股+21.76%

  📋 [90/115] [趋势跟踪] 双市场自适应_6M+0d缓冲

    🌐 [US市场回测]

    🌐 [HK市场回测]

    🌐 [CN市场回测]
      ✅ [美股] 得分38.8分 | 年化+8.69% | 回撤26.56% | 夏普0.36 ✅ ⚠️
      ❌ [港股] 最大回撤>30% | 年化+23.05% | 回撤43.45%
      ❌ [A股] 最大回撤>30% | 年化+4.89% | 回撤38.58%
    📊 多标的回测汇总: 107只标的 | 盈利占比81.3% | 平均年化+7.95% | 中位数年化+5.87%
       美股99只(盈利79) 年化+6.77%
       港股7只(盈利7) 年化+24.48%
    🌐 多标的回测: 107只 | 盈利占比81.3% | 中位年化+5.87% | 美股+6.77% | 港股+24.48%

  📋 [91/115] [趋势跟踪] 双市场自适应_6M+3d缓冲

    🌐 [US市场回测]

    🌐 [HK市场回测]

    🌐 [CN市场回测]
      ✅ [美股] 得分39.17分 | 年化+8.80% | 回撤26.39% | 夏普0.37 ✅ ⚠️
      ❌ [港股] 最大回撤>30% | 年化+21.12% | 回撤47.80%
      ❌ [A股] 最大回撤>30% | 年化+4.73% | 回撤38.70%
    📊 多标的回测汇总: 107只标的 | 盈利占比81.3% | 平均年化+7.98% | 中位数年化+6.07%
       美股99只(盈利79) 年化+7.05%
       港股7只(盈利7) 年化+20.99%
    🌐 多标的回测: 107只 | 盈利占比81.3% | 中位年化+6.07% | 美股+7.05% | 港股+20.99%

  📋 [92/115] [趋势跟踪] 双市场自适应_9M+0d缓冲

    🌐 [US市场回测]

    🌐 [HK市场回测]

    🌐 [CN市场回测]
      ✅ [美股] 得分37.95分 | 年化+8.32% | 回撤29.26% | 夏普0.33 ✅ ⚠️
      ❌ [港股] 最大回撤>30% | 年化+22.59% | 回撤50.65%
      ❌ [A股] 最大回撤>30% | 年化+6.54% | 回撤32.07%
    📊 多标的回测汇总: 107只标的 | 盈利占比85.0% | 平均年化+7.67% | 中位数年化+5.52%
       美股99只(盈利83) 年化+6.85%
       港股7只(盈利7) 年化+19.10%
    🌐 多标的回测: 107只 | 盈利占比85.0% | 中位年化+5.52% | 美股+6.85% | 港股+19.10%

  📋 [93/115] [其他] 全天候_3M+3d缓冲

    🌐 [US市场回测]

    🌐 [HK市场回测]

    🌐 [CN市场回测]
      ❌ [美股] 最大回撤>30% | 年化+3.33% | 回撤37.57%
      ❌ [港股] 最大回撤>30% | 年化+14.06% | 回撤81.75%
      ✅ [A股] 得分41.79分 | 年化+9.96% | 回撤25.42% | 夏普0.50 ✅ ⚠️
    📊 多标的回测汇总: 1只标的 | 盈利占比100.0% | 平均年化+3.33% | 中位数年化+3.33%
/data/workspace/strategy_arena/cross_regime_scheduler.py:2193: FutureWarning: The default fill_method='pad' in DataFrame.pct_change is deprecated and will be removed in a future version. Either fill in any non-leading NA values prior to calling pct_change or specify 'fill_method=None' to not fill NA values.
  daily_returns = prices.pct_change().fillna(0)
/data/workspace/strategy_arena/cross_regime_scheduler.py:2193: FutureWarning: The default fill_method='pad' in DataFrame.pct_change is deprecated and will be removed in a future version. Either fill in any non-leading NA values prior to calling pct_change or specify 'fill_method=None' to not fill NA values.
  daily_returns = prices.pct_change().fillna(0)
/data/workspace/strategy_arena/cross_regime_scheduler.py:2193: FutureWarning: The default fill_method='pad' in DataFrame.pct_change is deprecated and will be removed in a future version. Either fill in any non-leading NA values prior to calling pct_change or specify 'fill_method=None' to not fill NA values.
  daily_returns = prices.pct_change().fillna(0)
/data/workspace/strategy_arena/cross_regime_scheduler.py:2193: FutureWarning: The default fill_method='pad' in DataFrame.pct_change is deprecated and will be removed in a future version. Either fill in any non-leading NA values prior to calling pct_change or specify 'fill_method=None' to not fill NA values.
  daily_returns = prices.pct_change().fillna(0)
/usr/local/lib64/python3.11/site-packages/numpy/_core/fromnumeric.py:3824: RuntimeWarning: Mean of empty slice
  return _methods._mean(a, axis=axis, dtype=dtype,
/usr/local/lib64/python3.11/site-packages/numpy/_core/_methods.py:142: RuntimeWarning: invalid value encountered in scalar divide
  ret = ret.dtype.type(ret / rcount)
/data/workspace/strategy_arena/cross_regime_scheduler.py:2193: FutureWarning: The default fill_method='pad' in DataFrame.pct_change is deprecated and will be removed in a future version. Either fill in any non-leading NA values prior to calling pct_change or specify 'fill_method=None' to not fill NA values.
  daily_returns = prices.pct_change().fillna(0)
/data/workspace/strategy_arena/cross_regime_scheduler.py:2193: FutureWarning: The default fill_method='pad' in DataFrame.pct_change is deprecated and will be removed in a future version. Either fill in any non-leading NA values prior to calling pct_change or specify 'fill_method=None' to not fill NA values.
  daily_returns = prices.pct_change().fillna(0)
/data/workspace/strategy_arena/cross_regime_scheduler.py:2193: FutureWarning: The default fill_method='pad' in DataFrame.pct_change is deprecated and will be removed in a future version. Either fill in any non-leading NA values prior to calling pct_change or specify 'fill_method=None' to not fill NA values.
  daily_returns = prices.pct_change().fillna(0)
/data/workspace/strategy_arena/cross_regime_scheduler.py:2193: FutureWarning: The default fill_method='pad' in DataFrame.pct_change is deprecated and will be removed in a future version. Either fill in any non-leading NA values prior to calling pct_change or specify 'fill_method=None' to not fill NA values.
  daily_returns = prices.pct_change().fillna(0)
/usr/local/lib64/python3.11/site-packages/numpy/_core/fromnumeric.py:3824: RuntimeWarning: Mean of empty slice
  return _methods._mean(a, axis=axis, dtype=dtype,
/usr/local/lib64/python3.11/site-packages/numpy/_core/_methods.py:142: RuntimeWarning: invalid value encountered in scalar divide
  ret = ret.dtype.type(ret / rcount)
/data/workspace/strategy_arena/cross_regime_scheduler.py:2193: FutureWarning: The default fill_method='pad' in DataFrame.pct_change is deprecated and will be removed in a future version. Either fill in any non-leading NA values prior to calling pct_change or specify 'fill_method=None' to not fill NA values.
  daily_returns = prices.pct_change().fillna(0)
/data/workspace/strategy_arena/cross_regime_scheduler.py:2193: FutureWarning: The default fill_method='pad' in DataFrame.pct_change is deprecated and will be removed in a future version. Either fill in any non-leading NA values prior to calling pct_change or specify 'fill_method=None' to not fill NA values.
  daily_returns = prices.pct_change().fillna(0)
/data/workspace/strategy_arena/cross_regime_scheduler.py:2193: FutureWarning: The default fill_method='pad' in DataFrame.pct_change is deprecated and will be removed in a future version. Either fill in any non-leading NA values prior to calling pct_change or specify 'fill_method=None' to not fill NA values.
  daily_returns = prices.pct_change().fillna(0)
/data/workspace/strategy_arena/cross_regime_scheduler.py:2193: FutureWarning: The default fill_method='pad' in DataFrame.pct_change is deprecated and will be removed in a future version. Either fill in any non-leading NA values prior to calling pct_change or specify 'fill_method=None' to not fill NA values.
  daily_returns = prices.pct_change().fillna(0)
/usr/local/lib64/python3.11/site-packages/numpy/_core/fromnumeric.py:3824: RuntimeWarning: Mean of empty slice
  return _methods._mean(a, axis=axis, dtype=dtype,
/usr/local/lib64/python3.11/site-packages/numpy/_core/_methods.py:142: RuntimeWarning: invalid value encountered in scalar divide
  ret = ret.dtype.type(ret / rcount)
/data/workspace/strategy_arena/cross_regime_scheduler.py:2193: FutureWarning: The default fill_method='pad' in DataFrame.pct_change is deprecated and will be removed in a future version. Either fill in any non-leading NA values prior to calling pct_change or specify 'fill_method=None' to not fill NA values.
  daily_returns = prices.pct_change().fillna(0)
/data/workspace/strategy_arena/cross_regime_scheduler.py:2193: FutureWarning: The default fill_method='pad' in DataFrame.pct_change is deprecated and will be removed in a future version. Either fill in any non-leading NA values prior to calling pct_change or specify 'fill_method=None' to not fill NA values.
  daily_returns = prices.pct_change().fillna(0)
/data/workspace/strategy_arena/cross_regime_scheduler.py:2193: FutureWarning: The default fill_method='pad' in DataFrame.pct_change is deprecated and will be removed in a future version. Either fill in any non-leading NA values prior to calling pct_change or specify 'fill_method=None' to not fill NA values.
  daily_returns = prices.pct_change().fillna(0)
/data/workspace/strategy_arena/cross_regime_scheduler.py:2193: FutureWarning: The default fill_method='pad' in DataFrame.pct_change is deprecated and will be removed in a future version. Either fill in any non-leading NA values prior to calling pct_change or specify 'fill_method=None' to not fill NA values.
  daily_returns = prices.pct_change().fillna(0)
/usr/local/lib64/python3.11/site-packages/numpy/_core/fromnumeric.py:3824: RuntimeWarning: Mean of empty slice
  return _methods._mean(a, axis=axis, dtype=dtype,
/usr/local/lib64/python3.11/site-packages/numpy/_core/_methods.py:142: RuntimeWarning: invalid value encountered in scalar divide
  ret = ret.dtype.type(ret / rcount)
/data/workspace/strategy_arena/cross_regime_scheduler.py:2193: FutureWarning: The default fill_method='pad' in DataFrame.pct_change is deprecated and will be removed in a future version. Either fill in any non-leading NA values prior to calling pct_change or specify 'fill_method=None' to not fill NA values.
  daily_returns = prices.pct_change().fillna(0)
/data/workspace/strategy_arena/cross_regime_scheduler.py:2193: FutureWarning: The default fill_method='pad' in DataFrame.pct_change is deprecated and will be removed in a future version. Either fill in any non-leading NA values prior to calling pct_change or specify 'fill_method=None' to not fill NA values.
  daily_returns = prices.pct_change().fillna(0)
/data/workspace/strategy_arena/cross_regime_scheduler.py:2193: FutureWarning: The default fill_method='pad' in DataFrame.pct_change is deprecated and will be removed in a future version. Either fill in any non-leading NA values prior to calling pct_change or specify 'fill_method=None' to not fill NA values.
  daily_returns = prices.pct_change().fillna(0)
/data/workspace/strategy_arena/cross_regime_scheduler.py:2193: FutureWarning: The default fill_method='pad' in DataFrame.pct_change is deprecated and will be removed in a future version. Either fill in any non-leading NA values prior to calling pct_change or specify 'fill_method=None' to not fill NA values.
  daily_returns = prices.pct_change().fillna(0)
/usr/local/lib64/python3.11/site-packages/numpy/_core/fromnumeric.py:3824: RuntimeWarning: Mean of empty slice
  return _methods._mean(a, axis=axis, dtype=dtype,
/usr/local/lib64/python3.11/site-packages/numpy/_core/_methods.py:142: RuntimeWarning: invalid value encountered in scalar divide
  ret = ret.dtype.type(ret / rcount)
/data/workspace/strategy_arena/cross_regime_scheduler.py:2193: FutureWarning: The default fill_method='pad' in DataFrame.pct_change is deprecated and will be removed in a future version. Either fill in any non-leading NA values prior to calling pct_change or specify 'fill_method=None' to not fill NA values.
  daily_returns = prices.pct_change().fillna(0)
/data/workspace/strategy_arena/cross_regime_scheduler.py:2193: FutureWarning: The default fill_method='pad' in DataFrame.pct_change is deprecated and will be removed in a future version. Either fill in any non-leading NA values prior to calling pct_change or specify 'fill_method=None' to not fill NA values.
  daily_returns = prices.pct_change().fillna(0)
/data/workspace/strategy_arena/cross_regime_scheduler.py:2193: FutureWarning: The default fill_method='pad' in DataFrame.pct_change is deprecated and will be removed in a future version. Either fill in any non-leading NA values prior to calling pct_change or specify 'fill_method=None' to not fill NA values.
  daily_returns = prices.pct_change().fillna(0)
/data/workspace/strategy_arena/cross_regime_scheduler.py:2193: FutureWarning: The default fill_method='pad' in DataFrame.pct_change is deprecated and will be removed in a future version. Either fill in any non-leading NA values prior to calling pct_change or specify 'fill_method=None' to not fill NA values.
  daily_returns = prices.pct_change().fillna(0)
/usr/local/lib64/python3.11/site-packages/numpy/_core/fromnumeric.py:3824: RuntimeWarning: Mean of empty slice
  return _methods._mean(a, axis=axis, dtype=dtype,
/usr/local/lib64/python3.11/site-packages/numpy/_core/_methods.py:142: RuntimeWarning: invalid value encountered in scalar divide
  ret = ret.dtype.type(ret / rcount)
/data/workspace/strategy_arena/cross_regime_scheduler.py:2193: FutureWarning: The default fill_method='pad' in DataFrame.pct_change is deprecated and will be removed in a future version. Either fill in any non-leading NA values prior to calling pct_change or specify 'fill_method=None' to not fill NA values.
  daily_returns = prices.pct_change().fillna(0)
/data/workspace/strategy_arena/cross_regime_scheduler.py:2193: FutureWarning: The default fill_method='pad' in DataFrame.pct_change is deprecated and will be removed in a future version. Either fill in any non-leading NA values prior to calling pct_change or specify 'fill_method=None' to not fill NA values.
  daily_returns = prices.pct_change().fillna(0)
/data/workspace/strategy_arena/cross_regime_scheduler.py:2193: FutureWarning: The default fill_method='pad' in DataFrame.pct_change is deprecated and will be removed in a future version. Either fill in any non-leading NA values prior to calling pct_change or specify 'fill_method=None' to not fill NA values.
  daily_returns = prices.pct_change().fillna(0)
/data/workspace/strategy_arena/cross_regime_scheduler.py:2193: FutureWarning: The default fill_method='pad' in DataFrame.pct_change is deprecated and will be removed in a future version. Either fill in any non-leading NA values prior to calling pct_change or specify 'fill_method=None' to not fill NA values.
  daily_returns = prices.pct_change().fillna(0)
/usr/local/lib64/python3.11/site-packages/numpy/_core/fromnumeric.py:3824: RuntimeWarning: Mean of empty slice
  return _methods._mean(a, axis=axis, dtype=dtype,
/usr/local/lib64/python3.11/site-packages/numpy/_core/_methods.py:142: RuntimeWarning: invalid value encountered in scalar divide
  ret = ret.dtype.type(ret / rcount)
/data/workspace/strategy_arena/cross_regime_scheduler.py:2193: FutureWarning: The default fill_method='pad' in DataFrame.pct_change is deprecated and will be removed in a future version. Either fill in any non-leading NA values prior to calling pct_change or specify 'fill_method=None' to not fill NA values.
  daily_returns = prices.pct_change().fillna(0)
/data/workspace/strategy_arena/cross_regime_scheduler.py:2193: FutureWarning: The default fill_method='pad' in DataFrame.pct_change is deprecated and will be removed in a future version. Either fill in any non-leading NA values prior to calling pct_change or specify 'fill_method=None' to not fill NA values.
  daily_returns = prices.pct_change().fillna(0)
/data/workspace/strategy_arena/cross_regime_scheduler.py:2193: FutureWarning: The default fill_method='pad' in DataFrame.pct_change is deprecated and will be removed in a future version. Either fill in any non-leading NA values prior to calling pct_change or specify 'fill_method=None' to not fill NA values.
  daily_returns = prices.pct_change().fillna(0)
/data/workspace/strategy_arena/cross_regime_scheduler.py:2193: FutureWarning: The default fill_method='pad' in DataFrame.pct_change is deprecated and will be removed in a future version. Either fill in any non-leading NA values prior to calling pct_change or specify 'fill_method=None' to not fill NA values.
  daily_returns = prices.pct_change().fillna(0)
/usr/local/lib64/python3.11/site-packages/numpy/_core/fromnumeric.py:3824: RuntimeWarning: Mean of empty slice
  return _methods._mean(a, axis=axis, dtype=dtype,
/usr/local/lib64/python3.11/site-packages/numpy/_core/_methods.py:142: RuntimeWarning: invalid value encountered in scalar divide
  ret = ret.dtype.type(ret / rcount)
/data/workspace/strategy_arena/cross_regime_scheduler.py:1750: FutureWarning: The default fill_method='pad' in Series.pct_change is deprecated and will be removed in a future version. Either fill in any non-leading NA values prior to calling pct_change or specify 'fill_method=None' to not fill NA values.
  agg_ret = close_prices['AGG'].pct_change(lb_days) if 'AGG' in close_prices.columns else pd.Series(0, index=close_prices.index)
/data/workspace/strategy_arena/cross_regime_scheduler.py:1751: FutureWarning: The default fill_method='pad' in Series.pct_change is deprecated and will be removed in a future version. Either fill in any non-leading NA values prior to calling pct_change or specify 'fill_method=None' to not fill NA values.
  gld_ret = close_prices['GLD'].pct_change(lb_days) if 'GLD' in close_prices.columns else pd.Series(-1, index=close_prices.index)
/data/workspace/strategy_arena/cross_regime_scheduler.py:2193: FutureWarning: The default fill_method='pad' in DataFrame.pct_change is deprecated and will be removed in a future version. Either fill in any non-leading NA values prior to calling pct_change or specify 'fill_method=None' to not fill NA values.
  daily_returns = prices.pct_change().fillna(0)
/data/workspace/strategy_arena/cross_regime_scheduler.py:2193: FutureWarning: The default fill_method='pad' in DataFrame.pct_change is deprecated and will be removed in a future version. Either fill in any non-leading NA values prior to calling pct_change or specify 'fill_method=None' to not fill NA values.
  daily_returns = prices.pct_change().fillna(0)
/data/workspace/strategy_arena/cross_regime_scheduler.py:2193: FutureWarning: The default fill_method='pad' in DataFrame.pct_change is deprecated and will be removed in a future version. Either fill in any non-leading NA values prior to calling pct_change or specify 'fill_method=None' to not fill NA values.
  daily_returns = prices.pct_change().fillna(0)
/data/workspace/strategy_arena/cross_regime_scheduler.py:2193: FutureWarning: The default fill_method='pad' in DataFrame.pct_change is deprecated and will be removed in a future version. Either fill in any non-leading NA values prior to calling pct_change or specify 'fill_method=None' to not fill NA values.
  daily_returns = prices.pct_change().fillna(0)
/data/workspace/strategy_arena/cross_regime_scheduler.py:1750: FutureWarning: The default fill_method='pad' in Series.pct_change is deprecated and will be removed in a future version. Either fill in any non-leading NA values prior to calling pct_change or specify 'fill_method=None' to not fill NA values.
  agg_ret = close_prices['AGG'].pct_change(lb_days) if 'AGG' in close_prices.columns else pd.Series(0, index=close_prices.index)
/data/workspace/strategy_arena/cross_regime_scheduler.py:1751: FutureWarning: The default fill_method='pad' in Series.pct_change is deprecated and will be removed in a future version. Either fill in any non-leading NA values prior to calling pct_change or specify 'fill_method=None' to not fill NA values.
  gld_ret = close_prices['GLD'].pct_change(lb_days) if 'GLD' in close_prices.columns else pd.Series(-1, index=close_prices.index)
/data/workspace/strategy_arena/cross_regime_scheduler.py:2193: FutureWarning: The default fill_method='pad' in DataFrame.pct_change is deprecated and will be removed in a future version. Either fill in any non-leading NA values prior to calling pct_change or specify 'fill_method=None' to not fill NA values.
  daily_returns = prices.pct_change().fillna(0)
/data/workspace/strategy_arena/cross_regime_scheduler.py:2193: FutureWarning: The default fill_method='pad' in DataFrame.pct_change is deprecated and will be removed in a future version. Either fill in any non-leading NA values prior to calling pct_change or specify 'fill_method=None' to not fill NA values.
  daily_returns = prices.pct_change().fillna(0)
/data/workspace/strategy_arena/cross_regime_scheduler.py:2193: FutureWarning: The default fill_method='pad' in DataFrame.pct_change is deprecated and will be removed in a future version. Either fill in any non-leading NA values prior to calling pct_change or specify 'fill_method=None' to not fill NA values.
  daily_returns = prices.pct_change().fillna(0)
/data/workspace/strategy_arena/cross_regime_scheduler.py:2193: FutureWarning: The default fill_method='pad' in DataFrame.pct_change is deprecated and will be removed in a future version. Either fill in any non-leading NA values prior to calling pct_change or specify 'fill_method=None' to not fill NA values.
  daily_returns = prices.pct_change().fillna(0)
/data/workspace/strategy_arena/cross_regime_scheduler.py:2193: FutureWarning: The default fill_method='pad' in DataFrame.pct_change is deprecated and will be removed in a future version. Either fill in any non-leading NA values prior to calling pct_change or specify 'fill_method=None' to not fill NA values.
  daily_returns = prices.pct_change().fillna(0)
/data/workspace/strategy_arena/cross_regime_scheduler.py:2193: FutureWarning: The default fill_method='pad' in DataFrame.pct_change is deprecated and will be removed in a future version. Either fill in any non-leading NA values prior to calling pct_change or specify 'fill_method=None' to not fill NA values.
  daily_returns = prices.pct_change().fillna(0)
/data/workspace/strategy_arena/cross_regime_scheduler.py:2193: FutureWarning: The default fill_method='pad' in DataFrame.pct_change is deprecated and will be removed in a future version. Either fill in any non-leading NA values prior to calling pct_change or specify 'fill_method=None' to not fill NA values.
  daily_returns = prices.pct_change().fillna(0)
/data/workspace/strategy_arena/cross_regime_scheduler.py:2193: FutureWarning: The default fill_method='pad' in DataFrame.pct_change is deprecated and will be removed in a future version. Either fill in any non-leading NA values prior to calling pct_change or specify 'fill_method=None' to not fill NA values.
  daily_returns = prices.pct_change().fillna(0)
/data/workspace/strategy_arena/cross_regime_scheduler.py:2193: FutureWarning: The default fill_method='pad' in DataFrame.pct_change is deprecated and will be removed in a future version. Either fill in any non-leading NA values prior to calling pct_change or specify 'fill_method=None' to not fill NA values.
  daily_returns = prices.pct_change().fillna(0)
/data/workspace/strategy_arena/cross_regime_scheduler.py:2193: FutureWarning: The default fill_method='pad' in DataFrame.pct_change is deprecated and will be removed in a future version. Either fill in any non-leading NA values prior to calling pct_change or specify 'fill_method=None' to not fill NA values.
  daily_returns = prices.pct_change().fillna(0)
/data/workspace/strategy_arena/cross_regime_scheduler.py:2193: FutureWarning: The default fill_method='pad' in DataFrame.pct_change is deprecated and will be removed in a future version. Either fill in any non-leading NA values prior to calling pct_change or specify 'fill_method=None' to not fill NA values.
  daily_returns = prices.pct_change().fillna(0)
/data/workspace/strategy_arena/cross_regime_scheduler.py:2193: FutureWarning: The default fill_method='pad' in DataFrame.pct_change is deprecated and will be removed in a future version. Either fill in any non-leading NA values prior to calling pct_change or specify 'fill_method=None' to not fill NA values.
  daily_returns = prices.pct_change().fillna(0)
/data/workspace/strategy_arena/cross_regime_scheduler.py:2193: FutureWarning: The default fill_method='pad' in DataFrame.pct_change is deprecated and will be removed in a future version. Either fill in any non-leading NA values prior to calling pct_change or specify 'fill_method=None' to not fill NA values.
  daily_returns = prices.pct_change().fillna(0)
/data/workspace/strategy_arena/cross_regime_scheduler.py:2193: FutureWarning: The default fill_method='pad' in DataFrame.pct_change is deprecated and will be removed in a future version. Either fill in any non-leading NA values prior to calling pct_change or specify 'fill_method=None' to not fill NA values.
  daily_returns = prices.pct_change().fillna(0)
/data/workspace/strategy_arena/cross_regime_scheduler.py:2193: FutureWarning: The default fill_method='pad' in DataFrame.pct_change is deprecated and will be removed in a future version. Either fill in any non-leading NA values prior to calling pct_change or specify 'fill_method=None' to not fill NA values.
  daily_returns = prices.pct_change().fillna(0)
/data/workspace/strategy_arena/cross_regime_scheduler.py:2193: FutureWarning: The default fill_method='pad' in DataFrame.pct_change is deprecated and will be removed in a future version. Either fill in any non-leading NA values prior to calling pct_change or specify 'fill_method=None' to not fill NA values.
  daily_returns = prices.pct_change().fillna(0)
/data/workspace/strategy_arena/cross_regime_scheduler.py:2193: FutureWarning: The default fill_method='pad' in DataFrame.pct_change is deprecated and will be removed in a future version. Either fill in any non-leading NA values prior to calling pct_change or specify 'fill_method=None' to not fill NA values.
  daily_returns = prices.pct_change().fillna(0)
/data/workspace/strategy_arena/cross_regime_scheduler.py:2193: FutureWarning: The default fill_method='pad' in DataFrame.pct_change is deprecated and will be removed in a future version. Either fill in any non-leading NA values prior to calling pct_change or specify 'fill_method=None' to not fill NA values.
  daily_returns = prices.pct_change().fillna(0)
/data/workspace/strategy_arena/cross_regime_scheduler.py:2193: FutureWarning: The default fill_method='pad' in DataFrame.pct_change is deprecated and will be removed in a future version. Either fill in any non-leading NA values prior to calling pct_change or specify 'fill_method=None' to not fill NA values.
  daily_returns = prices.pct_change().fillna(0)
/data/workspace/strategy_arena/cross_regime_scheduler.py:2193: FutureWarning: The default fill_method='pad' in DataFrame.pct_change is deprecated and will be removed in a future version. Either fill in any non-leading NA values prior to calling pct_change or specify 'fill_method=None' to not fill NA values.
  daily_returns = prices.pct_change().fillna(0)
    🌐 多标的回测: 1只 | 盈利占比100.0% | 中位年化+3.33% | 美股+0.00% | 港股+0.00%

  📋 [94/115] [其他] 全天候_3M+5d缓冲

    🌐 [US市场回测]

    🌐 [HK市场回测]

    🌐 [CN市场回测]
      ❌ [美股] 最大回撤>30% | 年化+5.26% | 回撤34.21%
      ❌ [港股] 最大回撤>30% | 年化+12.99% | 回撤82.03%
      ✅ [A股] 得分43.31分 | 年化+10.65% | 回撤29.65% | 夏普0.54 ✅ ⚠️
    📊 多标的回测汇总: 1只标的 | 盈利占比100.0% | 平均年化+5.26% | 中位数年化+5.26%
    🌐 多标的回测: 1只 | 盈利占比100.0% | 中位年化+5.26% | 美股+0.00% | 港股+0.00%

  📋 [95/115] [其他] 全天候_3M+7d缓冲

    🌐 [US市场回测]

    🌐 [HK市场回测]

    🌐 [CN市场回测]
      ❌ [美股] 最大回撤>30% | 年化+3.14% | 回撤37.23%
      ❌ [港股] 最大回撤>30% | 年化+10.11% | 回撤85.23%
      ✅ [A股] 得分43.6分 | 年化+10.80% | 回撤27.09% | 夏普0.54 ✅ ⚠️
    📊 多标的回测汇总: 1只标的 | 盈利占比100.0% | 平均年化+3.14% | 中位数年化+3.14%
    🌐 多标的回测: 1只 | 盈利占比100.0% | 中位年化+3.14% | 美股+0.00% | 港股+0.00%

  📋 [96/115] [其他] 全天候_6M+3d缓冲

    🌐 [US市场回测]

    🌐 [HK市场回测]

    🌐 [CN市场回测]
      ✅ [美股] 得分41.38分 | 年化+10.46% | 回撤26.99% | 夏普0.41 ✅ ⚠️
      ❌ [港股] 最大回撤>30% | 年化+18.23% | 回撤74.79%
      ✅ [A股] 得分40.77分 | 年化+7.73% | 回撤24.87% | 夏普0.40 ✅ ⚠️
    📊 多标的回测汇总: 1只标的 | 盈利占比100.0% | 平均年化+10.46% | 中位数年化+10.46%
    🌐 多标的回测: 1只 | 盈利占比100.0% | 中位年化+10.46% | 美股+0.00% | 港股+0.00%

  📋 [97/115] [其他] 全天候_6M+5d缓冲

    🌐 [US市场回测]

    🌐 [HK市场回测]

    🌐 [CN市场回测]
      ✅ [美股] 得分38.18分 | 年化+11.31% | 回撤26.14% | 夏普0.45  ⚠️
      ❌ [港股] 最大回撤>30% | 年化+19.08% | 回撤74.70%
      ✅ [A股] 得分40.38分 | 年化+7.54% | 回撤24.87% | 夏普0.39 ✅ ⚠️
    📊 多标的回测汇总: 1只标的 | 盈利占比100.0% | 平均年化+11.31% | 中位数年化+11.31%
    🌐 多标的回测: 1只 | 盈利占比100.0% | 中位年化+11.31% | 美股+0.00% | 港股+0.00%

  📋 [98/115] [其他] 全天候_6M+7d缓冲

    🌐 [US市场回测]

    🌐 [HK市场回测]

    🌐 [CN市场回测]
      ❌ [美股] 最大回撤>30% | 年化+7.81% | 回撤32.54%
      ❌ [港股] 最大回撤>30% | 年化+21.27% | 回撤73.50%
      ✅ [A股] 得分32.48分 | 年化+5.19% | 回撤29.61% | 夏普0.26 ✅ ⚠️
    📊 多标的回测汇总: 1只标的 | 盈利占比100.0% | 平均年化+7.81% | 中位数年化+7.81%
    🌐 多标的回测: 1只 | 盈利占比100.0% | 中位年化+7.81% | 美股+0.00% | 港股+0.00%

  📋 [99/115] [其他] 全天候_9M+3d缓冲

    🌐 [US市场回测]

    🌐 [HK市场回测]

    🌐 [CN市场回测]
      ❌ [美股] 最大回撤>30% | 年化+6.81% | 回撤36.20%
      ❌ [港股] 最大回撤>30% | 年化+17.23% | 回撤77.91%
      ✅ [A股] 得分42.9分 | 年化+10.22% | 回撤28.05% | 夏普0.53 ✅ ⚠️
    📊 多标的回测汇总: 1只标的 | 盈利占比100.0% | 平均年化+6.81% | 中位数年化+6.81%
    🌐 多标的回测: 1只 | 盈利占比100.0% | 中位年化+6.81% | 美股+0.00% | 港股+0.00%

  📋 [100/115] [其他] 全天候_9M+5d缓冲

    🌐 [US市场回测]

    🌐 [HK市场回测]

    🌐 [CN市场回测]
      ❌ [美股] 最大回撤>30% | 年化+8.22% | 回撤35.81%
      ❌ [港股] 最大回撤>30% | 年化+15.07% | 回撤77.56%
      ✅ [A股] 得分41.15分 | 年化+9.36% | 回撤27.58% | 夏普0.48 ✅ ⚠️
    📊 多标的回测汇总: 1只标的 | 盈利占比100.0% | 平均年化+8.22% | 中位数年化+8.22%
    🌐 多标的回测: 1只 | 盈利占比100.0% | 中位年化+8.22% | 美股+0.00% | 港股+0.00%

  📋 [101/115] [其他] 全天候_9M+7d缓冲

    🌐 [US市场回测]

    🌐 [HK市场回测]

    🌐 [CN市场回测]
      ❌ [美股] 最大回撤>30% | 年化+6.96% | 回撤35.65%
      ❌ [港股] 最大回撤>30% | 年化+16.22% | 回撤81.50%
      ✅ [A股] 得分45.41分 | 年化+9.95% | 回撤24.87% | 夏普0.52 ✅ ⚠️
    📊 多标的回测汇总: 1只标的 | 盈利占比100.0% | 平均年化+6.96% | 中位数年化+6.96%
    🌐 多标的回测: 1只 | 盈利占比100.0% | 中位年化+6.96% | 美股+0.00% | 港股+0.00%

  📋 [102/115] [趋势跟踪] 聚宽-ETF轮动策略_动量轮动3M

    🌐 [US市场回测]

    🌐 [HK市场回测]

    🌐 [CN市场回测]
      ✅ [美股] 得分29.31分 | 年化+6.95% | 回撤26.89% | 夏普0.22  ⚠️
      ❌ [港股] 最大回撤>30% | 年化+20.92% | 回撤79.21%
      ❌ [A股] 最大回撤>30% | 年化+5.28% | 回撤36.32%
    📊 多标的回测汇总: 2只标的 | 盈利占比100.0% | 平均年化+22.39% | 中位数年化+22.39%
       港股1只(盈利1) 年化+37.82%
    🌐 多标的回测: 2只 | 盈利占比100.0% | 中位年化+22.38% | 美股+0.00% | 港股+37.82%

  📋 [103/115] [趋势跟踪] 聚宽-ETF轮动策略_动量轮动6M

    🌐 [US市场回测]

    🌐 [HK市场回测]

    🌐 [CN市场回测]
      ❌ [美股] 最大回撤>30% | 年化+11.33% | 回撤40.84%
      ❌ [港股] 最大回撤>30% | 年化+24.55% | 回撤68.34%
      ✅ [A股] 得分24.16分 | 年化+3.42% | 回撤29.27% | 夏普0.17  ⚠️
    📊 多标的回测汇总: 2只标的 | 盈利占比100.0% | 平均年化+21.43% | 中位数年化+21.43%
       港股1只(盈利1) 年化+31.52%
    🌐 多标的回测: 2只 | 盈利占比100.0% | 中位年化+21.42% | 美股+0.00% | 港股+31.52%

  📋 [104/115] [趋势跟踪] 聚宽-多因子选股策略_SMA20/50交叉

    🌐 [US市场回测]

    🌐 [HK市场回测]

    🌐 [CN市场回测]
      ❌ [美股] 最大回撤>30% | 年化+8.76% | 回撤30.55%
      ❌ [港股] 最大回撤>30% | 年化+14.07% | 回撤58.59%
      ❌ [A股] 最大回撤>30% | 年化+2.89% | 回撤33.84%
    📊 多标的回测汇总: 2只标的 | 盈利占比100.0% | 平均年化+11.25% | 中位数年化+11.25%
       港股1只(盈利1) 年化+13.75%
    🌐 多标的回测: 2只 | 盈利占比100.0% | 中位年化+11.26% | 美股+0.00% | 港股+13.75%

  📋 [105/115] [其他] 聚宽布林带15日2σ

    🌐 [US市场回测]

    🌐 [HK市场回测]

    🌐 [CN市场回测]
      ❌ [美股] 最大回撤>30% | 年化+8.73% | 回撤32.68%
      ❌ [港股] 最大回撤>30% | 年化+17.89% | 回撤75.62%
      ❌ [A股] 最大回撤>30% | 年化+1.04% | 回撤42.88%
    📊 多标的回测汇总: 107只标的 | 盈利占比86.9% | 平均年化+7.17% | 中位数年化+7.54%
       美股99只(盈利91) 年化+8.91%
       港股7只(盈利1) 年化-17.70%
    🌐 多标的回测: 107只 | 盈利占比86.9% | 中位年化+7.54% | 美股+8.91% | 港股-17.70%

  📋 [106/115] [其他] 聚宽布林带10日1.5σ

    🌐 [US市场回测]

    🌐 [HK市场回测]

    🌐 [CN市场回测]
      ❌ [美股] 最大回撤>30% | 年化+7.83% | 回撤35.02%
      ❌ [港股] 最大回撤>30% | 年化-5.07% | 回撤84.87%
      ❌ [A股] 最大回撤>30% | 年化+1.20% | 回撤48.13%
    📊 多标的回测汇总: 107只标的 | 盈利占比83.2% | 平均年化+3.71% | 中位数年化+5.50%
       美股99只(盈利87) 年化+6.15%
       港股7只(盈利1) 年化-31.43%
    🌐 多标的回测: 107只 | 盈利占比83.2% | 中位年化+5.50% | 美股+6.15% | 港股-31.43%

  📋 [107/115] [其他] 聚宽RSRS-GEM6M+ATR2x

    🌐 [US市场回测]

    🌐 [HK市场回测]

    🌐 [CN市场回测]
      ✅ [美股] 得分28.14分 | 年化+6.28% | 回撤26.54% | 夏普0.19  ⚠️
      ❌ [港股] 最大回撤>30% | 年化+25.28% | 回撤46.03%
      ❌ [A股] 最大回撤>30% | 年化+2.74% | 回撤38.66%
/data/workspace/strategy_arena/cross_regime_scheduler.py:2193: FutureWarning: The default fill_method='pad' in DataFrame.pct_change is deprecated and will be removed in a future version. Either fill in any non-leading NA values prior to calling pct_change or specify 'fill_method=None' to not fill NA values.
  daily_returns = prices.pct_change().fillna(0)
/data/workspace/strategy_arena/cross_regime_scheduler.py:2193: FutureWarning: The default fill_method='pad' in DataFrame.pct_change is deprecated and will be removed in a future version. Either fill in any non-leading NA values prior to calling pct_change or specify 'fill_method=None' to not fill NA values.
  daily_returns = prices.pct_change().fillna(0)
/data/workspace/strategy_arena/cross_regime_scheduler.py:2193: FutureWarning: The default fill_method='pad' in DataFrame.pct_change is deprecated and will be removed in a future version. Either fill in any non-leading NA values prior to calling pct_change or specify 'fill_method=None' to not fill NA values.
  daily_returns = prices.pct_change().fillna(0)
/data/workspace/strategy_arena/cross_regime_scheduler.py:2193: FutureWarning: The default fill_method='pad' in DataFrame.pct_change is deprecated and will be removed in a future version. Either fill in any non-leading NA values prior to calling pct_change or specify 'fill_method=None' to not fill NA values.
  daily_returns = prices.pct_change().fillna(0)
/data/workspace/strategy_arena/cross_regime_scheduler.py:2193: FutureWarning: The default fill_method='pad' in DataFrame.pct_change is deprecated and will be removed in a future version. Either fill in any non-leading NA values prior to calling pct_change or specify 'fill_method=None' to not fill NA values.
  daily_returns = prices.pct_change().fillna(0)
/data/workspace/strategy_arena/cross_regime_scheduler.py:2193: FutureWarning: The default fill_method='pad' in DataFrame.pct_change is deprecated and will be removed in a future version. Either fill in any non-leading NA values prior to calling pct_change or specify 'fill_method=None' to not fill NA values.
  daily_returns = prices.pct_change().fillna(0)
/data/workspace/strategy_arena/cross_regime_scheduler.py:2193: FutureWarning: The default fill_method='pad' in DataFrame.pct_change is deprecated and will be removed in a future version. Either fill in any non-leading NA values prior to calling pct_change or specify 'fill_method=None' to not fill NA values.
  daily_returns = prices.pct_change().fillna(0)
/data/workspace/strategy_arena/cross_regime_scheduler.py:2193: FutureWarning: The default fill_method='pad' in DataFrame.pct_change is deprecated and will be removed in a future version. Either fill in any non-leading NA values prior to calling pct_change or specify 'fill_method=None' to not fill NA values.
  daily_returns = prices.pct_change().fillna(0)
/data/workspace/strategy_arena/cross_regime_scheduler.py:2193: FutureWarning: The default fill_method='pad' in DataFrame.pct_change is deprecated and will be removed in a future version. Either fill in any non-leading NA values prior to calling pct_change or specify 'fill_method=None' to not fill NA values.
  daily_returns = prices.pct_change().fillna(0)
/data/workspace/strategy_arena/cross_regime_scheduler.py:2193: FutureWarning: The default fill_method='pad' in DataFrame.pct_change is deprecated and will be removed in a future version. Either fill in any non-leading NA values prior to calling pct_change or specify 'fill_method=None' to not fill NA values.
  daily_returns = prices.pct_change().fillna(0)
/data/workspace/strategy_arena/cross_regime_scheduler.py:2193: FutureWarning: The default fill_method='pad' in DataFrame.pct_change is deprecated and will be removed in a future version. Either fill in any non-leading NA values prior to calling pct_change or specify 'fill_method=None' to not fill NA values.
  daily_returns = prices.pct_change().fillna(0)
/data/workspace/strategy_arena/cross_regime_scheduler.py:2193: FutureWarning: The default fill_method='pad' in DataFrame.pct_change is deprecated and will be removed in a future version. Either fill in any non-leading NA values prior to calling pct_change or specify 'fill_method=None' to not fill NA values.
  daily_returns = prices.pct_change().fillna(0)
/usr/local/lib64/python3.11/site-packages/numpy/_core/fromnumeric.py:3824: RuntimeWarning: Mean of empty slice
  return _methods._mean(a, axis=axis, dtype=dtype,
/usr/local/lib64/python3.11/site-packages/numpy/_core/_methods.py:142: RuntimeWarning: invalid value encountered in scalar divide
  ret = ret.dtype.type(ret / rcount)
/data/workspace/strategy_arena/cross_regime_scheduler.py:2193: FutureWarning: The default fill_method='pad' in DataFrame.pct_change is deprecated and will be removed in a future version. Either fill in any non-leading NA values prior to calling pct_change or specify 'fill_method=None' to not fill NA values.
  daily_returns = prices.pct_change().fillna(0)
/data/workspace/strategy_arena/cross_regime_scheduler.py:2193: FutureWarning: The default fill_method='pad' in DataFrame.pct_change is deprecated and will be removed in a future version. Either fill in any non-leading NA values prior to calling pct_change or specify 'fill_method=None' to not fill NA values.
  daily_returns = prices.pct_change().fillna(0)
/data/workspace/strategy_arena/cross_regime_scheduler.py:2193: FutureWarning: The default fill_method='pad' in DataFrame.pct_change is deprecated and will be removed in a future version. Either fill in any non-leading NA values prior to calling pct_change or specify 'fill_method=None' to not fill NA values.
  daily_returns = prices.pct_change().fillna(0)
/data/workspace/strategy_arena/cross_regime_scheduler.py:2193: FutureWarning: The default fill_method='pad' in DataFrame.pct_change is deprecated and will be removed in a future version. Either fill in any non-leading NA values prior to calling pct_change or specify 'fill_method=None' to not fill NA values.
  daily_returns = prices.pct_change().fillna(0)
/usr/local/lib64/python3.11/site-packages/numpy/_core/fromnumeric.py:3824: RuntimeWarning: Mean of empty slice
  return _methods._mean(a, axis=axis, dtype=dtype,
/usr/local/lib64/python3.11/site-packages/numpy/_core/_methods.py:142: RuntimeWarning: invalid value encountered in scalar divide
  ret = ret.dtype.type(ret / rcount)
/data/workspace/strategy_arena/cross_regime_scheduler.py:2193: FutureWarning: The default fill_method='pad' in DataFrame.pct_change is deprecated and will be removed in a future version. Either fill in any non-leading NA values prior to calling pct_change or specify 'fill_method=None' to not fill NA values.
  daily_returns = prices.pct_change().fillna(0)
/data/workspace/strategy_arena/cross_regime_scheduler.py:2193: FutureWarning: The default fill_method='pad' in DataFrame.pct_change is deprecated and will be removed in a future version. Either fill in any non-leading NA values prior to calling pct_change or specify 'fill_method=None' to not fill NA values.
  daily_returns = prices.pct_change().fillna(0)
/data/workspace/strategy_arena/cross_regime_scheduler.py:2193: FutureWarning: The default fill_method='pad' in DataFrame.pct_change is deprecated and will be removed in a future version. Either fill in any non-leading NA values prior to calling pct_change or specify 'fill_method=None' to not fill NA values.
  daily_returns = prices.pct_change().fillna(0)
/data/workspace/strategy_arena/cross_regime_scheduler.py:2193: FutureWarning: The default fill_method='pad' in DataFrame.pct_change is deprecated and will be removed in a future version. Either fill in any non-leading NA values prior to calling pct_change or specify 'fill_method=None' to not fill NA values.
  daily_returns = prices.pct_change().fillna(0)
/usr/local/lib64/python3.11/site-packages/numpy/_core/fromnumeric.py:3824: RuntimeWarning: Mean of empty slice
  return _methods._mean(a, axis=axis, dtype=dtype,
/usr/local/lib64/python3.11/site-packages/numpy/_core/_methods.py:142: RuntimeWarning: invalid value encountered in scalar divide
  ret = ret.dtype.type(ret / rcount)
/data/workspace/strategy_arena/cross_regime_scheduler.py:2193: FutureWarning: The default fill_method='pad' in DataFrame.pct_change is deprecated and will be removed in a future version. Either fill in any non-leading NA values prior to calling pct_change or specify 'fill_method=None' to not fill NA values.
  daily_returns = prices.pct_change().fillna(0)
/data/workspace/strategy_arena/cross_regime_scheduler.py:2193: FutureWarning: The default fill_method='pad' in DataFrame.pct_change is deprecated and will be removed in a future version. Either fill in any non-leading NA values prior to calling pct_change or specify 'fill_method=None' to not fill NA values.
  daily_returns = prices.pct_change().fillna(0)
/data/workspace/strategy_arena/cross_regime_scheduler.py:2193: FutureWarning: The default fill_method='pad' in DataFrame.pct_change is deprecated and will be removed in a future version. Either fill in any non-leading NA values prior to calling pct_change or specify 'fill_method=None' to not fill NA values.
  daily_returns = prices.pct_change().fillna(0)
/data/workspace/strategy_arena/cross_regime_scheduler.py:2193: FutureWarning: The default fill_method='pad' in DataFrame.pct_change is deprecated and will be removed in a future version. Either fill in any non-leading NA values prior to calling pct_change or specify 'fill_method=None' to not fill NA values.
  daily_returns = prices.pct_change().fillna(0)
/data/workspace/strategy_arena/cross_regime_scheduler.py:2193: FutureWarning: The default fill_method='pad' in DataFrame.pct_change is deprecated and will be removed in a future version. Either fill in any non-leading NA values prior to calling pct_change or specify 'fill_method=None' to not fill NA values.
  daily_returns = prices.pct_change().fillna(0)
/data/workspace/strategy_arena/cross_regime_scheduler.py:2193: FutureWarning: The default fill_method='pad' in DataFrame.pct_change is deprecated and will be removed in a future version. Either fill in any non-leading NA values prior to calling pct_change or specify 'fill_method=None' to not fill NA values.
  daily_returns = prices.pct_change().fillna(0)
/data/workspace/strategy_arena/cross_regime_scheduler.py:2193: FutureWarning: The default fill_method='pad' in DataFrame.pct_change is deprecated and will be removed in a future version. Either fill in any non-leading NA values prior to calling pct_change or specify 'fill_method=None' to not fill NA values.
  daily_returns = prices.pct_change().fillna(0)
/data/workspace/strategy_arena/cross_regime_scheduler.py:2193: FutureWarning: The default fill_method='pad' in DataFrame.pct_change is deprecated and will be removed in a future version. Either fill in any non-leading NA values prior to calling pct_change or specify 'fill_method=None' to not fill NA values.
  daily_returns = prices.pct_change().fillna(0)
/data/workspace/strategy_arena/cross_regime_scheduler.py:2193: FutureWarning: The default fill_method='pad' in DataFrame.pct_change is deprecated and will be removed in a future version. Either fill in any non-leading NA values prior to calling pct_change or specify 'fill_method=None' to not fill NA values.
  daily_returns = prices.pct_change().fillna(0)
/data/workspace/strategy_arena/cross_regime_scheduler.py:2193: FutureWarning: The default fill_method='pad' in DataFrame.pct_change is deprecated and will be removed in a future version. Either fill in any non-leading NA values prior to calling pct_change or specify 'fill_method=None' to not fill NA values.
  daily_returns = prices.pct_change().fillna(0)
/data/workspace/strategy_arena/cross_regime_scheduler.py:2193: FutureWarning: The default fill_method='pad' in DataFrame.pct_change is deprecated and will be removed in a future version. Either fill in any non-leading NA values prior to calling pct_change or specify 'fill_method=None' to not fill NA values.
  daily_returns = prices.pct_change().fillna(0)
/data/workspace/strategy_arena/cross_regime_scheduler.py:2193: FutureWarning: The default fill_method='pad' in DataFrame.pct_change is deprecated and will be removed in a future version. Either fill in any non-leading NA values prior to calling pct_change or specify 'fill_method=None' to not fill NA values.
  daily_returns = prices.pct_change().fillna(0)
    📊 多标的回测汇总: 107只标的 | 盈利占比77.6% | 平均年化+7.52% | 中位数年化+4.62%
       美股99只(盈利75) 年化+5.92%
       港股7只(盈利7) 年化+30.29%
    🌐 多标的回测: 107只 | 盈利占比77.6% | 中位年化+4.62% | 美股+5.92% | 港股+30.29%

  📋 [108/115] [其他] 聚宽RSRS-GEM9M+ATR2.5x

    🌐 [US市场回测]

    🌐 [HK市场回测]

    🌐 [CN市场回测]
      ✅ [美股] 得分23.38分 | 年化+4.24% | 回撤25.52% | 夏普0.04  ⚠️
      ❌ [港股] 最大回撤>30% | 年化+22.14% | 回撤48.31%
      ❌ [A股] 最大回撤>30% | 年化+4.13% | 回撤32.59%
    📊 多标的回测汇总: 107只标的 | 盈利占比83.2% | 平均年化+7.62% | 中位数年化+5.60%
       美股99只(盈利81) 年化+6.83%
       港股7只(盈利7) 年化+19.33%
    🌐 多标的回测: 107只 | 盈利占比83.2% | 中位年化+5.60% | 美股+6.83% | 港股+19.33%

  📋 [109/115] [趋势跟踪] 聚宽-Kdj&Macd组合_MACD8/21趋势

    🌐 [US市场回测]

    🌐 [HK市场回测]

    🌐 [CN市场回测]
      ✅ [美股] 得分31.17分 | 年化+6.25% | 回撤23.22% | 夏普0.20  ⚠️
      ❌ [港股] 最大回撤>30% | 年化+0.44% | 回撤70.74%
      ❌ [A股] 最大回撤>30% | 年化+0.08% | 回撤44.95%
    📊 多标的回测汇总: 2只标的 | 盈利占比100.0% | 平均年化+42.95% | 中位数年化+42.95%
       港股1只(盈利1) 年化+79.64%
    🌐 多标的回测: 2只 | 盈利占比100.0% | 中位年化+42.94% | 美股+0.00% | 港股+79.64%

  📋 [110/115] [高股息轮动] 聚宽ETF双持仓轮动1M

    🌐 [US市场回测]

    🌐 [HK市场回测]

    🌐 [CN市场回测]
      ❌ [美股] 最大回撤>30% | 年化+1.73% | 回撤38.57%
      ❌ [港股] 最大回撤>30% | 年化+17.19% | 回撤57.29%
      ❌ [A股] 最大回撤>30% | 年化+1.76% | 回撤45.13%
    📊 多标的回测汇总: 1只标的 | 盈利占比100.0% | 平均年化+1.73% | 中位数年化+1.73%
    🌐 多标的回测: 1只 | 盈利占比100.0% | 中位年化+1.73% | 美股+0.00% | 港股+0.00%

  📋 [111/115] [高股息轮动] 聚宽ETF双持仓轮动3M

    🌐 [US市场回测]

    🌐 [HK市场回测]

    🌐 [CN市场回测]
      ❌ [美股] 最大回撤>30% | 年化-0.89% | 回撤36.84%
      ❌ [港股] 最大回撤>30% | 年化+29.09% | 回撤61.07%
      ✅ [A股] 得分22.58分 | 年化+3.03% | 回撤25.52% | 夏普0.15  ⚠️
    📊 多标的回测汇总: 1只标的 | 盈利占比0.0% | 平均年化-0.89% | 中位数年化-0.89%
    🌐 多标的回测: 1只 | 盈利占比0.0% | 中位年化-0.89% | 美股+0.00% | 港股+0.00%

  📋 [112/115] [高股息轮动] 聚宽ETF三持仓轮动1M

    🌐 [US市场回测]

    🌐 [HK市场回测]

    🌐 [CN市场回测]
      ❌ [美股] 最大回撤>30% | 年化+1.73% | 回撤38.57%
      ❌ [港股] 最大回撤>30% | 年化+17.19% | 回撤57.29%
      ❌ [A股] 最大回撤>30% | 年化+1.76% | 回撤45.13%
    📊 多标的回测汇总: 1只标的 | 盈利占比100.0% | 平均年化+1.73% | 中位数年化+1.73%
    🌐 多标的回测: 1只 | 盈利占比100.0% | 中位年化+1.73% | 美股+0.00% | 港股+0.00%

  📋 [113/115] [均值回归] TradeSight_RSI14_30/70

    🌐 [US市场回测]

    🌐 [HK市场回测]

    🌐 [CN市场回测]
      ✅ [美股] 得分37.96分 | 年化+3.48% | 回撤12.85% | 夏普-0.09 ✅ ⚠️
      ❌ [港股] 最大回撤>30% | 年化+14.08% | 回撤44.42%
      ✅ [A股] 得分28.92分 | 年化+0.72% | 回撤17.56% | 夏普-0.13  ⚠️
    📊 多标的回测汇总: 2只标的 | 盈利占比50.0% | 平均年化-14.37% | 中位数年化-14.37%
       港股1只(盈利0) 年化-32.22%
    🌐 多标的回测: 2只 | 盈利占比50.0% | 中位年化-14.37% | 美股+0.00% | 港股-32.22%

  📋 [114/115] [趋势跟踪] Gunbot_Quant_ATR2.0x+SMA50趋势

    🌐 [US市场回测]

    🌐 [HK市场回测]

    🌐 [CN市场回测]
      ✅ [美股] 得分30.32分 | 年化+7.05% | 回撤25.83% | 夏普0.27  ⚠️
      ❌ [港股] 最大回撤>30% | 年化+16.16% | 回撤65.53%
      ❌ [A股] 最大回撤>30% | 年化+1.09% | 回撤35.98%
    📊 多标的回测汇总: 2只标的 | 盈利占比100.0% | 平均年化+40.51% | 中位数年化+40.51%
       港股1只(盈利1) 年化+73.97%
    🌐 多标的回测: 2只 | 盈利占比100.0% | 中位年化+40.51% | 美股+0.00% | 港股+73.97%

  📋 [115/115] [趋势跟踪] Gunbot_Quant_ATR3.0x+SMA50趋势

    🌐 [US市场回测]

    🌐 [HK市场回测]

    🌐 [CN市场回测]
      ✅ [美股] 得分30.32分 | 年化+7.05% | 回撤25.83% | 夏普0.27  ⚠️
      ❌ [港股] 最大回撤>30% | 年化+16.16% | 回撤65.53%
      ❌ [A股] 最大回撤>30% | 年化+1.09% | 回撤35.98%
    📊 多标的回测汇总: 2只标的 | 盈利占比100.0% | 平均年化+40.51% | 中位数年化+40.51%
       港股1只(盈利1) 年化+73.97%
    🌐 多标的回测: 2只 | 盈利占比100.0% | 中位年化+40.51% | 美股+0.00% | 港股+73.97%

======================================================================
  🖥️ 步骤5b: 本地回测策略扫描（世界最好的策略，无论来源）
======================================================================

  🖥️ 运行: RSI(2)严格均值回归 (rsi2_strict_backtest.py)
    🔄 跳过非全周期结果: RSI(2)严格均值回归 (牛市1(2019-21), 0.0年)
    🔄 跳过非全周期结果: RSI(2)严格均值回归 (熊市(2022), 0.0年)
    🔄 跳过非全周期结果: RSI(2)严格均值回归 (震荡(2023), 0.0年)
    🔄 跳过非全周期结果: RSI(2)严格均值回归 (牛市2(2024), 0.0年)
    ✅ RSI(2)严格均值回归(SPY): 44.61分 | 年化+10.39% | 回撤20.45% | 夏普0.41 

  🖥️ 运行: 双市场自适应策略 (dual_market_strategy_backtest.py)
    ✅ 双市场自适应策略（趋势+震荡）v4.5(us): 54.79分 | 年化+17.08% | 回撤20.38% | 夏普0.81 

  🖥️ 运行: Blakever V6.5 利率维度修正 (blakever_v65_backtest.py)
    ⚠️ 无JSON输出，尝试subprocess直接回测...
    ✅ Blakever V6.5 利率维度修正(SPY/SHY)(US): 38.52分 | 年化+9.32% | 回撤24.74% | 夏普0.42 

  🖥️ 本地回测汇总: 3个通过 / 0个废弃

======================================================================
  📊 步骤6: 样本外滚动验证
======================================================================

  📊 样本外滚动验证 (排行榜10个策略)...
    ✅ 双市场自适应策略（趋势+震荡）v4.5(us): 有效（本周超额-0.54%）
    ✅ RSI(2)严格均值回归(QQQ): 有效（本周超额-0.54%）
    ✅ Gunbot_Quant_波动率调节60日: 有效（本周超额+0.00%）
    ✅ Gunbot_Quant_波动率调节20日: 有效（本周超额+0.00%）
    ⚠️ GEM6资产_9M+5d缓冲: 疑似失效（连续3周跑输基准累计-10.1%，3周绝对负收益）
    ✅ GEM4资产_9M+5d缓冲: 有效（本周超额+0.00%）
    ✅ 双市场自适应_9M+5d缓冲: 有效（本周超额+0.00%）
    ⚠️ GEM5资产_9M+5d缓冲: 疑似失效（连续3周跑输基准累计-10.1%，3周绝对负收益）
    🔄 RSI(2)严格均值回归(SPY): 观察中（仅2周数据）
    ✅ 聚宽-Kdj&Macd组合_MACD12/26趋势: 有效（本周超额+0.00%）

======================================================================
  📊 扫描汇总（v5: 三市场独立排行）
======================================================================
  策略变体: 115个
  GitHub搜索: 20个
  Pine Script否决: 0个
  本地回测: 3个脚本
  通过回测: 65个
  废弃策略: 283个

  🏆 三市场排行榜:
    [美股] 前十: 10个策略 | 最佳: 双市场自适应策略（趋势+震荡）v4.5(us)(68.91分)
    [港股] 前十: 10个策略 | 最佳: Gunbot_Quant_波动率调节60日(51.82分)
    [A股] 前十: 10个策略 | 最佳: GEM6资产_12M+3d缓冲(64.2分)
  废弃库累计: US 50 + HK 50 + CN 50
  🌐 多标的覆盖: 138只 (美股ETF 6 + 美股 99 + 港股 7 + A股ETF 6 + A股蓝筹 20)
  ⏱️ 耗时: 4038秒
  📏 无风险利率: 美股0.0450 | 港股0.0350 | A股0.0200
  📧 邮件已发送至: 848786642@qq.com

✅ 扫描完成，耗时4038秒
📊 搜索方式: github
📊 Pine否决: 0个
📊 无风险利率: 0.0450
