Date,Open,High,Low,Close,Volume
2015-05-20,27.6,28.33,27.52,28.33,117715
2015-05-21,29.5,31.16,29.11,30.99,201986
2015-05-22,31.15,31.3,29.5,30.05,134709
2015-05-25,30.52,30.8,29.01,30.08,100727
2015-05-26,30.1,32.58,30.08,32.09,114237
2015-05-27,32.16,32.73,30.71,32.2,93134
2015-05-28,32.9,34.9,31.2,31.39,171933
2015-05-29,31.0,33.68,28.25,33.5,138973
2015-06-01,33.5,33.5,33.5,33.5,0
2015-06-02,33.5,33.5,33.5,33.5,0
2015-06-03,36.85,36.85,35.74,36.85,47015
2015-06-04,36.8,40.4,33.5,40.21,222853
2015-06-05,40.28,42.45,38.5,41.99,181652
2015-06-08,40.01,41.49,38.18,38.2,127148
2015-06-09,37.1,37.69,35.61,35.75,112942
2015-06-10,35.01,36.48,33.45,35.51,232677
2015-06-11,35.89,35.89,34.51,34.92,154370
2015-06-12,35.04,35.2,33.85,34.41,190634
2015-06-15,34.1,35.06,33.15,33.35,213823
2015-06-16,33.69,33.95,30.02,30.06,258460
2015-06-17,30.06,31.2,28.52,31.01,180284
2015-06-18,30.4,30.69,28.1,28.22,151412
2015-06-19,27.02,28.34,25.84,26.55,130641
2015-06-23,26.51,27.25,25.4,27.1,150048
2015-06-24,27.5,29.61,27.3,29.3,223152
2015-06-25,29.5,29.78,27.03,28.02,151405
2015-06-26,27.0,27.46,25.22,25.22,104210
2015-06-29,25.44,25.93,22.7,22.7,173718
2015-06-30,22.59,24.96,20.43,24.94,167947
2015-07-01,24.93,26.0,22.45,22.45,222271
2015-07-02,21.95,22.94,20.21,20.21,150672
2015-07-03,19.04,20.92,18.19,18.19,156013
2015-07-06,19.8,19.8,16.37,16.4,210441
2015-07-07,15.0,15.3,14.76,14.76,68395
2015-07-08,13.28,14.52,13.28,13.76,510952
2015-07-09,12.8,15.14,12.8,15.14,153702
2015-07-10,16.09,16.65,16.09,16.65,76021
2015-07-13,18.32,18.32,17.61,18.32,167675
2015-07-14,19.0,20.07,18.4,19.06,264616
2015-07-15,18.89,18.89,17.15,17.15,137179
2015-07-16,17.1,18.15,15.5,17.03,188262
2015-07-17,17.26,18.7,17.05,18.42,141715
2015-07-20,18.5,19.74,18.18,19.25,188019
2015-07-21,18.78,20.35,18.21,19.96,185673
2015-07-22,19.5,20.52,19.15,19.8,168179
2015-07-23,19.7,21.39,19.61,21.15,192611
2015-07-24,21.37,21.95,20.0,20.45,288815
2015-07-27,20.11,20.32,18.41,18.41,190535
2015-07-28,17.2,18.2,16.57,16.58,201482
2015-07-29,17.1,17.85,15.8,17.85,170675
2015-07-30,17.68,18.22,16.76,16.8,185919
2015-07-31,16.46,16.89,15.86,16.13,120996
2015-08-03,15.87,15.88,14.52,14.76,120225
2015-08-04,14.86,16.24,14.86,16.24,139904
2015-08-05,16.25,16.96,16.0,16.29,146350
2015-08-06,15.9,16.75,15.7,16.55,118817
2015-08-07,16.8,17.55,16.67,17.46,131571
2015-08-10,18.02,19.09,18.0,18.85,155404
2015-08-11,18.85,19.8,18.61,18.85,207061
2015-08-12,18.56,19.44,18.45,18.76,160462
2015-08-13,18.77,20.19,18.77,20.17,213648
2015-08-14,20.11,20.9,19.58,19.81,210088
2015-08-17,19.48,19.81,18.98,19.74,149099
2015-08-18,19.74,19.98,17.77,17.77,168514
2015-08-19,16.6,18.5,16.02,18.06,152625
2015-08-20,17.73,18.58,17.38,17.39,129573
2015-08-21,17.0,17.48,15.95,16.04,139946
2015-08-24,15.15,15.5,14.44,14.44,102037
2015-08-25,13.2,14.5,13.0,13.0,100106
2015-08-26,13.25,13.91,12.5,12.95,147337
2015-08-27,13.35,13.89,12.99,13.89,116022
2015-08-28,14.21,15.01,14.2,15.0,117903
2015-08-31,14.87,14.87,14.06,14.12,92749
2015-09-01,14.0,14.0,12.88,12.98,86480
2015-09-02,12.48,13.65,12.05,13.6,118058
2015-09-07,13.42,14.4,13.42,13.7,90269
2015-09-08,13.59,14.65,13.45,14.57,75960
2015-09-09,14.77,15.9,14.77,15.86,134173
2015-09-10,15.26,15.7,15.01,15.4,124267
2015-09-11,15.42,16.94,15.21,16.13,156579
2015-09-14,16.35,16.36,14.52,14.52,98138
2015-09-15,14.02,14.29,13.07,13.07,74414
2015-09-16,13.11,14.38,13.11,14.38,90848
2015-09-17,14.75,15.82,14.6,15.8,197827
2015-09-18,15.76,16.15,15.5,16.0,107156
2015-09-21,15.6,16.48,15.55,16.38,99321
2015-09-22,16.2,16.59,15.71,16.3,117959
2015-09-23,16.3,16.3,16.3,16.3,0
2015-09-24,16.3,16.3,16.3,16.3,0
2015-09-25,16.3,16.3,16.3,16.3,0
2015-09-28,16.3,16.3,16.3,16.3,0
2015-09-29,16.3,16.3,16.3,16.3,0
2015-09-30,16.3,16.3,16.3,16.3,0
2015-10-08,16.3,16.3,16.3,16.3,0
2015-10-09,16.3,16.3,16.3,16.3,0
2015-10-12,16.3,16.3,16.3,16.3,0
2015-10-13,16.3,16.3,16.3,16.3,0
2015-10-14,16.3,16.3,16.3,16.3,0
2015-10-15,16.3,16.3,16.3,16.3,0
2015-10-16,16.3,16.3,16.3,16.3,0
2015-10-19,16.3,16.3,16.3,16.3,0
2015-10-20,16.3,16.3,16.3,16.3,0
2015-10-21,16.3,16.3,16.3,16.3,0
2015-10-22,16.3,16.3,16.3,16.3,0
2015-10-23,16.3,16.3,16.3,16.3,0
2015-10-26,16.3,16.3,16.3,16.3,0
2015-10-27,16.3,16.3,16.3,16.3,0
2015-10-28,16.3,16.3,16.3,16.3,0
2015-10-29,16.3,16.3,16.3,16.3,0
2015-10-30,16.3,16.3,16.3,16.3,0
2015-11-02,16.3,16.3,16.3,16.3,0
2015-11-03,16.3,16.3,16.3,16.3,0
2015-11-04,16.3,16.3,16.3,16.3,0
2015-11-05,16.3,16.3,16.3,16.3,0
2015-11-06,16.3,16.3,16.3,16.3,0
2015-11-09,16.3,16.3,16.3,16.3,0
2015-11-10,16.3,16.3,16.3,16.3,0
2015-11-11,16.3,16.3,16.3,16.3,0
2015-11-12,16.3,16.3,16.3,16.3,0
2015-11-13,16.3,16.3,16.3,16.3,0
2015-11-16,16.3,16.3,16.3,16.3,0
2015-11-17,16.3,16.3,16.3,16.3,0
2015-11-18,16.3,16.3,16.3,16.3,0
2015-11-19,16.3,16.3,16.3,16.3,0
2015-11-20,16.3,16.3,16.3,16.3,0
2015-11-23,16.3,16.3,16.3,16.3,0
2015-11-24,16.3,16.3,16.3,16.3,0
2015-11-25,16.3,16.3,16.3,16.3,0
2015-11-26,16.3,16.3,16.3,16.3,0
2015-11-27,16.3,16.3,16.3,16.3,0
2015-11-30,16.3,16.3,16.3,16.3,0
2015-12-01,16.3,16.3,16.3,16.3,0
2015-12-02,16.3,16.3,16.3,16.3,0
2015-12-03,16.3,16.3,16.3,16.3,0
2015-12-04,16.3,16.3,16.3,16.3,0
2015-12-07,16.3,16.3,16.3,16.3,0
2015-12-08,16.3,16.3,16.3,16.3,0
2015-12-09,16.3,16.3,16.3,16.3,0
2015-12-10,16.3,16.3,16.3,16.3,0
2015-12-11,16.3,16.3,16.3,16.3,0
2015-12-14,16.3,16.3,16.3,16.3,0
2015-12-15,16.3,16.3,16.3,16.3,0
2015-12-16,16.3,16.3,16.3,16.3,0
2015-12-17,16.3,16.3,16.3,16.3,0
2015-12-18,16.3,16.3,16.3,16.3,0
2015-12-21,16.3,16.3,16.3,16.3,0
2015-12-22,16.3,16.3,16.3,16.3,0
2015-12-23,16.3,16.3,16.3,16.3,0
2015-12-24,16.3,16.3,16.3,16.3,0
2015-12-25,16.3,16.3,16.3,16.3,0
2015-12-28,17.93,17.93,17.93,17.93,45564
2015-12-29,19.72,19.72,19.72,19.72,37548
2015-12-30,20.45,20.47,18.74,19.13,320918
2015-12-31,18.74,18.96,17.88,18.05,203882
2016-01-04,17.9,17.92,16.4,16.46,98330
2016-01-05,16.2,18.11,16.0,18.03,189740
2016-01-06,17.82,19.18,17.66,18.89,205911
2016-01-07,18.05,18.4,17.0,17.0,48571
2016-01-08,17.39,18.7,16.35,18.56,213952
2016-01-11,18.23,19.4,17.7,18.16,246843
2016-01-12,17.7,17.96,16.36,16.95,154894
2016-01-13,16.66,17.24,15.26,15.8,145744
2016-01-14,15.0,15.86,14.33,15.73,112175
2016-01-15,15.57,15.57,14.16,14.17,97590
2016-01-18,13.71,14.98,13.5,14.7,73738
2016-01-19,14.67,15.7,14.3,15.5,91094
2016-01-20,15.21,15.57,14.88,15.11,81397
2016-01-21,14.77,15.36,14.5,14.5,66437
2016-01-22,14.79,15.11,14.03,15.11,58898
2016-01-25,15.4,15.4,15.0,15.4,62179
2016-01-26,15.2,15.2,13.86,13.86,69414
2016-01-27,13.75,13.97,12.55,13.5,84944
2016-01-28,13.4,14.09,12.88,13.24,79642
2016-01-29,13.3,14.03,13.3,13.81,48367
2016-02-01,13.99,14.4,13.52,13.77,54640
2016-02-02,13.77,14.36,13.77,14.33,53948
2016-02-03,14.17,14.48,13.85,14.26,47335
2016-02-04,14.82,15.69,14.82,15.69,131110
2016-02-05,15.95,15.96,15.27,15.56,120044
2016-02-15,15.41,16.87,15.27,16.51,107678
2016-02-16,16.16,17.09,16.12,16.96,132855
2016-02-17,16.68,17.12,16.56,16.97,111807
2016-02-18,16.9,18.38,16.62,16.93,157633
2016-02-19,17.05,17.88,17.05,17.46,110696
2016-02-22,17.81,18.25,17.53,17.65,88783
2016-02-23,17.86,17.98,17.41,17.84,81090
2016-02-24,17.55,17.72,17.12,17.46,80226
2016-02-25,17.6,17.86,15.71,15.97,108110
2016-02-26,15.9,16.55,15.71,16.41,79346
2016-02-29,16.2,16.39,14.87,15.38,82243
2016-03-01,15.7,16.48,15.37,16.24,176045
2016-03-02,15.74,17.59,15.51,17.2,295439
2016-03-03,17.45,18.55,17.21,18.16,358092
2016-03-04,18.17,18.89,17.61,18.24,337021
2016-03-07,19.11,19.75,18.2,19.35,328330
2016-03-08,19.99,20.48,19.09,20.3,411690
2016-03-09,18.78,19.28,18.27,18.27,269065
2016-03-10,18.23,18.94,17.89,18.03,174152
2016-03-11,18.1,18.59,18.0,18.27,155220
2016-03-14,18.29,19.29,17.97,19.22,236675
2016-03-15,18.7,19.06,17.66,17.8,198491
2016-03-16,17.73,17.8,16.93,17.24,141054
2016-03-17,17.66,18.08,17.37,17.87,137959
2016-03-18,18.48,19.66,18.45,19.66,363971
2016-03-21,20.98,20.99,19.27,20.05,545554
2016-03-22,19.77,20.6,19.29,20.14,387137
2016-03-23,19.86,20.32,19.58,20.14,289571
2016-03-24,19.48,19.48,18.7,18.78,305385
2016-03-25,18.61,19.23,18.3,19.23,205102
2016-03-28,19.23,19.38,18.4,18.46,187927
2016-03-29,18.41,19.3,18.34,19.12,232868
2016-03-30,19.3,19.65,19.05,19.55,234678
2016-03-31,19.53,19.54,19.07,19.21,192976
2016-04-01,19.17,19.45,18.71,19.08,162923
2016-04-05,18.95,19.35,18.3,19.32,210731
2016-04-06,19.15,19.75,19.01,19.08,183644
2016-04-07,19.12,19.2,18.3,18.3,180562
2016-04-08,18.1,18.1,17.33,17.7,150620
2016-04-11,17.95,18.52,17.84,18.37,145485
2016-04-12,18.25,18.71,17.81,18.14,150740
2016-04-13,19.16,19.95,18.84,19.32,440491
2016-04-14,19.44,19.44,18.84,19.0,265808
2016-04-15,18.98,19.0,18.69,18.85,125142
2016-04-18,18.61,18.78,17.88,18.16,152164
2016-04-19,18.37,18.87,18.02,18.82,161367
2016-04-20,19.96,20.7,18.85,19.58,572393
2016-04-21,19.58,19.58,19.58,19.58,0
2016-04-22,19.58,19.58,19.58,19.58,0
2016-04-25,19.58,19.58,19.58,19.58,0
2016-04-26,19.58,19.58,19.58,19.58,0
2016-04-27,19.58,19.58,19.58,19.58,0
2016-04-28,18.78,18.85,17.64,18.15,282463
2016-04-29,18.3,18.7,18.02,18.03,165766
2016-05-03,18.23,18.58,17.85,18.58,152345
2016-05-04,18.18,18.49,18.14,18.27,119942
2016-05-05,18.2,18.23,17.91,18.15,99484
2016-05-06,18.01,18.16,16.48,16.55,197439
2016-05-09,16.08,16.29,14.9,14.9,164555
2016-05-10,14.8,14.96,14.52,14.79,95596
2016-05-11,14.99,15.15,14.76,14.76,77680
2016-05-12,14.7,14.88,14.01,14.78,87547
2016-05-13,14.44,14.87,14.44,14.67,59398
2016-05-16,14.5,15.39,14.3,15.25,97242
2016-05-17,15.14,15.77,15.04,15.24,137753
2016-05-18,15.02,15.15,14.28,14.49,83040
2016-05-19,14.36,14.9,14.36,14.65,68475
2016-05-20,14.35,14.63,14.23,14.62,62995
2016-05-23,14.7,14.98,14.63,14.77,58189
2016-05-24,14.75,14.75,14.29,14.39,61343
2016-05-25,14.57,14.63,14.04,14.17,57424
2016-05-26,14.16,14.55,13.96,14.54,74962
2016-05-27,14.81,15.37,14.63,14.87,132015
2016-05-30,14.56,14.98,14.55,14.66,68884
2016-05-31,14.63,15.28,14.63,15.25,115976
2016-06-01,15.2,15.78,15.19,15.4,127163
2016-06-02,15.44,16.09,15.43,15.83,145381
2016-06-03,15.62,15.78,15.4,15.52,116141
2016-06-06,15.98,16.91,15.96,16.46,224526
2016-06-07,16.53,17.2,16.4,16.71,168433
2016-06-08,16.63,16.63,16.16,16.36,95254
2016-06-13,16.15,17.18,16.07,16.12,208403
2016-06-14,16.14,16.89,16.13,16.51,127801
2016-06-15,16.06,17.19,16.06,17.19,143185
2016-06-16,17.46,18.18,17.32,18.12,183177
2016-06-17,17.88,18.45,17.6,17.87,135694
2016-06-20,17.77,17.77,17.25,17.55,75952
2016-06-21,17.55,17.75,16.6,16.85,97257
2016-06-22,16.8,17.0,16.7,16.91,71078
2016-06-23,17.01,17.13,16.6,16.88,60009
2016-06-24,16.95,18.48,16.59,17.42,151165
2016-06-27,17.44,18.06,17.43,17.9,119264
2016-06-28,17.95,18.18,17.62,17.85,106775
2016-06-29,18.15,18.4,17.72,18.3,112885
2016-06-30,18.54,18.8,18.22,18.28,112810
2016-07-01,18.5,20.11,18.3,20.11,273646
2016-07-04,21.9,22.12,21.9,22.12,154169
2016-07-05,23.88,24.33,23.11,24.33,615072
2016-07-06,23.8,26.57,23.5,25.1,621393
2016-07-07,25.04,26.26,24.49,24.5,438490
2016-07-08,23.98,25.17,23.66,24.51,364883
2016-07-11,25.05,26.58,24.81,24.9,419872
2016-07-12,24.3,24.65,23.33,24.25,291029
2016-07-13,23.8,24.93,23.76,24.6,332005
2016-07-14,24.3,24.41,23.45,24.0,246244
2016-07-15,23.86,24.36,23.61,23.88,177872
2016-07-18,23.9,24.17,23.0,23.0,185428
2016-07-19,23.06,23.38,22.73,23.22,144031
2016-07-20,23.4,23.4,22.51,22.7,174038
2016-07-21,22.4,22.8,22.2,22.78,206557
2016-07-22,23.0,23.31,21.95,21.98,215634
2016-07-25,21.63,24.18,20.52,21.85,228835
2016-07-26,21.68,22.18,21.47,21.95,151415
2016-07-27,22.05,22.17,20.03,20.65,210484
2016-07-28,21.37,21.37,20.67,21.05,179954
2016-07-29,20.9,20.98,20.02,20.39,133690
2016-08-01,20.74,21.25,20.32,20.64,193280
2016-08-02,20.44,21.15,20.19,21.03,115392
2016-08-03,21.38,22.45,21.09,21.99,302943
2016-08-04,21.54,21.78,21.05,21.45,160506
2016-08-05,21.43,21.43,20.86,21.02,115593
2016-08-08,20.15,20.34,19.45,19.97,178175
2016-08-09,19.94,20.32,19.8,20.32,130873
2016-08-10,20.33,21.2,20.3,21.12,199754
2016-08-11,20.75,20.76,20.11,20.2,109918
2016-08-12,19.99,20.75,19.92,20.59,88756
2016-08-15,20.57,21.2,20.16,20.9,139533
2016-08-16,20.91,21.91,20.89,21.55,186478
2016-08-17,21.31,21.32,20.9,20.93,122905
2016-08-18,21.08,21.45,20.78,20.87,98043
2016-08-19,20.7,20.99,20.52,20.95,76366
2016-08-22,20.4,20.64,20.3,20.36,68549
2016-08-23,20.33,20.94,20.33,20.67,72301
2016-08-24,20.69,20.8,20.42,20.49,48844
2016-08-25,20.22,20.22,19.6,19.92,92350
2016-08-26,19.9,20.55,19.88,20.25,105140
2016-08-29,20.1,20.54,19.8,20.3,84479
2016-08-30,20.31,20.32,19.92,20.05,51836
2016-08-31,20.0,20.15,19.8,20.09,53991
2016-09-01,19.85,20.45,19.85,20.19,82792
2016-09-02,20.32,21.15,20.32,20.86,203917
2016-09-05,21.3,21.96,21.1,21.68,239861
2016-09-06,21.65,21.65,20.89,21.51,134832
2016-09-07,22.07,22.26,21.5,21.5,166770
2016-09-08,21.27,21.4,21.06,21.25,79517
2016-09-09,21.18,21.33,20.85,20.85,70826
2016-09-12,20.05,20.14,19.5,20.1,147238
2016-09-13,20.19,20.2,19.68,19.97,76430
2016-09-14,19.8,20.03,19.3,19.99,74176
2016-09-19,19.8,20.0,19.65,19.95,78347
2016-09-20,20.0,20.08,19.75,19.95,40486
2016-09-21,19.9,20.06,19.77,19.99,56384
2016-09-22,20.4,20.5,19.89,19.92,70211
2016-09-23,20.04,20.04,19.45,19.85,79057
2016-09-26,19.63,19.79,18.7,18.85,99675
2016-09-27,18.72,18.95,18.53,18.85,45993
2016-09-28,18.78,18.8,18.19,18.19,71957
2016-09-29,18.28,18.47,18.19,18.22,41263
2016-09-30,18.21,18.45,18.16,18.24,42253
2016-10-10,17.87,17.87,17.22,17.81,137096
2016-10-11,17.81,18.35,17.74,18.27,106302
2016-10-12,18.2,18.2,17.9,18.03,58211
2016-10-13,18.1,18.13,17.96,18.02,46789
2016-10-14,18.0,18.0,17.6,17.88,56175
2016-10-17,17.86,18.26,17.7,18.16,89897
2016-10-18,18.0,18.28,17.92,18.26,63064
2016-10-19,18.34,18.79,18.31,18.39,103922
2016-10-20,18.47,18.69,18.4,18.46,65008
2016-10-21,18.28,18.65,18.09,18.26,66020
2016-10-24,18.33,18.75,18.03,18.57,90522
2016-10-25,18.57,19.27,18.57,19.24,140179
2016-10-26,19.17,19.19,18.78,18.9,99134
2016-10-27,18.81,18.81,18.54,18.68,52013
2016-10-28,18.69,18.77,18.3,18.4,59218
2016-10-31,18.45,18.8,18.36,18.75,61948
2016-11-01,18.9,19.24,18.75,19.13,115848
2016-11-02,19.37,19.96,19.09,19.76,217650
2016-11-03,19.6,19.65,19.2,19.41,129782
2016-11-04,19.3,19.49,19.09,19.12,69622
2016-11-07,19.0,19.89,18.86,19.46,112682
2016-11-08,19.48,19.48,18.99,19.09,77041
2016-11-09,19.14,19.78,18.88,19.32,211566
2016-11-10,19.1,20.08,19.01,19.48,217799
2016-11-11,19.4,21.28,19.09,20.93,390050
2016-11-14,19.84,20.47,19.75,20.18,271105
2016-11-15,20.58,21.15,20.16,20.21,228850
2016-11-16,20.0,20.07,19.57,19.8,142286
2016-11-17,19.7,19.7,19.35,19.52,102513
2016-11-18,19.48,19.53,18.94,18.99,128438
2016-11-21,19.03,19.18,18.5,19.17,126199
2016-11-22,19.17,19.66,19.06,19.63,140788
2016-11-23,19.6,19.6,18.92,19.06,109504
2016-11-24,19.25,19.75,19.06,19.14,150384
2016-11-25,19.19,19.25,18.31,18.62,124660
2016-11-28,19.05,19.85,18.82,19.52,214309
2016-11-29,19.44,19.44,18.65,18.78,131318
2016-11-30,18.48,18.58,18.26,18.35,91899
2016-12-01,18.36,18.58,18.3,18.4,55276
2016-12-02,18.42,18.42,17.74,17.8,92318
2016-12-05,17.37,17.76,17.32,17.53,86357
2016-12-06,17.69,17.8,17.5,17.57,45752
2016-12-07,17.68,18.02,17.45,17.87,56960
2016-12-08,17.92,18.27,17.83,18.03,76214
2016-12-09,17.84,18.07,17.79,17.91,38407
2016-12-12,18.0,18.21,16.58,16.6,81698
2016-12-13,16.65,17.07,16.51,16.84,58235
2016-12-14,16.85,17.35,16.8,17.16,54994
2016-12-15,17.0,17.42,16.82,17.16,52021
2016-12-16,16.9,17.1,16.86,16.97,33059
2016-12-19,16.97,16.97,16.6,16.68,37410
2016-12-20,16.61,16.61,16.24,16.38,57388
2016-12-21,16.47,16.67,16.41,16.59,38958
2016-12-22,16.54,16.63,16.25,16.33,44649
2016-12-23,16.35,16.46,16.1,16.19,38266
2016-12-26,16.06,16.2,15.55,16.09,54550
2016-12-27,16.0,16.41,15.92,16.29,42930
2016-12-28,16.33,16.5,16.18,16.4,40860
2016-12-29,16.41,16.49,16.23,16.24,33231
2016-12-30,16.35,16.46,16.18,16.32,30388
2017-01-03,16.35,16.58,16.3,16.5,35728
2017-01-04,16.58,16.61,16.32,16.58,40409
2017-01-05,16.69,16.95,16.55,16.81,59810
2017-01-06,16.8,16.8,16.36,16.4,40260
2017-01-09,16.36,16.43,15.99,16.43,52698
2017-01-10,16.4,16.86,16.32,16.62,53134
2017-01-11,16.67,16.83,16.36,16.41,47037
2017-01-12,16.25,16.44,16.02,16.02,40484
2017-01-13,16.02,16.16,15.77,15.81,32179
2017-01-16,15.67,15.76,14.23,14.76,80422
2017-01-17,14.5,14.91,14.37,14.79,39757
2017-01-18,14.7,14.94,14.64,14.73,25634
2017-01-19,14.72,14.92,14.45,14.74,28455
2017-01-20,14.7,15.11,14.61,15.07,35369
2017-01-23,15.1,15.68,15.05,15.35,40737
2017-01-24,15.28,15.58,15.2,15.31,25462
2017-01-25,15.33,15.63,15.31,15.5,27500
2017-01-26,15.57,15.99,15.51,15.95,39694
2017-02-03,16.1,16.34,15.85,15.86,34869
2017-02-06,15.81,16.01,15.77,15.95,27007
2017-02-07,15.95,16.15,15.7,15.99,33513
2017-02-08,15.93,16.04,15.75,15.99,23666
2017-02-09,16.0,16.14,15.97,16.12,27197
2017-02-10,16.03,16.43,15.86,16.13,44421
2017-02-13,16.5,16.68,16.2,16.25,47824
2017-02-14,16.15,16.25,16.04,16.19,34287
2017-02-15,16.2,16.2,15.71,15.73,42941
2017-02-16,15.72,16.29,15.72,16.1,62966
2017-02-17,16.06,16.17,15.76,15.95,42072
2017-02-20,15.9,15.98,15.71,15.86,42802
2017-02-21,15.95,16.28,15.87,16.12,70251
2017-02-22,16.03,16.27,15.85,15.95,57038
2017-02-23,15.99,16.52,15.93,16.44,135648
2017-02-24,16.36,16.52,16.01,16.07,108473
2017-02-27,16.2,16.77,16.14,16.4,179835
2017-02-28,16.4,17.46,16.3,17.25,233422
2017-03-01,17.19,17.67,16.88,17.31,175797
2017-03-02,17.34,17.88,17.12,17.25,167697
2017-03-03,17.02,17.05,16.76,16.85,111499
2017-03-06,16.76,17.03,16.76,16.94,59225
2017-03-07,16.9,17.0,16.72,16.86,61518
2017-03-08,16.76,16.92,16.6,16.87,55654
2017-03-09,16.7,16.7,16.19,16.3,88227
2017-03-10,16.29,16.44,16.1,16.44,51674
2017-03-13,16.39,17.05,16.3,16.98,107884
2017-03-14,17.0,17.18,16.79,17.15,90054
2017-03-15,17.18,17.85,17.03,17.49,152601
2017-03-16,17.9,18.04,17.52,17.85,132934
2017-03-17,17.8,18.18,17.14,17.14,113120
2017-03-20,17.48,17.58,17.11,17.44,62339
2017-03-21,17.44,17.54,17.17,17.26,51163
2017-03-22,17.3,17.6,17.28,17.3,59475
2017-03-23,17.3,17.5,17.04,17.21,52837
2017-03-24,17.18,17.2,16.33,16.6,133861
2017-03-27,16.61,16.69,16.39,16.62,66074
2017-03-28,16.51,16.83,16.51,16.66,44873
2017-03-29,16.66,17.37,16.53,16.56,49068
2017-03-30,16.5,16.56,15.79,15.85,83841
2017-03-31,15.96,15.96,15.52,15.7,52388
2017-04-05,15.75,16.15,15.73,16.09,56868
2017-04-06,16.23,16.58,16.15,16.39,63409
2017-04-07,16.37,17.18,16.29,16.62,126413
2017-04-10,16.4,16.46,16.09,16.23,66600
2017-04-11,16.32,16.67,16.03,16.6,87980
2017-04-12,16.67,16.88,16.16,16.25,91160
2017-04-13,15.85,15.85,15.46,15.6,69262
2017-04-14,15.6,15.95,15.37,15.65,67243
2017-04-17,15.58,16.02,15.15,15.3,62046
2017-04-18,15.3,15.51,14.78,14.84,66571
2017-04-19,14.78,14.78,14.08,14.31,86624
2017-04-20,14.32,14.67,14.28,14.44,62855
2017-04-21,14.51,14.68,14.32,14.35,40078
2017-04-24,14.33,14.33,13.68,13.78,54895
2017-04-25,13.85,13.92,13.64,13.7,36755
2017-04-26,13.75,13.75,13.45,13.5,60609
2017-04-27,13.12,13.2,12.3,13.13,100688
2017-04-28,13.0,13.28,12.88,13.14,40432
2017-05-02,13.18,13.23,13.0,13.09,29502
2017-05-03,13.03,13.3,13.02,13.15,35910
2017-05-04,13.03,13.08,12.66,12.9,45609
2017-05-05,12.85,13.1,12.69,12.8,48641
2017-05-08,12.82,13.07,12.75,12.76,48733
2017-05-09,12.75,13.07,12.72,13.01,31793
2017-05-10,13.04,13.2,12.93,12.96,39367
2017-05-11,12.83,12.89,12.37,12.63,49795
2017-05-12,12.6,12.82,12.56,12.65,24952
2017-05-15,12.73,12.83,12.6,12.7,24227
2017-05-16,12.7,13.08,12.56,13.07,44866
2017-05-17,13.14,13.24,13.04,13.13,31353
2017-05-18,13.17,13.26,13.01,13.08,25173
2017-05-19,12.94,13.1,12.92,13.06,24071
2017-05-22,13.17,13.43,13.0,13.09,45357
2017-05-23,13.01,13.13,12.14,12.14,56325
2017-05-24,12.12,12.2,11.75,11.92,53046
2017-05-25,11.94,12.11,11.79,12.02,49401
2017-05-26,12.0,12.32,11.99,12.23,41154
2017-05-31,12.27,12.41,12.16,12.16,23270
2017-06-01,12.16,12.18,11.73,11.75,27167
2017-06-02,11.73,12.05,11.63,12.0,25810
2017-06-05,12.13,12.28,12.04,12.23,23594
2017-06-06,12.22,12.33,12.12,12.26,17923
2017-06-07,12.38,12.6,12.36,12.55,31491
2017-06-08,12.51,12.76,12.44,12.61,31942
2017-06-09,12.5,12.65,12.47,12.54,17924
2017-06-12,12.45,12.57,12.2,12.48,29251
2017-06-13,12.39,12.95,12.33,12.8,38813
2017-06-14,12.79,13.06,12.7,13.03,39794
2017-06-15,13.0,13.13,12.91,13.04,23780
2017-06-16,13.0,13.12,12.92,12.96,25596
2017-06-19,12.9,13.09,12.81,12.98,21862
2017-06-20,12.99,13.08,12.88,12.9,19822
2017-06-21,12.9,12.99,12.81,12.84,13835
2017-06-22,12.91,13.05,12.75,12.8,27883
2017-06-23,12.73,12.88,12.56,12.84,26970
2017-06-26,12.83,13.2,12.83,13.1,31114
2017-06-27,13.12,13.37,13.01,13.35,42107
2017-06-28,13.34,13.49,13.25,13.35,51674
2017-06-29,13.35,13.7,13.35,13.65,64138
2017-06-30,13.51,13.65,13.42,13.58,29482
2017-07-03,13.55,13.68,13.35,13.65,26127
2017-07-04,13.65,13.75,13.38,13.39,43713
2017-07-05,13.39,13.63,13.32,13.55,33028
2017-07-06,13.54,13.87,13.42,13.84,57917
2017-07-07,13.8,14.4,13.64,14.21,77501
2017-07-10,14.08,14.49,13.96,14.05,69114
2017-07-11,14.06,14.1,13.4,13.5,67796
2017-07-12,13.49,13.75,13.35,13.72,36251
2017-07-13,13.73,14.1,13.53,13.88,63337
2017-07-14,13.75,13.76,13.54,13.62,44060
2017-07-17,13.51,13.67,12.5,12.79,77299
2017-07-18,12.79,12.98,12.71,12.95,35202
2017-07-19,13.5,14.25,13.33,14.25,86255
2017-07-20,14.8,15.19,14.56,14.69,269651
2017-07-21,14.57,14.93,14.39,14.5,120810
2017-07-24,14.5,14.99,14.44,14.68,118697
2017-07-25,14.48,14.64,14.16,14.54,84503
2017-07-26,14.63,14.98,14.5,14.81,124641
2017-07-27,14.8,14.8,14.21,14.38,75569
2017-07-28,14.38,14.73,14.27,14.67,65986
2017-07-31,14.6,15.45,14.59,15.35,156384
2017-08-01,15.28,15.28,14.82,15.03,104867
2017-08-02,14.96,15.45,14.81,14.88,93165
2017-08-03,14.93,15.36,14.7,15.16,112516
2017-08-04,15.09,15.46,14.81,14.9,113939
2017-08-07,14.7,15.13,14.51,15.09,79982
2017-08-08,15.17,15.66,15.09,15.21,130184
2017-08-09,15.5,15.64,15.02,15.64,127867
2017-08-10,15.4,15.92,15.31,15.8,150713
2017-08-11,15.56,15.78,14.44,14.6,119761
2017-08-14,14.6,14.88,14.43,14.71,54235
2017-08-15,14.71,14.71,14.1,14.23,117529
2017-08-16,14.21,14.28,13.74,13.94,93703
2017-08-17,14.7,14.95,14.46,14.7,168879
2017-08-18,14.37,14.85,14.18,14.62,84649
2017-08-21,14.43,14.88,14.4,14.7,63062
2017-08-22,14.6,14.68,14.39,14.49,42467
2017-08-23,14.41,14.48,13.95,14.17,39983
2017-08-24,14.2,14.27,14.05,14.17,19572
2017-08-25,14.05,14.45,14.05,14.37,45678
2017-08-28,14.3,14.45,14.07,14.37,41137
2017-08-29,14.5,14.8,14.3,14.48,61560
2017-08-30,14.42,14.73,14.32,14.62,49873
2017-08-31,14.55,14.75,14.4,14.61,44939
2017-09-01,14.63,15.87,14.61,15.39,156839
2017-09-04,15.55,15.88,15.26,15.5,111442
2017-09-05,15.45,15.47,14.94,15.24,72357
2017-09-06,15.01,15.59,15.01,15.33,70681
2017-09-07,15.2,15.35,14.83,14.9,62685
2017-09-08,14.87,15.24,14.86,15.1,46438
2017-09-11,14.82,15.44,14.82,15.37,69421
2017-09-12,15.36,15.65,15.09,15.21,97103
2017-09-13,15.22,15.5,14.93,15.48,63690
2017-09-14,15.4,15.55,15.07,15.17,51139
2017-09-15,15.12,15.25,14.48,14.62,88312
2017-09-18,14.61,14.79,14.46,14.75,34202
2017-09-19,14.77,14.8,14.2,14.33,55017
2017-09-20,14.34,14.96,14.34,14.85,77138
2017-09-21,14.78,14.93,14.46,14.52,49484
2017-09-22,14.48,14.48,14.09,14.19,58090
2017-09-25,14.16,14.17,13.75,13.82,47076
2017-09-26,13.95,14.02,13.78,13.92,27291
2017-09-27,13.84,14.12,13.82,13.92,29306
2017-09-28,13.92,13.98,13.62,13.62,34831
2017-09-29,13.79,13.83,13.63,13.8,23000
2017-10-09,14.03,14.28,13.89,14.24,56502
2017-10-10,14.19,14.19,14.0,14.11,25025
2017-10-11,14.11,14.17,14.0,14.04,19304
2017-10-12,14.0,14.0,13.67,13.8,41717
2017-10-13,13.8,13.9,13.69,13.8,25979
2017-10-16,13.84,13.92,13.62,13.85,35802
2017-10-17,13.75,13.75,13.27,13.33,59052
2017-10-18,13.33,13.4,13.03,13.05,34921
2017-10-19,12.98,13.13,12.82,12.95,24269
2017-10-20,12.97,13.17,12.97,13.17,17568
2017-10-23,13.18,13.22,13.04,13.18,11812
2017-10-24,13.18,13.28,13.05,13.16,16205
2017-10-25,13.22,13.25,13.05,13.19,13073
2017-10-26,13.18,13.38,13.1,13.33,23015
2017-10-27,13.19,13.2,12.85,12.95,60114
2017-10-30,12.88,12.99,12.45,12.56,34421
2017-10-31,12.59,12.76,12.55,12.74,21030
2017-11-01,12.92,13.02,12.81,12.81,24117
2017-11-02,12.9,12.9,12.56,12.75,19991
2017-11-03,12.62,12.83,12.45,12.51,27321
2017-11-06,12.47,12.65,12.42,12.63,17838
2017-11-07,12.66,12.73,12.48,12.66,17547
2017-11-08,12.63,12.76,12.5,12.65,24792
2017-11-09,12.66,12.92,12.66,12.88,27348
2017-11-10,12.8,12.91,12.7,12.76,19600
2017-11-13,12.82,12.83,12.49,12.6,29354
2017-11-14,12.6,12.62,12.31,12.36,32662
2017-11-15,12.3,12.3,12.05,12.17,29366
2017-11-16,12.17,12.2,12.07,12.07,19976
2017-11-17,12.11,12.15,11.71,11.78,33362
2017-11-20,11.7,11.78,11.43,11.72,29389
2017-11-21,11.74,11.76,11.56,11.63,19805
2017-11-22,11.68,11.76,11.59,11.68,22914
2017-11-23,11.62,11.94,11.59,11.63,26054
2017-11-24,11.55,11.97,11.51,11.87,21205
2017-11-27,11.88,11.98,11.68,11.75,22576
2017-11-28,11.75,12.05,11.64,12.03,27543
2017-11-29,11.9,12.44,11.85,12.3,57693
2017-11-30,12.19,12.24,12.01,12.08,24154
2017-12-01,12.0,12.08,11.89,11.98,21559
2017-12-04,12.05,12.2,11.96,11.98,23886
2017-12-05,11.95,11.95,11.52,11.53,28817
2017-12-06,11.44,11.58,11.3,11.58,24150
2017-12-07,11.55,11.65,11.47,11.53,13646
2017-12-08,11.48,11.71,11.48,11.66,15146
2017-12-11,11.66,11.76,11.53,11.75,17947
2017-12-12,11.74,11.84,11.63,11.66,21994
2017-12-13,11.62,11.77,11.55,11.73,14603
2017-12-14,11.81,11.86,11.69,11.75,16423
2017-12-15,11.74,11.75,11.56,11.65,20251
2017-12-18,11.64,11.74,11.57,11.74,16729
2017-12-19,11.69,11.79,11.63,11.68,15716
2017-12-20,11.68,11.7,11.4,11.44,26523
2017-12-21,11.5,11.6,11.43,11.52,14070
2017-12-22,11.58,11.71,11.49,11.7,31016
2017-12-25,11.63,11.72,11.48,11.5,22438
2017-12-26,11.5,11.57,11.33,11.54,20249
2017-12-27,11.49,11.84,11.46,11.67,33651
2017-12-28,11.79,12.38,11.7,12.15,74114
2017-12-29,12.1,12.13,11.85,12.02,36687
2018-01-02,12.03,12.37,11.98,12.37,55487
2018-01-03,12.29,12.63,12.25,12.3,51593
2018-01-04,12.18,12.38,12.1,12.33,26737
2018-01-05,12.35,12.45,12.16,12.26,35402
2018-01-08,12.21,12.68,12.15,12.57,62370
2018-01-09,12.65,12.7,12.48,12.58,38704
2018-01-10,12.44,12.5,12.03,12.22,64343
2018-01-11,12.14,12.53,12.1,12.43,44317
2018-01-12,12.37,12.6,12.25,12.34,23652
2018-01-15,12.39,12.42,12.0,12.03,34859
2018-01-16,12.03,12.16,11.86,11.95,33534
2018-01-17,11.92,11.99,11.66,11.95,27311
2018-01-18,11.91,12.05,11.89,11.96,19495
2018-01-19,11.97,12.21,11.96,12.03,27035
2018-01-22,12.0,12.3,12.0,12.3,29675
2018-01-23,13.05,13.53,13.01,13.53,282992
2018-01-24,14.0,14.0,13.17,13.28,251262
2018-01-25,13.62,13.94,13.36,13.55,217816
2018-01-26,13.14,13.26,12.82,13.07,140717
2018-01-29,13.2,13.55,13.2,13.26,125924
2018-01-30,13.07,13.59,13.07,13.23,83641
2018-01-31,13.09,13.66,12.99,13.51,127390
2018-02-01,13.55,13.55,12.5,12.79,128008
2018-02-02,12.79,13.6,12.33,13.49,125013
2018-02-05,13.07,13.65,13.06,13.4,92005
2018-02-06,13.09,13.5,12.48,12.53,107880
2018-02-07,12.85,13.0,12.2,12.54,84331
2018-02-08,12.28,12.48,12.07,12.38,70495
2018-02-09,12.02,12.11,11.18,11.53,80610
2018-02-12,11.53,11.77,11.36,11.68,34225
2018-02-13,11.72,11.97,11.7,11.78,40326
2018-02-14,11.8,12.02,11.69,11.96,25892
2018-02-22,11.93,12.32,11.93,12.19,41152
2018-02-23,12.07,12.23,11.94,12.18,37856
2018-02-26,12.17,12.45,11.98,12.38,52898
2018-02-27,12.36,12.4,12.1,12.18,41365
2018-02-28,11.98,12.26,11.73,12.14,41560
2018-03-01,12.0,12.18,11.95,12.12,31372
2018-03-02,12.02,12.17,11.95,12.0,29759
2018-03-05,12.05,12.14,11.97,12.03,25681
2018-03-06,12.07,12.44,11.83,12.4,65075
2018-03-07,12.3,12.4,12.09,12.17,34821
2018-03-08,12.06,12.28,12.04,12.2,25601
2018-03-09,12.14,12.23,12.01,12.19,38769
2018-03-12,12.2,12.48,12.15,12.46,64949
2018-03-13,12.4,12.42,12.2,12.27,50131
2018-03-14,12.32,12.56,12.28,12.56,84449
2018-03-15,12.51,12.52,12.28,12.45,49353
2018-03-16,12.42,12.47,12.3,12.44,33032
2018-03-19,12.38,12.38,12.07,12.08,47385
2018-03-20,11.95,11.98,11.8,11.93,38451
2018-03-21,11.95,12.08,11.89,12.0,31155
2018-03-22,12.15,12.17,11.9,11.91,29117
2018-03-23,11.51,11.79,11.02,11.3,70579
2018-03-26,11.16,11.38,10.91,11.33,36528
2018-03-27,11.42,11.52,11.3,11.48,39532
2018-03-28,11.35,11.4,11.16,11.21,37007
2018-03-29,11.28,11.35,11.07,11.33,68735
2018-03-30,11.33,11.4,11.2,11.35,45125
2018-04-02,11.31,11.48,11.27,11.36,36856
2018-04-03,11.28,11.28,11.09,11.16,30882
2018-04-04,11.19,11.22,11.06,11.08,31973
2018-04-09,11.06,11.4,11.04,11.37,45620
2018-04-10,11.42,11.42,11.25,11.38,31900
2018-04-11,11.45,11.7,11.38,11.67,59716
2018-04-12,11.6,11.89,11.55,11.73,62318
2018-04-13,11.59,11.98,11.5,11.79,44385
2018-04-16,11.79,12.02,11.57,11.81,49804
2018-04-17,11.77,11.81,11.34,11.4,30396
2018-04-18,11.48,11.6,11.15,11.59,30114
2018-04-19,11.8,12.12,11.8,12.09,73941
2018-04-20,11.9,11.95,11.71,11.74,35958
2018-04-23,11.63,11.74,11.36,11.43,28380
2018-04-24,11.38,11.64,11.38,11.6,30897
2018-04-25,11.5,11.51,11.26,11.38,31581
2018-04-26,11.35,11.46,11.25,11.25,27181
2018-04-27,11.33,11.36,11.18,11.26,21612
2018-05-02,11.24,11.45,11.1,11.26,26636
2018-05-03,11.27,11.27,11.0,11.24,35674
2018-05-04,11.25,11.27,11.13,11.24,19388
2018-05-07,11.26,11.5,11.18,11.49,28389
2018-05-08,11.44,11.54,11.4,11.5,28526
2018-05-09,11.5,11.54,11.35,11.43,21960
2018-05-10,11.43,11.5,11.38,11.46,19226
2018-05-11,11.49,11.68,11.49,11.61,39136
2018-05-14,11.59,11.73,11.39,11.44,26596
2018-05-15,11.42,11.43,11.22,11.34,25560
2018-05-16,11.29,11.46,11.2,11.32,23632
2018-05-17,11.33,11.4,11.19,11.26,20651
2018-05-18,11.25,11.45,11.16,11.37,24600
2018-05-21,11.42,11.65,11.38,11.61,42629
2018-05-22,11.65,11.65,11.49,11.63,23503
2018-05-23,11.58,11.65,11.41,11.43,19408
2018-05-24,11.38,11.6,11.31,11.6,21005
2018-05-25,11.66,11.77,11.4,11.4,39833
2018-05-28,11.33,11.4,11.2,11.2,24756
2018-05-29,11.21,11.36,11.2,11.3,16291
2018-05-30,11.2,11.24,10.93,11.02,24155
2018-05-31,11.06,11.19,11.03,11.07,18149
2018-06-01,11.06,11.29,11.03,11.14,17310
2018-06-06,11.32,11.42,11.22,11.31,20355
2018-06-07,11.38,11.41,11.13,11.15,19515
2018-06-08,11.11,11.15,10.8,10.83,28493
2018-08-21,9.75,9.75,9.75,9.75,6351
2018-08-22,8.78,9.1,8.78,8.78,153595
2018-08-23,8.4,8.46,8.13,8.3,89859
2018-08-24,8.22,8.44,8.18,8.2,46049
2018-08-27,8.21,8.33,8.21,8.28,49365
2018-08-28,8.28,8.31,8.13,8.26,48786
2018-08-29,8.21,8.24,8.0,8.01,60170
2018-08-30,8.01,8.04,7.63,7.66,79557
2018-08-31,7.68,7.75,7.62,7.67,45185
2018-09-03,7.67,7.68,7.15,7.37,68490
2018-09-04,7.35,7.46,7.27,7.4,39214
2018-09-05,7.38,7.45,7.25,7.26,40955
2018-09-06,7.23,7.35,7.16,7.3,36550
2018-09-07,7.32,7.45,7.2,7.42,56976
2018-09-10,7.42,7.42,7.25,7.26,33291
2018-09-11,7.25,7.29,7.15,7.28,27216
2018-09-12,7.27,7.49,7.23,7.37,39819
2018-09-13,7.45,7.5,7.37,7.43,32639
2018-09-14,7.42,7.44,7.3,7.31,26838
2018-09-17,7.2,7.24,7.01,7.04,34742
2018-09-18,7.01,7.2,7.0,7.18,27058
2018-09-19,7.18,7.33,7.13,7.26,36050
2018-09-20,7.29,7.45,7.25,7.4,48675
2018-09-21,7.41,7.47,7.27,7.45,44175
2018-09-25,7.42,7.44,7.36,7.42,26785
2018-09-26,7.42,7.85,7.42,7.56,58429
2018-09-27,7.58,8.18,7.36,7.74,99661
2018-09-28,7.65,7.79,7.55,7.72,66224
2018-10-08,7.48,8.04,7.42,7.72,97550
2018-10-09,7.56,8.13,7.56,8.12,115246
2018-10-10,8.02,8.15,7.89,7.93,85188
2018-10-11,7.61,7.78,7.14,7.14,96913
2018-10-12,7.19,7.27,6.73,6.96,78648
2018-10-15,6.98,7.24,6.98,7.04,58793
2018-10-16,7.1,7.22,6.73,6.86,43047
2018-10-17,6.97,7.55,6.87,7.23,80141
2018-10-18,7.12,7.19,6.75,6.86,66243
2018-10-19,6.52,6.95,6.51,6.84,41638
2018-10-22,6.86,7.34,6.86,7.31,90546
2018-10-23,7.3,7.48,7.18,7.34,76929
2018-10-24,7.33,8.07,7.22,7.8,158241
2018-10-25,7.63,8.04,7.53,7.82,120314
2018-10-26,7.72,7.96,7.66,7.73,85420
2018-10-29,7.69,7.71,7.54,7.58,52757
2018-10-30,7.59,7.88,7.45,7.8,86081
2018-10-31,7.78,8.05,7.72,7.77,86940
2018-11-01,7.66,7.9,7.62,7.87,93118
2018-11-02,7.98,8.04,7.84,8.02,90885
2018-11-05,7.95,8.05,7.88,7.98,49914
2018-11-06,7.93,8.08,7.85,8.08,57040
2018-11-07,8.07,8.58,8.01,8.32,123485
2018-11-08,8.36,8.43,8.12,8.16,59079
2018-11-09,8.15,8.23,8.03,8.05,39525
2018-11-12,8.04,8.32,7.95,8.28,54567
2018-11-13,8.15,8.37,8.15,8.34,51616
2018-11-14,8.31,8.55,8.21,8.44,66812
2018-11-15,8.36,8.55,8.35,8.49,41650
2018-11-16,8.46,8.59,8.37,8.47,43017
2018-11-19,8.47,8.53,8.4,8.46,32099
2018-11-20,8.37,8.46,8.17,8.17,33195
2018-11-21,8.15,8.42,8.09,8.41,41943
2018-11-22,8.42,8.5,8.25,8.33,31301
2018-11-23,8.26,8.4,7.87,8.04,38556
2018-11-26,8.01,8.08,7.71,7.75,27898
2018-11-27,7.79,7.95,7.78,7.84,17996
2018-11-28,7.81,8.04,7.77,8.04,24831
2018-11-29,8.15,8.84,8.15,8.84,137989
2018-11-30,8.71,9.72,8.55,9.6,288643
2018-12-03,9.3,9.81,9.23,9.51,215061
2018-12-04,9.42,9.48,9.17,9.36,130195
2018-12-05,9.18,9.57,9.14,9.25,119755
2018-12-06,9.07,9.2,8.86,8.94,110893
2018-12-07,9.07,9.18,8.81,8.86,82479
2018-12-10,9.01,9.47,8.95,9.3,142592
2018-12-11,9.16,10.23,9.09,10.06,227307
2018-12-12,10.06,10.55,9.77,9.92,225298
2018-12-13,10.08,10.1,9.67,9.87,133136
2018-12-14,9.81,9.84,9.34,9.39,110343
2018-12-17,9.37,9.75,9.23,9.69,112634
2018-12-18,9.72,9.94,9.56,9.83,106067
2018-12-19,9.72,9.89,9.63,9.73,86767
2018-12-20,9.55,9.84,9.49,9.63,86175
2018-12-21,9.83,9.88,9.31,9.38,70478
2018-12-24,9.37,9.64,9.34,9.52,52022
2018-12-25,9.65,9.98,9.47,9.83,118233
2018-12-26,9.7,10.19,9.61,10.1,102753
2018-12-27,10.18,10.3,9.81,9.9,90183
2018-12-28,9.9,10.23,9.9,10.0,64648
2019-01-02,9.85,10.04,9.73,9.8,53218
2019-01-03,9.85,10.53,9.55,10.36,138015
2019-01-04,10.46,10.69,10.17,10.52,119621
2019-01-07,10.23,10.52,10.08,10.39,113388
2019-01-08,10.2,10.29,9.9,10.0,88436
2019-01-09,9.98,10.15,9.9,10.13,66828
2019-01-10,10.1,10.1,9.85,9.9,70613
2019-01-11,9.7,9.75,8.92,8.98,186235
2019-01-14,9.05,9.3,8.99,9.3,119010
2019-01-15,9.23,9.48,9.15,9.42,81830
2019-01-16,9.37,9.52,9.29,9.29,54737
2019-01-17,9.29,9.47,9.19,9.37,52889
2019-01-18,9.38,9.48,9.25,9.34,58365
2019-01-21,9.2,9.43,9.15,9.39,39050
2019-01-22,9.39,9.4,9.2,9.21,36694
2019-01-23,9.23,9.32,9.16,9.22,19055
2019-01-24,9.28,9.28,9.11,9.17,28266
2019-01-25,9.21,9.25,9.1,9.12,27130
2019-01-28,9.28,9.74,9.28,9.62,79957
2019-01-29,9.62,9.64,9.18,9.37,58886
2019-01-30,9.39,9.56,9.37,9.43,44992
2019-01-31,9.45,9.49,8.68,8.81,115374
2019-02-01,8.87,9.27,8.82,9.24,58917
2019-02-11,9.23,9.55,9.23,9.38,82749
2019-02-12,9.36,9.45,9.32,9.44,50375
2019-02-13,9.41,9.51,9.22,9.47,78678
2019-02-14,9.43,9.43,9.24,9.37,67667
2019-02-15,9.36,9.38,9.09,9.16,73360
2019-02-18,9.21,9.65,9.2,9.6,107543
2019-02-19,9.8,9.89,9.55,9.74,124161
2019-02-20,9.93,10.71,9.92,10.71,265628
2019-02-21,10.6,11.38,10.39,11.02,249263
2019-02-22,10.81,11.16,10.62,10.92,150081
2019-02-25,10.79,11.8,10.76,11.39,185835
2019-02-26,11.08,11.7,11.08,11.51,172406
2019-02-27,11.35,11.47,11.02,11.19,126437
2019-02-28,11.06,11.39,10.95,11.16,114944
2019-03-01,11.16,11.55,11.05,11.19,81365
2019-03-04,11.2,11.44,11.09,11.13,148532
2019-03-05,11.05,11.23,10.91,11.21,84269
2019-03-06,11.31,11.52,11.1,11.36,137580
2019-03-07,11.34,11.77,11.1,11.43,163880
2019-03-08,11.18,11.25,10.68,10.77,132815
2019-03-11,10.78,11.21,10.78,11.15,77705
2019-03-12,11.11,11.35,11.0,11.14,103073
2019-03-13,11.35,11.57,10.61,10.88,150200
2019-03-14,10.67,11.05,10.2,10.35,124615
2019-03-15,10.27,10.9,10.27,10.87,115315
2019-03-18,10.92,11.03,10.69,10.94,109601
2019-03-19,10.92,11.1,10.73,10.91,68588
2019-03-20,10.96,11.04,10.61,10.83,69735
2019-03-21,10.99,11.18,10.84,10.96,116273
2019-03-22,10.87,11.4,10.84,11.4,163151
2019-03-25,11.35,11.35,11.05,11.08,102284
2019-03-26,11.2,11.6,10.97,11.0,105315
2019-03-27,11.12,11.15,10.5,10.75,82424
2019-03-28,10.6,10.85,10.58,10.77,50006
2019-03-29,10.46,10.74,10.32,10.73,95844
2019-04-01,11.0,11.31,10.89,11.15,134670
2019-04-02,11.29,11.48,11.13,11.29,120430
2019-04-03,11.28,12.28,11.2,12.19,231799
2019-04-04,12.03,12.19,11.81,11.98,125418
2019-04-08,12.01,12.47,11.78,11.96,115715
2019-04-09,11.97,12.02,11.6,11.76,61664
2019-04-10,11.85,11.85,11.37,11.52,75683
2019-04-11,11.5,11.65,11.1,11.21,70194
2019-04-12,11.08,11.27,11.0,11.07,46378
2019-04-15,11.17,11.38,10.9,10.92,57209
2019-04-16,10.92,11.28,10.84,11.25,53203
2019-04-17,11.18,11.31,11.16,11.26,41416
2019-04-18,11.22,11.29,11.05,11.13,29793
2019-04-19,11.13,11.24,10.97,11.2,32533
2019-04-22,11.28,11.35,11.12,11.25,46895
2019-04-23,11.2,11.2,10.77,10.88,65842
2019-04-24,10.82,11.03,10.81,11.0,27986
2019-04-25,10.98,11.11,10.53,10.65,36648
2019-04-26,10.5,10.72,10.33,10.51,35735
2019-04-29,10.06,10.51,10.06,10.19,39861
2019-04-30,10.2,10.51,10.19,10.48,24275
2019-05-06,10.48,10.65,9.6,10.11,87310
2019-05-07,10.0,10.23,9.86,9.99,34308
2019-05-08,9.76,9.96,9.2,9.63,105522
2019-05-09,9.45,9.49,9.24,9.25,58564
2019-05-10,9.28,9.83,9.25,9.77,73373
2019-05-13,9.58,9.85,9.51,9.6,45561
2019-05-14,9.67,10.1,9.61,9.92,73755
2019-05-15,9.91,10.16,9.85,9.98,45569
2019-05-16,9.94,10.37,9.94,10.16,50309
2019-05-17,10.1,10.18,9.37,9.81,50429
2019-05-20,9.65,9.78,9.26,9.5,41955
2019-05-21,9.54,9.93,9.45,9.86,42575
2019-05-22,9.92,9.95,9.66,9.71,28185
2019-05-23,9.7,9.7,9.32,9.36,28001
2019-05-24,9.47,9.64,9.3,9.34,27040
2019-05-27,9.45,9.66,9.3,9.6,24167
2019-05-28,9.51,9.71,9.51,9.57,21404
2019-05-29,9.57,9.75,9.45,9.73,32304
2019-05-30,9.64,9.89,9.49,9.69,49136
2019-05-31,9.8,10.08,9.72,10.06,73690
2019-06-03,10.17,10.34,9.92,9.97,82992
2019-06-04,10.05,10.6,9.97,10.11,83079
2019-06-05,10.16,10.38,9.74,10.3,79659
2019-06-06,10.2,10.56,10.08,10.47,115514
2019-06-10,10.62,10.89,10.41,10.89,125648
2019-06-11,10.79,11.26,10.67,10.9,136243
2019-06-12,10.8,11.57,10.72,11.31,210838
2019-06-13,11.11,11.5,11.0,11.13,102965
2019-06-14,11.2,11.34,10.81,10.96,104503
2019-06-17,10.78,11.11,10.72,10.89,79118
2019-06-18,10.75,10.88,10.52,10.73,75340
2019-06-19,10.6,10.95,10.6,10.83,69272
2019-06-20,11.3,11.33,10.91,11.15,141267
2019-06-21,11.36,12.27,11.3,11.84,329563
2019-06-24,11.83,12.17,11.65,11.81,188858
2019-06-25,12.27,12.68,12.05,12.5,279344
2019-06-26,12.02,12.02,11.3,11.41,185650
2019-06-27,11.54,11.82,11.43,11.44,103797
2019-06-28,11.68,11.77,10.99,11.18,135347
2019-07-01,10.75,11.15,10.75,11.05,106658
2019-07-02,11.02,11.4,10.92,11.3,98294
2019-07-03,11.8,11.98,11.37,11.59,144485
2019-07-04,11.48,11.63,10.98,11.07,110325
2019-07-05,11.17,11.23,10.88,11.02,85070
2019-07-08,10.71,10.79,10.15,10.24,114334
2019-07-09,10.2,10.22,9.94,10.07,90427
2019-07-10,10.01,10.17,9.7,9.8,75740
2019-07-11,10.02,10.46,10.02,10.27,116059
2019-07-12,10.12,10.26,9.98,10.07,72578
2019-07-15,10.04,10.2,9.88,10.2,68451
2019-07-16,10.21,10.71,10.12,10.7,111692
2019-07-17,11.2,11.77,11.2,11.73,283356
2019-07-18,12.88,12.9,12.21,12.27,367002
2019-07-19,12.75,12.94,12.46,12.59,343682
2019-07-22,12.19,12.93,12.17,12.78,260455
2019-07-23,12.09,13.08,12.08,12.93,220702
2019-07-24,12.86,13.18,12.45,12.93,284690
2019-07-25,12.7,12.72,12.27,12.45,237228
2019-07-26,12.23,12.41,11.9,12.2,187960
2019-07-29,12.25,12.4,11.9,12.21,156791
2019-07-30,12.2,12.86,11.96,12.82,212704
2019-07-31,12.8,12.8,12.08,12.39,196641
2019-08-01,11.6,11.94,11.5,11.59,139168
2019-08-02,11.89,11.97,11.58,11.66,105170
2019-08-05,11.81,12.83,11.71,12.59,319482
2019-08-06,12.69,12.83,11.85,12.06,235304
2019-08-07,12.54,13.27,12.45,13.27,383249
2019-08-08,13.58,14.31,13.42,13.73,441098
2019-08-09,13.83,14.77,13.48,14.12,366822
2019-08-12,13.86,13.94,13.5,13.85,197056
2019-08-13,14.4,14.98,14.33,14.72,336769
2019-08-14,13.76,14.36,13.66,14.33,286162
2019-08-15,14.9,15.2,14.21,14.44,277324
2019-08-16,14.34,14.57,14.08,14.4,199781
2019-08-19,13.91,14.04,13.73,14.03,245373
2019-08-20,13.78,14.04,13.66,13.99,194581
2019-08-21,14.06,14.06,13.66,13.68,143362
2019-08-22,13.51,13.88,13.37,13.82,132859
2019-08-23,13.63,13.95,13.55,13.71,169742
2019-08-26,14.55,14.75,14.03,14.1,307025
2019-08-27,14.07,14.57,13.89,14.41,289252
2019-08-28,14.96,15.49,14.75,14.83,405240
2019-08-29,14.88,16.31,14.72,16.31,395590
2019-08-30,15.8,17.26,15.71,16.46,497738
2019-09-02,16.49,16.94,16.21,16.88,325215
2019-09-03,16.67,16.93,16.42,16.86,267026
2019-09-04,17.18,18.3,17.0,17.46,519536
2019-09-05,17.14,17.31,16.52,17.13,484322
2019-09-06,16.2,16.27,15.51,15.65,449718
2019-09-09,15.6,15.91,15.35,15.87,321422
2019-09-10,15.41,15.9,15.32,15.9,252476
2019-09-11,15.8,16.21,15.61,16.01,299522
2019-09-12,15.8,15.96,15.6,15.75,173255
2019-09-16,15.6,16.2,15.5,16.2,276722
2019-09-17,16.01,16.26,15.03,15.25,267360
2019-09-18,15.39,15.57,15.1,15.28,158687
2019-09-19,14.78,15.18,14.6,15.09,189484
2019-09-20,15.07,15.73,15.0,15.54,199652
2019-09-23,15.68,16.3,15.57,15.83,300789
2019-09-24,16.1,16.36,15.95,16.13,222540
2019-09-25,16.23,16.28,14.52,15.2,368101
2019-09-26,14.65,14.66,13.68,13.68,239986
2019-09-27,13.5,13.83,13.3,13.37,165805
2019-09-30,13.3,13.85,13.1,13.8,198615
2019-10-08,13.72,13.88,13.52,13.69,98961
2019-10-09,13.97,14.83,13.97,14.77,198877
2019-10-10,14.58,14.76,14.39,14.6,148872
2019-10-11,14.19,14.6,14.15,14.51,145077
2019-10-14,14.22,14.35,14.08,14.26,124045
2019-10-15,14.29,14.55,13.81,13.9,148154
2019-10-16,13.63,14.06,13.6,13.69,105202
2019-10-17,13.77,13.95,13.51,13.74,98688
2019-10-18,13.8,13.81,13.18,13.27,105849
2019-10-21,13.15,13.65,12.6,13.52,132673
2019-10-22,13.25,13.38,13.15,13.34,78642
2019-10-23,13.25,13.62,13.2,13.5,86435
2019-10-24,13.4,13.4,13.02,13.12,79960
2019-10-25,13.43,14.02,13.35,13.85,174805
2019-10-28,13.69,14.27,13.61,14.15,127503
2019-10-29,13.79,13.95,13.65,13.72,128965
2019-10-30,13.6,13.75,13.23,13.49,98128
2019-10-31,13.55,13.77,13.25,13.38,85982
2019-11-01,13.7,14.15,13.68,13.88,168407
2019-11-04,13.78,13.85,12.49,13.67,119733
2019-11-05,13.48,13.52,12.9,13.21,167217
2019-11-06,12.52,12.74,12.35,12.42,218145
2019-11-07,12.53,12.56,12.24,12.47,103140
2019-11-08,11.9,12.27,11.81,12.24,154910
2019-11-11,12.1,12.16,11.73,11.87,102568
2019-11-12,11.89,11.92,11.51,11.65,103471
2019-11-13,11.8,12.32,11.76,12.1,177056
2019-11-14,12.0,12.11,11.82,12.06,93470
2019-11-15,11.92,12.16,11.66,11.68,100017
2019-11-18,11.53,11.84,11.34,11.81,94679
2019-11-19,11.97,12.07,11.84,12.03,96588
2019-11-20,12.05,12.39,11.97,12.28,146174
2019-11-21,12.16,12.43,12.05,12.14,102559
2019-11-22,12.0,12.4,11.93,12.16,97658
2019-11-25,12.01,12.19,11.86,11.95,81192
2019-11-26,11.9,12.25,11.75,12.21,89772
2019-11-27,12.15,12.35,12.07,12.17,74792
2019-11-28,12.18,12.22,11.97,12.04,60024
2019-11-29,11.98,12.04,11.9,11.95,48804
2019-12-02,11.98,12.02,11.89,11.9,38191
2019-12-03,11.94,12.22,11.93,12.11,67619
2019-12-04,12.54,13.32,12.47,13.32,272581
2019-12-05,13.0,13.6,12.99,13.53,351559
2019-12-06,13.33,13.65,13.23,13.33,252166
2019-12-09,12.98,13.39,12.84,13.36,185752
2019-12-10,13.3,13.35,13.06,13.15,151202
2019-12-11,13.16,13.32,13.04,13.24,171088
2019-12-12,13.58,13.8,13.28,13.35,216750
2019-12-13,13.06,13.33,13.06,13.2,144964
2019-12-16,13.13,13.42,12.91,13.42,186659
2019-12-17,13.34,13.96,13.28,13.96,250068
2019-12-18,13.8,14.1,13.65,13.91,229511
2019-12-19,13.72,13.89,13.61,13.63,148488
2019-12-20,13.63,13.72,13.32,13.51,144338
2019-12-23,13.55,13.93,13.46,13.56,174660
2019-12-24,13.59,14.2,13.39,14.04,264962
2019-12-25,14.32,14.57,14.01,14.1,249995
2019-12-26,14.05,14.77,13.89,14.43,268058
2019-12-27,14.38,15.2,14.31,14.59,318413
2019-12-30,14.6,14.82,14.23,14.61,183045
2019-12-31,14.71,15.19,14.71,14.99,193451
2020-01-02,14.77,14.94,14.69,14.89,211686
2020-01-03,14.97,15.4,14.85,15.17,264915
2020-01-06,15.71,15.88,15.18,15.49,336741
2020-01-07,15.0,15.0,14.7,14.93,253984
2020-01-08,15.45,15.61,14.88,14.97,300206
2020-01-09,14.16,14.52,14.0,14.12,288037
2020-01-10,14.07,14.17,13.88,14.07,125056
2020-01-13,14.08,14.2,14.02,14.07,130209
2020-01-14,13.81,14.06,13.77,13.94,156822
2020-01-15,13.98,14.02,13.5,13.66,171588
2020-01-16,13.81,13.9,13.53,13.56,112211
2020-01-17,13.56,13.74,13.46,13.71,85443
2020-01-20,13.69,13.84,13.52,13.79,90167
2020-01-21,13.83,13.92,13.62,13.66,89295
2020-01-22,13.29,13.39,12.85,13.04,132829
2020-01-23,13.0,13.28,12.5,12.84,109612
2020-02-03,11.58,11.89,11.56,11.56,110107
2020-02-04,11.07,11.58,11.03,11.44,120735
2020-02-05,11.3,11.98,11.21,11.8,131878
2020-02-06,11.75,11.9,11.6,11.81,116372
2020-02-07,11.9,12.16,11.72,11.84,112423
2020-02-10,11.86,12.24,11.66,12.12,121539
2020-02-11,12.03,12.22,11.97,12.02,112495
2020-02-12,11.9,12.18,11.7,12.11,108794
2020-02-13,12.16,12.42,12.02,12.28,142294
2020-02-14,12.24,12.45,12.01,12.26,134925
2020-02-17,12.34,12.6,12.2,12.59,146282
2020-02-18,12.6,13.83,12.53,13.61,327610
2020-02-19,14.14,14.5,13.71,14.23,402639
2020-02-20,14.23,14.64,14.07,14.44,271615
2020-02-21,14.59,15.32,14.49,15.1,301041
2020-02-24,15.8,15.84,15.16,15.33,334235
2020-02-25,14.7,15.37,14.55,14.7,375149
2020-02-26,14.2,14.42,13.89,13.94,268520
2020-02-27,14.05,14.27,13.89,14.2,200026
2020-02-28,13.41,13.57,12.78,12.82,299098
2020-03-02,12.53,13.25,12.53,13.16,205562
2020-03-03,13.18,13.44,12.98,13.05,165946
2020-03-04,13.54,13.83,13.33,13.47,229157
2020-03-05,13.3,13.62,13.2,13.62,160321
2020-03-06,13.8,13.88,13.48,13.62,195451
2020-03-09,13.55,13.55,12.26,12.26,317354
2020-03-10,12.03,12.39,11.81,12.34,196030
2020-03-11,12.41,12.52,12.12,12.18,162689
2020-03-12,11.71,11.83,11.46,11.66,171330
2020-03-13,10.59,11.3,10.58,11.23,181250
2020-03-16,11.03,11.54,11.02,11.17,151509
2020-03-17,10.98,11.13,10.14,10.62,184947
2020-03-18,10.7,10.92,10.44,10.46,133771
2020-03-19,10.41,10.63,10.27,10.62,118559
2020-03-20,10.79,11.68,10.75,11.68,236356
2020-03-23,11.23,11.98,11.22,11.47,200351
2020-03-24,12.61,12.61,11.86,12.1,277836
2020-03-25,12.5,12.5,11.91,12.19,228277
2020-03-26,11.92,12.07,11.63,11.92,141167
2020-03-27,11.97,12.09,11.81,11.88,113833
2020-03-30,11.45,11.45,10.85,10.87,165330
2020-03-31,11.06,11.43,11.06,11.23,135692
2020-04-01,11.1,11.33,10.86,11.29,115862
2020-04-02,11.0,11.3,10.89,11.3,88531
2020-04-03,11.49,11.66,11.22,11.22,146513
2020-04-07,11.55,11.95,11.49,11.77,198141
2020-04-08,11.56,11.86,11.49,11.77,118830
2020-04-09,11.88,12.08,11.71,12.02,124003
2020-04-10,12.33,12.47,11.83,11.91,171001
2020-04-13,11.56,12.03,11.56,11.79,89975
2020-04-14,11.98,12.97,11.88,12.93,425528
2020-04-15,12.55,12.87,12.34,12.39,307243
2020-04-16,12.2,12.54,12.04,12.45,190577
2020-04-17,12.25,12.34,11.75,11.82,221124
2020-04-20,11.69,11.84,11.52,11.76,111056
2020-04-21,11.75,11.92,11.37,11.49,120247
2020-04-22,11.33,11.48,11.26,11.42,96559
2020-04-23,11.61,11.86,11.53,11.72,137779
2020-04-24,11.78,11.78,11.45,11.46,95026
2020-04-27,11.45,11.47,11.05,11.1,93936
2020-04-28,11.06,11.1,10.27,10.47,162423
2020-04-29,10.57,10.61,10.45,10.56,61545
2020-04-30,10.56,10.99,10.55,10.89,89393
2020-05-06,10.76,11.14,10.72,11.11,71581
2020-05-07,11.0,11.06,10.85,10.88,82481
2020-05-08,11.22,11.97,11.15,11.97,261802
2020-05-11,12.0,12.35,11.85,12.04,217305
2020-05-12,11.99,12.03,11.78,11.81,109442
2020-05-13,11.8,11.92,11.74,11.85,81862
2020-05-14,11.95,11.98,11.6,11.65,96078
2020-05-15,12.0,12.59,11.93,12.3,272046
2020-05-18,13.0,13.53,12.81,13.32,360738
2020-05-19,12.96,13.08,12.42,12.61,361274
2020-05-20,12.97,13.2,12.62,12.73,287120
2020-05-21,12.6,12.68,12.12,12.12,187665
2020-05-22,11.8,11.89,11.19,11.54,178386
2020-05-25,11.45,11.58,11.26,11.3,87380
2020-05-26,11.57,12.38,11.52,12.29,225619
2020-05-27,12.15,12.41,12.05,12.13,155156
2020-05-28,12.35,12.5,12.07,12.26,169182
2020-05-29,12.11,12.46,12.11,12.23,116600
2020-06-01,12.75,13.25,12.69,13.18,290353
2020-06-02,13.18,13.19,12.23,12.3,330305
2020-06-03,12.09,12.21,11.91,12.12,158008
2020-06-04,11.89,12.13,11.84,11.97,111155
2020-06-05,12.08,12.19,11.91,12.06,102397
2020-06-08,11.95,12.27,11.82,12.25,146873
2020-06-09,12.19,12.32,11.96,12.06,116455
2020-06-10,12.11,12.19,11.99,12.03,78172
2020-06-11,12.17,12.41,12.08,12.21,134406
2020-06-12,11.78,11.89,11.53,11.8,120286
2020-06-15,11.77,11.84,11.47,11.48,96558
2020-06-16,11.56,11.68,11.53,11.65,64882
2020-06-17,11.66,11.74,11.55,11.72,65926
2020-06-18,11.64,11.82,11.62,11.76,74436
2020-06-19,11.72,12.08,11.7,12.06,110116
2020-06-22,12.28,12.45,12.01,12.08,130395
2020-06-23,12.14,12.14,11.69,11.73,134471
2020-06-24,11.89,12.15,11.86,11.9,122870
2020-06-29,11.83,11.94,11.7,11.75,89613
2020-06-30,11.73,11.83,11.6,11.75,79975
2020-07-01,12.11,12.24,11.96,12.03,174639
2020-07-02,11.78,12.01,11.72,11.95,131786
2020-07-03,11.99,12.2,11.95,12.08,148390
2020-07-06,12.07,12.79,12.05,12.77,256014
2020-07-07,13.21,13.66,13.07,13.14,360676
2020-07-08,13.06,13.77,13.05,13.57,239300
2020-07-09,14.3,14.92,14.3,14.84,403679
2020-07-10,14.47,14.5,13.9,13.92,321325
2020-07-13,14.23,14.86,14.03,14.6,265872
2020-07-14,14.35,14.91,14.1,14.72,330150
2020-07-15,15.1,15.2,14.1,14.48,267195
2020-07-16,14.48,14.75,13.9,13.9,197101
2020-07-17,13.72,13.95,12.9,13.26,202279
2020-07-20,13.5,14.59,13.26,14.58,265893
2020-07-21,15.43,16.04,15.15,16.04,454895
2020-07-22,17.64,17.64,17.52,17.64,191464
2020-07-23,18.12,18.79,16.91,18.23,717049
2020-07-24,17.6,19.68,17.13,17.66,575580
2020-07-27,18.33,19.43,18.16,19.43,477537
2020-07-28,19.85,21.37,18.5,18.95,844548
2020-07-29,18.62,19.39,18.16,19.07,469858
2020-07-30,18.65,18.87,17.7,17.94,488498
2020-07-31,17.52,19.26,17.51,18.73,412870
2020-08-03,18.49,18.89,17.78,18.56,318594
2020-08-04,18.35,19.15,17.92,17.98,293314
2020-08-05,19.21,19.78,18.44,19.78,533807
2020-08-06,19.76,21.75,19.41,20.9,497385
2020-08-07,21.96,22.6,20.1,20.77,486547
2020-08-10,19.85,20.26,18.69,19.76,383523
2020-08-11,19.48,20.0,18.43,18.58,324792
2020-08-12,16.72,17.08,16.72,16.92,266060
2020-08-13,17.05,17.25,16.7,16.91,189407
2020-08-14,17.56,17.8,17.02,17.16,179443
2020-08-17,16.75,18.4,16.75,18.34,194179
2020-08-18,18.86,19.96,18.51,19.63,243466
2020-08-19,19.25,19.25,18.21,18.34,194476
2020-08-20,17.4,18.08,17.2,17.68,119501
2020-08-21,17.75,18.3,17.29,17.67,147677
2020-08-24,17.25,18.44,17.18,18.1,143884
2020-08-25,17.9,18.32,17.28,17.99,166045
2020-08-26,17.75,17.75,17.17,17.36,121518
2020-08-27,17.56,17.91,17.4,17.9,128446
2020-08-28,17.68,18.1,17.41,18.01,107726
2020-08-31,18.42,19.43,18.2,18.96,189845
2020-09-01,19.19,19.55,18.9,19.38,197122
2020-09-02,18.85,18.85,17.5,17.81,281117
2020-09-03,17.48,17.87,17.27,17.29,144513
2020-09-04,17.25,17.49,16.41,16.69,242053
2020-09-07,16.71,16.83,15.96,15.97,217092
2020-09-08,15.89,15.99,15.19,15.61,204142
2020-09-09,15.47,15.51,15.0,15.02,132181
2020-09-10,15.42,15.66,14.94,14.99,128773
2020-09-11,14.92,15.25,14.63,15.21,83461
2020-09-14,15.35,15.35,14.99,15.15,91158
2020-09-15,15.32,15.86,15.25,15.72,141228
2020-09-16,15.46,15.49,15.16,15.32,98379
2020-09-17,15.16,15.2,14.68,14.91,153812
2020-09-18,15.06,15.39,14.87,15.37,111151
2020-09-21,15.17,15.63,15.15,15.35,99756
2020-09-22,14.45,15.05,14.33,14.71,146587
2020-09-23,14.69,14.72,14.36,14.5,135138
2020-09-24,14.33,14.52,14.08,14.38,103098
2020-09-25,14.45,14.66,14.2,14.45,87714
2020-09-28,14.43,14.61,14.16,14.37,67263
2020-09-29,14.62,15.25,14.58,14.64,134343
2020-09-30,14.88,15.08,14.3,14.42,96707
2020-10-09,14.7,15.03,14.62,14.79,95227
2020-10-12,15.29,16.03,15.28,15.87,200525
2020-10-13,15.62,15.76,15.44,15.65,102725
2020-10-14,15.3,15.62,15.15,15.44,88487
2020-10-15,15.28,15.69,15.27,15.52,74375
2020-10-16,15.67,15.88,15.35,15.42,69049
2020-10-19,15.41,15.95,15.15,15.9,139305
2020-10-20,15.72,15.75,15.11,15.25,166737
2020-10-21,15.44,15.75,15.23,15.45,132926
2020-10-22,15.25,15.29,14.71,14.91,109575
2020-10-23,14.68,14.87,14.45,14.58,60870
2020-10-26,14.44,14.44,14.12,14.23,65800
2020-10-27,14.26,14.56,14.25,14.5,56983
2020-10-28,14.48,14.72,14.34,14.72,57030
2020-10-29,13.99,14.25,13.71,14.2,132363
2020-10-30,14.2,14.32,13.8,13.85,91123
2020-11-02,13.95,14.29,13.87,14.27,77318
2020-11-03,14.41,14.85,14.35,14.68,109028
2020-11-04,14.68,14.75,14.4,14.52,67797
2020-11-05,14.65,14.99,14.54,14.99,95043
2020-11-06,15.39,15.82,15.23,15.38,166064
2020-11-09,15.5,15.76,15.4,15.56,139787
2020-11-10,14.7,14.94,14.57,14.9,141940
2020-11-11,14.8,14.99,14.6,14.73,99115
2020-11-12,14.72,14.8,14.52,14.72,58145
2020-11-13,14.7,14.95,14.45,14.69,87565
2020-11-16,14.9,15.73,14.86,15.5,171931
2020-11-17,15.42,15.51,15.2,15.31,99207
2020-11-18,15.18,15.56,14.97,15.44,115931
2020-11-19,15.29,15.3,14.7,14.83,113890
2020-11-20,14.84,15.59,14.7,15.45,133329
2020-11-23,15.71,16.16,15.65,15.9,242932
2020-11-24,15.63,15.79,14.89,15.23,270332
2020-11-25,15.07,15.17,14.62,14.62,157983
2020-11-26,14.69,14.74,14.3,14.68,116843
2020-11-27,14.6,14.8,14.4,14.69,67115
2020-11-30,14.4,15.04,14.15,14.73,144587
2020-12-01,14.61,15.14,14.51,14.95,132644
2020-12-02,15.79,16.16,15.38,15.6,352143
2020-12-03,15.49,15.6,14.75,15.18,246585
2020-12-04,15.03,15.3,14.91,15.11,98540
2020-12-07,15.06,15.12,14.84,14.88,85375
2020-12-08,15.25,15.44,15.02,15.12,134052
2020-12-09,15.05,15.24,14.58,14.62,113253
2020-12-10,14.3,14.52,14.26,14.34,74579
2020-12-11,14.49,14.57,13.77,14.05,98131
2020-12-14,13.98,14.28,13.77,14.16,61394
2020-12-15,14.15,14.39,13.88,14.38,59050
2020-12-16,14.48,14.85,14.24,14.72,104914
2020-12-17,14.73,15.44,14.62,15.43,194226
2020-12-18,15.62,15.88,15.44,15.51,212414
2020-12-21,16.23,16.96,16.02,16.82,331691
2020-12-22,16.21,16.38,15.59,15.6,253452
2020-12-23,15.5,15.69,15.25,15.35,136758
2020-12-24,15.6,15.94,15.39,15.46,125026
2020-12-25,15.3,16.19,15.23,15.97,141519
2020-12-28,16.41,16.65,16.16,16.34,220280
2020-12-29,16.26,16.37,15.55,15.64,134912
2020-12-30,15.66,16.15,15.55,15.88,107284
2020-12-31,16.05,16.28,15.8,15.92,109363
2021-01-04,16.3,16.85,16.27,16.59,163511
2021-01-05,16.45,16.69,16.16,16.46,148240
2021-01-06,16.49,16.68,16.02,16.16,117226
2021-01-07,15.8,16.61,15.56,16.61,198446
2021-01-08,16.5,16.5,15.8,16.07,145142
2021-01-11,14.95,14.95,14.46,14.46,247429
2021-01-12,14.29,14.69,14.2,14.66,106237
2021-01-13,14.62,15.11,14.4,14.46,147102
2021-01-14,14.46,14.49,13.98,14.01,134907
2021-01-15,14.2,14.26,13.81,14.01,92959
2021-01-18,13.7,14.21,13.58,14.17,84678
2021-01-19,14.29,14.48,13.71,13.77,112193
2021-01-20,13.88,14.14,13.83,14.07,70465
2021-01-21,14.21,14.44,14.08,14.26,116669
2021-01-22,14.15,14.15,13.65,13.8,108716
2021-01-25,13.67,13.79,13.03,13.15,168983
2021-01-26,13.0,13.55,12.91,13.35,109596
2021-01-27,13.15,13.2,12.76,12.86,97384
2021-01-28,12.71,12.94,12.63,12.77,63990
2021-01-29,13.4,13.8,13.17,13.4,150170
2021-02-01,14.74,14.74,14.58,14.74,146389
2021-02-02,16.0,16.21,14.99,15.97,584038
2021-02-03,14.37,14.7,14.37,14.37,397785
2021-02-04,13.7,13.9,12.94,13.17,311390
2021-02-05,13.0,13.43,12.35,13.28,279716
2021-02-08,13.45,14.07,13.1,13.9,191440
2021-02-09,13.85,15.22,13.81,14.84,305117
2021-02-10,15.07,15.33,14.61,15.18,238499
2021-03-02,16.7,16.7,14.5,15.15,634310
2021-03-03,14.61,15.13,14.45,14.84,311415
2021-03-04,14.5,14.55,14.01,14.05,234251
2021-03-05,13.58,13.97,13.23,13.8,162730
2021-03-08,14.0,14.33,13.71,13.78,142454
2021-03-09,13.56,13.85,13.01,13.47,139378
2021-03-10,13.8,13.87,13.07,13.13,107648
2021-03-11,13.26,14.08,13.16,13.98,177162
2021-03-12,13.88,13.91,13.38,13.58,121851
2021-03-15,13.65,13.87,13.4,13.8,108419
2021-03-16,13.8,13.88,13.45,13.77,68499
2021-03-17,13.52,13.92,13.38,13.89,89924
2021-03-18,14.2,14.58,14.18,14.33,180522
2021-03-19,13.73,14.05,13.73,13.91,110069
2021-03-22,13.6,13.86,13.49,13.73,82786
2021-03-23,13.66,13.72,13.2,13.49,91922
2021-03-24,13.2,13.39,13.18,13.33,46199
2021-03-25,13.39,13.39,13.09,13.18,55689
2021-03-26,13.22,13.42,13.13,13.34,54042
2021-03-29,13.31,13.33,13.1,13.13,63123
2021-03-30,13.05,13.2,12.89,13.15,64313
2021-03-31,12.9,13.11,12.82,13.01,55946
2021-04-01,13.07,13.3,13.04,13.19,53010
2021-04-02,13.39,13.53,13.21,13.46,88583
2021-04-06,13.45,13.98,13.41,13.88,126766
2021-04-07,13.85,13.94,13.65,13.89,54512
2021-04-08,13.72,14.12,13.68,14.08,82426
2021-04-09,14.2,14.5,13.93,13.96,115920
2021-04-12,13.91,13.95,13.57,13.61,58883
2021-04-13,13.56,13.56,13.33,13.38,40412
2021-04-14,13.63,13.76,13.38,13.6,54058
2021-04-15,13.4,13.6,13.1,13.5,58380
2021-04-16,13.65,14.11,13.64,13.79,90281
2021-04-19,13.83,14.38,13.61,14.19,94964
2021-04-20,14.04,14.24,13.96,14.05,49502
2021-04-21,13.99,14.13,13.81,14.08,41169
2021-04-22,14.45,14.48,14.04,14.15,88456
2021-04-23,14.03,14.22,13.77,14.1,67567
2021-04-26,14.1,14.57,13.9,13.97,113014
2021-04-27,14.05,14.42,13.99,14.35,99547
2021-04-28,14.17,14.26,13.81,14.13,59234
2021-04-29,14.3,14.44,14.14,14.14,59320
2021-04-30,13.91,13.98,13.57,13.62,78026
2021-05-06,13.85,14.45,13.8,14.43,165027
2021-05-07,15.2,15.66,14.96,15.16,274269
2021-05-10,15.61,15.92,15.41,15.75,183879
2021-05-11,15.27,15.28,14.79,15.09,119057
2021-05-12,15.02,15.27,14.8,14.95,96367
2021-05-13,14.63,14.7,14.36,14.55,84465
2021-05-14,14.69,14.78,14.4,14.76,82258
2021-05-17,14.94,15.37,14.81,14.88,106700
2021-05-18,15.4,16.36,15.37,15.64,219820
2021-05-19,15.0,15.36,15.0,15.28,119378
2021-05-20,14.72,15.0,14.35,14.76,169752
2021-05-21,14.65,14.93,14.52,14.79,66240
2021-05-24,14.72,15.01,14.57,14.7,67296
2021-05-25,14.59,14.59,14.19,14.38,113409
2021-05-26,14.64,15.09,14.47,14.93,151012
2021-05-27,14.5,14.57,14.29,14.54,105273
2021-05-28,14.55,14.69,14.3,14.36,107815
2021-05-31,14.66,14.85,14.6,14.68,141651
2021-06-01,14.71,15.12,14.6,15.11,147229
2021-06-02,14.86,14.87,14.3,14.41,166450
2021-06-03,14.58,14.66,14.32,14.38,80495
2021-06-04,13.97,14.11,13.75,13.95,136460
2021-06-07,13.99,14.06,13.8,13.94,91749
2021-06-08,14.01,14.05,13.8,13.95,57820
2021-06-09,13.96,14.05,13.89,13.98,40635
2021-06-10,13.97,13.98,13.37,13.62,133563
2021-06-11,13.76,13.95,13.73,13.9,80916
2021-06-15,13.58,13.67,13.33,13.38,88497
2021-06-16,13.36,13.37,13.13,13.2,66457
2021-06-17,12.9,13.13,12.85,13.1,51427
2021-06-18,12.85,13.29,12.75,13.23,68506
2021-06-21,13.05,13.22,13.01,13.18,79635
2021-06-22,13.18,13.24,12.83,12.91,122530
2021-06-23,12.92,13.02,12.72,12.99,58322
2021-06-24,12.92,12.93,12.73,12.83,55137
2021-06-25,12.83,13.03,12.76,12.96,46682
2021-06-28,12.9,13.08,12.82,13.02,51445
2021-06-29,12.95,13.01,12.59,12.65,71942
2021-06-30,12.61,12.77,12.51,12.59,46567
2021-07-01,12.75,12.97,12.64,12.75,82435
2021-07-02,12.7,12.71,12.41,12.6,64885
2021-07-05,12.63,12.93,12.63,12.84,52113
2021-07-06,12.83,12.99,12.72,12.99,55260
2021-07-07,13.31,13.45,13.1,13.29,135387
2021-07-08,13.27,13.27,12.98,13.03,85470
2021-07-09,12.95,13.36,12.89,13.26,122827
2021-07-12,13.37,13.46,13.01,13.08,147325
2021-07-13,13.06,13.06,12.75,12.97,86305
2021-07-14,12.82,12.91,12.62,12.65,92749
2021-07-15,12.65,12.77,12.45,12.77,99613
2021-07-16,12.76,12.96,12.64,12.87,120500
2021-07-19,12.66,12.74,12.51,12.6,102928
2021-07-20,12.45,12.49,12.08,12.41,81776
2021-07-21,12.44,12.65,12.38,12.62,62777
2021-07-22,12.63,13.32,12.51,13.22,190534
2021-07-23,13.23,13.7,13.23,13.3,205983
2021-07-26,13.54,13.59,12.99,13.34,149995
2021-07-27,13.39,13.76,13.09,13.09,173663
2021-07-28,12.9,12.9,11.91,12.21,158168
2021-07-29,12.6,13.0,12.28,12.79,134619
2021-07-30,12.95,13.36,12.9,13.28,169809
2021-08-02,13.2,13.38,12.95,13.01,140282
2021-08-03,12.9,12.94,12.52,12.57,120987
2021-08-04,12.6,12.73,12.56,12.67,98006
2021-08-05,12.51,12.53,12.26,12.32,112867
2021-08-06,12.25,12.66,12.2,12.62,117159
2021-08-09,12.24,12.64,12.13,12.6,101647
2021-08-10,12.55,12.81,12.34,12.5,108496
2021-08-11,12.45,12.68,12.43,12.56,70689
2021-08-12,12.59,13.05,12.58,12.89,142195
2021-08-13,12.89,13.28,12.78,13.2,173255
2021-08-16,13.27,13.42,12.88,13.05,132686
2021-08-17,13.05,13.38,13.0,13.07,152487
2021-08-18,13.08,13.36,12.74,13.18,129317
2021-08-19,13.0,13.05,12.64,12.9,109155
2021-08-20,12.8,13.08,12.56,13.05,123151
2021-08-23,13.31,13.55,13.2,13.24,180862
2021-08-24,13.4,13.87,13.35,13.62,251886
2021-08-25,13.66,13.83,13.46,13.77,188789
2021-08-26,13.86,14.12,13.74,13.76,243701
2021-08-27,13.7,14.05,13.63,14.04,227457
2021-08-30,14.39,14.47,13.85,13.97,260494
2021-08-31,13.78,14.31,13.69,14.3,253785
2021-09-01,14.3,14.62,13.65,13.89,264170
2021-09-02,13.81,14.35,13.79,14.15,196311
2021-09-03,14.04,14.45,13.88,14.17,194523
2021-09-06,14.51,14.59,13.98,14.43,213884
2021-09-07,14.37,14.7,14.24,14.54,187005
2021-09-08,14.41,14.54,14.17,14.32,169624
2021-09-09,14.2,14.88,14.18,14.69,234395
2021-09-10,14.6,15.25,14.56,14.74,271431
2021-09-13,14.75,15.29,14.59,15.17,279412
2021-09-14,14.96,14.96,14.3,14.38,247438
2021-09-15,14.3,14.7,14.28,14.62,146302
2021-09-16,14.69,15.09,14.2,14.25,219354
2021-09-17,14.0,14.27,13.33,13.68,219475
2021-09-22,13.47,13.66,13.2,13.4,145720
2021-09-23,13.44,13.58,13.2,13.24,158884
2021-09-24,13.26,13.33,12.69,12.72,178617
2021-09-27,12.72,12.77,12.0,12.18,164484
2021-09-28,12.11,12.28,12.01,12.19,84333
2021-09-29,12.09,12.22,11.78,11.83,119039
2021-09-30,11.7,12.01,11.7,11.87,95049
2021-10-08,12.0,12.19,11.89,12.19,72825
2021-10-11,12.19,12.22,12.01,12.16,72215
2021-10-12,12.18,12.18,11.86,12.02,61338
2021-10-13,12.01,12.11,11.92,12.1,40759
2021-10-14,12.37,12.69,12.23,12.6,143981
2021-10-15,12.63,12.68,12.28,12.32,72888
2021-10-18,12.46,12.62,12.33,12.62,71575
2021-10-19,12.49,12.77,12.43,12.74,84518
2021-10-20,12.51,12.59,12.46,12.5,60985
2021-10-21,12.66,12.76,12.49,12.5,77153
2021-10-22,12.35,12.4,12.05,12.12,98580
2021-10-25,12.07,12.28,11.98,12.26,43432
2021-10-26,12.17,12.28,11.98,12.08,70936
2021-10-27,12.01,12.1,11.83,11.89,59722
2021-10-28,11.84,11.84,11.2,11.24,125150
2021-10-29,11.29,11.57,11.25,11.47,63309
2021-11-01,11.4,11.71,11.29,11.61,45219
2021-11-02,11.61,11.67,11.35,11.54,48482
2021-11-03,11.43,11.52,11.35,11.52,33239
2021-11-04,11.5,11.56,11.46,11.53,32837
2021-11-05,11.56,11.61,11.46,11.53,48548
2021-11-08,11.7,11.82,11.66,11.77,53768
2021-11-09,11.8,11.87,11.66,11.7,34477
2021-11-10,11.66,11.84,11.53,11.78,47517
2021-11-11,12.0,12.28,11.9,12.21,106413
2021-11-12,12.33,12.49,12.18,12.26,88897
2021-11-15,12.24,12.24,11.99,12.01,74227
2021-11-16,11.99,12.07,11.9,11.92,48873
2021-11-17,11.88,12.05,11.84,12.04,43208
2021-11-18,12.3,12.32,12.06,12.1,62588
2021-11-19,12.08,13.1,12.05,12.6,185124
2021-11-22,12.6,12.92,12.47,12.69,96907
2021-11-23,12.61,12.76,12.53,12.58,70679
2021-11-24,12.68,12.7,12.43,12.51,64847
2021-11-25,12.62,12.71,12.47,12.52,62639
2021-11-26,12.49,12.62,12.37,12.52,49772
2021-11-29,12.31,12.45,12.2,12.37,59884
2021-11-30,12.36,12.66,12.31,12.4,48632
2021-12-01,12.44,12.49,12.33,12.47,39473
2021-12-02,12.41,12.56,12.12,12.16,73848
2021-12-03,12.11,12.32,12.08,12.28,46544
2021-12-06,12.46,12.47,12.2,12.24,45738
2021-12-07,12.22,12.33,12.02,12.13,39280
2021-12-08,12.13,12.24,12.07,12.18,29365
2021-12-09,12.15,12.25,12.11,12.13,44864
2021-12-10,12.08,12.22,11.97,12.09,41606
2021-12-13,12.14,12.23,12.05,12.2,44992
2021-12-14,12.2,12.27,12.08,12.13,32659
2021-12-15,12.13,12.16,11.97,12.09,46476
2021-12-16,12.14,12.26,12.09,12.22,53787
2021-12-17,12.37,12.5,12.31,12.42,91078
2021-12-20,12.31,12.5,12.24,12.46,74496
2021-12-21,12.37,12.68,12.36,12.68,80026
2021-12-22,12.6,12.74,12.55,12.73,64110
2021-12-23,12.75,12.81,12.68,12.74,53700
2021-12-24,12.79,13.06,12.46,12.9,103096
2021-12-27,12.94,12.98,12.62,12.82,66076
2021-12-28,12.71,12.88,12.71,12.78,55044
2021-12-29,12.68,12.83,12.65,12.68,39035
2021-12-30,12.68,12.7,12.52,12.56,49136
2021-12-31,12.66,12.71,12.53,12.58,38113
2022-01-04,12.58,12.73,12.54,12.61,56629
2022-01-05,12.61,12.7,12.26,12.36,61266
2022-01-06,12.3,12.39,12.2,12.33,40802
2022-01-07,12.36,12.36,11.94,12.04,80198
2022-01-10,12.05,12.74,11.92,12.56,130992
2022-01-11,12.63,12.7,12.48,12.55,59685
2022-01-12,12.56,12.99,12.53,12.9,127743
2022-01-13,13.09,13.59,12.92,13.17,168152
2022-01-14,13.24,13.33,12.98,12.99,71753
2022-01-17,12.85,13.06,12.77,12.93,56929
2022-01-18,12.92,13.02,12.8,12.89,59167
2022-01-19,13.0,13.31,12.86,13.1,102311
2022-01-20,13.35,14.04,13.33,13.48,224122
2022-01-21,13.78,13.88,13.2,13.35,112272
2022-01-24,13.12,13.42,12.81,13.15,80818
2022-01-25,13.11,13.14,12.5,12.56,92082
2022-01-26,12.57,13.07,12.57,12.71,81534
2022-01-27,12.87,12.87,11.91,11.93,117022
2022-01-28,11.77,12.26,11.56,12.16,88942
2022-02-07,12.19,12.95,12.19,12.82,108317
2022-02-08,12.82,13.29,12.72,13.21,99383
2022-02-09,13.26,13.4,13.17,13.29,62410
2022-02-10,13.25,13.68,13.25,13.4,122954
2022-02-11,13.26,13.43,13.1,13.27,63902
2022-02-14,13.7,13.76,13.35,13.42,86196
2022-02-15,13.59,13.6,13.23,13.41,48600
2022-02-16,13.21,13.35,13.1,13.33,64476
2022-02-17,13.25,13.74,13.25,13.7,101089
2022-02-18,13.73,13.73,13.44,13.6,72358
2022-02-21,13.5,13.98,13.4,13.71,143778
2022-02-22,13.66,14.34,13.66,14.34,200781
2022-02-23,14.03,14.34,13.8,14.25,183791
2022-02-24,14.25,14.98,14.15,14.7,334404
2022-02-25,14.28,14.43,13.94,13.96,175255
2022-02-28,13.97,14.18,13.93,14.13,105803
2022-03-01,14.06,14.29,13.8,14.12,87251
2022-03-02,14.44,14.49,14.19,14.34,97244
2022-03-03,14.26,14.98,14.18,14.7,158068
2022-03-04,14.78,14.83,14.18,14.39,110383
2022-03-07,14.79,15.14,14.42,14.55,156395
2022-03-08,15.09,15.17,13.94,14.81,221493
2022-03-09,14.58,14.87,13.8,14.29,194401
2022-03-10,13.35,14.1,13.33,13.88,181378
2022-03-11,13.88,13.88,13.27,13.6,115247
2022-03-14,13.51,13.71,12.91,12.94,120647
2022-03-15,12.85,13.04,11.95,11.99,159936
2022-03-16,12.14,12.34,11.57,11.98,194985
2022-03-17,12.15,12.5,12.08,12.22,105922
2022-03-18,12.22,12.49,12.12,12.34,70377
2022-03-21,12.36,12.64,12.3,12.45,64779
2022-03-22,12.4,13.61,12.31,13.48,175138
2022-03-23,13.32,13.54,13.19,13.52,81334
2022-03-24,13.65,13.88,13.39,13.76,110498
2022-03-25,13.73,14.38,13.6,13.85,126092
2022-03-28,13.73,13.84,13.3,13.51,102417
2022-03-29,13.53,13.59,13.21,13.31,90732
2022-03-30,13.49,13.49,13.15,13.29,73922
2022-03-31,13.29,13.33,12.92,13.14,76129
2022-04-01,13.13,13.17,12.92,13.03,49766
2022-04-06,13.0,13.3,12.88,13.05,84787
2022-04-07,12.98,13.16,12.9,12.94,62555
2022-04-08,12.94,13.5,12.94,13.4,120788
2022-04-11,13.58,13.67,13.08,13.17,130079
2022-04-12,13.22,14.34,13.13,14.34,216020
2022-04-13,14.05,14.49,13.98,14.04,124685
2022-04-14,14.14,14.43,13.99,14.33,87256
2022-04-15,14.11,14.27,13.71,13.76,78251
2022-04-18,14.04,14.09,13.6,13.9,62396
2022-04-19,13.84,14.29,13.79,14.12,74796
2022-04-20,13.72,13.79,12.97,13.01,134530
2022-04-21,12.98,13.07,12.12,12.24,190237
2022-04-22,12.15,12.44,12.06,12.36,107549
2022-04-25,12.01,12.13,11.12,11.14,163274
2022-04-26,11.1,11.23,10.35,10.49,132481
2022-04-27,10.39,11.31,10.2,11.26,105651
2022-04-28,11.09,11.3,10.94,11.13,85769
2022-04-29,11.33,11.39,11.0,11.33,101012
2022-05-05,11.32,11.32,11.03,11.19,92530
2022-05-06,10.8,10.87,10.65,10.69,71279
2022-05-09,10.69,10.9,10.6,10.69,57108
2022-05-10,10.56,10.79,10.34,10.78,66839
2022-05-11,10.78,11.12,10.62,10.84,81569
2022-05-12,10.78,10.95,10.63,10.82,68075
2022-05-13,10.88,10.88,10.69,10.84,48933
2022-05-16,10.84,11.04,10.71,10.77,64542
2022-05-17,10.87,11.02,10.8,10.91,66956
2022-05-18,10.86,10.93,10.71,10.83,55221
2022-05-19,10.66,10.73,10.51,10.71,49706
2022-05-20,10.83,11.03,10.82,11.03,84927
2022-05-23,11.11,11.5,11.05,11.43,108257
2022-05-24,11.34,11.35,10.75,10.81,92385
2022-05-25,10.88,11.12,10.85,10.99,55036
2022-05-26,10.98,11.07,10.78,11.05,51321
2022-05-27,11.07,11.16,10.91,10.99,57677
2022-05-30,11.09,11.15,10.94,11.12,43469
2022-05-31,11.07,11.08,10.88,11.08,58054
2022-06-01,10.98,11.16,10.94,11.1,54912
2022-06-02,11.11,11.27,11.04,11.27,70251
2022-06-06,11.31,11.59,11.29,11.58,86719
2022-06-07,11.49,11.66,11.35,11.62,79220
2022-06-08,11.65,12.0,11.49,11.77,95810
2022-06-09,11.7,11.75,11.43,11.58,68717
2022-06-10,11.41,11.76,11.39,11.7,58091
2022-06-13,11.73,12.03,11.7,11.88,87227
2022-06-14,11.65,11.8,11.41,11.78,66619
2022-06-15,11.85,11.95,11.72,11.77,67616
2022-06-16,11.9,12.05,11.65,11.71,74794
2022-06-17,11.63,12.1,11.59,12.09,115678
2022-06-20,12.09,12.13,11.8,11.95,84254
2022-06-21,11.95,12.0,11.61,11.75,56860
2022-06-22,11.67,11.7,11.42,11.44,50198
2022-06-23,11.44,11.69,11.4,11.66,59649
2022-06-24,11.79,11.85,11.6,11.63,53031
2022-06-27,11.62,11.78,11.44,11.59,100800
2022-06-28,11.54,11.74,11.48,11.73,82106
2022-06-29,11.68,11.72,11.27,11.29,82624
2022-06-30,11.33,11.39,11.26,11.28,53806
2022-07-01,11.22,11.37,11.16,11.32,42198
2022-07-04,11.29,11.51,11.26,11.46,46403
2022-07-05,11.44,11.61,11.28,11.48,60859
2022-07-06,11.31,11.31,10.86,10.95,75021
2022-07-07,10.9,11.33,10.9,11.22,50831
2022-07-08,11.25,11.37,11.05,11.06,42336
2022-07-11,11.06,11.06,10.66,10.81,65374
2022-07-12,10.77,10.92,10.68,10.79,48508
2022-07-13,10.77,10.88,10.71,10.83,32929
2022-07-14,10.85,10.91,10.72,10.88,38385
2022-07-15,10.77,10.82,10.46,10.48,61979
2022-07-18,10.51,10.81,10.51,10.79,80604
2022-07-19,10.78,10.87,10.69,10.86,38182
2022-07-20,10.86,10.93,10.79,10.87,38731
2022-07-21,10.79,11.48,10.78,11.14,100952
2022-07-22,11.06,11.19,10.78,10.82,99211
2022-07-25,10.79,11.02,10.73,10.87,52490
2022-07-26,10.87,11.08,10.79,11.06,51303
2022-07-27,11.0,11.13,10.98,11.08,39958
2022-07-28,11.19,11.31,11.1,11.26,83623
2022-07-29,11.5,12.2,11.41,12.03,316442
2022-08-01,11.92,12.4,11.64,12.25,230839
2022-08-02,12.23,12.24,11.63,11.75,135108
2022-08-03,11.72,11.94,11.36,11.43,99093
2022-08-04,11.46,11.78,11.27,11.46,70808
2022-08-05,11.52,11.79,11.52,11.74,75423
2022-08-08,11.5,11.76,11.46,11.72,63625
2022-08-09,12.2,12.38,11.92,12.07,179670
2022-08-10,12.08,12.36,11.99,12.1,110423
2022-08-11,12.22,12.35,11.99,12.03,91588
2022-08-12,11.99,12.33,11.92,12.12,86163
2022-08-15,12.18,12.33,12.11,12.24,65714
2022-08-16,12.1,12.13,11.9,11.99,65666
2022-08-17,12.01,12.07,11.79,12.07,69522
2022-08-18,11.96,11.97,11.73,11.78,54651
2022-08-19,11.77,11.77,11.5,11.5,53196
2022-08-22,11.42,11.58,11.35,11.58,40360
2022-08-23,11.53,11.63,11.41,11.58,38371
2022-08-24,11.6,11.7,11.15,11.19,55460
2022-08-25,11.21,11.44,11.19,11.44,51657
2022-08-26,11.41,11.79,11.41,11.5,58370
2022-08-29,11.24,11.52,11.09,11.49,51291
2022-08-30,11.52,11.6,11.3,11.46,38338
2022-08-31,11.41,11.41,11.01,11.04,51397
2022-09-01,10.98,11.02,10.9,10.9,40420
2022-09-02,10.89,10.94,10.6,10.8,64140
2022-09-05,10.73,10.8,10.62,10.77,44099
2022-09-06,10.78,11.02,10.78,10.99,46465
2022-09-07,10.93,11.32,10.82,11.16,62167
2022-09-08,11.29,11.36,11.15,11.25,51956
2022-09-09,11.4,11.66,11.31,11.59,90179
2022-09-13,11.92,12.09,11.69,11.77,107169
2022-09-14,11.47,11.7,11.35,11.48,68447
2022-09-15,11.6,11.63,10.87,11.02,88867
2022-09-16,11.06,11.07,10.47,10.47,105259
2022-09-19,10.54,10.58,10.1,10.19,107762
2022-09-20,10.24,10.95,10.24,10.87,123806
2022-09-21,10.78,11.07,10.64,11.0,60952
2022-09-22,10.88,11.45,10.81,11.16,98112
2022-09-23,11.3,11.3,10.92,11.02,53444
2022-09-26,10.86,10.88,10.38,10.43,64013
2022-09-27,10.48,10.57,10.25,10.51,61350
2022-09-28,10.45,10.48,10.02,10.04,67062
2022-09-29,10.31,10.37,9.81,9.92,54239
2022-09-30,9.91,10.17,9.91,10.01,47354
2022-10-10,10.2,10.28,9.84,9.92,51148
2022-10-11,9.83,9.98,9.72,9.84,38261
2022-10-12,9.84,10.05,9.66,10.02,52861
2022-10-13,9.94,10.1,9.86,10.0,41238
2022-10-14,10.0,10.17,10.0,10.13,58186
2022-10-17,10.02,10.22,10.0,10.18,40125
2022-10-18,10.21,10.23,10.07,10.13,43323
2022-10-19,10.05,10.12,9.99,10.01,46437
2022-10-20,9.96,10.05,9.8,9.95,41649
2022-10-21,9.94,10.03,9.76,9.77,55613
2022-10-24,9.91,10.1,9.66,9.78,62888
2022-10-25,9.71,9.78,9.44,9.7,45287
2022-10-26,9.7,9.92,9.69,9.86,39630
2022-10-27,9.83,10.06,9.83,9.95,41812
2022-10-28,9.89,9.89,9.5,9.54,43172
2022-10-31,9.48,9.78,9.48,9.61,47308
2022-11-01,9.63,10.08,9.6,10.07,71838
2022-11-02,10.08,10.29,10.08,10.18,56321
2022-11-03,10.09,10.34,10.03,10.25,57290
2022-11-04,10.25,10.53,10.18,10.5,68132
2022-11-07,10.85,10.97,10.67,10.71,133335
2022-11-08,10.58,11.66,10.5,11.39,245729
2022-11-09,11.68,11.84,11.36,11.44,220452
2022-11-10,11.38,11.56,11.24,11.5,100471
2022-11-11,11.98,12.44,11.87,12.02,310373
2022-11-14,12.02,12.35,12.02,12.16,157831
2022-11-15,12.08,12.28,12.03,12.09,78400
2022-11-16,12.03,12.2,11.95,12.13,78550
2022-11-17,12.07,12.1,11.8,11.98,71541
2022-11-18,11.89,11.94,11.57,11.66,105285
2022-11-21,11.63,11.63,11.35,11.57,61042
2022-11-22,11.57,11.71,11.4,11.48,55718
2022-11-23,11.49,11.62,11.33,11.44,35078
2022-11-24,11.8,11.89,11.51,11.58,78353
2022-11-25,11.54,11.98,11.3,11.78,82652
2022-11-28,11.67,12.28,11.41,12.13,114490
2022-11-29,12.3,12.31,12.03,12.19,82664
2022-11-30,12.26,12.42,12.18,12.31,96341
2022-12-01,12.8,13.19,12.47,12.69,132731
2022-12-02,12.82,13.02,12.4,12.51,145631
2022-12-05,12.72,13.76,12.62,13.56,266087
2022-12-06,13.1,13.76,13.1,13.47,169444
2022-12-07,13.31,13.37,12.89,13.19,124427
2022-12-08,13.22,13.52,13.0,13.18,66939
2022-12-09,13.35,14.0,13.31,13.92,128276
2022-12-12,13.66,13.69,13.31,13.5,111136
2022-12-13,13.36,13.73,13.28,13.58,57740
2022-12-14,13.77,13.79,13.55,13.77,64854
2022-12-15,13.7,13.7,13.03,13.12,126497
2022-12-16,13.04,13.11,12.75,13.06,62402
2022-12-19,13.04,13.5,12.85,12.92,62368
2022-12-20,12.83,13.04,12.71,12.79,39958
2022-12-21,13.39,13.46,12.88,13.06,100740
2022-12-22,13.05,13.28,12.75,12.8,59571
2022-12-23,12.63,12.71,12.4,12.55,49513
2022-12-26,12.5,12.57,12.27,12.38,41752
2022-12-27,12.31,12.94,12.31,12.84,51513
2022-12-28,12.82,12.97,12.63,12.69,35822
2022-12-29,12.53,12.71,12.5,12.52,26733
2022-12-30,12.52,12.77,12.38,12.56,22501
2023-01-03,12.55,13.45,12.44,13.26,88945
2023-01-04,13.18,13.6,13.06,13.2,44315
2023-01-05,13.19,13.27,12.87,12.91,58981
2023-01-06,12.72,12.91,12.65,12.8,58607
2023-01-09,13.05,13.91,12.91,13.75,197731
2023-01-10,13.85,13.88,13.25,13.6,104604
2023-01-11,13.54,13.59,13.2,13.26,73155
2023-01-12,13.13,13.39,13.08,13.21,44546
2023-01-13,13.29,13.35,13.05,13.21,47848
2023-01-16,13.42,13.88,13.33,13.62,85024
2023-01-17,13.53,13.67,13.3,13.49,47439
2023-01-18,13.58,14.14,13.5,13.96,84159
2023-01-19,13.74,13.98,12.56,13.66,94793
2023-01-20,13.8,14.75,13.8,14.41,147749
2023-01-30,14.41,14.45,13.93,13.97,128328
2023-01-31,13.87,14.16,13.5,13.75,102432
2023-02-01,13.88,14.8,13.76,14.71,145114
2023-02-02,14.93,15.15,14.59,14.71,111631
2023-02-03,14.51,14.6,14.14,14.35,80720
2023-02-06,13.79,13.92,13.39,13.86,102083
2023-02-07,13.99,14.24,13.76,14.14,72551
2023-02-08,14.08,14.48,13.95,14.13,73940
2023-02-09,14.21,14.23,13.85,14.1,53321
2023-02-10,14.01,14.05,13.55,13.67,83599
2023-02-13,13.7,13.81,13.4,13.6,72650
2023-02-14,13.6,14.19,13.54,13.98,82399
2023-02-15,13.95,14.39,13.58,13.66,105712
2023-02-16,13.67,13.76,13.11,13.28,78456
2023-02-17,13.3,13.46,13.19,13.29,38595
2023-02-20,13.25,13.72,13.2,13.59,125877
2023-02-21,13.63,14.15,13.59,14.06,113230
2023-02-22,14.0,14.1,13.82,13.94,65591
2023-02-23,13.85,13.98,13.64,13.75,45288
2023-02-24,13.78,13.8,13.51,13.64,44964
2023-02-27,13.57,13.73,13.4,13.54,42252
2023-02-28,13.6,13.8,13.49,13.73,53798
2023-03-01,13.77,13.83,13.59,13.66,42627
2023-03-02,13.61,13.72,13.49,13.59,49643
2023-03-03,13.59,13.71,13.47,13.59,30538
2023-03-06,13.71,14.51,13.67,14.47,176496
2023-03-07,14.5,14.89,14.28,14.55,147763
2023-03-08,14.19,14.58,13.75,14.13,110352
2023-03-09,14.39,14.39,13.77,13.81,104847
2023-03-10,13.82,14.19,13.56,13.91,120833
2023-03-13,14.31,15.15,14.15,14.85,238166
2023-03-14,15.68,16.34,15.68,16.07,495307
2023-03-15,15.47,16.27,15.47,15.84,265879
2023-03-16,16.21,16.35,15.53,15.82,194232
2023-03-17,15.68,16.14,15.59,16.02,139283
2023-03-20,16.51,17.36,16.36,17.04,304855
2023-03-21,16.8,17.1,16.42,16.68,172511
2023-03-22,16.39,16.79,16.01,16.27,105099
2023-03-23,16.55,17.06,16.1,16.87,184832
2023-03-24,16.72,17.28,16.72,16.81,112443
2023-03-27,16.72,16.81,16.32,16.72,95564
2023-03-28,16.57,16.64,15.55,15.65,250830
2023-03-29,15.9,16.17,15.7,15.93,126815
2023-03-30,15.98,15.99,15.59,15.83,44369
2023-03-31,15.93,17.12,15.92,17.0,186517
2023-04-03,16.91,16.98,16.35,16.51,140772
2023-04-04,16.6,17.45,16.6,17.4,119535
2023-04-06,17.89,18.65,17.78,18.51,192357
2023-04-07,18.16,18.52,17.89,17.98,116432
2023-04-10,17.81,18.26,17.28,17.6,150698
2023-04-11,17.49,18.5,17.34,18.47,128943
2023-04-12,18.48,19.09,18.23,18.7,117537
2023-04-13,18.7,19.23,18.49,18.65,93123
2023-04-14,19.1,19.64,18.55,18.95,155436
2023-04-17,18.4,19.5,18.06,19.26,116606
2023-04-18,18.99,19.26,18.55,18.86,92852
2023-04-19,18.9,19.04,18.27,18.35,87033
2023-04-20,18.34,18.87,18.2,18.78,67461
2023-04-21,18.76,19.2,18.4,18.71,67855
2023-04-24,18.68,18.78,17.86,18.18,98612
2023-04-25,18.41,18.78,17.7,18.2,75171
2023-04-26,18.05,18.42,17.92,18.0,44086
2023-04-27,17.9,18.98,17.85,18.73,81198
2023-04-28,18.6,19.0,18.25,18.75,83452
2023-05-04,18.7,19.39,16.88,16.88,221601
2023-05-05,17.13,17.88,16.92,17.1,187375
2023-05-08,16.55,17.52,16.55,16.68,153669
2023-05-09,16.65,16.65,15.52,15.53,326320
2023-05-10,15.7,15.74,14.9,15.16,250776
2023-05-11,15.12,15.24,14.5,14.58,186312
2023-05-12,14.37,14.49,13.63,13.78,261388
2023-05-15,13.79,13.95,13.59,13.89,97001
2023-05-16,13.78,13.89,13.35,13.39,82671
2023-05-17,13.32,13.56,13.21,13.38,93329
2023-05-18,13.38,13.49,13.3,13.45,57779
2023-05-19,13.29,13.45,13.09,13.19,103581
2023-05-22,13.29,13.32,13.13,13.22,56824
2023-05-23,13.17,13.22,12.98,12.98,62339
2023-05-24,13.03,13.32,12.92,13.11,70401
2023-05-25,12.95,13.18,12.84,13.05,67553
2023-05-26,13.04,13.2,12.85,13.19,58615
2023-05-29,13.18,13.46,13.06,13.39,93337
2023-05-30,13.35,13.39,12.78,13.0,136023
2023-05-31,12.94,13.25,12.92,13.18,75658
2023-06-01,13.26,13.75,13.18,13.46,154810
2023-06-02,13.65,14.42,13.58,13.88,298261
2023-06-05,13.6,13.68,13.36,13.48,135975
2023-06-06,13.54,13.78,13.35,13.37,89567
2023-06-07,13.4,13.49,13.25,13.3,53646
2023-06-08,13.3,13.59,13.24,13.53,76196
2023-06-09,13.93,14.32,13.58,13.72,155695
2023-06-12,13.57,13.81,13.49,13.7,72367
2023-06-13,13.7,13.8,13.57,13.67,55109
2023-06-14,13.5,13.59,13.27,13.38,96867
2023-06-15,13.15,13.17,12.54,12.99,167722
2023-06-16,13.02,13.29,13.02,13.11,95295
2023-06-19,13.09,13.13,12.67,12.69,89076
2023-06-20,12.6,12.75,12.38,12.39,76211
2023-06-21,12.2,12.32,11.98,11.98,72757
2023-06-26,11.98,12.08,11.75,11.81,84809
2023-06-27,11.88,12.39,11.82,12.28,83398
2023-06-28,12.27,12.34,11.94,12.09,55792
2023-06-29,12.03,12.15,11.99,12.01,43135
2023-06-30,12.01,12.19,11.97,12.09,61392
2023-07-03,12.2,12.42,12.14,12.37,72410
2023-07-04,12.79,12.88,12.02,12.19,180324
2023-07-05,12.25,12.48,12.1,12.42,159183
2023-07-06,12.42,12.42,11.95,12.03,155416
2023-07-07,11.98,11.98,11.68,11.83,142048
2023-07-10,11.88,12.02,11.8,11.9,65902
2023-07-11,11.9,12.17,11.79,12.15,83624
2023-07-12,12.01,12.08,11.84,11.87,104129
2023-07-13,12.56,13.06,12.4,12.53,700724
2023-07-14,12.82,13.78,12.75,13.78,580027
2023-07-17,13.43,14.13,13.31,13.9,489685
2023-07-18,13.9,13.95,13.39,13.6,243104
2023-07-19,13.95,14.5,13.82,14.22,425832
2023-07-20,14.09,14.32,13.87,13.95,242782
2023-07-21,13.53,13.75,13.45,13.53,150205
2023-07-24,13.37,14.0,13.33,13.45,139628
2023-07-25,13.49,13.67,13.28,13.4,133335
2023-07-26,13.31,13.64,13.31,13.58,124926
2023-07-27,13.42,13.61,13.16,13.25,180989
2023-07-28,12.6,13.08,12.52,12.96,247862
2023-07-31,12.9,13.23,12.83,12.93,143319
2023-08-01,13.03,13.88,12.96,13.76,349246
2023-08-02,14.12,14.3,13.57,13.78,246209
2023-08-03,13.4,13.57,13.14,13.39,174171
2023-08-04,13.46,13.59,13.33,13.51,152048
2023-08-07,13.54,14.04,13.35,13.85,179453
2023-08-08,13.8,14.0,13.48,13.84,130889
2023-08-09,13.6,13.73,13.35,13.4,90626
2023-08-10,13.37,13.47,13.26,13.43,55388
2023-08-11,13.53,13.83,13.35,13.54,137327
2023-08-14,13.46,13.46,13.1,13.3,104779
2023-08-15,13.2,13.29,12.86,13.15,100837
2023-08-16,13.02,13.25,12.88,13.06,66229
2023-08-17,13.0,14.23,12.85,13.76,220573
2023-08-18,13.73,14.03,13.16,13.19,111137
2023-08-21,13.18,14.02,13.18,13.45,117769
2023-08-22,13.66,14.5,13.63,14.31,279548
2023-08-23,14.3,14.41,14.0,14.11,137599
2023-08-24,14.64,15.28,14.11,14.94,314115
2023-08-25,14.57,15.22,14.45,15.06,214311
2023-08-28,15.6,15.77,14.68,14.93,182683
2023-08-29,14.7,14.77,14.31,14.58,166396
2023-08-30,14.8,15.18,14.46,14.5,188276
2023-08-31,14.5,14.88,14.41,14.43,133474
2023-09-01,14.4,14.79,14.19,14.34,109195
2023-09-04,14.4,14.76,14.31,14.68,127862
2023-09-05,14.54,14.58,14.16,14.37,97323
2023-09-06,14.3,14.47,14.22,14.39,58200
2023-09-07,14.25,14.36,13.91,13.98,76406
2023-09-08,14.09,14.48,14.05,14.21,72957
2023-09-11,14.22,14.88,14.21,14.43,121936
2023-09-12,14.35,14.54,13.99,14.0,89121
2023-09-13,13.97,14.09,13.72,14.05,73078
2023-09-14,14.1,15.46,14.04,15.46,461573
2023-09-15,15.31,15.68,15.11,15.46,331831
2023-09-18,15.33,15.4,14.92,15.28,192782
2023-09-19,15.17,15.49,15.06,15.14,137411
2023-09-20,15.23,15.33,14.9,15.14,120997
2023-09-21,14.9,14.98,14.53,14.55,131012
2023-09-22,14.76,14.85,14.32,14.83,124472
2023-09-25,14.68,15.2,14.5,15.07,115772
2023-09-26,14.77,15.18,14.77,14.92,83695
2023-09-27,14.91,14.95,14.58,14.64,87087
2023-09-28,14.55,14.58,14.35,14.41,68018
2023-10-09,14.25,14.67,13.86,14.49,112262
2023-10-10,14.4,14.75,14.24,14.43,69587
2023-10-11,14.4,14.5,14.11,14.41,69908
2023-10-12,14.46,14.6,14.26,14.6,70952
2023-10-13,14.37,14.64,14.15,14.54,69908
2023-10-16,14.89,14.98,14.63,14.69,93783
2023-10-17,14.55,14.57,13.22,13.22,149503
2023-10-18,12.8,13.35,12.58,12.72,215626
2023-10-19,12.69,12.85,12.42,12.58,113824
2023-10-20,12.62,12.87,12.38,12.54,86812
2023-10-23,12.45,12.48,12.12,12.18,55420
2023-10-24,12.25,12.32,12.05,12.3,75071
2023-10-25,12.28,12.55,12.25,12.33,51297
2023-10-26,12.26,12.47,12.16,12.45,43622
2023-10-27,12.41,12.79,12.29,12.55,86330
2023-10-30,12.57,12.94,12.57,12.73,77427
2023-10-31,12.65,12.78,12.56,12.72,50692
2023-11-01,12.6,12.7,12.53,12.6,41557
2023-11-02,12.85,12.85,12.38,12.45,40636
2023-11-03,12.45,12.7,12.38,12.55,55359
2023-11-06,12.68,12.76,12.51,12.7,109862
2023-11-07,12.58,12.65,11.97,12.25,151049
2023-11-08,12.2,12.2,11.75,11.83,214184
2023-11-09,11.83,11.9,11.7,11.83,109992
2023-11-10,11.77,11.79,11.67,11.68,79076
2023-11-13,11.65,11.81,11.53,11.79,99038
2023-11-14,11.79,11.87,11.73,11.82,63872
2023-11-15,12.07,12.88,12.01,12.48,270539
2023-11-16,12.32,12.63,12.28,12.32,121457
2023-11-17,12.44,12.49,12.18,12.41,93580
2023-11-20,12.41,12.44,12.23,12.37,76464
2023-11-21,12.42,12.46,12.32,12.35,77289
2023-11-22,12.38,12.44,12.22,12.24,69598
2023-11-23,12.19,12.25,12.01,12.25,63350
2023-11-24,12.25,12.26,11.97,12.03,51577
2023-11-27,12.58,12.95,12.29,12.63,245011
2023-11-28,12.54,12.64,12.35,12.6,123727
2023-11-29,12.82,13.08,12.74,12.95,203086
2023-11-30,12.8,13.0,12.65,12.99,103842
2023-12-01,12.98,13.13,12.83,12.84,68044
2023-12-04,13.15,13.48,13.12,13.13,155200
2023-12-05,12.87,13.09,12.79,12.89,102320
2023-12-06,12.8,12.97,12.75,12.85,50641
2023-12-07,12.85,12.85,12.58,12.68,49198
2023-12-08,12.69,12.77,12.6,12.71,38344
2023-12-11,12.44,12.46,12.18,12.44,66090
2023-12-12,12.45,12.6,12.33,12.59,34467
2023-12-13,12.58,12.58,12.26,12.28,45304
2023-12-14,12.79,12.8,12.41,12.46,78015
2023-12-15,12.62,12.7,12.42,12.44,46124
2023-12-18,12.31,12.35,12.13,12.18,34036
2023-12-19,12.15,12.18,12.01,12.08,38227
2023-12-20,12.13,12.33,12.08,12.12,38195
2023-12-21,12.08,12.28,11.86,12.24,40091
2023-12-22,12.3,12.3,11.02,11.02,284457
2023-12-25,10.84,11.01,10.74,10.8,120498
2023-12-26,10.79,10.86,10.53,10.62,112844
2023-12-27,10.66,10.82,10.52,10.82,89339
2023-12-28,10.82,11.02,10.77,10.85,161063
2023-12-29,10.76,11.09,10.76,11.05,98861
2024-01-02,11.06,11.12,10.82,10.98,135399
2024-01-03,10.92,11.15,10.86,11.09,99373
2024-01-04,10.99,11.12,10.92,11.04,70291
2024-01-05,11.0,11.04,10.59,10.65,103224
2024-01-08,10.74,10.74,10.3,10.37,94245
2024-01-09,10.33,10.43,10.25,10.32,71711
2024-01-10,10.32,10.36,10.16,10.26,60722
2024-01-11,10.29,10.45,10.22,10.42,60830
2024-01-12,10.33,10.51,10.29,10.35,64133
2024-01-15,10.4,10.45,10.24,10.3,53287
2024-01-16,10.28,10.32,10.01,10.14,82133
2024-01-17,10.12,10.17,9.75,9.76,108059
2024-01-18,9.7,9.73,9.29,9.64,112187
2024-01-19,9.63,9.82,9.55,9.65,61494
2024-01-22,9.6,9.65,9.04,9.09,96626
2024-01-23,9.09,9.3,8.96,9.26,78290
2024-01-24,9.3,9.42,8.98,9.34,87352
2024-01-25,9.34,9.56,9.28,9.55,105482
2024-01-26,9.56,9.76,9.51,9.61,77466
2024-01-29,9.65,9.67,9.32,9.38,59384
2024-01-30,9.36,9.43,9.11,9.14,50968
2024-01-31,8.9,9.02,8.52,8.58,129189
2024-02-01,8.61,8.74,8.38,8.54,87856
2024-02-02,8.58,8.67,7.85,8.1,104723
2024-02-05,8.02,8.06,7.29,7.39,171061
2024-02-06,7.27,8.05,7.11,7.91,170489
2024-02-07,7.98,8.18,7.76,8.04,161553
2024-02-08,8.08,8.84,8.07,8.8,166533
2024-02-19,8.93,9.08,8.66,8.77,134729
2024-02-20,8.76,8.87,8.57,8.84,88193
2024-02-21,8.81,9.21,8.71,8.9,94288
2024-02-22,8.85,9.1,8.8,9.08,78776
2024-02-23,9.13,9.27,9.01,9.19,99331
2024-02-26,9.16,9.32,9.09,9.15,71303
2024-02-27,9.03,9.37,9.03,9.37,80494
2024-02-28,9.4,9.63,8.93,8.94,140777
2024-02-29,8.8,9.23,8.76,9.2,82988
2024-03-01,9.2,9.37,9.19,9.34,83655
2024-03-04,9.5,9.57,9.27,9.54,108891
2024-03-05,9.9,10.1,9.63,9.68,234406
2024-03-06,9.8,9.83,9.4,9.59,149592
2024-03-07,9.79,10.01,9.69,9.71,219179
2024-03-08,9.76,10.02,9.59,10.01,175864
2024-03-11,10.04,10.5,10.01,10.36,241356
2024-03-12,10.28,10.33,9.99,10.03,175604
2024-03-13,10.0,10.16,9.83,10.07,115575
2024-03-14,10.56,10.96,10.47,10.53,331026
2024-03-15,10.53,11.28,10.38,11.15,313735
2024-03-18,11.15,11.5,11.03,11.4,245287
2024-03-19,11.41,11.58,11.19,11.22,155025
2024-03-20,11.18,11.34,11.03,11.19,120562
2024-03-21,12.26,12.3,11.46,11.92,322020
2024-03-22,11.56,11.69,11.15,11.21,197548
2024-03-25,11.06,12.33,11.06,11.95,433800
2024-03-26,11.91,11.98,11.47,11.62,241644
2024-03-27,11.57,11.74,11.42,11.42,129467
2024-03-28,11.42,11.84,11.4,11.73,126830
2024-03-29,12.08,12.9,12.01,12.9,333570
2024-04-01,13.26,13.69,12.81,13.0,281696
2024-04-02,12.95,13.24,12.87,13.16,207556
2024-04-03,13.94,14.48,13.9,14.46,590406
2024-04-08,14.18,15.91,13.94,15.65,616007
2024-04-09,14.98,15.98,14.75,14.96,376596
2024-04-10,14.91,15.65,14.46,14.98,349222
2024-04-11,14.25,15.44,14.06,14.66,283054
2024-04-12,15.1,16.13,14.83,16.13,396018
2024-04-15,15.4,15.4,14.52,14.86,418003
2024-04-16,14.65,15.49,13.99,14.06,400412
2024-04-17,13.69,14.45,13.69,14.43,334942
2024-04-18,13.88,14.52,13.7,14.37,231821
2024-04-19,14.31,15.1,14.02,14.29,298223
2024-04-22,14.29,14.63,13.33,13.38,319297
2024-04-23,12.89,13.19,12.66,12.82,274184
2024-04-24,12.86,13.34,12.81,13.29,192625
2024-04-25,13.02,13.28,12.83,13.07,119125
2024-04-26,13.06,13.7,13.01,13.48,215254
2024-04-29,13.05,13.4,12.8,13.32,191982
2024-04-30,12.92,13.28,12.68,12.7,184854
2024-05-06,12.68,13.18,12.55,13.15,152786
2024-05-07,13.4,13.86,13.18,13.26,189840
2024-05-08,13.21,13.77,12.91,13.52,209500
2024-05-09,13.4,13.9,13.32,13.77,170599
2024-05-10,14.5,14.7,13.83,14.58,345982
2024-05-13,14.06,14.18,13.45,13.55,222743
2024-05-14,13.55,13.81,13.28,13.5,183394
2024-05-15,13.49,14.08,13.3,13.66,164716
2024-05-16,14.33,14.87,13.54,13.62,292295
2024-05-17,13.53,13.91,13.42,13.87,144659
2024-05-20,14.99,15.26,14.82,15.26,291731
2024-05-21,15.55,16.33,14.83,15.24,526445
2024-05-22,15.56,15.89,15.05,15.12,250388
2024-05-23,14.1,14.37,13.82,13.93,246268
2024-05-24,13.9,14.17,13.75,13.9,175573
2024-05-27,13.99,14.39,13.82,14.37,169134
2024-05-28,15.07,15.5,14.75,14.84,304683
2024-05-29,14.9,15.85,14.87,15.7,278709
2024-05-30,15.44,15.52,14.37,14.42,232924
2024-05-31,14.35,14.59,14.0,14.42,177141
2024-06-03,14.1,14.25,13.04,13.27,404417
2024-06-04,13.39,13.63,13.07,13.36,175064
2024-06-05,12.79,13.1,12.56,12.86,216300
2024-06-06,13.2,13.37,12.91,12.98,168396
2024-06-07,13.58,14.08,13.22,13.6,280342
2024-06-11,12.85,12.9,12.45,12.8,222940
2024-06-12,12.61,13.14,12.61,13.06,110006
2024-06-13,12.8,12.84,12.31,12.62,157858
2024-06-14,12.49,12.6,12.41,12.5,95343
2024-06-17,12.5,12.63,12.06,12.12,155666
2024-06-18,12.2,12.48,12.08,12.24,118001
2024-06-19,12.25,12.5,12.24,12.28,91772
2024-06-20,12.45,13.07,12.38,12.82,262330
2024-06-21,12.96,13.12,12.55,12.6,214540
2024-06-24,12.21,12.4,12.11,12.12,139787
2024-06-25,12.13,12.39,11.97,12.2,87468
2024-06-26,12.12,12.16,11.78,12.13,138389
2024-06-27,11.98,12.0,11.5,11.56,134344
2024-06-28,11.56,11.98,11.53,11.83,100221
2024-07-01,11.83,12.1,11.71,12.02,92311
2024-07-02,12.0,12.17,11.86,11.94,66689
2024-07-03,12.0,12.09,11.85,12.09,77213
2024-07-04,12.35,12.47,11.71,11.74,157198
2024-07-05,11.75,12.75,11.65,12.61,252512
2024-07-08,12.78,12.92,12.34,12.4,140949
2024-07-09,12.4,12.82,12.01,12.74,140265
2024-07-10,12.6,12.73,12.06,12.15,149330
2024-07-11,12.3,13.14,12.1,13.0,197638
2024-07-12,13.2,13.3,12.4,12.61,239790
2024-07-15,12.45,12.76,12.28,12.53,156538
2024-07-16,12.53,12.95,12.47,12.94,182330
2024-07-17,13.2,13.5,13.01,13.11,241508
2024-07-18,12.7,13.36,12.66,13.36,164560
2024-07-19,12.77,12.78,12.34,12.53,179166
2024-07-22,12.43,12.59,11.98,12.21,142535
2024-07-23,12.23,12.45,11.73,11.73,105730
2024-07-24,11.83,11.85,11.49,11.63,85357
2024-07-25,11.3,11.3,10.47,10.6,307303
2024-07-26,10.46,10.86,10.45,10.69,117594
2024-07-29,10.73,10.88,10.65,10.74,72001
2024-07-30,10.61,10.82,10.56,10.8,63017
2024-07-31,10.9,11.26,10.81,11.23,107494
2024-08-01,11.46,11.89,11.46,11.68,178575
2024-08-02,11.44,11.68,11.4,11.54,135096
2024-08-05,11.21,11.3,10.91,10.96,112959
2024-08-06,10.98,11.09,10.28,10.43,211896
2024-08-07,10.39,10.58,10.25,10.47,112384
2024-08-08,10.33,10.39,10.1,10.19,98017
2024-08-09,10.45,10.75,10.37,10.39,122038
2024-08-12,10.39,10.62,10.27,10.54,89452
2024-08-13,10.54,10.67,10.36,10.54,76140
2024-08-14,10.52,10.67,10.4,10.43,44517
2024-08-15,10.35,10.7,10.28,10.66,79844
2024-08-16,10.9,10.97,10.42,10.47,90461
2024-08-19,10.65,11.45,10.6,11.17,234977
2024-08-20,11.24,11.4,10.73,10.81,157843
2024-08-21,10.83,10.99,10.66,10.84,79239
2024-08-22,10.85,10.9,10.38,10.4,107922
2024-08-23,10.23,10.35,10.15,10.33,54956
2024-08-26,10.58,10.66,10.25,10.37,96376
2024-08-27,10.22,10.26,10.07,10.16,77157
2024-08-28,10.2,10.28,9.97,10.01,81947
2024-08-29,9.95,10.27,9.82,10.24,76157
2024-08-30,10.2,10.25,10.02,10.17,132961
2024-09-02,10.3,10.33,9.95,9.96,133089
2024-09-03,9.97,10.07,9.84,9.97,94600
2024-09-04,9.86,9.92,9.69,9.78,74513
2024-09-05,9.86,10.05,9.82,9.92,75407
2024-09-06,10.0,10.07,9.83,9.93,55864
2024-09-09,9.78,10.05,9.69,9.8,76495
2024-09-10,9.81,10.01,9.71,9.96,54659
2024-09-11,9.96,10.04,9.88,10.03,49071
2024-09-12,10.03,10.15,9.94,10.06,62185
2024-09-13,10.41,10.48,10.06,10.08,131858
2024-09-18,10.2,10.26,9.9,10.08,83445
2024-09-19,10.05,10.62,9.91,10.61,174265
2024-09-20,10.59,10.85,10.42,10.79,141597
2024-09-23,10.7,10.99,10.66,10.8,116754
2024-09-24,10.81,11.11,10.77,11.07,127351
2024-09-25,11.46,12.07,11.37,11.54,242977
2024-09-26,11.55,11.95,11.49,11.95,130742
2024-09-27,12.04,12.53,12.01,12.25,195247
2024-09-30,12.64,13.15,12.19,13.08,374787
2024-10-08,14.17,14.2,12.96,13.65,447963
2024-10-09,13.02,13.45,12.5,12.53,270815
2024-10-10,12.51,12.95,12.3,12.45,171163
2024-10-11,13.0,13.13,12.49,12.79,239001
2024-10-14,12.66,13.32,12.59,13.23,221473
2024-10-15,13.01,13.42,12.91,13.0,163955
2024-10-16,13.01,13.47,12.9,13.38,170756
2024-10-17,13.45,13.61,13.08,13.11,119744
2024-10-18,13.25,13.73,13.18,13.58,232148
2024-10-21,0.0,0.0,0.0,13.58,0
2024-10-22,0.0,0.0,0.0,13.58,0
2024-10-23,0.0,0.0,0.0,13.58,0
2024-10-24,0.0,0.0,0.0,13.58,0
2024-10-25,0.0,0.0,0.0,13.58,0
2024-10-28,0.0,0.0,0.0,13.58,0
2024-10-29,0.0,0.0,0.0,13.58,0
2024-10-30,0.0,0.0,0.0,13.58,0
2024-10-31,14.94,14.94,14.94,14.94,44094
2024-11-01,16.4,16.4,13.76,15.43,824097
2024-11-04,14.61,14.85,14.11,14.32,414303
2024-11-05,14.11,14.75,14.03,14.5,358729
2024-11-06,14.4,15.17,14.26,14.63,394201
2024-11-07,13.98,14.1,13.62,14.07,392320
2024-11-08,14.15,14.42,13.8,13.91,251331
2024-11-11,13.8,13.88,13.56,13.85,187295
2024-11-12,13.9,14.11,13.56,13.73,178705
2024-11-13,13.75,14.07,13.5,13.66,144715
2024-11-14,13.6,13.75,13.26,13.3,139491
2024-11-15,13.3,13.59,12.96,12.98,122310
2024-11-18,12.99,13.13,12.5,12.57,136287
2024-11-19,12.76,13.01,12.68,13.01,121713
2024-11-20,13.02,13.15,12.86,13.05,89495
2024-11-21,12.98,13.19,12.9,13.16,103457
2024-11-22,13.06,13.3,12.71,12.73,100572
2024-11-25,12.7,12.95,12.56,12.76,96976
2024-11-26,12.71,12.98,12.6,12.66,71034
2024-11-27,12.6,12.83,12.29,12.8,72890
2024-11-28,12.75,12.85,12.58,12.59,65415
2024-11-29,12.59,12.85,12.5,12.76,89523
2024-12-02,12.7,13.06,12.65,12.94,95649
2024-12-03,12.96,13.06,12.8,12.99,77836
2024-12-04,12.99,13.15,12.81,12.87,96952
2024-12-05,12.87,12.93,12.76,12.88,52424
2024-12-06,12.83,12.96,12.76,12.91,76286
2024-12-09,12.92,13.19,12.88,13.01,102861
2024-12-10,13.38,13.89,13.27,13.27,227477
2024-12-11,13.3,13.53,13.27,13.38,96828
2024-12-12,13.47,13.68,13.39,13.55,96168
2024-12-13,13.38,13.44,13.09,13.23,105409
2024-12-16,13.16,13.25,12.81,12.87,110713
2024-12-17,12.88,12.93,12.7,12.74,76004
2024-12-18,12.8,12.8,12.63,12.7,63114
2024-12-19,12.53,12.78,12.41,12.56,86338
2024-12-20,12.55,12.72,12.49,12.66,60481
2024-12-23,12.72,12.86,12.38,12.41,78400
2024-12-24,12.39,12.48,12.24,12.44,65948
2024-12-25,12.4,12.44,12.03,12.1,98480
2024-12-26,12.12,12.36,12.11,12.29,49514
2024-12-27,12.32,12.56,12.28,12.38,57815
2024-12-30,12.45,12.45,12.2,12.27,54436
2024-12-31,12.27,12.33,11.97,11.99,62257
2025-01-02,11.87,12.37,11.73,12.04,134313
2025-01-03,12.04,12.36,11.82,11.84,92772
2025-01-06,11.84,12.32,11.76,12.07,98306
2025-01-07,12.07,12.37,11.9,12.31,81524
2025-01-08,12.3,12.34,11.97,12.15,65790
2025-01-09,12.07,12.35,12.03,12.32,57833
2025-01-10,12.32,12.69,12.31,12.48,93895
2025-01-13,12.4,12.73,12.3,12.6,94536
2025-01-14,12.5,12.71,12.38,12.71,109690
2025-01-15,12.65,12.71,12.52,12.67,75550
2025-01-16,12.83,13.68,12.83,13.66,310379
2025-01-17,13.44,13.73,13.3,13.58,168609
2025-01-20,13.57,13.77,13.42,13.65,147481
2025-01-21,13.65,13.77,13.45,13.66,96299
2025-01-22,13.66,13.88,13.53,13.72,119732
2025-01-23,13.75,14.03,13.7,13.81,141899
2025-01-24,13.78,14.07,13.62,13.9,105483
2025-01-27,14.0,14.36,13.77,13.84,135572
2025-02-05,14.2,14.44,13.98,14.19,185749
2025-02-06,14.03,14.13,13.92,14.02,130325
2025-02-07,14.01,14.14,13.88,14.05,123221
2025-02-10,14.07,14.18,13.94,14.04,118100
2025-02-11,14.21,14.33,13.99,14.03,129137
2025-02-12,13.8,14.04,13.75,13.95,107884
2025-02-13,14.0,14.08,13.87,13.92,78720
2025-02-14,14.01,14.33,13.88,14.12,161040
2025-02-17,13.58,14.03,13.5,13.87,159916
2025-02-18,13.89,13.96,13.76,13.79,87019
2025-02-19,13.87,14.12,13.78,13.86,92197
2025-02-20,13.87,13.97,13.75,13.89,62242
2025-02-21,13.88,13.98,13.59,13.62,99645
2025-02-24,13.57,13.74,13.41,13.66,89591
2025-02-25,13.63,13.77,13.53,13.6,63818
2025-02-26,13.53,13.65,13.27,13.42,105707
2025-02-27,13.35,13.43,13.09,13.32,93069
2025-02-28,13.17,13.37,13.0,13.08,67698
2025-03-03,13.06,13.3,13.0,13.07,67101
2025-03-04,13.09,13.44,13.09,13.37,83341
2025-03-05,13.4,13.6,13.28,13.58,79790
2025-03-06,13.59,13.82,13.58,13.68,77745
2025-03-07,13.66,14.24,13.65,14.15,182212
2025-03-10,14.3,14.89,14.21,14.74,257236
2025-03-11,14.5,14.86,14.36,14.72,151434
2025-03-12,14.86,15.0,14.56,14.61,121069
2025-03-13,14.68,14.74,14.45,14.7,105937
2025-03-14,15.37,15.64,15.06,15.26,273777
2025-03-17,15.2,15.35,14.88,14.98,144249
2025-03-18,14.96,16.15,14.93,15.9,246439
2025-03-19,15.8,16.88,15.73,16.5,240963
2025-03-20,16.58,16.82,16.3,16.43,199747
2025-03-21,16.29,16.3,15.7,15.89,149622
2025-03-24,15.73,15.88,15.45,15.77,107069
2025-03-25,15.83,15.89,15.51,15.71,79181
2025-03-26,16.0,16.36,15.6,15.73,195011
2025-03-27,15.67,15.71,15.27,15.4,119873
2025-03-28,16.07,16.37,15.69,15.92,200651
2025-03-31,15.66,16.13,15.45,15.69,141851
2025-04-01,15.78,16.34,15.46,15.53,149402
2025-04-02,15.54,15.65,15.29,15.36,120234
2025-04-03,15.3,15.43,14.95,14.98,94395
2025-04-07,13.48,13.75,13.48,13.48,98743
2025-04-08,13.13,13.4,12.2,12.5,319982
2025-04-09,12.1,12.68,11.53,12.55,194441
2025-04-10,12.98,13.41,12.86,13.24,140224
2025-04-11,13.63,14.16,13.58,13.61,187932
2025-04-14,13.96,14.7,13.81,14.29,179343
2025-04-15,14.31,14.44,14.08,14.33,92391
2025-04-16,14.69,14.79,13.86,14.21,162712
2025-04-17,14.53,15.03,14.19,14.28,227249
2025-04-18,14.27,14.38,13.86,13.99,109229
2025-04-21,14.57,15.08,14.35,15.06,220221
2025-04-22,15.0,15.05,14.7,14.82,183107
2025-04-23,14.59,14.77,14.27,14.36,161242
2025-04-24,14.64,15.11,14.38,14.46,158246
2025-04-25,14.56,14.65,14.09,14.1,129509
2025-04-28,14.03,14.21,14.0,14.06,95511
2025-04-29,14.02,14.8,14.02,14.25,104470
2025-04-30,14.01,14.07,13.46,13.46,216687
2025-05-06,13.68,14.03,13.58,13.77,155670
2025-05-07,13.86,13.93,13.71,13.78,85726
2025-05-08,13.7,13.8,13.56,13.68,101903
2025-05-09,13.6,13.68,13.27,13.42,103889
2025-05-12,13.36,13.45,13.22,13.4,105062
2025-05-13,13.41,13.58,13.34,13.5,101118
2025-05-14,13.47,13.56,13.35,13.51,97963
2025-05-15,13.37,13.37,13.04,13.13,101689
2025-05-16,13.26,13.34,13.08,13.15,73166
2025-05-19,13.17,13.3,13.11,13.19,64910
2025-05-20,13.19,13.25,13.07,13.19,69230
2025-05-21,13.41,13.48,13.22,13.45,137647
2025-05-22,13.55,13.69,13.34,13.42,166757
2025-05-23,13.34,13.43,13.22,13.24,94019
2025-05-26,13.19,13.74,13.11,13.48,132172
2025-05-27,13.4,13.48,13.14,13.19,117862
2025-05-28,13.17,13.33,13.15,13.27,67169
2025-05-29,13.19,13.46,13.18,13.25,90191
2025-05-30,13.26,13.35,13.08,13.13,77351
2025-06-03,13.65,13.95,13.39,13.89,292770
2025-06-04,13.82,14.3,13.81,14.05,207431
2025-06-05,14.13,14.19,13.9,14.0,111438
2025-06-06,14.6,15.4,14.52,15.4,394412
2025-06-09,15.05,15.95,15.05,15.83,515137
2025-06-10,15.8,16.12,15.51,15.89,328993
2025-06-11,15.8,15.92,15.59,15.66,213781
2025-06-12,15.6,15.77,15.32,15.73,198922
2025-06-13,15.76,16.08,15.6,15.74,272736
2025-06-16,15.5,15.73,15.29,15.5,161660
2025-06-17,15.35,16.13,15.24,15.61,200903
2025-06-18,16.01,16.25,15.58,15.98,263956
2025-06-19,15.55,15.69,14.96,15.05,246465
2025-06-20,14.98,15.17,14.78,14.95,152467
2025-06-23,14.98,15.08,14.8,14.99,98542
2025-06-24,14.88,15.05,14.75,14.81,111075
2025-06-25,14.78,14.86,14.66,14.77,121041
2025-06-26,14.88,15.01,14.71,14.78,135743
2025-06-27,14.87,15.43,14.78,15.21,239409
2025-06-30,15.05,15.1,14.65,14.89,149027
2025-07-01,14.92,15.38,14.81,15.37,158189
2025-07-02,15.25,15.5,15.1,15.35,175800
2025-07-03,15.45,15.75,15.04,15.65,224559
2025-07-04,15.5,15.58,15.11,15.22,167427
2025-07-07,15.01,15.36,14.96,15.11,142190
2025-07-08,15.23,15.51,15.1,15.12,138674
2025-07-09,15.15,15.18,14.66,14.74,186843
2025-07-10,14.73,14.98,14.48,14.7,119683
2025-07-11,15.01,15.65,14.9,15.6,351977
2025-07-14,16.5,16.95,16.27,16.65,469992
2025-07-15,16.02,16.42,15.93,16.18,306157
2025-07-16,15.95,16.04,15.57,15.65,169423
2025-07-17,15.65,15.98,15.6,15.62,134273
2025-07-18,15.93,16.07,15.62,15.89,203536
2025-07-21,15.83,16.18,15.78,16.1,229760
2025-07-22,16.59,16.6,16.12,16.33,324810
2025-07-23,16.59,17.22,16.28,16.74,342018
2025-07-24,16.5,16.55,16.17,16.45,256923
2025-07-25,16.45,16.48,16.11,16.17,140849
2025-07-28,15.69,15.93,15.55,15.92,171868
2025-07-29,15.79,15.95,15.62,15.93,118615
2025-07-30,15.94,16.07,15.7,15.73,144835
2025-07-31,15.22,15.34,15.06,15.14,197329
2025-08-01,15.08,15.39,15.03,15.22,101223
2025-08-04,15.45,15.86,15.34,15.86,152793
2025-08-05,15.86,16.2,15.78,15.92,125662
2025-08-06,16.13,16.2,15.92,16.02,124803
2025-08-07,16.03,16.24,15.85,16.03,161834
2025-08-08,16.09,16.14,15.93,16.03,128676
2025-08-11,15.85,15.85,15.58,15.68,162108
2025-08-12,15.69,15.69,15.42,15.6,91580
2025-08-13,15.63,16.09,15.55,16.02,182857
2025-08-14,16.13,16.28,15.89,15.91,153055
2025-08-15,15.65,16.04,15.61,15.87,137590
2025-08-18,15.93,16.07,15.81,15.99,170313
2025-08-19,15.9,16.0,15.82,15.95,111327
2025-08-20,15.79,16.22,15.75,16.05,181861
2025-08-21,16.25,16.75,16.05,16.12,214726
2025-08-22,16.28,16.52,16.15,16.48,174338
2025-08-25,16.67,18.1,16.67,17.23,493300
2025-08-26,17.17,17.26,16.81,17.0,206380
2025-08-27,16.96,17.11,16.28,16.3,233482
2025-08-28,16.4,16.87,16.26,16.87,206328
2025-08-29,17.01,17.78,16.93,17.41,330189
2025-09-01,19.0,19.15,18.18,19.15,304928
2025-09-02,20.0,20.89,19.0,20.43,849938
2025-09-03,20.2,20.6,19.0,19.7,502780
2025-09-04,19.7,20.26,18.4,18.76,405199
2025-09-05,18.65,19.66,18.65,19.5,323937
2025-09-08,19.6,19.68,18.84,19.18,269944
2025-09-09,19.59,20.2,19.26,19.46,429707
2025-09-10,18.85,19.25,18.66,19.24,245306
2025-09-11,19.27,19.66,18.99,19.66,212832
2025-09-12,19.7,21.63,19.68,21.63,331642
2025-09-15,21.4,23.11,21.19,22.42,515636
2025-09-16,23.0,23.09,21.31,21.94,421548
2025-09-17,21.67,21.79,20.95,21.2,323656
2025-09-18,20.7,20.94,19.9,20.09,309065
2025-09-19,20.35,20.8,20.19,20.27,187589
2025-09-22,21.49,22.3,21.0,22.3,407758
2025-09-23,22.56,22.95,21.86,22.86,408557
2025-09-24,22.5,23.08,22.16,22.92,295395
2025-09-25,22.95,23.08,22.01,22.49,242508
2025-09-26,22.57,23.86,22.57,23.33,341936
2025-09-29,24.39,25.66,23.5,25.66,371930
2025-09-30,26.0,27.3,25.76,26.44,482831
2025-10-09,27.5,29.05,26.8,28.6,422019
2025-10-10,27.34,28.12,26.98,27.25,324375
2025-10-13,27.15,29.5,26.18,28.62,388949
2025-10-14,30.42,30.66,26.0,26.22,499631
2025-10-15,27.27,27.37,25.7,26.8,270205
2025-10-16,27.64,28.12,26.1,26.44,331755
2025-10-17,27.0,27.32,25.65,26.37,307710
2025-10-20,24.9,25.3,24.15,24.5,390312
2025-10-21,24.97,25.0,23.6,23.65,376820
2025-10-22,21.29,23.76,21.29,23.33,473247
2025-10-23,22.96,23.14,22.41,23.03,234322
2025-10-24,23.08,23.26,22.8,23.12,173430
2025-10-27,23.12,24.15,23.11,24.07,278252
2025-10-28,23.89,23.97,22.82,22.89,311886
2025-10-29,23.42,23.75,23.1,23.71,200511
2025-10-30,23.4,23.76,23.2,23.32,207318
2025-10-31,23.91,24.5,23.37,23.41,347899
2025-11-03,23.29,23.49,22.65,23.2,212530
2025-11-04,22.96,22.99,21.88,22.06,231728
2025-11-05,21.61,22.51,21.45,22.35,164211
2025-11-06,22.34,22.93,22.25,22.85,156587
2025-11-07,22.76,23.3,22.65,23.15,164415
2025-11-10,23.66,24.05,23.23,23.75,222884
2025-11-11,24.34,24.5,23.35,23.5,284631
2025-11-12,23.71,24.33,23.19,23.83,216940
2025-11-13,24.48,25.86,24.3,25.73,475017
2025-11-14,24.8,25.47,24.38,24.57,253668
2025-11-17,24.05,24.13,23.35,23.7,188844
2025-11-18,23.2,23.5,22.92,23.17,168764
2025-11-19,23.51,24.39,23.35,24.27,249799
2025-11-20,23.92,24.29,23.7,23.91,162672
2025-11-21,23.69,23.69,22.41,22.46,189975
2025-11-24,22.47,23.07,22.2,22.25,148340
2025-11-25,23.0,23.7,22.85,23.47,209497
2025-11-26,23.41,24.88,23.32,24.12,280605
2025-11-27,25.3,25.36,24.4,25.16,296629
2025-11-28,25.54,26.65,25.24,26.2,325551
2025-12-01,27.99,28.78,27.25,28.09,439459
2025-12-02,27.54,28.34,27.08,28.03,319439
2025-12-03,28.38,28.48,27.48,27.69,247688
2025-12-04,27.87,27.99,26.24,26.31,258224
2025-12-05,25.82,27.84,25.82,27.66,229516
2025-12-08,27.84,28.05,26.9,27.69,212568
2025-12-09,27.86,28.71,27.04,28.69,442913
2025-12-10,30.03,30.96,29.78,30.37,400077
2025-12-11,30.7,31.66,30.05,30.08,366909
2025-12-12,31.02,31.99,30.75,31.09,316254
2025-12-15,29.71,31.36,29.68,30.83,224098
2025-12-16,30.7,30.99,28.7,28.97,245024
2025-12-17,29.51,31.07,29.28,30.71,261971
2025-12-18,30.44,31.95,30.4,30.92,234398
2025-12-19,30.36,30.58,29.14,30.28,264839
2025-12-22,30.81,32.42,30.81,31.8,313508
2025-12-23,31.99,32.34,30.19,30.45,364217
2025-12-24,31.4,32.28,30.2,30.97,394929
2025-12-25,30.08,30.08,28.8,29.46,380932
2025-12-26,30.42,30.5,29.42,29.87,307121
2025-12-29,30.88,32.84,29.43,31.22,678498
2025-12-30,29.92,31.1,29.1,30.62,370155
2025-12-31,31.21,32.97,30.8,30.96,546810
2026-01-05,32.51,33.21,31.67,32.65,503868
2026-01-06,33.28,34.5,32.44,33.96,495561
2026-01-07,34.31,35.49,33.5,34.02,445002
2026-01-08,33.96,34.05,32.41,32.71,338884
2026-01-09,32.55,34.94,32.08,34.7,392255
2026-01-12,37.68,37.7,35.86,37.55,377040
2026-01-13,37.56,39.8,37.25,38.52,382137
2026-01-14,39.52,41.18,39.02,40.92,482257
2026-01-15,40.56,42.13,39.26,40.19,432511
2026-01-16,40.65,42.1,40.2,40.44,334478
2026-01-19,41.16,41.4,39.03,40.31,297415
2026-01-20,41.19,42.38,38.6,41.98,431139
2026-01-21,41.88,46.16,41.2,46.0,460878
2026-01-22,43.22,49.09,43.22,46.82,508469
2026-01-23,49.0,51.5,48.7,51.5,396669
2026-01-26,56.49,56.65,55.5,56.65,142903
2026-01-27,56.86,62.32,56.86,61.16,844935
2026-01-28,62.79,67.28,60.5,67.28,690833
2026-01-29,70.0,73.59,63.01,67.8,862187
2026-01-30,61.02,63.0,61.02,61.02,252806
2026-02-02,54.92,54.92,54.92,54.92,10295
2026-02-03,49.43,51.5,49.43,49.46,652366
2026-02-04,52.0,52.0,49.09,50.99,580228
2026-02-05,49.55,51.75,46.0,48.33,664298
2026-02-06,43.5,48.64,43.5,47.55,511977
2026-02-09,48.61,49.3,47.8,48.88,385530
2026-02-10,49.07,49.27,47.0,47.17,286937
2026-02-11,47.2,48.3,46.84,47.66,241619
2026-02-12,47.44,48.27,46.78,46.8,231638
2026-02-13,45.36,46.55,45.1,45.2,271027
2026-02-24,47.87,49.72,47.23,49.72,425977
2026-02-25,50.0,51.56,48.85,50.54,455599
2026-02-26,51.0,51.2,49.63,50.08,296532
2026-02-27,49.68,52.36,49.61,52.0,367605
2026-03-02,53.8,56.96,50.54,56.57,626812
2026-03-03,53.61,54.72,50.91,50.91,442888
2026-03-04,47.15,50.22,47.13,49.0,342101
2026-03-05,49.55,49.9,47.22,47.94,267799
2026-03-06,46.86,48.98,46.56,47.66,211647
2026-03-09,47.66,47.66,44.58,46.83,326026
2026-03-10,48.3,49.17,47.91,48.2,196252
2026-03-11,48.59,48.66,46.6,46.76,174695
2026-03-12,46.5,46.65,44.9,45.61,186608
2026-03-13,45.22,46.8,44.25,44.3,191502
2026-03-16,43.02,44.5,41.38,42.62,262831
2026-03-17,42.92,43.91,42.54,42.65,167306
2026-03-18,42.65,43.68,42.01,43.03,185055
2026-03-19,41.4,42.18,39.45,39.63,304225
2026-03-20,40.42,41.3,38.9,38.99,320291
2026-03-23,38.29,38.59,35.09,35.09,390007
2026-03-24,36.39,36.78,35.09,36.68,348040
2026-03-25,38.63,39.65,38.12,38.46,359758
2026-03-26,38.46,38.75,37.5,37.92,179282
2026-03-27,37.26,38.85,36.78,38.48,176392
2026-03-30,38.24,38.98,37.49,38.8,178071
2026-03-31,39.28,40.6,38.76,38.8,234875
2026-04-01,40.2,40.75,39.35,39.95,214867
2026-04-02,39.5,39.53,38.12,38.65,221779
2026-04-03,39.05,39.3,37.87,38.62,118452
2026-04-07,38.62,39.45,38.48,39.04,133547
2026-04-08,41.31,42.49,41.11,42.08,296204
2026-04-09,40.31,41.43,40.12,41.1,182194
2026-04-10,41.4,41.7,40.47,40.51,151045
2026-04-13,40.13,41.12,39.93,40.84,135813
2026-04-14,41.25,41.79,40.52,41.13,152188
2026-04-15,42.27,42.48,40.01,40.14,248189
2026-04-16,40.6,41.59,40.12,41.17,185217
2026-04-17,40.71,41.6,40.54,41.04,160519
2026-04-20,41.3,42.29,40.93,41.19,216268
2026-04-21,41.0,41.39,40.1,41.07,135815
2026-04-22,40.69,41.45,39.72,41.19,166209
2026-04-23,41.35,41.53,37.9,38.43,352512
2026-04-24,37.84,38.39,36.8,37.71,203967
2026-04-27,37.39,38.28,37.11,37.76,149443
2026-04-28,37.55,37.68,36.45,36.7,147321
2026-04-29,35.9,37.55,35.5,37.5,169543
