Date,Open,High,Low,Close,Volume
2015-07-17,14.19,14.19,14.19,14.19,0
2015-07-20,14.19,14.19,14.19,14.19,0
2015-07-21,14.19,14.19,14.19,14.19,0
2015-07-22,14.19,14.19,14.19,14.19,0
2015-07-23,14.19,14.19,14.19,14.19,0
2015-07-24,14.19,14.19,14.19,14.19,0
2015-07-27,14.19,14.19,14.19,14.19,0
2015-07-28,14.19,14.19,14.19,14.19,0
2015-07-29,14.19,14.19,14.19,14.19,0
2015-07-30,14.19,14.19,14.19,14.19,0
2015-07-31,14.19,14.19,14.19,14.19,0
2015-08-03,14.19,14.19,14.19,14.19,0
2015-08-04,14.19,14.19,14.19,14.19,0
2015-08-05,14.19,14.19,14.19,14.19,0
2015-08-06,14.19,14.19,14.19,14.19,0
2015-08-07,14.19,14.19,14.19,14.19,0
2015-08-10,14.19,14.19,14.19,14.19,0
2015-08-11,14.19,14.19,14.19,14.19,0
2015-08-12,14.19,14.19,14.19,14.19,0
2015-08-13,14.19,14.19,14.19,14.19,0
2015-08-14,14.19,14.19,14.19,14.19,0
2015-08-17,14.19,14.19,14.19,14.19,0
2015-08-18,14.19,14.19,14.19,14.19,0
2015-08-19,14.19,14.19,14.19,14.19,0
2015-08-20,14.19,14.19,14.19,14.19,0
2015-08-21,14.19,14.19,14.19,14.19,0
2015-08-24,14.19,14.19,14.19,14.19,0
2015-08-25,14.19,14.19,14.19,14.19,0
2015-08-26,14.19,14.19,14.19,14.19,0
2015-08-27,14.19,14.19,14.19,14.19,0
2015-08-28,14.19,14.19,14.19,14.19,0
2015-08-31,14.19,14.19,14.19,14.19,0
2015-09-01,14.19,14.19,14.19,14.19,0
2015-09-02,14.19,14.19,14.19,14.19,0
2015-09-07,14.19,14.19,14.19,14.19,0
2015-09-08,14.19,14.19,14.19,14.19,0
2015-09-09,14.19,14.19,14.19,14.19,0
2015-09-10,14.19,14.19,14.19,14.19,0
2015-09-11,14.19,14.19,14.19,14.19,0
2015-09-14,14.19,14.19,14.19,14.19,0
2015-09-15,14.19,14.19,14.19,14.19,0
2015-09-16,14.19,14.19,14.19,14.19,0
2015-09-17,12.77,12.77,12.77,12.77,3246
2015-09-18,11.49,11.49,11.49,11.49,405
2015-09-21,10.34,10.34,10.34,10.34,2073
2015-09-22,9.31,9.31,9.31,9.31,5131
2015-09-23,8.38,8.38,8.38,8.38,10725
2015-09-24,7.54,8.98,7.54,8.03,1860503
2015-09-25,7.65,7.66,7.23,7.23,747743
2015-09-28,6.86,6.97,6.51,6.57,794612
2015-09-29,6.5,6.77,6.38,6.6,560088
2015-09-30,6.63,6.69,6.31,6.36,389459
2015-10-08,6.5,6.64,6.43,6.55,421988
2015-10-09,6.56,6.64,6.43,6.55,377740
2015-10-12,6.56,7.2,6.55,7.06,682252
2015-10-13,7.01,7.18,6.86,7.08,648533
2015-10-14,7.06,7.35,6.95,7.12,608684
2015-10-15,7.12,7.27,7.06,7.25,581258
2015-10-16,7.29,7.34,6.99,7.19,586005
2015-10-19,7.23,7.91,7.17,7.91,1165444
2015-10-20,7.91,7.94,7.63,7.83,812874
2015-10-21,7.78,7.78,7.05,7.05,729793
2015-10-22,6.92,7.26,6.66,7.18,651394
2015-10-23,7.1,7.35,7.0,7.29,576162
2015-10-26,7.41,7.88,7.31,7.55,677616
2015-10-27,7.45,7.5,7.02,7.44,496126
2015-10-28,7.33,7.75,7.3,7.37,494599
2015-10-29,7.44,7.55,7.23,7.4,348356
2015-10-30,7.4,7.42,7.14,7.3,278979
2015-11-02,7.14,7.3,7.01,7.05,243908
2015-11-03,7.07,7.24,7.01,7.1,230417
2015-11-04,7.14,7.5,7.12,7.45,480086
2015-11-05,7.5,7.6,7.27,7.55,552509
2015-11-06,7.57,8.31,7.57,8.06,851426
2015-11-09,7.88,8.35,7.75,8.16,694237
2015-11-10,8.04,8.88,8.01,8.63,734498
2015-11-11,8.65,9.45,8.48,9.4,796264
2015-11-12,9.38,9.89,9.17,9.27,801609
2015-11-13,9.1,9.19,8.51,8.7,592710
2015-11-16,8.5,9.57,8.35,9.57,651405
2015-11-17,9.81,9.88,9.15,9.16,695400
2015-11-18,9.16,9.35,8.8,8.82,379180
2015-11-19,8.79,9.25,8.79,9.19,341369
2015-11-20,9.19,9.27,9.03,9.13,325991
2015-11-23,9.04,9.38,8.82,9.0,388364
2015-11-24,9.0,9.26,8.92,9.23,276928
2015-11-25,9.26,9.38,9.12,9.28,309670
2015-11-26,9.29,9.37,9.02,9.02,307818
2015-11-27,9.0,9.2,8.12,8.14,382632
2015-11-30,8.14,8.25,7.36,8.03,354438
2015-12-01,8.03,8.09,7.76,7.92,224391
2015-12-02,7.93,8.18,7.55,8.1,233304
2015-12-03,8.13,8.29,8.03,8.26,208802
2015-12-04,8.28,8.6,8.2,8.38,282399
2015-12-07,8.5,8.99,8.36,8.91,357638
2015-12-08,8.8,9.23,8.6,8.6,345350
2015-12-09,8.55,9.1,8.4,9.06,380007
2015-12-10,9.08,9.15,8.6,8.77,253245
2015-12-11,8.7,9.08,8.66,8.87,225223
2015-12-14,8.88,8.94,8.6,8.92,172128
2015-12-15,8.92,9.12,8.77,9.03,239330
2015-12-16,9.04,9.33,8.96,9.03,300384
2015-12-17,8.99,9.15,8.98,9.1,316971
2015-12-18,9.06,9.1,8.86,8.9,222164
2015-12-21,8.83,8.91,8.71,8.8,190311
2015-12-22,8.77,8.96,8.71,8.92,178751
2015-12-23,8.91,8.95,8.67,8.7,173760
2015-12-24,8.71,9.11,8.71,9.09,287684
2015-12-25,9.09,9.16,8.9,9.02,226820
2015-12-28,9.01,9.33,8.9,9.09,384729
2015-12-29,9.09,9.77,9.0,9.69,555848
2015-12-30,9.74,9.94,9.49,9.62,437197
2015-12-31,9.59,9.85,9.37,9.4,308475
2016-01-04,9.39,9.48,8.46,8.46,290416
2016-01-05,7.75,8.49,7.61,7.88,394224
2016-01-06,8.0,8.09,7.75,8.08,230532
2016-01-07,7.9,7.91,7.27,7.27,55417
2016-01-08,7.46,7.56,6.61,7.51,290024
2016-01-11,7.36,7.57,6.76,6.76,240049
2016-01-12,6.71,6.9,6.48,6.67,194560
2016-01-13,6.75,6.84,6.4,6.41,162786
2016-01-14,6.19,6.6,6.01,6.53,170933
2016-01-15,6.47,6.68,6.2,6.3,171238
2016-01-18,6.2,6.5,6.1,6.4,118766
2016-01-19,6.41,6.78,6.39,6.74,159865
2016-01-20,6.66,6.77,6.35,6.56,152953
2016-01-21,6.45,6.71,6.36,6.5,165312
2016-01-22,6.55,6.66,6.4,6.63,110665
2016-01-25,6.68,6.75,6.57,6.67,92734
2016-01-26,6.5,6.65,6.0,6.0,183106
2016-01-27,5.92,6.08,5.43,5.71,183421
2016-01-28,5.6,5.76,5.18,5.2,115950
2016-01-29,5.3,5.68,5.11,5.51,142725
2016-02-01,5.53,5.79,5.51,5.72,135421
2016-02-02,5.72,5.89,5.69,5.77,127764
2016-02-03,5.78,5.84,5.61,5.79,75035
2016-02-04,5.76,6.37,5.76,6.37,157979
2016-02-05,6.85,6.86,6.49,6.57,240620
2016-02-15,6.57,6.57,6.57,6.57,0
2016-02-16,6.57,6.57,6.57,6.57,0
2016-02-17,6.57,6.57,6.57,6.57,0
2016-02-18,6.57,6.57,6.57,6.57,0
2016-02-19,6.57,6.57,6.57,6.57,0
2016-02-22,6.57,6.57,6.57,6.57,0
2016-02-23,6.57,6.57,6.57,6.57,0
2016-02-24,6.57,6.57,6.57,6.57,0
2016-02-25,6.57,6.57,6.57,6.57,0
2016-02-26,6.57,6.57,6.57,6.57,0
2016-02-29,6.57,6.57,6.57,6.57,0
2016-03-01,6.57,6.57,6.57,6.57,0
2016-03-02,6.57,6.57,6.57,6.57,0
2016-03-03,6.57,6.57,6.57,6.57,0
2016-03-04,6.57,6.57,6.57,6.57,0
2016-03-07,6.57,6.57,6.57,6.57,0
2016-03-08,6.57,6.57,6.57,6.57,0
2016-03-09,6.57,6.57,6.57,6.57,0
2016-03-10,6.57,6.57,6.57,6.57,0
2016-03-11,6.57,6.57,6.57,6.57,0
2016-03-14,6.57,6.57,6.57,6.57,0
2016-03-15,6.57,6.57,6.57,6.57,0
2016-03-16,6.57,6.57,6.57,6.57,0
2016-03-17,6.57,6.57,6.57,6.57,0
2016-03-18,6.57,6.57,6.57,6.57,0
2016-03-21,6.57,6.57,6.57,6.57,0
2016-03-22,6.57,6.57,6.57,6.57,0
2016-03-23,6.57,6.57,6.57,6.57,0
2016-03-24,6.57,6.57,6.57,6.57,0
2016-03-25,6.57,6.57,6.57,6.57,0
2016-03-28,6.57,6.57,6.57,6.57,0
2016-03-29,6.57,6.57,6.57,6.57,0
2016-03-30,6.57,6.57,6.57,6.57,0
2016-03-31,6.57,6.57,6.57,6.57,0
2016-04-01,6.57,6.57,6.57,6.57,0
2016-04-05,6.57,6.57,6.57,6.57,0
2016-04-06,6.57,6.57,6.57,6.57,0
2016-04-07,6.57,6.57,6.57,6.57,0
2016-04-08,6.57,6.57,6.57,6.57,0
2016-04-11,6.57,6.57,6.57,6.57,0
2016-04-12,6.57,6.57,6.57,6.57,0
2016-04-13,6.57,6.57,6.57,6.57,0
2016-04-14,6.57,6.57,6.57,6.57,0
2016-04-15,6.57,6.57,6.57,6.57,0
2016-04-18,6.57,6.57,6.57,6.57,0
2016-04-19,6.57,6.57,6.57,6.57,0
2016-04-20,6.57,6.57,6.57,6.57,0
2016-04-21,6.57,6.57,6.57,6.57,0
2016-04-22,6.57,6.57,6.57,6.57,0
2016-04-25,6.57,6.57,6.57,6.57,0
2016-04-26,6.57,6.57,6.57,6.57,0
2016-04-27,6.57,6.57,6.57,6.57,0
2016-04-28,6.57,6.57,6.57,6.57,0
2016-04-29,6.57,6.57,6.57,6.57,0
2016-05-03,6.57,6.57,6.57,6.57,0
2016-05-04,6.57,6.57,6.57,6.57,0
2016-05-05,6.57,6.57,6.57,6.57,0
2016-05-06,6.57,6.57,6.57,6.57,0
2016-05-09,6.57,6.57,6.57,6.57,0
2016-05-10,6.57,6.57,6.57,6.57,0
2016-05-11,6.57,6.57,6.57,6.57,0
2016-05-12,6.57,6.57,6.57,6.57,0
2016-05-13,6.57,6.57,6.57,6.57,0
2016-05-16,6.57,6.57,6.57,6.57,0
2016-05-17,6.57,6.57,6.57,6.57,0
2016-05-18,6.57,6.57,6.57,6.57,0
2016-05-19,6.57,6.57,6.57,6.57,0
2016-05-20,6.57,6.57,6.57,6.57,0
2016-05-23,6.57,6.57,6.57,6.57,0
2016-05-24,6.57,6.57,6.57,6.57,0
2016-05-25,6.57,6.57,6.57,6.57,0
2016-05-26,6.57,6.57,6.57,6.57,0
2016-05-27,6.57,6.57,6.57,6.57,0
2016-05-30,6.57,6.57,6.57,6.57,0
2016-05-31,6.57,6.57,6.57,6.57,0
2016-06-01,6.57,6.57,6.57,6.57,0
2016-06-02,6.57,6.57,6.57,6.57,0
2016-06-03,6.57,6.57,6.57,6.57,0
2016-06-06,6.57,6.57,6.57,6.57,0
2016-06-07,6.57,6.57,6.57,6.57,0
2016-06-08,6.57,6.57,6.57,6.57,0
2016-06-13,6.57,6.57,6.57,6.57,0
2016-06-14,6.57,6.57,6.57,6.57,0
2016-06-15,6.57,6.57,6.57,6.57,0
2016-06-16,6.57,6.57,6.57,6.57,0
2016-06-17,6.57,6.57,6.57,6.57,0
2016-06-20,6.57,6.57,6.57,6.57,0
2016-06-21,6.57,6.57,6.57,6.57,0
2016-06-22,6.57,6.57,6.57,6.57,0
2016-06-23,6.57,6.57,6.57,6.57,0
2016-06-24,6.57,6.57,6.57,6.57,0
2016-06-27,6.57,6.57,6.57,6.57,0
2016-06-28,6.57,6.57,6.57,6.57,0
2016-06-29,6.57,6.57,6.57,6.57,0
2016-06-30,6.57,6.57,6.57,6.57,0
2016-07-01,6.57,6.57,6.57,6.57,0
2016-07-04,6.57,6.57,6.57,6.57,0
2016-07-05,6.57,6.57,6.57,6.57,0
2016-07-06,6.57,6.57,6.57,6.57,0
2016-07-07,6.57,6.57,6.57,6.57,0
2016-07-08,6.57,6.57,6.57,6.57,0
2016-07-11,6.57,6.57,6.57,6.57,0
2016-07-12,6.57,6.57,6.57,6.57,0
2016-07-13,6.57,6.57,6.57,6.57,0
2016-07-14,6.57,6.57,6.57,6.57,0
2016-07-15,6.57,6.57,6.57,6.57,0
2016-07-18,6.57,6.57,6.57,6.57,0
2016-07-19,6.57,6.57,6.57,6.57,0
2016-07-20,6.57,6.57,6.57,6.57,0
2016-07-21,6.57,6.57,6.57,6.57,0
2016-07-22,6.57,6.57,6.57,6.57,0
2016-07-25,6.57,6.57,6.57,6.57,0
2016-07-26,6.57,6.57,6.57,6.57,0
2016-07-27,6.57,6.57,6.57,6.57,0
2016-07-28,6.57,6.57,6.57,6.57,0
2016-07-29,6.57,6.57,6.57,6.57,0
2016-08-01,6.57,6.57,6.57,6.57,0
2016-08-02,6.57,6.57,6.57,6.57,0
2016-08-03,6.57,6.57,6.57,6.57,0
2016-08-04,6.57,6.57,6.57,6.57,0
2016-08-05,6.57,6.57,6.57,6.57,0
2016-08-08,6.57,6.57,6.57,6.57,0
2016-08-09,6.57,6.57,6.57,6.57,0
2016-08-10,6.57,6.57,6.57,6.57,0
2016-08-11,6.57,6.57,6.57,6.57,0
2016-08-12,6.57,6.57,6.57,6.57,0
2016-08-15,6.57,6.57,6.57,6.57,0
2016-08-16,6.57,6.57,6.57,6.57,0
2016-08-17,6.57,6.57,6.57,6.57,0
2016-08-18,6.57,6.57,6.57,6.57,0
2016-08-19,6.57,6.57,6.57,6.57,0
2016-08-22,6.57,6.57,6.57,6.57,0
2016-08-23,7.23,7.23,7.23,7.23,1080
2016-08-24,7.95,7.95,7.95,7.95,2361
2016-08-25,8.75,8.75,8.75,8.75,6468
2016-08-26,9.63,9.63,9.63,9.63,9025
2016-08-29,10.59,10.59,10.59,10.59,10858
2016-08-30,11.65,11.65,11.65,11.65,39742
2016-08-31,12.82,12.82,11.5,12.82,2079424
2016-09-01,12.78,14.1,12.55,13.75,1549407
2016-09-02,13.38,13.7,13.08,13.48,816078
2016-09-05,13.46,13.85,13.03,13.11,644720
2016-09-06,13.05,14.0,13.05,13.8,683273
2016-09-07,13.59,14.47,13.5,13.97,637910
2016-09-08,13.91,15.16,13.74,15.0,935409
2016-09-09,14.86,15.59,14.24,14.72,938272
2016-09-12,14.0,14.72,13.4,14.14,545241
2016-09-13,14.49,14.6,13.48,13.6,561856
2016-09-14,13.2,13.97,13.05,13.58,402506
2016-09-19,13.56,13.73,13.3,13.62,255056
2016-09-20,13.52,14.21,13.35,14.17,341789
2016-09-21,14.18,14.53,13.7,13.81,334625
2016-09-22,13.67,15.19,13.6,15.19,653014
2016-09-23,15.58,15.65,14.41,14.72,638154
2016-09-26,14.4,14.5,13.72,13.83,366942
2016-09-27,13.87,13.97,13.32,13.88,311964
2016-09-28,13.88,13.89,13.37,13.51,200469
2016-09-29,13.45,13.96,13.45,13.65,228622
2016-09-30,13.5,14.48,13.5,14.14,269282
2016-10-10,14.38,14.7,13.86,14.56,296247
2016-10-11,14.45,15.33,14.31,14.82,360411
2016-10-12,14.76,15.25,14.58,15.02,292506
2016-10-13,14.9,14.95,14.33,14.41,305862
2016-10-14,14.41,14.85,14.3,14.56,203758
2016-10-17,14.6,15.96,14.52,15.23,596761
2016-10-18,15.08,15.75,14.91,15.42,457442
2016-10-19,15.32,16.48,15.13,16.06,567925
2016-10-20,15.9,16.17,15.5,16.03,403258
2016-10-21,15.99,15.99,15.16,15.32,330861
2016-10-24,15.22,15.42,14.86,15.29,237365
2016-10-25,15.45,16.23,15.3,15.56,378558
2016-10-26,15.46,15.97,15.2,15.95,311603
2016-10-27,15.95,15.95,15.95,15.95,0
2016-10-28,15.95,15.95,15.95,15.95,0
2016-10-31,15.95,15.95,15.95,15.95,0
2016-11-01,15.95,15.95,15.95,15.95,0
2016-11-02,15.95,15.95,15.95,15.95,0
2016-11-03,15.95,15.95,15.95,15.95,0
2016-11-04,14.36,14.36,14.36,14.36,50136
2016-11-07,13.58,13.86,13.02,13.35,625472
2016-11-08,13.39,13.79,13.22,13.49,320116
2016-11-09,13.64,13.98,13.38,13.73,270649
2016-11-10,14.3,14.4,13.72,13.72,228636
2016-11-11,13.89,13.91,13.32,13.54,211577
2016-11-14,13.25,13.8,13.25,13.69,168562
2016-11-15,13.68,14.13,13.61,13.9,201214
2016-11-16,13.8,14.19,13.59,13.71,116335
2016-11-17,13.65,13.71,13.3,13.41,144519
2016-11-18,13.41,13.48,13.28,13.38,79127
2016-11-21,13.41,13.44,13.03,13.14,133464
2016-11-22,13.14,13.4,13.14,13.27,90509
2016-11-23,13.3,13.4,13.0,13.27,151732
2016-11-24,13.27,13.27,13.03,13.18,68986
2016-11-25,13.18,13.21,12.6,12.9,127059
2016-11-28,12.9,13.47,12.8,13.39,161891
2016-11-29,13.43,13.65,13.2,13.26,163994
2016-11-30,13.26,13.34,13.0,13.14,75220
2016-12-01,13.14,13.41,13.08,13.38,65499
2016-12-02,13.4,13.45,13.13,13.13,64598
2016-12-05,12.9,13.29,12.8,13.23,50456
2016-12-06,13.23,13.27,13.07,13.19,51691
2016-12-07,13.19,13.26,12.99,13.25,68177
2016-12-08,13.18,13.64,13.11,13.35,107519
2016-12-09,13.28,13.57,13.28,13.53,120898
2016-12-12,13.47,13.63,12.5,12.6,152002
2016-12-13,12.5,13.18,12.4,13.0,101599
2016-12-14,13.09,13.1,12.71,12.74,57671
2016-12-15,12.73,13.1,12.73,12.85,80334
2016-12-16,12.81,13.68,12.81,13.38,148352
2016-12-19,13.35,13.53,13.16,13.3,98095
2016-12-20,13.35,13.65,13.28,13.6,145895
2016-12-21,13.56,13.56,13.21,13.45,124041
2016-12-22,13.41,13.58,13.26,13.32,69226
2016-12-23,13.29,13.4,13.06,13.09,75297
2016-12-26,13.15,13.28,13.04,13.23,38730
2016-12-27,13.23,13.23,12.52,12.72,163521
2016-12-28,12.66,12.66,12.01,12.15,176608
2016-12-29,12.15,12.15,12.15,12.15,0
2016-12-30,12.3,13.36,12.23,12.69,191074
2017-01-03,12.68,12.86,12.3,12.56,108442
2017-01-04,12.51,12.57,12.37,12.56,74587
2017-01-05,12.45,12.64,12.38,12.41,71730
2017-01-06,12.42,12.49,12.18,12.3,62382
2017-01-09,12.44,12.79,12.43,12.65,99879
2017-01-10,12.69,12.8,12.53,12.64,67155
2017-01-11,12.63,12.64,12.32,12.43,46897
2017-01-12,12.41,12.52,12.2,12.2,39221
2017-01-13,12.2,12.52,12.04,12.21,50207
2017-01-16,12.28,12.29,11.01,12.13,96395
2017-01-17,12.13,12.29,11.67,11.99,85322
2017-01-18,11.99,11.99,11.02,11.35,101430
2017-01-19,11.38,11.38,10.31,10.8,197281
2017-01-20,10.68,11.05,10.57,10.88,96969
2017-01-23,10.85,11.22,10.85,10.93,71935
2017-01-24,11.0,11.02,10.86,10.95,30756
2017-01-25,10.95,10.95,10.6,10.79,59770
2017-01-26,10.85,10.96,10.6,10.86,35881
2017-02-03,10.85,11.06,10.77,10.98,33227
2017-02-06,10.98,11.18,10.95,11.18,41364
2017-02-07,11.2,12.3,11.18,12.3,174430
2017-02-08,12.27,13.53,12.15,13.53,393333
2017-02-09,13.9,14.51,13.3,13.96,794088
2017-02-10,13.5,14.1,13.4,13.74,306398
2017-02-13,13.6,14.18,13.51,13.85,295945
2017-02-14,13.6,13.89,13.29,13.88,247646
2017-02-15,13.73,14.3,13.63,14.18,351116
2017-02-16,14.11,14.29,13.83,13.98,285569
2017-02-17,13.9,14.47,13.88,14.02,320810
2017-02-20,13.88,14.14,13.33,13.68,224233
2017-02-21,13.58,13.83,12.98,13.15,346232
2017-02-22,13.15,13.35,12.81,13.32,218470
2017-02-23,13.32,13.32,12.9,12.97,140153
2017-02-24,12.96,13.19,12.87,13.02,101623
2017-02-27,13.03,13.47,13.03,13.15,173909
2017-02-28,13.03,13.25,13.0,13.11,104302
2017-03-01,13.18,13.23,12.98,13.13,104175
2017-03-02,13.09,13.24,13.05,13.08,87823
2017-03-03,13.2,13.73,13.09,13.62,222276
2017-03-06,13.63,13.89,13.42,13.75,143961
2017-03-07,13.61,13.79,13.5,13.55,97416
2017-03-08,13.55,13.63,13.12,13.27,118901
2017-03-09,13.37,13.75,13.3,13.69,161032
2017-03-10,13.7,13.7,13.47,13.59,97595
2017-03-13,13.5,13.6,13.33,13.52,80304
2017-03-14,13.53,13.82,13.5,13.56,134066
2017-03-15,13.45,13.67,13.36,13.63,93646
2017-03-16,13.6,13.79,13.54,13.68,115767
2017-03-17,13.68,13.73,13.51,13.61,98267
2017-03-20,13.63,13.68,13.44,13.53,94543
2017-03-21,13.53,13.53,12.94,13.2,196296
2017-03-22,13.1,13.26,13.01,13.2,69258
2017-03-23,13.2,13.28,13.03,13.16,68497
2017-03-24,13.18,13.18,12.58,12.6,147055
2017-03-27,12.2,12.72,11.61,12.41,186742
2017-03-28,12.17,12.27,11.98,11.99,108561
2017-03-29,12.4,12.6,12.15,12.28,120133
2017-03-30,12.1,12.4,11.91,12.04,87374
2017-03-31,12.01,12.25,11.6,12.2,70688
2017-04-05,12.19,12.5,12.15,12.43,85132
2017-04-06,12.49,12.65,12.32,12.48,77513
2017-04-07,12.57,12.57,12.28,12.43,68779
2017-04-10,12.28,12.5,12.16,12.25,81193
2017-04-11,12.23,12.24,11.48,11.61,208771
2017-04-12,11.55,11.59,10.96,11.11,159572
2017-04-13,11.18,11.18,11.01,11.15,57976
2017-04-14,11.16,11.2,10.58,10.88,111432
2017-04-17,10.88,11.97,10.88,11.97,333437
2017-04-18,12.14,12.48,11.99,12.06,313331
2017-04-19,12.16,12.17,11.27,11.7,167185
2017-04-20,11.61,11.76,11.08,11.2,114493
2017-04-21,11.25,12.15,11.25,11.7,138643
2017-04-24,11.7,11.79,11.13,11.34,89812
2017-04-25,11.34,11.35,11.0,11.12,84655
2017-04-26,11.18,11.24,11.03,11.14,52454
2017-04-27,11.14,11.56,10.91,11.23,97332
2017-04-28,11.23,11.67,11.2,11.61,109446
2017-05-02,11.65,11.95,11.46,11.89,100042
2017-05-03,11.81,11.99,11.66,11.82,56229
2017-05-04,11.84,11.98,11.66,11.81,66264
2017-05-05,11.81,11.92,11.4,11.48,58727
2017-05-08,11.48,11.48,10.98,11.14,51761
2017-05-09,11.13,11.35,11.01,11.24,38488
2017-05-10,11.24,11.31,11.0,11.14,37910
2017-05-11,11.15,11.15,10.6,10.86,78018
2017-05-12,11.18,11.87,11.14,11.43,130646
2017-05-15,11.65,11.68,11.31,11.43,46657
2017-05-16,11.25,11.74,11.25,11.73,63559
2017-05-17,11.76,11.96,11.66,11.71,40880
2017-05-18,11.71,11.71,11.41,11.56,54459
2017-05-19,11.5,11.63,11.41,11.43,30069
2017-05-22,11.45,11.51,11.01,11.25,48229
2017-05-23,11.05,11.28,10.9,10.95,44736
2017-05-24,10.95,10.95,10.51,10.86,45886
2017-05-25,10.87,10.99,10.68,10.89,35526
2017-05-26,10.89,10.96,10.8,10.89,26552
2017-05-31,11.0,11.11,10.74,10.86,25141
2017-06-01,10.76,10.92,10.6,10.73,35130
2017-06-02,10.71,10.77,10.51,10.73,23050
2017-06-05,10.74,10.93,10.74,10.81,25771
2017-06-06,10.82,10.85,10.73,10.78,15919
2017-06-07,10.81,10.98,10.77,10.98,44606
2017-06-08,10.98,11.07,10.9,10.93,35842
2017-06-09,10.95,11.04,10.88,11.04,30055
2017-06-12,11.04,11.04,11.04,11.04,0
2017-06-13,11.04,11.04,11.04,11.04,0
2017-06-14,11.04,11.04,11.04,11.04,0
2017-06-15,12.1,12.1,11.04,11.26,222763
2017-06-16,10.88,11.08,10.76,10.98,122149
2017-06-19,10.95,11.1,10.78,10.84,62996
2017-06-20,10.85,10.86,10.66,10.73,51818
2017-06-21,10.74,10.84,10.66,10.77,44569
2017-06-22,10.78,10.78,10.45,10.55,86252
2017-06-23,10.43,10.53,10.21,10.28,54010
2017-06-26,10.29,10.29,9.88,10.07,82533
2017-06-27,10.08,10.95,10.08,10.86,150500
2017-06-28,10.71,10.78,10.33,10.39,88223
2017-06-29,10.34,10.44,10.23,10.29,51941
2017-06-30,10.3,10.55,10.23,10.26,58761
2017-07-03,10.26,10.41,10.26,10.34,36774
2017-07-04,10.36,10.36,10.23,10.27,36941
2017-07-05,10.32,10.39,10.26,10.38,41530
2017-07-06,10.85,11.33,10.7,10.71,227222
2017-07-07,10.51,10.67,10.48,10.56,107593
2017-07-10,10.55,10.65,10.52,10.58,63049
2017-07-11,10.51,10.6,10.26,10.28,66197
2017-07-12,10.25,10.86,10.2,10.52,86245
2017-07-13,10.38,10.54,10.3,10.42,64177
2017-07-14,10.36,10.62,10.32,10.51,72663
2017-07-17,10.0,10.2,9.5,9.61,123521
2017-07-18,9.89,9.99,9.65,9.82,59168
2017-07-19,9.88,10.66,9.75,10.31,121379
2017-07-20,10.26,10.61,10.16,10.49,123783
2017-07-21,10.34,10.46,10.16,10.31,83068
2017-07-24,10.27,10.48,10.2,10.42,70739
2017-07-25,10.4,10.76,10.39,10.6,98235
2017-07-26,10.65,11.17,10.45,11.05,236745
2017-07-27,10.95,11.26,10.87,10.93,176511
2017-07-28,10.85,11.15,10.85,10.98,126091
2017-07-31,10.98,11.58,10.98,11.46,199983
2017-08-01,11.66,11.72,11.1,11.26,200458
2017-08-02,11.07,11.29,10.99,11.02,115459
2017-08-03,10.98,11.2,10.83,11.15,102582
2017-08-04,11.16,11.29,11.03,11.22,110995
2017-08-07,11.22,11.22,10.96,11.0,63048
2017-08-08,10.92,11.13,10.9,10.93,51820
2017-08-09,10.87,11.0,10.81,10.96,48843
2017-08-10,10.99,11.04,10.83,10.91,45535
2017-08-11,10.85,10.91,10.5,10.72,67268
2017-08-14,10.72,11.19,10.6,11.18,101195
2017-08-15,11.28,12.3,11.2,12.3,455930
2017-08-16,12.45,12.48,11.85,12.07,418980
2017-08-17,12.0,12.68,11.76,12.33,341118
2017-08-18,12.02,12.5,11.98,12.29,243559
2017-08-21,12.07,12.25,11.96,12.07,162075
2017-08-22,12.04,12.21,11.91,12.03,100223
2017-08-23,11.96,12.09,11.48,11.54,129254
2017-08-24,11.63,11.77,11.48,11.56,82034
2017-08-25,11.56,11.76,11.51,11.72,77844
2017-08-28,11.72,11.93,11.63,11.75,85502
2017-08-29,11.77,11.98,11.66,11.82,90379
2017-08-30,11.86,11.93,11.73,11.87,84855
2017-08-31,11.89,12.13,11.81,11.99,87046
2017-09-01,12.0,12.0,11.75,11.78,94056
2017-09-04,11.69,11.88,11.44,11.57,91664
2017-09-05,11.56,11.69,11.35,11.67,82768
2017-09-06,11.65,11.67,11.49,11.67,51842
2017-09-07,11.69,11.75,11.56,11.65,56653
2017-09-08,11.66,11.66,11.38,11.5,73551
2017-09-11,11.6,12.3,11.46,11.93,125432
2017-09-12,12.21,12.42,11.9,11.99,227333
2017-09-13,11.81,11.95,11.71,11.78,88106
2017-09-14,11.75,11.83,11.49,11.56,82670
2017-09-15,11.56,11.63,11.21,11.23,100886
2017-09-18,11.25,11.42,11.23,11.31,50540
2017-09-19,11.4,11.67,11.4,11.52,78788
2017-09-20,11.51,11.71,11.46,11.47,50140
2017-09-21,11.44,11.6,11.23,11.25,63987
2017-09-22,11.27,11.34,11.13,11.29,37536
2017-09-25,11.33,11.53,11.15,11.17,64066
2017-09-26,11.16,11.39,11.04,11.09,49630
2017-09-27,11.1,11.27,11.0,11.18,52261
2017-09-28,11.16,11.22,11.03,11.18,37792
2017-09-29,11.18,11.56,11.14,11.55,81816
2017-10-09,12.19,12.4,11.87,12.11,290714
2017-10-10,12.19,12.33,11.88,11.9,270796
2017-10-11,11.77,12.12,11.62,12.06,196512
2017-10-12,11.94,12.03,11.85,11.85,92074
2017-10-13,11.84,12.04,11.76,11.8,90597
2017-10-16,11.85,11.97,11.56,11.6,82156
2017-10-17,11.69,11.7,11.46,11.61,48722
2017-10-18,11.59,11.64,11.33,11.49,55888
2017-10-19,11.49,11.58,11.31,11.41,55686
2017-10-20,11.41,11.6,11.31,11.6,45147
2017-10-23,11.53,11.65,11.47,11.58,41636
2017-10-24,11.57,11.6,11.34,11.41,49522
2017-10-25,11.44,11.57,11.36,11.49,34581
2017-10-26,11.48,11.54,11.31,11.44,68342
2017-10-27,11.34,11.45,11.3,11.34,46408
2017-10-30,11.37,11.37,10.92,11.1,59890
2017-10-31,11.08,11.25,11.02,11.2,36145
2017-11-01,11.19,11.34,11.13,11.25,32668
2017-11-02,11.26,11.28,11.15,11.24,31070
2017-11-03,11.25,11.26,11.11,11.23,42868
2017-11-06,11.18,11.29,11.11,11.23,27752
2017-11-07,11.2,11.25,11.1,11.16,37260
2017-11-08,11.2,11.31,11.16,11.21,45486
2017-11-09,11.21,11.55,11.16,11.54,117980
2017-11-10,11.55,11.78,11.45,11.6,110444
2017-11-13,11.65,11.75,11.51,11.6,61437
2017-11-14,11.6,11.72,11.35,11.46,52606
2017-11-15,11.4,11.45,11.11,11.26,58919
2017-11-16,11.29,11.56,11.15,11.52,76863
2017-11-17,11.5,11.7,11.39,11.68,98434
2017-11-20,11.6,11.81,11.55,11.7,69359
2017-11-21,11.78,11.78,11.5,11.63,59161
2017-11-22,11.59,11.66,11.42,11.64,45392
2017-11-23,11.62,11.81,11.47,11.66,90862
2017-11-24,11.53,11.82,11.5,11.79,71219
2017-11-27,11.81,11.87,11.18,11.42,79437
2017-11-28,11.43,11.6,11.36,11.51,42554
2017-11-29,11.46,11.54,11.35,11.47,41563
2017-11-30,11.51,11.53,11.36,11.38,32502
2017-12-01,11.38,11.47,11.36,11.41,29795
2017-12-04,11.48,11.48,11.3,11.41,31706
2017-12-05,11.37,11.69,11.35,11.55,88207
2017-12-06,11.54,11.71,11.41,11.71,76412
2017-12-07,11.85,11.85,11.65,11.75,57975
2017-12-08,11.68,11.9,11.64,11.87,91830
2017-12-11,11.9,11.95,11.78,11.91,74704
2017-12-12,11.87,11.89,11.69,11.81,63219
2017-12-13,11.78,12.12,11.72,12.06,83930
2017-12-14,12.1,12.3,11.97,12.21,109237
2017-12-15,12.21,12.28,12.08,12.21,82640
2017-12-18,12.13,12.24,11.93,12.08,65724
2017-12-19,12.05,12.13,11.98,12.06,41333
2017-12-20,12.06,12.3,11.4,12.19,93123
2017-12-21,12.19,12.29,12.11,12.15,57677
2017-12-22,12.16,12.23,11.9,12.08,60805
2017-12-25,12.18,12.18,11.83,11.94,47480
2017-12-26,11.86,12.0,11.86,11.98,41630
2017-12-27,11.95,12.4,11.91,12.36,117028
2017-12-28,12.35,12.51,12.2,12.45,94418
2017-12-29,12.41,12.98,12.41,12.98,165249
2018-01-02,13.05,13.5,12.9,13.24,241985
2018-01-03,13.24,13.3,13.0,13.02,138278
2018-01-04,13.15,13.23,13.01,13.17,84287
2018-01-05,13.12,13.25,12.86,12.95,107854
2018-01-08,12.97,13.22,12.97,13.17,97383
2018-01-09,13.08,13.18,12.95,13.15,77652
2018-01-10,13.07,13.48,13.0,13.24,123180
2018-01-11,13.19,13.3,13.08,13.19,49802
2018-01-12,13.08,13.28,13.0,13.2,70538
2018-01-15,13.07,13.28,12.81,12.93,62243
2018-01-16,12.92,13.1,12.85,12.96,59733
2018-01-17,12.97,13.15,12.77,12.94,45276
2018-01-18,13.22,13.22,12.83,12.87,58865
2018-01-19,12.86,12.96,12.57,12.57,64715
2018-01-22,12.57,12.77,12.3,12.58,59454
2018-01-23,12.68,12.68,12.41,12.49,29906
2018-01-24,12.53,12.55,12.27,12.35,49458
2018-01-25,12.35,12.6,12.33,12.57,59295
2018-01-26,12.7,12.85,12.42,12.52,75937
2018-01-29,12.5,12.6,12.2,12.27,45266
2018-01-30,12.7,12.71,12.38,12.47,82010
2018-01-31,12.3,12.58,12.25,12.54,59727
2018-02-01,12.54,12.6,12.31,12.37,56192
2018-02-02,12.13,12.13,11.13,11.92,94094
2018-02-05,11.92,12.08,11.78,11.92,59647
2018-02-06,11.6,11.92,11.15,11.39,73569
2018-02-07,11.59,11.59,10.67,11.16,63749
2018-02-08,11.13,11.22,10.92,11.2,30850
2018-02-09,10.85,11.0,10.6,10.81,55790
2018-02-12,10.94,11.19,10.85,11.15,31615
2018-02-13,11.15,11.37,11.12,11.31,42605
2018-02-14,11.31,11.49,11.23,11.48,23930
2018-02-22,11.59,11.75,11.52,11.66,32989
2018-02-23,11.66,12.3,11.57,12.01,60063
2018-02-26,12.1,12.8,11.93,12.75,109593
2018-02-27,12.4,12.59,12.28,12.49,108658
2018-02-28,12.41,12.6,12.4,12.42,68097
2018-03-01,12.39,12.55,12.28,12.47,52433
2018-03-02,12.32,12.45,12.18,12.25,50703
2018-03-05,12.3,12.55,12.23,12.44,58902
2018-03-06,12.4,12.53,12.36,12.5,41681
2018-03-07,12.62,12.75,12.4,12.43,68834
2018-03-08,12.35,12.43,12.2,12.32,51637
2018-03-09,12.3,12.35,12.06,12.3,69431
2018-03-12,12.3,12.59,12.28,12.54,78835
2018-03-13,12.54,12.67,12.41,12.46,71065
2018-03-14,12.46,12.55,12.4,12.5,46699
2018-03-15,12.46,12.6,12.2,12.6,69205
2018-03-16,12.58,12.8,12.53,12.65,88545
2018-03-19,12.63,12.67,12.48,12.65,45556
2018-03-20,12.51,12.66,12.49,12.6,43762
2018-03-21,12.58,12.69,12.47,12.56,67417
2018-03-22,12.57,12.64,12.38,12.47,56666
2018-03-23,11.99,12.32,11.24,11.7,130390
2018-03-26,11.69,12.04,11.45,12.04,52375
2018-03-27,12.12,12.38,12.12,12.29,55255
2018-03-28,12.13,12.58,12.1,12.43,60103
2018-03-29,12.3,12.68,12.3,12.6,51181
2018-03-30,12.6,12.85,12.58,12.74,75951
2018-04-02,12.6,12.81,12.54,12.81,83762
2018-04-03,12.71,13.34,12.61,12.93,153100
2018-04-04,12.94,13.18,12.81,12.97,98993
2018-04-09,12.96,13.55,12.9,13.45,188529
2018-04-10,13.36,13.45,12.7,13.09,116590
2018-04-11,13.09,13.17,13.01,13.14,71866
2018-04-12,13.14,13.14,12.93,12.99,62109
2018-04-13,12.97,13.17,12.92,12.92,64031
2018-04-16,12.85,13.05,12.82,12.88,70609
2018-04-17,12.8,13.33,12.65,12.93,135978
2018-04-18,13.1,13.11,12.43,13.0,110955
2018-04-19,12.93,13.2,12.9,12.99,100599
2018-04-20,13.0,13.0,12.53,12.6,85804
2018-04-23,12.98,13.84,12.81,13.2,334338
2018-04-24,13.23,13.67,13.02,13.49,315797
2018-04-25,13.46,14.47,13.46,14.09,349542
2018-04-26,13.95,14.4,13.95,14.12,270207
2018-04-27,14.33,14.35,13.81,13.95,178565
2018-05-02,14.0,14.27,13.85,14.1,165450
2018-05-03,14.02,14.15,13.61,14.03,163874
2018-05-04,14.16,14.45,14.01,14.07,144150
2018-05-07,14.23,14.23,13.91,14.13,131318
2018-05-08,14.14,15.07,14.14,14.91,295332
2018-05-09,14.78,14.84,14.45,14.52,192880
2018-05-10,14.47,14.67,14.26,14.5,132709
2018-05-11,14.6,14.6,13.96,14.06,164671
2018-05-14,14.06,14.16,13.79,13.85,92221
2018-05-15,13.85,14.17,13.85,14.14,92769
2018-05-16,14.01,14.22,13.97,13.97,75411
2018-05-17,13.95,14.35,13.95,14.14,97748
2018-05-18,14.05,14.14,13.89,14.0,79910
2018-05-21,14.02,14.25,13.91,14.16,96884
2018-05-22,14.16,14.16,13.85,14.04,96142
2018-05-23,13.98,13.98,13.78,13.83,80006
2018-05-24,13.85,13.85,13.42,13.53,97522
2018-05-25,13.55,13.69,13.2,13.27,81396
2018-05-28,13.29,13.4,13.1,13.23,73733
2018-05-29,13.23,13.27,13.12,13.15,45977
2018-05-30,13.0,13.04,12.53,12.53,83744
2018-05-31,12.67,12.78,12.46,12.74,62565
2018-06-01,12.64,12.78,12.46,12.51,49283
2018-06-06,12.99,13.14,12.9,13.14,73606
2018-06-07,13.2,13.25,13.0,13.03,62811
2018-06-08,12.91,13.02,12.8,12.89,51872
2018-06-11,12.78,12.84,12.55,12.64,41041
2018-06-12,12.55,12.85,12.44,12.81,47636
2018-06-13,12.76,12.83,12.57,12.58,42430
2018-06-14,12.43,12.69,12.43,12.58,27079
2018-06-15,12.77,12.82,12.23,12.65,68376
2018-06-19,12.37,12.38,11.39,11.39,121123
2018-06-20,11.32,11.64,11.1,11.47,69556
2018-06-21,11.42,11.56,11.01,11.45,84456
2018-06-22,11.31,11.6,11.2,11.53,59040
2018-06-25,11.68,11.73,11.33,11.35,46790
2018-06-26,11.29,11.56,11.03,11.5,74066
2018-06-27,11.44,11.57,11.27,11.33,41271
2018-06-28,11.2,11.46,11.12,11.12,39662
2018-06-29,11.21,11.66,11.21,11.63,73593
2018-07-02,12.1,12.63,11.76,11.98,190965
2018-07-03,11.94,12.35,11.94,12.31,133450
2018-07-04,12.31,12.47,11.93,12.02,94046
2018-07-05,11.94,12.12,11.65,11.75,95470
2018-07-06,11.75,12.25,11.7,12.2,106975
2018-07-09,12.39,12.64,12.1,12.62,154905
2018-07-10,13.06,13.06,12.54,12.64,331825
2018-07-11,12.28,12.6,12.0,12.38,157333
2018-07-12,12.32,12.72,12.31,12.62,155417
2018-07-13,12.7,12.87,12.57,12.64,113123
2018-07-16,12.65,12.75,12.52,12.69,78752
2018-07-17,12.75,12.75,12.46,12.58,75764
2018-07-18,12.58,12.67,11.92,12.0,221998
2018-07-19,12.01,12.17,11.9,12.05,81234
2018-07-20,12.03,12.15,11.8,12.1,74641
2018-07-23,12.11,12.41,12.02,12.34,88044
2018-07-24,12.31,12.42,12.28,12.39,86759
2018-07-25,12.41,12.62,12.35,12.49,86573
2018-07-26,12.38,12.42,12.1,12.13,79039
2018-07-27,12.09,12.22,11.93,11.95,53891
2018-07-30,11.89,12.01,11.59,11.66,56516
2018-07-31,11.73,11.77,11.61,11.77,36311
2018-08-01,11.86,11.89,11.6,11.63,41683
2018-08-02,11.48,11.48,10.47,10.7,162465
2018-08-03,10.55,10.86,9.98,10.75,112370
2018-08-06,10.52,10.8,10.25,10.62,87104
2018-08-07,10.7,11.09,10.5,10.99,101853
2018-08-08,10.99,11.04,10.64,10.64,54136
2018-08-09,10.64,11.0,10.64,10.87,58575
2018-08-10,10.86,11.03,10.81,11.0,55243
2018-08-13,10.89,11.05,10.71,11.04,48809
2018-08-14,11.08,11.1,10.91,10.95,37515
2018-08-15,10.93,11.02,10.78,10.78,38561
2018-08-16,10.62,10.85,10.62,10.76,40466
2018-08-17,10.81,10.9,10.33,10.59,68187
2018-08-20,10.5,10.52,10.04,10.39,56943
2018-08-21,10.4,10.53,10.3,10.44,38206
2018-08-22,10.48,10.48,10.2,10.28,34995
2018-08-23,10.3,10.37,10.2,10.29,26331
2018-08-24,10.29,10.33,10.13,10.3,31856
2018-08-27,10.34,10.55,10.26,10.52,55764
2018-08-28,10.5,10.57,10.45,10.53,32617
2018-08-29,10.53,10.53,10.31,10.43,31099
2018-08-30,10.47,10.47,10.24,10.26,27249
2018-08-31,10.26,10.28,10.06,10.26,30100
2018-09-03,10.26,10.28,10.06,10.25,25393
2018-09-04,10.25,10.33,10.16,10.3,25570
2018-09-05,10.4,10.54,10.28,10.29,50381
2018-09-06,10.25,10.38,10.19,10.22,27988
2018-09-07,10.2,10.34,10.16,10.2,25835
2018-09-10,10.2,10.26,9.98,10.08,37669
2018-09-11,10.06,10.12,9.92,10.05,27759
2018-09-12,10.06,10.1,9.98,10.05,20709
2018-09-13,10.15,10.22,10.01,10.1,28206
2018-09-14,10.13,10.18,10.02,10.1,22518
2018-09-17,10.08,10.11,9.98,10.1,28067
2018-09-18,10.44,10.6,10.16,10.3,69060
2018-09-19,10.22,10.52,10.16,10.45,58504
2018-09-20,10.55,10.63,10.42,10.49,52660
2018-09-21,10.49,10.63,10.4,10.58,47234
2018-09-25,10.5,10.55,10.42,10.44,30406
2018-09-26,10.44,10.58,10.43,10.47,33950
2018-09-27,10.5,10.53,10.41,10.5,33261
2018-09-28,10.49,10.83,10.46,10.83,74500
2018-10-08,10.65,10.7,10.53,10.59,58620
2018-10-09,10.58,10.75,10.46,10.57,38955
2018-10-10,10.6,10.6,10.26,10.42,64423
2018-10-11,10.0,10.29,9.38,9.38,130613
2018-10-12,9.35,9.47,8.44,9.23,225646
2018-10-15,9.3,9.45,8.88,9.02,101827
2018-10-16,9.03,9.08,8.77,8.91,66222
2018-10-17,8.97,9.17,8.82,9.07,61136
2018-10-18,9.2,9.21,8.92,9.05,78406
2018-10-19,8.98,9.06,8.8,9.05,81734
2018-10-22,9.08,9.55,9.06,9.2,184220
2018-10-23,9.1,9.24,8.76,8.82,107619
2018-10-24,8.69,8.73,8.2,8.68,123180
2018-10-25,8.28,8.77,8.22,8.74,73976
2018-10-26,8.78,8.8,8.5,8.77,74436
2018-10-29,8.62,8.71,8.58,8.62,24097
2018-10-30,8.58,8.75,8.49,8.75,65735
2018-10-31,8.88,9.07,8.7,9.04,83168
2018-11-01,9.19,9.21,8.94,8.95,109348
2018-11-02,9.07,9.16,8.94,9.14,142109
2018-11-05,9.06,9.08,8.93,9.03,111144
2018-11-06,9.02,9.02,8.88,8.96,39141
2018-11-07,8.95,9.01,8.9,8.95,54460
2018-11-08,8.97,9.01,8.74,8.88,59577
2018-11-09,8.74,8.98,8.71,8.94,48175
2018-11-12,8.9,9.03,8.81,9.0,92404
2018-11-13,8.88,9.06,8.81,8.99,90782
2018-11-14,9.0,9.37,8.97,9.33,189526
2018-11-15,9.26,9.48,9.21,9.39,107671
2018-11-16,9.37,9.65,9.28,9.49,118249
2018-11-19,9.52,9.76,9.51,9.74,124182
2018-11-20,9.65,9.92,9.57,9.72,130637
2018-11-21,9.58,10.23,9.42,10.02,176713
2018-11-22,9.82,10.17,9.8,9.96,96314
2018-11-23,9.84,9.97,9.64,9.7,109991
2018-11-26,9.75,9.78,9.5,9.62,56845
2018-11-27,9.66,9.69,9.54,9.59,34514
2018-11-28,9.9,9.99,9.71,9.84,115719
2018-11-29,9.81,9.88,9.5,9.54,96562
2018-11-30,9.46,9.76,9.42,9.71,58575
2018-12-03,9.95,9.99,9.74,9.89,93174
2018-12-04,9.88,9.97,9.78,9.9,39741
2018-12-05,9.7,9.95,9.66,9.9,59388
2018-12-06,9.89,10.22,9.82,9.95,110346
2018-12-07,9.92,10.23,9.92,10.17,106289
2018-12-10,10.1,10.18,10.02,10.1,65192
2018-12-11,10.16,10.16,9.91,10.04,61960
2018-12-12,10.06,10.1,9.91,9.93,52321
2018-12-13,9.91,10.08,9.89,9.95,49734
2018-12-14,9.95,9.98,9.66,9.77,80024
2018-12-17,9.71,9.79,9.62,9.69,45004
2018-12-18,9.65,9.73,9.59,9.61,37499
2018-12-19,9.69,9.69,9.36,9.5,56302
2018-12-20,9.45,9.59,9.37,9.45,36199
2018-12-21,9.43,9.43,8.95,9.06,69870
2018-12-24,9.06,9.14,9.02,9.12,26880
2018-12-25,8.99,9.12,8.8,9.06,45628
2018-12-26,9.05,9.14,9.0,9.06,27833
2018-12-27,9.16,9.34,9.12,9.15,81628
2018-12-28,9.15,9.25,9.09,9.23,46851
2019-01-02,9.21,9.21,8.88,9.02,51058
2019-01-03,9.07,9.27,8.9,9.14,53352
2019-01-04,9.05,9.28,8.76,9.26,65856
2019-01-07,9.35,9.46,9.26,9.39,62066
2019-01-08,9.35,9.39,9.23,9.29,38757
2019-01-09,9.28,9.53,9.27,9.39,75406
2019-01-10,9.38,9.44,9.28,9.28,40432
2019-01-11,9.32,9.53,9.24,9.5,71546
2019-01-14,9.5,9.5,9.29,9.37,39617
2019-01-15,9.34,9.45,9.29,9.43,40238
2019-01-16,9.44,9.44,9.28,9.33,44431
2019-01-17,9.31,9.31,8.99,9.01,74218
2019-01-18,9.01,9.15,8.94,9.08,42251
2019-01-21,9.07,9.27,9.05,9.2,37555
2019-01-22,9.19,9.25,9.09,9.15,34042
2019-01-23,9.13,9.21,9.06,9.16,24431
2019-01-24,9.23,9.28,9.13,9.21,42081
2019-01-25,9.27,9.29,9.05,9.18,44918
2019-01-28,9.18,9.19,9.0,9.02,43323
2019-01-29,8.93,9.0,8.64,8.82,47938
2019-01-30,8.82,8.86,8.7,8.8,20573
2019-01-31,8.81,8.89,8.68,8.72,33067
2019-02-01,8.79,9.08,8.74,9.06,36591
2019-02-11,9.06,9.2,9.05,9.2,34445
2019-02-12,9.22,9.3,9.15,9.23,59892
2019-02-13,9.22,9.4,9.21,9.35,77151
2019-02-14,9.39,9.42,9.3,9.32,53483
2019-02-15,9.29,9.36,9.22,9.23,61203
2019-02-18,9.29,9.6,9.27,9.58,104052
2019-02-19,9.58,9.68,9.45,9.6,98551
2019-02-20,9.72,9.72,9.51,9.64,73405
2019-02-21,9.62,9.98,9.6,9.64,143310
2019-02-22,9.61,9.93,9.61,9.82,105246
2019-02-25,9.86,10.32,9.86,10.23,205251
2019-02-26,10.24,10.45,10.1,10.25,174431
2019-02-27,10.31,10.33,10.08,10.23,116135
2019-02-28,10.2,10.28,10.04,10.17,78123
2019-03-01,10.2,10.22,10.05,10.16,64471
2019-03-04,10.22,11.18,10.22,10.92,296081
2019-03-05,10.99,11.53,10.93,11.2,284712
2019-03-06,11.15,11.48,11.06,11.31,233963
2019-03-07,11.2,12.44,11.17,12.03,351063
2019-03-08,11.79,13.22,11.58,12.69,425112
2019-03-11,13.78,13.96,13.41,13.96,754770
2019-03-12,13.8,14.11,13.0,13.7,580997
2019-03-13,13.4,13.47,12.33,12.69,489668
2019-03-14,12.4,13.09,12.02,13.08,353039
2019-03-15,12.9,13.15,12.68,12.87,245669
2019-03-18,12.7,13.32,12.7,13.14,187158
2019-03-19,13.1,13.15,12.88,13.04,140981
2019-03-20,13.0,13.05,12.31,12.59,226857
2019-03-21,12.47,12.83,12.45,12.6,164808
2019-03-22,12.69,12.82,12.36,12.7,153238
2019-03-25,12.51,13.18,12.45,12.84,212610
2019-03-26,12.85,13.0,12.21,12.5,204447
2019-03-27,12.49,12.53,12.05,12.14,117206
2019-03-28,12.05,12.36,11.65,11.72,227211
2019-03-29,12.1,12.33,11.76,12.26,191870
2019-04-01,12.3,12.7,12.23,12.63,223241
2019-04-02,12.69,12.76,12.46,12.57,179093
2019-04-03,12.46,13.42,12.45,13.08,292016
2019-04-04,13.16,13.25,12.77,13.13,256301
2019-04-08,13.52,14.44,13.15,14.21,550592
2019-04-09,13.9,14.05,13.45,13.94,348075
2019-04-10,13.66,13.96,13.61,13.63,167254
2019-04-11,13.5,13.7,13.05,13.3,170065
2019-04-12,13.25,13.35,12.9,12.98,122707
2019-04-15,13.25,13.33,12.74,12.76,118072
2019-04-16,12.5,12.85,12.11,12.65,177224
2019-04-17,12.65,12.76,12.47,12.59,121117
2019-04-18,12.52,12.86,12.39,12.58,118441
2019-04-19,12.56,12.88,12.5,12.75,122944
2019-04-22,12.81,12.84,12.31,12.35,122230
2019-04-23,12.28,12.62,12.26,12.37,96168
2019-04-24,12.4,12.67,12.3,12.62,103781
2019-04-25,12.62,13.45,12.57,12.82,312394
2019-04-26,12.6,13.25,12.57,12.93,164549
2019-04-29,12.66,12.67,11.64,11.64,274071
2019-04-30,11.32,11.87,11.1,11.48,123022
2019-05-06,10.8,10.99,10.33,10.33,120746
2019-05-07,10.32,10.8,10.09,10.63,140723
2019-05-08,10.42,11.48,10.3,11.29,160850
2019-05-09,11.1,11.39,10.91,11.09,119950
2019-05-10,11.3,12.03,11.22,11.93,188936
2019-05-13,11.79,11.99,11.63,11.74,92305
2019-05-14,11.54,11.69,11.37,11.5,104303
2019-05-15,11.58,11.63,11.35,11.4,103765
2019-05-16,11.47,11.5,11.1,11.4,104493
2019-05-17,11.35,11.76,10.7,10.79,163167
2019-05-20,10.79,11.48,10.79,11.35,172281
2019-05-21,11.35,11.35,11.08,11.14,118434
2019-05-22,11.53,12.12,11.28,11.32,324193
2019-05-23,10.94,10.94,10.19,10.67,209900
2019-05-24,10.58,10.95,10.46,10.9,120807
2019-05-27,10.82,11.19,10.66,11.12,138291
2019-05-28,11.08,11.19,10.86,10.93,98507
2019-05-29,10.82,11.43,10.81,11.32,146334
2019-05-30,11.43,11.69,11.39,11.56,209731
2019-05-31,11.64,12.12,11.51,12.0,221960
2019-06-18,11.88,11.88,10.97,11.08,243138
2019-06-19,11.21,11.38,10.96,11.05,172037
2019-06-20,10.9,11.08,10.76,11.0,177284
2019-06-21,10.95,11.09,10.84,10.93,154465
2019-06-24,10.9,11.05,10.89,10.96,78451
2019-06-25,10.99,11.0,10.89,10.98,74395
2019-06-26,10.9,10.94,10.64,10.75,87142
2019-06-27,10.7,10.99,10.69,10.82,65814
2019-06-28,10.83,10.86,10.3,10.65,118584
2019-07-01,10.83,10.84,10.44,10.61,244653
2019-07-02,10.62,10.71,10.45,10.48,184068
2019-07-03,10.52,10.58,10.35,10.44,99028
2019-07-04,10.45,10.45,10.22,10.26,114550
2019-07-05,10.15,10.15,9.99,10.12,103765
2019-07-10,10.1,10.1,9.11,9.11,374213
2019-07-11,9.11,9.56,9.03,9.36,283521
2019-07-12,9.43,9.58,9.22,9.52,172489
2019-07-15,9.57,9.72,9.32,9.48,138866
2019-07-16,9.4,9.67,9.32,9.46,158614
2019-07-17,9.43,9.53,9.35,9.38,84592
2019-07-18,9.32,9.33,9.02,9.04,125416
2019-07-19,9.06,9.18,8.92,8.96,94549
2019-07-22,8.91,8.98,8.58,8.6,130185
2019-07-23,8.61,8.93,8.57,8.83,136898
2019-07-24,8.88,9.08,8.85,8.92,107303
2019-07-25,8.95,8.97,8.79,8.85,86806
2019-07-26,8.8,9.17,8.67,8.88,178304
2019-07-29,8.87,8.87,8.69,8.71,96985
2019-07-30,8.37,8.77,8.03,8.67,240285
2019-07-31,8.6,8.78,8.44,8.5,120706
2019-08-01,8.34,8.58,8.28,8.4,86387
2019-08-02,8.33,8.75,8.2,8.73,168162
2019-08-05,8.82,9.05,8.44,8.48,211169
2019-08-06,8.18,8.26,7.89,8.05,173258
2019-08-07,8.09,8.12,7.85,7.86,94589
2019-08-08,7.87,7.98,7.79,7.82,69525
2019-08-09,7.86,7.9,7.53,7.55,108959
2019-08-12,7.5,8.12,7.5,8.02,184177
2019-08-13,7.87,8.41,7.86,8.38,199465
2019-08-14,8.46,8.49,8.15,8.17,167035
2019-08-15,7.96,8.15,7.9,8.11,105218
2019-08-16,8.14,8.2,8.04,8.06,88108
2019-08-19,8.1,8.5,8.06,8.47,149085
2019-08-20,8.51,8.64,8.39,8.45,124406
2019-08-21,8.27,8.9,8.27,8.87,239631
2019-08-22,8.71,8.99,8.53,8.65,217059
2019-08-23,8.62,8.68,8.44,8.55,99380
2019-08-26,8.33,8.61,8.33,8.51,89248
2019-08-27,8.52,8.7,8.5,8.62,138307
2019-08-28,8.59,8.73,8.5,8.57,101563
2019-08-29,8.59,8.64,8.51,8.57,74082
2019-08-30,8.64,8.65,8.31,8.34,100128
2019-09-02,8.35,9.17,8.35,8.9,400183
2019-09-03,8.93,9.14,8.73,9.07,300880
2019-09-04,9.09,9.25,8.9,9.05,196460
2019-09-05,9.1,9.37,9.03,9.19,249426
2019-09-06,9.22,10.1,9.22,10.0,466366
2019-09-09,10.08,10.45,9.92,10.35,362935
2019-09-10,10.55,10.58,10.21,10.34,215870
2019-09-11,10.45,10.8,10.18,10.21,225564
2019-09-12,10.21,10.4,10.11,10.34,156257
2019-09-16,10.34,10.4,9.98,10.08,222379
2019-09-17,10.17,10.28,9.77,9.79,251225
2019-09-18,9.85,9.94,9.53,9.66,196499
2019-09-19,9.78,9.78,9.56,9.71,123492
2019-09-20,9.73,9.81,9.55,9.66,142264
2019-09-23,9.59,9.59,9.25,9.43,129543
2019-09-24,9.44,9.63,9.34,9.53,125482
2019-09-25,9.49,10.18,9.38,9.73,254352
2019-09-26,9.66,9.82,9.09,9.16,164308
2019-09-27,9.18,9.34,9.12,9.23,87595
2019-09-30,9.13,9.3,8.85,8.9,95615
2019-10-08,8.99,9.55,8.99,9.34,167162
2019-10-09,9.32,9.34,9.06,9.2,93302
2019-10-10,9.2,9.28,9.15,9.21,73056
2019-10-11,9.2,9.23,9.04,9.13,79642
2019-10-14,9.24,9.48,9.18,9.41,111815
2019-10-15,9.35,9.37,9.16,9.22,76832
2019-10-16,9.19,9.28,9.06,9.07,67681
2019-10-17,9.17,9.17,8.75,8.82,111542
2019-10-18,8.82,8.98,8.5,8.82,75758
2019-10-21,8.8,8.82,8.55,8.79,54276
2019-10-22,8.86,9.05,8.8,9.02,78505
2019-10-23,9.07,9.07,8.84,8.88,44693
2019-10-24,8.92,8.95,8.63,8.7,60051
2019-10-25,8.68,8.74,8.5,8.67,60774
2019-10-28,8.65,8.82,8.62,8.76,85776
2019-10-29,8.76,8.92,8.62,8.63,73298
2019-10-30,8.6,8.63,8.28,8.37,88742
2019-10-31,8.37,8.53,8.2,8.37,66371
2019-11-01,8.38,8.4,8.15,8.4,68532
2019-11-04,8.4,8.72,8.4,8.54,72927
2019-11-05,8.53,9.34,8.51,9.24,261754
2019-11-06,9.2,9.55,9.16,9.29,244387
2019-11-07,9.36,9.54,9.21,9.34,146286
2019-11-08,9.5,9.53,9.12,9.14,131563
2019-11-11,9.13,9.24,8.95,8.98,94027
2019-11-12,9.0,9.04,8.88,8.97,70248
2019-11-13,8.79,9.4,8.7,9.24,174949
2019-11-14,9.21,9.52,9.14,9.47,177185
2019-11-15,9.49,9.62,9.33,9.41,133844
2019-11-18,9.44,9.68,9.34,9.6,106740
2019-11-19,9.59,10.0,9.55,9.98,210574
2019-11-20,9.97,9.99,9.72,9.72,143952
2019-11-21,9.7,10.02,9.64,9.82,152874
2019-11-22,9.95,10.15,9.79,9.84,165508
2019-11-25,9.84,10.07,9.75,9.92,118199
2019-11-26,9.9,10.61,9.86,10.36,260633
2019-11-27,10.31,10.49,10.2,10.29,124118
2019-11-28,10.23,10.66,10.23,10.52,173466
2019-11-29,10.52,10.63,10.42,10.61,121871
2019-12-02,10.68,11.09,10.45,11.05,268713
2019-12-03,11.02,11.69,10.85,11.63,280756
2019-12-04,11.52,11.77,11.05,11.33,425327
2019-12-05,11.27,11.64,11.2,11.47,289432
2019-12-06,11.47,11.49,11.18,11.4,197541
2019-12-09,11.47,11.96,11.33,11.83,281720
2019-12-10,11.71,12.18,11.53,12.11,237375
2019-12-11,12.1,12.1,11.65,11.67,212516
2019-12-12,11.66,11.9,11.52,11.54,181500
2019-12-13,11.66,12.07,11.57,12.07,263776
2019-12-16,12.5,12.84,12.08,12.6,430400
2019-12-17,12.8,13.85,12.61,13.8,508232
2019-12-18,14.3,14.64,13.91,14.47,670522
2019-12-19,14.23,14.59,14.05,14.2,408086
2019-12-20,14.17,15.23,14.1,15.13,497956
2019-12-23,15.17,16.42,14.81,16.11,516969
2019-12-24,16.0,16.78,15.7,16.71,481443
2019-12-25,16.44,18.38,16.4,18.38,400397
2019-12-26,19.2,19.4,18.03,18.84,653498
2019-12-27,19.58,20.72,18.92,19.89,990684
2019-12-30,19.8,20.29,17.9,18.16,775920
2019-12-31,18.12,19.98,18.12,19.98,762879
2020-01-02,20.21,21.98,19.47,21.98,704745
2020-01-03,23.02,23.65,19.78,19.88,1114728
2020-01-06,20.66,21.0,19.67,20.44,737974
2020-01-07,20.18,20.6,19.83,20.05,457967
2020-01-08,19.84,20.41,19.68,19.78,464064
2020-01-09,20.1,20.19,18.86,19.89,568113
2020-01-10,19.69,19.98,19.51,19.64,293538
2020-01-13,19.47,21.56,19.31,21.09,536501
2020-01-14,21.1,21.3,20.35,20.46,391540
2020-01-15,20.28,21.52,19.89,21.17,454681
2020-01-16,22.71,23.29,22.59,23.29,857168
2020-01-17,23.7,25.55,22.89,24.98,745740
2020-01-20,24.58,27.48,24.58,27.48,489400
2020-01-21,28.5,30.19,28.05,28.68,755641
2020-01-22,28.91,31.55,27.5,31.55,619339
2020-01-23,30.24,30.55,28.4,28.4,557420
2020-02-03,25.56,25.56,25.56,25.56,9151
2020-02-04,23.0,27.19,23.0,26.66,789653
2020-02-05,26.32,28.72,26.13,27.76,664741
2020-02-06,27.3,30.49,27.15,29.71,582222
2020-02-07,29.7,30.46,28.88,29.6,494286
2020-02-10,29.22,29.96,26.64,27.45,506179
2020-02-11,27.31,28.65,27.3,27.9,352551
2020-02-12,27.65,28.18,26.9,27.82,358757
2020-02-13,28.07,28.5,27.11,27.4,429259
2020-02-14,27.0,30.14,26.88,29.85,655583
2020-02-17,31.0,31.3,29.5,30.76,561737
2020-02-18,31.04,33.84,30.96,33.84,493301
2020-02-19,34.98,36.68,34.56,35.29,665396
2020-02-20,36.51,36.9,34.58,36.5,515160
2020-02-21,36.0,36.06,34.7,35.08,532720
2020-02-24,34.23,34.78,31.57,33.81,552574
2020-02-25,32.87,33.59,30.5,32.29,522270
2020-02-26,31.67,33.51,30.98,31.72,393747
2020-02-27,32.2,32.48,28.55,28.55,624797
2020-02-28,27.09,27.99,25.7,25.7,577267
2020-03-02,26.48,28.27,26.25,28.27,466764
2020-03-03,29.0,29.95,27.38,27.95,483813
2020-03-04,27.26,27.7,26.03,27.23,356211
2020-03-05,27.88,28.3,26.8,27.95,332079
2020-03-06,27.2,27.58,26.71,27.1,218940
2020-03-09,26.53,27.21,25.09,25.17,304500
2020-03-10,24.99,26.93,24.93,26.77,372821
2020-03-11,26.77,28.23,26.01,26.01,397025
2020-03-12,25.27,26.28,25.27,25.83,235758
2020-03-13,24.7,26.66,24.63,26.28,311340
2020-03-16,26.36,26.49,23.65,23.65,391781
2020-03-17,24.0,24.35,21.77,23.08,387937
2020-03-18,23.44,24.09,22.25,22.35,325807
2020-03-19,22.66,23.48,22.35,23.24,310859
2020-03-20,23.74,23.75,21.9,22.61,253043
2020-03-23,21.95,22.58,20.47,20.79,313394
2020-03-24,21.58,22.37,20.6,21.69,340842
2020-03-25,22.6,22.79,21.53,22.1,324971
2020-03-26,21.88,22.55,21.46,21.59,248631
2020-03-27,22.16,22.3,21.68,21.78,263301
2020-03-30,21.09,21.21,19.92,20.71,297513
2020-03-31,21.18,21.65,20.7,21.33,240383
2020-04-01,21.05,22.85,20.63,21.81,403674
2020-04-02,22.01,23.3,21.72,23.2,417018
2020-04-03,22.8,23.13,22.35,22.59,272347
2020-04-07,23.2,24.46,23.2,24.24,389172
2020-04-08,23.81,24.36,23.62,23.91,264991
2020-04-09,24.01,24.93,24.01,24.07,224033
2020-04-10,24.11,24.4,22.8,22.9,213338
2020-04-13,22.92,23.39,22.4,23.16,144892
2020-04-14,22.46,22.85,21.63,22.68,249879
2020-04-15,22.51,22.95,21.98,22.01,227655
2020-04-16,21.91,22.25,21.5,22.05,169700
2020-04-17,22.38,23.98,22.38,23.55,374011
2020-04-20,23.6,24.57,23.59,24.4,279916
2020-04-21,24.7,24.75,23.2,23.6,258118
2020-04-22,23.03,23.38,22.9,23.24,139790
2020-04-23,23.6,23.88,22.8,22.91,157937
2020-04-24,22.9,23.06,21.65,21.76,205763
2020-04-27,21.7,21.77,20.85,21.02,166176
2020-04-28,20.85,21.2,19.43,20.66,188664
2020-04-29,20.48,21.68,20.24,21.3,180100
2020-04-30,21.41,23.43,21.41,23.43,312284
2020-05-06,23.9,25.18,23.9,25.0,450025
2020-05-07,25.0,25.09,23.88,24.01,314552
2020-05-08,24.55,26.41,24.03,26.41,546150
2020-05-11,26.67,26.8,25.67,26.0,486199
2020-05-12,25.9,26.32,25.29,26.15,303855
2020-05-13,26.13,26.83,26.0,26.45,317447
2020-05-14,26.04,26.3,25.68,26.0,233221
2020-05-15,26.2,27.1,25.82,26.48,335555
2020-05-18,26.72,26.98,24.57,25.15,379490
2020-05-19,25.52,26.15,25.27,25.87,217662
2020-05-20,25.87,26.15,24.47,24.64,213953
2020-05-21,24.88,25.1,23.76,23.98,186975
2020-05-22,24.01,24.39,23.18,23.38,165762
2020-05-25,23.18,23.49,22.54,22.8,119080
2020-05-26,23.13,23.49,22.83,23.42,142207
2020-05-27,23.41,23.43,22.4,22.45,149223
2020-05-28,22.48,22.98,21.77,22.7,193676
2020-05-29,22.76,23.5,22.3,22.51,183209
2020-06-01,22.8,23.6,22.52,23.44,205421
2020-06-02,23.48,23.54,23.08,23.47,155772
2020-06-03,23.3,24.48,23.22,23.94,254834
2020-06-04,23.97,24.18,23.45,23.48,145972
2020-06-05,23.46,23.9,23.01,23.38,130712
2020-06-08,23.51,23.65,22.64,22.84,142806
2020-06-09,22.8,22.94,22.35,22.6,107753
2020-06-10,22.32,22.7,22.13,22.33,85097
2020-06-11,22.21,22.68,22.12,22.3,148262
2020-06-12,21.72,22.4,21.5,22.12,100315
2020-06-15,22.4,23.1,22.3,22.55,183988
2020-06-16,22.9,23.13,22.36,23.05,170568
2020-06-17,22.9,23.18,22.48,22.59,127127
2020-06-18,22.54,22.56,22.13,22.3,110282
2020-06-19,22.3,22.7,22.12,22.5,112230
2020-06-22,22.7,23.14,22.52,23.05,198254
2020-06-23,23.72,23.98,23.2,23.55,296259
2020-06-24,23.34,23.77,22.99,23.17,154957
2020-06-29,23.01,23.02,22.16,22.35,165237
2020-06-30,22.39,22.56,22.18,22.33,138557
2020-07-01,22.31,22.68,22.21,22.39,128132
2020-07-02,22.39,24.28,22.31,24.15,346402
2020-07-03,23.98,24.02,23.47,23.68,217431
2020-07-06,23.97,25.66,23.6,25.04,348242
2020-07-07,25.24,26.65,25.16,25.56,420862
2020-07-08,25.56,26.4,24.88,26.15,398738
2020-07-09,26.37,27.65,25.7,27.26,531676
2020-07-10,27.0,27.35,26.42,26.69,330149
2020-07-13,27.3,27.73,26.84,27.05,380732
2020-07-14,26.82,27.2,25.3,25.88,425522
2020-07-15,25.99,26.12,23.85,23.94,426685
2020-07-16,23.77,24.25,22.63,22.76,252863
2020-07-17,22.88,23.25,22.65,23.03,148389
2020-07-20,23.2,24.49,23.2,24.4,226529
2020-07-21,24.4,24.77,23.66,23.75,196258
2020-07-22,23.76,24.4,23.44,23.79,193733
2020-07-23,23.5,23.98,22.86,23.95,198141
2020-07-24,23.68,25.49,23.61,23.74,356330
2020-07-27,23.29,23.82,22.76,23.08,193422
2020-07-28,23.21,23.43,22.25,22.6,207035
2020-07-29,22.4,23.26,21.9,23.24,217865
2020-07-30,24.06,25.08,23.81,23.86,383384
2020-07-31,23.71,24.12,23.27,23.58,225314
2020-08-03,24.12,25.94,23.68,25.94,430026
2020-08-04,27.07,27.07,25.0,25.17,658361
2020-08-05,25.93,27.69,25.35,27.69,760898
2020-08-06,28.0,30.0,27.7,28.7,1050565
2020-08-07,28.22,30.99,28.22,30.48,843304
2020-08-10,29.89,31.38,28.22,28.3,752584
2020-08-11,28.01,29.44,27.72,27.75,496630
2020-08-12,27.76,28.28,25.65,26.43,495371
2020-08-13,26.43,26.7,25.89,26.06,259740
2020-08-14,25.86,26.86,25.86,26.64,257981
2020-08-17,26.71,28.35,26.41,28.02,371330
2020-08-18,28.01,28.93,27.7,27.9,321302
2020-08-19,27.82,27.99,26.16,26.22,299003
2020-08-20,25.93,26.26,25.0,25.17,211974
2020-08-21,25.5,25.79,24.8,25.17,159999
2020-08-24,25.16,25.8,25.1,25.28,161581
2020-08-25,25.5,25.5,24.12,24.27,230273
2020-08-26,24.47,24.67,23.39,23.76,174728
2020-08-27,23.77,24.75,23.5,24.7,175010
2020-08-28,23.8,24.6,23.4,24.29,210836
2020-08-31,24.35,24.78,24.26,24.27,154543
2020-09-01,24.38,25.18,24.12,25.0,176739
2020-09-02,25.05,25.43,24.75,25.15,179168
2020-09-03,25.09,25.12,24.2,24.35,151185
2020-09-04,23.99,24.97,23.77,24.72,123613
2020-09-07,24.75,25.49,24.4,24.56,158287
2020-09-08,24.81,24.99,24.0,24.5,123857
2020-09-09,24.21,24.22,23.2,23.32,146886
2020-09-10,23.8,24.12,22.03,22.38,152789
2020-09-18,24.62,24.62,24.62,24.62,42383
2020-09-21,25.5,25.5,24.62,24.72,291876
2020-09-22,24.71,24.71,22.95,23.08,196494
2020-09-23,23.1,23.41,22.68,23.18,98405
2020-09-24,22.92,23.05,22.33,22.37,96908
2020-09-25,22.32,22.56,21.3,21.52,120357
2020-09-28,21.21,21.8,20.81,20.98,80148
2020-09-29,21.27,21.97,21.1,21.5,81131
2020-09-30,21.5,21.65,21.05,21.19,59838
2020-10-09,21.5,21.97,21.5,21.64,71803
2020-10-12,21.74,22.37,21.72,22.3,100202
2020-10-13,22.29,22.35,21.96,22.12,70632
2020-10-14,22.03,22.49,21.74,21.92,88101
2020-10-15,21.8,21.83,20.99,21.57,89479
2020-10-16,21.58,21.66,21.12,21.19,60117
2020-10-19,21.39,21.57,21.05,21.11,62512
2020-10-20,21.11,21.38,20.92,21.32,52500
2020-10-21,21.37,21.37,20.1,20.19,115893
2020-10-22,20.13,20.15,19.28,19.85,121151
2020-10-23,19.89,20.25,19.42,19.48,71925
2020-10-26,19.3,19.66,19.09,19.31,53424
2020-10-27,19.3,20.2,19.25,19.99,99267
2020-10-28,20.0,20.2,19.68,19.9,67167
2020-10-29,19.53,19.87,19.37,19.67,73512
2020-10-30,19.8,19.98,19.38,19.4,78412
2020-11-02,19.32,19.4,17.59,18.0,193067
2020-11-03,18.27,19.32,18.01,18.98,169896
2020-11-04,18.96,19.18,18.59,18.64,86641
2020-11-05,18.82,19.7,18.82,19.55,135776
2020-11-06,19.95,20.44,19.48,19.63,141059
2020-11-09,19.92,21.26,19.73,20.89,196329
2020-11-10,21.19,21.19,20.21,20.4,128033
2020-11-11,20.31,20.56,19.97,20.0,76829
2020-11-12,20.0,20.38,19.92,20.12,66155
2020-11-13,19.98,20.61,19.7,20.35,85141
2020-11-16,20.46,20.55,19.98,20.18,68640
2020-11-17,20.2,20.2,19.28,19.69,101281
2020-11-18,19.69,20.34,19.69,19.88,76227
2020-11-19,19.8,20.33,19.68,20.21,89447
2020-11-20,20.35,21.45,19.9,21.3,216528
2020-11-23,21.11,21.41,20.91,21.18,138958
2020-11-24,21.2,21.65,21.07,21.29,108866
2020-11-25,21.33,21.57,20.8,20.87,98159
2020-11-26,20.77,21.03,20.52,20.78,61036
2020-11-27,20.79,21.28,20.66,20.9,62284
2020-11-30,20.83,20.97,20.41,20.42,81374
2020-12-01,20.49,20.81,20.29,20.78,65316
2020-12-02,20.62,20.78,20.53,20.59,51147
2020-12-03,20.59,20.69,19.88,19.9,100725
2020-12-04,19.9,20.1,19.6,20.07,48758
2020-12-07,20.12,20.45,19.79,19.8,55930
2020-12-08,19.73,19.89,19.65,19.67,43952
2020-12-09,19.67,19.84,19.01,19.04,66060
2020-12-10,18.92,18.98,18.51,18.63,62011
2020-12-11,18.55,18.67,17.99,18.25,72999
2020-12-14,18.26,18.61,17.95,18.42,43269
2020-12-15,18.4,18.6,18.33,18.48,31889
2020-12-16,18.48,18.65,18.15,18.41,50503
2020-12-17,18.33,18.46,17.75,18.34,69452
2020-12-18,18.8,19.55,18.68,19.1,138540
2020-12-21,18.98,19.36,18.82,19.12,74535
2020-12-22,19.0,19.04,18.44,18.45,67089
2020-12-23,18.45,19.07,18.16,18.8,76094
2020-12-24,18.81,20.05,18.68,19.57,146034
2020-12-25,19.5,19.77,19.22,19.41,72227
2020-12-28,19.33,19.93,19.01,19.88,113413
2020-12-29,20.0,20.63,19.84,20.5,125102
2020-12-30,20.29,20.92,20.02,20.81,136540
2020-12-31,20.83,21.03,20.34,20.99,138637
2021-01-04,21.99,22.4,20.96,21.0,246956
2021-01-05,20.56,20.66,19.9,20.1,193154
2021-01-06,20.0,20.1,19.25,19.25,133973
2021-01-07,19.8,20.25,19.38,19.46,134141
2021-01-08,19.04,19.79,18.4,19.44,113139
2021-01-11,19.5,20.68,19.31,20.4,205398
2021-01-12,20.22,20.6,20.01,20.57,94772
2021-01-13,20.45,20.88,20.23,20.51,105408
2021-01-14,20.27,21.11,19.85,20.33,135418
2021-01-15,20.38,20.54,20.14,20.4,70538
2021-01-18,20.43,21.4,20.43,21.2,199594
2021-01-19,21.33,23.28,21.21,22.57,360805
2021-01-20,22.62,23.13,22.05,23.02,223959
2021-01-21,23.02,23.18,22.54,22.9,154624
2021-01-22,22.91,23.71,22.6,22.75,222317
2021-01-25,22.68,23.0,21.68,21.78,257223
2021-01-26,21.81,22.06,20.98,21.03,129866
2021-01-27,21.21,23.13,21.08,23.13,261496
2021-01-28,22.72,22.86,20.82,20.82,325771
2021-01-29,20.57,21.56,20.0,21.05,173587
2021-02-01,21.06,21.14,20.27,20.36,111645
2021-02-02,20.48,22.33,20.36,21.85,211405
2021-02-03,21.62,22.07,20.37,20.68,164557
2021-02-04,21.18,21.35,20.04,20.68,124677
2021-02-05,20.56,20.76,19.05,19.24,118027
2021-02-08,19.35,19.98,19.18,19.45,77686
2021-02-09,19.92,20.08,19.43,19.83,58607
2021-02-10,19.94,20.24,19.6,20.2,69719
2021-02-18,20.53,21.18,20.52,21.01,110222
2021-02-19,21.51,21.9,20.96,21.77,132199
2021-02-22,22.05,23.28,21.89,21.93,245570
2021-02-23,21.93,21.94,20.3,20.51,241568
2021-02-24,22.56,22.56,22.31,22.56,302903
2021-02-25,22.9,22.99,21.58,21.73,425607
2021-02-26,20.83,21.41,20.83,21.13,155743
2021-03-01,21.13,21.86,21.02,21.79,137686
2021-03-02,21.85,21.99,21.15,21.38,124195
2021-03-03,21.34,21.84,21.21,21.53,97812
2021-03-04,21.25,22.11,21.11,21.81,198905
2021-03-05,21.56,22.59,21.44,22.19,181266
2021-03-08,22.39,22.45,21.65,21.65,149017
2021-03-09,21.5,21.6,20.22,20.24,144973
2021-03-10,20.45,20.58,20.0,20.19,62543
2021-03-11,20.34,20.74,20.14,20.55,67039
2021-03-12,20.56,20.59,20.1,20.11,68624
2021-03-15,20.17,20.42,19.74,20.36,64178
2021-03-16,20.39,20.67,20.23,20.5,51123
2021-03-17,20.38,21.07,20.07,20.88,79729
2021-03-18,20.79,21.62,20.73,21.36,112460
2021-03-19,21.13,21.13,20.52,20.64,98540
2021-03-22,20.54,20.96,20.48,20.64,57078
2021-03-23,20.77,21.3,20.61,20.8,75059
2021-03-24,20.7,20.76,20.1,20.2,79902
2021-03-25,20.13,20.48,20.03,20.21,35615
2021-03-26,20.26,20.56,20.18,20.4,39721
2021-03-29,20.45,20.81,20.4,20.4,47513
2021-03-30,20.32,20.39,20.12,20.17,44837
2021-03-31,20.2,20.2,19.65,19.8,57714
2021-04-01,19.75,20.07,19.7,19.86,45213
2021-04-02,19.9,20.44,19.89,20.36,63632
2021-04-06,20.33,20.82,20.31,20.41,48221
2021-04-07,20.51,20.51,20.19,20.42,40789
2021-04-08,20.51,20.95,20.43,20.57,72330
2021-04-09,20.6,21.16,20.58,21.16,121975
2021-04-12,21.44,22.17,21.12,21.79,222295
2021-04-13,21.87,22.07,21.44,21.54,103697
2021-04-14,21.55,22.2,21.54,21.91,110545
2021-04-15,21.85,22.05,21.6,21.88,62773
2021-04-16,21.88,22.26,21.7,21.84,83439
2021-04-19,21.76,22.46,21.76,22.16,101002
2021-04-20,22.11,22.33,21.81,21.89,76882
2021-04-21,21.8,22.06,21.5,22.0,72011
2021-04-22,21.98,23.15,21.92,22.99,198076
2021-04-23,23.05,23.36,22.8,23.26,148594
2021-04-26,23.65,23.76,22.11,22.21,217104
2021-04-27,22.4,22.5,21.26,21.68,129325
2021-04-28,21.89,22.44,21.56,21.81,83205
2021-04-29,21.76,22.33,21.66,21.82,88232
2021-04-30,21.84,22.06,21.53,21.9,69553
2021-05-06,22.2,22.9,21.9,22.73,127659
2021-05-07,22.79,23.35,22.41,22.51,125958
2021-05-10,22.6,23.05,22.28,22.47,100172
2021-05-11,22.31,22.37,21.66,21.92,87816
2021-05-12,21.92,22.49,21.73,22.2,88812
2021-05-13,21.98,22.62,21.86,22.36,83537
2021-05-14,22.48,22.59,21.8,21.84,117652
2021-05-17,21.66,22.08,21.54,21.91,74747
2021-05-18,21.95,21.96,21.19,21.3,99563
2021-05-19,21.31,21.35,20.8,21.0,100809
2021-05-20,21.1,21.15,20.62,20.89,71175
2021-05-21,20.9,21.11,20.64,20.87,77365
2021-05-24,20.87,21.4,20.8,21.28,74201
2021-05-25,21.44,21.6,21.13,21.52,79826
2021-05-26,21.5,21.77,21.38,21.49,58061
2021-05-27,21.4,23.17,21.36,23.08,253189
2021-05-28,23.08,24.43,23.02,24.34,356158
2021-05-31,24.34,26.75,24.3,26.18,450700
2021-06-01,26.18,26.77,25.53,26.56,262028
2021-06-02,26.42,28.38,26.3,26.64,354801
2021-06-03,27.28,27.71,26.64,27.4,239675
2021-06-04,27.17,27.9,27.12,27.35,188851
2021-06-07,27.96,28.24,27.27,27.66,147141
2021-06-08,27.67,27.88,26.29,27.0,229444
2021-06-09,26.84,27.28,26.41,26.59,133109
2021-06-10,26.62,27.09,26.38,26.81,122691
2021-06-11,26.94,29.49,26.5,29.49,428534
2021-06-15,29.75,30.19,28.91,28.98,329869
2021-06-16,29.27,29.36,26.5,26.5,300650
2021-06-17,27.58,28.4,26.88,27.81,233078
2021-06-18,28.51,29.3,27.6,28.7,214145
2021-06-21,28.25,29.35,28.21,29.0,190817
2021-06-22,29.3,30.45,28.31,28.67,298060
2021-06-23,28.88,29.99,28.37,29.28,221130
2021-06-24,29.29,29.65,28.46,28.53,138250
2021-06-25,28.39,28.8,27.85,28.59,135318
2021-06-28,28.6,29.78,28.2,29.28,204353
2021-06-29,29.22,30.15,28.72,28.78,156729
2021-06-30,28.82,29.41,28.51,28.99,131917
2021-07-01,29.8,29.97,27.02,27.38,304629
2021-07-02,27.38,28.18,27.31,27.33,154380
2021-07-05,27.2,28.37,27.18,27.98,126858
2021-07-06,27.87,28.25,26.95,27.68,149678
2021-07-07,27.68,29.55,27.46,29.43,218779
2021-07-08,29.45,29.72,29.1,29.26,135926
2021-07-09,29.02,29.44,28.64,29.25,124739
2021-07-12,29.39,32.15,29.3,32.0,311107
2021-07-13,31.8,33.48,30.88,31.47,269232
2021-07-14,31.33,31.4,29.7,29.84,208763
2021-07-15,29.58,30.4,28.72,29.16,165162
2021-07-16,29.16,30.29,29.05,29.41,143928
2021-07-19,29.85,30.06,28.8,28.97,117161
2021-07-20,28.65,30.15,28.29,30.0,156436
2021-07-21,30.26,31.48,30.01,31.24,204353
2021-07-22,31.3,33.0,30.66,32.3,257059
2021-07-23,32.3,34.67,32.2,34.09,348552
2021-07-26,34.75,34.88,32.52,33.8,291084
2021-07-27,33.83,36.7,33.55,33.77,390542
2021-07-28,33.0,34.51,31.33,32.93,292831
2021-07-29,34.11,35.43,33.01,34.9,250357
2021-07-30,34.89,35.3,33.7,34.33,218333
2021-08-02,33.8,35.58,33.61,35.5,255992
2021-08-03,35.4,35.82,34.6,34.71,195086
2021-08-04,34.8,36.81,34.34,36.53,275203
2021-08-05,36.26,36.41,35.51,35.8,182852
2021-08-06,35.85,36.36,34.89,35.48,124270
2021-08-09,35.48,35.8,32.08,32.56,339429
2021-08-10,32.5,33.14,30.98,32.12,245962
2021-08-11,32.26,33.6,31.56,33.07,170958
2021-08-12,32.98,33.8,32.75,33.54,131495
2021-08-13,33.34,34.3,33.12,33.79,134625
2021-08-16,33.79,33.89,32.54,32.59,114550
2021-08-17,32.59,32.75,30.3,31.27,191324
2021-08-18,32.12,32.71,31.7,32.18,156065
2021-08-19,32.69,33.44,31.3,32.4,170684
2021-08-20,32.48,32.58,31.2,32.02,143780
2021-08-23,32.35,32.5,31.58,32.12,136448
2021-08-24,32.58,33.05,31.93,32.72,159237
2021-08-25,32.62,32.89,31.66,31.92,155125
2021-08-26,32.3,32.33,31.5,31.7,123144
2021-08-27,31.4,34.41,31.12,33.98,280546
2021-08-30,33.97,34.2,32.54,32.86,209881
2021-08-31,32.79,32.79,31.4,31.75,123558
2021-09-01,31.82,31.98,29.37,30.17,176885
2021-09-02,30.17,31.6,29.57,30.71,149757
2021-09-03,30.4,31.12,28.88,29.18,177507
2021-09-06,29.18,29.88,29.01,29.76,104471
2021-09-07,29.71,31.66,29.2,30.97,150103
2021-09-08,30.83,31.6,30.71,30.98,91648
2021-09-09,30.95,31.44,30.42,30.75,80452
2021-09-10,30.75,31.64,30.55,31.22,107730
2021-09-13,31.41,32.42,31.13,31.87,113725
2021-09-14,32.0,32.45,31.6,31.75,114665
2021-09-15,31.51,32.54,31.51,32.12,96309
2021-09-16,32.07,32.47,31.0,31.02,111522
2021-09-17,31.02,31.67,29.8,30.4,109677
2021-09-22,30.57,32.28,30.52,31.57,150615
2021-09-23,33.7,33.86,31.56,31.66,266740
2021-09-24,31.5,31.66,29.6,30.11,205431
2021-09-27,30.5,31.28,29.25,29.44,142138
2021-09-28,29.4,30.13,28.87,29.75,90380
2021-09-29,29.26,29.74,28.29,28.32,101549
2021-09-30,28.49,28.93,28.28,28.6,63778
2021-10-08,29.23,29.43,28.6,29.16,61700
2021-10-11,29.21,30.68,28.91,29.79,113479
2021-10-12,29.96,30.3,29.0,29.6,82176
2021-10-13,29.52,29.96,29.1,29.85,66782
2021-10-14,29.85,30.1,29.5,29.83,45039
2021-10-15,29.83,30.1,29.48,30.0,55061
2021-10-18,30.5,30.92,29.76,30.74,89603
2021-10-19,30.97,32.68,30.48,32.62,185503
2021-10-20,32.5,33.79,32.13,33.07,197415
2021-10-21,33.24,36.24,33.0,35.2,419306
2021-10-22,35.58,35.83,34.75,34.77,216438
2021-10-25,34.77,35.97,34.22,35.71,187787
2021-10-26,35.59,36.65,35.46,36.1,143150
2021-10-27,36.35,38.0,35.8,36.55,199131
2021-10-28,36.5,36.5,33.94,34.2,286366
2021-10-29,34.47,34.9,33.46,33.89,169177
2021-11-01,33.97,35.44,33.57,34.7,155159
2021-11-02,34.64,35.5,33.9,34.19,140974
2021-11-03,34.58,35.08,33.77,34.75,135086
2021-11-04,35.0,35.32,34.0,34.99,151293
2021-11-05,34.9,36.09,34.33,34.43,185747
2021-11-08,34.4,34.54,33.48,34.28,99556
2021-11-09,34.33,37.17,33.94,36.18,253176
2021-11-10,35.7,36.0,34.91,35.54,152984
2021-11-11,35.5,36.8,35.35,36.12,161195
2021-11-12,35.99,39.3,35.81,38.66,329502
2021-11-15,39.08,39.23,34.79,34.93,480348
2021-11-16,34.91,35.43,33.81,33.95,216314
2021-11-17,33.51,34.37,33.5,34.18,113567
2021-11-18,34.05,35.1,34.04,34.51,95879
2021-11-19,34.32,36.66,34.3,36.2,185391
2021-11-22,36.1,36.77,35.9,36.68,132017
2021-11-23,36.8,36.83,36.16,36.59,102408
2021-11-24,36.22,36.54,34.88,36.0,149469
2021-11-25,36.0,37.76,35.72,37.4,191490
2021-11-26,37.4,40.49,37.17,40.1,422679
2021-11-29,39.47,41.42,39.47,41.04,257612
2021-11-30,41.1,41.76,40.61,41.21,176601
2021-12-01,41.0,41.3,40.18,40.56,136808
2021-12-02,40.92,41.4,39.89,40.43,183584
2021-12-03,40.48,41.2,40.18,40.7,136637
2021-12-06,40.7,41.1,40.31,40.59,121519
2021-12-07,40.59,40.86,38.37,38.62,212580
2021-12-08,38.99,39.32,38.29,38.85,124975
2021-12-09,38.75,38.92,38.3,38.49,85815
2021-12-10,38.31,38.8,38.22,38.59,81068
2021-12-13,38.79,39.1,38.34,38.62,87714
2021-12-14,38.6,38.6,37.58,37.75,104529
2021-12-15,37.9,39.48,37.6,38.83,129564
2021-12-16,38.89,38.91,36.88,37.39,164327
2021-12-17,37.39,37.56,36.21,36.88,95832
2021-12-20,36.5,36.86,35.53,35.8,99610
2021-12-21,35.56,36.48,35.51,36.15,69480
2021-12-22,36.15,36.94,36.01,36.2,68833
2021-12-23,36.63,38.0,36.4,37.8,104993
2021-12-24,37.8,38.02,36.97,36.98,80308
2021-12-27,36.81,37.8,36.81,37.4,54662
2021-12-28,37.56,37.67,36.79,37.28,66477
2021-12-29,37.56,37.85,36.9,37.28,69886
2021-12-30,36.3,37.23,36.3,36.78,68800
2021-12-31,36.85,37.15,36.23,37.11,73967
2022-01-04,37.04,37.5,36.18,36.2,71565
2022-01-05,36.0,36.01,33.43,34.16,147405
2022-01-06,34.1,34.37,33.56,34.2,62339
2022-01-07,34.19,34.19,32.32,32.51,118991
2022-01-10,32.49,33.75,32.38,33.53,70025
2022-01-11,34.21,34.42,33.6,33.89,72264
2022-01-12,33.91,34.63,33.91,34.5,62711
2022-01-13,34.45,34.49,33.62,34.11,42269
2022-01-14,34.11,35.13,33.8,34.38,42419
2022-01-17,34.41,35.35,34.36,35.15,64120
2022-01-18,35.11,35.79,34.89,35.15,52603
2022-01-19,35.1,35.22,33.96,34.25,48840
2022-01-20,34.09,34.32,32.95,33.0,65907
2022-01-21,33.17,33.3,32.1,32.47,59511
2022-01-24,32.83,34.37,32.33,34.02,81742
2022-01-25,34.9,35.88,33.95,34.07,95883
2022-01-26,34.4,34.86,32.82,33.55,62798
2022-01-27,33.89,34.17,33.28,33.38,62583
2022-01-28,33.61,34.06,32.5,33.9,55912
2022-02-07,34.56,35.15,34.24,34.4,59984
2022-02-08,34.59,34.68,34.07,34.68,42140
2022-02-09,34.75,35.44,34.5,35.42,65886
2022-02-10,35.03,35.55,34.76,35.09,51926
2022-02-11,34.88,35.15,33.8,33.92,59161
2022-02-14,33.41,34.15,33.18,33.74,39487
2022-02-15,33.78,34.3,33.69,34.02,34140
2022-02-16,34.0,35.69,34.0,35.24,103956
2022-02-17,35.45,35.58,34.91,35.38,62209
2022-02-18,35.01,36.1,35.01,35.52,60669
2022-02-21,35.7,35.92,35.23,35.58,48106
2022-02-22,35.18,35.39,34.58,34.99,46471
2022-02-23,35.0,36.16,34.8,35.91,79314
2022-02-24,36.08,37.47,35.76,36.29,159106
2022-02-25,36.72,37.29,36.31,36.47,76370
2022-02-28,35.9,36.63,35.6,36.5,54815
2022-03-01,36.5,36.63,36.13,36.54,49700
2022-03-02,36.7,36.7,35.95,36.18,48582
2022-03-03,36.2,36.39,35.51,35.54,49062
2022-03-04,35.14,35.88,35.0,35.1,46815
2022-03-07,34.85,35.12,33.0,33.3,77745
2022-03-08,33.3,33.76,32.11,32.6,66209
2022-03-09,32.6,32.97,29.75,31.33,104817
2022-03-10,32.1,33.3,32.06,32.96,86032
2022-03-11,32.51,33.03,31.5,32.93,86874
2022-03-14,32.52,32.88,32.1,32.2,46640
2022-03-15,31.58,32.32,30.29,30.35,78026
2022-03-16,31.45,32.74,30.1,32.6,120361
2022-03-17,33.6,33.97,33.09,33.25,112635
2022-03-18,33.2,33.9,32.91,33.88,70475
2022-03-21,34.15,36.8,33.91,36.46,198795
2022-03-22,36.0,36.98,35.93,36.58,108126
2022-03-23,36.86,38.19,36.83,38.0,150602
2022-03-24,37.8,38.8,37.5,37.61,136530
2022-03-25,37.8,38.8,37.71,38.11,143890
2022-03-28,37.41,38.12,37.05,37.37,106787
2022-03-29,37.37,37.65,36.45,36.65,99657
2022-03-30,36.94,38.29,36.48,38.22,113265
2022-03-31,38.02,39.22,37.62,38.46,136443
2022-04-01,38.08,39.75,37.8,39.5,141101
2022-04-06,39.4,39.4,36.1,36.95,218386
2022-04-07,36.96,37.34,36.33,36.33,89059
2022-04-08,36.5,37.3,36.27,36.42,73534
2022-04-11,36.04,36.29,33.36,33.47,155786
2022-04-12,33.68,34.25,32.92,33.72,70457
2022-04-13,33.65,33.65,32.72,32.88,65370
2022-04-14,33.0,33.5,32.76,32.81,44545
2022-04-15,32.66,34.55,32.14,34.1,89315
2022-04-18,33.58,34.31,32.92,33.65,57709
2022-04-19,33.75,34.29,33.02,33.17,50060
2022-04-20,33.53,33.53,32.6,32.77,46089
2022-04-21,32.74,33.0,31.01,31.37,73383
2022-04-22,31.3,31.35,30.2,30.2,61520
2022-04-25,28.93,29.19,27.18,27.18,144382
2022-04-26,27.0,27.56,24.46,24.46,136254
2022-04-27,23.55,26.9,23.01,26.75,196784
2022-04-28,26.07,27.72,26.0,27.0,137122
2022-04-29,28.0,28.79,27.01,28.51,119144
2022-05-05,28.28,29.8,28.12,28.84,94588
2022-05-06,27.8,28.28,27.42,27.85,74591
2022-05-09,27.65,28.09,27.27,27.67,49328
2022-05-10,27.5,29.31,26.83,28.92,96653
2022-05-11,29.3,30.23,28.71,28.79,102111
2022-05-12,28.71,29.29,28.2,28.56,62963
2022-05-13,28.56,29.48,28.5,29.29,58312
2022-05-16,30.19,32.02,30.19,31.32,155150
2022-05-17,31.42,32.75,31.01,32.5,118259
2022-05-18,32.7,35.1,32.7,34.6,199549
2022-05-19,33.5,35.2,33.38,35.02,134583
2022-05-20,35.6,35.6,34.14,34.5,106857
2022-05-23,34.02,34.89,34.02,34.81,60117
2022-05-24,34.98,35.73,33.5,33.57,120375
2022-05-25,33.98,34.42,33.37,34.22,89537
2022-05-26,34.5,35.39,33.83,34.78,91918
2022-05-27,35.5,35.85,34.51,35.2,106280
2022-05-30,34.88,35.3,33.91,35.0,87356
2022-05-31,35.41,35.49,34.7,34.98,55019
2022-06-01,34.82,36.39,34.65,35.4,145741
2022-06-02,35.36,35.86,35.2,35.4,57008
2022-06-06,34.8,35.99,34.7,35.8,74467
2022-06-07,36.0,36.29,35.22,35.9,73665
2022-06-08,35.93,36.16,34.78,35.8,74716
2022-06-09,35.83,36.5,35.28,36.1,97095
2022-06-10,35.99,39.09,35.81,38.8,215344
2022-06-13,38.3,38.73,36.18,36.68,221399
2022-06-14,35.96,36.49,34.55,35.79,147024
2022-06-15,35.79,36.66,34.69,34.73,96714
2022-06-16,34.96,35.38,34.39,34.73,80210
2022-06-17,34.9,35.37,34.3,35.01,84183
2022-06-20,34.98,35.15,34.1,34.21,84211
2022-06-21,34.34,34.39,32.12,32.89,138923
2022-06-22,32.96,33.16,32.28,32.35,72140
2022-06-23,32.5,34.14,32.25,34.06,98622
2022-06-24,34.08,34.95,34.02,34.18,78393
2022-06-27,34.07,34.36,33.42,33.65,68415
2022-06-28,33.5,35.52,33.33,35.0,94882
2022-06-29,34.81,34.99,33.18,33.31,99985
2022-06-30,33.46,34.66,33.46,33.9,68236
2022-07-01,34.0,34.35,33.55,33.91,57233
2022-07-04,33.7,34.22,33.22,33.7,52598
2022-07-05,33.94,33.94,33.04,33.66,52965
2022-07-06,33.55,33.73,32.78,33.05,52721
2022-07-07,33.15,33.4,32.84,32.94,46988
2022-07-08,32.94,33.3,31.69,31.75,90609
2022-07-11,31.74,31.74,30.09,30.41,89720
2022-07-12,30.65,31.38,30.27,30.49,65700
2022-07-13,30.66,30.97,30.03,30.53,40813
2022-07-14,30.03,31.4,30.0,31.3,57428
2022-07-15,31.4,31.88,31.0,31.2,60406
2022-07-18,31.29,31.35,30.43,30.68,62363
2022-07-19,30.66,31.95,30.44,30.97,52022
2022-07-20,31.13,32.97,31.01,32.84,101963
2022-07-21,32.82,33.2,31.95,32.0,78002
2022-07-22,32.32,32.58,31.39,31.8,54599
2022-07-25,31.8,32.5,31.4,31.75,48797
2022-07-26,31.86,32.77,31.8,32.38,61053
2022-07-27,32.66,32.79,32.17,32.48,43941
2022-07-28,32.54,33.2,32.44,32.5,63368
2022-07-29,32.6,32.8,31.39,31.52,69705
2022-08-01,30.89,31.71,30.5,31.56,57828
2022-08-02,31.33,31.75,29.64,30.45,94655
2022-08-03,30.5,32.0,30.5,31.1,98046
2022-08-04,31.45,32.73,31.0,32.22,85543
2022-08-05,32.25,33.09,32.1,32.93,74952
2022-08-08,32.86,33.17,32.54,32.62,54459
2022-08-09,32.59,33.08,32.35,32.77,45444
2022-08-10,32.73,34.88,32.61,33.98,120059
2022-08-11,34.03,34.3,33.85,34.17,66830
2022-08-12,34.19,34.43,33.12,33.18,74765
2022-08-15,33.13,33.17,32.35,32.45,62785
2022-08-16,32.46,32.8,32.27,32.43,43196
2022-08-17,32.42,32.61,31.51,31.64,64369
2022-08-18,31.7,33.08,31.59,32.22,94104
2022-08-19,32.24,33.3,31.91,32.0,77340
2022-08-22,31.97,32.67,31.2,32.44,55190
2022-08-23,32.11,32.49,31.62,31.74,49246
2022-08-24,31.81,31.96,30.5,30.83,68019
2022-08-25,30.8,31.18,30.6,31.1,36881
2022-08-26,31.21,34.21,31.21,34.18,298009
2022-08-29,33.93,34.0,31.68,32.55,221182
2022-08-30,32.1,32.62,31.73,31.91,66588
2022-08-31,32.1,32.44,31.21,31.5,72321
2022-09-01,32.34,33.4,31.8,32.03,109523
2022-09-02,31.78,33.1,31.51,32.5,87938
2022-09-05,32.5,33.0,31.88,32.34,58076
2022-09-06,32.51,33.68,32.2,33.33,103666
2022-09-07,33.33,33.36,32.8,33.0,64023
2022-09-08,33.1,33.15,32.54,32.71,37508
2022-09-09,32.89,33.19,32.55,32.69,34713
2022-09-13,32.71,33.07,32.5,32.67,33752
2022-09-14,31.99,32.15,31.66,31.7,52783
2022-09-15,32.0,32.0,30.6,31.0,53783
2022-09-16,31.0,31.83,30.95,30.95,46173
2022-09-19,30.95,31.54,30.82,30.83,35670
2022-09-20,31.21,31.21,30.65,30.79,27875
2022-09-21,30.69,31.1,30.0,31.05,34214
2022-09-22,31.09,33.19,30.99,32.78,131259
2022-09-23,32.99,32.99,31.73,32.05,66305
2022-09-26,32.04,32.04,31.01,31.09,52320
2022-09-27,31.39,32.58,31.22,32.39,67407
2022-09-28,32.5,32.5,31.4,31.43,46294
2022-09-29,31.82,32.36,31.2,31.48,43637
2022-09-30,31.6,31.8,31.1,31.36,28050
2022-10-10,31.36,31.36,29.0,29.0,85681
2022-10-11,28.9,29.29,26.8,27.5,90311
2022-10-12,27.7,27.88,26.5,27.83,60039
2022-10-13,27.7,28.88,27.6,28.31,38446
2022-10-14,28.5,29.0,28.37,28.79,31634
2022-10-17,28.81,29.99,28.71,29.9,41507
2022-10-18,30.22,31.46,29.38,31.3,90007
2022-10-19,31.3,31.4,30.85,31.09,36943
2022-10-20,31.0,31.61,30.51,31.21,48429
2022-10-21,31.51,32.23,31.34,31.75,57193
2022-10-24,31.99,32.78,31.0,31.1,76863
2022-10-25,31.11,31.46,30.24,30.87,54745
2022-10-26,31.1,32.0,30.73,31.43,51946
2022-10-27,31.8,31.8,30.54,30.6,55692
2022-10-28,30.3,30.7,29.32,29.45,64545
2022-10-31,29.84,30.0,28.88,29.3,47514
2022-11-01,29.25,29.61,29.05,29.51,46609
2022-11-02,29.6,29.89,29.33,29.83,34196
2022-11-03,29.8,31.16,29.53,31.12,58127
2022-11-04,30.9,31.22,30.4,31.0,55537
2022-11-07,31.1,31.4,30.52,30.66,54251
2022-11-08,30.66,30.98,30.42,30.55,32164
2022-11-09,30.76,30.76,29.93,30.66,24275
2022-11-10,30.66,30.66,29.47,29.82,48150
2022-11-11,30.5,30.57,29.79,29.83,40398
2022-11-14,29.93,30.1,29.6,29.69,33395
2022-11-15,29.85,31.12,29.61,30.89,92316
2022-11-16,30.83,30.83,29.33,29.43,72251
2022-11-17,29.28,29.7,27.98,28.57,85423
2022-11-18,28.57,28.85,28.08,28.2,49836
2022-11-21,28.2,28.58,27.67,28.58,31112
2022-11-22,28.79,28.8,27.65,27.92,44616
2022-11-23,28.16,28.2,27.3,27.76,30924
2022-11-24,27.97,27.97,27.45,27.84,26019
2022-11-25,27.88,28.6,27.53,28.6,49332
2022-11-28,28.54,29.65,28.25,29.5,101466
2022-11-29,29.47,29.7,29.11,29.25,52366
2022-11-30,29.47,29.47,28.52,28.72,44026
2022-12-01,28.9,29.25,28.72,29.0,48104
2022-12-02,29.14,29.86,28.85,29.74,67403
2022-12-05,29.54,30.0,29.33,29.36,44900
2022-12-06,29.5,29.64,29.15,29.35,28439
2022-12-07,29.48,29.8,29.18,29.34,32191
2022-12-08,29.34,29.5,28.82,28.86,44657
2022-12-09,29.07,31.7,28.4,29.61,269838
2022-12-12,29.76,31.09,29.47,30.07,124493
2022-12-13,29.99,30.22,29.3,29.3,58018
2022-12-14,29.5,30.15,29.12,29.43,36153
2022-12-15,29.63,29.72,29.18,29.54,25510
2022-12-16,29.41,29.47,28.7,28.93,34957
2022-12-19,28.95,29.0,28.21,28.27,28486
2022-12-20,28.5,28.66,28.06,28.15,23262
2022-12-21,28.28,28.42,27.81,28.0,27447
2022-12-22,28.09,28.26,27.35,27.69,29363
2022-12-23,27.99,27.99,26.86,27.01,29302
2022-12-26,27.15,28.05,27.0,27.71,30439
2022-12-27,27.97,28.0,27.07,27.23,33717
2022-12-28,27.36,27.36,26.36,26.58,50353
2022-12-29,26.65,27.75,26.49,26.72,35145
2022-12-30,26.92,27.6,26.75,27.35,35069
2023-01-03,27.38,28.1,27.07,27.64,47673
2023-01-04,27.8,29.2,27.8,29.17,85974
2023-01-05,29.23,29.64,28.81,29.2,61875
2023-01-06,29.35,31.64,29.35,31.5,215234
2023-01-09,31.5,32.23,31.25,31.53,118662
2023-01-10,31.58,32.1,31.43,31.84,64906
2023-01-11,32.0,32.95,31.78,31.85,81889
2023-01-12,31.98,32.2,31.68,31.8,47229
2023-01-13,32.0,32.53,31.81,32.12,52984
2023-01-16,31.9,32.24,31.36,31.65,64370
2023-01-17,31.66,32.25,31.6,32.05,38231
2023-01-18,32.02,32.6,32.01,32.35,42626
2023-01-19,32.11,33.79,32.03,33.74,89212
2023-01-20,33.4,34.17,33.38,34.0,77314
2023-01-30,34.21,34.69,33.22,33.28,96041
2023-01-31,33.31,33.41,32.65,33.05,55773
2023-02-01,33.3,33.55,33.1,33.35,35038
2023-02-02,33.37,34.46,33.15,33.84,66611
2023-02-03,33.82,34.58,33.43,34.3,50872
2023-02-06,34.1,34.19,33.1,33.19,49819
2023-02-07,33.4,33.5,32.8,33.1,41397
2023-02-08,33.19,33.49,32.93,33.03,31625
2023-02-09,33.0,34.17,32.73,34.06,65521
2023-02-10,33.96,34.35,33.6,33.76,47671
2023-02-13,33.6,33.9,33.48,33.58,40072
2023-02-14,33.4,33.81,33.31,33.46,27034
2023-02-15,33.65,33.84,33.28,33.46,30378
2023-02-16,33.57,33.84,32.0,32.3,68846
2023-02-17,32.4,32.76,32.0,32.42,36184
2023-02-20,32.2,32.4,31.55,32.21,37694
2023-02-21,32.39,33.09,31.91,32.02,42706
2023-02-22,31.87,32.05,31.6,31.76,29070
2023-02-23,31.85,31.99,31.32,31.39,31990
2023-02-24,31.45,33.13,31.35,32.68,92135
2023-02-27,32.59,33.12,31.2,31.25,89367
2023-02-28,31.35,31.95,31.35,31.75,42353
2023-03-01,31.68,31.7,31.4,31.68,34854
2023-03-02,31.88,31.88,31.35,31.46,29435
2023-03-03,31.6,32.6,31.55,32.06,78440
2023-03-06,32.06,32.6,31.81,32.35,61551
2023-03-07,32.27,32.29,31.38,31.47,51867
2023-03-08,31.48,32.47,31.38,32.3,53556
2023-03-09,32.7,32.95,32.31,32.88,54017
2023-03-10,32.88,32.91,32.08,32.18,38845
2023-03-13,32.25,32.48,31.85,32.2,33031
2023-03-14,32.22,32.82,31.9,32.44,35759
2023-03-15,32.44,32.63,32.05,32.2,33527
2023-03-16,32.38,32.38,31.61,31.73,26899
2023-03-17,32.11,32.6,31.85,31.95,39694
2023-03-20,32.18,32.18,31.51,31.61,30600
2023-03-21,31.88,32.34,31.62,32.03,27670
2023-03-22,32.31,33.74,31.88,33.35,94705
2023-03-23,33.33,33.97,33.0,33.85,90264
2023-03-24,33.6,33.95,32.25,32.46,93138
2023-03-27,32.74,33.26,32.13,32.9,67493
2023-03-28,33.2,33.22,32.33,32.58,50893
2023-03-29,32.72,32.72,31.95,32.15,56890
2023-03-30,31.91,33.16,31.91,32.96,90086
2023-03-31,32.96,33.66,32.74,33.55,99717
2023-04-03,33.8,36.9,33.8,36.57,274514
2023-04-04,36.3,38.0,36.2,37.71,238097
2023-04-06,37.5,38.35,37.06,37.78,155962
2023-04-07,38.21,38.96,37.93,38.01,145939
2023-04-10,38.17,38.95,37.48,37.56,131407
2023-04-11,37.87,38.97,37.54,38.87,140097
2023-04-12,39.0,42.76,38.43,42.76,402977
2023-04-13,42.79,43.5,41.61,42.6,264908
2023-04-14,42.62,43.19,41.64,42.04,207612
2023-04-17,42.04,43.17,41.8,42.02,138469
2023-04-18,42.02,42.17,39.73,40.23,183932
2023-04-19,40.31,40.46,39.5,39.69,114220
2023-04-20,39.7,42.4,39.3,41.95,233045
2023-04-21,41.77,42.88,41.37,41.8,200639
2023-04-24,41.7,42.26,40.26,40.77,103541
2023-04-25,40.55,40.93,38.8,39.17,126775
2023-04-26,39.16,40.42,38.56,38.61,104489
2023-04-27,38.82,39.24,36.98,37.65,126123
2023-04-28,38.06,40.66,38.06,40.38,173440
2023-05-04,39.84,40.46,39.37,40.2,87235
2023-05-05,40.08,41.29,39.7,40.26,80829
2023-05-08,40.28,42.8,40.28,41.41,116568
2023-05-09,41.61,42.68,41.22,41.29,97898
2023-05-10,41.38,42.13,41.12,41.76,65662
2023-05-11,41.75,42.24,41.15,41.36,62929
2023-05-12,41.3,41.55,40.13,40.19,69134
2023-05-15,40.08,40.55,39.01,40.26,75967
2023-05-16,40.0,40.58,39.65,40.2,47790
2023-05-17,40.2,41.53,40.05,40.21,77675
2023-05-18,40.45,41.0,40.23,41.0,58743
2023-05-19,41.59,41.75,40.35,40.5,72242
2023-05-22,40.31,40.4,36.45,36.45,235433
2023-05-23,37.11,37.39,36.24,36.8,98440
2023-05-24,36.98,36.98,34.1,35.85,105393
2023-05-25,36.37,37.18,35.85,36.62,74380
2023-05-26,36.56,37.68,36.42,37.41,90565
2023-05-29,37.37,37.58,33.71,33.83,201730
2023-05-30,34.28,34.74,33.05,34.38,78975
2023-05-31,34.8,36.43,34.41,36.07,117000
2023-06-01,35.95,36.47,35.86,36.02,51095
2023-06-02,36.14,36.16,35.14,35.77,57416
2023-06-05,35.62,36.24,35.53,35.92,51764
2023-06-06,35.6,35.6,33.0,33.58,140123
2023-06-07,33.4,33.93,33.3,33.5,43166
2023-06-08,33.85,33.85,31.55,31.59,134542
2023-06-09,31.6,31.6,30.34,30.75,112868
2023-06-12,30.94,32.09,30.86,31.55,78128
2023-06-13,31.67,33.42,30.95,33.03,105221
2023-06-14,33.25,33.5,32.6,33.15,69318
2023-06-15,33.65,34.1,33.11,33.6,68209
2023-06-16,33.63,34.98,33.46,34.78,91951
2023-06-19,34.5,34.88,33.07,33.07,100993
2023-06-20,33.2,33.62,33.0,33.32,44611
2023-06-21,33.2,33.68,32.79,33.3,61666
2023-06-26,32.73,33.18,32.08,32.24,54317
2023-06-27,32.3,33.45,32.01,32.87,43823
2023-06-28,33.22,33.22,31.7,32.5,52500
2023-06-29,32.37,33.03,31.9,32.0,48364
2023-06-30,32.0,33.4,31.7,33.37,90679
2023-07-03,33.2,33.47,32.7,32.86,62526
2023-07-04,33.0,33.15,32.35,32.71,39663
2023-07-05,32.73,32.95,32.52,32.66,26082
2023-07-06,32.8,33.25,32.45,32.75,53395
2023-07-07,32.8,32.81,31.8,32.11,47059
2023-07-10,32.48,32.55,31.79,31.98,34784
2023-07-11,31.99,32.98,31.98,32.56,44669
2023-07-12,32.54,32.66,31.74,31.85,40330
2023-07-13,31.88,33.29,31.8,32.89,73702
2023-07-14,32.85,34.29,32.78,33.9,91203
2023-07-17,33.9,34.19,32.45,32.66,75320
2023-07-18,32.66,33.31,32.53,33.1,37977
2023-07-19,32.93,33.21,32.22,32.34,43093
2023-07-20,32.32,32.34,30.54,30.55,98827
2023-07-21,30.63,31.6,30.63,31.31,55762
2023-07-24,31.5,31.95,30.46,30.51,57008
2023-07-25,30.77,31.09,30.55,31.06,44670
2023-07-26,31.36,31.36,30.55,30.9,39018
2023-07-27,30.79,31.69,30.71,31.06,48350
2023-07-28,30.8,31.42,30.65,31.3,32690
2023-07-31,31.35,31.85,31.2,31.5,38358
2023-08-01,31.8,32.38,31.39,31.61,58122
2023-08-02,31.8,32.53,31.79,32.09,59784
2023-08-03,32.09,33.07,31.9,32.96,71604
2023-08-04,32.9,33.12,32.28,32.7,54139
2023-08-07,32.67,33.03,32.43,32.86,32011
2023-08-08,32.95,33.7,32.88,33.35,63369
2023-08-09,33.23,33.38,32.65,32.78,43023
2023-08-10,32.77,33.07,32.66,32.84,22171
2023-08-11,32.76,32.94,32.09,32.19,23847
2023-08-14,32.0,32.7,31.2,32.63,51890
2023-08-15,32.5,32.7,31.96,32.07,26080
2023-08-16,32.07,32.3,31.57,31.57,22366
2023-08-17,31.26,32.11,31.23,31.75,24684
2023-08-18,31.59,32.25,30.9,31.04,28591
2023-08-21,31.2,31.21,28.89,29.01,79028
2023-08-22,29.18,30.05,28.76,29.98,76573
2023-08-23,29.88,29.98,29.17,29.47,30516
2023-08-24,29.75,30.55,29.54,30.31,47887
2023-08-25,30.33,30.33,29.36,29.6,38973
2023-08-28,31.5,31.88,29.44,29.57,59640
2023-08-29,29.6,30.85,29.5,30.6,45903
2023-08-30,30.6,31.28,30.49,31.07,72453
2023-08-31,31.11,31.2,30.8,31.0,27209
2023-09-01,31.2,31.25,30.48,30.74,27390
2023-09-04,30.81,32.0,30.56,31.98,63634
2023-09-05,32.0,33.01,31.58,32.56,91797
2023-09-06,32.35,33.19,32.35,33.04,72165
2023-09-07,33.26,34.1,32.88,33.14,118314
2023-09-08,32.97,33.52,32.54,33.32,81331
2023-09-11,33.8,34.45,32.92,33.01,126350
2023-09-12,32.9,33.4,32.61,33.15,48085
2023-09-13,33.08,33.22,32.0,32.31,52253
2023-09-14,32.48,32.65,32.08,32.3,34194
2023-09-15,32.35,32.59,31.56,31.77,61964
2023-09-18,31.42,31.76,31.22,31.28,40244
2023-09-19,31.34,31.34,30.34,30.43,52805
2023-09-20,30.54,32.0,30.43,31.62,71033
2023-09-21,31.43,32.25,31.3,31.62,50497
2023-09-22,31.44,33.82,31.35,33.8,123555
2023-09-25,33.8,33.8,32.55,32.72,81750
2023-09-26,33.6,33.6,31.07,31.31,135541
2023-09-27,31.22,31.73,31.07,31.47,52423
2023-09-28,31.65,32.99,31.6,32.33,73234
2023-10-09,32.32,32.59,31.88,32.19,35351
2023-10-10,32.17,32.44,31.49,31.51,42405
2023-10-11,31.65,32.08,31.31,31.58,42192
2023-10-12,31.66,31.95,31.26,31.62,34477
2023-10-13,31.5,31.5,30.86,31.01,43522
2023-10-16,31.0,31.0,29.8,30.07,61956
2023-10-17,30.07,30.87,29.91,30.86,42097
2023-10-18,31.2,31.9,30.3,31.37,92693
2023-10-19,31.1,32.8,31.1,31.6,93082
2023-10-20,31.05,31.35,29.88,30.08,86761
2023-10-23,29.86,30.86,29.65,29.81,45141
2023-10-24,30.21,30.34,29.44,29.9,46412
2023-10-25,30.29,32.75,30.2,32.43,201168
2023-10-26,32.6,33.32,32.2,32.53,144640
2023-10-27,32.55,35.78,32.12,35.78,302999
2023-10-30,35.59,37.54,35.35,37.0,282457
2023-10-31,36.75,37.06,36.37,36.43,126964
2023-11-01,36.6,36.93,35.2,35.6,124965
2023-11-02,35.7,36.15,34.3,34.75,130302
2023-11-03,35.1,36.56,34.86,36.15,126948
2023-11-06,36.0,36.45,35.69,36.0,101594
2023-11-07,36.1,36.95,35.8,36.94,130949
2023-11-08,36.7,37.82,36.58,36.87,148228
2023-11-09,36.83,37.11,36.55,36.79,70300
2023-11-10,36.79,38.08,36.69,37.08,156520
2023-11-13,37.39,38.96,37.04,38.61,191328
2023-11-14,38.69,39.52,37.75,38.08,174480
2023-11-15,38.13,38.38,37.37,37.61,96902
2023-11-16,37.7,38.5,37.35,37.75,89006
2023-11-17,37.75,37.99,37.29,37.69,64551
2023-11-20,37.7,37.77,36.6,37.52,97227
2023-11-21,37.49,38.5,37.15,38.1,113989
2023-11-22,38.01,38.45,37.58,37.65,74244
2023-11-23,37.5,37.9,37.37,37.71,43808
2023-11-24,38.0,38.3,37.21,37.71,90315
2023-11-27,37.71,37.77,34.27,34.84,237168
2023-11-28,34.74,35.55,34.66,35.32,100965
2023-11-29,35.15,36.33,35.01,35.56,69119
2023-11-30,35.61,35.75,33.52,34.26,116565
2023-12-01,34.53,34.63,33.96,34.4,58224
2023-12-04,34.3,34.58,33.63,34.1,71640
2023-12-05,34.2,34.3,33.43,33.43,58168
2023-12-06,33.21,33.75,32.87,32.95,63722
2023-12-07,32.95,33.06,31.8,31.93,86324
2023-12-08,31.92,32.65,31.9,31.96,60412
2023-12-11,32.01,32.8,31.66,32.6,56511
2023-12-12,32.59,33.31,32.58,32.98,56432
2023-12-13,32.8,32.99,32.55,32.61,30367
2023-12-14,32.73,32.93,31.94,32.04,43703
2023-12-15,32.04,32.28,31.72,31.82,33456
2023-12-18,31.83,32.09,31.31,31.42,32212
2023-12-19,31.5,31.88,30.88,31.07,43433
2023-12-20,31.21,31.32,30.45,30.47,47761
2023-12-21,30.16,30.57,29.72,30.31,66265
2023-12-22,30.45,30.88,29.97,30.24,44838
2023-12-25,30.12,30.56,29.97,30.18,30934
2023-12-26,30.16,30.4,29.85,29.95,30388
2023-12-27,30.06,30.72,29.99,30.41,43684
2023-12-28,30.45,31.51,30.33,31.34,57934
2023-12-29,32.01,32.2,31.06,31.38,69866
2024-01-02,31.17,31.6,31.03,31.12,48197
2024-01-03,31.08,31.25,30.85,31.06,31667
2024-01-04,30.99,31.64,30.72,30.84,40066
2024-01-05,30.86,30.93,29.66,29.73,57112
2024-01-08,29.83,29.88,27.0,28.01,115362
2024-01-09,27.99,28.71,27.8,27.98,56250
2024-01-10,27.97,28.3,27.1,28.08,43381
2024-01-11,28.0,29.23,27.9,28.8,44839
2024-01-12,28.8,29.25,28.7,28.8,32771
2024-01-15,28.76,28.76,27.98,28.5,32104
2024-01-16,28.52,28.67,28.0,28.39,25484
2024-01-17,28.3,28.39,27.25,27.25,51736
2024-01-18,27.21,27.65,25.66,26.87,106399
2024-01-19,26.87,27.38,26.79,27.06,43454
2024-01-22,27.13,27.15,24.5,25.0,94386
2024-01-23,25.0,25.59,24.13,25.41,60450
2024-01-24,25.41,25.65,24.28,25.47,65268
2024-01-25,25.64,27.38,25.51,27.28,72403
2024-01-26,27.25,27.52,26.71,26.91,56097
2024-01-29,27.7,27.7,26.21,26.29,55436
2024-01-30,26.48,26.5,25.35,25.43,40411
2024-01-31,25.2,25.47,23.85,23.87,73619
2024-02-01,23.88,23.88,21.48,22.37,257785
2024-02-02,22.26,23.16,20.79,22.05,175734
2024-02-05,22.0,22.37,19.85,19.85,196701
2024-02-06,20.01,21.82,19.28,21.49,197636
2024-02-07,22.01,23.64,21.7,23.64,100223
2024-02-08,24.35,26.0,24.11,26.0,114030
2024-02-19,28.2,28.25,25.94,27.14,280981
2024-02-20,26.74,27.05,26.22,26.56,136417
2024-02-21,26.01,27.68,26.01,26.65,140413
2024-02-22,26.9,27.95,26.8,27.38,124042
2024-02-23,28.2,28.99,27.42,28.97,188670
2024-02-26,28.68,29.03,28.33,28.41,116296
2024-02-27,28.6,30.12,28.22,30.12,140417
2024-02-28,29.95,30.45,27.73,27.79,167083
2024-02-29,27.77,29.22,27.7,29.21,108975
2024-03-01,29.45,30.34,29.02,30.11,123336
2024-03-04,30.68,30.68,29.56,30.2,96368
2024-03-05,30.0,30.0,28.97,29.54,103740
2024-03-06,29.08,29.7,28.94,29.16,64996
2024-03-07,29.26,29.85,28.64,28.73,75645
2024-03-08,29.02,30.1,28.91,29.95,103060
2024-03-11,29.66,29.98,29.08,29.95,69969
2024-03-12,29.94,30.55,29.68,29.97,82265
2024-03-13,30.48,30.83,30.11,30.5,100953
2024-03-14,30.0,30.02,29.17,29.6,105646
2024-03-15,29.7,29.92,29.31,29.85,62552
2024-03-18,29.89,31.46,29.8,31.32,135939
2024-03-19,31.1,31.73,30.68,31.53,115975
2024-03-20,31.64,31.98,31.13,31.26,113047
2024-03-21,30.82,32.4,30.75,32.0,154867
2024-03-22,32.0,32.42,31.54,32.17,129103
2024-03-25,32.04,32.04,30.3,30.41,101296
2024-03-26,30.5,30.98,29.8,29.95,84553
2024-03-27,29.95,30.02,28.4,28.52,104557
2024-03-28,28.42,29.77,28.27,29.02,79386
2024-03-29,29.03,30.08,28.88,29.85,83154
2024-04-01,30.96,31.79,30.76,31.41,133712
2024-04-02,31.53,31.79,31.0,31.38,115982
2024-04-03,30.2,30.2,28.25,29.63,246352
2024-04-08,29.28,29.41,27.66,27.66,146789
2024-04-09,27.58,28.4,27.46,28.06,76521
2024-04-10,27.66,28.15,27.01,27.44,77513
2024-04-11,27.08,27.66,26.78,26.84,64535
2024-04-12,26.85,27.47,26.77,27.06,58220
2024-04-15,27.0,27.47,26.32,26.72,68152
2024-04-16,26.7,26.7,25.25,25.28,109419
2024-04-17,25.65,26.79,25.52,26.67,72493
2024-04-18,26.67,26.86,26.12,26.4,53363
2024-04-19,26.5,26.7,26.02,26.51,57609
2024-04-22,26.3,26.68,25.72,26.33,49604
2024-04-23,26.33,26.61,26.3,26.46,44647
2024-04-24,26.83,27.09,26.38,27.09,56493
2024-04-25,27.0,27.6,26.78,27.13,59265
2024-04-26,27.37,28.0,27.15,27.95,70504
2024-04-29,28.11,28.39,27.81,28.1,74396
2024-04-30,28.15,28.36,27.7,27.95,65804
2024-05-06,28.04,28.46,27.96,28.08,73461
2024-05-07,28.07,28.45,28.04,28.17,57978
2024-05-08,28.14,28.14,27.27,27.3,68987
2024-05-09,27.36,27.48,26.9,27.13,69287
2024-05-10,27.21,27.22,26.06,26.29,77281
2024-05-13,26.15,26.47,25.39,25.82,73874
2024-05-14,25.85,26.24,25.0,25.35,92472
2024-05-15,25.51,25.61,24.93,25.15,54962
2024-05-16,25.52,25.64,25.14,25.23,51799
2024-05-17,25.22,25.8,25.0,25.77,49866
2024-05-20,25.93,26.14,25.61,25.98,57711
2024-05-21,25.95,25.95,25.3,25.55,56061
2024-05-22,25.61,25.62,25.31,25.58,36632
2024-05-23,25.59,25.59,24.86,24.87,63529
2024-05-24,24.82,25.0,24.36,24.4,48026
2024-05-27,24.41,25.01,23.97,24.98,61360
2024-05-28,24.9,25.45,24.46,24.52,59611
2024-05-29,24.5,24.84,24.35,24.58,45084
2024-05-30,24.35,24.89,24.22,24.67,39353
2024-05-31,24.78,25.14,24.66,25.05,48817
2024-06-03,25.32,25.32,24.52,24.75,55278
2024-06-04,24.43,24.69,24.16,24.43,52673
2024-06-05,24.59,24.98,24.25,24.52,47349
2024-06-06,24.73,24.97,24.06,24.68,69052
2024-06-07,24.72,25.1,24.39,24.93,64203
2024-06-11,24.97,25.98,24.68,25.78,104492
2024-06-12,25.58,26.14,25.57,25.8,95409
2024-06-13,25.81,25.94,25.22,25.52,88319
2024-06-14,25.65,25.75,24.13,24.74,208919
2024-06-17,24.63,24.64,23.64,24.03,106741
2024-06-18,24.08,24.27,23.86,24.1,64863
2024-06-19,24.25,24.35,23.45,23.5,69073
2024-06-20,23.5,23.73,23.23,23.23,58874
2024-06-21,23.07,23.89,22.86,23.68,64065
2024-06-24,23.59,23.59,22.77,22.78,56030
2024-06-25,22.67,23.02,22.13,22.42,50094
2024-06-26,22.33,22.97,22.1,22.75,54328
2024-06-27,22.56,22.77,21.95,22.07,53219
2024-06-28,22.1,22.55,21.91,22.08,56042
2024-07-01,22.08,22.59,21.5,22.38,75914
2024-07-02,22.33,22.8,22.18,22.65,67161
2024-07-03,22.44,22.93,22.44,22.68,59751
2024-07-04,22.68,22.73,21.91,21.96,43466
2024-07-05,21.81,22.04,21.6,21.95,36316
2024-07-08,21.79,21.8,20.71,20.81,73953
2024-07-09,20.75,21.08,20.14,20.94,100161
2024-07-10,20.8,21.2,20.75,21.0,62094
2024-07-11,21.46,21.77,21.27,21.3,71068
2024-07-12,21.23,22.33,21.17,22.22,88800
2024-07-15,22.15,22.31,21.6,21.7,46881
2024-07-16,21.51,21.74,21.13,21.6,47217
2024-07-17,21.46,21.66,21.31,21.33,44880
2024-07-18,21.23,21.26,20.64,21.01,59654
2024-07-19,20.8,21.56,20.8,21.39,51134
2024-07-22,21.37,21.66,21.12,21.21,37115
2024-07-23,21.28,21.28,20.27,20.3,52917
2024-07-24,20.33,20.42,19.58,19.59,61625
2024-07-25,19.5,19.8,19.27,19.41,50133
2024-07-26,19.4,19.98,19.38,19.62,48378
2024-07-29,19.78,19.78,19.34,19.36,39173
2024-07-30,19.36,19.51,18.99,19.06,54094
2024-07-31,19.13,20.08,18.91,20.06,104263
2024-08-01,20.2,21.1,20.0,20.19,107856
2024-08-02,20.1,20.22,19.4,19.43,74761
2024-08-05,19.4,19.75,18.35,18.35,113585
2024-08-06,18.83,18.94,17.41,17.88,163955
2024-08-07,17.86,18.29,17.76,17.93,102986
2024-08-08,17.81,17.99,17.32,17.67,86380
2024-08-09,17.77,17.91,17.48,17.48,63069
2024-08-12,17.47,17.5,16.79,16.92,118305
2024-08-13,16.92,17.06,16.54,16.7,118617
2024-08-14,16.8,16.82,15.44,15.62,229572
2024-08-15,15.73,16.88,15.64,16.64,217674
2024-08-16,16.8,16.92,16.36,16.7,151576
2024-08-19,16.68,16.87,16.37,16.55,95528
2024-08-20,16.57,16.6,16.03,16.12,87897
2024-08-21,16.03,16.33,15.99,16.04,69061
2024-08-22,16.05,16.05,15.56,15.6,78329
2024-08-23,15.6,15.82,15.5,15.63,60684
2024-08-26,15.68,15.78,15.4,15.51,64072
2024-08-27,15.51,15.58,15.1,15.18,75922
2024-08-28,15.17,16.36,15.06,15.9,183341
2024-08-29,16.08,16.15,15.4,15.41,150059
2024-08-30,15.48,16.07,15.12,15.74,138182
2024-09-02,15.65,15.74,14.89,14.89,134547
2024-09-03,14.86,15.43,14.7,15.15,90645
2024-09-04,14.94,15.23,14.78,14.98,68495
2024-09-05,14.98,15.28,14.92,14.97,62560
2024-09-06,14.99,15.02,14.33,14.41,93257
2024-09-09,14.35,14.67,14.26,14.39,76928
2024-09-10,14.44,14.6,14.0,14.47,85178
2024-09-11,14.47,14.57,14.29,14.43,52827
2024-09-12,14.5,14.76,14.36,14.4,54866
2024-09-13,14.41,14.49,14.1,14.15,53336
2024-09-18,14.15,14.22,13.8,14.18,67231
2024-09-19,14.2,14.8,14.05,14.67,85409
2024-09-20,14.65,14.89,14.43,14.88,90701
2024-09-23,14.9,15.3,14.8,14.94,107460
2024-09-24,15.05,15.48,14.73,15.48,128456
2024-09-25,15.75,16.12,15.52,15.57,132725
2024-09-26,15.65,16.45,15.5,16.42,129953
2024-09-27,17.0,17.99,16.8,17.86,207171
2024-09-30,18.7,19.65,18.7,19.65,296050
2024-10-08,21.62,21.62,19.69,20.84,388599
2024-10-09,20.77,21.46,19.28,19.62,328220
2024-10-10,19.6,20.35,18.71,18.98,235826
2024-10-11,18.7,18.97,17.5,17.8,151801
2024-10-14,17.8,18.18,17.35,18.01,137049
2024-10-15,18.01,18.38,17.51,17.56,135299
2024-10-16,17.3,17.64,17.03,17.19,109749
2024-10-17,17.33,17.56,16.85,16.88,119382
2024-10-18,16.88,17.97,16.72,17.5,211016
2024-10-21,17.71,18.45,17.54,18.0,225335
2024-10-22,18.08,18.17,17.51,17.74,157769
2024-10-23,17.74,18.2,17.56,17.9,182149
2024-10-24,17.9,17.99,17.38,17.66,119475
2024-10-25,17.46,18.62,17.46,18.33,222111
2024-10-28,18.69,18.84,18.04,18.52,241415
2024-10-29,18.57,18.71,18.05,18.15,192246
2024-10-30,18.05,18.31,17.82,18.09,133152
2024-10-31,18.02,18.35,17.76,18.09,205717
2024-11-01,17.9,18.0,17.06,17.07,233734
2024-11-04,17.06,18.78,17.0,18.78,171504
2024-11-05,20.0,20.18,19.49,19.85,458245
2024-11-06,19.9,20.75,19.7,20.02,320722
2024-11-07,19.8,20.21,19.25,19.69,223607
2024-11-08,20.09,20.53,19.8,19.9,324930
2024-11-11,20.52,21.29,20.52,20.69,382930
2024-11-12,20.88,20.95,19.87,20.09,288765
2024-11-13,20.09,20.22,19.4,19.99,171468
2024-11-14,19.99,20.08,19.25,19.3,152355
2024-11-15,19.2,20.66,19.11,19.97,310411
2024-11-18,20.37,21.14,19.8,20.1,371888
2024-11-19,20.03,20.83,19.6,20.83,336559
2024-11-20,22.75,22.76,21.08,21.39,583669
2024-11-21,21.19,22.62,20.99,22.57,517439
2024-11-22,22.0,22.34,20.76,20.9,412665
2024-11-25,20.59,20.79,19.54,19.89,258387
2024-11-26,19.74,20.15,19.41,19.46,151991
2024-11-27,19.3,19.75,18.74,19.72,164609
2024-11-28,19.72,19.95,19.4,19.5,137098
2024-11-29,19.39,19.85,18.89,19.47,202304
2024-12-02,19.47,19.8,19.27,19.72,150166
2024-12-03,19.73,20.4,19.62,19.9,209038
2024-12-04,20.03,20.55,19.81,19.97,153858
2024-12-05,19.85,19.95,19.66,19.78,124208
2024-12-06,19.81,19.93,19.39,19.51,170971
2024-12-09,19.46,19.47,18.91,19.14,141705
2024-12-10,19.6,19.66,19.04,19.14,160425
2024-12-11,19.1,19.33,19.0,19.23,93548
2024-12-12,19.26,19.5,19.01,19.46,121034
2024-12-13,19.26,19.26,19.0,19.0,114088
2024-12-16,18.88,19.0,18.57,18.65,99912
2024-12-17,18.58,18.75,17.85,17.88,126110
2024-12-18,17.96,18.18,17.7,17.94,81056
2024-12-19,17.89,18.57,17.61,18.53,125623
2024-12-20,18.49,20.38,18.32,20.38,341037
2024-12-23,20.71,21.96,20.5,20.68,602339
2024-12-24,20.57,21.14,19.8,21.0,433707
2024-12-25,20.83,21.01,20.13,20.25,253282
2024-12-26,20.25,21.33,19.93,21.28,406076
2024-12-27,21.28,21.41,20.88,20.99,308782
2024-12-30,20.99,21.28,20.43,20.6,221269
2024-12-31,20.55,20.61,19.05,19.1,275861
2025-01-02,17.61,18.09,17.2,17.47,334255
2025-01-03,17.49,17.55,16.4,16.46,187713
2025-01-06,16.2,16.55,15.92,16.11,135893
2025-01-07,16.36,17.33,15.85,16.78,181093
2025-01-08,16.62,16.94,16.2,16.45,146093
2025-01-09,16.35,16.59,15.85,15.87,180115
2025-01-10,15.59,15.94,15.22,15.23,154700
2025-01-13,15.09,15.23,14.7,15.13,120663
2025-01-14,15.28,15.85,15.21,15.85,146247
2025-01-15,15.82,15.88,15.4,15.43,119361
2025-01-16,15.5,15.92,15.41,15.51,103353
2025-01-17,15.44,15.64,15.22,15.45,96541
2025-01-20,15.42,16.23,15.42,15.89,160639
2025-01-21,15.87,16.06,15.4,15.46,166844
2025-01-22,13.91,15.2,13.91,14.89,278048
2025-01-23,15.27,15.78,14.85,14.87,206903
2025-01-24,14.82,15.36,14.75,15.26,145340
2025-01-27,16.79,16.79,16.79,16.79,64915
2025-02-05,18.47,18.47,18.47,18.47,17215
2025-02-06,20.32,20.32,20.32,20.32,79660
2025-02-07,22.15,22.35,21.02,22.35,1286549
2025-02-10,24.59,24.59,24.59,24.59,77273
2025-02-11,27.05,27.05,25.82,27.05,873245
2025-02-12,27.1,28.86,25.9,27.5,1851392
2025-02-13,27.68,30.25,27.65,30.25,513602
2025-02-14,32.66,33.2,29.26,32.9,1801210
2025-02-17,34.34,36.19,32.33,36.19,803175
2025-02-18,36.19,38.0,32.57,35.5,1630476
2025-02-19,37.5,39.05,36.5,39.05,1673361
2025-02-20,40.0,42.96,39.83,42.96,964253
2025-02-21,44.99,47.26,38.87,40.49,2309658
2025-02-24,36.44,37.23,36.44,36.44,416509
2025-02-25,32.8,35.88,32.8,32.8,1946757
2025-02-26,32.6,32.71,31.33,31.64,1284737
2025-02-27,31.64,33.1,30.79,32.7,1312744
2025-02-28,32.3,33.4,30.98,31.45,982520
2025-03-03,32.02,32.5,29.41,30.06,1142430
2025-03-04,29.6,30.1,29.02,29.86,816346
2025-03-05,30.12,30.58,28.87,30.15,1045762
2025-03-06,30.0,31.41,29.85,31.05,1168281
2025-03-07,31.0,32.63,30.3,30.3,1170882
2025-03-10,30.4,33.33,29.5,31.33,1228346
2025-03-11,31.4,31.68,30.08,31.5,928202
2025-03-12,31.3,34.64,31.21,32.71,1622750
2025-03-13,31.82,31.96,30.0,30.14,1066472
2025-03-14,29.6,29.69,27.99,28.54,966566
2025-03-17,28.44,28.88,28.02,28.63,541600
2025-03-18,28.7,28.99,28.3,28.46,459652
2025-03-19,28.26,28.8,28.05,28.11,405343
2025-03-20,27.88,29.68,27.75,28.58,840765
2025-03-21,28.2,29.5,28.01,28.57,741496
2025-03-24,28.28,29.97,27.27,29.6,1101288
2025-03-25,29.46,29.46,26.64,26.79,898275
2025-03-26,26.6,28.31,26.6,27.47,613582
2025-03-27,27.21,27.77,26.68,26.79,410991
2025-03-28,26.66,27.32,26.14,26.17,421755
2025-03-31,25.89,26.73,25.66,26.58,459357
2025-04-01,26.59,26.69,26.1,26.11,302051
2025-04-02,26.4,26.43,25.78,25.97,247243
2025-04-03,25.61,26.21,25.38,25.59,267824
2025-04-07,23.34,24.5,23.03,23.03,169302
2025-04-08,22.2,22.55,20.9,21.72,644831
2025-04-09,21.72,22.67,20.45,22.29,559259
2025-04-10,22.84,23.56,22.7,23.01,476365
2025-04-11,22.97,23.66,22.97,23.25,339906
2025-04-14,23.55,23.93,23.47,23.55,286540
2025-04-15,23.6,23.8,23.21,23.45,234637
2025-04-16,23.34,23.45,22.43,22.74,275948
2025-04-17,22.73,23.47,22.73,22.91,265722
2025-04-18,22.98,23.44,22.74,23.07,266793
2025-04-21,23.26,23.86,22.91,23.82,312999
2025-04-22,23.6,23.74,23.15,23.15,252872
2025-04-23,23.39,23.9,23.19,23.52,324739
2025-04-24,23.39,23.39,22.44,22.44,309499
2025-04-25,22.83,24.0,22.74,22.88,430784
2025-04-28,23.26,24.6,22.92,23.29,537201
2025-04-29,23.32,24.14,22.93,23.75,494271
2025-04-30,23.83,24.44,23.53,24.24,481147
2025-05-06,24.36,25.25,24.3,25.18,507766
2025-05-07,25.88,25.98,24.84,25.28,629647
2025-05-08,25.1,26.12,25.0,25.92,687622
2025-05-09,25.84,25.84,24.5,24.56,504366
2025-05-12,24.8,25.67,24.46,25.57,492631
2025-05-13,25.58,25.68,24.79,24.99,386575
2025-05-14,24.9,25.43,24.82,25.04,294089
2025-05-15,25.06,26.1,24.54,24.94,598626
2025-05-16,24.11,25.14,23.67,24.92,441572
2025-05-19,24.71,24.76,24.07,24.74,303108
2025-05-20,24.53,25.58,24.5,25.17,457718
2025-05-21,25.17,25.58,24.94,24.95,385661
2025-05-22,24.71,25.16,24.01,24.01,341379
2025-05-23,23.88,23.9,23.07,23.09,366927
2025-05-26,23.02,23.59,23.0,23.41,203788
2025-05-27,23.3,23.31,22.8,22.95,182225
2025-05-28,22.95,23.08,22.29,22.36,203405
2025-05-29,22.5,22.99,22.5,22.82,213033
2025-05-30,22.84,22.89,22.0,22.1,204221
2025-06-03,21.87,22.35,21.81,22.0,140417
2025-06-04,22.12,22.29,21.98,22.16,144775
2025-06-05,22.25,22.98,22.1,22.85,299792
2025-06-06,22.94,23.53,22.7,23.05,328865
2025-06-09,23.08,23.35,23.0,23.2,202757
2025-06-10,23.29,23.31,22.33,22.63,229398
2025-06-11,22.53,22.85,22.49,22.56,131510
2025-06-12,22.48,22.63,22.28,22.38,132975
2025-06-13,22.25,22.29,21.62,21.66,273359
2025-06-16,21.58,22.03,21.51,21.95,168788
2025-06-17,21.98,22.13,21.75,21.99,128247
2025-06-18,21.81,22.16,21.69,22.0,184101
2025-06-19,22.02,22.36,21.6,21.63,176036
2025-06-20,21.64,21.96,21.34,21.38,150904
2025-06-23,21.13,21.64,21.13,21.62,165459
2025-06-24,21.6,22.15,21.51,22.15,186907
2025-06-25,22.23,22.45,22.02,22.38,205112
2025-06-26,22.38,22.82,22.15,22.15,267872
2025-06-27,22.11,22.58,22.03,22.31,212844
2025-06-30,22.33,22.63,22.31,22.5,162281
2025-07-01,22.48,22.52,22.15,22.38,154540
2025-07-02,22.38,22.38,21.73,21.95,179946
2025-07-03,21.9,22.2,21.8,21.93,112474
2025-07-04,21.93,22.14,21.61,21.63,200182
2025-07-07,21.53,21.75,21.39,21.43,137305
2025-07-08,21.43,22.45,21.38,22.22,352026
2025-07-09,22.21,22.26,21.78,21.85,216746
2025-07-10,21.8,21.89,21.66,21.76,134571
2025-07-11,21.76,22.15,21.51,22.05,254730
2025-07-14,21.97,22.59,21.9,22.18,241330
2025-07-15,22.21,22.71,21.97,22.37,401710
2025-07-16,22.69,23.11,22.3,22.38,456795
2025-07-17,22.39,22.78,22.21,22.67,274463
2025-07-18,22.69,22.9,22.5,22.76,259328
2025-07-21,22.76,22.77,22.4,22.65,225448
2025-07-22,22.6,22.8,22.36,22.52,209129
2025-07-23,22.4,23.08,22.31,22.32,294576
2025-07-24,22.45,22.84,22.35,22.81,279254
2025-07-25,22.85,22.96,22.62,22.79,203017
2025-07-28,22.85,22.86,22.5,22.57,180244
2025-07-29,22.54,22.55,21.87,22.2,292582
2025-07-30,22.18,22.22,21.61,21.78,228801
2025-07-31,21.66,22.26,21.66,21.8,274374
2025-08-01,22.0,22.18,21.43,21.86,250845
2025-08-04,21.67,22.13,21.53,21.95,166710
2025-08-05,22.01,22.37,21.84,22.19,236300
2025-08-06,22.08,22.3,22.0,22.2,173024
2025-08-07,22.25,22.41,22.05,22.11,172099
2025-08-08,22.11,22.11,21.68,21.68,186291
2025-08-11,21.64,21.98,21.61,21.94,158094
2025-08-12,21.99,23.19,21.71,22.87,757982
2025-08-13,23.2,24.38,22.89,23.73,1028923
2025-08-14,23.33,23.72,22.96,22.98,542434
2025-08-15,22.88,23.5,22.85,23.25,399850
2025-08-18,23.25,23.87,23.16,23.63,477532
2025-08-19,23.7,23.95,23.36,23.45,350248
2025-08-20,23.35,23.68,23.21,23.65,343699
2025-08-21,23.61,23.99,23.45,23.99,425267
2025-08-22,25.0,26.39,24.71,26.39,871700
2025-08-25,28.69,29.03,26.58,26.66,1642547
2025-08-26,26.39,28.0,26.35,27.19,1054827
2025-08-27,26.89,27.93,26.89,26.91,816469
2025-08-28,26.72,27.13,25.3,26.37,743448
2025-08-29,26.3,26.3,25.48,25.56,420256
2025-09-01,26.04,26.79,25.79,26.41,487511
2025-09-02,26.29,26.35,24.77,24.83,458749
2025-09-03,24.84,25.1,24.0,24.01,324710
2025-09-04,24.12,24.25,22.83,23.25,345336
2025-09-05,23.31,23.88,23.11,23.86,238997
2025-09-08,23.85,24.06,23.63,23.89,212097
2025-09-09,23.83,23.89,23.34,23.42,233644
2025-09-10,23.8,24.0,23.48,23.5,199162
2025-09-11,23.63,24.1,23.41,24.03,251534
2025-09-12,24.02,24.55,23.95,24.07,253851
2025-09-15,24.4,24.57,23.83,23.93,230038
2025-09-16,23.71,23.89,23.42,23.73,233112
2025-09-17,23.65,23.74,23.4,23.44,206737
2025-09-18,23.4,24.2,23.33,23.6,367321
2025-09-19,23.52,24.08,23.31,23.53,234316
2025-09-22,23.53,24.01,23.37,23.84,196818
2025-09-23,23.99,24.05,22.6,23.06,282147
2025-09-24,22.8,23.98,22.71,23.8,297257
2025-09-25,23.96,24.35,23.76,23.99,291589
2025-09-26,23.88,23.88,23.11,23.11,196671
2025-09-29,23.12,23.44,22.83,23.34,151996
2025-09-30,24.09,24.28,23.54,23.78,284664
2025-10-09,23.35,23.91,23.18,23.78,253061
2025-10-10,23.57,23.57,23.0,23.01,225687
2025-10-13,21.7,22.48,21.7,22.41,174275
2025-10-14,22.6,22.73,22.0,22.03,174336
2025-10-15,22.05,22.15,21.73,22.14,130537
2025-10-16,22.05,22.13,21.75,21.81,124012
2025-10-17,21.81,21.91,21.1,21.11,155369
2025-10-20,21.27,21.58,21.16,21.38,97987
2025-10-21,21.39,21.95,21.3,21.75,137738
2025-10-22,21.62,21.73,21.5,21.51,81318
2025-10-23,21.44,21.46,21.1,21.4,96797
2025-10-24,21.45,21.75,21.45,21.69,102332
2025-10-27,21.89,21.98,21.62,21.7,130144
2025-10-28,21.65,21.88,21.55,21.58,106410
2025-10-29,21.58,21.75,21.35,21.73,107362
2025-10-30,21.6,21.6,21.15,21.16,155956
2025-10-31,21.16,21.7,21.16,21.55,142890
2025-11-03,21.55,21.74,21.26,21.73,111078
2025-11-04,21.66,21.7,21.2,21.37,115283
2025-11-05,21.15,21.39,21.03,21.26,102406
2025-11-06,21.22,21.36,21.14,21.27,95996
2025-11-07,21.16,21.54,21.05,21.28,125974
2025-11-10,21.28,21.98,21.28,21.95,242389
2025-11-11,21.96,22.19,21.72,21.89,188985
2025-11-12,21.73,21.84,21.45,21.73,122978
2025-11-13,21.66,22.06,21.62,21.98,131912
2025-11-14,21.86,21.9,21.4,21.41,125665
2025-11-17,21.42,22.01,21.42,21.91,140789
2025-11-18,21.91,22.13,21.65,21.73,115622
2025-11-19,21.71,21.85,21.32,21.51,102302
2025-11-20,21.62,21.9,21.29,21.33,116076
2025-11-21,21.12,21.3,20.21,20.21,186517
2025-11-24,20.25,20.6,19.91,20.49,129033
2025-11-25,20.55,21.36,20.46,20.74,144715
2025-11-26,20.62,20.81,20.18,20.19,122271
2025-11-27,20.19,20.31,20.08,20.13,82757
2025-11-28,20.2,20.5,20.04,20.36,84652
2025-12-01,20.3,20.68,20.18,20.62,98785
2025-12-02,21.01,21.7,21.01,21.01,264912
2025-12-03,20.85,20.97,20.34,20.41,135696
2025-12-04,20.3,20.36,20.03,20.06,90841
2025-12-05,20.1,20.12,19.61,20.08,116246
2025-12-08,20.09,20.22,20.01,20.09,93364
2025-12-09,20.29,20.69,19.98,19.99,113158
2025-12-10,19.91,19.91,19.67,19.8,90953
2025-12-11,19.83,19.88,19.18,19.22,132492
2025-12-12,19.27,19.35,19.05,19.25,92548
2025-12-15,19.13,19.16,18.81,18.88,98804
2025-12-16,18.83,18.88,18.32,18.36,114421
2025-12-17,18.33,18.63,18.15,18.53,103273
2025-12-18,18.46,19.04,18.38,18.71,110209
2025-12-19,18.81,18.92,18.74,18.89,68755
2025-12-22,18.92,19.17,18.89,18.99,81289
2025-12-23,19.0,19.03,18.66,18.68,76628
2025-12-24,18.66,19.07,18.63,19.07,91153
2025-12-25,19.06,19.3,18.95,19.27,90485
2025-12-26,19.2,19.36,19.04,19.18,86154
2025-12-29,19.2,19.48,19.15,19.19,89348
2025-12-30,19.19,19.5,19.06,19.26,100397
2025-12-31,19.33,19.44,19.05,19.3,96880
2026-01-05,19.32,20.44,19.31,20.14,241068
2026-01-06,20.01,20.55,20.0,20.38,195470
2026-01-07,20.3,20.48,20.0,20.07,164911
2026-01-08,20.08,20.66,20.0,20.48,195167
2026-01-09,20.41,21.38,20.36,21.08,280116
2026-01-12,21.63,22.16,21.49,22.07,431523
2026-01-13,22.37,22.37,21.02,21.03,335300
2026-01-14,21.03,21.89,21.03,21.43,321833
2026-01-15,21.22,21.3,20.85,20.95,173236
2026-01-16,20.95,21.09,20.31,20.56,175112
2026-01-19,20.4,20.57,20.14,20.45,109335
2026-01-20,20.45,20.83,20.31,20.49,137893
2026-01-21,20.64,20.98,20.44,20.82,181054
2026-01-22,20.84,20.98,20.71,20.84,136798
2026-01-23,20.9,21.33,20.79,21.27,170954
2026-01-26,21.25,21.9,21.21,21.61,295449
2026-01-27,21.87,22.45,21.59,22.22,491425
2026-01-28,22.3,22.85,22.04,22.05,508626
2026-01-29,21.75,22.25,21.39,21.47,339895
2026-01-30,21.32,22.2,21.13,22.05,312960
2026-02-02,22.48,22.48,21.38,21.38,333173
2026-02-03,21.67,22.09,21.2,21.98,280429
2026-02-04,21.75,21.8,20.81,21.05,262146
2026-02-05,20.8,21.12,20.4,20.66,185335
2026-02-06,20.48,21.6,20.08,21.19,259985
2026-02-09,21.58,21.65,21.25,21.47,145343
2026-02-10,21.61,23.62,21.48,23.62,561279
2026-02-11,23.09,24.04,22.91,23.76,784027
2026-02-12,23.99,24.99,23.35,24.31,830018
2026-02-13,24.0,24.83,24.0,24.3,572803
2026-02-24,23.7,23.8,22.5,23.03,474065
2026-02-25,23.07,23.25,22.43,22.65,374632
2026-02-26,22.63,23.4,22.47,22.94,417373
2026-02-27,22.57,24.2,22.51,23.84,506401
2026-03-02,23.0,23.58,22.85,23.1,342305
2026-03-03,23.2,23.3,21.03,21.33,443225
2026-03-04,20.9,22.07,20.89,21.68,271473
2026-03-05,22.02,22.15,21.12,21.6,311438
2026-03-06,21.47,23.76,21.4,23.76,432672
2026-03-09,24.45,25.9,23.51,24.31,1068630
2026-03-10,24.32,24.68,23.66,24.1,709026
2026-03-11,23.83,24.25,23.79,23.98,455781
2026-03-12,23.98,25.68,23.85,24.98,856221
2026-03-13,24.3,24.45,23.46,23.57,502334
2026-03-16,23.03,23.68,22.6,23.41,281597
2026-03-17,23.63,23.79,22.6,22.65,305105
2026-03-18,22.8,24.92,22.48,24.12,736370
2026-03-19,23.4,24.66,23.4,24.0,593122
2026-03-20,24.09,24.1,22.51,22.51,409149
2026-03-23,22.04,22.5,21.01,21.19,332996
2026-03-24,21.63,21.66,20.4,21.46,328167
2026-03-25,21.48,22.76,21.48,22.31,339484
2026-03-26,22.28,22.28,20.91,21.14,282435
2026-03-27,20.6,21.88,20.53,21.36,260682
2026-03-30,21.12,21.98,20.2,21.45,294750
2026-03-31,21.3,21.96,21.04,21.04,212192
2026-04-01,21.43,21.68,21.01,21.23,233243
2026-04-02,21.06,21.15,19.82,19.88,338681
2026-04-03,20.19,20.4,19.19,19.29,225867
2026-04-07,17.36,17.36,17.36,17.36,30051
2026-04-08,15.62,15.62,15.62,15.62,198534
2026-04-09,15.63,16.05,15.04,15.36,1077434
2026-04-10,15.02,15.29,14.6,14.74,756510
2026-04-13,14.54,15.15,14.53,15.09,524237
2026-04-14,15.15,15.31,14.64,14.85,479642
2026-04-15,14.85,14.88,14.41,14.42,402563
2026-04-16,14.41,15.05,14.31,15.0,498680
2026-04-17,14.91,14.99,14.55,14.93,345478
2026-04-20,14.9,15.13,14.83,14.98,278299
2026-04-21,14.98,14.98,14.4,14.45,326814
2026-04-22,14.38,14.52,13.88,14.51,392698
2026-04-23,14.51,14.94,14.43,14.65,380979
2026-04-24,14.5,14.88,14.3,14.56,353402
2026-04-27,14.42,14.43,13.18,14.09,414243
2026-04-28,13.99,14.17,13.83,14.02,267147
2026-04-29,14.35,15.42,14.3,15.42,756051
