Date,Open,High,Low,Close,Volume
2015-08-13,13.6,14.3,13.59,14.19,225277
2015-08-14,14.19,14.45,13.9,13.94,192541
2015-08-17,13.9,15.1,13.78,15.1,315021
2015-08-18,15.19,15.83,13.59,13.86,431138
2015-08-19,13.21,14.99,13.17,14.99,296790
2015-08-20,14.85,15.5,14.4,14.41,270695
2015-08-21,14.0,14.0,13.03,13.15,193947
2015-08-24,12.5,12.5,11.84,11.84,135432
2015-08-25,10.66,11.0,10.66,10.66,152818
2015-08-26,11.0,11.09,9.66,10.36,237806
2015-08-27,10.83,11.17,10.3,11.07,274694
2015-08-28,11.25,12.08,11.0,12.05,248653
2015-08-31,12.0,12.0,11.08,11.1,162419
2015-09-01,10.85,10.85,9.99,9.99,155110
2015-09-02,9.21,10.42,9.17,9.42,184800
2015-09-07,9.65,10.33,9.5,9.65,136544
2015-09-08,9.79,10.31,9.63,10.29,117227
2015-09-09,10.44,11.08,10.31,11.02,187851
2015-09-10,10.9,11.08,10.63,10.67,120726
2015-09-11,10.65,10.92,10.6,10.82,91375
2015-09-14,11.14,11.6,10.01,10.18,215208
2015-09-15,9.75,10.5,9.59,9.71,113625
2015-09-16,9.8,10.68,9.72,10.68,138639
2015-09-17,10.68,11.15,10.4,10.4,178069
2015-09-18,10.6,10.77,10.3,10.71,109009
2015-09-21,10.5,11.1,10.42,11.05,117399
2015-09-22,11.07,11.26,10.83,11.0,124114
2015-09-23,10.8,10.87,10.54,10.63,85801
2015-09-24,10.71,10.86,10.6,10.74,65374
2015-09-25,10.79,10.8,10.21,10.3,69152
2015-09-28,10.42,10.55,10.18,10.49,44322
2015-09-29,10.31,10.37,10.17,10.2,46789
2015-09-30,10.17,10.38,10.06,10.08,60228
2015-10-08,10.48,10.74,10.4,10.54,83538
2015-10-09,10.51,10.8,10.46,10.71,80107
2015-10-12,10.8,11.42,10.8,11.32,122111
2015-10-13,11.22,11.48,11.11,11.38,103159
2015-10-14,11.39,11.39,11.02,11.06,91819
2015-10-15,10.94,11.37,10.86,11.35,188256
2015-10-16,11.4,11.78,11.35,11.75,200197
2015-10-19,11.75,11.85,11.44,11.54,157163
2015-10-20,11.53,11.86,11.46,11.76,110039
2015-10-21,11.82,11.82,10.6,10.7,142568
2015-10-22,10.9,11.02,10.62,10.93,147054
2015-10-23,11.0,11.3,10.8,11.21,149859
2015-10-26,11.53,11.56,11.08,11.24,142248
2015-10-27,11.13,11.2,10.49,11.06,149755
2015-10-28,11.11,11.28,10.87,10.97,141784
2015-10-29,11.03,11.5,10.98,11.39,168903
2015-10-30,11.52,11.69,11.3,11.4,165306
2015-11-02,11.27,11.64,11.01,11.52,187914
2015-11-03,12.06,12.51,11.75,11.93,346480
2015-11-04,11.7,13.0,11.67,12.85,370068
2015-11-05,12.86,13.7,12.86,13.05,554769
2015-11-06,12.87,13.6,12.81,13.32,337560
2015-11-09,13.7,14.24,13.36,13.44,403829
2015-11-10,13.15,13.79,13.04,13.35,263656
2015-11-11,13.47,13.47,12.99,13.21,224490
2015-11-12,13.14,13.2,12.7,12.86,237464
2015-11-13,12.69,12.97,12.51,12.54,198384
2015-11-16,12.21,12.88,12.2,12.87,125073
2015-11-17,13.33,13.51,12.9,12.96,295697
2015-11-18,12.95,13.24,12.81,12.95,159837
2015-11-19,12.99,13.13,12.78,13.1,124737
2015-11-20,13.11,13.65,13.0,13.41,228034
2015-11-23,13.59,13.62,13.1,13.16,195583
2015-11-24,13.1,13.1,12.77,12.99,120308
2015-11-25,12.91,13.12,12.82,13.09,118252
2015-11-26,13.1,13.28,12.95,13.01,145485
2015-11-27,12.9,12.92,12.0,12.11,161136
2015-11-30,12.25,12.28,11.41,11.89,123797
2015-12-01,11.9,12.13,11.8,12.02,76196
2015-12-02,12.0,12.56,11.91,12.44,97213
2015-12-03,12.4,12.68,12.31,12.45,81047
2015-12-04,12.4,12.48,12.19,12.22,81925
2015-12-07,12.27,12.32,12.11,12.28,58102
2015-12-08,12.24,12.26,11.89,11.91,71841
2015-12-09,11.85,12.02,11.8,11.86,50563
2015-12-10,11.88,12.18,11.88,11.98,65828
2015-12-11,11.98,11.98,11.76,11.83,58518
2015-12-14,11.75,12.23,11.71,12.21,73616
2015-12-15,12.22,12.29,12.1,12.13,79534
2015-12-16,12.16,12.29,12.12,12.14,57081
2015-12-17,12.22,12.43,12.19,12.42,98683
2015-12-18,12.38,12.72,12.3,12.68,134154
2015-12-21,12.63,13.12,12.55,12.92,147729
2015-12-22,12.95,12.99,12.76,12.92,100714
2015-12-23,12.92,13.24,12.84,13.03,167601
2015-12-24,12.98,13.0,12.46,12.61,113493
2015-12-25,12.7,12.96,12.57,12.85,84834
2015-12-28,12.9,13.19,12.48,12.48,142024
2015-12-29,12.54,12.8,12.45,12.78,77937
2015-12-30,12.79,13.06,12.76,12.92,97630
2015-12-31,12.97,12.98,12.66,12.7,75568
2016-01-04,12.7,12.75,11.46,11.49,69714
2016-01-05,11.0,11.65,10.83,11.3,128561
2016-01-06,11.32,11.64,11.25,11.61,83870
2016-01-07,11.4,11.4,10.45,10.45,21450
2016-01-08,10.78,10.9,10.04,10.75,115325
2016-01-11,10.53,10.73,9.92,9.97,102662
2016-01-12,10.06,10.2,9.86,10.04,55725
2016-01-13,10.1,10.35,9.92,9.98,56087
2016-01-14,9.68,10.43,9.48,10.42,98172
2016-01-15,10.39,10.39,9.96,10.02,58007
2016-01-18,9.69,10.55,9.69,10.3,80894
2016-01-19,10.27,10.65,10.18,10.59,57203
2016-01-20,10.53,10.68,10.31,10.43,43478
2016-01-21,10.25,10.42,10.06,10.35,49697
2016-01-22,10.29,10.4,10.01,10.26,37663
2016-01-25,10.35,10.46,10.21,10.27,34750
2016-01-26,10.24,10.24,9.24,9.24,83152
2016-01-27,9.3,9.43,8.53,8.94,66031
2016-01-28,8.9,9.02,8.37,8.48,40601
2016-01-29,8.52,8.96,8.49,8.93,49598
2016-02-01,8.92,8.95,8.64,8.86,29229
2016-02-02,8.88,9.17,8.84,9.17,42993
2016-02-03,9.0,9.28,9.0,9.25,37951
2016-02-04,9.3,9.53,9.22,9.49,36449
2016-02-05,9.5,9.56,9.28,9.35,28072
2016-02-15,9.05,9.2,8.93,9.14,22573
2016-02-16,9.16,9.58,9.16,9.57,48718
2016-02-17,9.5,9.7,9.42,9.69,34863
2016-02-18,9.74,9.88,9.62,9.65,46025
2016-02-19,9.62,10.51,9.53,10.05,79878
2016-02-22,9.98,10.29,9.98,10.26,79154
2016-02-23,10.34,10.34,9.93,10.09,48071
2016-02-24,10.06,10.12,9.82,10.06,39892
2016-02-25,10.0,10.06,9.05,9.09,56406
2016-02-26,9.22,9.32,9.0,9.25,33995
2016-02-29,9.14,9.29,8.61,8.87,47976
2016-03-01,8.97,9.1,8.75,9.07,39493
2016-03-02,9.05,9.51,9.01,9.49,61367
2016-03-03,9.49,9.61,9.41,9.43,57979
2016-03-04,9.44,9.52,9.03,9.33,41770
2016-03-07,9.36,9.58,9.36,9.49,29681
2016-03-08,9.5,9.5,9.1,9.48,30098
2016-03-09,9.42,9.42,9.2,9.32,22810
2016-03-10,9.31,9.33,9.1,9.2,22831
2016-03-11,9.08,9.28,9.05,9.28,31357
2016-03-14,9.31,9.66,9.28,9.56,51286
2016-03-15,9.51,9.55,9.37,9.52,35389
2016-03-16,9.5,9.57,9.33,9.45,28605
2016-03-17,9.42,9.65,9.4,9.59,46038
2016-03-18,9.62,9.95,9.57,9.86,73675
2016-03-21,10.05,10.48,10.0,10.35,154748
2016-03-22,10.15,10.22,10.0,10.1,78443
2016-03-23,10.07,10.26,10.0,10.17,54622
2016-03-24,10.1,10.1,9.87,9.87,68596
2016-03-25,9.87,10.06,9.87,9.98,40054
2016-03-28,10.01,10.22,10.0,10.04,70395
2016-03-29,10.04,10.08,9.76,9.96,34771
2016-03-30,9.99,10.19,9.99,10.19,48176
2016-03-31,10.19,10.36,10.1,10.17,44833
2016-04-01,10.12,10.24,9.95,10.09,35060
2016-04-05,10.08,10.25,10.02,10.23,65735
2016-04-06,10.17,10.27,10.12,10.27,53250
2016-04-07,10.29,10.3,10.04,10.16,50226
2016-04-08,10.12,10.13,9.76,9.93,55557
2016-04-11,10.09,10.22,10.05,10.16,55878
2016-04-12,10.1,10.16,10.0,10.15,33074
2016-04-13,10.15,10.37,10.15,10.32,82365
2016-04-14,10.35,10.38,10.25,10.36,44408
2016-04-15,10.36,10.39,10.22,10.32,38270
2016-04-18,10.27,10.3,10.1,10.29,34523
2016-04-19,10.33,10.34,10.15,10.32,34978
2016-04-20,10.31,10.32,9.7,9.9,60028
2016-04-21,9.84,9.94,9.76,9.84,36050
2016-04-22,9.82,9.91,9.69,9.89,32618
2016-04-25,9.81,9.91,9.7,9.86,41819
2016-04-26,9.84,9.92,9.79,9.91,38311
2016-04-27,9.93,9.94,9.81,9.88,32500
2016-04-28,9.92,9.93,9.69,9.83,26845
2016-04-29,9.76,9.86,9.76,9.83,22784
2016-05-03,9.83,10.07,9.75,10.06,57195
2016-05-04,10.0,10.09,9.9,10.04,42703
2016-05-05,10.03,10.08,10.0,10.05,30123
2016-05-06,10.06,10.1,9.78,9.85,47511
2016-05-09,9.73,9.78,9.21,9.39,49634
2016-05-10,9.36,9.45,9.28,9.44,20208
2016-05-11,9.47,9.48,9.35,9.37,21656
2016-05-12,9.31,9.32,9.12,9.3,29602
2016-05-13,9.21,9.36,9.19,9.24,16927
2016-05-16,9.21,9.29,9.13,9.27,15654
2016-05-17,9.27,9.32,9.16,9.23,23746
2016-05-18,9.28,9.5,9.22,9.35,62339
2016-05-19,9.24,9.39,9.24,9.31,31750
2016-05-20,9.28,9.37,9.16,9.37,23219
2016-05-23,9.35,9.45,9.33,9.44,31148
2016-05-24,9.45,9.52,9.36,9.47,41736
2016-05-25,9.19,9.21,9.02,9.07,40684
2016-05-26,9.05,9.08,8.8,9.06,35807
2016-05-27,8.99,9.01,8.9,8.92,30378
2016-05-30,8.9,8.9,8.8,8.88,24514
2016-05-31,8.88,9.28,8.86,9.27,70705
2016-06-01,9.37,9.52,9.36,9.37,88095
2016-06-02,9.34,9.4,9.25,9.37,38260
2016-06-03,9.35,9.4,9.28,9.36,32218
2016-06-06,9.38,9.42,9.29,9.31,33388
2016-06-07,9.3,9.33,9.23,9.25,29652
2016-06-08,9.27,9.27,9.09,9.15,32042
2016-06-13,9.05,9.05,8.79,8.8,52931
2016-06-14,8.72,8.93,8.72,8.86,35093
2016-06-15,8.73,9.07,8.73,9.01,40826
2016-06-16,9.0,9.0,8.84,8.9,33894
2016-06-17,8.88,8.99,8.87,8.89,35799
2016-06-20,8.87,8.9,8.78,8.86,30258
2016-06-21,8.89,8.98,8.82,8.85,41575
2016-06-22,8.84,8.96,8.8,8.96,28852
2016-06-23,8.93,8.96,8.84,8.9,29300
2016-06-24,8.9,8.96,8.65,8.82,43941
2016-06-27,8.81,9.23,8.76,9.18,81885
2016-06-28,9.18,9.19,9.0,9.15,63261
2016-06-29,9.18,9.2,9.09,9.13,46314
2016-06-30,9.15,9.17,9.05,9.08,34938
2016-07-01,9.1,9.12,8.99,9.05,37943
2016-07-04,8.98,9.25,8.93,9.18,77055
2016-07-05,9.19,9.26,9.14,9.2,53745
2016-07-06,9.2,9.28,9.17,9.27,65675
2016-07-07,9.28,9.28,9.11,9.2,54512
2016-07-08,9.21,9.23,9.14,9.14,37732
2016-07-11,9.17,9.33,9.15,9.25,85583
2016-07-12,9.24,9.4,9.16,9.39,74799
2016-07-13,9.39,9.55,9.38,9.45,100332
2016-07-14,9.41,9.49,9.38,9.44,43406
2016-07-15,9.47,9.5,9.4,9.43,53790
2016-07-18,9.4,9.42,9.25,9.34,53578
2016-07-19,9.32,9.37,9.25,9.32,42718
2016-07-20,9.32,9.42,9.28,9.37,41707
2016-07-21,9.36,9.49,9.34,9.47,60108
2016-07-22,9.44,9.49,9.28,9.28,49459
2016-07-25,9.3,9.39,9.24,9.31,31191
2016-07-26,9.29,9.61,9.29,9.6,75059
2016-07-27,9.63,9.63,9.15,9.26,114161
2016-07-28,9.23,9.8,9.21,9.74,172129
2016-07-29,9.65,9.85,9.57,9.65,148354
2016-08-01,9.66,9.68,9.23,9.39,91540
2016-08-02,9.31,9.46,9.24,9.46,64256
2016-08-03,9.4,10.41,9.35,10.4,335080
2016-08-04,10.14,10.29,10.01,10.07,240881
2016-08-05,10.03,10.28,10.01,10.17,154099
2016-08-08,10.14,10.36,10.04,10.33,150394
2016-08-09,10.26,10.32,10.06,10.16,117488
2016-08-10,10.16,10.22,10.1,10.14,93236
2016-08-11,10.18,10.33,10.08,10.1,103907
2016-08-12,10.03,10.17,9.9,10.13,89077
2016-08-15,10.17,10.62,10.13,10.43,188207
2016-08-16,10.4,10.52,10.35,10.43,96006
2016-08-17,10.45,10.46,10.25,10.3,88892
2016-08-18,10.3,10.38,10.25,10.26,69853
2016-08-19,10.24,10.3,10.14,10.27,51622
2016-08-22,10.29,10.31,10.08,10.1,48959
2016-08-23,10.1,10.18,10.01,10.18,45988
2016-08-24,10.19,10.2,10.12,10.18,39132
2016-08-25,10.12,10.17,10.02,10.16,43454
2016-08-26,10.2,10.36,10.16,10.26,62687
2016-08-29,10.26,10.37,10.25,10.35,59806
2016-08-30,10.32,10.38,10.2,10.23,41634
2016-08-31,10.21,10.26,10.16,10.24,38372
2016-09-01,10.27,10.29,10.08,10.09,37965
2016-09-02,10.09,10.19,10.05,10.08,24443
2016-09-05,10.12,10.22,10.12,10.17,33381
2016-09-06,10.17,10.49,10.15,10.44,98522
2016-09-07,10.43,10.57,10.38,10.39,70166
2016-09-08,10.34,10.49,10.29,10.34,45160
2016-09-09,10.34,10.42,10.32,10.38,47790
2016-09-12,10.2,10.26,10.05,10.07,52189
2016-09-13,10.1,10.15,10.05,10.09,27667
2016-09-14,10.05,10.13,9.95,9.99,33944
2016-09-19,10.0,10.07,9.97,10.05,24781
2016-09-20,10.08,10.08,9.98,10.07,20639
2016-09-21,10.05,10.14,10.03,10.1,23712
2016-09-22,10.2,10.24,10.11,10.13,29563
2016-09-23,10.15,10.17,10.07,10.08,19706
2016-09-26,10.03,10.11,10.0,10.0,30912
2016-09-27,10.0,10.08,9.93,10.06,33326
2016-09-28,10.05,10.05,9.99,10.0,15715
2016-09-29,10.04,10.11,10.0,10.06,23151
2016-09-30,10.06,10.13,10.01,10.12,20216
2016-10-10,10.14,10.27,10.1,10.24,47649
2016-10-11,10.23,10.28,10.15,10.26,46709
2016-10-12,10.21,10.4,10.21,10.31,41778
2016-10-13,10.31,11.14,10.26,10.9,207495
2016-10-14,10.79,10.87,10.69,10.79,79821
2016-10-17,10.76,11.08,10.6,10.67,106711
2016-10-18,10.69,10.8,10.67,10.78,56926
2016-10-19,10.8,10.88,10.61,10.66,57039
2016-10-20,10.67,11.73,10.52,11.0,144725
2016-10-21,10.94,11.2,10.91,11.1,115590
2016-10-24,11.14,11.24,10.98,11.05,74955
2016-10-25,11.06,11.14,11.02,11.11,48050
2016-10-26,11.14,11.32,11.09,11.12,63252
2016-10-27,11.11,11.11,10.97,11.06,43341
2016-10-28,11.06,11.13,10.81,10.84,52862
2016-10-31,10.8,10.94,10.65,10.89,45254
2016-11-01,10.9,11.13,10.86,11.12,67777
2016-11-02,11.03,11.16,10.96,10.96,42863
2016-11-03,10.93,11.22,10.9,11.14,70977
2016-11-04,11.18,11.23,11.1,11.19,52254
2016-11-07,11.2,11.48,11.14,11.38,82638
2016-11-08,11.37,11.59,11.26,11.34,73418
2016-11-09,11.29,11.33,10.82,11.18,79635
2016-11-10,11.25,11.36,11.18,11.25,57813
2016-11-11,11.27,11.45,11.16,11.36,60957
2016-11-14,11.39,11.48,11.3,11.35,60582
2016-11-15,11.34,11.4,11.27,11.34,43307
2016-11-16,11.35,11.57,11.32,11.41,83738
2016-11-17,11.37,11.56,11.25,11.5,67697
2016-11-18,11.5,11.55,11.26,11.3,42696
2016-11-21,11.25,11.46,11.25,11.39,44283
2016-11-22,11.36,11.52,11.35,11.5,56486
2016-11-23,11.9,12.33,11.63,11.7,156271
2016-11-24,11.7,12.87,11.7,12.87,444418
2016-11-25,12.83,13.13,12.29,12.77,345597
2016-11-28,12.78,13.27,12.53,12.95,289669
2016-11-29,12.8,12.83,12.5,12.53,161829
2016-11-30,12.45,12.63,12.36,12.46,95751
2016-12-01,12.46,12.59,12.25,12.32,106056
2016-12-02,12.38,12.49,12.26,12.29,81313
2016-12-05,12.31,12.46,11.9,12.02,120621
2016-12-06,12.09,12.16,11.9,12.1,53022
2016-12-07,12.1,12.57,12.05,12.5,101965
2016-12-08,12.48,12.5,12.3,12.39,53263
2016-12-09,12.43,12.85,12.36,12.6,108844
2016-12-12,12.66,12.77,12.12,12.18,136888
2016-12-13,12.09,13.4,12.09,12.92,251836
2016-12-14,12.91,13.15,12.76,13.02,180833
2016-12-15,12.89,13.35,12.86,12.96,164945
2016-12-16,13.07,13.07,12.65,12.71,133346
2016-12-19,12.65,13.44,12.61,13.43,222112
2016-12-20,13.25,13.52,13.05,13.47,185727
2016-12-21,13.43,13.55,13.12,13.29,158348
2016-12-22,13.3,13.34,13.04,13.33,107252
2016-12-23,13.25,13.33,13.06,13.15,80330
2016-12-26,13.04,13.07,12.7,13.01,96829
2016-12-27,12.93,13.21,12.93,13.03,55682
2016-12-28,13.0,13.08,12.82,12.86,64177
2016-12-29,12.82,12.92,12.4,12.48,88193
2016-12-30,12.44,12.7,12.43,12.58,64308
2017-01-03,12.59,12.8,12.46,12.68,47663
2017-01-04,12.75,13.06,12.69,13.04,87220
2017-01-05,13.03,13.03,12.81,12.86,52746
2017-01-06,12.9,12.9,12.53,12.59,68601
2017-01-09,12.56,12.74,12.49,12.68,58061
2017-01-10,12.65,12.89,12.6,12.69,46239
2017-01-11,12.65,12.68,12.42,12.6,61717
2017-01-12,12.89,13.2,12.34,12.48,171951
2017-01-13,12.3,12.4,11.83,12.01,114244
2017-01-16,12.0,12.1,11.18,11.58,90137
2017-01-17,11.49,11.72,11.36,11.66,51618
2017-01-18,11.6,11.78,11.58,11.67,40404
2017-01-19,11.67,12.47,11.63,11.98,81530
2017-01-20,11.98,12.24,11.94,12.13,39618
2017-01-23,12.13,12.25,12.06,12.15,36434
2017-01-24,12.14,12.32,12.12,12.27,44353
2017-01-25,12.22,12.44,12.17,12.34,31456
2017-01-26,12.41,12.77,12.41,12.72,59736
2017-02-03,12.74,13.17,12.6,12.98,94547
2017-02-06,12.98,13.06,12.73,12.9,59551
2017-02-07,12.88,13.49,12.82,13.43,129055
2017-02-08,13.29,13.47,13.11,13.36,100816
2017-02-09,13.42,13.64,13.32,13.38,133471
2017-02-10,13.35,13.45,13.13,13.3,103373
2017-02-13,13.19,13.41,13.06,13.31,83603
2017-02-14,13.21,13.4,13.11,13.19,66962
2017-02-15,13.04,13.28,12.65,12.74,198668
2017-02-16,12.67,12.94,12.63,12.86,103649
2017-02-17,12.84,13.09,12.77,12.8,85600
2017-02-20,12.79,13.12,12.69,13.05,100367
2017-02-21,13.06,13.12,12.95,13.05,69644
2017-02-22,13.0,13.19,12.98,13.16,90584
2017-02-23,13.15,13.17,12.87,12.95,75233
2017-02-24,13.01,13.01,12.8,12.94,51445
2017-02-27,12.81,12.87,12.71,12.75,68173
2017-02-28,12.77,12.86,12.7,12.84,42817
2017-03-01,12.83,12.86,12.74,12.75,46857
2017-03-02,12.78,12.93,12.69,12.7,42984
2017-03-03,12.69,12.72,12.2,12.44,80559
2017-03-06,12.46,12.67,12.41,12.59,39809
2017-03-07,12.6,12.65,12.42,12.63,45786
2017-03-08,12.61,13.02,12.57,13.0,102701
2017-03-09,12.99,13.05,12.87,12.98,65318
2017-03-10,12.97,13.64,12.77,13.48,134816
2017-03-13,13.28,13.62,13.22,13.49,138252
2017-03-14,13.49,14.15,13.46,13.59,148956
2017-03-15,13.53,13.9,13.46,13.77,121253
2017-03-16,13.86,14.1,13.76,14.1,180544
2017-03-17,14.0,14.14,13.49,13.59,174009
2017-03-20,13.61,13.96,13.52,13.85,110893
2017-03-21,13.84,14.47,13.8,14.4,190793
2017-03-22,14.22,14.66,14.2,14.56,173433
2017-03-23,14.58,14.65,14.07,14.49,144822
2017-03-24,14.41,14.54,14.15,14.4,110661
2017-03-27,14.31,14.32,14.08,14.14,105603
2017-03-28,14.18,14.65,14.12,14.54,146642
2017-03-29,14.53,14.76,14.31,14.32,137435
2017-03-30,14.15,14.41,13.96,14.17,132062
2017-03-31,14.1,14.33,14.09,14.16,61032
2017-04-05,14.17,14.47,14.0,14.37,107374
2017-04-06,14.37,14.84,14.3,14.8,151703
2017-04-07,14.77,14.9,14.57,14.7,102151
2017-04-10,14.51,14.66,14.28,14.32,123558
2017-04-11,14.21,14.69,14.0,14.4,132921
2017-04-12,14.75,15.79,14.65,15.06,356793
2017-04-13,14.98,15.19,14.79,15.09,148877
2017-04-14,14.88,14.97,14.22,14.25,186883
2017-04-17,14.18,14.24,13.6,13.97,119990
2017-04-18,14.0,14.21,13.85,13.88,64218
2017-04-19,13.8,14.2,13.78,14.14,87011
2017-04-20,14.14,14.19,13.6,13.61,92232
2017-04-21,13.6,14.5,13.28,14.18,167562
2017-04-24,13.94,14.02,13.52,13.73,84681
2017-04-25,13.98,13.99,13.68,13.81,67148
2017-04-26,13.82,14.09,13.75,14.04,80083
2017-04-27,14.01,14.67,13.95,14.6,165167
2017-04-28,14.6,14.97,14.41,14.74,150467
2017-05-02,14.65,15.1,14.62,14.74,102159
2017-05-03,13.27,13.27,13.27,13.27,27135
2017-05-04,12.12,12.71,12.12,12.42,378285
2017-05-05,12.3,12.55,12.06,12.14,150490
2017-05-08,12.1,12.36,11.9,11.96,94067
2017-05-09,12.01,12.19,11.95,12.14,79218
2017-05-10,12.18,12.23,11.45,11.45,151829
2017-05-11,11.25,11.25,10.85,11.14,144451
2017-05-12,11.25,11.54,11.18,11.38,111042
2017-05-15,11.38,11.52,11.28,11.3,63361
2017-05-16,11.21,11.58,11.16,11.58,74412
2017-05-17,11.55,11.77,11.51,11.59,80789
2017-05-18,11.39,11.6,11.33,11.48,49663
2017-05-19,11.58,11.76,11.53,11.59,50889
2017-05-22,11.55,11.59,11.44,11.44,45358
2017-05-23,11.42,11.51,11.05,11.13,57396
2017-05-24,11.09,11.36,10.91,11.35,50570
2017-05-25,11.35,11.7,11.18,11.59,67401
2017-05-26,11.52,11.66,11.52,11.55,44014
2017-05-31,11.8,11.81,11.48,11.49,53933
2017-06-01,11.48,11.56,11.31,11.37,44451
2017-06-02,11.44,11.66,11.32,11.59,55337
2017-06-05,11.6,11.92,11.59,11.86,64736
2017-06-06,11.86,11.96,11.77,11.89,45911
2017-06-07,11.85,12.12,11.83,12.1,65067
2017-06-08,12.11,12.44,12.08,12.33,82900
2017-06-09,12.33,12.48,12.25,12.38,77253
2017-06-12,12.59,12.73,12.36,12.37,88959
2017-06-13,12.33,12.46,12.26,12.43,68142
2017-06-14,12.43,12.58,12.34,12.51,73126
2017-06-15,12.3,12.3,12.09,12.14,66930
2017-06-16,12.16,12.27,12.09,12.2,45230
2017-06-19,12.05,12.12,11.89,11.97,69283
2017-06-20,12.0,12.08,12.0,12.02,41996
2017-06-21,12.03,12.09,11.9,12.02,48217
2017-06-22,12.03,12.23,11.95,12.0,74293
2017-06-23,11.98,12.14,11.77,11.99,51088
2017-06-26,12.03,12.25,11.93,12.24,69579
2017-06-27,12.24,12.32,12.12,12.25,72103
2017-06-28,12.22,12.24,12.11,12.15,35938
2017-06-29,12.17,12.2,12.1,12.13,33366
2017-06-30,12.11,12.11,11.9,12.0,60129
2017-07-03,11.99,12.07,11.94,12.05,29984
2017-07-04,12.04,12.04,11.83,11.86,46856
2017-07-05,11.78,11.96,11.78,11.94,33701
2017-07-06,11.97,12.2,11.9,12.12,60012
2017-07-07,12.11,12.16,11.9,12.02,53699
2017-07-10,11.95,12.22,11.89,12.14,93004
2017-07-11,12.1,12.15,11.96,11.97,76734
2017-07-12,11.94,12.18,11.83,12.18,91092
2017-07-13,12.14,12.3,12.11,12.27,92203
2017-07-14,12.25,12.58,12.2,12.43,116701
2017-07-17,12.46,12.51,11.9,11.98,111080
2017-07-18,11.95,12.27,11.95,12.22,66903
2017-07-19,12.27,12.5,12.09,12.49,104938
2017-07-20,12.48,12.57,12.35,12.55,89937
2017-07-21,12.49,12.96,12.43,12.72,154950
2017-07-24,12.67,13.42,12.62,13.42,215241
2017-07-25,13.35,13.35,12.97,13.02,128365
2017-07-26,13.05,13.28,12.86,13.1,96721
2017-07-27,13.0,13.09,12.7,13.05,101221
2017-07-28,12.98,13.09,12.85,12.9,59999
2017-07-31,12.89,12.89,12.54,12.8,81157
2017-08-01,12.85,12.94,12.71,12.75,63045
2017-08-02,12.69,12.79,12.58,12.6,68039
2017-08-03,12.68,12.75,12.59,12.68,52815
2017-08-04,12.71,12.86,12.64,12.71,67897
2017-08-07,12.74,12.79,12.46,12.57,63092
2017-08-08,12.52,12.68,12.46,12.61,49817
2017-08-09,12.57,12.62,12.49,12.61,40697
2017-08-10,12.67,12.7,12.26,12.5,66306
2017-08-11,12.3,12.35,12.03,12.03,56392
2017-08-14,12.05,12.2,12.05,12.19,37077
2017-08-15,12.2,12.25,12.17,12.25,28013
2017-08-16,12.24,12.34,12.21,12.32,29096
2017-08-17,12.36,12.36,12.23,12.35,30495
2017-08-18,12.25,12.43,12.23,12.36,36287
2017-08-21,12.33,12.45,12.33,12.45,23670
2017-08-22,12.44,12.63,12.4,12.53,53406
2017-08-23,12.49,12.62,12.39,12.45,39914
2017-08-24,12.5,12.5,12.2,12.33,42756
2017-08-25,12.34,12.48,12.25,12.44,41792
2017-08-28,12.4,12.83,12.4,12.75,131413
2017-08-29,12.7,12.84,12.55,12.62,64234
2017-08-30,12.58,12.74,12.54,12.62,55281
2017-08-31,12.63,12.68,12.57,12.62,37120
2017-09-01,12.65,12.8,12.55,12.8,83499
2017-09-04,12.77,13.05,12.74,12.83,72317
2017-09-05,12.81,12.91,12.69,12.78,42635
2017-09-06,12.75,12.79,12.63,12.74,47636
2017-09-07,12.73,12.73,12.49,12.52,54952
2017-09-08,12.52,12.61,12.46,12.52,35444
2017-09-11,12.56,12.59,12.48,12.56,23958
2017-09-12,12.58,12.88,12.58,12.74,79020
2017-09-13,12.75,12.8,12.62,12.74,35540
2017-09-14,12.84,13.08,12.76,12.87,111576
2017-09-15,12.83,12.87,12.66,12.79,56651
2017-09-18,12.72,12.82,12.63,12.75,50706
2017-09-19,12.73,12.76,12.53,12.62,53522
2017-09-20,12.6,12.7,12.55,12.63,38320
2017-09-21,12.64,13.2,12.6,12.8,123744
2017-09-22,12.72,12.78,12.54,12.65,56756
2017-09-25,12.59,12.64,12.23,12.27,64032
2017-09-26,12.28,12.72,12.25,12.69,61742
2017-09-27,12.62,12.75,12.54,12.67,42284
2017-09-28,12.6,12.7,12.49,12.53,37755
2017-09-29,12.54,12.77,12.54,12.7,53256
2017-10-09,12.82,12.9,12.68,12.72,51316
2017-10-10,12.72,12.87,12.62,12.84,58220
2017-10-11,12.82,12.82,12.69,12.72,35180
2017-10-12,12.72,12.78,12.63,12.69,37317
2017-10-13,12.64,12.7,12.62,12.68,28849
2017-10-16,12.7,12.71,12.38,12.41,41453
2017-10-17,12.43,12.51,12.38,12.4,28406
2017-10-18,12.4,12.47,12.28,12.3,31643
2017-10-19,12.3,12.35,11.97,12.0,62167
2017-10-20,12.09,12.2,12.02,12.18,24717
2017-10-23,12.18,12.37,12.11,12.31,34037
2017-10-24,12.25,12.38,12.17,12.25,28172
2017-10-25,12.21,12.41,12.21,12.34,21034
2017-10-26,12.31,12.42,12.25,12.32,29822
2017-10-27,12.32,12.41,12.22,12.28,24549
2017-10-30,12.25,12.37,12.02,12.1,40118
2017-10-31,12.17,12.23,12.09,12.23,18008
2017-11-01,12.23,12.32,12.14,12.19,23145
2017-11-02,12.22,12.31,12.14,12.21,24400
2017-11-03,12.21,12.24,12.1,12.23,25922
2017-11-06,12.23,12.23,12.11,12.2,19982
2017-11-07,12.18,12.27,12.15,12.26,32328
2017-11-08,12.24,12.46,12.2,12.36,47241
2017-11-09,12.3,12.37,12.28,12.31,31588
2017-11-10,12.32,12.36,12.23,12.35,30875
2017-11-13,12.3,12.35,11.91,11.94,60924
2017-11-14,12.05,12.15,12.02,12.07,32057
2017-11-15,12.04,12.05,11.91,11.92,23497
2017-11-16,11.95,11.97,11.8,11.8,29683
2017-11-17,11.81,11.88,11.48,11.5,33670
2017-11-20,11.5,11.63,11.11,11.61,22742
2017-11-21,11.58,11.82,11.52,11.72,30289
2017-11-22,11.72,11.74,11.56,11.58,22783
2017-11-23,11.57,11.68,11.31,11.35,20336
2017-11-24,11.36,11.38,11.2,11.25,17458
2017-11-27,11.24,11.28,11.2,11.22,13960
2017-11-28,11.25,11.35,11.19,11.31,21732
2017-11-29,11.31,11.33,11.2,11.3,15909
2017-11-30,11.3,11.31,11.18,11.2,19692
2017-12-01,11.18,11.38,11.18,11.3,18832
2017-12-04,11.3,11.31,11.2,11.21,14344
2017-12-05,11.23,11.26,10.81,10.9,30792
2017-12-06,10.86,11.02,10.86,10.96,20743
2017-12-07,10.96,10.99,10.85,10.9,16732
2017-12-08,10.96,11.41,10.96,11.32,38975
2017-12-11,11.23,11.41,11.2,11.28,21786
2017-12-12,11.65,11.92,11.65,11.71,61033
2017-12-13,11.68,11.78,11.5,11.74,44826
2017-12-14,11.99,11.99,11.37,11.49,69040
2017-12-15,11.42,11.53,11.28,11.43,43846
2017-12-18,11.43,11.46,11.15,11.25,23230
2017-12-19,11.28,11.31,11.21,11.25,17870
2017-12-20,11.29,11.3,11.17,11.25,18685
2017-12-21,11.29,11.42,11.2,11.35,20422
2017-12-22,11.33,11.36,11.22,11.33,17826
2017-12-25,11.29,11.35,10.93,11.03,28188
2017-12-26,11.03,11.1,11.01,11.05,26447
2017-12-27,11.07,11.16,10.95,11.0,21170
2017-12-28,10.98,11.12,10.96,11.01,16238
2017-12-29,11.04,11.11,11.02,11.11,13475
2018-01-02,11.11,11.29,11.11,11.26,23987
2018-01-03,11.3,11.33,11.21,11.28,27488
2018-01-04,11.29,11.3,11.23,11.29,27788
2018-01-05,11.29,11.39,11.23,11.33,26858
2018-01-08,11.33,11.33,11.15,11.26,31452
2018-01-09,11.24,11.29,11.18,11.21,24959
2018-01-10,11.22,11.26,11.13,11.19,21855
2018-01-11,11.14,11.38,11.1,11.35,39365
2018-01-12,11.33,11.38,11.23,11.24,19404
2018-01-15,11.23,11.23,10.93,10.96,48914
2018-01-16,10.95,11.06,10.93,11.06,20768
2018-01-17,11.06,11.28,11.0,11.12,38631
2018-01-18,11.11,11.18,11.02,11.13,25097
2018-01-19,11.15,11.55,11.09,11.36,72192
2018-01-22,11.3,11.38,11.21,11.36,30876
2018-01-23,11.35,11.41,11.2,11.3,31020
2018-01-24,11.32,11.54,11.26,11.45,56290
2018-01-25,11.49,11.57,11.35,11.45,43172
2018-01-26,11.4,11.65,11.4,11.55,38880
2018-01-29,11.68,11.71,11.41,11.45,31919
2018-01-30,11.5,11.61,11.45,11.57,32162
2018-01-31,11.55,11.55,11.31,11.36,28384
2018-02-01,11.35,11.41,11.04,11.1,31987
2018-02-02,11.08,11.12,10.92,11.07,25183
2018-02-05,10.98,11.15,10.88,11.15,25151
2018-02-06,11.0,11.04,10.48,10.48,46746
2018-02-07,10.7,10.77,10.52,10.57,32397
2018-02-08,10.57,10.7,10.57,10.61,15866
2018-02-09,10.38,10.38,9.85,10.0,54897
2018-02-12,10.13,10.13,10.04,10.09,22874
2018-02-13,10.15,10.26,10.12,10.18,21219
2018-02-14,10.16,10.26,10.12,10.21,8747
2018-02-22,10.22,10.36,10.22,10.32,15123
2018-02-23,10.29,10.36,10.27,10.32,14576
2018-02-26,10.33,10.55,10.33,10.49,25994
2018-02-27,10.45,10.5,10.4,10.47,19183
2018-02-28,10.44,10.47,10.31,10.42,22143
2018-03-01,10.32,10.45,10.31,10.45,14226
2018-03-02,10.35,10.49,10.34,10.45,14141
2018-03-05,10.52,10.58,10.48,10.52,15057
2018-03-06,10.54,11.57,10.53,11.15,88504
2018-03-07,11.04,11.08,10.83,10.86,41001
2018-03-08,10.82,11.01,10.82,10.9,19507
2018-03-09,10.95,11.0,10.85,10.98,20610
2018-03-12,11.02,11.11,10.96,11.03,30588
2018-03-13,10.96,11.03,10.85,10.9,29696
2018-03-14,10.93,10.97,10.87,10.87,13094
2018-03-15,10.87,10.98,10.83,10.96,15630
2018-03-16,10.92,11.12,10.92,10.95,20317
2018-03-19,10.94,11.15,10.82,10.93,18801
2018-03-20,10.93,10.93,10.81,10.88,13764
2018-03-21,10.85,11.15,10.85,11.01,36146
2018-03-22,11.05,11.1,10.96,11.01,21278
2018-03-23,10.7,10.8,10.07,10.29,54821
2018-03-26,10.25,10.43,10.03,10.38,18090
2018-03-27,10.47,10.62,10.47,10.55,24004
2018-03-28,10.4,10.68,10.36,10.55,20762
2018-03-29,10.51,10.66,10.46,10.64,27620
2018-03-30,10.63,10.68,10.55,10.63,18671
2018-04-02,10.6,10.8,10.56,10.65,24233
2018-04-03,10.6,10.61,10.45,10.53,23004
2018-04-04,10.53,10.59,10.38,10.38,18152
2018-04-09,10.38,10.44,10.28,10.38,19866
2018-04-10,10.39,10.52,10.39,10.52,17120
2018-04-11,10.53,10.58,10.45,10.48,20015
2018-04-12,10.51,10.59,10.45,10.5,20539
2018-04-13,10.5,10.58,10.42,10.45,16539
2018-04-16,10.46,10.49,10.15,10.3,20011
2018-04-17,10.32,10.37,10.04,10.09,19018
2018-04-18,10.19,10.22,9.99,10.14,22626
2018-04-19,10.09,10.16,10.05,10.12,19278
2018-04-20,10.09,10.12,9.86,9.9,24554
2018-04-23,9.95,9.98,9.71,9.81,24004
2018-04-24,9.83,10.0,9.83,9.96,20961
2018-04-25,9.92,10.11,9.88,10.02,20306
2018-04-26,10.0,10.06,9.87,9.92,12229
2018-04-27,9.9,10.02,9.87,9.92,13429
2018-05-02,9.92,9.96,9.86,9.9,13981
2018-05-03,9.9,10.04,9.85,10.01,17612
2018-05-04,10.0,10.0,9.9,9.94,16450
2018-05-07,9.97,10.03,9.92,10.03,30872
2018-05-08,10.03,10.09,9.98,10.09,19471
2018-05-09,10.07,10.09,10.0,10.04,14236
2018-05-10,10.06,10.15,10.01,10.11,26327
2018-05-11,10.12,10.12,9.9,10.01,18959
2018-05-14,10.0,10.03,9.94,9.98,12327
2018-05-15,9.98,10.0,9.85,9.97,18838
2018-05-16,9.98,9.98,9.86,9.96,13962
2018-05-17,9.94,9.95,9.91,9.93,7725
2018-05-18,9.92,10.01,9.85,9.99,16470
2018-05-21,10.02,10.15,10.02,10.08,28907
2018-05-22,10.07,10.13,10.04,10.13,14860
2018-05-23,10.1,10.11,9.99,10.0,22275
2018-05-24,10.0,10.04,9.96,9.98,13049
2018-05-25,9.99,10.02,9.87,9.88,16144
2018-05-28,9.81,9.99,9.81,9.95,15060
2018-05-29,9.97,9.97,9.8,9.83,19387
2018-05-30,9.78,9.78,9.4,9.42,33701
2018-05-31,9.49,9.58,9.45,9.51,15920
2018-06-01,9.49,9.49,9.16,9.25,31308
2018-06-04,6.75,6.77,6.54,6.59,0
2018-06-05,6.61,6.72,6.61,6.68,0
2018-06-06,9.25,9.3,9.18,9.27,20249
2018-06-07,9.27,9.3,9.07,9.12,34099
2018-06-08,9.12,9.17,8.93,8.97,23313
2018-06-11,8.98,9.05,8.93,8.93,16282
2018-06-12,8.94,9.03,8.94,8.97,14552
2018-06-13,9.0,9.1,8.97,9.0,16911
2018-06-14,9.0,9.08,8.93,9.02,14706
2018-06-15,9.01,9.05,8.61,8.77,34613
2018-06-19,8.76,8.78,7.91,7.95,53138
2018-06-20,8.06,8.2,7.99,8.17,28654
2018-06-21,8.17,8.26,8.05,8.07,20252
2018-06-22,8.1,8.26,8.01,8.25,16627
2018-06-25,8.25,8.31,8.05,8.12,24446
2018-06-26,7.8,7.91,7.72,7.9,22997
2018-06-27,7.9,7.95,7.75,7.8,17391
2018-06-28,7.82,7.88,7.71,7.79,11696
2018-06-29,7.79,8.01,7.7,7.98,19187
2018-07-02,7.99,8.04,7.86,7.9,18457
2018-07-03,7.83,7.97,7.81,7.95,12105
2018-07-04,7.92,7.99,7.9,7.95,14478
2018-07-05,7.99,7.99,7.75,7.76,16549
2018-07-06,7.76,7.85,7.6,7.65,15072
2018-07-09,7.68,7.87,7.68,7.86,11773
2018-07-10,7.86,8.14,7.81,7.97,22045
2018-07-11,7.9,7.93,7.61,7.85,12074
2018-07-12,7.84,8.05,7.82,8.02,14449
2018-07-13,8.03,8.07,7.93,7.98,14535
2018-07-16,7.98,7.99,7.88,7.95,11532
2018-07-17,7.96,8.02,7.85,7.98,10766
2018-07-18,7.99,8.03,7.94,7.98,9886
2018-07-19,7.99,8.03,7.9,7.92,7276
2018-07-20,7.92,8.14,7.87,8.09,17654
2018-07-23,8.07,8.17,8.0,8.14,16613
2018-07-24,8.14,8.33,8.13,8.3,34973
2018-07-25,8.29,8.39,8.26,8.3,15087
2018-07-26,8.32,8.35,8.23,8.32,16782
2018-07-27,8.3,8.34,8.19,8.21,15664
2018-07-30,8.21,8.31,8.21,8.21,13516
2018-07-31,8.23,8.26,8.05,8.25,19519
2018-08-01,8.22,8.26,8.05,8.06,19631
2018-08-02,8.06,8.1,7.75,7.86,20617
2018-08-03,7.86,7.93,7.8,7.82,12104
2018-08-06,7.82,7.87,7.64,7.68,16454
2018-08-07,7.74,7.92,7.64,7.91,17132
2018-08-08,7.9,7.9,7.77,7.82,9304
2018-08-09,7.8,7.99,7.78,7.9,17739
2018-08-10,7.9,7.93,7.8,7.89,10122
2018-08-13,7.8,7.88,7.76,7.86,11376
2018-08-14,7.84,7.9,7.8,7.89,12271
2018-08-15,7.87,7.89,7.68,7.74,15910
2018-08-16,7.65,7.79,7.6,7.72,9227
2018-08-17,7.68,7.98,7.68,7.76,12143
2018-08-20,7.72,7.76,7.55,7.7,13476
2018-08-21,7.69,7.77,7.65,7.72,12408
2018-08-22,7.74,7.74,7.63,7.68,10130
2018-08-23,7.67,7.7,7.61,7.68,9236
2018-08-24,7.63,7.71,7.62,7.68,8602
2018-08-27,7.65,7.79,7.63,7.78,22668
2018-08-28,7.78,7.81,7.73,7.73,17147
2018-08-29,7.74,7.74,7.55,7.63,19889
2018-08-30,7.63,7.67,7.56,7.56,10962
2018-08-31,7.56,7.6,7.52,7.53,11178
2018-09-03,7.5,7.53,7.43,7.47,11937
2018-09-04,7.49,7.58,7.47,7.55,8778
2018-09-05,7.54,7.57,7.46,7.47,7506
2018-09-06,7.46,7.55,7.46,7.48,9213
2018-09-07,7.56,7.6,7.5,7.51,10592
2018-09-10,7.51,7.51,7.32,7.33,11591
2018-09-11,7.35,7.38,7.31,7.34,7059
2018-09-12,7.34,7.53,7.33,7.4,12761
2018-09-13,7.43,7.86,7.39,7.72,51308
2018-09-14,7.65,7.73,7.51,7.6,29132
2018-09-17,7.58,7.59,7.42,7.42,20840
2018-09-18,7.35,7.7,7.35,7.65,36126
2018-09-19,7.63,7.79,7.49,7.75,43792
2018-09-20,7.67,7.71,7.64,7.7,24187
2018-09-21,7.7,7.77,7.63,7.76,30037
2018-09-25,7.73,7.73,7.64,7.68,16583
2018-09-26,7.68,7.74,7.67,7.69,21332
2018-09-27,7.69,7.72,7.63,7.66,15765
2018-09-28,7.63,7.7,7.63,7.67,12494
2018-10-08,7.53,7.63,7.4,7.41,16815
2018-10-09,7.47,7.48,7.35,7.36,15648
2018-10-10,7.37,7.41,7.32,7.37,13917
2018-10-11,7.12,7.2,6.73,6.8,34762
2018-10-12,6.82,6.87,6.55,6.86,21706
2018-10-15,6.93,6.96,6.37,6.53,40234
2018-10-16,6.54,6.75,6.44,6.53,26530
2018-10-17,6.59,6.67,6.45,6.59,15809
2018-10-18,6.6,6.6,6.3,6.34,23840
2018-10-19,6.25,6.46,6.22,6.43,24635
2018-10-22,6.47,7.07,6.47,6.94,64492
2018-10-23,6.96,6.96,6.69,6.76,42189
2018-10-24,6.7,7.02,6.7,6.86,34846
2018-10-25,6.67,6.95,6.62,6.94,30841
2018-10-26,6.93,7.04,6.83,6.85,24847
2018-10-29,6.86,6.95,6.77,6.82,18390
2018-10-30,6.82,7.03,6.72,6.94,28203
2018-10-31,7.0,7.07,6.92,6.98,30767
2018-11-01,6.98,7.27,6.97,7.08,43803
2018-11-02,7.19,7.26,7.08,7.26,41840
2018-11-05,7.2,7.23,7.12,7.21,29473
2018-11-06,7.24,7.24,7.15,7.21,23705
2018-11-07,7.2,7.28,7.16,7.19,17771
2018-11-08,7.21,7.32,7.18,7.19,21668
2018-11-09,7.21,7.22,7.11,7.14,15247
2018-11-12,7.13,7.35,7.1,7.3,22902
2018-11-13,7.22,7.51,7.2,7.41,44823
2018-11-14,7.38,7.5,7.38,7.43,28400
2018-11-15,7.4,7.55,7.37,7.53,28431
2018-11-16,7.52,7.82,7.51,7.76,53815
2018-11-19,7.79,7.98,7.68,7.9,59725
2018-11-20,7.87,7.87,7.6,7.64,44945
2018-11-21,7.6,7.72,7.51,7.69,24323
2018-11-22,7.72,7.97,7.7,7.83,43039
2018-11-23,7.76,7.77,7.37,7.39,46724
2018-11-26,7.32,7.55,7.32,7.5,19964
2018-11-27,7.56,7.6,7.5,7.55,18944
2018-11-28,7.55,7.62,7.41,7.59,20655
2018-11-29,7.61,7.65,7.35,7.36,26226
2018-11-30,7.36,7.62,7.36,7.55,33383
2018-12-03,7.75,7.85,7.66,7.73,46778
2018-12-04,7.72,7.78,7.66,7.75,22155
2018-12-05,7.65,7.71,7.56,7.62,21759
2018-12-06,7.59,7.61,7.45,7.52,16647
2018-12-07,7.45,7.57,7.45,7.54,12427
2018-12-10,7.54,7.54,7.32,7.39,18972
2018-12-11,7.41,7.45,7.28,7.35,22581
2018-12-12,7.44,7.46,7.34,7.38,10126
2018-12-13,7.42,7.53,7.37,7.44,20397
2018-12-14,7.44,7.48,7.27,7.28,17554
2018-12-17,7.32,7.33,7.1,7.28,19239
2018-12-18,7.22,7.29,7.13,7.22,16117
2018-12-19,7.27,7.4,7.19,7.24,18795
2018-12-20,7.28,7.4,7.24,7.36,19846
2018-12-21,7.34,7.45,7.27,7.32,12112
2018-12-24,7.31,7.51,7.31,7.49,14962
2018-12-25,7.51,7.51,7.27,7.42,22280
2018-12-26,7.37,7.44,7.33,7.38,8880
2018-12-27,7.48,7.5,7.34,7.35,11838
2018-12-28,7.35,7.52,7.35,7.47,18970
2019-01-02,7.48,7.49,7.28,7.37,24349
2019-01-03,7.34,7.54,7.29,7.38,14224
2019-01-04,7.25,7.72,7.24,7.68,44224
2019-01-07,7.67,7.72,7.59,7.66,34670
2019-01-08,7.66,7.77,7.6,7.67,28356
2019-01-09,7.65,7.86,7.64,7.73,34183
2019-01-10,7.73,7.77,7.61,7.64,21583
2019-01-11,7.61,7.71,7.61,7.7,18537
2019-01-14,7.67,7.75,7.6,7.65,12121
2019-01-15,7.65,7.74,7.58,7.74,24496
2019-01-16,7.75,8.22,7.75,8.09,113530
2019-01-17,7.98,7.99,7.79,7.8,70847
2019-01-18,7.81,7.84,7.64,7.72,48948
2019-01-21,7.73,7.91,7.71,7.91,37967
2019-01-22,7.88,7.89,7.79,7.8,14202
2019-01-23,7.77,7.85,7.77,7.8,14563
2019-01-24,7.98,8.14,7.91,8.02,71692
2019-01-25,8.1,8.1,7.99,8.0,29304
2019-01-28,8.06,8.15,7.98,8.0,27441
2019-01-29,8.04,8.07,7.85,8.01,29403
2019-01-30,7.95,8.02,7.91,7.93,20119
2019-01-31,7.95,8.08,7.91,7.98,30098
2019-02-01,8.01,8.2,7.98,8.15,32025
2019-02-11,8.18,8.34,8.13,8.29,33870
2019-02-12,8.3,8.54,8.22,8.44,51131
2019-02-13,8.45,8.53,8.37,8.44,42724
2019-02-14,8.45,8.49,8.37,8.48,36267
2019-02-15,8.47,8.54,8.41,8.43,33765
2019-02-18,8.49,8.7,8.49,8.66,42221
2019-02-19,8.88,9.05,8.74,8.76,80218
2019-02-20,8.76,8.92,8.7,8.78,36435
2019-02-21,8.78,8.98,8.71,8.84,66504
2019-02-22,8.83,9.3,8.76,9.26,75236
2019-02-25,9.5,9.92,9.26,9.87,167229
2019-02-26,9.89,10.1,9.67,9.71,143943
2019-02-27,9.65,10.48,9.65,10.04,149835
2019-02-28,9.82,9.93,9.69,9.76,76480
2019-03-01,9.76,9.93,9.57,9.87,63087
2019-03-04,9.98,10.22,9.85,10.05,114063
2019-03-05,10.04,10.08,9.82,10.01,80881
2019-03-06,10.01,10.26,9.96,10.17,97274
2019-03-07,10.13,10.14,9.89,9.99,121224
2019-03-08,9.8,9.8,9.3,9.3,117371
2019-03-11,9.31,9.57,9.31,9.56,64770
2019-03-12,9.57,9.76,9.57,9.65,73155
2019-03-13,9.65,9.81,9.5,9.55,61726
2019-03-14,9.55,9.63,9.26,9.38,48527
2019-03-15,9.45,9.6,9.38,9.5,35609
2019-03-18,9.52,9.71,9.43,9.71,44405
2019-03-19,9.77,9.79,9.61,9.68,45514
2019-03-20,9.69,9.7,9.48,9.62,40044
2019-03-21,9.62,9.74,9.59,9.68,49987
2019-03-22,9.7,9.75,9.59,9.75,36927
2019-03-25,9.68,9.68,9.49,9.5,55127
2019-03-26,9.5,9.62,9.25,9.25,52742
2019-03-27,9.28,9.41,9.2,9.33,37487
2019-03-28,9.33,9.48,9.28,9.35,34242
2019-03-29,9.35,9.65,9.29,9.62,58291
2019-04-01,9.64,9.86,9.64,9.83,77191
2019-04-02,9.83,9.9,9.71,9.77,57699
2019-04-03,9.79,9.99,9.7,9.95,67353
2019-04-04,9.98,10.85,9.98,10.59,188280
2019-04-08,10.6,10.62,10.2,10.33,113784
2019-04-09,10.32,10.38,10.2,10.27,53078
2019-04-10,10.27,10.28,10.02,10.24,54491
2019-04-11,10.24,10.26,9.98,10.0,55968
2019-04-12,10.0,10.1,9.87,9.96,51166
2019-04-15,10.09,10.57,10.09,10.19,119220
2019-04-16,9.96,10.35,9.86,10.35,91086
2019-04-17,10.29,10.33,10.0,10.19,75971
2019-04-18,10.18,10.2,10.0,10.06,39012
2019-04-19,10.05,10.22,10.04,10.14,37355
2019-04-22,10.24,10.27,10.01,10.02,41710
2019-04-23,10.02,10.18,9.94,9.99,40036
2019-04-24,9.99,10.03,9.78,9.91,47516
2019-04-25,9.92,9.93,9.53,9.62,38512
2019-04-26,9.61,9.61,9.38,9.38,36334
2019-04-29,9.42,9.5,9.25,9.26,29388
2019-04-30,9.38,9.45,9.25,9.39,25851
2019-05-06,9.24,9.24,8.63,8.72,55363
2019-05-07,8.78,8.92,8.74,8.87,28088
2019-05-08,8.77,8.96,8.67,8.84,25579
2019-05-09,8.8,8.92,8.68,8.84,25870
2019-05-10,8.86,9.13,8.71,9.06,36811
2019-05-13,9.05,9.05,8.83,8.88,22598
2019-05-14,8.73,8.88,8.72,8.75,19182
2019-05-15,8.82,8.98,8.76,8.92,30934
2019-05-16,8.94,9.01,8.88,8.99,22237
2019-05-17,9.0,9.03,8.6,8.69,26488
2019-05-20,8.71,8.73,8.48,8.62,24979
2019-05-21,8.62,9.08,8.62,8.99,47147
2019-05-22,8.98,9.02,8.82,8.87,26543
2019-05-23,8.82,8.95,8.72,8.75,18090
2019-05-24,8.78,8.86,8.73,8.77,12501
2019-05-27,8.83,9.12,8.8,9.1,32189
2019-05-28,9.11,9.17,9.05,9.08,23553
2019-05-29,9.08,9.13,9.03,9.06,15432
2019-05-30,9.05,9.1,8.91,9.05,17364
2019-05-31,9.05,9.13,8.95,8.99,18572
2019-06-03,9.03,9.12,8.91,8.96,23660
2019-06-04,8.93,9.0,8.88,8.92,13631
2019-06-05,8.97,9.04,8.9,8.9,15432
2019-06-06,8.9,8.95,8.75,8.78,20100
2019-06-10,8.84,8.97,8.76,8.92,18784
2019-06-11,8.94,9.16,8.91,9.14,27141
2019-06-12,9.16,9.2,9.04,9.12,21025
2019-06-13,9.1,9.15,9.01,9.09,14595
2019-06-14,9.08,9.15,8.95,8.99,14822
2019-06-17,8.96,9.05,8.91,9.03,12987
2019-06-18,8.97,9.06,8.91,9.0,14317
2019-06-19,9.17,9.21,9.05,9.05,23421
2019-06-20,9.04,9.35,9.02,9.28,37586
2019-06-21,9.28,9.4,9.22,9.39,33331
2019-06-24,9.35,9.38,9.25,9.3,18458
2019-06-25,9.27,9.3,9.14,9.23,23859
2019-06-26,9.16,9.24,9.1,9.2,10766
2019-06-27,9.23,9.33,9.18,9.2,19140
2019-06-28,9.22,9.25,9.08,9.17,19865
2019-07-01,9.24,9.36,9.24,9.34,31198
2019-07-02,9.31,9.41,9.27,9.39,36784
2019-07-03,9.35,9.6,9.29,9.47,43226
2019-07-04,9.49,9.49,9.3,9.35,34441
2019-07-05,9.37,9.37,9.22,9.31,18426
2019-07-08,9.33,9.34,9.1,9.14,24114
2019-07-09,9.14,9.2,9.1,9.16,11465
2019-07-10,9.15,9.24,9.12,9.16,9824
2019-07-11,9.11,9.24,9.09,9.16,14147
2019-07-12,8.89,8.93,8.81,8.93,14850
2019-07-15,8.96,9.07,8.85,9.02,17526
2019-07-16,8.98,9.08,8.96,9.06,12904
2019-07-17,9.06,9.16,9.02,9.02,12144
2019-07-18,9.01,9.07,8.91,9.02,14046
2019-07-19,9.02,9.13,8.95,8.97,18416
2019-07-22,9.0,9.0,8.76,8.82,18293
2019-07-23,8.9,8.93,8.8,8.83,12510
2019-07-24,8.87,8.93,8.82,8.84,18145
2019-07-25,8.86,8.86,8.76,8.81,17474
2019-07-26,8.81,8.81,8.74,8.81,11871
2019-07-29,8.8,8.82,8.7,8.74,15464
2019-07-30,8.75,8.86,8.74,8.8,19334
2019-07-31,8.76,8.78,8.71,8.71,10405
2019-08-01,8.71,8.71,8.6,8.6,15016
2019-08-02,8.48,8.53,8.39,8.42,19030
2019-08-05,8.47,8.47,8.17,8.18,23639
2019-08-06,8.18,8.18,7.87,8.0,37267
2019-08-07,8.05,8.1,8.0,8.05,11802
2019-08-08,8.1,8.13,8.02,8.04,13810
2019-08-09,8.07,8.1,7.88,7.94,12300
2019-08-12,7.94,8.03,7.9,8.03,17766
2019-08-13,7.95,7.98,7.89,7.92,11756
2019-08-14,8.0,8.05,7.92,7.95,11273
2019-08-15,7.87,7.91,7.73,7.86,18263
2019-08-16,7.89,7.98,7.85,7.9,10962
2019-08-19,8.06,8.44,7.97,8.36,52437
2019-08-20,8.36,8.55,8.32,8.41,31113
2019-08-21,8.35,8.46,8.32,8.33,21120
2019-08-22,8.35,8.43,8.3,8.35,15767
2019-08-23,8.33,8.45,8.33,8.41,21032
2019-08-26,8.4,8.4,8.29,8.33,23477
2019-08-27,8.38,8.52,8.37,8.45,22330
2019-08-28,8.45,8.48,8.35,8.37,14054
2019-08-29,8.41,8.41,8.29,8.33,18391
2019-08-30,8.38,8.39,8.15,8.21,21226
2019-09-02,8.22,8.39,8.21,8.37,16219
2019-09-03,8.42,8.42,8.29,8.37,14762
2019-09-04,8.36,8.49,8.32,8.46,25553
2019-09-05,8.52,8.73,8.51,8.6,38713
2019-09-06,8.65,8.7,8.51,8.6,26164
2019-09-09,8.66,8.76,8.62,8.73,39597
2019-09-10,8.74,8.74,8.63,8.72,15750
2019-09-11,8.72,8.84,8.69,8.75,21585
2019-09-12,8.72,8.82,8.71,8.8,16790
2019-09-16,8.79,8.79,8.53,8.59,65988
2019-09-17,8.55,8.61,8.36,8.39,34581
2019-09-18,8.39,8.47,8.34,8.36,24979
2019-09-19,8.37,8.43,8.33,8.4,14238
2019-09-20,8.42,8.44,8.37,8.39,18779
2019-09-23,8.36,8.39,8.18,8.25,19967
2019-09-24,8.25,8.32,8.22,8.28,14850
2019-09-25,8.28,8.59,8.22,8.36,36545
2019-09-26,8.33,8.38,8.21,8.23,21832
2019-09-27,8.25,8.33,8.18,8.23,16142
2019-09-30,8.21,8.25,8.13,8.14,16927
2019-10-08,8.15,8.2,8.1,8.16,16259
2019-10-09,8.11,8.17,8.08,8.16,13013
2019-10-10,8.16,8.23,8.11,8.22,13742
2019-10-11,8.22,8.32,8.19,8.27,14317
2019-10-14,8.36,8.67,8.36,8.47,44565
2019-10-15,8.41,8.46,8.34,8.38,31702
2019-10-16,8.39,8.48,8.34,8.37,22086
2019-10-17,8.37,8.37,8.28,8.3,16596
2019-10-18,8.31,8.39,8.16,8.17,20022
2019-10-21,8.18,8.23,8.08,8.14,15434
2019-10-22,8.19,8.23,8.15,8.21,11465
2019-10-23,8.22,8.25,8.15,8.15,11990
2019-10-24,8.14,8.19,8.13,8.17,11946
2019-10-25,8.14,8.25,8.14,8.23,14768
2019-10-28,8.19,8.33,8.19,8.32,20585
2019-10-29,8.37,8.37,8.19,8.21,18592
2019-10-30,8.2,8.23,8.08,8.11,20290
2019-10-31,8.1,8.15,8.04,8.04,16612
2019-11-01,8.04,8.14,8.0,8.1,19067
2019-11-04,8.1,8.14,8.03,8.08,17574
2019-11-05,8.08,8.22,8.07,8.18,26665
2019-11-06,8.16,8.2,8.11,8.13,11340
2019-11-07,8.11,8.17,8.07,8.11,21844
2019-11-08,8.12,8.18,8.08,8.11,18537
2019-11-11,8.1,8.1,7.88,7.94,22752
2019-11-12,7.9,7.94,7.85,7.91,13849
2019-11-13,7.89,7.9,7.81,7.83,12660
2019-11-14,7.88,7.9,7.82,7.84,9547
2019-11-15,7.81,7.87,7.72,7.75,20287
2019-11-18,7.77,7.83,7.73,7.8,15686
2019-11-19,7.82,7.87,7.79,7.87,11185
2019-11-20,7.87,7.88,7.79,7.83,14874
2019-11-21,7.83,7.84,7.79,7.83,9340
2019-11-22,7.83,7.88,7.76,7.78,17727
2019-11-25,7.81,7.88,7.78,7.87,19961
2019-11-26,7.87,7.88,7.84,7.85,7732
2019-11-27,7.87,7.88,7.84,7.88,15739
2019-11-28,7.88,7.89,7.79,7.87,15313
2019-11-29,7.87,7.87,7.79,7.83,12199
2019-12-02,7.82,7.87,7.81,7.82,11671
2019-12-03,7.82,7.84,7.79,7.83,12723
2019-12-04,7.83,7.86,7.8,7.83,10436
2019-12-05,7.83,7.93,7.82,7.89,18917
2019-12-06,7.89,7.9,7.85,7.87,12675
2019-12-09,7.89,7.95,7.87,7.94,18279
2019-12-10,7.93,8.03,7.93,7.98,23068
2019-12-11,7.97,8.07,7.97,8.06,19340
2019-12-12,8.04,8.07,8.0,8.0,17706
2019-12-13,8.05,8.15,8.02,8.14,40024
2019-12-16,8.12,8.2,8.08,8.17,28707
2019-12-17,8.16,8.34,8.13,8.26,58216
2019-12-18,8.23,8.26,8.17,8.19,31926
2019-12-19,8.2,8.3,8.19,8.24,34255
2019-12-20,8.21,8.26,8.17,8.17,25020
2019-12-23,8.16,8.17,8.0,8.0,29943
2019-12-24,8.0,8.05,7.99,8.04,14861
2019-12-25,8.04,8.08,8.0,8.04,16674
2019-12-26,8.02,8.09,8.02,8.08,23434
2019-12-27,8.07,8.17,8.04,8.09,29230
2019-12-30,8.06,8.29,8.01,8.25,43979
2019-12-31,8.24,8.29,8.18,8.24,28576
2020-01-02,8.26,8.33,8.26,8.3,50457
2020-01-03,8.33,8.33,8.26,8.28,25582
2020-01-06,8.25,8.32,8.23,8.27,33155
2020-01-07,8.28,8.33,8.27,8.31,28770
2020-01-08,8.29,8.29,8.02,8.19,38996
2020-01-09,8.24,8.29,8.21,8.25,25405
2020-01-10,8.26,8.3,8.19,8.23,22899
2020-01-13,8.24,8.27,8.18,8.27,24495
2020-01-14,8.28,8.46,8.26,8.4,58606
2020-01-15,8.41,8.43,8.3,8.31,30692
2020-01-16,8.36,8.36,8.21,8.23,28476
2020-01-17,8.25,8.28,8.22,8.27,23333
2020-01-20,8.26,8.26,8.21,8.26,20003
2020-01-21,8.26,8.26,8.15,8.15,25355
2020-01-22,8.14,8.18,8.03,8.15,26102
2020-01-23,8.15,8.15,7.9,7.95,40747
2020-02-03,7.17,7.3,7.16,7.16,55023
2020-02-04,7.13,7.25,6.97,7.23,46092
2020-02-05,7.23,7.42,7.21,7.3,33568
2020-02-06,7.33,7.41,7.25,7.38,35711
2020-02-07,7.35,7.35,7.26,7.33,30629
2020-02-10,7.32,7.4,7.24,7.39,23862
2020-02-11,7.38,7.52,7.35,7.45,33626
2020-02-12,7.45,7.47,7.38,7.46,18960
2020-02-13,7.44,7.45,7.37,7.37,20657
2020-02-14,7.37,7.46,7.35,7.4,17849
2020-02-17,7.33,7.56,7.32,7.55,52946
2020-02-18,7.53,7.54,7.47,7.53,37696
2020-02-19,7.5,7.55,7.46,7.47,41913
2020-02-20,7.48,7.67,7.46,7.65,59552
2020-02-21,7.62,7.75,7.61,7.67,62389
2020-02-24,7.64,7.64,7.48,7.57,60064
2020-02-25,7.43,7.47,7.38,7.45,53521
2020-02-26,7.42,7.82,7.36,7.56,69796
2020-02-27,7.54,7.64,7.51,7.58,41529
2020-02-28,7.45,7.49,7.31,7.32,55040
2020-03-02,7.37,7.61,7.32,7.52,45974
2020-03-03,7.59,7.69,7.52,7.55,58880
2020-03-04,7.53,7.71,7.48,7.71,46916
2020-03-05,7.75,7.86,7.68,7.83,62456
2020-03-06,7.73,7.86,7.71,7.84,55540
2020-03-09,7.79,7.91,7.67,7.68,55778
2020-03-10,7.73,7.77,7.54,7.77,58518
2020-03-11,7.79,7.87,7.72,7.78,59238
2020-03-12,7.72,7.74,7.56,7.61,47495
2020-03-13,7.12,7.58,7.1,7.45,57181
2020-03-16,7.48,7.52,7.25,7.26,44626
2020-03-17,7.26,7.41,7.09,7.3,47780
2020-03-18,7.32,7.41,7.18,7.19,44431
2020-03-19,7.19,7.26,7.01,7.1,39167
2020-03-20,7.18,7.19,7.08,7.16,27353
2020-03-23,7.05,7.05,6.85,6.9,40505
2020-03-24,6.96,7.03,6.9,7.0,24757
2020-03-25,7.11,7.15,7.06,7.13,28793
2020-03-26,7.13,7.13,7.04,7.05,19351
2020-03-27,7.1,7.16,7.08,7.09,18204
2020-03-30,7.05,7.05,6.92,6.98,21255
2020-03-31,7.03,7.05,6.92,6.95,23062
2020-04-01,6.97,7.0,6.9,6.9,21277
2020-04-02,6.86,6.94,6.86,6.94,20455
2020-04-03,6.94,6.94,6.87,6.89,23472
2020-04-07,6.98,7.02,6.94,6.99,30950
2020-04-08,6.99,7.05,6.95,7.03,34565
2020-04-09,7.06,7.07,7.01,7.03,26302
2020-04-10,7.04,7.06,6.91,6.95,26100
2020-04-13,6.94,6.95,6.89,6.91,15361
2020-04-14,6.91,6.99,6.9,6.99,18033
2020-04-15,6.98,7.0,6.92,6.96,18734
2020-04-16,6.96,6.97,6.91,6.91,19182
2020-04-17,6.93,6.96,6.91,6.94,25234
2020-04-20,6.95,7.01,6.92,7.01,25246
2020-04-21,6.98,7.0,6.91,6.96,21182
2020-04-22,6.95,7.05,6.93,7.03,25542
2020-04-23,7.03,7.12,7.0,7.07,25005
2020-04-24,7.09,7.24,7.05,7.11,46799
2020-04-27,7.2,7.38,7.11,7.16,69252
2020-04-28,7.08,7.17,6.91,7.1,45923
2020-04-29,7.28,7.3,7.17,7.19,50632
2020-04-30,7.25,7.35,7.16,7.31,37940
2020-05-06,7.28,7.28,7.14,7.22,39151
2020-05-07,7.21,7.65,7.15,7.42,80795
2020-05-08,7.4,7.43,7.3,7.35,42285
2020-05-11,7.36,7.39,7.21,7.26,34322
2020-05-12,7.26,7.29,7.22,7.29,15161
2020-05-13,7.25,7.27,7.21,7.25,16664
2020-05-14,7.25,7.25,7.17,7.17,22115
2020-05-15,7.27,7.31,7.19,7.21,21020
2020-05-18,7.19,7.2,7.13,7.16,19582
2020-05-19,7.18,7.21,7.14,7.17,18591
2020-05-20,7.17,7.17,7.08,7.11,17835
2020-05-21,7.14,7.14,7.09,7.1,13153
2020-05-22,7.08,7.2,7.05,7.13,25058
2020-05-25,7.15,7.15,7.05,7.08,17430
2020-05-26,7.08,7.14,7.07,7.14,17848
2020-05-27,7.14,7.17,7.08,7.11,19991
2020-05-28,7.12,7.18,7.08,7.17,23850
2020-05-29,7.16,7.19,7.13,7.14,16425
2020-06-01,7.16,7.29,7.14,7.26,33717
2020-06-02,7.29,7.39,7.26,7.37,36249
2020-06-03,7.37,7.39,7.29,7.31,36149
2020-06-04,7.34,7.36,7.29,7.31,28855
2020-06-05,7.32,7.35,7.27,7.34,29176
2020-06-08,7.34,7.36,7.29,7.33,37347
2020-06-09,7.05,7.05,6.93,7.0,33730
2020-06-10,7.0,7.0,6.96,6.99,15425
2020-06-11,7.01,7.02,6.95,6.98,21167
2020-06-12,6.93,6.95,6.87,6.93,19107
2020-06-15,6.95,6.97,6.88,6.89,22557
2020-06-16,6.9,6.96,6.9,6.94,14942
2020-06-17,6.95,6.98,6.94,6.96,20845
2020-06-18,6.98,7.0,6.92,6.98,17815
2020-06-19,6.95,7.05,6.95,6.97,31559
2020-06-22,7.01,7.15,6.97,7.1,50854
2020-06-23,7.09,7.13,7.05,7.09,29134
2020-06-24,7.1,7.12,7.03,7.05,17396
2020-06-29,7.06,7.07,6.94,6.96,29094
2020-06-30,6.98,7.02,6.95,7.0,20350
2020-07-01,6.98,7.05,6.94,7.05,24564
2020-07-02,7.05,7.22,7.02,7.19,57041
2020-07-03,7.19,7.45,7.19,7.42,101926
2020-07-06,7.49,7.88,7.47,7.83,170742
2020-07-07,7.98,8.02,7.74,7.79,129611
2020-07-08,7.79,7.98,7.72,7.93,112096
2020-07-09,7.86,7.97,7.8,7.92,84687
2020-07-10,7.91,8.29,7.83,8.0,122757
2020-07-13,7.88,8.14,7.88,8.1,87102
2020-07-14,8.1,8.14,7.96,8.03,74176
2020-07-15,8.04,8.06,7.82,7.88,57008
2020-07-16,7.91,7.99,7.65,7.66,58676
2020-07-17,7.66,7.75,7.49,7.61,47671
2020-07-20,7.71,7.92,7.71,7.85,50223
2020-07-21,7.85,8.04,7.78,8.03,67517
2020-07-22,7.95,8.06,7.9,7.94,55459
2020-07-23,7.9,7.93,7.7,7.84,44958
2020-07-24,7.83,7.86,7.54,7.56,41500
2020-07-27,7.66,7.66,7.5,7.56,25129
2020-07-28,7.5,7.65,7.5,7.6,22174
2020-07-29,7.54,7.77,7.51,7.76,32498
2020-07-30,7.8,8.54,7.78,8.54,210127
2020-07-31,8.54,9.39,8.52,9.39,192058
2020-08-03,10.33,10.33,10.33,10.33,24035
2020-08-04,11.36,11.36,11.36,11.36,31934
2020-08-05,12.5,12.5,12.2,12.5,652018
2020-08-06,13.0,13.75,12.25,13.75,1232577
2020-08-07,13.61,15.03,12.59,14.0,1186470
2020-08-10,13.7,15.4,13.7,15.4,1055640
2020-08-11,15.5,16.94,15.46,16.2,1541204
2020-08-12,14.71,15.17,14.58,14.58,339211
2020-08-13,13.83,14.58,13.12,13.5,1164027
2020-08-14,13.0,13.23,12.15,12.22,1016770
2020-08-17,12.23,13.1,12.13,12.75,858589
2020-08-18,12.63,13.98,12.63,13.45,1003229
2020-08-19,13.04,13.2,12.11,12.11,856152
2020-08-20,11.74,12.21,11.61,11.84,453429
2020-08-21,11.95,11.98,11.18,11.57,501184
2020-08-24,11.57,11.87,11.11,11.66,407847
2020-08-25,11.55,11.66,11.11,11.2,391803
2020-08-26,11.1,11.37,10.9,10.98,365420
2020-08-27,11.04,11.05,10.61,10.95,323479
2020-08-28,10.96,11.12,10.73,11.06,256616
2020-08-31,11.15,11.23,10.82,10.82,274610
2020-09-01,10.84,10.9,10.55,10.75,248605
2020-09-02,10.76,10.82,10.55,10.63,191096
2020-09-03,10.67,10.75,10.45,10.47,202929
2020-09-04,10.25,10.5,10.2,10.43,185311
2020-09-07,10.41,10.44,9.98,10.0,225921
2020-09-08,10.0,10.19,9.9,10.18,203655
2020-09-09,10.02,10.03,9.76,9.8,186036
2020-09-10,9.83,9.92,9.42,9.42,182021
2020-09-11,9.48,9.78,9.4,9.73,195463
2020-09-14,9.72,9.78,9.44,9.7,163750
2020-09-15,9.63,9.86,9.54,9.86,227662
2020-09-16,9.86,9.86,9.37,9.45,234963
2020-09-17,9.45,9.67,9.3,9.61,187239
2020-09-18,9.58,10.31,9.52,10.2,451683
2020-09-21,10.11,10.48,9.83,10.21,418188
2020-09-22,9.95,10.26,9.93,9.96,220220
2020-09-23,10.0,10.66,9.81,10.53,427875
2020-09-24,10.3,10.53,10.09,10.11,261826
2020-09-25,10.16,10.24,9.97,10.17,191422
2020-09-28,10.6,10.99,10.08,10.08,424699
2020-09-29,9.86,10.38,9.82,10.26,308289
2020-09-30,10.18,10.4,10.06,10.3,246970
2020-10-09,10.51,11.08,10.39,10.91,444245
2020-10-12,11.22,11.45,10.63,11.14,570187
2020-10-13,11.12,11.3,10.89,11.19,367207
2020-10-14,11.12,11.25,10.07,10.07,535019
2020-10-15,9.85,9.93,9.6,9.69,278425
2020-10-16,9.64,9.79,9.53,9.64,156347
2020-10-19,9.7,9.72,9.48,9.48,129543
2020-10-20,9.48,9.57,9.27,9.55,121931
2020-10-21,9.53,9.53,9.32,9.36,89644
2020-10-22,9.32,9.36,9.23,9.28,83269
2020-10-23,9.31,9.38,9.21,9.23,73857
2020-10-26,9.27,9.36,9.19,9.27,59721
2020-10-27,9.28,9.29,9.2,9.25,59206
2020-10-28,9.21,9.27,9.06,9.11,92971
2020-10-29,8.93,9.08,8.88,9.0,92378
2020-10-30,9.08,9.08,8.5,8.61,162630
2020-11-02,8.6,8.67,8.5,8.61,67788
2020-11-03,8.61,8.9,8.58,8.88,98386
2020-11-04,8.9,8.93,8.77,8.78,70127
2020-11-05,8.85,9.05,8.82,9.02,101585
2020-11-06,9.03,9.06,8.9,8.93,79619
2020-11-09,8.99,9.28,8.95,9.18,113198
2020-11-10,9.28,9.35,9.06,9.14,114856
2020-11-11,9.16,9.24,9.01,9.07,74460
2020-11-12,9.06,9.12,8.96,9.05,69824
2020-11-13,9.0,9.03,8.87,8.92,67587
2020-11-16,8.99,9.12,8.96,9.11,66037
2020-11-17,9.1,9.15,9.02,9.1,69214
2020-11-18,9.06,9.16,9.03,9.08,59020
2020-11-19,9.06,9.08,8.97,9.06,66787
2020-11-20,9.05,9.08,8.92,9.07,82735
2020-11-23,9.06,9.55,9.02,9.35,213888
2020-11-24,9.31,9.5,9.27,9.31,104206
2020-11-25,9.34,9.49,9.22,9.23,92370
2020-11-26,9.2,9.27,9.06,9.1,62003
2020-11-27,9.11,9.24,9.08,9.24,54188
2020-11-30,9.24,9.48,9.21,9.25,143912
2020-12-01,9.22,9.56,9.17,9.46,168909
2020-12-02,9.43,9.79,9.4,9.72,227982
2020-12-03,9.62,9.73,9.49,9.65,155210
2020-12-04,9.6,9.68,9.44,9.64,105992
2020-12-07,9.72,9.86,9.56,9.56,115138
2020-12-08,9.57,10.1,9.4,9.88,243282
2020-12-09,9.89,10.45,9.72,10.15,346661
2020-12-10,10.02,10.53,10.0,10.42,290332
2020-12-11,10.38,10.46,10.06,10.39,210856
2020-12-14,10.34,10.34,9.92,10.18,173395
2020-12-15,10.15,10.22,9.98,10.06,110568
2020-12-16,10.05,10.13,9.5,9.87,196412
2020-12-17,9.75,10.01,9.7,9.94,124705
2020-12-18,9.96,10.29,9.91,10.07,132582
2020-12-21,10.08,10.13,9.91,9.96,102658
2020-12-22,9.93,9.95,9.62,9.69,118904
2020-12-23,9.7,9.87,9.58,9.72,91178
2020-12-24,9.68,9.78,9.53,9.62,77619
2020-12-25,9.55,9.7,9.33,9.62,92135
2020-12-28,9.63,9.8,9.54,9.6,75417
2020-12-29,9.59,9.72,9.46,9.56,72570
2020-12-30,9.52,10.28,9.48,9.9,181970
2020-12-31,9.92,10.2,9.86,10.07,148760
2021-01-04,10.07,10.12,9.81,9.97,138883
2021-01-05,9.98,10.0,9.75,9.9,146262
2021-01-06,9.83,9.9,9.56,9.69,120292
2021-01-07,9.64,9.68,9.13,9.35,126460
2021-01-08,9.26,9.33,8.97,8.98,126914
2021-01-11,8.99,9.02,8.76,8.85,89053
2021-01-12,8.85,9.51,8.82,9.37,158451
2021-01-13,9.34,9.6,9.1,9.1,116788
2021-01-14,8.99,9.15,8.87,8.98,67379
2021-01-15,8.95,9.1,8.84,8.93,72271
2021-01-18,8.88,9.12,8.88,8.99,56294
2021-01-19,8.99,9.09,8.93,8.96,71415
2021-01-20,9.02,9.35,8.94,9.1,99869
2021-01-21,9.03,9.13,8.97,9.01,94834
2021-01-22,8.99,9.04,8.86,8.91,76357
2021-01-25,8.93,8.93,8.62,8.65,91916
2021-01-26,8.6,8.72,8.4,8.5,75329
2021-01-27,8.5,8.57,8.45,8.47,38609
2021-01-28,8.47,8.95,8.31,8.77,107313
2021-01-29,8.72,8.75,8.47,8.51,68290
2021-02-01,8.51,8.58,8.38,8.48,36762
2021-02-02,8.47,8.62,8.41,8.58,34358
2021-02-03,8.56,8.56,8.35,8.35,39856
2021-02-04,8.34,8.43,8.15,8.17,57557
2021-02-05,8.18,8.43,8.16,8.2,40117
2021-02-08,9.02,9.02,8.95,9.02,80154
2021-02-09,9.59,9.59,9.03,9.21,227331
2021-02-10,9.15,9.57,9.07,9.34,142033
2021-02-18,9.38,9.64,9.33,9.39,155298
2021-02-19,9.4,9.73,9.35,9.73,140706
2021-02-22,9.76,10.29,9.76,9.93,201820
2021-02-23,9.99,10.37,9.99,10.24,167259
2021-02-24,10.21,10.33,9.91,9.97,139119
2021-02-25,10.02,10.23,9.96,10.03,102518
2021-02-26,9.9,10.06,9.79,9.8,119569
2021-03-01,9.85,9.96,9.68,9.8,93179
2021-03-02,9.85,9.94,9.64,9.8,89325
2021-03-03,9.78,10.0,9.73,9.95,92587
2021-03-04,9.89,9.94,9.72,9.78,67490
2021-03-05,9.84,10.07,9.72,9.92,84144
2021-03-08,9.96,9.98,9.66,9.68,72953
2021-03-09,9.68,9.77,9.38,9.45,95229
2021-03-10,9.51,9.55,9.31,9.39,50875
2021-03-11,9.45,9.59,9.38,9.55,58994
2021-03-12,9.59,9.9,9.52,9.84,85363
2021-03-15,9.78,9.99,9.7,9.83,70293
2021-03-16,9.84,9.9,9.63,9.71,55753
2021-03-17,9.68,9.77,9.61,9.72,41936
2021-03-18,9.71,10.44,9.67,10.31,175951
2021-03-19,10.18,10.4,10.08,10.13,128033
2021-03-22,10.08,10.2,10.0,10.06,102888
2021-03-23,10.06,10.37,10.01,10.1,108553
2021-03-24,10.03,10.2,9.97,10.0,72859
2021-03-25,9.99,10.01,9.58,9.58,107594
2021-03-26,9.62,9.67,9.57,9.63,58290
2021-03-29,9.65,9.75,9.54,9.6,49476
2021-03-30,9.61,9.61,9.45,9.52,43966
2021-03-31,9.57,9.79,9.5,9.66,50221
2021-04-01,9.68,9.98,9.62,9.94,74607
2021-04-02,9.9,9.93,9.71,9.77,50114
2021-04-06,9.74,9.82,9.67,9.68,33496
2021-04-07,9.71,10.45,9.7,10.2,207602
2021-04-08,10.17,10.23,9.95,10.06,103567
2021-04-09,10.05,10.2,10.01,10.15,78643
2021-04-12,10.38,10.38,10.04,10.12,99154
2021-04-13,10.05,10.13,9.92,9.98,63005
2021-04-14,9.95,10.1,9.91,10.09,52524
2021-04-15,10.02,10.08,9.91,9.93,48975
2021-04-16,10.1,10.59,10.0,10.42,187581
2021-04-19,10.39,10.59,10.31,10.56,143739
2021-04-20,10.44,10.89,10.39,10.49,177248
2021-04-21,10.52,10.85,10.45,10.68,150173
2021-04-22,10.73,10.78,10.4,10.43,126419
2021-04-23,10.44,10.49,10.27,10.38,81773
2021-04-26,10.32,10.32,10.1,10.1,93131
2021-04-27,10.1,10.18,9.96,10.15,64390
2021-04-28,10.16,10.19,10.04,10.08,54018
2021-04-29,10.06,10.26,10.01,10.19,61268
2021-04-30,10.22,10.33,10.06,10.1,60063
2021-05-06,10.15,10.15,9.92,9.96,67016
2021-05-07,9.98,10.28,9.97,10.08,64824
2021-05-10,10.07,10.07,9.63,9.71,130058
2021-05-11,9.68,9.83,9.66,9.79,44263
2021-05-12,9.82,9.84,9.67,9.78,36307
2021-05-13,9.76,9.84,9.68,9.73,41429
2021-05-14,9.76,10.18,9.73,10.1,106903
2021-05-17,10.01,10.05,9.78,9.79,87246
2021-05-18,9.79,9.86,9.75,9.78,53044
2021-05-19,9.77,9.87,9.71,9.75,45197
2021-05-20,9.73,9.93,9.71,9.87,57453
2021-05-21,9.86,9.91,9.77,9.88,42844
2021-05-24,9.83,9.92,9.8,9.86,44884
2021-05-25,9.86,10.15,9.85,10.07,99418
2021-05-26,10.13,10.37,10.12,10.29,141082
2021-05-27,10.29,10.32,10.15,10.22,69311
2021-05-28,10.19,10.36,10.19,10.35,81751
2021-05-31,10.28,10.3,10.06,10.19,84354
2021-06-01,10.2,11.21,10.11,11.21,189317
2021-06-02,11.5,12.27,11.12,11.13,466154
2021-06-03,10.91,11.86,10.83,11.58,312864
2021-06-04,11.37,12.02,11.18,11.58,277834
2021-06-07,11.54,11.63,11.19,11.4,174437
2021-06-08,11.15,11.27,10.92,10.99,142356
2021-06-09,11.1,11.8,10.89,11.52,226855
2021-06-10,11.39,11.75,11.36,11.51,215618
2021-06-11,11.49,11.59,11.16,11.18,140274
2021-06-15,11.06,11.13,10.9,10.95,98073
2021-06-16,10.97,11.5,10.84,11.18,153351
2021-06-17,11.1,11.39,11.1,11.15,108885
2021-06-18,11.24,11.63,11.03,11.41,151851
2021-06-21,11.32,11.6,11.09,11.19,150837
2021-06-22,11.22,11.47,11.16,11.34,140814
2021-06-23,11.3,11.49,11.24,11.42,129019
2021-06-24,11.24,11.65,11.18,11.39,123963
2021-06-25,11.48,12.53,11.48,12.53,377689
2021-06-28,12.23,12.29,11.83,11.95,306264
2021-06-29,11.83,11.97,11.6,11.68,161382
2021-06-30,11.68,11.95,11.61,11.91,136068
2021-07-01,11.92,12.04,11.12,11.2,182649
2021-07-02,11.05,11.15,10.72,11.0,122093
2021-07-05,11.02,11.16,10.76,10.99,78417
2021-07-06,10.92,11.38,10.9,11.24,108797
2021-07-07,11.18,11.35,11.11,11.26,87300
2021-07-08,11.2,11.32,11.05,11.08,87536
2021-07-09,11.09,11.6,11.03,11.38,148903
2021-07-12,11.38,11.53,11.29,11.4,92057
2021-07-13,11.33,11.39,11.1,11.18,101007
2021-07-14,11.24,11.33,11.02,11.19,94879
2021-07-15,11.13,11.51,11.02,11.39,106687
2021-07-16,11.32,11.51,11.31,11.4,101480
2021-07-19,11.31,11.41,11.12,11.37,81949
2021-07-20,11.21,11.75,11.21,11.55,118220
2021-07-21,11.47,11.65,11.42,11.6,108417
2021-07-22,11.6,12.01,11.56,11.84,130056
2021-07-23,11.77,11.97,11.51,11.61,168850
2021-07-26,11.57,11.6,10.94,10.97,161647
2021-07-27,10.98,11.11,10.8,10.83,88437
2021-07-28,10.72,10.87,10.4,10.46,90571
2021-07-29,10.6,10.71,10.5,10.58,70923
2021-07-30,10.58,10.68,10.33,10.51,76924
2021-08-02,10.35,10.73,10.16,10.63,91341
2021-08-03,10.63,10.78,10.51,10.57,68978
2021-08-04,10.67,10.89,10.56,10.73,79943
2021-08-05,10.7,10.93,10.61,10.78,80313
2021-08-06,10.77,10.77,10.61,10.74,50142
2021-08-09,10.64,10.9,10.61,10.79,56621
2021-08-10,10.79,10.88,10.72,10.88,58445
2021-08-11,10.88,10.99,10.8,10.87,58476
2021-08-12,10.85,10.94,10.77,10.85,62888
2021-08-13,10.85,11.26,10.8,11.24,133776
2021-08-16,11.2,11.35,11.1,11.2,67919
2021-08-17,11.28,11.36,10.94,10.95,99561
2021-08-18,10.88,11.33,10.87,11.3,134967
2021-08-19,11.19,11.32,10.99,11.21,112681
2021-08-20,11.13,11.27,11.07,11.21,74126
2021-08-23,11.22,11.28,11.08,11.12,77044
2021-08-24,11.14,11.17,10.96,11.07,67392
2021-08-25,11.12,11.26,10.96,11.18,74039
2021-08-26,11.22,11.28,11.08,11.1,64450
2021-08-27,11.13,11.13,10.77,10.92,84523
2021-08-30,10.9,10.96,10.62,10.64,76184
2021-08-31,10.64,10.83,10.63,10.77,49935
2021-09-01,10.75,11.01,10.71,10.9,80385
2021-09-02,10.9,11.02,10.85,10.95,61617
2021-09-03,11.11,11.25,10.83,10.88,90994
2021-09-06,10.91,11.19,10.85,11.17,106310
2021-09-07,11.28,11.81,11.21,11.49,190154
2021-09-08,11.38,11.72,11.35,11.61,144016
2021-09-09,11.55,11.84,11.52,11.74,111216
2021-09-10,11.79,11.97,11.6,11.64,134969
2021-09-13,11.6,11.82,11.55,11.69,100541
2021-09-14,11.79,11.84,11.47,11.57,102085
2021-09-15,11.54,11.81,11.49,11.51,83671
2021-09-16,11.51,11.65,11.23,11.37,98161
2021-09-17,11.32,11.37,11.07,11.21,76891
2021-09-22,10.99,11.25,10.88,11.22,62315
2021-09-23,11.24,11.58,11.24,11.41,80611
2021-09-24,11.48,11.65,11.13,11.18,76608
2021-09-27,11.15,11.2,10.58,10.65,120001
2021-09-28,10.64,10.73,10.52,10.56,72706
2021-09-29,10.5,10.51,10.18,10.27,91921
2021-09-30,10.31,10.38,10.2,10.35,55314
2021-10-08,10.46,10.55,10.33,10.39,52792
2021-10-11,10.38,10.45,10.26,10.37,37821
2021-10-12,10.49,10.49,10.07,10.12,63532
2021-10-13,10.11,10.32,10.11,10.24,28660
2021-10-14,10.25,10.29,10.13,10.26,26646
2021-10-15,10.21,10.73,10.12,10.49,88335
2021-10-18,10.4,10.46,10.34,10.41,31918
2021-10-19,10.43,10.49,10.36,10.44,37925
2021-10-20,10.47,10.47,10.36,10.45,30159
2021-10-21,10.4,10.88,10.37,10.59,90649
2021-10-22,10.57,10.57,10.41,10.42,41484
2021-10-25,10.4,10.45,10.25,10.42,42860
2021-10-26,10.38,10.45,10.29,10.37,37294
2021-10-27,10.41,10.41,10.2,10.3,32036
2021-10-28,10.22,10.3,9.88,9.93,69282
2021-10-29,9.94,10.27,9.89,10.18,48411
2021-11-01,10.23,10.25,10.1,10.19,35506
2021-11-02,10.17,10.22,9.96,10.09,44269
2021-11-03,10.05,10.16,9.98,10.14,28853
2021-11-04,10.13,10.37,10.08,10.27,45393
2021-11-05,10.29,10.43,10.24,10.41,44116
2021-11-08,10.31,10.39,10.29,10.34,26105
2021-11-09,10.38,10.38,10.24,10.28,25769
2021-11-10,10.28,10.29,10.17,10.28,23783
2021-11-11,10.27,10.4,10.26,10.38,30279
2021-11-12,10.35,10.43,10.32,10.41,31721
2021-11-15,10.42,10.42,10.29,10.34,36648
2021-11-16,10.35,10.39,10.27,10.27,35336
2021-11-17,10.27,10.66,10.21,10.53,74101
2021-11-18,10.49,10.57,10.31,10.32,41705
2021-11-19,10.31,10.45,10.24,10.42,42009
2021-11-22,10.36,10.47,10.32,10.41,43151
2021-11-23,10.43,10.54,10.38,10.45,39017
2021-11-24,10.45,10.48,10.33,10.38,32944
2021-11-25,10.38,10.42,10.33,10.36,22247
2021-11-26,10.34,10.35,10.16,10.16,44042
2021-11-29,10.09,10.13,9.98,10.0,41831
2021-11-30,10.07,10.16,10.03,10.1,28651
2021-12-01,10.09,10.17,10.05,10.17,29313
2021-12-02,10.16,10.22,10.12,10.16,24339
2021-12-03,10.16,10.23,10.14,10.21,29446
2021-12-06,10.21,10.35,10.15,10.24,38655
2021-12-07,10.3,10.3,10.11,10.17,27903
2021-12-08,10.25,10.25,10.15,10.25,28292
2021-12-09,10.24,10.43,10.22,10.37,51957
2021-12-10,10.32,10.35,10.21,10.24,35452
2021-12-13,10.32,10.43,10.27,10.33,49780
2021-12-14,10.3,10.6,10.24,10.38,52831
2021-12-15,10.32,10.52,10.3,10.45,39958
2021-12-16,10.46,10.46,10.34,10.39,40088
2021-12-17,10.39,10.39,10.21,10.21,45804
2021-12-20,10.24,10.28,10.16,10.16,29500
2021-12-21,10.22,10.38,10.18,10.35,41560
2021-12-22,10.31,10.42,10.26,10.3,37937
2021-12-23,10.32,10.32,10.22,10.23,37921
2021-12-24,10.27,10.27,10.12,10.13,31918
2021-12-27,10.13,10.28,10.08,10.12,36990
2021-12-28,10.12,10.18,10.11,10.17,24709
2021-12-29,10.2,10.23,10.12,10.16,29685
2021-12-30,10.17,10.27,10.13,10.2,34000
2021-12-31,10.23,10.25,10.11,10.18,46074
2022-01-04,10.14,10.28,10.14,10.26,53983
2022-01-05,10.27,10.35,10.22,10.27,41780
2022-01-06,10.26,10.3,10.23,10.28,36510
2022-01-07,10.28,10.38,10.23,10.24,56344
2022-01-10,10.26,10.28,10.19,10.26,34730
2022-01-11,10.26,10.68,10.23,10.48,124966
2022-01-12,10.5,10.57,10.4,10.43,57941
2022-01-13,10.44,10.55,10.36,10.39,39908
2022-01-14,10.39,10.42,10.22,10.24,43725
2022-01-17,10.23,10.27,10.2,10.24,42816
2022-01-18,10.28,10.3,10.2,10.24,34902
2022-01-19,10.23,10.3,10.16,10.21,32257
2022-01-20,10.2,10.36,10.14,10.36,64473
2022-01-21,10.35,10.37,10.16,10.17,39102
2022-01-24,10.11,10.12,9.99,10.05,46314
2022-01-25,10.03,10.04,9.66,9.66,63343
2022-01-26,9.72,9.87,9.63,9.72,26786
2022-01-27,9.7,10.02,9.65,9.72,44017
2022-01-28,9.82,9.91,9.67,9.79,28908
2022-02-07,9.88,9.97,9.83,9.94,25342
2022-02-08,9.96,10.14,9.9,10.14,37288
2022-02-09,10.14,10.27,10.09,10.22,37382
2022-02-10,10.22,10.3,10.17,10.23,35069
2022-02-11,10.25,10.33,10.18,10.18,45817
2022-02-14,10.17,10.18,10.07,10.09,25346
2022-02-15,10.19,10.21,10.08,10.18,24838
2022-02-16,10.19,10.43,10.17,10.35,49783
2022-02-17,10.34,10.38,10.27,10.29,33962
2022-02-18,10.24,10.71,10.23,10.64,94385
2022-02-21,11.7,11.7,11.17,11.23,277860
2022-02-22,11.07,11.68,11.0,11.62,193610
2022-02-23,11.62,12.44,11.52,11.99,228876
2022-02-24,11.87,12.36,11.43,11.7,226449
2022-02-25,11.64,11.64,10.99,11.0,225155
2022-02-28,10.88,11.07,10.7,10.86,97663
2022-03-01,10.84,10.94,10.81,10.89,53790
2022-03-02,10.82,10.94,10.79,10.9,47247
2022-03-03,10.9,10.99,10.82,10.94,60070
2022-03-04,10.89,10.94,10.68,10.81,75161
2022-03-07,10.83,10.87,10.5,10.56,66582
2022-03-08,10.67,10.68,10.23,10.27,66121
2022-03-09,10.39,10.4,9.7,10.09,73999
2022-03-10,10.4,10.55,10.21,10.29,80550
2022-03-11,10.1,10.46,9.98,10.44,57150
2022-03-14,10.32,10.34,10.08,10.09,44841
2022-03-15,10.0,10.08,9.49,9.53,93958
2022-03-16,9.7,9.84,9.3,9.78,88359
2022-03-17,9.78,10.03,9.7,9.8,63936
2022-03-18,9.78,9.86,9.66,9.86,43499
2022-03-21,9.82,9.92,9.67,9.79,54553
2022-03-22,9.7,10.77,9.67,10.77,244182
2022-03-23,10.51,11.03,10.49,10.7,210593
2022-03-24,10.56,11.14,10.55,10.85,137443
2022-03-25,10.78,10.86,10.63,10.66,75046
2022-03-28,10.53,10.83,10.37,10.67,78649
2022-03-29,10.74,10.77,10.47,10.5,81406
2022-03-30,10.6,10.98,10.51,10.82,104150
2022-03-31,10.76,11.08,10.36,10.91,105778
2022-04-01,10.9,11.25,10.82,11.18,150136
2022-04-06,11.09,11.2,10.99,11.05,106197
2022-04-07,11.05,11.15,10.8,10.82,99145
2022-04-08,10.81,10.9,10.65,10.87,74033
2022-04-11,10.92,11.19,10.51,10.83,112775
2022-04-12,10.64,11.08,10.62,11.02,90978
2022-04-13,10.93,11.0,10.69,10.69,73713
2022-04-14,10.79,10.95,10.72,10.88,70641
2022-04-15,10.89,10.9,10.5,10.55,91783
2022-04-18,10.44,10.45,10.05,10.24,69874
2022-04-19,10.25,10.37,10.2,10.3,43411
2022-04-20,10.33,10.38,10.05,10.17,49670
2022-04-21,10.1,10.49,10.0,10.03,81633
2022-04-22,10.0,10.08,9.82,10.06,58304
2022-04-25,9.88,9.89,9.28,9.31,93562
2022-04-26,9.35,9.42,8.83,8.89,79102
2022-04-27,8.75,9.09,8.57,9.01,83497
2022-04-28,8.95,9.08,8.79,8.88,51123
2022-04-29,9.01,9.28,7.99,9.23,68298
2022-05-05,9.14,10.15,9.13,9.98,106269
2022-05-06,9.63,9.84,9.54,9.59,76099
2022-05-09,9.51,9.75,9.51,9.61,35856
2022-05-10,9.54,9.75,9.41,9.7,35770
2022-05-11,9.7,9.91,9.64,9.69,52709
2022-05-12,9.66,9.81,9.61,9.79,31899
2022-05-13,9.81,9.96,9.75,9.81,49918
2022-05-16,9.81,9.88,9.6,9.66,46761
2022-05-17,9.67,10.0,9.61,9.78,68272
2022-05-18,9.79,9.82,9.67,9.69,35286
2022-05-19,9.54,9.56,9.4,9.53,39899
2022-05-20,9.58,9.65,9.55,9.64,34197
2022-05-23,9.67,9.71,9.59,9.65,27466
2022-05-24,9.64,9.97,9.43,9.47,62864
2022-05-25,9.47,9.67,9.43,9.65,33736
2022-05-26,9.69,9.98,9.65,9.87,61811
2022-05-27,9.83,9.91,9.68,9.79,36843
2022-05-30,9.84,9.88,9.71,9.83,27616
2022-05-31,9.88,9.93,9.77,9.9,40096
2022-06-01,9.89,10.14,9.87,10.0,62049
2022-06-02,10.06,10.06,9.83,9.98,35778
2022-06-06,9.95,10.05,9.88,10.05,45167
2022-06-07,9.98,10.15,9.97,10.02,45044
2022-06-08,9.97,10.22,9.97,10.15,75979
2022-06-09,10.16,10.24,9.99,10.05,58872
2022-06-10,10.0,10.14,9.92,10.1,59081
2022-06-13,9.97,10.06,9.81,9.9,62832
2022-06-14,9.88,10.22,9.82,10.21,91384
2022-06-15,10.31,10.65,10.21,10.42,172561
2022-06-16,10.21,11.11,10.04,10.47,217309
2022-06-17,10.3,10.3,9.99,10.17,119602
2022-06-20,10.15,10.18,10.03,10.06,50717
2022-06-21,10.06,10.15,9.99,10.05,41473
2022-06-22,10.12,10.12,10.0,10.09,37171
2022-06-23,10.03,10.23,10.02,10.22,51140
2022-06-24,10.22,10.24,10.1,10.16,50078
2022-06-27,10.19,10.21,10.1,10.12,36894
2022-06-28,10.03,10.39,10.03,10.29,64878
2022-06-29,10.29,10.53,10.19,10.21,105826
2022-06-30,10.25,10.34,10.17,10.25,62316
2022-07-01,10.21,10.31,10.15,10.18,33715
2022-07-04,10.18,10.26,10.1,10.2,40236
2022-07-05,10.3,10.3,9.98,10.03,59672
2022-07-06,9.98,10.07,9.9,9.94,42094
2022-07-07,9.93,10.14,9.93,10.08,35738
2022-07-08,10.04,10.1,9.97,10.0,31089
2022-07-11,9.98,10.06,9.94,10.03,23925
2022-07-12,10.08,10.41,10.03,10.23,83250
2022-07-13,10.18,10.44,10.15,10.4,104707
2022-07-14,10.3,10.46,10.24,10.29,67287
2022-07-15,10.22,10.29,10.07,10.07,56019
2022-07-18,10.08,10.32,10.08,10.28,51208
2022-07-19,10.33,10.42,10.27,10.37,42800
2022-07-20,10.45,10.49,10.32,10.36,47080
2022-07-21,10.35,10.44,10.21,10.22,37971
2022-07-22,10.2,10.27,10.05,10.18,34214
2022-07-25,10.23,10.34,10.1,10.1,27553
2022-07-26,10.16,10.21,10.08,10.19,27467
2022-07-27,10.17,10.27,10.14,10.24,27590
2022-07-28,10.26,10.35,10.2,10.21,47867
2022-07-29,10.22,10.23,10.07,10.09,38054
2022-08-01,10.11,10.15,10.05,10.05,28354
2022-08-02,10.01,10.03,9.49,9.53,81772
2022-08-03,9.6,9.82,9.56,9.59,55000
2022-08-04,9.61,9.75,9.56,9.64,36566
2022-08-05,9.64,9.82,9.6,9.81,35926
2022-08-08,9.8,9.85,9.74,9.79,24725
2022-08-09,9.79,9.83,9.71,9.81,22990
2022-08-10,9.77,9.86,9.75,9.82,23315
2022-08-11,9.82,10.06,9.82,10.04,51079
2022-08-12,10.0,10.04,9.94,10.01,37353
2022-08-15,10.0,10.05,9.94,10.01,26033
2022-08-16,10.02,10.09,9.97,10.05,24007
2022-08-17,10.05,10.42,10.02,10.26,73587
2022-08-18,10.1,10.32,10.07,10.1,36896
2022-08-19,10.12,10.14,10.0,10.01,29005
2022-08-22,10.0,10.1,9.96,10.0,21869
2022-08-23,10.0,10.13,9.97,10.13,34168
2022-08-24,10.11,10.27,9.9,9.96,60476
2022-08-25,9.95,10.17,9.95,10.16,53838
2022-08-26,10.2,10.23,10.0,10.04,40328
2022-08-29,9.96,10.06,9.88,10.05,34984
2022-08-30,10.06,10.23,10.01,10.15,36684
2022-08-31,10.15,10.15,9.98,9.99,39887
2022-09-01,10.0,10.05,9.83,9.88,33291
2022-09-02,9.89,9.99,9.86,9.88,23939
2022-09-05,9.88,9.97,9.82,9.97,26849
2022-09-06,10.0,10.09,9.98,10.08,34222
2022-09-07,10.05,10.12,10.02,10.08,24531
2022-09-08,10.13,10.2,10.08,10.15,43896
2022-09-09,10.15,10.18,10.07,10.12,34961
2022-09-13,10.18,10.18,10.09,10.12,27430
2022-09-14,10.07,10.1,9.94,9.99,37582
2022-09-15,10.05,10.07,9.75,9.83,44245
2022-09-16,9.82,9.85,9.35,9.35,77136
2022-09-19,9.35,9.48,9.2,9.27,38264
2022-09-20,9.33,9.38,9.25,9.34,25008
2022-09-21,9.31,9.75,9.2,9.63,66514
2022-09-22,9.54,9.56,9.45,9.48,24238
2022-09-23,9.48,9.57,9.33,9.38,25308
2022-09-26,9.3,9.33,9.13,9.13,30168
2022-09-27,9.16,9.32,9.1,9.32,24874
2022-09-28,9.28,9.3,9.15,9.15,17478
2022-09-29,9.25,9.31,9.11,9.19,31130
2022-09-30,9.11,9.25,9.08,9.18,34826
2022-10-10,9.08,9.11,8.8,8.85,39070
2022-10-11,8.87,8.92,8.67,8.84,20595
2022-10-12,8.83,9.05,8.72,9.05,26228
2022-10-13,9.01,9.12,8.93,9.05,18099
2022-10-14,9.08,9.22,9.07,9.15,24144
2022-10-17,9.08,9.26,9.08,9.24,21247
2022-10-18,9.3,9.46,9.3,9.32,26087
2022-10-19,9.3,9.4,9.25,9.29,20683
2022-10-20,9.25,9.34,9.16,9.19,25702
2022-10-21,9.27,9.33,9.16,9.18,18298
2022-10-24,9.18,9.35,8.85,8.99,32975
2022-10-25,9.08,9.08,8.81,8.89,24297
2022-10-26,8.9,9.19,8.88,9.02,35914
2022-10-27,9.04,9.56,9.02,9.25,58222
2022-10-28,9.05,9.17,8.86,8.88,39387
2022-10-31,8.78,8.95,8.77,8.79,31333
2022-11-01,8.8,9.05,8.8,9.03,32725
2022-11-02,9.01,9.17,9.01,9.1,27965
2022-11-03,9.0,9.12,9.0,9.1,19790
2022-11-04,9.1,9.23,9.09,9.21,30839
2022-11-07,9.22,9.25,9.12,9.24,22745
2022-11-08,9.23,9.27,9.17,9.19,16089
2022-11-09,9.27,9.27,9.13,9.16,22326
2022-11-10,9.13,9.2,9.09,9.18,21195
2022-11-11,9.31,9.35,9.22,9.24,37924
2022-11-14,9.27,9.35,9.22,9.24,37239
2022-11-15,9.23,9.43,9.23,9.36,43132
2022-11-16,9.34,9.39,9.28,9.31,32005
2022-11-17,9.3,9.35,9.25,9.32,32027
2022-11-18,9.36,9.39,9.24,9.26,33402
2022-11-21,9.23,9.28,9.18,9.25,30319
2022-11-22,9.25,9.34,9.16,9.21,33256
2022-11-23,9.21,9.26,9.19,9.22,23599
2022-11-24,9.28,9.29,9.2,9.22,18085
2022-11-25,9.22,9.29,9.17,9.27,33379
2022-11-28,9.22,9.26,9.13,9.2,37440
2022-11-29,9.25,9.47,9.2,9.38,55210
2022-11-30,9.45,9.49,9.36,9.41,37453
2022-12-01,9.48,9.55,9.39,9.41,40926
2022-12-02,9.41,9.43,9.3,9.33,32356
2022-12-05,9.48,9.64,9.4,9.57,66390
2022-12-06,9.52,9.64,9.49,9.54,42345
2022-12-07,9.57,9.61,9.48,9.54,28733
2022-12-08,9.57,9.58,9.51,9.56,28664
2022-12-09,9.55,9.62,9.45,9.5,34894
2022-12-12,9.5,9.51,9.35,9.36,32074
2022-12-13,9.41,9.51,9.37,9.47,35771
2022-12-14,9.47,9.51,9.39,9.43,27592
2022-12-15,9.45,9.45,9.33,9.34,27967
2022-12-16,9.34,9.39,9.25,9.36,29103
2022-12-19,9.37,9.42,9.15,9.16,33244
2022-12-20,9.15,9.24,9.11,9.14,23149
2022-12-21,9.19,9.22,9.06,9.14,19248
2022-12-22,9.18,9.21,8.99,9.02,22820
2022-12-23,9.0,9.13,8.96,9.0,18697
2022-12-26,9.04,9.04,8.92,8.94,24943
2022-12-27,8.95,9.09,8.95,9.04,24902
2022-12-28,9.03,9.04,8.95,8.98,17380
2022-12-29,8.99,8.99,8.89,8.91,27384
2022-12-30,8.92,8.98,8.89,8.97,22849
2023-01-03,8.97,9.03,8.92,9.01,25338
2023-01-04,8.97,9.09,8.96,9.03,20795
2023-01-05,9.04,9.11,9.0,9.09,28108
2023-01-06,9.09,9.1,9.0,9.02,25351
2023-01-09,9.03,9.09,9.02,9.04,25457
2023-01-10,9.08,9.08,8.99,8.99,17947
2023-01-11,9.04,9.06,8.99,9.01,19096
2023-01-12,8.99,9.01,8.93,8.98,25427
2023-01-13,8.98,9.05,8.96,9.05,24510
2023-01-16,9.05,9.25,9.05,9.14,48053
2023-01-17,9.18,9.34,9.11,9.28,61839
2023-01-18,9.24,9.38,9.23,9.33,43271
2023-01-19,9.35,9.58,9.29,9.5,59819
2023-01-20,9.43,9.51,9.2,9.4,61946
2023-01-30,9.46,9.52,9.36,9.38,43057
2023-01-31,9.36,9.46,9.35,9.41,27459
2023-02-01,9.43,9.5,9.38,9.49,38258
2023-02-02,9.54,9.54,9.44,9.48,36714
2023-02-03,9.46,9.5,9.37,9.45,35153
2023-02-06,9.45,9.47,9.38,9.4,23668
2023-02-07,9.45,9.45,9.35,9.4,26399
2023-02-08,9.45,9.46,9.36,9.37,22380
2023-02-09,9.39,9.45,9.36,9.45,25019
2023-02-10,9.45,10.04,9.42,9.84,159070
2023-02-13,9.79,10.6,9.72,10.34,223865
2023-02-14,10.4,10.42,10.06,10.15,129706
2023-02-15,10.14,10.33,10.06,10.18,93640
2023-02-16,10.15,10.26,9.85,9.91,90330
2023-02-17,9.9,9.95,9.74,9.78,62327
2023-02-20,9.85,9.96,9.72,9.94,53260
2023-02-21,9.95,9.98,9.84,9.96,40868
2023-02-22,9.89,9.96,9.86,9.88,28617
2023-02-23,9.89,9.99,9.81,9.87,35486
2023-02-24,10.0,10.1,9.9,9.91,55444
2023-02-27,9.82,9.92,9.71,9.78,39351
2023-02-28,9.81,9.97,9.78,9.95,42395
2023-03-01,9.91,9.99,9.88,9.97,37949
2023-03-02,9.94,10.1,9.92,10.02,53235
2023-03-03,9.99,10.01,9.91,9.98,38278
2023-03-06,9.99,10.03,9.89,9.89,44093
2023-03-07,9.92,9.98,9.79,9.8,39088
2023-03-08,9.79,9.85,9.75,9.85,16904
2023-03-09,9.86,9.88,9.75,9.78,21665
2023-03-10,9.75,9.81,9.69,9.7,20431
2023-03-13,9.66,9.73,9.6,9.7,28656
2023-03-14,9.7,9.84,9.68,9.71,34633
2023-03-15,9.78,9.97,9.71,9.91,47671
2023-03-16,9.87,9.95,9.81,9.85,28681
2023-03-17,9.95,9.98,9.85,9.9,39773
2023-03-20,9.89,9.94,9.78,9.79,41853
2023-03-21,9.8,9.93,9.8,9.9,26449
2023-03-22,9.91,9.96,9.86,9.95,31018
2023-03-23,9.98,10.13,9.91,10.09,67308
2023-03-24,10.09,10.13,9.98,10.01,39193
2023-03-27,10.08,10.08,9.86,9.92,47783
2023-03-28,9.98,10.02,9.87,9.92,34384
2023-03-29,9.96,9.96,9.74,9.77,37934
2023-03-30,9.84,9.86,9.63,9.73,30793
2023-03-31,9.75,9.84,9.72,9.74,22463
2023-04-03,9.76,9.87,9.72,9.82,37018
2023-04-04,9.84,9.91,9.81,9.85,30498
2023-04-06,9.89,9.9,9.74,9.76,32868
2023-04-07,9.77,9.84,9.71,9.82,34929
2023-04-10,9.83,9.83,9.66,9.69,41112
2023-04-11,9.71,9.77,9.65,9.69,25558
2023-04-12,9.69,9.75,9.68,9.73,36909
2023-04-13,9.68,9.77,9.67,9.71,27778
2023-04-14,9.7,9.75,9.68,9.68,29202
2023-04-17,9.7,9.83,9.67,9.8,49753
2023-04-18,9.83,9.85,9.76,9.79,31602
2023-04-19,9.83,9.83,9.71,9.74,32751
2023-04-20,9.74,9.77,9.59,9.65,34731
2023-04-21,9.69,9.73,9.47,9.51,40969
2023-04-24,9.51,9.56,9.37,9.4,32167
2023-04-25,9.4,9.49,9.18,9.32,36841
2023-04-26,9.3,9.38,9.25,9.37,26883
2023-04-27,9.4,9.52,9.33,9.47,31047
2023-04-28,9.56,9.99,9.56,9.98,107112
2023-05-04,10.0,10.15,9.91,10.1,108634
2023-05-05,10.14,10.25,10.07,10.14,70405
2023-05-08,10.17,10.3,10.14,10.22,77530
2023-05-09,10.2,10.42,10.16,10.19,110997
2023-05-10,10.2,10.22,10.03,10.08,66461
2023-05-11,10.18,10.18,10.04,10.08,36621
2023-05-12,10.13,10.15,10.02,10.03,34291
2023-05-15,10.03,10.15,9.96,10.12,49611
2023-05-16,10.13,10.17,10.0,10.04,34623
2023-05-17,10.01,10.11,9.97,10.05,25849
2023-05-18,10.09,10.1,9.97,10.04,28687
2023-05-19,9.99,9.99,9.88,9.88,35106
2023-05-22,9.63,9.82,9.63,9.68,61107
2023-05-23,9.76,9.8,9.58,9.62,38391
2023-05-24,9.59,9.61,9.47,9.47,46266
2023-05-25,9.44,9.54,9.37,9.44,40467
2023-05-26,9.45,9.47,9.34,9.43,31581
2023-05-29,9.41,9.57,9.41,9.5,37535
2023-05-30,9.5,9.52,9.36,9.46,22888
2023-05-31,9.43,9.47,9.37,9.42,22272
2023-06-01,9.45,9.52,9.41,9.44,28143
2023-06-02,9.55,9.56,9.45,9.5,22223
2023-06-05,9.5,9.51,9.38,9.4,32798
2023-06-06,9.37,9.43,9.24,9.26,34029
2023-06-07,9.23,9.43,9.23,9.38,36031
2023-06-08,9.35,9.48,9.33,9.45,41573
2023-06-09,9.46,9.48,9.32,9.32,31338
2023-06-12,9.34,9.35,9.21,9.23,34395
2023-06-13,9.22,9.28,9.21,9.24,18767
2023-06-14,9.25,9.34,9.22,9.28,24429
2023-06-15,9.26,9.35,9.23,9.33,24982
2023-06-16,9.32,9.46,9.3,9.35,30296
2023-06-19,9.4,9.4,9.18,9.19,38091
2023-06-20,9.25,9.25,9.12,9.12,32942
2023-06-21,9.1,9.13,9.02,9.04,27232
2023-06-26,9.0,9.08,8.95,9.0,32008
2023-06-27,9.03,9.16,8.96,9.13,28948
2023-06-28,9.15,9.4,9.09,9.38,63259
2023-06-29,9.36,9.55,9.3,9.39,51587
2023-06-30,9.21,9.24,9.1,9.15,39155
2023-07-03,9.18,9.25,9.14,9.17,46668
2023-07-04,9.21,9.21,9.12,9.16,24886
2023-07-05,9.18,9.19,9.11,9.14,28455
2023-07-06,9.14,9.16,9.04,9.1,28284
2023-07-07,9.1,9.31,9.06,9.22,45067
2023-07-10,9.23,9.27,9.14,9.17,28642
2023-07-11,9.18,9.25,9.15,9.24,23136
2023-07-12,9.25,9.25,9.12,9.15,21895
2023-07-13,9.15,9.24,9.13,9.21,23353
2023-07-14,9.23,9.28,9.2,9.23,17844
2023-07-17,9.22,9.22,9.14,9.22,23939
2023-07-18,9.22,9.27,9.17,9.26,22631
2023-07-19,9.23,9.32,9.22,9.32,22822
2023-07-20,9.36,9.36,9.24,9.26,21828
2023-07-21,9.27,9.32,9.22,9.3,22554
2023-07-24,9.29,9.39,9.24,9.36,35844
2023-07-25,9.38,9.55,9.38,9.5,49288
2023-07-26,9.47,9.52,9.41,9.51,30855
2023-07-27,9.52,9.54,9.44,9.5,27137
2023-07-28,9.53,9.89,9.45,9.85,117908
2023-07-31,9.87,9.96,9.8,9.84,97723
2023-08-01,9.76,9.89,9.76,9.82,53356
2023-08-02,9.8,9.99,9.78,9.91,82861
2023-08-03,9.87,10.06,9.8,9.95,77505
2023-08-04,10.1,10.16,9.94,9.96,143388
2023-08-07,9.81,10.1,9.8,9.91,87039
2023-08-08,9.9,10.05,9.75,9.94,93903
2023-08-09,9.87,9.93,9.73,9.77,95948
2023-08-10,9.74,10.0,9.74,9.98,104574
2023-08-11,9.85,9.86,9.64,9.66,90608
2023-08-14,9.58,9.65,9.53,9.63,56795
2023-08-15,9.67,9.72,9.54,9.68,59277
2023-08-16,9.62,9.8,9.55,9.68,62423
2023-08-17,9.68,9.79,9.57,9.67,44044
2023-08-18,9.63,9.7,9.54,9.54,47229
2023-08-21,9.53,9.68,9.51,9.51,58642
2023-08-22,9.55,9.58,9.41,9.47,49854
2023-08-23,9.49,9.54,9.39,9.39,39996
2023-08-24,9.41,9.58,9.38,9.38,46223
2023-08-25,9.33,9.82,9.32,9.55,130931
2023-08-28,10.51,10.51,9.84,9.91,475408
2023-08-29,9.72,9.86,9.56,9.78,380815
2023-08-30,9.64,9.67,9.17,9.19,262668
2023-08-31,9.17,9.22,9.05,9.09,112772
2023-09-01,9.09,9.12,8.98,8.99,89532
2023-09-04,9.02,9.1,8.97,9.1,66616
2023-09-05,9.08,9.17,9.05,9.09,82720
2023-09-06,9.04,9.12,9.02,9.1,43580
2023-09-07,9.08,9.13,9.02,9.02,45487
2023-09-08,9.01,9.07,8.99,9.02,34616
2023-09-11,9.03,9.09,8.99,9.06,39414
2023-09-12,9.06,9.09,9.03,9.06,33568
2023-09-13,9.07,9.08,8.98,9.02,40673
2023-09-14,9.0,9.09,8.99,9.07,34776
2023-09-15,9.09,9.14,9.05,9.1,39148
2023-09-18,9.12,9.15,9.05,9.12,34342
2023-09-19,9.13,9.22,9.11,9.18,45422
2023-09-20,9.2,9.2,9.1,9.14,31013
2023-09-21,9.14,9.18,9.07,9.08,29788
2023-09-22,9.11,9.17,9.06,9.15,36114
2023-09-25,9.15,9.15,9.05,9.08,34352
2023-09-26,9.08,9.08,9.01,9.04,26596
2023-09-27,9.05,9.08,9.03,9.03,25660
2023-09-28,9.03,9.06,9.0,9.01,34342
2023-10-09,9.0,9.03,8.88,8.95,40254
2023-10-10,9.0,9.03,8.88,8.9,35104
2023-10-11,8.9,8.95,8.79,8.83,33360
2023-10-12,8.91,8.95,8.85,8.9,31771
2023-10-13,8.88,8.93,8.83,8.89,22359
2023-10-16,8.87,8.92,8.83,8.9,22544
2023-10-17,8.9,8.95,8.84,8.88,20368
2023-10-18,8.88,8.88,8.74,8.77,29154
2023-10-19,8.72,8.97,8.7,8.81,63029
2023-10-20,8.74,9.03,8.74,8.9,71492
2023-10-23,8.84,8.88,8.55,8.57,81924
2023-10-24,8.58,8.97,8.58,8.9,83832
2023-10-25,8.98,9.07,8.92,8.93,82938
2023-10-26,8.84,9.03,8.8,9.03,58107
2023-10-27,9.0,9.07,8.99,9.02,50068
2023-10-30,8.98,9.03,8.92,8.99,40406
2023-10-31,9.03,9.04,8.96,9.02,36889
2023-11-01,9.02,9.05,8.98,9.04,32107
2023-11-02,9.04,9.06,8.98,8.98,26671
2023-11-03,8.98,9.06,8.98,9.02,33995
2023-11-06,9.8,9.92,9.67,9.92,155994
2023-11-07,10.91,10.91,10.91,10.91,72772
2023-11-08,12.0,12.0,12.0,12.0,102188
2023-11-09,12.78,13.2,12.41,13.2,1249625
2023-11-10,11.88,14.36,11.88,13.76,1601050
2023-11-13,13.6,13.8,12.38,12.38,998605
2023-11-14,12.0,12.43,11.52,11.98,1046430
2023-11-15,11.9,12.35,11.69,11.91,748025
2023-11-16,11.73,11.97,11.1,11.21,749989
2023-11-17,11.01,11.35,11.0,11.23,463405
2023-11-20,11.26,11.34,11.03,11.22,331389
2023-11-21,11.18,11.33,11.05,11.1,365471
2023-11-22,10.9,11.18,10.88,10.9,308171
2023-11-23,10.87,11.07,10.78,11.05,267238
2023-11-24,10.99,11.04,10.85,10.98,207212
2023-11-27,10.93,10.93,10.7,10.8,208765
2023-11-28,10.77,10.85,10.63,10.7,202950
2023-11-29,10.74,10.74,10.56,10.57,194210
2023-11-30,10.56,10.66,10.5,10.63,174379
2023-12-01,10.66,10.76,10.58,10.72,166192
2023-12-04,11.2,11.2,10.87,10.89,399309
2023-12-05,10.81,11.11,10.78,10.91,266709
2023-12-06,11.0,11.77,10.91,11.5,633949
2023-12-07,11.41,12.0,11.35,11.83,596781
2023-12-08,11.76,11.99,11.5,11.57,442561
2023-12-11,11.42,11.71,11.28,11.63,345600
2023-12-12,11.64,11.74,11.33,11.37,381243
2023-12-13,11.35,11.44,11.24,11.26,187276
2023-12-14,11.36,11.39,11.12,11.23,184729
2023-12-15,11.25,11.37,11.1,11.24,162367
2023-12-18,11.22,11.23,10.96,11.0,176487
2023-12-19,10.95,11.0,10.76,10.85,149244
2023-12-20,10.87,10.9,10.6,10.66,125128
2023-12-21,10.6,10.77,10.5,10.71,107621
2023-12-22,10.72,10.81,10.58,10.61,112247
2023-12-25,10.6,10.6,10.31,10.47,98376
2023-12-26,10.8,10.84,10.35,10.48,191359
2023-12-27,10.4,10.71,10.38,10.6,138853
2023-12-28,10.55,10.76,10.45,10.7,143626
2023-12-29,10.64,10.77,10.61,10.74,120636
2024-01-02,10.72,10.87,10.67,10.78,108843
2024-01-03,10.77,10.85,10.66,10.74,90265
2024-01-04,10.74,10.76,10.66,10.73,71771
2024-01-05,10.78,10.87,10.57,10.63,130742
2024-01-08,10.54,10.58,10.36,10.36,98832
2024-01-09,10.36,10.5,10.19,10.43,77501
2024-01-10,10.39,10.4,10.26,10.3,61442
2024-01-11,10.29,10.45,10.25,10.39,61840
2024-01-12,10.38,10.51,10.3,10.3,60975
2024-01-15,10.22,10.45,10.19,10.28,63818
2024-01-16,10.3,10.35,10.1,10.26,73075
2024-01-17,10.22,10.34,10.09,10.1,119858
2024-01-18,10.01,10.05,9.7,9.95,140140
2024-01-19,9.99,10.14,9.88,9.92,95786
2024-01-22,9.83,9.86,9.3,9.38,105682
2024-01-23,9.38,9.62,9.2,9.53,112879
2024-01-24,9.55,10.02,9.34,9.81,179622
2024-01-25,9.8,10.07,9.69,10.05,173211
2024-01-26,9.98,10.46,9.93,10.24,193076
2024-01-29,10.16,10.25,9.91,9.92,117374
2024-01-30,9.9,10.02,9.7,9.74,79762
2024-01-31,9.7,9.78,9.39,9.42,117354
2024-02-01,9.33,9.66,9.22,9.37,114607
2024-02-02,9.36,9.47,8.76,9.04,144126
2024-02-05,9.0,9.01,8.23,8.43,205144
2024-02-06,8.3,9.05,8.12,8.91,186859
2024-02-07,8.91,9.3,8.86,9.23,193928
2024-02-08,9.21,9.44,9.21,9.33,160599
2024-02-19,9.34,9.58,9.32,9.5,140937
2024-02-20,9.49,9.6,9.35,9.57,103797
2024-02-21,9.5,9.86,9.46,9.59,124921
2024-02-22,9.64,9.73,9.57,9.72,87233
2024-02-23,9.71,9.82,9.61,9.8,104745
2024-02-26,9.81,9.88,9.67,9.7,92682
2024-02-27,9.69,9.87,9.64,9.86,97360
2024-02-28,9.88,10.08,9.55,9.55,155654
2024-02-29,9.5,9.78,9.46,9.76,105144
2024-03-01,9.76,9.94,9.73,9.92,100358
2024-03-04,9.91,9.98,9.69,9.75,94568
2024-03-05,9.71,10.08,9.66,9.79,149627
2024-03-06,9.67,9.82,9.65,9.69,111696
2024-03-07,9.69,9.76,9.61,9.63,73537
2024-03-08,9.65,9.72,9.61,9.71,61631
2024-03-11,9.69,9.88,9.69,9.85,80583
2024-03-12,9.86,9.97,9.76,9.94,106400
2024-03-13,9.93,10.0,9.87,9.96,78835
2024-03-14,9.94,10.25,9.94,10.11,151539
2024-03-15,10.18,10.27,10.08,10.23,112131
2024-03-18,10.3,10.42,10.23,10.29,129655
2024-03-19,10.29,10.29,10.07,10.1,94445
2024-03-20,10.08,10.32,10.03,10.23,94930
2024-03-21,10.28,10.28,10.1,10.17,71371
2024-03-22,10.13,10.2,9.99,10.01,75579
2024-03-25,9.93,10.04,9.84,9.86,97106
2024-03-26,9.85,10.15,9.84,10.11,142218
2024-03-27,10.1,10.22,9.93,9.96,106697
2024-03-28,10.01,10.47,9.99,10.37,171864
2024-03-29,10.36,10.43,10.19,10.42,125597
2024-04-01,10.34,10.4,10.15,10.25,201719
2024-04-02,10.14,10.24,10.1,10.16,102354
2024-04-03,10.14,10.18,9.95,10.06,82318
2024-04-08,10.01,10.05,9.91,9.92,77029
2024-04-09,9.9,10.02,9.9,9.99,64386
2024-04-10,9.97,10.05,9.77,9.84,86298
2024-04-11,9.81,10.07,9.8,10.0,79365
2024-04-12,10.11,10.11,9.87,9.88,61258
2024-04-15,9.86,9.95,9.58,9.75,138930
2024-04-16,9.7,9.8,9.4,9.4,125911
2024-04-17,9.46,9.74,9.46,9.58,193672
2024-04-18,9.57,9.67,9.48,9.54,119695
2024-04-19,9.5,9.65,9.47,9.57,93963
2024-04-22,9.53,9.61,9.3,9.39,136324
2024-04-23,9.41,9.46,9.31,9.33,68752
2024-04-24,9.31,9.5,9.29,9.48,78880
2024-04-25,9.62,10.19,9.62,10.03,257756
2024-04-26,10.15,10.33,10.03,10.26,246318
2024-04-29,10.17,10.25,9.93,10.18,201992
2024-04-30,10.12,10.24,10.1,10.11,114632
2024-05-06,10.16,10.34,10.16,10.33,149351
2024-05-07,10.34,10.35,10.18,10.2,101467
2024-05-08,10.18,10.21,10.02,10.04,81574
2024-05-09,10.04,10.16,10.03,10.12,63900
2024-05-10,10.14,10.16,10.0,10.11,63459
2024-05-13,10.1,10.2,9.98,10.12,76668
2024-05-14,10.15,10.3,10.15,10.28,118228
2024-05-15,10.36,10.39,10.05,10.08,82594
2024-05-16,10.05,10.24,10.05,10.16,89583
2024-05-17,10.18,10.29,10.08,10.27,84722
2024-05-20,10.3,10.52,10.3,10.45,147497
2024-05-21,10.46,10.49,10.38,10.47,70959
2024-05-22,10.44,10.52,10.33,10.35,96248
2024-05-23,10.34,10.37,10.17,10.2,90316
2024-05-24,10.2,10.31,10.14,10.14,62262
2024-05-27,10.19,10.24,10.07,10.17,84830
2024-05-28,10.19,10.2,9.97,9.98,91925
2024-05-29,9.7,9.85,9.67,9.75,76824
2024-05-30,9.71,9.79,9.6,9.62,65229
2024-05-31,9.63,9.71,9.61,9.65,53408
2024-06-03,9.61,9.66,9.34,9.42,88177
2024-06-04,9.42,9.54,9.35,9.53,55747
2024-06-05,9.53,9.54,9.34,9.35,57229
2024-06-06,9.39,9.4,9.18,9.22,86336
2024-06-07,9.24,9.43,9.24,9.42,62676
2024-06-11,9.42,9.43,9.26,9.33,50226
2024-06-12,9.35,9.35,9.25,9.33,49449
2024-06-13,9.33,9.33,9.15,9.21,68940
2024-06-14,9.21,9.29,9.15,9.26,62992
2024-06-17,9.22,9.28,9.17,9.23,43023
2024-06-18,9.23,9.32,9.19,9.31,46464
2024-06-19,9.31,9.34,9.2,9.21,44544
2024-06-20,9.17,9.22,9.06,9.08,51401
2024-06-21,9.09,9.19,9.05,9.08,43751
2024-06-24,9.07,9.08,8.81,8.84,73796
2024-06-25,8.86,8.98,8.85,8.93,50035
2024-06-26,8.94,9.13,8.9,9.11,55961
2024-06-27,9.09,9.11,8.92,8.93,44649
2024-06-28,8.95,9.16,8.92,9.01,59954
2024-07-01,9.05,9.16,8.99,9.15,54556
2024-07-02,9.3,9.37,9.15,9.21,95204
2024-07-03,9.2,9.32,9.18,9.28,71230
2024-07-04,9.25,9.3,9.11,9.16,56283
2024-07-05,9.14,9.38,9.08,9.2,101534
2024-07-08,9.15,9.15,8.89,8.93,70759
2024-07-09,8.92,9.19,8.86,9.17,73438
2024-07-10,9.16,9.21,9.08,9.1,39743
2024-07-11,9.18,9.25,9.16,9.23,63221
2024-07-12,9.23,9.27,9.18,9.23,32731
2024-07-15,9.21,9.23,9.14,9.21,36052
2024-07-16,9.21,9.24,9.16,9.19,41296
2024-07-17,9.19,9.19,9.1,9.14,41837
2024-07-18,9.15,9.22,9.02,9.21,43858
2024-07-19,9.18,9.22,9.1,9.18,34454
2024-07-22,9.22,9.37,9.19,9.37,100234
2024-07-23,9.3,9.5,9.3,9.31,97410
2024-07-24,9.2,9.25,9.07,9.12,64157
2024-07-25,9.08,9.33,9.06,9.32,67607
2024-07-26,9.31,9.58,9.3,9.46,77645
2024-07-29,9.35,9.51,9.23,9.48,78596
2024-07-30,9.41,9.68,9.4,9.56,115281
2024-07-31,9.52,10.52,9.52,10.25,459277
2024-08-01,10.17,10.87,10.08,10.61,545719
2024-08-02,10.46,10.53,9.96,10.0,309781
2024-08-05,10.32,10.52,9.95,9.95,328855
2024-08-06,10.15,10.22,9.7,9.82,221619
2024-08-07,9.79,9.85,9.67,9.69,116678
2024-08-08,9.73,9.83,9.62,9.71,99032
2024-08-09,9.79,9.84,9.74,9.8,92134
2024-08-12,9.73,9.86,9.69,9.8,77722
2024-08-13,9.76,9.96,9.76,9.96,97340
2024-08-14,9.89,9.99,9.81,9.86,101810
2024-08-15,9.81,10.09,9.8,9.94,112248
2024-08-16,9.91,9.94,9.79,9.79,76651
2024-08-19,9.71,9.87,9.7,9.81,58072
2024-08-20,9.81,10.22,9.75,9.86,179859
2024-08-21,9.8,9.95,9.69,9.81,107882
2024-08-22,9.73,9.91,9.44,9.49,154118
2024-08-23,9.39,9.59,9.39,9.5,88950
2024-08-26,9.42,9.49,9.26,9.3,70731
2024-08-27,9.05,9.06,8.73,8.78,168032
2024-08-28,8.77,8.78,8.61,8.65,96038
2024-08-29,8.61,8.74,8.58,8.68,62084
2024-08-30,8.69,9.05,8.62,8.88,113230
2024-09-02,8.87,8.95,8.8,8.8,69781
2024-09-03,8.81,8.87,8.76,8.84,38093
2024-09-04,8.8,8.89,8.76,8.82,27479
2024-09-05,8.85,8.91,8.81,8.9,27045
2024-09-06,9.05,9.13,8.87,8.88,80226
2024-09-09,8.75,8.9,8.75,8.8,42238
2024-09-10,8.86,8.86,8.7,8.79,38075
2024-09-11,8.79,8.79,8.65,8.69,38473
2024-09-12,8.69,8.78,8.69,8.71,27552
2024-09-13,8.71,8.78,8.65,8.67,40553
2024-09-18,8.65,8.71,8.53,8.66,28209
2024-09-19,8.7,8.92,8.64,8.81,49875
2024-09-20,8.77,8.81,8.71,8.78,30440
2024-09-23,8.77,8.83,8.72,8.83,32563
2024-09-24,9.06,9.42,8.85,9.23,158580
2024-09-25,9.3,9.67,9.3,9.54,211018
2024-09-26,9.43,9.86,9.43,9.85,148628
2024-09-27,9.82,10.15,9.66,10.11,300582
2024-09-30,10.56,11.12,10.36,11.12,568444
2024-10-08,12.23,12.23,11.39,12.23,651332
2024-10-09,11.5,11.75,11.01,11.01,399127
2024-10-10,10.95,11.08,10.28,10.46,285966
2024-10-11,10.46,10.56,10.09,10.19,147408
2024-10-14,10.38,10.4,10.05,10.33,120515
2024-10-15,10.22,10.31,10.03,10.03,115180
2024-10-16,9.94,10.28,9.91,10.16,91450
2024-10-17,10.22,10.31,10.01,10.02,97053
2024-10-18,10.0,10.53,9.97,10.31,176196
2024-10-21,10.27,10.33,10.13,10.18,124286
2024-10-22,10.17,10.3,10.14,10.29,111397
2024-10-23,10.24,10.41,10.23,10.31,99211
2024-10-24,10.25,10.39,10.21,10.3,93966
2024-10-25,10.26,10.63,10.26,10.45,114187
2024-10-28,10.56,10.85,10.5,10.85,196985
2024-10-29,10.89,10.95,10.55,10.57,162065
2024-10-30,10.54,10.75,10.46,10.61,120644
2024-10-31,10.6,10.89,10.5,10.77,163400
2024-11-01,10.72,10.78,10.5,10.57,131212
2024-11-04,10.51,10.69,10.51,10.64,94198
2024-11-05,10.63,10.86,10.56,10.81,180240
2024-11-06,10.82,10.9,10.65,10.79,167370
2024-11-07,10.67,11.28,10.66,11.24,219734
2024-11-08,11.3,11.98,11.07,11.4,364401
2024-11-11,11.26,11.7,11.2,11.54,187998
2024-11-12,11.5,11.83,11.43,11.56,227384
2024-11-13,11.54,11.68,11.31,11.46,118797
2024-11-14,11.5,11.73,11.28,11.28,153346
2024-11-15,11.18,11.5,11.09,11.1,136465
2024-11-18,11.18,11.26,10.89,10.97,135071
2024-11-19,11.02,11.25,10.94,11.25,127874
2024-11-20,11.18,11.26,11.09,11.17,107453
2024-11-21,11.13,11.17,11.0,11.1,89073
2024-11-22,11.07,11.21,10.62,10.64,112616
2024-11-25,10.65,10.75,10.49,10.69,83626
2024-11-26,10.65,10.98,10.63,10.78,90816
2024-11-27,10.71,11.09,10.6,11.07,124679
2024-11-28,11.07,11.78,11.03,11.45,266703
2024-11-29,11.37,11.73,11.31,11.56,168183
2024-12-02,11.5,11.56,11.33,11.49,145588
2024-12-03,11.48,11.6,11.34,11.48,97365
2024-12-04,11.44,11.49,11.24,11.29,90538
2024-12-05,11.28,11.44,11.17,11.24,112999
2024-12-06,11.26,11.5,11.18,11.48,133678
2024-12-09,11.48,11.59,11.25,11.32,130473
2024-12-10,11.59,11.68,11.22,11.22,176215
2024-12-11,11.23,11.33,11.21,11.3,74307
2024-12-12,11.28,11.57,11.21,11.52,145837
2024-12-13,11.46,11.71,11.1,11.22,183737
2024-12-16,11.11,11.23,11.01,11.07,85325
2024-12-17,11.0,11.08,10.82,10.84,83783
2024-12-18,10.9,11.03,10.85,10.87,51464
2024-12-19,10.8,10.89,10.76,10.85,66427
2024-12-20,10.84,11.06,10.8,10.93,72574
2024-12-23,10.9,10.95,10.67,10.7,83637
2024-12-24,10.74,11.04,10.73,11.02,84321
2024-12-25,11.02,11.03,10.79,10.87,89439
2024-12-26,10.82,10.92,10.79,10.82,44293
2024-12-27,10.83,11.03,10.78,10.93,69266
2024-12-30,10.91,10.97,10.88,10.91,42452
2024-12-31,10.94,10.95,10.68,10.69,82995
2025-01-02,10.7,10.76,10.25,10.32,92473
2025-01-03,10.38,10.41,10.12,10.16,80724
2025-01-06,10.12,10.26,10.05,10.21,56349
2025-01-07,10.3,10.3,10.1,10.18,47313
2025-01-08,10.14,10.21,9.9,10.12,67542
2025-01-09,10.11,10.11,9.95,9.96,41001
2025-01-10,9.96,10.05,9.75,9.77,42669
2025-01-13,9.69,9.8,9.67,9.78,37693
2025-01-14,9.79,10.07,9.77,10.03,65499
2025-01-15,10.03,10.06,9.94,9.97,35767
2025-01-16,10.01,10.16,9.94,9.96,43467
2025-01-17,9.95,10.08,9.9,10.03,38225
2025-01-20,10.06,10.19,10.04,10.07,40022
2025-01-21,10.12,10.14,9.94,10.0,31533
2025-01-22,10.05,10.14,9.97,10.07,47167
2025-01-23,10.15,10.33,10.07,10.07,68841
2025-01-24,10.08,10.14,10.0,10.11,47457
2025-01-27,10.18,10.26,10.07,10.07,52589
2025-02-05,10.12,10.15,10.0,10.05,48877
2025-02-06,10.09,10.13,9.98,10.08,44236
2025-02-07,10.08,10.54,10.05,10.42,145192
2025-02-10,10.41,10.45,10.29,10.31,79845
2025-02-11,10.32,10.69,10.2,10.46,143930
2025-02-12,10.43,10.59,10.33,10.47,77965
2025-02-13,10.47,10.57,10.38,10.49,75870
2025-02-14,10.45,10.52,10.36,10.42,42634
2025-02-17,10.46,10.46,10.31,10.34,64630
2025-02-18,10.34,10.36,10.12,10.16,61470
2025-02-19,10.13,10.22,10.12,10.2,46162
2025-02-20,10.19,10.19,10.11,10.16,43447
2025-02-21,10.14,10.28,10.08,10.27,62031
2025-02-24,10.2,10.26,10.11,10.14,51822
2025-02-25,10.1,10.1,9.99,10.03,48626
2025-02-26,10.04,10.17,9.91,10.17,45616
2025-02-27,10.14,10.17,9.99,10.09,63849
2025-02-28,10.05,10.15,9.96,9.98,67488
2025-03-03,9.99,10.06,9.89,9.89,47744
2025-03-04,9.89,10.03,9.86,10.01,35514
2025-03-05,10.01,10.03,9.88,9.99,38409
2025-03-06,10.02,10.21,9.98,10.16,70693
2025-03-07,10.13,10.16,10.04,10.09,50096
2025-03-10,10.08,10.12,9.99,10.1,56257
2025-03-11,10.02,10.1,9.99,10.09,40761
2025-03-12,10.1,10.17,10.07,10.12,51702
2025-03-13,10.09,10.18,10.01,10.09,47220
2025-03-14,10.09,10.32,10.07,10.25,87901
2025-03-17,10.28,10.3,10.22,10.23,42358
2025-03-18,10.25,10.31,10.2,10.3,55099
2025-03-19,10.28,10.28,10.19,10.23,37791
2025-03-20,10.24,10.26,10.19,10.2,37502
2025-03-21,10.19,10.33,10.13,10.2,61184
2025-03-24,10.2,10.23,9.99,10.09,50487
2025-03-25,10.08,10.13,10.04,10.11,53608
2025-03-26,10.11,10.21,10.09,10.19,40017
2025-03-27,10.19,10.23,10.08,10.21,45543
2025-03-28,10.16,10.22,10.08,10.12,38210
2025-03-31,10.09,10.21,10.0,10.02,56716
2025-04-01,10.06,10.25,10.06,10.22,59569
2025-04-02,10.23,10.29,10.18,10.23,41101
2025-04-03,10.16,10.34,10.15,10.33,68114
2025-04-07,10.01,10.1,9.3,9.3,173986
2025-04-08,9.73,9.94,9.48,9.62,186761
2025-04-09,9.45,10.21,9.28,10.17,187416
2025-04-10,10.15,10.49,10.05,10.23,149469
2025-04-11,10.21,10.32,10.2,10.25,75313
2025-04-14,10.31,10.53,10.27,10.45,110523
2025-04-15,10.45,10.54,10.35,10.46,48755
2025-04-16,10.41,10.5,10.33,10.49,75124
2025-04-17,10.45,10.53,10.42,10.5,52803
2025-04-18,10.55,10.74,10.51,10.73,118479
2025-04-21,10.8,10.82,10.61,10.66,84675
2025-04-22,10.7,10.9,10.66,10.71,73945
2025-04-23,10.75,10.77,10.56,10.59,71003
2025-04-24,10.6,10.65,10.48,10.56,54259
2025-04-25,10.56,10.6,10.5,10.52,35251
2025-04-28,10.45,10.48,10.27,10.43,71051
2025-04-29,10.42,10.47,10.3,10.31,54581
2025-04-30,10.3,10.38,10.25,10.28,46166
2025-05-06,10.3,10.36,10.3,10.36,50855
2025-05-07,10.4,10.6,10.4,10.5,82495
2025-05-08,10.46,10.67,10.44,10.53,74541
2025-05-09,10.56,10.72,10.52,10.66,67265
2025-05-12,10.66,10.77,10.57,10.71,81901
2025-05-13,10.73,10.78,10.64,10.66,60459
2025-05-14,10.36,10.59,10.28,10.52,105426
2025-05-15,10.5,10.56,10.44,10.45,57118
2025-05-16,10.42,10.5,10.28,10.33,48508
2025-05-19,10.36,10.47,10.36,10.44,39983
2025-05-20,10.45,10.5,10.36,10.4,35489
2025-05-21,10.43,10.45,10.36,10.4,32769
2025-05-22,10.4,10.43,10.3,10.38,33946
2025-05-23,10.39,10.4,10.24,10.24,44936
2025-05-26,10.24,10.33,10.2,10.26,30092
2025-05-27,10.27,10.28,10.15,10.21,35793
2025-05-28,10.24,10.29,10.19,10.26,29216
2025-05-29,10.31,10.34,10.26,10.33,44837
2025-05-30,10.3,10.38,10.28,10.34,38077
2025-06-03,10.29,10.36,10.23,10.34,32485
2025-06-04,10.37,10.42,10.33,10.39,37374
2025-06-05,10.39,10.56,10.36,10.45,60499
2025-06-06,10.49,10.49,10.37,10.39,33979
2025-06-09,10.42,10.46,10.34,10.45,40167
2025-06-10,10.46,10.5,10.36,10.41,42895
2025-06-11,10.43,10.59,10.4,10.55,59076
2025-06-12,10.55,10.58,10.49,10.51,44933
2025-06-13,10.51,10.53,10.4,10.4,46171
2025-06-16,10.4,10.45,10.33,10.36,43363
2025-06-17,10.4,10.47,10.34,10.47,39433
2025-06-18,10.46,10.48,10.33,10.33,40998
2025-06-19,10.31,10.34,10.16,10.23,42610
2025-06-20,10.2,10.27,10.18,10.19,37386
2025-06-23,10.17,10.24,10.14,10.2,53580
2025-06-24,10.23,10.39,10.23,10.36,68144
2025-06-25,10.34,10.74,10.34,10.67,168377
2025-06-26,10.72,10.75,10.6,10.63,77542
2025-06-27,10.87,11.07,10.7,10.71,187705
2025-06-30,10.75,10.8,10.6,10.69,80322
2025-07-01,10.67,11.0,10.66,10.81,83241
2025-07-02,10.81,10.89,10.72,10.89,65121
2025-07-03,10.85,10.9,10.78,10.79,45778
2025-07-04,10.81,11.0,10.76,10.9,76131
2025-07-07,10.9,10.96,10.86,10.88,38661
2025-07-08,10.88,10.99,10.82,10.92,61793
2025-07-09,10.92,11.0,10.91,10.93,62436
2025-07-10,10.94,11.26,10.92,11.14,103628
2025-07-11,11.16,11.35,11.12,11.25,129721
2025-07-14,11.25,11.26,10.99,11.01,90604
2025-07-15,11.12,11.2,11.03,11.14,95000
2025-07-16,11.14,11.2,11.05,11.08,56383
2025-07-17,11.05,11.12,11.03,11.05,42965
2025-07-18,11.08,11.13,11.03,11.11,43311
2025-07-21,11.09,11.32,11.09,11.22,70199
2025-07-22,11.21,11.23,11.12,11.22,49585
2025-07-23,11.23,11.38,11.2,11.2,77895
2025-07-24,11.2,11.37,11.18,11.35,78650
2025-07-25,11.39,11.43,11.26,11.27,53464
2025-07-28,11.27,11.31,11.16,11.19,69171
2025-07-29,11.15,11.19,11.05,11.15,53620
2025-07-30,11.17,11.25,11.07,11.19,51167
2025-07-31,11.15,11.17,11.0,11.03,65740
2025-08-01,11.02,11.19,11.02,11.14,47416
2025-08-04,11.07,11.27,11.07,11.21,45668
2025-08-05,11.21,11.39,11.2,11.28,65763
2025-08-06,11.25,11.28,11.18,11.23,51708
2025-08-07,11.28,11.28,11.19,11.27,38023
2025-08-08,11.24,11.29,11.18,11.22,55200
2025-08-11,11.2,11.26,11.14,11.23,65264
2025-08-12,11.24,11.31,11.15,11.18,72412
2025-08-13,11.2,11.35,11.1,11.21,95418
2025-08-14,11.22,11.29,11.05,11.09,87949
2025-08-15,11.1,11.34,11.07,11.28,117553
2025-08-18,11.26,11.34,11.17,11.24,124002
2025-08-19,11.22,11.27,11.1,11.15,74051
2025-08-20,11.13,11.22,11.09,11.21,54894
2025-08-21,11.23,11.4,11.21,11.29,106782
2025-08-22,11.27,11.54,11.26,11.44,111893
2025-08-25,11.52,11.63,11.44,11.55,124210
2025-08-26,12.01,12.59,11.95,12.07,419878
2025-08-27,11.91,12.03,11.54,11.58,251137
2025-08-28,11.58,11.78,11.34,11.57,148587
2025-08-29,11.56,11.64,11.45,11.47,99006
2025-09-01,11.47,12.04,11.37,11.96,223450
2025-09-02,11.91,11.93,11.63,11.72,141029
2025-09-03,11.72,11.75,11.44,11.47,85109
2025-09-04,11.47,11.59,11.34,11.52,93834
2025-09-05,11.48,11.61,11.39,11.51,95124
2025-09-08,11.52,11.71,11.52,11.71,106689
2025-09-09,11.68,11.75,11.6,11.67,63926
2025-09-10,11.72,11.75,11.56,11.59,56045
2025-09-11,11.56,11.75,11.46,11.74,88057
2025-09-12,11.74,11.77,11.63,11.64,79920
2025-09-15,11.62,11.7,11.55,11.59,60869
2025-09-16,11.57,11.62,11.46,11.53,71270
2025-09-17,11.53,11.61,11.47,11.55,53995
2025-09-18,11.54,11.55,11.26,11.33,83337
2025-09-19,11.33,11.41,11.27,11.37,53176
2025-09-22,11.35,11.38,11.2,11.33,46139
2025-09-23,11.3,11.33,11.1,11.28,64730
2025-09-24,11.11,11.31,11.11,11.18,74077
2025-09-25,11.19,11.21,11.04,11.08,55148
2025-09-26,11.06,11.2,11.03,11.13,45630
2025-09-29,11.12,11.39,11.0,11.33,84941
2025-09-30,11.33,11.34,11.16,11.17,69220
2025-10-09,11.28,11.45,11.22,11.4,114905
2025-10-10,11.53,12.18,11.46,12.01,243643
2025-10-13,11.63,11.98,11.61,11.89,152684
2025-10-14,11.88,12.17,11.88,12.05,138761
2025-10-15,12.01,12.08,11.87,12.01,89240
2025-10-16,12.0,12.12,11.96,12.0,93699
2025-10-17,11.96,12.02,11.84,11.88,77679
2025-10-20,11.96,11.99,11.82,11.89,61258
2025-10-21,11.9,12.16,11.86,12.13,93214
2025-10-22,12.1,12.16,11.98,12.05,61996
2025-10-23,12.03,12.25,12.01,12.2,88693
2025-10-24,12.18,12.22,12.07,12.11,58338
2025-10-27,12.17,12.19,12.0,12.11,71896
2025-10-28,12.07,12.2,12.05,12.1,58659
2025-10-29,12.02,12.04,11.8,11.99,99732
2025-10-30,11.98,12.02,11.8,11.85,83679
2025-10-31,11.91,11.91,11.77,11.79,67434
2025-11-03,11.78,11.83,11.7,11.78,77151
2025-11-04,11.8,11.87,11.75,11.79,54556
2025-11-05,11.76,11.96,11.72,11.91,74048
2025-11-06,11.91,12.02,11.86,11.94,69573
2025-11-07,11.92,11.94,11.88,11.9,43427
2025-11-10,11.92,11.99,11.85,11.97,50593
2025-11-11,11.99,12.0,11.9,11.9,44013
2025-11-12,11.89,11.96,11.86,11.88,48165
2025-11-13,11.92,11.92,11.83,11.9,49967
2025-11-14,11.85,11.97,11.85,11.86,42004
2025-11-17,11.86,11.86,11.55,11.62,90936
2025-11-18,11.58,11.61,11.48,11.54,41608
2025-11-19,11.49,11.57,11.33,11.36,49858
2025-11-20,11.48,11.55,11.41,11.44,41753
2025-11-21,11.4,11.42,11.17,11.17,68525
2025-11-24,11.18,11.23,11.06,11.08,59723
2025-11-25,11.12,11.29,11.1,11.17,64928
2025-11-26,11.24,11.3,11.15,11.15,40135
2025-11-27,11.17,11.2,11.09,11.15,35421
2025-11-28,11.15,11.23,11.08,11.2,36774
2025-12-01,11.2,11.22,11.04,11.06,71736
2025-12-02,11.07,11.09,10.98,11.07,33461
2025-12-03,11.08,11.14,11.04,11.13,36877
2025-12-04,11.16,11.16,11.04,11.04,35199
2025-12-05,11.04,11.17,10.99,11.13,51757
2025-12-08,11.16,11.31,11.12,11.12,67155
2025-12-09,11.11,11.12,11.0,11.02,42856
2025-12-10,11.02,11.1,10.98,11.05,32348
2025-12-11,11.07,11.08,10.84,10.88,69960
2025-12-12,10.89,10.93,10.83,10.85,39906
2025-12-15,10.84,10.94,10.79,10.85,38401
2025-12-16,10.88,10.9,10.75,10.81,32378
2025-12-17,10.78,10.9,10.68,10.82,47997
2025-12-18,10.8,10.82,10.71,10.76,36889
2025-12-19,10.81,10.93,10.78,10.87,42064
2025-12-22,10.87,10.91,10.83,10.85,38859
2025-12-23,10.85,10.91,10.83,10.84,40559
2025-12-24,10.84,10.91,10.78,10.86,35899
2025-12-25,10.89,11.02,10.84,10.92,46660
2025-12-26,10.91,10.99,10.9,10.9,38800
2025-12-29,10.89,10.93,10.78,10.79,43422
2025-12-30,10.75,10.79,10.67,10.78,56555
2025-12-31,10.81,10.83,10.74,10.76,39739
2026-01-05,10.78,10.8,10.7,10.78,80735
2026-01-06,10.88,11.09,10.82,11.05,110622
2026-01-07,11.1,11.11,10.91,10.93,63859
2026-01-08,10.92,10.92,10.81,10.83,69007
2026-01-09,10.83,10.91,10.78,10.91,73635
2026-01-12,10.89,11.0,10.84,10.96,88343
2026-01-13,10.96,11.01,10.89,10.91,73508
2026-01-14,10.96,11.04,10.73,10.79,115703
2026-01-15,10.77,10.83,10.72,10.76,61350
2026-01-16,10.8,10.86,10.74,10.77,49829
2026-01-19,10.77,10.9,10.75,10.89,50535
2026-01-20,10.89,10.98,10.87,10.98,55969
2026-01-21,10.94,11.0,10.89,10.94,54383
2026-01-22,10.96,11.05,10.9,10.98,54429
2026-01-23,10.98,11.05,10.96,11.01,74259
2026-01-26,11.02,11.06,10.91,11.0,86249
2026-01-27,11.0,11.0,10.81,10.86,79555
2026-01-28,10.81,10.98,10.81,10.94,68880
2026-01-29,10.94,11.05,10.88,11.03,97179
2026-01-30,11.03,11.11,10.94,10.99,93455
2026-02-02,10.97,11.02,10.74,10.76,71748
2026-02-03,10.87,10.89,10.72,10.79,80794
2026-02-04,10.79,10.96,10.76,10.93,73878
2026-02-05,10.91,10.98,10.86,10.9,57106
2026-02-06,10.85,10.98,10.83,10.88,53148
2026-02-09,10.95,11.02,10.92,11.01,56725
2026-02-10,11.02,11.03,10.96,10.97,38793
2026-02-11,11.01,11.09,10.95,11.05,50779
2026-02-12,11.02,11.03,10.86,10.88,67469
2026-02-13,10.91,10.98,10.81,10.82,59181
2026-02-24,10.89,10.92,10.86,10.88,48486
2026-02-25,10.89,11.02,10.86,10.94,62882
2026-02-26,10.96,10.99,10.88,10.91,54258
2026-02-27,10.91,11.05,10.88,11.02,70180
2026-03-02,10.92,10.96,10.78,10.91,89957
2026-03-03,10.91,11.03,10.86,10.89,95009
2026-03-04,10.84,10.86,10.47,10.5,147594
2026-03-05,10.65,10.65,10.5,10.58,76296
2026-03-06,10.55,10.76,10.52,10.73,57401
2026-03-09,10.71,10.78,10.61,10.67,62726
2026-03-10,10.72,10.75,10.67,10.7,43393
2026-03-11,10.73,10.84,10.66,10.81,53840
2026-03-12,10.79,10.97,10.77,10.95,77260
2026-03-13,10.92,11.01,10.9,10.91,77483
2026-03-16,10.93,11.0,10.85,10.95,53953
2026-03-17,10.98,11.09,10.95,10.98,60868
2026-03-18,11.0,11.03,10.87,10.93,49554
2026-03-19,10.89,10.93,10.83,10.86,47965
2026-03-20,10.86,11.01,10.82,10.85,84143
2026-03-23,10.7,10.71,10.15,10.21,149327
2026-03-24,10.36,10.48,10.27,10.46,77005
2026-03-25,10.51,10.76,10.4,10.75,84126
2026-03-26,10.69,10.83,10.65,10.71,53619
2026-03-27,10.7,10.73,10.53,10.7,71307
2026-03-30,10.48,10.48,9.89,10.06,269394
2026-03-31,10.04,10.14,9.95,9.99,122787
2026-04-01,10.08,10.1,9.99,10.0,64508
2026-04-02,9.97,10.03,9.86,9.91,59540
2026-04-03,9.88,9.91,9.85,9.87,59754
2026-04-07,9.87,9.92,9.79,9.88,66878
2026-04-08,9.95,10.02,9.94,10.0,97246
2026-04-09,9.95,9.96,9.8,9.81,69902
2026-04-10,9.85,10.02,9.84,9.89,68766
2026-04-13,9.9,9.92,9.85,9.89,34533
2026-04-14,9.97,10.05,9.89,10.05,71555
2026-04-15,10.07,10.07,9.97,10.07,44916
2026-04-16,10.07,10.09,10.03,10.07,38863
2026-04-17,10.08,10.08,9.96,9.98,40531
2026-04-20,9.98,10.01,9.95,9.98,26089
2026-04-21,9.98,10.2,9.94,10.18,90113
2026-04-22,10.14,10.18,10.06,10.08,53843
2026-04-23,10.07,10.14,10.0,10.11,48945
2026-04-24,10.09,10.19,10.08,10.12,55036
2026-04-27,10.26,10.3,10.15,10.17,94560
2026-04-28,10.16,10.37,10.12,10.33,86697
2026-04-29,10.29,10.44,10.29,10.42,61330
