Date,Open,High,Low,Close,Volume
2015-08-10,19.98,20.28,19.13,20.04,69374
2015-08-11,19.83,20.88,19.6,20.29,68293
2015-08-12,19.85,21.54,19.8,21.06,90580
2015-08-13,20.6,21.14,19.75,21.0,53201
2015-08-14,23.1,23.1,23.1,23.1,14798
2015-08-17,25.0,25.41,24.03,25.41,109011
2015-08-18,24.89,25.3,22.87,22.87,102509
2015-08-19,21.0,23.98,20.58,23.2,76313
2015-08-20,22.78,24.21,22.05,23.0,61571
2015-08-21,22.51,23.2,21.8,21.98,44725
2015-08-24,20.03,20.7,19.78,19.78,25380
2015-08-25,17.8,18.04,17.8,17.8,21682
2015-08-26,16.58,18.69,16.02,16.02,42651
2015-08-27,17.62,17.62,17.62,17.62,17023
2015-08-28,19.38,19.38,19.38,19.38,16309
2015-08-31,20.77,21.32,19.88,21.32,117771
2015-09-01,20.69,20.7,19.19,19.19,63375
2015-09-02,17.27,19.78,17.27,17.5,46671
2015-09-07,17.55,18.78,15.75,16.29,118027
2015-09-08,16.02,17.48,15.58,17.1,58407
2015-09-09,17.5,18.79,17.1,18.3,89580
2015-09-10,17.8,18.7,17.56,18.02,62208
2015-09-11,17.63,18.58,17.62,18.38,52135
2015-09-14,18.39,19.16,17.0,17.8,88153
2015-09-15,17.06,17.79,16.77,17.78,39173
2015-09-16,17.78,19.56,17.51,19.56,82550
2015-09-17,20.52,21.3,20.01,20.01,99171
2015-09-18,20.0,20.88,19.72,20.68,64353
2015-09-21,20.19,22.39,19.89,22.15,70247
2015-09-22,22.4,22.4,21.17,21.41,59117
2015-09-23,20.99,21.49,20.4,20.65,45019
2015-09-24,20.72,21.29,20.45,20.74,34976
2015-09-25,20.55,21.36,19.69,20.7,49227
2015-09-28,20.71,21.15,20.0,21.01,31265
2015-09-29,20.7,21.07,19.86,20.25,33197
2015-09-30,20.35,20.89,19.73,19.94,18965
2015-10-08,20.58,21.29,20.17,21.1,37802
2015-10-09,21.15,21.65,20.68,21.6,49734
2015-10-12,21.6,22.7,21.6,22.05,53974
2015-10-13,21.68,22.9,21.5,22.55,54059
2015-10-14,22.4,22.7,21.3,21.42,51263
2015-10-15,21.32,22.49,21.32,22.4,39843
2015-10-16,22.61,24.64,22.61,24.36,95737
2015-10-19,24.3,24.3,22.8,23.33,67300
2015-10-20,22.95,23.93,22.9,23.53,49355
2015-10-21,23.49,23.49,21.18,21.18,62860
2015-10-22,20.9,22.15,20.02,21.61,46663
2015-10-23,21.54,22.57,21.2,22.22,48559
2015-10-26,22.55,22.7,21.75,22.23,31013
2015-10-27,22.15,22.23,20.8,22.15,28645
2015-10-28,22.1,22.7,21.99,22.1,32081
2015-10-29,21.99,22.48,21.45,22.0,24624
2015-10-30,21.9,22.79,21.7,22.24,32708
2015-11-02,21.66,21.69,20.7,20.8,31615
2015-11-03,20.6,21.37,20.2,20.86,16421
2015-11-04,21.0,21.82,20.96,21.79,19890
2015-11-05,21.75,22.46,21.52,21.79,25218
2015-11-06,21.99,22.9,21.8,22.65,35135
2015-11-09,22.28,23.11,22.08,22.65,42109
2015-11-10,22.37,24.89,22.26,24.15,69744
2015-11-11,23.98,24.13,23.3,23.78,40132
2015-11-12,24.0,24.95,22.98,24.59,63591
2015-11-13,24.59,25.46,24.08,25.1,66963
2015-11-16,24.78,26.3,24.5,26.19,53953
2015-11-17,26.06,26.54,24.57,24.65,73306
2015-11-18,24.48,24.99,23.37,23.45,36618
2015-11-19,23.63,24.29,23.6,24.28,26105
2015-11-20,24.28,26.3,24.28,25.02,41003
2015-11-23,25.15,25.79,24.61,24.82,39080
2015-11-24,25.1,25.38,24.0,24.98,28521
2015-11-25,24.99,25.85,24.81,25.81,37199
2015-11-26,25.86,26.25,25.01,25.27,33202
2015-11-27,25.57,25.57,23.01,23.51,33840
2015-11-30,23.24,23.8,21.74,22.82,33748
2015-12-01,22.76,23.75,22.5,23.05,28407
2015-12-02,23.48,24.8,22.21,24.5,26312
2015-12-03,24.28,24.85,23.8,24.76,32242
2015-12-04,24.48,25.53,24.25,25.0,50809
2015-12-07,25.1,26.04,24.8,25.69,44355
2015-12-08,25.6,26.39,24.61,26.09,64499
2015-12-09,26.0,27.5,25.65,26.98,80942
2015-12-10,26.99,27.0,25.77,25.84,52413
2015-12-11,25.36,26.66,25.2,26.33,45269
2015-12-14,26.33,26.33,24.82,25.89,45906
2015-12-15,25.66,26.39,25.3,25.96,39279
2015-12-16,26.1,27.14,26.1,26.65,47475
2015-12-17,26.89,28.55,26.69,27.83,62728
2015-12-18,27.6,28.5,27.25,28.3,47065
2015-12-21,28.24,29.64,27.99,29.18,47177
2015-12-22,29.05,29.9,28.33,29.49,42495
2015-12-23,29.48,29.48,27.5,28.0,38145
2015-12-24,28.09,30.8,28.03,30.8,74448
2015-12-25,31.0,31.1,29.8,30.15,49769
2015-12-28,30.42,30.77,28.63,28.8,54780
2015-12-29,28.83,29.35,27.82,28.98,34377
2015-12-30,29.29,29.3,28.22,28.6,33560
2015-12-31,28.5,28.79,26.55,27.42,47174
2016-01-04,27.53,27.78,25.0,25.09,35196
2016-01-05,22.66,26.48,22.66,25.8,60467
2016-01-06,25.99,26.2,25.5,26.01,33847
2016-01-07,25.0,25.46,23.41,23.41,10535
2016-01-08,23.5,24.5,21.09,23.0,48247
2016-01-11,22.0,23.19,20.7,20.71,38244
2016-01-12,19.6,21.0,18.9,19.7,38466
2016-01-13,19.98,20.27,18.18,18.2,36603
2016-01-14,17.3,19.17,16.98,18.88,27977
2016-01-15,18.51,19.28,17.9,18.25,31310
2016-01-18,17.8,19.5,17.77,18.82,30254
2016-01-19,18.61,19.88,18.61,19.82,31867
2016-01-20,20.0,20.68,19.7,19.91,39672
2016-01-21,19.5,20.05,18.5,18.59,35011
2016-01-22,18.75,19.2,18.01,19.14,24079
2016-01-25,19.23,19.69,18.9,19.36,23546
2016-01-26,19.0,19.2,17.42,17.45,28089
2016-01-27,17.99,17.99,15.72,16.89,37108
2016-01-28,16.88,17.66,16.0,16.96,45455
2016-01-29,16.98,18.66,16.98,18.04,45257
2016-02-01,18.0,18.2,17.4,17.51,24356
2016-02-02,17.59,18.4,17.26,18.05,36738
2016-02-03,17.83,18.06,17.55,17.96,25752
2016-02-04,18.06,18.65,17.92,18.51,26502
2016-02-05,18.51,19.35,18.51,18.76,26334
2016-02-15,17.68,18.74,17.68,18.55,20513
2016-02-16,18.65,19.59,18.54,19.4,24760
2016-02-17,19.59,19.92,19.09,19.61,28752
2016-02-18,19.81,19.98,19.4,19.4,26882
2016-02-19,19.28,19.66,19.12,19.33,24063
2016-02-22,19.68,20.02,19.45,19.92,23323
2016-02-23,20.0,20.08,19.45,19.69,22466
2016-02-24,19.63,20.17,19.3,19.74,24375
2016-02-25,19.72,19.74,17.77,17.77,41351
2016-02-26,18.25,18.25,17.02,17.39,23191
2016-02-29,17.13,17.28,15.88,16.28,29776
2016-03-01,16.58,16.93,16.01,16.71,25347
2016-03-02,16.8,17.75,16.7,17.6,30903
2016-03-03,17.62,18.08,17.44,17.45,22762
2016-03-04,17.68,17.68,16.12,17.09,30161
2016-03-07,17.05,17.63,17.05,17.43,17989
2016-03-08,17.4,18.8,16.53,18.5,30558
2016-03-09,18.0,20.12,17.65,19.43,88618
2016-03-10,19.2,19.25,18.58,18.77,39166
2016-03-11,18.25,19.07,18.25,18.62,24381
2016-03-14,18.85,19.45,18.69,19.0,42098
2016-03-15,18.71,19.07,18.25,18.37,33014
2016-03-16,19.51,20.0,18.86,18.93,63873
2016-03-17,18.7,20.59,18.7,20.31,72804
2016-03-18,20.31,21.38,20.11,21.11,65298
2016-03-21,21.39,22.2,21.06,21.7,49867
2016-03-22,21.39,22.22,21.1,21.6,44739
2016-03-23,21.51,22.22,21.51,22.09,33540
2016-03-24,22.0,23.82,21.8,22.57,56970
2016-03-25,22.42,24.79,22.12,24.37,68821
2016-03-28,24.58,24.96,23.15,23.7,74804
2016-03-29,23.68,23.79,22.51,23.5,45873
2016-03-30,23.35,24.35,23.35,24.17,33547
2016-03-31,24.24,25.35,24.0,24.23,44495
2016-04-01,24.06,24.58,23.35,23.85,34997
2016-04-05,24.09,25.83,23.96,25.47,36300
2016-04-06,25.08,25.57,24.75,24.99,30754
2016-04-07,25.5,26.45,25.02,25.63,46992
2016-04-08,25.11,25.75,24.5,25.55,34489
2016-04-11,25.94,26.27,25.6,25.86,25863
2016-04-12,25.86,26.06,24.77,25.08,33772
2016-04-13,25.0,25.49,24.4,24.5,67753
2016-04-14,24.5,26.9,24.46,26.5,85311
2016-04-15,26.44,26.77,25.76,26.69,54499
2016-04-18,26.1,26.36,25.76,26.11,35991
2016-04-19,26.1,27.35,26.1,26.41,42572
2016-04-20,26.51,27.58,24.3,26.94,79057
2016-04-21,26.98,27.55,26.01,26.5,66526
2016-04-22,26.1,27.58,25.7,27.58,59559
2016-04-25,27.61,27.95,27.01,27.47,43733
2016-04-26,27.08,27.86,26.9,27.68,35084
2016-04-27,27.5,28.61,27.38,28.38,56579
2016-04-28,28.45,28.45,27.1,28.03,47533
2016-04-29,27.76,27.88,27.03,27.04,42484
2016-05-03,26.68,27.66,26.68,27.6,38341
2016-05-04,27.41,27.66,26.93,27.02,32948
2016-05-05,26.9,26.98,26.4,26.78,42107
2016-05-06,26.48,26.75,24.1,24.45,77755
2016-05-09,23.0,23.23,22.01,22.01,97471
2016-05-10,22.01,22.08,21.02,21.27,69783
2016-05-11,21.55,21.69,20.04,20.65,62612
2016-05-12,20.03,20.3,19.19,20.2,51619
2016-05-13,20.01,20.54,19.99,20.1,37032
2016-05-16,20.55,21.77,20.3,21.69,63833
2016-05-17,21.5,21.78,20.83,21.12,47863
2016-05-18,20.3,20.86,19.53,19.9,54181
2016-05-19,19.8,20.45,19.5,19.67,43121
2016-05-20,19.58,20.08,18.88,19.98,38211
2016-05-23,19.81,20.36,19.73,20.26,34609
2016-05-24,20.41,21.78,20.2,20.82,52779
2016-05-25,20.83,21.49,20.57,21.12,36654
2016-05-26,21.21,21.54,20.0,21.16,35984
2016-05-27,21.07,21.19,20.5,21.06,21630
2016-05-30,20.78,21.0,20.2,20.47,22484
2016-05-31,20.5,21.62,20.5,21.5,34582
2016-06-01,21.5,22.97,21.48,22.48,52062
2016-06-02,22.27,22.64,22.02,22.43,29917
2016-06-03,22.26,22.96,22.25,22.78,28998
2016-06-06,22.67,22.75,22.18,22.38,26601
2016-06-07,22.49,22.58,22.21,22.51,19614
2016-06-08,22.4,22.5,21.68,22.16,28575
2016-06-13,21.8,21.8,20.36,20.36,29800
2016-06-14,20.3,20.83,20.12,20.69,18094
2016-06-15,20.47,22.15,20.31,21.85,30039
2016-06-16,21.78,22.05,21.46,21.48,22675
2016-06-17,21.47,21.92,21.4,21.62,14999
2016-06-20,20.43,21.47,20.43,21.07,33015
2016-06-21,21.15,21.38,20.86,21.19,22776
2016-06-22,21.18,22.4,21.18,22.33,34487
2016-06-23,22.1,22.32,21.55,21.88,23340
2016-06-24,21.66,22.1,20.8,21.38,32137
2016-06-27,21.18,21.91,21.15,21.86,20211
2016-06-28,21.55,22.73,21.55,22.53,36104
2016-06-29,22.6,22.93,22.3,22.44,30044
2016-06-30,22.86,23.2,22.5,22.81,46108
2016-07-01,22.58,23.32,22.3,23.15,49012
2016-07-04,22.97,23.87,22.79,23.68,40406
2016-07-05,24.09,24.3,23.46,23.62,47354
2016-07-06,23.62,23.8,23.08,23.56,30271
2016-07-07,23.45,25.92,22.99,25.92,88473
2016-07-08,25.4,25.97,24.78,24.85,68541
2016-07-11,24.85,25.25,24.35,24.51,36528
2016-07-12,24.67,25.56,24.21,24.94,35079
2016-07-13,24.71,25.4,24.71,24.94,24201
2016-07-14,24.65,25.3,24.65,25.16,22964
2016-07-15,24.96,25.66,24.82,25.5,28333
2016-07-18,25.1,25.44,24.82,24.95,17487
2016-07-19,24.8,25.11,24.2,24.56,24477
2016-07-20,24.46,24.85,24.45,24.53,11697
2016-07-21,24.75,24.75,24.22,24.48,12374
2016-07-22,24.37,24.75,24.26,24.46,13136
2016-07-25,24.2,24.81,24.2,24.47,13269
2016-07-26,24.69,24.69,24.0,24.58,10176
2016-07-27,24.48,24.72,22.6,22.65,23697
2016-07-28,22.65,23.25,22.39,23.0,18940
2016-07-29,23.28,23.42,22.88,23.07,9905
2016-08-01,22.94,22.99,22.21,22.41,10630
2016-08-02,22.33,23.38,22.33,23.2,14233
2016-08-03,23.15,23.35,22.92,23.16,11430
2016-08-04,23.07,23.26,22.88,23.09,7377
2016-08-05,23.09,23.19,22.7,22.88,6445
2016-08-08,22.88,23.25,22.53,23.22,6899
2016-08-09,23.22,23.46,23.03,23.35,9137
2016-08-10,23.35,23.37,23.06,23.11,6465
2016-08-11,23.11,23.13,22.8,22.81,5988
2016-08-12,22.89,22.89,22.59,22.78,7874
2016-08-15,22.61,23.2,22.61,23.04,17667
2016-08-16,23.07,24.2,22.9,24.14,28545
2016-08-17,24.0,24.0,23.5,23.68,15271
2016-08-18,23.68,24.06,23.52,23.71,11916
2016-08-19,23.86,24.44,23.66,23.88,21874
2016-08-22,23.8,23.98,23.6,23.77,12233
2016-08-23,23.59,24.29,23.5,23.82,18640
2016-08-24,23.73,24.19,23.6,24.08,16689
2016-08-25,24.08,24.08,23.67,23.73,10551
2016-08-26,23.73,23.97,23.62,23.8,7173
2016-08-29,23.8,24.32,23.68,23.95,18693
2016-08-30,23.81,24.3,23.81,24.09,13624
2016-08-31,23.92,24.48,23.92,24.1,16435
2016-09-01,24.04,24.19,23.72,24.0,17527
2016-09-02,24.06,24.34,23.88,24.1,16628
2016-09-05,24.02,24.36,23.96,23.96,19166
2016-09-06,23.88,24.1,23.52,24.07,19384
2016-09-07,24.07,24.79,24.01,24.43,33172
2016-09-08,24.29,25.22,24.03,24.99,49660
2016-09-09,24.99,25.97,24.84,25.96,74617
2016-09-12,25.25,25.85,24.71,25.0,46685
2016-09-13,24.98,25.69,24.59,25.65,43351
2016-09-14,25.33,25.86,24.91,25.08,29278
2016-09-19,25.29,25.7,24.94,25.42,26245
2016-09-20,25.3,25.42,24.96,25.08,19382
2016-09-21,25.04,25.18,24.55,24.6,20278
2016-09-22,24.79,25.45,24.63,25.19,25352
2016-09-23,25.2,25.38,24.76,24.9,19071
2016-09-26,24.76,24.97,23.7,23.8,25301
2016-09-27,23.86,24.29,23.3,24.01,14927
2016-09-28,23.98,24.06,23.73,23.76,8295
2016-09-29,23.88,24.15,23.71,23.98,10593
2016-09-30,23.98,24.4,23.87,24.23,11756
2016-10-10,24.35,24.65,24.0,24.59,17055
2016-10-11,24.65,25.41,24.65,24.99,33833
2016-10-12,25.45,25.45,24.88,25.06,22861
2016-10-13,25.06,25.18,24.71,24.97,15926
2016-10-14,24.85,25.09,24.7,24.8,16774
2016-10-17,24.78,25.35,24.78,24.91,24993
2016-10-18,24.92,25.35,24.76,25.33,24331
2016-10-19,25.37,25.48,25.1,25.21,17875
2016-10-20,25.21,25.67,25.13,25.5,25807
2016-10-21,25.5,25.6,24.7,25.34,17073
2016-10-24,25.44,25.45,25.22,25.34,14058
2016-10-25,25.31,25.6,25.2,25.37,16167
2016-10-26,25.38,25.76,25.23,25.65,30906
2016-10-27,25.55,25.7,25.24,25.26,16330
2016-10-28,25.26,25.3,24.61,24.65,19725
2016-10-31,24.59,24.66,24.19,24.47,14990
2016-11-01,24.64,25.28,24.4,25.18,23306
2016-11-02,25.16,25.68,25.02,25.18,20169
2016-11-03,25.25,25.85,25.25,25.67,31076
2016-11-04,25.7,25.9,25.48,25.63,25351
2016-11-07,25.63,26.15,25.43,25.68,17929
2016-11-08,25.8,26.35,25.6,26.35,34920
2016-11-09,26.39,26.5,25.2,25.62,42816
2016-11-10,25.82,26.15,25.7,25.85,21605
2016-11-11,25.88,26.45,25.66,26.15,25915
2016-11-14,26.05,26.98,25.95,26.84,36757
2016-11-15,26.78,26.86,26.36,26.74,22171
2016-11-16,26.71,28.71,26.71,27.8,65278
2016-11-17,27.61,28.14,27.25,28.1,37078
2016-11-18,28.3,28.47,27.48,27.95,37576
2016-11-21,29.0,30.59,27.88,28.15,91584
2016-11-22,28.29,30.97,27.65,30.97,101829
2016-11-23,32.71,33.88,31.32,31.62,153715
2016-11-24,31.62,31.81,29.76,30.21,92442
2016-11-25,30.03,30.35,28.71,29.48,70621
2016-11-28,29.66,29.66,28.0,28.15,59818
2016-11-29,27.9,28.66,27.59,27.85,43095
2016-11-30,27.66,28.15,27.55,27.7,27328
2016-12-01,27.8,28.35,27.63,28.02,31791
2016-12-02,27.81,27.99,26.59,26.59,54103
2016-12-05,26.31,27.09,26.01,26.77,24956
2016-12-06,26.61,27.4,26.61,27.0,21843
2016-12-07,27.01,27.79,27.01,27.65,27312
2016-12-08,27.98,28.29,27.41,28.29,42567
2016-12-09,28.29,30.13,28.0,29.65,66075
2016-12-12,29.45,29.5,28.31,28.59,50710
2016-12-13,28.79,30.27,27.51,30.14,46622
2016-12-14,29.8,30.88,28.51,28.51,47738
2016-12-15,28.38,29.62,27.0,29.04,50852
2016-12-16,28.06,29.64,28.04,28.51,40277
2016-12-19,28.37,28.9,28.2,28.38,16798
2016-12-20,28.48,29.36,28.47,29.09,29748
2016-12-21,29.22,30.3,29.2,30.26,65744
2016-12-22,30.2,30.36,29.3,29.52,71440
2016-12-23,29.38,30.58,29.38,30.45,56985
2016-12-26,30.14,31.3,29.9,31.1,51321
2016-12-27,32.0,33.75,30.9,30.96,85440
2016-12-28,30.35,31.99,30.03,30.08,52501
2016-12-29,29.87,30.59,29.2,29.8,45885
2016-12-30,29.7,30.16,29.25,29.88,23804
2017-01-03,29.86,30.09,29.47,30.08,18663
2017-01-04,29.99,30.5,29.78,29.95,22294
2017-01-05,29.84,30.63,29.8,30.2,27987
2017-01-06,30.3,30.58,29.88,30.1,13875
2017-01-09,29.9,30.09,28.65,29.15,37189
2017-01-10,28.91,29.18,28.3,28.74,17760
2017-01-11,28.74,29.13,28.5,28.88,13790
2017-01-12,28.53,28.97,28.42,28.46,11202
2017-01-13,28.32,28.6,27.7,27.7,13833
2017-01-16,27.6,27.6,24.93,25.3,27841
2017-01-17,25.58,25.7,24.74,25.47,17529
2017-01-18,25.21,25.9,25.21,25.41,10745
2017-01-19,25.31,25.78,25.3,25.48,6846
2017-01-20,25.7,26.48,25.5,26.46,11255
2017-01-23,26.46,27.15,26.46,26.62,9335
2017-01-24,26.42,27.0,26.4,26.95,7126
2017-01-25,26.99,27.44,26.72,27.25,8197
2017-01-26,27.25,27.45,27.0,27.45,5559
2017-02-03,27.66,27.74,26.66,27.1,7254
2017-02-06,27.1,27.15,26.51,27.08,8073
2017-02-07,27.0,27.26,26.8,27.23,12373
2017-02-08,26.95,27.2,26.84,27.1,9856
2017-02-09,27.09,27.25,26.85,27.09,10219
2017-02-10,27.15,27.16,26.4,26.4,20896
2017-02-13,26.4,26.49,25.6,25.86,20392
2017-02-14,25.8,26.28,25.75,26.0,15003
2017-02-15,26.0,26.48,25.82,26.21,14687
2017-02-16,26.45,26.45,25.83,25.9,16117
2017-02-17,25.8,26.2,25.6,25.77,8989
2017-02-20,25.98,25.98,24.64,25.0,22576
2017-02-21,25.0,25.49,25.0,25.42,12621
2017-02-22,25.49,25.88,25.42,25.65,15604
2017-02-23,25.71,25.8,24.93,25.16,17860
2017-02-24,25.02,25.83,25.02,25.76,18295
2017-02-27,25.75,25.99,25.52,25.73,12836
2017-02-28,25.59,27.17,25.53,27.04,34699
2017-03-01,26.8,27.0,26.48,26.82,18132
2017-03-02,26.8,27.06,26.66,26.82,16818
2017-03-03,26.7,27.1,26.7,26.88,11322
2017-03-06,26.84,27.15,26.76,26.95,10471
2017-03-07,26.98,27.1,26.71,27.08,10374
2017-03-08,27.08,27.19,26.7,26.75,8849
2017-03-09,26.76,27.1,26.53,26.76,8010
2017-03-10,26.78,26.82,26.41,26.47,10555
2017-03-13,26.44,26.69,25.9,26.66,12674
2017-03-14,26.3,26.74,26.22,26.39,8990
2017-03-15,26.41,26.77,26.16,26.56,9305
2017-03-16,26.49,26.69,26.3,26.54,11380
2017-03-17,26.54,26.95,26.45,26.65,11391
2017-03-20,26.69,28.77,26.66,27.76,45556
2017-03-21,27.73,27.85,27.12,27.17,25391
2017-03-22,27.18,27.18,26.51,26.52,17895
2017-03-23,26.45,28.88,26.43,27.54,36588
2017-03-24,27.63,27.85,26.74,27.1,23293
2017-03-27,27.0,27.35,26.73,27.2,15129
2017-03-28,27.32,27.67,27.12,27.23,14574
2017-03-29,27.23,27.78,26.82,27.31,19557
2017-03-30,27.31,27.33,26.6,26.7,21515
2017-03-31,26.6,26.88,26.1,26.25,16972
2017-04-05,26.51,26.89,26.51,26.77,10690
2017-04-06,26.79,27.59,26.79,27.16,12239
2017-04-07,27.4,27.4,26.88,26.95,9749
2017-04-10,26.95,27.1,26.09,26.22,14731
2017-04-11,25.15,26.4,25.15,26.06,12513
2017-04-12,25.7,26.08,25.58,25.68,11222
2017-04-13,25.31,25.87,25.31,25.8,9079
2017-04-14,25.99,25.99,25.6,25.67,7865
2017-04-17,25.4,25.8,24.52,25.51,10994
2017-04-18,25.76,25.76,24.61,25.51,12919
2017-04-19,25.49,25.49,24.85,25.07,7506
2017-04-20,24.99,25.34,24.8,25.34,6964
2017-04-21,25.25,25.43,24.9,24.9,12148
2017-04-24,24.89,25.07,23.01,24.54,19231
2017-04-25,24.7,24.92,24.41,24.54,3695
2017-04-26,24.54,24.92,24.31,24.48,10906
2017-04-27,24.41,24.45,23.8,24.15,7281
2017-04-28,24.15,24.75,23.7,24.43,4749
2017-05-02,24.0,24.5,23.95,24.22,3656
2017-05-03,23.88,24.3,23.35,24.27,3907
2017-05-04,24.48,24.68,23.44,24.58,5510
2017-05-05,24.32,25.09,24.32,24.84,8255
2017-05-08,25.26,25.26,24.5,24.52,5755
2017-05-09,24.52,24.97,24.4,24.74,3188
2017-05-10,25.11,25.11,24.4,24.43,2936
2017-05-11,24.08,24.4,23.5,23.85,5058
2017-05-12,24.5,24.5,23.51,23.88,4711
2017-05-15,23.88,24.3,23.8,23.85,2342
2017-05-16,23.98,24.0,23.5,23.95,2965
2017-05-17,23.84,24.18,23.84,24.0,3934
2017-05-18,23.91,24.2,23.52,24.01,4465
2017-05-19,24.07,24.27,23.97,24.02,2389
2017-05-22,23.5,23.99,23.29,23.65,3355
2017-05-23,23.5,23.63,22.01,23.55,8148
2017-05-24,23.29,23.35,22.45,23.28,3981
2017-05-25,23.27,23.5,22.86,23.3,4950
2017-05-26,23.3,23.32,23.0,23.2,1972
2017-05-31,23.2,23.8,22.8,23.1,3221
2017-06-01,22.7,23.23,22.7,23.21,3449
2017-06-02,23.19,23.48,22.94,23.3,3053
2017-06-05,23.45,23.61,23.06,23.35,2817
2017-06-06,23.31,23.42,23.08,23.29,3795
2017-06-07,23.38,23.71,23.0,23.65,6168
2017-06-08,23.59,23.6,23.25,23.25,4240
2017-06-09,23.3,23.3,22.4,23.14,8932
2017-06-12,22.7,23.0,22.52,23.0,4996
2017-06-13,22.8,23.0,22.61,22.97,5192
2017-06-14,22.94,22.94,22.62,22.93,4264
2017-06-15,22.72,22.95,22.7,22.7,6422
2017-06-16,22.7,22.78,22.42,22.48,4418
2017-06-19,22.59,22.71,22.44,22.64,3958
2017-06-20,22.6,22.75,22.6,22.66,5243
2017-06-21,22.77,22.82,22.46,22.58,4159
2017-06-22,22.55,22.89,22.08,22.5,10944
2017-06-23,22.45,22.49,21.91,22.12,7665
2017-06-26,22.14,22.14,21.7,22.01,6452
2017-06-27,21.92,22.19,21.82,22.11,5640
2017-06-28,22.11,22.11,21.71,22.01,5393
2017-06-29,22.01,22.11,21.89,22.01,5020
2017-06-30,21.74,22.05,21.72,22.02,6378
2017-07-03,22.0,22.48,22.0,22.09,4562
2017-07-04,22.09,22.36,22.03,22.18,4320
2017-07-05,22.2,22.25,22.1,22.18,2958
2017-07-06,22.19,22.4,22.1,22.26,3219
2017-07-07,22.26,23.59,22.1,23.09,14643
2017-07-10,22.85,22.85,22.1,22.4,7606
2017-07-11,22.3,22.5,22.22,22.39,3666
2017-07-12,22.18,22.49,22.13,22.19,3432
2017-07-13,22.29,22.85,22.18,22.2,4521
2017-07-14,22.15,22.25,21.82,22.15,4413
2017-07-17,22.06,22.06,20.0,20.58,8135
2017-07-18,20.4,20.53,19.88,20.37,7983
2017-07-19,20.37,20.37,19.88,20.25,4495
2017-07-20,20.13,20.65,20.11,20.58,4057
2017-07-21,20.57,20.94,20.18,20.68,3452
2017-07-24,20.7,20.7,20.43,20.56,2450
2017-07-25,20.56,20.7,20.31,20.38,2630
2017-07-26,20.22,20.62,20.22,20.55,2029
2017-07-27,20.54,20.75,20.21,20.58,3292
2017-07-28,20.38,20.67,20.38,20.55,2116
2017-07-31,20.48,20.48,20.0,20.16,5354
2017-08-01,20.11,20.16,19.88,20.13,4356
2017-08-02,20.13,22.0,19.97,21.3,11432
2017-08-03,21.29,21.54,20.71,21.32,8783
2017-08-04,20.82,21.23,20.25,20.4,5631
2017-08-07,20.4,20.65,20.24,20.65,2896
2017-08-08,20.92,20.92,20.3,20.35,4056
2017-08-09,20.55,20.95,20.24,20.66,4879
2017-08-10,20.66,20.66,20.66,20.66,0
2017-08-11,20.66,20.66,20.66,20.66,0
2017-08-14,20.66,20.66,20.66,20.66,0
2017-08-15,20.66,20.66,20.66,20.66,0
2017-08-16,20.66,20.66,20.66,20.66,0
2017-08-17,20.66,20.66,20.66,20.66,0
2017-08-18,20.66,20.66,20.66,20.66,0
2017-08-21,20.66,20.66,20.66,20.66,0
2017-08-22,20.66,20.66,20.66,20.66,0
2017-08-23,20.66,20.66,20.66,20.66,0
2017-08-24,20.66,20.66,20.66,20.66,0
2017-08-25,20.66,20.66,20.66,20.66,0
2017-08-28,20.66,20.66,20.66,20.66,0
2017-08-29,20.66,20.66,20.66,20.66,0
2017-08-30,20.66,20.66,20.66,20.66,0
2017-08-31,20.66,20.66,20.66,20.66,0
2017-09-01,20.66,20.66,20.66,20.66,0
2017-09-04,20.66,20.66,20.66,20.66,0
2017-09-05,20.66,20.66,20.66,20.66,0
2017-09-06,20.66,20.66,20.66,20.66,0
2017-09-07,20.66,20.66,20.66,20.66,0
2017-09-08,20.66,20.66,20.66,20.66,0
2017-09-11,20.66,20.66,20.66,20.66,0
2017-09-12,20.66,20.66,20.66,20.66,0
2017-09-13,20.66,20.66,20.66,20.66,0
2017-09-14,20.66,20.66,20.66,20.66,0
2017-09-15,20.66,20.66,20.66,20.66,0
2017-09-18,20.66,20.66,20.66,20.66,0
2017-09-19,20.66,20.66,20.66,20.66,0
2017-09-20,21.5,22.09,20.68,20.82,22400
2017-09-21,20.72,21.29,20.09,20.5,17711
2017-09-22,20.28,20.3,19.91,20.13,7498
2017-09-25,20.0,20.19,19.8,19.86,5284
2017-09-26,19.72,20.0,19.51,19.61,6909
2017-09-27,19.64,19.88,19.55,19.57,4587
2017-09-28,19.6,19.73,19.19,19.19,5953
2017-09-29,19.29,19.45,19.2,19.44,5789
2017-10-09,19.59,19.77,19.4,19.47,4948
2017-10-10,19.74,20.18,19.56,20.12,5482
2017-10-11,20.15,20.23,19.82,19.9,4606
2017-10-12,20.0,20.16,19.85,20.0,4476
2017-10-13,20.15,20.16,18.15,20.06,8777
2017-10-16,20.06,20.28,19.5,19.67,6466
2017-10-17,19.5,19.59,19.06,19.26,3020
2017-10-18,19.3,19.4,19.02,19.3,3677
2017-10-19,19.16,19.32,18.51,18.7,4004
2017-10-20,18.7,19.77,18.3,19.43,6335
2017-10-23,19.4,20.04,19.3,19.66,5511
2017-10-24,19.67,20.5,19.23,20.03,8856
2017-10-25,20.0,20.1,19.65,19.86,4387
2017-10-26,19.89,20.02,19.65,19.89,6308
2017-10-27,19.99,19.99,19.44,19.45,5251
2017-10-30,19.01,19.59,18.68,18.75,5866
2017-10-31,18.72,19.12,18.35,19.05,3546
2017-11-01,18.99,19.19,18.73,18.76,4550
2017-11-02,18.76,18.76,17.95,18.4,9872
2017-11-03,18.18,18.3,17.83,17.95,5931
2017-11-06,17.92,18.03,17.74,18.0,3667
2017-11-07,18.04,19.8,17.8,19.8,13379
2017-11-08,19.57,20.12,19.43,19.8,15841
2017-11-09,19.56,20.15,19.35,19.69,10966
2017-11-10,19.88,19.88,19.41,19.41,5692
2017-11-13,19.4,19.4,18.88,19.05,5706
2017-11-14,18.8,19.05,18.53,18.87,5122
2017-11-15,18.77,19.35,18.66,19.02,4339
2017-11-16,19.02,19.22,18.72,18.79,2704
2017-11-17,18.63,19.12,18.18,18.62,4540
2017-11-20,18.33,19.6,18.33,19.04,6341
2017-11-21,18.89,19.13,18.3,18.8,5174
2017-11-22,18.66,19.0,18.66,18.9,3335
2017-11-23,18.79,20.79,18.79,20.79,27791
2017-11-24,20.95,21.99,20.8,21.75,56173
2017-11-27,21.1,21.57,20.51,20.99,25268
2017-11-28,21.1,22.78,20.76,22.65,35976
2017-11-29,22.5,22.82,21.75,22.82,31953
2017-11-30,22.7,22.7,21.71,22.31,20650
2017-12-01,22.1,22.68,21.75,22.53,14615
2017-12-04,22.02,22.55,22.02,22.13,13668
2017-12-05,21.92,22.13,20.6,21.08,12392
2017-12-06,20.97,21.38,20.48,21.26,10232
2017-12-07,21.33,21.84,21.03,21.81,19864
2017-12-08,21.66,21.92,21.33,21.64,15421
2017-12-11,21.66,21.87,21.03,21.71,14756
2017-12-12,21.65,21.65,20.89,20.99,14180
2017-12-13,21.05,21.05,20.51,20.66,8897
2017-12-14,20.37,20.76,20.0,20.41,10120
2017-12-15,20.47,20.94,20.22,20.61,17512
2017-12-18,20.6,20.61,19.22,19.77,15665
2017-12-19,19.66,20.25,19.49,20.14,8168
2017-12-20,20.38,20.38,19.67,19.86,5769
2017-12-21,19.6,19.99,19.5,19.99,5363
2017-12-22,19.95,21.6,19.73,21.19,25248
2017-12-25,21.02,21.75,20.35,21.13,26275
2017-12-26,20.78,21.33,20.63,20.98,11300
2017-12-27,20.78,21.08,20.61,20.75,6076
2017-12-28,20.52,21.16,20.13,20.7,7044
2017-12-29,20.37,21.5,20.37,21.35,10427
2018-01-02,21.12,21.51,21.07,21.26,5145
2018-01-03,21.26,21.35,20.85,21.16,5410
2018-01-04,20.97,21.45,20.8,20.86,5845
2018-01-05,20.86,21.1,20.55,21.05,6126
2018-01-08,21.5,21.68,20.84,21.34,8334
2018-01-09,21.35,21.5,20.88,21.44,9450
2018-01-10,21.78,23.58,21.4,22.09,19758
2018-01-11,22.02,22.99,21.55,22.3,19437
2018-01-12,21.91,22.05,21.02,22.0,10731
2018-01-15,21.78,21.95,21.1,21.9,9193
2018-01-16,21.8,21.85,21.44,21.46,6626
2018-01-17,21.3,21.88,21.23,21.53,6204
2018-01-18,21.75,22.6,21.3,22.09,12487
2018-01-19,22.02,22.4,21.55,21.84,4104
2018-01-22,21.64,21.87,21.2,21.26,3951
2018-01-23,21.26,22.0,20.81,21.85,7817
2018-01-24,21.51,21.8,21.3,21.55,3144
2018-01-25,21.16,21.62,21.02,21.09,2773
2018-01-26,21.09,21.44,20.84,20.86,2957
2018-01-29,20.87,21.59,20.87,21.09,4735
2018-01-30,20.86,21.1,20.3,20.59,4195
2018-01-31,20.59,21.05,19.7,20.59,11398
2018-02-01,21.05,21.2,20.02,20.3,4860
2018-02-02,20.2,20.39,19.7,19.83,9218
2018-02-05,19.8,20.01,19.07,19.59,3273
2018-02-06,20.09,20.09,17.63,17.63,3933
2018-02-07,15.87,19.39,15.87,18.5,48242
2018-02-08,17.11,17.94,16.75,17.6,8970
2018-02-09,16.06,17.55,16.06,16.55,5411
2018-02-12,16.22,17.38,16.22,17.38,6000
2018-02-13,17.38,17.38,16.01,16.75,7352
2018-02-14,16.53,17.1,16.45,17.02,4849
2018-02-22,17.0,17.35,16.72,17.12,2391
2018-02-23,16.88,17.13,16.76,16.86,5273
2018-02-26,16.99,17.16,16.86,17.15,5939
2018-02-27,17.11,17.18,16.65,16.67,4836
2018-02-28,16.92,17.09,16.63,16.91,4618
2018-03-01,17.0,17.44,16.8,17.27,5662
2018-03-02,17.2,18.2,16.93,17.84,12819
2018-03-05,17.8,18.4,17.31,17.33,7182
2018-03-06,17.64,17.64,17.08,17.61,4653
2018-03-07,17.6,17.88,17.41,17.88,5453
2018-03-08,17.82,18.16,17.53,18.02,6912
2018-03-09,19.5,19.82,19.5,19.82,74645
2018-03-12,18.5,19.69,18.4,19.38,47355
2018-03-13,18.8,18.99,18.55,18.81,26250
2018-03-14,18.93,18.93,18.17,18.17,16077
2018-03-15,18.02,18.17,17.21,17.63,15979
2018-03-16,17.51,17.74,17.44,17.63,9362
2018-03-19,17.63,17.9,17.4,17.9,9298
2018-03-20,18.0,18.29,17.71,17.96,10265
2018-03-21,17.78,18.15,17.51,17.82,10140
2018-03-22,17.77,17.92,17.53,17.67,7372
2018-03-23,17.1,17.1,15.9,15.9,21288
2018-03-26,15.95,15.99,15.03,15.99,13640
2018-03-27,15.91,16.74,15.91,16.48,12225
2018-03-28,16.25,17.6,15.0,17.32,20407
2018-03-29,16.61,17.64,16.61,16.97,15025
2018-03-30,16.88,17.26,16.85,16.9,7891
2018-04-02,16.95,16.99,16.5,16.56,7751
2018-04-03,16.45,16.48,16.04,16.2,7156
2018-04-04,16.38,16.4,16.0,16.05,6172
2018-04-09,16.0,16.08,15.6,16.01,5813
2018-04-10,15.99,16.81,15.83,16.3,14632
2018-04-11,16.1,16.5,16.1,16.3,7734
2018-04-12,16.48,16.48,16.1,16.2,4841
2018-04-13,16.3,16.38,16.11,16.18,3728
2018-04-16,16.01,16.23,15.75,16.0,6177
2018-04-17,16.09,16.09,15.26,15.8,6271
2018-04-18,15.78,15.78,15.15,15.62,6269
2018-04-19,15.49,15.72,15.36,15.6,4488
2018-04-20,15.6,15.7,15.1,15.3,5809
2018-04-23,15.38,15.38,14.67,14.7,13097
2018-04-24,14.5,15.28,14.41,15.1,10761
2018-04-25,15.04,15.29,14.87,15.01,5780
2018-04-26,15.1,15.44,14.2,14.75,8872
2018-04-27,14.73,14.73,14.05,14.09,14037
2018-05-02,14.13,14.26,13.0,13.33,12923
2018-05-03,13.22,13.53,13.06,13.34,7170
2018-05-04,13.34,13.86,13.2,13.36,16440
2018-05-07,13.39,13.82,13.39,13.77,12478
2018-05-08,13.87,13.9,13.61,13.69,7548
2018-05-09,13.88,14.2,13.72,14.02,9629
2018-05-10,14.07,14.84,14.0,14.64,13700
2018-05-11,14.47,14.51,13.95,14.08,13939
2018-05-14,14.08,14.08,13.59,13.87,7359
2018-05-15,13.61,14.05,13.61,14.01,7471
2018-05-16,14.1,14.1,13.81,13.85,5613
2018-05-17,13.94,14.2,13.88,14.16,7019
2018-05-18,13.93,14.49,13.93,14.42,9009
2018-05-21,14.47,14.74,14.22,14.6,9996
2018-05-22,14.7,14.7,14.22,14.68,12928
2018-05-23,14.66,15.55,14.42,14.75,28033
2018-05-24,14.28,14.52,14.13,14.31,14207
2018-05-25,14.26,14.54,14.2,14.24,6784
2018-05-28,14.27,14.31,13.65,13.65,10563
2018-05-29,13.67,13.89,13.03,13.12,6177
2018-05-30,13.12,13.19,12.03,12.5,18749
2018-05-31,12.55,12.84,12.36,12.5,7065
2018-06-01,12.52,12.84,12.32,12.56,4846
2018-06-06,13.1,13.33,13.06,13.28,5517
2018-06-07,13.3,13.42,13.05,13.12,4701
2018-06-08,13.24,13.24,12.74,12.83,3543
2018-06-11,12.64,12.87,12.55,12.55,2007
2018-06-12,12.55,12.68,12.18,12.6,4365
2018-06-13,12.6,12.62,12.19,12.25,3682
2018-06-14,12.11,12.99,12.06,12.12,4716
2018-06-15,12.17,12.19,11.42,11.63,6150
2018-06-19,11.5,12.66,10.47,10.47,8734
2018-06-20,10.5,10.6,9.55,10.0,11686
2018-06-21,10.01,10.44,10.0,10.05,10662
2018-06-22,10.05,10.13,9.51,9.92,9216
2018-06-25,10.04,10.34,10.0,10.26,10493
2018-06-26,10.09,10.43,9.95,10.4,4332
2018-06-27,11.43,11.43,10.16,10.5,13808
2018-06-28,10.31,10.68,10.18,10.29,8719
2018-06-29,10.24,10.6,10.05,10.45,6115
2018-07-02,10.74,10.86,10.36,10.6,7736
2018-07-03,10.62,10.7,10.25,10.64,5818
2018-07-04,10.65,10.92,10.0,10.68,10680
2018-07-05,10.39,11.3,10.38,11.3,23213
2018-07-06,11.8,11.8,10.3,10.7,26512
2018-07-09,10.52,10.76,10.46,10.67,8609
2018-07-10,10.65,10.76,10.52,10.74,4912
2018-07-11,10.6,10.62,10.01,10.2,9416
2018-07-12,10.29,10.59,10.16,10.4,6410
2018-07-13,10.43,10.96,10.43,10.85,7442
2018-07-16,10.86,11.75,10.63,11.32,11813
2018-07-17,11.13,12.3,11.02,11.61,16577
2018-07-18,11.21,11.7,11.21,11.4,8683
2018-07-19,11.44,11.44,10.5,10.53,13418
2018-07-20,10.59,10.84,10.34,10.7,8903
2018-07-23,10.68,10.89,10.5,10.89,5120
2018-07-24,10.87,11.15,10.61,11.12,9739
2018-07-25,11.05,11.55,11.05,11.55,10430
2018-07-26,12.12,12.71,12.12,12.71,50940
2018-07-27,12.99,13.98,12.16,13.98,111807
2018-07-30,13.13,13.45,12.58,12.58,72075
2018-07-31,11.93,12.2,11.38,11.61,53310
2018-08-01,11.74,11.78,11.44,11.45,33980
2018-08-02,11.35,11.9,11.2,11.69,41716
2018-08-03,11.49,11.72,11.21,11.6,27895
2018-08-06,11.67,11.67,10.44,10.44,35681
2018-08-07,10.08,10.53,10.08,10.48,23208
2018-08-08,10.38,10.52,10.26,10.43,14075
2018-08-09,10.27,10.74,10.27,10.65,14543
2018-08-10,10.64,10.85,10.3,10.78,12087
2018-08-13,10.66,10.7,10.39,10.62,11451
2018-08-14,10.59,10.82,10.42,10.82,11722
2018-08-15,10.75,10.82,10.3,10.3,12599
2018-08-16,10.26,10.34,9.83,10.05,13810
2018-08-17,10.08,10.27,9.95,9.95,9472
2018-08-20,9.87,10.12,9.75,10.03,6493
2018-08-21,10.07,10.24,10.0,10.18,6780
2018-08-22,10.18,10.33,9.88,9.9,6141
2018-08-23,9.87,10.0,9.82,9.9,6767
2018-08-24,9.9,10.06,9.87,9.92,6214
2018-08-27,9.91,10.12,9.91,10.07,7940
2018-08-28,10.1,10.25,10.07,10.25,6919
2018-08-29,10.38,10.38,10.04,10.09,5712
2018-08-30,10.12,10.17,9.83,9.88,6259
2018-08-31,9.88,10.02,9.81,9.97,5815
2018-09-03,9.98,10.05,9.55,9.67,5837
2018-09-04,9.8,10.0,9.68,9.96,6863
2018-09-05,9.96,10.16,9.9,9.98,7120
2018-09-06,9.99,10.11,9.83,10.11,6749
2018-09-07,10.15,10.2,9.86,10.05,8881
2018-09-10,10.05,10.17,9.7,9.7,6492
2018-09-11,9.75,9.9,9.68,9.84,4279
2018-09-12,9.9,9.97,9.75,9.93,4249
2018-09-13,10.34,10.5,10.18,10.31,22093
2018-09-14,10.19,10.3,10.01,10.02,9020
2018-09-17,10.07,10.07,9.81,9.89,6225
2018-09-18,9.96,10.17,9.83,10.12,7008
2018-09-19,10.13,11.13,10.08,11.13,22555
2018-09-20,11.45,12.24,11.35,11.57,67245
2018-09-21,11.1,11.48,11.05,11.2,42238
2018-09-25,11.03,11.14,10.91,11.06,22198
2018-09-26,11.04,11.12,10.8,10.96,21803
2018-09-27,10.83,11.02,10.74,10.96,17250
2018-09-28,11.0,11.04,10.52,10.59,18731
2018-10-08,10.32,10.57,10.3,10.39,12925
2018-10-09,10.39,10.45,10.08,10.2,13033
2018-10-10,10.19,10.27,10.01,10.14,10588
2018-10-11,9.9,9.9,9.13,9.13,19183
2018-10-12,8.88,8.9,8.25,8.76,14840
2018-10-15,8.16,8.97,8.16,8.53,11158
2018-10-16,8.5,8.7,8.07,8.14,9356
2018-10-17,8.32,8.48,8.2,8.42,9954
2018-10-18,8.4,8.4,8.21,8.21,7547
2018-10-19,8.21,9.03,8.07,8.62,14455
2018-10-22,9.45,9.45,9.04,9.12,21083
2018-10-23,9.06,9.7,9.06,9.46,22769
2018-10-24,9.28,9.58,9.2,9.29,16934
2018-10-25,9.0,9.19,8.75,9.14,12344
2018-10-26,9.24,9.43,9.19,9.3,12260
2018-10-29,9.17,9.34,9.05,9.17,5168
2018-10-30,9.12,9.79,9.11,9.5,11919
2018-10-31,9.51,9.78,9.38,9.63,13520
2018-11-01,9.63,9.98,9.51,9.73,16622
2018-11-02,9.77,10.39,9.72,10.05,16278
2018-11-05,10.3,10.69,9.95,10.25,19686
2018-11-06,10.25,10.35,9.58,10.25,20320
2018-11-07,10.45,11.28,10.45,11.28,35133
2018-11-08,12.3,12.3,11.4,11.4,79796
2018-11-09,10.87,11.88,10.81,11.23,55107
2018-11-12,11.08,11.45,11.03,11.24,40524
2018-11-13,10.96,12.03,10.96,11.48,49257
2018-11-14,11.23,12.18,11.12,11.67,49081
2018-11-15,11.5,12.48,11.49,12.17,55697
2018-11-16,12.0,13.39,11.77,13.39,69150
2018-11-19,13.7,14.73,13.51,14.73,94258
2018-11-20,14.73,16.2,14.02,16.2,98293
2018-11-21,17.82,17.82,14.58,14.66,159805
2018-11-22,14.31,14.73,13.68,13.9,98706
2018-11-23,13.45,13.59,12.51,12.58,81878
2018-11-26,12.72,13.01,12.36,12.67,44651
2018-11-27,12.79,12.86,12.28,12.61,41621
2018-11-28,12.61,12.61,11.86,12.19,46084
2018-11-29,12.18,12.25,11.66,11.69,33433
2018-11-30,11.75,11.87,11.31,11.82,29377
2018-12-03,12.18,12.18,11.86,11.86,45646
2018-12-04,11.89,12.34,11.7,12.23,58692
2018-12-05,11.42,11.73,11.2,11.48,47456
2018-12-06,11.55,11.75,11.33,11.39,26394
2018-12-07,11.38,11.57,11.29,11.34,16845
2018-12-10,11.34,11.47,11.1,11.2,14985
2018-12-11,11.3,11.5,11.17,11.48,15968
2018-12-12,11.43,11.62,11.36,11.57,22550
2018-12-13,11.61,11.75,11.46,11.52,25730
2018-12-14,11.42,11.6,11.05,11.05,20480
2018-12-17,11.05,11.7,10.83,11.58,28645
2018-12-18,11.6,11.85,11.41,11.8,36690
2018-12-19,11.84,11.84,11.36,11.57,24420
2018-12-20,11.58,12.73,11.41,12.73,81497
2018-12-21,12.53,13.57,12.53,12.75,101945
2018-12-24,12.78,12.91,12.13,12.32,60445
2018-12-25,12.12,12.38,11.42,12.38,57342
2018-12-26,12.2,13.62,12.1,13.62,84263
2018-12-27,14.0,14.17,12.92,12.92,101359
2018-12-28,13.11,13.18,12.54,12.86,47800
2019-01-02,13.03,13.49,13.03,13.33,60386
2019-01-03,13.2,13.21,12.2,12.26,53376
2019-01-04,12.04,12.99,12.04,12.58,47077
2019-01-07,13.0,13.0,12.6,12.69,39279
2019-01-08,12.9,13.66,12.76,13.18,71189
2019-01-09,13.0,13.38,12.7,13.06,58429
2019-01-10,12.97,13.17,12.57,12.6,39726
2019-01-11,12.65,12.85,12.44,12.51,30379
2019-01-14,12.36,12.78,12.36,12.42,22927
2019-01-15,12.42,12.99,12.05,12.96,39934
2019-01-16,12.82,13.19,12.67,12.75,30983
2019-01-17,12.64,13.08,12.5,12.91,34691
2019-01-18,12.91,13.05,12.34,12.43,33831
2019-01-21,12.32,12.39,12.13,12.23,18655
2019-01-22,12.22,12.93,12.13,12.53,37125
2019-01-23,12.36,12.49,12.18,12.27,20508
2019-01-24,12.35,12.7,12.22,12.3,20205
2019-01-25,12.21,12.32,11.45,11.54,29662
2019-01-28,11.76,11.76,11.4,11.67,17948
2019-01-29,11.71,11.74,10.6,11.21,15170
2019-01-30,11.08,11.49,10.9,10.9,14916
2019-01-31,11.04,11.18,10.08,10.3,20879
2019-02-01,10.79,11.15,10.4,11.09,21022
2019-02-11,10.97,11.49,10.96,11.38,16346
2019-02-12,11.54,11.55,11.24,11.46,14314
2019-02-13,11.7,11.82,11.51,11.8,18737
2019-02-14,11.8,12.31,11.67,11.99,29483
2019-02-15,11.88,11.98,11.65,11.75,18631
2019-02-18,11.75,12.13,11.75,12.11,19129
2019-02-19,12.24,12.39,11.89,12.07,25880
2019-02-20,12.19,12.54,12.12,12.36,26857
2019-02-21,12.45,12.96,12.22,12.3,35397
2019-02-22,12.29,12.83,12.08,12.77,43166
2019-02-25,12.82,13.35,12.71,13.27,62086
2019-02-26,13.19,13.9,12.79,13.43,68319
2019-02-27,13.25,13.56,13.01,13.3,46089
2019-02-28,13.28,13.28,12.84,12.96,29423
2019-03-01,12.96,13.15,12.96,13.09,19570
2019-03-04,13.18,13.42,13.07,13.2,35744
2019-03-05,13.26,14.42,13.09,14.03,51904
2019-03-06,13.96,14.16,13.44,13.9,61847
2019-03-07,13.82,14.17,13.63,13.91,49007
2019-03-08,13.57,13.77,12.68,12.74,37206
2019-03-11,12.85,14.01,12.85,14.01,58809
2019-03-12,14.46,14.62,13.91,14.14,81546
2019-03-13,14.36,14.98,14.18,14.55,68553
2019-03-14,14.2,14.35,13.13,13.47,44716
2019-03-15,13.53,13.99,13.42,13.91,32647
2019-03-18,14.0,14.56,13.72,14.45,47071
2019-03-19,14.96,15.46,14.07,14.21,53902
2019-03-20,14.26,14.6,13.71,14.38,43725
2019-03-21,14.29,14.63,14.12,14.32,44280
2019-03-22,14.4,15.0,14.15,15.0,54387
2019-03-25,14.96,15.28,14.57,14.6,47237
2019-03-26,14.53,14.9,13.88,14.04,36557
2019-03-27,14.18,14.24,13.47,13.69,24229
2019-03-28,13.5,13.78,13.03,13.25,22106
2019-03-29,13.23,13.64,13.11,13.63,20842
2019-04-01,13.6,14.2,13.5,14.16,24499
2019-04-02,14.3,14.53,14.06,14.34,30252
2019-04-03,14.4,14.48,14.13,14.38,24054
2019-04-04,14.54,14.55,14.17,14.33,22839
2019-04-08,14.37,14.51,13.75,13.95,21542
2019-04-09,13.95,15.19,13.89,14.64,68768
2019-04-10,14.38,14.56,14.16,14.3,36439
2019-04-11,14.3,14.42,13.68,13.73,24763
2019-04-12,13.73,14.0,13.6,13.78,16191
2019-04-15,13.99,14.16,13.75,13.79,14519
2019-04-16,13.71,13.89,13.33,13.81,17219
2019-04-17,13.88,14.05,13.81,14.05,17245
2019-04-18,14.05,14.2,13.8,13.88,16851
2019-04-19,13.99,14.0,13.8,14.0,13097
2019-04-22,14.02,14.28,13.95,14.02,25575
2019-04-23,14.09,14.09,13.68,13.74,20528
2019-04-24,13.74,14.27,13.58,14.23,17504
2019-04-25,14.19,14.19,13.35,13.4,19340
2019-04-26,13.4,13.41,13.0,13.03,14186
2019-04-29,13.1,13.1,12.0,12.17,17243
2019-04-30,12.3,12.53,12.02,12.24,11378
2019-05-06,11.81,11.81,11.02,11.02,18996
2019-05-07,11.02,11.4,10.74,11.2,12304
2019-05-08,11.05,11.35,11.0,11.18,11453
2019-05-09,11.11,11.68,10.89,11.15,8678
2019-05-10,11.4,11.54,10.89,11.49,10373
2019-05-13,11.45,11.81,11.34,11.72,11438
2019-05-14,11.66,11.82,11.38,11.6,9083
2019-05-15,11.92,11.96,11.63,11.92,8888
2019-05-16,11.92,12.2,11.65,12.02,9761
2019-05-17,12.28,12.28,11.54,11.61,11681
2019-05-20,11.86,11.99,11.3,11.93,8721
2019-05-21,11.95,12.28,11.8,11.92,9690
2019-05-22,12.0,12.17,11.97,12.14,8583
2019-05-23,12.15,12.26,11.91,12.01,9723
2019-05-24,11.99,12.22,11.94,12.01,7621
2019-05-27,12.02,12.35,11.88,12.29,7426
2019-05-28,12.34,12.79,12.24,12.4,5633
2019-05-29,12.45,12.74,12.4,12.55,8727
2019-05-30,12.56,12.7,12.36,12.66,8102
2019-05-31,12.62,13.15,12.62,12.96,9571
2019-06-03,12.96,13.16,12.74,13.07,8328
2019-06-04,13.08,14.24,13.08,13.72,34535
2019-06-05,13.84,13.84,13.2,13.37,22759
2019-06-06,13.37,13.41,12.44,12.79,13964
2019-06-10,12.98,12.99,12.7,12.8,9722
2019-06-11,12.81,14.08,12.69,14.08,32446
2019-06-12,14.09,14.2,13.61,13.88,29903
2019-06-13,13.88,14.26,13.6,14.14,29505
2019-06-14,14.0,14.03,13.4,13.41,16544
2019-06-17,13.42,13.77,13.29,13.55,6292
2019-06-18,13.52,13.53,13.13,13.28,6982
2019-06-19,13.5,13.93,13.33,13.63,14504
2019-06-20,13.59,13.83,13.49,13.62,10229
2019-06-21,14.13,14.13,13.64,13.81,16815
2019-06-24,13.69,13.98,13.5,13.86,10590
2019-06-25,13.87,13.87,13.56,13.6,7266
2019-06-26,13.66,13.69,13.01,13.42,7371
2019-06-27,13.35,13.73,13.35,13.62,12726
2019-06-28,13.74,13.98,13.52,13.74,12770
2019-07-01,14.0,14.01,13.7,13.89,14451
2019-07-02,13.88,13.92,13.78,13.92,8901
2019-07-03,13.96,13.96,13.6,13.84,5902
2019-07-04,13.66,13.94,13.42,13.65,6790
2019-07-05,13.7,13.79,13.5,13.6,4540
2019-07-08,13.63,13.63,12.59,12.61,11148
2019-07-09,12.71,13.2,12.66,12.99,6467
2019-07-10,12.82,14.28,12.82,13.35,11357
2019-07-11,13.38,13.56,13.25,13.27,5394
2019-07-12,13.1,13.42,13.1,13.28,3217
2019-07-15,13.2,13.5,13.08,13.38,5474
2019-07-16,13.68,13.68,13.23,13.49,4176
2019-07-17,13.56,13.69,13.33,13.33,3694
2019-07-18,13.06,13.63,13.04,13.3,8991
2019-07-19,13.3,13.6,13.24,13.43,4424
2019-07-22,13.64,13.64,12.89,13.07,6927
2019-07-23,12.92,13.27,12.92,13.15,2839
2019-07-24,13.05,13.39,13.05,13.34,2948
2019-07-25,13.5,13.5,13.28,13.36,5083
2019-07-26,13.67,13.67,13.28,13.38,2520
2019-07-29,13.38,13.46,13.31,13.35,2642
2019-07-30,13.34,13.61,13.16,13.6,5073
2019-07-31,13.7,13.7,13.22,13.22,4297
2019-08-01,13.38,13.38,13.08,13.08,3712
2019-08-02,12.81,13.22,12.65,12.9,4646
2019-08-05,12.86,13.2,12.86,12.94,5751
2019-08-06,12.62,13.08,12.02,12.36,8942
2019-08-07,12.74,12.74,12.25,12.25,3460
2019-08-08,12.5,12.5,12.08,12.28,2948
2019-08-09,12.28,13.05,12.26,12.5,6134
2019-08-12,12.1,12.55,12.1,12.36,4057
2019-08-13,12.22,12.5,12.22,12.49,4298
2019-08-14,12.52,12.73,12.47,12.54,4590
2019-08-15,12.48,12.7,12.21,12.58,5821
2019-08-16,12.47,12.77,12.47,12.71,3399
2019-08-19,12.71,13.15,12.56,13.08,6599
2019-08-20,13.13,13.66,12.88,13.23,8155
2019-08-21,13.34,13.43,13.2,13.36,4866
2019-08-22,13.55,13.55,13.37,13.48,4111
2019-08-23,13.55,13.58,13.31,13.48,6474
2019-08-26,13.48,13.5,13.27,13.36,6192
2019-08-27,13.36,13.82,13.34,13.44,10255
2019-08-28,13.26,13.68,13.26,13.4,5586
2019-08-29,13.41,13.57,13.3,13.3,3746
2019-08-30,13.38,13.54,12.95,13.17,6614
2019-09-02,12.98,13.49,12.98,13.4,9087
2019-09-03,13.3,13.47,13.1,13.19,6110
2019-09-04,13.1,13.28,12.91,13.18,7201
2019-09-05,13.18,13.66,13.15,13.26,11926
2019-09-06,13.3,13.69,13.21,13.61,16192
2019-09-09,13.8,13.96,13.64,13.91,17201
2019-09-10,13.97,14.15,13.85,13.97,10277
2019-09-11,13.97,14.49,13.85,14.05,17090
2019-09-12,14.08,14.17,13.85,14.09,9123
2019-09-16,14.09,14.35,13.96,14.17,14104
2019-09-17,14.34,14.34,13.9,14.03,10114
2019-09-18,14.07,14.35,13.97,14.31,11059
2019-09-19,14.35,14.36,14.11,14.25,11045
2019-09-20,14.36,14.36,14.11,14.29,9473
2019-09-23,14.17,14.62,14.15,14.52,15072
2019-09-24,14.52,15.14,14.48,15.06,25233
2019-09-25,15.11,15.27,14.65,14.71,26940
2019-09-26,14.79,14.86,14.06,14.2,15799
2019-09-27,14.47,14.6,14.18,14.6,20067
2019-09-30,14.63,14.63,14.26,14.37,13347
2019-10-08,14.38,14.48,14.07,14.2,23387
2019-10-09,14.2,14.94,14.13,14.88,17878
2019-10-10,14.83,15.17,14.63,14.99,20500
2019-10-11,14.95,15.14,14.55,14.77,11759
2019-10-14,14.79,14.95,14.7,14.85,14837
2019-10-15,14.99,14.99,14.51,14.7,8296
2019-10-16,14.88,14.88,14.21,14.49,11641
2019-10-17,14.49,14.49,14.12,14.31,12969
2019-10-18,14.31,14.65,14.29,14.4,10863
2019-10-21,14.66,14.67,14.15,14.67,8527
2019-10-22,14.76,15.06,14.68,14.98,14144
2019-10-23,15.0,15.71,14.97,15.53,25162
2019-10-24,15.47,16.17,15.36,16.1,28005
2019-10-25,16.09,16.09,15.7,15.82,18074
2019-10-28,15.81,15.95,15.62,15.76,13655
2019-10-29,15.75,16.65,15.53,16.62,23871
2019-10-30,16.45,17.19,14.99,16.15,23336
2019-10-31,16.2,16.38,15.87,16.04,11852
2019-11-01,16.05,16.49,15.92,16.43,13949
2019-11-04,16.44,17.17,16.42,17.0,19972
2019-11-05,16.85,17.48,16.85,17.09,14083
2019-11-06,17.3,17.3,16.82,16.98,10961
2019-11-07,17.06,17.6,16.88,17.5,14574
2019-11-08,17.53,17.84,17.38,17.64,25268
2019-11-11,17.89,17.97,17.45,17.78,18330
2019-11-12,17.78,18.97,17.53,18.97,24903
2019-11-13,19.0,19.0,18.42,18.58,23395
2019-11-14,18.58,18.89,18.38,18.68,14108
2019-11-15,18.79,18.85,18.57,18.69,11255
2019-11-18,18.65,19.47,18.4,19.38,30056
2019-11-19,19.39,19.57,19.02,19.31,15004
2019-11-20,19.31,19.59,19.06,19.4,11671
2019-11-21,19.39,19.78,19.21,19.7,14196
2019-11-22,19.72,19.97,19.4,19.7,15603
2019-11-25,19.7,20.07,19.51,20.03,22001
2019-11-26,20.03,20.49,19.92,20.47,21413
2019-11-27,20.47,21.24,19.51,19.95,48397
2019-11-28,20.0,20.0,17.96,19.95,44301
2019-11-29,19.87,20.2,19.52,19.74,23024
2019-12-02,19.85,19.95,19.25,19.76,13720
2019-12-03,19.75,19.94,19.5,19.77,12223
2019-12-04,19.9,20.18,19.6,19.75,12832
2019-12-05,19.75,20.0,19.62,19.85,8373
2019-12-06,19.83,19.85,19.45,19.85,13695
2019-12-09,19.84,20.37,19.72,20.24,14662
2019-12-10,20.44,20.5,19.8,20.0,15354
2019-12-11,19.98,20.2,19.63,19.73,12874
2019-12-12,19.75,20.3,19.75,20.25,34834
2019-12-13,20.24,20.54,19.93,20.5,17955
2019-12-16,20.51,20.94,20.3,20.82,15581
2019-12-17,20.83,21.35,20.83,21.25,16586
2019-12-18,21.31,21.48,21.02,21.4,14312
2019-12-19,21.44,21.86,21.26,21.83,16927
2019-12-20,21.83,22.77,21.76,22.7,24221
2019-12-23,22.85,22.85,22.05,22.2,27359
2019-12-24,22.2,22.78,22.05,22.72,16384
2019-12-25,22.75,22.9,20.5,21.11,40730
2019-12-26,21.4,22.21,21.1,22.18,28883
2019-12-27,22.08,22.21,21.38,21.74,21467
2019-12-30,21.74,22.11,21.4,22.0,16162
2019-12-31,22.0,22.57,21.83,22.54,16076
2020-01-02,22.69,22.99,22.05,22.17,15922
2020-01-03,22.17,22.2,21.5,21.7,10350
2020-01-06,21.7,22.2,21.5,21.83,8483
2020-01-07,21.82,22.04,21.63,21.83,5675
2020-01-08,21.8,21.88,21.35,21.41,8739
2020-01-09,21.45,21.93,21.37,21.62,9217
2020-01-10,21.74,21.94,21.36,21.75,9414
2020-01-13,21.75,22.02,21.42,21.89,8898
2020-01-14,21.9,22.28,21.7,22.01,7504
2020-01-15,22.22,22.37,22.03,22.28,9081
2020-01-16,22.48,22.8,22.3,22.7,13558
2020-01-17,22.88,22.88,22.11,22.71,14464
2020-01-20,22.71,22.71,22.05,22.16,12028
2020-01-21,22.16,22.32,21.27,21.58,12348
2020-01-22,21.74,22.14,20.71,21.8,9918
2020-01-23,21.72,21.96,20.0,21.07,15888
2020-02-03,19.91,19.91,18.96,18.96,6515
2020-02-04,18.68,19.8,17.11,18.77,23975
2020-02-05,18.78,19.2,18.56,18.8,14559
2020-02-06,18.8,19.1,18.55,19.02,8666
2020-02-07,19.16,19.16,18.73,18.95,5655
2020-02-10,18.95,19.08,18.7,18.9,5751
2020-02-11,19.0,20.79,18.9,20.79,20570
2020-02-12,20.8,21.8,20.52,21.51,14553
2020-02-13,22.0,22.0,21.15,21.52,10635
2020-02-14,21.98,22.78,21.86,22.18,14038
2020-02-17,22.38,22.38,21.65,22.06,8016
2020-02-18,22.06,22.36,21.81,21.92,7511
2020-02-19,22.09,22.2,21.6,21.87,6770
2020-02-20,21.87,22.1,21.62,21.83,6710
2020-02-21,21.85,22.0,21.72,21.85,8595
2020-02-24,21.88,22.2,21.85,22.1,11555
2020-02-25,21.99,22.0,21.11,21.7,12908
2020-02-26,21.47,21.99,21.11,21.34,12342
2020-02-27,21.34,21.69,21.34,21.5,7090
2020-02-28,21.0,21.26,19.8,20.05,11721
2020-03-02,20.0,20.64,19.74,20.21,6882
2020-03-03,20.25,20.55,20.05,20.17,7172
2020-03-04,20.1,20.29,19.8,20.02,4965
2020-03-05,20.1,21.48,19.96,21.45,10039
2020-03-06,21.14,21.96,20.7,21.0,12877
2020-03-09,20.98,20.98,20.0,20.27,8660
2020-03-10,19.68,20.65,19.41,20.3,7854
2020-03-11,20.31,20.61,20.0,20.0,6126
2020-03-12,19.7,19.97,19.3,19.69,6465
2020-03-13,18.99,19.78,17.9,19.33,7996
2020-03-16,19.75,19.87,18.82,18.97,10463
2020-03-17,18.94,19.34,18.41,18.5,5950
2020-03-18,18.6,18.99,17.8,18.2,9272
2020-03-19,18.2,18.56,17.41,17.79,9204
2020-03-20,18.0,18.15,17.66,17.84,8423
2020-03-23,18.0,18.4,16.91,17.48,16323
2020-03-24,17.75,17.75,16.5,17.11,10815
2020-03-25,17.18,17.5,16.89,17.33,11778
2020-03-26,17.48,18.49,17.0,18.23,18461
2020-03-27,18.55,18.58,17.5,17.5,11184
2020-03-30,17.33,17.33,15.8,16.8,16310
2020-03-31,16.86,17.48,16.6,17.41,9813
2020-04-01,17.86,19.15,17.51,18.47,35442
2020-04-02,17.8,17.98,17.13,17.36,24651
2020-04-03,17.36,17.44,16.35,16.48,17109
2020-04-07,16.7,16.98,16.41,16.84,12162
2020-04-08,16.91,16.92,16.3,16.66,6900
2020-04-09,16.7,17.38,16.01,17.16,10063
2020-04-10,17.22,17.46,16.5,16.63,10398
2020-04-13,16.72,16.72,16.38,16.66,3907
2020-04-14,16.72,17.14,16.54,16.82,9782
2020-04-15,16.82,17.08,16.52,16.81,5732
2020-04-16,16.88,17.66,16.51,17.26,12790
2020-04-17,17.34,17.77,17.16,17.48,13105
2020-04-20,17.78,18.3,17.26,18.18,14489
2020-04-21,18.18,18.4,17.95,18.2,10136
2020-04-22,18.22,18.79,17.88,18.57,10987
2020-04-23,18.87,19.15,18.31,18.75,11214
2020-04-24,19.01,19.08,18.52,18.61,8973
2020-04-27,18.62,19.4,18.5,18.95,10320
2020-04-28,18.91,19.2,18.0,18.9,9977
2020-04-29,18.9,18.93,18.25,18.34,6458
2020-04-30,18.5,18.79,18.25,18.28,11455
2020-05-06,18.01,18.3,17.72,18.15,8031
2020-05-07,18.28,18.28,17.66,17.71,8506
2020-05-08,17.69,18.88,17.69,18.58,11775
2020-05-11,18.76,18.79,18.27,18.54,12992
2020-05-12,18.5,18.7,18.1,18.59,6254
2020-05-13,18.75,18.75,18.22,18.58,4130
2020-05-14,18.62,18.65,18.06,18.11,6817
2020-05-15,18.35,18.35,18.01,18.11,4503
2020-05-18,18.11,18.18,17.74,18.0,5453
2020-05-19,18.0,18.04,17.77,17.86,2403
2020-05-20,17.83,18.12,17.77,17.81,4330
2020-05-21,17.89,17.96,17.7,17.82,3430
2020-05-22,17.92,17.98,17.4,17.5,6654
2020-05-25,17.5,17.56,16.88,16.99,6712
2020-05-26,16.99,17.38,16.72,17.0,8286
2020-05-27,17.0,17.6,16.88,17.37,8415
2020-05-28,17.76,17.76,17.2,17.4,5209
2020-05-29,17.5,18.48,17.28,18.24,10198
2020-06-01,18.25,18.77,18.12,18.19,7760
2020-06-02,18.19,18.35,18.06,18.12,5822
2020-06-03,18.12,18.58,18.0,18.53,8367
2020-06-04,18.88,19.18,18.3,18.75,16142
2020-06-05,18.78,18.89,18.25,18.39,7631
2020-06-08,18.37,18.61,18.26,18.37,7150
2020-06-09,18.4,18.54,18.11,18.15,6213
2020-06-10,18.38,18.38,17.83,17.9,7945
2020-06-11,18.04,18.25,17.71,17.98,6835
2020-06-12,17.8,18.1,17.61,17.88,6197
2020-06-15,17.81,18.15,17.39,17.59,8693
2020-06-16,17.6,17.69,17.28,17.6,10066
2020-06-17,17.72,17.86,17.4,17.55,10558
2020-06-18,18.49,18.49,17.22,17.6,17646
2020-06-19,17.02,17.5,17.02,17.4,10792
2020-06-22,17.34,18.4,17.31,18.31,21333
2020-06-23,18.25,18.65,18.09,18.51,14236
2020-06-24,18.48,18.65,18.4,18.57,8269
2020-06-29,18.56,18.56,17.93,18.05,11375
2020-06-30,18.37,18.37,17.7,17.94,9970
2020-07-01,18.06,18.15,17.6,17.68,8568
2020-07-02,17.73,17.89,17.57,17.83,8833
2020-07-03,17.98,17.98,17.75,17.8,8445
2020-07-06,18.1,18.48,17.7,18.38,20843
2020-07-07,18.66,18.66,18.1,18.45,25507
2020-07-08,18.45,18.45,18.08,18.18,17977
2020-07-09,18.2,18.88,18.12,18.77,33530
2020-07-10,18.96,19.34,18.5,19.07,35414
2020-07-13,19.22,20.93,19.22,20.5,39444
2020-07-14,20.65,21.69,20.2,20.83,34967
2020-07-15,20.81,21.09,20.2,20.29,20162
2020-07-16,20.28,20.66,18.72,18.9,19890
2020-07-17,19.18,19.18,18.49,18.67,12220
2020-07-20,18.72,19.14,18.72,18.96,9261
2020-07-21,19.13,19.2,18.89,18.96,7010
2020-07-22,19.04,19.24,18.73,19.24,8732
2020-07-23,19.15,19.78,18.5,19.63,13903
2020-07-24,19.63,20.24,18.5,18.9,17819
2020-07-27,18.9,19.1,18.55,18.58,8209
2020-07-28,18.75,18.97,18.62,18.8,6304
2020-07-29,18.9,19.8,18.75,19.28,8652
2020-07-30,19.37,19.37,19.08,19.27,6748
2020-07-31,19.34,19.45,18.91,19.2,9675
2020-08-03,19.2,19.8,19.2,19.54,11024
2020-08-04,19.5,19.83,19.41,19.72,14028
2020-08-05,20.1,20.1,19.5,19.82,10912
2020-08-06,19.81,19.9,19.22,19.7,10244
2020-08-07,19.98,19.98,19.0,19.79,12615
2020-08-10,19.81,20.33,19.6,20.06,14480
2020-08-11,20.06,20.14,19.46,19.67,11861
2020-08-12,19.66,19.66,19.0,19.33,6258
2020-08-13,19.34,19.85,19.34,19.6,8797
2020-08-14,19.4,21.56,19.4,21.56,49028
2020-08-17,21.23,22.5,21.0,21.82,37410
2020-08-18,21.9,22.01,21.3,21.99,21908
2020-08-19,21.69,21.95,19.79,20.15,49697
2020-08-20,20.35,20.35,19.11,19.29,18962
2020-08-21,19.0,19.61,18.52,18.99,19466
2020-08-24,18.74,19.46,18.5,19.1,10509
2020-08-25,19.79,19.79,18.83,18.95,8862
2020-08-26,18.99,19.18,18.12,18.31,10627
2020-08-27,18.31,18.68,18.09,18.53,7459
2020-08-28,18.59,18.87,18.5,18.63,10902
2020-08-31,19.78,19.78,18.13,18.61,10149
2020-09-01,18.6,18.89,18.41,18.6,9131
2020-09-02,18.8,18.8,18.17,18.3,12953
2020-09-03,18.28,18.3,17.4,17.85,19225
2020-09-04,17.5,18.08,17.44,18.01,10711
2020-09-07,18.3,18.3,17.1,17.51,15306
2020-09-08,17.8,17.8,16.8,16.99,18807
2020-09-09,16.95,16.95,16.32,16.48,15042
2020-09-10,16.37,16.56,15.15,15.55,18979
2020-09-11,15.39,16.24,15.02,16.07,14189
2020-09-14,16.72,16.72,15.6,16.12,10979
2020-09-15,16.14,16.26,15.7,15.93,11224
2020-09-16,15.7,16.45,15.68,16.23,13867
2020-09-17,16.2,16.86,16.02,16.62,10737
2020-09-18,16.79,17.58,16.51,17.27,11772
2020-09-21,17.78,17.78,16.91,17.55,11080
2020-09-22,17.3,17.69,17.05,17.13,7704
2020-09-23,17.12,17.39,16.96,17.17,5689
2020-09-24,17.21,17.21,16.72,16.77,4860
2020-09-25,16.76,16.93,16.46,16.65,3475
2020-09-28,16.59,16.72,16.02,16.06,7782
2020-09-29,16.27,16.76,15.95,16.4,12595
2020-09-30,16.6,16.76,16.38,16.5,6244
2020-10-09,16.6,17.02,16.6,16.67,5740
2020-10-12,16.64,17.1,16.64,17.1,8014
2020-10-13,17.24,17.43,17.0,17.28,4944
2020-10-14,17.29,17.58,17.17,17.32,6935
2020-10-15,17.32,17.5,16.92,17.07,6883
2020-10-16,17.13,17.29,17.03,17.14,4792
2020-10-19,17.1,17.18,16.7,16.8,7336
2020-10-20,16.69,16.85,16.58,16.8,4048
2020-10-21,16.92,16.92,16.42,16.75,5738
2020-10-22,16.98,16.98,16.41,16.5,4767
2020-10-23,16.5,16.68,16.28,16.32,3597
2020-10-26,16.58,16.58,15.98,16.15,5084
2020-10-27,16.23,16.27,15.91,16.07,6002
2020-10-28,16.07,16.26,15.82,15.94,5169
2020-10-29,15.92,16.8,15.61,16.26,8473
2020-10-30,16.42,16.57,16.11,16.31,6462
2020-11-02,16.31,16.4,15.27,15.5,10960
2020-11-03,15.5,15.69,15.29,15.51,8171
2020-11-04,15.53,16.49,15.2,15.79,12659
2020-11-05,15.69,15.8,15.42,15.59,10341
2020-11-06,15.65,15.66,15.27,15.55,5461
2020-11-09,15.57,15.78,15.44,15.69,8842
2020-11-10,15.61,16.1,15.48,15.99,8533
2020-11-11,15.99,16.76,15.64,16.49,14847
2020-11-12,16.3,17.22,16.3,17.05,25833
2020-11-13,17.23,18.18,17.07,18.13,38732
2020-11-16,18.13,18.62,17.72,18.33,22743
2020-11-17,18.21,18.51,18.0,18.41,17236
2020-11-18,18.34,18.74,18.11,18.6,16783
2020-11-19,18.86,18.86,18.33,18.55,9421
2020-11-20,18.6,18.6,18.12,18.27,11561
2020-11-23,18.35,18.35,17.9,17.9,14620
2020-11-24,17.89,18.59,17.75,18.49,15759
2020-11-25,18.48,18.68,18.33,18.54,9245
2020-11-26,18.54,19.1,18.34,18.59,16183
2020-11-27,18.65,18.78,18.36,18.65,6935
2020-11-30,18.65,18.65,17.81,17.83,10102
2020-12-01,17.83,18.15,17.71,18.03,9150
2020-12-02,18.11,18.17,17.72,17.89,5643
2020-12-03,17.87,17.98,17.49,17.89,7912
2020-12-04,18.18,18.48,17.17,17.56,11527
2020-12-07,17.55,17.72,17.12,17.27,7409
2020-12-08,17.23,17.23,17.05,17.08,3718
2020-12-09,17.13,17.52,17.01,17.04,5802
2020-12-10,17.0,17.58,16.66,17.44,7067
2020-12-11,17.44,17.54,17.02,17.43,3748
2020-12-14,17.43,17.53,16.95,17.05,8198
2020-12-15,16.51,16.9,15.35,15.35,35369
2020-12-16,13.82,14.84,13.82,13.82,29709
2020-12-17,13.03,14.95,12.6,14.58,47103
2020-12-18,14.9,15.43,13.58,13.79,34122
2020-12-21,14.28,14.28,12.8,13.49,24149
2020-12-22,13.29,13.53,12.91,12.97,15033
2020-12-23,12.94,13.75,12.56,13.32,17914
2020-12-24,13.28,13.56,13.0,13.04,10030
2020-12-25,13.38,13.38,12.6,13.17,11651
2020-12-28,13.04,13.28,12.93,13.01,11261
2020-12-29,13.01,13.24,12.9,13.16,7463
2020-12-30,13.16,13.16,12.7,12.79,18328
2020-12-31,12.72,13.08,12.71,13.06,9611
2021-01-04,13.7,13.7,12.92,12.95,10147
2021-01-05,12.95,13.09,12.73,12.92,9747
2021-01-06,12.94,12.94,12.15,12.31,15592
2021-01-07,12.12,12.34,11.08,11.08,36869
2021-01-08,11.3,11.3,9.97,10.53,35896
2021-01-11,10.53,10.63,10.19,10.19,27002
2021-01-12,10.21,11.21,10.17,11.21,35232
2021-01-13,11.37,11.98,10.77,11.7,38552
2021-01-14,11.58,11.58,11.17,11.22,18523
2021-01-15,11.32,11.8,11.15,11.77,13905
2021-01-18,11.77,12.64,11.7,12.56,18537
2021-01-19,12.59,12.82,12.45,12.63,12537
2021-01-20,12.29,12.79,12.29,12.42,10154
2021-01-21,12.52,12.59,12.01,12.06,12200
2021-01-22,12.16,12.25,11.74,12.12,9956
2021-01-25,12.14,12.14,11.21,11.56,15540
2021-01-26,11.41,12.5,11.28,12.25,17641
2021-01-27,12.14,12.4,11.8,12.4,11451
2021-01-28,11.86,13.27,11.7,12.68,21449
2021-01-29,12.82,12.95,12.36,12.59,13217
2021-02-01,12.71,13.28,12.18,12.56,16015
2021-02-02,12.55,12.65,11.94,12.01,8706
2021-02-03,11.82,12.06,11.61,11.94,10167
2021-02-04,11.51,12.04,11.51,11.52,11063
2021-02-05,11.69,11.75,10.62,10.62,14526
2021-02-08,10.66,10.82,10.15,10.28,13197
2021-02-09,10.28,10.68,10.02,10.53,14771
2021-02-10,10.52,11.16,10.45,10.71,8497
2021-02-18,10.99,11.28,10.81,11.25,6919
2021-02-19,11.25,11.77,11.01,11.69,7586
2021-02-22,11.73,12.2,11.73,11.88,9311
2021-02-23,11.79,12.38,11.48,12.14,20043
2021-02-24,12.31,12.67,12.11,12.39,17192
2021-02-25,12.48,12.53,12.02,12.06,9600
2021-02-26,12.05,12.29,11.8,12.07,9384
2021-03-01,12.1,12.34,11.88,12.3,12100
2021-03-02,12.31,12.47,12.02,12.06,5460
2021-03-03,12.02,12.27,12.02,12.12,5633
2021-03-04,12.12,12.29,11.76,11.87,11094
2021-03-05,11.87,12.09,11.8,11.89,5921
2021-03-08,12.12,12.2,11.53,11.6,9406
2021-03-09,11.6,11.6,10.8,11.08,9190
2021-03-10,11.13,11.37,10.82,10.84,7689
2021-03-11,10.92,11.29,10.92,11.23,6963
2021-03-12,11.22,11.39,10.95,11.26,5434
2021-03-15,10.13,10.13,10.13,10.13,6660
2021-03-16,9.12,10.0,9.12,9.65,68548
2021-03-17,9.52,9.85,9.42,9.54,25594
2021-03-18,9.71,9.71,9.34,9.5,23909
2021-03-19,9.31,9.59,9.28,9.38,21116
2021-03-22,9.43,9.73,9.35,9.63,32235
2021-03-23,9.64,9.82,9.4,9.52,28935
2021-03-24,9.51,9.65,9.32,9.62,16319
2021-03-25,9.6,9.99,9.55,9.77,17979
2021-03-26,9.87,10.13,9.65,10.05,14298
2021-03-29,9.6,10.56,9.6,10.56,29474
2021-03-30,10.57,10.81,9.92,10.0,28695
2021-03-31,10.2,10.25,9.84,10.16,13636
2021-04-01,10.19,10.25,9.92,9.95,10924
2021-04-02,9.95,10.48,9.74,10.46,21848
2021-04-06,10.43,11.45,10.11,11.45,48892
2021-04-08,10.88,10.88,10.88,10.88,30110
2021-04-09,10.34,10.34,10.34,10.34,13106
2021-04-12,9.88,10.07,9.82,9.82,19648
2021-04-13,9.47,9.64,9.33,9.33,20006
2021-04-14,8.99,9.5,8.88,9.22,28374
2021-04-15,9.22,9.6,9.15,9.4,13396
2021-04-16,9.48,9.59,9.35,9.4,9232
2021-04-19,9.57,9.57,9.36,9.49,8217
2021-04-20,9.41,9.51,9.36,9.38,5524
2021-04-21,9.45,9.49,9.36,9.38,4147
2021-04-22,9.26,9.45,9.26,9.42,5059
2021-04-23,9.41,9.42,9.25,9.31,3640
2021-04-26,9.31,9.4,9.22,9.26,5042
2021-04-27,9.48,9.5,9.26,9.29,9324
2021-04-28,9.3,9.36,8.95,9.0,9126
2021-04-29,9.0,9.05,8.55,8.65,11550
2021-04-30,8.69,8.89,8.31,8.45,10128
2021-05-06,8.47,8.48,8.2,8.28,7418
2021-05-07,8.28,8.45,8.21,8.26,8366
2021-05-10,8.58,8.58,8.25,8.26,8210
2021-05-11,8.26,8.31,8.14,8.22,8583
2021-05-12,8.33,8.33,8.19,8.26,12116
2021-05-13,8.23,8.67,8.21,8.44,14665
2021-05-14,8.43,8.52,8.13,8.3,14396
2021-05-17,8.15,8.15,7.89,7.89,1997
2021-05-18,7.5,7.54,7.5,7.5,5614
2021-05-19,7.25,7.42,7.13,7.13,19083
2021-05-20,7.12,7.44,7.02,7.16,15615
2021-05-21,7.16,7.22,6.91,6.92,14454
2021-05-24,6.92,7.05,6.67,7.03,22634
2021-05-25,6.92,7.07,6.87,7.02,10583
2021-05-26,6.97,7.02,6.89,6.94,6453
2021-05-27,7.0,7.12,6.94,7.06,8066
2021-05-28,7.07,7.16,7.03,7.12,5995
2021-05-31,7.12,7.18,7.1,7.15,5470
2021-06-01,7.16,7.3,7.15,7.28,8777
2021-06-02,7.28,7.31,7.15,7.28,7249
2021-06-03,7.26,7.64,7.22,7.57,13317
2021-06-04,7.61,7.95,7.42,7.87,21389
2021-06-07,7.86,8.21,7.63,8.1,15826
2021-06-08,8.1,8.24,7.95,8.13,10200
2021-06-09,8.2,8.23,8.05,8.1,6803
2021-06-10,8.15,8.15,7.92,8.0,7672
2021-06-11,7.91,8.15,7.91,7.97,6669
2021-06-15,7.94,8.04,7.94,8.0,5206
2021-06-16,7.95,8.05,7.93,7.97,4517
2021-06-17,7.95,8.11,7.95,8.11,6761
2021-06-18,8.11,8.52,8.1,8.52,11205
2021-06-21,8.89,8.89,8.54,8.68,18218
2021-06-22,8.54,8.74,8.4,8.61,13562
2021-06-23,8.55,9.04,8.46,9.04,16672
2021-06-24,9.08,9.49,8.9,9.43,24752
2021-06-25,9.29,9.85,9.29,9.84,17569
2021-06-28,10.1,10.1,9.39,9.39,21057
2021-06-29,9.3,9.65,9.1,9.49,12057
2021-06-30,9.53,9.64,9.31,9.37,8161
2021-07-01,9.5,9.5,8.9,8.94,10833
2021-07-02,8.94,8.98,8.64,8.8,8845
2021-07-05,8.88,9.24,8.81,9.24,22225
2021-07-06,9.19,9.19,8.93,8.98,10576
2021-07-07,8.91,9.31,8.86,9.01,7200
2021-07-08,9.01,9.28,8.91,9.24,6090
2021-07-09,9.25,9.47,9.15,9.35,8027
2021-07-12,9.48,9.5,9.05,9.09,8457
2021-07-13,9.2,9.23,9.04,9.17,6806
2021-07-14,9.12,9.13,8.71,8.99,8381
2021-07-15,8.98,8.98,8.62,8.74,7272
2021-07-16,8.79,8.86,8.68,8.81,5568
2021-07-19,8.79,8.81,8.54,8.54,5946
2021-07-20,8.51,8.8,8.37,8.7,6906
2021-07-21,8.7,8.85,8.7,8.71,3484
2021-07-22,8.71,8.75,8.64,8.72,4527
2021-07-23,8.59,8.71,8.37,8.4,7114
2021-07-26,8.3,8.3,7.98,8.0,8448
2021-07-27,7.96,8.0,7.62,7.7,10055
2021-07-28,7.65,7.85,7.32,7.38,8389
2021-07-29,7.4,7.65,7.4,7.48,5417
2021-07-30,7.44,7.5,7.16,7.46,14177
2021-08-02,7.33,7.59,7.33,7.55,5486
2021-08-03,7.55,7.73,7.48,7.53,4899
2021-08-04,7.5,7.61,7.48,7.5,3544
2021-08-05,7.53,7.69,7.42,7.59,9846
2021-08-06,7.6,7.97,7.6,7.97,9878
2021-08-09,8.2,8.34,7.95,8.28,11434
2021-08-10,8.21,8.43,8.21,8.42,9139
2021-08-11,8.44,8.7,8.38,8.6,8453
2021-08-12,8.6,8.68,8.52,8.53,8804
2021-08-13,8.59,8.96,8.38,8.95,21605
2021-08-16,8.85,8.94,8.75,8.84,8717
2021-08-17,8.84,8.84,8.4,8.4,11570
2021-08-18,8.38,8.48,8.15,8.21,6938
2021-08-19,8.2,8.32,8.1,8.24,6275
2021-08-20,8.24,8.25,7.96,8.08,6647
2021-08-23,8.48,8.48,8.48,8.48,3042
2021-08-24,8.9,8.9,8.54,8.55,20721
2021-08-25,8.51,8.89,8.4,8.76,12204
2021-08-26,8.64,8.81,8.48,8.56,7830
2021-08-27,8.56,8.7,8.33,8.69,7706
2021-08-30,8.7,8.8,8.51,8.57,6711
2021-08-31,8.75,8.75,8.5,8.54,7804
2021-09-01,8.61,8.61,8.35,8.39,7886
2021-09-02,8.39,8.6,8.28,8.38,4089
2021-09-03,8.49,8.5,8.25,8.31,6597
2021-09-06,8.32,8.34,8.25,8.32,4820
2021-09-07,8.32,8.5,8.26,8.46,5556
2021-09-08,8.45,8.65,8.36,8.56,5560
2021-09-09,8.64,8.75,8.58,8.64,6324
2021-09-10,8.7,8.7,8.55,8.6,5160
2021-09-13,8.68,8.7,8.52,8.68,5277
2021-09-14,8.64,8.93,8.6,8.73,7274
2021-09-15,8.89,8.89,8.66,8.78,5147
2021-09-16,8.79,8.87,8.6,8.6,4841
2021-09-17,8.61,8.66,8.4,8.44,6590
2021-09-22,8.5,8.78,8.48,8.63,6855
2021-09-23,8.63,8.64,8.52,8.53,6305
2021-09-24,8.51,8.56,8.31,8.32,6383
2021-09-27,8.32,8.36,8.0,8.03,7090
2021-09-28,8.12,8.12,8.0,8.07,2127
2021-09-29,8.12,8.12,7.82,7.96,5023
2021-09-30,7.95,8.08,7.87,8.03,3514
2021-10-08,8.43,8.43,8.32,8.43,23812
2021-10-11,8.4,8.4,8.15,8.23,17336
2021-10-12,8.25,8.31,8.16,8.23,8814
2021-10-13,8.23,8.4,8.2,8.23,9123
2021-10-14,8.23,8.36,8.21,8.35,6166
2021-10-15,8.3,8.46,8.25,8.45,8037
2021-10-18,8.46,8.5,8.27,8.4,6815
2021-10-19,8.33,8.42,8.25,8.32,6700
2021-10-20,8.28,8.3,8.11,8.19,7417
2021-10-21,8.1,8.23,8.1,8.21,3186
2021-10-22,8.14,8.26,8.12,8.23,2192
2021-10-25,8.28,8.48,8.2,8.35,5740
2021-10-26,8.41,8.47,8.2,8.27,7346
2021-10-27,8.17,8.29,8.1,8.17,4071
2021-10-28,8.12,8.26,8.11,8.14,4949
2021-10-29,8.17,8.35,8.0,8.32,6464
2021-11-01,8.32,8.43,8.23,8.35,5743
2021-11-02,8.31,8.47,8.27,8.35,10066
2021-11-03,8.48,8.77,8.44,8.77,35023
2021-11-04,8.81,9.21,8.78,9.21,36007
2021-11-05,9.47,9.55,9.01,9.29,32221
2021-11-08,9.47,9.75,9.33,9.75,32955
2021-11-09,9.75,10.22,9.5,9.52,46360
2021-11-10,9.54,9.69,9.26,9.5,29166
2021-11-11,9.42,9.48,9.31,9.4,19291
2021-11-12,9.35,9.43,9.24,9.27,14031
2021-11-15,9.27,9.48,9.21,9.4,12137
2021-11-16,9.47,9.75,9.26,9.26,12165
2021-11-17,9.29,9.29,9.06,9.11,12237
2021-11-18,9.05,9.16,9.04,9.08,7625
2021-11-19,9.16,9.53,9.06,9.53,17519
2021-11-22,9.43,9.99,9.33,9.89,24096
2021-11-23,9.85,9.98,9.65,9.7,16335
2021-11-24,9.84,9.84,9.42,9.54,13087
2021-11-25,9.55,9.64,9.17,9.25,18570
2021-11-26,9.25,9.29,9.13,9.19,6455
2021-11-29,9.15,9.45,9.1,9.32,11037
2021-11-30,9.35,9.49,9.22,9.38,12809
2021-12-01,9.38,9.69,9.33,9.58,11601
2021-12-02,9.67,9.85,9.58,9.58,14260
2021-12-03,9.51,10.06,9.51,10.06,22726
2021-12-06,10.31,10.56,9.9,10.21,54512
2021-12-07,10.14,10.72,9.97,10.72,47358
2021-12-08,10.8,10.86,10.18,10.38,51603
2021-12-09,10.23,10.7,10.0,10.48,24777
2021-12-10,10.41,10.83,10.35,10.74,21508
2021-12-13,10.62,10.81,10.5,10.7,17870
2021-12-14,10.54,11.07,10.54,10.79,17339
2021-12-15,10.81,11.33,10.68,11.33,31051
2021-12-16,11.33,11.9,11.15,11.82,52014
2021-12-17,11.8,11.88,11.3,11.34,32247
2021-12-20,11.6,11.79,11.38,11.56,23552
2021-12-21,11.45,11.45,11.02,11.21,22086
2021-12-22,11.3,11.33,10.78,10.88,21987
2021-12-23,10.81,11.12,10.73,11.0,10370
2021-12-24,11.0,11.0,10.48,10.72,14893
2021-12-27,10.65,11.02,10.61,10.93,13880
2021-12-28,10.99,11.48,10.92,11.33,14683
2021-12-29,11.28,11.44,11.15,11.34,9452
2021-12-30,11.3,11.59,11.12,11.4,12057
2021-12-31,11.29,11.55,11.23,11.55,9650
2022-01-04,11.52,11.89,11.52,11.72,12302
2022-01-05,11.77,11.83,11.61,11.8,10380
2022-01-06,11.72,11.87,11.65,11.71,9931
2022-01-07,11.72,11.81,11.35,11.79,14748
2022-01-10,11.75,12.38,11.58,12.37,23558
2022-01-11,12.37,12.79,12.26,12.63,17904
2022-01-12,12.68,12.75,12.53,12.71,9704
2022-01-13,12.71,12.93,12.35,12.88,13955
2022-01-14,12.86,13.39,12.78,12.91,15433
2022-01-17,12.81,12.82,12.26,12.26,16523
2022-01-18,12.15,12.3,11.71,11.92,15994
2022-01-19,11.78,12.43,11.78,12.29,12800
2022-01-20,12.28,12.4,12.02,12.4,13002
2022-01-21,12.4,12.75,12.33,12.62,7976
2022-01-24,12.65,12.85,11.99,12.26,16018
2022-01-25,12.26,12.26,11.75,11.76,11107
2022-01-26,12.0,12.21,11.53,11.74,10551
2022-01-27,11.56,11.67,11.15,11.15,13196
2022-01-28,11.04,11.38,10.83,11.35,5629
2022-02-07,11.68,11.68,11.36,11.56,4523
2022-02-08,11.56,11.7,11.4,11.7,4531
2022-02-09,11.8,12.1,11.61,12.05,5860
2022-02-10,12.04,12.31,11.93,12.05,4109
2022-02-11,12.19,12.23,11.84,11.94,5201
2022-02-14,11.79,11.98,11.65,11.82,4391
2022-02-15,11.9,12.01,11.66,11.98,6558
2022-02-16,11.98,12.1,11.8,11.99,3643
2022-02-17,12.09,12.12,11.9,12.01,3870
2022-02-18,12.01,12.01,11.88,11.91,4075
2022-02-21,11.88,12.16,11.88,12.13,7322
2022-02-22,12.22,12.51,11.82,12.41,9862
2022-02-23,12.43,12.55,12.3,12.48,7460
2022-02-24,12.47,12.55,11.88,12.0,11300
2022-02-25,12.01,12.22,12.01,12.13,5527
2022-02-28,12.13,12.25,12.04,12.15,5560
2022-03-01,12.15,12.32,12.03,12.25,6184
2022-03-02,12.24,12.51,12.12,12.44,5076
2022-03-03,12.52,12.97,12.52,12.73,10892
2022-03-04,12.7,12.89,12.59,12.61,5864
2022-03-07,12.68,12.7,12.46,12.56,5322
2022-03-08,12.53,12.56,11.93,11.93,12893
2022-03-09,11.95,12.18,11.35,11.87,7577
2022-03-10,12.13,12.23,11.92,12.23,6207
2022-03-11,12.14,12.38,12.04,12.3,7182
2022-03-14,12.3,12.3,12.03,12.24,6911
2022-03-15,12.22,12.29,11.63,11.87,10877
2022-03-16,12.1,12.1,11.28,11.85,11921
2022-03-17,11.9,12.15,11.82,12.09,6845
2022-03-18,11.93,12.56,11.93,12.49,10304
2022-03-21,11.87,12.27,11.87,12.25,14881
2022-03-22,12.09,12.29,12.07,12.26,5105
2022-03-23,12.29,12.29,12.12,12.21,3574
2022-03-24,12.2,12.2,11.87,11.95,4472
2022-03-25,11.91,12.02,11.79,11.94,5077
2022-03-28,11.72,11.92,11.34,11.43,5046
2022-03-29,11.51,11.52,11.04,11.08,6506
2022-03-30,11.05,11.43,11.05,11.39,4758
2022-03-31,11.45,11.45,11.19,11.44,2358
2022-04-01,11.21,11.47,11.21,11.45,2047
2022-04-06,11.45,11.64,11.45,11.63,3503
2022-04-07,11.69,11.82,11.42,11.58,3751
2022-04-08,11.69,11.69,11.32,11.46,3881
2022-04-11,11.44,11.5,11.11,11.42,4514
2022-04-12,11.33,11.44,11.25,11.42,4177
2022-04-13,11.42,11.79,11.33,11.54,6749
2022-04-14,11.54,11.69,11.44,11.69,3022
2022-04-15,11.61,11.65,11.11,11.57,3213
2022-04-18,11.65,11.65,11.38,11.49,5129
2022-04-19,11.3,11.48,10.92,11.0,10184
2022-04-20,11.0,11.0,10.45,10.64,8453
2022-04-21,10.5,10.61,10.11,10.11,7264
2022-04-22,10.01,10.04,9.61,9.97,5787
2022-04-25,9.59,9.78,9.47,9.47,3832
2022-04-26,9.35,9.35,9.0,9.0,5775
2022-04-27,8.55,8.78,8.55,8.55,8824
2022-04-28,8.55,8.98,8.33,8.93,11893
2022-04-29,9.0,9.34,8.83,9.24,8311
2022-05-05,9.4,9.65,9.19,9.56,6416
2022-05-06,9.4,9.53,9.08,9.16,5350
2022-05-09,9.16,9.36,9.01,9.34,5981
2022-05-10,9.27,9.44,9.15,9.4,2764
2022-05-11,9.33,9.87,9.33,9.87,6908
2022-05-12,9.85,10.36,9.62,10.32,12926
2022-05-13,10.29,10.74,10.15,10.63,9085
2022-05-16,10.77,11.06,10.64,11.04,7525
2022-05-17,11.05,11.59,10.96,11.53,14112
2022-05-18,11.48,12.01,11.48,11.83,13234
2022-05-19,11.76,12.1,11.56,11.84,12379
2022-05-20,0.0,0.0,0.0,11.84,0
2022-05-23,12.5,12.93,11.16,11.44,53247
2022-05-24,11.45,11.76,10.66,10.8,33937
2022-05-25,10.34,10.97,10.34,10.78,20774
2022-05-26,10.76,11.27,10.59,10.98,24509
2022-05-27,11.0,11.07,10.52,10.7,16676
2022-05-30,10.75,11.17,10.7,10.87,13961
2022-05-31,11.05,11.29,10.88,10.97,13427
2022-06-01,11.02,11.15,10.8,10.82,11408
2022-06-02,10.93,11.18,10.68,10.76,14047
2022-06-06,10.75,10.79,10.56,10.62,14206
2022-06-07,10.72,10.79,10.4,10.6,9557
2022-06-08,10.51,10.98,10.51,10.77,15140
2022-06-09,10.68,10.74,10.27,10.27,13372
2022-06-10,10.21,10.45,10.2,10.35,7641
2022-06-13,10.35,10.59,10.11,10.51,6478
2022-06-14,10.55,10.6,10.12,10.38,9401
2022-06-15,10.45,10.55,10.18,10.25,7104
2022-06-16,10.22,10.34,10.12,10.24,5844
2022-06-17,10.32,10.38,10.23,10.31,5722
2022-06-20,10.29,10.64,10.26,10.45,7967
2022-06-21,10.51,10.96,10.38,10.74,13336
2022-06-22,10.84,11.81,10.79,11.81,35404
2022-06-23,12.57,12.99,12.1,12.99,25713
2022-06-24,14.29,14.29,14.29,14.29,8878
2022-06-27,15.72,15.72,14.29,15.72,91225
2022-06-28,16.18,17.29,16.0,17.29,169875
2022-06-29,16.31,17.06,15.56,15.56,101477
2022-06-30,14.0,14.0,14.0,14.0,12783
2022-07-01,12.82,13.47,12.61,12.68,134514
2022-07-04,12.66,12.95,12.2,12.29,77539
2022-07-05,12.36,12.46,11.96,12.24,46782
2022-07-06,12.24,12.24,12.02,12.17,28934
2022-07-07,12.29,12.33,12.0,12.18,29024
2022-07-08,12.2,12.59,12.08,12.46,43088
2022-07-11,12.29,12.37,11.92,12.24,31361
2022-07-12,12.19,12.2,11.83,11.89,24694
2022-07-13,11.87,12.24,11.87,12.21,23272
2022-07-14,12.24,12.62,12.13,12.25,28531
2022-07-15,12.14,12.45,11.78,12.28,28915
2022-07-18,12.4,12.6,12.19,12.57,26638
2022-07-19,12.7,12.89,12.49,12.74,30008
2022-07-20,12.82,12.82,12.46,12.51,17684
2022-07-21,12.56,12.76,12.45,12.55,19889
2022-07-22,12.54,12.71,12.48,12.7,20014
2022-07-25,12.78,12.79,12.16,12.3,18859
2022-07-26,12.42,12.55,12.05,12.54,13746
2022-07-27,12.64,13.79,12.55,13.79,36043
2022-07-28,14.19,15.17,14.02,15.17,40668
2022-07-29,15.95,16.0,14.06,14.23,118895
2022-08-01,14.36,15.55,13.92,14.77,91360
2022-08-02,14.53,15.88,13.96,14.31,95061
2022-08-03,14.07,14.15,12.88,12.93,87953
2022-08-04,12.95,13.84,12.95,13.75,59032
2022-08-05,13.8,14.05,13.22,13.33,33599
2022-08-08,13.4,14.66,13.31,14.66,46247
2022-08-09,14.8,15.19,14.19,14.51,65548
2022-08-10,14.51,14.73,14.11,14.6,35437
2022-08-11,14.61,14.62,14.12,14.15,28948
2022-08-12,14.21,14.5,13.9,14.08,23786
2022-08-15,13.95,14.3,13.81,14.26,20734
2022-08-16,14.35,14.84,14.03,14.79,41856
2022-08-17,14.73,15.2,14.35,14.82,43656
2022-08-18,14.71,14.92,14.4,14.49,29573
2022-08-19,14.45,14.7,14.16,14.4,24789
2022-08-22,14.41,14.9,13.9,14.05,27453
2022-08-23,14.01,14.31,13.85,14.2,19342
2022-08-24,14.11,14.28,13.52,13.94,27473
2022-08-25,13.81,13.84,13.12,13.21,20208
2022-08-26,13.29,13.5,13.11,13.21,12349
2022-08-29,12.85,13.8,12.56,13.58,17869
2022-08-30,13.5,13.66,13.17,13.31,14114
2022-08-31,13.31,13.45,12.6,12.78,17421
2022-09-01,12.96,13.02,12.66,12.77,8245
2022-09-02,12.8,13.09,12.58,13.0,8106
2022-09-05,13.19,13.19,12.68,12.77,8412
2022-09-06,12.95,13.13,12.71,12.96,9411
2022-09-07,12.96,13.51,12.84,13.41,19394
2022-09-08,13.54,13.54,13.05,13.3,13332
2022-09-09,13.31,13.31,12.66,12.9,14285
2022-09-13,12.98,13.09,12.71,12.99,9428
2022-09-14,12.85,12.94,12.62,12.77,9174
2022-09-15,13.36,13.36,12.31,12.38,20985
2022-09-16,12.35,12.42,11.8,11.8,14907
2022-09-19,11.79,12.04,11.51,11.8,10327
2022-09-20,11.8,12.2,11.74,11.9,14943
2022-09-21,11.9,12.12,11.74,11.94,9871
2022-09-22,12.22,12.7,11.9,12.61,27188
2022-09-23,12.61,13.44,11.8,11.8,38303
2022-09-26,11.61,12.08,11.43,11.58,21807
2022-09-27,11.5,11.84,11.38,11.61,13939
2022-09-28,11.61,11.74,11.0,11.2,13420
2022-09-29,11.3,11.36,10.9,11.01,12491
2022-09-30,10.95,11.25,10.66,10.66,9807
2022-10-10,10.66,11.0,10.6,10.67,13201
2022-10-11,10.67,10.84,10.51,10.63,8433
2022-10-12,10.53,10.98,10.53,10.98,8997
2022-10-13,10.98,11.29,10.8,11.19,8587
2022-10-14,11.29,11.52,11.11,11.41,8637
2022-10-17,11.31,11.77,11.31,11.66,13394
2022-10-18,11.61,12.51,11.6,12.0,25608
2022-10-19,12.08,12.47,11.73,12.34,40147
2022-10-20,12.15,12.28,11.75,11.86,29554
2022-10-21,11.86,12.35,11.76,12.17,29272
2022-10-24,12.18,12.19,11.46,11.56,18755
2022-10-25,11.71,11.71,11.39,11.58,11111
2022-10-26,11.57,12.04,11.51,11.9,16024
2022-10-27,12.0,12.12,11.61,11.64,11475
2022-10-28,11.63,11.8,11.22,11.28,13167
2022-10-31,11.44,11.58,11.06,11.4,10613
2022-11-01,11.59,11.78,11.4,11.77,10131
2022-11-02,11.79,11.94,11.68,11.89,9411
2022-11-03,11.89,11.92,11.66,11.75,8216
2022-11-04,11.75,11.97,11.71,11.94,7369
2022-11-07,11.94,12.19,11.8,12.13,8785
2022-11-08,12.18,12.24,11.92,12.23,7652
2022-11-09,12.21,12.35,12.08,12.23,8513
2022-11-10,12.01,12.49,12.01,12.23,10515
2022-11-11,12.55,12.55,12.02,12.1,14405
2022-11-14,12.2,12.23,11.95,11.95,8326
2022-11-15,12.03,12.38,11.95,12.28,12814
2022-11-16,12.31,12.44,12.23,12.25,7884
2022-11-17,12.25,12.37,12.01,12.35,8121
2022-11-18,12.37,12.92,12.27,12.57,24485
2022-11-21,12.63,12.63,12.22,12.54,15483
2022-11-22,12.58,12.66,12.3,12.32,8408
2022-11-23,12.32,12.41,11.83,12.25,10009
2022-11-24,12.3,12.45,12.23,12.26,5497
2022-11-25,12.26,12.34,11.94,11.99,9115
2022-11-28,12.02,12.2,11.71,11.88,5449
2022-11-29,11.88,12.27,11.86,12.23,8837
2022-11-30,12.23,12.36,11.02,12.25,11673
2022-12-01,12.35,12.35,11.93,12.06,15948
2022-12-02,12.05,12.28,11.99,12.23,9515
2022-12-05,12.23,12.45,12.06,12.25,11233
2022-12-06,12.28,12.39,12.01,12.33,10717
2022-12-07,12.35,12.35,12.11,12.23,7467
2022-12-08,12.35,12.35,12.08,12.2,5594
2022-12-09,12.2,12.52,12.15,12.15,12833
2022-12-12,12.32,12.32,11.92,11.94,9458
2022-12-13,11.97,12.19,11.78,11.86,8367
2022-12-14,11.88,12.03,11.75,11.82,8675
2022-12-15,11.8,12.13,11.73,12.03,9052
2022-12-16,11.96,12.05,11.71,11.86,7816
2022-12-19,11.74,11.92,11.41,11.5,8403
2022-12-20,11.47,11.58,11.38,11.43,5397
2022-12-21,11.53,11.65,11.33,11.39,5755
2022-12-22,11.45,11.59,11.02,11.15,7152
2022-12-23,11.01,11.28,10.83,11.24,9473
2022-12-26,11.24,11.41,10.87,11.25,7231
2022-12-27,11.25,11.32,11.0,11.28,5322
2022-12-28,11.33,11.39,11.0,11.11,6152
2022-12-29,11.01,11.23,10.98,11.07,10450
2022-12-30,11.08,11.33,11.02,11.17,6413
2023-01-03,11.17,11.37,11.05,11.29,10002
2023-01-04,11.41,11.41,11.11,11.33,7364
2023-01-05,11.33,11.36,11.18,11.28,3926
2023-01-06,11.3,11.36,11.15,11.2,5782
2023-01-09,11.25,11.34,11.1,11.21,7429
2023-01-10,11.17,11.26,11.0,11.11,8547
2023-01-11,11.11,11.14,10.9,10.92,5657
2023-01-12,10.98,11.14,10.86,11.0,6313
2023-01-13,10.93,11.12,10.93,11.07,4796
2023-01-16,11.07,11.18,10.92,11.07,5504
2023-01-17,11.2,12.18,10.94,11.07,23033
2023-01-18,10.96,11.58,10.94,11.34,21952
2023-01-19,11.33,11.57,11.18,11.49,17418
2023-01-20,11.48,11.58,11.15,11.33,14285
2023-01-30,11.41,12.46,11.41,12.46,33952
2023-01-31,12.49,13.71,12.49,13.71,40125
2023-02-01,14.6,15.0,13.34,13.9,160136
2023-02-02,13.3,13.87,13.0,13.86,101886
2023-02-03,13.33,13.47,12.8,13.11,73875
2023-02-06,13.05,13.07,12.72,12.9,49108
2023-02-07,12.98,13.22,12.86,13.22,49777
2023-02-08,13.22,13.44,12.92,13.12,42041
2023-02-09,13.13,13.15,12.86,13.03,26680
2023-02-10,12.94,13.06,12.83,12.94,20262
2023-02-13,12.96,13.03,12.85,12.9,19392
2023-02-14,12.85,12.98,12.74,12.9,18208
2023-02-15,12.89,13.08,12.82,12.92,19196
2023-02-16,12.87,12.94,12.26,12.4,31247
2023-02-17,12.46,12.59,12.24,12.29,17212
2023-02-20,12.44,12.51,12.25,12.51,12865
2023-02-21,12.58,12.61,12.4,12.52,8910
2023-02-22,12.52,12.68,12.44,12.51,9370
2023-02-23,12.56,12.66,12.48,12.56,9659
2023-02-24,12.56,12.8,12.51,12.58,10336
2023-02-27,12.52,12.79,12.34,12.38,13408
2023-02-28,12.34,12.57,12.32,12.46,9105
2023-03-01,12.46,12.75,12.4,12.69,12007
2023-03-02,12.69,12.79,12.57,12.74,12327
2023-03-03,12.76,12.83,12.45,12.45,12051
2023-03-06,12.4,13.03,12.4,12.95,32577
2023-03-07,12.95,12.97,12.59,12.67,20644
2023-03-08,12.66,12.9,12.6,12.76,17023
2023-03-09,12.8,12.86,12.61,12.73,11380
2023-03-10,12.8,12.8,12.49,12.6,14667
2023-03-13,12.6,12.67,12.3,12.6,15503
2023-03-14,12.6,12.64,12.11,12.2,13679
2023-03-15,12.28,12.72,12.28,12.56,12688
2023-03-16,12.48,12.59,12.22,12.23,12627
2023-03-17,12.52,12.52,12.03,12.03,10892
2023-03-20,12.02,12.22,11.96,12.12,7732
2023-03-21,12.3,12.37,12.08,12.36,7428
2023-03-22,12.45,12.45,12.27,12.38,6566
2023-03-23,12.46,12.48,12.28,12.4,8359
2023-03-24,12.45,12.55,12.28,12.46,10925
2023-03-27,12.56,12.56,12.25,12.46,8397
2023-03-28,12.5,12.53,12.24,12.26,7529
2023-03-29,12.27,12.36,12.08,12.15,6746
2023-03-30,12.3,12.3,11.91,12.0,7702
2023-03-31,12.0,12.4,11.82,12.04,7752
2023-04-03,12.1,12.21,12.01,12.11,4610
2023-04-04,12.18,12.18,11.6,11.67,16963
2023-04-06,11.64,11.72,11.25,11.25,13998
2023-04-07,11.3,11.6,11.3,11.45,12034
2023-04-10,11.45,11.72,11.35,11.47,10010
2023-04-11,11.44,11.53,11.23,11.37,7269
2023-04-12,11.38,11.47,11.2,11.23,6136
2023-04-13,11.35,11.43,11.2,11.26,7562
2023-04-14,11.26,11.46,11.21,11.36,7238
2023-04-17,11.44,11.44,11.11,11.2,7637
2023-04-18,11.2,11.22,11.05,11.07,5183
2023-04-19,11.02,11.22,10.94,11.11,6233
2023-04-20,11.91,11.91,10.53,10.61,24180
2023-04-21,10.5,10.68,10.21,10.22,16173
2023-04-24,10.15,10.32,10.0,10.15,10711
2023-04-25,10.05,10.26,9.63,9.91,17958
2023-04-26,10.0,10.36,10.0,10.25,12475
2023-04-27,10.17,10.62,10.17,10.44,13175
2023-04-28,10.28,10.81,10.28,10.81,11730
2023-05-04,10.51,10.94,10.51,10.82,14368
2023-05-05,10.75,11.0,10.66,10.83,11144
2023-05-08,10.88,10.95,10.66,10.66,8870
2023-05-09,10.66,10.76,10.43,10.49,10675
2023-05-10,10.41,10.74,10.41,10.67,9654
2023-05-11,10.76,10.86,10.54,10.75,7954
2023-05-12,10.8,10.87,10.5,10.51,6900
2023-05-15,10.65,10.77,10.45,10.55,13719
2023-05-16,10.67,10.84,10.52,10.73,13161
2023-05-17,10.72,11.05,10.65,11.03,13992
2023-05-18,11.02,11.28,11.01,11.2,13287
2023-05-19,11.2,11.44,11.15,11.34,10950
2023-05-22,11.26,11.5,11.26,11.48,10787
2023-05-23,11.48,11.57,11.38,11.43,7910
2023-05-24,11.43,11.55,11.31,11.42,10198
2023-05-25,11.48,11.76,11.38,11.49,17327
2023-05-26,11.4,11.6,11.24,11.38,18170
2023-05-29,11.38,11.54,11.02,11.16,11675
2023-05-30,11.1,11.29,11.01,11.25,13633
2023-05-31,11.29,11.35,11.13,11.19,8112
2023-06-01,11.2,11.33,11.13,11.16,9585
2023-06-02,11.19,11.35,11.13,11.19,6906
2023-06-05,11.22,11.25,10.95,11.07,13136
2023-06-06,11.11,11.11,10.69,10.69,14844
2023-06-07,10.73,11.02,10.6,10.91,14344
2023-06-08,10.83,11.0,10.41,10.54,15095
2023-06-09,10.58,10.69,10.25,10.33,13892
2023-06-12,10.51,10.61,10.23,10.38,18679
2023-06-13,10.48,10.77,10.41,10.69,31518
2023-06-14,10.89,10.98,10.26,10.37,28441
2023-06-15,10.39,10.5,10.23,10.45,32376
2023-06-16,11.03,11.5,10.71,10.78,119786
2023-06-19,10.5,10.71,10.1,10.1,99290
2023-06-20,10.05,10.18,9.76,9.95,45384
2023-06-21,9.85,10.95,9.85,10.95,101558
2023-06-26,10.95,11.16,10.43,10.47,138628
2023-06-27,10.68,10.75,10.07,10.41,71353
2023-06-28,10.41,10.49,10.06,10.26,47963
2023-06-29,10.2,11.29,10.2,11.29,71611
2023-06-30,11.23,11.27,10.82,10.95,131786
2023-07-03,10.97,11.25,10.86,11.02,78688
2023-07-04,11.04,11.39,11.01,11.32,78605
2023-07-05,11.33,11.89,11.29,11.32,59753
2023-07-06,11.32,11.8,11.17,11.56,70781
2023-07-07,11.48,11.64,11.31,11.39,35449
2023-07-10,11.4,11.62,11.26,11.3,25470
2023-07-11,11.25,11.45,11.21,11.38,20943
2023-07-12,11.43,11.59,11.3,11.33,22387
2023-07-13,11.36,11.58,11.3,11.36,27837
2023-07-14,11.47,11.47,11.15,11.28,24032
2023-07-17,11.38,11.47,11.16,11.29,25189
2023-07-18,11.28,11.39,11.12,11.31,17299
2023-07-19,11.26,11.35,11.06,11.1,16221
2023-07-20,11.1,11.19,10.9,10.9,14981
2023-07-21,10.97,10.99,10.75,10.78,19949
2023-07-24,10.77,11.13,10.71,10.89,17468
2023-07-25,10.96,11.23,10.92,11.16,16847
2023-07-26,11.13,11.23,10.94,11.02,16339
2023-07-27,11.11,11.24,10.95,10.99,13231
2023-07-28,10.95,11.0,10.78,10.91,12530
2023-07-31,11.05,11.35,10.83,11.14,34838
2023-08-01,11.25,11.62,10.81,10.92,36489
2023-08-02,10.9,11.86,10.8,11.43,70583
2023-08-03,11.32,11.36,11.02,11.08,46535
2023-08-04,11.08,11.17,10.6,10.8,41839
2023-08-07,10.7,10.78,10.58,10.61,24534
2023-08-08,10.66,10.76,10.45,10.52,17445
2023-08-09,10.5,10.57,10.34,10.5,17546
2023-08-10,10.43,10.62,10.42,10.51,11315
2023-08-11,10.48,10.59,10.31,10.31,16146
2023-08-14,10.23,10.38,10.07,10.27,15448
2023-08-15,10.34,10.46,10.21,10.26,9935
2023-08-16,10.24,10.35,10.18,10.27,8495
2023-08-17,10.3,10.59,10.11,10.57,21247
2023-08-18,10.57,10.86,10.51,10.6,29041
2023-08-21,10.71,10.77,10.52,10.52,17643
2023-08-22,10.53,10.68,10.27,10.48,13646
2023-08-23,10.44,10.59,10.35,10.45,19650
2023-08-24,10.69,10.84,10.33,10.64,37266
2023-08-25,10.58,10.76,10.41,10.41,23581
2023-08-28,10.94,10.94,10.42,10.42,19306
2023-08-29,10.42,11.03,10.39,10.99,28503
2023-08-30,11.0,11.42,10.99,11.37,41314
2023-08-31,11.42,11.69,11.34,11.57,45116
2023-09-01,11.62,11.74,11.42,11.56,29177
2023-09-04,11.63,12.0,11.54,11.97,29645
2023-09-05,11.97,12.28,11.88,12.16,26689
2023-09-06,12.13,12.27,11.98,12.15,30041
2023-09-07,12.15,12.27,12.03,12.04,26347
2023-09-08,11.98,12.3,11.98,12.17,20513
2023-09-11,12.32,12.32,12.03,12.2,20866
2023-09-12,12.19,12.3,12.02,12.27,18815
2023-09-13,12.24,12.32,11.91,11.98,15185
2023-09-14,11.98,12.0,11.64,11.73,28844
2023-09-15,11.74,11.91,11.3,11.4,31327
2023-09-18,11.56,11.75,11.3,11.46,28540
2023-09-19,11.34,11.51,11.05,11.09,30880
2023-09-20,11.17,11.24,10.93,10.98,20340
2023-09-21,11.0,11.18,10.79,10.96,21247
2023-09-22,11.09,11.32,10.92,11.28,22001
2023-09-25,11.33,11.51,11.11,11.2,21269
2023-09-26,11.29,11.46,11.12,11.3,19852
2023-09-27,11.3,11.71,11.22,11.52,21538
2023-09-28,11.53,11.92,11.53,11.86,14625
2023-10-09,11.8,11.87,11.53,11.58,19171
2023-10-10,11.58,11.79,11.5,11.58,15922
2023-10-11,11.63,11.63,11.44,11.53,11238
2023-10-12,11.55,11.62,11.42,11.54,13925
2023-10-13,11.5,11.58,11.24,11.34,14656
2023-10-16,11.43,11.6,11.23,11.43,25439
2023-10-17,11.43,11.5,11.2,11.27,15672
2023-10-18,11.3,11.3,11.0,11.0,14513
2023-10-19,11.06,11.38,10.92,11.07,15559
2023-10-20,11.07,11.48,11.0,11.01,17440
2023-10-23,11.13,11.13,10.69,10.76,16907
2023-10-24,10.8,11.29,10.72,11.24,18620
2023-10-25,11.5,11.55,11.3,11.42,20443
2023-10-26,11.42,11.51,11.13,11.43,14874
2023-10-27,11.45,11.66,11.3,11.49,13668
2023-10-30,11.71,11.71,11.34,11.58,21885
2023-10-31,11.58,11.66,11.41,11.52,15013
2023-11-01,11.54,11.91,11.36,11.8,25232
2023-11-02,11.79,11.92,11.65,11.73,17385
2023-11-03,11.66,11.98,11.66,11.79,15625
2023-11-06,11.85,11.92,11.73,11.85,15779
2023-11-07,11.84,12.02,11.78,11.98,16479
2023-11-08,11.97,12.03,11.8,11.9,12705
2023-11-09,11.99,12.0,11.8,11.86,17423
2023-11-10,11.94,12.03,11.73,11.95,17609
2023-11-13,11.96,12.18,11.96,12.18,18905
2023-11-14,12.2,12.3,12.06,12.18,13569
2023-11-15,12.22,12.28,12.09,12.17,11037
2023-11-16,12.17,12.24,12.03,12.12,13281
2023-11-17,12.12,12.26,12.03,12.23,10787
2023-11-20,12.31,12.37,12.11,12.33,14672
2023-11-21,12.32,12.4,12.2,12.24,12568
2023-11-22,12.22,12.35,12.0,12.05,19312
2023-11-23,12.06,12.19,11.94,12.1,12822
2023-11-24,12.16,12.18,11.88,12.04,19463
2023-11-27,12.07,13.24,12.07,13.24,34454
2023-11-28,14.56,14.56,14.56,14.56,43006
2023-11-29,14.85,16.02,13.83,14.47,352877
2023-11-30,13.02,14.4,13.02,13.37,311852
2023-12-01,12.93,13.0,12.36,12.56,219992
2023-12-04,12.51,12.92,12.4,12.73,152173
2023-12-05,12.68,12.79,12.43,12.5,98386
2023-12-06,12.4,13.45,12.4,12.83,160234
2023-12-07,12.9,13.32,12.52,12.95,140114
2023-12-08,12.84,13.98,12.75,13.26,189584
2023-12-11,12.55,13.55,12.54,13.45,161997
2023-12-12,13.28,13.61,13.26,13.45,110113
2023-12-13,13.4,13.86,13.11,13.62,123422
2023-12-14,13.68,13.71,13.26,13.31,79217
2023-12-15,13.3,13.31,13.05,13.24,56077
2023-12-18,13.15,13.55,12.97,13.04,63604
2023-12-19,13.06,13.11,12.66,12.86,53042
2023-12-20,12.87,13.24,12.87,12.97,49812
2023-12-21,12.91,13.25,12.62,13.2,54958
2023-12-22,13.51,13.75,13.09,13.22,87970
2023-12-25,13.21,13.76,13.07,13.51,81358
2023-12-26,13.29,13.77,13.18,13.29,77819
2023-12-27,13.2,13.42,13.07,13.19,55397
2023-12-28,13.07,13.65,12.94,13.53,72353
2023-12-29,13.45,14.0,13.28,13.92,93874
2024-01-02,14.08,14.35,13.79,13.93,88827
2024-01-03,13.9,14.04,13.5,13.7,56292
2024-01-04,13.69,14.38,13.56,14.24,120151
2024-01-05,14.12,14.19,13.37,13.49,100626
2024-01-08,13.25,13.29,12.7,12.76,79524
2024-01-09,12.75,14.04,12.75,14.04,61323
2024-01-10,14.04,14.2,13.47,13.57,125776
2024-01-11,13.61,13.79,13.28,13.69,84718
2024-01-12,13.68,14.02,13.56,13.68,67859
2024-01-15,13.65,13.65,13.16,13.36,51962
2024-01-16,13.41,13.69,12.91,13.25,42006
2024-01-17,13.2,13.22,12.73,12.77,36059
2024-01-18,12.41,12.98,12.2,12.63,56049
2024-01-19,12.72,12.75,12.18,12.35,40390
2024-01-22,12.44,12.44,11.12,11.16,43878
2024-01-23,11.27,11.39,10.98,11.1,38418
2024-01-24,11.12,11.6,10.9,11.38,37154
2024-01-25,11.58,12.26,11.4,12.2,46458
2024-01-26,12.2,12.83,12.11,12.15,43230
2024-01-29,12.3,12.3,11.48,11.59,38161
2024-01-30,11.41,11.71,11.13,11.13,30098
2024-01-31,11.01,11.09,10.11,10.21,40161
2024-02-01,10.2,10.73,9.52,10.17,55664
2024-02-02,10.27,10.33,9.19,9.46,36237
2024-02-05,9.48,9.57,8.51,8.51,33269
2024-02-06,7.71,8.26,7.66,7.67,55223
2024-02-07,7.87,8.35,7.36,8.04,110557
2024-02-08,8.2,8.77,7.67,8.61,86743
2024-02-19,8.82,9.47,8.65,9.47,52898
2024-02-20,9.49,10.12,9.4,9.96,57625
2024-02-21,9.88,10.28,9.62,9.89,48838
2024-02-22,9.89,10.19,9.84,10.0,41011
2024-02-23,10.2,10.25,9.91,10.18,32511
2024-02-26,10.35,10.6,10.1,10.32,34715
2024-02-27,10.34,10.66,10.33,10.59,30544
2024-02-28,10.6,10.78,9.55,9.6,57716
2024-02-29,9.45,10.56,9.45,10.56,56290
2024-03-01,10.56,11.62,10.56,11.62,104171
2024-03-04,11.35,11.36,10.52,10.85,120393
2024-03-05,10.59,10.92,10.4,10.43,58706
2024-03-06,10.38,11.47,10.38,10.96,83269
2024-03-07,10.96,11.1,10.43,10.59,65153
2024-03-08,10.59,11.49,10.53,10.71,48308
2024-03-11,10.6,10.7,10.34,10.58,42527
2024-03-12,10.62,10.78,10.42,10.72,39980
2024-03-13,10.68,10.95,10.63,10.88,41313
2024-03-14,10.81,11.02,10.55,10.77,29823
2024-03-15,10.76,10.91,10.63,10.91,24465
2024-03-18,10.88,12.0,10.86,12.0,135667
2024-03-19,11.91,12.37,11.57,11.64,144037
2024-03-20,11.49,11.69,11.4,11.57,70912
2024-03-21,11.55,12.73,11.43,12.73,168463
2024-03-22,14.0,14.0,12.8,12.92,286543
2024-03-25,12.0,12.3,11.63,11.88,214844
2024-03-26,11.51,11.67,10.9,10.96,106573
2024-03-27,11.03,12.06,11.03,12.06,198193
2024-03-28,11.3,11.78,11.26,11.64,153869
2024-03-29,11.53,11.93,11.53,11.83,96491
2024-04-01,11.75,12.57,11.66,12.32,109201
2024-04-02,12.16,12.3,11.93,11.99,74611
2024-04-03,11.93,12.13,11.45,11.57,55202
2024-04-08,11.43,11.63,11.0,11.0,51920
2024-04-09,11.01,11.16,10.86,11.13,31762
2024-04-10,11.14,11.42,10.64,10.88,47262
2024-04-11,10.53,10.94,10.42,10.62,33757
2024-04-12,10.63,10.99,10.45,10.45,31381
2024-04-15,9.43,9.98,9.41,9.52,69064
2024-04-16,9.47,9.5,8.57,8.57,36877
2024-04-17,8.25,9.12,8.25,9.05,41151
2024-04-18,9.04,9.5,8.74,9.19,40607
2024-04-19,9.17,9.29,8.96,8.98,25008
2024-04-22,9.01,9.01,8.5,8.6,28124
2024-04-23,8.7,8.95,8.6,8.92,23274
2024-04-24,9.12,9.22,8.92,9.15,21947
2024-04-25,9.13,9.24,9.04,9.14,16805
2024-04-26,9.42,9.42,9.06,9.08,23292
2024-04-29,9.13,9.84,9.13,9.77,42863
2024-04-30,9.79,10.08,9.56,9.84,30737
2024-05-06,9.97,10.19,9.9,10.08,23321
2024-05-07,10.28,10.28,9.95,10.1,16329
2024-05-08,10.16,10.47,9.9,9.93,20217
2024-05-09,10.06,10.21,9.89,10.18,16609
2024-05-10,10.27,10.37,9.88,10.0,18458
2024-05-13,9.98,9.98,9.45,9.6,22573
2024-05-14,9.7,9.92,9.6,9.88,21182
2024-05-15,9.88,10.08,9.8,9.82,16214
2024-05-16,9.83,10.0,9.75,9.82,15913
2024-05-17,9.94,10.02,9.77,9.87,20762
2024-05-20,10.28,10.35,9.9,10.03,47203
2024-05-21,9.73,9.73,9.03,9.27,74125
2024-05-22,9.2,9.33,8.93,8.99,44015
2024-05-23,8.99,9.05,8.7,8.76,32423
2024-05-24,8.76,8.95,8.63,8.65,24475
2024-05-27,8.75,8.87,8.5,8.69,26398
2024-05-28,8.75,8.83,8.52,8.57,25026
2024-05-29,8.57,8.75,8.45,8.64,25583
2024-05-30,8.5,8.78,8.5,8.59,20741
2024-05-31,8.57,8.73,8.57,8.71,19608
2024-06-03,8.72,8.78,8.21,8.34,38270
2024-06-04,8.42,8.44,7.78,7.92,38213
2024-06-05,7.92,7.93,7.56,7.64,27020
2024-06-06,7.56,7.65,6.88,6.88,48727
2024-06-07,6.88,7.4,6.88,7.32,50646
2024-06-11,7.35,7.35,6.94,7.21,33201
2024-06-12,7.31,7.59,7.21,7.53,28569
2024-06-13,7.62,7.68,7.32,7.42,23652
2024-06-14,7.46,7.58,7.22,7.44,17593
2024-06-17,7.42,7.56,7.14,7.22,30486
2024-06-18,7.14,7.78,7.14,7.56,43732
2024-06-19,7.49,7.62,7.47,7.49,27510
2024-06-20,7.59,7.6,7.18,7.21,23813
2024-06-21,7.21,7.22,6.88,7.1,18584
2024-06-24,7.13,7.15,6.65,6.66,28535
2024-06-25,6.65,7.02,6.6,6.97,26366
2024-06-26,6.98,7.4,6.76,7.37,28244
2024-06-27,7.38,7.89,7.24,7.6,62057
2024-06-28,7.39,7.64,7.34,7.6,50437
2024-07-01,7.51,7.64,7.16,7.59,42983
2024-07-02,7.7,7.73,7.47,7.68,25763
2024-07-03,7.7,7.72,7.35,7.37,26541
2024-07-04,7.39,7.59,7.02,7.12,33437
2024-07-05,7.1,7.14,6.94,7.06,21238
2024-07-08,7.04,7.22,6.8,6.85,26789
2024-07-09,6.85,7.0,6.6,6.92,23854
2024-07-10,6.83,6.92,6.65,6.69,18440
2024-07-11,6.79,7.17,6.79,7.16,27835
2024-07-12,7.22,7.38,7.02,7.35,27017
2024-07-15,7.37,7.59,7.13,7.52,39174
2024-07-16,7.52,7.6,7.26,7.36,22730
2024-07-17,7.43,8.1,7.11,7.9,104924
2024-07-18,7.51,7.8,7.38,7.69,69134
2024-07-19,7.64,8.2,7.64,8.08,63446
2024-07-22,8.06,8.89,7.91,8.89,146310
2024-07-23,9.33,9.55,8.19,8.34,207178
2024-07-24,7.97,7.98,7.51,7.51,100314
2024-07-25,7.01,7.17,6.79,6.9,108502
2024-07-26,6.81,6.98,6.79,6.93,70308
2024-07-29,6.9,7.13,6.81,7.1,62894
2024-07-30,7.08,7.13,6.94,7.09,39688
2024-07-31,7.15,7.8,7.09,7.8,105310
2024-08-01,7.8,7.8,7.5,7.55,106983
2024-08-02,7.59,7.67,7.39,7.47,53209
2024-08-05,7.46,7.7,7.19,7.34,63855
2024-08-06,7.29,7.49,7.26,7.39,48078
2024-08-07,7.4,7.53,7.4,7.42,39133
2024-08-08,7.37,7.39,7.12,7.32,40921
2024-08-09,7.37,7.46,7.23,7.25,23529
2024-08-12,7.25,7.33,7.13,7.15,26395
2024-08-13,7.18,7.28,7.05,7.23,23872
2024-08-14,7.24,7.35,7.2,7.22,17546
2024-08-15,7.23,7.4,7.12,7.37,30231
2024-08-16,7.37,7.56,7.31,7.45,34206
2024-08-19,7.5,7.5,7.28,7.38,21565
2024-08-20,7.44,7.64,7.2,7.26,25432
2024-08-21,7.15,7.35,7.15,7.24,20830
2024-08-22,7.35,7.35,7.03,7.04,20367
2024-08-23,7.03,7.06,6.85,6.98,18302
2024-08-26,6.97,7.22,6.94,7.13,17566
2024-08-27,7.13,7.16,6.97,7.0,14381
2024-08-28,7.0,7.17,6.93,7.07,16736
2024-08-29,7.17,7.24,6.98,7.18,23214
2024-08-30,7.18,7.49,7.18,7.39,25780
2024-09-02,7.44,7.51,7.28,7.28,20284
2024-09-03,7.35,7.4,7.14,7.39,16807
2024-09-04,7.44,7.44,7.21,7.33,16812
2024-09-05,7.36,7.51,7.29,7.5,23213
2024-09-06,7.42,7.51,7.33,7.33,16618
2024-09-09,7.33,7.51,7.22,7.41,24671
2024-09-10,7.4,8.15,7.4,8.15,67512
2024-09-11,8.38,8.38,7.66,7.83,154239
2024-09-12,7.77,7.89,7.63,7.83,93424
2024-09-13,7.83,7.83,7.52,7.53,59837
2024-09-18,7.56,8.09,7.41,7.69,79886
2024-09-19,7.73,8.0,7.58,7.91,94124
2024-09-20,8.02,8.24,7.95,8.0,91697
2024-09-23,8.17,8.3,8.0,8.18,55624
2024-09-24,8.22,8.32,8.04,8.29,57911
2024-09-25,8.34,8.67,8.24,8.51,61295
2024-09-26,8.51,8.89,8.37,8.84,43924
2024-09-27,8.98,9.46,8.92,9.16,51362
2024-09-30,9.43,9.94,9.08,9.78,79078
2024-10-08,10.7,10.75,9.66,10.43,89917
2024-10-09,10.24,10.28,9.45,9.55,63292
2024-10-10,9.68,10.24,9.41,9.84,48934
2024-10-11,9.78,9.91,9.3,9.44,34296
2024-10-14,9.45,10.33,9.45,10.33,49462
2024-10-15,10.3,10.62,9.9,10.18,57012
2024-10-16,10.12,10.47,10.0,10.37,30582
2024-10-17,10.41,10.84,10.4,10.52,44292
2024-10-18,10.52,10.97,10.48,10.86,44577
2024-10-21,10.86,11.55,10.86,11.48,58834
2024-10-22,11.52,11.7,11.08,11.18,51566
2024-10-23,11.3,12.3,11.3,12.3,58796
2024-10-24,12.15,13.53,12.15,13.53,197204
2024-10-25,13.56,14.26,13.0,13.8,207998
2024-10-28,13.79,14.65,13.4,14.39,164279
2024-10-29,14.3,15.34,14.02,15.19,171697
2024-10-30,14.91,15.04,14.18,14.79,105995
2024-10-31,14.63,14.99,14.0,14.61,106199
2024-11-01,14.4,14.46,13.2,13.44,101399
2024-11-04,13.15,13.3,12.68,13.22,61105
2024-11-05,13.18,13.63,12.91,13.61,58339
2024-11-06,13.61,14.5,13.31,14.0,80443
2024-11-07,14.01,14.56,14.01,14.26,66104
2024-11-08,14.4,14.88,13.93,14.33,65515
2024-11-11,14.15,14.46,13.88,14.36,62246
2024-11-12,14.41,14.85,14.17,14.45,42905
2024-11-13,14.59,15.12,14.18,14.61,48000
2024-11-14,14.55,14.72,13.81,13.92,49361
2024-11-15,13.86,14.2,13.46,13.63,50137
2024-11-18,13.64,13.88,12.45,12.61,55042
2024-11-19,12.6,13.0,12.48,12.89,42875
2024-11-20,12.96,13.14,12.57,13.06,29315
2024-11-21,13.17,13.59,12.98,13.35,38677
2024-11-22,13.28,13.63,13.12,13.25,51931
2024-11-25,13.13,13.23,12.7,13.16,32931
2024-11-26,13.36,13.41,12.91,12.96,21184
2024-11-27,12.99,13.08,12.01,12.4,61957
2024-11-28,12.41,12.78,12.4,12.53,47653
2024-11-29,12.58,12.89,12.46,12.67,33703
2024-12-02,12.86,13.15,12.68,13.09,28890
2024-12-03,13.22,13.28,12.87,13.15,21831
2024-12-04,13.26,13.35,12.9,13.0,39039
2024-12-05,13.12,13.26,12.96,13.16,23860
2024-12-06,13.22,14.48,13.05,14.48,84398
2024-12-09,14.45,14.78,13.9,14.0,130696
2024-12-10,14.23,14.42,13.74,14.26,84409
2024-12-11,14.2,14.4,14.01,14.28,61596
2024-12-12,14.28,15.13,14.25,14.51,66782
2024-12-13,14.37,15.96,14.11,15.62,119373
2024-12-16,15.3,15.71,14.35,14.59,104755
2024-12-17,14.77,14.9,13.59,13.79,53565
2024-12-18,13.85,15.17,13.5,15.17,67212
2024-12-19,16.69,16.69,16.69,16.69,30690
2024-12-20,18.36,18.36,15.57,16.06,339705
2024-12-23,14.45,14.82,14.45,14.45,72768
2024-12-24,13.01,13.7,13.01,13.01,164112
2024-12-25,12.64,12.88,11.71,11.8,163921
2024-12-26,12.03,12.15,11.23,11.88,119181
2024-12-27,11.75,12.41,11.74,11.77,99510
2024-12-30,11.77,11.9,10.96,11.12,102450
2024-12-31,11.24,11.24,10.7,10.73,52768
2025-01-02,10.74,10.94,10.48,10.61,48791
2025-01-03,10.6,10.66,9.96,10.0,49922
2025-01-06,10.13,10.15,9.51,9.81,36241
2025-01-07,9.83,10.68,9.83,10.59,58023
2025-01-08,10.45,10.94,10.12,10.54,54914
2025-01-09,10.59,11.18,10.55,10.78,50718
2025-01-10,10.78,11.02,10.22,10.27,39126
2025-01-13,10.27,10.46,9.88,10.29,29502
2025-01-14,10.29,11.02,10.29,11.02,43854
2025-01-15,10.98,11.07,10.8,10.85,30868
2025-01-16,10.93,11.05,10.65,10.77,30835
2025-01-17,10.91,10.91,10.49,10.52,34108
2025-01-20,10.71,10.78,10.32,10.55,29766
2025-01-21,10.55,10.7,10.25,10.34,27829
2025-01-22,10.29,10.29,10.0,10.09,24663
2025-01-23,10.2,10.39,9.89,9.95,31544
2025-01-24,8.96,8.96,8.96,8.96,13041
2025-01-27,8.32,9.0,8.27,8.85,94281
2025-02-05,9.22,9.29,8.81,9.08,52770
2025-02-06,9.18,9.28,8.9,9.26,41825
2025-02-07,9.29,9.68,9.29,9.52,41382
2025-02-10,9.6,10.07,9.55,10.05,36430
2025-02-11,10.05,10.1,9.67,9.8,37875
2025-02-12,9.9,9.95,9.6,9.68,33751
2025-02-13,9.82,9.89,9.48,9.53,29970
2025-02-14,9.48,9.56,9.27,9.32,22905
2025-02-17,9.54,10.25,9.43,10.25,57471
2025-02-18,10.4,11.28,10.08,11.28,196510
2025-02-19,11.28,12.41,11.06,12.41,140437
2025-02-20,13.12,13.65,12.41,13.65,370151
2025-02-21,12.63,13.33,12.36,12.56,264079
2025-02-24,12.18,12.34,11.43,11.46,192751
2025-02-25,11.39,12.61,11.26,12.61,110317
2025-02-26,12.08,12.61,12.0,12.25,215860
2025-02-27,11.84,12.11,11.35,11.74,165377
2025-02-28,11.79,12.03,11.0,11.02,119327
2025-03-03,10.91,11.05,10.55,10.64,96491
2025-03-04,10.72,11.03,10.66,10.99,65555
2025-03-05,10.9,10.94,10.5,10.83,63675
2025-03-06,10.83,11.04,10.72,10.96,57581
2025-03-07,10.86,10.93,10.59,10.72,52269
2025-03-10,10.6,10.98,10.56,10.95,45862
2025-03-11,10.85,11.11,10.73,11.05,49095
2025-03-12,11.03,11.04,10.83,10.85,43766
2025-03-13,10.73,10.98,10.6,10.92,50834
2025-03-14,10.82,10.96,10.72,10.89,36637
2025-03-17,11.03,11.15,10.95,11.07,40040
2025-03-18,11.15,11.21,10.97,11.13,28611
2025-03-19,11.13,11.13,10.8,10.86,38430
2025-03-20,10.88,10.98,10.8,10.85,27213
2025-03-21,10.81,10.87,10.51,10.61,33303
2025-03-24,10.52,10.58,9.77,9.98,52076
2025-03-25,9.89,9.99,9.71,9.86,30124
2025-03-26,9.81,10.22,9.72,10.12,32033
2025-03-27,10.09,10.16,9.78,9.87,23918
2025-03-28,9.93,10.0,9.72,9.74,20650
2025-03-31,9.63,10.29,9.4,9.79,52750
2025-04-01,10.0,10.77,10.0,10.77,26976
2025-04-02,11.5,11.85,10.98,11.85,54183
2025-04-03,11.64,12.8,11.12,11.92,224468
2025-04-07,10.75,10.98,10.73,10.73,23421
2025-04-08,9.66,10.25,9.66,9.66,109202
2025-04-09,9.1,9.52,8.69,9.36,105747
2025-04-10,9.53,9.82,9.38,9.61,80147
2025-04-11,9.43,9.85,9.33,9.51,49237
2025-04-14,9.68,10.46,9.68,10.46,49887
2025-04-15,10.88,11.04,10.16,10.22,115621
2025-04-16,10.27,10.55,9.78,9.86,65308
2025-04-17,9.92,10.26,9.81,9.98,56176
2025-04-18,9.98,10.16,9.52,9.69,50144
2025-04-21,9.53,9.68,9.35,9.6,50039
2025-04-22,9.6,9.6,9.28,9.29,49033
2025-04-23,9.24,9.31,8.9,9.1,72505
2025-04-24,9.0,9.18,8.91,9.01,40695
2025-04-25,9.12,9.12,8.9,8.96,38433
2025-04-28,8.35,8.65,8.06,8.43,80523
2025-04-29,0.0,0.0,0.0,8.43,0
2025-04-30,8.43,8.85,8.43,8.85,92824
2025-05-06,9.1,9.29,9.05,9.29,23796
2025-05-07,9.75,9.75,9.42,9.6,79335
2025-05-08,9.51,10.01,9.49,9.96,41916
2025-05-09,9.99,10.25,9.8,10.05,34218
2025-05-12,10.1,10.49,9.89,10.38,36860
2025-05-13,10.38,10.55,9.97,10.05,37304
2025-05-14,10.02,10.28,9.94,10.16,18419
2025-05-15,10.38,10.4,10.16,10.23,29511
2025-05-16,10.15,10.22,9.97,9.98,21837
2025-05-19,10.25,10.46,10.17,10.28,37111
2025-05-20,10.22,10.78,10.22,10.64,31405
2025-05-21,10.6,10.85,10.48,10.73,24818
2025-05-22,10.7,10.85,10.35,10.47,27474
2025-05-23,10.48,10.76,10.41,10.47,26124
2025-05-26,10.69,10.99,10.68,10.99,15755
2025-05-27,11.5,11.5,10.87,11.01,56610
2025-05-28,11.56,11.56,11.16,11.56,62513
2025-05-29,11.57,11.7,11.26,11.29,59932
2025-05-30,11.2,11.23,10.89,11.02,35670
2025-06-03,11.04,11.24,10.98,11.02,23951
2025-06-04,11.09,11.17,11.0,11.17,18085
2025-06-05,11.55,11.73,11.32,11.34,62126
2025-06-06,11.17,11.46,11.08,11.42,42088
2025-06-09,11.59,11.99,11.59,11.62,38328
2025-06-10,11.65,11.97,11.57,11.9,45867
2025-06-11,11.91,12.26,11.8,11.96,32737
2025-06-12,11.97,12.03,11.8,11.86,18231
2025-06-13,11.75,11.82,11.51,11.63,21967
2025-06-16,11.64,11.84,11.54,11.7,16664
2025-06-17,11.69,11.8,11.52,11.62,17562
2025-06-18,11.62,11.75,11.35,11.63,19672
2025-06-19,11.55,11.63,11.32,11.63,26629
2025-06-20,11.67,12.19,11.38,11.91,58720
2025-06-23,11.9,12.14,11.83,12.14,41679
2025-06-24,12.23,12.75,12.21,12.61,37788
2025-06-25,12.62,13.24,12.6,13.04,73309
2025-06-26,13.69,13.69,12.7,13.08,121939
2025-06-27,12.79,12.79,12.43,12.43,94735
2025-06-30,12.4,12.81,12.4,12.7,44746
2025-07-01,12.75,13.34,12.75,13.31,89862
2025-07-02,13.13,13.36,13.0,13.29,42490
2025-07-03,13.13,13.37,12.97,13.12,28834
2025-07-04,13.12,13.26,12.64,12.8,31293
2025-07-07,12.78,13.44,12.78,13.44,36461
2025-07-08,13.36,14.02,13.32,13.45,53499
2025-07-09,13.57,13.88,13.26,13.45,24661
2025-07-10,13.33,13.83,13.31,13.77,30276
2025-07-11,13.77,13.85,13.38,13.48,30429
2025-07-14,13.5,13.98,13.47,13.93,31539
2025-07-15,13.93,13.93,13.23,13.23,50836
2025-07-16,13.89,13.89,13.89,13.89,6464
2025-07-17,14.58,14.58,14.58,14.58,3712
2025-07-18,15.31,15.31,14.8,15.31,187598
2025-07-21,15.03,15.6,14.54,14.73,124048
2025-07-22,14.61,14.71,14.12,14.39,61837
2025-07-23,14.38,14.6,14.15,14.33,29031
2025-07-24,14.55,14.55,14.23,14.27,25725
2025-07-25,14.23,14.34,13.95,14.19,26574
2025-07-28,14.23,14.42,14.06,14.29,15803
2025-07-29,14.22,14.28,13.96,14.07,18908
2025-07-30,14.55,14.73,14.31,14.39,40840
2025-07-31,14.39,14.45,13.9,13.96,29455
2025-08-01,13.94,13.99,13.5,13.67,32717
2025-08-04,13.54,13.7,13.38,13.69,14976
2025-08-05,13.69,13.88,13.52,13.77,12316
2025-08-06,13.7,13.8,13.63,13.67,14405
2025-08-07,13.67,14.29,13.67,14.1,27377
2025-08-08,14.13,14.3,13.9,14.24,18984
2025-08-11,14.2,14.56,14.13,14.23,21157
2025-08-12,14.17,14.31,14.0,14.13,17503
2025-08-13,14.13,14.22,13.91,13.91,16756
2025-08-14,13.92,14.08,13.76,13.76,17905
2025-08-15,13.7,13.89,13.69,13.88,14927
2025-08-18,13.84,13.84,13.6,13.68,22166
2025-08-19,13.93,14.36,13.8,14.36,47602
2025-08-20,14.58,15.06,14.58,14.94,49873
2025-08-21,15.0,15.14,14.67,14.71,26260
2025-08-22,14.87,15.43,14.84,15.27,38472
2025-08-25,15.35,15.88,14.88,15.05,45305
2025-08-26,15.66,15.8,15.26,15.8,59030
2025-08-27,15.89,15.89,15.18,15.21,41045
2025-08-28,15.58,15.97,15.4,15.97,40133
2025-08-29,16.57,16.77,16.31,16.77,72624
2025-09-01,17.61,17.61,17.61,17.61,5061
2025-09-02,18.49,18.49,18.49,18.49,6875
2025-09-03,19.41,19.41,17.97,18.76,206746
2025-09-04,18.76,18.76,17.82,17.82,121219
2025-09-05,17.65,18.71,17.65,18.71,90146
2025-09-08,19.65,19.65,19.65,19.65,4836
2025-09-09,20.63,20.63,20.63,20.63,6363
2025-09-10,21.66,21.66,21.32,21.66,70884
2025-09-11,22.74,22.74,22.74,22.74,12139
2025-09-12,23.88,23.88,23.88,23.88,5385
2025-09-15,25.07,25.07,25.07,25.07,2842
2025-09-16,26.32,26.32,26.32,26.32,1199
2025-09-17,27.64,27.64,25.2,26.9,227615
2025-09-18,27.71,28.25,27.3,28.25,70776
2025-09-19,29.66,29.66,26.84,26.84,175716
2025-09-22,26.3,28.18,25.6,26.39,163996
2025-09-23,26.3,26.4,25.07,25.45,110626
2025-09-24,26.33,26.7,25.31,26.6,89997
2025-09-25,27.0,27.2,25.82,26.49,57323
2025-09-26,26.4,27.81,26.2,26.9,112400
2025-09-29,26.14,26.48,25.56,25.6,94326
2025-09-30,25.38,26.88,24.32,26.76,109283
2025-10-09,28.04,28.1,27.38,28.1,28956
2025-10-10,29.51,29.51,28.88,29.51,56806
2025-10-13,28.22,30.99,28.22,30.67,103780
2025-10-14,30.67,31.33,29.14,29.14,78294
2025-10-15,28.27,29.12,27.68,28.37,58095
2025-10-16,28.28,28.8,27.01,27.36,51758
2025-10-17,27.0,27.47,25.99,25.99,35692
2025-10-20,25.2,26.42,25.2,25.55,31483
2025-10-21,25.93,26.75,25.3,26.28,24812
2025-10-22,26.08,26.69,25.25,25.65,22136
2025-10-23,25.66,25.9,24.37,24.63,34723
2025-10-24,24.7,25.35,24.23,24.4,26700
2025-10-27,24.54,25.62,24.54,25.62,10713
2025-10-28,26.8,26.9,26.04,26.9,15291
2025-10-29,28.18,28.18,26.0,27.05,57605
2025-10-30,28.22,28.33,25.79,25.79,69349
2025-10-31,25.2,26.25,24.8,25.18,38581
2025-11-03,25.18,25.48,24.34,25.48,27377
2025-11-04,25.2,26.1,24.51,24.68,28969
2025-11-05,24.35,25.16,24.0,24.9,31640
2025-11-06,25.02,25.19,24.33,25.08,23644
2025-11-07,25.08,26.33,24.75,26.33,30001
2025-11-10,26.97,27.0,25.3,25.47,42000
2025-11-11,25.29,25.5,24.56,24.78,21010
2025-11-12,24.98,25.0,24.26,24.3,17131
2025-11-13,24.3,25.14,23.88,24.49,24326
2025-11-14,24.6,25.71,24.13,25.71,27597
2025-11-17,25.8,25.97,25.09,25.76,30848
2025-11-18,25.5,25.87,25.02,25.16,20737
2025-11-19,25.18,25.59,24.39,24.6,22447
2025-11-20,24.58,24.93,24.24,24.68,14055
2025-11-21,24.27,24.68,23.45,23.45,21632
2025-11-24,23.09,23.43,22.28,22.35,22146
2025-11-25,22.41,23.0,22.03,22.76,21578
2025-11-26,22.63,22.92,22.06,22.31,16506
2025-11-27,22.31,23.16,22.0,22.38,19050
2025-11-28,22.19,22.26,21.5,21.7,38721
2025-12-01,21.8,21.8,20.93,20.95,37169
2025-12-02,21.1,21.55,20.8,21.09,16827
2025-12-03,21.2,21.57,20.6,20.78,20922
2025-12-04,21.0,21.62,20.27,21.05,20998
2025-12-05,21.06,21.48,20.58,21.24,13790
2025-12-08,21.38,22.3,21.2,22.0,33221
2025-12-09,21.6,22.5,21.6,21.9,20457
2025-12-10,21.99,22.32,21.5,22.09,15315
2025-12-11,22.22,22.22,21.36,21.36,18083
2025-12-12,21.37,21.55,21.23,21.29,9995
2025-12-15,20.83,21.36,20.23,20.23,21814
2025-12-16,20.51,20.6,19.46,20.25,18990
2025-12-17,20.44,20.84,20.05,20.5,11920
2025-12-18,20.51,21.53,20.5,21.53,19122
2025-12-19,21.98,22.22,21.55,21.83,21497
2025-12-22,22.14,22.92,21.86,22.38,26563
2025-12-23,22.16,22.85,21.93,22.85,20058
2025-12-24,22.84,23.6,22.6,23.41,18600
2025-12-25,23.35,23.6,22.8,23.02,16235
2025-12-26,23.09,23.28,22.74,23.1,17141
2025-12-29,23.11,23.27,22.82,22.91,11642
2025-12-30,22.92,22.92,22.3,22.66,18820
2025-12-31,22.66,23.79,22.58,23.38,24022
2026-01-05,23.39,23.75,23.2,23.39,18053
2026-01-06,23.38,24.55,23.02,23.9,22528
2026-01-07,23.82,24.3,23.65,23.81,15951
2026-01-08,23.81,25.0,23.43,24.67,39747
2026-01-09,24.47,24.88,24.31,24.79,27559
2026-01-12,24.85,24.93,23.55,23.64,50360
2026-01-13,23.75,23.8,22.8,23.12,26974
2026-01-14,23.03,23.87,23.03,23.4,18867
2026-01-15,23.41,23.55,22.9,23.21,14697
2026-01-16,23.25,23.69,23.15,23.4,16426
2026-01-19,23.16,23.8,23.16,23.69,16629
2026-01-20,23.69,23.78,23.21,23.43,12644
2026-01-21,23.21,23.55,23.1,23.47,11154
2026-01-22,23.51,23.63,23.1,23.5,14685
2026-01-23,23.52,24.68,23.52,24.68,46627
2026-01-26,25.05,25.05,23.5,23.58,32372
2026-01-27,23.96,24.37,23.17,23.35,28531
2026-01-28,23.19,23.2,22.18,22.18,41684
2026-01-29,22.22,22.4,21.73,22.06,16765
2026-01-30,21.77,21.97,21.08,21.51,23745
2026-02-02,21.59,22.05,21.13,21.13,15984
2026-02-03,21.3,22.19,21.16,22.19,16703
2026-02-04,22.28,23.26,22.01,22.2,25050
2026-02-05,22.2,22.88,21.93,22.08,16163
2026-02-06,22.09,23.1,22.0,22.88,18671
2026-02-09,23.29,23.66,22.78,23.22,17446
2026-02-10,23.0,23.38,22.61,23.03,15695
2026-02-11,23.2,23.89,22.93,23.58,17899
2026-02-12,23.5,23.85,22.64,23.05,26213
2026-02-13,22.96,24.2,22.74,23.76,29102
2026-02-24,23.77,24.38,23.33,23.5,22102
2026-02-25,23.56,23.96,23.46,23.66,10936
2026-02-26,23.62,24.43,23.43,24.26,27020
2026-02-27,24.0,25.47,24.0,25.46,30337
2026-03-02,25.01,25.38,24.19,24.21,35782
2026-03-03,23.01,23.97,23.0,23.0,27317
2026-03-04,21.9,22.25,21.85,21.85,25026
2026-03-05,21.93,22.27,21.34,21.63,28085
2026-03-06,21.97,22.23,21.7,21.71,32476
2026-03-09,21.15,21.55,20.62,21.4,24501
2026-03-10,21.5,22.0,21.46,21.88,11864
2026-03-11,22.24,22.24,21.6,21.71,11244
2026-03-12,21.56,21.88,21.3,21.47,7851
2026-03-13,21.47,21.6,21.0,21.2,8915
2026-03-16,21.0,21.25,20.85,21.25,8763
2026-03-17,21.25,21.69,20.98,21.13,10482
2026-03-18,21.01,21.9,20.82,21.63,14911
2026-03-19,21.08,21.5,20.89,21.01,11883
2026-03-20,21.01,21.2,20.23,20.36,11254
2026-03-23,20.0,20.0,19.34,19.34,16692
2026-03-24,19.5,20.0,19.07,19.84,14541
2026-03-25,20.34,20.83,20.08,20.83,14388
2026-03-26,21.5,21.87,21.11,21.76,30378
2026-03-27,21.48,21.76,21.3,21.6,16627
2026-03-30,21.54,22.1,21.25,21.6,11939
2026-03-31,21.94,22.0,21.26,21.61,10990
2026-04-01,21.57,21.85,21.3,21.35,13375
2026-04-02,21.26,21.56,21.0,21.08,8704
2026-04-03,21.08,22.13,21.0,21.66,14397
2026-04-07,21.39,21.69,21.02,21.4,8322
2026-04-08,21.5,22.47,21.5,22.22,18200
2026-04-09,22.17,22.39,21.8,22.24,10789
2026-04-10,22.18,22.3,22.04,22.1,7179
2026-04-13,21.7,22.25,21.7,22.05,9706
2026-04-14,22.4,22.57,21.87,22.28,14579
2026-04-15,22.23,22.54,21.88,21.93,14409
2026-04-16,21.92,22.69,21.6,21.96,25086
2026-04-17,22.05,22.2,21.85,21.88,13771
2026-04-20,21.98,22.97,21.83,22.97,39240
2026-04-21,22.97,23.75,22.68,23.1,35740
2026-04-22,23.01,23.66,22.86,23.08,22625
2026-04-23,23.09,23.4,22.89,23.05,17337
2026-04-24,23.07,23.9,22.8,23.88,22263
2026-04-27,24.06,25.07,24.06,25.07,19305
2026-04-28,26.3,26.32,24.66,26.0,60162
2026-04-29,26.02,27.08,24.73,25.96,55272
