Date,Open,High,Low,Close,Volume
2015-08-11,37.99,38.0,37.1,37.41,160263
2015-08-12,36.9,37.82,36.06,36.15,108997
2015-08-13,36.01,37.01,35.63,37.01,91909
2015-08-14,37.5,37.87,36.81,36.91,123673
2015-08-17,36.8,36.8,35.5,36.21,95641
2015-08-18,36.2,37.25,32.59,32.59,149418
2015-08-19,31.24,33.89,29.5,33.42,114877
2015-08-20,33.0,35.15,32.02,32.99,104685
2015-08-21,32.5,33.99,30.66,31.0,93233
2015-08-24,29.6,29.6,27.9,27.9,58194
2015-08-25,25.11,25.87,25.11,25.11,59844
2015-08-26,24.8,25.63,22.6,22.6,119637
2015-08-27,22.96,23.7,20.85,23.05,98475
2015-08-28,24.2,25.36,23.71,25.36,47502
2015-08-31,27.9,27.9,26.05,26.1,234411
2015-09-01,24.59,24.83,23.49,23.49,140697
2015-09-02,21.18,24.5,21.16,23.91,143648
2015-09-07,24.03,25.5,24.03,24.85,121063
2015-09-08,24.05,26.17,22.37,26.06,118290
2015-09-09,26.32,28.3,25.81,27.8,174551
2015-09-10,26.8,27.38,26.0,26.22,103273
2015-09-11,26.12,28.0,26.1,27.55,141394
2015-09-14,28.09,28.09,24.8,24.8,128177
2015-09-15,23.9,24.81,22.51,22.8,80496
2015-09-16,23.15,25.08,23.15,25.08,97307
2015-09-17,25.58,27.08,25.08,25.29,149076
2015-09-18,25.72,26.51,25.06,26.48,102882
2015-09-21,25.81,28.0,25.6,27.86,147537
2015-09-22,27.9,28.05,26.75,27.13,131904
2015-09-23,26.7,28.55,26.35,27.7,143937
2015-09-24,28.2,28.92,27.45,28.55,158728
2015-09-25,28.38,28.38,25.76,25.95,127441
2015-09-28,25.96,27.3,25.0,27.17,90704
2015-09-29,26.35,26.7,25.41,25.81,81796
2015-09-30,25.9,26.18,25.4,25.97,56981
2015-10-08,27.0,28.49,26.92,28.49,135963
2015-10-09,28.46,28.92,27.96,28.44,118946
2015-10-12,28.52,31.28,28.52,30.77,183830
2015-10-13,30.02,32.0,30.01,31.65,188318
2015-10-14,31.5,31.97,30.52,31.7,139850
2015-10-15,31.59,33.5,31.06,33.25,176574
2015-10-16,33.5,36.48,32.82,36.2,252418
2015-10-19,36.15,36.15,33.9,34.4,222599
2015-10-20,34.1,36.02,33.82,35.33,179062
2015-10-21,35.49,35.5,31.8,31.8,224579
2015-10-22,31.5,33.4,31.48,32.98,138139
2015-10-23,33.28,33.96,32.61,33.61,143726
2015-10-26,33.64,34.97,33.45,34.18,153918
2015-10-27,33.7,34.6,31.66,34.38,152049
2015-10-28,34.71,36.37,34.01,34.07,214883
2015-10-29,34.18,34.98,32.76,33.81,128630
2015-10-30,33.49,34.78,32.51,33.81,119053
2015-11-02,33.0,34.78,32.6,33.28,113734
2015-11-03,33.48,33.78,32.56,32.77,78138
2015-11-04,32.98,35.01,32.95,35.0,182975
2015-11-05,35.12,36.28,34.01,34.55,181630
2015-11-06,34.4,38.01,34.4,38.01,288476
2015-11-09,38.44,40.66,37.03,39.32,330865
2015-11-10,38.45,39.9,38.3,38.73,196255
2015-11-11,38.5,41.0,38.01,40.0,200735
2015-11-12,40.5,40.5,38.2,38.58,203717
2015-11-13,37.8,38.0,36.1,36.58,170185
2015-11-16,35.6,37.81,35.41,37.74,117195
2015-11-17,38.29,38.93,36.5,36.65,185081
2015-11-18,36.42,37.42,36.01,36.13,92098
2015-11-19,36.29,37.47,36.26,37.4,103060
2015-11-20,37.2,37.87,36.8,37.59,140759
2015-11-23,37.52,38.15,36.8,37.06,131103
2015-11-24,36.9,37.96,36.15,37.78,117428
2015-11-25,37.52,41.0,37.35,40.0,270012
2015-11-26,40.12,40.2,38.3,38.38,184508
2015-11-27,38.0,38.18,34.6,35.31,160163
2015-11-30,35.05,35.66,32.51,34.72,134040
2015-12-01,34.72,35.25,34.16,34.55,82461
2015-12-02,34.56,34.7,32.58,34.19,88010
2015-12-03,34.2,35.22,34.2,35.15,98358
2015-12-04,35.1,35.31,34.3,34.58,92812
2015-12-07,34.54,35.86,34.54,35.5,99538
2015-12-08,35.22,35.29,34.1,34.5,88286
2015-12-09,34.24,36.19,34.13,35.7,129161
2015-12-10,35.39,38.36,35.3,37.45,228112
2015-12-11,37.0,37.43,36.16,36.39,133680
2015-12-14,35.78,37.48,35.52,37.24,108343
2015-12-15,37.5,38.47,36.9,38.4,153614
2015-12-16,38.59,38.59,37.5,37.52,128085
2015-12-17,37.58,38.3,37.57,38.05,131047
2015-12-18,37.98,38.48,36.7,36.81,134274
2015-12-21,36.51,36.97,35.9,36.42,104717
2015-12-22,36.56,37.37,36.0,37.05,100893
2015-12-23,36.94,36.94,36.0,36.24,86769
2015-12-24,36.1,36.45,35.49,36.32,60282
2015-12-25,36.34,36.96,36.0,36.33,60630
2015-12-28,36.39,37.49,36.39,36.45,123210
2015-12-29,36.46,38.2,35.49,38.09,158264
2015-12-30,37.9,38.42,37.5,38.29,138826
2015-12-31,38.35,39.18,36.99,37.0,119630
2016-01-04,36.77,36.77,33.3,33.3,112231
2016-01-05,30.1,32.68,30.0,31.19,119671
2016-01-06,31.85,31.99,30.75,31.79,76108
2016-01-07,31.29,31.29,28.61,28.61,24620
2016-01-08,29.0,29.9,26.2,28.6,80730
2016-01-11,28.0,28.2,25.74,25.74,79002
2016-01-12,25.75,26.68,24.5,26.24,73677
2016-01-13,26.48,26.66,24.2,24.42,62565
2016-01-14,23.4,26.15,23.2,26.01,75195
2016-01-15,25.8,26.08,24.3,24.62,64845
2016-01-18,24.1,25.95,23.5,25.56,63630
2016-01-19,25.6,26.77,25.25,26.59,73624
2016-01-20,26.39,26.77,25.79,26.36,64939
2016-01-21,25.8,27.6,25.6,26.18,93035
2016-01-22,26.45,26.69,25.62,26.45,57034
2016-01-25,26.95,26.98,26.2,26.55,42865
2016-01-26,26.42,26.42,23.9,23.9,60371
2016-01-27,24.0,24.3,22.2,23.53,60119
2016-01-28,23.15,23.98,22.6,22.68,49570
2016-01-29,22.71,24.86,22.61,24.4,62202
2016-02-01,24.63,24.79,23.6,24.18,46979
2016-02-02,24.1,25.6,24.1,25.3,56618
2016-02-03,24.76,25.55,24.51,25.31,46319
2016-02-04,25.6,26.12,25.3,25.61,47882
2016-02-05,25.7,25.98,25.25,25.34,35152
2016-02-15,24.59,25.25,24.02,24.96,35885
2016-02-16,25.23,26.5,25.23,26.29,58136
2016-02-17,26.4,26.54,25.73,26.49,69795
2016-02-18,26.74,27.47,26.42,26.69,80427
2016-02-19,26.52,27.1,26.25,26.87,58456
2016-02-22,27.22,27.38,26.7,27.15,60043
2016-02-23,27.2,27.25,26.28,26.62,57333
2016-02-24,26.58,26.96,25.92,26.56,51382
2016-02-25,26.45,26.5,23.9,23.9,71163
2016-02-26,24.05,24.66,23.81,24.2,59656
2016-02-29,24.3,24.5,22.77,23.55,64543
2016-03-01,23.57,24.88,23.01,24.8,58163
2016-03-02,24.5,27.2,24.38,26.9,114973
2016-03-03,26.88,27.52,26.62,26.73,119354
2016-03-04,26.19,26.39,24.26,24.58,232176
2016-03-07,24.2,25.44,24.06,24.71,138139
2016-03-08,24.5,24.5,22.5,23.82,138895
2016-03-09,23.4,23.5,22.75,23.33,81253
2016-03-10,23.34,23.69,23.0,23.05,59059
2016-03-11,22.65,23.47,22.55,23.15,49121
2016-03-14,23.6,24.58,23.21,24.01,110921
2016-03-15,23.86,23.98,23.32,23.36,68037
2016-03-16,23.59,23.83,23.0,23.1,55924
2016-03-17,23.26,24.49,23.12,24.32,129108
2016-03-18,24.43,25.77,24.18,25.38,167040
2016-03-21,25.8,26.29,25.26,26.28,227156
2016-03-22,26.02,26.1,25.62,25.79,136409
2016-03-23,25.55,28.37,25.5,28.37,279523
2016-03-24,29.0,30.3,28.84,29.21,622545
2016-03-25,29.0,29.1,27.4,27.9,381399
2016-03-28,27.9,28.1,27.15,27.32,320176
2016-03-29,27.32,27.45,25.81,26.21,232695
2016-03-30,26.68,27.49,26.24,27.41,286248
2016-03-31,27.62,27.63,26.8,26.91,258528
2016-04-01,26.58,26.84,26.0,26.71,196800
2016-04-05,26.7,27.75,26.52,27.47,268306
2016-04-06,26.9,27.18,26.5,26.93,274536
2016-04-07,27.1,27.15,26.18,26.2,192496
2016-04-08,25.92,25.97,25.21,25.62,173572
2016-04-11,25.91,26.59,25.91,26.37,152159
2016-04-12,26.21,26.52,25.66,26.26,133384
2016-04-13,26.45,27.17,26.3,26.69,273547
2016-04-14,27.0,27.08,26.41,26.8,199927
2016-04-15,26.69,26.75,26.24,26.37,158468
2016-04-18,26.0,26.0,25.61,25.77,121328
2016-04-19,26.08,26.43,25.65,26.35,133040
2016-04-20,26.5,26.6,23.78,24.18,228870
2016-04-21,24.2,24.37,23.61,23.69,125022
2016-04-22,23.8,24.79,23.8,24.73,154877
2016-04-25,25.09,25.3,24.22,24.48,127520
2016-04-26,24.36,24.7,24.21,24.68,88516
2016-04-27,24.63,24.75,24.03,24.2,98305
2016-04-28,24.24,24.5,23.6,24.19,102023
2016-04-29,23.91,24.19,23.8,23.99,63502
2016-05-03,24.03,25.1,24.02,25.07,142051
2016-05-04,24.8,25.06,24.67,24.97,126349
2016-05-05,24.91,25.06,24.73,24.97,104154
2016-05-06,24.97,25.36,23.75,23.84,178450
2016-05-09,23.6,23.6,22.63,22.85,116702
2016-05-10,22.8,23.09,22.72,22.95,67493
2016-05-11,23.11,23.18,22.71,22.73,67084
2016-05-12,22.45,22.64,22.01,22.6,76398
2016-05-13,22.46,22.89,22.31,22.48,57763
2016-05-16,22.44,22.89,22.26,22.85,67507
2016-05-17,22.91,23.47,22.4,23.06,104322
2016-05-18,22.8,22.8,22.01,22.2,89376
2016-05-19,22.24,23.14,22.24,22.57,104075
2016-05-20,22.39,22.99,22.22,22.98,86321
2016-05-23,22.97,23.32,22.92,23.08,106947
2016-05-24,22.95,23.03,22.41,22.55,75284
2016-05-25,23.09,24.81,23.08,24.25,398547
2016-05-26,23.69,24.07,22.86,23.99,277501
2016-05-27,23.85,23.93,23.45,23.67,133238
2016-05-30,23.51,24.89,23.32,24.11,182030
2016-05-31,24.4,25.97,24.08,25.94,390616
2016-06-01,13.02,13.25,12.62,12.88,801023
2016-06-02,12.7,12.95,12.66,12.9,462770
2016-06-03,12.86,13.25,12.63,12.9,638857
2016-06-06,12.92,13.25,12.74,12.99,455769
2016-06-07,12.85,12.88,12.56,12.66,476523
2016-06-08,12.6,12.82,12.51,12.69,336489
2016-06-13,12.4,12.42,11.56,11.57,404172
2016-06-14,11.5,11.69,11.24,11.48,238678
2016-06-15,11.25,11.96,11.2,11.81,298875
2016-06-16,11.79,11.79,11.48,11.56,255909
2016-06-17,11.68,11.94,11.6,11.7,236837
2016-06-20,11.7,11.88,11.45,11.8,190592
2016-06-21,11.93,11.96,11.51,11.56,215691
2016-06-22,11.5,11.83,11.49,11.81,202824
2016-06-23,11.75,12.19,11.75,11.99,315833
2016-06-24,12.01,12.08,11.21,11.67,327800
2016-06-27,11.58,12.29,11.56,12.18,380117
2016-06-28,12.1,12.51,12.03,12.39,449505
2016-06-29,12.41,12.43,12.18,12.31,289846
2016-06-30,12.35,12.45,12.16,12.29,230596
2016-07-01,12.28,12.4,12.13,12.17,192096
2016-07-04,12.03,12.44,12.02,12.4,270007
2016-07-05,12.41,12.47,12.21,12.36,259889
2016-07-06,12.31,12.36,12.21,12.28,184447
2016-07-07,12.28,12.28,11.98,12.16,262711
2016-07-08,12.17,12.27,12.04,12.19,178026
2016-07-11,12.19,12.39,12.11,12.12,256139
2016-07-12,12.12,12.39,11.9,12.36,293854
2016-07-13,12.41,12.68,12.28,12.6,464595
2016-07-14,12.5,12.57,12.36,12.49,287731
2016-07-15,12.52,12.53,12.25,12.29,217661
2016-07-18,12.28,12.28,12.06,12.13,206920
2016-07-19,12.16,12.29,12.08,12.29,203461
2016-07-20,12.28,12.35,12.15,12.29,219612
2016-07-21,12.28,12.45,12.16,12.34,295996
2016-07-22,12.28,12.96,12.2,12.72,660040
2016-07-25,12.7,13.11,12.59,12.95,573409
2016-07-26,12.94,13.23,12.77,13.0,494897
2016-07-27,12.8,13.0,12.01,12.32,561660
2016-07-28,12.29,12.34,11.73,11.94,386352
2016-07-29,11.97,12.05,11.62,11.78,206368
2016-08-01,11.73,11.82,11.38,11.6,160462
2016-08-02,11.63,11.76,11.57,11.75,123838
2016-08-03,11.69,11.77,11.62,11.67,146346
2016-08-04,11.64,11.88,11.63,11.81,141028
2016-08-05,11.81,11.9,11.6,11.6,150460
2016-08-08,11.53,11.72,11.4,11.71,127895
2016-08-09,11.71,11.83,11.64,11.8,157087
2016-08-10,11.82,11.84,11.67,11.69,138651
2016-08-11,11.63,11.69,11.47,11.48,141032
2016-08-12,11.45,11.68,11.42,11.66,126175
2016-08-15,11.67,12.22,11.62,12.1,343814
2016-08-16,12.12,12.14,11.97,12.02,205938
2016-08-17,12.02,12.08,11.89,12.03,169649
2016-08-18,12.05,12.11,11.92,12.0,173439
2016-08-19,12.0,12.02,11.9,11.93,135024
2016-08-22,11.93,11.98,11.7,11.72,124748
2016-08-23,11.72,11.78,11.66,11.75,106798
2016-08-24,11.78,12.05,11.77,11.85,178870
2016-08-25,11.75,11.76,11.57,11.7,142661
2016-08-26,11.74,11.89,11.7,11.75,122141
2016-08-29,11.73,11.84,11.65,11.73,100262
2016-08-30,11.79,11.83,11.7,11.75,142766
2016-08-31,11.76,11.76,11.53,11.63,179009
2016-09-01,11.63,11.86,11.61,11.7,260770
2016-09-02,11.72,11.72,11.55,11.6,162937
2016-09-05,11.66,11.82,11.62,11.63,159680
2016-09-06,11.63,11.85,11.53,11.83,199001
2016-09-07,11.82,11.94,11.75,11.8,203105
2016-09-08,11.82,11.9,11.77,11.84,140141
2016-09-09,11.81,11.84,11.66,11.68,120962
2016-09-12,11.5,11.57,11.41,11.41,166078
2016-09-13,11.49,11.49,11.38,11.43,87728
2016-09-14,11.47,11.54,11.38,11.42,79242
2016-09-19,11.43,11.55,11.43,11.5,66246
2016-09-20,11.53,11.53,11.42,11.46,60174
2016-09-21,11.49,11.53,11.46,11.49,55963
2016-09-22,11.54,11.63,11.52,11.53,87684
2016-09-23,11.54,11.63,11.5,11.52,75108
2016-09-26,11.48,11.49,11.16,11.17,114351
2016-09-27,11.19,11.35,11.19,11.34,68632
2016-09-28,11.34,11.35,11.21,11.24,56635
2016-09-29,11.24,11.32,11.24,11.25,58029
2016-09-30,11.27,11.38,11.22,11.34,62173
2016-10-10,11.45,11.75,11.43,11.69,172496
2016-10-11,11.68,11.72,11.58,11.64,117705
2016-10-12,11.64,11.7,11.56,11.62,96458
2016-10-13,11.63,11.76,11.56,11.68,142544
2016-10-14,11.63,11.65,11.51,11.57,90118
2016-10-17,11.59,11.67,11.48,11.51,119435
2016-10-18,11.48,11.63,11.47,11.63,97909
2016-10-19,11.64,11.68,11.56,11.59,82821
2016-10-20,11.6,11.99,11.56,11.75,240907
2016-10-21,11.7,11.78,11.48,11.59,159848
2016-10-24,11.56,11.69,11.52,11.65,112622
2016-10-25,11.62,11.79,11.61,11.7,142579
2016-10-26,11.7,11.7,11.57,11.61,105439
2016-10-27,11.61,11.67,11.57,11.62,89933
2016-10-28,11.62,11.9,11.6,11.84,318174
2016-10-31,11.79,11.95,11.74,11.93,219246
2016-11-01,11.87,11.92,11.75,11.88,172141
2016-11-02,11.84,12.39,11.81,12.0,448181
2016-11-03,11.89,12.1,11.83,12.06,255687
2016-11-04,12.05,12.24,11.88,11.91,240954
2016-11-07,11.84,11.92,11.76,11.88,134492
2016-11-08,11.93,12.16,11.91,12.0,191812
2016-11-09,11.96,12.13,11.75,11.88,202620
2016-11-10,12.0,12.1,11.91,12.0,148657
2016-11-11,11.98,12.04,11.82,11.95,197937
2016-11-14,11.98,12.08,11.93,12.05,269706
2016-11-15,12.06,12.34,11.95,12.32,350486
2016-11-16,12.45,13.17,12.45,12.7,747326
2016-11-17,12.5,12.8,12.42,12.57,321125
2016-11-18,12.58,12.88,12.51,12.59,303145
2016-11-21,12.67,12.95,12.61,12.84,332453
2016-11-22,12.9,12.94,12.5,12.62,324882
2016-11-23,12.65,12.82,12.46,12.51,263369
2016-11-24,12.3,12.4,11.92,11.99,501478
2016-11-25,11.9,12.12,11.68,12.12,265150
2016-11-28,12.13,12.18,11.96,11.99,186306
2016-11-29,11.99,12.03,11.83,11.83,158181
2016-11-30,11.89,12.32,11.81,12.17,348604
2016-12-01,12.18,12.34,12.08,12.16,225811
2016-12-02,12.11,12.16,11.86,11.91,175559
2016-12-05,11.8,12.24,11.78,12.03,222211
2016-12-06,12.0,12.24,11.99,12.18,179801
2016-12-07,12.24,12.3,12.1,12.29,167276
2016-12-08,12.31,12.45,12.18,12.21,178099
2016-12-09,12.2,12.26,12.08,12.21,150756
2016-12-12,12.2,12.2,11.33,11.38,272126
2016-12-13,11.36,11.54,11.28,11.45,133962
2016-12-14,11.41,11.45,11.2,11.28,123514
2016-12-15,11.39,11.58,11.33,11.44,108380
2016-12-16,11.46,11.98,11.46,11.73,173111
2016-12-19,11.63,11.75,11.52,11.58,83784
2016-12-20,11.6,11.74,11.55,11.65,107766
2016-12-21,11.67,11.78,11.62,11.7,72273
2016-12-22,11.69,11.72,11.33,11.47,136653
2016-12-23,11.48,11.49,11.32,11.34,96880
2016-12-26,11.3,11.6,11.19,11.59,128058
2016-12-27,11.57,11.59,11.47,11.51,59141
2016-12-28,11.55,11.67,11.43,11.47,86643
2016-12-29,11.5,11.52,11.36,11.37,95012
2016-12-30,11.33,11.43,11.23,11.32,115826
2017-01-03,11.36,11.41,11.28,11.34,101229
2017-01-04,11.35,11.58,11.25,11.5,113341
2017-01-05,11.46,12.06,11.44,11.66,223333
2017-01-06,11.6,11.6,11.39,11.42,148923
2017-01-09,11.43,11.44,11.32,11.43,92030
2017-01-10,11.42,11.46,11.33,11.34,114451
2017-01-11,11.32,11.4,11.26,11.29,135328
2017-01-12,11.32,11.32,10.84,10.84,215905
2017-01-13,10.71,10.75,10.11,10.2,310371
2017-01-16,10.19,10.19,9.32,9.69,205125
2017-01-17,9.68,10.03,9.51,9.99,152056
2017-01-18,9.85,9.92,9.8,9.82,76924
2017-01-19,9.83,9.87,9.71,9.73,81185
2017-01-20,9.73,10.07,9.68,10.01,154542
2017-01-23,10.08,10.1,9.96,10.01,111480
2017-01-24,9.98,10.0,9.75,9.76,110879
2017-01-25,9.7,9.83,9.65,9.76,70942
2017-01-26,9.78,9.9,9.76,9.88,71378
2017-02-03,9.86,9.98,9.8,9.93,70633
2017-02-06,9.93,10.18,9.91,10.07,126812
2017-02-07,10.03,10.1,9.95,10.0,99349
2017-02-08,10.0,10.09,9.96,10.08,103830
2017-02-09,10.1,10.14,10.03,10.1,137844
2017-02-10,10.1,10.13,9.99,10.0,143481
2017-02-13,9.98,10.09,9.96,10.05,148098
2017-02-14,10.06,10.08,9.98,10.01,137714
2017-02-15,10.0,10.03,9.75,9.81,207750
2017-02-16,9.75,9.87,9.75,9.85,90677
2017-02-17,9.9,10.77,9.9,10.24,420766
2017-02-20,10.11,10.27,10.08,10.23,194160
2017-02-21,10.25,10.45,10.13,10.38,239333
2017-02-22,10.63,10.88,10.62,10.68,456934
2017-02-23,10.71,10.82,10.53,10.79,301479
2017-02-24,10.75,11.38,10.71,11.2,475029
2017-02-27,11.18,11.5,10.89,10.9,447884
2017-02-28,10.97,11.99,10.97,11.68,796870
2017-03-01,11.55,11.81,11.36,11.66,491999
2017-03-02,11.6,11.65,11.37,11.4,237887
2017-03-03,11.34,11.56,11.13,11.46,199834
2017-03-06,11.4,11.89,11.35,11.68,269313
2017-03-07,11.61,11.76,11.51,11.68,209873
2017-03-08,11.75,12.04,11.52,11.54,222143
2017-03-09,11.5,11.52,11.22,11.3,200018
2017-03-10,12.0,12.2,11.69,11.9,834618
2017-03-13,12.07,12.96,11.86,12.82,838539
2017-03-14,12.75,12.86,12.46,12.59,554676
2017-03-15,12.6,12.74,12.21,12.34,427712
2017-03-16,12.4,13.11,12.4,12.7,572376
2017-03-17,12.61,12.84,12.41,12.47,317542
2017-03-20,12.53,12.75,12.26,12.48,279984
2017-03-21,12.43,12.64,12.33,12.62,261174
2017-03-22,12.48,12.53,12.12,12.27,280349
2017-03-23,12.38,12.4,12.07,12.14,285839
2017-03-24,12.18,12.23,11.92,12.15,302962
2017-03-27,12.05,12.46,12.03,12.23,215173
2017-03-28,12.16,12.38,12.14,12.23,136411
2017-03-29,12.3,12.51,12.21,12.21,223874
2017-03-30,12.11,12.12,11.43,11.52,481289
2017-03-31,11.57,11.68,11.41,11.58,215716
2017-04-05,11.58,11.81,11.39,11.69,223507
2017-04-06,11.64,12.05,11.64,11.77,276123
2017-04-07,11.7,11.75,11.48,11.67,247385
2017-04-10,11.68,11.69,11.3,11.31,228138
2017-04-11,11.09,11.09,10.2,10.7,783769
2017-04-12,10.5,10.8,10.41,10.54,220296
2017-04-13,10.64,10.84,10.64,10.74,210104
2017-04-14,10.68,11.05,10.68,10.84,217518
2017-04-17,10.87,10.88,10.5,10.65,144189
2017-04-18,6.25,6.34,6.13,6.25,233245
2017-04-19,6.18,6.33,6.03,6.3,298710
2017-04-20,6.29,6.59,6.19,6.47,455853
2017-04-21,6.47,6.5,6.35,6.35,252446
2017-04-24,6.5,6.53,6.22,6.26,405389
2017-04-25,6.28,6.45,6.18,6.23,324924
2017-04-26,6.17,6.17,5.83,5.87,673439
2017-04-27,5.79,5.87,5.54,5.81,638793
2017-04-28,5.82,5.93,5.75,5.9,396935
2017-05-02,5.9,6.01,5.82,5.92,317954
2017-05-03,5.89,6.04,5.87,5.97,321817
2017-05-04,5.97,6.05,5.86,5.96,305390
2017-05-05,5.95,5.97,5.77,5.78,296955
2017-05-08,5.75,5.96,5.73,5.86,348718
2017-05-09,5.84,6.06,5.8,6.0,360441
2017-05-10,6.01,6.36,6.0,6.19,719482
2017-05-11,6.07,6.24,5.98,6.19,454870
2017-05-12,6.15,6.26,6.1,6.15,275483
2017-05-15,6.36,6.5,6.15,6.16,461380
2017-05-16,6.06,6.21,5.9,6.2,488773
2017-05-17,6.17,6.35,6.12,6.16,438695
2017-05-18,6.08,6.14,6.03,6.06,237656
2017-05-19,6.06,6.14,5.98,6.07,257023
2017-05-22,6.06,6.07,5.87,5.88,268469
2017-05-23,5.87,5.95,5.7,5.72,230443
2017-05-24,5.7,5.85,5.64,5.81,221860
2017-05-25,5.82,5.91,5.71,5.88,283982
2017-05-26,5.88,5.9,5.83,5.85,177474
2017-05-31,5.94,6.09,5.9,5.99,437877
2017-06-01,5.96,6.05,5.84,5.9,247163
2017-06-02,5.83,6.11,5.77,6.07,395481
2017-06-05,6.08,6.24,6.03,6.2,487843
2017-06-06,6.16,6.22,6.11,6.17,223082
2017-06-07,6.18,6.35,6.15,6.27,463635
2017-06-08,6.25,6.27,6.14,6.17,277574
2017-06-09,6.15,6.22,6.09,6.18,258445
2017-06-12,6.15,6.15,6.0,6.02,291791
2017-06-13,6.0,6.19,5.99,6.15,263344
2017-06-14,6.13,6.16,6.06,6.1,198218
2017-06-15,6.07,6.48,6.07,6.38,729833
2017-06-16,6.34,6.38,6.25,6.29,363510
2017-06-19,6.26,6.33,6.24,6.31,246557
2017-06-20,6.33,6.54,6.32,6.38,605843
2017-06-21,6.49,6.61,6.4,6.47,577338
2017-06-22,6.48,6.85,6.37,6.57,1067877
2017-06-23,6.54,7.03,6.51,6.97,1274399
2017-06-26,6.95,7.15,6.86,7.08,1326441
2017-06-27,7.01,7.18,6.95,7.14,1062210
2017-06-28,7.08,7.18,6.91,6.94,983025
2017-06-29,6.95,7.28,6.86,7.25,1151324
2017-06-30,7.17,7.23,7.1,7.15,667036
2017-07-03,6.97,7.05,6.82,6.88,1146401
2017-07-04,6.88,7.01,6.8,6.91,655402
2017-07-05,6.87,6.99,6.81,6.98,633945
2017-07-06,6.93,7.13,6.9,7.01,730866
2017-07-07,6.95,6.99,6.81,6.86,608565
2017-07-10,6.9,6.95,6.81,6.88,408888
2017-07-11,6.86,6.94,6.82,6.86,390643
2017-07-12,6.83,6.93,6.57,6.73,530921
2017-07-13,6.68,6.71,6.6,6.67,349714
2017-07-14,6.65,6.85,6.63,6.72,414625
2017-07-17,6.65,6.67,6.17,6.22,675738
2017-07-18,6.2,6.32,6.05,6.25,460425
2017-07-19,6.18,6.34,6.15,6.3,414474
2017-07-20,6.28,6.47,6.22,6.3,454287
2017-07-21,6.3,6.4,6.23,6.28,328544
2017-07-24,6.4,6.57,6.4,6.48,573086
2017-07-25,6.44,6.56,6.42,6.5,328695
2017-07-26,6.49,6.53,6.41,6.45,280741
2017-07-27,6.44,7.1,6.38,7.1,1660560
2017-07-28,7.19,7.56,7.1,7.4,2286646
2017-07-31,7.32,8.14,7.29,7.85,2283971
2017-08-01,7.8,8.09,7.68,7.76,1717085
2017-08-02,7.78,7.83,7.48,7.74,1802137
2017-08-03,7.65,7.88,7.51,7.55,1527537
2017-08-04,7.49,7.82,7.39,7.75,1574807
2017-08-07,7.7,7.88,7.6,7.68,1024245
2017-08-08,7.61,8.36,7.51,8.25,2124059
2017-08-09,8.12,8.27,7.94,7.99,1483885
2017-08-10,7.97,8.16,7.7,7.83,1216966
2017-08-11,7.7,7.95,7.56,7.63,1069612
2017-08-14,7.6,8.07,7.6,7.99,1234330
2017-08-15,8.01,8.08,7.83,7.94,860208
2017-08-16,7.92,8.47,7.86,8.25,1825663
2017-08-17,8.17,8.99,8.13,8.76,2212068
2017-08-18,8.6,8.76,8.45,8.48,1404527
2017-08-21,8.5,8.62,8.4,8.55,1042857
2017-08-22,8.55,8.55,8.3,8.45,924480
2017-08-23,8.4,8.57,8.2,8.22,909453
2017-08-24,8.2,8.29,8.0,8.07,893540
2017-08-25,8.06,8.27,8.01,8.25,904306
2017-08-28,8.24,8.56,8.21,8.23,1332478
2017-08-29,8.23,8.23,8.05,8.09,904915
2017-08-30,8.06,8.25,8.02,8.08,804949
2017-08-31,8.08,8.17,8.02,8.11,661453
2017-09-01,8.09,8.28,7.85,8.24,1560508
2017-09-04,8.18,8.43,8.13,8.32,1255071
2017-09-05,8.33,8.37,8.06,8.08,908586
2017-09-06,8.02,8.04,7.88,7.92,939929
2017-09-07,7.81,8.03,7.73,7.74,1070829
2017-09-08,7.7,7.85,7.68,7.75,563285
2017-09-11,7.75,7.85,7.72,7.84,454966
2017-09-12,7.81,7.82,7.66,7.74,741037
2017-09-13,7.75,7.79,7.68,7.72,401187
2017-09-14,7.74,8.0,7.68,7.93,885328
2017-09-15,7.91,7.93,7.71,7.72,553347
2017-09-18,7.67,7.74,7.62,7.67,486369
2017-09-19,7.69,7.81,7.68,7.72,624971
2017-09-20,7.7,7.73,7.57,7.7,517442
2017-09-21,7.69,7.91,7.65,7.75,817276
2017-09-22,7.71,7.74,7.61,7.66,415620
2017-09-25,7.6,7.71,7.3,7.35,523707
2017-09-26,7.3,7.4,7.14,7.24,567416
2017-09-27,7.26,7.35,7.22,7.31,356543
2017-09-28,7.21,7.27,7.0,7.11,757859
2017-09-29,7.09,7.16,7.04,7.13,405719
2017-10-09,7.11,7.43,7.06,7.35,788477
2017-10-10,7.28,7.46,7.26,7.4,495291
2017-10-11,7.41,7.42,7.27,7.32,421580
2017-10-12,7.32,7.35,7.18,7.24,341425
2017-10-13,7.25,7.48,7.21,7.45,610564
2017-10-16,7.42,7.47,7.25,7.26,438876
2017-10-17,7.25,7.45,7.21,7.33,354266
2017-10-18,7.33,7.44,7.23,7.27,337136
2017-10-19,7.37,7.55,7.35,7.47,944513
2017-10-20,7.42,7.57,7.35,7.54,595438
2017-10-23,7.51,7.52,7.37,7.48,539564
2017-10-24,7.4,7.4,7.16,7.25,625888
2017-10-25,7.26,7.32,7.13,7.28,451588
2017-10-26,7.26,7.28,7.15,7.26,411832
2017-10-27,7.19,7.25,7.16,7.17,352263
2017-10-30,7.13,7.13,6.61,6.67,982157
2017-10-31,6.65,6.82,6.65,6.79,412670
2017-11-01,6.8,7.16,6.76,7.08,756850
2017-11-02,6.98,7.21,6.86,7.09,652719
2017-11-03,6.98,7.17,6.92,7.0,393246
2017-11-06,7.05,7.08,6.96,7.07,287910
2017-11-07,7.12,7.28,6.94,7.01,636437
2017-11-08,7.01,7.12,6.93,7.03,513686
2017-11-09,6.99,7.09,6.92,7.0,383606
2017-11-10,6.98,7.04,6.91,6.99,435491
2017-11-13,6.83,6.86,6.71,6.72,652574
2017-11-14,6.68,6.8,6.68,6.72,335175
2017-11-15,6.72,6.77,6.63,6.66,300392
2017-11-16,6.65,6.76,6.64,6.67,251877
2017-11-17,6.66,6.69,6.22,6.29,695291
2017-11-20,6.29,6.36,6.12,6.34,301851
2017-11-21,6.35,6.39,6.23,6.32,273077
2017-11-22,6.32,6.32,6.16,6.19,381152
2017-11-23,6.17,6.17,5.92,6.03,439771
2017-11-24,6.01,6.13,5.98,6.05,276160
2017-11-27,6.04,6.05,5.92,5.93,337981
2017-11-28,5.94,6.05,5.93,6.04,291016
2017-11-29,6.04,6.08,5.94,6.07,296259
2017-11-30,6.06,6.09,5.98,6.0,214361
2017-12-01,5.98,6.33,5.98,6.3,665086
2017-12-04,6.21,6.26,6.17,6.19,350159
2017-12-05,6.14,6.19,6.0,6.03,336889
2017-12-06,6.03,6.26,5.99,6.23,409383
2017-12-07,6.22,6.23,6.12,6.16,305483
2017-12-08,6.15,6.29,6.12,6.16,383059
2017-12-11,6.2,6.35,6.19,6.31,708824
2017-12-12,6.29,6.29,6.18,6.2,348217
2017-12-13,6.16,6.21,6.08,6.16,316996
2017-12-14,6.12,6.13,6.02,6.05,374910
2017-12-15,6.03,6.07,5.98,6.05,256677
2017-12-18,6.03,6.07,5.95,5.97,280711
2017-12-19,6.0,6.09,5.99,6.08,311047
2017-12-20,6.07,6.08,6.0,6.01,219630
2017-12-21,6.01,6.07,5.96,6.07,212444
2017-12-22,6.06,6.08,5.97,6.0,280276
2017-12-25,6.0,6.0,5.74,5.79,442890
2017-12-26,5.78,5.89,5.72,5.85,257211
2017-12-27,5.83,5.84,5.78,5.78,199638
2017-12-28,5.76,5.87,5.74,5.8,216722
2017-12-29,5.8,5.84,5.78,5.84,170956
2018-01-02,5.85,5.91,5.8,5.91,338758
2018-01-03,5.9,6.02,5.88,6.01,433688
2018-01-04,5.99,6.07,5.97,6.03,310388
2018-01-05,6.02,6.18,6.0,6.15,485016
2018-01-08,6.15,6.17,6.07,6.1,373327
2018-01-09,6.08,6.13,6.02,6.06,332297
2018-01-10,6.05,6.35,6.03,6.3,897198
2018-01-11,6.26,6.93,6.21,6.77,1655642
2018-01-12,6.75,6.75,6.47,6.48,851201
2018-01-15,6.37,6.38,6.13,6.21,709506
2018-01-16,6.13,6.25,6.12,6.21,411430
2018-01-17,6.15,6.17,5.96,6.12,492108
2018-01-18,6.1,6.21,6.06,6.12,259623
2018-01-19,6.13,6.18,6.07,6.11,287729
2018-01-22,6.08,6.34,5.99,6.28,593412
2018-01-23,6.22,6.32,6.19,6.22,319154
2018-01-24,6.22,6.48,6.12,6.43,725546
2018-01-25,6.4,6.53,6.33,6.33,552743
2018-01-26,6.3,6.55,6.28,6.39,500541
2018-01-29,6.38,6.53,6.3,6.34,378417
2018-01-30,6.31,6.43,6.29,6.32,262649
2018-01-31,6.29,6.31,6.02,6.06,434925
2018-02-01,6.04,6.14,5.85,5.9,411121
2018-02-02,5.85,6.04,5.81,5.97,309586
2018-02-05,5.88,5.96,5.83,5.9,284146
2018-02-06,5.8,5.88,5.4,5.41,541107
2018-02-07,5.53,5.6,5.31,5.46,470909
2018-02-08,5.46,5.62,5.44,5.57,329016
2018-02-09,5.44,5.55,5.31,5.39,421519
2018-02-12,5.47,5.57,5.41,5.53,332623
2018-02-13,5.53,5.58,5.46,5.47,293076
2018-02-14,5.49,5.51,5.41,5.45,150697
2018-02-22,5.51,5.61,5.48,5.61,269164
2018-02-23,5.59,5.59,5.52,5.58,202689
2018-02-26,5.61,5.78,5.56,5.74,446977
2018-02-27,5.72,5.95,5.69,5.86,599335
2018-02-28,5.8,6.1,5.72,6.05,740955
2018-03-01,5.97,6.26,5.9,6.22,892772
2018-03-02,6.14,6.21,6.04,6.05,631511
2018-03-05,6.07,6.1,5.94,6.05,538888
2018-03-06,6.07,6.11,6.0,6.09,536602
2018-03-07,6.05,6.08,5.95,5.96,377669
2018-03-08,5.96,6.04,5.94,5.98,293506
2018-03-09,5.98,6.4,5.95,6.23,915872
2018-03-12,6.25,6.38,6.21,6.33,829811
2018-03-13,6.27,6.33,6.17,6.21,653255
2018-03-14,6.14,6.18,5.97,6.01,910702
2018-03-15,5.95,6.01,5.85,5.92,497437
2018-03-16,5.93,6.03,5.91,5.93,374470
2018-03-19,5.94,6.04,5.87,5.96,355103
2018-03-20,5.87,5.88,5.71,5.85,482466
2018-03-21,5.79,5.89,5.73,5.74,414840
2018-03-22,5.73,5.82,5.73,5.75,324353
2018-03-23,5.59,5.59,5.19,5.29,690919
2018-03-26,5.15,5.39,5.1,5.38,359488
2018-03-27,5.44,5.66,5.42,5.59,513488
2018-03-28,5.47,5.59,5.44,5.53,334537
2018-03-29,5.59,5.73,5.54,5.62,394169
2018-03-30,5.66,5.74,5.58,5.73,372845
2018-04-02,5.75,5.87,5.68,5.76,536176
2018-04-03,5.83,6.05,5.78,5.85,796984
2018-04-04,5.89,5.92,5.67,5.71,418142
2018-04-09,5.67,5.72,5.54,5.62,329863
2018-04-10,5.67,5.67,5.55,5.63,288233
2018-04-11,5.64,5.92,5.64,5.84,625636
2018-04-12,5.85,6.04,5.85,5.92,715467
2018-04-13,5.98,6.1,5.94,5.98,674041
2018-04-16,6.05,6.54,6.03,6.36,2066156
2018-04-17,6.41,6.52,6.25,6.3,1456719
2018-04-18,6.3,6.49,6.06,6.49,1146573
2018-04-19,6.53,6.54,6.32,6.46,1192541
2018-04-20,6.56,6.88,6.48,6.51,1684824
2018-04-23,6.51,6.88,6.27,6.48,1340146
2018-04-24,6.48,7.13,6.48,7.13,2010881
2018-04-25,7.34,7.76,7.33,7.55,3031722
2018-04-26,7.55,7.66,7.18,7.27,1895174
2018-04-27,7.39,7.5,7.16,7.35,1402222
2018-05-02,7.3,7.33,6.86,7.05,1592789
2018-05-03,7.02,7.15,6.78,7.15,1334525
2018-05-04,7.06,7.06,6.7,6.78,1412862
2018-05-07,6.8,6.99,6.77,6.87,1099840
2018-05-08,6.9,6.95,6.78,6.9,778657
2018-05-09,6.94,7.13,6.78,6.8,1143469
2018-05-10,6.8,6.9,6.72,6.88,828252
2018-05-11,6.87,6.89,6.58,6.6,966900
2018-05-14,6.58,6.74,6.55,6.64,631658
2018-05-15,6.69,7.05,6.69,7.0,1467315
2018-05-16,6.96,7.05,6.85,6.95,893437
2018-05-17,6.95,7.28,6.92,7.07,1079528
2018-05-18,7.06,7.15,6.95,7.12,667697
2018-05-21,7.18,7.18,6.98,7.01,1039157
2018-05-22,6.97,6.97,6.68,6.82,1189157
2018-05-23,6.76,6.92,6.68,6.78,751621
2018-05-24,6.75,6.81,6.69,6.71,458426
2018-05-25,6.7,6.74,6.38,6.41,933005
2018-05-28,6.26,6.26,5.77,5.77,1681350
2018-05-29,5.75,6.0,5.63,5.88,840323
2018-05-30,5.78,5.96,5.73,5.77,635033
2018-05-31,5.86,5.95,5.78,5.94,562393
2018-06-01,5.89,6.08,5.87,5.96,518062
2018-06-06,5.92,5.92,5.78,5.83,494019
2018-06-07,5.86,5.89,5.76,5.77,347530
2018-06-08,5.75,5.75,5.53,5.58,572022
2018-06-11,5.6,5.69,5.55,5.62,306868
2018-06-12,5.65,5.66,5.48,5.65,319137
2018-06-13,5.66,5.66,5.5,5.51,319824
2018-06-14,5.46,5.59,5.43,5.48,303394
2018-06-15,5.49,5.54,5.32,5.42,407085
2018-06-19,5.3,5.4,4.93,5.05,617447
2018-06-20,5.06,5.36,5.05,5.28,595676
2018-06-21,4.06,4.1,3.88,3.92,556023
2018-06-22,3.87,4.0,3.84,3.96,409773
2018-06-25,4.0,4.02,3.9,3.91,379551
2018-06-26,3.85,4.14,3.81,4.1,805732
2018-06-27,4.06,4.1,4.01,4.05,462966
2018-06-28,4.04,4.12,4.0,4.03,402634
2018-06-29,4.05,4.28,4.03,4.28,1040006
2018-07-02,4.28,4.28,4.12,4.19,693980
2018-07-03,4.17,4.42,4.15,4.34,791391
2018-07-04,4.29,4.31,4.19,4.23,540157
2018-07-05,4.23,4.25,4.06,4.06,463563
2018-07-06,4.08,4.19,3.98,4.08,679629
2018-07-09,4.09,4.2,4.08,4.2,691562
2018-07-10,4.19,4.19,4.12,4.15,500692
2018-07-11,4.06,4.08,3.91,3.99,797239
2018-07-12,3.99,4.25,3.98,4.19,942319
2018-07-13,4.19,4.21,4.15,4.19,439958
2018-07-16,4.18,4.25,4.16,4.22,503650
2018-07-17,4.21,4.21,4.08,4.18,554923
2018-07-18,4.19,4.21,4.12,4.13,444538
2018-07-19,4.12,4.15,4.04,4.06,367331
2018-07-20,4.12,4.47,4.09,4.47,2227000
2018-07-23,4.58,4.58,4.43,4.51,2103070
2018-07-24,4.5,4.55,4.41,4.53,1588821
2018-07-25,4.51,4.78,4.49,4.61,1994487
2018-07-26,4.56,4.6,4.49,4.55,964309
2018-07-27,4.52,4.54,4.42,4.44,691651
2018-07-30,4.44,4.5,4.41,4.48,584028
2018-07-31,4.46,4.58,4.45,4.49,834819
2018-08-01,4.49,4.52,4.33,4.33,895324
2018-08-02,4.31,4.34,4.06,4.19,847096
2018-08-03,4.21,4.21,4.1,4.11,494514
2018-08-06,4.11,4.16,4.05,4.09,496076
2018-08-07,4.11,4.27,4.09,4.25,837350
2018-08-08,4.21,4.24,4.1,4.13,693413
2018-08-09,4.12,4.45,4.09,4.34,1439835
2018-08-10,4.32,4.37,4.27,4.36,853686
2018-08-13,4.28,4.45,4.26,4.42,1016860
2018-08-14,4.39,4.41,4.33,4.37,642721
2018-08-15,4.36,4.38,4.21,4.22,653570
2018-08-16,4.15,4.34,4.11,4.28,785846
2018-08-17,4.53,4.71,4.35,4.36,1930640
2018-08-20,4.44,4.62,4.37,4.6,2182213
2018-08-21,4.55,4.63,4.5,4.58,1602730
2018-08-22,4.56,4.57,4.47,4.48,916459
2018-08-23,4.47,4.73,4.46,4.67,1963358
2018-08-24,4.64,4.76,4.61,4.68,1261358
2018-08-27,4.7,4.76,4.64,4.72,1339224
2018-08-28,4.69,4.73,4.58,4.64,1264560
2018-08-29,4.61,4.74,4.59,4.65,1067853
2018-08-30,4.64,4.66,4.49,4.52,1012253
2018-08-31,4.52,4.58,4.47,4.48,704764
2018-09-03,4.49,4.74,4.46,4.72,1353854
2018-09-04,4.69,4.81,4.66,4.77,1458329
2018-09-05,4.74,4.76,4.64,4.65,984447
2018-09-06,4.64,4.82,4.62,4.72,1309001
2018-09-07,4.71,4.75,4.54,4.61,1347742
2018-09-10,4.56,4.59,4.4,4.42,942476
2018-09-11,4.42,4.49,4.4,4.46,622935
2018-09-12,4.45,4.52,4.4,4.43,586423
2018-09-13,4.5,4.55,4.45,4.54,892892
2018-09-14,4.53,4.53,4.38,4.4,948892
2018-09-17,4.36,4.37,4.18,4.25,885545
2018-09-18,4.21,4.37,4.21,4.35,650608
2018-09-19,4.34,4.47,4.29,4.38,943820
2018-09-20,4.36,4.4,4.32,4.33,546776
2018-09-21,4.35,4.46,4.29,4.45,930710
2018-09-25,4.4,4.45,4.37,4.41,504854
2018-09-26,4.41,4.46,4.36,4.4,722611
2018-09-27,4.4,4.47,4.24,4.26,1201139
2018-09-28,4.26,4.35,4.19,4.3,611331
2018-10-08,4.22,4.23,4.13,4.14,615141
2018-10-09,4.15,4.19,4.11,4.13,435010
2018-10-10,4.14,4.17,4.11,4.16,333986
2018-10-11,4.0,4.04,3.74,3.79,1103892
2018-10-12,3.74,3.85,3.62,3.81,779691
2018-10-15,3.86,3.86,3.71,3.73,560727
2018-10-16,3.71,3.78,3.65,3.68,490663
2018-10-17,3.76,3.86,3.69,3.83,708688
2018-10-18,3.79,3.88,3.76,3.77,685151
2018-10-19,3.69,3.93,3.66,3.88,981257
2018-10-22,3.92,4.15,3.87,4.1,1342719
2018-10-23,4.08,4.08,3.96,3.98,820425
2018-10-24,3.99,4.08,3.97,4.05,700585
2018-10-25,3.91,4.04,3.89,4.03,794055
2018-10-26,4.06,4.07,3.95,3.99,641899
2018-10-29,3.97,4.01,3.87,3.91,551160
2018-10-30,3.87,3.98,3.77,3.93,808365
2018-10-31,3.93,4.01,3.9,3.97,653921
2018-11-01,4.04,4.09,3.97,3.98,1204553
2018-11-02,4.05,4.11,4.02,4.11,1502722
2018-11-05,4.1,4.14,4.02,4.07,1057847
2018-11-06,4.06,4.07,3.98,4.04,694557
2018-11-07,4.05,4.09,4.02,4.02,874244
2018-11-08,4.05,4.06,3.94,3.94,769190
2018-11-09,3.91,3.98,3.89,3.9,636620
2018-11-12,3.89,4.04,3.87,4.04,791358
2018-11-13,3.97,4.44,3.96,4.36,3311199
2018-11-14,4.32,4.36,4.23,4.29,1926945
2018-11-15,4.29,4.31,4.24,4.31,1234288
2018-11-16,4.31,4.33,4.24,4.27,1257832
2018-11-19,4.23,4.24,4.13,4.22,1181816
2018-11-20,4.17,4.22,4.08,4.09,1008116
2018-11-21,3.99,4.06,3.96,4.03,1205464
2018-11-22,4.02,4.06,3.97,4.0,720068
2018-11-23,4.0,4.0,3.8,3.85,1001380
2018-11-26,3.86,3.88,3.81,3.84,482394
2018-11-27,3.87,3.94,3.85,3.9,626513
2018-11-28,3.89,3.95,3.82,3.95,652291
2018-11-29,3.97,3.98,3.81,3.82,704210
2018-11-30,3.8,3.87,3.78,3.86,484303
2018-12-03,3.95,3.99,3.91,3.96,886802
2018-12-04,3.93,3.96,3.91,3.94,590732
2018-12-05,3.85,3.92,3.83,3.9,683593
2018-12-06,3.87,3.88,3.81,3.82,554757
2018-12-07,3.83,3.85,3.82,3.83,280428
2018-12-10,3.78,3.8,3.73,3.74,470059
2018-12-11,3.75,3.8,3.75,3.8,302187
2018-12-12,3.8,3.82,3.77,3.79,276424
2018-12-13,3.8,3.88,3.78,3.85,525573
2018-12-14,3.86,3.87,3.72,3.73,615114
2018-12-17,3.71,3.76,3.7,3.75,346546
2018-12-18,3.72,3.76,3.7,3.74,287596
2018-12-19,3.74,3.75,3.71,3.72,221207
2018-12-20,3.71,3.75,3.7,3.74,310863
2018-12-21,3.72,3.84,3.72,3.79,546415
2018-12-24,3.77,3.85,3.76,3.83,423163
2018-12-25,3.79,3.84,3.7,3.81,609723
2018-12-26,3.8,3.83,3.77,3.78,331256
2018-12-27,3.83,3.85,3.71,3.71,408350
2018-12-28,3.72,3.74,3.68,3.69,361407
2019-01-02,3.7,3.72,3.67,3.69,301565
2019-01-03,3.7,3.75,3.68,3.69,308611
2019-01-04,3.66,3.81,3.64,3.79,580197
2019-01-07,3.81,3.84,3.78,3.82,581879
2019-01-08,3.81,3.81,3.77,3.79,381909
2019-01-09,3.79,3.86,3.78,3.79,614284
2019-01-10,3.8,3.84,3.78,3.79,394528
2019-01-11,3.8,3.84,3.79,3.82,365792
2019-01-14,3.84,3.84,3.76,3.78,353369
2019-01-15,3.78,3.88,3.77,3.87,691899
2019-01-16,3.85,3.98,3.85,3.88,930506
2019-01-17,3.87,3.88,3.82,3.83,471512
2019-01-18,3.83,3.87,3.81,3.86,376369
2019-01-21,3.86,3.89,3.83,3.84,460454
2019-01-22,3.83,3.84,3.79,3.8,474882
2019-01-23,3.78,3.8,3.77,3.79,227002
2019-01-24,3.8,3.88,3.77,3.83,430782
2019-01-25,3.84,3.84,3.8,3.8,335605
2019-01-28,3.82,3.84,3.76,3.78,357058
2019-01-29,3.76,3.78,3.64,3.7,515779
2019-01-30,3.69,3.72,3.67,3.68,376561
2019-01-31,3.68,3.69,3.45,3.51,710101
2019-02-01,3.52,3.68,3.51,3.67,474788
2019-02-11,3.69,3.84,3.68,3.82,690974
2019-02-12,3.8,3.86,3.79,3.83,547443
2019-02-13,3.84,4.03,3.83,3.95,1478903
2019-02-14,3.94,3.96,3.88,3.94,779134
2019-02-15,3.92,4.01,3.91,3.93,826976
2019-02-18,3.96,4.04,3.94,4.04,1133414
2019-02-19,4.06,4.25,4.0,4.1,2024187
2019-02-20,4.07,4.07,3.96,4.01,1220902
2019-02-21,4.0,4.12,3.98,4.0,1295890
2019-02-22,3.99,4.19,3.98,4.17,1900073
2019-02-25,4.35,4.59,4.23,4.59,3952241
2019-02-26,4.74,4.99,4.62,4.72,4611999
2019-02-27,4.69,4.88,4.53,4.66,3087494
2019-02-28,4.65,5.04,4.6,4.9,3028745
2019-03-01,5.0,5.0,4.73,4.84,2146292
2019-03-04,4.88,5.14,4.83,4.91,3447748
2019-03-05,4.81,5.0,4.73,4.98,3059491
2019-03-06,4.99,5.25,4.88,5.18,4218593
2019-03-07,5.08,5.22,4.99,5.11,3488529
2019-03-08,4.96,5.49,4.85,5.04,4194124
2019-03-11,5.24,5.46,5.1,5.43,4035246
2019-03-12,5.39,5.5,5.23,5.42,3762198
2019-03-13,5.49,5.96,5.38,5.66,6681209
2019-03-14,5.65,5.8,5.09,5.26,4827948
2019-03-15,5.3,5.37,5.05,5.12,3054494
2019-03-18,5.0,5.23,4.84,5.23,3167367
2019-03-19,5.56,5.75,5.43,5.75,3662077
2019-03-20,5.99,6.32,5.85,5.92,7772649
2019-03-21,6.1,6.51,5.91,6.43,7770521
2019-03-22,6.22,6.3,6.01,6.16,4992646
2019-03-25,6.01,6.19,5.93,6.05,2930578
2019-03-26,6.13,6.19,5.71,5.77,3322047
2019-03-27,5.82,6.08,5.58,6.07,3607450
2019-03-28,5.91,6.11,5.74,5.77,2624891
2019-03-29,5.77,6.15,5.66,6.06,3495630
2019-04-01,6.17,6.55,6.12,6.46,4656342
2019-04-02,6.49,6.52,6.23,6.27,4091936
2019-04-03,6.23,6.4,6.16,6.3,2542076
2019-04-04,6.34,6.35,6.17,6.21,2494810
2019-04-08,6.23,6.24,5.98,6.06,2486108
2019-04-09,6.03,6.25,6.0,6.14,1884613
2019-04-10,6.13,6.25,6.01,6.19,1977101
2019-04-11,6.18,6.19,6.0,6.01,1614984
2019-04-12,6.01,6.08,5.96,6.06,1117463
2019-04-15,6.19,6.35,6.1,6.12,2522891
2019-04-16,6.05,6.22,5.96,6.2,1925989
2019-04-17,6.22,6.32,6.16,6.23,1807626
2019-04-18,6.24,6.25,6.05,6.06,2119356
2019-04-19,6.03,6.13,6.02,6.07,1351405
2019-04-22,6.08,6.08,5.81,5.83,1949551
2019-04-23,5.81,5.88,5.6,5.68,1770983
2019-04-24,5.7,5.85,5.65,5.83,1375739
2019-04-25,5.78,5.87,5.57,5.57,1354142
2019-04-26,5.57,5.76,5.55,5.6,1420742
2019-04-29,5.65,5.69,5.27,5.38,1760778
2019-04-30,5.4,5.61,5.39,5.59,1384573
2019-05-06,5.39,5.48,5.03,5.07,1963165
2019-05-07,5.18,5.26,5.09,5.24,1398924
2019-05-08,5.13,5.41,5.1,5.25,1410492
2019-05-09,5.19,5.38,5.17,5.22,958757
2019-05-10,5.3,5.55,5.1,5.5,1974500
2019-05-13,5.39,5.47,5.32,5.36,1129463
2019-05-14,5.28,5.39,5.27,5.29,982421
2019-05-15,5.36,5.41,5.27,5.38,1391820
2019-05-16,5.34,5.36,5.22,5.28,1205611
2019-05-17,5.29,5.34,5.06,5.13,1462602
2019-05-20,5.15,5.32,5.1,5.26,1339092
2019-05-21,5.2,5.35,5.15,5.3,1296532
2019-05-22,5.3,5.41,5.26,5.37,1501264
2019-05-23,5.42,5.42,5.13,5.17,1402306
2019-05-24,5.1,5.18,5.06,5.07,826632
2019-05-27,5.08,5.28,5.04,5.24,1124527
2019-05-28,5.22,5.27,5.11,5.19,937933
2019-05-29,5.16,5.22,5.12,5.14,615170
2019-05-30,5.15,5.17,5.03,5.1,849758
2019-05-31,5.1,5.14,5.05,5.08,535475
2019-06-03,5.1,5.12,4.88,4.96,1058049
2019-06-04,4.96,5.03,4.9,4.93,600262
2019-06-05,5.0,5.03,4.92,4.93,517279
2019-06-06,4.95,4.95,4.87,4.91,540194
2019-06-10,4.91,5.02,4.88,4.97,628702
2019-06-11,3.8,3.94,3.76,3.94,1460347
2019-06-12,3.9,3.94,3.87,3.88,940417
2019-06-13,3.88,3.93,3.85,3.9,717842
2019-06-14,3.9,3.94,3.77,3.79,858278
2019-06-17,3.79,3.83,3.75,3.82,575342
2019-06-18,3.82,3.83,3.73,3.79,543593
2019-06-19,3.9,3.93,3.83,3.84,926094
2019-06-20,3.82,3.98,3.81,3.95,1614310
2019-06-21,3.97,4.02,3.93,3.99,1684038
2019-06-24,4.01,4.12,4.0,4.03,1573590
2019-06-25,4.0,4.02,3.87,3.95,1251412
2019-06-26,3.92,3.97,3.89,3.92,602174
2019-06-27,3.93,4.0,3.93,3.96,879420
2019-06-28,3.94,3.94,3.84,3.89,884920
2019-07-01,3.97,4.06,3.95,4.06,1965702
2019-07-02,4.04,4.04,3.97,3.99,1105774
2019-07-03,3.98,3.99,3.9,3.92,892914
2019-07-04,3.93,3.96,3.91,3.92,615954
2019-07-05,3.93,3.94,3.9,3.92,451144
2019-07-08,3.92,3.92,3.73,3.74,1354063
2019-07-09,3.74,3.77,3.71,3.75,559264
2019-07-10,3.77,3.77,3.68,3.7,520729
2019-07-11,3.72,3.76,3.68,3.69,500437
2019-07-12,3.69,3.82,3.63,3.8,1198190
2019-07-15,3.77,3.94,3.73,3.89,1307072
2019-07-16,3.87,3.92,3.84,3.88,649607
2019-07-17,3.87,3.98,3.85,3.95,1240135
2019-07-18,3.9,3.91,3.78,3.8,1101986
2019-07-19,3.81,3.85,3.76,3.78,707283
2019-07-22,3.77,3.79,3.66,3.71,702105
2019-07-23,3.71,3.74,3.69,3.73,460242
2019-07-24,3.74,3.82,3.72,3.76,903189
2019-07-25,3.76,3.78,3.7,3.74,913972
2019-07-26,3.71,3.72,3.65,3.69,849370
2019-07-29,3.69,3.7,3.64,3.65,654921
2019-07-30,3.66,3.74,3.66,3.71,869371
2019-07-31,3.7,3.7,3.66,3.68,450679
2019-08-01,3.66,3.69,3.63,3.64,593690
2019-08-02,3.55,3.59,3.51,3.55,883604
2019-08-05,3.53,3.54,3.45,3.46,903574
2019-08-06,3.38,3.38,3.18,3.3,1375540
2019-08-07,3.33,3.35,3.28,3.29,600357
2019-08-08,3.31,3.36,3.3,3.33,621708
2019-08-09,3.36,3.37,3.27,3.28,657454
2019-08-12,3.31,3.33,3.28,3.33,473516
2019-08-13,3.3,3.34,3.29,3.31,466341
2019-08-14,3.36,3.42,3.34,3.4,867525
2019-08-15,3.15,3.29,3.09,3.26,2188179
2019-08-16,3.21,3.28,3.21,3.22,1248323
2019-08-19,3.24,3.35,3.22,3.34,1695632
2019-08-20,3.35,3.42,3.32,3.33,1378083
2019-08-21,3.31,3.33,3.28,3.29,964682
2019-08-22,3.31,3.31,3.25,3.29,741476
2019-08-23,3.29,3.33,3.26,3.27,888606
2019-08-26,3.18,3.21,3.15,3.21,912170
2019-08-27,3.22,3.3,3.22,3.29,1126598
2019-08-28,3.28,3.39,3.23,3.33,1466841
2019-08-29,3.31,3.45,3.29,3.38,2097334
2019-08-30,3.41,3.42,3.24,3.28,1505724
2019-09-02,3.27,3.38,3.26,3.37,1341573
2019-09-03,3.37,3.55,3.34,3.5,2710027
2019-09-04,3.45,3.51,3.44,3.49,1690433
2019-09-05,3.52,3.61,3.5,3.53,2458717
2019-09-06,3.55,3.63,3.52,3.6,2087186
2019-09-09,3.66,3.96,3.63,3.94,4699779
2019-09-10,3.94,3.94,3.8,3.83,3277599
2019-09-11,3.86,3.88,3.79,3.8,1675698
2019-09-12,3.81,3.85,3.78,3.79,1476353
2019-09-16,3.81,3.85,3.78,3.81,1445785
2019-09-17,3.81,3.81,3.63,3.66,1984364
2019-09-18,3.52,3.58,3.5,3.53,2336279
2019-09-19,3.53,3.54,3.35,3.46,2251961
2019-09-20,3.47,3.56,3.45,3.48,1419169
2019-09-23,3.46,3.52,3.38,3.52,1313716
2019-09-24,3.52,3.6,3.47,3.53,1315664
2019-09-25,3.49,3.49,3.41,3.42,1141272
2019-09-26,3.42,3.45,3.32,3.33,1097952
2019-09-27,3.33,3.37,3.33,3.35,590642
2019-09-30,3.35,3.36,3.3,3.31,559053
2019-10-08,3.31,3.37,3.3,3.32,574287
2019-10-09,3.3,3.34,3.26,3.33,554843
2019-10-10,3.29,3.33,3.27,3.32,900917
2019-10-11,3.32,3.43,3.25,3.37,1356555
2019-10-14,3.4,3.44,3.37,3.42,1122161
2019-10-15,3.4,3.41,3.32,3.33,750750
2019-10-16,3.34,3.36,3.31,3.31,483498
2019-10-17,3.31,3.34,3.3,3.31,400144
2019-10-18,3.31,3.32,3.18,3.22,967413
2019-10-21,3.22,3.23,3.15,3.2,481496
2019-10-22,3.21,3.25,3.2,3.24,469863
2019-10-23,3.24,3.38,3.21,3.3,1029294
2019-10-24,3.27,3.29,3.25,3.27,601510
2019-10-25,3.23,3.26,3.2,3.25,680415
2019-10-28,3.58,3.58,3.44,3.58,2808645
2019-10-29,3.72,3.84,3.52,3.52,6434756
2019-10-30,3.4,3.46,3.32,3.34,2763583
2019-10-31,3.33,3.37,3.25,3.26,1507711
2019-11-01,3.23,3.32,3.2,3.29,1164700
2019-11-04,3.31,3.31,3.25,3.26,1129314
2019-11-05,3.25,3.27,3.21,3.26,1063230
2019-11-06,3.24,3.24,3.18,3.2,1089571
2019-11-07,3.18,3.25,3.17,3.22,973191
2019-11-08,3.23,3.25,3.18,3.19,823827
2019-11-11,3.17,3.17,3.08,3.1,1169149
2019-11-12,3.09,3.1,3.01,3.07,821701
2019-11-13,3.06,3.09,3.03,3.07,541785
2019-11-14,3.06,3.08,3.03,3.06,550980
2019-11-15,3.06,3.06,2.99,3.0,696802
2019-11-18,2.99,3.0,2.94,2.99,662809
2019-11-19,2.97,3.1,2.96,3.07,1077294
2019-11-20,3.06,3.09,3.01,3.02,796228
2019-11-21,3.01,3.04,2.98,3.04,493218
2019-11-22,3.03,3.09,3.0,3.01,793606
2019-11-25,3.02,3.05,2.98,3.05,730903
2019-11-26,3.04,3.05,3.01,3.02,501012
2019-11-27,3.02,3.04,3.0,3.02,524800
2019-11-28,3.01,3.02,2.98,2.99,451913
2019-11-29,2.99,3.05,2.98,3.02,500549
2019-12-02,3.01,3.03,3.0,3.02,396270
2019-12-03,3.0,3.04,2.98,3.04,443078
2019-12-04,3.02,3.04,3.01,3.02,346070
2019-12-05,3.01,3.06,3.01,3.06,778307
2019-12-06,3.06,3.09,3.04,3.08,741250
2019-12-09,3.08,3.13,3.06,3.12,894856
2019-12-10,3.11,3.12,3.06,3.1,858137
2019-12-11,3.1,3.18,3.07,3.11,1496694
2019-12-12,3.1,3.11,3.05,3.05,1033173
2019-12-13,3.08,3.09,3.04,3.07,1049268
2019-12-16,3.08,3.15,3.06,3.14,1521159
2019-12-17,3.16,3.27,3.14,3.26,2311141
2019-12-18,3.24,3.35,3.23,3.27,2066572
2019-12-19,3.27,3.45,3.26,3.33,2264080
2019-12-20,3.33,3.34,3.21,3.22,1821038
2019-12-23,3.21,3.23,3.11,3.12,1334295
2019-12-24,3.12,3.18,3.12,3.17,928266
2019-12-25,3.17,3.23,3.14,3.21,1088660
2019-12-26,3.2,3.22,3.17,3.21,865527
2019-12-27,3.22,3.3,3.18,3.19,1418240
2019-12-30,3.16,3.23,3.12,3.22,1165436
2019-12-31,3.21,3.26,3.2,3.23,874499
2020-01-02,3.24,3.34,3.24,3.33,1954670
2020-01-03,3.33,3.36,3.3,3.34,1529064
2020-01-06,3.3,3.39,3.27,3.35,1782999
2020-01-07,3.35,3.48,3.35,3.46,2568422
2020-01-08,3.43,3.44,3.31,3.33,2240539
2020-01-09,3.37,3.45,3.37,3.43,1957582
2020-01-10,3.49,3.54,3.37,3.4,1891943
2020-01-13,3.37,3.39,3.3,3.38,1510840
2020-01-14,3.39,3.41,3.33,3.34,1193253
2020-01-15,3.33,3.36,3.3,3.33,1045099
2020-01-16,3.34,3.36,3.27,3.27,1264315
2020-01-17,3.29,3.37,3.27,3.32,1402397
2020-01-20,3.32,3.36,3.29,3.35,1066702
2020-01-21,3.33,3.34,3.27,3.27,1068079
2020-01-22,3.26,3.3,3.18,3.29,1216191
2020-01-23,3.25,3.26,3.1,3.16,1514337
2020-02-03,2.84,2.84,2.84,2.84,274560
2020-02-04,2.57,2.83,2.57,2.75,2114539
2020-02-05,2.78,2.92,2.75,2.85,1722012
2020-02-06,2.86,2.97,2.82,2.93,1650284
2020-02-07,2.93,3.07,2.89,3.05,2152506
2020-02-10,3.01,3.08,3.0,3.05,1553306
2020-02-11,3.05,3.06,2.98,3.0,1216019
2020-02-12,3.0,3.07,2.98,3.07,1424877
2020-02-13,3.06,3.1,3.0,3.0,1225622
2020-02-14,3.0,3.05,2.98,3.01,1005886
2020-02-17,3.01,3.13,3.01,3.13,2006420
2020-02-18,3.13,3.22,3.1,3.21,2360396
2020-02-19,3.18,3.22,3.15,3.16,1471201
2020-02-20,3.16,3.22,3.09,3.2,2133328
2020-02-21,3.21,3.36,3.2,3.3,3100222
2020-02-24,3.3,3.55,3.26,3.47,4344728
2020-02-25,3.36,3.52,3.26,3.5,4084174
2020-02-26,3.41,3.61,3.39,3.45,4448220
2020-02-27,3.44,3.5,3.31,3.35,2872215
2020-02-28,3.21,3.27,3.12,3.16,2900183
2020-03-02,3.16,3.38,3.15,3.32,2612583
2020-03-03,3.34,3.44,3.26,3.32,2939710
2020-03-04,3.31,3.36,3.26,3.33,1853295
2020-03-05,3.38,3.4,3.32,3.36,2235244
2020-03-06,3.3,3.32,3.25,3.26,1966326
2020-03-09,3.19,3.23,3.09,3.1,2187935
2020-03-10,3.03,3.18,3.01,3.18,1805626
2020-03-11,3.18,3.23,3.11,3.12,1514619
2020-03-12,3.06,3.11,3.04,3.07,1036201
2020-03-13,2.91,3.09,2.9,3.06,1707739
2020-03-16,3.09,3.09,2.92,2.94,1370184
2020-03-17,2.97,3.02,2.86,2.97,1188152
2020-03-18,2.99,3.03,2.9,2.9,1142105
2020-03-19,2.91,2.97,2.84,2.96,1218970
2020-03-20,2.99,3.0,2.92,2.98,744087
2020-03-23,2.91,2.96,2.88,2.9,772908
2020-03-24,2.94,2.96,2.88,2.94,801686
2020-03-25,3.0,3.01,2.95,2.98,903890
2020-03-26,2.96,2.96,2.9,2.91,729459
2020-03-27,2.93,2.95,2.9,2.9,704214
2020-03-30,2.87,2.88,2.75,2.79,1090855
2020-03-31,2.81,2.83,2.77,2.78,549842
2020-04-01,2.77,2.83,2.75,2.79,602494
2020-04-02,2.77,2.85,2.76,2.84,671368
2020-04-03,2.83,2.84,2.77,2.79,544649
2020-04-07,2.84,3.07,2.83,3.07,2582058
2020-04-08,3.0,3.05,2.98,3.03,2042002
2020-04-09,3.03,3.18,3.02,3.07,2021717
2020-04-10,3.05,3.05,2.95,2.95,1308438
2020-04-13,2.89,2.9,2.83,2.86,892050
2020-04-14,2.87,2.93,2.86,2.91,811706
2020-04-15,2.92,3.05,2.91,2.92,1036738
2020-04-16,2.9,3.18,2.87,3.1,3226706
2020-04-17,3.12,3.13,2.99,3.0,2351562
2020-04-20,3.0,3.08,2.98,3.07,1495488
2020-04-21,3.04,3.14,3.01,3.08,1779292
2020-04-22,3.03,3.24,3.01,3.17,2890949
2020-04-23,3.13,3.19,3.08,3.13,1949013
2020-04-24,3.11,3.13,3.03,3.06,1221382
2020-04-27,3.05,3.09,3.0,3.01,1025679
2020-04-28,3.0,3.01,2.84,2.93,1455602
2020-04-29,2.88,2.96,2.87,2.9,624618
2020-04-30,2.91,3.01,2.91,2.98,959637
2020-05-06,2.95,3.07,2.93,3.06,1151583
2020-05-07,3.05,3.07,3.0,3.01,825606
2020-05-08,3.03,3.13,3.02,3.06,1479268
2020-05-11,3.07,3.09,3.01,3.03,955999
2020-05-12,3.03,3.03,2.95,2.99,855950
2020-05-13,2.98,3.01,2.95,2.99,706025
2020-05-14,2.97,3.06,2.95,2.99,1184083
2020-05-15,3.0,3.01,2.96,2.97,812187
2020-05-18,2.97,2.97,2.9,2.92,969158
2020-05-19,2.93,2.96,2.92,2.93,600402
2020-05-20,2.92,2.93,2.87,2.89,774004
2020-05-21,2.9,2.91,2.85,2.85,538557
2020-05-22,2.85,2.88,2.81,2.82,577880
2020-05-25,2.83,2.87,2.82,2.86,395950
2020-05-26,2.86,2.9,2.85,2.89,513537
2020-05-27,2.88,2.88,2.83,2.84,540294
2020-05-28,2.85,2.87,2.82,2.84,462633
2020-05-29,2.84,2.88,2.82,2.85,488391
2020-06-01,2.85,2.93,2.85,2.92,1010255
2020-06-02,2.92,2.93,2.88,2.91,857420
2020-06-03,2.92,2.92,2.87,2.88,708202
2020-06-04,2.89,2.89,2.86,2.87,440484
2020-06-05,2.87,2.9,2.85,2.9,581236
2020-06-08,2.9,2.92,2.86,2.88,497668
2020-06-09,2.87,2.92,2.85,2.9,915283
2020-06-10,2.89,2.89,2.84,2.86,726344
2020-06-11,2.85,2.87,2.83,2.84,645070
2020-06-12,2.8,2.83,2.78,2.8,989960
2020-06-15,2.8,2.82,2.78,2.78,897853
2020-06-16,2.8,2.81,2.77,2.78,820506
2020-06-17,2.79,2.85,2.74,2.84,1480974
2020-06-18,2.8,2.83,2.79,2.81,900450
2020-06-19,2.8,2.83,2.8,2.82,784496
2020-06-22,2.81,2.87,2.8,2.84,1027950
2020-06-23,2.83,2.83,2.79,2.81,718105
2020-06-24,2.81,2.81,2.77,2.77,704378
2020-06-29,2.77,2.78,2.75,2.77,520756
2020-06-30,2.77,2.83,2.76,2.81,883256
2020-07-01,2.8,2.81,2.78,2.8,862685
2020-07-02,2.8,2.9,2.79,2.87,1845829
2020-07-03,2.88,2.96,2.86,2.93,2367837
2020-07-06,2.95,3.09,2.94,3.07,3106705
2020-07-07,3.11,3.25,3.03,3.08,3817601
2020-07-08,3.06,3.22,3.05,3.18,3290756
2020-07-09,3.18,3.29,3.15,3.26,3807043
2020-07-10,3.26,3.26,3.11,3.14,2843656
2020-07-13,3.13,3.45,3.12,3.4,5078787
2020-07-14,3.35,3.46,3.25,3.33,3715913
2020-07-15,3.33,3.35,3.15,3.17,2896658
2020-07-16,3.19,3.25,3.04,3.05,2473969
2020-07-17,3.06,3.09,2.98,3.0,1899456
2020-07-20,3.04,3.11,3.0,3.11,1669277
2020-07-21,3.13,3.18,3.07,3.1,1397737
2020-07-22,3.12,3.21,3.07,3.19,2738718
2020-07-23,3.16,3.16,3.05,3.11,1826434
2020-07-24,3.08,3.13,2.96,2.98,1931679
2020-07-27,3.0,3.02,2.96,2.99,997742
2020-07-28,3.01,3.08,3.0,3.04,1237974
2020-07-29,3.01,3.08,2.98,3.07,1513621
2020-07-30,3.07,3.07,3.01,3.01,1209850
2020-07-31,3.0,3.12,2.99,3.09,1995363
2020-08-03,3.07,3.14,3.05,3.13,2032876
2020-08-04,3.14,3.2,3.1,3.11,1973981
2020-08-05,3.13,3.16,3.06,3.11,1959384
2020-08-06,3.11,3.14,3.04,3.1,2140463
2020-08-07,3.09,3.09,2.99,3.02,1741992
2020-08-10,3.0,3.06,2.99,3.04,1027804
2020-08-11,3.04,3.04,2.97,2.98,1276374
2020-08-12,2.97,3.0,2.93,2.99,1097270
2020-08-13,2.99,3.04,2.97,3.01,1032423
2020-08-14,3.0,3.05,2.98,3.04,1115291
2020-08-17,3.05,3.15,3.05,3.12,2446935
2020-08-18,3.1,3.11,3.07,3.09,1481789
2020-08-19,3.08,3.09,3.02,3.03,1239758
2020-08-20,3.04,3.11,3.01,3.05,1469338
2020-08-21,3.04,3.08,3.03,3.08,1318282
2020-08-24,3.07,3.12,3.03,3.1,1797986
2020-08-25,3.09,3.11,3.04,3.08,1447174
2020-08-26,3.06,3.07,3.0,3.01,1259920
2020-08-27,3.01,3.05,3.0,3.03,908641
2020-08-28,3.03,3.05,3.0,3.04,960849
2020-08-31,3.05,3.08,3.02,3.02,1293980
2020-09-01,3.02,3.04,3.0,3.04,848262
2020-09-02,3.03,3.05,3.0,3.02,1155572
2020-09-03,3.02,3.03,2.99,3.0,1005121
2020-09-04,2.96,3.0,2.95,2.99,875416
2020-09-07,3.0,3.04,2.98,3.0,1264286
2020-09-08,3.0,3.14,2.96,3.12,3397223
2020-09-09,3.09,3.29,3.07,3.18,5099722
2020-09-10,3.18,3.22,3.01,3.02,3040748
2020-09-11,3.0,3.03,2.98,3.01,1751820
2020-09-14,3.01,3.03,2.99,3.01,1303583
2020-09-15,3.0,3.01,2.99,3.0,877249
2020-09-16,3.0,3.01,2.96,2.98,1061374
2020-09-17,2.97,2.98,2.91,2.94,1327122
2020-09-18,2.94,2.98,2.92,2.98,925211
2020-09-21,2.98,3.0,2.96,2.96,810914
2020-09-22,2.94,2.96,2.92,2.93,701259
2020-09-23,2.94,2.95,2.92,2.93,563579
2020-09-24,2.92,2.93,2.86,2.87,847161
2020-09-25,2.87,2.89,2.85,2.86,432394
2020-09-28,2.86,2.87,2.82,2.83,446380
2020-09-29,2.84,2.87,2.83,2.84,401258
2020-09-30,2.85,2.87,2.83,2.84,421805
2020-10-09,2.87,2.91,2.87,2.89,554301
2020-10-12,2.92,2.97,2.91,2.96,925791
2020-10-13,2.94,2.95,2.9,2.92,697706
2020-10-14,2.91,2.92,2.86,2.87,765661
2020-10-15,2.87,2.88,2.85,2.87,510085
2020-10-16,2.86,2.87,2.84,2.86,426296
2020-10-19,2.86,2.89,2.85,2.86,431973
2020-10-20,2.85,2.89,2.83,2.88,469489
2020-10-21,2.88,2.89,2.83,2.85,428090
2020-10-22,2.84,2.86,2.82,2.84,385445
2020-10-23,2.84,2.86,2.83,2.83,402007
2020-10-26,2.83,2.86,2.83,2.85,307957
2020-10-27,2.83,2.84,2.8,2.81,506142
2020-10-28,2.82,2.82,2.77,2.79,538315
2020-10-29,2.77,2.78,2.74,2.77,629868
2020-10-30,2.77,2.79,2.68,2.7,816369
2020-11-02,2.63,2.63,2.43,2.5,1995953
2020-11-03,2.48,2.63,2.46,2.59,1280996
2020-11-04,2.59,2.59,2.49,2.53,843628
2020-11-05,2.55,2.57,2.52,2.55,582637
2020-11-06,2.54,2.56,2.51,2.54,595200
2020-11-09,2.53,2.6,2.53,2.57,871833
2020-11-10,2.57,2.59,2.53,2.54,695216
2020-11-11,2.54,2.54,2.49,2.5,706749
2020-11-12,2.5,2.51,2.47,2.49,502565
2020-11-13,2.48,2.49,2.45,2.49,431805
2020-11-16,2.49,2.53,2.48,2.52,590475
2020-11-17,2.52,2.52,2.49,2.51,512022
2020-11-18,2.51,2.52,2.49,2.5,467566
2020-11-19,2.5,2.52,2.49,2.51,484173
2020-11-20,2.51,2.52,2.5,2.51,432139
2020-11-23,2.51,2.54,2.49,2.53,772683
2020-11-24,2.52,2.67,2.51,2.61,1931662
2020-11-25,2.6,2.61,2.55,2.56,911550
2020-11-26,2.55,2.59,2.54,2.57,550225
2020-11-27,2.56,2.57,2.52,2.56,507844
2020-11-30,2.56,2.6,2.54,2.54,847491
2020-12-01,2.53,2.58,2.53,2.57,717353
2020-12-02,2.57,2.58,2.54,2.57,680555
2020-12-03,2.57,2.58,2.55,2.56,671913
2020-12-04,2.57,2.57,2.54,2.55,537202
2020-12-07,2.56,2.56,2.5,2.5,715961
2020-12-08,2.5,2.52,2.48,2.51,546061
2020-12-09,2.51,2.53,2.47,2.47,823858
2020-12-10,2.45,2.48,2.44,2.47,545872
2020-12-11,2.46,2.47,2.39,2.4,974962
2020-12-14,2.39,2.4,2.35,2.38,584557
2020-12-15,2.37,2.39,2.35,2.37,453934
2020-12-16,2.37,2.37,2.3,2.3,874077
2020-12-17,2.29,2.36,2.17,2.35,1786698
2020-12-18,2.34,2.41,2.33,2.34,857277
2020-12-21,2.35,2.36,2.31,2.33,601348
2020-12-22,2.32,2.33,2.25,2.27,779587
2020-12-23,2.26,2.27,2.22,2.23,640304
2020-12-24,2.23,2.24,2.17,2.18,693061
2020-12-25,2.18,2.22,2.16,2.2,517245
2020-12-28,2.2,2.22,2.16,2.19,574558
2020-12-29,2.19,2.3,2.18,2.24,1131937
2020-12-30,2.23,2.24,2.2,2.23,567602
2020-12-31,2.23,2.27,2.22,2.26,543484
2021-01-04,2.26,2.26,2.22,2.24,778142
2021-01-05,2.23,2.23,2.18,2.2,854550
2021-01-06,2.2,2.21,2.17,2.18,645557
2021-01-07,2.18,2.19,2.07,2.08,1299434
2021-01-08,2.07,2.17,2.01,2.14,1302829
2021-01-11,2.14,2.17,2.09,2.1,801207
2021-01-12,2.1,2.15,2.08,2.1,599770
2021-01-13,2.11,2.14,2.04,2.14,1077492
2021-01-14,2.11,2.17,2.11,2.16,817127
2021-01-15,2.14,2.21,2.14,2.16,797507
2021-01-18,2.15,2.19,2.14,2.15,727660
2021-01-19,2.15,2.25,2.11,2.19,1554654
2021-01-20,2.18,2.19,2.13,2.14,858346
2021-01-21,2.14,2.24,2.13,2.19,1588570
2021-01-22,2.18,2.2,2.14,2.17,861390
2021-01-25,1.95,1.95,1.95,1.95,450375
2021-01-26,1.76,1.76,1.76,1.76,503418
2021-01-27,1.58,1.73,1.58,1.64,4402447
2021-01-28,1.63,1.8,1.61,1.8,2544965
2021-01-29,1.82,1.86,1.69,1.74,3149621
2021-02-01,1.71,1.81,1.71,1.73,1582832
2021-02-02,1.72,1.73,1.66,1.69,1444894
2021-02-03,1.71,1.76,1.67,1.73,1613786
2021-02-04,1.76,1.78,1.72,1.75,1319620
2021-02-05,1.74,1.77,1.73,1.74,1031609
2021-02-08,1.74,1.75,1.67,1.68,1115877
2021-02-09,1.68,1.73,1.67,1.71,908655
2021-02-10,1.72,1.88,1.71,1.84,2926546
2021-02-18,1.85,2.01,1.84,1.95,2577698
2021-02-19,1.94,2.04,1.92,2.02,1842781
2021-02-22,2.02,2.13,2.0,2.06,1901130
2021-02-23,2.06,2.11,2.01,2.02,1464297
2021-02-24,2.06,2.15,2.05,2.1,1955034
2021-02-25,2.1,2.11,2.02,2.04,1409517
2021-02-26,2.01,2.05,1.99,2.0,1085642
2021-03-01,2.0,2.03,1.97,2.0,1135806
2021-03-02,2.01,2.01,1.95,1.97,887570
2021-03-03,1.97,2.01,1.95,1.97,837851
2021-03-04,1.98,2.01,1.96,2.0,1083194
2021-03-05,2.0,2.12,1.99,2.07,1693158
2021-03-08,2.08,2.08,2.03,2.04,1015933
2021-03-09,2.03,2.04,1.98,2.0,1181407
2021-03-10,2.0,2.02,1.96,1.97,724701
2021-03-11,1.98,2.0,1.96,1.99,693902
2021-03-12,1.98,2.0,1.95,1.96,624932
2021-03-15,1.96,1.97,1.93,1.96,587133
2021-03-16,1.97,2.02,1.96,2.0,833789
2021-03-17,2.0,2.0,1.97,1.99,542983
2021-03-18,1.99,2.01,1.96,1.97,677172
2021-03-19,1.97,1.98,1.92,1.92,760906
2021-03-22,1.92,1.94,1.9,1.93,548182
2021-03-23,1.93,1.94,1.86,1.9,815155
2021-03-24,1.89,1.96,1.87,1.91,923967
2021-03-25,1.9,2.0,1.89,1.96,1638707
2021-03-26,1.95,1.96,1.91,1.93,943485
2021-03-29,1.93,2.03,1.92,1.96,1261309
2021-03-30,1.95,1.96,1.91,1.92,797160
2021-03-31,1.91,1.96,1.9,1.92,576155
2021-04-01,1.92,1.93,1.9,1.92,488586
2021-04-02,1.92,1.95,1.91,1.92,579969
2021-04-06,1.91,1.93,1.91,1.93,490722
2021-04-07,1.93,1.98,1.91,1.95,1081645
2021-04-08,1.94,2.09,1.92,2.02,2662306
2021-04-09,1.99,1.99,1.93,1.95,1688310
2021-04-12,1.94,1.96,1.91,1.94,939712
2021-04-13,1.94,1.96,1.92,1.93,677769
2021-04-14,1.93,1.96,1.91,1.93,1076788
2021-04-15,1.92,1.92,1.89,1.9,1017809
2021-04-16,1.9,1.95,1.89,1.94,1184411
2021-04-19,1.94,1.97,1.93,1.95,1030157
2021-04-20,1.94,1.96,1.91,1.92,889452
2021-04-21,1.91,1.92,1.9,1.91,676504
2021-04-22,1.91,1.92,1.89,1.9,645972
2021-04-23,1.9,1.9,1.83,1.85,1013902
2021-04-26,1.84,1.85,1.79,1.8,983395
2021-04-27,1.79,1.84,1.73,1.81,992751
2021-04-28,1.8,1.81,1.77,1.78,596403
2021-04-29,1.79,1.87,1.79,1.84,1025575
2021-04-30,1.83,1.87,1.82,1.84,823844
2021-05-06,1.83,1.86,1.81,1.82,695688
2021-05-07,1.82,1.88,1.82,1.84,1095540
2021-05-10,1.83,1.89,1.82,1.88,1290277
2021-05-11,1.88,2.07,1.86,2.07,6022323
2021-05-12,2.02,2.03,1.97,2.0,3882743
2021-05-13,1.99,2.14,1.98,2.04,3663960
2021-05-14,2.04,2.09,2.01,2.05,2405276
2021-05-17,2.04,2.04,1.97,1.98,1655023
2021-05-18,1.98,2.02,1.97,1.99,1106415
2021-05-19,1.99,2.01,1.94,1.95,1226459
2021-05-20,1.95,1.95,1.91,1.93,1026848
2021-05-21,1.94,1.98,1.93,1.95,1097816
2021-05-24,1.93,2.0,1.91,1.99,1422689
2021-05-25,1.98,1.99,1.95,1.98,1079851
2021-05-26,1.98,2.02,1.97,1.99,1131295
2021-05-27,1.98,2.09,1.98,2.05,2690871
2021-05-28,2.04,2.07,2.02,2.04,1419843
2021-05-31,2.03,2.06,2.0,2.02,1409170
2021-06-01,2.02,2.11,1.99,2.06,2242066
2021-06-02,2.06,2.27,2.05,2.16,4552524
2021-06-03,2.16,2.18,2.1,2.12,2383304
2021-06-04,2.12,2.16,2.07,2.07,1892174
2021-06-07,2.07,2.12,2.07,2.11,1425233
2021-06-08,2.12,2.13,2.07,2.09,1116914
2021-06-09,2.09,2.1,2.06,2.08,1063707
2021-06-10,2.08,2.18,2.07,2.16,2176439
2021-06-11,2.15,2.33,2.13,2.21,3587755
2021-06-15,2.19,2.26,2.15,2.16,2408373
2021-06-16,2.16,2.2,2.13,2.16,1654113
2021-06-17,2.15,2.19,2.13,2.17,1518122
2021-06-18,2.17,2.17,2.13,2.15,1178435
2021-06-21,2.13,2.19,2.13,2.14,1230426
2021-06-22,2.15,2.15,2.08,2.08,1653744
2021-06-23,2.08,2.12,2.03,2.11,1758644
2021-06-24,2.1,2.1,2.05,2.06,1100455
2021-06-25,2.07,2.08,2.04,2.06,806280
2021-06-28,2.06,2.08,2.05,2.07,798323
2021-06-29,2.07,2.08,2.02,2.03,730745
2021-06-30,2.03,2.05,2.02,2.03,483241
2021-07-01,2.04,2.04,2.0,2.01,543974
2021-07-02,2.0,2.03,2.0,2.02,532432
2021-07-05,2.02,2.05,2.01,2.04,549836
2021-07-06,2.04,2.06,2.02,2.04,675948
2021-07-07,2.03,2.03,2.01,2.02,654608
2021-07-08,2.02,2.02,1.99,2.0,740923
2021-07-09,2.0,2.0,1.96,1.99,813776
2021-07-12,2.0,2.08,2.0,2.05,1568437
2021-07-13,2.05,2.11,2.05,2.08,1300346
2021-07-14,2.08,2.11,2.05,2.06,1112488
2021-07-15,2.06,2.06,2.01,2.03,801475
2021-07-16,2.04,2.06,2.02,2.04,677739
2021-07-19,2.03,2.04,2.0,2.02,655751
2021-07-20,2.01,2.01,1.98,1.99,727690
2021-07-21,2.0,2.04,1.99,2.03,757023
2021-07-22,2.03,2.03,1.99,2.01,721309
2021-07-23,2.01,2.01,1.99,2.0,606375
2021-07-26,1.99,2.0,1.95,1.96,940562
2021-07-27,1.96,1.97,1.91,1.92,831733
2021-07-28,1.92,1.94,1.87,1.89,859429
2021-07-29,1.89,1.92,1.88,1.89,624171
2021-07-30,1.89,1.91,1.86,1.9,806904
2021-08-02,1.89,1.92,1.85,1.91,992717
2021-08-03,1.9,1.96,1.9,1.92,956290
2021-08-04,1.92,1.93,1.89,1.91,656684
2021-08-05,1.9,1.9,1.87,1.88,633038
2021-08-06,1.88,1.89,1.85,1.86,494943
2021-08-09,1.86,1.89,1.85,1.88,588616
2021-08-10,1.88,1.91,1.87,1.9,565140
2021-08-11,1.9,1.91,1.88,1.91,569398
2021-08-12,1.91,1.93,1.9,1.91,630916
2021-08-13,1.91,1.92,1.89,1.9,528889
2021-08-16,1.9,1.9,1.87,1.89,673880
2021-08-17,1.89,1.9,1.86,1.86,664692
2021-08-18,1.86,1.92,1.85,1.9,942527
2021-08-19,1.9,1.92,1.89,1.9,665147
2021-08-20,1.9,1.9,1.86,1.87,604123
2021-08-23,1.87,1.91,1.87,1.9,736289
2021-08-24,1.9,1.9,1.88,1.9,553952
2021-08-25,1.9,1.93,1.89,1.91,722176
2021-08-26,1.95,1.99,1.92,1.96,1769468
2021-08-27,1.94,1.99,1.93,1.97,1249316
2021-08-30,1.97,2.01,1.95,2.0,1490768
2021-08-31,1.99,2.01,1.97,2.0,1060317
2021-09-01,2.0,2.05,1.99,2.03,1294680
2021-09-02,2.02,2.08,2.0,2.06,1565535
2021-09-03,2.08,2.1,2.04,2.06,1436659
2021-09-06,2.04,2.06,2.01,2.05,1437175
2021-09-07,2.04,2.12,2.04,2.11,2138581
2021-09-08,2.11,2.25,2.11,2.23,3394708
2021-09-09,2.2,2.23,2.16,2.21,2015190
2021-09-10,2.2,2.23,2.16,2.18,1654393
2021-09-13,2.17,2.24,2.15,2.21,1670027
2021-09-14,2.22,2.26,2.16,2.18,1679137
2021-09-15,2.17,2.3,2.16,2.27,2987832
2021-09-16,2.26,2.31,2.22,2.25,2260795
2021-09-17,2.24,2.24,2.13,2.15,1847078
2021-09-22,2.13,2.2,2.11,2.19,1254019
2021-09-23,2.2,2.24,2.19,2.19,1146468
2021-09-24,2.19,2.23,2.14,2.16,1227811
2021-09-27,2.17,2.18,2.06,2.08,1495803
2021-09-28,2.08,2.11,2.06,2.1,836366
2021-09-29,2.09,2.09,2.02,2.02,1147678
2021-09-30,2.03,2.05,2.01,2.03,782659
2021-10-08,2.04,2.23,2.04,2.23,2822051
2021-10-11,2.23,2.28,2.2,2.27,3951403
2021-10-12,2.26,2.34,2.23,2.26,2574924
2021-10-13,2.27,2.28,2.18,2.21,1492461
2021-10-14,2.21,2.21,2.16,2.18,1092061
2021-10-15,2.2,2.2,2.13,2.14,1138937
2021-10-18,2.14,2.23,2.13,2.18,1242378
2021-10-19,2.19,2.19,2.14,2.16,953605
2021-10-20,2.16,2.2,2.14,2.14,1023686
2021-10-21,2.14,2.16,2.1,2.12,995752
2021-10-22,2.12,2.13,2.06,2.07,1002500
2021-10-25,2.07,2.11,2.04,2.11,937113
2021-10-26,2.11,2.11,2.04,2.04,1151347
2021-10-27,2.04,2.06,1.97,1.99,1285484
2021-10-28,1.99,2.0,1.94,1.96,843613
2021-10-29,1.95,2.01,1.95,2.01,755222
2021-11-01,2.0,2.02,1.98,2.01,684476
2021-11-02,2.0,2.01,1.94,1.97,835061
2021-11-03,1.96,2.0,1.95,1.98,533305
2021-11-04,1.98,2.02,1.97,2.0,663593
2021-11-05,1.99,2.08,1.99,2.04,1426234
2021-11-08,2.05,2.08,2.02,2.07,1034913
2021-11-09,2.06,2.23,2.05,2.16,2227659
2021-11-10,2.15,2.33,2.14,2.24,4353664
2021-11-11,2.23,2.42,2.22,2.36,4772523
2021-11-12,2.34,2.44,2.33,2.38,4021583
2021-11-15,2.42,2.5,2.36,2.39,3373792
2021-11-16,2.4,2.52,2.39,2.47,3462322
2021-11-17,2.45,2.46,2.38,2.43,2289720
2021-11-18,2.42,2.43,2.32,2.36,2807850
2021-11-19,2.37,2.41,2.32,2.34,1871993
2021-11-22,2.35,2.35,2.28,2.28,1908133
2021-11-23,2.28,2.31,2.26,2.28,1608076
2021-11-24,2.29,2.3,2.24,2.26,1561899
2021-11-25,2.26,2.29,2.21,2.21,2167580
2021-11-26,2.2,2.23,2.17,2.21,1658714
2021-11-29,2.19,2.2,2.13,2.16,1973851
2021-11-30,2.17,2.26,2.17,2.18,2511964
2021-12-01,2.19,2.27,2.19,2.25,2377905
2021-12-02,2.25,2.26,2.18,2.19,2037897
2021-12-03,2.19,2.2,2.14,2.18,1378618
2021-12-06,2.17,2.18,2.13,2.13,1538468
2021-12-07,2.15,2.16,2.12,2.14,1130621
2021-12-08,2.14,2.21,2.12,2.21,2047073
2021-12-09,2.19,2.27,2.18,2.24,2836086
2021-12-10,2.22,2.24,2.2,2.22,1919716
2021-12-13,2.23,2.43,2.2,2.37,4700919
2021-12-14,2.37,2.39,2.31,2.34,3205566
2021-12-15,2.33,2.39,2.32,2.34,2323298
2021-12-16,2.35,2.38,2.34,2.38,1909129
2021-12-17,2.37,2.47,2.36,2.37,2827334
2021-12-20,2.36,2.38,2.3,2.31,2201534
2021-12-21,2.33,2.45,2.31,2.42,2848892
2021-12-22,2.44,2.47,2.39,2.43,2026469
2021-12-23,2.42,2.43,2.36,2.38,1646687
2021-12-24,2.38,2.38,2.29,2.3,1415257
2021-12-27,2.3,2.33,2.26,2.27,1158174
2021-12-28,2.27,2.34,2.27,2.3,1248866
2021-12-29,2.3,2.31,2.26,2.28,1044886
2021-12-30,2.27,2.35,2.27,2.32,1561861
2021-12-31,2.32,2.36,2.3,2.34,1234935
2022-01-04,2.36,2.57,2.34,2.57,5793914
2022-01-05,2.61,2.83,2.61,2.83,6049431
2022-01-06,2.95,2.99,2.72,2.86,12567565
2022-01-07,2.79,2.83,2.62,2.64,7978555
2022-01-10,2.61,2.68,2.57,2.58,4421057
2022-01-11,2.61,2.62,2.51,2.53,3782053
2022-01-12,2.53,2.6,2.51,2.55,4373674
2022-01-13,2.56,2.65,2.52,2.62,4878588
2022-01-14,2.58,2.59,2.53,2.54,2984559
2022-01-17,2.53,2.79,2.52,2.72,6202791
2022-01-18,2.7,2.95,2.64,2.73,6580372
2022-01-19,2.69,2.87,2.65,2.78,4855522
2022-01-20,2.73,2.75,2.64,2.66,3653948
2022-01-21,2.64,2.72,2.62,2.64,2431951
2022-01-24,2.61,2.68,2.59,2.61,2165207
2022-01-25,2.6,2.6,2.43,2.45,3165972
2022-01-26,2.43,2.48,2.39,2.46,1774597
2022-01-27,2.51,2.53,2.36,2.37,1955817
2022-01-28,2.4,2.48,2.36,2.45,1980361
2022-02-07,2.49,2.54,2.45,2.5,1724736
2022-02-08,2.48,2.64,2.45,2.6,2683472
2022-02-09,2.6,2.68,2.58,2.68,2777976
2022-02-10,2.66,2.74,2.63,2.69,2798667
2022-02-11,2.67,2.74,2.65,2.66,2871350
2022-02-14,2.64,2.72,2.61,2.68,2167855
2022-02-15,2.67,2.69,2.62,2.65,1833195
2022-02-16,2.66,2.71,2.62,2.65,1717952
2022-02-17,2.63,2.67,2.58,2.6,2202813
2022-02-18,2.56,2.69,2.55,2.69,2749032
2022-02-21,2.69,2.74,2.68,2.7,2647004
2022-02-22,2.67,2.72,2.61,2.64,2312150
2022-02-23,2.65,2.65,2.58,2.63,1809999
2022-02-24,2.62,2.62,2.44,2.49,2919858
2022-02-25,2.53,2.56,2.51,2.51,1527288
2022-02-28,2.54,2.54,2.47,2.52,1096596
2022-03-01,2.51,2.55,2.51,2.55,1275118
2022-03-02,2.53,2.56,2.52,2.55,1115883
2022-03-03,2.55,2.58,2.54,2.56,1335101
2022-03-04,2.54,2.55,2.47,2.49,1490767
2022-03-07,2.47,2.47,2.41,2.43,1245683
2022-03-08,2.43,2.45,2.36,2.37,1292674
2022-03-09,2.37,2.4,2.2,2.33,1746111
2022-03-10,2.39,2.39,2.33,2.35,1133974
2022-03-11,2.31,2.37,2.26,2.37,1267081
2022-03-14,2.34,2.38,2.3,2.3,995530
2022-03-15,2.3,2.3,2.15,2.16,1489399
2022-03-16,2.19,2.27,2.14,2.26,1637913
2022-03-17,2.28,2.32,2.25,2.27,1486844
2022-03-18,2.25,2.31,2.24,2.29,1109796
2022-03-21,2.3,2.32,2.25,2.28,1008804
2022-03-22,2.26,2.31,2.25,2.28,958358
2022-03-23,2.29,2.37,2.28,2.33,1766577
2022-03-24,2.31,2.32,2.25,2.26,1159178
2022-03-25,2.27,2.3,2.25,2.26,867087
2022-03-28,2.25,2.29,2.21,2.28,784941
2022-03-29,2.28,2.29,2.24,2.25,756217
2022-03-30,2.26,2.3,2.25,2.29,854868
2022-03-31,2.28,2.29,2.26,2.28,887658
2022-04-01,2.27,2.4,2.25,2.35,2239370
2022-04-06,2.4,2.4,2.35,2.37,1754407
2022-04-07,2.36,2.37,2.28,2.28,1262728
2022-04-08,2.28,2.3,2.23,2.26,892074
2022-04-11,2.26,2.27,2.16,2.18,1169589
2022-04-12,2.18,2.25,2.18,2.24,842739
2022-04-13,2.23,2.23,2.19,2.2,670338
2022-04-14,2.2,2.24,2.19,2.22,744991
2022-04-15,2.2,2.21,2.16,2.17,858186
2022-04-18,2.15,2.16,2.09,2.12,773180
2022-04-19,2.12,2.15,2.11,2.13,482563
2022-04-20,2.14,2.18,2.12,2.13,754176
2022-04-21,2.12,2.13,2.02,2.03,1043979
2022-04-22,2.02,2.05,1.98,2.02,754389
2022-04-25,1.99,1.99,1.87,1.88,1194039
2022-04-26,1.88,1.93,1.87,1.87,842809
2022-04-27,1.84,1.92,1.79,1.92,1100353
2022-04-28,1.9,1.9,1.84,1.87,735570
2022-04-29,1.89,2.0,1.88,1.97,1245370
2022-05-05,1.97,2.0,1.95,1.97,1120070
2022-05-06,1.98,2.17,1.98,2.17,2660076
2022-05-09,2.22,2.32,2.17,2.17,3833285
2022-05-10,2.11,2.23,2.11,2.19,2508063
2022-05-11,2.2,2.21,2.14,2.14,1979422
2022-05-12,2.13,2.19,2.11,2.16,1512127
2022-05-13,2.16,2.17,2.12,2.13,848244
2022-05-16,2.15,2.17,2.12,2.14,886462
2022-05-17,2.14,2.14,2.1,2.13,732415
2022-05-18,2.14,2.2,2.13,2.15,1266636
2022-05-19,2.12,2.15,2.1,2.13,795571
2022-05-20,2.13,2.16,2.12,2.16,870687
2022-05-23,2.16,2.18,2.15,2.17,973788
2022-05-24,2.18,2.18,2.07,2.07,1378264
2022-05-25,2.07,2.15,2.07,2.14,1108608
2022-05-26,2.14,2.16,2.1,2.15,977654
2022-05-27,2.15,2.17,2.13,2.14,716686
2022-05-30,2.15,2.17,2.13,2.17,854146
2022-05-31,2.17,2.18,2.14,2.17,757822
2022-06-01,2.16,2.19,2.16,2.18,821766
2022-06-02,2.19,2.21,2.16,2.21,905471
2022-06-06,2.2,2.24,2.2,2.23,990832
2022-06-07,2.22,2.22,2.17,2.2,869605
2022-06-08,2.22,2.26,2.18,2.22,1124255
2022-06-09,2.2,2.21,2.17,2.18,1026095
2022-06-10,2.17,2.28,2.17,2.23,1822702
2022-06-13,2.22,2.27,2.2,2.26,1360326
2022-06-14,2.25,2.26,2.18,2.26,1117193
2022-06-15,2.25,2.31,2.23,2.26,1575047
2022-06-16,2.25,2.29,2.25,2.27,1186240
2022-06-17,2.25,2.27,2.21,2.25,863941
2022-06-20,2.25,2.25,2.22,2.22,787343
2022-06-21,2.23,2.25,2.2,2.24,802703
2022-06-22,2.24,2.24,2.18,2.18,793685
2022-06-23,2.19,2.22,2.17,2.21,708927
2022-06-24,2.22,2.24,2.21,2.23,764185
2022-06-27,2.24,2.25,2.21,2.22,730438
2022-06-28,2.22,2.25,2.2,2.24,816416
2022-06-29,2.24,2.3,2.23,2.24,1341037
2022-06-30,2.24,2.3,2.23,2.25,1128190
2022-07-01,2.25,2.25,2.22,2.22,685345
2022-07-04,2.22,2.24,2.2,2.21,701373
2022-07-05,2.21,2.22,2.16,2.19,923881
2022-07-06,2.18,2.19,2.13,2.15,705672
2022-07-07,2.15,2.18,2.14,2.17,562053
2022-07-08,2.16,2.21,2.16,2.2,648692
2022-07-11,2.2,2.2,2.15,2.17,505763
2022-07-12,2.17,2.17,2.14,2.15,431541
2022-07-13,2.15,2.18,2.14,2.18,440076
2022-07-14,2.18,2.18,2.14,2.15,485094
2022-07-15,2.15,2.15,2.08,2.08,712722
2022-07-18,2.09,2.16,2.08,2.15,634310
2022-07-19,2.16,2.23,2.15,2.22,1228417
2022-07-20,2.23,2.25,2.2,2.24,1073079
2022-07-21,2.24,2.27,2.22,2.23,982373
2022-07-22,2.24,2.26,2.21,2.22,592263
2022-07-25,2.22,2.24,2.18,2.2,557509
2022-07-26,2.2,2.26,2.19,2.26,1004647
2022-07-27,2.26,2.28,2.22,2.23,652605
2022-07-28,2.24,2.26,2.21,2.22,604907
2022-07-29,2.22,2.23,2.2,2.2,437259
2022-08-01,2.21,2.25,2.19,2.24,684996
2022-08-02,2.22,2.22,2.1,2.13,1281386
2022-08-03,2.12,2.18,2.1,2.11,819754
2022-08-04,2.13,2.14,2.11,2.13,513437
2022-08-05,2.14,2.2,2.13,2.19,799161
2022-08-08,2.19,2.23,2.18,2.22,665175
2022-08-09,2.22,2.23,2.19,2.19,498949
2022-08-10,2.18,2.19,2.15,2.16,634091
2022-08-11,2.17,2.22,2.16,2.22,763382
2022-08-12,2.21,2.24,2.2,2.23,879450
2022-08-15,2.24,2.24,2.2,2.21,678620
2022-08-16,2.21,2.22,2.19,2.2,773866
2022-08-17,2.2,2.21,2.18,2.21,536213
2022-08-18,2.2,2.21,2.16,2.17,771210
2022-08-19,2.17,2.21,2.16,2.17,823521
2022-08-22,2.17,2.19,2.14,2.18,597460
2022-08-23,2.19,2.19,2.17,2.18,539767
2022-08-24,2.18,2.2,2.14,2.14,921211
2022-08-25,2.15,2.16,2.12,2.15,783482
2022-08-26,2.16,2.16,2.12,2.12,658840
2022-08-29,2.11,2.14,2.09,2.13,608284
2022-08-30,2.13,2.16,2.12,2.14,616679
2022-08-31,2.14,2.15,2.11,2.11,586563
2022-09-01,2.11,2.15,2.11,2.11,531268
2022-09-02,2.12,2.15,2.11,2.14,620386
2022-09-05,2.14,2.16,2.12,2.15,581105
2022-09-06,2.15,2.17,2.14,2.16,488064
2022-09-07,2.15,2.16,2.12,2.13,598205
2022-09-08,2.13,2.14,2.11,2.12,447124
2022-09-09,2.12,2.16,2.11,2.15,670922
2022-09-13,2.15,2.16,2.12,2.13,510887
2022-09-14,2.11,2.12,2.09,2.11,612827
2022-09-15,2.12,2.13,2.07,2.08,731619
2022-09-16,2.08,2.09,2.01,2.01,809658
2022-09-19,2.01,2.02,1.97,1.98,561218
2022-09-20,1.99,2.02,1.98,2.0,415541
2022-09-21,2.0,2.03,1.96,2.03,647145
2022-09-22,2.01,2.06,2.0,2.01,524207
2022-09-23,2.02,2.03,1.99,2.0,453995
2022-09-26,1.99,2.0,1.92,1.93,756842
2022-09-27,1.92,1.97,1.92,1.96,420289
2022-09-28,1.96,1.97,1.93,1.93,426536
2022-09-29,1.94,1.96,1.91,1.91,469156
2022-09-30,1.91,1.94,1.9,1.92,369771
2022-10-10,1.93,1.94,1.9,1.91,425532
2022-10-11,1.9,1.92,1.88,1.91,387938
2022-10-12,1.91,1.97,1.91,1.97,703925
2022-10-13,1.96,2.06,1.96,2.01,1116812
2022-10-14,2.01,2.05,2.0,2.03,718863
2022-10-17,2.03,2.07,2.02,2.06,650431
2022-10-18,2.06,2.07,2.03,2.04,457652
2022-10-19,2.04,2.04,2.02,2.03,378210
2022-10-20,2.02,2.07,2.01,2.03,625472
2022-10-21,2.04,2.05,2.02,2.04,349717
2022-10-24,2.04,2.07,1.98,1.99,661208
2022-10-25,1.99,2.01,1.96,1.99,495701
2022-10-26,2.0,2.06,1.99,2.04,745371
2022-10-27,2.03,2.08,2.03,2.06,933239
2022-10-28,2.06,2.07,2.01,2.02,645068
2022-10-31,2.01,2.1,2.0,2.07,956853
2022-11-01,2.09,2.11,2.06,2.1,806516
2022-11-02,2.09,2.11,2.07,2.09,652093
2022-11-03,2.07,2.08,2.04,2.06,633042
2022-11-04,2.06,2.09,2.06,2.08,564658
2022-11-07,2.07,2.1,2.07,2.08,515355
2022-11-08,2.08,2.13,2.06,2.12,1161513
2022-11-09,2.11,2.12,2.08,2.08,637919
2022-11-10,2.07,2.18,2.06,2.13,1841271
2022-11-11,2.15,2.18,2.13,2.13,1446010
2022-11-14,2.12,2.14,2.11,2.12,838214
2022-11-15,2.12,2.16,2.11,2.14,742322
2022-11-16,2.14,2.16,2.13,2.15,832597
2022-11-17,2.15,2.2,2.13,2.19,1547490
2022-11-18,2.18,2.23,2.17,2.17,1660760
2022-11-21,2.16,2.18,2.12,2.13,940554
2022-11-22,2.13,2.15,2.11,2.12,689137
2022-11-23,2.12,2.13,2.07,2.09,786392
2022-11-24,2.09,2.11,2.07,2.09,561412
2022-11-25,2.08,2.1,2.07,2.09,500813
2022-11-28,2.08,2.09,2.05,2.06,528356
2022-11-29,2.06,2.11,2.06,2.1,668002
2022-11-30,2.1,2.11,2.08,2.1,507776
2022-12-01,2.11,2.14,2.1,2.12,767528
2022-12-02,2.12,2.16,2.11,2.15,919452
2022-12-05,2.15,2.17,2.14,2.16,817345
2022-12-06,2.16,2.17,2.13,2.14,602592
2022-12-07,2.14,2.15,2.11,2.12,544731
2022-12-08,2.12,2.13,2.09,2.1,567222
2022-12-09,2.11,2.11,2.08,2.09,519090
2022-12-12,2.08,2.1,2.07,2.09,456051
2022-12-13,2.09,2.1,2.07,2.08,453087
2022-12-14,2.08,2.1,2.08,2.09,328377
2022-12-15,2.09,2.11,2.08,2.09,565269
2022-12-16,2.08,2.09,2.06,2.09,475373
2022-12-19,2.08,2.1,2.01,2.03,782663
2022-12-20,2.03,2.04,2.01,2.02,536199
2022-12-21,2.02,2.03,1.98,1.99,448349
2022-12-22,1.99,2.03,1.99,1.99,374491
2022-12-23,1.99,2.02,1.98,2.02,339213
2022-12-26,2.01,2.03,2.0,2.01,257934
2022-12-27,2.01,2.02,2.0,2.01,298412
2022-12-28,2.01,2.02,1.97,1.98,445619
2022-12-29,1.97,2.0,1.97,1.98,358467
2022-12-30,1.99,2.02,1.98,2.01,444729
2023-01-03,2.02,2.08,2.01,2.08,767389
2023-01-04,2.08,2.1,2.07,2.09,826607
2023-01-05,2.1,2.11,2.09,2.1,617769
2023-01-06,2.1,2.11,2.07,2.08,626857
2023-01-09,2.29,2.29,2.29,2.29,842394
2023-01-10,2.51,2.52,2.36,2.52,6886093
2023-01-11,2.6,2.77,2.57,2.77,6432158
2023-01-12,2.86,3.05,2.77,2.79,13553921
2023-01-13,2.83,2.87,2.66,2.78,8247474
2023-01-16,2.8,2.87,2.6,2.61,7777697
2023-01-17,2.59,2.62,2.46,2.51,5501905
2023-01-18,2.5,2.57,2.43,2.51,3691002
2023-01-19,2.48,2.55,2.46,2.49,2774102
2023-01-20,2.52,2.74,2.5,2.74,5351280
2023-01-30,2.9,3.01,2.87,3.01,2276722
2023-01-31,3.22,3.22,2.99,3.15,12054383
2023-02-01,3.11,3.14,3.01,3.06,6989532
2023-02-02,3.02,3.13,3.01,3.02,5540949
2023-02-03,2.97,3.04,2.91,3.04,5049649
2023-02-06,3.01,3.01,2.92,2.93,3416321
2023-02-07,2.91,3.22,2.89,3.22,6940975
2023-02-08,3.26,3.42,3.1,3.11,9395918
2023-02-09,3.11,3.16,3.04,3.11,4630896
2023-02-10,3.1,3.15,3.05,3.09,3328424
2023-02-13,3.07,3.21,3.06,3.18,4097388
2023-02-14,3.21,3.26,3.09,3.12,3509734
2023-02-15,3.09,3.14,3.06,3.12,2575128
2023-02-16,3.09,3.14,2.98,3.02,3598560
2023-02-17,3.01,3.03,2.93,2.96,2655546
2023-02-20,2.94,3.05,2.91,3.03,2350245
2023-02-21,3.02,3.18,3.0,3.08,3296967
2023-02-22,3.05,3.1,3.01,3.05,1925753
2023-02-23,3.04,3.05,2.98,2.99,1710356
2023-02-24,3.01,3.07,3.0,3.02,1535797
2023-02-27,3.0,3.03,2.96,2.97,1358039
2023-02-28,2.98,3.03,2.97,3.02,1427392
2023-03-01,3.01,3.1,2.99,3.07,2440168
2023-03-02,3.06,3.11,3.04,3.08,2269051
2023-03-03,3.06,3.07,3.01,3.04,1783448
2023-03-06,3.05,3.06,3.0,3.02,1282223
2023-03-07,3.0,3.01,2.92,2.93,1953343
2023-03-08,2.92,3.03,2.91,3.0,1699939
2023-03-09,3.0,3.01,2.95,2.98,1140756
2023-03-10,2.96,3.02,2.95,2.95,1283244
2023-03-13,2.94,3.02,2.92,3.02,1782715
2023-03-14,3.01,3.01,2.93,2.97,1247650
2023-03-15,2.97,2.98,2.94,2.95,995366
2023-03-16,2.94,2.95,2.9,2.92,1208992
2023-03-17,2.93,3.01,2.93,2.99,2131709
2023-03-20,2.99,3.05,2.97,2.98,1532763
2023-03-21,2.98,3.28,2.96,3.28,5658512
2023-03-22,3.4,3.44,3.19,3.23,7375590
2023-03-23,3.23,3.29,3.18,3.21,3928581
2023-03-24,3.22,3.43,3.19,3.34,6669829
2023-03-27,3.39,3.66,3.37,3.51,7118065
2023-03-28,3.47,3.48,3.33,3.35,4147790
2023-03-29,3.35,3.37,3.26,3.29,3158901
2023-03-30,3.3,3.36,3.24,3.27,2308858
2023-03-31,3.25,3.34,3.18,3.33,2912200
2023-04-03,3.3,3.48,3.28,3.44,4142101
2023-04-04,3.44,3.48,3.37,3.42,3404198
2023-04-06,3.37,3.38,3.27,3.29,2935390
2023-04-07,3.29,3.42,3.27,3.38,2366176
2023-04-10,3.38,3.38,3.24,3.25,2314287
2023-04-11,3.24,3.32,3.23,3.28,1696521
2023-04-12,3.28,3.36,3.25,3.36,2410474
2023-04-13,3.34,3.43,3.31,3.32,2607729
2023-04-14,3.33,3.37,3.25,3.3,1639196
2023-04-17,3.27,3.28,3.21,3.24,1630848
2023-04-18,3.23,3.26,3.2,3.22,1202856
2023-04-19,3.22,3.3,3.21,3.26,1737198
2023-04-20,3.28,3.3,3.24,3.28,1631969
2023-04-21,3.26,3.27,3.09,3.1,2556809
2023-04-24,3.1,3.23,3.07,3.17,1711292
2023-04-25,3.16,3.16,3.0,3.06,2034832
2023-04-26,3.06,3.08,2.94,2.99,1760541
2023-04-27,2.98,3.01,2.91,2.94,1378135
2023-04-28,2.94,3.09,2.93,3.08,1739159
2023-05-04,3.05,3.12,3.04,3.1,1263501
2023-05-05,3.09,3.1,3.06,3.08,894556
2023-05-08,3.08,3.16,3.08,3.14,1445765
2023-05-09,3.12,3.14,3.06,3.07,1280131
2023-05-10,3.06,3.09,3.03,3.05,900114
2023-05-11,3.06,3.12,3.03,3.07,983997
2023-05-12,3.07,3.09,3.02,3.03,806619
2023-05-15,3.03,3.04,2.95,3.03,918305
2023-05-16,3.03,3.03,2.95,2.96,961922
2023-05-17,2.95,2.98,2.94,2.96,544507
2023-05-18,2.96,3.02,2.95,2.98,886313
2023-05-19,2.98,2.98,2.95,2.97,621564
2023-05-22,2.95,2.96,2.93,2.94,723480
2023-05-23,2.94,2.95,2.91,2.91,687326
2023-05-24,2.91,2.94,2.84,2.9,1175609
2023-05-25,2.88,2.91,2.8,2.85,1332786
2023-05-26,2.86,2.86,2.82,2.85,592816
2023-05-29,2.86,2.92,2.85,2.87,817169
2023-05-30,2.86,2.94,2.82,2.94,1177312
2023-05-31,2.93,2.97,2.92,2.96,822923
2023-06-01,2.94,3.07,2.93,3.03,1483567
2023-06-02,3.04,3.07,3.02,3.05,955226
2023-06-05,3.24,3.35,3.16,3.21,3415258
2023-06-06,3.19,3.22,3.06,3.07,1801881
2023-06-07,3.07,3.13,3.04,3.09,976862
2023-06-08,3.09,3.1,3.01,3.05,890969
2023-06-09,3.04,3.08,3.02,3.07,818978
2023-06-12,3.08,3.09,3.03,3.04,673692
2023-06-13,3.03,3.1,3.01,3.09,1131988
2023-06-14,3.09,3.1,3.05,3.06,688624
2023-06-15,3.05,3.07,3.02,3.03,806893
2023-06-16,3.03,3.07,3.01,3.06,750245
2023-06-19,3.06,3.09,3.03,3.07,838103
2023-06-20,3.07,3.16,3.05,3.08,1370412
2023-06-21,3.07,3.07,2.98,2.99,1295974
2023-06-26,2.97,2.97,2.86,2.87,1143138
2023-06-27,2.87,2.93,2.86,2.91,605178
2023-06-28,2.9,2.91,2.81,2.86,830524
2023-06-29,2.85,2.88,2.84,2.86,507714
2023-06-30,2.86,2.89,2.84,2.89,560535
2023-07-03,2.88,2.9,2.85,2.89,664763
2023-07-04,2.88,2.91,2.87,2.9,536763
2023-07-05,2.9,2.9,2.85,2.85,586634
2023-07-06,2.85,2.89,2.85,2.85,540769
2023-07-07,2.85,2.85,2.81,2.83,522221
2023-07-10,2.84,2.85,2.83,2.84,351041
2023-07-11,2.84,2.85,2.83,2.85,319057
2023-07-12,2.95,3.12,2.95,2.96,2770124
2023-07-13,2.95,3.0,2.93,2.99,1306787
2023-07-14,2.99,3.02,2.97,2.98,938911
2023-07-17,2.98,2.99,2.95,2.96,546188
2023-07-18,2.96,2.96,2.91,2.94,572429
2023-07-19,2.94,2.96,2.93,2.94,422699
2023-07-20,2.94,3.02,2.93,2.97,975406
2023-07-21,2.96,2.97,2.94,2.95,519886
2023-07-24,2.95,2.97,2.93,2.94,502720
2023-07-25,2.96,3.0,2.95,2.99,723030
2023-07-26,2.99,2.99,2.96,2.99,514671
2023-07-27,2.98,3.09,2.98,3.03,1406671
2023-07-28,3.03,3.07,3.0,3.06,944729
2023-07-31,3.06,3.08,3.03,3.06,923761
2023-08-01,3.06,3.14,3.03,3.11,1442341
2023-08-02,3.11,3.14,3.07,3.08,964241
2023-08-03,3.07,3.08,3.04,3.06,656435
2023-08-04,3.08,3.19,3.07,3.16,2252362
2023-08-07,3.26,3.31,3.13,3.14,2255525
2023-08-08,3.18,3.19,3.09,3.11,1083185
2023-08-09,3.1,3.14,3.09,3.1,764166
2023-08-10,3.09,3.1,3.04,3.07,759761
2023-08-11,3.08,3.08,3.02,3.02,652865
2023-08-14,3.02,3.05,3.0,3.04,613408
2023-08-15,3.05,3.05,2.98,3.01,629999
2023-08-16,2.99,3.01,2.94,2.98,650809
2023-08-17,2.97,3.0,2.94,2.99,482188
2023-08-18,2.98,3.03,2.94,2.94,695506
2023-08-21,2.95,2.97,2.93,2.93,435728
2023-08-22,2.94,2.99,2.92,2.99,740971
2023-08-23,2.98,3.01,2.94,2.94,580083
2023-08-24,2.95,2.98,2.94,2.95,424070
2023-08-25,2.94,2.95,2.88,2.89,665088
2023-08-28,3.0,3.04,2.94,2.94,976750
2023-08-29,2.93,3.02,2.93,3.0,826801
2023-08-30,3.0,3.1,2.99,3.09,1501946
2023-08-31,3.3,3.39,3.12,3.13,5002808
2023-09-01,3.14,3.17,3.01,3.01,2295777
2023-09-04,2.99,3.02,2.95,2.99,1558266
2023-09-05,3.01,3.12,3.01,3.04,1442279
2023-09-06,3.02,3.04,2.97,3.02,952098
2023-09-07,3.01,3.05,3.0,3.02,729960
2023-09-08,3.01,3.02,2.98,3.0,514595
2023-09-11,3.02,3.05,3.0,3.03,789052
2023-09-12,3.05,3.14,3.01,3.09,1559101
2023-09-13,3.07,3.08,2.98,3.05,1617555
2023-09-14,3.04,3.04,3.0,3.01,523690
2023-09-15,3.02,3.03,2.99,3.0,547879
2023-09-18,2.99,3.01,2.97,2.99,481096
2023-09-19,2.99,3.0,2.97,2.97,459079
2023-09-20,2.97,2.99,2.92,2.93,751554
2023-09-21,2.93,2.95,2.91,2.93,463291
2023-09-22,2.93,2.98,2.93,2.97,531370
2023-09-25,2.97,2.98,2.94,2.95,506233
2023-09-26,2.94,2.96,2.93,2.93,479849
2023-09-27,2.93,3.01,2.92,2.99,1063830
2023-09-28,2.99,3.0,2.96,2.96,477350
2023-10-09,2.96,2.98,2.95,2.97,449263
2023-10-10,2.97,2.98,2.96,2.96,336476
2023-10-11,2.96,3.01,2.94,3.0,972860
2023-10-12,3.0,3.02,2.98,3.01,662057
2023-10-13,3.01,3.04,2.99,3.01,723969
2023-10-16,3.0,3.01,2.96,2.96,685370
2023-10-17,2.97,2.98,2.95,2.97,462990
2023-10-18,2.97,2.97,2.93,2.94,529088
2023-10-19,2.92,2.96,2.9,2.91,627407
2023-10-20,2.9,2.91,2.85,2.86,747116
2023-10-23,2.85,2.85,2.69,2.71,946602
2023-10-24,2.71,2.77,2.69,2.74,699032
2023-10-25,2.75,2.84,2.75,2.81,705359
2023-10-26,2.8,2.83,2.78,2.82,523907
2023-10-27,2.81,2.83,2.77,2.81,604328
2023-10-30,2.8,2.83,2.8,2.82,549562
2023-10-31,2.82,2.83,2.78,2.8,489674
2023-11-01,2.8,2.82,2.78,2.79,416103
2023-11-02,2.78,2.81,2.76,2.76,576440
2023-11-03,2.76,2.82,2.75,2.8,593273
2023-11-06,2.82,2.88,2.81,2.87,938783
2023-11-07,2.86,2.89,2.84,2.86,584948
2023-11-08,2.86,2.92,2.85,2.9,821889
2023-11-09,2.9,2.91,2.87,2.88,544998
2023-11-10,2.87,2.88,2.84,2.85,504793
2023-11-13,2.86,2.9,2.85,2.89,557887
2023-11-14,2.89,3.0,2.88,2.99,1572525
2023-11-15,3.13,3.25,3.02,3.03,3309151
2023-11-16,3.03,3.12,3.0,3.07,2113497
2023-11-17,3.05,3.29,3.04,3.2,4071382
2023-11-20,3.27,3.52,3.27,3.52,6719484
2023-11-21,3.87,3.87,3.71,3.87,6347524
2023-11-22,3.87,3.9,3.61,3.61,11882671
2023-11-23,3.54,3.6,3.36,3.37,7522240
2023-11-24,3.38,3.45,3.3,3.3,4077687
2023-11-27,3.3,3.33,3.22,3.23,3122867
2023-11-28,3.22,3.33,3.22,3.29,2679667
2023-11-29,3.31,3.36,3.24,3.26,1985303
2023-11-30,3.25,3.29,3.17,3.19,2283158
2023-12-01,3.19,3.28,3.18,3.27,1873516
2023-12-04,3.29,3.33,3.27,3.27,1828923
2023-12-05,3.27,3.27,3.19,3.2,1493911
2023-12-06,3.19,3.29,3.17,3.26,1782699
2023-12-07,3.25,3.31,3.23,3.26,1539002
2023-12-08,3.28,3.32,3.24,3.24,1393880
2023-12-11,3.22,3.28,3.2,3.27,1677073
2023-12-12,3.27,3.3,3.24,3.29,1214684
2023-12-13,3.3,3.3,3.24,3.24,1013969
2023-12-14,3.26,3.39,3.23,3.24,2510060
2023-12-15,3.22,3.26,3.18,3.21,1512744
2023-12-18,3.2,3.22,3.14,3.16,1251380
2023-12-19,3.18,3.2,3.14,3.18,1115026
2023-12-20,3.18,3.19,3.09,3.1,1147731
2023-12-21,3.08,3.12,3.06,3.11,1005538
2023-12-22,3.12,3.15,3.03,3.05,1360702
2023-12-25,3.04,3.08,2.97,3.02,1008918
2023-12-26,3.05,3.06,2.95,2.96,769814
2023-12-27,2.98,3.0,2.92,2.97,1053064
2023-12-28,2.97,3.02,2.94,3.01,931147
2023-12-29,3.01,3.09,3.0,3.07,1154711
2024-01-02,3.07,3.09,3.01,3.01,1045554
2024-01-03,3.01,3.03,2.99,3.01,695851
2024-01-04,3.0,3.01,2.96,2.98,717859
2024-01-05,2.98,2.99,2.81,2.89,1164958
2024-01-08,2.87,2.91,2.85,2.85,719314
2024-01-09,2.86,2.88,2.81,2.84,720773
2024-01-10,2.84,2.84,2.77,2.78,685361
2024-01-11,2.77,2.88,2.76,2.87,1041587
2024-01-12,2.86,2.87,2.81,2.82,706753
2024-01-15,2.82,2.83,2.78,2.8,576855
2024-01-16,2.81,2.81,2.75,2.8,801859
2024-01-17,2.8,2.81,2.73,2.73,763449
2024-01-18,2.72,2.75,2.64,2.71,1181491
2024-01-19,2.71,2.72,2.65,2.66,758364
2024-01-22,2.65,2.67,2.46,2.5,1218121
2024-01-23,2.48,2.57,2.46,2.56,966838
2024-01-24,2.62,2.67,2.53,2.63,1265632
2024-01-25,2.64,2.78,2.61,2.74,1641943
2024-01-26,2.74,2.75,2.69,2.7,1301544
2024-01-29,2.71,2.73,2.62,2.63,926967
2024-01-30,2.63,2.71,2.58,2.59,1146253
2024-01-31,2.57,2.6,2.47,2.47,1337032
2024-02-01,2.45,2.5,2.39,2.43,993787
2024-02-02,2.45,2.51,2.27,2.37,1320116
2024-02-05,2.35,2.35,2.13,2.15,1684118
2024-02-06,2.13,2.37,2.12,2.37,1995149
2024-02-07,2.41,2.59,2.41,2.57,2431588
2024-02-08,2.57,2.71,2.56,2.63,2003909
2024-02-19,2.71,2.72,2.61,2.66,1395830
2024-02-20,2.63,2.68,2.59,2.67,1078083
2024-02-21,2.68,2.76,2.66,2.7,1747772
2024-02-22,2.69,2.75,2.68,2.75,1309379
2024-02-23,2.75,2.81,2.72,2.79,1655265
2024-02-26,2.83,2.84,2.77,2.79,1503426
2024-02-27,2.78,2.94,2.76,2.94,2050719
2024-02-28,2.95,2.98,2.75,2.76,2346404
2024-02-29,2.74,2.88,2.74,2.86,1563540
2024-03-01,2.85,2.9,2.83,2.89,1283177
2024-03-04,2.9,2.95,2.87,2.9,1279368
2024-03-05,2.87,2.9,2.83,2.85,1184496
2024-03-06,2.84,2.87,2.81,2.84,902960
2024-03-07,2.85,2.87,2.79,2.79,1033808
2024-03-08,2.78,2.89,2.76,2.88,1277016
2024-03-11,2.95,3.02,2.9,2.95,1753282
2024-03-12,2.93,2.95,2.89,2.92,1171609
2024-03-13,2.91,2.99,2.9,2.94,1510630
2024-03-14,2.93,2.97,2.86,2.9,1289461
2024-03-15,2.88,2.99,2.86,2.99,2297840
2024-03-18,3.02,3.04,2.96,3.01,1691093
2024-03-19,2.99,3.02,2.96,2.96,1406626
2024-03-20,2.96,3.04,2.95,3.03,1683457
2024-03-21,3.04,3.16,3.04,3.12,2769083
2024-03-22,3.13,3.15,3.01,3.04,1966538
2024-03-25,3.05,3.25,3.02,3.08,2861262
2024-03-26,3.07,3.11,2.98,3.03,1730746
2024-03-27,3.0,3.03,2.85,2.87,1586805
2024-03-28,2.87,3.01,2.87,2.97,1551752
2024-03-29,2.98,2.99,2.91,2.96,1014075
2024-04-01,2.96,3.03,2.96,3.02,1035714
2024-04-02,3.05,3.05,2.97,2.99,928630
2024-04-03,2.98,2.99,2.93,2.95,854345
2024-04-08,2.95,3.03,2.91,2.97,1401280
2024-04-09,2.94,2.98,2.92,2.94,1028048
2024-04-10,2.93,2.94,2.84,2.87,1124133
2024-04-11,2.88,2.98,2.88,2.94,1145094
2024-04-12,2.93,2.94,2.88,2.88,799667
2024-04-15,2.88,2.91,2.81,2.85,1025862
2024-04-16,2.84,2.87,2.71,2.72,1315134
2024-04-17,2.76,2.88,2.76,2.88,1232380
2024-04-18,2.88,2.89,2.82,2.84,958756
2024-04-19,2.82,2.86,2.78,2.79,884378
2024-04-22,2.79,2.8,2.74,2.74,670179
2024-04-23,2.75,2.8,2.73,2.73,553582
2024-04-24,2.74,2.78,2.73,2.78,628508
2024-04-25,2.77,2.8,2.75,2.76,585940
2024-04-26,2.77,2.92,2.76,2.89,1475371
2024-04-29,2.95,3.0,2.94,2.98,1693642
2024-04-30,2.97,3.01,2.93,2.97,1103250
2024-05-06,3.0,3.04,2.96,2.97,1007416
2024-05-07,2.97,3.0,2.94,2.96,853280
2024-05-08,2.94,2.95,2.89,2.89,812815
2024-05-09,2.89,2.93,2.88,2.91,609588
2024-05-10,2.91,2.93,2.87,2.89,614560
2024-05-13,2.86,2.87,2.82,2.84,698268
2024-05-14,2.83,2.88,2.83,2.85,545682
2024-05-15,2.84,2.85,2.8,2.81,598964
2024-05-16,2.84,2.86,2.82,2.83,614999
2024-05-17,2.83,2.87,2.81,2.87,623931
2024-05-20,2.86,2.89,2.84,2.85,711993
2024-05-21,2.85,2.87,2.82,2.83,544358
2024-05-22,2.82,2.84,2.81,2.82,410836
2024-05-23,2.82,2.82,2.75,2.76,720747
2024-05-24,2.76,2.78,2.73,2.74,489936
2024-05-27,2.73,2.78,2.69,2.77,843771
2024-05-28,2.78,2.79,2.74,2.75,507559
2024-05-29,2.74,2.83,2.74,2.8,830575
2024-05-30,2.79,2.81,2.77,2.78,486715
2024-05-31,2.78,2.8,2.75,2.75,410728
2024-06-03,2.75,2.76,2.68,2.71,728364
2024-06-04,2.71,2.71,2.66,2.71,575750
2024-06-05,2.69,2.72,2.67,2.67,422123
2024-06-06,2.66,2.7,2.55,2.57,1042620
2024-06-07,2.59,2.65,2.58,2.62,676390
2024-06-11,2.62,2.63,2.58,2.62,438468
2024-06-12,2.62,2.65,2.61,2.64,451925
2024-06-13,2.65,2.66,2.61,2.62,410766
2024-06-14,2.61,2.69,2.6,2.68,642335
2024-06-17,2.67,2.69,2.65,2.66,364133
2024-06-18,2.66,2.71,2.66,2.7,442054
2024-06-19,2.71,2.73,2.68,2.69,439168
2024-06-20,2.68,2.69,2.6,2.61,547310
2024-06-21,2.6,2.64,2.58,2.61,394148
2024-06-24,2.59,2.6,2.48,2.5,801381
2024-06-25,2.5,2.53,2.42,2.45,637857
2024-06-26,2.45,2.56,2.43,2.55,697327
2024-06-27,2.55,2.55,2.51,2.53,489346
2024-06-28,2.51,2.56,2.5,2.51,495226
2024-07-01,2.52,2.53,2.46,2.52,441869
2024-07-02,2.52,2.58,2.51,2.54,544312
2024-07-03,2.54,2.55,2.51,2.52,422872
2024-07-04,2.51,2.54,2.45,2.45,521849
2024-07-05,2.44,2.49,2.43,2.47,451706
2024-07-08,2.45,2.46,2.38,2.39,522026
2024-07-09,2.39,2.43,2.34,2.42,712889
2024-07-10,2.38,2.38,2.24,2.33,1149925
2024-07-11,2.39,2.55,2.39,2.43,934429
2024-07-12,2.42,2.42,2.36,2.37,674462
2024-07-15,2.36,2.47,2.35,2.42,960502
2024-07-16,2.51,2.62,2.44,2.57,2086957
2024-07-17,2.5,2.52,2.44,2.45,1256102
2024-07-18,2.41,2.41,2.36,2.39,760820
2024-07-19,2.38,2.4,2.36,2.39,460517
2024-07-22,2.39,2.42,2.38,2.4,522735
2024-07-23,2.39,2.41,2.35,2.35,515998
2024-07-24,2.35,2.37,2.3,2.31,524107
2024-07-25,2.29,2.33,2.27,2.31,466860
2024-07-26,2.31,2.35,2.3,2.33,407741
2024-07-29,2.33,2.37,2.32,2.36,501135
2024-07-30,2.35,2.37,2.34,2.36,413865
2024-07-31,2.36,2.45,2.35,2.45,831025
2024-08-01,2.46,2.49,2.43,2.45,625970
2024-08-02,2.44,2.48,2.42,2.43,564571
2024-08-05,2.41,2.46,2.37,2.38,641152
2024-08-06,2.39,2.43,2.36,2.41,485670
2024-08-07,2.4,2.41,2.38,2.39,363720
2024-08-08,2.37,2.4,2.34,2.38,448031
2024-08-09,2.39,2.41,2.36,2.37,340250
2024-08-12,2.36,2.37,2.32,2.33,399344
2024-08-13,2.33,2.36,2.32,2.35,351778
2024-08-14,2.36,2.38,2.33,2.35,360942
2024-08-15,2.36,2.43,2.34,2.39,623706
2024-08-16,2.4,2.41,2.37,2.39,394493
2024-08-19,2.39,2.43,2.38,2.41,466582
2024-08-20,2.41,2.42,2.36,2.37,464505
2024-08-21,2.36,2.39,2.33,2.34,407029
2024-08-22,2.34,2.36,2.27,2.27,592283
2024-08-23,2.27,2.32,2.27,2.3,403227
2024-08-26,2.3,2.31,2.23,2.26,572313
2024-08-27,2.25,2.27,2.16,2.17,728313
2024-08-28,2.16,2.21,2.13,2.18,527500
2024-08-29,2.17,2.22,2.16,2.21,435467
2024-08-30,2.22,2.32,2.21,2.28,806674
2024-09-02,2.28,2.3,2.22,2.23,545088
2024-09-03,2.24,2.25,2.2,2.24,441099
2024-09-04,2.22,2.24,2.2,2.21,383349
2024-09-05,2.21,2.27,2.21,2.25,434636
2024-09-06,2.25,2.26,2.21,2.22,360309
2024-09-09,2.2,2.23,2.18,2.2,417407
2024-09-10,2.2,2.24,2.16,2.22,526412
2024-09-11,2.21,2.22,2.17,2.18,340886
2024-09-12,2.18,2.23,2.18,2.2,429187
2024-09-13,2.21,2.22,2.17,2.17,315379
2024-09-18,2.17,2.18,2.12,2.14,439965
2024-09-19,2.15,2.23,2.14,2.22,741527
2024-09-20,2.22,2.24,2.21,2.23,484376
2024-09-23,2.24,2.29,2.23,2.28,720015
2024-09-24,2.27,2.34,2.25,2.33,951247
2024-09-25,2.34,2.45,2.34,2.39,1234627
2024-09-26,2.38,2.45,2.37,2.45,957747
2024-09-27,2.5,2.63,2.48,2.58,1508784
2024-09-30,2.7,2.84,2.7,2.84,2643953
2024-10-08,3.12,3.12,2.92,3.12,4543004
2024-10-09,3.08,3.12,2.89,2.89,3266571
2024-10-10,2.9,3.0,2.81,2.85,2071426
2024-10-11,2.84,2.84,2.67,2.73,1726655
2024-10-14,2.73,2.78,2.67,2.77,1449006
2024-10-15,2.76,2.86,2.73,2.75,1685738
2024-10-16,2.71,2.8,2.69,2.77,1112570
2024-10-17,2.79,2.82,2.75,2.75,1190944
2024-10-18,2.73,2.9,2.71,2.84,1920601
2024-10-21,2.89,2.93,2.85,2.89,1691098
2024-10-22,2.9,2.92,2.85,2.9,1359292
2024-10-23,2.9,2.92,2.86,2.87,1513121
2024-10-24,2.86,2.87,2.82,2.84,1005147
2024-10-25,2.84,2.95,2.84,2.92,1626794
2024-10-28,2.93,3.02,2.91,3.0,2124129
2024-10-29,3.03,3.05,2.93,2.95,1646204
2024-10-30,2.94,3.03,2.92,3.0,1813530
2024-10-31,3.03,3.11,2.99,3.09,2542865
2024-11-01,3.1,3.11,2.88,2.9,2578513
2024-11-04,2.89,3.0,2.87,2.93,1644733
2024-11-05,2.91,3.05,2.9,3.04,2486896
2024-11-06,3.06,3.34,3.06,3.34,3427028
2024-11-07,3.54,3.54,3.26,3.39,8470844
2024-11-08,3.41,3.68,3.41,3.44,6380752
2024-11-11,3.44,3.6,3.41,3.52,4116961
2024-11-12,3.55,3.58,3.33,3.37,3627966
2024-11-13,3.35,3.39,3.26,3.31,2154334
2024-11-14,3.33,3.39,3.22,3.23,2108421
2024-11-15,3.22,3.37,3.2,3.22,3121811
2024-11-18,3.21,3.23,3.02,3.04,2893190
2024-11-19,3.06,3.08,2.95,3.06,1923340
2024-11-20,3.05,3.17,3.02,3.15,2034755
2024-11-21,3.15,3.33,3.08,3.24,2983699
2024-11-22,3.18,3.45,3.16,3.22,4309979
2024-11-25,3.33,3.45,3.23,3.4,4379616
2024-11-26,3.33,3.74,3.28,3.74,3456004
2024-11-27,3.8,3.83,3.53,3.67,7244355
2024-11-28,3.66,3.86,3.54,3.56,5572677
2024-11-29,3.5,3.79,3.45,3.68,5440003
2024-12-02,3.75,4.05,3.71,4.05,6014066
2024-12-03,4.29,4.46,4.23,4.46,5031522
2024-12-04,4.91,4.91,4.32,4.91,13639874
2024-12-05,4.79,5.4,4.56,5.4,10866567
2024-12-06,5.9,5.93,5.4,5.44,18799704
2024-12-09,5.2,5.76,4.91,5.49,14679383
2024-12-10,5.5,5.6,4.95,4.95,12596581
2024-12-11,4.76,4.85,4.62,4.7,9274947
2024-12-12,4.66,4.74,4.47,4.57,6598401
2024-12-13,4.58,4.65,4.51,4.52,5547999
2024-12-16,4.55,4.76,4.46,4.72,5795846
2024-12-17,4.75,4.75,4.36,4.39,4509423
2024-12-18,4.38,4.83,4.36,4.83,6396697
2024-12-19,4.98,5.28,4.84,4.93,12474891
2024-12-20,4.8,5.1,4.73,4.99,7558489
2024-12-23,5.0,5.12,4.75,4.88,6464642
2024-12-24,4.87,4.87,4.51,4.58,6142621
2024-12-25,4.69,4.92,4.36,4.4,5215002
2024-12-26,4.3,4.49,4.26,4.37,3667540
2024-12-27,4.34,4.55,4.32,4.42,4055962
2024-12-30,4.4,4.4,4.18,4.2,3762922
2024-12-31,4.21,4.23,3.95,3.97,3846519
2025-01-02,3.95,4.03,3.87,3.92,3055386
2025-01-03,3.93,3.96,3.67,3.69,3211573
2025-01-06,3.65,3.69,3.51,3.53,2671770
2025-01-07,3.56,3.78,3.55,3.74,4570029
2025-01-08,3.78,3.9,3.64,3.87,5607509
2025-01-09,3.78,3.94,3.75,3.88,3963020
2025-01-10,3.89,4.23,3.82,3.96,5606237
2025-01-13,3.98,4.09,3.9,3.98,3531116
2025-01-14,3.99,4.36,3.93,4.28,5513051
2025-01-15,4.26,4.39,4.13,4.21,4534497
2025-01-16,4.26,4.38,4.18,4.28,4088527
2025-01-17,4.21,4.25,4.15,4.15,2694058
2025-01-20,4.19,4.24,4.09,4.19,3093397
2025-01-21,4.2,4.22,4.03,4.08,2723752
2025-01-22,4.04,4.05,3.97,3.98,2126921
2025-01-23,4.05,4.23,4.03,4.05,3377968
2025-01-24,4.02,4.14,4.01,4.1,2533477
2025-01-27,4.15,4.22,4.04,4.07,2467352
2025-02-05,4.21,4.48,4.18,4.48,5541120
2025-02-06,4.53,4.79,4.44,4.66,7204020
2025-02-07,4.56,4.78,4.51,4.65,7061349
2025-02-10,4.65,5.11,4.63,4.99,7643396
2025-02-11,4.99,5.09,4.81,4.88,6248490
2025-02-12,4.82,5.37,4.79,5.27,8568520
2025-02-13,5.1,5.18,4.98,5.06,6859961
2025-02-14,4.99,4.99,4.8,4.87,4584202
2025-02-17,4.97,5.08,4.94,5.01,4278612
2025-02-18,5.0,5.08,4.77,4.77,4288749
2025-02-19,4.79,4.92,4.77,4.88,3136382
2025-02-20,4.89,5.1,4.89,4.97,4094385
2025-02-21,5.01,5.4,4.99,5.24,7182653
2025-02-24,5.08,5.08,4.95,4.97,5873814
2025-02-25,4.86,4.97,4.77,4.88,3366915
2025-02-26,5.0,5.08,4.95,5.01,3597487
2025-02-27,4.99,5.12,4.88,4.95,3187421
2025-02-28,4.98,5.19,4.93,5.0,5651234
2025-03-03,5.08,5.34,4.86,5.23,6258978
2025-03-04,5.08,5.36,5.05,5.21,5061311
2025-03-05,5.27,5.73,5.18,5.73,7642602
2025-03-06,6.02,6.3,5.94,6.3,6480192
2025-03-07,6.93,6.93,6.26,6.28,18609058
2025-03-10,6.43,6.85,6.1,6.34,15163924
2025-03-11,6.15,6.97,6.11,6.97,18641922
2025-03-12,7.1,7.26,6.76,6.77,20166122
2025-03-13,6.72,6.77,6.21,6.31,11953228
2025-03-14,6.28,6.45,6.2,6.33,8236013
2025-03-17,6.33,6.41,6.21,6.26,6193334
2025-03-18,6.31,6.86,6.25,6.65,11007867
2025-03-19,6.58,7.0,6.48,6.85,10027074
2025-03-20,6.83,6.95,6.55,6.65,7989200
2025-03-21,6.5,6.53,6.25,6.25,6143851
2025-03-24,6.18,6.36,5.81,6.29,6603414
2025-03-25,6.25,6.26,5.91,5.92,4146256
2025-03-26,5.82,6.01,5.82,5.86,3008577
2025-03-27,5.87,5.91,5.6,5.62,4037523
2025-03-28,5.59,5.67,5.52,5.54,2855427
2025-03-31,5.48,5.72,5.25,5.54,5449286
2025-04-01,5.59,5.62,5.37,5.41,3504600
2025-04-02,5.4,5.69,5.4,5.6,4992378
2025-04-03,5.5,5.62,5.41,5.46,3077861
2025-04-07,5.06,5.18,4.91,4.91,2367860
2025-04-08,4.63,4.87,4.47,4.61,4649779
2025-04-09,4.5,4.84,4.15,4.77,4720577
2025-04-10,4.9,5.07,4.85,4.92,3800603
2025-04-11,4.84,5.03,4.81,4.95,2920706
2025-04-14,5.05,5.21,5.04,5.12,3705944
2025-04-15,5.12,5.15,5.0,5.06,2287250
2025-04-16,5.02,5.12,4.9,4.96,2742023
2025-04-17,4.91,5.09,4.91,4.94,2249175
2025-04-18,4.96,5.28,4.91,5.17,5113135
2025-04-21,5.21,5.37,5.09,5.35,4600193
2025-04-22,5.28,5.33,5.13,5.16,3782747
2025-04-23,5.2,5.43,5.17,5.33,4074407
2025-04-24,5.33,5.33,5.15,5.16,2629963
2025-04-25,5.12,5.19,5.1,5.1,2215549
2025-04-28,5.12,5.14,4.96,4.97,2233620
2025-04-29,4.94,5.08,4.88,5.0,2011351
2025-04-30,5.07,5.18,5.03,5.15,2781437
2025-05-06,5.22,5.67,5.19,5.67,4719079
2025-05-07,6.0,6.1,5.8,5.89,10582858
2025-05-08,5.92,6.0,5.81,5.84,5836422
2025-05-09,5.79,5.92,5.71,5.82,4938125
2025-05-12,5.87,5.98,5.81,5.97,4689694
2025-05-13,6.07,6.09,5.8,5.82,3968237
2025-05-14,5.8,5.92,5.77,5.86,2893606
2025-05-15,5.86,5.87,5.64,5.65,2804621
2025-05-16,5.65,5.77,5.62,5.72,2447780
2025-05-19,5.72,5.8,5.64,5.69,1989457
2025-05-20,5.67,5.73,5.58,5.7,2068746
2025-05-21,5.76,5.86,5.7,5.72,2675802
2025-05-22,5.67,5.8,5.58,5.61,1929672
2025-05-23,5.58,5.59,5.38,5.39,2606634
2025-05-26,5.41,5.44,5.36,5.42,1532248
2025-05-27,5.42,5.42,5.3,5.32,1570351
2025-05-28,5.32,5.8,5.27,5.64,4403306
2025-05-29,5.53,5.7,5.48,5.67,3574501
2025-05-30,5.68,5.79,5.55,5.65,3235395
2025-06-03,5.58,5.76,5.55,5.63,2110115
2025-06-04,5.63,5.63,5.55,5.58,1766728
2025-06-05,5.57,5.64,5.47,5.6,2232827
2025-06-06,5.6,5.62,5.52,5.52,1246669
2025-06-09,5.53,5.6,5.52,5.53,1396310
2025-06-10,5.57,5.57,5.34,5.42,1946743
2025-06-11,5.42,5.53,5.4,5.47,1530092
2025-06-12,5.42,5.48,5.39,5.4,1268622
2025-06-13,5.36,5.38,5.22,5.23,1848563
2025-06-16,5.23,5.38,5.23,5.34,1359633
2025-06-17,5.58,5.85,5.5,5.74,6886389
2025-06-18,5.58,5.61,5.41,5.46,4134342
2025-06-19,5.4,5.5,5.32,5.33,2180868
2025-06-20,5.3,5.34,5.26,5.27,1273203
2025-06-23,5.2,5.33,5.16,5.33,1230614
2025-06-24,5.38,5.53,5.36,5.44,2377480
2025-06-25,5.44,5.48,5.37,5.46,2254599
2025-06-26,5.46,5.54,5.43,5.48,2330840
2025-06-27,5.48,5.59,5.45,5.54,2413815
2025-06-30,5.69,5.73,5.56,5.63,3207318
2025-07-01,5.61,5.77,5.56,5.6,3284953
2025-07-02,5.55,5.55,5.42,5.44,2259369
2025-07-03,5.44,5.48,5.41,5.45,1128763
2025-07-04,5.54,5.57,5.45,5.46,1781287
2025-07-07,5.4,5.46,5.36,5.41,1185395
2025-07-08,5.42,5.49,5.4,5.47,1384004
2025-07-09,5.48,5.5,5.42,5.43,1394146
2025-07-10,5.41,5.46,5.37,5.44,1205364
2025-07-11,5.42,5.52,5.38,5.48,1741283
2025-07-14,5.48,5.5,5.42,5.44,1168012
2025-07-15,5.47,5.59,5.45,5.54,2483440
2025-07-16,5.62,5.83,5.56,5.65,3915565
2025-07-17,5.56,5.68,5.52,5.64,2435345
2025-07-18,5.78,5.79,5.64,5.65,2293467
2025-07-21,5.65,5.73,5.65,5.68,2012165
2025-07-22,5.68,5.68,5.56,5.58,1937879
2025-07-23,5.58,5.6,5.53,5.55,1511706
2025-07-24,5.56,5.64,5.54,5.63,1772522
2025-07-25,5.66,6.01,5.62,5.88,6294243
2025-07-28,6.0,6.01,5.81,5.84,4630194
2025-07-29,5.85,5.94,5.72,5.77,2961494
2025-07-30,5.74,5.77,5.61,5.67,2245976
2025-07-31,5.67,5.77,5.61,5.74,2778210
2025-08-01,5.74,5.81,5.66,5.7,2154030
2025-08-04,5.65,5.68,5.56,5.68,1661443
2025-08-05,5.66,5.75,5.62,5.7,1899877
2025-08-06,5.68,5.74,5.63,5.73,2202286
2025-08-07,5.72,5.76,5.63,5.75,2450395
2025-08-08,5.91,6.3,5.81,5.81,7676298
2025-08-11,5.77,5.92,5.77,5.87,3642693
2025-08-12,5.82,6.03,5.8,5.93,3978957
2025-08-13,5.92,5.97,5.86,5.92,3365036
2025-08-14,5.93,6.3,5.84,6.13,7195893
2025-08-15,6.1,6.12,6.02,6.08,4231954
2025-08-18,6.08,6.15,6.06,6.1,4453486
2025-08-19,6.16,6.68,6.15,6.37,7376473
2025-08-20,6.28,6.54,6.23,6.48,5159688
2025-08-21,6.47,6.47,6.17,6.27,4759581
2025-08-22,6.27,6.35,6.22,6.34,3030871
2025-08-25,6.39,6.49,6.32,6.41,4302948
2025-08-26,6.46,6.93,6.4,6.65,6566987
2025-08-27,6.73,7.32,6.66,7.32,11786553
2025-08-28,7.43,8.05,7.35,8.05,16470133
2025-08-29,8.3,8.68,8.15,8.55,16226637
2025-09-01,8.55,9.38,8.02,8.88,15682759
2025-09-02,8.89,8.97,8.17,8.27,12155221
2025-09-03,8.27,9.1,8.06,9.02,17955051
2025-09-04,8.6,8.65,8.12,8.12,13581598
2025-09-05,7.79,8.37,7.4,8.23,11726393
2025-09-08,8.18,8.39,8.01,8.22,8371963
2025-09-09,8.15,8.17,7.59,7.62,8361912
2025-09-10,7.66,7.97,7.66,7.86,6756499
2025-09-11,7.87,8.25,7.87,8.18,7652596
2025-09-12,8.19,8.34,8.1,8.15,6170730
2025-09-15,8.16,8.83,8.07,8.45,11275438
2025-09-16,8.43,9.09,8.36,8.82,11635218
2025-09-17,8.72,8.82,8.55,8.61,7525606
2025-09-18,8.6,8.74,8.16,8.35,8686561
2025-09-19,8.36,8.52,7.98,8.03,6320445
2025-09-22,7.98,8.02,7.83,7.97,4511439
2025-09-23,8.0,8.02,7.44,7.66,5130030
2025-09-24,7.63,7.77,7.51,7.76,3819480
2025-09-25,7.8,8.35,7.78,8.2,7571024
2025-09-26,8.12,8.12,7.7,7.73,4924128
2025-09-29,7.73,7.84,7.61,7.77,2793354
2025-09-30,7.77,7.88,7.67,7.86,3352988
2025-10-09,7.88,8.14,7.72,8.08,4286169
2025-10-10,8.0,8.0,7.75,7.76,3051990
2025-10-13,7.23,7.58,7.23,7.54,2351101
2025-10-14,7.57,7.65,7.35,7.44,2722849
2025-10-15,7.44,7.57,7.26,7.54,2109610
2025-10-16,7.49,7.49,7.31,7.32,1784014
2025-10-17,7.31,7.34,6.99,7.0,2465322
2025-10-20,7.14,7.4,7.1,7.34,2821932
2025-10-21,7.35,7.37,7.25,7.35,1925080
2025-10-22,7.29,7.38,7.26,7.32,1207357
2025-10-23,7.3,7.33,7.16,7.31,1377744
2025-10-24,7.33,7.64,7.32,7.56,3194709
2025-10-27,7.7,7.87,7.65,7.78,3805271
2025-10-28,7.71,7.82,7.65,7.8,2618709
2025-10-29,7.96,8.2,7.75,8.1,5908171
2025-10-30,8.1,8.21,7.87,7.89,3979910
2025-10-31,7.88,8.04,7.82,7.91,2467541
2025-11-03,7.85,7.88,7.71,7.87,2358277
2025-11-04,7.8,7.81,7.62,7.68,2136081
2025-11-05,7.55,7.68,7.5,7.64,1841133
2025-11-06,7.64,7.75,7.57,7.73,1879013
2025-11-07,7.66,7.71,7.56,7.61,1520065
2025-11-10,7.63,7.75,7.56,7.65,1443593
2025-11-11,7.65,7.68,7.46,7.47,1843361
2025-11-12,7.45,7.59,7.33,7.38,1796619
2025-11-13,7.37,7.41,7.26,7.37,2000379
2025-11-14,7.31,7.4,7.25,7.26,1804784
2025-11-17,7.23,7.34,7.1,7.32,1542480
2025-11-18,7.28,7.57,7.24,7.48,2913616
2025-11-19,7.46,7.46,7.2,7.21,1911170
2025-11-20,7.21,7.27,7.07,7.09,1381452
2025-11-21,7.01,7.1,6.75,6.78,2246331
2025-11-24,6.81,6.94,6.66,6.91,1774407
2025-11-25,6.96,7.13,6.95,7.01,1707417
2025-11-26,6.97,7.09,6.96,6.98,1185894
2025-11-27,6.97,7.05,6.92,6.93,1078379
2025-11-28,6.92,7.0,6.88,6.99,1008210
2025-12-01,7.01,7.14,6.97,7.11,1498056
2025-12-02,7.11,7.11,7.02,7.06,908797
2025-12-03,7.09,7.11,6.86,6.9,1313268
2025-12-04,6.86,6.9,6.79,6.85,900398
2025-12-05,6.86,7.02,6.8,6.99,1379644
2025-12-08,7.02,7.12,7.02,7.05,1253647
2025-12-09,7.02,7.08,6.92,6.93,1135455
2025-12-10,6.93,6.94,6.83,6.91,950697
2025-12-11,6.91,6.94,6.72,6.73,1265502
2025-12-12,6.73,6.85,6.7,6.84,1050402
2025-12-15,6.79,6.82,6.68,6.68,1034169
2025-12-16,6.66,6.68,6.46,6.52,1315237
2025-12-17,6.52,6.7,6.48,6.65,1207422
2025-12-18,6.65,6.74,6.59,6.63,978736
2025-12-19,6.65,6.78,6.64,6.73,1067818
2025-12-22,6.74,6.82,6.72,6.79,1007935
2025-12-23,6.79,6.8,6.68,6.71,869620
2025-12-24,6.69,6.92,6.67,6.87,1562052
2025-12-25,6.83,6.89,6.81,6.87,974430
2025-12-26,6.86,6.91,6.81,6.87,1027490
2025-12-29,6.89,7.06,6.86,6.97,2008114
2025-12-30,6.91,6.98,6.87,6.95,1259604
2025-12-31,6.98,7.18,6.92,7.09,2361869
2026-01-05,7.8,7.8,7.8,7.8,1431220
2026-01-06,8.58,8.58,8.58,8.58,714489
2026-01-07,9.44,9.44,9.44,9.44,1197778
2026-01-08,9.67,10.38,9.41,10.38,19044419
2026-01-09,10.34,11.0,10.0,10.35,20883321
2026-01-12,10.8,11.39,10.6,11.39,9316135
2026-01-13,12.5,12.5,11.0,11.99,19339250
2026-01-14,11.78,13.19,11.78,13.19,19308689
2026-01-15,12.07,12.19,11.87,11.87,2860958
2026-01-16,10.68,10.68,10.68,10.68,856501
2026-01-19,9.61,10.35,9.61,9.62,16729751
2026-01-20,9.62,9.88,9.4,9.54,10141885
2026-01-21,9.41,9.74,9.37,9.6,6725732
2026-01-22,9.59,9.99,9.53,9.9,7855944
2026-01-23,10.12,10.76,9.92,10.51,9522562
2026-01-26,10.67,10.68,9.82,9.98,8158579
2026-01-27,9.91,10.17,9.71,10.1,6235922
2026-01-28,10.08,10.1,9.74,9.78,4475810
2026-01-29,9.71,10.55,9.54,10.15,8539055
2026-01-30,10.03,10.1,9.75,9.82,4731383
2026-02-02,9.88,10.24,9.78,9.84,5154844
2026-02-03,9.86,10.36,9.83,10.31,7145461
2026-02-04,10.28,10.43,9.97,10.09,5247164
2026-02-05,9.96,10.15,9.76,9.93,4494301
2026-02-06,9.73,9.87,9.45,9.7,3615567
2026-02-09,9.89,10.18,9.87,10.14,4709708
2026-02-10,10.16,10.25,9.96,10.04,3547189
2026-02-11,10.1,10.3,9.95,9.98,3982012
2026-02-12,9.96,10.25,9.96,10.18,4559048
2026-02-13,9.95,10.13,9.86,9.93,3795548
2026-02-24,10.12,10.27,10.06,10.15,4664281
2026-02-25,10.17,10.95,10.04,10.57,6943968
2026-02-26,10.5,11.09,10.4,10.9,8324685
2026-02-27,10.8,11.17,10.7,11.07,6401636
2026-03-02,10.76,11.08,10.72,10.76,5419744
2026-03-03,10.75,10.87,9.68,9.69,7541112
2026-03-04,9.4,9.94,9.35,9.72,3437182
2026-03-05,9.94,10.69,9.9,10.69,7736097
2026-03-06,10.77,11.05,10.66,10.76,8684308
2026-03-09,10.52,10.73,10.46,10.65,4886480
2026-03-10,10.72,10.75,10.38,10.52,4605769
2026-03-11,10.6,10.97,10.31,10.71,7056920
2026-03-12,10.58,10.59,10.25,10.3,4161714
2026-03-13,10.13,10.77,9.82,10.45,5919596
2026-03-16,10.45,10.7,10.16,10.4,4248246
2026-03-17,10.31,10.48,10.0,10.02,3400291
2026-03-18,10.0,10.1,9.85,10.06,2510824
2026-03-19,9.9,9.94,9.74,9.8,2284543
2026-03-20,9.8,9.89,9.35,9.35,2629894
2026-03-23,9.01,9.23,8.71,8.75,2998871
2026-03-24,8.96,9.19,8.91,9.18,2928042
2026-03-25,9.19,9.34,9.1,9.21,2309705
2026-03-26,9.22,9.25,8.93,8.95,1800588
2026-03-27,8.81,9.15,8.78,9.06,1489624
2026-03-30,8.91,9.09,8.85,9.08,1420012
2026-03-31,9.08,9.25,9.0,9.02,1695555
2026-04-01,9.19,9.23,9.01,9.09,1350484
2026-04-02,9.15,9.15,8.81,8.85,1566494
2026-04-03,8.85,8.9,8.51,8.53,1709413
2026-04-07,8.57,8.78,8.56,8.75,1610918
2026-04-08,8.93,9.32,8.93,9.29,2943479
2026-04-09,9.15,9.23,9.04,9.09,1895503
2026-04-10,9.15,9.24,9.08,9.09,1721854
2026-04-13,9.03,9.16,9.0,9.11,1200679
2026-04-14,9.19,9.25,9.03,9.15,1471857
2026-04-15,9.19,9.22,9.0,9.03,1686382
2026-04-16,9.03,9.2,9.02,9.18,1965387
2026-04-17,9.13,9.19,9.1,9.15,1261081
2026-04-20,9.14,9.35,9.1,9.33,2208521
2026-04-21,9.3,9.3,9.07,9.13,1997309
2026-04-22,9.08,9.41,9.03,9.38,2910649
2026-04-23,9.45,9.45,9.06,9.1,2629541
2026-04-24,9.03,9.07,8.84,8.97,1733136
2026-04-27,8.95,8.97,8.71,8.92,1513164
2026-04-28,8.72,8.88,8.61,8.78,1856551
2026-04-29,8.71,8.87,8.69,8.77,1340837
