Date,Open,High,Low,Close,Volume
2015-08-06,57.99,60.32,56.8,58.2,7057
2015-08-07,58.59,63.95,58.59,63.5,13467
2015-08-10,67.8,69.85,65.5,69.85,34435
2015-08-11,72.3,76.84,71.51,76.84,28622
2015-08-12,78.0,83.99,75.0,77.79,38963
2015-08-13,75.18,81.48,73.02,79.84,25296
2015-08-14,81.0,87.82,80.99,87.82,27712
2015-08-17,88.0,90.45,82.8,86.55,29516
2015-08-18,85.98,85.98,77.9,77.9,21676
2015-08-19,70.12,84.86,70.12,84.0,23231
2015-08-20,79.99,82.5,75.6,75.6,15917
2015-08-21,72.06,79.78,70.28,73.88,19177
2015-08-24,70.16,73.27,66.49,66.49,19697
2015-08-25,60.53,65.0,59.84,59.84,18806
2015-08-26,61.5,65.82,58.92,62.5,26715
2015-08-27,64.95,66.56,57.0,64.03,23557
2015-08-28,64.24,70.37,61.05,69.16,26801
2015-08-31,66.0,67.6,62.24,62.24,16179
2015-09-01,59.0,59.0,56.02,56.02,11162
2015-09-02,50.8,59.97,50.42,50.42,13992
2015-09-07,51.98,53.99,45.38,45.91,37032
2015-09-08,44.88,49.9,44.0,49.67,23543
2015-09-09,49.4,53.22,48.68,51.59,44181
2015-09-10,49.61,54.55,49.03,52.32,34307
2015-09-11,51.45,53.99,51.0,52.2,18646
2015-09-14,52.05,53.2,46.98,46.98,15813
2015-09-15,44.1,45.2,42.28,42.28,16968
2015-09-16,42.55,46.51,41.66,46.3,23068
2015-09-17,45.0,48.0,44.31,44.35,23650
2015-09-18,45.6,48.79,45.0,48.79,41071
2015-09-21,48.0,51.96,47.13,51.08,36166
2015-09-22,51.09,51.6,49.21,50.5,28901
2015-09-23,48.99,51.65,48.5,50.51,25109
2015-09-24,50.5,52.49,49.0,51.0,22979
2015-09-25,50.13,51.68,46.3,46.85,18092
2015-09-28,47.4,51.5,47.11,50.98,19208
2015-09-29,49.61,50.96,48.61,49.6,16048
2015-09-30,49.63,51.5,49.16,50.74,14802
2015-10-08,52.61,54.28,51.27,53.26,21905
2015-10-09,53.58,54.0,52.16,53.47,19163
2015-10-12,54.2,58.82,53.71,58.82,17337
2015-10-13,58.81,60.89,58.01,60.88,30397
2015-10-14,60.0,62.4,54.88,59.09,22059
2015-10-15,59.12,64.5,59.12,63.74,23300
2015-10-16,63.91,64.1,61.41,63.5,21641
2015-10-19,63.77,63.77,60.35,61.5,16644
2015-10-20,61.16,63.39,60.7,62.4,17551
2015-10-21,62.4,67.5,57.37,59.3,29844
2015-10-22,58.8,63.5,58.8,62.88,19319
2015-10-23,63.88,66.0,63.0,65.59,24782
2015-10-26,65.4,69.59,61.66,66.8,31744
2015-10-27,65.01,67.77,62.72,65.9,19277
2015-10-28,65.03,69.09,64.15,65.06,20490
2015-10-29,65.61,67.6,65.27,67.0,15827
2015-10-30,66.55,72.76,65.38,69.7,22998
2015-11-02,68.16,75.79,67.17,71.92,25723
2015-11-03,72.0,75.48,70.73,74.05,26746
2015-11-04,74.71,77.5,73.1,77.47,26641
2015-11-05,76.8,80.5,75.0,77.28,25146
2015-11-06,77.0,82.0,76.52,81.97,24441
2015-11-09,80.7,87.49,79.25,85.9,28780
2015-11-10,84.0,86.97,82.31,85.25,20579
2015-11-11,85.0,93.78,84.3,93.78,26657
2015-11-12,93.8,102.82,92.3,99.0,30823
2015-11-13,96.0,98.97,89.1,89.1,31991
2015-11-16,83.0,89.7,82.8,88.23,20402
2015-11-17,88.9,90.43,81.6,81.6,20457
2015-11-18,81.92,83.85,79.51,80.8,16416
2015-11-19,81.2,86.45,80.0,86.0,16005
2015-11-20,86.11,87.65,83.2,85.68,17122
2015-11-23,83.0,86.3,81.62,81.85,12705
2015-11-24,82.73,90.04,81.55,90.04,22355
2015-11-25,91.51,92.48,88.17,91.0,20638
2015-11-26,91.11,95.08,89.34,90.59,19005
2015-11-27,90.5,93.16,85.24,86.91,19983
2015-11-30,88.0,95.6,85.22,95.6,24277
2015-12-01,94.5,99.58,86.25,91.06,24932
2015-12-02,89.06,89.37,83.05,86.02,12639
2015-12-03,86.51,91.1,86.39,90.34,11268
2015-12-04,90.9,92.3,86.88,91.2,17751
2015-12-07,91.02,92.65,87.11,90.3,11252
2015-12-08,89.4,93.49,88.15,90.69,14202
2015-12-09,89.0,92.36,82.5,83.8,19001
2015-12-10,83.5,84.89,81.0,82.56,11353
2015-12-11,82.9,84.49,81.62,81.64,6148
2015-12-14,80.4,84.36,80.02,84.27,7299
2015-12-15,85.6,85.6,84.25,84.61,6946
2015-12-16,84.94,88.5,84.94,85.88,10072
2015-12-17,87.3,89.09,87.12,88.81,15388
2015-12-18,89.55,89.55,86.2,86.78,10693
2015-12-21,86.69,88.5,85.2,87.4,7025
2015-12-22,86.5,88.2,85.02,86.92,7670
2015-12-23,87.99,91.99,87.05,90.0,20317
2015-12-24,94.0,99.0,91.0,99.0,14455
2015-12-25,101.99,101.99,90.1,92.48,39513
2015-12-28,91.01,92.0,85.51,85.56,22531
2015-12-29,83.99,85.69,82.5,85.5,14205
2015-12-30,85.51,87.93,85.51,86.25,9965
2015-12-31,86.25,86.5,82.0,82.52,12277
2016-01-04,81.81,82.48,74.27,74.27,10805
2016-01-05,68.31,74.5,68.28,72.47,13174
2016-01-06,73.16,76.8,71.4,76.42,12528
2016-01-07,74.45,74.45,68.78,68.78,3814
2016-01-08,70.33,72.0,66.0,69.37,11403
2016-01-11,69.01,70.88,62.43,62.45,12733
2016-01-12,63.2,64.77,60.2,63.77,8189
2016-01-13,64.77,65.46,59.63,60.02,7798
2016-01-14,57.5,65.0,57.5,63.17,9240
2016-01-15,62.8,63.15,59.02,59.86,8131
2016-01-18,60.46,63.38,58.8,62.45,8469
2016-01-19,62.42,66.44,61.52,65.75,10594
2016-01-20,64.8,68.54,64.01,66.0,13628
2016-01-21,64.98,66.98,61.53,61.53,12490
2016-01-22,59.2,63.0,59.2,62.37,10341
2016-01-25,62.6,65.59,62.6,64.43,9849
2016-01-26,63.1,63.8,57.99,57.99,10006
2016-01-27,57.08,58.5,53.0,56.92,9498
2016-01-28,56.0,56.3,51.55,51.83,5924
2016-01-29,51.3,55.6,51.28,54.47,7392
2016-02-01,54.0,55.5,51.51,54.1,6318
2016-02-02,53.8,57.08,53.8,56.65,7200
2016-02-03,56.0,56.85,54.5,56.33,4843
2016-02-04,56.59,58.8,56.35,58.12,7877
2016-02-05,58.03,58.55,57.55,57.7,5805
2016-02-15,54.51,57.79,54.32,56.91,5260
2016-02-16,57.94,61.84,57.58,60.96,12003
2016-02-17,60.77,61.43,59.7,61.43,11717
2016-02-18,61.99,62.87,60.5,60.85,9518
2016-02-19,60.51,61.5,60.4,61.19,8172
2016-02-22,62.0,62.0,60.81,61.8,10571
2016-02-23,61.8,61.86,60.0,60.6,10013
2016-02-24,60.2,60.88,55.0,59.43,10318
2016-02-25,59.0,59.0,53.49,53.49,9855
2016-02-26,53.7,54.88,52.08,53.5,7784
2016-02-29,52.5,53.37,48.15,48.3,8014
2016-03-01,48.3,50.6,47.0,50.0,8442
2016-03-02,49.87,52.99,49.8,52.79,7253
2016-03-03,53.0,54.84,52.57,52.57,6786
2016-03-04,53.18,53.4,49.0,50.46,5867
2016-03-07,52.1,54.5,52.0,52.5,6853
2016-03-08,51.97,53.95,49.03,53.53,8232
2016-03-09,52.05,53.5,51.05,51.74,5567
2016-03-10,51.9,52.5,50.65,51.01,4024
2016-03-11,50.01,52.3,50.01,51.81,4028
2016-03-14,52.75,55.4,52.25,54.67,9589
2016-03-15,54.32,55.0,53.0,53.28,5576
2016-03-16,54.1,54.96,51.5,52.01,5799
2016-03-17,52.2,55.48,52.2,54.93,9880
2016-03-18,55.22,58.96,54.94,58.48,14580
2016-03-21,59.8,60.17,58.66,59.77,13454
2016-03-22,58.8,60.9,58.6,60.05,12094
2016-03-23,59.7,61.0,59.6,60.95,11820
2016-03-24,60.19,65.49,60.02,64.18,25606
2016-03-25,63.58,64.29,61.0,62.5,16845
2016-03-28,63.03,65.5,62.28,63.6,20231
2016-03-29,62.0,62.0,57.72,58.21,24940
2016-03-30,58.9,61.49,58.0,61.06,16744
2016-03-31,61.5,65.0,61.28,62.98,24685
2016-04-01,62.6,62.88,61.48,62.68,13864
2016-04-05,62.2,63.9,60.06,63.88,21833
2016-04-06,63.5,65.86,62.63,65.86,24740
2016-04-07,65.8,66.0,63.8,64.7,20540
2016-04-08,63.8,64.5,61.51,63.28,13114
2016-04-11,64.2,65.16,63.8,64.9,14880
2016-04-12,64.51,64.76,62.07,62.52,11250
2016-04-13,63.0,64.58,62.2,63.35,14801
2016-04-14,63.95,67.8,63.68,67.02,30336
2016-04-15,67.0,67.0,65.51,66.64,21466
2016-04-18,65.99,65.99,63.99,65.05,13206
2016-04-19,65.04,65.6,63.61,65.37,17110
2016-04-20,65.14,65.48,58.83,59.64,19250
2016-04-21,59.01,60.08,57.71,58.64,9021
2016-04-22,58.5,59.0,54.95,57.14,15500
2016-04-25,56.01,56.71,55.01,56.49,9106
2016-04-26,56.0,57.6,56.0,57.5,7102
2016-04-27,57.79,58.0,57.0,57.6,7471
2016-04-28,57.25,57.75,55.8,57.64,9341
2016-04-29,57.1,58.18,57.1,57.8,6705
2016-05-03,58.2,61.55,58.2,61.38,12162
2016-05-04,61.0,62.0,60.5,61.3,9413
2016-05-05,60.94,65.8,60.5,65.28,22155
2016-05-06,65.33,66.8,62.6,62.9,20726
2016-05-09,61.91,64.5,61.62,63.05,17805
2016-05-10,63.05,63.72,59.38,60.15,14944
2016-05-11,29.88,30.55,26.98,27.03,35631
2016-05-12,25.95,27.0,25.01,26.49,21659
2016-05-13,25.3,27.5,25.3,26.49,15372
2016-05-16,26.25,27.85,26.25,27.56,18671
2016-05-17,27.92,27.92,26.76,27.15,13852
2016-05-18,26.8,27.14,25.01,25.42,16316
2016-05-19,25.42,26.85,25.4,25.66,16477
2016-05-20,25.55,26.82,25.4,26.66,14296
2016-05-23,26.66,27.75,26.55,27.35,15976
2016-05-24,27.3,27.47,26.27,26.41,16863
2016-05-25,26.45,27.25,26.45,26.75,14702
2016-05-26,26.45,26.88,25.56,26.69,13686
2016-05-27,26.76,26.97,26.28,26.68,15690
2016-05-30,26.15,26.89,26.01,26.41,9807
2016-05-31,26.62,27.78,26.45,27.75,23548
2016-06-01,28.08,28.8,27.75,27.9,26124
2016-06-02,27.91,28.47,27.7,28.42,19636
2016-06-03,28.6,30.4,28.2,29.86,37672
2016-06-06,29.92,30.27,28.93,29.31,26738
2016-06-07,29.3,29.39,28.51,29.12,19007
2016-06-08,29.08,30.33,28.88,29.6,35426
2016-06-13,28.64,29.03,26.87,26.92,27866
2016-06-14,26.8,27.25,26.5,26.98,12051
2016-06-15,26.6,28.3,26.5,27.96,20101
2016-06-16,27.77,28.2,27.43,27.98,17138
2016-06-17,28.0,28.67,27.78,28.3,21173
2016-06-20,28.45,29.7,27.5,29.31,34145
2016-06-21,29.5,29.75,28.1,28.2,27047
2016-06-22,28.12,29.2,28.0,28.92,17842
2016-06-23,28.68,29.89,28.68,29.06,28397
2016-06-24,28.81,30.01,28.13,29.77,44689
2016-06-27,29.87,32.58,29.87,31.96,65910
2016-06-28,32.21,34.49,31.9,34.1,68349
2016-06-29,34.1,35.81,33.42,35.0,75846
2016-06-30,34.62,34.99,33.44,34.6,63178
2016-07-01,34.19,35.23,33.88,34.02,40769
2016-07-04,33.8,34.88,33.5,34.53,32238
2016-07-05,34.53,37.2,34.45,36.61,82539
2016-07-06,36.22,36.81,34.5,35.0,47579
2016-07-07,34.8,35.25,33.45,34.7,52591
2016-07-08,34.39,35.35,33.65,34.57,29134
2016-07-11,34.31,35.0,33.48,33.48,27017
2016-07-12,33.8,34.99,32.7,34.77,31563
2016-07-13,35.2,35.21,34.22,34.36,21980
2016-07-14,34.65,34.97,34.27,34.68,18571
2016-07-15,34.62,34.94,33.77,33.77,17263
2016-07-18,33.6,34.01,32.95,33.71,16566
2016-07-19,33.91,33.91,33.08,33.55,13201
2016-07-20,33.62,34.45,33.5,34.45,19425
2016-07-21,34.45,35.0,34.12,34.86,24144
2016-07-22,34.88,35.31,34.6,34.6,23756
2016-07-25,34.45,34.45,33.02,33.3,26537
2016-07-26,33.1,33.64,33.1,33.53,9214
2016-07-27,33.55,33.74,30.62,31.19,26809
2016-07-28,30.35,31.45,29.9,31.19,16909
2016-07-29,31.2,31.38,30.5,30.76,9316
2016-08-01,30.42,31.45,30.0,31.1,12589
2016-08-02,31.13,31.56,30.81,31.47,5621
2016-08-03,31.29,31.48,31.0,31.21,8297
2016-08-04,31.21,31.66,31.09,31.5,9431
2016-08-05,31.58,31.65,31.18,31.51,9347
2016-08-08,31.32,31.78,30.72,31.6,6806
2016-08-09,31.7,32.12,31.63,31.96,6902
2016-08-10,31.91,32.25,31.71,32.16,8876
2016-08-11,31.95,32.39,31.7,31.7,7700
2016-08-12,31.62,31.99,31.45,31.85,4462
2016-08-15,32.01,35.04,32.01,35.04,30829
2016-08-16,35.9,35.99,34.74,35.4,43576
2016-08-17,35.25,35.94,34.71,35.37,22836
2016-08-18,35.08,35.75,35.01,35.25,18789
2016-08-19,35.31,35.6,34.42,34.42,16631
2016-08-22,34.4,35.85,34.25,35.82,41178
2016-08-23,35.6,38.8,35.59,37.04,54939
2016-08-24,37.04,39.96,36.31,39.56,51986
2016-08-25,38.8,39.73,37.51,38.8,37079
2016-08-26,38.79,40.85,38.12,39.28,31597
2016-08-29,38.99,39.55,37.5,37.5,31988
2016-08-30,37.62,38.27,37.3,37.63,13463
2016-08-31,37.99,37.99,36.43,36.94,17341
2016-09-01,36.97,39.2,35.05,38.73,28745
2016-09-02,38.7,39.49,37.38,39.31,27764
2016-09-05,39.31,39.31,39.31,39.31,0
2016-09-06,39.31,39.31,39.31,39.31,0
2016-09-07,39.31,39.31,39.31,39.31,0
2016-09-08,39.31,39.31,39.31,39.31,0
2016-09-09,39.3,41.31,37.01,37.24,32915
2016-09-12,36.2,37.9,35.05,37.64,18920
2016-09-13,37.45,38.5,36.51,37.05,11419
2016-09-14,37.05,37.46,35.76,35.85,12445
2016-09-19,35.86,36.47,35.53,35.86,10243
2016-09-20,35.86,36.25,35.67,36.11,11909
2016-09-21,36.23,37.29,35.81,36.7,11735
2016-09-22,36.93,37.69,36.71,36.75,12375
2016-09-23,36.75,36.99,36.06,36.23,7909
2016-09-26,36.03,36.16,35.11,35.25,11214
2016-09-27,35.0,35.83,35.0,35.7,7751
2016-09-28,35.57,35.62,34.82,35.42,10903
2016-09-29,35.5,36.88,35.5,36.28,10381
2016-09-30,36.1,37.92,35.8,37.85,17978
2016-10-10,38.11,39.21,37.26,38.3,24946
2016-10-11,38.1,39.19,37.7,38.66,28062
2016-10-12,38.41,39.0,38.15,38.63,15057
2016-10-13,38.5,38.5,37.58,37.7,13307
2016-10-14,37.7,38.41,37.42,37.55,8784
2016-10-17,37.56,38.19,36.15,36.15,19095
2016-10-18,36.2,37.19,36.16,37.09,13654
2016-10-19,37.09,37.6,36.6,36.74,11310
2016-10-20,36.99,37.85,36.61,37.5,12345
2016-10-21,37.51,37.51,36.11,36.57,12026
2016-10-24,36.7,37.06,36.21,36.95,11349
2016-10-25,36.95,38.07,36.78,38.0,17073
2016-10-26,37.99,37.99,37.3,37.51,10083
2016-10-27,37.44,37.93,37.23,37.7,6724
2016-10-28,37.61,37.99,37.0,37.01,12857
2016-10-31,36.9,36.9,35.9,36.21,12598
2016-11-01,36.3,37.25,36.24,37.18,10139
2016-11-02,37.3,37.4,36.87,36.9,7493
2016-11-03,36.89,37.4,36.7,36.86,7551
2016-11-04,36.86,37.18,36.56,36.56,8337
2016-11-07,36.59,37.68,36.41,37.53,12575
2016-11-08,37.5,37.8,37.16,37.72,9859
2016-11-09,37.78,38.28,36.88,37.67,13110
2016-11-10,38.06,38.65,37.83,38.56,16989
2016-11-11,38.5,38.96,38.17,38.42,10220
2016-11-14,38.5,39.38,38.42,38.68,9904
2016-11-15,38.98,38.98,38.08,38.83,11350
2016-11-16,38.9,40.4,37.5,39.71,22648
2016-11-17,39.71,40.37,38.43,38.48,13419
2016-11-18,38.21,38.8,37.89,38.5,8114
2016-11-21,38.41,39.5,38.2,39.0,17107
2016-11-22,38.95,40.52,38.82,40.38,23323
2016-11-23,40.7,41.15,39.7,39.76,17542
2016-11-24,39.5,43.74,39.4,41.8,52371
2016-11-25,42.05,43.2,40.4,42.55,34660
2016-11-28,42.29,42.98,41.0,41.01,26680
2016-11-29,40.89,41.22,38.16,38.5,37829
2016-11-30,38.56,39.19,38.3,38.62,19242
2016-12-01,38.62,38.94,37.69,37.85,19579
2016-12-02,37.81,37.98,36.85,36.98,17714
2016-12-05,36.96,37.15,36.51,36.72,10013
2016-12-06,36.85,37.38,36.79,36.88,10259
2016-12-07,36.7,37.37,36.7,37.28,9432
2016-12-08,37.3,37.43,36.98,36.99,12469
2016-12-09,37.0,37.0,36.01,36.04,14626
2016-12-12,36.0,36.14,33.5,33.51,21760
2016-12-13,33.55,33.9,33.05,33.71,6690
2016-12-14,33.66,34.09,33.3,33.7,7827
2016-12-15,33.31,34.25,33.0,33.75,10919
2016-12-16,33.75,35.2,33.6,34.9,13879
2016-12-19,34.8,34.85,34.41,34.68,5416
2016-12-20,34.68,34.99,34.55,34.85,4746
2016-12-21,34.85,35.61,33.9,34.54,11108
2016-12-22,34.41,34.75,34.12,34.22,5884
2016-12-23,34.22,34.43,33.33,33.44,7441
2016-12-26,33.32,34.3,32.4,34.05,8447
2016-12-27,34.05,34.35,33.76,33.83,6150
2016-12-28,33.84,34.26,33.73,34.03,4651
2016-12-29,34.0,34.34,33.8,34.2,4408
2016-12-30,34.01,34.99,34.01,34.35,8760
2017-01-03,34.59,36.48,34.23,35.92,21082
2017-01-04,36.09,36.09,35.22,35.75,9029
2017-01-05,35.6,36.33,34.89,35.02,10958
2017-01-06,35.04,35.2,34.7,34.85,5341
2017-01-09,34.98,35.13,34.34,35.07,6802
2017-01-10,35.07,35.07,34.61,34.63,4481
2017-01-11,34.79,35.4,34.51,35.12,10252
2017-01-12,35.12,35.48,33.89,34.0,9183
2017-01-13,33.9,34.29,33.15,33.33,6846
2017-01-16,33.36,33.45,30.81,31.86,12093
2017-01-17,32.2,32.5,30.6,32.31,9817
2017-01-18,31.9,32.89,31.82,31.99,8616
2017-01-19,31.8,32.56,31.35,31.5,8561
2017-01-20,31.9,32.2,31.34,31.92,5921
2017-01-23,31.9,32.81,31.9,32.15,7171
2017-01-24,32.17,32.41,31.56,31.96,5226
2017-01-25,31.55,32.15,31.51,31.86,4094
2017-01-26,31.56,31.9,31.05,31.37,7602
2017-02-03,31.3,31.36,30.71,30.93,4334
2017-02-06,30.93,32.51,30.58,32.51,13266
2017-02-07,32.22,32.35,31.92,32.08,7244
2017-02-08,32.08,32.94,31.81,32.79,9497
2017-02-09,32.79,33.16,32.52,32.87,8977
2017-02-10,32.86,32.88,32.4,32.4,4941
2017-02-13,32.27,32.27,31.52,31.75,12561
2017-02-14,31.7,32.55,31.55,32.29,19914
2017-02-15,32.08,32.52,30.84,31.08,18020
2017-02-16,30.91,31.49,30.89,31.31,6045
2017-02-17,31.33,31.65,30.2,31.53,10425
2017-02-20,31.5,31.78,31.11,31.75,9145
2017-02-21,31.85,31.99,31.51,31.94,9404
2017-02-22,31.98,32.4,31.78,32.37,10775
2017-02-23,32.38,32.45,31.61,32.21,6368
2017-02-24,32.08,32.37,31.51,31.9,8772
2017-02-27,31.9,32.65,31.9,32.43,13182
2017-02-28,32.3,32.85,32.01,32.23,8261
2017-03-01,32.23,33.09,32.03,33.09,20081
2017-03-02,33.0,33.45,32.6,33.11,17798
2017-03-03,33.08,33.69,32.82,33.51,13093
2017-03-06,33.5,35.6,33.01,35.6,35849
2017-03-07,35.7,35.75,35.02,35.66,22925
2017-03-08,35.51,35.51,34.8,34.95,11111
2017-03-09,34.9,34.97,34.0,34.37,10820
2017-03-10,34.37,34.66,34.03,34.42,8185
2017-03-13,34.4,34.4,33.68,34.25,7800
2017-03-14,34.46,35.77,34.16,35.27,17634
2017-03-15,34.88,35.5,34.72,34.85,8356
2017-03-16,35.06,35.25,33.8,34.45,15317
2017-03-17,34.4,34.87,34.15,34.2,9443
2017-03-20,34.05,34.38,33.65,33.83,8985
2017-03-21,33.8,34.1,33.62,33.82,5927
2017-03-22,33.46,34.17,33.46,33.92,8032
2017-03-23,33.92,34.32,33.62,34.22,16893
2017-03-24,34.27,34.27,33.4,33.67,7623
2017-03-27,33.69,33.89,33.01,33.05,8639
2017-03-28,33.01,36.36,33.0,34.35,31473
2017-03-29,35.0,35.0,33.5,33.6,11177
2017-03-30,33.6,33.6,32.02,32.81,11312
2017-03-31,32.06,32.72,31.0,31.74,10324
2017-04-05,32.0,33.58,31.31,32.99,10454
2017-04-06,32.57,33.18,32.41,32.88,11486
2017-04-07,32.53,32.75,32.45,32.47,6482
2017-04-10,31.75,32.45,31.5,31.99,11451
2017-04-11,31.89,32.68,31.01,32.52,8819
2017-04-12,32.1,32.48,32.02,32.1,3370
2017-04-13,32.4,32.4,31.77,32.09,6205
2017-04-14,31.8,32.15,31.21,31.4,4060
2017-04-17,31.53,32.32,31.22,31.49,3740
2017-04-18,31.49,31.84,31.3,31.45,4650
2017-04-19,31.46,31.47,30.07,30.75,4823
2017-04-20,30.51,30.69,28.22,28.39,16401
2017-04-21,28.55,29.1,28.36,29.0,9010
2017-04-24,29.0,29.44,28.78,29.07,5212
2017-04-25,28.51,29.51,28.51,29.06,3479
2017-04-26,29.07,29.25,29.07,29.24,2408
2017-04-27,29.24,29.59,29.0,29.54,4932
2017-04-28,29.3,30.1,29.11,29.54,3072
2017-05-02,29.3,30.0,29.3,29.8,2392
2017-05-03,29.6,29.96,29.6,29.95,3483
2017-05-04,29.95,30.75,29.59,30.27,5821
2017-05-05,30.27,30.76,30.03,30.23,3264
2017-05-08,30.22,30.51,29.01,29.8,5101
2017-05-09,29.0,32.7,29.0,30.6,7687
2017-05-10,30.6,30.92,29.68,29.68,3072
2017-05-11,29.6,29.64,28.69,29.33,3983
2017-05-12,29.2,29.68,29.03,29.25,2232
2017-05-15,29.25,29.66,29.25,29.37,1626
2017-05-16,29.97,30.03,29.31,30.03,3376
2017-05-17,30.03,30.51,29.92,30.04,2578
2017-05-18,30.04,30.49,29.6,29.7,2107
2017-05-19,29.72,29.9,28.9,29.14,3295
2017-05-22,28.91,29.33,28.34,28.75,5747
2017-05-23,28.75,29.28,25.88,25.88,9643
2017-05-24,26.8,26.8,23.63,24.9,18333
2017-05-25,24.85,25.2,23.51,24.86,14124
2017-05-26,25.0,25.78,24.87,25.11,6187
2017-05-31,25.23,26.5,23.9,24.08,9773
2017-06-01,24.09,24.33,22.75,23.0,9736
2017-06-02,23.03,25.3,21.33,25.3,10330
2017-06-05,26.1,26.65,24.89,25.4,12697
2017-06-06,25.37,25.62,24.62,24.62,6468
2017-06-07,24.6,25.59,24.6,25.31,8278
2017-06-08,25.26,25.5,24.83,25.48,7096
2017-06-09,25.47,25.47,24.65,24.85,7612
2017-06-12,24.7,24.8,23.5,23.53,7711
2017-06-13,23.5,25.88,23.05,25.88,19001
2017-06-14,26.29,26.3,25.61,25.71,12590
2017-06-15,25.53,26.6,25.42,26.13,9820
2017-06-16,26.1,26.79,25.81,25.99,7249
2017-06-19,26.1,26.58,25.65,26.0,9968
2017-06-20,26.03,26.48,25.89,25.91,7148
2017-06-21,25.75,26.28,25.61,26.0,5519
2017-06-22,25.85,25.98,24.65,24.69,15411
2017-06-23,24.9,24.9,24.02,24.76,7707
2017-06-26,24.83,25.3,24.56,25.13,4937
2017-06-27,25.13,25.5,24.7,24.7,5034
2017-06-28,24.49,24.77,24.19,24.51,8658
2017-06-29,24.8,25.11,24.52,24.88,5607
2017-06-30,24.99,25.0,24.52,24.97,3477
2017-07-03,25.0,25.33,24.8,25.13,4141
2017-07-04,24.86,25.22,24.38,24.66,7912
2017-07-05,24.39,25.79,24.39,25.6,18958
2017-07-06,25.88,26.18,25.2,25.46,14224
2017-07-07,25.46,26.0,25.3,25.54,9201
2017-07-10,25.59,25.67,25.01,25.1,5859
2017-07-11,25.0,25.24,23.8,24.25,12413
2017-07-12,24.5,24.51,23.5,23.78,10314
2017-07-13,23.86,24.42,23.61,24.15,5004
2017-07-14,24.0,24.34,23.6,23.85,4674
2017-07-17,23.66,23.84,21.52,21.8,8795
2017-07-18,21.87,22.49,21.75,22.17,6160
2017-07-19,21.88,22.15,21.6,21.97,8041
2017-07-20,21.88,22.6,21.65,22.01,7646
2017-07-21,21.88,22.44,21.58,21.62,5142
2017-07-24,21.6,21.77,21.02,21.54,4839
2017-07-25,21.33,21.68,21.27,21.5,4713
2017-07-26,21.41,21.56,21.24,21.39,3691
2017-07-27,21.39,22.54,21.2,22.25,11000
2017-07-28,22.2,22.72,22.02,22.38,9954
2017-07-31,22.06,22.6,22.06,22.42,6133
2017-08-01,22.41,22.41,21.9,22.01,8023
2017-08-02,22.04,22.26,21.0,21.38,7011
2017-08-03,21.35,23.52,21.0,23.52,27287
2017-08-04,23.52,23.57,22.48,22.65,24782
2017-08-07,22.48,22.79,22.36,22.45,10847
2017-08-08,22.33,22.7,22.18,22.7,11684
2017-08-09,22.52,22.67,22.33,22.43,7425
2017-08-10,22.58,22.58,21.6,21.7,10378
2017-08-11,21.52,22.3,21.38,21.85,7738
2017-08-14,21.88,22.58,21.65,22.49,11428
2017-08-15,22.52,22.73,22.27,22.63,9225
2017-08-16,22.5,24.68,22.43,23.79,20865
2017-08-17,23.56,25.25,23.5,24.8,25057
2017-08-18,24.56,24.8,23.95,24.38,12120
2017-08-21,24.38,24.54,23.99,24.37,11837
2017-08-22,24.35,24.47,24.03,24.38,6606
2017-08-23,24.46,24.68,24.0,24.49,6959
2017-08-24,24.49,26.5,24.31,24.83,21509
2017-08-25,24.66,25.89,24.66,25.45,18582
2017-08-28,25.11,26.42,25.11,26.0,22032
2017-08-29,25.9,26.26,25.51,25.85,10185
2017-08-30,25.92,26.0,25.52,25.85,12069
2017-08-31,25.85,27.2,25.85,26.46,13181
2017-09-01,26.25,26.7,26.03,26.45,8724
2017-09-04,26.53,26.79,26.11,26.39,7055
2017-09-05,26.43,26.43,25.42,25.55,11915
2017-09-06,25.5,25.95,25.06,25.85,7842
2017-09-07,25.62,25.95,25.0,25.3,7739
2017-09-08,25.27,25.88,25.09,25.78,10373
2017-09-11,25.65,26.3,25.42,25.8,6862
2017-09-12,25.8,26.0,25.65,25.81,8184
2017-09-13,25.55,25.9,25.05,25.36,7472
2017-09-14,25.24,25.7,25.1,25.37,7372
2017-09-15,25.37,25.65,25.1,25.59,5599
2017-09-18,25.21,25.9,25.2,25.88,6281
2017-09-19,25.88,26.25,25.43,25.43,6759
2017-09-20,25.33,27.19,25.18,26.9,23426
2017-09-21,26.8,27.15,26.3,26.55,13210
2017-09-22,26.21,26.74,25.91,26.61,8739
2017-09-25,26.61,28.2,26.61,27.3,20181
2017-09-26,27.49,27.49,26.06,26.97,10251
2017-09-27,27.2,27.75,26.51,27.69,10091
2017-09-28,27.68,29.15,27.48,28.59,18999
2017-09-29,28.59,29.17,28.3,28.46,10096
2017-10-09,28.46,28.92,27.9,28.51,13712
2017-10-10,28.8,28.8,28.22,28.51,7005
2017-10-11,28.25,28.33,27.87,27.99,9723
2017-10-12,27.99,28.27,27.8,28.05,6310
2017-10-13,28.01,28.69,27.88,28.54,5471
2017-10-16,28.32,29.38,27.9,28.88,15042
2017-10-17,28.88,28.98,28.33,28.75,6541
2017-10-18,28.8,29.5,27.98,28.18,7456
2017-10-19,28.18,28.43,27.24,28.01,7963
2017-10-20,28.0,28.1,27.57,28.04,2106
2017-10-23,28.0,28.69,27.61,28.63,5632
2017-10-24,28.22,29.21,28.21,28.55,4705
2017-10-25,28.33,28.78,28.31,28.61,4558
2017-10-26,28.72,29.3,28.49,29.2,14475
2017-10-27,29.3,29.47,28.81,28.99,7928
2017-10-30,28.75,28.97,27.22,28.38,9393
2017-10-31,28.05,28.99,28.0,28.8,5019
2017-11-01,28.81,29.58,28.7,29.32,9733
2017-11-02,29.19,29.79,29.0,29.61,7664
2017-11-03,29.61,29.62,28.9,29.04,6680
2017-11-06,28.88,29.27,28.7,29.27,4528
2017-11-07,29.25,29.46,28.4,28.43,4776
2017-11-08,28.81,28.81,28.1,28.18,5978
2017-11-09,28.26,28.43,27.68,27.93,8725
2017-11-10,27.9,28.3,27.81,28.0,4282
2017-11-13,27.82,28.3,27.5,27.59,6089
2017-11-14,27.65,27.78,26.12,26.59,14689
2017-11-15,26.2,26.79,26.16,26.25,4338
2017-11-16,26.3,27.52,26.06,26.41,5745
2017-11-17,26.41,26.68,25.41,25.61,8159
2017-11-20,25.6,26.8,25.01,26.3,8868
2017-11-21,26.31,26.65,25.61,25.89,6771
2017-11-22,26.18,26.18,25.0,25.7,8728
2017-11-23,25.03,25.68,24.68,25.5,5702
2017-11-24,24.91,25.65,24.85,25.65,3764
2017-11-27,25.57,26.99,24.99,25.48,2577
2017-11-28,25.34,25.8,25.0,25.4,3927
2017-11-29,25.95,25.95,25.35,25.6,3068
2017-11-30,25.6,27.63,25.6,27.42,18142
2017-12-01,27.02,27.43,26.5,26.83,14224
2017-12-04,26.51,26.94,26.28,26.43,6651
2017-12-05,26.19,26.69,26.04,26.51,4817
2017-12-06,26.28,26.67,26.11,26.47,3274
2017-12-07,26.54,26.54,26.24,26.41,2211
2017-12-08,26.5,26.52,23.77,26.35,3845
2017-12-11,26.12,27.0,25.82,26.93,3985
2017-12-12,27.0,27.43,26.41,26.63,3603
2017-12-13,27.0,27.0,26.24,26.4,3772
2017-12-14,26.4,26.48,26.02,26.06,1885
2017-12-15,26.16,26.16,25.18,25.4,2939
2017-12-18,25.49,25.6,25.29,25.39,1112
2017-12-19,24.89,25.51,24.89,25.26,1911
2017-12-20,25.19,25.5,25.0,25.1,2325
2017-12-21,25.19,25.29,24.88,25.13,1899
2017-12-22,25.26,25.5,24.81,25.3,1584
2017-12-25,25.3,25.3,24.18,25.0,4277
2017-12-26,24.48,24.99,24.2,24.76,3764
2017-12-27,24.64,24.74,24.3,24.68,1073
2017-12-28,24.5,24.62,24.2,24.22,1611
2017-12-29,24.42,24.55,24.06,24.2,2047
2018-01-02,24.3,24.3,23.84,24.0,2317
2018-01-03,24.16,24.21,23.68,24.14,5341
2018-01-04,24.06,25.49,24.06,24.7,6315
2018-01-05,24.7,24.7,24.13,24.32,3747
2018-01-08,24.0,24.26,23.7,23.86,2966
2018-01-09,23.86,23.86,23.35,23.48,4921
2018-01-10,23.5,23.88,23.2,23.57,2468
2018-01-11,23.35,24.78,23.24,24.5,4966
2018-01-12,24.19,24.63,23.96,24.22,3371
2018-01-15,24.08,24.25,23.52,24.21,2542
2018-01-16,24.08,25.2,23.78,25.19,6607
2018-01-17,25.21,25.35,24.52,24.75,3876
2018-01-18,24.7,24.7,24.22,24.22,1779
2018-01-19,24.01,24.66,24.01,24.11,2416
2018-01-22,24.2,26.52,23.51,25.18,12721
2018-01-23,25.99,25.99,25.0,25.4,8241
2018-01-24,25.88,25.88,25.1,25.22,5502
2018-01-25,25.33,26.35,25.1,25.99,8416
2018-01-26,26.0,26.0,25.52,25.81,3423
2018-01-29,25.6,25.71,24.88,25.0,3203
2018-01-30,24.88,26.0,24.7,25.27,1721
2018-01-31,25.02,25.02,24.25,24.82,1624
2018-02-01,24.53,24.82,23.5,23.52,3420
2018-02-02,23.26,23.7,23.1,23.43,1767
2018-02-05,23.16,23.4,22.53,22.65,2974
2018-02-06,22.4,24.88,21.12,22.6,2860
2018-02-07,22.6,23.29,21.95,22.36,1692
2018-02-08,21.95,22.57,21.95,22.29,1738
2018-02-09,22.25,22.25,21.12,21.45,2487
2018-02-12,21.88,23.0,21.5,22.38,1985
2018-02-13,22.49,22.77,22.29,22.44,1507
2018-02-14,22.53,22.53,21.8,22.53,1731
2018-02-22,22.38,23.05,22.38,22.79,2119
2018-02-23,22.79,22.81,22.0,22.54,880
2018-02-26,22.52,23.48,22.52,23.26,4034
2018-02-27,23.0,23.9,22.8,23.49,7155
2018-02-28,23.3,24.78,23.1,24.48,8880
2018-03-01,24.5,24.8,24.25,24.6,3482
2018-03-02,24.58,24.8,24.25,24.41,2703
2018-03-05,24.21,24.7,23.3,24.2,2698
2018-03-06,24.65,24.65,23.81,23.96,4388
2018-03-07,23.96,24.12,23.25,23.59,4200
2018-03-08,23.63,23.69,23.45,23.66,2880
2018-03-09,23.68,24.48,23.61,24.22,6467
2018-03-12,24.34,24.85,24.17,24.82,10817
2018-03-13,24.7,24.82,24.22,24.35,6304
2018-03-14,24.01,24.28,23.65,23.76,5478
2018-03-15,23.5,23.9,22.81,23.12,5757
2018-03-16,23.1,23.4,23.05,23.18,2346
2018-03-19,23.36,23.68,23.11,23.68,2615
2018-03-20,23.17,23.85,23.17,23.76,2497
2018-03-21,23.58,24.17,23.31,23.61,4790
2018-03-22,23.99,23.99,23.4,23.59,2366
2018-03-23,23.23,23.23,21.6,22.1,5599
2018-03-26,22.0,24.31,21.53,23.68,5941
2018-03-27,22.58,24.75,22.58,24.3,7854
2018-03-28,23.94,24.29,23.7,23.89,4780
2018-03-29,24.1,25.27,23.8,24.95,12200
2018-03-30,24.76,25.22,24.73,25.05,7920
2018-04-02,25.28,25.3,24.68,25.01,9489
2018-04-03,24.6,25.5,24.23,24.68,7083
2018-04-04,24.82,25.38,24.62,24.7,4429
2018-04-09,24.67,25.75,24.57,25.46,6645
2018-04-10,25.46,25.7,24.56,25.23,7231
2018-04-11,25.23,25.3,24.72,24.83,5118
2018-04-12,24.6,25.02,24.44,24.48,4046
2018-04-13,24.84,25.26,24.66,25.18,6067
2018-04-16,25.27,25.95,25.05,25.94,11058
2018-04-17,25.94,25.96,25.25,25.3,6303
2018-04-18,25.5,26.19,25.0,26.17,7144
2018-04-19,26.07,27.87,25.75,26.99,19465
2018-04-20,26.99,26.99,26.21,26.22,5931
2018-04-23,26.12,26.12,24.98,25.34,6432
2018-04-24,25.33,25.99,25.33,25.89,4684
2018-04-25,25.88,25.96,25.5,25.86,3230
2018-04-26,25.8,25.94,25.33,25.52,3541
2018-04-27,25.73,25.74,25.49,25.59,3005
2018-05-02,25.74,25.74,24.78,25.18,4341
2018-05-03,24.81,25.37,24.49,25.12,2311
2018-05-04,25.12,25.23,24.92,24.97,1371
2018-05-07,24.9,25.5,24.9,25.46,3848
2018-05-08,25.38,25.6,25.38,25.53,2285
2018-05-09,25.66,25.66,25.34,25.57,3084
2018-05-10,25.37,26.0,25.37,26.0,2278
2018-05-11,26.0,26.0,25.25,25.52,3225
2018-05-14,25.51,25.8,25.32,25.4,4955
2018-05-15,25.31,25.62,25.2,25.57,2011
2018-05-16,25.55,25.57,25.27,25.32,2594
2018-05-17,25.32,25.59,24.85,24.89,1773
2018-05-18,24.77,25.41,24.54,24.88,5519
2018-05-21,25.18,25.21,24.9,24.98,3863
2018-05-22,25.16,25.19,24.91,25.16,3206
2018-05-23,25.17,25.17,24.5,24.64,3161
2018-05-24,24.63,24.83,24.4,24.69,2900
2018-05-25,24.77,24.79,24.0,24.0,2041
2018-05-28,23.85,24.7,23.06,24.5,4628
2018-05-29,24.5,24.77,23.84,23.84,2966
2018-05-30,23.78,23.78,22.1,22.8,3676
2018-05-31,23.29,23.3,22.81,22.94,1827
2018-06-01,23.1,23.97,22.84,23.59,7053
2018-06-11,23.2,23.7,23.05,23.61,2835
2018-06-12,23.71,24.0,23.29,23.65,1752
2018-06-13,23.6,23.77,23.27,23.27,1560
2018-06-14,23.2,23.4,22.71,22.72,1816
2018-06-15,23.0,23.0,21.91,22.35,3225
2018-06-19,22.05,22.38,20.81,20.91,4003
2018-06-20,21.19,21.19,20.55,20.75,5027
2018-06-21,20.6,20.9,19.52,20.4,9440
2018-06-22,20.41,20.53,19.66,20.43,2938
2018-06-25,20.79,20.79,19.7,19.82,3760
2018-06-26,19.55,20.37,18.5,19.98,3678
2018-06-27,20.02,20.47,20.02,20.2,1905
2018-06-28,20.32,20.36,19.5,19.85,2257
2018-06-29,19.65,20.5,19.5,20.19,2574
2018-07-02,20.3,20.36,19.5,19.73,5842
2018-07-03,19.79,20.37,19.55,20.29,3707
2018-07-04,20.11,20.38,19.63,19.8,2784
2018-07-05,19.61,19.79,18.78,18.8,3709
2018-07-06,18.66,18.93,18.01,18.47,4177
2018-07-09,18.5,20.32,18.43,20.32,9477
2018-07-10,20.58,20.58,19.83,20.28,6951
2018-07-11,20.01,20.18,18.88,19.59,5911
2018-07-12,19.56,20.98,19.3,20.87,11641
2018-07-13,20.86,20.9,20.42,20.56,5218
2018-07-16,20.59,21.27,20.59,20.94,7592
2018-07-17,20.95,21.5,20.71,21.19,5798
2018-07-18,21.08,21.46,20.81,20.88,4169
2018-07-19,20.8,21.16,20.58,20.74,2756
2018-07-20,20.73,21.15,20.45,20.8,5735
2018-07-23,21.08,22.8,20.73,21.8,10653
2018-07-24,22.08,22.28,21.66,22.05,7400
2018-07-25,21.89,24.24,21.68,24.23,19787
2018-07-26,24.29,24.29,22.7,23.48,13453
2018-07-27,23.0,23.0,21.5,22.03,11683
2018-07-30,21.56,22.4,21.56,21.64,4166
2018-07-31,21.8,22.1,21.31,21.83,4228
2018-08-01,22.0,22.5,21.3,21.33,5735
2018-08-02,21.5,21.5,20.06,20.4,4991
2018-08-03,20.2,20.4,19.51,19.8,4191
2018-08-06,19.74,21.16,19.6,20.27,9335
2018-08-07,20.08,20.8,20.0,20.48,4389
2018-08-08,20.4,20.52,19.47,19.65,3164
2018-08-09,19.7,20.47,19.5,20.33,6101
2018-08-10,20.24,20.28,19.82,20.02,4065
2018-08-13,19.89,20.55,19.06,20.3,6043
2018-08-14,20.3,20.6,19.86,19.95,4554
2018-08-15,19.81,19.9,19.08,19.14,4725
2018-08-16,19.35,19.54,19.05,19.21,2215
2018-08-17,19.4,19.55,18.38,18.51,5153
2018-08-20,18.51,18.97,18.4,18.71,3104
2018-08-21,18.7,19.2,18.68,18.8,3349
2018-08-22,18.88,18.89,18.33,18.63,3383
2018-08-23,18.63,18.88,18.18,18.78,3192
2018-08-24,18.6,18.92,18.4,18.7,3609
2018-08-27,18.8,19.63,18.75,19.4,4625
2018-08-28,19.25,19.53,19.06,19.39,4619
2018-08-29,19.28,19.55,19.12,19.52,3878
2018-08-30,19.33,19.52,18.82,18.83,5011
2018-08-31,18.88,19.2,18.73,18.88,2005
2018-09-03,18.69,19.55,18.69,19.48,4315
2018-09-04,19.49,19.81,19.47,19.62,4177
2018-09-05,19.62,19.65,19.34,19.36,3424
2018-09-06,19.55,19.55,19.1,19.17,2482
2018-09-07,19.14,19.57,19.02,19.29,3194
2018-09-10,19.22,19.22,18.65,18.65,2551
2018-09-11,18.6,19.1,18.6,18.98,1559
2018-09-12,18.82,19.24,18.68,18.89,2382
2018-09-13,19.19,19.36,18.77,19.04,2416
2018-09-14,19.04,19.25,18.88,18.96,2488
2018-09-17,18.8,19.14,18.5,18.77,3241
2018-09-18,18.8,19.13,18.6,19.0,2417
2018-09-19,19.71,19.71,19.21,19.39,5914
2018-09-20,19.32,19.45,18.95,19.39,2773
2018-09-21,19.28,19.74,19.0,19.7,4452
2018-09-25,19.51,19.7,19.36,19.5,2196
2018-09-26,19.59,19.68,19.45,19.45,1606
2018-09-27,19.43,19.43,19.16,19.17,1348
2018-09-28,19.01,19.48,19.01,19.17,2767
2018-10-08,19.0,19.0,18.0,18.0,5888
2018-10-09,18.03,18.38,17.77,17.8,3785
2018-10-10,17.76,18.17,17.62,18.13,3525
2018-10-11,17.8,17.8,16.32,16.32,6508
2018-10-12,16.34,16.58,14.69,15.88,7649
2018-10-15,15.89,16.23,15.58,15.99,4289
2018-10-16,15.75,16.18,14.8,15.1,4807
2018-10-17,15.48,15.48,14.54,15.2,9881
2018-10-18,15.0,15.08,14.68,14.75,4351
2018-10-19,14.4,15.18,14.4,15.08,5536
2018-10-22,15.2,16.59,15.19,16.26,12773
2018-10-23,16.26,16.57,15.79,15.89,4195
2018-10-24,15.64,16.1,15.6,15.77,3138
2018-10-25,15.49,16.55,15.08,16.48,6355
2018-10-26,16.5,16.59,15.96,16.23,5454
2018-10-29,16.25,16.47,16.11,16.18,2887
2018-10-30,16.03,16.51,15.81,16.1,3265
2018-10-31,16.38,16.65,16.2,16.5,3865
2018-11-01,16.7,16.85,16.4,16.44,4656
2018-11-02,16.6,16.9,16.59,16.81,4556
2018-11-05,16.98,17.17,16.43,16.93,6254
2018-11-06,16.61,16.94,16.51,16.83,2521
2018-11-07,16.8,17.48,16.43,16.5,4065
2018-11-08,16.79,16.96,16.43,16.49,3729
2018-11-09,16.65,16.86,16.4,16.69,3581
2018-11-12,16.8,17.22,16.49,17.16,3958
2018-11-13,16.95,17.56,16.8,17.31,5012
2018-11-14,17.28,18.65,17.28,18.21,7420
2018-11-15,18.86,18.86,17.7,18.25,9205
2018-11-16,18.16,18.55,17.96,18.26,5576
2018-11-19,18.26,19.15,18.11,19.1,9039
2018-11-20,19.2,20.66,18.83,20.18,16067
2018-11-21,19.7,19.8,18.97,19.68,6664
2018-11-22,19.54,20.35,19.1,19.69,6775
2018-11-23,19.99,19.99,18.6,18.64,5427
2018-11-26,19.28,19.28,18.07,18.2,4281
2018-11-27,18.49,18.63,18.1,18.28,3517
2018-11-28,18.48,18.88,18.36,18.48,4542
2018-11-29,18.7,19.4,18.3,19.25,13080
2018-11-30,19.2,19.59,18.72,18.9,8248
2018-12-03,19.2,19.97,19.2,19.8,8717
2018-12-04,19.78,20.08,19.41,19.7,4475
2018-12-05,19.31,19.8,19.31,19.4,3823
2018-12-06,19.4,19.4,18.58,18.68,4426
2018-12-07,18.55,20.13,18.55,19.8,9266
2018-12-10,20.0,20.07,19.12,19.85,6784
2018-12-11,20.02,20.19,19.62,19.87,2917
2018-12-12,20.1,20.27,19.63,19.72,3184
2018-12-13,19.62,19.96,19.31,19.71,3246
2018-12-14,20.0,20.0,19.12,19.3,2121
2018-12-17,18.82,19.53,18.82,18.99,3938
2018-12-18,19.2,19.47,18.5,18.8,3558
2018-12-19,19.01,19.15,18.53,18.53,1995
2018-12-20,18.5,19.01,18.5,18.85,2272
2018-12-21,18.87,18.96,18.16,18.67,2916
2018-12-24,18.73,18.93,18.43,18.7,3293
2018-12-25,18.69,19.48,18.12,19.26,7921
2018-12-26,19.02,19.27,18.72,18.83,2685
2018-12-27,19.0,19.22,18.33,18.36,7593
2018-12-28,18.35,18.8,18.0,18.5,5020
2019-01-02,18.5,18.88,18.3,18.57,4134
2019-01-03,18.57,19.28,18.57,19.26,8365
2019-01-04,19.55,19.55,18.94,19.27,6699
2019-01-07,19.45,21.2,18.91,20.4,17136
2019-01-08,21.0,21.09,19.68,19.68,8113
2019-01-09,19.09,19.79,19.09,19.39,4940
2019-01-10,19.32,19.55,19.16,19.22,2260
2019-01-11,19.2,19.47,19.2,19.29,4311
2019-01-14,19.47,19.47,19.22,19.23,2206
2019-01-15,19.23,19.42,18.91,19.23,3100
2019-01-16,19.23,19.28,18.86,18.86,2779
2019-01-17,18.78,19.08,18.25,18.38,4289
2019-01-18,18.39,18.8,18.34,18.41,3240
2019-01-21,18.62,18.62,18.23,18.31,2523
2019-01-22,18.31,18.58,18.21,18.42,3733
2019-01-23,18.36,18.44,17.81,17.83,4575
2019-01-24,17.83,18.21,17.71,18.14,6456
2019-01-25,18.14,18.39,17.9,17.92,3791
2019-01-28,17.99,18.1,17.41,17.91,4577
2019-01-29,17.58,17.8,17.08,17.51,6164
2019-01-30,17.51,17.96,17.22,17.4,5054
2019-01-31,17.4,17.48,16.41,16.78,5174
2019-02-01,16.94,18.46,16.78,17.75,11753
2019-02-11,17.75,18.1,17.28,18.03,11614
2019-02-12,17.98,18.03,17.73,17.9,7643
2019-02-13,17.81,18.29,17.8,18.17,11129
2019-02-14,18.11,18.57,17.92,18.06,11919
2019-02-15,18.04,18.25,17.97,18.09,6946
2019-02-18,18.05,18.96,18.05,18.78,13029
2019-02-19,18.7,19.11,18.4,18.83,10053
2019-02-20,18.47,19.67,18.47,19.39,14116
2019-02-21,19.37,20.28,19.11,20.03,20297
2019-02-22,19.95,20.45,19.63,20.16,11594
2019-02-25,20.0,22.0,20.0,21.07,67173
2019-02-26,21.0,21.3,20.41,20.78,18651
2019-02-27,20.79,22.0,20.47,21.8,20757
2019-02-28,21.8,22.45,21.4,22.39,10156
2019-03-01,22.38,23.29,21.5,22.22,11627
2019-03-04,22.22,23.33,21.9,22.5,14861
2019-03-05,22.86,22.88,21.79,22.17,15563
2019-03-06,22.38,22.38,21.7,21.88,18475
2019-03-07,21.98,22.2,21.41,22.0,22456
2019-03-08,22.0,22.0,19.85,19.97,30707
2019-03-11,20.1,21.3,19.5,20.85,32600
2019-03-12,20.99,21.66,20.68,21.41,27672
2019-03-13,21.63,21.97,20.48,20.49,21790
2019-03-14,20.65,20.75,19.83,19.96,14389
2019-03-15,20.13,20.75,19.88,20.17,13787
2019-03-18,20.6,20.86,20.08,20.82,15914
2019-03-19,20.82,21.2,20.22,20.89,20496
2019-03-20,21.0,21.45,20.18,20.72,16153
2019-03-21,20.57,21.65,20.57,21.3,23283
2019-03-22,21.3,22.02,20.9,21.61,21239
2019-03-25,21.59,22.25,20.94,22.01,23046
2019-03-26,22.1,22.5,21.52,21.67,23453
2019-03-27,21.67,21.8,20.92,21.19,17878
2019-03-28,21.19,21.29,20.85,20.91,16341
2019-03-29,19.92,21.09,19.05,20.77,35333
2019-04-01,20.59,21.29,20.26,21.27,32673
2019-04-02,21.28,21.43,20.94,21.04,20652
2019-04-03,20.95,23.14,20.55,23.14,70266
2019-04-04,24.0,25.45,24.0,25.45,65727
2019-04-08,26.45,28.0,26.45,28.0,77166
2019-04-09,29.4,29.48,25.2,25.2,149986
2019-04-10,23.94,24.2,23.15,23.22,94510
2019-04-11,23.3,23.48,22.25,22.68,70212
2019-04-12,22.68,22.84,22.24,22.52,42506
2019-04-15,22.8,22.98,22.13,22.24,35232
2019-04-16,22.04,22.48,21.6,22.47,35988
2019-04-17,22.4,22.68,22.25,22.41,31117
2019-04-18,22.43,22.65,21.89,21.99,32547
2019-04-19,21.95,22.14,21.4,21.96,27489
2019-04-22,21.81,22.08,21.32,21.34,23947
2019-04-23,21.34,21.68,21.08,21.49,23665
2019-04-24,21.49,22.13,21.49,22.13,34320
2019-04-25,22.02,22.33,21.12,21.17,25355
2019-04-26,21.17,21.36,20.56,20.56,20940
2019-04-29,20.5,20.69,19.61,19.61,21203
2019-04-30,19.5,20.08,19.34,20.0,11784
2019-05-06,19.6,19.6,18.0,18.0,24763
2019-05-07,18.15,18.3,17.82,18.05,18034
2019-05-08,17.56,18.24,17.52,17.96,12318
2019-05-09,17.79,18.38,17.79,18.01,10677
2019-05-10,18.05,18.69,18.0,18.65,16810
2019-05-13,18.7,18.73,18.18,18.27,16037
2019-05-14,18.22,18.64,18.0,18.3,11743
2019-05-15,18.5,18.58,18.26,18.3,11780
2019-05-16,18.35,18.65,18.23,18.58,13838
2019-05-17,18.6,18.67,17.22,17.4,20107
2019-05-20,17.34,17.74,17.05,17.73,12814
2019-05-21,17.74,18.25,17.6,18.18,13253
2019-05-22,18.21,18.47,18.05,18.44,11676
2019-05-23,18.4,18.45,17.63,18.01,13103
2019-05-24,17.92,18.3,17.78,18.11,8988
2019-05-27,18.04,18.59,18.03,18.51,9904
2019-05-28,18.46,18.81,18.4,18.58,12244
2019-05-29,18.57,18.9,18.3,18.7,8897
2019-05-30,18.7,18.72,18.4,18.56,9735
2019-05-31,18.5,18.87,18.5,18.58,7957
2019-06-03,18.5,18.77,18.22,18.72,8986
2019-06-04,18.72,18.86,18.09,18.19,9145
2019-06-05,18.36,18.51,18.06,18.07,7817
2019-06-06,18.16,18.29,17.5,17.67,7325
2019-06-10,18.0,18.05,17.52,17.81,7719
2019-06-11,17.81,18.58,17.71,18.56,11402
2019-06-12,18.7,18.7,18.25,18.29,8873
2019-06-13,18.25,18.52,18.2,18.52,8549
2019-06-14,18.52,18.52,17.65,17.68,12211
2019-06-17,17.76,17.91,17.5,17.84,6651
2019-06-18,17.71,18.06,17.58,17.79,5224
2019-06-19,18.16,18.29,17.99,18.11,6717
2019-06-20,18.11,18.57,18.11,18.51,11824
2019-06-21,18.7,19.39,18.7,19.04,20164
2019-06-24,19.02,19.15,18.53,18.78,11745
2019-06-25,19.04,19.77,18.7,19.32,29495
2019-06-26,18.9,19.14,18.55,18.89,16013
2019-06-27,18.69,19.37,18.68,19.05,13482
2019-06-28,19.08,19.2,18.6,18.6,7641
2019-07-01,18.85,19.38,18.85,19.26,15582
2019-07-02,19.34,19.5,19.12,19.5,13517
2019-07-03,19.49,19.49,18.85,18.96,9835
2019-07-04,19.3,19.3,18.69,18.94,7089
2019-07-05,18.85,19.05,18.85,18.9,5561
2019-07-08,18.85,18.9,18.03,18.12,8438
2019-07-09,18.27,18.4,18.07,18.16,4708
2019-07-10,18.38,18.48,18.18,18.25,5760
2019-07-11,18.27,18.87,18.27,18.65,13736
2019-07-12,18.5,18.7,18.23,18.28,12460
2019-07-15,18.2,18.68,18.06,18.63,7792
2019-07-16,18.63,18.95,18.61,18.92,7155
2019-07-17,18.89,19.33,18.89,19.08,9021
2019-07-18,19.0,19.19,18.71,18.81,10157
2019-07-19,18.8,19.28,18.79,19.18,8917
2019-07-22,19.24,19.32,18.75,18.84,8154
2019-07-23,18.86,19.2,18.65,19.2,6740
2019-07-24,19.39,19.72,19.22,19.35,14364
2019-07-25,19.49,20.76,19.45,20.15,28809
2019-07-26,20.21,20.43,19.8,20.38,16867
2019-07-29,20.41,20.68,20.24,20.64,15553
2019-07-30,20.6,20.68,20.2,20.22,14514
2019-07-31,19.97,20.54,19.73,20.23,15099
2019-08-01,20.23,20.4,20.0,20.15,10459
2019-08-02,19.85,20.05,19.26,19.51,21359
2019-08-05,19.78,20.4,19.53,19.63,18015
2019-08-06,19.16,19.5,18.27,18.65,19815
2019-08-07,18.9,19.06,18.33,18.37,13888
2019-08-08,18.49,18.92,18.49,18.56,8080
2019-08-09,18.72,18.88,18.11,18.21,11215
2019-08-12,18.23,18.54,18.12,18.4,7702
2019-08-13,18.18,18.45,17.91,18.18,12070
2019-08-14,18.41,18.6,18.25,18.36,9536
2019-08-15,17.98,18.37,17.77,18.35,11079
2019-08-16,18.23,18.72,18.23,18.57,11228
2019-08-19,18.58,19.24,18.58,19.17,13651
2019-08-20,19.16,19.58,19.13,19.34,11434
2019-08-21,19.36,19.53,19.24,19.32,9102
2019-08-22,19.52,19.52,19.24,19.49,7176
2019-08-23,19.39,19.68,19.2,19.49,10873
2019-08-26,19.0,19.47,18.87,19.39,10296
2019-08-27,19.3,20.09,19.3,19.85,12567
2019-08-28,19.98,20.12,19.8,19.87,8627
2019-08-29,20.05,20.42,19.92,20.25,13301
2019-08-30,20.43,20.58,19.92,20.13,13173
2019-09-02,20.16,20.38,19.92,20.32,12754
2019-09-03,20.45,20.7,20.18,20.49,10009
2019-09-04,20.6,21.16,20.45,21.0,17791
2019-09-05,21.0,21.14,20.77,20.81,16651
2019-09-06,20.78,21.13,20.54,20.8,10234
2019-09-09,20.9,21.3,20.8,21.28,12111
2019-09-10,21.3,21.39,20.73,20.78,12373
2019-09-11,21.1,21.31,20.83,21.09,13103
2019-09-12,21.1,21.1,20.65,20.88,8370
2019-09-16,20.89,22.97,20.89,22.97,50719
2019-09-17,22.8,23.24,21.76,21.96,52760
2019-09-18,21.84,23.87,21.71,23.19,44949
2019-09-19,23.06,24.92,23.01,23.34,39282
2019-09-20,23.9,23.9,22.82,23.1,25131
2019-09-23,23.1,23.56,22.81,23.47,22459
2019-09-24,23.68,24.79,23.25,24.45,31796
2019-09-25,24.48,25.34,23.58,24.0,37873
2019-09-26,24.08,24.74,23.85,24.08,23994
2019-09-27,23.93,24.3,23.35,24.3,20925
2019-09-30,25.45,26.49,24.52,24.99,57622
2019-10-08,24.98,26.0,24.96,25.17,35387
2019-10-09,25.1,25.88,24.7,25.65,23762
2019-10-10,25.9,26.25,25.35,26.1,29730
2019-10-11,26.2,26.58,25.72,25.77,31915
2019-10-14,25.9,26.25,25.16,25.55,38658
2019-10-15,25.12,25.49,24.13,24.53,26438
2019-10-16,24.58,24.99,24.2,24.5,12952
2019-10-17,24.7,26.95,24.53,26.95,50731
2019-10-18,28.0,28.8,27.03,27.99,68367
2019-10-21,28.77,28.79,26.66,27.1,58121
2019-10-22,27.1,29.1,27.05,29.05,68309
2019-10-23,29.3,29.5,28.11,28.2,38233
2019-10-24,28.38,28.65,26.93,28.21,33222
2019-10-25,28.22,28.56,27.25,27.95,30053
2019-10-28,27.62,29.5,27.5,28.6,37886
2019-10-29,28.39,28.4,27.51,27.51,20680
2019-10-30,27.35,29.1,27.02,28.09,23847
2019-10-31,27.98,28.5,26.46,27.0,26532
2019-11-01,27.25,27.25,26.09,26.62,25562
2019-11-04,26.87,27.3,26.36,27.16,17931
2019-11-05,26.88,27.38,26.28,27.3,19937
2019-11-06,26.99,27.67,26.5,26.8,18112
2019-11-07,26.86,27.09,26.32,27.01,9819
2019-11-08,27.1,27.64,26.82,27.4,24288
2019-11-11,28.0,29.55,28.0,29.09,54221
2019-11-12,28.8,30.22,28.01,28.62,33532
2019-11-13,28.59,28.59,27.61,28.05,19631
2019-11-14,28.0,28.13,27.22,27.53,17120
2019-11-15,27.0,27.53,26.38,26.45,26335
2019-11-18,26.79,26.92,26.02,26.74,15592
2019-11-19,26.75,26.82,26.2,26.58,15607
2019-11-20,26.45,26.89,25.8,25.81,20356
2019-11-21,26.25,26.25,25.38,25.86,14103
2019-11-22,25.88,26.3,25.12,26.23,16820
2019-11-25,26.2,26.48,25.31,25.5,15582
2019-11-26,25.32,25.74,25.2,25.48,8056
2019-11-27,25.47,26.62,25.1,26.45,13065
2019-11-28,26.05,26.7,25.71,25.9,9452
2019-11-29,25.9,26.42,25.61,25.96,7376
2019-12-02,25.37,26.45,25.37,26.05,5346
2019-12-03,26.04,26.5,25.78,26.32,7242
2019-12-04,26.49,27.37,26.27,26.53,11845
2019-12-05,26.45,26.87,25.88,26.47,12125
2019-12-06,26.47,27.75,26.12,27.73,19803
2019-12-09,27.74,27.98,27.06,27.33,14494
2019-12-10,27.43,27.77,27.03,27.51,13960
2019-12-11,27.42,28.4,27.15,27.48,14917
2019-12-12,27.27,28.0,27.11,27.94,15203
2019-12-13,28.0,28.5,27.44,28.12,13516
2019-12-16,28.3,28.3,27.76,28.01,12358
2019-12-17,27.99,29.17,27.9,29.13,33673
2019-12-18,28.96,29.29,28.71,28.94,14913
2019-12-19,28.83,29.24,28.65,29.0,9873
2019-12-20,29.02,29.16,28.26,28.26,10954
2019-12-23,28.3,28.3,27.22,27.5,16158
2019-12-24,27.58,27.97,27.48,27.95,13484
2019-12-25,28.18,30.75,27.84,28.85,34713
2019-12-26,28.95,30.52,28.55,30.46,42004
2019-12-27,30.9,33.51,30.9,32.35,63575
2019-12-30,32.46,33.2,31.32,31.8,41321
2019-12-31,32.0,32.3,31.13,32.14,30834
2020-01-02,32.6,33.81,31.91,33.45,35518
2020-01-03,33.1,33.3,32.0,32.05,34118
2020-01-06,31.53,32.9,31.53,32.54,24843
2020-01-07,32.52,33.49,32.13,32.55,23164
2020-01-08,32.46,32.89,31.77,31.86,15340
2020-01-09,31.96,32.85,31.62,32.6,14923
2020-01-10,32.55,32.7,31.48,31.79,24216
2020-01-13,32.08,32.87,31.94,32.8,23502
2020-01-14,32.8,32.9,32.0,32.11,17821
2020-01-15,32.11,33.5,31.5,33.24,24944
2020-01-16,33.66,36.56,33.66,36.56,88870
2020-01-17,36.86,38.96,33.13,33.13,129638
2020-01-20,34.68,36.16,34.01,35.23,68097
2020-01-21,34.55,35.5,34.18,35.1,37083
2020-01-22,34.69,37.5,33.67,37.04,45173
2020-01-23,36.35,39.18,35.88,37.41,58642
2020-02-03,33.68,34.99,33.67,33.67,33024
2020-02-04,32.0,35.4,31.83,35.13,52089
2020-02-05,35.0,38.48,34.5,38.27,68955
2020-02-06,36.75,41.39,36.61,40.61,65415
2020-02-07,40.09,41.2,39.39,40.45,45017
2020-02-10,40.4,44.49,39.7,41.8,53729
2020-02-11,41.1,42.43,40.2,41.99,34031
2020-02-12,41.48,41.8,40.24,41.17,44669
2020-02-13,40.7,42.2,39.4,39.53,45726
2020-02-14,38.98,40.26,38.22,38.7,39147
2020-02-17,38.96,40.16,38.0,39.9,46178
2020-02-18,39.99,40.83,39.43,40.63,45404
2020-02-19,40.41,42.45,39.3,40.36,61221
2020-02-20,41.2,42.42,40.52,42.0,58229
2020-02-21,41.7,43.49,41.01,42.38,56934
2020-02-24,42.4,42.59,41.3,41.85,45518
2020-02-25,41.75,41.85,37.76,39.63,64965
2020-02-26,38.08,38.79,35.9,36.23,65081
2020-02-27,36.6,37.68,36.23,36.7,32259
2020-02-28,35.2,36.95,34.69,35.4,37354
2020-03-02,36.0,36.58,35.23,36.17,30406
2020-03-03,37.0,37.4,35.92,36.3,26680
2020-03-04,35.58,36.1,35.07,35.5,24791
2020-03-05,35.9,36.8,35.57,35.82,29631
2020-03-06,35.5,36.49,35.2,35.45,24242
2020-03-09,35.16,35.16,33.38,34.2,27968
2020-03-10,33.9,36.45,33.2,35.87,27005
2020-03-11,35.87,36.31,35.35,35.35,17490
2020-03-12,34.76,35.09,33.96,34.8,11938
2020-03-13,32.12,34.99,32.06,34.28,27129
2020-03-16,34.6,34.85,30.85,31.4,35703
2020-03-17,31.6,32.15,29.38,30.5,22952
2020-03-18,31.13,31.79,30.0,30.03,21988
2020-03-19,30.0,30.5,29.36,30.1,16472
2020-03-20,30.65,30.88,30.01,30.24,13487
2020-03-23,29.8,30.29,28.88,28.93,28434
2020-03-24,29.68,29.88,28.01,29.01,22681
2020-03-25,30.16,30.99,29.55,30.63,23976
2020-03-26,30.3,30.81,29.7,30.63,17792
2020-03-27,31.0,31.8,29.82,29.82,14935
2020-03-30,29.44,29.45,28.05,28.16,18398
2020-03-31,28.77,28.77,28.08,28.26,11299
2020-04-01,28.35,29.46,27.71,28.35,16603
2020-04-02,28.51,29.8,28.12,29.64,16016
2020-04-03,29.68,30.0,29.1,29.66,15711
2020-04-07,30.51,31.1,30.02,31.0,18564
2020-04-08,31.01,31.15,30.5,30.6,17554
2020-04-09,30.65,31.13,30.14,31.0,20256
2020-04-10,31.3,32.36,30.46,30.62,24270
2020-04-13,30.33,30.7,29.49,29.77,15024
2020-04-14,30.07,30.35,29.49,30.18,15309
2020-04-15,30.39,32.2,30.0,31.51,33934
2020-04-16,31.8,31.8,31.02,31.29,20479
2020-04-17,31.49,34.42,31.41,32.8,53621
2020-04-20,32.55,32.98,32.1,32.79,20059
2020-04-21,32.38,32.65,32.0,32.2,15840
2020-04-22,31.73,32.8,31.11,31.94,22647
2020-04-23,31.85,33.58,31.66,33.18,46943
2020-04-24,33.2,33.86,32.88,33.28,29183
2020-04-27,33.5,34.88,32.88,33.9,28661
2020-04-28,34.11,34.49,33.04,33.2,20178
2020-04-29,33.3,33.5,32.6,32.99,7735
2020-04-30,33.06,35.08,33.06,34.37,25016
2020-05-06,34.0,34.83,33.82,34.8,14823
2020-05-07,34.9,35.39,33.86,33.89,17023
2020-05-08,34.21,34.76,33.62,34.07,17978
2020-05-11,34.17,34.43,33.21,33.33,14443
2020-05-12,33.69,33.7,32.47,33.0,22170
2020-05-13,32.82,33.3,32.45,33.1,20192
2020-05-14,33.11,34.28,32.7,34.0,25528
2020-05-15,34.17,34.45,33.51,34.29,29231
2020-05-18,35.0,35.1,33.4,34.2,33379
2020-05-19,22.6,24.12,22.24,23.72,57148
2020-05-20,23.5,25.07,23.48,24.73,93547
2020-05-21,24.41,24.46,23.61,23.89,57252
2020-05-22,23.88,24.39,23.0,23.43,41357
2020-05-25,23.14,23.52,21.95,22.46,44861
2020-05-26,22.68,24.0,22.31,23.47,52341
2020-05-27,23.45,23.45,22.4,22.4,39512
2020-05-28,22.34,22.47,21.13,21.4,46551
2020-05-29,21.62,21.97,21.22,21.26,25784
2020-06-01,21.7,22.51,21.5,22.51,33819
2020-06-02,22.53,22.84,22.19,22.58,28962
2020-06-03,22.95,23.25,22.41,22.64,40373
2020-06-04,22.51,22.74,21.95,22.05,36830
2020-06-05,22.09,22.22,21.3,21.81,31190
2020-06-08,21.82,22.18,20.44,20.65,61309
2020-06-09,20.64,20.89,20.06,20.78,32664
2020-06-10,20.74,20.75,20.31,20.59,17110
2020-06-11,20.58,20.89,20.36,20.61,23106
2020-06-12,20.01,20.53,19.82,19.88,50406
2020-06-15,19.89,20.06,19.6,19.8,30598
2020-06-16,19.98,20.78,19.97,20.61,32000
2020-06-17,20.55,20.83,20.44,20.62,21163
2020-06-18,20.73,20.73,20.19,20.28,20400
2020-06-19,20.36,20.66,20.2,20.55,16436
2020-06-22,20.56,21.49,20.56,21.14,38639
2020-06-23,21.33,22.5,20.81,22.27,55493
2020-06-24,22.1,22.65,21.93,22.02,38601
2020-06-29,21.99,22.58,21.81,22.3,32123
2020-06-30,22.58,22.86,22.37,22.61,37555
2020-07-01,22.61,22.86,22.22,22.56,43527
2020-07-02,22.54,23.23,22.45,23.09,37800
2020-07-03,23.07,23.27,22.82,23.15,36134
2020-07-06,24.0,24.05,23.23,23.9,47360
2020-07-07,24.25,25.26,23.9,24.9,61386
2020-07-08,25.01,25.15,24.25,25.0,44753
2020-07-09,24.8,25.56,24.66,25.53,52920
2020-07-10,25.1,25.5,24.51,24.61,46282
2020-07-13,24.5,26.17,24.5,26.01,71296
2020-07-14,26.2,26.38,24.88,25.65,44732
2020-07-15,25.6,25.79,24.0,24.05,72278
2020-07-16,24.11,24.82,22.76,22.79,68535
2020-07-17,23.23,23.88,22.8,23.34,41878
2020-07-20,23.62,24.86,23.36,24.84,47183
2020-07-21,24.38,24.95,24.08,24.85,43810
2020-07-22,24.66,27.3,24.45,26.7,76719
2020-07-23,26.66,27.34,25.63,26.61,62261
2020-07-24,26.56,27.03,24.96,25.0,43595
2020-07-27,25.48,25.65,23.9,24.0,74817
2020-07-28,24.0,24.16,23.56,23.83,42331
2020-07-29,23.9,26.0,23.39,26.0,74541
2020-07-30,26.11,26.45,24.5,24.62,53049
2020-07-31,24.56,25.14,24.0,24.48,46348
2020-08-03,24.44,26.3,24.42,25.97,58445
2020-08-04,25.89,26.26,25.44,26.02,39514
2020-08-05,27.0,27.0,25.65,25.99,66127
2020-08-06,26.08,27.44,25.74,26.6,62802
2020-08-07,26.68,28.8,26.56,27.31,103292
2020-08-10,27.94,29.35,26.8,29.0,98565
2020-08-11,28.4,30.75,27.82,29.5,123302
2020-08-12,29.3,29.85,27.8,28.46,80001
2020-08-13,28.3,28.38,27.08,27.15,65915
2020-08-14,27.1,28.45,26.5,28.14,55450
2020-08-17,28.13,28.67,27.86,28.45,55901
2020-08-18,28.45,31.3,28.45,31.3,86618
2020-08-19,31.5,31.7,28.9,29.32,98749
2020-08-20,28.99,29.0,27.43,28.08,64518
2020-08-21,28.28,28.97,27.77,28.49,38925
2020-08-24,28.7,29.09,27.85,28.19,32507
2020-08-25,28.2,28.5,27.57,27.68,43926
2020-08-26,27.5,27.55,26.12,26.28,45271
2020-08-27,26.22,30.0,26.05,29.63,90039
2020-08-28,29.01,29.96,28.58,28.95,78293
2020-08-31,29.52,30.86,28.65,30.1,73726
2020-09-01,29.8,30.75,29.7,29.96,54009
2020-09-02,30.11,31.0,29.9,30.5,67827
2020-09-03,30.32,30.39,28.7,29.08,54987
2020-09-04,28.22,29.33,27.9,29.18,33114
2020-09-07,28.96,29.66,28.02,28.15,37660
2020-09-08,28.15,28.57,27.1,27.5,41384
2020-09-09,26.91,27.33,25.9,26.11,39255
2020-09-10,26.33,26.77,25.51,25.97,34030
2020-09-11,25.89,26.28,25.29,26.24,28083
2020-09-14,27.01,27.6,26.87,27.54,41591
2020-09-15,27.49,27.51,26.86,27.19,21317
2020-09-16,27.18,27.55,26.48,26.62,20399
2020-09-17,26.36,27.19,26.15,26.88,29538
2020-09-18,26.61,27.05,26.42,26.9,18499
2020-09-21,26.71,27.18,26.18,26.27,25735
2020-09-22,25.9,26.16,25.25,25.51,30856
2020-09-23,25.55,25.79,24.88,25.5,31771
2020-09-24,25.05,25.32,24.5,24.5,21019
2020-09-25,24.56,24.97,24.21,24.75,17463
2020-09-28,24.81,25.07,24.3,24.52,17857
2020-09-29,24.9,25.9,24.64,25.4,32235
2020-09-30,25.48,26.17,25.31,25.72,21308
2020-10-09,26.19,26.8,25.97,26.43,25642
2020-10-12,26.52,27.5,26.34,27.29,27154
2020-10-13,27.28,27.77,27.02,27.51,26031
2020-10-14,27.47,28.14,27.2,27.36,33967
2020-10-15,27.4,27.69,27.0,27.11,21307
2020-10-16,27.33,27.45,26.47,27.01,20653
2020-10-19,27.01,27.45,26.61,26.62,17193
2020-10-20,26.66,27.49,26.38,27.38,19036
2020-10-21,27.35,27.49,26.56,26.7,16624
2020-10-22,26.48,27.0,26.02,26.45,12399
2020-10-23,26.59,26.76,25.35,25.4,19642
2020-10-26,25.5,26.1,25.1,25.98,21302
2020-10-27,25.88,26.55,25.6,26.39,17610
2020-10-28,26.49,26.79,25.3,25.5,27477
2020-10-29,25.04,25.49,24.51,24.9,27561
2020-10-30,24.85,25.18,23.92,23.98,24359
2020-11-02,23.95,24.4,23.33,23.59,25641
2020-11-03,23.67,24.47,23.59,24.47,17120
2020-11-04,24.33,24.57,23.68,23.93,17312
2020-11-05,24.06,24.33,23.79,24.32,17414
2020-11-06,24.19,24.3,23.08,23.35,29546
2020-11-09,23.35,24.64,23.35,24.39,30858
2020-11-10,24.39,24.77,23.92,24.58,31153
2020-11-11,24.6,24.79,23.5,23.6,23019
2020-11-12,23.51,23.86,23.18,23.18,17491
2020-11-13,23.27,23.38,22.67,23.23,20696
2020-11-16,23.11,24.47,23.11,23.68,35282
2020-11-17,23.89,24.05,23.22,23.6,18100
2020-11-18,23.59,23.95,23.14,23.38,16162
2020-11-19,23.51,23.54,23.13,23.45,15062
2020-11-20,23.5,24.06,23.37,23.45,24503
2020-11-23,23.59,23.64,22.96,23.05,20732
2020-11-24,23.04,23.28,22.78,22.8,17095
2020-11-25,22.9,22.98,21.98,22.1,27093
2020-11-26,22.42,22.67,22.13,22.51,17793
2020-11-27,22.77,22.82,22.0,22.51,17317
2020-11-30,22.51,22.74,22.13,22.31,15061
2020-12-01,22.45,22.7,22.23,22.65,14595
2020-12-02,23.02,24.13,22.88,23.73,48457
2020-12-03,23.41,23.8,23.07,23.71,26682
2020-12-04,24.12,24.56,23.45,23.87,37672
2020-12-07,24.2,24.9,23.9,24.0,40082
2020-12-08,23.88,24.3,23.81,23.9,26425
2020-12-09,23.97,24.1,23.33,23.41,33918
2020-12-10,23.16,23.57,23.06,23.29,15796
2020-12-11,23.43,23.43,22.35,22.64,19655
2020-12-14,22.65,23.45,22.39,23.2,13564
2020-12-15,23.11,23.37,22.78,22.96,12110
2020-12-16,22.8,23.16,22.52,22.64,15406
2020-12-17,22.42,23.04,22.3,22.9,11316
2020-12-18,23.0,23.76,22.95,23.65,21411
2020-12-21,23.46,24.18,23.37,23.81,18845
2020-12-22,23.69,23.73,22.73,22.82,21007
2020-12-23,22.69,23.07,22.54,22.63,18393
2020-12-24,22.88,22.88,22.01,22.28,17203
2020-12-25,22.02,22.41,22.0,22.02,14800
2020-12-28,22.02,22.03,20.65,21.2,31972
2020-12-29,21.39,23.28,21.39,22.59,37174
2020-12-30,22.36,22.85,22.13,22.65,18562
2020-12-31,22.55,23.75,22.55,23.43,21923
2021-01-04,23.4,23.8,23.2,23.68,26343
2021-01-05,23.6,23.78,23.2,23.33,19364
2021-01-06,23.33,24.29,22.68,23.79,33342
2021-01-07,23.63,23.8,22.7,22.88,24938
2021-01-08,22.88,22.88,22.01,22.32,19390
2021-01-11,22.33,24.28,22.05,23.52,37848
2021-01-12,23.38,24.53,23.17,24.51,47963
2021-01-13,24.41,24.49,23.6,24.26,32824
2021-01-14,24.01,25.33,23.95,24.51,37911
2021-01-15,24.4,25.15,24.01,24.88,29163
2021-01-18,25.0,26.19,24.61,25.61,48439
2021-01-19,25.6,26.06,24.54,24.61,37945
2021-01-20,24.59,24.97,24.25,24.97,20845
2021-01-21,24.98,25.35,24.05,24.15,37830
2021-01-22,23.98,23.98,22.55,22.8,39283
2021-01-25,22.65,23.12,21.96,23.12,34222
2021-01-26,22.77,23.28,22.62,22.88,15904
2021-01-27,22.94,23.08,22.3,22.9,17648
2021-01-28,22.72,22.79,21.9,21.91,15528
2021-01-29,21.95,22.51,21.78,22.48,13735
2021-02-01,22.42,24.08,22.36,24.07,35439
2021-02-02,24.01,24.84,23.84,24.36,40923
2021-02-03,24.21,24.46,23.69,23.9,25507
2021-02-04,23.71,23.98,22.65,23.0,23428
2021-02-05,22.85,23.09,22.37,22.71,19002
2021-02-08,22.7,23.27,22.33,22.63,16781
2021-02-09,22.69,23.32,22.41,23.24,18642
2021-02-10,23.24,23.42,22.45,22.73,23234
2021-02-18,22.91,23.37,22.7,22.94,22427
2021-02-19,22.93,23.42,22.6,23.39,19971
2021-02-22,23.35,25.17,23.3,24.33,48934
2021-02-23,24.42,24.58,23.75,23.97,23641
2021-02-24,23.8,24.38,23.4,23.86,22603
2021-02-25,23.82,24.16,23.66,23.92,19227
2021-02-26,23.5,23.79,22.93,23.01,23498
2021-03-01,22.9,23.74,22.9,23.61,20758
2021-03-02,23.82,23.88,22.95,23.12,13907
2021-03-03,23.12,23.31,22.93,23.18,14984
2021-03-04,23.18,23.18,22.52,22.56,18284
2021-03-05,22.37,23.03,22.27,22.59,19281
2021-03-08,22.7,22.84,22.0,22.02,18106
2021-03-09,22.05,22.17,21.27,21.3,15652
2021-03-10,21.69,21.81,21.27,21.29,8079
2021-03-11,21.37,21.77,21.15,21.68,8026
2021-03-12,21.85,21.88,21.49,21.77,6634
2021-03-15,21.77,22.46,21.55,22.29,14989
2021-03-16,22.3,22.73,22.16,22.41,13517
2021-03-17,22.58,23.1,22.22,22.7,20462
2021-03-18,22.99,23.05,22.25,22.37,16112
2021-03-19,22.35,22.63,22.21,22.63,13523
2021-03-22,22.6,22.95,22.41,22.79,12818
2021-03-23,22.21,23.06,22.15,22.99,14655
2021-03-24,22.79,22.85,22.46,22.7,11144
2021-03-25,22.39,23.0,22.39,22.83,13960
2021-03-26,22.78,23.35,22.67,23.32,19059
2021-03-29,23.17,23.62,23.05,23.16,14960
2021-03-30,23.15,23.27,22.77,22.86,16724
2021-03-31,22.93,23.36,22.8,23.16,12593
2021-04-01,23.27,23.48,23.15,23.38,11957
2021-04-02,23.39,23.86,23.28,23.3,17026
2021-04-06,23.26,24.07,23.2,23.88,25124
2021-04-07,24.11,24.14,23.64,24.0,14014
2021-04-08,23.93,23.99,23.35,23.47,17080
2021-04-09,23.47,24.19,23.3,23.63,20604
2021-04-12,23.52,24.13,23.21,23.29,16157
2021-04-13,23.29,24.08,23.17,23.78,18436
2021-04-14,23.79,24.26,23.67,24.21,15148
2021-04-15,24.22,24.27,23.82,24.01,9163
2021-04-16,23.97,24.33,23.85,24.03,11252
2021-04-19,24.04,24.15,23.61,24.09,14225
2021-04-20,23.99,24.11,23.7,23.76,12842
2021-04-21,18.16,18.29,17.78,18.0,15462
2021-04-22,18.0,18.28,17.82,18.15,15968
2021-04-23,18.13,18.23,17.8,17.85,12893
2021-04-26,17.86,21.42,17.86,19.3,85960
2021-04-27,18.8,20.6,18.4,19.68,72128
2021-04-28,19.2,19.8,18.81,19.3,48349
2021-04-29,19.37,19.68,18.7,18.71,33744
2021-04-30,18.72,19.44,18.61,18.93,28730
2021-05-06,18.15,18.55,17.84,18.17,43495
2021-05-07,18.09,18.33,17.87,17.9,21739
2021-05-10,17.84,18.3,17.28,18.27,27952
2021-05-11,18.1,18.14,17.5,17.98,16663
2021-05-12,17.95,18.4,17.8,18.31,17754
2021-05-13,18.18,18.37,18.0,18.12,11799
2021-05-14,18.14,18.81,18.14,18.71,27163
2021-05-17,18.7,19.4,18.36,18.99,30413
2021-05-18,18.9,19.14,18.6,18.66,26555
2021-05-19,18.6,18.65,17.7,17.91,29880
2021-05-20,17.91,18.17,17.86,17.95,13683
2021-05-21,17.88,18.1,17.76,17.77,13603
2021-05-24,17.66,18.62,17.39,18.35,27870
2021-05-25,18.44,18.49,18.1,18.34,19402
2021-05-26,18.35,18.5,18.2,18.5,18192
2021-05-27,18.51,19.09,18.51,19.05,34996
2021-05-28,19.06,19.29,18.6,18.79,23333
2021-05-31,18.8,19.48,18.65,19.4,43315
2021-06-01,19.52,19.6,19.1,19.2,34512
2021-06-02,19.2,19.49,18.7,19.25,38411
2021-06-03,19.25,19.35,18.75,18.82,22495
2021-06-04,18.82,19.25,18.71,18.99,22545
2021-06-07,19.14,20.55,19.1,20.08,77004
2021-06-08,20.08,20.43,19.75,20.29,53967
2021-06-09,20.29,20.88,19.96,20.72,58229
2021-06-10,20.73,20.95,20.38,20.61,39254
2021-06-11,20.52,20.99,20.4,20.72,39992
2021-06-15,20.57,21.0,20.43,20.73,33181
2021-06-16,20.74,21.97,20.59,21.57,66843
2021-06-17,21.6,22.25,21.13,22.2,61761
2021-06-18,22.3,22.5,21.73,21.82,33653
2021-06-21,21.74,22.94,21.65,22.77,45654
2021-06-22,22.98,22.98,22.3,22.7,24557
2021-06-23,22.62,23.45,22.58,22.81,41528
2021-06-24,22.69,23.12,22.08,22.34,41974
2021-06-25,22.3,23.15,22.21,23.01,39126
2021-06-28,23.0,23.5,22.77,23.0,36229
2021-06-29,23.1,23.38,22.12,22.46,42540
2021-06-30,22.66,23.09,22.1,22.9,42705
2021-07-01,23.59,24.15,23.02,23.9,72434
2021-07-02,24.0,24.84,22.7,22.92,53700
2021-07-05,23.25,23.7,22.9,23.59,54993
2021-07-06,23.56,23.98,23.12,23.73,35132
2021-07-07,23.45,24.75,22.9,24.38,52790
2021-07-08,24.3,25.62,23.88,25.51,66501
2021-07-09,25.4,25.6,24.88,25.2,31858
2021-07-12,25.3,26.95,25.05,26.36,70838
2021-07-13,26.38,27.16,25.52,26.16,45599
2021-07-14,26.35,26.95,24.7,24.87,55661
2021-07-15,24.78,25.2,23.73,24.65,42117
2021-07-16,24.96,25.43,24.12,25.01,56661
2021-07-19,25.15,25.4,24.33,24.94,28041
2021-07-20,24.84,24.84,23.97,24.45,27631
2021-07-21,24.69,25.18,24.36,24.89,29670
2021-07-22,25.0,25.72,24.45,25.66,49351
2021-07-23,25.5,26.09,24.48,24.88,44079
2021-07-26,24.76,25.04,23.0,23.79,71551
2021-07-27,24.0,24.59,22.75,22.79,72407
2021-07-28,22.88,23.15,21.61,22.45,31262
2021-07-29,23.0,23.66,22.57,23.36,33468
2021-07-30,23.98,23.98,22.89,23.36,25940
2021-08-02,23.31,24.42,23.1,24.13,38327
2021-08-03,24.0,24.49,23.4,23.53,27189
2021-08-04,23.52,24.15,23.42,23.96,16079
2021-08-05,24.22,24.22,22.98,23.02,43349
2021-08-06,23.15,23.61,22.75,22.82,26451
2021-08-09,22.87,23.29,22.56,22.88,20758
2021-08-10,22.7,23.85,22.65,23.5,46601
2021-08-11,23.31,23.98,22.88,23.06,20220
2021-08-12,23.01,23.22,22.47,22.57,29535
2021-08-13,22.62,22.75,22.0,22.12,42027
2021-08-16,22.64,23.12,22.17,22.47,40473
2021-08-17,22.4,23.79,22.22,22.71,77117
2021-08-18,22.77,24.55,22.6,24.29,94339
2021-08-19,24.65,25.32,23.72,24.99,78786
2021-08-20,24.95,26.41,24.33,24.99,73728
2021-08-23,24.85,25.4,24.1,25.08,60342
2021-08-24,25.08,25.39,24.3,24.72,51317
2021-08-25,24.99,25.15,24.37,24.55,43774
2021-08-26,24.58,25.88,24.53,25.01,61367
2021-08-27,25.08,25.35,23.8,24.26,79686
2021-08-30,24.5,26.73,24.5,25.76,125148
2021-08-31,25.35,25.7,24.56,24.85,65113
2021-09-01,24.8,26.79,24.2,25.6,94497
2021-09-02,25.77,26.67,25.31,26.67,100287
2021-09-03,26.59,26.9,24.9,24.99,98729
2021-09-06,24.77,25.42,24.38,25.31,60148
2021-09-07,25.6,25.6,24.63,24.99,50515
2021-09-08,24.98,25.17,24.02,24.18,60930
2021-09-09,24.18,24.45,23.25,23.67,56228
2021-09-10,23.67,23.99,23.1,23.73,54960
2021-09-13,23.69,23.69,22.8,22.93,41299
2021-09-14,22.92,23.29,22.81,22.92,30883
2021-09-15,22.9,23.16,22.38,22.62,42389
2021-09-16,22.55,23.06,22.28,22.29,35935
2021-09-17,22.41,23.6,22.34,23.0,50560
2021-09-22,22.68,23.66,22.51,23.22,43347
2021-09-23,23.17,23.5,22.79,23.01,28323
2021-09-24,22.97,23.44,22.71,23.04,25035
2021-09-27,23.33,23.38,22.22,22.4,30124
2021-09-28,22.58,23.05,22.25,22.84,19053
2021-09-29,22.85,23.26,22.33,22.5,32144
2021-09-30,22.29,22.54,21.47,21.78,69426
2021-10-08,21.98,22.56,21.59,22.5,27487
2021-10-11,22.36,23.56,22.02,23.47,46814
2021-10-12,23.3,23.44,22.11,22.46,33349
2021-10-13,22.39,23.65,22.11,23.06,33825
2021-10-14,23.01,23.41,22.8,22.91,14377
2021-10-15,22.95,23.73,22.61,23.56,29111
2021-10-18,23.57,24.3,23.17,24.2,32957
2021-10-19,24.3,24.68,23.8,24.39,39249
2021-10-20,24.2,25.35,24.11,25.01,52781
2021-10-21,25.03,25.3,24.6,24.66,22945
2021-10-22,24.66,24.95,24.21,24.4,27679
2021-10-25,24.41,25.0,23.8,24.61,28716
2021-10-26,24.8,25.6,24.55,25.05,59476
2021-10-27,24.91,25.15,23.9,24.23,43817
2021-10-28,24.16,24.79,23.69,23.8,23233
2021-10-29,23.76,25.08,23.75,24.85,50808
2021-11-01,24.8,26.09,24.66,25.82,77140
2021-11-02,25.85,26.26,25.22,25.72,54204
2021-11-03,26.17,26.98,25.37,25.91,71253
2021-11-04,25.75,26.74,25.75,26.46,55720
2021-11-05,26.6,26.67,25.55,25.66,49227
2021-11-08,25.54,25.99,25.35,25.99,27956
2021-11-09,25.99,27.47,25.58,27.11,94017
2021-11-10,27.11,27.11,26.43,26.69,44164
2021-11-11,26.3,26.68,26.05,26.5,38669
2021-11-12,26.67,26.85,25.94,26.63,35642
2021-11-15,26.6,26.91,25.8,26.34,54039
2021-11-16,26.34,26.66,25.59,25.64,30898
2021-11-17,25.85,27.2,25.6,27.01,47694
2021-11-18,27.02,28.47,26.85,28.38,134247
2021-11-19,28.0,29.79,28.0,28.8,116464
2021-11-22,28.7,28.9,28.0,28.79,68892
2021-11-23,28.78,28.81,27.5,28.19,71258
2021-11-24,28.18,28.35,27.73,27.94,31449
2021-11-25,27.94,29.25,27.85,28.46,48282
2021-11-26,28.5,28.5,27.13,27.95,66331
2021-11-29,27.71,29.05,27.28,28.77,65006
2021-11-30,28.66,30.2,28.46,29.48,91178
2021-12-01,29.22,30.08,28.9,29.8,84030
2021-12-02,29.7,29.7,28.35,28.92,63976
2021-12-03,28.89,29.66,28.73,29.02,49617
2021-12-06,28.6,29.1,28.25,28.54,32814
2021-12-07,28.53,28.77,26.34,26.67,96234
2021-12-08,26.67,29.32,26.52,29.18,102845
2021-12-09,29.17,29.45,28.37,29.0,41609
2021-12-10,28.69,29.45,28.5,29.36,37226
2021-12-13,29.6,30.07,28.5,29.74,46230
2021-12-14,29.69,30.4,29.57,30.3,52318
2021-12-15,30.5,31.48,29.41,30.67,71685
2021-12-16,30.67,31.9,30.46,31.05,61156
2021-12-17,30.96,31.63,30.18,30.28,30718
2021-12-20,30.59,30.91,29.45,29.68,33846
2021-12-21,29.74,30.95,29.67,29.82,28870
2021-12-22,30.19,31.47,29.65,31.11,54682
2021-12-23,30.97,32.87,30.7,32.7,68381
2021-12-24,33.0,33.14,31.4,31.72,40666
2021-12-27,31.79,33.3,31.16,31.47,63530
2021-12-28,31.77,33.3,31.22,33.27,66209
2021-12-29,33.27,33.66,31.5,31.62,66929
2021-12-30,31.72,34.68,31.55,34.5,77903
2021-12-31,34.2,34.49,33.28,33.95,50374
2022-01-04,33.98,34.08,32.58,33.29,53710
2022-01-05,33.29,34.0,32.32,34.0,63815
2022-01-06,33.85,34.0,32.52,33.0,37293
2022-01-07,32.93,33.08,30.88,31.21,55142
2022-01-10,31.27,31.59,29.4,30.09,76084
2022-01-11,30.09,30.54,29.71,30.15,34371
2022-01-12,30.07,32.85,29.7,32.63,53001
2022-01-13,32.38,32.65,31.36,31.83,36014
2022-01-14,31.71,32.55,31.24,32.05,24091
2022-01-17,31.88,33.85,31.6,32.95,28600
2022-01-18,32.98,34.7,32.51,32.91,44855
2022-01-19,33.12,33.25,30.99,31.3,48089
2022-01-20,31.29,31.48,30.03,30.52,39144
2022-01-21,30.51,31.48,29.52,31.36,34795
2022-01-24,31.0,31.58,30.57,30.75,24354
2022-01-25,30.65,31.18,29.75,29.75,19678
2022-01-26,29.75,30.28,28.65,28.82,45268
2022-01-27,29.05,29.65,28.51,28.51,33380
2022-01-28,28.51,29.7,28.41,28.66,28480
2022-02-07,29.23,29.57,28.48,28.78,36714
2022-02-08,28.43,28.87,27.21,28.49,28475
2022-02-09,28.57,29.65,27.6,29.3,29584
2022-02-10,29.24,29.49,27.21,27.48,45487
2022-02-11,27.71,28.3,26.8,26.8,33802
2022-02-14,27.0,28.89,26.34,27.88,40007
2022-02-15,28.4,28.42,27.37,28.13,26849
2022-02-16,28.31,29.27,28.2,28.55,22445
2022-02-17,28.8,29.11,28.31,28.43,17784
2022-02-18,28.75,29.05,27.95,28.11,19556
2022-02-21,28.0,28.38,27.65,28.2,13603
2022-02-22,28.16,28.85,27.4,28.57,33355
2022-02-23,28.35,30.24,28.1,29.82,38623
2022-02-24,29.8,29.8,28.2,28.6,27723
2022-02-25,28.76,29.75,28.62,29.08,25940
2022-02-28,29.14,29.55,28.43,29.36,21976
2022-03-01,29.36,29.66,28.5,28.58,22745
2022-03-02,28.78,28.99,28.07,28.79,16383
2022-03-03,29.08,29.1,27.84,28.1,15695
2022-03-04,27.99,28.85,27.79,28.4,16474
2022-03-07,28.42,28.42,27.61,27.81,16827
2022-03-08,27.75,28.37,27.27,27.85,17789
2022-03-09,27.5,28.85,27.33,28.14,40183
2022-03-10,28.72,30.1,28.5,29.56,48206
2022-03-11,29.35,29.65,28.76,29.61,24876
2022-03-14,28.85,29.84,28.83,28.99,20603
2022-03-15,29.0,29.8,28.52,29.2,60095
2022-03-16,29.8,32.19,28.85,32.19,54407
2022-03-17,32.45,32.47,30.8,31.46,63270
2022-03-18,31.5,31.5,29.95,30.7,33523
2022-03-21,30.71,31.39,30.4,31.08,22380
2022-03-22,31.13,32.7,30.8,32.55,40844
2022-03-23,32.39,32.77,31.53,31.85,27945
2022-03-24,31.85,31.85,31.11,31.22,19078
2022-03-25,31.21,31.5,30.24,30.24,20765
2022-03-28,30.06,30.68,29.25,29.61,19014
2022-03-29,29.9,30.58,29.5,30.25,20414
2022-03-30,30.5,31.07,29.8,29.9,19915
2022-03-31,29.77,30.66,29.36,30.04,18432
2022-04-01,29.79,30.65,29.55,30.62,20520
2022-04-06,30.3,30.79,29.77,29.81,18805
2022-04-07,30.0,30.0,28.5,28.57,22547
2022-04-08,28.52,30.2,27.8,30.0,29604
2022-04-11,29.56,29.56,27.48,27.82,26834
2022-04-12,27.5,27.9,26.71,27.5,28161
2022-04-13,27.4,27.95,26.65,26.71,22392
2022-04-14,26.77,27.6,26.18,27.1,30338
2022-04-15,27.0,27.0,25.0,25.5,53937
2022-04-18,25.05,26.3,24.4,25.8,61378
2022-04-19,25.6,26.82,25.43,26.7,33350
2022-04-20,26.53,27.08,26.31,26.53,17986
2022-04-21,26.53,26.96,25.6,25.81,21025
2022-04-22,26.0,26.4,25.25,26.03,25897
2022-04-25,25.99,25.99,23.88,23.98,18351
2022-04-26,24.0,26.68,23.9,25.1,36842
2022-04-27,24.86,26.81,24.33,26.45,36470
2022-04-28,26.8,26.8,25.67,26.3,20515
2022-04-29,26.79,27.12,25.09,26.81,48145
2022-05-05,26.76,27.79,26.54,27.11,27583
2022-05-06,26.87,27.32,26.0,26.48,24700
2022-05-09,26.54,27.65,26.16,27.07,36965
2022-05-10,26.91,28.59,26.37,28.24,51748
2022-05-11,28.4,29.35,27.88,28.63,32773
2022-05-12,28.51,29.7,28.16,29.5,38025
2022-05-13,29.69,29.9,29.1,29.46,20215
2022-05-16,29.4,29.66,28.5,28.71,17225
2022-05-17,28.71,29.1,28.2,28.93,16850
2022-05-18,28.78,29.18,28.7,28.93,18141
2022-05-19,28.5,29.38,28.06,29.3,21429
2022-05-20,29.81,29.9,28.75,29.05,21133
2022-05-23,29.25,29.25,27.91,28.2,28905
2022-05-24,28.19,28.48,27.0,27.22,27567
2022-05-25,27.22,27.72,26.9,27.65,16107
2022-05-26,27.83,29.45,27.28,29.15,38456
2022-05-27,29.2,29.32,27.85,28.09,27561
2022-05-30,28.4,29.8,28.02,29.48,31554
2022-05-31,29.28,30.72,29.17,30.4,36927
2022-06-01,29.77,31.0,29.77,30.04,21692
2022-06-02,29.77,30.54,29.73,30.36,14078
2022-06-06,30.53,31.24,30.01,30.45,26846
2022-06-07,30.44,30.8,29.5,30.16,26857
2022-06-08,30.14,30.9,30.04,30.52,24388
2022-06-09,30.7,30.8,29.44,30.1,25096
2022-06-10,30.12,31.36,29.88,30.89,19592
2022-06-13,30.83,31.0,29.87,30.45,26817
2022-06-14,29.91,30.66,29.55,30.42,16013
2022-06-15,30.36,30.54,29.7,29.81,17446
2022-06-16,23.0,23.88,22.6,23.3,31514
2022-06-17,23.33,23.65,22.89,23.2,25289
2022-06-20,23.19,23.87,23.1,23.39,31553
2022-06-21,23.4,23.66,22.95,23.2,22754
2022-06-22,23.2,23.29,22.4,22.5,25444
2022-06-23,22.52,23.42,22.4,23.29,33078
2022-06-24,23.5,23.8,23.11,23.57,32968
2022-06-27,23.69,23.99,22.91,23.01,35713
2022-06-28,22.94,23.61,22.78,23.55,27554
2022-06-29,23.5,23.62,22.56,22.68,27655
2022-06-30,23.64,24.88,23.64,24.58,95891
2022-07-01,24.51,25.29,23.99,24.16,71591
2022-07-04,24.07,24.6,23.29,24.28,40327
2022-07-05,24.43,24.95,23.6,23.76,38368
2022-07-06,23.95,25.09,23.75,24.58,47809
2022-07-07,24.37,24.7,24.07,24.15,34636
2022-07-08,24.25,24.6,23.72,23.93,28168
2022-07-11,23.68,24.22,23.44,24.01,50263
2022-07-12,23.55,24.07,23.15,23.39,28793
2022-07-13,23.19,23.48,22.61,23.2,41795
2022-07-14,23.2,24.22,23.01,23.38,33561
2022-07-15,23.29,23.6,22.83,22.89,23554
2022-07-18,22.91,23.64,22.05,23.24,54112
2022-07-19,23.55,24.04,22.89,23.91,34560
2022-07-20,23.91,24.48,23.82,24.31,56788
2022-07-21,24.16,24.94,24.05,24.5,39991
2022-07-22,24.46,24.68,24.15,24.5,23503
2022-07-25,24.5,24.91,24.31,24.71,42427
2022-07-26,24.7,25.08,24.43,24.98,39192
2022-07-27,24.98,26.59,24.62,26.0,50642
2022-07-28,26.23,26.35,25.3,25.98,61235
2022-07-29,25.8,26.17,25.28,25.3,29766
2022-08-01,25.42,26.35,24.8,26.14,43595
2022-08-02,25.91,27.15,25.41,26.68,61346
2022-08-03,27.66,28.19,26.8,26.87,63747
2022-08-04,27.19,28.14,26.43,27.64,40929
2022-08-05,27.35,29.63,27.3,28.88,71489
2022-08-08,28.69,29.1,28.06,28.99,50453
2022-08-09,28.78,28.98,27.61,28.26,63980
2022-08-10,28.35,30.34,27.85,30.0,127902
2022-08-11,30.45,31.2,29.88,30.1,99624
2022-08-12,30.18,30.24,28.92,29.0,56198
2022-08-15,29.1,30.38,28.58,30.28,62759
2022-08-16,29.85,31.03,29.5,29.96,70748
2022-08-17,30.7,30.76,29.43,29.81,46084
2022-08-18,29.8,29.98,28.78,28.98,66770
2022-08-19,29.29,29.29,28.0,28.39,74296
2022-08-22,28.58,30.27,28.1,30.1,64982
2022-08-23,30.28,30.28,29.31,30.08,31317
2022-08-24,29.66,30.0,28.7,29.03,42413
2022-08-25,29.21,29.38,27.31,27.81,72060
2022-08-26,28.13,28.38,27.0,27.84,51302
2022-08-29,27.5,28.73,27.26,28.52,33566
2022-08-30,28.53,28.78,28.1,28.49,23021
2022-08-31,28.49,28.66,26.49,26.92,38039
2022-09-01,26.93,27.35,26.67,26.98,25260
2022-09-02,26.99,27.47,26.8,27.06,26732
2022-09-05,27.12,27.84,26.15,27.46,20260
2022-09-06,27.46,29.3,27.28,28.51,35907
2022-09-07,28.57,29.1,28.13,28.28,25077
2022-09-08,28.28,29.61,28.15,28.62,40115
2022-09-09,28.73,28.74,27.78,28.3,25536
2022-09-13,28.16,29.31,28.13,29.16,28092
2022-09-14,28.81,30.15,28.61,29.11,40635
2022-09-15,29.25,29.34,27.42,27.92,57766
2022-09-16,28.1,29.29,27.77,28.5,43397
2022-09-19,28.65,29.28,27.7,28.2,32540
2022-09-20,28.22,28.95,27.72,27.81,19952
2022-09-21,27.98,28.25,27.3,27.85,23777
2022-09-22,27.87,29.2,27.46,28.96,39299
2022-09-23,29.03,29.3,28.3,28.65,37150
2022-09-26,28.65,29.38,28.28,28.49,22876
2022-09-27,28.2,29.83,28.2,29.76,35188
2022-09-28,29.66,30.36,28.65,28.98,33817
2022-09-29,29.0,30.7,29.0,29.7,51005
2022-09-30,29.7,30.41,29.2,30.0,48390
2022-10-10,30.0,30.12,28.28,28.75,32736
2022-10-11,28.31,28.48,25.5,26.0,120523
2022-10-12,25.9,28.9,25.8,28.85,117549
2022-10-13,29.01,30.15,28.3,28.61,54604
2022-10-14,28.74,28.9,27.3,27.99,62873
2022-10-17,28.52,29.96,28.03,29.77,85332
2022-10-18,29.97,30.1,29.11,29.38,49681
2022-10-19,29.18,30.23,29.03,29.58,34139
2022-10-20,29.4,32.47,28.7,32.24,104406
2022-10-21,31.86,33.07,31.06,32.66,65041
2022-10-24,32.66,35.1,32.02,34.32,95267
2022-10-25,34.0,35.0,33.23,34.48,66757
2022-10-26,33.5,35.28,33.01,35.2,59100
2022-10-27,35.15,35.6,34.49,35.47,50002
2022-10-28,35.7,35.97,34.0,34.36,59202
2022-10-31,33.74,36.39,33.45,35.54,62911
2022-11-01,35.53,36.11,33.52,34.36,93922
2022-11-02,34.07,34.36,33.08,33.44,75988
2022-11-03,33.46,34.64,33.01,33.85,49379
2022-11-04,33.65,34.8,33.65,34.13,41600
2022-11-07,34.03,34.56,33.05,33.16,59183
2022-11-08,33.18,33.45,32.57,33.25,37656
2022-11-09,32.95,34.64,32.95,33.87,60122
2022-11-10,34.0,34.0,32.0,32.16,60223
2022-11-11,33.0,33.1,31.6,32.15,41985
2022-11-14,31.75,33.0,31.47,32.0,40133
2022-11-15,32.08,33.18,31.92,32.55,30658
2022-11-16,32.87,33.59,31.94,32.24,29877
2022-11-17,31.9,32.15,31.25,31.92,26706
2022-11-18,32.25,33.16,31.72,32.34,38585
2022-11-21,32.0,33.54,31.37,33.38,42715
2022-11-22,32.91,33.09,32.23,32.55,29536
2022-11-23,32.41,32.41,31.03,31.7,28658
2022-11-24,31.7,33.17,31.66,32.65,36011
2022-11-25,32.94,32.94,31.01,31.06,35839
2022-11-28,31.0,31.46,30.6,30.96,27024
2022-11-29,31.0,31.28,29.65,30.34,38819
2022-11-30,30.4,30.4,29.32,30.16,28378
2022-12-01,30.17,31.0,29.93,30.92,29455
2022-12-02,30.9,31.38,29.89,29.91,37963
2022-12-05,30.18,30.29,29.0,29.25,50512
2022-12-06,29.4,29.92,28.74,29.6,50937
2022-12-07,29.33,30.55,29.17,30.03,61813
2022-12-08,30.0,30.5,29.3,29.58,57176
2022-12-09,29.58,30.7,28.98,30.4,38757
2022-12-12,30.39,31.83,29.55,31.59,59799
2022-12-13,31.6,32.28,30.45,30.63,39444
2022-12-14,31.48,31.6,29.74,30.21,41894
2022-12-15,30.04,31.12,29.63,30.8,23535
2022-12-16,30.51,30.99,29.4,29.74,32523
2022-12-19,29.44,29.59,28.28,29.09,60745
2022-12-20,28.59,30.52,28.35,29.85,71066
2022-12-21,29.85,30.3,29.3,29.76,45487
2022-12-22,29.75,30.09,28.56,28.69,43000
2022-12-23,28.5,28.5,27.0,27.56,53181
2022-12-26,27.58,30.14,27.45,29.79,61041
2022-12-27,29.98,31.31,29.46,31.08,52155
2022-12-28,31.0,31.0,30.08,30.25,31537
2022-12-29,30.0,31.27,30.0,30.77,42817
2022-12-30,30.8,30.84,29.9,30.15,27271
2023-01-03,30.03,32.13,29.56,31.56,52707
2023-01-04,31.29,31.84,30.98,31.21,20465
2023-01-05,31.14,32.85,30.93,32.5,54277
2023-01-06,32.44,32.57,31.68,31.88,57467
2023-01-09,31.66,32.08,31.27,31.33,23262
2023-01-10,31.25,31.89,31.18,31.31,22021
2023-01-11,31.5,31.58,30.83,31.19,20258
2023-01-12,30.78,31.47,30.59,30.87,25434
2023-01-13,30.87,31.09,30.0,30.17,39753
2023-01-16,30.19,31.0,29.87,30.49,40271
2023-01-17,30.69,31.6,30.29,31.22,38186
2023-01-18,31.4,31.81,29.85,30.39,50476
2023-01-19,30.54,30.57,29.29,29.61,78025
2023-01-20,29.76,30.19,29.4,29.53,36451
2023-01-30,29.9,31.68,29.66,31.62,87484
2023-01-31,31.08,31.63,30.88,31.07,35907
2023-02-01,30.91,31.44,30.73,31.35,25855
2023-02-02,31.37,32.35,31.37,31.78,46793
2023-02-03,31.78,32.42,31.1,32.16,39007
2023-02-06,32.15,32.25,31.22,31.32,36627
2023-02-07,31.5,31.81,31.0,31.66,26537
2023-02-08,31.61,31.72,30.96,31.12,20949
2023-02-09,31.04,31.81,30.9,31.67,18977
2023-02-10,31.6,31.89,31.22,31.39,21970
2023-02-13,31.23,31.49,31.02,31.38,29044
2023-02-14,31.38,31.45,30.22,30.9,47938
2023-02-15,31.04,31.04,29.72,30.4,36943
2023-02-16,30.41,30.55,29.66,29.99,30187
2023-02-17,30.12,30.15,28.87,29.0,44236
2023-02-20,28.99,29.66,28.5,29.07,50252
2023-02-21,29.03,29.33,28.71,29.13,25747
2023-02-22,29.15,30.03,28.96,29.9,40984
2023-02-23,29.8,30.3,29.7,30.14,21949
2023-02-24,30.03,31.35,30.03,31.02,46574
2023-02-27,31.2,31.38,30.75,30.92,26997
2023-02-28,31.0,31.1,30.62,30.96,14193
2023-03-01,31.18,31.18,29.67,30.12,52208
2023-03-02,30.14,30.5,29.33,29.89,55504
2023-03-03,29.9,30.0,29.0,29.17,53991
2023-03-06,29.31,30.59,29.02,30.22,88587
2023-03-07,30.08,30.22,28.76,29.03,60066
2023-03-08,29.1,29.36,28.9,29.28,26358
2023-03-09,29.3,30.6,29.03,30.17,74326
2023-03-10,30.39,30.45,29.57,29.9,35011
2023-03-13,30.03,30.24,29.32,29.57,37215
2023-03-14,29.66,29.98,28.61,29.04,46360
2023-03-15,29.09,29.3,28.42,28.63,44990
2023-03-16,28.36,28.74,27.2,27.41,63786
2023-03-17,27.58,28.53,27.16,27.75,63994
2023-03-20,27.72,28.29,26.76,27.98,55642
2023-03-21,27.99,28.16,27.48,27.79,31592
2023-03-22,27.74,28.46,27.73,28.13,38849
2023-03-23,28.07,28.5,27.8,28.3,34007
2023-03-24,28.32,28.59,28.01,28.43,28278
2023-03-27,28.68,28.71,27.43,27.8,55537
2023-03-28,27.75,27.83,27.17,27.24,28106
2023-03-29,27.23,27.81,27.01,27.33,34702
2023-03-30,27.52,27.99,27.33,27.94,31629
2023-03-31,27.72,28.14,27.55,27.69,23726
2023-04-03,27.69,28.2,26.93,27.43,54575
2023-04-04,27.29,27.29,26.31,26.45,65359
2023-04-06,26.38,27.08,26.17,26.99,66290
2023-04-07,27.05,27.44,26.78,27.02,33486
2023-04-10,27.68,28.11,26.47,27.53,60258
2023-04-11,27.44,28.08,27.1,27.61,43954
2023-04-12,28.45,29.97,28.3,29.1,107035
2023-04-13,29.43,29.5,28.12,28.71,78668
2023-04-14,29.11,29.8,28.61,29.36,54800
2023-04-17,29.6,29.74,28.98,29.36,57894
2023-04-18,29.65,30.05,29.08,29.24,55570
2023-04-19,29.07,29.5,28.98,29.01,31730
2023-04-20,28.92,29.26,28.37,28.87,46894
2023-04-21,28.88,29.16,27.86,28.1,58589
2023-04-24,27.6,28.3,27.4,27.65,41665
2023-04-25,27.7,28.3,27.52,27.98,38658
2023-04-26,28.87,30.36,28.14,28.85,162146
2023-04-27,28.7,29.56,28.32,29.11,70315
2023-04-28,29.0,29.35,28.38,28.6,47474
2023-05-04,28.59,28.59,27.78,27.89,38586
2023-05-05,27.55,27.99,27.2,27.53,34769
2023-05-08,27.36,28.2,27.36,27.89,42002
2023-05-09,27.73,27.81,26.71,26.75,46059
2023-05-10,26.7,26.99,26.3,26.56,26982
2023-05-11,26.75,27.2,26.02,26.22,33257
2023-05-12,26.17,26.36,25.71,25.8,34613
2023-05-15,25.92,26.32,25.56,26.18,33146
2023-05-16,26.1,26.92,25.81,26.79,46411
2023-05-17,26.6,27.98,26.6,27.6,48250
2023-05-18,27.67,27.96,27.4,27.55,35631
2023-05-19,21.17,21.53,20.73,21.4,44371
2023-05-22,21.33,22.52,21.06,21.43,36546
2023-05-23,21.34,21.57,21.08,21.3,43531
2023-05-24,21.2,22.33,21.1,21.82,66017
2023-05-25,21.79,22.03,21.4,21.75,42314
2023-05-26,21.63,21.84,21.1,21.6,34686
2023-05-29,21.6,21.88,21.47,21.55,42207
2023-05-30,21.44,21.75,21.19,21.35,44690
2023-05-31,21.36,21.5,20.98,21.1,46989
2023-06-01,21.19,21.19,20.63,20.7,41086
2023-06-02,20.82,21.26,20.71,20.79,44726
2023-06-05,20.79,21.06,20.62,20.85,39948
2023-06-06,20.85,21.04,20.61,20.61,37204
2023-06-07,20.6,21.15,20.54,20.84,44158
2023-06-08,20.9,20.97,20.63,20.8,33631
2023-06-09,20.81,21.35,20.66,21.35,63126
2023-06-12,21.0,21.12,20.28,20.61,90665
2023-06-13,20.5,20.76,20.35,20.56,43210
2023-06-14,20.54,20.64,20.09,20.47,66969
2023-06-15,20.31,21.38,20.31,20.65,69986
2023-06-16,20.69,20.99,20.47,20.73,60446
2023-06-19,20.53,20.95,20.53,20.78,48736
2023-06-20,20.6,21.3,20.5,20.97,62248
2023-06-21,20.93,21.09,20.33,20.42,50053
2023-06-26,20.28,20.48,19.95,20.05,38995
2023-06-27,20.2,20.27,19.86,19.92,48104
2023-06-28,20.1,21.32,19.96,21.2,135486
2023-06-29,21.26,21.77,20.94,21.22,64824
2023-06-30,21.23,21.9,21.04,21.56,61362
2023-07-03,21.64,21.94,21.34,21.41,42998
2023-07-04,21.41,21.65,21.4,21.45,24892
2023-07-05,21.45,21.5,20.81,20.91,57106
2023-07-06,20.86,21.15,20.6,20.6,34657
2023-07-07,20.52,20.58,20.1,20.25,33017
2023-07-10,20.5,20.5,19.86,20.08,52958
2023-07-11,20.08,21.05,20.07,20.96,55126
2023-07-12,20.88,21.04,20.37,20.39,43131
2023-07-13,20.49,21.16,20.38,20.87,49214
2023-07-14,20.77,20.8,17.8,18.53,433865
2023-07-17,18.51,19.3,18.47,19.05,248958
2023-07-18,18.97,19.72,18.85,19.47,120688
2023-07-19,19.47,19.52,18.29,18.35,141807
2023-07-20,18.35,18.73,17.99,18.03,86148
2023-07-21,17.98,18.3,17.72,17.77,72641
2023-07-24,17.77,17.97,17.57,17.82,51763
2023-07-25,17.99,18.68,17.99,18.44,87098
2023-07-26,18.39,18.66,18.15,18.37,47565
2023-07-27,18.36,18.45,17.75,17.82,60893
2023-07-28,17.7,18.2,17.42,17.99,55366
2023-07-31,18.0,18.23,17.32,17.37,138227
2023-08-01,17.42,17.55,17.09,17.2,100229
2023-08-02,17.26,17.53,17.13,17.48,66089
2023-08-03,17.48,17.54,17.24,17.29,51909
2023-08-04,17.32,17.71,17.32,17.66,51641
2023-08-07,17.66,18.08,17.58,17.88,64186
2023-08-08,17.92,18.23,17.83,18.1,43339
2023-08-09,18.09,18.09,17.5,17.64,69164
2023-08-10,17.98,18.24,17.62,17.83,105980
2023-08-11,17.84,18.42,17.84,17.93,87543
2023-08-14,17.78,17.86,17.43,17.8,56800
2023-08-15,17.8,17.81,17.1,17.23,67961
2023-08-16,17.23,17.27,16.68,16.87,65977
2023-08-17,16.91,17.34,16.62,17.17,69385
2023-08-18,17.1,17.4,16.82,16.84,70293
2023-08-21,16.94,16.94,16.61,16.68,57743
2023-08-22,16.75,16.79,16.27,16.64,66141
2023-08-23,16.6,16.64,16.3,16.32,40343
2023-08-24,16.45,16.74,16.31,16.59,41414
2023-08-25,16.56,16.56,16.19,16.25,48060
2023-08-28,17.09,17.17,16.0,16.1,82511
2023-08-29,16.08,16.99,16.07,16.83,93821
2023-08-30,16.99,17.7,16.84,17.33,85952
2023-08-31,17.23,17.4,17.09,17.31,41025
2023-09-01,17.21,17.48,17.02,17.18,38212
2023-09-04,17.33,17.59,17.18,17.56,53311
2023-09-05,17.47,17.75,17.39,17.51,43763
2023-09-06,17.5,17.93,17.3,17.83,73746
2023-09-07,17.88,18.26,17.71,17.83,100531
2023-09-08,17.8,17.98,17.59,17.8,75428
2023-09-11,17.81,17.99,17.55,17.87,82380
2023-09-12,17.93,17.93,17.57,17.61,43751
2023-09-13,17.48,17.8,17.29,17.42,47417
2023-09-14,17.24,17.53,16.96,17.04,60407
2023-09-15,17.18,17.2,16.86,16.94,65124
2023-09-18,16.86,17.2,16.75,17.1,45470
2023-09-19,17.1,17.12,16.66,16.89,38472
2023-09-20,16.72,16.97,16.65,16.75,39496
2023-09-21,16.8,17.1,16.6,16.65,39254
2023-09-22,16.71,17.03,16.58,16.97,39559
2023-09-25,16.84,16.88,15.72,16.48,118764
2023-09-26,16.43,16.84,16.29,16.66,74800
2023-09-27,16.66,16.98,16.51,16.81,43706
2023-09-28,16.85,16.97,16.49,16.7,65080
2023-10-09,16.7,16.77,16.16,16.39,53778
2023-10-10,16.43,16.46,16.0,16.02,52617
2023-10-11,16.06,16.37,15.95,16.05,57063
2023-10-12,16.11,16.22,15.65,15.88,78621
2023-10-13,15.73,15.8,15.15,15.56,96572
2023-10-16,15.56,15.67,15.06,15.22,56555
2023-10-17,15.29,15.29,14.99,15.09,46355
2023-10-18,15.07,15.13,14.75,14.78,41532
2023-10-19,14.75,15.03,14.69,14.78,59799
2023-10-20,14.69,14.88,14.52,14.54,49511
2023-10-23,14.48,14.7,14.04,14.09,47218
2023-10-24,14.24,14.49,14.07,14.27,47186
2023-10-25,14.3,14.63,14.29,14.31,45715
2023-10-26,14.14,14.44,13.93,14.37,65421
2023-10-27,14.23,14.85,14.14,14.7,58696
2023-10-30,14.5,16.06,14.5,15.78,174290
2023-10-31,15.67,16.07,15.62,15.97,99827
2023-11-01,15.99,16.02,15.72,15.84,52201
2023-11-02,15.79,15.88,15.29,15.32,77410
2023-11-03,15.35,16.36,15.32,16.12,87624
2023-11-06,16.19,16.59,16.12,16.46,77350
2023-11-07,16.38,16.62,16.31,16.45,56579
2023-11-08,16.4,16.68,16.2,16.52,57623
2023-11-09,16.47,16.9,16.43,16.72,72161
2023-11-10,16.6,16.75,16.4,16.44,36409
2023-11-13,16.57,17.15,16.48,17.08,80245
2023-11-14,17.08,17.79,17.0,17.62,101837
2023-11-15,17.6,18.0,17.54,17.88,80166
2023-11-16,17.86,17.9,17.4,17.45,54402
2023-11-17,17.45,17.77,17.3,17.5,52995
2023-11-20,17.5,17.77,17.38,17.71,58675
2023-11-21,17.73,17.84,17.19,17.21,49482
2023-11-22,17.07,17.43,17.07,17.3,48901
2023-11-23,17.24,17.6,17.12,17.46,40973
2023-11-24,17.45,17.69,17.2,17.36,48271
2023-11-27,17.3,17.49,17.11,17.3,50823
2023-11-28,17.29,17.66,17.19,17.46,47823
2023-11-29,17.22,18.42,17.22,17.87,122592
2023-11-30,17.87,17.9,17.55,17.87,55674
2023-12-01,17.78,18.31,17.68,18.18,87004
2023-12-04,18.27,18.66,17.96,18.26,88668
2023-12-05,18.21,18.5,17.9,17.91,56515
2023-12-06,17.87,18.25,17.74,18.16,62610
2023-12-07,18.14,18.24,17.62,17.87,82268
2023-12-08,17.79,18.25,17.71,18.1,78477
2023-12-11,18.01,18.41,17.82,18.35,63481
2023-12-12,18.35,18.5,18.21,18.36,33270
2023-12-13,18.35,19.44,18.23,19.29,140656
2023-12-14,18.99,19.46,18.58,18.96,88928
2023-12-15,18.94,18.98,17.66,17.8,164418
2023-12-18,17.7,18.22,17.5,17.7,72181
2023-12-19,17.82,17.97,17.46,17.61,44416
2023-12-20,17.62,17.78,17.3,17.37,51154
2023-12-21,17.36,17.69,17.03,17.53,52293
2023-12-22,17.6,18.07,17.39,17.77,78422
2023-12-25,17.77,18.66,17.68,18.19,77514
2023-12-26,18.19,18.38,17.4,17.59,59321
2023-12-27,17.59,18.08,17.2,17.85,43829
2023-12-28,17.85,18.2,17.56,18.0,45151
2023-12-29,18.0,18.42,17.92,18.37,54925
2024-01-02,18.25,18.32,17.51,17.7,70887
2024-01-03,17.6,17.7,17.16,17.32,47417
2024-01-04,17.2,17.33,16.85,16.92,50373
2024-01-05,16.89,17.09,16.5,16.61,45748
2024-01-08,16.49,16.75,16.19,16.2,52607
2024-01-09,16.18,16.44,16.02,16.18,33430
2024-01-10,16.18,16.61,15.92,16.39,42401
2024-01-11,16.4,16.69,16.12,16.2,61511
2024-01-12,16.18,16.41,16.01,16.08,35714
2024-01-15,16.13,16.27,15.78,15.93,73571
2024-01-16,16.0,16.0,14.95,15.29,131480
2024-01-17,15.29,15.29,14.45,14.46,101990
2024-01-18,14.5,14.57,13.84,14.36,108466
2024-01-19,14.4,14.49,14.16,14.38,92896
2024-01-22,14.56,14.61,13.39,13.48,82057
2024-01-23,13.55,13.84,13.14,13.77,115877
2024-01-24,13.87,13.95,13.26,13.81,82811
2024-01-25,13.81,14.18,13.5,14.04,148454
2024-01-26,13.99,14.07,13.5,13.58,82745
2024-01-29,13.59,13.71,12.9,13.06,102763
2024-01-30,12.89,13.12,12.47,12.55,70232
2024-01-31,12.52,12.64,11.89,11.96,86495
2024-02-01,11.95,12.33,11.61,11.96,90566
2024-02-02,11.95,12.12,10.98,11.42,97117
2024-02-05,11.36,11.39,10.28,10.9,157312
2024-02-06,10.99,12.18,10.61,12.07,134711
2024-02-07,12.18,13.05,12.01,12.49,159662
2024-02-08,12.71,13.44,12.53,13.07,134356
2024-02-19,13.29,13.44,12.8,13.08,102124
2024-02-20,12.9,13.15,12.81,13.05,81029
2024-02-21,12.9,13.54,12.81,13.2,91962
2024-02-22,13.17,13.3,13.08,13.26,58777
2024-02-23,13.26,13.92,13.15,13.81,109883
2024-02-26,13.8,14.4,13.76,14.06,100117
2024-02-27,14.03,14.68,13.84,14.67,97440
2024-02-28,14.72,14.77,13.43,13.44,113151
2024-02-29,13.4,14.06,13.36,14.03,72000
2024-03-01,13.94,14.3,13.84,14.2,68998
2024-03-04,14.13,14.43,14.01,14.13,77805
2024-03-05,14.0,14.14,13.81,13.99,50450
2024-03-06,13.99,14.14,13.69,13.97,56775
2024-03-07,13.98,14.53,13.7,13.7,92238
2024-03-08,13.7,13.88,13.54,13.83,54446
2024-03-11,13.83,14.09,13.61,14.07,62185
2024-03-12,14.09,14.27,13.83,14.24,90294
2024-03-13,14.29,14.68,14.28,14.49,104944
2024-03-14,14.5,14.53,13.99,14.14,91735
2024-03-15,14.14,14.14,13.75,14.08,93100
2024-03-18,14.24,14.52,14.0,14.49,93841
2024-03-19,14.5,14.57,14.26,14.27,67940
2024-03-20,14.21,14.49,14.17,14.45,73904
2024-03-21,14.51,14.66,14.25,14.53,122468
2024-03-22,14.44,14.8,14.36,14.57,190530
2024-03-25,14.51,15.39,14.41,15.2,290785
2024-03-26,14.93,15.21,14.51,14.93,229434
2024-03-27,14.74,14.77,13.29,13.41,244365
2024-03-28,13.37,14.38,13.36,14.1,185337
2024-03-29,14.5,15.37,14.3,14.5,248974
2024-04-01,14.62,15.15,14.37,14.93,278912
2024-04-02,15.04,15.33,14.71,15.0,235764
2024-04-03,14.85,15.48,14.26,14.8,253864
2024-04-08,14.57,14.64,13.72,13.76,202451
2024-04-09,13.76,14.08,13.56,13.83,117399
2024-04-10,13.73,13.75,13.08,13.26,140975
2024-04-11,13.2,13.44,13.07,13.08,109814
2024-04-12,13.02,13.19,12.83,12.9,97029
2024-04-15,12.95,13.28,12.5,12.77,151885
2024-04-16,12.6,12.79,12.01,12.07,140718
2024-04-17,12.43,13.4,12.43,13.4,220564
2024-04-18,13.36,14.05,13.16,13.66,283859
2024-04-19,13.28,13.53,13.17,13.36,190351
2024-04-22,13.2,13.67,12.81,13.49,164610
2024-04-23,13.37,14.07,13.37,13.75,165870
2024-04-24,13.75,14.2,13.56,14.1,166973
2024-04-25,13.85,14.02,13.59,13.71,177176
2024-04-26,13.64,14.51,13.6,14.23,211792
2024-04-29,14.23,14.39,13.96,14.3,227605
2024-04-30,14.12,14.27,13.78,13.9,128833
2024-05-06,14.09,14.15,13.82,13.86,165702
2024-05-07,13.82,14.35,13.71,14.29,188127
2024-05-08,14.2,14.56,13.88,13.91,211444
2024-05-09,14.06,14.36,13.9,14.32,161410
2024-05-10,14.3,14.44,13.94,13.99,129977
2024-05-13,13.9,14.28,13.58,14.18,152753
2024-05-14,14.18,14.38,14.0,14.24,136869
2024-05-15,14.19,14.19,13.85,13.88,99913
2024-05-16,13.88,14.04,13.62,13.66,98514
2024-05-17,13.7,14.1,13.55,14.1,121824
2024-05-20,14.08,14.2,13.9,14.03,86009
2024-05-21,14.0,14.0,13.57,13.63,104523
2024-05-22,13.57,13.6,13.3,13.47,104623
2024-05-23,13.46,13.49,13.18,13.2,64101
2024-05-24,13.18,13.34,12.89,12.9,67606
2024-05-27,12.88,13.04,12.5,13.0,93211
2024-05-28,12.96,13.22,12.74,12.77,89141
2024-05-29,12.77,12.96,12.7,12.8,48926
2024-05-30,12.72,13.24,12.63,13.13,89873
2024-05-31,13.15,13.93,13.08,13.53,143949
2024-06-03,13.52,13.93,13.43,13.62,99861
2024-06-04,13.5,13.58,13.02,13.23,94138
2024-06-05,13.18,14.33,13.12,13.84,230842
2024-06-06,13.75,14.02,13.41,13.8,190873
2024-06-07,13.72,14.15,13.53,13.85,171220
2024-06-11,13.7,14.39,13.68,14.38,213344
2024-06-12,14.12,14.6,14.1,14.44,195000
2024-06-13,14.44,14.54,14.25,14.32,131404
2024-06-14,14.28,14.36,14.07,14.26,106175
2024-06-17,14.2,14.49,14.16,14.29,78384
2024-06-18,14.35,14.49,14.17,14.23,82722
2024-06-19,14.26,14.29,13.82,13.85,100998
2024-06-20,13.81,13.85,13.3,13.31,97675
2024-06-21,13.36,13.53,13.01,13.31,80556
2024-06-24,13.15,13.3,12.65,12.7,83757
2024-06-25,12.7,12.79,12.45,12.68,89128
2024-06-26,12.64,13.12,12.45,13.09,71149
2024-06-27,13.05,13.08,12.55,12.58,80887
2024-06-28,12.59,13.08,12.58,12.86,67402
2024-07-01,12.84,12.98,12.45,12.72,67366
2024-07-02,12.64,12.77,12.38,12.45,54483
2024-07-03,12.42,12.52,12.1,12.14,65158
2024-07-04,12.17,12.27,11.68,11.77,66314
2024-07-05,11.78,11.82,11.38,11.51,125130
2024-07-08,11.45,11.49,10.87,10.97,135255
2024-07-09,10.98,11.29,10.68,11.17,131371
2024-07-10,11.1,11.33,11.01,11.18,75639
2024-07-11,11.48,11.61,11.26,11.56,103219
2024-07-12,11.51,11.54,11.2,11.29,68063
2024-07-15,11.23,11.29,11.0,11.11,46964
2024-07-16,11.08,11.4,10.98,11.33,67114
2024-07-17,11.27,11.3,11.02,11.12,54746
2024-07-18,11.01,11.23,10.75,11.16,65339
2024-07-19,11.14,11.7,11.03,11.56,99583
2024-07-22,11.52,11.98,11.48,11.78,89669
2024-07-23,11.76,11.76,11.17,11.2,113843
2024-07-24,11.19,11.31,11.0,11.03,55101
2024-07-25,11.03,11.26,10.9,11.02,53052
2024-07-26,11.03,11.41,11.0,11.31,81149
2024-07-29,11.33,11.33,11.08,11.14,48929
2024-07-30,11.05,11.28,10.91,11.14,77830
2024-07-31,11.13,11.83,11.0,11.83,137613
2024-08-01,11.82,12.08,11.74,11.79,91162
2024-08-02,11.7,11.87,11.38,11.45,95206
2024-08-05,11.42,11.66,11.03,11.05,84474
2024-08-06,11.27,11.54,10.89,11.08,189256
2024-08-07,11.16,11.39,11.0,11.21,113040
2024-08-08,11.2,11.25,10.95,10.99,119485
2024-08-09,11.09,11.2,10.84,10.85,87070
2024-08-12,10.81,10.83,10.55,10.72,83366
2024-08-13,10.7,10.82,10.47,10.67,67424
2024-08-14,10.68,10.73,10.5,10.62,52948
2024-08-15,10.61,10.9,10.47,10.66,85096
2024-08-16,10.68,11.18,10.62,10.98,162832
2024-08-19,11.16,11.97,11.14,11.61,300883
2024-08-20,11.33,11.33,10.85,10.87,197881
2024-08-21,10.84,11.18,10.81,10.9,132702
2024-08-22,11.03,11.8,11.03,11.22,243658
2024-08-23,10.71,11.64,10.66,11.55,308125
2024-08-26,11.41,11.44,11.17,11.32,201769
2024-08-27,11.2,11.27,10.62,10.64,212792
2024-08-28,10.55,10.6,10.2,10.22,176073
2024-08-29,10.1,10.56,10.02,10.44,128161
2024-08-30,10.47,11.42,10.35,10.9,288761
2024-09-02,10.98,11.1,10.68,10.7,155028
2024-09-03,10.62,10.83,10.56,10.71,115093
2024-09-04,10.65,10.82,10.52,10.58,104241
2024-09-05,10.58,10.77,10.53,10.62,66872
2024-09-06,10.63,10.65,10.17,10.19,117115
2024-09-09,10.11,10.15,9.9,9.95,112923
2024-09-10,9.97,10.05,9.74,9.99,91689
2024-09-11,9.95,10.05,9.87,9.94,55177
2024-09-12,9.97,10.1,9.95,9.97,62495
2024-09-13,9.97,9.99,9.57,9.57,93004
2024-09-18,9.54,9.64,9.24,9.4,79065
2024-09-19,9.55,9.83,9.41,9.67,96999
2024-09-20,9.67,9.69,9.47,9.54,69889
2024-09-23,9.51,9.87,9.44,9.76,101502
2024-09-24,9.89,10.18,9.8,10.14,167120
2024-09-25,10.18,10.46,10.15,10.19,155256
2024-09-26,10.19,10.57,10.14,10.57,149946
2024-09-27,10.78,11.49,10.76,11.31,225973
2024-09-30,11.95,13.06,11.66,13.05,327654
2024-10-08,15.46,15.55,13.55,15.02,546121
2024-10-09,14.35,14.35,12.8,12.81,430913
2024-10-10,13.09,13.41,12.63,12.78,233404
2024-10-11,12.73,12.79,11.92,12.09,204027
2024-10-14,12.1,12.58,11.92,12.51,182732
2024-10-15,12.3,12.74,12.21,12.25,154505
2024-10-16,12.1,12.55,11.98,12.31,144648
2024-10-17,12.43,12.55,12.18,12.18,139232
2024-10-18,12.16,13.21,12.1,12.81,230617
2024-10-21,13.0,13.79,13.0,13.56,320799
2024-10-22,13.5,13.55,13.01,13.22,246570
2024-10-23,13.5,13.98,13.32,13.46,327627
2024-10-24,13.32,13.43,13.03,13.12,166840
2024-10-25,12.88,13.19,12.76,13.03,262052
2024-10-28,13.03,13.27,12.88,13.27,178886
2024-10-29,13.28,13.39,12.81,12.81,203127
2024-10-30,12.7,12.98,12.55,12.72,138169
2024-10-31,12.7,13.25,12.59,13.13,208123
2024-11-01,13.01,13.13,12.36,12.38,208888
2024-11-04,12.36,12.99,12.36,12.89,139422
2024-11-05,12.82,13.75,12.7,13.62,408568
2024-11-06,13.71,14.03,13.4,13.51,293370
2024-11-07,13.47,13.71,13.16,13.71,192487
2024-11-08,13.81,14.07,13.6,13.72,246628
2024-11-11,13.74,14.4,13.74,14.4,292011
2024-11-12,14.53,14.56,13.61,13.82,308036
2024-11-13,13.69,13.92,13.46,13.92,147882
2024-11-14,13.88,13.89,13.16,13.21,183454
2024-11-15,13.22,13.36,12.8,12.83,148118
2024-11-18,12.8,12.97,12.43,12.6,155623
2024-11-19,12.58,12.99,12.56,12.97,119984
2024-11-20,12.91,13.18,12.86,13.09,133510
2024-11-21,12.99,13.66,12.93,13.49,267456
2024-11-22,13.3,13.46,12.79,12.8,192111
2024-11-25,12.79,12.99,12.54,12.88,107375
2024-11-26,12.8,13.19,12.7,12.9,130080
2024-11-27,12.95,13.09,12.45,13.09,154807
2024-11-28,13.0,13.11,12.83,12.84,113996
2024-11-29,12.78,13.18,12.7,13.04,124341
2024-12-02,13.04,13.23,12.97,13.21,145444
2024-12-03,13.19,13.22,13.01,13.15,110632
2024-12-04,13.2,13.3,12.95,12.99,130583
2024-12-05,12.89,13.58,12.86,13.47,225692
2024-12-06,13.43,13.43,13.13,13.37,168695
2024-12-09,13.34,13.51,13.2,13.39,127972
2024-12-10,13.87,13.87,13.37,13.37,210711
2024-12-11,13.36,13.67,13.32,13.57,155041
2024-12-12,13.59,13.66,13.33,13.51,137639
2024-12-13,13.44,13.46,13.16,13.32,148411
2024-12-16,13.26,13.31,12.78,12.94,138584
2024-12-17,12.93,12.99,12.59,12.63,93786
2024-12-18,12.62,12.8,12.48,12.64,77325
2024-12-19,12.55,12.8,12.44,12.74,80461
2024-12-20,12.69,12.98,12.63,12.86,85547
2024-12-23,12.85,12.85,12.25,12.29,128230
2024-12-24,12.29,12.48,12.23,12.4,62593
2024-12-25,12.4,12.42,12.08,12.25,67189
2024-12-26,12.25,12.41,12.2,12.31,62479
2024-12-27,12.41,12.62,12.3,12.43,75478
2024-12-30,12.36,12.56,12.18,12.37,64110
2024-12-31,12.36,12.45,11.75,11.76,120167
2025-01-02,11.77,11.81,11.05,11.22,129646
2025-01-03,11.31,11.35,10.96,11.0,97575
2025-01-06,10.98,11.07,10.87,11.0,75508
2025-01-07,10.99,11.13,10.9,11.12,69597
2025-01-08,11.03,11.14,10.65,10.99,105877
2025-01-09,10.95,11.11,10.93,11.05,55835
2025-01-10,11.04,11.25,10.78,10.78,70913
2025-01-13,10.67,10.94,10.63,10.84,44198
2025-01-14,10.89,11.37,10.83,11.35,109558
2025-01-15,11.33,11.4,11.18,11.2,72682
2025-01-16,11.3,11.44,11.13,11.21,71676
2025-01-17,11.15,11.36,11.1,11.24,64596
2025-01-20,11.32,11.39,11.21,11.26,64361
2025-01-21,11.3,11.31,11.09,11.22,55930
2025-01-22,11.2,11.23,11.1,11.18,40858
2025-01-23,11.3,11.48,11.22,11.23,91899
2025-01-24,11.22,11.38,11.17,11.36,71751
2025-01-27,11.39,11.46,11.19,11.22,55854
2025-02-05,11.33,11.46,11.28,11.38,67218
2025-02-06,11.38,11.72,11.3,11.7,106599
2025-02-07,11.69,11.95,11.63,11.79,126053
2025-02-10,11.88,11.99,11.74,11.82,108143
2025-02-11,11.82,11.88,11.6,11.75,96831
2025-02-12,11.72,11.86,11.65,11.84,84064
2025-02-13,11.83,11.87,11.67,11.68,76189
2025-02-14,11.65,11.78,11.61,11.71,70091
2025-02-17,11.73,11.82,11.68,11.75,86296
2025-02-18,11.78,11.82,11.42,11.45,88911
2025-02-19,11.49,12.08,11.41,12.0,221394
2025-02-20,12.01,12.7,11.96,12.48,301604
2025-02-21,12.49,13.19,12.43,12.94,295499
2025-02-24,12.88,12.98,12.61,12.75,187344
2025-02-25,12.51,12.9,12.49,12.76,155184
2025-02-26,12.78,13.01,12.66,12.84,156728
2025-02-27,12.87,12.95,12.46,12.84,187487
2025-02-28,12.73,12.77,12.18,12.22,160819
2025-03-03,12.25,12.49,12.15,12.2,105339
2025-03-04,12.17,12.43,12.12,12.38,79530
2025-03-05,12.4,12.48,12.26,12.43,85661
2025-03-06,12.51,12.91,12.4,12.67,149187
2025-03-07,12.56,12.98,12.56,12.95,214454
2025-03-10,12.95,13.5,12.89,13.16,259056
2025-03-11,13.0,14.05,12.9,13.98,505523
2025-03-12,13.97,14.62,13.82,14.12,409068
2025-03-13,14.1,14.82,14.1,14.69,519073
2025-03-14,14.42,14.83,14.19,14.7,309940
2025-03-17,14.7,14.92,14.24,14.41,246883
2025-03-18,14.63,15.99,14.62,15.1,475344
2025-03-19,15.1,15.65,15.07,15.3,301604
2025-03-20,15.16,15.93,14.9,15.39,287982
2025-03-21,15.3,15.67,15.0,15.1,203658
2025-03-24,15.01,16.77,15.01,15.99,486196
2025-03-25,15.79,17.18,15.76,16.2,473252
2025-03-26,15.84,16.58,15.84,15.91,251295
2025-03-27,15.88,16.36,15.5,15.7,254818
2025-03-28,15.95,17.73,15.95,16.58,533751
2025-03-31,16.73,17.33,16.51,17.15,446226
2025-04-01,16.98,18.0,16.88,17.43,394902
2025-04-02,17.25,17.6,16.88,17.49,257039
2025-04-03,17.08,17.39,16.55,17.12,284879
2025-04-07,15.48,17.11,15.41,16.31,351703
2025-04-08,16.61,17.28,15.99,16.6,281588
2025-04-09,16.05,18.2,15.45,17.9,386208
2025-04-10,17.96,18.5,17.3,17.37,367422
2025-04-11,16.9,17.77,16.71,16.78,302947
2025-04-14,17.09,17.33,16.45,16.79,253358
2025-04-15,16.8,16.83,15.6,16.56,298862
2025-04-16,16.3,16.97,16.15,16.55,222802
2025-04-17,16.24,16.86,16.24,16.43,146100
2025-04-18,16.33,16.55,15.83,15.87,150674
2025-04-21,15.71,16.22,15.71,16.16,134764
2025-04-22,16.19,17.16,15.85,16.81,275507
2025-04-23,16.89,16.95,16.36,16.76,160731
2025-04-24,16.6,16.85,16.39,16.8,127781
2025-04-25,16.46,16.55,15.64,16.4,264919
2025-04-28,16.28,16.68,15.83,15.88,145479
2025-04-29,15.8,16.11,15.66,16.02,110511
2025-04-30,15.99,16.28,15.67,15.67,94553
2025-05-06,15.91,17.09,15.81,16.44,197655
2025-05-07,16.6,17.08,16.44,16.58,161402
2025-05-08,16.7,17.05,16.44,16.64,151504
2025-05-09,16.6,16.67,15.82,16.11,121331
2025-05-12,16.11,16.97,16.03,16.46,177241
2025-05-13,16.6,16.63,15.52,15.66,195873
2025-05-14,15.59,15.94,15.53,15.72,112653
2025-05-15,15.73,15.86,15.28,15.33,102724
2025-05-16,15.23,15.83,15.18,15.41,99779
2025-05-19,15.41,15.63,14.95,15.12,93278
2025-05-20,15.02,15.13,14.88,15.06,62306
2025-05-21,15.0,15.0,14.74,14.94,95174
2025-05-22,14.8,14.99,14.2,14.29,155378
2025-05-23,14.35,14.6,14.13,14.32,83307
2025-05-26,14.35,14.43,14.14,14.41,76678
2025-05-27,14.39,14.76,14.19,14.58,106179
2025-05-28,14.81,15.39,14.6,14.62,131871
2025-05-29,14.68,14.88,14.62,14.69,90319
2025-05-30,14.65,14.71,14.41,14.54,75498
2025-06-03,14.55,15.04,14.41,14.82,87630
2025-06-04,14.99,15.0,14.67,14.82,56618
2025-06-05,14.77,15.0,14.67,14.95,63497
2025-06-06,14.92,14.95,14.31,14.43,109649
2025-06-09,14.43,14.49,14.1,14.33,142082
2025-06-10,14.35,14.83,14.11,14.2,123878
2025-06-11,14.2,14.51,14.03,14.37,82128
2025-06-12,14.3,14.53,14.14,14.17,75871
2025-06-13,14.21,14.51,13.96,14.04,125415
2025-06-16,14.04,14.13,13.89,14.0,66995
2025-06-17,13.99,14.05,13.71,13.96,95133
2025-06-18,13.96,14.11,13.85,14.07,58396
2025-06-19,13.97,14.02,13.3,13.38,167814
2025-06-20,13.31,13.46,13.15,13.2,92133
2025-06-23,13.16,13.4,13.13,13.36,81612
2025-06-24,13.31,13.93,13.31,13.92,136349
2025-06-25,13.91,14.37,13.87,14.05,159896
2025-06-26,14.06,14.68,14.06,14.14,190093
2025-06-27,14.08,14.28,14.04,14.07,106117
2025-06-30,14.01,14.73,13.94,14.33,169501
2025-07-01,14.33,14.37,14.02,14.3,144384
2025-07-02,14.35,14.36,13.8,13.94,168071
2025-07-03,13.88,14.36,13.88,14.19,187174
2025-07-04,14.1,14.29,13.83,13.9,142610
2025-07-07,13.88,14.09,13.74,13.93,82703
2025-07-08,13.88,14.09,13.85,14.04,87999
2025-07-09,14.02,14.06,13.78,13.84,99844
2025-07-10,13.84,14.02,13.68,13.89,112219
2025-07-11,13.85,14.15,13.85,13.99,133614
2025-07-14,14.02,14.04,13.87,13.96,85791
2025-07-15,13.91,14.06,13.53,13.72,135461
2025-07-16,13.72,14.18,13.68,13.93,160366
2025-07-17,13.9,14.32,13.83,14.27,151826
2025-07-18,14.25,14.35,14.13,14.23,82985
2025-07-21,14.23,14.57,14.13,14.51,146887
2025-07-22,14.5,14.91,14.43,14.7,160763
2025-07-23,14.71,14.77,14.33,14.4,128751
2025-07-24,14.38,14.62,14.38,14.61,101998
2025-07-25,14.61,14.7,14.48,14.69,102254
2025-07-28,14.72,14.83,14.51,14.77,176562
2025-07-29,14.78,15.96,14.76,15.72,429027
2025-07-30,16.16,16.77,15.96,16.5,543151
2025-07-31,16.42,16.94,16.24,16.35,352383
2025-08-01,16.35,16.54,16.0,16.22,226033
2025-08-04,16.21,16.28,15.95,16.23,211874
2025-08-05,16.22,16.51,16.09,16.35,229987
2025-08-06,16.31,16.7,16.23,16.57,269595
2025-08-07,16.54,16.67,16.36,16.43,173422
2025-08-08,16.42,16.81,16.31,16.63,241565
2025-08-11,16.9,17.6,16.85,17.22,355340
2025-08-12,17.31,17.32,16.6,16.76,352706
2025-08-13,16.89,16.97,16.62,16.83,252477
2025-08-14,16.87,16.87,16.22,16.31,266091
2025-08-15,16.31,16.95,16.31,16.9,209369
2025-08-18,16.99,17.12,16.8,16.91,284253
2025-08-19,16.94,17.02,16.68,16.71,208167
2025-08-20,16.65,16.99,16.53,16.89,175223
2025-08-21,16.79,17.06,16.72,16.85,191528
2025-08-22,16.9,17.55,16.85,17.3,334170
2025-08-25,17.76,19.66,17.76,19.14,596258
2025-08-26,18.94,19.0,18.55,18.63,365920
2025-08-27,18.7,18.89,18.08,18.11,343337
2025-08-28,18.5,19.13,18.4,19.05,485199
2025-08-29,19.64,20.11,18.62,18.76,531708
2025-09-01,18.94,19.11,18.44,18.54,288535
2025-09-02,18.56,18.74,17.6,17.9,322268
2025-09-03,17.94,17.99,17.18,17.22,237607
2025-09-04,17.38,17.42,16.4,16.71,220165
2025-09-05,16.75,17.15,16.65,17.11,176946
2025-09-08,17.14,17.35,16.95,17.3,176348
2025-09-09,17.39,17.41,16.78,16.88,150807
2025-09-10,16.91,17.2,16.82,16.92,117775
2025-09-11,16.85,17.36,16.76,17.35,181104
2025-09-12,17.34,17.46,17.18,17.22,165034
2025-09-15,17.18,17.29,16.93,16.96,135147
2025-09-16,17.01,17.19,16.83,17.13,120728
2025-09-17,17.11,17.78,17.0,17.62,225742
2025-09-18,17.59,18.17,17.45,17.93,307889
2025-09-19,17.83,18.04,17.36,17.46,185983
2025-09-22,17.56,17.69,17.22,17.45,129815
2025-09-23,17.52,17.81,16.99,17.81,258138
2025-09-24,17.74,18.18,17.52,18.12,268442
2025-09-25,18.01,18.16,17.81,17.88,173921
2025-09-26,17.85,17.95,17.51,17.57,160629
2025-09-29,17.52,17.58,17.22,17.31,169867
2025-09-30,17.37,17.79,17.36,17.53,149635
2025-10-09,17.59,18.18,17.51,18.03,240018
2025-10-10,17.89,17.95,17.61,17.71,144428
2025-10-13,17.13,18.15,17.03,18.12,241863
2025-10-14,18.12,18.25,17.4,17.45,209216
2025-10-15,17.53,17.69,17.22,17.68,146326
2025-10-16,17.59,17.59,17.0,17.07,175408
2025-10-17,17.09,17.15,16.23,16.24,174199
2025-10-20,16.45,16.69,16.22,16.37,91627
2025-10-21,16.47,16.62,16.36,16.41,103275
2025-10-22,16.37,16.41,16.15,16.25,99093
2025-10-23,16.2,16.34,15.96,16.3,97229
2025-10-24,16.32,16.89,16.32,16.64,142746
2025-10-27,16.25,16.5,15.88,16.02,330773
2025-10-28,16.06,16.06,15.85,15.94,148214
2025-10-29,15.91,15.98,15.67,15.76,181343
2025-10-30,15.8,15.85,15.57,15.58,124219
2025-10-31,15.61,15.76,15.56,15.67,93196
2025-11-03,15.69,15.72,15.42,15.68,111590
2025-11-04,15.67,15.67,15.43,15.48,82866
2025-11-05,15.37,15.71,15.26,15.61,82430
2025-11-06,15.61,15.73,15.56,15.71,88614
2025-11-07,15.62,15.68,15.51,15.53,75787
2025-11-10,15.53,15.64,15.45,15.62,73909
2025-11-11,15.63,15.71,15.58,15.61,67215
2025-11-12,15.6,15.6,15.29,15.41,76492
2025-11-13,15.45,15.64,15.39,15.58,69768
2025-11-14,15.5,15.75,15.46,15.47,77115
2025-11-17,15.43,15.5,15.35,15.4,63964
2025-11-18,15.36,15.38,15.19,15.24,65265
2025-11-19,15.27,15.35,14.98,15.06,79013
2025-11-20,15.09,15.15,14.93,14.95,52784
2025-11-21,14.9,14.95,14.48,14.6,86728
2025-11-24,14.71,15.0,14.62,14.91,68426
2025-11-25,15.0,15.37,14.9,15.28,96987
2025-11-26,15.43,15.43,15.02,15.07,115402
2025-11-27,15.03,15.19,14.93,14.98,66318
2025-11-28,14.98,15.13,14.93,15.1,44861
2025-12-01,15.2,15.64,15.13,15.55,139763
2025-12-02,15.51,15.65,15.35,15.56,97254
2025-12-03,15.6,15.64,15.37,15.52,70418
2025-12-04,15.51,15.81,15.44,15.77,110784
2025-12-05,15.68,16.95,15.58,16.69,373669
2025-12-08,16.63,17.28,16.45,16.79,404219
2025-12-09,16.65,17.11,16.51,17.06,276576
2025-12-10,16.91,17.73,16.85,17.66,409602
2025-12-11,17.8,18.0,17.31,17.4,333462
2025-12-12,17.39,17.75,17.32,17.46,324621
2025-12-15,17.28,17.93,17.22,17.56,363685
2025-12-16,17.42,17.54,16.98,17.22,329824
2025-12-17,17.15,17.33,16.68,16.96,243118
2025-12-18,16.81,17.54,16.73,17.23,249865
2025-12-19,17.27,17.68,17.02,17.11,212976
2025-12-22,17.18,17.46,17.07,17.28,205440
2025-12-23,17.21,17.46,16.75,16.85,208257
2025-12-24,16.65,17.43,16.6,17.29,201283
2025-12-25,17.26,18.65,17.26,18.39,561597
2025-12-26,18.28,18.87,18.18,18.42,340771
2025-12-29,18.59,18.7,18.15,18.28,285788
2025-12-30,18.16,18.58,17.89,18.1,267057
2025-12-31,17.6,18.16,17.47,17.84,273551
2026-01-05,17.96,18.35,17.5,18.24,312849
2026-01-06,18.4,20.32,18.4,19.51,576500
2026-01-07,19.56,19.66,18.68,18.83,364980
2026-01-08,18.7,19.72,18.51,19.54,483839
2026-01-09,19.89,20.57,19.25,19.92,673662
2026-01-12,20.52,21.67,19.99,21.42,850374
2026-01-13,21.21,21.21,19.47,19.76,644060
2026-01-14,19.98,20.15,18.53,18.82,625885
2026-01-15,18.53,18.72,18.0,18.25,298218
2026-01-16,18.25,19.22,18.2,18.98,403267
2026-01-19,19.21,21.67,19.21,20.41,744749
2026-01-20,20.45,20.6,19.19,19.41,386680
2026-01-21,20.21,21.18,19.92,20.98,710697
2026-01-22,20.62,20.84,20.12,20.22,448857
2026-01-23,20.3,21.98,20.03,21.53,631918
2026-01-26,21.36,21.48,19.57,19.81,571108
2026-01-27,19.71,20.33,19.21,20.16,396886
2026-01-28,20.06,20.08,19.25,19.31,306483
2026-01-29,19.21,19.63,18.75,18.97,260746
2026-01-30,18.76,19.01,17.88,18.29,303279
2026-02-02,18.3,18.88,18.15,18.33,233708
2026-02-03,18.58,19.3,18.42,18.95,260874
2026-02-04,18.76,19.07,18.51,18.76,177390
2026-02-05,18.6,18.93,18.34,18.5,133017
2026-02-06,18.28,18.46,17.96,17.99,193350
2026-02-09,18.37,18.75,18.25,18.48,164151
2026-02-10,18.49,18.57,18.1,18.12,129894
2026-02-11,18.26,18.57,17.99,18.0,164838
2026-02-12,17.92,18.28,17.87,18.05,133031
2026-02-13,18.0,18.48,17.93,18.06,154259
2026-02-24,18.23,18.33,18.01,18.05,159439
2026-02-25,18.03,18.51,17.95,18.36,179259
2026-02-26,18.36,18.51,18.03,18.42,186447
2026-02-27,18.42,18.73,18.29,18.7,214470
2026-03-02,18.32,18.58,18.03,18.15,211989
2026-03-03,18.16,18.23,16.84,16.88,296333
2026-03-04,16.79,17.24,16.72,16.93,130164
2026-03-05,17.41,17.58,17.23,17.54,149894
2026-03-06,17.34,17.7,17.32,17.62,106713
2026-03-09,17.3,17.49,16.88,17.26,145583
2026-03-10,17.38,17.82,17.37,17.77,141257
2026-03-11,17.77,17.82,17.4,17.46,135041
2026-03-12,17.4,17.46,17.01,17.1,111785
2026-03-13,17.01,17.18,16.75,16.8,134605
2026-03-16,16.7,16.94,16.5,16.91,102971
2026-03-17,16.96,17.15,16.66,16.69,99316
2026-03-18,16.8,17.68,16.72,17.66,255933
2026-03-19,17.43,17.68,17.13,17.25,149523
2026-03-20,17.3,17.45,16.66,16.68,144646
2026-03-23,16.44,16.6,15.68,15.78,171900
2026-03-24,16.14,16.15,15.66,16.13,96992
2026-03-25,16.27,16.52,16.2,16.36,104235
2026-03-26,16.39,16.58,16.17,16.43,130714
2026-03-27,16.21,16.7,16.12,16.61,128311
2026-03-30,16.4,17.13,16.4,17.1,166267
2026-03-31,17.49,18.19,17.37,17.67,331971
2026-04-01,18.08,18.09,17.57,17.66,226417
2026-04-02,17.66,18.14,17.41,17.77,234592
2026-04-03,17.85,17.97,17.25,17.28,178718
2026-04-07,17.45,17.63,17.18,17.23,113136
2026-04-08,17.88,17.88,17.63,17.81,172983
2026-04-09,17.57,17.94,17.43,17.66,140146
2026-04-10,17.71,18.16,17.71,17.76,155185
2026-04-13,17.67,18.01,17.66,17.9,128903
2026-04-14,18.02,18.38,17.9,18.36,201892
2026-04-15,18.51,18.65,18.18,18.34,227916
2026-04-16,18.32,18.4,18.12,18.26,140839
2026-04-17,18.2,18.42,18.08,18.32,120296
2026-04-20,18.26,18.88,18.22,18.73,214143
2026-04-21,18.73,18.77,18.46,18.54,129758
2026-04-22,18.4,18.48,18.15,18.45,135889
2026-04-23,18.16,18.18,17.16,17.2,330491
2026-04-24,17.15,17.35,16.71,16.88,168178
2026-04-27,16.91,17.23,16.55,17.15,218204
2026-04-28,16.98,17.14,16.55,16.7,192021
2026-04-29,16.59,16.87,16.55,16.78,135345
