Date,Open,High,Low,Close,Volume
2015-08-03,15.95,15.97,14.48,15.24,103078
2015-08-04,15.32,16.63,15.32,16.56,102826
2015-08-05,16.64,17.0,16.14,16.45,96464
2015-08-06,16.0,17.2,15.85,17.16,112721
2015-08-07,17.05,17.79,16.9,17.7,150112
2015-08-10,17.81,18.72,17.58,18.55,164733
2015-08-11,18.55,19.57,18.4,18.9,205603
2015-08-12,18.6,19.16,18.38,18.63,142659
2015-08-13,18.51,19.28,18.33,19.22,138564
2015-08-14,19.25,19.47,18.95,18.98,125967
2015-08-17,18.88,19.6,18.58,19.59,130529
2015-08-18,19.7,19.77,17.63,17.63,149599
2015-08-19,16.96,18.15,15.94,18.11,127581
2015-08-20,17.82,18.77,17.4,17.57,148012
2015-08-21,17.31,17.89,16.0,16.11,116104
2015-08-24,15.45,15.48,14.5,14.5,95893
2015-08-25,13.14,13.78,13.05,13.05,104435
2015-08-26,13.25,13.85,12.46,12.95,135544
2015-08-27,13.38,13.9,12.9,13.88,98626
2015-08-28,14.26,14.85,13.9,14.78,145881
2015-08-31,14.65,14.65,14.08,14.17,92486
2015-09-01,14.05,14.17,13.01,13.08,85811
2015-09-02,12.46,13.54,12.36,12.77,72102
2015-09-07,13.2,13.68,13.11,13.31,71345
2015-09-08,13.2,14.23,13.1,14.17,75263
2015-09-09,14.2,14.84,14.15,14.69,118270
2015-09-10,14.42,14.63,14.26,14.34,68648
2015-09-11,14.36,15.47,14.36,14.9,142250
2015-09-14,15.03,15.18,13.41,13.41,124295
2015-09-15,13.25,14.75,13.01,14.19,258752
2015-09-16,13.5,15.61,13.34,15.61,279744
2015-09-17,16.0,17.17,15.64,16.17,357406
2015-09-18,16.41,16.86,15.67,16.4,235265
2015-09-21,15.9,17.58,15.69,17.54,218424
2015-09-22,17.66,17.8,16.75,16.96,212762
2015-09-23,16.57,16.96,16.31,16.56,152338
2015-09-24,16.95,17.39,16.61,17.04,158693
2015-09-25,17.2,17.6,15.8,16.16,185891
2015-09-28,16.21,16.38,15.65,16.32,95069
2015-09-29,15.81,16.07,15.39,15.59,83425
2015-09-30,15.75,16.15,15.65,15.8,70090
2015-10-08,16.57,16.9,16.11,16.43,123382
2015-10-09,16.42,18.07,16.36,18.07,278135
2015-10-12,18.15,18.98,17.8,18.7,344993
2015-10-13,18.23,18.58,17.93,18.43,189020
2015-10-14,18.4,19.77,18.1,18.8,276913
2015-10-15,18.86,19.27,18.3,19.24,191189
2015-10-16,19.3,19.39,18.56,19.04,174275
2015-10-19,19.0,19.01,18.3,18.76,148784
2015-10-20,18.85,19.5,18.61,19.2,196583
2015-10-21,19.1,19.11,17.28,17.28,190366
2015-10-22,17.68,18.69,17.59,18.33,177366
2015-10-23,18.5,19.15,18.23,18.99,176991
2015-10-26,19.15,20.16,18.95,19.57,239526
2015-10-27,19.54,20.8,18.95,20.31,236704
2015-10-28,20.23,20.5,19.36,19.54,208841
2015-10-29,19.7,19.79,19.05,19.45,115294
2015-10-30,19.38,19.39,18.66,18.79,102753
2015-11-02,18.4,19.2,18.1,18.24,98126
2015-11-03,18.32,18.69,18.31,18.63,76266
2015-11-04,18.8,19.75,18.73,19.71,119686
2015-11-05,19.58,20.38,19.28,19.52,178263
2015-11-06,19.45,20.25,19.24,19.9,184293
2015-11-09,19.5,19.9,19.1,19.76,169983
2015-11-10,19.85,21.74,19.66,21.68,314880
2015-11-11,21.18,21.46,20.6,20.98,232353
2015-11-12,21.2,21.84,20.81,21.17,203192
2015-11-13,20.8,20.85,20.05,20.45,136043
2015-11-16,20.0,21.0,19.76,20.99,103211
2015-11-17,21.25,21.49,20.55,20.56,136983
2015-11-18,20.5,20.83,19.9,20.09,80753
2015-11-19,20.02,21.0,20.02,20.97,95881
2015-11-20,21.0,21.55,20.8,21.2,132617
2015-11-23,21.31,21.45,20.28,20.41,98181
2015-11-24,20.45,20.55,19.8,20.51,65174
2015-11-25,21.19,21.71,21.01,21.35,160801
2015-11-26,21.15,22.49,21.0,21.75,183352
2015-11-27,21.52,22.23,19.7,20.24,163895
2015-11-30,20.42,20.68,18.3,19.88,116342
2015-12-01,19.7,20.49,19.52,20.1,79158
2015-12-02,20.3,21.83,20.3,21.12,183873
2015-12-03,20.77,21.3,20.5,21.27,139064
2015-12-04,21.24,21.48,20.6,20.82,111436
2015-12-07,21.21,22.22,21.21,21.91,184138
2015-12-08,21.66,21.66,20.66,20.77,140377
2015-12-09,20.36,21.27,20.17,20.86,100076
2015-12-10,20.79,21.18,19.9,20.09,81063
2015-12-11,20.07,20.63,19.8,20.22,70169
2015-12-14,19.91,21.42,19.83,21.23,114510
2015-12-15,21.05,21.59,20.9,21.41,99916
2015-12-16,21.79,22.3,21.33,21.61,135268
2015-12-17,21.8,22.6,21.46,22.4,185143
2015-12-18,22.13,22.33,21.7,22.11,121768
2015-12-21,22.01,23.2,22.01,22.62,156408
2015-12-22,22.7,22.94,22.3,22.84,102875
2015-12-23,22.96,22.96,21.73,21.76,104957
2015-12-24,21.9,22.38,21.56,22.13,78188
2015-12-25,22.15,22.64,22.0,22.39,63692
2015-12-28,22.47,23.09,21.42,21.51,135269
2015-12-29,21.38,21.67,21.11,21.64,74590
2015-12-30,21.64,21.95,21.37,21.88,62508
2015-12-31,21.8,21.96,20.89,20.96,70448
2016-01-04,20.8,20.89,18.88,18.93,74647
2016-01-05,17.75,19.51,17.5,19.28,115647
2016-01-06,19.3,19.94,19.01,19.84,91746
2016-01-07,19.51,19.51,17.86,17.86,26279
2016-01-08,18.5,18.85,17.3,18.4,90909
2016-01-11,18.2,18.86,16.56,16.56,118261
2016-01-12,16.68,16.89,15.96,16.11,90033
2016-01-13,16.39,16.48,14.83,14.88,73772
2016-01-14,14.6,15.76,14.03,15.63,81395
2016-01-15,15.29,15.7,14.54,14.84,71449
2016-01-18,14.37,15.46,14.37,15.17,51293
2016-01-19,15.5,16.07,15.34,15.88,97237
2016-01-20,15.6,16.31,15.5,16.04,99439
2016-01-21,15.73,16.26,15.24,15.34,76572
2016-01-22,15.65,15.8,15.0,15.7,56689
2016-01-25,15.75,16.08,15.44,15.8,56239
2016-01-26,15.59,15.65,14.22,14.22,70098
2016-01-27,14.29,14.37,13.15,13.71,94314
2016-01-28,13.47,13.95,13.13,13.16,72396
2016-01-29,13.33,14.08,13.28,13.86,63906
2016-02-01,13.88,14.36,13.75,14.28,72876
2016-02-02,15.46,15.71,15.01,15.71,53067
2016-02-03,16.6,16.6,15.68,15.92,171720
2016-02-04,15.79,16.79,15.78,16.28,143349
2016-02-05,16.16,16.55,15.89,15.93,112795
2016-02-15,15.49,17.32,15.36,16.97,144726
2016-02-16,16.6,17.36,16.5,17.12,151945
2016-02-17,16.81,16.97,16.55,16.92,110428
2016-02-18,17.01,17.26,16.72,16.73,108347
2016-02-19,16.66,16.88,16.39,16.67,79313
2016-02-22,17.02,17.37,16.8,17.27,116993
2016-02-23,17.02,17.36,16.77,17.09,99778
2016-02-24,17.17,17.8,17.04,17.77,172651
2016-02-25,17.5,17.6,15.99,15.99,155469
2016-02-26,16.17,16.28,15.2,16.04,104388
2016-02-29,15.9,15.9,14.67,14.88,80743
2016-03-01,15.0,15.55,14.82,15.41,80766
2016-03-02,15.39,16.85,15.21,16.58,122134
2016-03-03,16.83,17.63,16.65,16.93,149196
2016-03-04,17.34,17.5,16.45,16.87,159836
2016-03-07,17.38,17.79,17.0,17.51,134987
2016-03-08,18.21,18.85,17.53,18.07,265208
2016-03-09,16.73,17.09,16.32,16.47,155202
2016-03-10,16.66,16.69,15.61,15.9,105563
2016-03-11,15.83,16.25,15.58,15.95,75581
2016-03-14,16.1,16.68,15.83,16.42,100901
2016-03-15,16.62,17.34,16.38,16.49,110818
2016-03-16,16.64,16.64,15.83,16.06,63235
2016-03-17,16.46,16.77,16.07,16.69,87168
2016-03-18,16.9,17.43,16.85,17.3,133037
2016-03-21,17.6,18.07,17.17,17.81,156569
2016-03-22,17.7,18.15,17.41,17.69,104786
2016-03-23,17.9,18.0,17.46,17.89,103658
2016-03-24,17.49,17.49,17.14,17.15,109553
2016-03-25,17.02,17.45,17.01,17.39,58383
2016-03-28,17.54,17.75,17.1,17.15,68652
2016-03-29,17.05,17.35,16.83,17.03,65008
2016-03-30,17.37,17.62,17.19,17.6,71444
2016-03-31,17.68,17.95,17.54,17.75,94563
2016-04-01,17.84,18.46,17.68,18.11,160421
2016-04-05,18.17,18.49,17.65,18.34,130539
2016-04-06,18.15,18.28,17.9,18.16,84559
2016-04-07,18.2,18.59,17.91,17.96,116826
2016-04-08,17.48,17.49,16.8,17.15,127679
2016-04-11,17.34,17.7,17.28,17.48,95271
2016-04-12,17.5,17.63,17.21,17.46,62006
2016-04-13,17.75,19.21,17.75,18.58,285440
2016-04-14,18.6,18.65,18.09,18.42,143330
2016-04-15,18.42,18.8,18.21,18.63,125907
2016-04-18,18.59,18.59,18.0,18.26,83477
2016-04-19,18.43,19.0,18.34,18.53,107758
2016-04-20,18.96,19.11,17.21,17.57,157330
2016-04-21,17.69,19.33,17.58,18.48,241520
2016-04-22,17.88,18.09,17.58,18.05,118420
2016-04-25,17.81,17.94,17.22,17.74,84363
2016-04-26,17.69,17.93,17.46,17.91,54170
2016-04-27,17.93,18.34,17.73,18.29,83917
2016-04-28,18.33,18.43,17.42,17.94,73400
2016-04-29,17.89,18.44,17.88,18.13,78137
2016-05-03,18.41,18.83,18.2,18.81,100558
2016-05-04,18.6,19.12,18.45,19.0,114808
2016-05-05,18.9,19.25,18.63,19.15,90898
2016-05-06,18.99,19.23,17.9,17.96,126818
2016-05-09,17.96,17.96,17.0,17.1,92026
2016-05-10,16.9,17.15,16.8,16.98,43815
2016-05-11,17.12,17.17,16.76,16.89,46607
2016-05-12,16.52,16.96,16.3,16.95,40805
2016-05-13,16.74,17.09,16.65,16.89,30674
2016-05-16,16.81,17.58,16.38,17.51,70786
2016-05-17,17.7,17.89,17.2,17.24,74832
2016-05-18,17.01,17.02,16.38,16.62,57572
2016-05-19,16.57,17.15,16.5,16.88,51850
2016-05-20,16.6,17.59,16.5,17.57,61534
2016-05-23,17.44,17.78,17.4,17.63,59431
2016-05-24,17.72,18.34,17.71,17.74,108131
2016-05-25,17.86,18.0,17.47,17.74,67335
2016-05-26,17.7,17.85,16.95,17.83,73728
2016-05-27,17.78,18.49,17.7,18.18,106631
2016-05-30,18.02,18.59,17.95,18.26,77770
2016-05-31,18.15,19.15,18.15,18.96,154173
2016-06-01,18.9,20.86,18.9,20.86,298742
2016-06-02,20.76,21.56,20.58,21.06,285373
2016-06-03,20.83,21.0,20.31,20.72,154677
2016-06-06,20.93,21.31,20.4,20.73,142133
2016-06-07,20.6,20.85,20.3,20.56,91444
2016-06-08,20.58,20.7,20.18,20.31,93582
2016-06-13,20.01,21.05,19.4,19.5,163233
2016-06-14,19.46,20.57,19.36,20.29,130511
2016-06-15,20.02,22.32,19.81,22.32,285774
2016-06-16,22.88,24.55,22.8,24.55,255268
2016-06-17,25.9,27.01,25.33,27.01,237398
2016-06-20,28.0,29.28,27.05,27.6,488688
2016-06-21,27.88,29.89,27.53,29.19,411314
2016-06-22,28.9,29.23,27.53,28.33,290296
2016-06-23,28.02,28.98,27.5,28.52,237741
2016-06-24,28.15,28.5,25.61,27.03,339226
2016-06-27,26.6,29.73,26.38,29.73,260226
2016-06-28,30.7,31.16,28.56,29.45,294184
2016-06-29,29.45,32.4,29.01,32.4,335862
2016-06-30,32.86,33.32,29.75,29.88,342305
2016-07-01,30.08,30.89,29.31,29.5,196963
2016-07-04,29.81,31.79,29.81,30.6,227341
2016-07-05,31.2,32.49,29.85,30.74,234792
2016-07-06,30.31,32.4,29.3,31.45,270707
2016-07-07,31.04,34.6,31.03,34.6,416787
2016-07-08,34.0,35.41,32.97,33.4,308118
2016-07-11,34.4,35.8,33.68,34.22,237704
2016-07-12,33.49,34.32,31.88,33.43,197942
2016-07-13,32.91,33.49,32.0,32.79,197939
2016-07-14,32.99,33.18,32.01,32.56,127826
2016-07-15,32.4,32.78,31.21,31.62,163375
2016-07-18,31.22,31.6,29.88,30.12,204821
2016-07-19,30.59,31.4,30.06,30.44,244306
2016-07-20,30.3,31.47,29.9,31.04,205268
2016-07-21,30.9,30.9,29.8,29.98,187186
2016-07-22,30.31,30.5,28.71,28.86,159855
2016-07-25,28.68,28.91,27.55,28.06,183921
2016-07-26,28.2,28.75,28.03,28.6,166169
2016-07-27,28.8,28.87,25.8,26.63,191604
2016-07-28,26.85,27.6,26.19,27.42,192817
2016-07-29,27.2,27.41,26.3,26.83,129615
2016-08-01,26.39,27.25,26.39,27.04,134001
2016-08-02,26.93,27.8,26.55,27.5,142831
2016-08-03,27.5,27.7,26.9,27.2,127557
2016-08-04,27.25,28.19,26.56,27.82,171726
2016-08-05,27.58,27.71,26.85,27.1,119139
2016-08-08,27.0,27.39,26.4,27.37,109609
2016-08-09,27.4,27.77,27.18,27.73,119622
2016-08-10,27.9,29.1,27.55,28.97,253153
2016-08-11,28.43,28.5,27.8,27.82,158497
2016-08-12,27.35,27.77,26.8,27.42,121102
2016-08-15,27.45,28.18,26.83,27.79,157820
2016-08-16,27.89,28.95,27.55,28.53,194594
2016-08-17,28.2,28.4,27.79,28.13,131208
2016-08-18,28.2,28.56,27.74,27.88,95947
2016-08-19,27.71,28.19,27.2,28.04,108526
2016-08-22,27.71,27.85,26.5,26.53,121581
2016-08-23,26.53,26.68,25.68,26.2,112738
2016-08-24,26.24,26.4,26.03,26.23,56118
2016-08-25,25.71,25.77,24.76,25.39,128566
2016-08-26,25.57,25.78,25.31,25.34,64454
2016-08-29,25.2,25.77,25.2,25.38,69127
2016-08-30,25.42,25.87,25.42,25.54,58797
2016-08-31,25.41,25.96,25.41,25.87,69638
2016-09-01,25.85,26.33,25.84,25.89,91163
2016-09-02,25.72,26.36,25.63,26.34,92899
2016-09-05,26.61,26.75,26.08,26.29,78963
2016-09-06,26.2,26.47,25.48,26.45,92632
2016-09-07,26.61,26.74,26.11,26.14,106370
2016-09-08,25.91,25.99,25.58,25.72,69337
2016-09-09,25.76,25.94,25.32,25.37,50974
2016-09-12,24.93,25.1,24.29,24.34,83715
2016-09-13,24.83,24.83,24.27,24.5,44864
2016-09-14,24.2,25.55,24.09,25.21,102241
2016-09-19,25.4,25.5,25.0,25.25,65037
2016-09-20,25.31,25.65,25.05,25.33,57703
2016-09-21,25.3,25.47,25.12,25.18,51876
2016-09-22,25.49,25.52,25.12,25.17,43923
2016-09-23,25.32,25.39,24.4,24.48,57777
2016-09-26,24.36,25.08,24.12,24.24,65511
2016-09-27,24.51,26.2,24.48,25.61,175656
2016-09-28,25.36,26.47,25.22,26.44,204351
2016-09-29,26.3,26.55,26.02,26.21,103418
2016-09-30,26.26,26.27,25.83,25.98,80772
2016-10-10,25.96,26.6,25.21,26.44,141128
2016-10-11,26.28,26.3,26.0,26.21,89244
2016-10-12,26.18,26.47,25.9,26.09,84383
2016-10-13,26.15,26.23,25.96,26.18,66125
2016-10-14,26.19,26.37,25.65,25.9,63221
2016-10-17,26.83,27.88,26.39,26.44,217303
2016-10-18,26.01,26.49,25.71,26.48,114676
2016-10-19,26.7,26.98,26.27,26.38,120455
2016-10-20,26.57,27.75,26.01,27.29,196626
2016-10-21,27.06,27.46,26.44,26.74,123827
2016-10-24,26.68,27.1,26.35,26.82,102141
2016-10-25,26.89,28.0,26.7,27.55,171463
2016-10-26,27.77,27.87,27.13,27.79,156157
2016-10-27,27.58,27.61,27.05,27.23,97544
2016-10-28,27.11,27.26,26.06,26.15,115194
2016-10-31,26.21,26.66,26.02,26.43,62619
2016-11-01,26.44,26.6,26.08,26.57,70737
2016-11-02,26.59,27.75,26.35,27.18,156905
2016-11-03,27.1,27.28,26.72,26.93,106782
2016-11-04,26.8,27.39,26.75,26.87,96715
2016-11-07,26.79,27.64,26.3,27.42,156486
2016-11-08,27.5,27.5,27.02,27.22,98248
2016-11-09,27.21,28.24,27.09,28.08,236684
2016-11-10,27.51,29.29,27.45,28.33,280907
2016-11-11,28.31,30.78,27.8,29.96,339092
2016-11-14,28.82,29.4,28.5,28.94,219557
2016-11-15,28.95,29.43,28.11,28.33,166554
2016-11-16,28.2,28.43,27.78,28.09,106476
2016-11-17,27.93,28.29,27.83,28.23,66230
2016-11-18,28.04,28.2,27.18,27.32,116254
2016-11-21,27.1,27.77,27.05,27.56,72330
2016-11-22,27.6,28.15,27.51,27.95,75997
2016-11-23,27.94,28.08,27.03,27.23,87119
2016-11-24,27.2,27.72,27.03,27.07,70803
2016-11-25,27.03,27.23,25.78,26.33,106543
2016-11-28,26.41,26.98,26.41,26.74,68287
2016-11-29,26.67,26.67,25.8,25.88,87737
2016-11-30,25.76,25.76,25.0,25.05,83259
2016-12-01,25.0,25.34,25.0,25.22,37459
2016-12-02,25.2,25.39,24.26,24.39,77482
2016-12-05,24.4,25.07,24.2,24.66,39010
2016-12-06,24.68,24.98,24.68,24.87,27708
2016-12-07,24.77,25.35,24.74,25.18,39934
2016-12-08,25.28,25.44,25.12,25.23,37814
2016-12-09,25.29,25.29,24.66,24.81,38341
2016-12-12,24.72,24.84,22.41,22.55,100315
2016-12-13,22.68,22.98,22.18,22.81,47763
2016-12-14,22.71,22.8,22.01,22.49,47085
2016-12-15,22.27,22.9,22.09,22.6,36534
2016-12-16,22.51,22.95,22.45,22.79,31707
2016-12-19,22.81,22.93,22.67,22.81,25502
2016-12-20,22.68,23.01,22.68,22.98,28179
2016-12-21,22.98,23.58,22.85,23.49,48074
2016-12-22,23.48,23.48,23.07,23.18,29668
2016-12-23,23.28,23.3,22.64,22.76,33242
2016-12-26,22.51,23.17,22.31,23.16,32571
2016-12-27,23.0,23.25,23.0,23.08,20423
2016-12-28,23.09,23.26,22.8,23.23,32932
2016-12-29,23.13,23.3,23.01,23.18,23781
2016-12-30,23.12,23.29,22.82,22.9,20380
2017-01-03,23.15,23.2,22.88,23.15,19635
2017-01-04,23.2,23.78,23.2,23.7,60585
2017-01-05,23.68,23.89,23.44,23.72,50590
2017-01-06,23.7,23.8,23.3,23.32,37096
2017-01-09,23.42,23.6,23.11,23.59,31092
2017-01-10,23.51,24.1,23.41,23.87,53553
2017-01-11,23.84,24.06,23.48,23.53,45017
2017-01-12,23.41,23.59,22.9,22.92,30892
2017-01-13,22.92,23.14,22.21,22.24,35841
2017-01-16,21.86,22.21,20.3,21.14,50141
2017-01-17,20.98,21.5,20.8,21.39,26314
2017-01-18,21.5,21.63,21.15,21.4,27290
2017-01-19,21.28,21.5,21.06,21.19,28430
2017-01-20,21.26,21.52,21.15,21.46,22831
2017-01-23,21.52,22.65,21.5,22.21,44857
2017-01-24,22.21,22.33,22.1,22.19,21357
2017-01-25,22.1,22.4,22.01,22.26,21265
2017-01-26,22.39,22.86,22.26,22.83,38218
2017-02-03,23.25,23.35,22.58,22.68,44061
2017-02-06,22.5,22.66,22.38,22.62,30539
2017-02-07,22.68,22.84,22.41,22.73,35910
2017-02-08,22.73,22.78,22.4,22.77,34624
2017-02-09,22.72,22.96,22.72,22.91,40293
2017-02-10,22.88,23.18,22.68,22.95,41725
2017-02-13,23.29,23.58,23.12,23.22,54123
2017-02-14,23.05,23.39,23.03,23.29,34964
2017-02-15,23.35,23.37,22.63,22.75,42971
2017-02-16,22.57,23.49,22.57,23.36,72970
2017-02-17,23.25,23.39,22.85,22.9,49170
2017-02-20,22.99,23.28,22.78,23.14,29516
2017-02-21,23.2,24.39,23.04,24.11,108535
2017-02-22,23.9,24.48,23.86,24.31,96360
2017-02-23,24.1,26.1,24.07,25.5,181260
2017-02-24,25.41,25.43,24.6,24.92,106894
2017-02-27,24.87,25.32,24.25,24.28,77867
2017-02-28,24.05,24.94,24.01,24.58,70495
2017-03-01,24.4,25.31,24.3,25.09,94531
2017-03-02,24.91,27.5,24.75,25.69,230931
2017-03-03,25.39,26.7,25.03,26.48,191809
2017-03-06,26.16,26.76,25.72,26.58,144365
2017-03-07,26.31,26.58,25.6,25.88,104018
2017-03-08,25.71,26.14,25.48,25.71,68589
2017-03-09,25.6,25.6,24.9,25.09,69133
2017-03-10,25.0,25.37,24.76,25.26,51715
2017-03-13,25.3,25.44,24.91,25.42,58906
2017-03-14,25.43,25.44,24.9,24.92,59892
2017-03-15,24.97,25.28,24.71,25.1,48954
2017-03-16,25.32,25.49,24.98,25.28,66156
2017-03-17,25.12,25.28,24.42,24.48,73136
2017-03-20,24.58,24.7,24.03,24.44,50690
2017-03-21,24.37,24.37,24.15,24.24,33543
2017-03-22,24.21,24.62,24.1,24.58,48328
2017-03-23,24.6,24.83,24.23,24.58,51283
2017-03-24,24.58,24.87,24.46,24.8,54518
2017-03-27,24.95,26.2,24.83,25.8,146070
2017-03-28,25.8,26.35,25.35,25.91,89413
2017-03-29,25.92,26.16,25.37,25.44,79810
2017-03-30,25.33,25.33,23.91,24.01,100383
2017-03-31,24.06,24.24,23.39,23.47,55303
2017-04-05,23.52,24.2,23.52,24.19,38341
2017-04-06,24.57,26.26,24.57,25.22,128787
2017-04-07,25.4,25.96,25.02,25.36,103607
2017-04-10,25.3,25.32,24.22,24.6,79668
2017-04-11,24.6,25.5,24.3,25.49,85489
2017-04-12,25.4,25.78,25.18,25.36,78044
2017-04-13,25.45,25.75,24.98,25.42,59234
2017-04-14,25.3,25.69,24.86,25.46,84921
2017-04-17,25.44,25.44,23.83,24.15,69019
2017-04-18,24.01,24.34,23.4,23.45,65817
2017-04-19,23.36,23.37,21.6,22.37,73896
2017-04-20,22.15,22.56,21.94,22.36,37331
2017-04-21,22.31,22.39,22.02,22.13,23764
2017-04-24,22.24,22.24,20.88,20.92,47898
2017-04-25,20.89,21.47,20.88,20.98,26198
2017-04-26,20.95,21.5,20.89,21.28,26394
2017-04-27,21.45,21.99,21.12,21.98,38389
2017-04-28,21.98,22.24,21.82,22.09,30180
2017-05-02,21.96,22.15,21.81,22.12,18339
2017-05-03,22.2,22.44,22.0,22.1,25051
2017-05-04,21.9,21.91,21.0,21.26,44191
2017-05-05,21.01,21.57,20.95,21.33,39955
2017-05-08,21.2,21.5,20.9,20.95,24820
2017-05-09,20.9,21.35,20.75,21.26,29786
2017-05-10,21.3,21.42,20.51,20.62,29711
2017-05-11,20.45,20.56,19.52,20.2,46619
2017-05-12,20.19,20.2,19.55,19.9,33530
2017-05-15,19.96,20.09,19.83,19.96,17060
2017-05-16,19.95,20.8,19.83,20.78,38454
2017-05-17,20.7,21.3,20.56,21.01,38420
2017-05-18,20.73,21.2,20.6,20.68,29556
2017-05-19,20.53,20.87,20.52,20.61,17032
2017-05-22,20.59,20.99,20.39,20.42,26518
2017-05-23,20.42,20.45,19.6,19.72,30907
2017-05-24,19.74,20.39,19.2,20.28,32943
2017-05-25,20.1,20.54,19.88,20.39,28185
2017-05-26,20.5,20.64,20.03,20.12,19437
2017-05-31,20.32,20.49,19.91,19.98,19253
2017-06-01,19.9,19.94,19.27,19.31,25979
2017-06-02,19.25,19.45,18.64,19.27,32072
2017-06-05,19.27,19.55,19.27,19.46,16349
2017-06-06,19.4,19.6,19.27,19.59,13846
2017-06-07,19.57,20.08,19.51,19.98,26470
2017-06-08,19.9,20.13,19.74,19.9,24038
2017-06-09,19.79,19.99,19.66,19.89,22105
2017-06-12,19.87,19.87,19.27,19.3,25167
2017-06-13,19.21,20.87,19.21,20.26,56098
2017-06-14,20.3,20.55,20.0,20.15,37878
2017-06-15,20.11,20.77,20.07,20.45,41615
2017-06-16,20.38,21.16,20.21,20.75,52186
2017-06-19,20.7,21.07,20.6,20.85,29240
2017-06-20,20.87,21.35,20.67,20.99,55635
2017-06-21,20.92,21.02,20.51,20.79,37712
2017-06-22,20.95,21.17,20.44,20.47,40737
2017-06-23,20.58,20.97,20.23,20.89,48046
2017-06-26,21.08,21.58,20.97,21.4,65857
2017-06-27,21.28,22.16,21.17,21.8,72935
2017-06-28,21.76,22.0,21.43,21.81,52057
2017-06-29,21.62,22.14,21.62,21.72,50460
2017-06-30,21.62,21.78,21.24,21.53,38138
2017-07-03,21.43,21.83,21.33,21.82,35394
2017-07-04,21.76,21.92,21.38,21.41,44894
2017-07-05,21.51,22.09,21.41,22.03,70493
2017-07-06,22.0,22.62,21.91,22.51,101316
2017-07-07,22.45,23.6,22.2,23.37,131676
2017-07-10,23.0,23.73,22.92,23.0,103378
2017-07-11,22.76,22.95,22.1,22.13,80061
2017-07-12,22.22,22.69,22.01,22.65,53777
2017-07-13,22.66,23.32,22.33,22.84,84180
2017-07-14,22.61,22.71,22.12,22.25,55219
2017-07-17,22.36,22.57,21.0,21.17,88412
2017-07-18,21.15,21.89,21.1,21.87,59569
2017-07-19,21.63,23.96,21.43,23.55,159957
2017-07-20,23.5,23.54,23.09,23.29,114543
2017-07-21,23.0,23.23,22.56,22.81,74820
2017-07-24,22.7,23.17,22.53,22.99,62580
2017-07-25,23.0,23.39,22.62,23.13,64429
2017-07-26,23.35,23.47,22.89,23.2,74947
2017-07-27,23.08,23.17,22.1,22.64,77196
2017-07-28,22.6,23.36,22.46,23.25,86171
2017-07-31,23.26,24.19,23.25,24.17,169751
2017-08-01,23.92,23.94,23.49,23.65,77788
2017-08-02,23.78,24.36,23.14,23.24,132007
2017-08-03,22.91,24.13,22.89,24.09,119552
2017-08-04,24.01,24.42,23.48,23.61,141294
2017-08-07,23.3,24.57,23.0,24.5,137695
2017-08-08,24.2,25.15,24.1,24.3,186796
2017-08-09,24.7,25.47,24.3,25.32,193429
2017-08-10,24.99,25.06,24.24,24.74,150888
2017-08-11,24.35,24.6,22.91,23.19,134912
2017-08-14,23.21,23.77,23.0,23.63,69329
2017-08-15,23.6,23.6,23.1,23.27,58906
2017-08-16,23.33,23.35,22.23,22.5,98945
2017-08-17,23.0,23.16,22.78,22.84,74214
2017-08-18,22.57,22.57,22.15,22.39,63362
2017-08-21,22.7,23.48,22.62,23.39,95751
2017-08-22,23.4,23.85,23.27,23.75,109475
2017-08-23,23.36,23.55,23.04,23.18,58366
2017-08-24,23.35,23.48,22.33,22.45,86853
2017-08-25,22.31,22.98,22.3,22.76,55399
2017-08-28,22.75,23.05,22.56,22.98,59632
2017-08-29,23.08,23.66,22.95,23.01,86908
2017-08-30,22.86,23.45,22.81,23.27,51277
2017-08-31,23.12,23.59,22.94,23.49,73072
2017-09-01,23.55,24.66,23.37,24.15,143927
2017-09-04,24.43,25.35,24.16,25.32,183431
2017-09-05,25.0,25.17,24.44,24.67,143123
2017-09-06,24.25,25.27,24.12,24.84,129611
2017-09-07,25.15,27.32,25.15,26.32,384011
2017-09-08,25.95,26.66,25.55,25.68,219956
2017-09-11,25.8,26.68,25.68,26.53,211312
2017-09-12,26.55,28.25,26.2,26.4,313255
2017-09-13,26.35,27.18,25.86,27.07,179242
2017-09-14,27.32,28.04,26.11,26.6,204376
2017-09-15,26.09,26.27,24.98,25.26,155940
2017-09-18,25.17,25.7,24.8,25.44,84906
2017-09-19,25.44,25.5,24.75,25.0,81667
2017-09-20,25.0,26.41,24.87,26.06,165962
2017-09-21,27.0,27.7,25.7,25.79,250618
2017-09-22,25.18,25.56,24.72,25.26,138153
2017-09-25,25.0,25.1,23.87,24.01,116527
2017-09-26,24.15,24.55,23.95,24.31,63153
2017-09-27,24.29,24.67,24.12,24.45,55025
2017-09-28,24.45,24.61,24.13,24.55,56251
2017-09-29,24.86,25.35,24.6,25.06,100300
2017-10-09,25.4,25.48,24.81,25.02,68496
2017-10-10,24.94,24.96,24.35,24.55,72061
2017-10-11,24.49,24.67,24.16,24.6,52542
2017-10-12,24.43,24.59,23.98,24.3,57284
2017-10-13,24.3,24.52,24.17,24.41,36158
2017-10-16,24.29,24.45,23.33,23.6,68421
2017-10-17,23.55,23.55,23.12,23.19,40382
2017-10-18,23.21,23.48,22.77,22.84,41306
2017-10-19,22.7,23.1,22.6,22.73,33615
2017-10-20,22.81,23.32,22.77,23.28,37946
2017-10-23,23.3,23.36,23.06,23.25,25293
2017-10-24,23.26,23.53,22.98,23.26,35854
2017-10-25,23.32,23.59,23.2,23.56,36436
2017-10-26,23.56,23.56,23.13,23.35,52607
2017-10-27,23.35,23.47,22.78,22.86,42643
2017-10-30,22.86,22.91,21.6,21.69,66243
2017-10-31,21.89,22.03,21.69,21.89,25154
2017-11-01,22.6,23.44,22.6,22.99,88521
2017-11-02,23.18,24.94,23.18,24.41,190684
2017-11-03,23.99,24.28,23.57,24.08,108186
2017-11-06,24.13,24.5,23.6,24.49,85148
2017-11-07,24.16,24.49,23.86,24.16,84137
2017-11-08,23.8,24.15,23.73,23.92,64632
2017-11-09,24.0,25.3,23.93,24.68,147779
2017-11-10,24.54,24.63,24.12,24.34,79903
2017-11-13,24.6,24.6,23.86,24.24,77605
2017-11-14,24.33,25.28,24.24,25.27,174054
2017-11-15,24.9,25.4,24.77,25.31,121156
2017-11-16,25.1,25.1,24.11,24.15,91599
2017-11-17,24.2,24.33,21.8,22.46,122803
2017-11-20,22.28,22.66,21.61,22.56,54780
2017-11-21,22.42,22.68,21.91,22.32,48866
2017-11-22,22.33,22.67,22.2,22.6,44817
2017-11-23,22.7,24.1,22.68,23.14,109136
2017-11-24,22.71,23.95,22.71,23.6,74780
2017-11-27,23.64,23.74,22.78,22.86,57548
2017-11-28,22.62,22.96,21.9,22.93,55924
2017-11-29,22.84,23.65,22.58,23.47,77691
2017-11-30,23.15,23.46,22.98,23.07,44114
2017-12-01,23.21,23.39,22.89,23.37,36935
2017-12-04,23.16,23.78,22.78,22.8,55338
2017-12-05,22.5,22.5,21.58,21.69,82636
2017-12-06,21.3,22.18,21.3,22.15,31706
2017-12-07,22.01,22.18,21.74,21.76,21519
2017-12-08,21.76,22.11,21.7,21.95,21758
2017-12-11,22.3,22.3,21.9,22.21,28155
2017-12-12,22.27,22.46,22.01,22.04,32770
2017-12-13,21.92,22.1,21.7,21.95,30759
2017-12-14,21.95,22.15,21.62,21.71,28545
2017-12-15,21.7,21.89,21.48,21.87,26902
2017-12-18,21.9,22.05,21.72,22.02,29327
2017-12-19,22.09,22.12,21.79,21.9,23807
2017-12-20,21.86,21.97,21.4,21.45,30528
2017-12-21,21.44,21.68,21.36,21.52,19551
2017-12-22,21.54,21.83,21.46,21.56,21497
2017-12-25,21.73,21.75,21.21,21.37,23113
2017-12-26,21.48,21.75,21.25,21.61,23896
2017-12-27,21.5,22.13,21.45,21.81,40516
2017-12-28,22.06,22.57,22.03,22.42,62414
2017-12-29,22.52,22.54,22.09,22.18,35110
2018-01-02,22.3,22.72,22.01,22.49,41768
2018-01-03,22.49,22.84,22.4,22.82,59705
2018-01-04,22.62,23.03,22.47,22.84,55576
2018-01-05,22.89,23.06,22.54,22.58,41452
2018-01-08,22.45,23.05,22.45,22.81,52113
2018-01-09,22.7,22.82,22.46,22.71,35934
2018-01-10,22.61,22.72,22.05,22.22,43657
2018-01-11,22.4,22.7,22.32,22.55,47912
2018-01-12,22.52,23.06,22.35,23.01,59424
2018-01-15,22.99,23.29,21.81,22.0,72794
2018-01-16,21.8,22.03,21.65,21.8,46892
2018-01-17,21.75,21.85,21.32,21.65,31769
2018-01-18,21.8,21.92,21.6,21.81,25635
2018-01-19,21.75,21.91,21.61,21.77,23432
2018-01-22,21.7,21.99,21.43,21.89,28948
2018-01-23,21.81,22.87,21.81,22.64,77170
2018-01-24,22.39,22.7,22.06,22.67,53964
2018-01-25,23.1,23.47,22.74,22.8,97359
2018-01-26,22.49,22.5,22.1,22.34,54681
2018-01-29,22.35,22.7,22.2,22.41,38708
2018-01-30,22.25,22.45,21.91,22.06,39645
2018-01-31,21.8,21.88,21.35,21.48,45686
2018-02-01,21.38,21.6,19.33,19.33,88229
2018-02-02,18.87,19.8,18.25,19.51,62402
2018-02-05,18.9,19.43,18.72,19.03,31208
2018-02-06,18.56,19.34,17.75,17.8,54695
2018-02-07,18.3,18.5,17.5,18.09,29922
2018-02-08,18.05,18.36,17.84,18.26,18811
2018-02-09,17.62,17.98,16.81,17.08,40079
2018-02-12,17.27,17.66,17.04,17.54,21087
2018-02-13,17.6,18.03,17.6,17.68,19475
2018-02-14,17.66,17.95,17.6,17.84,16150
2018-02-22,17.88,18.62,17.88,18.4,29705
2018-02-23,18.4,18.75,18.31,18.44,31033
2018-02-26,18.51,18.98,18.27,18.81,35133
2018-02-27,18.8,18.81,18.47,18.54,27766
2018-02-28,18.5,18.95,18.31,18.77,29600
2018-03-01,18.82,20.15,18.77,19.8,78774
2018-03-02,19.4,19.8,19.29,19.41,35274
2018-03-05,19.38,19.67,19.08,19.23,33114
2018-03-06,19.3,19.65,19.16,19.56,38491
2018-03-07,19.44,19.56,19.18,19.32,27951
2018-03-08,19.16,19.55,19.16,19.3,22201
2018-03-09,19.2,19.48,19.2,19.44,30647
2018-03-12,19.52,19.95,19.48,19.87,52980
2018-03-13,19.8,20.65,19.61,20.49,93348
2018-03-14,20.23,20.39,19.82,19.99,68321
2018-03-15,19.81,20.33,19.64,19.93,53674
2018-03-16,19.93,19.94,19.57,19.62,28111
2018-03-19,19.62,19.64,19.18,19.43,25539
2018-03-20,19.26,19.48,19.2,19.44,18111
2018-03-21,19.47,19.75,19.31,19.49,28160
2018-03-22,19.49,19.49,18.47,18.48,73628
2018-03-23,17.76,17.88,16.93,17.29,65380
2018-03-26,17.0,17.7,16.92,17.63,31770
2018-03-27,17.79,18.13,17.78,18.11,37714
2018-03-28,17.96,18.25,17.85,18.14,30576
2018-03-29,18.26,18.54,18.1,18.37,30423
2018-03-30,18.36,18.61,18.21,18.52,30182
2018-04-02,18.57,18.64,18.43,18.49,30394
2018-04-03,18.27,18.27,17.98,18.06,26671
2018-04-04,18.01,18.29,17.9,17.99,25241
2018-04-09,17.9,18.45,17.8,18.43,30902
2018-04-10,18.71,18.8,18.33,18.47,33256
2018-04-11,18.81,19.25,18.81,19.17,64962
2018-04-12,18.95,19.13,18.73,18.78,42873
2018-04-13,18.8,18.88,18.6,18.71,30726
2018-04-16,18.73,18.88,18.27,18.36,29314
2018-04-17,18.47,18.64,17.98,18.04,29352
2018-04-18,18.15,18.39,17.76,18.34,29222
2018-04-19,18.95,20.17,18.8,20.17,113345
2018-04-20,19.81,20.14,19.46,19.83,141295
2018-04-23,19.5,19.83,18.94,19.37,84748
2018-04-24,18.85,19.56,18.8,19.51,72182
2018-04-25,19.22,19.46,19.15,19.39,48736
2018-04-26,19.45,19.5,18.62,18.72,51313
2018-04-27,18.61,18.8,18.02,18.22,57959
2018-05-02,18.24,18.47,18.02,18.43,24400
2018-05-03,18.4,18.5,18.11,18.42,22635
2018-05-04,18.42,18.48,18.12,18.28,25437
2018-05-07,18.26,18.55,18.2,18.54,32358
2018-05-08,18.45,18.73,18.43,18.65,40391
2018-05-09,18.65,18.65,18.37,18.44,28726
2018-05-10,18.48,18.92,18.43,18.89,49526
2018-05-11,18.87,19.08,18.71,18.95,51370
2018-05-14,19.0,19.37,18.88,18.93,60473
2018-05-15,18.95,19.27,18.69,19.13,45432
2018-05-16,18.92,18.99,18.44,18.49,40722
2018-05-17,18.6,18.6,18.26,18.3,25734
2018-05-18,18.25,18.77,18.24,18.67,31072
2018-05-21,18.85,19.35,18.6,19.2,61573
2018-05-22,19.09,19.12,18.85,19.1,43312
2018-05-23,19.05,19.05,18.76,18.78,29572
2018-05-24,18.8,19.07,18.78,18.87,27699
2018-05-25,18.85,19.14,18.44,18.52,38340
2018-05-28,18.52,18.59,18.15,18.45,22810
2018-05-29,18.46,18.55,18.2,18.28,18796
2018-05-30,17.88,18.1,17.58,17.78,32344
2018-05-31,17.88,18.18,17.78,18.07,22656
2018-06-01,14.01,14.59,13.8,13.9,49529
2018-06-06,13.56,13.77,13.45,13.69,26063
2018-06-07,13.63,13.75,13.36,13.38,23807
2018-06-08,13.38,13.38,12.8,13.04,35543
2018-06-11,12.92,13.1,12.88,12.97,16590
2018-06-12,13.06,13.1,12.78,12.98,19341
2018-06-13,12.86,12.98,12.5,12.5,25235
2018-06-14,12.38,12.73,12.38,12.59,13875
2018-06-15,12.53,12.6,11.42,11.74,55803
2018-06-19,11.56,11.56,10.57,10.57,52740
2018-06-20,10.48,10.77,10.38,10.67,35184
2018-06-21,10.7,10.91,10.39,10.41,36067
2018-06-22,10.27,10.59,10.02,10.55,25393
2018-06-25,10.57,10.87,10.43,10.53,22679
2018-06-26,10.42,10.71,10.2,10.64,20836
2018-06-27,10.68,10.77,10.53,10.62,20521
2018-06-28,10.62,10.84,10.48,10.51,21183
2018-06-29,10.5,10.83,10.5,10.8,25603
2018-07-02,10.8,10.87,10.48,10.57,24777
2018-07-03,10.57,10.74,10.32,10.74,31100
2018-07-04,10.62,10.76,10.41,10.44,26183
2018-07-05,10.39,10.53,9.8,9.81,30097
2018-07-06,9.81,10.16,9.61,10.06,35875
2018-07-09,9.95,10.43,9.95,10.41,35575
2018-07-10,10.6,11.38,10.52,10.88,78972
2018-07-11,10.5,10.62,10.24,10.42,45673
2018-07-12,10.28,10.73,10.28,10.66,35583
2018-07-13,10.69,11.15,10.54,10.87,48241
2018-07-16,10.81,11.04,10.72,10.96,35704
2018-07-17,10.9,10.9,10.73,10.87,22687
2018-07-18,10.84,10.95,10.68,10.72,23667
2018-07-19,10.71,10.82,10.48,10.57,19791
2018-07-20,10.46,10.76,10.38,10.69,20074
2018-07-23,10.64,10.98,10.57,10.95,43186
2018-07-24,10.98,11.27,10.89,11.24,62523
2018-07-25,11.16,11.28,11.12,11.22,43067
2018-07-26,11.22,11.3,11.04,11.11,35871
2018-07-27,11.04,11.8,11.04,11.31,71986
2018-07-30,11.21,11.65,11.0,11.13,64865
2018-07-31,11.15,11.22,10.85,11.14,32972
2018-08-01,11.08,11.2,10.8,10.81,30183
2018-08-02,10.82,10.86,10.04,10.44,40500
2018-08-03,10.41,10.55,10.15,10.28,23698
2018-08-06,10.22,10.39,10.0,10.19,28037
2018-08-07,10.19,10.54,10.1,10.51,31782
2018-08-08,10.51,10.64,10.4,10.46,29293
2018-08-09,10.52,10.88,10.43,10.78,36220
2018-08-10,10.7,10.84,10.55,10.69,24086
2018-08-13,10.52,11.76,10.3,11.47,92921
2018-08-14,11.18,11.34,11.02,11.16,75431
2018-08-15,11.06,11.16,10.8,10.82,42051
2018-08-16,10.59,10.8,10.43,10.71,30506
2018-08-17,10.79,11.0,10.58,10.6,28898
2018-08-20,10.6,10.75,10.18,10.75,21571
2018-08-21,10.73,10.91,10.62,10.9,26136
2018-08-22,10.89,11.06,10.77,10.83,25609
2018-08-23,10.84,11.03,10.81,10.92,28190
2018-08-24,10.89,11.45,10.82,11.13,58635
2018-08-27,11.25,11.86,11.2,11.82,122447
2018-08-28,11.72,12.41,11.57,12.1,133168
2018-08-29,11.9,12.17,11.84,11.95,75108
2018-08-30,11.94,12.39,11.78,11.79,75631
2018-08-31,11.92,12.15,11.69,11.89,61561
2018-09-03,12.0,12.25,11.62,12.22,83043
2018-09-04,12.15,12.41,12.06,12.17,90168
2018-09-05,12.04,12.14,11.84,11.87,59242
2018-09-06,11.82,11.95,11.57,11.71,47737
2018-09-07,11.75,11.93,11.46,11.59,52549
2018-09-10,11.51,11.59,11.15,11.16,42844
2018-09-11,11.15,11.43,11.11,11.35,28757
2018-09-12,11.3,11.66,11.26,11.44,34213
2018-09-13,11.59,11.69,11.32,11.59,34381
2018-09-14,11.46,11.68,11.28,11.35,42059
2018-09-17,11.2,11.22,11.0,11.0,32889
2018-09-18,11.01,11.29,10.96,11.27,28201
2018-09-19,11.19,11.54,11.16,11.31,40018
2018-09-20,11.32,12.09,11.32,11.94,116883
2018-09-21,11.85,12.05,11.77,11.97,83191
2018-09-25,11.95,11.99,11.72,11.83,53656
2018-09-26,11.76,11.88,11.6,11.71,58183
2018-09-27,11.65,11.95,11.64,11.91,67906
2018-09-28,11.95,11.97,11.68,11.84,44576
2018-10-08,11.53,11.75,11.18,11.28,45820
2018-10-09,11.28,11.52,11.28,11.5,33002
2018-10-10,11.49,12.02,11.44,11.98,80544
2018-10-11,11.76,11.79,10.78,10.88,114203
2018-10-12,11.3,11.3,10.26,10.76,77115
2018-10-15,10.76,10.84,10.32,10.35,44170
2018-10-16,10.4,10.46,10.03,10.1,39349
2018-10-17,10.24,10.29,9.09,9.64,74217
2018-10-18,9.54,9.54,9.13,9.18,43177
2018-10-19,9.04,9.48,8.94,9.4,41912
2018-10-22,9.59,10.12,9.52,9.95,57696
2018-10-23,9.9,10.19,9.86,9.97,55079
2018-10-24,10.13,10.75,10.13,10.28,80156
2018-10-25,9.92,10.73,9.65,10.5,84804
2018-10-26,10.46,10.61,10.27,10.32,52425
2018-10-29,10.11,10.28,10.05,10.18,31598
2018-10-30,10.19,10.47,9.91,10.3,43583
2018-10-31,10.3,10.83,10.21,10.63,70363
2018-11-01,10.6,10.78,10.4,10.64,65112
2018-11-02,10.65,10.88,10.56,10.85,78030
2018-11-05,10.77,10.9,10.6,10.73,55693
2018-11-06,10.69,10.78,10.61,10.73,37603
2018-11-07,10.7,11.24,10.7,10.81,78860
2018-11-08,10.84,10.98,10.72,10.74,48651
2018-11-09,10.69,10.89,10.5,10.55,39500
2018-11-12,10.47,11.2,10.47,11.16,72932
2018-11-13,10.99,11.28,10.96,11.19,61225
2018-11-14,11.23,11.62,11.16,11.19,98363
2018-11-15,11.2,11.52,11.17,11.41,66100
2018-11-16,11.42,11.6,11.28,11.52,70805
2018-11-19,11.95,12.19,11.61,11.78,125998
2018-11-20,11.6,11.7,11.32,11.38,77386
2018-11-21,11.21,11.68,11.18,11.54,56045
2018-11-22,11.52,11.52,11.18,11.26,55390
2018-11-23,11.26,11.43,10.95,11.01,70092
2018-11-26,10.99,11.22,10.85,10.97,32464
2018-11-27,11.09,11.34,11.03,11.2,35853
2018-11-28,11.11,11.18,10.6,11.03,58567
2018-11-29,11.06,11.44,11.01,11.06,75292
2018-11-30,10.94,11.14,10.67,10.98,45649
2018-12-03,11.17,11.75,11.15,11.72,127391
2018-12-04,11.76,12.16,11.72,11.81,167100
2018-12-05,11.52,12.99,11.46,12.99,389331
2018-12-06,12.63,13.08,12.57,12.69,241939
2018-12-07,12.71,12.74,12.18,12.2,184837
2018-12-10,12.31,12.55,12.12,12.19,145751
2018-12-11,12.28,12.56,12.02,12.5,131930
2018-12-12,12.47,12.52,12.26,12.36,95181
2018-12-13,12.45,12.54,12.25,12.33,117650
2018-12-14,12.21,12.21,11.7,11.7,131372
2018-12-17,11.76,11.93,11.51,11.88,76052
2018-12-18,11.88,12.17,11.8,11.99,102506
2018-12-19,11.87,12.1,11.8,11.93,78818
2018-12-20,11.95,12.43,11.82,12.37,119926
2018-12-21,12.43,12.55,11.78,11.89,118848
2018-12-24,11.74,11.81,11.48,11.74,82900
2018-12-25,11.56,11.65,11.08,11.44,89818
2018-12-26,11.46,11.46,11.15,11.28,62392
2018-12-27,11.46,11.49,11.12,11.14,56212
2018-12-28,11.14,11.28,11.01,11.08,40345
2019-01-02,11.14,11.44,11.02,11.33,57904
2019-01-03,11.34,11.83,11.26,11.71,94247
2019-01-04,11.64,11.99,11.48,11.98,103653
2019-01-07,12.09,12.36,11.88,12.24,106413
2019-01-08,12.28,12.35,11.91,12.05,79257
2019-01-09,12.32,12.74,12.32,12.33,158552
2019-01-10,12.3,12.59,12.07,12.33,104906
2019-01-11,12.22,13.56,12.18,13.29,269512
2019-01-14,13.5,14.6,13.4,13.83,322553
2019-01-15,13.65,13.77,13.38,13.52,187429
2019-01-16,13.49,13.94,13.26,13.38,167827
2019-01-17,13.53,14.14,13.41,13.65,197185
2019-01-18,13.7,14.6,13.26,13.86,244298
2019-01-21,13.77,14.98,13.72,14.83,276280
2019-01-22,14.58,14.67,14.08,14.33,204554
2019-01-23,14.3,15.07,14.12,14.53,224424
2019-01-24,14.49,14.49,14.07,14.09,163949
2019-01-25,13.99,14.5,13.8,14.12,164121
2019-01-28,14.12,14.28,13.69,13.87,123173
2019-01-29,13.74,14.04,13.25,13.86,129618
2019-01-30,13.66,13.92,13.3,13.3,107732
2019-01-31,13.3,14.13,13.3,13.83,164037
2019-02-01,13.97,14.28,13.79,14.04,126171
2019-02-11,14.15,14.59,13.96,14.58,153569
2019-02-12,14.44,14.6,14.26,14.6,124688
2019-02-13,14.63,15.28,14.41,14.84,203179
2019-02-14,14.71,15.04,14.64,14.77,120158
2019-02-15,14.66,15.0,14.39,14.39,126791
2019-02-18,14.06,14.44,13.5,14.42,353322
2019-02-19,14.19,14.42,13.96,14.14,244744
2019-02-20,14.39,15.06,14.11,14.49,359394
2019-03-01,14.89,14.89,14.89,14.89,47280
2019-03-04,15.2,16.37,14.81,15.63,429573
2019-03-05,15.31,15.69,15.12,15.68,241073
2019-03-06,15.62,15.8,15.32,15.62,223416
2019-03-07,15.32,16.62,15.15,16.58,370164
2019-03-08,15.96,16.3,15.49,15.5,246337
2019-03-11,15.51,15.89,15.18,15.83,170478
2019-03-12,15.55,16.25,15.52,15.93,315660
2019-03-13,15.91,15.92,15.03,15.11,246659
2019-03-14,15.09,15.6,14.6,14.81,193697
2019-03-15,15.0,15.1,14.68,14.97,142828
2019-03-18,15.79,16.08,15.35,15.56,242839
2019-03-19,15.43,16.5,15.31,16.28,356320
2019-03-20,16.19,17.56,16.12,16.8,453995
2019-03-21,16.45,17.41,16.45,16.9,353960
2019-03-22,16.8,17.3,16.57,16.9,239099
2019-03-25,16.59,16.82,16.05,16.12,246493
2019-03-26,16.32,16.8,15.76,15.9,241504
2019-03-27,16.33,16.79,16.12,16.38,211283
2019-03-28,16.0,16.3,15.6,15.62,198492
2019-03-29,15.36,15.89,14.98,15.8,208320
2019-04-01,16.0,17.18,16.0,17.0,338781
2019-04-02,16.99,17.35,16.72,16.92,309753
2019-04-03,16.66,17.09,16.61,16.88,188272
2019-04-04,16.99,17.36,16.52,16.95,279935
2019-04-08,17.05,17.75,16.97,17.53,370216
2019-04-09,17.29,17.4,16.66,16.96,228174
2019-04-10,16.78,16.95,16.45,16.68,167521
2019-04-11,16.73,17.12,16.45,16.48,153511
2019-04-12,16.69,17.66,16.55,17.16,329356
2019-04-15,17.67,18.88,17.25,18.24,552347
2019-04-16,18.29,20.06,18.16,20.06,542880
2019-04-17,20.98,22.07,20.77,22.07,334691
2019-04-18,24.28,24.28,22.51,24.28,1134433
2019-04-19,23.33,23.78,21.85,22.42,898319
2019-04-22,22.0,23.78,21.6,22.71,719792
2019-04-23,21.92,22.0,20.44,20.44,591098
2019-04-24,20.12,20.86,19.75,20.38,418703
2019-04-25,20.3,20.3,18.88,19.01,465980
2019-04-26,19.1,19.45,18.84,19.03,300303
2019-04-29,19.26,19.26,18.24,18.45,284810
2019-04-30,18.5,18.77,18.01,18.45,211481
2019-05-06,17.17,17.45,16.61,16.61,253613
2019-05-07,16.76,16.98,16.03,16.58,254332
2019-05-08,15.99,16.65,15.58,16.2,260122
2019-05-09,16.08,16.59,15.94,16.14,209307
2019-05-10,16.49,16.94,15.72,16.84,325889
2019-05-13,16.61,16.76,16.1,16.24,200512
2019-05-14,16.16,16.75,16.01,16.29,187716
2019-05-15,16.69,17.3,16.42,17.1,300266
2019-05-16,17.0,18.25,16.85,17.68,405783
2019-05-17,17.38,17.46,15.91,16.1,355085
2019-05-20,16.09,16.1,14.82,15.78,209376
2019-05-21,15.98,16.95,15.82,16.6,246386
2019-05-22,16.67,16.87,16.12,16.32,185586
2019-05-23,16.12,16.39,15.55,15.62,158102
2019-05-24,15.92,16.78,15.89,16.0,196647
2019-05-27,15.9,16.77,15.68,16.63,212460
2019-05-28,16.59,16.97,16.4,16.68,213778
2019-05-29,16.72,17.35,16.67,17.03,285077
2019-05-30,16.82,17.95,16.38,17.62,376212
2019-05-31,17.2,17.88,17.08,17.12,299194
2019-06-03,17.22,17.34,16.6,16.6,178646
2019-06-04,16.75,16.95,15.85,16.17,178046
2019-06-05,16.46,16.53,16.01,16.2,116107
2019-06-06,16.2,16.37,15.69,15.77,135075
2019-06-10,16.22,16.48,15.9,16.48,158013
2019-06-11,16.36,17.64,16.31,17.35,293295
2019-06-12,17.34,18.07,17.15,17.61,394156
2019-06-13,17.31,18.56,17.17,18.33,378355
2019-06-14,18.15,18.3,17.28,17.35,296535
2019-06-17,18.2,19.09,18.01,19.09,241156
2019-06-18,19.54,20.16,18.18,18.65,549267
2019-06-19,18.7,19.18,18.2,18.21,390769
2019-06-20,18.22,18.71,18.06,18.51,297114
2019-06-21,18.43,19.29,18.16,18.9,371165
2019-06-24,18.87,19.25,18.47,18.77,214222
2019-06-25,18.95,19.97,18.88,19.78,522628
2019-06-26,19.17,19.39,18.89,18.9,272903
2019-06-27,18.8,18.96,18.19,18.4,211886
2019-06-28,18.41,18.72,17.85,18.07,200680
2019-07-01,18.4,18.52,17.85,18.5,184839
2019-07-02,18.36,18.93,18.31,18.85,203651
2019-07-03,19.04,19.2,18.34,18.45,195927
2019-07-04,18.3,18.47,17.92,18.03,142290
2019-07-05,18.05,18.27,17.88,18.25,84773
2019-07-08,18.0,18.05,16.83,16.85,206744
2019-07-09,16.95,17.08,16.6,16.91,90502
2019-07-10,17.0,17.01,16.24,16.5,112572
2019-07-11,16.87,17.11,16.62,16.8,127617
2019-07-12,16.69,16.82,16.58,16.79,65387
2019-07-15,16.8,17.1,16.46,16.99,97504
2019-07-16,17.0,17.4,16.84,17.25,102792
2019-07-17,17.12,17.36,16.97,17.0,94642
2019-07-18,17.18,17.48,16.99,17.02,133423
2019-07-19,17.5,17.5,17.11,17.14,131797
2019-07-22,17.05,17.06,15.88,15.95,175734
2019-07-23,15.81,16.08,15.8,16.08,73365
2019-07-24,16.1,16.43,16.09,16.29,73369
2019-07-25,16.29,16.43,16.22,16.29,58100
2019-07-26,16.19,16.33,16.05,16.14,64721
2019-07-29,16.25,16.27,15.84,15.98,69242
2019-07-30,16.01,16.45,15.98,16.38,96241
2019-07-31,16.3,16.3,16.1,16.18,53728
2019-08-01,16.1,16.27,15.93,16.08,63043
2019-08-02,15.91,16.25,15.8,16.09,110360
2019-08-05,15.92,16.55,15.8,16.13,136886
2019-08-06,15.88,16.1,14.83,15.13,180002
2019-08-07,15.29,15.68,15.2,15.43,114394
2019-08-08,15.75,15.84,15.41,15.44,91736
2019-08-09,15.62,15.75,14.98,15.08,100268
2019-08-12,14.9,15.17,14.8,15.14,74876
2019-08-13,14.85,15.61,14.85,15.47,110914
2019-08-14,15.34,15.65,15.21,15.37,86654
2019-08-15,15.3,15.36,15.06,15.25,84180
2019-08-16,15.21,15.41,15.16,15.18,82059
2019-08-19,15.19,15.9,15.14,15.86,141284
2019-08-20,15.88,15.95,15.56,15.72,135843
2019-08-21,15.62,15.67,15.41,15.46,76402
2019-08-22,15.65,16.28,15.6,16.19,214809
2019-08-23,16.15,16.2,15.89,15.94,106419
2019-08-26,15.79,16.15,15.68,15.93,111705
2019-08-27,16.08,16.28,15.85,16.23,132055
2019-08-28,16.25,16.29,16.03,16.06,91666
2019-08-29,16.4,16.71,16.18,16.2,150645
2019-08-30,16.32,16.68,16.08,16.18,147140
2019-09-02,16.78,16.96,16.47,16.82,201270
2019-09-03,16.8,16.88,16.54,16.63,137123
2019-09-04,16.98,17.18,16.72,16.99,191401
2019-09-05,17.38,17.48,17.01,17.04,210512
2019-09-06,16.8,16.87,16.45,16.6,171965
2019-09-09,16.7,16.95,16.55,16.95,130733
2019-09-10,16.87,17.19,16.78,16.98,138048
2019-09-11,17.0,17.42,16.88,17.27,175390
2019-09-12,17.2,17.3,16.86,17.02,102756
2019-09-16,17.1,17.14,16.86,17.07,98298
2019-09-17,16.9,16.92,16.21,16.41,130388
2019-09-18,16.47,16.49,16.17,16.18,77561
2019-09-19,16.26,16.41,16.11,16.36,64266
2019-09-20,16.37,16.66,16.18,16.62,122367
2019-09-23,16.64,16.79,16.39,16.59,108573
2019-09-24,16.81,16.84,16.58,16.61,98086
2019-09-25,16.52,16.58,16.15,16.19,82272
2019-09-26,16.11,16.19,15.35,15.38,102292
2019-09-27,15.3,15.71,15.3,15.44,42027
2019-09-30,15.6,15.6,15.13,15.13,48975
2019-10-08,15.2,15.37,14.95,15.1,50522
2019-10-09,15.09,15.5,14.94,15.43,42349
2019-10-10,15.43,15.6,15.33,15.57,46984
2019-10-11,15.47,15.47,15.25,15.38,44459
2019-10-14,15.47,15.76,15.41,15.72,73718
2019-10-15,15.72,15.72,15.41,15.44,41283
2019-10-16,15.45,15.61,15.35,15.36,33525
2019-10-17,15.44,15.63,15.3,15.63,47623
2019-10-18,15.6,15.69,15.36,15.37,50519
2019-10-21,15.23,15.36,14.97,15.09,48116
2019-10-22,15.18,15.22,15.09,15.15,30483
2019-10-23,15.17,15.2,15.04,15.07,31745
2019-10-24,15.05,15.13,14.99,15.05,30756
2019-10-25,15.15,15.23,15.03,15.21,34176
2019-10-28,15.18,15.51,15.14,15.46,56573
2019-10-29,15.46,15.46,15.05,15.1,47668
2019-10-30,15.27,15.5,15.09,15.25,74235
2019-10-31,15.32,15.32,14.8,14.87,65875
2019-11-01,14.84,14.99,14.73,14.85,50233
2019-11-04,14.88,15.03,14.87,14.98,36574
2019-11-05,14.98,15.23,14.76,15.07,59392
2019-11-06,14.99,15.22,14.85,15.06,53015
2019-11-07,15.1,15.13,14.88,14.95,44630
2019-11-08,15.02,15.04,14.8,14.81,53328
2019-11-11,14.77,14.77,14.1,14.1,81879
2019-11-12,14.1,14.18,13.53,13.8,66675
2019-11-13,13.85,13.97,13.75,13.92,37937
2019-11-14,13.88,13.89,13.69,13.81,34434
2019-11-15,13.85,13.9,13.55,13.55,41837
2019-11-18,13.51,13.64,13.31,13.59,36118
2019-11-19,13.64,13.84,13.56,13.84,37871
2019-11-20,13.85,13.96,13.71,13.9,49798
2019-11-21,13.79,13.83,13.68,13.73,33475
2019-11-22,13.83,13.93,13.51,13.51,44354
2019-11-25,13.48,13.87,13.4,13.86,55055
2019-11-26,13.86,13.86,13.68,13.75,30178
2019-11-27,13.75,13.83,13.63,13.68,27661
2019-11-28,13.69,13.79,13.5,13.5,36997
2019-11-29,13.49,13.66,13.4,13.6,30558
2019-12-02,13.58,13.71,13.52,13.56,22654
2019-12-03,13.52,13.75,13.41,13.69,32496
2019-12-04,13.65,14.18,13.6,14.08,99363
2019-12-05,14.0,14.2,13.92,14.17,65149
2019-12-06,14.1,14.2,14.05,14.11,40891
2019-12-09,14.09,14.26,14.04,14.2,52951
2019-12-10,14.21,14.46,14.16,14.28,54118
2019-12-11,14.38,14.66,14.29,14.51,81683
2019-12-12,14.55,14.56,14.33,14.41,68915
2019-12-13,14.48,14.54,14.38,14.48,58026
2019-12-16,14.45,14.62,14.37,14.6,80762
2019-12-17,14.6,14.88,14.58,14.82,105901
2019-12-18,14.8,14.93,14.72,14.75,86158
2019-12-19,14.8,14.85,14.7,14.85,56110
2019-12-20,14.85,14.92,14.56,14.56,61038
2019-12-23,14.56,14.56,14.18,14.2,59788
2019-12-24,14.28,15.07,14.2,14.92,118174
2019-12-25,14.93,15.19,14.8,15.09,106112
2019-12-26,15.12,15.35,14.95,15.2,90397
2019-12-27,15.2,16.06,15.14,15.37,202729
2019-12-30,15.15,15.55,15.12,15.4,104131
2019-12-31,15.26,15.37,14.9,15.1,132995
2020-01-02,15.19,15.39,15.1,15.33,102224
2020-01-03,15.39,15.74,15.27,15.61,136892
2020-01-06,15.87,16.38,15.76,16.33,257823
2020-01-07,16.11,16.2,15.88,16.13,148146
2020-01-08,16.33,16.5,15.78,15.82,162590
2020-01-09,15.75,15.93,15.61,15.72,125031
2020-01-10,15.74,15.8,15.34,15.49,93122
2020-01-13,15.4,15.8,15.4,15.8,73177
2020-01-14,15.75,16.06,15.7,15.76,95228
2020-01-15,15.72,15.77,15.43,15.5,63408
2020-01-16,15.76,16.08,15.76,15.79,137786
2020-01-17,15.75,15.98,15.7,15.82,88020
2020-01-20,16.11,16.64,16.0,16.46,219725
2020-01-21,16.45,16.45,15.77,15.84,150736
2020-01-22,15.6,15.67,15.11,15.56,122319
2020-01-23,15.39,15.5,14.68,14.8,122821
2020-02-03,13.32,13.32,13.32,13.32,19313
2020-02-04,12.0,13.13,11.99,12.94,136773
2020-02-05,13.03,13.54,13.0,13.23,106201
2020-02-06,13.39,13.54,13.15,13.52,111550
2020-02-07,13.49,14.14,13.38,14.01,129453
2020-02-10,13.8,14.8,13.8,14.59,141820
2020-02-11,14.59,15.03,14.41,14.58,126071
2020-02-12,14.58,15.63,14.5,15.42,219185
2020-02-13,15.88,16.96,15.87,16.96,491220
2020-02-14,17.0,18.26,16.71,17.07,499284
2020-02-17,17.3,17.65,16.83,17.4,386419
2020-02-18,17.5,18.45,17.41,18.09,338113
2020-02-19,19.0,19.15,17.78,17.88,388719
2020-02-20,17.97,18.27,17.58,18.06,289202
2020-02-21,18.29,18.6,17.7,18.0,305249
2020-02-24,17.84,18.35,17.6,18.2,263045
2020-02-25,17.55,17.85,16.85,17.67,252625
2020-02-26,17.04,17.59,16.82,16.88,221664
2020-02-27,17.26,17.33,16.72,16.83,138166
2020-02-28,16.11,16.2,15.15,15.15,268734
2020-03-02,15.26,15.8,15.16,15.6,176052
2020-03-03,15.9,16.25,15.64,15.78,177097
2020-03-04,15.97,16.11,15.53,15.8,126942
2020-03-05,16.12,16.26,15.85,16.18,168221
2020-03-06,16.0,16.16,15.86,16.02,110964
2020-03-09,16.45,16.58,15.25,15.38,253210
2020-03-10,14.93,15.7,14.71,15.67,172659
2020-03-11,15.6,16.08,15.57,15.59,147149
2020-03-12,15.44,15.44,14.86,15.04,115154
2020-03-13,13.98,14.68,13.8,14.57,158868
2020-03-16,14.66,14.68,13.55,13.65,175545
2020-03-17,13.79,14.0,12.88,13.51,121402
2020-03-18,13.59,13.95,13.13,13.2,124782
2020-03-19,13.33,13.57,12.91,13.5,109205
2020-03-20,13.7,13.76,13.26,13.72,108910
2020-03-23,13.16,13.41,13.0,13.02,92998
2020-03-24,13.51,13.88,13.39,13.75,162648
2020-03-25,14.34,14.62,14.06,14.17,155819
2020-03-26,14.4,14.93,14.27,14.79,211347
2020-03-27,14.7,14.7,14.2,14.22,153806
2020-03-30,13.99,13.99,13.46,13.68,104618
2020-03-31,13.89,13.93,13.53,13.7,68089
2020-04-01,13.71,13.87,13.5,13.67,85414
2020-04-02,13.5,13.85,13.46,13.84,74570
2020-04-03,13.88,13.9,13.58,13.65,65050
2020-04-07,14.0,14.37,13.91,14.35,116616
2020-04-08,14.2,14.54,14.1,14.33,94594
2020-04-09,14.4,14.42,14.15,14.18,72672
2020-04-10,14.39,14.4,13.76,13.84,84691
2020-04-13,13.8,13.85,13.61,13.7,47089
2020-04-14,13.81,14.25,13.81,14.24,90782
2020-04-15,14.35,14.44,14.14,14.22,87989
2020-04-16,14.17,14.56,13.93,14.54,122648
2020-04-17,14.48,14.54,14.16,14.19,124452
2020-04-20,14.15,14.26,14.04,14.21,54633
2020-04-21,14.2,14.2,13.74,13.87,87310
2020-04-22,13.95,14.21,13.87,14.03,94090
2020-04-23,14.2,14.54,14.06,14.33,169138
2020-04-24,14.42,14.74,14.0,14.05,177755
2020-04-27,13.9,13.9,13.66,13.69,110286
2020-04-28,13.75,13.78,13.22,13.4,100725
2020-04-29,14.74,14.74,14.74,14.74,51563
2020-04-30,16.21,16.21,16.21,16.21,133287
2020-05-06,17.01,17.78,16.34,17.2,677650
2020-05-07,17.93,18.46,17.4,17.78,610488
2020-05-08,17.91,18.27,17.66,18.0,420788
2020-05-11,17.99,18.77,17.99,18.15,353833
2020-05-12,18.16,18.5,18.04,18.37,258756
2020-05-13,18.33,18.95,18.26,18.8,253147
2020-05-14,18.7,19.05,18.62,18.75,219230
2020-05-15,18.97,19.78,18.7,19.27,338578
2020-05-18,19.86,21.2,19.86,21.2,280452
2020-05-19,22.11,23.3,21.61,22.67,611709
2020-05-20,23.08,23.65,22.31,22.55,417022
2020-05-21,23.0,24.36,23.0,24.05,494451
2020-05-22,23.29,23.29,21.65,21.65,355472
2020-05-25,21.5,22.1,20.9,21.48,368436
2020-05-26,22.0,22.58,21.43,22.22,389621
2020-05-27,21.87,24.27,21.87,23.0,480846
2020-05-28,23.1,23.67,21.61,21.95,373077
2020-05-29,22.15,24.15,22.03,23.64,565520
2020-06-01,24.05,25.18,23.71,24.61,494854
2020-06-02,24.96,25.38,23.88,24.35,363264
2020-06-03,24.33,25.35,23.95,24.81,351700
2020-06-04,24.6,25.57,24.3,24.47,400404
2020-06-05,24.49,25.38,23.75,24.45,408773
2020-06-08,24.45,24.61,22.6,23.19,383978
2020-06-09,23.31,23.52,23.0,23.21,199878
2020-06-10,23.44,23.72,23.1,23.37,194114
2020-06-11,23.21,23.87,22.92,23.23,206121
2020-06-12,22.53,24.85,22.53,24.44,339989
2020-06-15,24.15,24.91,24.06,24.25,204961
2020-06-16,24.65,24.85,24.09,24.53,228072
2020-06-17,24.55,24.77,23.88,24.54,220275
2020-06-18,24.71,26.99,24.65,26.99,365229
2020-06-19,27.24,27.99,26.78,27.88,370757
2020-06-22,28.13,28.28,27.18,27.6,237841
2020-06-23,27.81,28.44,27.35,28.04,232969
2020-06-24,27.74,28.18,27.04,27.3,203458
2020-06-29,27.09,30.0,27.0,29.5,287152
2020-06-30,30.04,30.09,29.29,29.81,158570
2020-07-01,30.1,30.8,28.7,29.14,222243
2020-07-02,29.23,29.72,28.42,29.54,178467
2020-07-03,29.0,29.49,28.51,28.78,161287
2020-07-06,28.61,29.84,28.61,29.15,251127
2020-07-07,29.09,30.8,28.63,29.75,336537
2020-07-08,29.77,31.18,29.3,30.43,285607
2020-07-09,30.31,30.75,29.88,30.38,257768
2020-07-10,30.18,31.99,29.89,30.45,293916
2020-07-13,30.26,32.4,30.26,32.17,268223
2020-07-14,32.15,32.15,28.95,28.95,445735
2020-07-15,29.0,29.02,27.22,27.45,314981
2020-07-16,27.48,27.94,25.22,25.41,329055
2020-07-17,25.7,26.22,24.97,25.42,214650
2020-07-20,25.9,26.5,25.6,26.43,205319
2020-07-21,26.35,27.08,25.88,26.14,210322
2020-07-22,27.56,27.75,26.48,26.7,274970
2020-07-23,26.58,27.26,25.91,26.76,287332
2020-07-24,26.33,26.33,24.69,24.8,298320
2020-07-27,25.01,26.26,24.91,25.7,236247
2020-07-28,26.5,27.12,25.55,25.85,281045
2020-07-29,25.98,26.53,25.49,26.53,195501
2020-07-30,26.61,26.61,25.7,26.08,184832
2020-07-31,26.0,26.45,25.41,26.27,226155
2020-08-03,26.27,27.37,26.02,27.12,232755
2020-08-04,27.12,27.35,26.57,27.29,213561
2020-08-05,27.85,27.95,26.89,27.23,217415
2020-08-06,27.5,29.8,27.13,28.87,394728
2020-08-07,29.08,29.37,27.21,27.83,270623
2020-08-10,27.0,27.0,25.05,25.88,286395
2020-08-11,26.15,26.44,25.28,25.58,155372
2020-08-12,24.65,24.66,23.07,24.16,258549
2020-08-13,24.04,24.3,23.75,24.06,104763
2020-08-14,24.15,24.46,23.87,24.38,89722
2020-08-17,24.36,25.75,24.18,25.7,167749
2020-08-18,25.85,27.95,25.55,27.77,263749
2020-08-19,27.79,28.14,27.01,27.32,209737
2020-08-20,24.85,25.3,24.59,24.59,346153
2020-08-21,24.5,24.68,23.71,23.95,248826
2020-08-24,23.94,24.3,23.46,24.26,124707
2020-08-25,24.01,24.47,23.58,23.66,124437
2020-08-26,23.81,23.85,23.0,23.29,105379
2020-08-27,23.47,23.5,22.98,23.38,78695
2020-08-28,23.39,23.75,23.1,23.73,80656
2020-08-31,23.76,24.85,23.76,24.31,154972
2020-09-01,24.31,24.44,24.04,24.2,89328
2020-09-02,24.1,24.3,23.56,23.73,92215
2020-09-03,23.56,23.6,23.05,23.18,82393
2020-09-04,23.0,23.27,22.56,23.25,57583
2020-09-07,23.28,23.64,22.64,22.67,81693
2020-09-08,22.65,22.87,22.21,22.74,74552
2020-09-09,22.48,22.58,21.52,21.7,101696
2020-09-10,21.95,22.08,21.02,21.1,77572
2020-09-11,21.15,21.78,21.1,21.7,71553
2020-09-14,21.9,22.17,21.25,21.46,80085
2020-09-15,21.59,21.87,21.39,21.83,70197
2020-09-16,21.54,21.85,21.32,21.71,49074
2020-09-17,21.78,21.78,21.11,21.46,67563
2020-09-18,21.43,22.6,21.43,22.59,137056
2020-09-21,22.57,22.86,22.33,22.33,98377
2020-09-22,21.94,22.57,21.64,21.88,83353
2020-09-23,21.93,22.8,21.93,22.16,84469
2020-09-24,21.86,21.87,21.18,21.27,91564
2020-09-25,21.47,21.5,21.03,21.34,49901
2020-09-28,21.41,22.88,21.32,22.63,168177
2020-09-29,22.7,22.78,22.22,22.26,99473
2020-09-30,22.31,22.48,21.71,21.79,76125
2020-10-09,22.19,23.23,22.19,23.03,142960
2020-10-12,23.6,23.88,23.15,23.74,179938
2020-10-13,23.66,24.12,23.3,23.93,121506
2020-10-14,23.67,24.25,23.45,23.55,115713
2020-10-15,23.84,23.98,23.5,23.9,87718
2020-10-16,23.78,23.96,23.26,23.4,70750
2020-10-19,23.4,23.69,23.12,23.2,53027
2020-10-20,23.09,23.42,22.72,23.4,57249
2020-10-21,23.46,23.67,22.89,23.09,54931
2020-10-22,22.9,23.08,22.62,22.9,44862
2020-10-23,23.05,23.08,21.8,21.84,84366
2020-10-26,21.84,21.84,21.32,21.49,57458
2020-10-27,21.5,22.05,21.41,22.04,46011
2020-10-28,22.11,22.78,21.79,22.78,83228
2020-10-29,22.0,22.28,21.77,22.11,113867
2020-10-30,22.08,22.21,21.25,21.3,89892
2020-11-02,21.3,21.6,21.13,21.42,57139
2020-11-03,21.6,22.55,21.55,22.28,94860
2020-11-04,22.37,22.69,22.01,22.52,84673
2020-11-05,22.7,22.81,22.2,22.52,75007
2020-11-06,22.69,23.1,22.35,22.5,94607
2020-11-09,22.67,23.59,22.55,23.39,140111
2020-11-10,23.1,23.14,22.51,22.81,99930
2020-11-11,22.89,23.0,22.36,22.39,71070
2020-11-12,22.45,22.71,22.15,22.36,52277
2020-11-13,22.49,23.79,22.37,23.39,173131
2020-11-16,23.7,25.1,23.5,24.9,297316
2020-11-17,24.81,25.05,24.06,24.38,205256
2020-11-18,24.98,25.9,24.59,24.99,292770
2020-11-19,25.5,25.74,24.76,25.43,202509
2020-11-20,25.11,25.34,24.25,25.27,228466
2020-11-23,25.1,26.37,25.1,26.16,268618
2020-11-24,25.78,26.99,25.45,26.71,245024
2020-11-25,26.69,27.5,26.0,26.01,235662
2020-11-26,25.99,26.19,25.21,25.6,142688
2020-11-27,25.71,25.79,24.52,25.01,144530
2020-11-30,25.01,25.92,24.8,25.1,149087
2020-12-01,25.2,25.45,24.54,25.36,119497
2020-12-02,25.45,25.9,25.27,25.28,119901
2020-12-03,25.28,25.28,24.64,24.79,84727
2020-12-04,24.69,25.49,24.68,25.3,80151
2020-12-07,25.56,26.68,25.56,26.12,188397
2020-12-08,26.06,26.29,25.65,25.93,106012
2020-12-09,25.77,26.64,25.75,25.94,156426
2020-12-10,25.95,25.95,24.79,24.8,154479
2020-12-11,25.1,25.26,23.66,23.92,145466
2020-12-14,23.6,24.03,23.22,23.88,70235
2020-12-15,23.77,23.83,23.36,23.75,61003
2020-12-16,23.86,24.33,23.6,23.97,70231
2020-12-17,23.7,24.89,23.56,24.81,101807
2020-12-18,24.9,25.0,24.41,24.7,87205
2020-12-21,24.72,25.74,24.5,25.63,136694
2020-12-22,25.59,25.65,24.35,24.47,135337
2020-12-23,24.45,26.7,24.43,26.48,253862
2020-12-24,26.48,26.73,25.98,26.49,150521
2020-12-25,26.2,27.53,25.98,27.32,213506
2020-12-28,27.3,27.49,26.35,26.66,162572
2020-12-29,26.35,26.44,25.37,25.85,135899
2020-12-30,25.8,26.28,25.62,25.85,97735
2020-12-31,25.76,26.16,25.51,25.75,104118
2021-01-04,25.98,27.14,25.74,26.97,184327
2021-01-05,26.79,26.99,26.05,26.53,154422
2021-01-06,26.74,27.2,25.48,25.62,157046
2021-01-07,25.34,26.09,24.93,25.6,165011
2021-01-08,25.78,25.8,24.4,25.1,119871
2021-01-11,24.68,24.79,23.0,23.24,164250
2021-01-12,23.45,23.83,23.07,23.65,88746
2021-01-13,23.85,24.3,23.5,23.71,89565
2021-01-14,23.69,23.69,22.6,22.9,98986
2021-01-15,22.9,23.27,22.5,22.92,80269
2021-01-18,22.91,23.48,22.63,23.38,70156
2021-01-19,23.29,23.4,22.88,22.94,54707
2021-01-20,22.9,23.48,22.75,23.38,58152
2021-01-21,23.45,24.2,23.19,23.62,112643
2021-01-22,23.62,24.85,23.6,24.55,147161
2021-01-25,24.44,24.65,23.78,23.9,98977
2021-01-26,23.75,23.75,22.7,23.07,99299
2021-01-27,23.07,23.15,22.54,22.87,49330
2021-01-28,21.41,22.28,21.36,21.73,81901
2021-01-29,21.81,22.2,21.43,21.63,55878
2021-02-01,21.84,22.28,21.69,22.19,50120
2021-02-02,22.4,22.41,21.8,22.14,46600
2021-02-03,21.77,22.03,21.32,21.4,55732
2021-02-04,21.29,21.35,19.79,20.68,102975
2021-02-05,20.66,20.78,20.02,20.07,43226
2021-02-08,20.07,20.38,19.71,20.19,35150
2021-02-09,20.22,21.36,20.2,21.27,58329
2021-02-10,21.3,22.1,21.22,22.0,74631
2021-02-18,23.3,24.2,23.0,24.06,200223
2021-02-19,23.79,24.47,23.42,24.33,157143
2021-02-22,24.5,26.32,24.5,25.19,252769
2021-02-23,25.0,25.43,24.42,24.75,146445
2021-02-24,24.7,25.08,23.63,24.0,135807
2021-02-25,24.53,24.66,23.15,23.32,88782
2021-02-26,22.62,22.85,22.29,22.4,89349
2021-03-01,22.5,22.92,22.34,22.92,79296
2021-03-02,22.83,22.83,22.3,22.46,59414
2021-03-03,22.5,23.23,22.49,23.16,78655
2021-03-04,22.81,22.97,22.55,22.69,57038
2021-03-05,22.18,22.72,21.85,22.58,58866
2021-03-08,22.81,23.17,22.49,22.55,57605
2021-03-09,22.32,22.5,21.0,21.27,75687
2021-03-10,21.55,21.66,20.88,20.94,39363
2021-03-11,21.18,22.02,20.96,22.02,52822
2021-03-12,22.09,22.1,21.63,21.84,37552
2021-03-15,21.83,22.16,21.62,21.84,33323
2021-03-16,22.01,22.04,21.4,21.59,33356
2021-03-17,21.65,21.83,21.3,21.59,27359
2021-03-18,21.8,22.12,21.5,21.57,41662
2021-03-19,21.26,21.84,21.15,21.46,33111
2021-03-22,21.15,21.74,21.1,21.61,32381
2021-03-23,21.41,21.58,21.14,21.17,40182
2021-03-24,21.11,21.28,21.03,21.1,31063
2021-03-25,21.07,21.23,20.89,20.96,28445
2021-03-26,21.07,21.37,21.0,21.23,30048
2021-03-29,21.52,21.6,21.17,21.26,31469
2021-03-30,21.18,21.38,20.89,21.38,36401
2021-03-31,21.29,21.29,21.0,21.07,22818
2021-04-01,21.09,21.24,21.01,21.15,23713
2021-04-02,21.26,21.38,21.08,21.35,33077
2021-04-06,21.52,22.11,21.42,22.1,73926
2021-04-07,22.0,22.02,21.73,21.93,46909
2021-04-08,21.94,22.41,21.92,22.18,61000
2021-04-09,22.22,22.39,21.87,22.06,47541
2021-04-12,22.1,22.12,21.45,21.46,45911
2021-04-13,21.42,21.49,21.0,21.12,29891
2021-04-14,21.29,21.35,21.04,21.33,28211
2021-04-15,21.7,21.95,21.24,21.84,47561
2021-04-16,21.98,22.17,21.71,21.85,42681
2021-04-19,21.9,22.66,21.75,22.5,71051
2021-04-20,22.33,22.54,22.31,22.36,46277
2021-04-21,22.24,22.43,21.95,22.33,32446
2021-04-22,22.48,23.5,22.4,23.43,121648
2021-04-23,23.33,24.01,23.2,23.83,105181
2021-04-26,24.33,26.08,24.32,25.24,220593
2021-04-27,25.24,25.5,24.41,25.33,121997
2021-04-28,25.2,25.88,24.58,24.99,123966
2021-04-29,25.33,26.02,25.1,25.55,124544
2021-04-30,25.39,25.68,25.18,25.43,71790
2021-05-06,25.8,26.37,25.23,26.33,153799
2021-05-07,26.35,26.44,25.39,25.4,102403
2021-05-10,25.69,26.37,25.47,26.0,84597
2021-05-11,25.38,26.0,24.02,25.58,112954
2021-05-12,25.64,25.97,25.3,25.58,55865
2021-05-13,25.26,25.65,24.78,25.56,77089
2021-05-14,25.5,25.85,24.9,25.74,67498
2021-05-17,25.7,25.97,25.2,25.38,50965
2021-05-18,25.64,26.18,25.35,25.94,85326
2021-05-19,25.88,26.03,25.1,25.97,71486
2021-05-20,25.4,27.73,25.31,25.81,161958
2021-05-21,26.09,26.2,24.45,25.9,138398
2021-05-24,26.39,28.49,26.39,28.49,185502
2021-05-25,30.07,30.75,29.35,30.3,305918
2021-05-26,30.52,30.69,29.68,29.97,147556
2021-05-27,30.1,31.31,30.0,31.28,161453
2021-05-28,31.16,31.68,30.52,31.36,140975
2021-05-31,31.9,32.32,30.95,31.7,141025
2021-06-01,30.81,31.3,30.32,30.82,156866
2021-06-02,30.99,31.37,30.4,30.68,86279
2021-06-03,30.68,33.75,30.31,33.75,209501
2021-06-04,33.3,34.5,32.3,33.61,170549
2021-06-07,33.44,34.17,32.9,33.75,147855
2021-06-08,33.57,34.52,32.18,32.3,135426
2021-06-09,32.53,33.09,31.7,32.19,80063
2021-06-10,31.9,32.13,31.4,31.95,88648
2021-06-11,31.95,33.18,30.99,32.35,112633
2021-06-15,32.65,33.12,31.42,31.55,80863
2021-06-16,31.49,31.95,29.99,29.99,81488
2021-06-17,29.99,30.85,29.75,30.17,62035
2021-06-18,29.91,30.45,29.45,30.25,76495
2021-06-21,23.45,23.5,22.96,23.09,78244
2021-06-22,23.7,24.25,22.4,22.92,204617
2021-06-23,22.6,22.99,21.85,22.92,178042
2021-06-24,22.92,24.0,22.18,23.13,206215
2021-06-25,23.01,23.77,22.58,23.06,133897
2021-06-28,22.82,24.03,22.55,23.85,165498
2021-06-29,23.7,24.09,23.08,23.17,101374
2021-06-30,23.04,24.67,22.83,24.6,181165
2021-07-01,24.43,24.5,23.7,23.86,119448
2021-07-02,23.79,24.26,23.28,23.65,90676
2021-07-05,23.41,24.28,23.31,24.03,106252
2021-07-06,24.24,24.3,23.47,24.16,97276
2021-07-07,23.91,25.27,23.72,25.19,181205
2021-07-08,24.98,26.03,24.76,24.79,168755
2021-07-09,24.8,26.43,24.72,26.22,202913
2021-07-12,26.23,27.3,26.23,26.32,194109
2021-07-13,26.41,26.62,25.69,26.61,124285
2021-07-14,26.51,26.52,25.33,25.37,127848
2021-07-15,25.47,26.11,25.03,25.45,102951
2021-07-16,25.61,26.42,25.31,25.67,128170
2021-07-19,25.67,27.75,25.56,27.23,194898
2021-07-20,26.78,27.47,26.32,27.47,156757
2021-07-21,27.47,30.1,27.28,29.96,242465
2021-07-22,30.01,30.58,29.25,30.14,192025
2021-07-23,29.7,31.8,29.57,29.92,182118
2021-07-26,29.83,30.68,28.38,29.55,204501
2021-07-27,29.65,30.18,26.6,26.66,266465
2021-07-28,26.6,26.6,23.99,26.3,237952
2021-07-29,26.75,28.38,26.72,28.33,198129
2021-07-30,28.11,28.47,27.13,27.61,140076
2021-08-02,27.48,27.98,26.96,27.54,185976
2021-08-03,27.54,27.54,25.88,26.23,158512
2021-08-04,26.12,27.71,26.1,27.46,157328
2021-08-05,27.35,27.35,26.46,26.61,91571
2021-08-06,26.99,29.12,26.76,28.55,214774
2021-08-09,28.6,29.18,27.65,28.15,145256
2021-08-10,28.14,28.48,27.13,27.62,126733
2021-08-11,27.91,28.48,27.2,28.28,162728
2021-08-12,28.67,30.48,28.62,28.75,225961
2021-08-13,29.31,29.88,28.68,29.68,210567
2021-08-16,29.68,29.8,28.32,29.13,177455
2021-08-17,29.74,30.85,29.05,29.35,287762
2021-08-18,29.11,30.45,27.63,27.9,256024
2021-08-19,27.85,28.3,26.29,27.94,179154
2021-08-20,27.8,27.8,26.58,27.0,120502
2021-08-23,27.35,29.7,27.06,29.7,256970
2021-08-24,29.77,30.45,29.21,29.63,220749
2021-08-25,29.1,29.1,27.27,28.68,309262
2021-08-26,28.42,30.93,28.13,30.43,324279
2021-08-27,30.68,31.8,30.11,30.42,279647
2021-08-30,31.0,31.6,29.88,30.23,234230
2021-08-31,30.38,30.8,29.13,30.55,189058
2021-09-01,30.9,31.79,28.51,28.81,254206
2021-09-02,28.3,29.3,28.28,28.92,144659
2021-09-03,28.86,29.44,27.62,27.96,146604
2021-09-06,27.66,28.21,26.87,28.2,128017
2021-09-07,27.91,28.51,27.65,28.15,110601
2021-09-08,27.93,28.29,27.58,27.79,114528
2021-09-09,27.6,28.48,27.51,28.24,104974
2021-09-10,28.1,28.36,27.3,27.51,162938
2021-09-13,27.52,28.55,26.93,28.53,180601
2021-09-14,28.0,28.2,27.35,27.51,118347
2021-09-15,27.51,27.67,26.6,26.84,125532
2021-09-16,26.85,27.3,25.66,25.73,132733
2021-09-17,25.75,25.9,24.79,25.25,112041
2021-09-22,24.75,25.45,24.46,25.43,69200
2021-09-23,25.97,25.98,24.88,24.92,80171
2021-09-24,24.9,25.13,23.96,24.0,81344
2021-09-27,23.99,23.99,22.8,23.39,114693
2021-09-28,23.38,23.8,22.88,22.91,102505
2021-09-29,22.79,23.14,22.52,22.56,70574
2021-09-30,22.58,22.98,22.41,22.58,97206
2021-10-08,22.81,22.98,22.52,22.6,59176
2021-10-11,22.23,23.1,22.17,22.55,119973
2021-10-12,22.5,22.56,21.2,21.65,111721
2021-10-13,21.65,22.15,21.51,22.12,58444
2021-10-14,22.12,22.66,22.08,22.38,77971
2021-10-15,22.4,22.6,21.93,22.46,82574
2021-10-18,22.48,22.95,22.28,22.9,88251
2021-10-19,22.85,23.3,22.52,23.14,83298
2021-10-20,22.48,22.48,21.29,21.99,161268
2021-10-21,22.0,23.89,22.0,23.14,188456
2021-10-22,22.98,23.55,22.25,22.87,129239
2021-10-25,22.43,22.97,22.4,22.76,88483
2021-10-26,23.0,24.53,22.8,23.94,238610
2021-10-27,24.0,24.26,23.46,23.56,106184
2021-10-28,23.5,23.53,22.5,22.57,89000
2021-10-29,22.65,22.88,22.36,22.8,45103
2021-11-01,22.96,24.42,22.86,23.94,157838
2021-11-02,24.11,24.66,23.58,23.65,134472
2021-11-03,23.59,24.53,23.4,24.15,81406
2021-11-04,24.17,24.33,23.8,24.3,65717
2021-11-05,24.08,24.56,23.7,23.86,84127
2021-11-08,24.15,25.25,24.07,24.87,144862
2021-11-09,24.8,25.35,24.7,25.25,92899
2021-11-10,25.1,25.2,24.07,24.62,102769
2021-11-11,24.59,24.79,24.25,24.25,68752
2021-11-12,24.47,24.47,23.86,24.27,83149
2021-11-15,24.19,24.46,23.83,24.29,47947
2021-11-16,24.29,24.41,23.86,23.87,49788
2021-11-17,23.78,24.26,23.7,24.14,38590
2021-11-18,24.31,25.15,24.3,24.61,109958
2021-11-19,24.4,25.95,24.36,25.78,170676
2021-11-22,26.0,27.11,25.68,26.42,173177
2021-11-23,26.43,27.1,26.16,26.23,140385
2021-11-24,26.19,26.81,26.0,26.59,98257
2021-11-25,26.56,26.78,26.32,26.4,69633
2021-11-26,26.35,26.66,26.12,26.31,74683
2021-11-29,25.75,26.25,25.48,25.7,113972
2021-11-30,25.88,26.41,25.74,26.38,113612
2021-12-01,26.28,27.66,25.9,27.54,206281
2021-12-02,27.33,28.07,27.18,27.59,170590
2021-12-03,27.46,27.81,27.1,27.74,89385
2021-12-06,28.0,28.3,27.37,27.42,99971
2021-12-07,27.54,27.68,26.47,26.94,102492
2021-12-08,26.94,27.37,26.61,26.7,81669
2021-12-09,26.69,26.8,26.05,26.14,103449
2021-12-10,26.08,26.44,25.6,26.18,80459
2021-12-13,26.2,26.28,25.15,25.79,100774
2021-12-14,25.8,25.8,25.29,25.57,67354
2021-12-15,25.55,26.18,25.4,25.6,69706
2021-12-16,25.61,26.15,25.53,26.06,67566
2021-12-17,25.96,26.24,25.33,25.34,77629
2021-12-20,25.2,25.68,24.51,24.54,81366
2021-12-21,24.5,24.88,24.34,24.58,47125
2021-12-22,24.68,25.1,24.36,24.96,63067
2021-12-23,24.95,25.42,24.6,25.4,66291
2021-12-24,25.23,25.86,25.19,25.59,84226
2021-12-27,25.6,26.0,25.1,25.73,72643
2021-12-28,25.73,25.94,25.33,25.49,43175
2021-12-29,25.43,25.89,25.19,25.35,43544
2021-12-30,25.3,25.64,25.1,25.28,52469
2021-12-31,25.26,25.73,24.75,25.45,83781
2022-01-04,25.41,25.56,24.41,24.83,69164
2022-01-05,24.8,24.8,23.66,23.78,69816
2022-01-06,23.76,24.08,23.38,23.84,40361
2022-01-07,23.9,23.96,22.86,22.86,86290
2022-01-10,22.86,23.55,22.86,23.32,44072
2022-01-11,23.49,23.72,23.14,23.16,45206
2022-01-12,23.33,24.09,23.33,23.97,68157
2022-01-13,24.38,24.53,23.84,23.87,63043
2022-01-14,23.68,24.0,23.56,23.56,38636
2022-01-17,23.4,23.89,23.4,23.79,36560
2022-01-18,23.75,24.62,23.65,24.4,55121
2022-01-19,24.37,24.66,24.05,24.44,51878
2022-01-20,24.44,25.1,24.42,24.87,69581
2022-01-21,24.86,25.27,24.52,24.68,55712
2022-01-24,24.49,24.98,24.11,24.78,42590
2022-01-25,24.78,24.95,23.85,23.95,38352
2022-01-26,24.45,24.47,23.78,24.37,38875
2022-01-27,24.38,24.55,23.83,23.86,27561
2022-01-28,23.86,24.12,22.6,23.1,50147
2022-02-07,23.38,24.49,23.38,24.42,52758
2022-02-08,24.36,25.04,24.02,24.96,62011
2022-02-09,24.97,25.1,24.75,24.84,49380
2022-02-10,24.93,25.0,24.64,24.69,41792
2022-02-11,24.56,24.87,24.39,24.43,35751
2022-02-14,24.77,25.08,24.6,24.74,47241
2022-02-15,24.61,25.14,24.61,25.07,57250
2022-02-16,25.16,25.22,24.73,24.78,49753
2022-02-17,24.84,24.89,24.5,24.76,34067
2022-02-18,24.73,25.15,24.58,24.97,47143
2022-02-21,24.8,25.13,24.77,24.89,38214
2022-02-22,25.05,25.68,24.81,25.5,87596
2022-02-23,25.7,26.17,25.42,26.02,83858
2022-02-24,26.2,26.96,25.78,26.35,155885
2022-02-25,26.5,26.68,26.0,26.3,91476
2022-02-28,26.76,26.82,26.04,26.5,74508
2022-03-01,26.38,26.38,25.52,25.77,69578
2022-03-02,26.0,26.5,25.73,26.18,59802
2022-03-03,26.18,26.38,25.44,25.6,53154
2022-03-04,26.1,26.3,24.9,25.1,69209
2022-03-07,25.48,25.64,24.4,24.5,65737
2022-03-08,25.55,25.55,23.5,24.89,113094
2022-03-09,24.26,24.38,22.4,23.32,116150
2022-03-10,23.4,23.75,22.96,23.72,82896
2022-03-11,23.11,23.5,22.6,23.23,52786
2022-03-14,22.98,23.14,22.22,22.22,50375
2022-03-15,22.0,22.08,20.75,21.05,70603
2022-03-16,21.35,21.5,20.05,21.38,50747
2022-03-17,21.38,22.21,21.36,21.57,59382
2022-03-18,21.48,21.65,21.25,21.62,37614
2022-03-21,21.8,21.97,21.4,21.79,33347
2022-03-22,21.6,21.83,21.41,21.48,41085
2022-03-23,21.88,22.42,21.81,22.01,57200
2022-03-24,22.09,22.16,21.64,21.72,33063
2022-03-25,21.64,21.87,21.19,21.3,38821
2022-03-28,21.18,21.18,20.52,20.84,36482
2022-03-29,20.85,20.97,20.28,20.46,47542
2022-03-30,20.58,20.95,20.41,20.84,34003
2022-03-31,21.0,21.0,20.4,20.4,35892
2022-04-01,20.4,20.47,20.11,20.37,34941
2022-04-06,20.45,20.78,20.31,20.71,28293
2022-04-07,20.6,20.74,20.4,20.4,21769
2022-04-08,20.46,20.58,20.07,20.45,25439
2022-04-11,20.75,20.78,19.09,19.43,69821
2022-04-12,19.19,19.55,18.71,19.51,42964
2022-04-13,19.38,20.18,19.13,19.86,41008
2022-04-14,20.05,20.11,19.69,19.9,26377
2022-04-15,19.0,19.0,17.91,17.93,134969
2022-04-18,17.7,17.77,16.81,17.5,88453
2022-04-19,17.68,18.33,17.56,18.04,57236
2022-04-20,18.07,18.28,17.41,17.5,42510
2022-04-21,17.26,17.57,16.52,16.68,53278
2022-04-22,16.74,16.81,16.27,16.57,32971
2022-04-25,16.38,16.4,15.1,15.17,88597
2022-04-26,15.15,15.45,14.5,14.6,65526
2022-04-27,14.5,15.52,14.24,15.47,86127
2022-04-28,15.33,16.28,15.31,15.6,79342
2022-04-29,15.75,16.58,15.73,16.39,86574
2022-05-05,16.5,17.09,16.5,16.95,53326
2022-05-06,16.55,16.78,16.26,16.48,41476
2022-05-09,16.48,16.76,16.3,16.62,31539
2022-05-10,16.3,16.86,16.21,16.8,47868
2022-05-11,16.83,17.4,16.7,16.9,53999
2022-05-12,16.88,17.25,16.73,17.04,47779
2022-05-13,17.18,17.28,16.88,17.04,38525
2022-05-16,17.14,17.47,16.9,17.02,46465
2022-05-17,17.0,17.31,17.0,17.13,53668
2022-05-18,17.15,17.49,17.06,17.37,47074
2022-05-19,17.1,17.42,16.93,17.4,58487
2022-05-20,17.5,18.18,17.5,18.17,69302
2022-05-23,18.1,18.35,17.91,18.16,65414
2022-05-24,18.17,18.24,17.33,17.33,76143
2022-05-25,17.33,17.68,17.27,17.43,41885
2022-05-26,17.5,17.51,16.81,17.32,57325
2022-05-27,17.38,17.65,17.11,17.2,55248
2022-05-30,17.21,17.41,17.07,17.33,46012
2022-05-31,17.35,17.56,17.1,17.53,61739
2022-06-01,17.52,17.55,17.27,17.4,44775
2022-06-02,17.42,18.07,17.37,17.99,74593
2022-06-06,18.06,18.72,18.06,18.66,90951
2022-06-07,18.86,18.88,18.16,18.28,91292
2022-06-08,18.25,18.38,17.6,18.08,93150
2022-06-09,18.11,18.18,17.58,17.78,64617
2022-06-10,17.65,18.25,17.53,18.21,85916
2022-06-13,18.21,18.68,18.07,18.51,119074
2022-06-14,18.28,18.35,17.41,18.24,116490
2022-06-15,18.37,18.37,17.91,18.11,107932
2022-06-16,18.14,18.48,18.1,18.28,90417
2022-06-17,18.3,18.76,18.2,18.68,118922
2022-06-20,18.65,18.74,18.19,18.21,130188
2022-06-21,18.17,18.17,17.25,17.41,166733
2022-06-22,17.45,17.55,17.12,17.25,86753
2022-06-23,17.2,17.6,16.74,17.57,116401
2022-06-24,17.85,18.33,17.38,18.32,163896
2022-06-27,18.31,18.96,18.22,18.61,176543
2022-06-28,18.8,18.99,18.63,18.73,149565
2022-06-29,18.8,18.8,17.95,17.95,141112
2022-06-30,17.97,18.3,17.88,18.11,81941
2022-07-01,18.18,18.19,17.76,17.84,75391
2022-07-04,17.67,17.9,17.49,17.83,59684
2022-07-05,17.86,18.18,17.66,18.12,111419
2022-07-06,17.9,17.91,16.99,17.14,160093
2022-07-07,17.0,17.9,16.86,17.76,121736
2022-07-08,17.81,17.89,17.25,17.25,71845
2022-07-11,17.08,17.24,16.4,16.57,114504
2022-07-12,16.58,16.76,16.26,16.29,71743
2022-07-13,16.26,16.41,16.12,16.36,52128
2022-07-14,16.35,16.85,16.23,16.72,70350
2022-07-15,16.58,16.78,16.37,16.43,49713
2022-07-18,16.51,16.88,16.47,16.86,60831
2022-07-19,16.85,17.06,16.66,16.94,48346
2022-07-20,16.96,17.07,16.82,17.05,53805
2022-07-21,17.0,17.2,16.82,16.93,60214
2022-07-22,17.0,17.22,16.69,16.93,62206
2022-07-25,16.93,17.25,16.6,16.67,72899
2022-07-26,16.69,17.01,16.55,16.99,51466
2022-07-27,17.01,17.15,16.87,17.03,47051
2022-07-28,17.1,17.37,17.03,17.26,79274
2022-07-29,17.23,17.55,17.15,17.44,84991
2022-08-01,17.51,17.59,17.28,17.44,57140
2022-08-02,17.2,17.34,16.46,16.81,104186
2022-08-03,16.92,17.45,16.9,17.05,92583
2022-08-04,17.25,17.29,16.7,17.01,69812
2022-08-05,17.11,17.53,17.0,17.5,106304
2022-08-08,17.4,17.69,17.27,17.67,72057
2022-08-09,17.62,17.73,17.57,17.66,64160
2022-08-10,17.66,18.02,17.58,17.72,79860
2022-08-11,17.75,17.9,17.65,17.89,72724
2022-08-12,17.9,18.0,17.62,17.66,69655
2022-08-15,17.58,18.0,17.51,17.98,82823
2022-08-16,17.98,18.0,17.67,17.74,65262
2022-08-17,17.74,17.8,17.29,17.51,71522
2022-08-18,17.57,17.57,17.29,17.4,54916
2022-08-19,17.35,17.47,16.97,17.0,76531
2022-08-22,16.97,17.31,16.64,17.29,67074
2022-08-23,17.2,17.38,17.16,17.26,44079
2022-08-24,17.25,17.35,16.45,16.52,100480
2022-08-25,16.52,16.59,16.13,16.33,88591
2022-08-26,16.34,16.9,16.33,16.62,80338
2022-08-29,16.35,16.66,16.23,16.6,44853
2022-08-30,16.5,16.74,16.28,16.7,54943
2022-08-31,16.63,16.63,16.13,16.16,76875
2022-09-01,16.2,16.29,15.5,15.62,104740
2022-09-02,15.6,15.71,15.52,15.65,47187
2022-09-05,15.64,16.0,15.52,15.86,42532
2022-09-06,15.97,17.23,15.91,16.94,153698
2022-09-07,16.97,17.19,16.8,17.15,87029
2022-09-08,17.14,17.2,16.89,16.95,49142
2022-09-09,16.97,17.15,16.75,16.95,44199
2022-09-13,16.97,17.21,16.78,16.82,44651
2022-09-14,16.61,16.84,16.41,16.49,49635
2022-09-15,16.73,16.78,15.85,16.1,90823
2022-09-16,16.1,16.15,15.56,15.58,55128
2022-09-19,15.54,15.65,15.18,15.32,50871
2022-09-20,15.38,16.14,15.38,15.74,57639
2022-09-21,15.74,15.96,15.52,15.87,33457
2022-09-22,15.79,16.25,15.72,15.96,42390
2022-09-23,15.9,16.07,15.46,15.63,36459
2022-09-26,15.48,15.55,14.9,15.0,51771
2022-09-27,15.0,15.22,14.77,15.01,40775
2022-09-28,14.99,14.99,14.35,14.35,55591
2022-09-29,14.49,14.66,14.2,14.3,34409
2022-09-30,14.32,14.46,14.18,14.33,29649
2022-10-10,14.4,14.42,13.83,13.98,37765
2022-10-11,13.94,14.16,13.91,14.1,24777
2022-10-12,14.0,14.37,13.78,14.35,39377
2022-10-13,14.29,14.53,14.23,14.41,34435
2022-10-14,14.44,14.79,14.44,14.7,34082
2022-10-17,14.59,14.84,14.58,14.77,31776
2022-10-18,14.74,14.89,14.7,14.78,33949
2022-10-19,14.78,14.83,14.53,14.53,28242
2022-10-20,14.51,14.69,14.17,14.45,39368
2022-10-21,14.55,14.66,14.33,14.37,24001
2022-10-24,14.4,14.84,14.18,14.27,39320
2022-10-25,14.2,14.44,13.88,14.17,32342
2022-10-26,14.29,14.73,14.19,14.65,43856
2022-10-27,14.99,15.89,14.99,15.4,117769
2022-10-28,15.24,15.48,15.02,15.11,79073
2022-10-31,14.95,15.31,14.75,15.03,48160
2022-11-01,15.03,15.6,15.03,15.55,60180
2022-11-02,15.66,15.8,15.42,15.61,52978
2022-11-03,15.42,15.77,15.41,15.66,41340
2022-11-04,15.79,16.14,15.7,16.06,58366
2022-11-07,16.06,16.41,16.04,16.29,63474
2022-11-08,16.25,16.4,16.07,16.21,41439
2022-11-09,16.35,16.49,16.27,16.27,45154
2022-11-10,16.11,16.15,15.91,16.02,53188
2022-11-11,16.7,16.91,16.16,16.18,65139
2022-11-14,16.29,16.38,15.85,15.95,48658
2022-11-15,16.01,16.29,15.78,16.25,46247
2022-11-16,16.28,16.29,16.1,16.13,28407
2022-11-17,16.13,16.13,15.79,15.96,37880
2022-11-18,15.91,15.99,15.7,15.77,32652
2022-11-21,15.67,16.01,15.5,15.89,37285
2022-11-22,15.85,15.97,15.74,15.88,34725
2022-11-23,15.83,15.92,15.56,15.7,26638
2022-11-24,15.78,15.93,15.71,15.85,25058
2022-11-25,15.82,16.0,15.7,15.9,29424
2022-11-28,15.6,15.88,15.36,15.8,48408
2022-11-29,15.8,16.12,15.79,16.08,46269
2022-11-30,16.17,16.24,15.94,15.98,39155
2022-12-01,16.13,16.33,16.05,16.1,43253
2022-12-02,16.17,16.28,15.95,16.05,36954
2022-12-05,16.15,16.5,16.05,16.5,69506
2022-12-06,16.41,16.47,16.21,16.35,43605
2022-12-07,16.26,16.39,16.15,16.2,33531
2022-12-08,16.2,16.31,16.05,16.17,36402
2022-12-09,15.7,15.85,14.86,15.09,243132
2022-12-12,15.13,15.55,15.13,15.34,125982
2022-12-13,15.35,15.65,15.12,15.36,111770
2022-12-14,0.0,0.0,0.0,15.36,0
2022-12-15,0.0,0.0,0.0,15.36,0
2022-12-16,0.0,0.0,0.0,15.36,0
2022-12-19,0.0,0.0,0.0,15.36,0
2022-12-20,0.0,0.0,0.0,15.36,0
2022-12-21,0.0,0.0,0.0,15.36,0
2022-12-22,13.98,14.28,13.62,13.84,120507
2022-12-23,13.64,14.04,13.63,13.93,62191
2022-12-26,13.9,14.08,13.77,14.04,40300
2022-12-27,14.13,15.44,14.06,15.44,216230
2022-12-28,15.33,15.98,15.33,15.64,186330
2022-12-29,15.64,15.71,15.39,15.58,103150
2022-12-30,15.5,15.97,15.41,15.74,88794
2023-01-03,15.87,16.25,15.55,15.7,79465
2023-01-04,15.4,15.41,15.05,15.19,118185
2023-01-05,15.1,15.54,15.1,15.45,97457
2023-01-06,15.4,15.77,15.3,15.68,97644
2023-01-09,15.75,16.16,15.7,16.03,154996
2023-01-10,15.95,16.05,15.63,15.69,75704
2023-01-11,15.8,15.85,15.57,15.58,59227
2023-01-12,15.65,15.75,15.45,15.48,47732
2023-01-13,15.48,15.73,15.32,15.52,55261
2023-01-16,15.55,15.95,15.55,15.77,78826
2023-01-17,15.85,15.86,15.5,15.59,46877
2023-01-18,15.73,15.89,15.68,15.79,59249
2023-01-19,15.75,16.0,15.66,16.0,79124
2023-01-20,16.0,16.35,15.91,16.33,140382
2023-01-30,16.46,16.6,16.18,16.25,156886
2023-01-31,16.22,16.52,16.16,16.51,106306
2023-02-01,16.59,17.46,16.46,17.25,239327
2023-02-02,17.26,17.58,17.17,17.39,162670
2023-02-03,17.26,17.38,16.78,16.97,170194
2023-02-06,16.71,16.9,16.48,16.87,120154
2023-02-07,16.87,17.21,16.81,17.03,85476
2023-02-08,17.03,17.05,16.82,16.86,79060
2023-02-09,16.84,16.98,16.76,16.95,59452
2023-02-10,16.9,16.95,16.49,16.61,82759
2023-02-13,16.62,16.75,16.45,16.54,76862
2023-02-14,16.54,17.2,16.54,17.1,152282
2023-02-15,17.0,17.48,16.92,17.01,114010
2023-02-16,17.0,17.12,16.32,16.44,121954
2023-02-17,16.51,16.95,16.5,16.62,82007
2023-02-20,16.65,17.05,16.51,16.96,98811
2023-02-21,17.0,17.32,16.94,17.15,138712
2023-02-22,17.07,17.14,16.75,16.83,84129
2023-02-23,16.89,16.94,16.76,16.91,63533
2023-02-24,16.82,16.89,16.58,16.84,59529
2023-02-27,16.74,16.82,16.45,16.57,82535
2023-02-28,16.65,16.7,16.45,16.64,46586
2023-03-01,16.64,16.71,16.56,16.7,51366
2023-03-02,16.7,16.73,16.33,16.5,86117
2023-03-03,16.5,16.67,16.4,16.55,47569
2023-03-06,16.6,16.65,16.44,16.49,42210
2023-03-07,16.49,16.66,16.24,16.29,67298
2023-03-08,16.1,16.22,16.05,16.17,39192
2023-03-09,16.28,16.46,16.14,16.21,46679
2023-03-10,16.19,16.19,15.71,15.85,71900
2023-03-13,15.81,16.07,15.77,15.99,42066
2023-03-14,16.1,16.42,15.88,15.91,86618
2023-03-15,15.9,16.13,15.88,16.01,38956
2023-03-16,15.9,15.95,15.37,15.47,61667
2023-03-17,15.55,15.71,15.53,15.58,49109
2023-03-20,15.65,16.27,15.65,16.1,85105
2023-03-21,16.11,16.13,15.97,16.08,45721
2023-03-22,16.11,16.16,15.99,16.12,46908
2023-03-23,16.13,16.4,16.03,16.19,69164
2023-03-24,16.19,16.24,15.94,16.1,62288
2023-03-27,16.12,16.42,15.97,15.97,66306
2023-03-28,15.96,16.01,15.61,15.62,71065
2023-03-29,15.66,15.7,15.52,15.7,39547
2023-03-30,15.68,15.73,15.31,15.61,67183
2023-03-31,15.65,16.29,15.61,16.19,149426
2023-04-03,16.1,16.39,16.07,16.3,73228
2023-04-04,16.34,16.5,16.15,16.36,76543
2023-04-06,16.38,16.63,16.3,16.59,112188
2023-04-07,16.5,16.64,16.46,16.59,62932
2023-04-10,16.55,16.65,16.45,16.51,57041
2023-04-11,16.53,16.65,16.35,16.61,67010
2023-04-12,16.65,16.91,16.58,16.77,69375
2023-04-13,16.69,16.83,16.23,16.41,109208
2023-04-14,16.7,17.51,16.64,17.4,317460
2023-04-17,17.28,17.5,17.14,17.4,133585
2023-04-18,17.64,18.35,17.61,17.87,204166
2023-04-19,18.02,18.3,17.77,17.88,162918
2023-04-20,17.89,18.0,17.5,17.81,116338
2023-04-21,17.8,17.95,17.27,17.3,97226
2023-04-24,17.32,17.48,17.05,17.15,85954
2023-04-25,17.28,17.44,16.44,16.81,127206
2023-04-26,16.51,17.2,16.5,16.8,104862
2023-04-27,16.7,17.08,16.41,16.87,80539
2023-04-28,16.83,16.96,16.63,16.75,73247
2023-05-04,16.95,16.95,16.57,16.62,64069
2023-05-05,16.55,16.55,15.92,16.07,98323
2023-05-08,16.07,16.31,16.05,16.19,52657
2023-05-09,16.2,16.48,16.0,16.0,69983
2023-05-10,16.06,16.21,15.95,16.07,47022
2023-05-11,16.06,16.17,15.96,16.08,45283
2023-05-12,16.0,16.01,15.35,15.44,99531
2023-05-15,15.44,15.67,15.31,15.67,51153
2023-05-16,15.95,16.33,15.63,15.71,95869
2023-05-17,15.69,16.43,15.64,16.02,121284
2023-05-18,16.0,16.08,15.84,15.9,60122
2023-05-19,15.82,15.91,15.64,15.85,48188
2023-05-22,15.83,15.98,15.74,15.95,37537
2023-05-23,15.93,15.93,15.51,15.52,68965
2023-05-24,15.51,15.52,15.16,15.38,69265
2023-05-25,15.2,15.39,15.03,15.19,57745
2023-05-26,15.13,15.25,15.0,15.23,42086
2023-05-29,15.25,15.28,14.91,15.04,59591
2023-05-30,15.03,15.08,14.8,15.01,48471
2023-05-31,15.03,15.03,14.9,14.95,35554
2023-06-01,14.96,15.09,14.8,14.96,37503
2023-06-02,14.96,15.28,14.93,15.25,56763
2023-06-05,15.28,15.29,15.1,15.15,45105
2023-06-06,15.2,15.24,14.9,14.94,54524
2023-06-07,14.9,15.07,14.83,14.89,28240
2023-06-08,14.91,15.03,14.82,14.89,36115
2023-06-09,14.99,15.16,14.95,15.11,47119
2023-06-12,15.1,15.12,14.97,15.04,35116
2023-06-13,15.03,15.15,14.98,15.11,28355
2023-06-14,15.1,15.23,15.06,15.11,28366
2023-06-15,15.12,15.25,14.95,15.23,53742
2023-06-16,15.24,15.34,15.19,15.23,57505
2023-06-19,15.22,15.25,14.96,14.98,67056
2023-06-20,15.0,15.16,14.85,15.03,48783
2023-06-21,14.94,15.1,14.68,14.7,50645
2023-06-26,14.71,14.84,14.51,14.54,40398
2023-06-27,14.57,15.04,14.57,14.97,53025
2023-06-28,15.03,15.1,14.85,15.07,43602
2023-06-29,15.0,15.18,14.95,15.08,43253
2023-06-30,15.08,15.36,15.04,15.3,63783
2023-07-03,15.3,15.49,15.3,15.43,52704
2023-07-04,15.65,15.7,15.42,15.46,53194
2023-07-05,15.23,15.62,15.21,15.54,92461
2023-07-06,15.5,15.54,15.32,15.4,59307
2023-07-07,15.4,15.4,15.09,15.3,56197
2023-07-10,15.45,15.55,15.29,15.33,44793
2023-07-11,15.32,15.42,15.25,15.39,36587
2023-07-12,15.38,15.43,15.19,15.26,40176
2023-07-13,15.43,15.58,15.35,15.42,42799
2023-07-14,15.48,15.53,15.35,15.37,48456
2023-07-17,15.35,15.44,15.13,15.35,34052
2023-07-18,15.37,15.53,15.25,15.47,34709
2023-07-19,15.48,15.61,15.35,15.43,43479
2023-07-20,15.41,15.5,15.26,15.26,39716
2023-07-21,15.25,15.39,15.15,15.19,35375
2023-07-24,15.18,15.34,15.03,15.07,32630
2023-07-25,15.21,15.47,15.18,15.41,66885
2023-07-26,15.45,15.45,15.2,15.31,31148
2023-07-27,15.31,15.4,15.03,15.09,70118
2023-07-28,15.04,15.34,14.91,15.28,52024
2023-07-31,15.3,15.57,15.29,15.41,56514
2023-08-01,15.5,15.69,15.43,15.63,79011
2023-08-02,15.71,15.75,15.52,15.64,50433
2023-08-03,15.52,15.58,15.42,15.51,40984
2023-08-04,15.53,15.69,15.51,15.57,48777
2023-08-07,15.58,15.66,15.42,15.63,64427
2023-08-08,15.6,15.68,15.45,15.65,51109
2023-08-09,15.65,15.65,15.4,15.47,48357
2023-08-10,15.46,15.51,15.13,15.29,57533
2023-08-11,15.31,15.32,14.99,15.0,59947
2023-08-14,14.91,14.93,14.62,14.88,60998
2023-08-15,14.69,14.85,14.48,14.65,72550
2023-08-16,14.6,14.7,14.5,14.54,39772
2023-08-17,14.47,14.6,14.36,14.59,37166
2023-08-18,14.57,14.64,14.22,14.28,41748
2023-08-21,14.22,14.39,14.03,14.05,58399
2023-08-22,14.2,14.27,13.96,14.21,48705
2023-08-23,14.17,14.22,13.93,13.95,35207
2023-08-24,13.95,14.24,13.94,14.1,38286
2023-08-25,14.26,14.61,14.17,14.32,78908
2023-08-28,15.0,15.42,14.8,15.07,175685
2023-08-29,14.97,15.23,14.86,15.18,74250
2023-08-30,15.15,15.35,15.12,15.17,59392
2023-08-31,15.17,15.29,14.95,14.99,43186
2023-09-01,14.97,15.14,14.95,15.08,36494
2023-09-04,15.19,15.43,15.09,15.4,66950
2023-09-05,15.38,15.47,15.29,15.41,50330
2023-09-06,15.31,15.47,15.27,15.45,41216
2023-09-07,15.5,16.0,15.45,15.47,116943
2023-09-08,15.42,15.61,15.27,15.41,58347
2023-09-11,15.43,15.71,15.38,15.57,61413
2023-09-12,15.57,15.64,15.49,15.5,33581
2023-09-13,15.56,15.56,15.28,15.39,32954
2023-09-14,15.39,15.5,15.31,15.43,52009
2023-09-15,15.52,15.69,15.43,15.59,52273
2023-09-18,15.6,15.6,15.3,15.51,47879
2023-09-19,15.45,15.57,15.38,15.47,47647
2023-09-20,15.49,15.51,15.31,15.33,34604
2023-09-21,15.25,15.38,15.1,15.17,34508
2023-09-22,15.18,15.27,15.04,15.26,41345
2023-09-25,15.21,15.25,15.05,15.06,29549
2023-09-26,15.09,15.09,14.88,14.94,25073
2023-09-27,14.9,15.03,14.84,14.89,30229
2023-09-28,14.89,15.05,14.89,15.0,23386
2023-10-09,15.0,15.13,14.83,14.96,35870
2023-10-10,15.02,15.1,14.85,14.85,31250
2023-10-11,14.85,14.92,14.7,14.73,33815
2023-10-12,14.77,14.93,14.74,14.92,31163
2023-10-13,14.79,14.82,14.66,14.76,30628
2023-10-16,14.77,15.02,14.61,14.66,31246
2023-10-17,14.67,14.75,14.62,14.67,23082
2023-10-18,14.6,14.67,14.45,14.45,25507
2023-10-19,14.4,14.57,14.34,14.41,24711
2023-10-20,14.4,14.53,14.35,14.37,26836
2023-10-23,14.25,14.34,13.92,13.97,44234
2023-10-24,14.0,14.25,14.0,14.22,36922
2023-10-25,14.34,14.65,14.25,14.35,62397
2023-10-26,14.33,14.42,14.09,14.36,51960
2023-10-27,14.46,14.68,14.35,14.68,58426
2023-10-30,14.65,14.82,14.58,14.72,71110
2023-10-31,14.72,14.74,14.47,14.6,50230
2023-11-01,14.62,14.67,14.49,14.59,46375
2023-11-02,14.63,14.66,14.41,14.44,30069
2023-11-03,14.41,14.59,14.4,14.5,46986
2023-11-06,14.59,14.8,14.56,14.78,69779
2023-11-07,14.83,14.86,14.57,14.75,49989
2023-11-08,14.68,14.72,14.48,14.54,56501
2023-11-09,14.54,14.63,14.47,14.59,37374
2023-11-10,14.53,14.63,14.47,14.52,23485
2023-11-13,14.55,14.63,14.43,14.61,42775
2023-11-14,14.6,14.64,14.55,14.59,27747
2023-11-15,14.78,15.05,14.72,14.98,100842
2023-11-16,14.93,14.98,14.72,14.77,48137
2023-11-17,14.74,14.84,14.65,14.77,36209
2023-11-20,14.77,14.84,14.67,14.83,52450
2023-11-21,14.8,14.96,14.75,14.76,42742
2023-11-22,14.83,14.84,14.59,14.62,38822
2023-11-23,14.6,14.74,14.51,14.73,35379
2023-11-24,14.72,14.73,14.48,14.5,31564
2023-11-27,14.46,14.64,14.4,14.61,28771
2023-11-28,14.57,14.63,14.43,14.62,25288
2023-11-29,14.61,14.8,14.58,14.69,45510
2023-11-30,14.63,14.68,14.35,14.41,56986
2023-12-01,14.43,14.48,14.26,14.45,37475
2023-12-04,14.51,14.69,14.5,14.54,48283
2023-12-05,14.47,14.49,14.27,14.28,40062
2023-12-06,14.25,14.51,14.2,14.37,40308
2023-12-07,14.38,14.45,14.21,14.41,33941
2023-12-08,14.38,14.48,14.18,14.19,42056
2023-12-11,14.13,14.32,13.92,14.28,38123
2023-12-12,14.25,14.3,14.2,14.29,21117
2023-12-13,14.32,14.34,14.17,14.23,38450
2023-12-14,14.35,14.4,14.18,14.25,28363
2023-12-15,14.35,14.41,14.2,14.25,30978
2023-12-18,14.2,14.22,14.03,14.06,36680
2023-12-19,14.1,14.11,13.92,14.07,35854
2023-12-20,14.14,14.14,13.92,13.92,28312
2023-12-21,13.95,14.11,13.77,14.07,48272
2023-12-22,14.02,14.28,13.88,14.14,52080
2023-12-25,14.08,14.16,14.01,14.09,28919
2023-12-26,14.09,14.14,13.92,14.02,24594
2023-12-27,14.03,14.1,13.89,14.08,24828
2023-12-28,14.08,14.33,14.03,14.29,52260
2023-12-29,14.29,14.38,14.25,14.36,39558
2024-01-02,14.35,14.48,14.29,14.39,41176
2024-01-03,14.33,14.44,14.28,14.38,32805
2024-01-04,14.36,14.42,14.22,14.33,26502
2024-01-05,14.3,14.42,14.22,14.28,43822
2024-01-08,14.3,14.3,13.98,13.98,37193
2024-01-09,14.02,14.26,13.92,14.06,32463
2024-01-10,14.01,14.21,13.94,14.02,21665
2024-01-11,14.01,14.19,13.87,14.11,35760
2024-01-12,14.06,14.26,14.02,14.09,26823
2024-01-15,14.09,14.13,13.92,13.97,25040
2024-01-16,13.93,14.06,13.55,13.72,56478
2024-01-17,13.73,13.77,13.37,13.37,42680
2024-01-18,13.3,13.37,12.79,13.23,76249
2024-01-19,13.13,13.46,13.05,13.39,48773
2024-01-22,13.31,13.33,12.83,12.86,62640
2024-01-23,12.84,13.21,12.5,13.18,62109
2024-01-24,13.18,13.46,12.88,13.45,45465
2024-01-25,13.43,13.77,13.32,13.62,57263
2024-01-26,13.67,13.75,13.54,13.58,34098
2024-01-29,13.61,13.71,13.47,13.54,35754
2024-01-30,13.45,13.5,13.21,13.24,48399
2024-01-31,13.2,13.26,12.81,13.0,40308
2024-02-01,13.0,13.08,12.68,12.74,34911
2024-02-02,12.74,13.17,12.31,12.56,62020
2024-02-05,12.42,12.44,11.42,11.86,81159
2024-02-06,11.72,12.93,11.68,12.82,75452
2024-02-07,12.86,13.66,12.84,13.62,86475
2024-02-08,13.67,14.1,13.63,13.71,90628
2024-02-19,13.71,13.86,13.4,13.55,60519
2024-02-20,13.48,13.56,13.29,13.52,37082
2024-02-21,13.45,13.86,13.33,13.51,52063
2024-02-22,13.5,13.61,13.38,13.57,35644
2024-02-23,13.56,13.59,13.42,13.58,36717
2024-02-26,13.59,13.75,13.53,13.55,45883
2024-02-27,13.56,13.69,13.47,13.68,46990
2024-02-28,13.7,14.24,13.59,13.59,109687
2024-02-29,13.52,14.07,13.38,14.07,87772
2024-03-01,14.39,14.84,14.16,14.28,116724
2024-03-04,14.22,14.35,13.87,14.01,73561
2024-03-05,13.95,14.07,13.82,14.05,53502
2024-03-06,13.98,14.18,13.88,13.99,45685
2024-03-07,14.08,14.63,14.08,14.27,112333
2024-03-08,14.42,14.54,14.12,14.31,71869
2024-03-11,14.44,14.58,14.32,14.44,73160
2024-03-12,14.44,14.46,14.11,14.21,63567
2024-03-13,14.2,14.38,14.07,14.26,50953
2024-03-14,14.35,14.57,14.21,14.31,61464
2024-03-15,14.26,15.18,14.21,15.18,208075
2024-03-18,15.11,15.35,14.98,15.12,116293
2024-03-19,15.08,15.4,15.0,15.09,99858
2024-03-20,15.0,15.07,14.81,14.98,71266
2024-03-21,15.18,15.38,14.91,15.21,91944
2024-03-22,15.16,15.21,14.78,14.93,65631
2024-03-25,14.88,15.08,14.69,14.69,73286
2024-03-26,14.66,14.77,14.31,14.51,89708
2024-03-27,14.49,14.64,14.33,14.33,63533
2024-03-28,14.3,14.66,14.29,14.5,49021
2024-03-29,14.7,14.91,14.6,14.87,68503
2024-04-01,14.97,15.25,14.92,15.06,89242
2024-04-02,15.05,15.62,15.05,15.47,145696
2024-04-03,15.6,15.99,15.55,15.76,192850
2024-04-08,15.78,16.36,15.78,15.81,253228
2024-04-09,16.15,16.29,15.8,15.96,136084
2024-04-10,16.01,16.12,15.59,15.7,142192
2024-04-11,15.43,16.09,15.29,15.74,129044
2024-04-12,15.85,16.22,15.66,16.06,137851
2024-04-15,15.76,15.83,15.15,15.52,155907
2024-04-16,15.42,15.59,14.81,14.82,105825
2024-04-17,14.96,15.28,14.84,15.27,100078
2024-04-18,15.17,15.17,14.52,14.83,179504
2024-04-19,14.79,15.32,14.76,14.92,137401
2024-04-22,14.92,15.2,14.6,14.63,100672
2024-04-23,14.46,14.59,13.95,13.99,128680
2024-04-24,14.01,14.35,13.96,14.31,79992
2024-04-25,14.21,14.45,14.08,14.28,50616
2024-04-26,14.36,14.77,14.28,14.74,86720
2024-04-29,14.94,15.57,14.94,15.48,143223
2024-04-30,15.44,15.59,14.83,14.91,119552
2024-05-06,15.14,15.3,14.9,15.29,106340
2024-05-07,15.3,15.61,15.24,15.36,97455
2024-05-08,15.31,15.33,15.0,15.07,74900
2024-05-09,15.01,15.48,15.01,15.42,82632
2024-05-10,15.58,15.82,15.3,15.51,95617
2024-05-13,15.35,15.38,15.15,15.29,65974
2024-05-14,15.35,15.51,15.26,15.31,68507
2024-05-15,15.4,15.8,15.28,15.46,133844
2024-05-16,15.68,15.75,15.2,15.26,109343
2024-05-17,15.25,15.33,14.97,15.31,85881
2024-05-20,15.68,16.09,15.57,15.99,193940
2024-05-21,15.99,16.16,15.53,15.59,141051
2024-05-22,15.57,15.7,15.3,15.39,87563
2024-05-23,15.1,15.1,14.7,14.77,122853
2024-05-24,14.7,14.84,14.67,14.69,68418
2024-05-27,14.73,14.93,14.64,14.93,59569
2024-05-28,15.03,15.47,14.98,15.07,118586
2024-05-29,15.07,15.73,15.0,15.64,153967
2024-05-30,15.56,15.81,15.2,15.26,125319
2024-05-31,15.23,15.39,15.06,15.1,80340
2024-06-03,15.11,15.11,14.43,14.64,130403
2024-06-04,14.71,15.02,14.59,14.93,77759
2024-06-05,14.72,15.02,14.63,14.83,64111
2024-06-06,14.88,15.08,14.6,14.69,80866
2024-06-07,14.8,14.92,14.48,14.62,72145
2024-06-11,14.29,14.45,14.1,14.39,65966
2024-06-12,14.33,14.52,14.28,14.43,52385
2024-06-13,14.36,14.4,14.02,14.13,70117
2024-06-14,14.02,14.2,14.0,14.17,49401
2024-06-17,14.06,14.23,13.97,14.0,49960
2024-06-18,14.0,14.25,13.96,14.2,43549
2024-06-19,14.12,14.3,14.0,14.04,57893
2024-06-20,14.03,14.16,13.8,13.85,57624
2024-06-21,13.85,14.0,13.75,13.82,39579
2024-06-24,13.7,13.7,13.32,13.38,68669
2024-06-25,13.39,13.74,13.38,13.64,54429
2024-06-26,13.54,13.75,13.37,13.72,57281
2024-06-27,13.72,13.72,13.3,13.34,55541
2024-06-28,13.33,13.66,13.33,13.51,52458
2024-07-01,13.51,13.71,13.51,13.68,72941
2024-07-02,13.63,13.71,13.43,13.51,54721
2024-07-03,13.5,13.59,13.43,13.52,35769
2024-07-04,13.4,13.56,12.94,13.03,74340
2024-07-05,13.07,13.38,12.92,13.36,65726
2024-07-08,13.38,13.43,13.09,13.15,55560
2024-07-09,13.07,13.71,12.95,13.59,102109
2024-07-10,13.42,13.72,13.26,13.32,105157
2024-07-11,13.5,13.95,13.4,13.88,123738
2024-07-12,13.93,13.99,13.57,13.68,90480
2024-07-15,13.78,13.85,13.52,13.68,57021
2024-07-16,13.61,13.76,13.56,13.67,53359
2024-07-17,13.83,13.87,13.42,13.47,75109
2024-07-18,13.31,13.49,13.19,13.45,62538
2024-07-19,13.31,13.49,13.07,13.38,51021
2024-07-22,13.35,13.38,13.11,13.17,47461
2024-07-23,13.17,13.18,12.72,12.72,80745
2024-07-24,12.7,12.82,12.62,12.7,46346
2024-07-25,12.61,12.71,12.44,12.56,39863
2024-07-26,12.56,12.91,12.54,12.89,57496
2024-07-29,12.88,12.93,12.76,12.78,29083
2024-07-30,12.76,12.88,12.63,12.86,32122
2024-07-31,12.93,13.43,12.87,13.43,87949
2024-08-01,13.48,13.52,13.2,13.3,62616
2024-08-02,13.2,13.28,13.08,13.14,41878
2024-08-05,13.05,13.22,12.82,12.83,69565
2024-08-06,12.96,13.08,12.8,12.94,42267
2024-08-07,12.87,13.11,12.79,13.05,44034
2024-08-08,12.96,13.05,12.84,13.0,30273
2024-08-09,13.13,13.2,12.93,12.94,35861
2024-08-12,12.9,13.03,12.84,12.95,32563
2024-08-13,12.98,13.06,12.9,13.02,24614
2024-08-14,13.01,13.02,12.81,12.81,32432
2024-08-15,12.81,13.02,12.71,12.88,34648
2024-08-16,12.98,12.99,12.79,12.81,32177
2024-08-19,12.79,13.07,12.79,12.94,44078
2024-08-20,13.03,13.03,12.7,12.78,40487
2024-08-21,12.72,12.85,12.69,12.71,28780
2024-08-22,12.74,12.77,12.47,12.49,35532
2024-08-23,12.46,12.59,12.38,12.54,25322
2024-08-26,12.56,12.75,12.55,12.69,29165
2024-08-27,12.62,12.62,12.0,12.1,109900
2024-08-28,12.09,12.46,12.06,12.25,72548
2024-08-29,12.18,12.39,12.09,12.3,52732
2024-08-30,12.27,12.64,12.19,12.48,70505
2024-09-02,12.4,12.44,12.06,12.08,62727
2024-09-03,12.08,12.27,12.02,12.15,35103
2024-09-04,12.08,12.17,11.93,12.05,27963
2024-09-05,12.12,12.18,12.03,12.12,29352
2024-09-06,12.17,12.17,12.0,12.01,30773
2024-09-09,12.02,12.02,11.82,11.88,33012
2024-09-10,11.95,11.97,11.66,11.85,39427
2024-09-11,11.77,11.98,11.75,11.91,30309
2024-09-12,11.94,12.05,11.88,11.94,32896
2024-09-13,12.01,12.06,11.85,11.86,28752
2024-09-18,11.84,11.95,11.73,11.93,32722
2024-09-19,11.98,12.32,11.86,12.27,65310
2024-09-20,12.25,12.31,12.18,12.27,36042
2024-09-23,12.22,12.36,12.09,12.14,45641
2024-09-24,12.21,12.52,12.19,12.49,75526
2024-09-25,12.65,12.87,12.53,12.55,84126
2024-09-26,12.53,13.04,12.52,13.02,89156
2024-09-27,13.15,13.55,13.15,13.54,106255
2024-09-30,14.01,14.76,13.86,14.65,249443
2024-10-08,16.09,16.11,14.68,15.29,308517
2024-10-09,14.9,14.9,14.16,14.22,204564
2024-10-10,14.31,14.69,14.1,14.38,131641
2024-10-11,14.45,14.46,13.64,13.8,120570
2024-10-14,13.81,14.07,13.71,14.05,77001
2024-10-15,14.0,14.01,13.63,13.65,105846
2024-10-16,13.51,13.92,13.51,13.75,83563
2024-10-17,13.76,13.88,13.53,13.55,81206
2024-10-18,13.54,14.12,13.45,13.88,131743
2024-10-21,13.98,14.24,13.92,14.05,128426
2024-10-22,14.0,14.18,13.89,14.16,113408
2024-10-23,14.22,14.4,14.1,14.35,120733
2024-10-24,14.2,14.24,13.97,14.07,105933
2024-10-25,14.11,14.39,14.07,14.3,102768
2024-10-28,14.23,14.44,14.23,14.42,98638
2024-10-29,14.41,14.46,14.07,14.15,123520
2024-10-30,14.15,14.27,13.95,14.05,121078
2024-10-31,14.05,14.29,14.01,14.19,141558
2024-11-01,14.11,14.91,14.06,14.6,359628
2024-11-04,14.75,14.85,14.37,14.63,195476
2024-11-05,14.53,15.02,14.5,14.95,239499
2024-11-06,14.97,15.11,14.81,14.88,237937
2024-11-07,14.66,14.95,14.55,14.9,205188
2024-11-08,15.1,15.15,14.66,14.7,220407
2024-11-11,14.69,15.23,14.62,15.19,268698
2024-11-12,15.1,15.34,14.86,15.0,251753
2024-11-13,14.93,15.21,14.9,15.0,143108
2024-11-14,15.0,15.0,14.44,14.49,141866
2024-11-15,14.48,14.64,14.15,14.16,112451
2024-11-18,14.23,14.39,13.99,14.06,96255
2024-11-19,14.11,14.41,14.02,14.39,96629
2024-11-20,14.38,14.47,14.3,14.43,70530
2024-11-21,14.41,14.5,14.29,14.46,74229
2024-11-22,14.4,14.49,13.91,13.93,92457
2024-11-25,14.2,14.58,13.95,14.13,126944
2024-11-26,14.05,14.2,13.95,13.98,72040
2024-11-27,13.91,14.15,13.59,14.14,97808
2024-11-28,14.05,14.13,13.95,13.99,65564
2024-11-29,13.93,14.16,13.86,14.04,97784
2024-12-02,14.05,14.2,13.98,14.19,73671
2024-12-03,14.16,14.25,14.06,14.2,76954
2024-12-04,14.25,14.29,14.0,14.03,80942
2024-12-05,14.0,14.06,13.84,14.03,67831
2024-12-06,14.03,14.25,13.9,14.16,84960
2024-12-09,14.18,14.34,14.06,14.15,76473
2024-12-10,14.4,14.49,14.17,14.19,123134
2024-12-11,14.18,14.4,14.12,14.36,89020
2024-12-12,14.32,14.5,14.27,14.47,77482
2024-12-13,14.41,14.43,14.15,14.16,89880
2024-12-16,14.2,14.23,14.12,14.17,58320
2024-12-17,14.16,14.24,14.02,14.1,63721
2024-12-18,14.12,14.18,13.98,14.01,47498
2024-12-19,13.95,14.07,13.79,14.03,60291
2024-12-20,14.02,14.07,13.95,14.0,45831
2024-12-23,14.0,14.05,13.82,13.84,48967
2024-12-24,13.84,14.05,13.84,14.04,44449
2024-12-25,14.08,14.1,13.93,14.04,49673
2024-12-26,14.04,14.1,13.93,13.95,75566
2024-12-27,13.94,14.18,13.92,14.11,65181
2024-12-30,14.06,14.11,14.01,14.07,39216
2024-12-31,14.05,14.1,13.71,13.73,71462
2025-01-02,13.78,13.89,13.38,13.45,65690
2025-01-03,13.5,13.85,13.37,13.42,70290
2025-01-06,13.45,13.82,13.31,13.56,53573
2025-01-07,13.56,13.75,13.44,13.61,38903
2025-01-08,13.56,13.58,13.18,13.42,62320
2025-01-09,13.31,13.74,13.31,13.59,60966
2025-01-10,13.69,13.76,13.46,13.46,40205
2025-01-13,13.52,13.82,13.42,13.7,66927
2025-01-14,13.64,13.96,13.59,13.95,65418
2025-01-15,13.96,13.99,13.75,13.8,47470
2025-01-16,13.85,14.06,13.85,14.01,76003
2025-01-17,14.19,14.3,13.74,13.76,173857
2025-01-20,13.78,13.81,13.61,13.63,70868
2025-01-21,13.66,13.7,13.5,13.64,44706
2025-01-22,13.6,13.67,13.45,13.49,63314
2025-01-23,13.55,13.71,13.42,13.42,72988
2025-01-24,13.42,13.63,13.38,13.63,54221
2025-01-27,13.68,13.83,13.57,13.72,78844
2025-02-05,13.86,13.9,13.73,13.85,65345
2025-02-06,13.82,14.1,13.81,14.08,82730
2025-02-07,14.02,14.11,13.95,14.04,86058
2025-02-10,13.99,14.08,13.93,13.96,60555
2025-02-11,14.01,14.12,13.98,14.03,64659
2025-02-12,13.99,14.03,13.83,13.94,59756
2025-02-13,13.92,13.98,13.84,13.84,55387
2025-02-14,13.84,13.92,13.75,13.87,61423
2025-02-17,13.87,13.87,13.62,13.66,79236
2025-02-18,13.66,13.73,13.51,13.56,65097
2025-02-19,13.57,13.66,13.56,13.61,45627
2025-02-20,13.62,13.73,13.59,13.69,60536
2025-02-21,13.7,13.77,13.66,13.73,69516
2025-02-24,13.72,13.8,13.56,13.73,73545
2025-02-25,13.69,13.71,13.52,13.55,66889
2025-02-26,13.55,13.68,13.53,13.63,55721
2025-02-27,13.64,13.7,13.39,13.5,82839
2025-02-28,13.47,13.57,13.36,13.4,62457
2025-03-03,13.45,13.7,13.41,13.54,78358
2025-03-04,13.51,13.69,13.45,13.66,48141
2025-03-05,13.6,13.67,13.47,13.64,43130
2025-03-06,13.67,13.76,13.63,13.73,72209
2025-03-07,13.66,14.07,13.66,13.98,168045
2025-03-10,14.06,14.28,14.05,14.16,138338
2025-03-11,14.16,14.63,14.07,14.59,226769
2025-03-12,14.53,14.62,14.33,14.36,125295
2025-03-13,14.39,14.52,14.26,14.5,114080
2025-03-14,14.75,14.88,14.44,14.5,166143
2025-03-17,14.5,14.51,14.28,14.32,101567
2025-03-18,14.32,14.63,14.24,14.46,103610
2025-03-19,14.48,14.53,14.35,14.42,77549
2025-03-20,14.42,14.47,14.29,14.34,72924
2025-03-21,14.3,14.42,14.09,14.16,88331
2025-03-24,14.17,14.38,14.06,14.29,104435
2025-03-25,14.23,14.51,14.2,14.44,105637
2025-03-26,14.48,14.61,14.29,14.35,123763
2025-03-27,14.28,14.3,14.05,14.17,83174
2025-03-28,14.22,14.27,13.95,14.07,79407
2025-03-31,14.02,14.1,13.79,13.95,81328
2025-04-01,13.95,14.12,13.92,14.03,63911
2025-04-02,14.04,14.06,13.84,13.88,65891
2025-04-03,13.85,13.92,13.73,13.88,66855
2025-04-07,13.14,13.21,12.49,12.49,167341
2025-04-08,12.54,12.68,12.27,12.45,137821
2025-04-09,12.31,12.6,11.91,12.55,111576
2025-04-10,12.72,12.91,12.69,12.78,104300
2025-04-11,12.78,13.03,12.71,12.92,105016
2025-04-14,12.98,13.17,12.98,13.09,86593
2025-04-15,13.07,13.1,12.91,13.08,51800
2025-04-16,13.08,13.13,12.8,12.97,60781
2025-04-17,12.97,13.18,12.92,12.95,75440
2025-04-18,12.9,12.98,12.79,12.91,53902
2025-04-21,12.92,13.27,12.87,13.22,87627
2025-04-22,13.25,13.47,13.14,13.42,95551
2025-04-23,13.28,13.41,13.14,13.14,88961
2025-04-24,13.15,13.23,12.97,13.0,57421
2025-04-25,13.28,13.45,13.18,13.2,109563
2025-04-28,13.25,13.29,13.08,13.14,69991
2025-04-29,13.17,13.25,13.06,13.11,61134
2025-04-30,13.17,13.39,13.16,13.18,99717
2025-05-06,13.22,13.54,13.22,13.45,130226
2025-05-07,13.49,13.56,13.38,13.49,113402
2025-05-08,13.44,13.55,13.38,13.42,97688
2025-05-09,13.42,13.45,13.27,13.39,73219
2025-05-12,13.4,13.62,13.37,13.54,110172
2025-05-13,13.62,13.62,13.4,13.44,87197
2025-05-14,13.45,13.58,13.36,13.54,79035
2025-05-15,13.54,13.56,13.38,13.39,54801
2025-05-16,13.4,13.59,13.39,13.42,58312
2025-05-19,13.42,13.49,13.29,13.41,43026
2025-05-20,13.4,13.55,13.38,13.5,57175
2025-05-21,13.73,14.09,13.73,13.94,210370
2025-05-22,13.97,14.64,13.88,14.08,304678
2025-05-23,14.29,14.68,14.25,14.42,279027
2025-05-26,14.6,14.65,14.35,14.49,213835
2025-05-27,14.44,14.45,14.13,14.22,159367
2025-05-28,14.17,14.25,14.04,14.13,93429
2025-05-29,14.09,14.19,14.02,14.09,96769
2025-05-30,14.08,14.21,14.0,14.08,74870
2025-06-03,14.11,14.51,14.08,14.33,157779
2025-06-04,14.35,14.59,14.33,14.5,113644
2025-06-05,14.6,14.89,14.48,14.51,144343
2025-06-06,14.98,15.57,14.91,15.47,453181
2025-06-09,15.5,15.86,15.0,15.71,440910
2025-06-10,15.6,15.83,15.24,15.38,271658
2025-06-11,15.37,15.88,15.36,15.82,327392
2025-06-12,15.65,16.08,15.53,15.88,322852
2025-06-13,15.96,16.05,15.58,15.66,236925
2025-06-16,15.2,15.55,15.19,15.37,181337
2025-06-17,15.36,15.56,15.19,15.21,128402
2025-06-18,15.26,15.36,14.96,15.05,143160
2025-06-19,15.5,15.68,15.02,15.06,256157
2025-06-20,14.98,15.04,14.61,14.81,190011
2025-06-23,14.77,14.96,14.7,14.82,105602
2025-06-24,14.95,15.04,14.81,14.83,115750
2025-06-25,14.94,15.09,14.86,14.99,129900
2025-06-26,15.41,16.0,15.22,15.65,387618
2025-06-27,16.1,16.18,15.68,15.7,310975
2025-06-30,15.38,15.6,15.21,15.51,211026
2025-07-01,15.5,15.5,15.23,15.46,165664
2025-07-02,15.41,15.57,15.33,15.41,114291
2025-07-03,15.79,15.84,15.48,15.58,176104
2025-07-04,15.36,15.63,15.24,15.39,153742
2025-07-07,15.2,15.21,14.98,15.03,102154
2025-07-08,15.01,15.21,15.01,15.08,98624
2025-07-09,15.09,15.15,14.87,14.9,113331
2025-07-10,14.89,15.02,14.89,14.96,87913
2025-07-11,15.05,15.65,15.05,15.56,286187
2025-07-14,15.85,16.16,15.68,15.9,281140
2025-07-15,15.64,15.95,15.6,15.75,138091
2025-07-16,15.65,15.75,15.45,15.51,104293
2025-07-17,15.58,15.7,15.46,15.48,93069
2025-07-18,15.75,16.58,15.67,16.22,372204
2025-07-21,16.01,16.25,16.0,16.15,208335
2025-07-22,16.25,16.53,16.22,16.37,244985
2025-07-23,16.25,16.43,16.15,16.22,209106
2025-07-24,16.05,16.71,16.0,16.59,272919
2025-07-25,16.5,16.6,16.21,16.44,189208
2025-07-28,16.5,16.5,16.02,16.29,156833
2025-07-29,16.17,16.24,15.87,16.0,155179
2025-07-30,16.0,16.07,15.67,15.82,129901
2025-07-31,15.48,15.48,15.07,15.11,217107
2025-08-01,15.19,15.2,15.03,15.09,89025
2025-08-04,15.18,15.47,15.06,15.44,131500
2025-08-05,15.45,15.57,15.39,15.46,99081
2025-08-06,15.42,15.58,15.37,15.52,96652
2025-08-07,15.6,15.68,15.29,15.53,119119
2025-08-08,15.53,15.81,15.44,15.65,143227
2025-08-11,15.58,15.65,15.46,15.58,145876
2025-08-12,15.59,15.6,15.44,15.53,88325
2025-08-13,15.52,15.93,15.5,15.86,188067
2025-08-14,15.86,15.88,15.49,15.52,138993
2025-08-15,15.46,15.8,15.46,15.75,117396
2025-08-18,15.76,15.85,15.64,15.75,165807
2025-08-19,15.74,15.86,15.57,15.72,133554
2025-08-20,15.52,16.38,15.52,16.15,302305
2025-08-21,16.14,16.4,15.96,16.03,166355
2025-08-22,16.07,16.3,16.03,16.16,150683
2025-08-25,16.39,16.64,16.26,16.51,249683
2025-08-26,16.4,16.56,16.22,16.41,171929
2025-08-27,16.42,16.8,16.23,16.27,257183
2025-08-28,16.29,16.59,16.09,16.59,215306
2025-08-29,16.62,17.4,16.51,17.15,389973
2025-09-01,17.0,17.5,16.7,17.41,440910
2025-09-02,17.95,18.13,17.12,17.49,568596
2025-09-03,17.76,17.8,16.73,16.87,376933
2025-09-04,16.95,17.59,16.27,16.53,325647
2025-09-05,16.53,16.8,16.3,16.76,242609
2025-09-08,16.76,17.18,16.7,17.04,266067
2025-09-09,17.01,17.73,16.94,17.37,391184
2025-09-10,17.2,17.33,16.92,17.22,201103
2025-09-11,17.28,17.43,16.99,17.28,246464
2025-09-12,17.34,18.08,17.26,17.78,371520
2025-09-15,17.82,17.87,17.36,17.38,248717
2025-09-16,17.48,17.58,16.59,16.91,319134
2025-09-17,16.8,16.86,16.52,16.85,190809
2025-09-18,16.74,16.74,16.08,16.2,274399
2025-09-19,16.22,16.44,16.16,16.28,127798
2025-09-22,16.4,16.5,15.97,16.22,164715
2025-09-23,16.03,16.17,15.1,15.42,333619
2025-09-24,15.7,15.88,15.53,15.77,218303
2025-09-25,15.76,15.96,15.61,15.64,166192
2025-09-26,16.11,16.76,16.06,16.1,419913
2025-09-29,16.6,16.98,16.28,16.75,396571
2025-09-30,16.77,17.38,16.77,17.27,373040
2025-10-09,18.04,18.12,17.6,17.82,428571
2025-10-10,17.7,17.75,17.35,17.43,307813
2025-10-13,17.0,17.74,16.9,17.72,361572
2025-10-14,18.2,18.71,17.3,17.39,483396
2025-10-15,17.7,17.76,17.02,17.42,271286
2025-10-16,17.47,17.76,17.11,17.21,246035
2025-10-17,17.54,17.79,16.85,16.93,284794
2025-10-20,16.6,16.78,16.24,16.34,257647
2025-10-21,16.5,16.55,16.11,16.18,236311
2025-10-22,15.72,16.06,15.55,15.91,205793
2025-10-23,15.89,16.1,15.51,16.06,201074
2025-10-24,16.07,16.21,15.91,15.97,168502
2025-10-27,15.99,16.79,15.99,16.34,292499
2025-10-28,16.21,16.23,15.89,15.92,205144
2025-10-29,15.97,16.95,15.96,16.85,304853
2025-10-30,16.78,16.84,16.47,16.56,205272
2025-10-31,16.79,17.16,16.6,16.64,275680
2025-11-03,16.69,16.83,16.15,16.7,244511
2025-11-04,16.59,16.68,16.03,16.13,179743
2025-11-05,15.91,16.35,15.86,16.26,126570
2025-11-06,16.21,17.15,16.21,17.11,387042
2025-11-07,16.96,17.4,16.87,17.09,232443
2025-11-10,17.5,17.75,16.98,17.1,221544
2025-11-11,17.22,17.77,16.89,17.26,260265
2025-11-12,17.25,17.59,16.98,17.14,204637
2025-11-13,17.3,17.7,17.25,17.4,297273
2025-11-14,17.22,19.14,17.22,18.71,1038207
2025-11-17,18.59,19.15,18.02,18.1,688794
2025-11-18,18.21,18.25,17.3,17.5,388940
2025-11-19,17.39,17.79,17.12,17.33,255494
2025-11-20,17.3,18.64,17.22,18.2,619322
2025-11-21,17.8,17.94,16.61,16.64,496660
2025-11-24,16.79,17.14,16.48,16.77,290044
2025-11-25,17.02,17.73,16.94,17.39,326548
2025-11-26,17.32,17.38,16.85,16.92,260365
2025-11-27,17.58,18.38,17.32,17.52,614433
2025-11-28,17.57,17.89,17.24,17.55,329774
2025-12-01,18.05,18.29,17.73,17.91,412151
2025-12-02,17.65,17.83,17.5,17.63,209268
2025-12-03,17.59,17.65,17.18,17.24,242784
2025-12-04,17.31,17.49,16.76,16.88,245119
2025-12-05,16.78,17.55,16.73,17.5,261340
2025-12-08,17.51,17.56,17.06,17.36,239574
2025-12-09,17.26,17.26,16.67,16.68,272961
2025-12-10,16.92,17.11,16.77,16.97,247101
2025-12-11,16.99,17.3,16.78,16.82,259232
2025-12-12,17.0,17.1,16.77,16.85,187626
2025-12-15,16.85,18.54,16.81,18.14,710455
2025-12-16,18.29,18.76,17.87,17.99,627316
2025-12-17,18.37,19.15,18.2,19.0,668423
2025-12-18,19.47,19.75,18.8,19.1,641503
2025-12-19,18.69,18.91,18.3,18.75,465149
2025-12-22,19.25,20.15,19.08,19.97,699581
2025-12-23,20.4,20.86,19.91,20.02,829666
2025-12-24,20.55,21.09,20.11,20.48,800043
2025-12-25,19.42,19.59,19.09,19.48,698823
2025-12-26,19.95,20.1,19.44,19.75,578836
2025-12-29,19.78,20.25,19.11,19.39,660278
2025-12-30,18.36,18.99,18.36,18.84,426305
2025-12-31,18.85,19.1,18.52,18.61,353185
2026-01-05,18.98,19.33,18.82,19.2,388539
2026-01-06,19.79,21.12,19.6,21.12,694143
2026-01-07,22.0,22.79,21.05,21.12,1144968
2026-01-08,21.0,21.32,20.3,20.5,584795
2026-01-09,20.5,22.15,20.36,21.57,740461
2026-01-12,22.2,22.2,20.98,21.32,662446
2026-01-13,21.32,21.66,20.9,21.0,561614
2026-01-14,21.32,21.56,21.0,21.1,575345
2026-01-15,21.0,21.74,20.71,20.97,555585
2026-01-16,21.16,21.85,20.97,21.02,564453
2026-01-19,21.1,21.37,20.4,21.18,391538
2026-01-20,21.27,21.58,20.18,20.96,485700
2026-01-21,21.33,21.95,21.3,21.88,705211
2026-01-22,21.36,22.61,21.08,22.09,669945
2026-01-23,22.86,24.07,22.44,23.69,835580
2026-01-26,25.19,25.44,24.41,24.88,971024
2026-01-27,24.0,24.88,23.46,24.18,745429
2026-01-28,24.19,26.6,24.0,26.6,1015645
2026-01-29,27.39,28.19,25.34,26.17,1126918
2026-01-30,24.6,24.69,23.55,23.55,649391
2026-02-02,21.2,21.2,21.2,21.2,133174
2026-02-03,20.95,22.05,20.81,21.8,604811
2026-02-04,22.33,22.33,21.66,22.09,380161
2026-02-05,21.65,21.87,20.75,21.18,363919
2026-02-06,20.26,21.49,20.0,21.13,369638
2026-02-09,21.74,22.08,21.5,21.92,322228
2026-02-10,21.92,21.97,21.55,21.6,189906
2026-02-11,21.52,22.86,21.52,22.35,368174
2026-02-12,22.16,22.97,22.16,22.6,297027
2026-02-13,22.01,22.33,21.75,21.79,282568
2026-02-24,22.52,23.29,22.23,22.87,382347
2026-02-25,23.2,23.98,22.91,23.75,442175
2026-02-26,24.01,24.3,23.46,23.5,399699
2026-02-27,23.45,25.85,23.45,25.85,722378
2026-03-02,26.76,26.76,24.61,26.27,908221
2026-03-03,25.4,25.45,23.71,23.78,610901
2026-03-04,23.23,24.35,23.05,23.65,385562
2026-03-05,24.01,24.3,23.14,23.44,298471
2026-03-06,23.0,23.47,22.73,23.14,219657
2026-03-09,22.25,23.0,21.63,22.98,298467
2026-03-10,23.23,23.33,22.8,23.0,212717
2026-03-11,23.0,23.13,22.45,22.57,201146
2026-03-12,22.31,22.47,21.85,22.02,213465
2026-03-13,22.02,22.35,21.35,21.45,227309
2026-03-16,21.31,21.37,20.3,20.72,302159
2026-03-17,20.87,21.23,20.63,20.68,215205
2026-03-18,20.69,20.77,20.27,20.62,156382
2026-03-19,19.88,20.33,19.62,19.84,279396
2026-03-20,19.82,20.35,19.62,19.65,203554
2026-03-23,19.0,19.27,18.04,18.18,308064
2026-03-24,18.75,18.8,18.16,18.71,186239
2026-03-25,19.24,19.48,19.0,19.15,222781
2026-03-26,19.0,19.33,18.63,18.77,151033
2026-03-27,18.39,19.53,18.39,19.39,210032
2026-03-30,19.3,19.57,19.08,19.57,176585
2026-03-31,19.58,20.14,19.43,19.5,186475
2026-04-01,19.95,20.02,19.56,19.8,151612
2026-04-02,19.6,19.71,19.08,19.28,142316
2026-04-03,19.4,19.51,19.13,19.13,95422
2026-04-07,19.14,19.29,19.03,19.17,88888
2026-04-08,19.79,20.49,19.61,20.42,235782
2026-04-09,20.08,20.44,19.91,20.16,127646
2026-04-10,20.4,20.55,20.22,20.34,120809
2026-04-13,20.08,20.51,20.08,20.34,106341
2026-04-14,20.58,20.75,20.34,20.57,140246
2026-04-15,20.85,21.06,20.55,20.6,167943
2026-04-16,20.74,21.12,20.63,21.05,152879
2026-04-17,20.81,21.29,20.81,21.18,145108
2026-04-20,21.15,21.66,21.14,21.55,176896
2026-04-21,21.52,22.47,20.97,22.04,295396
2026-04-22,22.19,22.6,22.05,22.45,272070
2026-04-23,22.45,22.55,21.45,21.5,265354
2026-04-24,21.16,21.65,21.08,21.32,154001
2026-04-27,21.32,21.54,20.77,20.81,157036
2026-04-28,20.72,20.74,19.91,20.04,181750
2026-04-29,19.93,20.74,19.9,20.51,174493
