Date,Open,High,Low,Close,Volume
2015-08-11,55.07,56.0,51.78,52.25,34823
2015-08-12,51.5,57.48,51.38,52.16,23952
2015-08-13,52.15,53.0,50.5,52.7,16526
2015-08-14,53.37,54.5,52.1,52.67,19880
2015-08-17,52.5,52.63,50.6,51.16,14093
2015-08-18,51.72,51.99,46.04,46.04,22361
2015-08-19,43.48,47.7,41.45,47.05,20752
2015-08-20,46.5,47.3,44.06,44.17,12382
2015-08-21,42.0,44.0,40.51,41.15,14721
2015-08-24,38.0,39.01,37.04,37.04,18693
2015-08-25,33.44,39.6,33.44,37.48,30128
2015-08-26,37.9,41.2,36.66,39.38,23831
2015-08-27,38.8,41.26,38.8,41.24,18220
2015-08-28,42.0,43.9,40.5,43.49,16991
2015-08-31,43.0,43.4,40.01,40.03,9146
2015-09-01,40.2,40.94,37.06,37.9,14173
2015-09-02,35.5,39.9,35.5,37.81,10172
2015-09-07,37.41,40.8,37.41,40.14,12417
2015-09-08,40.07,43.78,39.9,43.34,10948
2015-09-09,47.3,47.3,43.58,44.98,11647
2015-09-10,43.8,48.38,43.68,47.2,14389
2015-09-11,47.0,48.02,45.53,46.28,12875
2015-09-14,46.41,47.07,41.65,41.66,17091
2015-09-15,39.03,41.5,38.31,38.9,11777
2015-09-16,39.0,42.79,39.0,42.73,21349
2015-09-17,42.0,44.1,41.66,41.81,18091
2015-09-18,42.87,44.15,41.0,43.84,11748
2015-09-21,41.5,48.0,41.5,47.76,12463
2015-09-22,47.4,48.56,45.0,45.98,10632
2015-09-23,45.98,47.99,44.0,45.63,5964
2015-09-24,45.68,47.14,44.63,47.09,6515
2015-09-25,46.69,47.05,42.6,43.47,8709
2015-09-28,43.05,45.0,42.31,44.74,6256
2015-09-29,43.2,45.7,43.2,44.44,4658
2015-09-30,44.5,45.26,43.83,44.37,4724
2015-10-08,44.98,47.18,44.0,46.58,10986
2015-10-09,46.99,46.99,46.2,46.69,6052
2015-10-12,46.99,49.88,46.99,48.01,9076
2015-10-13,48.01,48.64,47.02,47.8,6305
2015-10-14,47.6,49.23,47.36,47.84,6784
2015-10-15,47.11,48.65,47.1,48.3,7146
2015-10-16,48.88,49.2,46.1,47.29,11389
2015-10-19,47.4,51.83,47.0,50.06,22932
2015-10-20,49.1,51.98,49.0,50.56,15710
2015-10-21,50.1,50.56,45.5,45.5,15546
2015-10-22,45.9,46.79,43.51,46.03,17314
2015-10-23,46.03,46.03,46.03,46.03,0
2015-10-26,46.03,46.03,46.03,46.03,0
2015-10-27,46.03,46.03,46.03,46.03,0
2015-10-28,46.03,46.03,46.03,46.03,0
2015-10-29,46.03,46.03,46.03,46.03,0
2015-10-30,46.03,46.03,46.03,46.03,0
2015-11-02,46.03,46.03,46.03,46.03,0
2015-11-03,46.03,46.03,46.03,46.03,0
2015-11-04,46.03,46.03,46.03,46.03,0
2015-11-05,46.03,46.03,46.03,46.03,0
2015-11-06,46.03,46.03,46.03,46.03,0
2015-11-09,46.03,46.03,46.03,46.03,0
2015-11-10,46.03,46.03,46.03,46.03,0
2015-11-11,46.03,46.03,46.03,46.03,0
2015-11-12,46.03,46.03,46.03,46.03,0
2015-11-13,46.03,46.03,46.03,46.03,0
2015-11-16,46.03,46.03,46.03,46.03,0
2015-11-17,46.03,46.03,46.03,46.03,0
2015-11-18,46.03,46.03,46.03,46.03,0
2015-11-19,46.03,46.03,46.03,46.03,0
2015-11-20,46.03,46.03,46.03,46.03,0
2015-11-23,46.03,46.03,46.03,46.03,0
2015-11-24,46.03,46.03,46.03,46.03,0
2015-11-25,46.03,46.03,46.03,46.03,0
2015-11-26,46.03,46.03,46.03,46.03,0
2015-11-27,46.03,46.03,46.03,46.03,0
2015-11-30,46.03,46.03,46.03,46.03,0
2015-12-01,46.03,46.03,46.03,46.03,0
2015-12-02,46.03,46.03,46.03,46.03,0
2015-12-03,46.03,46.03,46.03,46.03,0
2015-12-04,46.03,46.03,46.03,46.03,0
2015-12-07,46.03,46.03,46.03,46.03,0
2015-12-08,46.03,46.03,46.03,46.03,0
2015-12-09,46.03,46.03,46.03,46.03,0
2015-12-10,46.03,46.03,46.03,46.03,0
2015-12-11,46.03,46.03,46.03,46.03,0
2015-12-14,46.03,46.03,46.03,46.03,0
2015-12-15,46.03,46.03,46.03,46.03,0
2015-12-16,46.03,46.03,46.03,46.03,0
2015-12-17,46.03,46.03,46.03,46.03,0
2015-12-18,46.03,46.03,46.03,46.03,0
2015-12-21,46.03,46.03,46.03,46.03,0
2015-12-22,46.03,46.03,46.03,46.03,0
2015-12-23,46.03,46.03,46.03,46.03,0
2015-12-24,46.03,46.03,46.03,46.03,0
2015-12-25,46.03,46.03,46.03,46.03,0
2015-12-28,46.03,46.03,46.03,46.03,0
2015-12-29,46.03,46.03,46.03,46.03,0
2015-12-30,46.03,46.03,46.03,46.03,0
2015-12-31,46.03,46.03,46.03,46.03,0
2016-01-04,46.03,46.03,46.03,46.03,0
2016-01-05,46.03,46.03,46.03,46.03,0
2016-01-06,46.03,46.03,46.03,46.03,0
2016-01-07,46.03,46.03,46.03,46.03,0
2016-01-08,46.03,46.03,46.03,46.03,0
2016-01-11,46.03,46.03,46.03,46.03,0
2016-01-12,46.03,46.03,46.03,46.03,0
2016-01-13,46.03,46.03,46.03,46.03,0
2016-01-14,46.03,46.03,46.03,46.03,0
2016-01-15,46.03,46.03,46.03,46.03,0
2016-01-18,46.03,46.03,46.03,46.03,0
2016-01-19,46.03,46.03,46.03,46.03,0
2016-01-20,46.03,46.03,46.03,46.03,0
2016-01-21,46.03,46.03,46.03,46.03,0
2016-01-22,46.03,46.03,46.03,46.03,0
2016-01-25,46.03,46.03,46.03,46.03,0
2016-01-26,46.03,46.03,46.03,46.03,0
2016-01-27,46.03,46.03,46.03,46.03,0
2016-01-28,46.03,46.03,46.03,46.03,0
2016-01-29,46.03,46.03,46.03,46.03,0
2016-02-01,46.03,46.03,46.03,46.03,0
2016-02-02,46.03,46.03,46.03,46.03,0
2016-02-03,46.03,46.03,46.03,46.03,0
2016-02-04,46.03,46.03,46.03,46.03,0
2016-02-05,46.03,46.03,46.03,46.03,0
2016-02-15,46.03,46.03,46.03,46.03,0
2016-02-16,46.03,46.03,46.03,46.03,0
2016-02-17,46.03,46.03,46.03,46.03,0
2016-02-18,46.03,46.03,46.03,46.03,0
2016-02-19,46.03,46.03,46.03,46.03,0
2016-02-22,46.03,46.03,46.03,46.03,0
2016-02-23,43.23,49.97,43.23,45.63,87987
2016-02-24,44.9,45.84,41.07,41.99,70537
2016-02-25,42.15,43.1,39.13,40.49,33655
2016-02-26,40.73,41.26,36.44,36.44,33185
2016-02-29,35.79,35.95,33.01,34.91,22775
2016-03-01,34.37,38.4,33.56,38.4,23578
2016-03-02,38.99,41.98,37.05,40.27,24611
2016-03-03,40.34,41.98,39.18,39.53,20000
2016-03-04,39.6,39.8,36.01,36.79,15136
2016-03-07,36.82,40.46,36.21,38.03,11026
2016-03-08,37.98,38.4,36.01,38.07,8627
2016-03-09,37.0,38.11,36.5,36.87,6747
2016-03-10,37.01,37.25,35.5,35.62,7792
2016-03-11,34.92,36.98,34.92,36.1,5127
2016-03-14,36.5,39.7,36.5,38.02,8329
2016-03-15,37.99,40.5,37.8,38.42,12696
2016-03-16,40.15,41.3,38.52,38.97,13168
2016-03-17,39.9,40.4,38.01,39.72,10724
2016-03-18,39.8,41.39,39.35,40.8,14499
2016-03-21,40.71,43.0,40.71,42.39,19511
2016-03-22,41.85,42.88,41.5,41.87,9621
2016-03-23,41.89,44.0,41.85,42.87,11771
2016-03-24,42.41,42.86,41.52,41.7,8488
2016-03-25,41.71,44.5,41.51,42.89,13923
2016-03-28,43.1,43.77,42.08,42.25,14660
2016-03-29,42.5,42.5,39.83,40.22,7521
2016-03-30,40.4,41.97,40.4,41.85,8030
2016-03-31,42.09,43.49,42.09,43.05,9041
2016-04-01,42.48,43.38,42.31,42.54,7935
2016-04-05,42.3,44.17,42.25,43.84,14806
2016-04-06,43.75,44.49,43.2,44.09,13297
2016-04-07,44.5,45.47,44.02,44.44,14861
2016-04-08,44.0,44.0,42.8,43.54,10090
2016-04-11,43.18,45.25,43.18,45.05,13097
2016-04-12,44.98,45.53,43.62,44.1,7852
2016-04-13,44.51,45.6,44.1,44.49,15757
2016-04-14,44.28,45.0,44.28,44.97,10456
2016-04-15,45.02,46.68,45.0,46.32,24998
2016-04-18,45.97,48.36,45.24,47.35,28802
2016-04-19,47.5,50.69,47.48,50.67,34565
2016-04-20,49.96,50.62,45.6,46.39,48753
2016-04-21,45.7,45.8,44.35,44.63,23211
2016-04-22,44.49,46.93,44.0,46.32,19905
2016-04-25,45.6,45.99,44.5,45.15,9367
2016-04-26,45.15,46.88,45.15,46.7,12014
2016-04-27,47.39,49.68,47.01,47.61,17802
2016-04-28,47.22,48.5,45.8,47.65,10232
2016-04-29,46.95,49.89,46.05,49.65,16292
2016-05-03,49.48,50.45,48.63,49.62,20004
2016-05-04,49.02,50.2,48.92,49.14,10983
2016-05-05,49.14,49.14,49.14,49.14,0
2016-05-06,49.14,49.14,49.14,49.14,0
2016-05-09,49.14,49.14,49.14,49.14,0
2016-05-10,49.14,49.14,49.14,49.14,0
2016-05-11,49.14,49.14,49.14,49.14,0
2016-05-12,49.14,49.14,49.14,49.14,0
2016-05-13,49.14,49.14,49.14,49.14,0
2016-05-16,49.14,49.14,49.14,49.14,0
2016-05-17,49.14,49.14,49.14,49.14,0
2016-05-18,49.14,49.14,49.14,49.14,0
2016-05-19,49.14,49.14,49.14,49.14,0
2016-05-20,49.14,49.14,49.14,49.14,0
2016-05-23,49.14,49.14,49.14,49.14,0
2016-05-24,49.14,49.14,49.14,49.14,0
2016-05-25,49.14,49.14,49.14,49.14,0
2016-05-26,49.14,49.14,49.14,49.14,0
2016-05-27,49.14,49.14,49.14,49.14,0
2016-05-30,49.14,49.14,49.14,49.14,0
2016-05-31,49.14,49.14,49.14,49.14,0
2016-06-01,49.14,49.14,49.14,49.14,0
2016-06-02,49.14,49.14,49.14,49.14,0
2016-06-03,49.14,49.14,49.14,49.14,0
2016-06-06,49.14,49.14,49.14,49.14,0
2016-06-07,49.14,49.14,49.14,49.14,0
2016-06-08,49.14,49.14,49.14,49.14,0
2016-06-13,49.14,49.14,49.14,49.14,0
2016-06-14,49.14,49.14,49.14,49.14,0
2016-06-15,49.14,49.14,49.14,49.14,0
2016-06-16,49.14,49.14,49.14,49.14,0
2016-06-17,49.14,49.14,49.14,49.14,0
2016-06-20,49.14,49.14,49.14,49.14,0
2016-06-21,49.14,49.14,49.14,49.14,0
2016-06-22,49.14,49.14,49.14,49.14,0
2016-06-23,49.14,49.14,49.14,49.14,0
2016-06-24,49.14,49.14,49.14,49.14,0
2016-06-27,49.14,49.14,49.14,49.14,0
2016-06-28,49.14,49.14,49.14,49.14,0
2016-06-29,49.14,49.14,49.14,49.14,0
2016-06-30,49.14,49.14,49.14,49.14,0
2016-07-01,49.14,49.14,49.14,49.14,0
2016-07-04,49.14,49.14,49.14,49.14,0
2016-07-05,49.14,49.14,49.14,49.14,0
2016-07-06,49.14,49.14,49.14,49.14,0
2016-07-07,49.14,49.14,49.14,49.14,0
2016-07-08,49.14,49.14,49.14,49.14,0
2016-07-11,49.14,49.14,49.14,49.14,0
2016-07-12,49.14,49.14,49.14,49.14,0
2016-07-13,49.14,49.14,49.14,49.14,0
2016-07-14,49.14,49.14,49.14,49.14,0
2016-07-15,49.14,49.14,49.14,49.14,0
2016-07-18,49.14,49.14,49.14,49.14,0
2016-07-19,49.14,49.14,49.14,49.14,0
2016-07-20,49.14,49.14,49.14,49.14,0
2016-07-21,49.14,49.14,49.14,49.14,0
2016-07-22,49.14,49.14,49.14,49.14,0
2016-07-25,49.14,49.14,49.14,49.14,0
2016-07-26,49.14,49.14,49.14,49.14,0
2016-07-27,49.14,49.14,49.14,49.14,0
2016-07-28,49.14,49.14,49.14,49.14,0
2016-07-29,49.14,49.14,49.14,49.14,0
2016-08-01,49.14,49.14,49.14,49.14,0
2016-08-02,49.14,49.14,49.14,49.14,0
2016-08-03,49.14,49.14,49.14,49.14,0
2016-08-04,49.14,49.14,49.14,49.14,0
2016-08-05,49.14,49.14,49.14,49.14,0
2016-08-08,49.14,49.14,49.14,49.14,0
2016-08-09,49.14,49.14,49.14,49.14,0
2016-08-10,49.14,49.14,49.14,49.14,0
2016-08-11,49.14,49.14,49.14,49.14,0
2016-08-12,49.14,49.14,49.14,49.14,0
2016-08-15,49.14,49.14,49.14,49.14,0
2016-08-16,49.14,49.14,49.14,49.14,0
2016-08-17,49.14,49.14,49.14,49.14,0
2016-08-18,49.14,49.14,49.14,49.14,0
2016-08-19,49.14,49.14,49.14,49.14,0
2016-08-22,49.14,49.14,49.14,49.14,0
2016-08-23,49.14,49.14,49.14,49.14,0
2016-08-24,49.14,49.14,49.14,49.14,0
2016-08-25,49.14,49.14,49.14,49.14,0
2016-08-26,49.14,49.14,49.14,49.14,0
2016-08-29,49.14,49.14,49.14,49.14,0
2016-08-30,49.14,49.14,49.14,49.14,0
2016-08-31,49.14,49.14,49.14,49.14,0
2016-09-01,49.14,49.14,49.14,49.14,0
2016-09-02,49.14,49.14,49.14,49.14,0
2016-09-05,49.14,49.14,49.14,49.14,0
2016-09-06,49.14,49.14,49.14,49.14,0
2016-09-07,49.14,49.14,49.14,49.14,0
2016-09-08,49.14,49.14,49.14,49.14,0
2016-09-09,49.14,49.14,49.14,49.14,0
2016-09-12,49.14,49.14,49.14,49.14,0
2016-09-13,49.14,49.14,49.14,49.14,0
2016-09-14,49.14,49.14,49.14,49.14,0
2016-09-19,47.0,49.8,46.8,49.57,55167
2016-09-20,48.5,53.98,48.18,51.84,52060
2016-09-21,51.2,52.5,50.6,51.74,24917
2016-09-22,52.3,55.99,51.93,55.81,33155
2016-09-23,56.0,57.8,55.61,56.73,26000
2016-09-26,56.73,57.69,54.72,56.2,16372
2016-09-27,55.88,57.0,53.14,55.04,23519
2016-09-28,54.6,55.89,54.15,55.06,7664
2016-09-29,55.0,56.88,54.18,55.59,11698
2016-09-30,55.88,56.21,55.01,55.89,11391
2016-10-10,55.6,59.25,55.6,58.74,24365
2016-10-11,59.27,59.3,57.9,58.62,15231
2016-10-12,58.59,60.96,58.2,59.76,13355
2016-10-13,59.5,60.0,58.07,59.03,9715
2016-10-14,59.86,59.86,58.01,59.08,5146
2016-10-17,58.99,59.1,57.0,58.13,9623
2016-10-18,57.74,59.47,57.1,59.21,8003
2016-10-19,59.18,59.76,58.34,59.38,5834
2016-10-20,59.3,62.17,58.71,61.59,10086
2016-10-21,60.03,61.79,60.03,61.45,6121
2016-10-24,61.34,61.5,59.52,60.16,19830
2016-10-25,60.0,61.0,60.0,60.8,7378
2016-10-26,61.1,61.35,60.72,60.88,4186
2016-10-27,60.88,64.0,60.8,62.16,4184
2016-10-28,61.82,63.38,61.5,62.24,5421
2016-10-31,62.5,62.5,60.9,61.91,3618
2016-11-01,62.39,62.39,61.62,62.0,7473
2016-11-02,61.37,62.78,61.16,61.98,3998
2016-11-03,61.98,63.28,61.63,62.13,4972
2016-11-04,61.75,62.76,61.05,61.22,4377
2016-11-07,61.8,62.0,60.6,61.8,4650
2016-11-08,61.82,63.5,61.82,62.91,4698
2016-11-09,62.61,63.47,61.51,62.84,5671
2016-11-10,63.47,63.49,63.0,63.18,4178
2016-11-11,63.0,63.47,62.4,63.03,4965
2016-11-14,62.73,63.86,62.73,62.97,3784
2016-11-15,62.97,63.39,62.72,63.14,3856
2016-11-16,62.7,66.0,62.7,63.24,9268
2016-11-17,63.64,64.8,63.0,64.39,8911
2016-11-18,64.8,64.8,63.01,63.29,7153
2016-11-21,62.9,63.65,60.61,62.36,11018
2016-11-22,62.01,62.74,62.01,62.37,4855
2016-11-23,62.37,64.5,62.01,62.37,6597
2016-11-24,62.37,63.97,62.23,62.33,4005
2016-11-25,62.94,62.94,58.5,60.89,7736
2016-11-28,60.89,61.3,59.37,60.76,4665
2016-11-29,61.0,61.39,58.88,59.19,4748
2016-11-30,59.18,59.99,58.42,59.88,4637
2016-12-01,59.88,60.58,59.02,59.76,3612
2016-12-02,59.7,60.18,57.89,57.96,4659
2016-12-05,57.4,58.5,57.02,58.25,5079
2016-12-06,57.67,58.96,57.67,58.16,5085
2016-12-07,58.17,59.93,58.0,59.83,4196
2016-12-08,60.18,65.0,60.01,62.94,10236
2016-12-09,63.75,63.75,61.82,62.89,5230
2016-12-12,62.46,63.53,57.0,57.21,7779
2016-12-13,56.02,58.77,56.02,58.39,4365
2016-12-14,57.93,59.5,57.29,58.83,3061
2016-12-15,58.0,62.0,58.0,60.96,6082
2016-12-16,60.96,64.99,60.96,64.56,11809
2016-12-19,64.48,65.12,62.8,63.57,7120
2016-12-20,63.5,65.0,62.01,62.65,5738
2016-12-21,62.66,64.84,61.52,62.18,6523
2016-12-22,62.18,62.4,60.6,61.18,5546
2016-12-23,60.98,61.89,58.39,60.11,5925
2016-12-26,58.63,60.38,57.5,59.59,3423
2016-12-27,59.63,60.59,58.22,58.66,4581
2016-12-28,58.85,59.93,58.56,59.28,4804
2016-12-29,59.0,59.32,58.3,58.92,5680
2016-12-30,58.0,59.49,58.0,58.83,5012
2017-01-03,58.9,59.34,58.16,58.96,2627
2017-01-04,58.97,61.88,58.61,60.53,7422
2017-01-05,60.04,60.84,59.5,59.59,3184
2017-01-06,59.0,59.9,58.84,59.05,2615
2017-01-09,58.87,59.19,56.36,58.38,7632
2017-01-10,58.41,60.16,57.19,59.35,6116
2017-01-11,59.06,59.5,57.55,57.81,3736
2017-01-12,57.66,58.8,55.3,55.62,8400
2017-01-13,55.99,55.99,54.18,55.62,13864
2017-01-16,55.17,55.17,50.06,50.06,18013
2017-01-17,48.89,50.0,45.05,48.52,24195
2017-01-18,47.34,47.98,46.15,46.75,16636
2017-01-19,46.39,46.86,45.15,46.69,9873
2017-01-20,46.64,48.17,46.58,47.91,8045
2017-01-23,47.91,48.7,46.86,48.42,7791
2017-01-24,48.4,49.7,47.96,48.86,6055
2017-01-25,48.84,50.3,48.1,49.87,5298
2017-01-26,49.4,51.26,49.4,50.05,4685
2017-02-03,50.04,50.48,49.01,49.58,3267
2017-02-06,49.6,51.03,49.02,50.59,5316
2017-02-07,50.41,52.38,50.41,51.67,9277
2017-02-08,51.16,52.18,51.16,51.69,4433
2017-02-09,51.8,52.76,51.02,52.63,3099
2017-02-10,53.3,53.65,51.02,51.59,6973
2017-02-13,51.6,52.5,51.16,51.87,4022
2017-02-14,51.8,52.4,51.5,51.74,2981
2017-02-15,51.74,51.74,50.2,50.57,4341
2017-02-16,50.13,50.88,49.87,50.1,6502
2017-02-17,50.5,51.89,50.0,50.64,5305
2017-02-20,50.59,50.59,48.59,49.01,6228
2017-02-21,49.01,49.5,48.52,49.46,7012
2017-02-22,49.49,49.57,48.5,49.5,8440
2017-02-23,49.19,49.65,48.6,48.86,6528
2017-02-24,49.05,49.13,48.42,49.1,6785
2017-02-27,49.14,50.35,49.14,49.98,9309
2017-02-28,49.99,50.44,49.09,49.58,6822
2017-03-01,49.6,50.19,49.17,49.79,9750
2017-03-02,49.88,51.54,49.52,50.0,10735
2017-03-03,49.4,50.3,49.06,49.7,5349
2017-03-06,49.76,51.5,49.3,51.4,6786
2017-03-07,50.89,51.29,50.55,50.68,4985
2017-03-08,50.69,52.0,50.61,50.99,6398
2017-03-09,51.2,51.5,50.48,51.04,5056
2017-03-10,51.1,51.39,50.8,50.86,4423
2017-03-13,50.8,51.64,49.02,51.58,10467
2017-03-14,51.54,55.97,51.46,52.5,11713
2017-03-15,52.63,53.19,51.4,51.83,7162
2017-03-16,51.57,51.94,51.1,51.54,7524
2017-03-17,51.54,52.17,51.22,51.36,4478
2017-03-20,51.35,51.79,50.79,51.73,3993
2017-03-21,51.7,52.1,51.25,51.72,3808
2017-03-22,51.74,52.3,50.76,51.06,6057
2017-03-23,51.28,53.8,50.89,52.19,13222
2017-03-24,51.5,51.98,50.8,51.13,7462
2017-03-27,51.0,51.53,50.15,50.25,6964
2017-03-28,50.35,50.5,49.3,49.58,5959
2017-03-29,49.61,49.71,47.01,47.94,9285
2017-03-30,47.76,47.76,44.11,44.37,10963
2017-03-31,45.07,45.78,44.62,45.22,8086
2017-04-05,45.6,47.25,45.2,47.21,7828
2017-04-06,47.8,51.48,47.21,49.42,14156
2017-04-07,49.04,50.03,48.03,49.91,7222
2017-04-10,49.2,49.91,48.0,48.05,6841
2017-04-11,48.0,48.1,46.71,47.73,4995
2017-04-12,47.85,47.85,46.91,47.17,4493
2017-04-13,47.22,49.49,46.88,47.8,5160
2017-04-14,47.79,48.78,47.3,47.76,3664
2017-04-17,47.15,47.76,44.13,47.71,5988
2017-04-18,47.2,47.68,46.22,46.5,3367
2017-04-19,46.08,46.39,43.03,44.7,10899
2017-04-20,44.3,45.39,42.99,45.04,5224
2017-04-21,44.5,45.91,44.4,45.15,2189
2017-04-24,45.0,45.26,43.18,44.28,3110
2017-04-25,44.09,45.7,43.43,45.29,2848
2017-04-26,45.55,45.97,44.78,45.81,2492
2017-04-27,45.81,45.95,44.6,45.36,2820
2017-04-28,45.56,46.53,44.8,46.17,3804
2017-05-02,45.95,46.14,44.81,44.85,4433
2017-05-03,44.85,45.45,44.11,44.96,2822
2017-05-04,45.27,45.37,44.5,44.81,2605
2017-05-05,44.25,44.59,43.32,43.54,3509
2017-05-08,42.7,43.14,41.01,42.41,4962
2017-05-09,41.15,43.33,41.15,42.83,2024
2017-05-10,43.5,43.59,41.0,42.79,3659
2017-05-11,42.01,44.0,39.39,43.92,5563
2017-05-12,43.0,43.81,42.31,43.68,2094
2017-05-15,43.44,45.98,43.0,43.75,2094
2017-05-16,43.87,44.47,43.03,43.94,1565
2017-05-17,43.94,44.95,43.57,44.58,2036
2017-05-18,44.58,44.8,42.61,42.63,3697
2017-05-19,42.63,43.3,42.34,42.99,1103
2017-05-22,42.55,43.42,41.58,41.73,1889
2017-05-23,42.25,42.25,40.21,41.91,3811
2017-05-24,41.45,42.69,41.01,42.49,2664
2017-05-25,42.12,42.79,41.51,42.75,3710
2017-05-26,42.8,42.8,42.1,42.19,960
2017-05-31,42.21,43.45,42.11,42.34,1208
2017-06-01,42.0,42.84,40.9,42.8,5363
2017-06-02,42.26,44.0,41.63,43.95,4858
2017-06-05,43.88,44.49,43.06,43.78,1865
2017-06-06,43.35,44.2,43.26,43.75,933
2017-06-07,43.4,44.28,43.4,44.06,1674
2017-06-08,44.18,44.83,43.63,44.0,1731
2017-06-09,43.89,44.04,43.07,43.5,1428
2017-06-12,43.4,43.58,43.03,43.08,882
2017-06-13,43.0,45.0,42.58,44.39,5533
2017-06-14,43.8,44.24,43.43,43.96,2729
2017-06-15,43.52,44.5,43.52,44.01,2450
2017-06-16,44.48,44.48,43.25,43.33,1763
2017-06-19,43.53,43.53,42.83,43.11,2076
2017-06-20,43.23,43.32,42.5,42.66,1443
2017-06-21,42.66,43.3,42.36,42.6,1150
2017-06-22,42.8,42.81,41.8,42.6,3523
2017-06-23,42.66,42.75,42.0,42.1,1414
2017-06-26,42.0,42.99,41.57,42.73,11389
2017-06-27,42.75,42.98,42.17,42.55,5399
2017-06-28,42.44,42.44,41.42,41.94,1529
2017-06-29,41.02,42.17,41.02,41.58,1392
2017-06-30,41.58,42.05,41.3,41.69,1161
2017-07-03,41.97,41.98,41.37,41.74,1039
2017-07-04,41.51,42.28,41.5,41.88,951
2017-07-05,41.66,42.2,41.66,41.82,1739
2017-07-06,41.81,42.06,41.17,41.48,2389
2017-07-07,41.6,41.6,40.68,40.75,2605
2017-07-10,40.9,40.95,39.8,39.94,2645
2017-07-11,39.76,40.3,39.5,39.6,1822
2017-07-12,39.4,39.7,38.9,39.47,2795
2017-07-13,39.47,39.8,38.89,39.2,2279
2017-07-14,39.08,39.24,38.2,38.22,3616
2017-07-17,38.01,38.01,34.77,35.01,6115
2017-07-18,34.5,35.58,34.19,35.18,3125
2017-07-19,35.48,35.66,34.62,35.47,3757
2017-07-20,35.1,36.2,35.08,35.81,2258
2017-07-21,35.4,36.2,35.4,35.87,1847
2017-07-24,36.2,38.57,36.2,37.33,3870
2017-07-25,37.33,37.82,36.85,36.93,1332
2017-07-26,36.93,37.41,36.93,36.98,1066
2017-07-27,36.81,38.47,36.63,37.58,2318
2017-07-28,37.58,37.96,36.65,36.8,2721
2017-07-31,38.0,38.0,36.67,36.76,1641
2017-08-01,37.1,39.4,36.25,38.87,5660
2017-08-02,38.39,38.84,37.1,37.2,3572
2017-08-03,37.66,37.66,36.96,37.23,1621
2017-08-04,37.38,37.49,36.7,37.04,1579
2017-08-07,37.37,37.37,36.82,37.0,1380
2017-08-08,37.36,37.36,36.6,37.1,3009
2017-08-09,37.18,37.35,36.22,36.9,2303
2017-08-10,36.88,36.95,36.13,36.3,2513
2017-08-11,36.02,36.49,36.01,36.12,2021
2017-08-14,36.12,37.4,35.89,36.86,1627
2017-08-15,37.2,37.35,36.27,37.18,1176
2017-08-16,37.4,37.88,36.98,37.79,1693
2017-08-17,37.99,38.45,37.38,37.87,1490
2017-08-18,37.28,38.03,37.28,37.68,1679
2017-08-21,37.68,38.15,37.14,37.9,2329
2017-08-22,37.85,37.85,36.86,37.26,3066
2017-08-23,37.17,37.2,36.45,36.78,1925
2017-08-24,36.84,37.18,36.5,36.97,1179
2017-08-25,36.97,37.2,36.76,37.17,2912
2017-08-28,37.2,37.99,37.17,37.94,2949
2017-08-29,37.93,38.4,37.51,37.86,2787
2017-08-30,37.65,38.05,37.35,37.87,2787
2017-08-31,37.39,38.01,37.39,37.9,2295
2017-09-01,37.95,38.4,37.62,37.93,2752
2017-09-04,38.2,39.99,37.6,38.8,7275
2017-09-05,38.15,39.29,38.15,38.6,5039
2017-09-06,38.38,38.7,38.2,38.52,4270
2017-09-07,38.04,39.27,38.04,38.87,7569
2017-09-08,38.74,39.0,38.32,38.57,4691
2017-09-11,38.45,39.17,38.45,38.86,3278
2017-09-12,38.61,38.95,37.89,38.28,4584
2017-09-13,38.28,38.55,37.84,38.38,2499
2017-09-14,38.2,38.35,37.7,37.82,3166
2017-09-15,37.44,38.16,37.03,37.72,2604
2017-09-18,37.38,37.97,37.15,37.93,2573
2017-09-19,37.93,38.24,37.63,37.89,2597
2017-09-20,37.98,38.24,37.53,38.22,5288
2017-09-21,38.51,38.51,37.72,37.99,3105
2017-09-22,37.9,37.9,37.41,37.78,2343
2017-09-25,37.61,37.9,37.0,37.15,2513
2017-09-26,37.16,37.2,36.32,36.53,3841
2017-09-27,36.77,37.49,36.38,37.4,2969
2017-09-28,37.4,38.1,37.2,37.3,2369
2017-09-29,37.21,37.8,37.18,37.77,1857
2017-10-09,37.79,38.01,37.51,37.89,2195
2017-10-10,38.08,38.27,37.68,38.25,2241
2017-10-11,38.45,38.99,38.34,38.51,4215
2017-10-12,38.8,38.8,37.7,38.0,2763
2017-10-13,38.02,38.39,37.83,38.31,2940
2017-10-16,38.31,38.32,37.1,37.5,3190
2017-10-17,37.15,37.87,37.0,37.37,2285
2017-10-18,37.3,37.63,36.5,36.68,6253
2017-10-19,36.53,36.87,36.37,36.7,2420
2017-10-20,36.5,37.38,36.3,37.26,1870
2017-10-23,36.98,39.88,36.81,38.14,5978
2017-10-24,38.09,41.95,38.09,41.95,22405
2017-10-25,41.95,41.99,40.4,41.37,14735
2017-10-26,40.95,40.99,39.8,40.16,8771
2017-10-27,40.0,40.66,39.31,39.6,5787
2017-10-30,39.7,43.44,39.01,42.37,13111
2017-10-31,41.95,44.88,41.2,43.56,12936
2017-11-01,43.77,43.82,41.66,42.44,9689
2017-11-02,42.44,42.88,41.51,41.59,4884
2017-11-03,41.27,41.99,40.2,40.61,6156
2017-11-06,40.99,41.4,40.02,40.48,7742
2017-11-07,41.0,43.55,40.5,43.08,16211
2017-11-08,42.33,42.85,41.0,41.21,12733
2017-11-09,41.12,41.76,40.41,41.08,7439
2017-11-10,40.8,42.19,40.8,41.86,7633
2017-11-13,42.1,42.16,41.03,41.18,6769
2017-11-14,41.2,41.7,40.5,40.81,7361
2017-11-15,40.28,41.0,39.8,39.83,4920
2017-11-16,39.93,40.33,39.15,39.32,4983
2017-11-17,39.32,39.68,38.8,39.47,6352
2017-11-20,39.47,39.63,38.1,39.37,4783
2017-11-21,39.05,40.24,39.05,39.22,3784
2017-11-22,39.29,39.68,38.83,38.84,5362
2017-11-23,38.9,39.13,36.5,37.6,7321
2017-11-24,37.65,38.1,36.5,36.81,4544
2017-11-27,36.02,36.74,35.92,36.32,4110
2017-11-28,36.2,37.15,36.2,37.01,2769
2017-11-29,37.16,38.8,36.64,38.6,4646
2017-11-30,38.5,38.7,37.91,38.26,2317
2017-12-01,38.0,38.36,37.85,37.91,1498
2017-12-04,37.88,38.18,37.71,37.8,1732
2017-12-05,37.8,38.08,37.56,37.56,2359
2017-12-06,37.55,38.09,37.54,37.94,1078
2017-12-07,37.94,38.37,37.85,38.27,1263
2017-12-08,38.07,38.44,38.02,38.4,1664
2017-12-11,38.08,38.78,38.08,38.75,1672
2017-12-12,38.68,38.68,38.06,38.18,2053
2017-12-13,38.4,38.4,37.99,38.29,1240
2017-12-14,38.01,38.25,37.68,37.7,2195
2017-12-15,37.75,38.5,37.53,38.02,1525
2017-12-18,38.2,38.2,37.47,37.48,4848
2017-12-19,37.7,38.16,37.44,37.62,1435
2017-12-20,37.65,37.84,37.45,37.8,4092
2017-12-21,37.7,37.97,37.65,37.76,1879
2017-12-22,37.77,38.1,37.75,37.87,1540
2017-12-25,37.8,38.0,37.01,37.4,1451
2017-12-26,37.02,37.02,36.1,36.62,1728
2017-12-27,36.62,36.92,36.2,36.48,794
2017-12-28,36.17,36.79,36.03,36.46,1414
2017-12-29,36.75,36.75,35.2,35.98,2523
2018-01-02,35.82,35.96,35.01,35.76,1724
2018-01-03,35.73,36.35,35.33,36.13,1857
2018-01-04,36.15,36.99,35.52,36.28,4050
2018-01-05,36.22,36.48,35.62,36.15,1583
2018-01-08,36.15,36.15,35.39,35.88,1118
2018-01-09,35.74,35.9,35.31,35.71,2070
2018-01-10,35.55,35.64,35.15,35.27,1404
2018-01-11,35.01,35.74,34.76,35.51,1522
2018-01-12,35.77,36.64,34.88,35.58,1698
2018-01-15,35.58,35.76,33.66,34.02,2536
2018-01-16,33.38,35.5,33.38,34.8,1664
2018-01-17,34.17,34.77,33.75,34.67,1334
2018-01-18,34.55,34.71,34.26,34.48,764
2018-01-19,34.46,34.92,34.31,34.72,1068
2018-01-22,34.56,35.5,33.63,34.79,1244
2018-01-23,34.77,35.35,34.76,35.03,1139
2018-01-24,35.01,35.26,34.58,34.8,678
2018-01-25,34.8,34.98,33.59,34.78,1724
2018-01-26,33.96,34.87,33.96,34.33,644
2018-01-29,34.33,34.5,33.6,33.98,969
2018-01-30,33.05,34.1,32.96,33.8,1237
2018-01-31,33.33,33.79,31.21,32.99,1767
2018-02-01,32.49,33.29,32.0,33.01,3037
2018-02-02,32.01,32.5,31.23,32.01,3651
2018-02-05,31.25,31.66,30.0,30.98,2877
2018-02-06,29.51,31.0,29.38,30.99,3605
2018-02-07,30.6,31.61,29.8,31.11,1678
2018-02-08,30.16,31.27,30.16,30.94,712
2018-02-09,30.94,30.94,29.8,30.44,866
2018-02-12,30.06,30.78,30.06,30.45,844
2018-02-13,30.85,31.25,30.4,30.83,1366
2018-02-14,30.83,30.9,30.1,30.8,692
2018-02-22,30.31,31.28,30.31,30.91,779
2018-02-23,30.66,31.87,30.31,31.36,1320
2018-02-26,31.39,32.28,31.14,32.24,1495
2018-02-27,32.7,33.79,32.03,32.3,973
2018-02-28,31.3,32.27,31.3,32.17,556
2018-03-01,31.87,32.46,31.6,32.27,1072
2018-03-02,31.99,32.16,31.91,32.07,1084
2018-03-05,31.46,32.44,31.46,32.02,582
2018-03-06,31.96,33.48,31.89,33.29,2136
2018-03-07,32.9,33.33,32.89,32.99,946
2018-03-08,32.88,33.16,32.7,33.07,493
2018-03-09,33.25,33.28,32.72,33.17,1638
2018-03-12,33.21,33.89,33.21,33.87,1583
2018-03-13,33.98,33.98,33.01,33.26,2104
2018-03-14,33.0,33.34,32.39,32.79,1106
2018-03-15,32.31,32.73,32.06,32.3,1380
2018-03-16,32.36,32.64,32.03,32.33,964
2018-03-19,31.51,33.49,31.5,33.34,1809
2018-03-20,33.27,33.27,32.53,33.0,985
2018-03-21,33.45,33.6,32.63,32.68,1846
2018-03-22,32.68,33.15,32.3,32.7,891
2018-03-23,32.5,32.66,30.43,31.03,2087
2018-03-26,30.58,31.39,29.82,31.37,1340
2018-03-27,31.37,32.29,31.15,32.12,1180
2018-03-28,32.0,32.63,31.59,31.98,1948
2018-03-29,31.98,32.99,31.78,32.41,1326
2018-03-30,32.37,33.59,32.13,33.51,2374
2018-04-02,33.51,34.4,33.0,33.47,3331
2018-04-03,33.15,33.38,32.31,32.65,1616
2018-04-04,32.21,32.8,31.84,32.26,2001
2018-04-09,32.05,32.5,31.62,31.87,1379
2018-04-10,31.85,32.28,31.28,31.5,1796
2018-04-11,31.78,32.36,31.25,31.98,1923
2018-04-12,32.11,32.3,31.61,31.79,1159
2018-04-13,31.89,31.97,31.61,31.79,1000
2018-04-16,31.72,32.0,31.11,31.21,1615
2018-04-17,31.12,31.42,30.02,30.26,2074
2018-04-18,30.26,30.6,29.2,30.29,3309
2018-04-19,29.65,30.19,29.56,30.09,1572
2018-04-20,29.6,30.0,29.02,29.22,1319
2018-04-23,29.22,29.22,26.43,27.36,9827
2018-04-24,27.0,27.87,26.74,27.72,3670
2018-04-25,27.62,29.95,27.31,29.67,4580
2018-04-26,29.5,29.5,28.45,28.63,2946
2018-04-27,28.38,29.4,28.02,29.04,2537
2018-05-02,29.0,29.0,28.17,28.46,2140
2018-05-03,28.06,28.92,27.78,28.74,1782
2018-05-04,28.75,28.75,28.22,28.57,864
2018-05-07,28.63,29.38,27.5,29.29,2502
2018-05-08,29.05,29.3,28.85,29.25,2088
2018-05-09,29.25,29.25,28.8,29.11,1493
2018-05-10,29.21,29.26,28.83,29.19,2998
2018-05-11,29.19,29.38,28.36,28.68,2591
2018-05-14,28.66,28.85,28.23,28.53,1557
2018-05-15,28.53,28.8,28.11,28.78,1724
2018-05-16,28.5,28.74,28.49,28.65,1043
2018-05-17,28.26,28.63,27.92,28.37,1068
2018-05-18,28.36,28.75,27.6,28.41,1978
2018-05-21,28.47,29.16,28.47,28.94,2067
2018-05-22,28.94,29.26,28.82,29.07,1345
2018-05-23,28.51,29.41,28.51,28.76,1268
2018-05-24,28.52,28.79,28.52,28.56,1056
2018-05-25,28.69,30.8,28.48,29.7,3789
2018-05-28,29.83,30.19,28.63,28.75,3162
2018-05-29,28.45,28.55,27.8,28.04,2276
2018-05-30,27.8,28.04,25.53,26.31,4057
2018-05-31,26.75,27.19,26.35,27.01,3085
2018-06-01,26.5,27.5,26.25,27.18,1417
2018-06-06,26.98,28.1,26.71,27.82,2574
2018-06-07,27.4,27.99,27.24,27.26,1867
2018-06-08,27.05,27.34,26.69,27.27,1771
2018-06-11,27.26,27.4,26.81,27.23,2247
2018-06-12,27.23,27.39,26.4,27.18,2191
2018-06-13,27.0,27.2,26.5,27.0,2447
2018-06-14,26.88,26.93,25.5,26.45,3015
2018-06-15,26.2,26.33,24.7,24.82,2616
2018-06-19,24.08,24.8,22.34,22.34,3333
2018-06-20,21.57,22.4,21.01,21.17,8520
2018-06-21,21.08,21.08,19.55,19.92,16783
2018-06-22,20.5,20.93,19.92,20.27,3695
2018-06-25,20.33,20.59,20.15,20.26,3458
2018-06-26,19.95,20.56,19.9,20.34,3471
2018-06-27,20.46,20.7,20.08,20.1,3233
2018-06-28,20.17,21.95,20.0,21.44,13067
2018-06-29,22.3,22.3,20.94,21.94,7348
2018-07-02,21.52,21.56,20.51,21.0,5070
2018-07-03,20.85,21.39,20.49,21.25,3944
2018-07-04,21.3,21.41,20.5,20.59,3248
2018-07-05,20.66,20.75,19.11,19.31,3071
2018-07-06,19.56,20.5,19.21,20.42,4624
2018-07-09,20.41,20.69,20.01,20.53,2630
2018-07-10,20.6,20.92,20.5,20.66,1845
2018-07-11,20.65,20.65,19.8,20.04,3385
2018-07-12,19.91,20.82,19.91,20.63,2905
2018-07-13,20.63,21.7,20.45,21.04,3825
2018-07-16,20.15,21.16,20.01,21.04,3180
2018-07-17,21.15,21.3,20.32,20.87,1929
2018-07-18,21.02,21.4,20.58,20.95,2426
2018-07-19,20.9,21.23,20.48,20.68,2108
2018-07-20,21.15,21.15,20.35,21.12,2030
2018-07-23,21.15,21.21,20.66,20.9,2936
2018-07-24,20.99,21.4,20.71,21.23,3921
2018-07-25,21.23,22.2,21.05,21.77,8553
2018-07-26,21.67,21.78,21.13,21.49,5164
2018-07-27,21.46,21.58,21.12,21.24,3518
2018-07-30,21.24,23.36,20.8,23.36,14199
2018-07-31,22.75,25.7,22.22,24.03,19671
2018-08-01,23.5,23.59,21.95,22.35,12845
2018-08-02,22.28,22.28,20.25,21.02,10294
2018-08-03,20.82,21.0,20.38,20.43,6695
2018-08-06,20.33,20.61,20.0,20.35,6078
2018-08-07,20.21,20.97,20.21,20.7,3800
2018-08-08,20.8,20.89,20.07,20.26,2448
2018-08-09,20.26,20.99,19.91,20.79,4187
2018-08-10,20.63,22.8,20.63,21.37,6224
2018-08-13,21.12,23.51,21.08,23.51,11332
2018-08-14,24.7,25.86,24.21,24.27,27059
2018-08-15,26.7,26.7,25.5,26.7,25408
2018-08-16,25.55,27.5,24.03,24.03,28315
2018-08-17,24.3,25.32,23.55,24.82,21014
2018-08-20,24.31,24.4,22.5,23.34,16673
2018-08-21,23.48,23.48,22.7,23.34,9848
2018-08-22,23.06,23.16,22.31,22.76,8054
2018-08-23,22.7,23.6,22.43,23.5,9982
2018-08-24,23.47,23.47,22.8,22.84,5710
2018-08-27,22.45,23.2,22.45,23.17,5644
2018-08-28,23.15,24.47,22.6,24.34,10717
2018-08-29,24.1,24.12,23.49,23.71,6809
2018-08-30,23.55,24.0,23.02,23.02,5244
2018-08-31,22.73,23.02,22.08,22.87,4155
2018-09-03,22.62,22.62,22.0,22.35,3540
2018-09-04,22.49,22.75,22.18,22.6,2739
2018-09-05,22.49,24.38,22.25,22.86,5572
2018-09-06,22.74,23.37,22.56,23.17,4159
2018-09-07,23.15,23.35,22.23,22.51,4711
2018-09-10,22.3,22.42,21.76,21.78,4128
2018-09-11,21.83,22.4,20.55,22.28,3368
2018-09-12,22.0,22.28,21.79,21.89,1888
2018-09-13,21.89,22.44,21.89,22.17,2374
2018-09-14,22.0,22.55,21.99,22.22,4180
2018-09-17,22.16,22.45,21.61,21.7,2384
2018-09-18,22.1,22.42,21.62,22.38,3019
2018-09-19,22.46,22.53,22.08,22.44,3029
2018-09-20,22.32,22.73,22.31,22.41,3381
2018-09-21,22.41,22.95,22.41,22.88,4434
2018-09-25,23.29,23.29,22.39,22.62,2983
2018-09-26,22.5,22.67,22.35,22.52,2944
2018-09-27,23.33,23.33,22.35,22.53,3977
2018-09-28,22.22,22.78,22.22,22.58,1732
2018-10-08,22.35,22.35,20.81,21.16,3669
2018-10-09,21.16,21.4,20.9,21.36,1883
2018-10-10,21.1,21.63,21.1,21.43,1056
2018-10-11,20.84,20.84,19.29,19.29,3877
2018-10-12,19.0,20.0,18.38,19.58,2957
2018-10-15,19.58,19.58,19.1,19.26,1532
2018-10-16,19.25,19.55,19.08,19.11,2488
2018-10-17,19.12,19.5,18.5,19.49,2697
2018-10-18,19.27,19.3,18.7,19.0,1660
2018-10-19,18.98,19.99,18.53,19.99,1924
2018-10-22,21.99,21.99,21.27,21.48,5898
2018-10-23,21.2,21.8,21.13,21.51,4521
2018-10-24,20.9,22.76,20.9,22.23,5176
2018-10-25,21.6,22.0,21.0,21.55,3383
2018-10-26,21.6,21.86,21.11,21.18,2898
2018-10-29,21.17,21.2,20.13,20.61,3604
2018-10-30,20.33,22.67,20.01,22.43,7564
2018-10-31,21.93,23.28,21.93,23.24,6139
2018-11-01,23.45,23.45,22.78,23.0,4415
2018-11-02,23.0,23.75,23.0,23.67,3745
2018-11-05,23.66,24.3,22.8,23.4,5004
2018-11-06,23.0,23.0,22.15,22.62,4832
2018-11-07,22.57,22.85,22.4,22.69,3688
2018-11-08,22.87,23.4,22.6,22.9,3530
2018-11-09,22.74,23.58,22.18,23.55,5832
2018-11-12,23.47,23.76,23.02,23.6,5132
2018-11-13,23.1,24.26,23.1,23.85,5681
2018-11-14,23.44,24.29,23.44,23.44,4948
2018-11-15,23.42,25.77,23.26,24.53,7735
2018-11-16,24.71,25.14,24.2,24.46,6733
2018-11-19,24.31,26.35,24.11,25.81,8679
2018-11-20,25.77,25.9,24.72,24.86,5242
2018-11-21,24.22,25.49,24.18,25.3,4243
2018-11-22,25.6,25.8,25.15,25.44,5544
2018-11-23,25.5,25.65,23.5,23.53,5879
2018-11-26,23.53,23.96,23.31,23.69,3865
2018-11-27,23.9,25.25,23.73,25.04,4870
2018-11-28,24.79,25.75,24.43,25.25,4125
2018-11-29,25.22,25.42,24.31,24.31,3568
2018-11-30,24.3,24.57,23.69,24.42,2287
2018-12-03,24.8,25.2,24.48,24.92,2603
2018-12-04,24.99,24.99,24.53,24.88,2073
2018-12-05,24.7,25.98,24.4,24.99,3659
2018-12-06,24.98,24.98,24.04,24.23,2870
2018-12-07,24.05,24.52,24.05,24.19,1538
2018-12-10,24.49,24.49,23.03,23.44,3448
2018-12-11,23.22,24.56,23.22,23.75,3912
2018-12-12,23.96,24.2,23.59,23.86,2239
2018-12-13,23.63,24.47,23.63,24.04,2364
2018-12-14,24.3,24.3,22.74,22.9,3405
2018-12-17,22.9,23.58,22.57,22.94,3061
2018-12-18,22.74,23.1,21.95,22.35,3337
2018-12-19,22.36,22.88,22.06,22.23,2811
2018-12-20,22.47,23.27,22.15,23.23,4008
2018-12-21,23.01,23.49,22.64,22.96,1830
2018-12-24,22.88,22.88,22.19,22.66,3245
2018-12-25,22.24,22.7,21.5,22.13,3220
2018-12-26,22.15,22.44,21.88,22.27,2287
2018-12-27,22.3,22.51,21.7,21.71,2776
2018-12-28,21.46,22.18,21.32,21.99,3421
2019-01-02,21.88,22.78,21.76,22.68,4030
2019-01-03,22.9,23.25,22.02,22.02,2145
2019-01-04,22.1,22.83,21.76,22.5,3448
2019-01-07,22.83,23.35,22.51,22.82,3719
2019-01-08,22.7,22.95,22.38,22.86,1913
2019-01-09,22.89,23.1,21.49,22.61,4291
2019-01-10,22.56,22.88,22.36,22.39,2742
2019-01-11,22.48,23.1,22.32,22.69,3181
2019-01-14,22.7,23.18,22.32,22.51,3777
2019-01-15,22.3,23.1,22.3,22.96,4126
2019-01-16,23.03,23.29,22.91,23.18,3827
2019-01-17,23.04,23.15,22.55,22.55,2782
2019-01-18,22.78,22.92,22.33,22.67,3223
2019-01-21,22.66,22.97,22.4,22.7,2712
2019-01-22,22.64,22.89,22.56,22.7,1169
2019-01-23,22.25,22.69,22.25,22.43,1471
2019-01-24,22.64,24.67,22.42,22.86,4149
2019-01-25,22.86,23.18,22.67,22.72,2441
2019-01-28,22.95,23.57,22.0,22.2,3479
2019-01-29,22.02,22.33,20.96,21.15,3879
2019-01-30,21.15,21.15,20.54,20.54,2940
2019-01-31,20.54,20.79,20.03,20.37,2776
2019-02-01,20.8,20.98,20.32,20.82,2823
2019-02-11,21.13,21.59,20.66,21.18,2313
2019-02-12,21.35,21.76,20.83,21.63,2893
2019-02-13,21.76,22.15,21.38,21.88,2295
2019-02-14,22.0,22.95,22.0,22.3,3185
2019-02-15,22.0,22.16,21.64,21.83,2448
2019-02-18,21.84,22.59,21.83,22.5,3449
2019-02-19,22.49,23.37,22.31,22.94,5312
2019-02-20,22.74,23.29,22.6,23.19,3581
2019-02-21,22.87,23.33,22.87,23.17,4096
2019-02-22,23.19,23.43,22.92,23.41,4196
2019-02-25,23.69,24.56,23.5,24.25,7705
2019-02-26,24.25,24.36,23.6,23.85,8666
2019-02-27,23.71,24.25,23.52,23.87,9276
2019-02-28,23.85,24.17,23.78,23.87,3636
2019-03-01,24.15,24.35,23.61,24.15,6595
2019-03-04,24.27,24.84,24.15,24.47,6238
2019-03-05,24.49,25.29,24.22,25.14,6051
2019-03-06,25.19,25.98,25.19,25.8,8167
2019-03-07,25.79,26.14,25.39,25.89,8713
2019-03-08,25.77,25.78,24.73,24.75,9689
2019-03-11,24.98,26.0,24.53,25.9,6766
2019-03-12,25.97,27.0,25.75,26.44,9000
2019-03-13,26.61,26.97,25.4,25.65,9167
2019-03-14,25.8,26.2,24.77,25.31,6504
2019-03-15,25.6,25.88,24.81,25.29,6132
2019-03-18,25.25,26.45,25.25,26.32,8521
2019-03-19,25.71,26.05,25.1,25.87,10171
2019-03-20,25.97,26.28,25.38,26.12,9784
2019-03-21,25.97,27.7,25.71,27.21,12669
2019-03-22,26.75,27.11,26.51,26.84,17032
2019-03-25,26.84,29.52,26.4,29.44,28040
2019-03-26,29.09,29.6,27.4,29.22,20449
2019-03-27,28.6,29.38,27.27,28.98,17629
2019-03-28,28.85,28.85,27.78,27.89,6297
2019-03-29,28.0,28.99,27.11,28.18,9610
2019-04-01,28.38,29.88,27.8,29.85,13534
2019-04-02,29.85,31.99,29.5,31.8,22682
2019-04-03,32.0,33.44,31.08,31.82,27995
2019-04-04,31.82,32.31,30.8,31.31,8185
2019-04-08,31.31,31.91,29.71,30.33,8893
2019-04-09,30.34,30.67,29.48,30.67,4279
2019-04-10,30.67,30.78,29.88,30.27,3565
2019-04-11,30.27,30.85,29.91,30.03,7651
2019-04-12,29.43,30.42,29.13,29.98,6670
2019-04-15,30.18,30.36,29.65,29.72,4526
2019-04-16,29.89,30.4,29.38,30.4,5793
2019-04-17,30.66,30.99,29.62,30.0,6968
2019-04-18,29.84,30.51,29.3,29.89,4842
2019-04-19,29.99,30.48,29.79,30.21,4508
2019-04-22,30.21,30.21,29.22,29.55,5937
2019-04-23,29.76,29.98,29.21,29.43,3315
2019-04-24,29.47,29.47,28.31,29.46,4293
2019-04-25,29.66,30.01,27.87,29.36,5828
2019-04-26,29.5,29.5,28.47,28.97,3259
2019-04-29,28.97,29.87,28.51,29.23,10336
2019-04-30,28.67,29.3,28.47,28.9,3504
2019-05-06,27.5,28.36,26.14,26.3,3286
2019-05-07,26.54,27.5,26.54,26.91,3940
2019-05-08,26.83,29.1,26.31,28.28,4233
2019-05-09,27.82,28.48,27.5,28.01,3356
2019-05-10,28.21,29.81,28.01,29.61,4234
2019-05-13,29.65,29.74,29.14,29.61,2658
2019-05-14,28.6,29.99,28.08,28.7,2898
2019-05-15,28.89,29.79,28.88,29.54,5672
2019-05-16,29.52,30.55,29.29,30.5,7515
2019-05-17,30.38,30.55,28.02,29.21,6524
2019-05-20,29.1,29.1,26.88,27.15,6221
2019-05-21,27.49,27.96,26.66,27.49,4431
2019-05-22,27.48,28.08,27.16,27.79,4068
2019-05-23,28.1,28.1,26.69,26.69,3371
2019-05-24,26.2,27.55,26.2,27.08,3813
2019-05-27,27.07,27.5,26.5,27.5,5269
2019-05-28,27.32,28.28,27.19,27.69,3609
2019-05-29,27.69,28.08,27.43,27.84,2459
2019-05-30,27.75,28.11,27.1,27.85,3286
2019-05-31,28.04,29.9,27.89,28.99,6213
2019-06-03,28.47,28.76,26.81,27.06,7096
2019-06-04,27.06,27.38,26.37,26.56,3538
2019-06-05,26.89,27.05,26.51,26.95,4308
2019-06-06,26.6,27.33,26.59,27.07,5592
2019-06-10,26.2,27.25,26.05,27.02,5006
2019-06-11,27.3,27.97,26.81,27.6,5380
2019-06-12,27.6,28.44,27.44,27.53,2999
2019-06-13,27.43,28.0,27.43,27.66,2340
2019-06-14,27.89,27.92,26.42,26.65,3028
2019-06-17,26.01,29.32,26.01,29.32,13962
2019-06-18,29.32,29.35,27.9,28.0,13312
2019-06-19,28.28,28.39,27.8,28.0,7965
2019-06-20,27.79,28.2,27.13,28.15,6694
2019-06-21,28.38,28.59,28.17,28.47,6858
2019-06-24,28.36,29.98,28.03,29.53,17615
2019-06-25,29.5,29.5,28.4,28.9,9309
2019-06-26,28.45,29.56,28.42,29.2,9925
2019-06-27,29.1,29.1,28.76,28.79,9060
2019-06-28,28.89,28.89,27.3,28.03,9715
2019-07-01,28.1,29.88,28.1,29.65,15861
2019-07-02,29.51,29.7,29.02,29.6,9436
2019-07-03,29.2,30.1,28.96,29.57,11541
2019-07-04,29.58,30.09,29.2,29.26,4670
2019-07-05,29.6,30.59,29.18,30.32,7988
2019-07-08,30.19,30.98,29.8,30.78,10899
2019-07-09,30.55,30.96,29.6,30.8,7990
2019-07-10,30.49,30.77,29.82,30.5,5091
2019-07-11,30.4,30.55,29.68,29.75,4696
2019-07-12,29.53,30.5,29.44,30.0,4708
2019-07-15,29.83,30.53,29.5,30.23,4537
2019-07-16,30.29,30.29,29.81,30.18,3780
2019-07-17,30.11,30.15,29.51,29.54,4421
2019-07-18,29.05,29.49,28.51,28.51,5128
2019-07-19,28.23,29.5,28.23,29.18,6944
2019-07-22,29.29,29.36,27.3,28.18,6295
2019-07-23,28.14,28.59,27.51,28.16,4347
2019-07-24,28.16,28.63,28.08,28.39,4612
2019-07-25,28.29,28.35,27.64,27.81,4228
2019-07-26,27.61,28.11,27.52,27.96,6094
2019-07-29,27.91,28.1,27.68,27.76,2647
2019-07-30,27.81,28.6,27.61,28.53,4773
2019-07-31,28.39,28.41,27.69,28.3,3989
2019-08-01,28.0,28.13,27.5,28.13,3100
2019-08-02,27.6,28.13,27.37,28.01,2428
2019-08-05,27.7,27.94,27.05,27.11,4360
2019-08-06,26.39,26.87,26.06,26.65,3939
2019-08-07,26.7,26.96,26.37,26.5,1423
2019-08-08,26.65,26.73,26.3,26.58,1701
2019-08-09,26.59,26.8,25.8,25.95,2308
2019-08-12,25.99,27.0,25.64,26.94,3564
2019-08-13,26.79,26.79,26.22,26.48,1668
2019-08-14,26.66,27.3,26.59,27.0,3905
2019-08-15,27.0,27.54,26.47,27.11,4041
2019-08-16,27.11,27.28,26.8,26.9,3518
2019-08-19,27.01,28.01,26.95,27.91,5651
2019-08-20,27.95,28.06,27.38,27.49,4456
2019-08-21,27.55,27.89,27.41,27.47,3280
2019-08-22,27.74,28.08,27.44,27.9,3699
2019-08-23,27.62,28.08,27.21,27.33,3453
2019-08-26,26.88,27.47,26.65,27.26,2945
2019-08-27,27.06,28.0,27.06,27.85,3598
2019-08-28,27.85,28.24,27.78,27.99,3309
2019-08-29,28.28,28.28,27.81,27.96,2487
2019-08-30,28.0,28.15,27.29,27.35,3035
2019-09-02,27.59,27.96,27.23,27.9,4566
2019-09-03,28.13,28.2,27.66,28.2,3787
2019-09-04,28.2,28.2,27.7,27.96,4004
2019-09-05,27.81,28.68,27.81,28.17,7969
2019-09-06,28.17,28.5,27.7,27.99,5242
2019-09-09,28.38,28.38,27.85,28.25,7257
2019-09-10,28.4,28.4,27.7,28.25,8835
2019-09-11,28.25,28.25,27.67,27.72,8294
2019-09-12,27.72,27.87,27.59,27.75,4659
2019-09-16,27.75,27.95,27.68,27.76,4502
2019-09-17,27.8,27.8,26.8,26.85,7225
2019-09-18,27.37,27.37,26.88,27.17,3959
2019-09-19,27.25,27.68,27.15,27.62,6307
2019-09-20,27.64,28.0,27.56,27.66,7413
2019-09-23,27.83,27.9,27.25,27.46,6421
2019-09-24,27.4,27.65,27.04,27.09,13985
2019-09-25,26.9,27.14,26.5,26.74,7027
2019-09-26,26.77,26.77,25.6,25.69,7957
2019-09-27,25.74,25.9,25.5,25.68,10008
2019-09-30,25.68,25.68,24.85,24.92,5275
2019-10-08,24.9,26.8,24.8,26.45,14278
2019-10-09,26.13,27.16,25.61,26.84,10721
2019-10-10,26.75,27.2,26.47,27.1,6801
2019-10-11,27.1,27.68,26.85,27.05,3589
2019-10-14,27.09,27.58,27.09,27.2,4748
2019-10-15,27.45,27.73,27.1,27.25,6228
2019-10-16,27.52,27.64,26.72,26.99,5713
2019-10-17,27.33,27.55,26.83,26.94,2576
2019-10-18,27.28,27.3,26.36,26.36,3457
2019-10-21,26.35,26.86,26.35,26.65,2766
2019-10-22,26.64,27.92,26.64,27.55,8709
2019-10-23,27.5,27.96,27.2,27.45,5662
2019-10-24,27.22,27.65,27.22,27.41,4007
2019-10-25,27.49,27.5,27.11,27.41,3590
2019-10-28,27.7,28.58,27.47,27.9,25155
2019-10-29,28.1,28.2,26.0,26.99,26544
2019-10-30,26.47,27.0,25.1,26.97,19126
2019-10-31,26.51,26.63,26.02,26.11,6041
2019-11-01,26.01,26.65,25.73,26.46,6946
2019-11-04,26.9,28.33,26.02,27.18,21068
2019-11-05,27.23,27.66,27.0,27.56,11118
2019-11-06,27.28,27.67,27.28,27.3,6027
2019-11-07,27.3,28.43,27.29,28.3,21716
2019-11-08,28.96,31.13,28.41,31.13,30771
2019-11-11,32.0,34.24,31.5,32.35,52312
2019-11-12,31.36,33.5,31.3,32.5,26098
2019-11-13,32.5,35.0,32.35,34.39,31344
2019-11-14,34.0,34.77,33.21,33.26,21871
2019-11-15,33.57,36.59,33.22,36.59,26563
2019-11-18,38.88,38.88,35.26,35.5,30732
2019-11-19,36.0,39.05,35.99,39.05,88661
2019-11-20,39.0,39.72,36.88,37.28,53308
2019-11-21,37.12,41.01,36.9,41.01,69829
2019-11-22,39.71,41.3,37.99,38.2,61892
2019-11-25,38.19,38.19,34.38,34.38,27217
2019-11-26,32.3,34.0,31.8,32.94,33532
2019-11-27,32.84,32.84,31.58,32.28,17385
2019-11-28,32.1,33.55,31.86,32.52,16515
2019-11-29,32.6,33.47,31.25,31.73,13996
2019-12-02,31.93,33.9,31.31,31.72,31249
2019-12-03,32.23,32.69,31.76,32.4,15302
2019-12-04,32.2,33.81,31.87,33.02,20163
2019-12-05,33.06,33.32,32.6,32.96,11739
2019-12-06,32.9,33.2,32.41,33.11,8772
2019-12-09,33.07,33.28,32.64,33.11,9621
2019-12-10,32.67,33.84,32.67,33.44,12205
2019-12-11,33.48,33.71,32.8,33.06,9067
2019-12-12,32.72,33.47,32.65,32.8,8891
2019-12-13,33.0,33.1,32.43,32.8,8561
2019-12-16,33.12,33.4,32.61,33.39,10418
2019-12-17,33.49,34.3,33.14,33.99,12969
2019-12-18,34.12,34.48,33.55,33.69,13416
2019-12-19,33.77,34.0,33.6,33.71,7963
2019-12-20,33.71,33.71,32.81,32.97,9706
2019-12-23,33.33,33.41,32.39,32.39,6940
2019-12-24,32.08,33.88,32.08,33.3,22234
2019-12-25,33.02,34.26,32.68,34.1,24663
2019-12-26,34.15,37.51,33.68,37.51,30737
2019-12-27,38.99,39.11,36.5,37.0,29032
2019-12-30,36.8,36.8,34.75,34.85,19129
2019-12-31,34.98,35.74,34.4,35.16,15768
2020-01-02,34.88,36.69,34.81,36.3,15363
2020-01-03,36.2,37.85,36.06,37.0,16775
2020-01-06,36.48,37.1,36.08,36.2,22380
2020-01-07,36.4,39.82,36.2,39.82,49468
2020-01-08,40.9,43.8,40.49,43.8,37457
2020-01-09,44.8,48.18,44.5,48.18,30123
2020-01-10,48.88,51.0,43.36,43.36,91410
2020-01-13,39.02,42.0,39.02,39.02,106882
2020-01-14,35.12,37.9,35.12,35.12,275258
2020-01-15,33.36,33.36,31.61,31.61,193944
2020-01-16,31.8,32.08,31.16,31.36,96011
2020-01-17,31.2,31.5,30.51,30.6,82774
2020-01-20,30.58,30.58,29.52,30.1,65282
2020-01-21,30.27,30.75,29.88,29.93,53400
2020-01-22,29.75,29.75,28.91,29.4,46292
2020-01-23,29.4,29.78,27.8,28.18,50930
2020-02-03,25.36,25.36,25.36,25.36,12769
2020-02-04,23.38,25.25,23.38,25.05,55478
2020-02-05,26.07,26.63,25.79,26.52,62170
2020-02-06,26.6,27.24,26.05,26.78,65134
2020-02-07,26.65,27.07,26.17,26.67,47331
2020-02-10,26.45,27.19,26.27,27.11,43938
2020-02-11,27.11,27.19,26.4,26.89,38580
2020-02-12,26.99,27.68,26.66,27.52,49793
2020-02-13,27.6,27.6,26.68,26.7,42981
2020-02-14,26.69,27.15,26.5,26.74,31066
2020-02-17,26.98,27.48,26.78,27.48,41963
2020-02-18,27.75,29.99,27.42,29.14,85351
2020-02-19,28.88,28.97,28.16,28.4,55327
2020-02-20,28.5,29.88,28.45,29.68,73153
2020-02-21,29.53,30.16,29.3,29.57,65727
2020-02-24,29.48,30.0,29.29,29.87,52753
2020-02-25,29.05,29.45,27.61,29.12,62048
2020-02-26,28.7,28.96,28.02,28.1,40868
2020-02-27,28.43,28.75,27.91,28.2,27957
2020-02-28,27.11,27.24,25.5,25.68,52199
2020-03-02,26.0,26.83,26.0,26.75,24545
2020-03-03,27.0,27.85,26.9,27.18,34034
2020-03-04,27.0,27.6,26.81,27.48,22252
2020-03-05,27.96,28.07,27.5,27.8,28725
2020-03-06,27.41,28.19,27.23,28.08,30287
2020-03-09,27.67,27.67,26.5,26.58,36796
2020-03-10,26.03,27.27,26.0,27.26,31211
2020-03-11,27.38,27.94,27.11,27.12,28562
2020-03-12,26.75,26.99,26.0,26.32,25478
2020-03-13,24.92,25.86,24.68,25.51,31111
2020-03-16,25.51,26.09,23.91,24.29,25958
2020-03-17,24.3,24.6,23.08,24.11,22627
2020-03-18,24.21,24.62,23.47,23.47,22768
2020-03-19,23.35,23.9,23.09,23.75,21538
2020-03-20,23.8,24.41,23.71,24.4,20859
2020-03-23,23.8,24.17,23.43,23.64,16976
2020-03-24,24.09,24.3,23.31,23.99,16148
2020-03-25,24.43,24.59,24.3,24.56,20318
2020-03-26,24.31,24.76,24.11,24.41,15357
2020-03-27,24.44,24.67,24.3,24.39,14682
2020-03-30,24.0,24.01,23.25,23.51,15556
2020-03-31,23.85,23.85,23.4,23.42,12706
2020-04-01,23.5,23.8,23.3,23.42,11437
2020-04-02,23.24,23.96,23.05,23.9,13047
2020-04-03,23.9,24.5,23.66,24.02,15463
2020-04-07,24.42,24.68,24.35,24.58,17364
2020-04-08,24.55,24.93,24.48,24.76,17577
2020-04-09,24.82,25.18,24.81,25.04,17448
2020-04-10,25.2,25.66,24.77,24.9,29308
2020-04-13,24.52,24.77,23.43,24.41,27362
2020-04-14,24.72,24.78,24.26,24.57,17895
2020-04-15,24.62,24.75,24.29,24.29,16163
2020-04-16,24.49,24.49,24.0,24.09,15390
2020-04-17,24.24,24.35,24.0,24.02,13829
2020-04-20,24.03,24.23,23.75,24.16,12856
2020-04-21,23.99,24.16,23.58,24.03,14395
2020-04-22,23.85,24.18,23.63,24.14,8771
2020-04-23,24.4,24.44,23.78,23.81,14454
2020-04-24,23.85,23.85,23.04,23.05,15456
2020-04-27,23.0,23.09,22.55,22.56,15258
2020-04-28,22.47,22.69,20.72,21.35,20177
2020-04-29,21.4,21.76,21.35,21.44,10366
2020-04-30,21.68,22.21,21.6,22.04,13656
2020-05-06,21.8,23.05,21.8,22.95,14838
2020-05-07,22.94,23.36,22.78,22.82,12616
2020-05-08,22.91,23.45,22.91,23.25,12986
2020-05-11,23.24,23.5,22.94,23.06,10159
2020-05-12,23.21,23.21,22.6,22.92,7675
2020-05-13,22.7,23.16,22.66,23.1,7305
2020-05-14,22.92,23.27,22.82,22.93,7990
2020-05-15,22.88,23.14,22.8,23.08,6100
2020-05-18,23.22,23.22,22.62,22.75,9248
2020-05-19,22.76,23.0,22.7,22.84,7087
2020-05-20,22.76,22.98,22.52,22.98,9576
2020-05-21,22.95,23.08,22.68,22.7,6713
2020-05-22,22.7,22.79,22.48,22.66,7901
2020-05-25,22.75,22.84,22.3,22.56,5508
2020-05-26,22.5,22.98,22.5,22.83,7520
2020-05-27,22.84,23.27,22.8,23.0,13000
2020-05-28,23.13,23.13,22.6,22.8,9127
2020-05-29,22.76,23.46,22.54,23.26,14512
2020-06-01,23.47,23.77,23.22,23.62,15617
2020-06-02,23.69,23.86,23.44,23.74,12468
2020-06-03,23.65,23.78,23.37,23.4,10910
2020-06-04,23.45,23.81,23.32,23.7,11631
2020-06-05,23.65,23.8,23.29,23.51,8743
2020-06-08,23.51,23.68,23.13,23.14,8560
2020-06-09,23.2,23.38,23.11,23.25,6483
2020-06-10,23.17,23.29,22.85,22.98,6741
2020-06-11,23.09,23.12,22.75,22.79,6968
2020-06-12,22.55,22.62,22.22,22.55,10176
2020-06-15,22.52,23.08,22.47,22.72,9235
2020-06-16,22.96,23.18,22.79,23.14,7078
2020-06-17,23.12,23.32,22.94,23.17,8433
2020-06-18,23.12,23.22,22.9,23.05,6054
2020-06-19,23.13,23.13,22.96,23.01,5840
2020-06-22,23.09,23.3,22.95,23.17,8321
2020-06-23,23.1,23.16,22.92,22.98,6422
2020-06-24,22.98,23.1,22.82,22.86,8833
2020-06-29,22.86,22.94,22.38,22.39,8339
2020-06-30,22.45,22.95,22.45,22.81,9087
2020-07-01,22.81,23.26,22.73,23.16,13826
2020-07-02,23.11,23.25,22.93,23.22,10601
2020-07-03,23.47,23.82,23.23,23.77,21220
2020-07-06,23.89,24.36,23.8,24.32,30997
2020-07-07,24.4,24.48,23.91,24.32,31015
2020-07-08,24.49,24.88,24.24,24.63,29938
2020-07-09,24.6,25.16,24.54,24.94,28891
2020-07-10,24.83,27.43,24.73,27.43,95776
2020-07-13,27.55,30.09,27.39,29.64,113373
2020-07-14,29.03,29.22,27.49,28.31,66142
2020-07-15,28.3,28.35,26.61,26.63,44951
2020-07-16,26.79,26.88,25.26,25.29,31502
2020-07-17,25.35,26.11,25.2,25.74,22681
2020-07-20,26.08,26.5,25.85,26.5,20051
2020-07-21,26.38,26.49,25.62,25.78,22032
2020-07-22,25.8,26.16,25.64,25.77,18010
2020-07-23,25.6,25.6,24.66,25.3,26574
2020-07-24,25.31,25.66,24.18,24.38,21691
2020-07-27,24.38,24.52,23.89,24.45,11551
2020-07-28,24.45,25.09,24.45,24.72,12202
2020-07-29,24.67,25.24,24.48,25.18,14387
2020-07-30,25.12,25.22,24.48,24.56,19477
2020-07-31,24.55,24.86,24.18,24.74,14033
2020-08-03,24.75,26.05,24.75,25.83,28231
2020-08-04,25.99,25.99,25.32,25.5,16353
2020-08-05,25.62,25.85,25.38,25.68,13522
2020-08-06,25.68,26.47,25.17,26.4,27027
2020-08-07,26.26,27.47,26.14,26.92,50597
2020-08-10,26.55,27.2,25.96,26.22,29130
2020-08-11,26.1,26.22,25.16,25.3,21700
2020-08-12,25.2,25.23,24.6,25.11,13314
2020-08-13,25.11,25.47,24.99,25.11,10170
2020-08-14,25.11,25.23,24.7,25.11,10478
2020-08-17,25.5,26.87,25.5,26.64,37683
2020-08-18,26.62,26.88,26.31,26.33,22555
2020-08-19,26.33,26.77,26.19,26.3,21512
2020-08-20,26.0,26.18,25.6,25.66,14368
2020-08-21,25.66,26.09,25.64,25.83,11596
2020-08-24,25.97,25.98,25.55,25.83,9844
2020-08-25,25.84,26.42,25.74,26.4,14370
2020-08-26,26.28,26.28,25.25,25.29,20345
2020-08-27,25.33,26.12,25.23,26.0,17200
2020-08-28,26.0,26.07,25.56,25.99,14019
2020-08-31,26.26,26.56,26.04,26.15,14926
2020-09-01,26.15,26.23,25.6,25.8,15261
2020-09-02,25.97,26.35,25.79,26.1,17306
2020-09-03,26.07,26.09,25.61,25.73,12553
2020-09-04,25.28,25.98,25.22,25.84,12925
2020-09-07,25.88,26.38,25.3,25.58,19675
2020-09-08,25.84,26.06,25.34,25.99,13275
2020-09-09,25.8,26.12,25.4,25.53,18139
2020-09-10,25.61,25.7,24.4,24.5,22573
2020-09-11,24.21,24.78,24.07,24.66,8258
2020-09-14,24.76,26.43,24.69,26.35,27367
2020-09-15,26.22,26.55,26.05,26.46,21709
2020-09-16,26.32,28.6,25.62,25.94,46146
2020-09-17,25.5,25.9,24.74,24.95,29798
2020-09-18,24.95,25.08,24.78,25.06,12415
2020-09-21,25.15,25.15,24.82,24.95,9478
2020-09-22,24.75,25.05,24.65,24.69,8323
2020-09-23,24.77,24.95,24.65,24.78,6192
2020-09-24,24.65,24.76,24.21,24.3,9576
2020-09-25,24.3,24.41,24.2,24.28,5218
2020-09-28,24.5,24.5,23.65,23.65,8156
2020-09-29,23.88,23.99,23.64,23.7,5672
2020-09-30,23.85,23.85,23.28,23.45,7268
2020-10-09,23.6,24.25,23.6,24.15,7414
2020-10-12,24.3,24.71,24.17,24.6,10946
2020-10-13,24.43,25.52,24.32,24.72,12268
2020-10-14,24.72,24.84,24.4,24.47,6485
2020-10-15,24.5,24.7,24.29,24.54,5620
2020-10-16,24.71,24.82,24.33,24.69,4726
2020-10-19,24.68,24.97,24.57,24.87,7490
2020-10-20,24.7,24.78,24.4,24.75,7079
2020-10-21,24.79,24.8,24.5,24.51,6060
2020-10-22,24.42,24.47,23.9,24.2,7198
2020-10-23,24.3,24.83,24.1,24.16,8665
2020-10-26,24.16,24.29,23.65,24.02,8127
2020-10-27,24.0,24.1,23.72,23.72,8267
2020-10-28,23.85,24.1,23.46,24.05,9802
2020-10-29,23.79,25.29,23.61,24.21,14361
2020-10-30,23.99,24.2,23.52,23.56,10128
2020-11-02,23.5,23.59,22.84,23.03,15475
2020-11-03,23.03,23.98,22.89,23.88,12109
2020-11-04,23.88,24.07,23.53,23.7,8001
2020-11-05,23.83,24.01,23.48,23.74,11490
2020-11-06,23.74,23.76,23.18,23.3,10043
2020-11-09,23.42,24.04,23.42,23.77,11360
2020-11-10,23.88,23.88,23.4,23.45,10043
2020-11-11,23.47,23.52,23.0,23.15,7454
2020-11-12,23.2,23.3,22.98,23.06,6811
2020-11-13,23.11,23.18,22.9,23.03,6648
2020-11-16,23.1,23.28,23.0,23.24,6542
2020-11-17,23.24,23.33,22.9,23.15,6129
2020-11-18,23.15,23.43,23.05,23.3,9752
2020-11-19,23.28,23.46,23.16,23.41,5735
2020-11-20,23.4,23.4,23.09,23.24,7485
2020-11-23,23.27,23.42,23.1,23.38,7567
2020-11-24,23.31,23.43,23.15,23.22,6242
2020-11-25,23.24,23.31,22.98,23.0,6874
2020-11-26,23.0,23.2,22.92,23.1,6845
2020-11-27,23.03,23.07,22.8,23.0,6206
2020-11-30,23.05,23.35,22.8,23.15,8374
2020-12-01,23.02,23.4,23.01,23.33,8791
2020-12-02,23.31,23.4,23.21,23.39,4670
2020-12-03,23.38,23.54,23.25,23.43,7198
2020-12-04,23.31,23.45,23.26,23.3,4400
2020-12-07,23.33,23.33,22.98,23.06,6708
2020-12-08,23.06,23.11,22.92,23.0,4623
2020-12-09,23.07,23.07,22.58,22.6,6430
2020-12-10,22.62,22.62,22.33,22.35,7109
2020-12-11,22.36,22.41,21.63,21.9,8337
2020-12-14,21.89,21.93,21.73,21.85,5948
2020-12-15,21.9,21.9,21.7,21.8,4022
2020-12-16,21.9,21.9,21.06,21.13,8359
2020-12-17,21.1,21.2,20.64,21.19,7994
2020-12-18,21.12,21.18,20.8,20.88,5833
2020-12-21,20.9,21.1,20.64,20.98,5781
2020-12-22,20.91,20.97,20.31,20.36,7328
2020-12-23,20.32,20.54,20.26,20.38,4680
2020-12-24,20.3,20.42,19.88,19.88,7353
2020-12-25,19.72,20.36,19.72,20.28,6501
2020-12-28,20.27,20.27,19.68,19.72,5832
2020-12-29,19.72,20.09,19.59,19.85,4972
2020-12-30,19.88,20.15,19.87,20.14,4529
2020-12-31,20.23,20.58,20.16,20.4,6323
2021-01-04,20.4,20.49,20.11,20.41,6064
2021-01-05,20.34,20.34,19.91,20.09,6115
2021-01-06,19.98,20.16,19.52,19.66,8414
2021-01-07,19.58,19.58,18.45,18.53,13387
2021-01-08,18.5,18.73,17.96,18.37,8369
2021-01-11,18.25,18.48,17.41,17.45,15393
2021-01-12,17.32,17.85,17.32,17.58,8865
2021-01-13,17.6,17.6,17.0,17.02,10424
2021-01-14,16.85,17.37,16.85,17.21,7405
2021-01-15,17.19,17.95,17.16,17.76,7743
2021-01-18,17.76,18.09,17.5,18.02,5572
2021-01-19,18.02,18.33,17.9,18.25,6631
2021-01-20,18.3,18.5,18.08,18.42,6946
2021-01-21,18.4,18.51,18.05,18.2,5268
2021-01-22,18.26,18.28,17.71,17.95,5614
2021-01-25,17.88,17.88,17.41,17.5,6419
2021-01-26,17.5,17.85,17.21,17.46,5746
2021-01-27,17.87,18.42,17.71,17.93,13310
2021-01-28,17.6,18.27,17.6,17.95,8281
2021-01-29,17.95,18.12,17.61,17.78,6251
2021-02-01,17.71,18.3,17.6,18.23,6999
2021-02-02,18.19,18.24,17.87,17.95,5477
2021-02-03,17.81,18.01,17.31,17.33,6734
2021-02-04,17.09,17.49,16.92,17.19,5026
2021-02-05,17.29,17.38,16.95,16.97,4473
2021-02-08,16.97,16.97,16.23,16.51,4990
2021-02-09,16.68,16.92,16.43,16.9,4050
2021-02-10,16.9,17.06,16.81,16.95,2962
2021-02-18,17.13,17.75,17.0,17.7,7106
2021-02-19,17.74,18.15,17.58,18.03,6118
2021-02-22,18.1,18.8,18.1,18.4,9565
2021-02-23,18.2,18.45,17.91,18.04,5804
2021-02-24,18.01,18.62,17.98,18.42,6568
2021-02-25,18.68,18.73,18.03,18.07,5047
2021-02-26,18.07,19.01,17.92,18.75,12180
2021-03-01,18.75,19.2,18.74,19.09,6997
2021-03-02,19.09,19.25,18.55,18.9,7779
2021-03-03,18.69,19.02,18.69,18.96,5163
2021-03-04,18.97,19.12,18.79,19.01,6156
2021-03-05,18.82,19.36,18.82,19.29,5785
2021-03-08,19.32,19.49,19.07,19.1,5579
2021-03-09,19.07,19.35,18.3,18.55,8418
2021-03-10,18.65,18.77,17.93,18.02,6183
2021-03-11,17.99,18.83,17.75,18.78,5615
2021-03-12,18.78,19.22,18.51,19.15,7796
2021-03-15,19.19,19.25,18.81,19.1,4762
2021-03-16,19.07,19.35,19.04,19.26,4592
2021-03-17,19.1,19.86,19.09,19.85,10537
2021-03-18,19.84,19.9,19.52,19.6,5673
2021-03-19,19.43,19.96,19.43,19.77,7850
2021-03-22,19.85,19.99,19.7,19.81,6013
2021-03-23,19.81,20.26,19.76,20.0,6901
2021-03-24,20.01,20.14,19.5,19.62,6716
2021-03-25,19.75,19.95,19.32,19.64,8604
2021-03-26,19.7,19.78,19.57,19.71,5607
2021-03-29,19.58,20.2,19.51,19.71,11214
2021-03-30,19.58,19.59,18.61,18.69,13875
2021-03-31,18.74,18.85,18.55,18.69,5261
2021-04-01,18.77,19.12,18.56,19.1,7332
2021-04-02,19.1,19.18,18.75,19.12,4866
2021-04-06,19.16,19.61,19.07,19.31,7296
2021-04-07,19.32,19.55,19.1,19.49,7099
2021-04-08,19.31,19.55,18.81,18.89,8169
2021-04-09,18.9,19.25,18.9,19.18,5310
2021-04-12,19.35,19.35,18.74,18.8,5489
2021-04-13,18.8,19.2,18.8,19.05,5291
2021-04-14,18.99,19.62,18.99,19.52,7921
2021-04-15,19.52,19.91,19.41,19.75,7859
2021-04-16,19.79,20.45,19.49,20.42,13803
2021-04-19,20.1,21.06,20.1,20.67,12063
2021-04-20,20.63,20.98,20.45,20.48,8242
2021-04-21,20.46,20.82,20.21,20.52,6124
2021-04-22,20.47,20.79,20.33,20.72,7573
2021-04-23,20.62,20.93,20.44,20.7,7200
2021-04-26,19.9,19.9,18.63,18.63,26655
2021-04-27,18.54,18.59,18.06,18.29,10334
2021-04-28,18.11,18.31,18.05,18.25,5556
2021-04-29,18.22,18.22,17.97,17.97,7561
2021-04-30,17.95,18.01,17.33,17.47,8239
2021-05-06,17.53,17.78,17.43,17.49,5324
2021-05-07,17.55,17.65,17.36,17.5,3594
2021-05-10,17.5,17.94,17.46,17.7,5001
2021-05-11,17.69,18.1,17.61,18.03,3320
2021-05-12,17.98,18.15,17.88,18.08,3202
2021-05-13,18.05,18.1,17.78,17.82,4998
2021-05-14,17.97,18.08,17.83,18.08,4529
2021-05-17,18.04,18.05,17.41,17.55,9067
2021-05-18,17.43,17.68,17.4,17.61,3549
2021-05-19,17.61,17.73,17.44,17.65,4349
2021-05-20,17.52,17.78,17.33,17.59,5041
2021-05-21,17.59,17.77,17.52,17.75,5025
2021-05-24,17.75,17.85,17.6,17.81,3732
2021-05-25,17.82,17.9,17.6,17.87,4364
2021-05-26,17.88,18.21,17.83,18.12,6204
2021-05-27,18.06,18.25,18.01,18.12,5601
2021-05-28,18.15,18.25,17.92,18.06,5336
2021-05-31,18.06,18.12,17.87,18.12,3980
2021-06-01,18.16,18.53,17.96,18.46,7121
2021-06-02,18.46,18.5,18.08,18.22,6685
2021-06-03,18.17,18.4,18.12,18.22,4892
2021-06-04,18.22,18.47,18.01,18.09,6297
2021-06-07,18.14,18.34,18.06,18.3,5550
2021-06-08,18.3,18.68,18.17,18.49,7085
2021-06-09,18.48,18.8,18.3,18.74,6680
2021-06-10,18.64,19.24,18.53,19.05,10460
2021-06-11,18.9,19.3,18.65,18.7,10366
2021-06-15,18.7,18.7,18.41,18.44,5579
2021-06-16,18.4,18.62,18.3,18.35,4524
2021-06-17,18.3,18.61,18.3,18.35,3864
2021-06-18,18.32,18.71,18.11,18.71,7898
2021-06-21,18.65,18.81,18.39,18.57,11659
2021-06-22,18.51,18.7,18.49,18.59,8324
2021-06-23,18.59,18.59,18.21,18.3,9027
2021-06-24,18.3,18.34,18.11,18.11,5823
2021-06-25,18.12,18.17,17.88,18.12,7309
2021-06-28,18.12,18.33,18.02,18.27,5454
2021-06-29,18.3,18.31,17.88,17.92,6210
2021-06-30,17.89,18.06,17.87,17.9,4498
2021-07-01,17.95,17.99,17.71,17.81,4719
2021-07-02,17.83,17.83,17.56,17.67,4707
2021-07-05,17.67,18.05,17.6,18.03,6131
2021-07-06,18.04,18.13,17.8,18.08,4581
2021-07-07,18.27,18.27,17.99,18.04,3416
2021-07-08,18.04,18.14,17.82,17.86,3866
2021-07-09,17.79,18.13,17.78,18.08,4894
2021-07-12,18.09,18.6,18.05,18.39,9368
2021-07-13,18.45,18.5,18.22,18.35,5625
2021-07-14,18.3,18.4,18.15,18.28,3626
2021-07-15,18.56,18.56,17.78,17.85,7243
2021-07-16,17.85,17.94,17.77,17.82,5276
2021-07-19,17.89,17.89,17.44,17.65,4975
2021-07-20,17.6,17.75,17.5,17.73,2577
2021-07-21,17.73,17.99,17.7,17.92,5441
2021-07-22,17.98,17.98,17.81,17.88,3058
2021-07-23,17.84,17.93,17.56,17.6,3551
2021-07-26,17.59,17.71,17.17,17.3,5589
2021-07-27,17.3,17.57,17.1,17.13,3392
2021-07-28,17.29,17.3,16.0,16.52,5819
2021-07-29,16.68,16.83,16.6,16.66,4442
2021-07-30,16.66,16.9,16.54,16.83,3764
2021-08-02,16.88,17.07,16.61,17.06,4690
2021-08-03,17.07,17.38,17.04,17.17,3537
2021-08-04,17.17,17.28,17.11,17.22,1836
2021-08-05,17.33,17.33,17.12,17.2,3047
2021-08-06,17.1,17.23,16.99,17.21,2895
2021-08-09,17.2,17.81,17.05,17.58,3754
2021-08-10,17.58,17.85,17.55,17.81,3838
2021-08-11,17.81,18.33,17.74,18.14,9251
2021-08-12,18.12,18.32,17.95,18.11,5745
2021-08-13,18.25,18.25,17.82,17.97,3607
2021-08-16,17.98,18.33,17.98,18.03,5628
2021-08-17,18.2,18.21,17.56,17.75,5433
2021-08-18,17.88,18.14,17.75,18.14,4651
2021-08-19,18.01,18.47,18.01,18.24,6513
2021-08-20,18.39,18.39,17.94,18.13,5326
2021-08-23,18.19,18.55,18.16,18.42,5615
2021-08-24,18.55,19.1,18.42,18.89,12634
2021-08-25,18.89,19.34,18.8,19.09,9081
2021-08-26,19.0,19.33,19.0,19.06,8097
2021-08-27,19.0,19.18,18.65,18.82,8227
2021-08-30,18.82,19.55,18.71,19.27,16327
2021-08-31,19.15,19.48,18.95,19.05,7053
2021-09-01,19.04,19.5,19.01,19.32,15871
2021-09-02,19.25,19.34,19.03,19.25,7589
2021-09-03,19.25,19.5,19.12,19.23,6901
2021-09-06,19.28,19.48,19.1,19.37,6125
2021-09-07,19.3,20.08,19.2,20.05,17479
2021-09-08,19.91,20.14,19.73,19.97,6167
2021-09-09,19.78,20.29,19.58,19.96,9661
2021-09-10,19.96,19.96,19.48,19.79,5734
2021-09-13,19.76,19.88,19.32,19.46,7059
2021-09-14,19.45,20.18,19.33,20.02,14049
2021-09-15,19.9,20.27,19.72,19.91,5454
2021-09-16,19.91,20.49,19.62,20.28,11136
2021-09-17,20.28,20.28,19.01,19.2,13679
2021-09-22,19.05,19.81,18.9,19.67,8275
2021-09-23,19.69,20.54,19.69,20.4,10174
2021-09-24,20.2,20.51,19.4,19.49,9972
2021-09-27,19.45,19.55,18.66,18.84,8125
2021-09-28,18.63,19.05,18.57,18.73,3635
2021-09-29,18.62,18.72,18.31,18.33,4459
2021-09-30,18.4,18.97,18.4,18.86,3057
2021-10-08,19.04,20.36,19.02,20.23,11698
2021-10-11,20.34,20.34,19.72,19.82,9392
2021-10-12,19.82,19.99,19.22,19.43,7280
2021-10-13,20.34,20.6,19.13,19.77,13013
2021-10-14,19.69,19.69,19.12,19.19,14598
2021-10-15,19.19,20.45,19.19,19.42,15396
2021-10-18,19.25,19.5,18.91,19.12,13291
2021-10-19,19.24,19.24,18.71,18.75,9260
2021-10-20,18.9,18.95,18.48,18.63,6523
2021-10-21,18.72,18.81,18.26,18.37,6080
2021-10-22,18.37,18.5,18.2,18.22,4178
2021-10-25,18.22,18.22,17.75,17.92,6747
2021-10-26,17.92,18.18,17.64,17.71,5991
2021-10-27,17.62,17.99,17.27,17.42,6308
2021-10-28,17.33,17.43,17.1,17.28,5629
2021-10-29,17.58,18.08,17.28,17.97,8279
2021-11-01,18.35,19.77,18.11,19.77,24695
2021-11-02,20.0,20.52,19.38,19.79,39510
2021-11-03,19.79,21.77,19.65,21.77,49322
2021-11-04,21.85,21.99,20.73,21.22,52476
2021-11-05,20.83,21.08,20.49,20.49,30466
2021-11-08,20.59,20.98,20.42,20.68,22979
2021-11-09,20.53,20.81,20.19,20.54,19252
2021-11-10,20.52,20.76,20.23,20.66,15788
2021-11-11,20.5,20.94,20.31,20.74,21408
2021-11-12,20.75,21.49,20.59,21.44,26259
2021-11-15,21.37,21.44,20.88,21.32,17678
2021-11-16,21.32,21.91,21.11,21.32,24487
2021-11-17,21.32,22.34,21.13,22.19,23903
2021-11-18,22.18,22.42,21.59,21.59,17771
2021-11-19,21.54,22.06,21.36,21.49,14188
2021-11-22,21.7,21.7,21.1,21.2,10790
2021-11-23,21.21,21.36,20.71,21.02,11658
2021-11-24,21.14,21.41,20.62,21.14,11889
2021-11-25,21.11,21.85,20.96,21.65,13706
2021-11-26,21.45,21.63,20.7,20.9,14244
2021-11-29,20.46,21.52,20.45,21.22,14633
2021-11-30,21.03,22.68,21.03,22.49,28184
2021-12-01,22.54,23.15,22.18,22.98,22448
2021-12-02,22.74,23.78,22.74,23.01,24055
2021-12-03,22.5,23.73,22.45,23.08,18401
2021-12-06,23.3,23.3,22.11,22.25,18737
2021-12-07,22.49,22.49,21.33,21.44,15090
2021-12-08,21.5,23.3,21.5,22.38,19259
2021-12-09,22.34,22.38,21.76,22.19,14113
2021-12-10,22.25,22.45,21.88,22.34,11401
2021-12-13,22.34,22.34,21.58,21.62,11297
2021-12-14,21.76,22.64,21.45,22.61,13349
2021-12-15,22.35,22.46,21.94,22.06,9845
2021-12-16,22.05,22.7,22.05,22.5,10260
2021-12-17,22.5,22.64,21.82,22.05,9631
2021-12-20,22.32,22.57,21.72,21.85,11637
2021-12-21,21.62,22.97,21.62,22.65,15780
2021-12-22,22.5,22.84,22.41,22.66,11496
2021-12-23,22.8,22.82,21.75,21.8,14648
2021-12-24,21.93,22.07,21.16,21.17,10607
2021-12-27,21.1,21.45,21.04,21.1,7968
2021-12-28,21.1,22.58,21.03,22.21,16368
2021-12-29,22.21,22.42,21.69,21.93,10699
2021-12-30,22.19,23.19,21.8,22.79,16632
2021-12-31,22.85,23.1,22.2,22.77,13391
2022-01-04,23.18,23.48,22.64,23.32,15819
2022-01-05,23.32,23.46,22.6,22.87,13830
2022-01-06,22.83,23.58,22.7,23.3,15426
2022-01-07,23.2,24.12,22.84,22.93,19653
2022-01-10,23.07,23.34,22.14,23.16,15741
2022-01-11,23.55,24.08,22.95,23.0,16148
2022-01-12,22.92,23.66,22.87,23.43,10125
2022-01-13,23.5,24.31,23.21,23.9,19243
2022-01-14,23.76,24.14,23.31,23.49,16265
2022-01-17,23.5,24.15,23.28,23.89,13031
2022-01-18,23.9,24.16,23.11,23.24,14746
2022-01-19,23.0,23.93,23.0,23.78,12124
2022-01-20,23.82,23.99,22.32,22.72,16379
2022-01-21,22.72,23.64,22.72,23.3,14977
2022-01-24,23.27,23.43,22.64,22.77,12183
2022-01-25,22.77,23.47,21.71,21.71,14897
2022-01-26,21.71,22.48,21.68,22.13,11458
2022-01-27,22.73,22.73,20.4,20.46,17626
2022-01-28,20.54,21.89,20.54,21.52,16827
2022-02-07,21.99,22.37,21.08,21.32,15596
2022-02-08,21.41,21.95,21.12,21.9,11053
2022-02-09,21.85,22.35,21.75,22.23,9968
2022-02-10,22.32,22.45,21.9,22.2,8910
2022-02-11,22.39,22.55,21.51,21.69,9202
2022-02-14,22.28,22.51,21.9,22.21,11928
2022-02-15,22.15,22.85,22.0,22.27,10917
2022-02-16,22.36,22.89,22.27,22.86,13253
2022-02-17,22.65,23.33,22.37,23.08,17107
2022-02-18,22.79,24.2,22.55,23.45,22988
2022-02-21,23.46,23.78,23.12,23.6,17976
2022-02-22,23.78,23.79,22.93,23.24,14738
2022-02-23,23.31,24.19,23.18,23.78,18223
2022-02-24,23.76,23.97,22.91,23.33,20579
2022-02-25,23.54,24.75,23.54,23.98,24229
2022-02-28,23.5,24.1,23.1,23.38,15145
2022-03-01,23.4,23.72,23.3,23.5,10984
2022-03-02,23.53,24.35,23.4,23.91,17695
2022-03-03,23.9,24.13,23.54,23.75,10518
2022-03-04,23.8,24.45,23.5,23.8,14845
2022-03-07,23.18,23.98,23.16,23.4,16794
2022-03-08,23.35,23.76,22.75,22.86,19090
2022-03-09,22.87,23.25,21.46,22.37,16054
2022-03-10,22.7,23.9,22.7,23.38,14979
2022-03-11,23.05,24.3,22.97,24.25,18180
2022-03-14,23.96,24.2,23.0,23.02,21373
2022-03-15,23.23,23.23,21.61,21.75,22269
2022-03-16,21.95,23.25,21.35,23.01,20212
2022-03-17,23.07,23.49,22.58,22.73,19049
2022-03-18,22.96,22.98,22.26,22.76,16116
2022-03-21,22.76,22.99,22.1,22.29,17592
2022-03-22,22.2,22.24,21.76,22.0,13501
2022-03-23,22.02,22.22,21.63,21.66,11664
2022-03-24,21.73,21.75,20.92,21.0,13157
2022-03-25,21.07,21.6,21.01,21.5,13025
2022-03-28,21.6,21.6,20.9,21.32,10653
2022-03-29,21.24,21.31,20.85,21.04,8953
2022-03-30,21.08,21.27,20.88,21.17,9319
2022-03-31,21.11,21.55,20.88,21.39,8990
2022-04-01,21.37,21.38,21.0,21.15,10411
2022-04-06,21.04,22.08,21.0,22.02,19803
2022-04-07,22.21,22.21,21.43,21.5,12416
2022-04-08,21.34,21.5,20.69,20.69,11946
2022-04-11,20.76,20.8,20.01,20.18,10897
2022-04-12,20.18,21.44,20.18,21.36,14265
2022-04-13,21.33,21.33,20.56,20.81,11435
2022-04-14,20.79,20.95,20.61,20.8,9798
2022-04-15,20.77,20.77,19.9,20.21,12375
2022-04-18,20.0,20.4,19.62,20.32,8130
2022-04-19,20.25,20.79,19.91,20.49,7953
2022-04-20,20.39,20.83,20.33,20.59,7852
2022-04-21,20.65,20.65,19.66,19.71,10240
2022-04-22,19.2,19.69,18.7,19.0,19779
2022-04-25,19.05,19.27,18.18,18.34,20723
2022-04-26,18.35,18.96,18.15,18.23,17343
2022-04-27,18.0,18.0,16.5,17.9,28256
2022-04-28,17.88,17.88,16.75,17.06,15879
2022-04-29,16.98,17.75,16.97,17.66,17045
2022-05-05,17.4,17.6,17.07,17.57,18773
2022-05-06,17.35,17.59,16.93,17.19,10096
2022-05-09,17.15,17.65,17.15,17.37,10947
2022-05-10,17.3,17.52,17.02,17.49,10299
2022-05-11,17.42,17.91,17.42,17.44,12289
2022-05-12,17.38,17.77,17.31,17.63,8541
2022-05-13,17.6,18.07,17.56,17.96,10569
2022-05-16,18.08,18.28,17.96,18.13,12995
2022-05-17,18.23,18.24,17.79,17.96,6635
2022-05-18,17.92,18.29,17.9,18.13,8523
2022-05-19,17.87,18.4,17.81,18.26,8713
2022-05-20,18.27,18.5,18.26,18.48,6650
2022-05-23,18.7,18.84,18.47,18.81,7548
2022-05-24,18.82,18.93,17.95,18.06,10834
2022-05-25,18.05,18.55,17.91,18.53,8593
2022-05-26,18.58,18.78,18.1,18.71,8149
2022-05-27,18.6,19.47,18.6,19.05,13720
2022-05-30,19.24,19.45,18.92,19.42,10639
2022-05-31,19.49,19.51,19.04,19.38,12014
2022-06-01,19.35,19.6,19.24,19.37,9484
2022-06-02,19.38,19.59,19.15,19.53,7954
2022-06-06,19.68,19.85,19.53,19.7,9121
2022-06-07,19.8,19.8,19.1,19.4,9006
2022-06-08,19.4,19.53,18.88,19.21,9981
2022-06-09,19.29,19.29,18.79,18.94,8208
2022-06-10,18.91,19.28,18.8,19.16,6841
2022-06-13,19.18,19.39,18.98,19.32,8073
2022-06-14,19.33,19.33,18.6,19.15,9053
2022-06-15,19.11,19.58,18.85,19.18,9240
2022-06-16,19.59,20.31,19.33,20.06,36198
2022-06-17,19.93,19.93,18.92,19.22,30006
2022-06-20,19.02,19.44,18.98,19.2,15481
2022-06-21,19.13,19.22,18.83,19.06,12202
2022-06-22,19.06,19.12,18.65,18.67,9852
2022-06-23,18.69,18.91,18.61,18.9,6792
2022-06-24,18.94,19.11,18.86,19.09,8545
2022-06-27,19.12,19.26,18.94,19.15,7965
2022-06-28,19.16,19.74,19.02,19.7,15289
2022-06-29,19.73,19.8,19.19,19.23,8602
2022-06-30,19.34,19.56,19.17,19.17,10974
2022-07-01,19.33,19.49,19.11,19.16,7856
2022-07-04,19.27,19.48,19.03,19.43,8852
2022-07-05,19.39,19.55,18.99,19.42,8767
2022-07-06,19.43,19.59,18.99,19.27,10824
2022-07-07,19.25,19.48,19.12,19.39,8524
2022-07-08,19.38,19.7,19.28,19.55,9134
2022-07-11,19.76,19.76,19.05,19.27,9653
2022-07-12,19.27,19.43,19.06,19.32,9665
2022-07-13,19.3,19.74,19.23,19.55,12262
2022-07-14,19.55,19.71,19.43,19.63,6028
2022-07-15,19.66,19.68,19.13,19.25,10045
2022-07-18,19.24,19.8,19.0,19.79,11446
2022-07-19,19.87,20.19,19.63,20.12,8803
2022-07-20,20.18,20.31,20.01,20.16,6574
2022-07-21,20.15,20.36,20.0,20.14,5680
2022-07-22,20.17,20.74,20.17,20.53,13509
2022-07-25,20.48,20.95,20.47,20.86,9939
2022-07-26,20.9,21.03,20.61,20.98,13884
2022-07-27,20.9,21.1,20.74,20.89,8485
2022-07-28,20.92,21.26,20.91,21.01,10095
2022-07-29,21.01,21.2,20.82,21.02,7205
2022-08-01,21.24,21.28,20.95,21.12,7544
2022-08-02,20.91,20.91,19.9,20.2,13474
2022-08-03,19.8,20.87,19.8,20.2,8946
2022-08-04,20.29,20.95,20.2,20.87,8629
2022-08-05,20.96,21.1,20.61,20.96,8344
2022-08-08,21.17,21.68,20.96,21.62,14159
2022-08-09,21.67,21.8,21.45,21.72,10731
2022-08-10,21.72,22.28,21.52,22.19,11723
2022-08-11,22.25,22.57,22.0,22.12,12569
2022-08-12,22.24,22.26,21.93,22.01,6555
2022-08-15,22.12,22.12,21.38,21.84,11053
2022-08-16,21.71,22.37,21.71,21.91,5572
2022-08-17,21.91,22.13,21.77,21.95,7808
2022-08-18,21.95,22.16,21.6,22.05,8739
2022-08-19,22.05,22.41,21.5,21.55,9188
2022-08-22,21.81,22.13,21.46,21.62,8235
2022-08-23,21.48,21.86,21.43,21.54,8186
2022-08-24,21.58,21.7,20.9,20.9,9940
2022-08-25,21.2,21.2,20.58,20.89,8126
2022-08-26,21.0,21.16,20.52,20.63,7444
2022-08-29,20.59,21.2,20.11,21.0,7566
2022-08-30,21.0,21.4,20.9,21.29,7171
2022-08-31,21.29,21.4,20.53,20.71,9013
2022-09-01,20.71,21.55,20.69,21.07,9285
2022-09-02,21.07,21.75,21.07,21.54,9850
2022-09-05,21.53,21.8,21.21,21.6,7154
2022-09-06,21.59,21.77,21.32,21.5,7649
2022-09-07,21.59,21.59,21.22,21.36,6343
2022-09-08,21.37,21.6,21.04,21.44,11893
2022-09-09,21.12,21.54,21.02,21.1,6557
2022-09-13,21.11,21.67,20.91,21.4,7049
2022-09-14,21.21,21.41,21.0,21.32,8260
2022-09-15,21.45,21.52,20.6,21.01,8578
2022-09-16,21.12,21.12,20.23,20.23,7429
2022-09-19,20.22,20.22,19.66,20.06,9268
2022-09-20,20.06,20.37,19.94,20.05,5623
2022-09-21,19.88,20.34,19.59,20.33,6727
2022-09-22,20.12,20.44,19.96,20.04,4338
2022-09-23,19.99,20.19,19.33,19.36,6990
2022-09-26,19.24,19.26,18.77,18.85,5609
2022-09-27,18.81,19.46,18.81,19.46,5355
2022-09-28,19.49,19.8,19.16,19.18,6114
2022-09-29,19.37,19.66,19.0,19.15,6506
2022-09-30,19.03,19.2,18.72,18.8,6584
2022-10-10,18.89,19.07,18.38,18.41,6459
2022-10-11,18.5,18.6,18.22,18.39,7250
2022-10-12,18.39,18.78,18.2,18.78,4691
2022-10-13,18.75,19.3,18.6,19.12,7225
2022-10-14,19.3,19.73,19.19,19.69,7120
2022-10-17,19.68,20.6,19.46,20.36,10862
2022-10-18,20.22,20.5,19.97,20.26,7722
2022-10-19,20.26,20.4,20.0,20.27,5684
2022-10-20,20.24,20.53,19.9,20.28,5799
2022-10-21,20.3,21.39,20.3,21.06,12850
2022-10-24,21.3,21.3,20.1,20.28,11639
2022-10-25,20.39,20.53,19.61,19.82,8476
2022-10-26,19.87,20.73,19.86,20.62,7771
2022-10-27,20.61,21.27,20.61,20.98,8612
2022-10-28,20.9,21.15,20.2,20.29,7330
2022-10-31,20.63,20.86,20.21,20.49,8198
2022-11-01,20.6,20.91,20.3,20.88,10342
2022-11-02,21.04,21.26,20.8,20.96,9374
2022-11-03,21.07,21.07,20.64,20.93,7304
2022-11-04,21.0,21.2,20.75,21.05,8919
2022-11-07,21.03,21.37,20.74,21.22,12488
2022-11-08,21.03,21.37,20.83,21.31,9972
2022-11-09,21.2,21.45,21.2,21.3,7621
2022-11-10,21.2,21.31,20.93,21.04,8047
2022-11-11,21.3,21.62,21.03,21.16,12322
2022-11-14,21.13,21.68,21.05,21.59,13478
2022-11-15,21.42,21.8,21.3,21.45,8640
2022-11-16,21.35,21.69,21.31,21.46,9073
2022-11-17,21.66,21.88,21.46,21.87,9614
2022-11-18,21.83,22.55,21.8,22.17,17721
2022-11-21,22.15,22.15,21.4,21.49,13839
2022-11-22,21.57,22.05,21.36,21.44,12326
2022-11-23,21.44,21.44,20.55,21.02,15018
2022-11-24,21.1,22.44,20.98,21.59,20998
2022-11-25,21.58,21.76,21.0,21.12,13918
2022-11-28,21.12,21.87,20.81,21.52,15883
2022-11-29,21.7,21.77,21.3,21.35,11674
2022-11-30,21.37,21.89,21.03,21.23,10306
2022-12-01,21.3,21.54,21.23,21.46,8105
2022-12-02,21.43,22.09,21.41,21.73,13250
2022-12-05,21.89,22.3,21.5,22.12,13673
2022-12-06,22.01,22.2,21.89,22.08,11102
2022-12-07,22.1,22.44,21.97,22.22,15314
2022-12-08,22.27,22.27,21.78,22.02,10018
2022-12-09,22.25,22.27,21.81,21.89,7230
2022-12-12,21.89,22.07,21.6,21.66,8363
2022-12-13,21.65,22.08,21.65,21.84,8173
2022-12-14,21.95,22.37,21.84,22.05,12055
2022-12-15,22.1,22.33,21.85,22.1,7819
2022-12-16,22.16,23.17,22.0,22.25,26741
2022-12-19,22.26,23.64,21.8,23.2,43696
2022-12-20,22.8,22.8,21.6,22.3,30902
2022-12-21,22.34,22.73,22.13,22.19,13958
2022-12-22,22.53,23.23,22.2,22.7,27241
2022-12-23,22.46,23.77,22.2,23.31,48044
2022-12-26,23.01,23.23,22.47,22.86,33152
2022-12-27,22.72,22.8,22.0,22.55,22895
2022-12-28,22.44,22.48,21.64,21.8,22860
2022-12-29,21.6,22.25,21.43,21.7,14190
2022-12-30,21.84,22.3,21.31,22.12,20471
2023-01-03,22.12,22.39,21.93,22.18,17340
2023-01-04,22.14,24.19,22.01,23.45,41178
2023-01-05,23.77,24.45,23.32,23.8,33380
2023-01-06,23.7,23.97,23.07,23.08,21348
2023-01-09,23.08,24.1,22.92,23.59,19065
2023-01-10,23.64,24.04,23.43,23.75,17374
2023-01-11,23.8,23.8,22.9,22.99,14342
2023-01-12,23.22,23.26,22.8,23.01,10065
2023-01-13,23.1,24.38,22.83,23.8,20754
2023-01-16,23.8,24.05,23.4,23.58,16667
2023-01-17,23.48,23.95,23.32,23.55,11537
2023-01-18,23.4,24.42,23.14,23.81,17773
2023-01-19,24.3,26.19,23.7,24.86,74527
2023-01-20,24.49,24.68,23.45,24.18,51047
2023-01-30,24.18,24.37,23.85,24.37,30663
2023-01-31,24.05,25.2,23.93,24.66,35671
2023-02-01,24.45,24.81,24.29,24.77,23724
2023-02-02,24.7,24.77,23.93,24.16,33691
2023-02-03,24.15,24.26,23.8,24.2,16530
2023-02-06,24.0,24.35,23.85,24.24,17567
2023-02-07,24.14,24.39,24.12,24.21,13139
2023-02-08,24.2,24.2,23.81,23.89,13421
2023-02-09,23.72,24.07,23.63,24.07,9507
2023-02-10,24.01,24.58,23.9,24.26,16789
2023-02-13,24.14,24.47,24.01,24.39,12716
2023-02-14,24.42,24.47,24.15,24.3,8139
2023-02-15,24.29,24.55,24.2,24.45,11409
2023-02-16,24.55,24.86,23.84,24.29,19812
2023-02-17,24.05,25.31,24.05,24.57,22330
2023-02-20,24.45,24.57,23.9,24.27,15801
2023-02-21,24.32,24.65,24.09,24.33,11620
2023-02-22,24.13,24.19,23.9,24.14,9119
2023-02-23,24.08,24.31,23.72,23.91,10759
2023-02-24,23.9,24.2,23.36,24.15,14299
2023-02-27,24.12,24.15,23.33,23.44,9488
2023-02-28,23.44,23.98,23.43,23.69,7529
2023-03-01,23.75,24.84,23.65,24.62,19366
2023-03-02,24.6,25.25,24.51,24.74,17838
2023-03-03,24.91,24.99,24.33,24.7,14446
2023-03-06,24.69,24.72,24.18,24.34,9974
2023-03-07,24.35,24.42,23.81,23.87,7611
2023-03-08,23.82,24.27,23.71,24.2,9348
2023-03-09,24.37,24.38,23.9,24.28,9367
2023-03-10,24.19,24.48,23.87,23.92,10409
2023-03-13,23.98,24.55,23.79,24.52,16702
2023-03-14,24.63,24.65,24.19,24.3,16150
2023-03-15,24.48,24.73,24.25,24.33,9897
2023-03-16,24.32,24.4,23.9,24.04,9629
2023-03-17,24.07,24.56,24.01,24.09,15493
2023-03-20,24.05,24.18,23.36,23.39,15186
2023-03-21,23.44,24.45,23.33,24.33,19590
2023-03-22,24.5,24.8,24.36,24.68,18036
2023-03-23,24.6,25.1,24.4,25.05,21060
2023-03-24,25.06,25.1,24.7,24.8,11052
2023-03-27,24.85,25.18,24.56,24.98,16764
2023-03-28,25.0,25.09,24.67,24.89,10806
2023-03-29,24.89,24.89,24.22,24.39,11360
2023-03-30,24.42,24.78,23.92,23.95,10426
2023-03-31,24.0,24.88,23.7,24.64,16208
2023-04-03,24.64,24.85,24.23,24.66,13554
2023-04-04,24.78,26.19,24.35,24.45,29150
2023-04-06,24.45,24.55,23.5,23.51,23471
2023-04-07,23.52,23.93,23.35,23.79,16323
2023-04-10,23.63,23.86,22.93,22.93,21273
2023-04-11,22.88,23.42,22.8,23.25,12312
2023-04-12,23.25,23.55,23.01,23.46,8050
2023-04-13,23.46,24.1,23.24,23.79,14524
2023-04-14,23.69,24.22,23.41,23.5,11189
2023-04-17,23.4,23.66,23.11,23.19,10406
2023-04-18,23.48,23.48,22.88,23.07,8326
2023-04-19,23.07,23.34,22.95,23.23,8551
2023-04-20,23.23,23.3,22.83,22.91,8500
2023-04-21,22.82,22.92,21.63,21.71,16740
2023-04-24,21.72,21.79,21.06,21.52,12844
2023-04-25,21.53,21.53,20.47,21.12,16950
2023-04-26,21.0,21.33,20.7,21.15,10824
2023-04-27,21.0,22.0,20.96,21.41,12033
2023-04-28,0.0,0.0,0.0,21.41,0
2023-05-04,21.2,22.07,20.96,22.0,28336
2023-05-05,21.99,22.53,21.6,22.14,20034
2023-05-08,22.16,22.69,21.73,22.33,17655
2023-05-09,22.28,22.43,21.72,21.81,12337
2023-05-10,22.0,22.6,21.7,22.29,13695
2023-05-11,22.23,23.43,22.18,23.25,26922
2023-05-12,23.06,23.11,22.48,22.6,15072
2023-05-15,22.52,23.46,22.52,23.02,19182
2023-05-16,22.92,22.92,22.34,22.49,10905
2023-05-17,22.35,22.71,22.26,22.67,6704
2023-05-18,22.83,22.84,22.6,22.79,8563
2023-05-19,22.88,22.92,22.43,22.76,7189
2023-05-22,22.75,22.94,22.46,22.59,6234
2023-05-23,22.62,22.62,22.29,22.29,9189
2023-05-24,22.18,22.43,22.07,22.25,6072
2023-05-25,22.25,22.32,21.52,21.79,10165
2023-05-26,21.8,22.17,21.61,22.16,6765
2023-05-29,22.08,22.36,21.9,22.13,10850
2023-05-30,22.22,22.64,21.95,22.56,13050
2023-05-31,22.15,22.69,22.14,22.31,8680
2023-06-01,22.2,22.96,22.08,22.84,19532
2023-06-02,22.84,22.99,22.69,22.77,12307
2023-06-05,22.68,23.34,22.61,23.22,13272
2023-06-06,23.22,23.33,22.83,22.85,11747
2023-06-07,22.85,23.65,22.85,23.52,20410
2023-06-08,23.36,23.74,22.95,23.29,16618
2023-06-09,23.28,23.3,22.74,23.11,16250
2023-06-12,23.11,23.7,22.65,23.28,15776
2023-06-13,23.18,23.35,22.94,23.08,13171
2023-06-14,22.97,23.41,22.97,23.05,9711
2023-06-15,23.07,23.16,22.58,22.73,9809
2023-06-16,22.61,23.1,22.52,22.76,10481
2023-06-19,22.78,23.02,22.61,22.86,9960
2023-06-20,22.82,22.93,22.48,22.49,8936
2023-06-21,22.65,22.67,22.12,22.12,6674
2023-06-26,22.12,22.24,21.54,21.57,12487
2023-06-27,21.6,22.0,21.51,21.9,12441
2023-06-28,21.99,21.99,21.29,21.74,10957
2023-06-29,21.83,22.35,21.6,22.26,8722
2023-06-30,22.26,22.8,22.14,22.59,7872
2023-07-03,22.8,23.11,22.35,22.93,11202
2023-07-04,22.8,23.28,22.78,23.2,7672
2023-07-05,23.1,23.45,23.01,23.23,7663
2023-07-06,23.14,23.56,23.09,23.43,7286
2023-07-07,23.45,23.5,23.02,23.24,8293
2023-07-10,23.43,23.64,22.84,23.11,7698
2023-07-11,23.28,23.28,23.04,23.17,4700
2023-07-12,23.16,23.25,22.88,22.9,4507
2023-07-13,23.02,23.16,22.79,23.09,5127
2023-07-14,23.04,23.2,22.91,23.06,4860
2023-07-17,23.13,23.37,22.99,23.26,7417
2023-07-18,23.2,23.45,23.01,23.2,6153
2023-07-19,23.29,23.42,23.07,23.3,5176
2023-07-20,23.46,23.46,23.0,23.08,7662
2023-07-21,23.16,23.17,22.84,22.91,6230
2023-07-24,22.91,23.3,22.8,23.23,9265
2023-07-25,23.48,23.48,23.2,23.4,8293
2023-07-26,23.41,23.47,23.3,23.44,6266
2023-07-27,23.45,23.59,23.1,23.11,8579
2023-07-28,23.11,23.4,22.91,23.3,8070
2023-07-31,23.3,23.44,23.18,23.34,8540
2023-08-01,23.7,23.8,22.79,23.05,22173
2023-08-02,23.05,23.15,22.68,22.76,11671
2023-08-03,22.71,22.83,22.27,22.39,10407
2023-08-04,22.28,22.99,22.28,22.57,9985
2023-08-07,22.55,22.77,22.44,22.59,8130
2023-08-08,22.7,22.78,22.51,22.66,5164
2023-08-09,22.66,22.7,22.33,22.34,5023
2023-08-10,22.32,22.6,22.28,22.43,6446
2023-08-11,22.43,22.73,22.0,22.08,7581
2023-08-14,22.02,22.68,22.01,22.66,9302
2023-08-15,22.65,22.8,22.44,22.63,6242
2023-08-16,22.59,22.9,22.47,22.63,7827
2023-08-17,22.64,22.93,22.16,22.79,10991
2023-08-18,22.85,23.36,22.66,22.76,15399
2023-08-21,23.22,24.27,23.01,23.5,47204
2023-08-22,23.58,23.74,22.88,23.39,22148
2023-08-23,23.5,23.8,23.08,23.22,20841
2023-08-24,23.22,23.72,22.94,23.65,19065
2023-08-25,23.35,23.49,22.21,22.34,19459
2023-08-28,22.99,23.29,22.37,22.37,20742
2023-08-29,22.47,23.62,22.4,23.5,25383
2023-08-30,23.61,23.88,23.46,23.63,13667
2023-08-31,23.64,23.77,23.41,23.52,11582
2023-09-01,23.68,23.83,23.31,23.66,14058
2023-09-04,23.66,23.92,23.47,23.69,17663
2023-09-05,23.7,23.83,23.45,23.55,9777
2023-09-06,23.48,23.69,23.41,23.58,7295
2023-09-07,23.53,23.9,23.45,23.48,13041
2023-09-08,23.3,23.57,23.13,23.31,9808
2023-09-11,23.36,23.69,23.23,23.35,11292
2023-09-12,23.43,23.46,22.96,23.08,9044
2023-09-13,23.16,23.16,22.62,22.85,8732
2023-09-14,22.86,22.89,22.42,22.6,10031
2023-09-15,22.63,22.65,22.32,22.56,8287
2023-09-18,22.54,23.1,22.27,23.01,15331
2023-09-19,22.9,22.98,22.56,22.64,7754
2023-09-20,22.64,23.05,22.5,22.74,9327
2023-09-21,22.8,22.8,22.35,22.46,8276
2023-09-22,22.46,22.87,22.33,22.8,11875
2023-09-25,22.85,22.93,22.4,22.73,8145
2023-09-26,22.68,22.91,22.55,22.77,8277
2023-09-27,22.88,23.02,22.56,22.85,8671
2023-09-28,22.84,23.28,22.84,23.17,10502
2023-10-09,23.27,23.41,22.98,23.11,11871
2023-10-10,23.17,23.53,23.15,23.17,8571
2023-10-11,22.97,23.49,22.97,23.32,10277
2023-10-12,23.24,23.49,23.19,23.3,12314
2023-10-13,23.2,23.2,22.4,22.65,12752
2023-10-16,22.65,22.96,22.17,22.62,12240
2023-10-17,22.6,22.97,22.58,22.77,7584
2023-10-18,22.5,22.77,22.17,22.21,9257
2023-10-19,22.04,22.79,22.04,22.15,10261
2023-10-20,22.07,22.49,21.9,21.94,10234
2023-10-23,22.17,22.17,21.15,21.27,12111
2023-10-24,21.42,22.52,21.3,22.46,15455
2023-10-25,22.6,23.3,22.51,23.24,15394
2023-10-26,23.23,23.37,22.94,23.11,12056
2023-10-27,23.18,23.39,22.81,23.31,14428
2023-10-30,23.16,23.33,22.86,23.01,14712
2023-10-31,22.88,23.34,22.79,22.98,14282
2023-11-01,23.08,23.39,22.9,23.23,17871
2023-11-02,23.17,23.5,23.15,23.32,16332
2023-11-03,23.23,23.58,23.22,23.33,10209
2023-11-06,23.5,24.05,23.5,23.95,12610
2023-11-07,24.0,24.06,23.8,23.99,9429
2023-11-08,24.05,24.15,23.76,23.99,8353
2023-11-09,24.07,24.22,23.83,24.0,9417
2023-11-10,23.97,24.16,23.73,23.98,7503
2023-11-13,24.21,24.8,24.08,24.64,18047
2023-11-14,24.59,24.79,24.32,24.52,11769
2023-11-15,24.78,24.78,24.31,24.51,7544
2023-11-16,24.51,24.65,24.26,24.38,7928
2023-11-17,24.38,24.58,24.32,24.47,6693
2023-11-20,24.88,26.92,24.56,26.92,63084
2023-11-21,29.61,29.61,28.11,29.61,104221
2023-11-22,29.31,31.5,26.71,27.1,201438
2023-11-23,26.41,26.65,25.07,25.31,140518
2023-11-24,25.12,25.43,24.46,24.48,74546
2023-11-27,24.48,24.72,24.3,24.62,49610
2023-11-28,24.62,25.15,24.62,25.03,51576
2023-11-29,25.03,25.29,24.91,25.12,39405
2023-11-30,25.0,25.25,24.62,25.02,31953
2023-12-01,24.98,25.82,24.8,25.63,42623
2023-12-04,25.82,26.15,25.69,25.9,38723
2023-12-05,26.0,26.19,25.46,25.55,34177
2023-12-06,25.68,26.03,25.28,25.88,33947
2023-12-07,25.71,26.24,25.63,26.05,29272
2023-12-08,25.71,25.86,24.84,24.94,39995
2023-12-11,24.73,25.25,24.71,25.2,32212
2023-12-12,25.2,27.68,25.09,26.72,99442
2023-12-13,26.6,27.04,26.21,26.25,83704
2023-12-14,26.25,26.48,25.88,26.17,50668
2023-12-15,26.39,26.47,25.5,26.05,35370
2023-12-18,26.2,26.2,25.4,25.53,30569
2023-12-19,25.53,26.01,25.4,25.9,26092
2023-12-20,26.16,26.28,25.35,25.37,24789
2023-12-21,25.17,25.45,24.44,25.19,31028
2023-12-22,25.28,25.37,24.31,24.43,29237
2023-12-25,24.24,24.58,23.75,23.96,23386
2023-12-26,23.96,24.06,23.48,23.52,19583
2023-12-27,23.58,23.88,23.48,23.8,15583
2023-12-28,23.78,24.26,23.42,24.16,22379
2023-12-29,24.14,24.94,24.09,24.85,25389
2024-01-02,24.98,25.68,24.9,25.52,26309
2024-01-03,25.51,25.98,25.17,25.72,23203
2024-01-04,25.72,26.6,25.33,26.07,33968
2024-01-05,26.0,26.0,25.14,25.3,28178
2024-01-08,25.3,25.95,25.08,25.1,24330
2024-01-09,25.17,25.76,24.87,25.21,21445
2024-01-10,25.32,25.32,24.49,24.87,19794
2024-01-11,24.88,25.65,24.72,25.46,27012
2024-01-12,25.3,25.3,24.68,24.75,28219
2024-01-15,24.75,25.19,24.54,24.74,17768
2024-01-16,24.78,24.94,24.12,24.51,16797
2024-01-17,24.55,24.63,23.9,23.93,12041
2024-01-18,23.89,24.02,22.54,23.19,23258
2024-01-19,23.25,23.48,23.02,23.16,16284
2024-01-22,23.0,23.2,21.4,21.48,25832
2024-01-23,21.34,21.35,20.48,21.11,23775
2024-01-24,21.22,21.79,20.72,21.74,21997
2024-01-25,21.61,22.99,21.61,22.97,20611
2024-01-26,22.86,23.58,22.86,23.1,20221
2024-01-29,23.2,23.29,22.15,22.25,16874
2024-01-30,22.0,22.15,21.18,21.2,13922
2024-01-31,21.19,21.21,19.6,19.77,23105
2024-02-01,19.5,19.62,18.58,19.05,23365
2024-02-02,18.67,19.5,17.15,17.91,26853
2024-02-05,17.84,17.84,16.12,16.12,27835
2024-02-06,15.0,15.59,14.51,15.13,57411
2024-02-07,15.13,15.26,13.62,13.62,49103
2024-02-08,13.22,14.92,12.55,14.8,51975
2024-02-19,15.03,16.12,14.99,16.01,47934
2024-02-20,15.8,16.27,15.46,16.15,31069
2024-02-21,15.96,17.4,15.95,16.87,32166
2024-02-22,16.66,17.61,16.63,17.57,25845
2024-02-23,17.57,18.53,17.41,18.5,28067
2024-02-26,18.5,19.14,18.02,18.76,28330
2024-02-27,18.69,19.39,18.31,19.35,23801
2024-02-28,19.5,20.2,17.42,17.42,49543
2024-02-29,16.77,18.18,16.43,17.9,43246
2024-03-01,17.9,18.24,17.53,18.03,24272
2024-03-04,18.0,18.74,17.9,18.42,35199
2024-03-05,18.36,18.53,18.07,18.1,24970
2024-03-06,17.99,18.68,17.81,18.65,23808
2024-03-07,18.55,18.89,18.31,18.32,20789
2024-03-08,18.32,18.7,18.11,18.45,15190
2024-03-11,18.55,19.35,18.4,19.26,22261
2024-03-12,19.24,19.51,18.97,19.31,17761
2024-03-13,19.31,20.34,19.22,20.3,29917
2024-03-14,20.3,20.64,20.0,20.42,25638
2024-03-15,20.23,20.53,19.92,20.3,17952
2024-03-18,20.34,20.58,20.19,20.46,27267
2024-03-19,20.46,20.78,20.41,20.45,20388
2024-03-20,20.31,20.76,20.31,20.64,33840
2024-03-21,20.65,21.19,20.5,21.04,27478
2024-03-22,21.04,21.86,20.91,21.56,38251
2024-03-25,21.56,21.6,20.44,20.52,32086
2024-03-26,20.28,20.73,19.88,20.19,26064
2024-03-27,20.19,20.32,19.57,19.61,15073
2024-03-28,19.86,20.39,19.61,20.3,18749
2024-03-29,20.4,20.68,20.07,20.67,16035
2024-04-01,20.75,21.12,20.69,21.1,13832
2024-04-02,21.09,21.5,20.84,21.05,16059
2024-04-03,21.07,21.23,20.62,20.95,16380
2024-04-08,21.05,21.1,19.81,19.95,18651
2024-04-09,19.96,20.48,19.87,20.09,12484
2024-04-10,20.01,20.13,19.08,19.44,13239
2024-04-11,19.42,19.8,19.1,19.52,9774
2024-04-12,19.51,19.78,19.12,19.21,14466
2024-04-15,18.46,18.98,17.29,17.29,30349
2024-04-16,16.53,17.0,15.56,15.56,29016
2024-04-17,16.0,17.12,15.7,17.12,40289
2024-04-18,17.32,17.58,16.63,16.81,29781
2024-04-19,16.96,16.96,16.26,16.47,17408
2024-04-22,16.21,16.45,15.68,16.24,15750
2024-04-23,16.17,17.1,16.16,16.98,21469
2024-04-24,16.91,17.52,16.83,17.52,19336
2024-04-25,17.45,17.89,17.29,17.86,15177
2024-04-26,17.68,18.28,17.6,18.25,15078
2024-04-29,18.18,18.34,17.67,18.19,20337
2024-04-30,18.16,18.29,17.51,17.8,18737
2024-05-06,17.86,18.18,17.77,18.05,21066
2024-05-07,18.17,18.35,17.95,18.23,12699
2024-05-08,18.28,18.63,17.77,17.81,17858
2024-05-09,17.88,18.2,17.82,18.05,11145
2024-05-10,18.01,18.28,17.62,17.65,11475
2024-05-13,17.5,17.5,16.87,17.04,14028
2024-05-14,17.04,17.6,17.0,17.55,13552
2024-05-15,17.57,18.09,17.17,17.69,16269
2024-05-16,17.7,18.5,17.67,18.22,16165
2024-05-17,18.17,18.32,17.92,18.14,12796
2024-05-20,18.16,18.46,17.85,18.02,10616
2024-05-21,18.02,18.19,17.43,17.56,16408
2024-05-22,17.61,17.97,17.4,17.76,9132
2024-05-23,17.61,17.78,17.11,17.14,8149
2024-05-24,17.12,17.34,16.78,16.83,11333
2024-05-27,16.83,17.34,16.51,17.26,15995
2024-05-28,17.23,17.25,16.75,16.77,10880
2024-05-29,16.74,17.15,16.61,17.1,12589
2024-05-30,16.94,17.32,16.61,17.03,10574
2024-05-31,16.99,17.3,16.91,17.09,9877
2024-06-03,17.17,17.18,15.85,16.1,21237
2024-06-04,16.01,16.01,15.31,15.61,18953
2024-06-05,15.61,15.68,15.25,15.34,15212
2024-06-06,15.22,15.43,14.09,14.28,21671
2024-06-07,14.91,15.33,14.71,15.21,17492
2024-06-11,15.28,15.28,14.53,14.96,11323
2024-06-12,14.98,15.61,14.86,15.51,10888
2024-06-13,15.51,15.7,15.12,15.32,11114
2024-06-14,15.27,15.38,15.01,15.3,9513
2024-06-17,15.22,15.23,14.87,14.98,9748
2024-06-18,14.97,15.3,14.88,15.21,12045
2024-06-19,15.23,15.58,15.23,15.41,14502
2024-06-20,15.26,15.43,14.91,15.2,16832
2024-06-21,15.06,15.06,14.6,14.72,19779
2024-06-24,14.5,14.61,13.88,14.02,16757
2024-06-25,14.05,14.5,14.05,14.4,16401
2024-06-26,13.95,14.69,13.95,14.66,12287
2024-06-27,14.6,14.99,14.52,14.66,14536
2024-06-28,14.6,14.95,14.56,14.72,10760
2024-07-01,14.7,14.86,14.15,14.81,17244
2024-07-02,14.69,15.53,14.59,15.26,22529
2024-07-03,15.34,15.57,15.0,15.49,13821
2024-07-04,15.29,15.34,14.55,14.57,12936
2024-07-05,14.56,15.3,14.26,15.3,12546
2024-07-08,15.1,15.12,14.21,14.33,16853
2024-07-09,14.26,14.42,13.65,14.1,20090
2024-07-10,14.07,14.1,13.61,13.65,14569
2024-07-11,13.78,14.35,13.75,14.26,18882
2024-07-12,14.26,14.53,14.15,14.16,14674
2024-07-15,14.14,14.23,13.69,13.79,13986
2024-07-16,13.83,13.91,13.67,13.82,11464
2024-07-17,13.86,13.88,13.61,13.7,8285
2024-07-18,13.61,13.8,13.21,13.71,12185
2024-07-19,13.76,14.05,13.66,13.87,14504
2024-07-22,13.85,14.05,13.65,13.96,13093
2024-07-23,13.96,14.25,13.8,13.8,11175
2024-07-24,13.7,13.87,13.5,13.56,10232
2024-07-25,13.42,13.9,13.38,13.76,10471
2024-07-26,13.7,14.04,13.7,14.0,7794
2024-07-29,14.17,14.18,13.82,14.02,7033
2024-07-30,14.02,14.26,13.9,14.19,8398
2024-07-31,14.14,14.82,14.14,14.8,11848
2024-08-01,14.82,14.96,14.71,14.84,10221
2024-08-02,14.74,14.94,14.51,14.56,8115
2024-08-05,14.74,15.45,14.51,14.51,25582
2024-08-06,14.67,15.4,14.53,15.23,23672
2024-08-07,15.54,16.75,15.22,15.92,69741
2024-08-08,15.02,15.24,14.4,15.07,57298
2024-08-09,15.06,15.15,14.65,14.65,21803
2024-08-12,14.64,14.79,14.4,14.52,15521
2024-08-13,14.54,14.7,14.32,14.6,10571
2024-08-14,14.58,14.86,14.58,14.7,10378
2024-08-15,14.69,14.85,14.35,14.76,14356
2024-08-16,14.76,15.1,14.68,15.05,18058
2024-08-19,15.06,15.49,14.77,15.3,27937
2024-08-20,15.28,15.33,14.61,14.92,18575
2024-08-21,14.9,15.26,14.7,15.05,14201
2024-08-22,15.06,15.15,14.6,14.62,11063
2024-08-23,14.74,15.49,14.6,14.85,31960
2024-08-26,14.8,15.29,14.67,15.07,22786
2024-08-27,15.38,16.35,15.1,15.38,44723
2024-08-28,15.27,15.8,14.88,15.65,37812
2024-08-29,15.4,15.78,15.24,15.61,25560
2024-08-30,15.57,16.0,15.4,15.9,30911
2024-09-02,15.88,15.96,15.44,15.48,19569
2024-09-03,15.6,16.1,15.45,16.0,32298
2024-09-04,15.87,16.46,15.75,15.99,31386
2024-09-05,15.99,16.31,15.9,15.93,21027
2024-09-06,15.93,16.02,15.56,15.6,21575
2024-09-09,15.57,15.78,15.18,15.51,13790
2024-09-10,15.64,16.22,15.59,16.13,26784
2024-09-11,16.05,16.17,15.74,15.95,23331
2024-09-12,15.95,16.31,15.76,16.21,24404
2024-09-13,16.2,16.9,16.13,16.32,30990
2024-09-18,16.32,16.94,15.98,16.85,43795
2024-09-19,16.75,17.82,16.45,17.52,53710
2024-09-20,17.2,17.79,16.98,17.06,40288
2024-09-23,17.02,17.28,16.68,16.77,29513
2024-09-24,16.88,17.28,16.58,17.16,31923
2024-09-25,17.35,17.65,17.12,17.28,31591
2024-09-26,17.41,17.68,16.85,17.49,27441
2024-09-27,17.5,18.17,17.49,18.15,24058
2024-09-30,18.38,19.8,18.01,19.68,49097
2024-10-08,21.61,21.61,19.33,20.59,62572
2024-10-09,20.32,20.32,18.53,18.53,37573
2024-10-10,18.6,19.26,18.3,18.86,39715
2024-10-11,18.66,18.78,17.61,17.83,33995
2024-10-14,17.93,19.39,17.9,19.04,46743
2024-10-15,18.9,19.27,18.45,18.73,27042
2024-10-16,18.3,20.6,18.26,20.6,41847
2024-10-17,20.6,21.58,19.91,21.1,95652
2024-10-18,20.55,21.51,20.3,21.14,71921
2024-10-21,21.67,21.68,20.5,20.51,57375
2024-10-22,20.51,20.83,20.24,20.38,32794
2024-10-23,20.31,20.7,20.1,20.26,34254
2024-10-24,20.2,21.18,20.1,20.83,45597
2024-10-25,21.15,22.76,21.12,22.15,76251
2024-10-28,22.52,24.0,22.32,23.8,89444
2024-10-29,24.05,24.25,22.1,22.37,67917
2024-10-30,22.1,23.49,21.69,23.48,57050
2024-10-31,23.0,25.25,22.92,24.68,68758
2024-11-01,24.35,24.39,22.21,22.27,53944
2024-11-04,22.17,23.12,22.17,23.0,31087
2024-11-05,23.07,23.3,22.71,23.1,34151
2024-11-06,23.19,23.32,22.28,22.46,33561
2024-11-07,22.18,22.85,22.18,22.46,30478
2024-11-08,22.69,23.0,22.25,22.85,36851
2024-11-11,22.7,23.47,22.51,23.1,38626
2024-11-12,23.11,23.37,22.69,22.87,32569
2024-11-13,22.89,23.35,22.53,23.15,23925
2024-11-14,23.2,23.69,22.55,22.58,28017
2024-11-15,22.4,23.13,22.0,22.16,27351
2024-11-18,22.45,22.5,21.0,21.34,32804
2024-11-19,21.34,21.67,20.8,21.56,26124
2024-11-20,21.5,22.15,20.93,22.05,21258
2024-11-21,22.11,22.82,21.9,22.23,18859
2024-11-22,22.2,22.75,21.89,21.93,23373
2024-11-25,21.9,24.12,21.8,23.34,50351
2024-11-26,23.19,23.71,22.98,23.26,24104
2024-11-27,23.01,23.22,22.05,22.79,21509
2024-11-28,22.8,23.74,22.75,23.37,24256
2024-11-29,23.18,23.5,22.85,23.48,19272
2024-12-02,23.59,24.48,23.05,23.95,27146
2024-12-03,23.99,24.46,23.56,24.26,18562
2024-12-04,24.19,24.33,23.46,23.7,19188
2024-12-05,23.62,24.08,23.23,24.05,16169
2024-12-06,24.0,24.51,23.81,24.11,18869
2024-12-09,24.25,24.94,23.81,24.83,31552
2024-12-10,25.31,25.31,24.28,24.28,23489
2024-12-11,24.21,24.58,23.79,24.49,13138
2024-12-12,24.49,25.09,24.12,25.03,17834
2024-12-13,24.77,25.24,24.77,24.98,15131
2024-12-16,25.51,27.48,25.02,26.75,117554
2024-12-17,25.7,25.97,24.08,24.08,64172
2024-12-18,23.6,24.49,23.03,23.53,59574
2024-12-19,23.24,23.98,22.53,23.75,40432
2024-12-20,23.69,23.96,23.5,23.65,27659
2024-12-23,23.62,23.65,21.49,21.67,41080
2024-12-24,21.86,22.07,20.95,21.55,26602
2024-12-25,21.54,21.56,20.45,20.83,22643
2024-12-26,20.8,21.51,20.8,21.2,18425
2024-12-27,21.2,21.95,20.98,21.57,20178
2024-12-30,21.38,21.39,20.39,20.97,22650
2024-12-31,20.97,21.36,20.6,20.66,16447
2025-01-02,20.66,21.28,20.35,20.51,21141
2025-01-03,20.55,20.79,19.01,19.18,24175
2025-01-06,19.02,19.3,18.19,19.01,24798
2025-01-07,19.15,19.86,19.11,19.84,17389
2025-01-08,19.87,20.19,19.36,19.94,20575
2025-01-09,19.9,20.29,19.9,20.17,12599
2025-01-10,20.17,20.3,19.45,19.48,15678
2025-01-13,19.2,19.69,18.64,19.57,13422
2025-01-14,19.5,20.76,19.48,20.75,17329
2025-01-15,20.75,20.99,20.64,20.88,13657
2025-01-16,21.15,21.28,20.8,20.87,13338
2025-01-17,20.97,20.97,20.5,20.72,11138
2025-01-20,21.16,21.79,20.73,21.44,24763
2025-01-21,21.44,21.49,20.71,21.02,15991
2025-01-22,20.64,21.19,20.64,20.87,12700
2025-01-23,21.03,21.32,20.88,20.88,14616
2025-01-24,20.89,21.15,20.59,21.11,10138
2025-01-27,21.19,21.64,21.14,21.21,15149
2025-02-05,21.81,22.93,21.22,22.45,34484
2025-02-06,22.45,22.75,22.06,22.75,21278
2025-02-07,22.75,23.01,22.28,22.5,20302
2025-02-10,22.75,23.15,22.53,23.1,19649
2025-02-11,23.08,23.45,22.89,23.25,18653
2025-02-12,23.31,23.5,23.0,23.35,17653
2025-02-13,23.35,23.49,22.85,22.93,15789
2025-02-14,22.92,23.09,22.66,23.0,15083
2025-02-17,23.0,23.8,23.0,23.57,21257
2025-02-18,23.51,23.65,22.51,22.77,18036
2025-02-19,22.69,23.27,22.58,22.9,15821
2025-02-20,22.81,23.42,22.81,23.2,15617
2025-02-21,23.17,23.25,22.65,23.05,18758
2025-02-24,23.19,23.88,23.02,23.38,28898
2025-02-25,22.99,23.94,22.95,23.0,15105
2025-02-26,22.99,23.34,22.8,23.03,13269
2025-02-27,23.03,23.2,22.5,22.82,17495
2025-02-28,22.58,23.03,22.08,22.12,15758
2025-03-03,22.38,22.93,22.12,22.4,16974
2025-03-04,22.21,23.05,22.2,22.96,12982
2025-03-05,22.97,23.12,22.5,22.97,13576
2025-03-06,23.01,23.6,22.96,23.5,17092
2025-03-07,23.5,23.64,23.1,23.21,14433
2025-03-10,23.18,23.65,23.06,23.3,14743
2025-03-11,23.0,23.33,22.54,23.3,12866
2025-03-12,23.3,23.65,23.13,23.56,14072
2025-03-13,23.57,23.64,22.73,23.1,16997
2025-03-14,23.09,23.59,22.78,23.52,18538
2025-03-17,23.46,23.63,23.16,23.5,18301
2025-03-18,23.62,23.68,23.34,23.58,15883
2025-03-19,23.49,23.65,22.99,23.12,14964
2025-03-20,23.05,23.67,22.8,23.21,17403
2025-03-21,23.13,23.14,22.76,22.9,20268
2025-03-24,22.75,23.75,21.6,22.16,42551
2025-03-25,22.2,22.53,21.59,22.38,22923
2025-03-26,22.31,24.15,22.22,24.04,40794
2025-03-27,23.99,24.04,23.35,23.87,23936
2025-03-28,23.88,25.49,23.45,25.08,61172
2025-03-31,24.6,24.6,22.58,22.86,62130
2025-04-01,22.86,24.23,22.81,23.64,36333
2025-04-02,23.63,24.03,23.44,23.96,19259
2025-04-03,23.96,24.11,23.32,23.9,17589
2025-04-07,22.0,22.32,21.51,21.51,20342
2025-04-08,21.51,21.73,19.9,20.58,32488
2025-04-09,20.49,22.0,19.66,21.82,26998
2025-04-10,22.02,23.02,22.02,22.69,24760
2025-04-11,22.5,23.58,22.28,23.38,24601
2025-04-14,23.5,23.72,23.13,23.6,19157
2025-04-15,23.76,24.38,23.43,24.25,19130
2025-04-16,24.0,24.7,23.81,24.33,20021
2025-04-17,24.33,25.05,24.12,24.64,24083
2025-04-18,24.6,24.84,24.07,24.63,14514
2025-04-21,24.56,24.56,24.1,24.25,17168
2025-04-22,24.4,24.59,24.16,24.52,15210
2025-04-23,24.52,24.96,24.1,24.3,17042
2025-04-24,24.3,24.39,23.6,24.05,16144
2025-04-25,23.99,24.05,23.47,23.98,12627
2025-04-28,23.98,24.12,22.88,23.19,18892
2025-04-29,23.31,23.7,22.77,23.63,15166
2025-04-30,23.62,24.19,23.62,23.96,15980
2025-05-06,24.44,24.65,24.08,24.57,17727
2025-05-07,24.78,25.3,24.52,24.88,18212
2025-05-08,24.72,26.01,24.5,25.24,26336
2025-05-09,25.24,25.45,24.81,25.28,13423
2025-05-12,25.55,25.8,25.28,25.42,18196
2025-05-13,25.68,25.68,24.99,25.15,14697
2025-05-14,25.33,25.33,24.91,25.2,14147
2025-05-15,25.25,25.25,24.62,25.18,11387
2025-05-16,25.16,25.37,24.92,25.15,10323
2025-05-19,25.5,25.82,24.91,25.26,16864
2025-05-20,25.47,25.67,25.02,25.67,13875
2025-05-21,25.71,25.81,25.15,25.54,14687
2025-05-22,25.48,25.65,24.7,25.01,14216
2025-05-23,24.99,25.45,24.7,25.03,16024
2025-05-26,25.1,25.4,24.94,25.11,10123
2025-05-27,25.09,25.5,24.89,25.33,14732
2025-05-28,25.33,25.6,25.16,25.33,10691
2025-05-29,25.34,26.08,25.34,25.96,19012
2025-05-30,26.0,27.45,25.7,26.9,42931
2025-06-03,26.59,27.25,26.4,26.67,23663
2025-06-04,26.66,26.88,26.1,26.49,13707
2025-06-05,26.59,26.78,26.37,26.61,11597
2025-06-06,26.6,26.99,26.36,26.9,15064
2025-06-09,26.9,27.04,26.42,26.67,12785
2025-06-10,26.71,26.85,26.1,26.48,13181
2025-06-11,26.48,26.91,26.33,26.52,13874
2025-06-12,26.52,26.73,26.2,26.71,14144
2025-06-13,26.7,26.79,26.06,26.6,20441
2025-06-16,26.6,26.7,26.05,26.17,19423
2025-06-17,26.38,27.12,26.11,26.88,24031
2025-06-18,26.7,26.86,26.15,26.23,12667
2025-06-19,26.19,26.4,25.6,25.78,13346
2025-06-20,25.73,25.88,25.15,25.37,9507
2025-06-23,25.27,25.88,25.12,25.88,10440
2025-06-24,25.95,26.38,25.72,26.13,10252
2025-06-25,26.27,26.57,26.06,26.28,9382
2025-06-26,26.27,26.92,26.07,26.39,19644
2025-06-27,26.48,26.87,26.4,26.74,15368
2025-06-30,26.99,27.15,26.62,26.74,13450
2025-07-01,26.9,27.18,26.57,26.99,22058
2025-07-02,27.15,27.16,26.65,26.85,9769
2025-07-03,26.9,27.0,26.71,26.97,9350
2025-07-04,27.01,28.58,26.98,27.29,33761
2025-07-07,27.29,28.58,27.2,28.35,34147
2025-07-08,28.28,29.28,28.06,28.29,21665
2025-07-09,28.29,29.28,27.83,27.9,16235
2025-07-10,28.02,28.05,27.52,27.77,10300
2025-07-11,27.9,28.17,27.42,28.01,12422
2025-07-14,28.2,28.3,27.63,28.07,11530
2025-07-15,28.06,28.1,27.42,27.71,9601
2025-07-16,28.0,28.0,27.5,27.72,8789
2025-07-17,27.83,27.98,27.58,27.87,10757
2025-07-18,28.0,29.1,27.88,28.51,25458
2025-07-21,28.46,28.74,28.0,28.51,13921
2025-07-22,28.58,28.65,28.0,28.15,13740
2025-07-23,28.35,28.46,27.74,28.02,10659
2025-07-24,28.09,28.3,27.79,28.11,10849
2025-07-25,28.12,28.61,27.69,28.46,12033
2025-07-28,28.53,28.8,28.0,28.2,12932
2025-07-29,28.44,28.44,27.42,28.02,21394
2025-07-30,28.09,30.26,28.05,28.55,27184
2025-07-31,28.43,28.66,28.09,28.33,18139
2025-08-01,28.4,29.12,28.1,29.04,28471
2025-08-04,29.04,29.04,28.45,28.85,14496
2025-08-05,28.89,29.15,28.71,29.07,12134
2025-08-06,29.16,29.2,28.86,28.95,11609
2025-08-07,29.07,29.32,28.73,28.91,14239
2025-08-08,28.97,28.97,28.29,28.74,10940
2025-08-11,29.08,29.22,28.8,29.07,15139
2025-08-12,29.08,29.36,28.88,29.03,10464
2025-08-13,29.17,29.19,28.6,28.88,13608
2025-08-14,28.88,28.88,27.83,27.85,20800
2025-08-15,28.0,28.34,27.56,27.66,18436
2025-08-18,27.95,28.4,27.9,27.95,26656
2025-08-19,27.95,28.32,27.83,28.1,18313
2025-08-20,28.2,28.26,27.81,28.23,13364
2025-08-21,28.2,28.64,28.11,28.52,16984
2025-08-22,28.78,28.8,27.91,28.25,21285
2025-08-25,28.5,28.5,27.93,28.06,20788
2025-08-26,28.06,28.8,27.67,28.26,18329
2025-08-27,28.3,28.6,27.09,27.14,22622
2025-08-28,27.28,27.68,25.96,27.21,28881
2025-08-29,26.83,27.15,26.41,26.6,17293
2025-09-01,26.55,27.09,26.49,26.8,20594
2025-09-02,26.8,26.88,25.95,26.57,19095
2025-09-03,26.57,26.69,25.76,25.96,13688
2025-09-04,25.96,26.67,25.83,26.3,20462
2025-09-05,26.44,26.72,25.86,26.68,16546
2025-09-08,26.69,27.28,26.43,27.15,18740
2025-09-09,27.15,27.2,26.74,27.0,14479
2025-09-10,27.1,27.28,26.72,27.16,10919
2025-09-11,27.19,27.39,26.69,27.31,15054
2025-09-12,27.31,27.4,26.91,26.99,9496
2025-09-15,27.05,27.15,26.66,26.78,11496
2025-09-16,26.88,27.25,26.53,27.13,13495
2025-09-17,27.18,27.25,26.77,26.99,10723
2025-09-18,27.3,27.3,26.18,26.5,17507
2025-09-19,26.27,26.61,25.9,26.38,16779
2025-09-22,26.39,26.5,26.0,26.33,12461
2025-09-23,26.34,26.45,25.12,25.85,21000
2025-09-24,25.85,26.38,25.5,26.33,13503
2025-09-25,26.36,26.59,26.01,26.11,12391
2025-09-26,26.2,26.55,26.0,26.28,12881
2025-09-29,26.27,26.42,25.52,26.4,13663
2025-09-30,26.46,26.59,26.16,26.23,9344
2025-10-09,26.23,26.23,25.73,25.8,19589
2025-10-10,25.8,26.1,25.61,25.99,12534
2025-10-13,25.18,25.97,24.59,25.82,16737
2025-10-14,25.83,26.1,25.67,25.84,12460
2025-10-15,25.85,26.33,25.82,26.2,13757
2025-10-16,26.2,26.32,25.88,26.06,11060
2025-10-17,25.99,26.26,25.66,25.96,10568
2025-10-20,26.0,26.17,25.84,26.03,12266
2025-10-21,26.09,26.86,25.95,26.76,14822
2025-10-22,26.86,28.36,26.63,27.67,32689
2025-10-23,27.75,27.78,27.2,27.76,16778
2025-10-24,27.88,28.32,27.67,28.0,20052
2025-10-27,28.01,28.46,27.64,28.25,20498
2025-10-28,28.25,28.45,28.01,28.11,13686
2025-10-29,28.29,28.29,27.46,28.0,20465
2025-10-30,28.2,28.2,27.52,27.76,14301
2025-10-31,27.81,28.14,27.71,27.87,11784
2025-11-03,27.98,28.36,27.9,28.23,18670
2025-11-04,28.24,28.28,27.92,28.24,12947
2025-11-05,28.01,28.36,27.9,28.25,13202
2025-11-06,28.38,28.38,27.93,28.24,9023
2025-11-07,28.21,28.36,28.0,28.13,11378
2025-11-10,28.32,28.33,27.93,28.0,14717
2025-11-11,28.1,28.34,27.87,28.3,13371
2025-11-12,28.3,28.47,28.02,28.15,12753
2025-11-13,28.25,28.29,27.93,28.24,9578
2025-11-14,28.23,28.8,28.1,28.6,15365
2025-11-17,28.87,28.9,28.28,28.57,11822
2025-11-18,28.57,28.57,28.1,28.29,15312
2025-11-19,28.4,28.4,27.42,27.58,15674
2025-11-20,27.59,27.86,26.85,27.13,17266
2025-11-21,26.8,27.39,25.56,25.73,21343
2025-11-24,25.67,26.35,25.67,26.24,22780
2025-11-25,26.35,27.18,26.35,26.89,15975
2025-11-26,26.83,27.15,26.04,26.15,13541
2025-11-27,26.15,27.88,26.06,27.08,32651
2025-11-28,27.0,27.7,26.74,27.58,25497
2025-12-01,27.51,28.25,27.31,27.52,22575
2025-12-02,27.54,27.61,26.9,27.18,16355
2025-12-03,27.18,27.2,26.6,26.61,17229
2025-12-04,26.61,26.65,25.91,26.16,12520
2025-12-05,26.19,26.66,25.94,26.63,14618
2025-12-08,26.7,27.04,26.64,26.93,19266
2025-12-09,26.97,27.01,26.42,26.5,11806
2025-12-10,26.35,26.62,26.05,26.36,15607
2025-12-11,26.3,26.3,25.23,25.39,21324
2025-12-12,25.14,25.71,24.8,24.81,18425
2025-12-15,24.81,25.54,24.63,25.16,17684
2025-12-16,25.13,25.35,24.76,24.86,12568
2025-12-17,24.87,25.2,24.51,25.18,13515
2025-12-18,25.18,25.95,25.03,25.77,15297
2025-12-19,25.77,26.2,25.51,26.17,13871
2025-12-22,26.24,26.34,26.05,26.11,15002
2025-12-23,26.25,26.25,25.5,25.86,12358
2025-12-24,25.86,26.06,25.62,25.87,11791
2025-12-25,25.92,25.98,25.71,25.91,12859
2025-12-26,25.91,26.29,25.66,25.68,13569
2025-12-29,25.78,25.81,25.33,25.79,10884
2025-12-30,25.87,26.09,25.51,25.71,13333
2025-12-31,25.78,26.08,25.46,25.97,15645
2026-01-05,25.83,26.58,25.72,26.5,21859
2026-01-06,26.5,26.78,26.34,26.53,16183
2026-01-07,26.68,26.68,25.99,26.01,17186
2026-01-08,26.01,26.45,25.88,26.39,16899
2026-01-09,26.45,26.91,26.36,26.83,20523
2026-01-12,26.9,27.2,26.59,27.06,20175
2026-01-13,27.3,27.66,27.03,27.29,20246
2026-01-14,27.3,27.65,26.9,27.25,18742
2026-01-15,27.3,27.68,27.13,27.44,15142
2026-01-16,27.48,27.69,27.24,27.52,13637
2026-01-19,27.52,27.98,27.18,27.96,13003
2026-01-20,27.98,28.06,27.67,27.87,15495
2026-01-21,27.86,28.32,27.52,28.2,14639
2026-01-22,28.22,28.69,28.0,28.59,13843
2026-01-23,28.58,28.75,28.44,28.67,11469
2026-01-26,28.74,28.98,28.01,28.55,22164
2026-01-27,28.54,28.85,27.4,28.45,18889
2026-01-28,28.37,28.58,28.01,28.17,13539
2026-01-29,28.11,28.68,27.66,28.03,15418
2026-01-30,28.03,28.65,27.75,28.59,19666
2026-02-02,28.87,29.22,28.51,28.53,22160
2026-02-03,28.82,29.29,28.46,29.03,19666
2026-02-04,29.03,29.34,28.8,28.92,12738
2026-02-05,29.16,29.38,28.97,29.1,14790
2026-02-06,29.05,29.54,28.76,29.13,12495
2026-02-09,29.45,29.65,29.26,29.48,16795
2026-02-10,29.6,29.87,29.33,29.66,14449
2026-02-11,29.68,29.82,29.41,29.53,11377
2026-02-12,29.6,29.8,29.05,29.49,13389
2026-02-13,29.46,29.88,29.2,29.37,17693
2026-02-24,29.52,29.74,29.37,29.6,18183
2026-02-25,29.67,29.88,29.2,29.34,16264
2026-02-26,29.34,29.51,29.18,29.35,10925
2026-02-27,29.3,29.63,29.05,29.59,17171
2026-03-02,29.47,29.51,28.1,28.26,18880
2026-03-03,28.4,28.73,27.65,27.65,19072
2026-03-04,27.47,27.71,26.8,27.05,22244
2026-03-05,27.5,28.27,27.43,27.68,17349
2026-03-06,27.61,28.77,27.5,28.7,17211
2026-03-09,28.58,28.82,27.82,28.71,20830
2026-03-10,28.92,29.5,28.92,29.33,19177
2026-03-11,29.33,29.97,28.96,29.23,17509
2026-03-12,29.22,29.53,28.5,28.75,14181
2026-03-13,28.84,29.38,28.34,28.69,12778
2026-03-16,28.67,28.98,28.31,28.52,13022
2026-03-17,28.67,28.86,27.81,27.86,14293
2026-03-18,27.88,28.7,27.68,28.65,16301
2026-03-19,28.41,28.6,27.5,27.65,14737
2026-03-20,27.65,28.01,26.04,26.06,24426
2026-03-23,25.87,25.87,24.43,24.6,29780
2026-03-24,25.43,26.14,24.95,26.13,27968
2026-03-25,26.13,27.16,26.13,26.8,17578
2026-03-26,26.81,26.97,26.02,26.26,16143
2026-03-27,26.0,26.69,25.78,26.57,12451
2026-03-30,26.36,27.08,26.17,26.93,15477
2026-03-31,26.92,27.34,26.61,26.62,18109
2026-04-01,27.35,27.82,26.53,26.86,16305
2026-04-02,26.81,26.98,25.62,25.91,20948
2026-04-03,26.29,26.29,24.46,24.68,35576
2026-04-07,24.68,25.48,24.01,25.31,32770
2026-04-08,25.45,26.42,25.45,26.32,25905
2026-04-09,26.24,26.58,25.79,25.79,22758
2026-04-10,26.09,26.41,25.81,26.0,17412
2026-04-13,26.08,26.08,25.4,25.92,19820
2026-04-14,26.14,26.18,25.3,25.75,16322
2026-04-15,25.79,25.85,25.21,25.29,16125
2026-04-16,25.45,25.9,25.1,25.75,15160
2026-04-17,25.74,25.88,25.26,25.62,14599
2026-04-20,25.69,25.78,25.4,25.76,13797
2026-04-21,25.74,25.85,25.53,25.83,11538
2026-04-22,25.6,25.77,25.31,25.61,13455
2026-04-23,25.62,25.69,25.18,25.27,11939
2026-04-24,25.2,25.65,24.86,25.44,13270
2026-04-27,25.4,26.06,25.12,25.98,18058
2026-04-28,25.99,26.16,25.63,25.78,19132
2026-04-29,26.61,28.36,26.56,27.58,75792
