Date,Open,High,Low,Close,Volume
2015-08-11,20.34,21.4,20.1,20.3,531077
2015-08-12,19.78,21.7,19.71,20.92,595902
2015-08-13,21.01,22.98,20.91,22.45,751727
2015-08-14,23.05,23.19,21.7,21.94,639157
2015-08-17,22.0,23.15,21.81,22.91,536716
2015-08-18,22.89,22.89,20.62,20.62,536389
2015-08-19,19.5,21.55,18.68,21.19,540779
2015-08-20,20.8,20.95,19.47,19.51,321947
2015-08-21,18.98,19.51,17.78,17.91,438235
2015-08-24,17.0,17.33,16.12,16.12,342310
2015-08-25,14.6,15.5,14.51,14.51,382133
2015-08-26,14.68,15.82,14.16,14.74,448092
2015-08-27,15.25,16.21,15.0,16.21,434446
2015-08-28,16.66,17.73,16.51,17.7,527363
2015-08-31,17.1,17.4,16.7,16.98,383406
2015-09-01,16.6,16.68,15.32,16.49,441289
2015-09-02,15.55,17.62,15.36,17.26,609374
2015-09-07,17.52,18.3,16.55,16.96,458651
2015-09-08,16.57,18.66,16.46,18.66,420722
2015-09-09,19.2,20.2,17.51,18.26,1071001
2015-09-10,17.4,18.43,17.31,17.94,410697
2015-09-11,17.88,19.73,17.66,19.73,675118
2015-09-14,20.2,20.2,17.76,18.61,823411
2015-09-15,17.9,18.97,17.07,17.32,525727
2015-09-16,17.5,19.05,17.21,19.05,646970
2015-09-17,18.78,19.99,18.21,18.25,748732
2015-09-18,18.5,18.69,17.68,18.03,425438
2015-09-21,17.8,18.93,17.65,18.65,298250
2015-09-22,18.74,19.35,18.57,18.89,414687
2015-09-23,18.6,19.48,18.51,18.98,388222
2015-09-24,19.19,19.28,18.51,18.88,283868
2015-09-25,19.16,19.69,18.7,18.86,471725
2015-09-28,18.95,19.09,17.36,18.32,291475
2015-09-29,17.67,18.58,17.63,17.97,235809
2015-09-30,18.08,18.25,17.6,17.64,151668
2015-10-08,18.25,18.6,18.0,18.56,290247
2015-10-09,18.5,19.02,18.39,18.87,302559
2015-10-12,19.1,19.84,18.84,18.87,733340
2015-10-13,18.66,19.58,18.55,19.38,472698
2015-10-14,19.39,19.53,18.7,18.74,351499
2015-10-15,18.76,19.35,18.71,19.27,301450
2015-10-16,19.39,21.2,19.22,20.96,838354
2015-10-19,20.96,21.62,20.35,20.5,644401
2015-10-20,20.5,21.44,20.38,21.01,418830
2015-10-21,21.01,21.15,18.91,18.93,538010
2015-10-22,19.25,19.91,19.04,19.74,357039
2015-10-23,19.83,21.08,19.58,20.95,630244
2015-10-26,20.99,21.14,20.22,20.6,477083
2015-10-27,20.31,21.25,20.21,21.01,433572
2015-10-28,20.84,21.08,19.8,19.92,333969
2015-10-29,20.18,20.53,19.92,20.08,213957
2015-10-30,20.1,20.29,19.4,19.49,307794
2015-11-02,19.02,19.67,18.8,18.82,269123
2015-11-03,18.95,19.13,18.31,18.59,226719
2015-11-04,18.8,20.2,18.7,19.96,334307
2015-11-05,19.84,20.13,19.54,19.63,416378
2015-11-06,19.75,20.46,19.67,20.39,407369
2015-11-09,20.71,20.98,20.35,20.44,557865
2015-11-10,20.39,21.38,20.15,20.22,587727
2015-11-11,20.48,20.66,20.16,20.61,385032
2015-11-12,20.65,20.66,20.09,20.23,313484
2015-11-13,19.99,20.86,19.81,20.29,438993
2015-11-16,19.96,20.27,19.83,20.16,289684
2015-11-17,20.33,20.94,20.3,20.39,497557
2015-11-18,20.45,20.94,19.99,20.07,394195
2015-11-19,20.09,20.28,19.67,20.15,290679
2015-11-20,20.23,20.47,19.81,20.0,314367
2015-11-23,19.86,20.12,19.6,19.88,254695
2015-11-24,19.92,19.93,19.59,19.76,159678
2015-11-25,19.7,19.87,19.61,19.79,188324
2015-11-26,19.95,20.35,19.78,19.91,350612
2015-11-27,19.7,19.84,17.92,17.94,432001
2015-11-30,17.99,18.18,16.79,17.53,255626
2015-12-01,17.54,17.93,17.36,17.78,207510
2015-12-02,17.77,17.87,17.18,17.83,194706
2015-12-03,17.85,18.11,17.73,18.04,157609
2015-12-04,17.96,18.17,17.6,17.65,186639
2015-12-07,17.71,17.84,17.61,17.74,140221
2015-12-08,17.61,17.66,17.0,17.06,179602
2015-12-09,17.0,17.17,16.86,16.9,146134
2015-12-10,17.18,18.0,17.01,17.49,276724
2015-12-11,17.12,17.46,16.92,17.09,155400
2015-12-14,16.95,17.5,16.73,17.42,135139
2015-12-15,17.42,17.64,17.31,17.44,114932
2015-12-16,17.51,17.59,17.37,17.4,92529
2015-12-17,17.55,18.0,17.51,17.85,188724
2015-12-18,17.9,18.16,17.71,17.83,145340
2015-12-21,17.75,18.34,17.7,18.16,233211
2015-12-22,18.31,18.31,17.96,18.13,140598
2015-12-23,18.14,18.56,18.04,18.21,223477
2015-12-24,18.15,18.34,17.78,18.32,153535
2015-12-25,18.27,18.39,18.17,18.21,99913
2015-12-28,18.26,18.53,17.78,17.81,202663
2015-12-29,17.8,17.98,17.74,17.97,104588
2015-12-30,18.02,18.15,17.83,17.94,93924
2015-12-31,17.97,18.18,17.84,17.87,115273
2016-01-04,17.97,18.0,16.3,16.35,121732
2016-01-05,15.8,17.34,15.7,16.85,194590
2016-01-06,16.9,17.16,16.79,16.99,132741
2016-01-07,16.75,16.75,15.35,15.45,38046
2016-01-08,16.15,16.17,15.08,15.89,180161
2016-01-11,15.41,15.88,14.51,14.6,158729
2016-01-12,14.74,15.19,14.56,14.65,152223
2016-01-13,15.2,15.86,14.56,14.58,229961
2016-01-14,13.99,14.85,13.85,14.82,207448
2016-01-15,14.7,14.86,14.0,14.14,133737
2016-01-18,13.9,14.55,13.86,14.3,109959
2016-01-19,14.39,14.86,14.3,14.78,146757
2016-01-20,14.68,14.85,14.27,14.38,144673
2016-01-21,14.26,14.64,13.99,14.0,131243
2016-01-22,14.19,14.37,13.91,14.28,90992
2016-01-25,14.45,14.73,14.45,14.58,117395
2016-01-26,14.4,14.54,13.13,13.3,146825
2016-01-27,13.35,13.5,12.31,13.01,171636
2016-01-28,12.82,13.36,12.45,12.5,111620
2016-01-29,12.55,13.08,12.22,12.86,126466
2016-02-01,12.8,13.06,12.47,12.68,89089
2016-02-02,12.76,13.09,12.68,13.07,105522
2016-02-03,12.9,13.07,12.67,12.97,90792
2016-02-04,13.33,13.46,13.1,13.27,154683
2016-02-05,13.25,13.85,13.25,13.49,207497
2016-02-15,13.05,13.88,13.01,13.66,137371
2016-02-16,13.69,14.14,13.66,14.05,166925
2016-02-17,13.97,14.25,13.91,14.08,145554
2016-02-18,14.26,14.26,13.91,13.95,132220
2016-02-19,14.05,14.31,14.02,14.13,140366
2016-02-22,14.32,14.37,14.1,14.25,145683
2016-02-23,14.2,14.29,13.88,14.03,112707
2016-02-24,13.98,14.57,13.87,14.54,233601
2016-02-25,14.5,14.5,13.09,13.09,241377
2016-02-26,13.19,13.38,12.84,13.11,134143
2016-02-29,13.09,13.09,11.8,12.15,214781
2016-03-01,12.22,12.43,11.8,12.28,129385
2016-03-02,12.3,12.9,12.23,12.82,178819
2016-03-03,12.8,13.2,12.76,13.03,171074
2016-03-04,12.95,13.12,12.57,12.82,179448
2016-03-07,12.99,13.23,12.91,13.16,97144
2016-03-08,13.09,13.19,12.65,13.12,107528
2016-03-09,12.85,13.13,12.71,12.98,113113
2016-03-10,12.93,13.02,12.65,12.66,75935
2016-03-11,12.52,12.67,12.35,12.52,60289
2016-03-14,12.64,13.05,12.64,12.87,89768
2016-03-15,12.87,13.09,12.73,13.05,102500
2016-03-16,13.06,13.15,12.95,13.02,137681
2016-03-17,13.09,13.36,13.01,13.27,127849
2016-03-18,13.26,13.8,13.26,13.64,184229
2016-03-21,14.01,14.48,13.9,14.1,225600
2016-03-22,14.1,14.8,13.96,14.52,261115
2016-03-23,14.41,14.6,14.24,14.53,154943
2016-03-24,14.41,14.8,14.22,14.33,181560
2016-03-25,14.5,15.28,14.3,15.18,269850
2016-03-28,15.6,15.62,14.45,14.67,331861
2016-03-29,14.49,14.6,13.81,14.01,188339
2016-03-30,14.1,14.35,14.03,14.32,148396
2016-03-31,14.33,14.38,14.09,14.15,131313
2016-04-01,14.14,14.22,13.82,14.16,111737
2016-04-05,14.12,14.33,14.0,14.3,173880
2016-04-06,14.25,14.42,14.07,14.22,122852
2016-04-07,14.23,14.3,13.92,13.93,111126
2016-04-08,13.85,13.94,13.62,13.81,89664
2016-04-11,13.89,14.1,13.89,14.0,83277
2016-04-12,14.03,14.08,13.73,13.9,70450
2016-04-13,13.94,14.25,13.93,14.07,156821
2016-04-14,14.13,14.27,14.08,14.23,116505
2016-04-15,14.22,14.42,14.11,14.25,127914
2016-04-18,14.16,14.16,13.76,13.8,108076
2016-04-19,13.93,13.95,13.71,13.87,66238
2016-04-20,13.88,13.92,12.85,13.2,177294
2016-04-21,13.15,13.35,13.01,13.21,102999
2016-04-22,13.29,13.48,13.16,13.44,85981
2016-04-25,13.35,13.65,13.09,13.39,81757
2016-04-26,13.31,13.45,13.17,13.42,47065
2016-04-27,13.35,13.46,13.21,13.26,55077
2016-04-28,13.33,13.51,13.16,13.37,81031
2016-04-29,13.23,13.37,13.12,13.17,65237
2016-05-03,13.18,13.45,13.1,13.38,110982
2016-05-04,13.37,13.77,13.32,13.59,188960
2016-05-05,13.51,13.71,13.43,13.68,107519
2016-05-06,13.8,13.82,13.0,13.11,148744
2016-05-09,13.0,13.09,12.66,12.76,107249
2016-05-10,12.81,12.86,12.61,12.71,51262
2016-05-11,12.8,13.0,12.65,12.68,73968
2016-05-12,12.6,12.6,12.37,12.59,66898
2016-05-13,12.54,12.68,12.48,12.55,52817
2016-05-16,12.55,12.62,12.32,12.61,48742
2016-05-17,12.6,12.62,12.41,12.48,63766
2016-05-18,12.39,12.42,11.93,12.11,96063
2016-05-19,12.12,12.29,12.01,12.06,67538
2016-05-20,12.08,12.2,12.0,12.19,60239
2016-05-23,12.23,12.35,12.18,12.26,64854
2016-05-24,12.25,12.25,11.94,12.02,64895
2016-05-25,12.1,12.15,11.96,11.99,41147
2016-05-26,12.04,12.07,11.79,11.98,63061
2016-05-27,11.94,12.14,11.89,12.06,56006
2016-05-30,12.0,12.15,11.9,12.06,45833
2016-05-31,12.06,12.48,12.06,12.47,115056
2016-06-01,12.52,12.55,12.39,12.46,97357
2016-06-02,12.46,12.55,12.4,12.53,72191
2016-06-03,12.54,12.59,12.44,12.54,72275
2016-06-06,12.65,12.85,12.62,12.65,121610
2016-06-07,12.63,12.64,12.43,12.46,74038
2016-06-08,12.44,12.6,12.44,12.51,80495
2016-06-13,12.4,12.78,12.05,12.08,129560
2016-06-14,12.12,12.32,12.06,12.28,71836
2016-06-15,12.12,12.66,12.12,12.64,95644
2016-06-16,12.54,12.67,12.26,12.36,117907
2016-06-17,12.35,12.46,12.21,12.25,79878
2016-06-20,12.24,12.29,12.02,12.11,67747
2016-06-21,12.2,12.24,12.03,12.08,62483
2016-06-22,12.1,12.15,12.01,12.14,46975
2016-06-23,12.16,12.19,12.06,12.1,52171
2016-06-24,12.04,12.18,11.8,11.9,110315
2016-06-27,11.81,12.06,11.81,12.05,67794
2016-06-28,11.96,12.12,11.96,12.08,73827
2016-06-29,12.1,12.22,12.07,12.15,86715
2016-06-30,12.15,12.19,12.05,12.08,54269
2016-07-01,12.14,12.15,12.02,12.06,52309
2016-07-04,12.03,12.36,12.01,12.31,133386
2016-07-05,12.35,12.35,12.24,12.32,82991
2016-07-06,12.3,12.37,12.25,12.36,91735
2016-07-07,12.35,12.44,12.31,12.35,90480
2016-07-08,12.36,12.38,12.29,12.32,71815
2016-07-11,12.31,12.41,12.28,12.32,89907
2016-07-12,12.35,12.52,12.27,12.5,121051
2016-07-13,12.55,12.65,12.53,12.57,139924
2016-07-14,12.59,12.6,12.5,12.55,64660
2016-07-15,12.59,12.67,12.54,12.66,87262
2016-07-18,12.6,12.65,12.38,12.41,96884
2016-07-19,12.41,12.45,12.32,12.43,66523
2016-07-20,12.44,12.49,12.38,12.42,59090
2016-07-21,12.47,12.75,12.42,12.55,135939
2016-07-22,12.52,12.6,12.4,12.42,71170
2016-07-25,12.4,12.59,12.4,12.58,89597
2016-07-26,12.57,12.91,12.54,12.9,197953
2016-07-27,12.94,12.96,12.31,12.82,235333
2016-07-28,12.71,12.88,12.53,12.82,149735
2016-07-29,12.86,13.09,12.68,12.84,215750
2016-08-01,12.76,12.77,12.31,12.42,134506
2016-08-02,12.42,12.83,12.39,12.79,125653
2016-08-03,12.74,13.35,12.73,13.22,354965
2016-08-04,13.15,13.29,13.03,13.16,189470
2016-08-05,13.11,13.74,13.09,13.17,231130
2016-08-08,13.17,13.46,13.16,13.42,175651
2016-08-09,13.4,13.55,13.24,13.47,173023
2016-08-10,13.45,13.49,13.13,13.14,138117
2016-08-11,13.18,13.35,13.08,13.1,104746
2016-08-12,13.11,13.29,12.97,13.25,113614
2016-08-15,13.24,13.6,13.22,13.54,201598
2016-08-16,13.58,13.87,13.5,13.56,254315
2016-08-17,13.54,13.8,13.45,13.68,155281
2016-08-18,13.61,13.93,13.55,13.79,206191
2016-08-19,13.72,13.93,13.72,13.84,164104
2016-08-22,13.85,14.1,13.83,13.87,184590
2016-08-23,13.85,13.97,13.46,13.64,200007
2016-08-24,13.64,13.73,13.49,13.52,94121
2016-08-25,13.46,13.58,13.32,13.57,86741
2016-08-26,13.59,13.62,13.43,13.47,58245
2016-08-29,13.45,13.47,13.24,13.3,73346
2016-08-30,13.35,13.38,13.24,13.26,56607
2016-08-31,13.27,13.36,13.24,13.32,50952
2016-09-01,13.3,13.34,13.0,13.03,97809
2016-09-02,13.03,13.15,13.01,13.09,62432
2016-09-05,13.12,13.2,13.05,13.11,47455
2016-09-06,13.13,13.19,12.92,13.18,72653
2016-09-07,13.2,13.24,13.08,13.12,58823
2016-09-08,13.11,13.13,12.99,13.05,53726
2016-09-09,13.07,13.1,12.96,12.97,54656
2016-09-12,12.83,12.85,12.4,12.59,142556
2016-09-13,12.63,12.64,12.43,12.46,56587
2016-09-14,12.41,12.51,12.39,12.42,36618
2016-09-19,12.44,12.51,12.42,12.45,36008
2016-09-20,12.47,12.47,12.43,12.46,30937
2016-09-21,12.46,12.48,12.33,12.42,104976
2016-09-22,12.48,12.52,12.45,12.47,58332
2016-09-23,12.48,12.49,12.38,12.41,54616
2016-09-26,12.38,12.44,12.28,12.3,68483
2016-09-27,12.27,12.5,12.24,12.46,46810
2016-09-28,12.52,12.52,12.42,12.47,33816
2016-09-29,12.47,12.53,12.44,12.47,30838
2016-09-30,12.47,12.52,12.42,12.46,37765
2016-10-10,12.49,12.61,12.43,12.6,61177
2016-10-11,12.59,12.76,12.55,12.75,64911
2016-10-12,12.67,12.71,12.63,12.66,42841
2016-10-13,12.65,12.74,12.61,12.66,48776
2016-10-14,12.63,12.65,12.48,12.6,52884
2016-10-17,12.6,12.63,12.49,12.5,43066
2016-10-18,12.49,12.7,12.44,12.67,59569
2016-10-19,12.67,13.04,12.67,12.86,117224
2016-10-20,12.81,12.87,12.69,12.71,65614
2016-10-21,12.77,12.85,12.68,12.8,58649
2016-10-24,12.8,12.93,12.77,12.89,66120
2016-10-25,12.92,12.97,12.84,12.93,47376
2016-10-26,12.96,12.96,12.84,12.86,55051
2016-10-27,12.91,12.92,12.83,12.88,42741
2016-10-28,12.89,13.08,12.86,12.92,93388
2016-10-31,12.92,12.95,12.83,12.91,69333
2016-11-01,12.92,12.96,12.88,12.95,71142
2016-11-02,12.92,13.13,12.88,12.92,74661
2016-11-03,12.88,13.04,12.86,12.89,86459
2016-11-04,12.92,13.02,12.86,12.9,51531
2016-11-07,12.87,12.95,12.8,12.86,69033
2016-11-08,12.9,12.97,12.88,12.93,52916
2016-11-09,12.94,13.13,12.8,13.04,122960
2016-11-10,13.04,13.16,13.01,13.15,86417
2016-11-11,13.16,13.18,13.07,13.14,86678
2016-11-14,13.15,13.22,13.12,13.18,93527
2016-11-15,13.27,13.38,13.11,13.17,81176
2016-11-16,13.15,13.23,13.12,13.16,60135
2016-11-17,13.13,13.19,13.04,13.08,42550
2016-11-18,13.11,13.13,12.95,13.01,46172
2016-11-21,13.01,13.13,13.0,13.07,53153
2016-11-22,13.08,13.46,13.04,13.42,235364
2016-11-23,13.37,13.44,13.16,13.21,115047
2016-11-24,13.18,13.26,13.12,13.2,71487
2016-11-25,13.22,13.33,13.05,13.29,83599
2016-11-28,13.3,13.32,13.21,13.24,90714
2016-11-29,13.23,13.36,13.18,13.26,105140
2016-11-30,13.2,13.27,13.11,13.13,63745
2016-12-01,13.14,13.27,13.1,13.24,67792
2016-12-02,13.21,13.34,12.98,13.01,86202
2016-12-05,12.91,13.02,12.83,13.01,80066
2016-12-06,12.97,12.98,12.79,12.82,40040
2016-12-07,12.81,13.38,12.73,13.19,152638
2016-12-08,13.27,13.27,12.89,12.94,94230
2016-12-09,12.91,13.48,12.87,13.4,322080
2016-12-12,13.3,13.34,12.91,13.14,238672
2016-12-13,13.02,13.31,12.88,13.28,167314
2016-12-14,13.3,13.87,13.26,13.6,420494
2016-12-15,13.5,14.08,13.41,13.93,496521
2016-12-16,13.78,13.96,13.58,13.67,289619
2016-12-19,13.78,13.96,13.56,13.81,300674
2016-12-20,13.75,13.75,13.26,13.32,247584
2016-12-21,13.35,13.42,13.1,13.25,206906
2016-12-22,13.23,13.45,13.13,13.34,183374
2016-12-23,13.34,13.7,13.1,13.54,277548
2016-12-26,13.99,14.47,13.76,14.1,498221
2016-12-27,14.19,14.45,13.88,14.39,480529
2016-12-28,14.41,14.45,13.95,14.11,358752
2016-12-29,14.02,14.83,13.97,14.6,459233
2016-12-30,14.52,14.68,14.3,14.36,238422
2017-01-03,14.38,14.46,14.14,14.29,222412
2017-01-04,14.28,14.43,14.18,14.4,245976
2017-01-05,14.43,14.77,14.36,14.69,345917
2017-01-06,14.7,15.45,14.7,14.98,472244
2017-01-09,14.91,15.22,14.85,15.09,210840
2017-01-10,15.09,15.69,15.02,15.13,370114
2017-01-11,15.17,15.35,14.81,15.08,241827
2017-01-12,15.03,15.15,14.81,14.83,138676
2017-01-13,14.83,14.96,14.51,14.56,156285
2017-01-16,14.45,14.84,14.22,14.58,198656
2017-01-17,14.5,15.07,14.5,15.03,171066
2017-01-18,15.0,15.09,14.81,14.89,88166
2017-01-19,15.0,15.57,14.8,14.85,221980
2017-01-20,14.7,15.27,14.62,15.17,131180
2017-01-23,15.28,15.48,15.14,15.17,156979
2017-01-24,15.19,15.28,14.96,15.09,107045
2017-01-25,15.03,15.19,14.93,15.09,80905
2017-01-26,15.1,15.32,15.05,15.15,91861
2017-02-03,15.2,15.27,15.09,15.16,57483
2017-02-06,15.16,15.5,15.16,15.43,104724
2017-02-07,15.34,15.67,15.32,15.53,148422
2017-02-08,15.55,15.64,15.36,15.49,113288
2017-02-09,15.49,15.6,15.27,15.32,132021
2017-02-10,15.31,15.4,15.17,15.26,139143
2017-02-13,15.24,15.55,15.24,15.34,134246
2017-02-14,15.3,15.59,15.13,15.52,145589
2017-02-15,15.58,16.3,15.5,16.1,338505
2017-02-16,16.26,16.46,15.97,16.07,222665
2017-02-17,16.05,16.45,16.03,16.2,170642
2017-02-20,17.62,17.82,16.53,17.82,613973
2017-02-21,19.31,19.6,19.0,19.6,583922
2017-02-22,21.0,21.51,19.7,20.04,1892538
2017-02-23,19.35,19.5,18.47,18.6,1224475
2017-02-24,18.52,18.87,18.27,18.34,621466
2017-02-27,18.17,18.76,18.11,18.58,600575
2017-02-28,18.49,18.64,18.18,18.4,416247
2017-03-01,18.38,18.74,18.27,18.43,443844
2017-03-02,18.37,18.38,17.38,17.52,692594
2017-03-03,17.55,17.67,17.25,17.43,287500
2017-03-06,17.54,17.58,17.33,17.5,231782
2017-03-07,17.48,17.77,17.38,17.66,317810
2017-03-08,17.59,17.63,17.06,17.21,403951
2017-03-09,17.2,17.3,17.09,17.25,186616
2017-03-10,17.24,17.56,17.16,17.19,259870
2017-03-13,17.0,17.08,16.68,16.99,305070
2017-03-14,17.0,17.06,16.58,16.63,254879
2017-03-15,16.58,16.94,16.57,16.75,206341
2017-03-16,16.73,17.07,16.73,17.03,227362
2017-03-17,17.03,17.13,16.7,16.76,240469
2017-03-20,16.8,17.04,16.73,16.99,185197
2017-03-21,16.95,17.09,16.91,17.09,177529
2017-03-22,17.0,17.0,16.46,16.51,317337
2017-03-23,16.52,16.67,16.24,16.41,191268
2017-03-24,16.43,16.76,16.37,16.71,207835
2017-03-27,16.74,16.95,16.61,16.89,240305
2017-03-28,16.81,17.09,16.7,16.88,220388
2017-03-29,16.89,17.08,16.8,16.92,226438
2017-03-30,16.83,16.95,16.15,16.19,280057
2017-03-31,16.2,16.37,16.04,16.16,135473
2017-04-05,16.04,16.45,16.04,16.43,152209
2017-04-06,16.4,16.45,16.22,16.24,149857
2017-04-07,16.2,16.54,16.06,16.32,222337
2017-04-10,16.25,16.31,16.06,16.08,142665
2017-04-11,16.07,16.07,15.45,15.77,257679
2017-04-12,15.68,16.08,15.54,15.92,186046
2017-04-13,15.79,16.25,15.79,15.97,156227
2017-04-14,15.89,16.36,15.89,16.11,175924
2017-04-17,16.13,16.37,16.01,16.2,171463
2017-04-18,16.19,16.29,16.06,16.26,120736
2017-04-19,16.12,16.26,15.67,15.69,145291
2017-04-20,15.73,15.89,15.15,15.24,137407
2017-04-21,15.24,15.53,15.14,15.46,87668
2017-04-24,15.39,15.6,14.93,15.37,107741
2017-04-25,15.24,15.6,15.24,15.28,71754
2017-04-26,15.32,15.57,15.32,15.49,66779
2017-04-27,15.4,15.49,15.02,15.39,105224
2017-04-28,15.29,15.49,15.2,15.37,71641
2017-05-02,15.3,15.75,15.24,15.5,95850
2017-05-03,15.45,16.22,15.45,16.21,225477
2017-05-04,16.16,16.36,16.03,16.14,153327
2017-05-05,16.08,16.35,16.08,16.12,136306
2017-05-08,16.14,16.59,16.14,16.19,183687
2017-05-09,16.19,16.36,15.5,16.18,137845
2017-05-10,16.06,16.26,15.5,15.65,100945
2017-05-11,15.51,15.66,15.1,15.32,119008
2017-05-12,15.42,15.47,15.13,15.15,71246
2017-05-15,15.2,15.29,14.54,14.55,143545
2017-05-16,14.54,14.71,14.11,14.7,116137
2017-05-17,14.65,14.78,14.62,14.67,60178
2017-05-18,14.45,14.64,14.32,14.34,70981
2017-05-19,14.35,14.65,14.35,14.47,56894
2017-05-22,14.46,14.55,14.39,14.45,48574
2017-05-23,14.48,14.48,13.69,13.7,114533
2017-05-24,13.69,13.69,13.27,13.49,122106
2017-05-25,13.52,13.85,13.31,13.81,88707
2017-05-26,13.77,14.15,13.71,13.92,70721
2017-05-31,15.31,15.31,15.31,15.31,60477
2017-06-01,16.0,16.41,15.38,15.59,725175
2017-06-02,14.85,15.26,14.55,15.14,367050
2017-06-05,15.0,15.38,14.83,15.03,236732
2017-06-06,14.9,14.98,14.51,14.66,196271
2017-06-07,14.61,15.03,14.52,14.94,196671
2017-06-08,14.88,15.36,14.71,15.31,255790
2017-06-09,15.68,15.88,15.15,15.24,290540
2017-06-12,14.95,15.05,14.73,14.81,153179
2017-06-13,14.8,14.93,14.75,14.84,82202
2017-06-14,14.81,15.45,14.7,15.13,222774
2017-06-15,15.02,15.15,14.88,15.05,133416
2017-06-16,15.01,15.24,14.98,15.0,96424
2017-06-19,15.13,15.27,15.08,15.19,100068
2017-06-20,15.17,15.3,15.04,15.06,95559
2017-06-21,15.17,15.39,15.07,15.33,162183
2017-06-22,15.34,15.83,15.3,15.35,246372
2017-06-23,15.3,15.49,15.15,15.38,126661
2017-06-26,15.46,15.73,15.4,15.6,178738
2017-06-27,15.54,16.32,15.54,16.31,346401
2017-06-28,16.22,16.23,15.9,15.96,197589
2017-06-29,15.92,16.09,15.86,16.07,124284
2017-06-30,16.08,16.53,16.01,16.25,212600
2017-07-03,16.29,16.48,16.12,16.3,153335
2017-07-04,16.3,16.31,15.85,16.11,199343
2017-07-05,15.99,16.13,15.95,16.09,108410
2017-07-06,16.1,16.15,15.57,15.73,191957
2017-07-07,15.65,15.83,15.54,15.75,114516
2017-07-10,15.85,16.34,15.8,16.21,238697
2017-07-11,16.15,16.67,15.93,16.48,368356
2017-07-12,16.37,16.45,15.85,16.15,225129
2017-07-13,16.17,16.28,15.95,16.19,115787
2017-07-14,16.19,16.25,15.8,15.81,141039
2017-07-17,15.7,15.7,14.23,14.83,227104
2017-07-18,14.7,14.93,14.43,14.8,116433
2017-07-19,14.74,15.02,14.61,14.98,92267
2017-07-20,14.95,15.12,14.86,14.89,86575
2017-07-21,14.88,14.98,14.79,14.84,89768
2017-07-24,14.78,14.93,14.75,14.82,83814
2017-07-25,14.84,14.86,14.59,14.65,72691
2017-07-26,14.63,14.76,14.56,14.62,57652
2017-07-27,14.68,14.91,14.61,14.87,79630
2017-07-28,14.86,14.94,14.76,14.79,52733
2017-07-31,14.79,15.22,14.75,15.08,129349
2017-08-01,15.08,15.21,14.97,15.07,80295
2017-08-02,15.1,15.11,14.85,14.91,79828
2017-08-03,14.79,14.79,14.5,14.58,61891
2017-08-04,14.67,14.68,14.35,14.37,91237
2017-08-07,14.32,14.55,14.28,14.48,49740
2017-08-08,14.5,14.62,14.37,14.57,46047
2017-08-09,14.58,14.6,14.42,14.44,53478
2017-08-10,14.48,14.53,14.2,14.28,49889
2017-08-11,14.26,14.48,14.01,14.37,102293
2017-08-14,14.2,14.4,14.11,14.38,64262
2017-08-15,14.35,14.65,14.31,14.51,76456
2017-08-16,14.4,14.55,14.37,14.5,45497
2017-08-17,14.65,15.18,14.6,15.04,252911
2017-08-18,14.98,15.46,14.92,15.31,189717
2017-08-21,16.1,16.38,15.43,15.46,318424
2017-08-22,15.36,15.65,15.2,15.33,145060
2017-08-23,15.22,15.28,14.98,15.0,111161
2017-08-24,15.22,15.34,15.03,15.16,130024
2017-08-25,15.12,15.24,15.0,15.16,73791
2017-08-28,15.11,15.47,15.11,15.37,114409
2017-08-29,15.37,15.44,15.25,15.27,73862
2017-08-30,15.5,15.85,15.36,15.38,129058
2017-08-31,15.31,15.41,15.07,15.2,108615
2017-09-01,15.2,15.29,15.07,15.21,88206
2017-09-04,15.1,15.25,15.09,15.18,63584
2017-09-05,15.17,15.35,15.12,15.32,105215
2017-09-06,15.28,15.29,15.05,15.1,95677
2017-09-07,15.09,15.47,15.09,15.26,132852
2017-09-08,15.23,15.47,15.23,15.4,102934
2017-09-11,15.4,15.6,15.33,15.38,89324
2017-09-12,15.36,15.63,15.34,15.47,112156
2017-09-13,15.5,15.54,15.3,15.48,57956
2017-09-14,15.41,15.46,15.29,15.32,71738
2017-09-15,15.36,15.37,15.12,15.17,60284
2017-09-18,15.16,15.27,15.13,15.24,44033
2017-09-19,15.19,15.36,15.18,15.25,65587
2017-09-20,15.25,15.43,15.13,15.33,91865
2017-09-21,15.29,15.55,15.28,15.45,116978
2017-09-22,15.46,15.83,15.37,15.8,189720
2017-09-25,15.82,15.82,15.35,15.37,126553
2017-09-26,15.35,15.35,15.12,15.2,66894
2017-09-27,15.32,15.59,15.2,15.28,79089
2017-09-28,15.21,15.29,15.13,15.14,57091
2017-09-29,15.2,15.27,15.16,15.17,42824
2017-10-09,15.31,15.46,15.21,15.31,64342
2017-10-10,15.31,15.69,15.29,15.61,128147
2017-10-11,15.53,15.95,15.5,15.8,176159
2017-10-12,15.76,15.98,15.65,15.85,134165
2017-10-13,15.84,15.9,15.68,15.69,77036
2017-10-16,15.69,15.75,15.4,15.45,83060
2017-10-17,15.48,15.7,15.45,15.69,83280
2017-10-18,15.68,15.81,15.21,15.27,89917
2017-10-19,15.28,15.37,15.2,15.23,59718
2017-10-20,15.3,15.85,15.25,15.71,192719
2017-10-23,15.7,15.94,15.6,15.82,167039
2017-10-24,15.71,15.76,15.48,15.67,88126
2017-10-25,15.67,16.06,15.67,16.04,208035
2017-10-26,16.0,16.1,15.87,16.05,142630
2017-10-27,16.03,16.16,15.71,15.75,123767
2017-10-30,15.75,15.91,15.23,15.38,133196
2017-10-31,15.36,16.09,15.32,16.0,205485
2017-11-01,15.96,16.19,15.67,15.81,176094
2017-11-02,15.89,16.06,15.68,15.75,154560
2017-11-03,15.79,15.79,15.19,15.28,161716
2017-11-06,15.3,15.32,14.6,14.8,180010
2017-11-07,14.85,14.96,14.69,14.76,90195
2017-11-08,14.76,14.82,14.66,14.78,93044
2017-11-09,14.75,14.83,14.46,14.54,122183
2017-11-10,14.62,15.21,14.56,14.93,168110
2017-11-13,14.88,14.98,14.53,14.58,126942
2017-11-14,14.56,14.57,14.15,14.32,129375
2017-11-15,14.32,14.32,14.17,14.2,61716
2017-11-16,14.18,14.36,14.13,14.18,51518
2017-11-17,14.19,14.24,13.52,13.59,103308
2017-11-20,13.61,13.65,13.29,13.44,82897
2017-11-21,13.44,13.65,13.4,13.48,62949
2017-11-22,13.48,13.86,13.48,13.71,73526
2017-11-23,13.71,13.82,13.38,13.39,50182
2017-11-24,13.31,13.74,13.3,13.6,46124
2017-11-27,13.53,13.7,13.37,13.41,33616
2017-11-28,13.42,13.5,13.2,13.46,44462
2017-11-29,13.45,13.45,13.18,13.33,47589
2017-11-30,13.33,13.42,13.24,13.29,28826
2017-12-01,13.2,13.39,13.2,13.38,22933
2017-12-04,13.3,13.5,13.28,13.32,40152
2017-12-05,13.32,13.45,13.12,13.14,43964
2017-12-06,13.14,13.19,12.68,12.9,77826
2017-12-07,12.86,12.95,12.78,12.83,53311
2017-12-08,12.83,13.63,12.8,13.45,133320
2017-12-11,13.55,13.95,13.42,13.9,124730
2017-12-12,13.8,13.8,13.5,13.52,67327
2017-12-13,13.46,13.68,13.45,13.59,43367
2017-12-14,13.53,13.95,13.38,13.81,107524
2017-12-15,13.75,14.45,13.73,14.1,178881
2017-12-18,14.15,14.21,13.54,13.56,121301
2017-12-19,13.5,13.61,13.41,13.45,55898
2017-12-20,13.46,13.67,13.36,13.42,68442
2017-12-21,13.3,13.37,12.98,13.13,78130
2017-12-22,13.13,13.26,13.09,13.12,37530
2017-12-25,13.1,13.27,13.02,13.18,40680
2017-12-26,13.1,13.25,13.07,13.22,39608
2017-12-27,13.18,13.43,13.18,13.19,49496
2017-12-28,13.21,13.51,13.19,13.39,47052
2017-12-29,13.39,13.51,13.29,13.49,38368
2018-01-02,13.49,13.67,13.45,13.49,45448
2018-01-03,13.51,13.67,13.49,13.59,50134
2018-01-04,13.55,13.88,13.48,13.85,83360
2018-01-05,13.77,14.1,13.64,13.66,76791
2018-01-08,13.58,13.69,13.39,13.49,69769
2018-01-09,13.53,13.73,13.49,13.58,48215
2018-01-10,13.58,13.65,13.35,13.43,39722
2018-01-11,13.44,13.44,13.12,13.21,73800
2018-01-12,13.23,13.27,13.18,13.26,31093
2018-01-15,13.24,13.24,12.92,13.04,54094
2018-01-16,13.0,13.16,12.98,13.1,59639
2018-01-17,13.1,13.44,13.01,13.3,65144
2018-01-18,13.25,13.38,13.17,13.2,46554
2018-01-19,13.18,13.27,13.15,13.19,44691
2018-01-22,13.18,13.27,13.11,13.2,43443
2018-01-23,13.18,13.24,13.08,13.13,52834
2018-01-24,13.15,13.28,13.11,13.26,46024
2018-01-25,13.25,13.32,13.16,13.21,37915
2018-01-26,13.17,13.24,13.13,13.16,43588
2018-01-29,13.16,13.22,12.95,12.97,46383
2018-01-30,13.0,13.45,13.0,13.24,106537
2018-01-31,13.16,13.16,13.0,13.07,46510
2018-02-01,13.01,13.08,12.69,12.7,72598
2018-02-02,12.7,12.75,12.35,12.62,39706
2018-02-05,12.52,12.77,12.37,12.73,34031
2018-02-06,12.5,12.55,12.05,12.07,58273
2018-02-07,12.26,12.35,11.61,11.63,89051
2018-02-08,11.58,12.06,11.58,11.75,50118
2018-02-09,11.5,11.84,10.76,10.93,116546
2018-02-12,11.14,11.22,10.99,11.08,49363
2018-02-13,11.11,11.53,11.1,11.4,67636
2018-02-14,11.4,11.6,11.32,11.52,30166
2018-02-22,11.65,11.68,11.56,11.64,20046
2018-02-23,11.6,11.85,11.58,11.7,31096
2018-02-26,11.85,11.93,11.68,11.82,44034
2018-02-27,11.82,11.83,11.68,11.7,30969
2018-02-28,11.66,11.68,11.5,11.58,51806
2018-03-01,11.54,11.68,11.44,11.65,38793
2018-03-02,11.59,11.73,11.56,11.69,36917
2018-03-05,11.65,11.67,11.52,11.6,31530
2018-03-06,11.65,11.71,11.48,11.69,67728
2018-03-07,11.66,11.75,11.51,11.56,58247
2018-03-08,11.56,11.66,11.51,11.65,37260
2018-03-09,11.65,11.83,11.59,11.82,51169
2018-03-12,11.83,12.03,11.78,11.95,71485
2018-03-13,11.98,11.98,11.72,11.74,66329
2018-03-14,11.73,11.76,11.59,11.67,48508
2018-03-15,11.57,11.75,11.5,11.56,56760
2018-03-16,11.74,12.04,11.73,11.87,138847
2018-03-19,11.77,11.83,11.61,11.64,66406
2018-03-20,11.55,11.56,11.29,11.37,81718
2018-03-21,11.41,11.56,11.27,11.3,72586
2018-03-22,11.38,11.86,11.25,11.74,140363
2018-03-23,11.35,11.59,10.92,11.08,115688
2018-03-26,10.92,10.92,10.45,10.78,101547
2018-03-27,10.9,10.96,10.82,10.94,81441
2018-03-28,10.77,10.88,10.65,10.73,59154
2018-03-29,10.75,10.93,10.74,10.9,50322
2018-03-30,10.94,10.97,10.87,10.89,38496
2018-04-02,10.89,11.11,10.87,11.02,69208
2018-04-03,10.88,10.88,10.62,10.69,57305
2018-04-04,10.73,10.79,10.58,10.6,45593
2018-04-09,10.57,10.66,10.51,10.59,38174
2018-04-10,10.66,10.73,10.6,10.72,41723
2018-04-11,10.72,11.01,10.72,10.95,65855
2018-04-12,10.9,10.93,10.77,10.78,47745
2018-04-13,10.84,10.92,10.76,10.78,43316
2018-04-16,10.79,10.81,10.64,10.66,33571
2018-04-17,10.72,10.72,10.25,10.28,56345
2018-04-18,10.38,10.45,10.23,10.43,37202
2018-04-19,10.43,10.52,10.38,10.45,28783
2018-04-20,10.46,10.52,10.22,10.28,30090
2018-04-23,10.26,10.35,10.11,10.18,30787
2018-04-24,10.18,10.44,10.15,10.38,41249
2018-04-25,10.31,10.5,10.31,10.4,29426
2018-04-26,10.41,10.45,10.15,10.17,31545
2018-04-27,10.22,10.28,10.13,10.17,21154
2018-05-02,10.28,10.75,10.28,10.7,96642
2018-05-03,10.67,11.07,10.59,11.0,129372
2018-05-04,10.94,11.1,10.89,10.94,49306
2018-05-07,10.94,11.18,10.93,11.11,84847
2018-05-08,11.16,11.18,11.04,11.12,70937
2018-05-09,11.13,11.17,11.03,11.05,51197
2018-05-10,11.15,11.71,11.09,11.53,163444
2018-05-11,11.5,11.76,11.38,11.42,102268
2018-05-14,11.43,11.54,11.27,11.39,85766
2018-05-15,11.15,11.3,11.08,11.2,84148
2018-05-16,11.12,11.17,11.01,11.03,67499
2018-05-17,11.06,11.31,11.06,11.25,63927
2018-05-18,11.24,11.37,11.19,11.31,47878
2018-05-21,11.4,11.56,11.4,11.45,58126
2018-05-22,11.41,11.5,11.3,11.47,48376
2018-05-23,11.44,11.77,11.4,11.62,94336
2018-05-24,11.63,11.67,11.48,11.54,56559
2018-05-25,11.5,11.65,11.38,11.4,40038
2018-05-28,11.41,11.74,11.39,11.68,91206
2018-05-29,11.64,11.97,11.64,11.78,127379
2018-05-30,11.63,11.65,11.25,11.29,105567
2018-05-31,11.42,11.98,11.29,11.96,152612
2018-06-01,11.89,12.06,11.6,11.79,132445
2018-06-06,11.8,12.14,11.77,12.09,129024
2018-06-07,12.1,12.16,11.8,11.81,99008
2018-06-08,11.8,11.81,11.41,11.58,132677
2018-06-11,11.48,11.49,11.27,11.4,72501
2018-06-12,11.36,11.45,11.26,11.36,44268
2018-06-13,11.34,11.46,11.11,11.17,42489
2018-06-14,11.13,11.28,10.63,10.74,103967
2018-06-15,10.7,10.78,10.42,10.5,59194
2018-06-19,10.33,10.5,9.6,9.97,116021
2018-06-20,9.95,10.18,9.82,10.08,58340
2018-06-21,10.04,10.3,9.92,9.97,57759
2018-06-22,9.92,10.17,9.91,10.13,31201
2018-06-25,10.3,10.33,9.98,10.02,38513
2018-06-26,9.93,10.18,9.88,10.13,31416
2018-06-27,10.12,10.2,10.0,10.05,27757
2018-06-28,10.05,10.1,9.93,10.01,35251
2018-06-29,10.03,10.22,9.95,10.2,42088
2018-07-02,10.16,10.28,9.91,10.03,38871
2018-07-03,10.07,10.12,9.93,10.12,33795
2018-07-04,10.12,10.13,9.88,9.96,40883
2018-07-05,9.98,10.03,9.68,9.75,48293
2018-07-06,9.78,9.88,9.6,9.81,34796
2018-07-09,9.86,10.02,9.82,9.99,37427
2018-07-10,10.01,10.03,9.87,9.94,31486
2018-07-11,9.89,9.89,9.67,9.74,40181
2018-07-12,9.7,10.02,9.7,10.0,48227
2018-07-13,10.0,10.05,9.95,9.99,22509
2018-07-16,10.02,10.16,9.96,10.08,28823
2018-07-17,10.15,10.15,9.95,10.05,26473
2018-07-18,10.0,10.09,9.95,9.99,27431
2018-07-19,9.99,10.03,9.88,9.93,22689
2018-07-20,9.9,10.02,9.85,10.0,33662
2018-07-23,9.74,9.92,9.72,9.9,34045
2018-07-24,9.89,10.13,9.86,10.1,54123
2018-07-25,10.12,10.15,10.02,10.06,39983
2018-07-26,10.05,10.13,9.95,9.96,47318
2018-07-27,10.01,10.15,9.98,10.12,64970
2018-07-30,10.16,10.18,10.02,10.05,54674
2018-07-31,10.04,10.08,9.97,10.06,33211
2018-08-01,10.13,10.16,9.89,9.9,45335
2018-08-02,9.86,9.92,9.27,9.49,71779
2018-08-03,9.47,9.52,9.24,9.28,50628
2018-08-06,9.2,9.28,8.98,9.05,73212
2018-08-07,9.07,9.31,9.05,9.27,40842
2018-08-08,9.26,9.35,9.15,9.18,33065
2018-08-09,9.2,9.47,9.17,9.4,41884
2018-08-10,9.37,9.46,9.35,9.44,23992
2018-08-13,9.35,9.52,9.3,9.48,28363
2018-08-14,9.49,9.54,9.4,9.48,20924
2018-08-15,9.51,9.54,9.3,9.31,20312
2018-08-16,9.25,9.36,9.12,9.21,29195
2018-08-17,9.28,9.33,9.0,9.02,33836
2018-08-20,9.0,9.18,8.99,9.18,29837
2018-08-21,9.2,9.28,9.16,9.23,25943
2018-08-22,9.19,9.26,9.12,9.2,20078
2018-08-23,9.12,9.45,9.12,9.3,29428
2018-08-24,9.35,9.35,9.14,9.22,20190
2018-08-27,9.21,9.34,9.16,9.25,41297
2018-08-28,9.28,9.32,9.22,9.26,24845
2018-08-29,9.27,9.28,9.18,9.2,20886
2018-08-30,9.18,9.26,9.07,9.07,23982
2018-08-31,9.06,9.2,9.06,9.12,26166
2018-09-03,9.07,9.19,8.96,9.16,38171
2018-09-04,9.08,9.2,9.03,9.16,43172
2018-09-05,9.16,9.16,9.0,9.0,26199
2018-09-06,8.99,9.07,8.95,8.97,24059
2018-09-07,8.98,9.06,8.88,8.98,26321
2018-09-10,9.02,9.03,8.72,8.73,29781
2018-09-11,8.73,8.78,8.59,8.62,44910
2018-09-12,8.61,8.69,8.56,8.63,32210
2018-09-13,8.69,8.73,8.61,8.69,29742
2018-09-14,8.7,8.81,8.6,8.67,34466
2018-09-17,8.66,8.67,8.46,8.47,30868
2018-09-18,8.51,8.69,8.48,8.66,39363
2018-09-19,8.66,8.86,8.63,8.78,42343
2018-09-20,8.78,8.81,8.73,8.76,22357
2018-09-21,8.8,9.03,8.78,9.0,65865
2018-09-25,8.94,9.06,8.9,8.95,32132
2018-09-26,8.95,9.08,8.9,9.06,40123
2018-09-27,9.09,9.14,8.89,8.9,41909
2018-09-28,8.98,9.25,8.98,9.23,69045
2018-10-08,9.13,9.21,9.07,9.1,49362
2018-10-09,9.1,9.13,8.97,9.06,34255
2018-10-10,9.05,9.11,8.88,8.95,35131
2018-10-11,8.79,8.79,8.21,8.32,87904
2018-10-12,8.27,8.35,7.85,8.16,86721
2018-10-15,8.1,8.32,7.98,8.06,42789
2018-10-16,8.1,8.11,7.57,7.6,85701
2018-10-17,7.7,7.79,7.59,7.73,73289
2018-10-18,7.67,7.79,7.57,7.68,55089
2018-10-19,7.58,7.98,7.57,7.94,55237
2018-10-22,8.02,8.36,8.02,8.29,67800
2018-10-23,8.3,8.34,8.03,8.11,45682
2018-10-24,8.07,8.23,7.98,8.12,53459
2018-10-25,7.84,8.07,7.84,8.04,42397
2018-10-26,8.07,8.2,8.06,8.13,45814
2018-10-29,8.13,8.29,7.95,8.05,64339
2018-10-30,8.04,8.26,7.81,8.14,62613
2018-10-31,8.18,8.32,8.15,8.26,48162
2018-11-01,8.29,8.56,8.27,8.43,68954
2018-11-02,8.59,8.67,8.47,8.66,73039
2018-11-05,8.64,8.71,8.46,8.61,52264
2018-11-06,8.62,8.79,8.56,8.75,67621
2018-11-07,8.72,8.74,8.49,8.57,65311
2018-11-08,8.64,8.67,8.51,8.58,37843
2018-11-09,8.59,8.61,8.47,8.53,30906
2018-11-12,8.53,8.73,8.5,8.72,49078
2018-11-13,8.65,8.92,8.65,8.87,61339
2018-11-14,8.9,8.93,8.8,8.87,40032
2018-11-15,8.87,8.92,8.81,8.9,43991
2018-11-16,8.88,9.17,8.87,9.05,67510
2018-11-19,9.02,9.25,8.99,9.12,58838
2018-11-20,9.08,9.12,8.8,8.81,53847
2018-11-21,8.74,8.93,8.72,8.9,46698
2018-11-22,8.89,8.97,8.8,8.88,30860
2018-11-23,8.87,8.93,8.58,8.63,51685
2018-11-26,8.61,8.79,8.6,8.66,32930
2018-11-27,8.77,8.93,8.76,8.8,43843
2018-11-28,8.8,8.9,8.62,8.9,39921
2018-11-29,8.94,8.97,8.68,8.72,32786
2018-11-30,8.68,8.77,8.57,8.69,32748
2018-12-03,8.9,9.05,8.82,8.88,74638
2018-12-04,8.94,9.04,8.9,8.98,43412
2018-12-05,8.87,9.02,8.84,8.94,31945
2018-12-06,8.87,8.92,8.79,8.8,29218
2018-12-07,8.82,8.86,8.77,8.81,18637
2018-12-10,8.79,8.82,8.68,8.71,32014
2018-12-11,8.73,8.82,8.72,8.81,22052
2018-12-12,8.81,8.89,8.71,8.81,34341
2018-12-13,8.83,8.9,8.73,8.81,41856
2018-12-14,8.8,8.83,8.13,8.22,108168
2018-12-17,8.22,8.48,8.22,8.44,58729
2018-12-18,8.34,8.4,8.19,8.21,52795
2018-12-19,8.25,8.43,8.2,8.37,51729
2018-12-20,8.25,8.37,8.25,8.28,48436
2018-12-21,8.32,8.39,8.19,8.36,32834
2018-12-24,8.31,8.39,8.22,8.39,40109
2018-12-25,8.32,8.5,8.23,8.49,49289
2018-12-26,8.46,8.49,8.35,8.41,46083
2018-12-27,8.53,8.56,8.41,8.41,36041
2018-12-28,8.41,8.56,8.41,8.45,24794
2019-01-02,8.51,8.57,8.47,8.5,28119
2019-01-03,8.51,8.59,8.43,8.52,27447
2019-01-04,8.49,8.64,8.4,8.62,35935
2019-01-07,8.63,8.65,8.58,8.64,38835
2019-01-08,8.61,8.64,8.54,8.57,22750
2019-01-09,8.57,8.82,8.57,8.79,66103
2019-01-10,8.74,8.86,8.74,8.78,34184
2019-01-11,8.77,8.9,8.75,8.8,25986
2019-01-14,8.84,8.87,8.77,8.79,24824
2019-01-15,8.8,8.89,8.75,8.85,29440
2019-01-16,8.87,8.92,8.81,8.85,22146
2019-01-17,8.83,8.91,8.76,8.87,24798
2019-01-18,8.86,8.94,8.83,8.94,22182
2019-01-21,8.91,8.97,8.82,8.85,22810
2019-01-22,8.89,8.89,8.78,8.8,27666
2019-01-23,8.78,8.85,8.75,8.79,20020
2019-01-24,8.81,8.93,8.81,8.87,27642
2019-01-25,8.85,8.91,8.82,8.84,23719
2019-01-28,8.86,8.95,8.83,8.89,28683
2019-01-29,8.88,8.9,8.67,8.77,40993
2019-01-30,8.75,9.03,8.75,8.97,68179
2019-01-31,8.93,8.99,8.56,8.7,57476
2019-02-01,8.7,8.84,8.69,8.78,34907
2019-02-11,8.77,8.94,8.72,8.91,32868
2019-02-12,8.88,9.16,8.88,9.07,63492
2019-02-13,9.06,9.17,9.03,9.15,48511
2019-02-14,9.12,9.18,9.07,9.14,44183
2019-02-15,9.17,9.17,9.01,9.01,45944
2019-02-18,9.05,9.25,9.05,9.24,55780
2019-02-19,9.24,9.29,9.08,9.26,67652
2019-02-20,9.23,9.31,9.12,9.3,71967
2019-02-21,9.3,9.3,9.15,9.18,75221
2019-02-22,9.17,9.31,9.04,9.29,61908
2019-02-25,9.34,9.69,9.34,9.68,101157
2019-02-26,9.7,9.88,9.6,9.8,97220
2019-02-27,9.78,9.86,9.6,9.66,90109
2019-02-28,9.68,9.81,9.63,9.68,55582
2019-03-01,9.73,9.81,9.58,9.77,58085
2019-03-04,9.73,10.07,9.73,9.8,124889
2019-03-05,9.85,10.05,9.85,9.96,102974
2019-03-06,10.0,10.24,9.91,10.22,130866
2019-03-07,10.16,10.62,10.12,10.37,164707
2019-03-08,10.25,10.25,9.81,9.82,150255
2019-03-11,9.8,10.5,9.75,10.49,148681
2019-03-12,10.47,10.47,10.13,10.26,176847
2019-03-13,10.21,10.41,9.91,9.97,187085
2019-03-14,10.03,10.08,9.74,9.88,95509
2019-03-15,10.0,10.45,9.9,10.2,199889
2019-03-18,10.18,10.21,9.99,10.2,112937
2019-03-19,10.24,10.25,10.04,10.15,61211
2019-03-20,10.13,10.19,10.01,10.05,80604
2019-03-21,10.09,10.24,10.03,10.14,92032
2019-03-22,10.14,10.39,10.12,10.33,113191
2019-03-25,10.13,10.22,10.01,10.02,108740
2019-03-26,10.05,10.1,9.73,9.78,106955
2019-03-27,9.84,9.99,9.67,9.97,73951
2019-03-28,9.89,10.01,9.82,9.88,55417
2019-03-29,9.87,10.2,9.86,10.17,88612
2019-04-01,10.17,10.44,10.17,10.36,114288
2019-04-02,10.43,10.46,10.29,10.34,91602
2019-04-03,10.41,10.89,10.3,10.8,202963
2019-04-04,10.85,11.0,10.65,10.9,148332
2019-04-08,10.96,11.07,10.63,10.81,123891
2019-04-09,10.78,10.86,10.61,10.71,71903
2019-04-10,10.63,10.79,10.61,10.75,72516
2019-04-11,10.79,10.83,10.51,10.58,69015
2019-04-12,10.6,10.83,10.57,10.72,77443
2019-04-15,10.87,10.87,10.51,10.52,91721
2019-04-16,10.49,10.73,10.4,10.68,67631
2019-04-17,10.72,10.75,10.6,10.66,52922
2019-04-18,10.67,10.68,10.57,10.67,45232
2019-04-19,10.68,10.72,10.54,10.63,45712
2019-04-22,10.64,10.66,10.34,10.34,67904
2019-04-23,10.4,10.41,10.14,10.21,53917
2019-04-24,10.21,10.3,10.05,10.27,52273
2019-04-25,10.2,10.3,9.97,9.97,58864
2019-04-26,9.95,10.21,9.95,9.97,58651
2019-04-29,10.0,10.1,9.93,10.07,59268
2019-04-30,9.97,10.29,9.96,10.23,66374
2019-05-06,10.0,10.13,9.56,9.8,88618
2019-05-07,9.8,10.27,9.8,10.18,77611
2019-05-08,10.07,10.26,9.96,10.15,56147
2019-05-09,10.03,10.18,10.02,10.06,34610
2019-05-10,10.11,10.3,9.98,10.18,59923
2019-05-13,10.11,10.17,9.87,9.9,57359
2019-05-14,9.88,10.08,9.86,10.0,43117
2019-05-15,10.05,10.11,9.93,10.01,69298
2019-05-16,10.0,10.05,9.96,10.04,38928
2019-05-17,10.02,10.05,9.71,9.74,49240
2019-05-20,9.71,9.8,9.6,9.63,59461
2019-05-21,9.7,9.86,9.63,9.72,29894
2019-05-22,9.8,9.8,9.59,9.66,32269
2019-05-23,9.66,9.68,9.37,9.41,53230
2019-05-24,9.36,9.47,9.31,9.41,33360
2019-05-27,9.44,9.6,9.37,9.47,46165
2019-05-28,9.55,9.58,9.47,9.48,28457
2019-05-29,9.48,9.79,9.43,9.63,46459
2019-05-30,9.52,9.52,9.28,9.45,72901
2019-05-31,9.45,9.49,9.32,9.36,33118
2019-06-03,9.37,9.45,9.27,9.31,34372
2019-06-04,9.31,9.4,9.23,9.26,36503
2019-06-05,9.31,9.38,9.24,9.29,24547
2019-06-06,9.29,9.33,9.13,9.18,20770
2019-06-10,9.18,9.35,9.11,9.29,23852
2019-06-11,9.3,9.56,9.26,9.51,36599
2019-06-12,9.5,9.55,9.38,9.38,32531
2019-06-13,9.43,9.72,9.39,9.59,40627
2019-06-14,9.56,9.64,9.48,9.57,42167
2019-06-17,9.55,9.69,9.48,9.66,31438
2019-06-18,9.65,9.85,9.59,9.8,38673
2019-06-19,9.95,9.98,9.75,9.76,38348
2019-06-20,9.72,9.98,9.72,9.88,40963
2019-06-21,9.88,10.07,9.88,9.97,36610
2019-06-24,9.96,10.06,9.88,9.97,44073
2019-06-25,9.97,10.02,9.72,9.97,50934
2019-06-26,9.95,9.97,9.77,9.85,38534
2019-06-27,9.85,9.93,9.78,9.8,41176
2019-06-28,9.8,9.85,9.63,9.81,49185
2019-07-01,9.91,9.99,9.89,9.92,45424
2019-07-02,9.96,9.96,9.75,9.8,48616
2019-07-03,9.82,9.85,9.75,9.82,40247
2019-07-04,9.88,9.93,9.77,9.81,24098
2019-07-05,9.8,9.86,9.72,9.73,29596
2019-07-08,9.75,9.77,9.41,9.44,53550
2019-07-09,9.43,9.44,9.32,9.36,35869
2019-07-10,9.37,9.43,9.16,9.23,38946
2019-07-11,9.24,9.38,9.14,9.19,41310
2019-07-12,9.19,9.36,9.19,9.33,34089
2019-07-15,9.26,9.45,9.12,9.36,44744
2019-07-16,9.4,9.4,9.3,9.36,23721
2019-07-17,9.37,9.43,9.28,9.33,30223
2019-07-18,9.3,9.3,9.18,9.2,37716
2019-07-19,9.22,9.3,9.17,9.22,31640
2019-07-22,9.24,9.28,9.09,9.13,42585
2019-07-23,9.12,9.18,9.06,9.13,33021
2019-07-24,9.12,9.23,9.11,9.13,37957
2019-07-25,9.15,9.18,9.08,9.18,34018
2019-07-26,9.16,9.22,9.12,9.21,39785
2019-07-29,9.18,9.25,9.05,9.1,57813
2019-07-30,9.12,9.21,9.1,9.21,41947
2019-07-31,9.29,9.3,9.16,9.26,65581
2019-08-01,9.06,9.12,8.93,9.0,42368
2019-08-02,8.82,8.95,8.82,8.86,34852
2019-08-05,8.86,9.05,8.84,8.93,63183
2019-08-06,8.8,8.99,8.04,8.83,74563
2019-08-07,8.81,8.84,8.63,8.7,39265
2019-08-08,8.71,8.78,8.67,8.71,27350
2019-08-09,8.75,8.84,8.68,8.73,32181
2019-08-12,8.7,8.74,8.61,8.68,55091
2019-08-13,8.65,8.69,8.55,8.57,37412
2019-08-14,8.65,8.73,8.61,8.72,26713
2019-08-15,8.61,8.68,8.56,8.67,26231
2019-08-16,8.67,8.71,8.62,8.66,23433
2019-08-19,8.68,8.82,8.65,8.82,40709
2019-08-20,8.84,8.84,8.76,8.8,40700
2019-08-21,8.79,8.85,8.75,8.84,30639
2019-08-22,8.85,8.85,8.77,8.81,27526
2019-08-23,8.8,8.84,8.74,8.8,23218
2019-08-26,8.62,8.71,8.6,8.65,26445
2019-08-27,8.66,8.93,8.65,8.88,65055
2019-08-28,8.87,8.96,8.79,8.8,55751
2019-08-29,8.81,9.03,8.81,8.98,58133
2019-08-30,8.99,9.04,8.85,8.89,30451
2019-09-02,8.85,9.02,8.79,8.92,46395
2019-09-03,8.9,8.97,8.88,8.9,27326
2019-09-04,8.88,8.99,8.85,8.97,33142
2019-09-05,8.99,9.18,8.99,9.09,54568
2019-09-06,9.11,9.17,9.05,9.11,25307
2019-09-09,9.18,9.22,9.06,9.17,29086
2019-09-10,9.17,9.17,9.09,9.14,24992
2019-09-11,9.17,9.23,9.11,9.17,37995
2019-09-12,9.17,9.19,9.09,9.16,28150
2019-09-16,9.19,9.2,9.1,9.13,35493
2019-09-17,9.17,9.17,8.98,9.01,48544
2019-09-18,9.02,9.26,9.02,9.18,60129
2019-09-19,9.22,9.24,9.13,9.18,31349
2019-09-20,9.21,9.24,9.13,9.15,27040
2019-09-23,9.09,9.13,8.87,8.96,45100
2019-09-24,8.97,9.13,8.95,9.07,39059
2019-09-25,9.08,9.13,8.95,9.02,34093
2019-09-26,9.03,9.14,9.01,9.02,40330
2019-09-27,9.02,9.1,8.93,8.94,31979
2019-09-30,9.0,9.0,8.78,8.78,23722
2019-10-08,8.78,8.9,8.74,8.81,25444
2019-10-09,8.76,8.87,8.76,8.83,22047
2019-10-10,8.82,8.94,8.8,8.89,33688
2019-10-11,8.89,9.17,8.88,9.15,43060
2019-10-14,9.16,9.28,9.11,9.24,44353
2019-10-15,9.24,9.24,8.98,9.0,59398
2019-10-16,9.04,9.14,8.97,8.98,40834
2019-10-17,9.02,9.04,8.88,8.93,28239
2019-10-18,8.96,8.99,8.75,8.79,37656
2019-10-21,8.78,9.01,8.74,9.0,50478
2019-10-22,8.97,9.03,8.88,8.97,35625
2019-10-23,9.01,9.03,8.82,8.84,27317
2019-10-24,8.84,8.91,8.78,8.84,26941
2019-10-25,8.83,8.88,8.77,8.86,26344
2019-10-28,8.84,8.94,8.82,8.9,26153
2019-10-29,8.9,8.92,8.82,8.87,24174
2019-10-30,8.84,8.85,8.74,8.78,23405
2019-10-31,8.7,8.79,8.69,8.78,22464
2019-11-01,8.71,8.77,8.63,8.72,40420
2019-11-04,8.72,9.01,8.71,8.92,53061
2019-11-05,8.92,8.97,8.83,8.88,23349
2019-11-06,8.88,8.91,8.76,8.8,39124
2019-11-07,8.79,8.93,8.76,8.93,26335
2019-11-08,8.94,8.97,8.75,8.8,36680
2019-11-11,8.8,8.82,8.65,8.66,31104
2019-11-12,8.72,8.72,8.56,8.62,19691
2019-11-13,8.62,8.73,8.56,8.68,42441
2019-11-14,8.7,8.84,8.66,8.75,34367
2019-11-15,8.8,8.81,8.58,8.61,53889
2019-11-18,8.66,8.73,8.58,8.7,17497
2019-11-19,8.7,8.78,8.67,8.76,18007
2019-11-20,8.75,8.77,8.7,8.71,21737
2019-11-21,8.75,8.76,8.66,8.75,15052
2019-11-22,8.76,8.87,8.62,8.66,22827
2019-11-25,8.72,8.72,8.61,8.7,24715
2019-11-26,8.7,8.76,8.63,8.67,23886
2019-11-27,8.65,8.79,8.64,8.68,21360
2019-11-28,8.68,8.76,8.66,8.73,21751
2019-11-29,8.73,8.8,8.71,8.8,16634
2019-12-02,8.84,8.86,8.75,8.8,17881
2019-12-03,8.81,8.81,8.7,8.79,18904
2019-12-04,8.73,8.82,8.71,8.76,17893
2019-12-05,8.77,8.81,8.74,8.79,15672
2019-12-06,8.8,8.88,8.79,8.87,27575
2019-12-09,8.86,8.91,8.81,8.9,29026
2019-12-10,8.88,8.94,8.84,8.87,17755
2019-12-11,8.86,8.95,8.81,8.88,32656
2019-12-12,8.84,8.89,8.81,8.84,21126
2019-12-13,8.87,8.89,8.83,8.87,45000
2019-12-16,8.88,8.93,8.83,8.93,48394
2019-12-17,8.92,9.04,8.89,9.01,49845
2019-12-18,9.01,9.16,8.99,9.11,64171
2019-12-19,9.04,9.11,9.0,9.06,43527
2019-12-20,9.05,9.06,8.93,8.97,50180
2019-12-23,8.98,8.99,8.74,8.75,48948
2019-12-24,8.79,8.81,8.74,8.79,24147
2019-12-25,8.8,8.84,8.73,8.79,31701
2019-12-26,8.78,8.83,8.76,8.81,32513
2019-12-27,8.84,8.88,8.81,8.83,46615
2019-12-30,8.82,8.98,8.74,8.97,53152
2019-12-31,8.97,9.01,8.93,8.98,34719
2020-01-02,9.04,9.06,8.98,9.02,56999
2020-01-03,9.03,9.06,8.98,9.05,40514
2020-01-06,9.02,9.08,8.98,9.02,53448
2020-01-07,9.02,9.06,8.98,9.06,50390
2020-01-08,9.03,9.03,8.89,8.96,56299
2020-01-09,8.98,9.03,8.95,9.0,39337
2020-01-10,9.03,9.16,9.03,9.08,61837
2020-01-13,9.1,9.14,9.03,9.09,68978
2020-01-14,9.12,9.21,9.06,9.15,50801
2020-01-15,9.17,9.23,9.1,9.12,37164
2020-01-16,9.12,9.13,8.97,8.99,51603
2020-01-17,9.03,9.03,8.92,8.93,30950
2020-01-20,8.93,9.0,8.9,8.97,31060
2020-01-21,8.98,8.98,8.81,8.82,52226
2020-01-22,8.79,8.88,8.63,8.77,78172
2020-01-23,8.73,8.76,8.32,8.37,84413
2020-02-03,7.53,7.55,7.53,7.53,33784
2020-02-04,7.3,7.53,7.29,7.49,94761
2020-02-05,7.49,7.62,7.4,7.52,75143
2020-02-06,7.54,7.64,7.43,7.59,73563
2020-02-07,7.54,7.62,7.47,7.61,68855
2020-02-10,7.62,7.92,7.56,7.87,85664
2020-02-11,7.83,7.88,7.76,7.77,49068
2020-02-12,7.76,7.78,7.68,7.77,61503
2020-02-13,7.77,7.77,7.68,7.72,59192
2020-02-14,7.75,7.8,7.67,7.69,56331
2020-02-17,7.71,7.85,7.7,7.84,67664
2020-02-18,7.83,7.86,7.8,7.85,64344
2020-02-19,7.85,8.09,7.85,7.93,86434
2020-02-20,7.94,8.08,7.85,8.05,94042
2020-02-21,8.05,8.12,8.02,8.06,73294
2020-02-24,8.06,8.06,7.85,7.92,90148
2020-02-25,7.82,7.85,7.65,7.78,74073
2020-02-26,7.7,7.82,7.6,7.75,81770
2020-02-27,7.76,7.93,7.75,7.91,68296
2020-02-28,7.8,7.83,7.54,7.59,71051
2020-03-02,7.57,7.77,7.57,7.74,56032
2020-03-03,7.8,7.85,7.73,7.75,64113
2020-03-04,7.73,7.89,7.71,7.87,62555
2020-03-05,7.92,8.0,7.84,7.99,92132
2020-03-06,7.93,8.02,7.9,7.98,68763
2020-03-09,7.89,7.92,7.72,7.75,72058
2020-03-10,7.65,7.9,7.65,7.86,68535
2020-03-11,7.88,7.92,7.83,7.86,63409
2020-03-12,7.8,7.8,7.67,7.69,62263
2020-03-13,7.46,7.69,7.31,7.68,71785
2020-03-16,7.71,7.75,7.5,7.53,58090
2020-03-17,7.54,7.65,7.41,7.48,58000
2020-03-18,7.56,7.59,7.33,7.35,57502
2020-03-19,7.39,7.73,7.37,7.62,101072
2020-03-20,7.66,7.69,7.48,7.57,61577
2020-03-23,7.48,7.48,7.33,7.37,49542
2020-03-24,7.42,7.52,7.38,7.45,41822
2020-03-25,7.56,7.67,7.51,7.64,60945
2020-03-26,7.63,7.66,7.56,7.61,48921
2020-03-27,7.71,7.83,7.66,7.76,70662
2020-03-30,7.68,7.84,7.63,7.79,66696
2020-03-31,7.79,7.9,7.73,7.8,71253
2020-04-01,7.81,7.82,7.63,7.64,56195
2020-04-02,7.65,7.65,7.49,7.65,50961
2020-04-03,7.62,7.64,7.51,7.54,49600
2020-04-07,7.61,7.87,7.61,7.87,80723
2020-04-08,7.8,8.24,7.79,8.17,156527
2020-04-09,8.17,8.37,8.13,8.18,144302
2020-04-10,8.28,8.32,7.95,7.97,97007
2020-04-13,7.92,8.05,7.82,7.87,58731
2020-04-14,7.87,8.05,7.8,8.0,73684
2020-04-15,7.99,8.03,7.86,7.89,68981
2020-04-16,7.86,8.09,7.83,7.95,107282
2020-04-17,7.96,8.01,7.85,7.85,73253
2020-04-20,7.87,7.88,7.67,7.71,94726
2020-04-21,7.68,7.7,7.5,7.58,72751
2020-04-22,7.54,7.72,7.51,7.71,60627
2020-04-23,7.75,7.79,7.63,7.73,72779
2020-04-24,7.75,7.92,7.7,7.73,64482
2020-04-27,7.77,7.89,7.75,7.76,71251
2020-04-28,7.8,7.83,7.5,7.61,76135
2020-04-29,7.57,7.69,7.57,7.68,40231
2020-04-30,7.65,7.96,7.61,7.92,136849
2020-05-06,7.75,7.79,7.59,7.64,159591
2020-05-07,7.63,7.63,7.56,7.6,57976
2020-05-08,7.63,7.67,7.6,7.67,49969
2020-05-11,7.67,7.67,7.57,7.59,46123
2020-05-12,7.58,7.6,7.52,7.53,38184
2020-05-13,7.55,7.72,7.51,7.65,69705
2020-05-14,7.65,7.68,7.62,7.64,54182
2020-05-15,7.64,7.72,7.62,7.64,35504
2020-05-18,7.66,7.82,7.6,7.75,81398
2020-05-19,7.78,8.02,7.67,7.97,131366
2020-05-20,7.93,8.06,7.83,7.88,98033
2020-05-21,7.9,8.38,7.9,8.15,214482
2020-05-22,8.15,8.25,7.9,7.95,139334
2020-05-25,7.95,8.05,7.83,7.87,56032
2020-05-26,7.91,8.15,7.87,8.12,130537
2020-05-27,8.2,8.93,8.15,8.82,428297
2020-05-28,8.84,9.04,8.66,8.88,256300
2020-05-29,8.65,9.77,8.65,9.77,419056
2020-06-01,9.99,10.49,9.88,10.2,411371
2020-06-02,10.2,10.5,10.01,10.09,227595
2020-06-03,10.22,10.23,9.81,9.94,184051
2020-06-04,10.16,10.35,9.8,9.84,153240
2020-06-05,9.85,10.0,9.35,9.38,258010
2020-06-08,9.45,9.45,8.93,8.98,192893
2020-06-09,9.13,9.88,9.13,9.88,346036
2020-06-10,10.87,10.87,10.61,10.87,427153
2020-06-11,10.87,11.96,10.53,11.59,885289
2020-06-12,11.02,11.68,10.65,11.31,836866
2020-06-15,11.42,12.44,11.2,12.08,967970
2020-06-16,11.95,12.26,11.0,12.17,778516
2020-06-17,12.4,13.39,12.25,13.39,475325
2020-06-18,14.55,14.73,14.21,14.73,1301455
2020-06-19,15.0,16.2,14.62,16.2,1166600
2020-06-22,15.68,15.75,14.58,14.58,1226785
2020-06-23,14.09,14.8,13.45,13.89,969256
2020-06-24,13.86,14.07,13.38,13.43,602433
2020-06-29,13.38,13.65,12.99,13.45,460176
2020-06-30,13.99,14.8,13.79,14.45,854897
2020-07-01,14.52,15.6,14.5,14.88,941236
2020-07-02,15.32,16.37,14.4,16.37,964904
2020-07-03,17.38,18.01,16.58,18.01,738534
2020-07-06,19.81,19.81,19.81,19.81,69865
2020-07-07,21.79,21.79,21.79,21.79,24269
2020-07-08,23.97,23.97,23.97,23.97,26310
2020-07-09,26.37,26.37,26.37,26.37,20996
2020-07-10,28.0,29.01,27.0,29.01,1131056
2020-07-13,29.01,29.01,26.11,26.12,1513222
2020-07-14,25.0,25.37,23.51,23.51,1148091
2020-07-15,23.6,25.78,23.53,25.47,1198348
2020-07-16,24.0,24.2,22.92,22.92,772731
2020-07-17,21.6,22.53,20.63,20.63,898974
2020-07-20,20.74,21.77,19.99,21.35,644065
2020-07-21,20.95,21.33,19.89,20.48,659173
2020-07-22,20.5,22.35,20.36,20.93,846235
2020-07-23,20.35,20.88,19.11,20.8,816785
2020-07-24,20.4,20.4,18.72,18.72,703751
2020-07-27,18.23,18.36,17.43,17.94,665782
2020-07-28,18.17,18.69,17.86,18.16,521948
2020-07-29,17.93,18.89,17.91,18.7,514331
2020-07-30,18.6,20.42,18.33,20.12,909493
2020-07-31,19.46,20.47,19.02,19.89,811146
2020-08-03,19.95,21.46,19.58,20.86,773047
2020-08-04,20.77,20.77,19.7,19.91,545861
2020-08-05,19.65,20.21,19.06,19.56,398230
2020-08-06,19.77,19.8,18.7,19.26,475884
2020-08-07,19.36,19.57,18.55,19.02,348335
2020-08-10,18.61,19.54,18.26,19.01,421198
2020-08-11,19.2,19.2,18.27,18.38,326268
2020-08-12,18.4,18.65,17.01,18.06,327759
2020-08-13,18.17,18.3,17.6,17.9,274947
2020-08-14,17.88,17.97,16.6,17.31,439206
2020-08-17,17.28,17.88,17.16,17.77,335301
2020-08-18,17.8,19.55,17.5,19.55,539721
2020-08-19,19.8,19.8,18.13,18.17,612545
2020-08-20,18.0,18.29,17.27,17.5,323776
2020-08-21,17.69,18.0,17.31,17.56,245827
2020-08-24,17.65,17.65,16.4,16.78,416326
2020-08-25,16.65,16.75,15.82,16.01,491737
2020-08-26,15.85,16.15,15.46,15.75,283864
2020-08-27,15.74,15.87,15.25,15.79,214259
2020-08-28,15.79,16.07,15.48,15.89,237314
2020-08-31,15.92,16.34,15.69,15.72,216168
2020-09-01,15.71,16.65,15.48,16.06,384522
2020-09-02,16.08,17.37,16.02,16.64,431266
2020-09-03,16.63,16.93,16.14,16.17,206703
2020-09-04,15.83,16.68,15.61,16.49,247116
2020-09-07,16.35,16.5,15.78,15.9,188925
2020-09-08,16.08,16.25,15.41,15.69,182897
2020-09-09,15.34,15.54,14.63,14.65,248081
2020-09-10,14.8,15.57,14.65,14.83,284112
2020-09-11,14.67,15.1,14.58,15.1,174499
2020-09-14,15.09,15.47,15.0,15.27,156648
2020-09-15,15.2,16.46,15.14,16.0,339118
2020-09-16,15.99,16.26,15.63,16.13,202569
2020-09-17,16.9,17.3,16.25,16.88,464252
2020-09-18,16.7,17.58,16.42,17.4,391351
2020-09-21,17.11,18.74,17.0,18.46,503655
2020-09-22,18.1,18.45,17.84,17.88,271489
2020-09-23,18.02,18.12,17.6,17.9,197559
2020-09-24,17.74,17.91,17.25,17.58,188574
2020-09-25,17.58,17.92,17.44,17.83,151040
2020-09-28,17.74,17.94,17.37,17.42,162810
2020-09-29,17.4,17.45,16.69,17.12,205921
2020-09-30,17.52,17.57,16.85,17.03,138659
2020-10-09,17.0,17.7,15.9,16.0,406558
2020-10-12,16.0,16.89,15.65,16.78,285877
2020-10-13,16.78,16.93,16.2,16.41,191862
2020-10-14,16.38,16.53,16.07,16.1,141850
2020-10-15,16.11,16.19,15.68,15.68,132200
2020-10-16,15.67,15.88,15.37,15.53,129237
2020-10-19,15.56,16.1,15.27,15.32,167915
2020-10-20,15.25,15.44,15.08,15.38,81272
2020-10-21,15.37,16.08,15.34,15.64,205252
2020-10-22,15.7,16.04,15.17,16.0,195983
2020-10-23,15.9,16.29,15.41,15.59,190027
2020-10-26,15.5,15.62,14.98,15.33,128656
2020-10-27,15.17,15.62,15.11,15.4,78978
2020-10-28,15.38,15.59,15.21,15.3,81312
2020-10-29,15.08,15.22,14.68,15.02,163639
2020-10-30,15.0,15.07,14.29,14.36,138169
2020-11-02,14.25,14.38,13.65,13.9,211914
2020-11-03,13.88,14.88,13.83,14.66,214884
2020-11-04,14.57,14.75,14.34,14.74,119874
2020-11-05,14.75,14.92,14.59,14.83,150960
2020-11-06,14.7,14.95,14.6,14.91,109176
2020-11-09,14.95,15.17,14.85,14.98,182982
2020-11-10,14.9,15.2,14.6,14.69,173333
2020-11-11,14.61,14.74,14.4,14.46,157454
2020-11-12,14.45,14.87,14.26,14.87,143653
2020-11-13,14.72,14.72,14.26,14.48,176192
2020-11-16,14.8,15.93,14.49,15.39,497311
2020-11-17,15.18,15.3,14.5,14.55,292005
2020-11-18,14.54,14.64,14.0,14.06,184696
2020-11-19,14.01,14.34,13.8,14.2,135348
2020-11-20,14.04,14.2,13.91,13.99,118316
2020-11-23,13.92,14.04,13.54,13.78,173513
2020-11-24,13.75,13.82,13.61,13.7,122436
2020-11-25,13.65,13.7,12.99,13.07,224802
2020-11-26,13.0,13.53,12.68,13.5,286073
2020-11-27,13.51,13.78,13.2,13.23,235204
2020-11-30,13.19,13.38,13.1,13.12,166185
2020-12-01,13.09,13.27,12.96,13.22,112472
2020-12-02,13.21,13.43,13.14,13.22,102597
2020-12-03,13.17,13.58,13.15,13.35,143685
2020-12-04,13.34,13.57,13.27,13.43,97063
2020-12-07,13.42,13.56,13.32,13.35,83757
2020-12-08,13.34,13.42,13.0,13.25,107180
2020-12-09,13.2,13.2,12.8,12.82,125675
2020-12-10,12.71,13.13,12.44,13.05,153739
2020-12-11,12.98,13.92,12.98,13.17,261277
2020-12-14,13.4,14.07,13.22,13.75,388655
2020-12-15,13.63,14.5,13.35,14.26,345809
2020-12-16,14.12,14.23,13.85,13.89,184568
2020-12-17,14.02,14.4,13.96,14.28,190597
2020-12-18,14.12,14.2,13.96,14.18,153827
2020-12-21,14.09,14.51,14.01,14.36,179077
2020-12-22,14.42,15.44,14.32,15.15,413059
2020-12-23,15.3,16.0,15.0,15.45,357199
2020-12-24,15.43,15.94,15.2,15.23,261572
2020-12-25,15.03,15.12,14.59,14.74,229613
2020-12-28,14.92,14.92,13.59,13.73,383584
2020-12-29,13.86,14.44,13.62,14.07,224884
2020-12-30,14.19,14.38,13.85,14.12,157897
2020-12-31,14.14,14.84,14.01,14.6,227519
2021-01-04,14.59,14.59,13.95,14.2,274266
2021-01-05,14.2,15.62,14.2,15.62,374729
2021-01-06,15.91,17.18,15.2,16.72,819648
2021-01-07,16.42,16.96,15.7,15.73,482400
2021-01-08,16.3,17.2,16.15,16.96,535950
2021-01-11,17.0,17.65,16.85,17.05,474978
2021-01-12,16.8,18.33,16.8,18.05,413166
2021-01-13,18.0,18.29,17.55,17.8,281310
2021-01-14,17.8,17.86,16.71,16.8,279869
2021-01-15,16.8,18.32,16.8,17.86,317703
2021-01-18,18.18,19.65,18.15,19.65,483338
2021-01-19,20.0,20.55,19.52,19.69,530579
2021-01-20,20.0,20.16,19.31,19.59,294302
2021-01-21,19.64,20.17,19.26,19.41,314875
2021-01-22,19.49,20.59,19.49,20.1,360572
2021-01-25,20.31,20.5,19.69,19.89,284159
2021-01-26,19.65,19.86,18.67,19.01,375190
2021-01-27,19.01,19.45,18.59,18.98,215768
2021-01-28,19.08,19.1,18.06,18.08,251980
2021-01-29,18.45,18.51,17.0,17.47,321349
2021-02-01,18.5,18.98,17.63,18.12,323782
2021-02-02,18.12,18.43,17.77,17.89,232813
2021-02-03,17.83,17.85,16.35,16.42,434773
2021-02-04,16.5,16.7,15.73,15.88,275675
2021-02-05,15.97,16.68,15.64,15.7,255922
2021-02-08,15.75,17.15,15.74,16.75,360804
2021-02-09,16.76,18.28,16.74,18.18,340406
2021-02-10,18.19,18.38,17.78,17.92,245288
2021-02-18,18.1,18.79,18.05,18.28,249835
2021-02-19,18.16,19.02,18.08,18.79,198544
2021-02-22,18.7,19.17,18.15,18.25,250516
2021-02-23,18.0,18.2,17.5,17.7,199885
2021-02-24,17.78,17.95,17.11,17.37,204410
2021-02-25,17.53,17.67,16.71,16.8,198336
2021-02-26,16.56,16.91,16.16,16.23,183309
2021-03-01,16.29,16.7,16.01,16.28,192905
2021-03-02,16.25,16.36,15.55,15.78,202409
2021-03-03,15.79,17.1,15.48,16.85,372821
2021-03-04,16.54,16.54,15.52,15.99,308736
2021-03-05,15.75,16.45,15.53,16.3,172123
2021-03-08,16.5,16.5,15.65,15.66,172851
2021-03-09,15.5,15.98,15.0,15.4,167287
2021-03-10,15.6,16.31,15.34,16.17,207774
2021-03-11,15.96,16.58,15.96,16.29,160271
2021-03-12,16.3,16.58,15.96,16.4,140584
2021-03-15,16.49,18.04,16.47,18.04,307595
2021-03-16,18.3,18.55,17.75,18.35,425092
2021-03-17,18.1,18.66,18.03,18.6,237597
2021-03-18,18.4,19.1,18.36,18.57,290062
2021-03-19,18.29,18.82,18.14,18.63,248983
2021-03-22,18.78,18.88,17.7,18.11,322063
2021-03-23,18.25,18.29,16.93,17.27,303629
2021-03-24,17.5,17.62,16.54,16.57,253426
2021-03-25,16.66,18.18,16.29,17.25,315515
2021-03-26,17.17,17.91,17.11,17.61,194641
2021-03-29,17.58,17.69,17.04,17.37,147174
2021-03-30,17.28,18.26,17.13,17.92,202154
2021-03-31,17.75,17.96,17.62,17.78,111592
2021-04-01,17.74,18.46,17.73,18.38,193919
2021-04-02,18.22,18.48,18.1,18.28,151472
2021-04-06,18.2,18.58,17.72,17.89,180264
2021-04-07,17.8,18.49,17.71,18.45,203202
2021-04-08,18.25,18.37,17.78,18.2,201357
2021-04-09,18.2,19.98,18.2,19.16,405746
2021-04-12,19.11,19.11,17.68,17.8,359971
2021-04-13,17.7,18.13,17.25,18.06,187590
2021-04-14,17.95,19.78,17.85,18.89,410672
2021-04-15,18.83,20.49,18.74,20.46,417807
2021-04-16,20.41,21.45,20.01,20.97,442309
2021-04-19,20.7,21.0,20.41,20.63,215198
2021-04-20,20.5,22.69,20.5,21.62,634997
2021-04-21,21.62,22.62,21.0,21.16,448634
2021-04-22,21.84,22.0,20.71,21.03,273189
2021-04-23,21.08,21.19,20.19,20.43,267382
2021-04-26,20.47,20.68,19.69,19.77,260776
2021-04-27,19.85,20.65,19.28,20.43,282477
2021-04-28,20.42,22.46,20.2,22.04,430019
2021-04-29,22.22,22.56,21.68,22.06,236763
2021-04-30,22.5,23.57,22.36,22.98,357869
2021-05-06,22.45,24.2,22.28,22.63,431413
2021-05-07,22.84,22.96,20.37,20.37,464682
2021-05-10,19.7,19.91,18.33,19.15,562810
2021-05-11,19.25,21.07,19.01,20.72,402421
2021-05-12,20.88,21.8,20.6,20.9,374219
2021-05-13,20.45,20.77,19.3,20.24,288865
2021-05-14,20.25,21.75,20.05,21.49,341791
2021-05-17,21.0,21.29,20.0,20.2,361221
2021-05-18,20.23,20.76,19.55,20.04,254765
2021-05-19,20.14,20.16,19.55,19.7,193888
2021-05-20,19.35,19.68,19.09,19.48,180017
2021-05-21,19.5,19.85,19.14,19.64,170554
2021-05-24,19.53,19.88,19.26,19.49,124779
2021-05-25,19.65,19.84,19.49,19.55,142126
2021-05-26,19.52,20.56,19.22,19.84,246851
2021-05-27,19.89,20.96,19.75,20.4,328156
2021-05-28,20.51,20.57,20.02,20.31,175810
2021-05-31,20.31,22.34,19.89,22.22,491138
2021-06-01,22.27,23.33,22.09,22.35,354949
2021-06-02,22.12,22.95,21.58,22.6,265633
2021-06-03,22.88,24.86,22.88,24.06,719802
2021-06-04,23.28,23.64,21.65,21.65,624135
2021-06-07,21.6,22.58,21.31,21.75,367348
2021-06-08,22.07,22.55,21.51,21.75,317676
2021-06-09,21.62,21.8,21.03,21.4,199994
2021-06-10,21.13,22.48,21.13,21.93,257605
2021-06-11,21.92,22.25,21.3,21.54,183453
2021-06-15,21.55,21.6,20.58,20.6,218077
2021-06-16,20.46,20.87,19.95,20.04,194325
2021-06-17,20.17,20.43,19.89,20.1,152826
2021-06-18,19.85,20.18,19.6,20.02,149582
2021-06-21,20.1,21.32,19.8,20.83,248218
2021-06-22,20.9,21.3,19.81,19.91,255303
2021-06-23,19.95,20.13,19.72,20.12,153030
2021-06-24,20.1,20.3,19.75,20.0,146373
2021-06-25,19.92,20.63,19.01,20.5,313399
2021-06-28,20.4,20.51,20.06,20.28,169108
2021-06-29,20.35,20.59,19.9,20.34,147010
2021-06-30,20.36,20.37,19.75,20.15,160646
2021-07-01,19.96,20.13,19.7,19.75,117988
2021-07-02,19.88,19.88,19.36,19.39,103242
2021-07-05,19.35,19.56,18.39,19.45,139077
2021-07-06,19.35,19.5,18.55,18.76,197197
2021-07-07,18.58,18.88,18.4,18.59,146105
2021-07-08,18.4,18.66,17.83,18.04,292853
2021-07-09,18.08,18.18,17.68,17.87,172882
2021-07-12,18.04,18.79,17.86,17.89,241095
2021-07-13,17.7,18.62,17.6,18.4,229241
2021-07-14,18.28,18.45,17.86,17.92,178818
2021-07-15,17.92,18.1,17.64,17.93,128746
2021-07-16,18.0,18.25,17.28,17.3,246860
2021-07-19,17.05,17.41,17.0,17.1,171814
2021-07-20,17.05,17.08,16.65,16.95,198880
2021-07-21,16.95,17.32,16.81,17.06,119051
2021-07-22,17.0,17.04,16.66,16.77,137938
2021-07-23,16.85,16.95,16.3,16.46,168594
2021-07-26,16.26,16.39,15.72,15.95,190206
2021-07-27,15.99,16.54,15.83,15.84,176310
2021-07-28,15.95,16.08,15.14,15.2,187447
2021-07-29,15.41,15.7,14.96,15.03,194290
2021-07-30,15.05,15.39,14.7,15.24,211560
2021-08-02,15.28,16.1,14.88,15.66,241952
2021-08-03,15.51,15.85,15.31,15.4,147337
2021-08-04,15.44,15.54,15.08,15.2,135461
2021-08-05,15.17,15.43,15.03,15.25,150991
2021-08-06,15.17,15.25,14.85,15.08,132230
2021-08-09,15.09,15.44,14.93,15.4,129920
2021-08-10,15.3,15.33,15.05,15.28,111726
2021-08-11,15.24,15.37,15.08,15.13,101582
2021-08-12,15.08,15.38,14.75,14.88,171796
2021-08-13,14.8,15.06,14.6,14.77,144181
2021-08-16,14.77,14.89,14.63,14.64,109753
2021-08-17,14.64,14.74,14.12,14.3,143170
2021-08-18,14.31,14.35,13.98,14.24,147000
2021-08-19,14.24,14.44,14.1,14.34,121246
2021-08-20,14.26,14.29,13.91,14.03,111676
2021-08-23,13.99,14.2,13.9,14.01,115854
2021-08-24,14.06,14.09,13.91,14.04,90524
2021-08-25,14.03,14.1,13.64,13.75,155923
2021-08-26,13.76,14.38,13.66,13.76,236941
2021-08-27,13.78,14.05,13.54,13.64,134040
2021-08-30,13.61,14.95,13.59,14.84,404038
2021-08-31,14.65,14.74,13.64,13.82,416594
2021-09-01,13.9,14.38,13.7,14.23,257449
2021-09-02,14.12,14.62,14.05,14.38,219997
2021-09-03,14.33,14.47,14.13,14.39,140132
2021-09-06,14.41,14.94,14.3,14.83,227134
2021-09-07,14.78,14.96,14.65,14.73,175953
2021-09-08,14.7,15.05,14.63,15.01,152241
2021-09-09,14.96,15.59,14.91,15.18,209795
2021-09-10,15.27,15.4,15.0,15.09,162852
2021-09-13,14.8,15.05,14.38,14.44,238721
2021-09-14,14.26,14.54,14.1,14.13,165865
2021-09-15,14.23,14.23,13.84,14.09,135883
2021-09-16,14.04,14.19,13.9,13.99,89585
2021-09-17,14.0,14.05,13.73,13.79,106872
2021-09-22,14.06,14.29,13.94,14.13,138560
2021-09-23,14.1,14.22,14.01,14.05,114711
2021-09-24,14.07,14.72,13.83,14.62,227163
2021-09-27,14.48,15.15,14.38,14.99,267119
2021-09-28,14.94,14.95,14.58,14.61,121872
2021-09-29,14.56,14.77,14.02,14.2,124428
2021-09-30,14.25,14.43,14.21,14.43,84192
2021-10-08,14.49,14.72,14.28,14.52,125749
2021-10-11,14.5,14.57,14.0,14.13,118319
2021-10-12,14.1,14.27,13.95,14.02,121844
2021-10-13,14.04,14.13,13.89,13.93,95955
2021-10-14,13.9,14.04,13.85,13.93,74812
2021-10-15,13.91,13.91,13.55,13.61,134857
2021-10-18,13.61,13.7,13.1,13.37,122239
2021-10-19,13.37,13.87,13.28,13.61,95713
2021-10-20,13.76,13.82,13.41,13.69,83384
2021-10-21,13.71,13.78,13.48,13.51,81746
2021-10-22,13.5,13.64,13.42,13.44,57022
2021-10-25,13.41,13.51,13.21,13.47,71494
2021-10-26,13.47,13.84,13.42,13.73,97735
2021-10-27,13.66,13.72,13.28,13.31,84193
2021-10-28,13.29,13.35,13.06,13.15,61441
2021-10-29,13.22,13.88,13.16,13.77,135468
2021-11-01,13.75,14.38,13.55,14.18,216842
2021-11-02,14.1,14.77,14.05,14.41,227751
2021-11-03,14.3,14.78,14.3,14.67,194579
2021-11-04,14.68,14.86,14.44,14.72,153289
2021-11-05,14.65,14.91,14.47,14.48,163150
2021-11-08,14.28,14.62,14.2,14.37,105867
2021-11-09,14.4,14.52,14.28,14.34,70391
2021-11-10,14.32,14.43,13.77,14.02,110822
2021-11-11,14.01,14.08,13.8,13.85,100792
2021-11-12,13.84,13.94,13.64,13.7,95390
2021-11-15,13.72,14.23,13.71,14.06,117383
2021-11-16,14.07,14.27,13.84,13.86,86932
2021-11-17,13.85,13.9,13.55,13.61,125901
2021-11-18,13.6,13.65,13.24,13.31,165119
2021-11-19,13.34,13.47,13.31,13.47,76168
2021-11-22,13.43,13.56,13.34,13.45,82116
2021-11-23,13.44,13.5,13.3,13.4,74915
2021-11-24,13.45,13.45,13.3,13.38,58032
2021-11-25,13.38,13.42,13.33,13.4,54298
2021-11-26,13.4,13.72,13.27,13.59,121451
2021-11-29,13.36,13.44,13.19,13.2,143223
2021-11-30,13.2,13.29,13.16,13.22,65353
2021-12-01,13.22,13.33,13.17,13.31,50286
2021-12-02,13.25,13.34,13.21,13.21,56242
2021-12-03,13.23,13.27,13.11,13.23,75950
2021-12-06,13.26,13.29,13.09,13.12,93520
2021-12-07,13.19,13.19,13.03,13.08,79586
2021-12-08,13.11,13.43,13.08,13.33,102765
2021-12-09,13.32,13.35,13.18,13.21,152665
2021-12-10,13.16,13.22,13.03,13.03,219741
2021-12-13,13.1,13.19,13.04,13.13,94570
2021-12-14,13.11,13.12,13.04,13.06,64945
2021-12-15,13.09,13.11,13.04,13.07,58386
2021-12-16,13.07,13.15,13.01,13.09,81562
2021-12-17,13.09,13.19,13.05,13.16,86560
2021-12-20,13.15,13.51,13.06,13.43,194830
2021-12-21,13.42,13.5,13.27,13.34,120207
2021-12-22,13.33,13.39,13.21,13.3,98104
2021-12-23,13.35,13.35,13.17,13.17,74972
2021-12-24,13.13,13.56,13.09,13.46,163941
2021-12-27,13.37,13.46,13.3,13.32,90964
2021-12-28,13.34,13.42,13.23,13.28,66497
2021-12-29,13.26,13.33,13.19,13.27,63025
2021-12-30,13.31,13.55,13.27,13.45,145824
2021-12-31,13.4,13.45,13.31,13.33,86077
2022-01-04,13.36,13.81,13.33,13.6,145291
2022-01-05,13.54,14.01,13.52,13.88,201555
2022-01-06,13.85,13.91,13.62,13.71,126402
2022-01-07,13.86,13.99,13.67,13.71,123422
2022-01-10,13.64,13.64,13.37,13.6,95601
2022-01-11,13.52,13.68,13.42,13.47,70353
2022-01-12,13.47,13.58,13.43,13.56,67199
2022-01-13,13.56,13.74,13.54,13.64,100707
2022-01-14,13.62,13.69,13.35,13.36,101202
2022-01-17,13.3,13.44,13.28,13.35,77658
2022-01-18,13.43,13.43,13.05,13.21,103234
2022-01-19,13.15,13.34,13.12,13.3,75342
2022-01-20,13.24,13.31,13.13,13.14,67797
2022-01-21,13.11,13.24,13.11,13.16,61382
2022-01-24,13.12,13.2,13.03,13.03,64712
2022-01-25,13.01,13.03,11.73,11.73,248124
2022-01-26,11.88,11.93,11.51,11.53,90317
2022-01-27,11.59,11.6,11.14,11.15,91673
2022-01-28,11.35,11.9,11.24,11.8,109143
2022-02-07,11.92,12.13,11.89,11.94,70994
2022-02-08,11.94,12.11,11.88,12.1,50715
2022-02-09,12.1,12.25,12.05,12.07,59905
2022-02-10,12.08,12.17,12.05,12.17,54252
2022-02-11,12.13,12.21,12.03,12.06,53814
2022-02-14,11.92,12.26,11.86,12.15,64409
2022-02-15,12.12,12.14,12.02,12.05,46592
2022-02-16,12.08,12.22,12.03,12.05,44976
2022-02-17,12.05,12.07,11.88,11.92,47369
2022-02-18,11.85,12.02,11.8,12.0,46036
2022-02-21,11.93,12.04,11.9,11.95,45126
2022-02-22,11.9,11.95,11.72,11.82,66711
2022-02-23,11.8,12.0,11.8,11.83,51292
2022-02-24,11.78,11.92,11.35,11.45,98795
2022-02-25,11.52,11.64,11.38,11.4,57383
2022-02-28,11.43,11.44,11.2,11.34,50808
2022-03-01,11.37,11.43,11.27,11.34,44025
2022-03-02,11.34,11.45,11.28,11.42,44790
2022-03-03,11.44,11.56,11.42,11.5,49529
2022-03-04,11.46,11.53,11.35,11.43,45420
2022-03-07,11.43,11.45,11.15,11.16,85204
2022-03-08,11.17,11.23,10.68,10.72,91041
2022-03-09,10.72,10.82,10.02,10.34,105012
2022-03-10,10.5,10.75,10.37,10.55,77659
2022-03-11,10.46,10.99,10.23,10.93,89316
2022-03-14,10.8,10.88,10.5,10.5,54359
2022-03-15,10.52,10.52,9.85,9.85,114507
2022-03-16,10.0,10.81,9.97,10.58,169670
2022-03-17,10.64,11.09,10.5,10.88,182444
2022-03-18,10.83,11.14,10.79,11.07,88158
2022-03-21,11.0,11.14,10.91,10.97,73513
2022-03-22,10.93,11.07,10.86,11.01,59979
2022-03-23,10.95,11.03,10.88,10.93,53538
2022-03-24,10.85,10.95,10.71,10.73,48649
2022-03-25,10.72,10.89,10.64,10.69,45475
2022-03-28,10.6,11.05,10.45,10.84,91775
2022-03-29,10.92,10.92,10.63,10.65,61382
2022-03-30,10.74,10.85,10.69,10.75,63732
2022-03-31,10.7,10.96,10.7,10.84,54254
2022-04-01,10.77,11.66,10.71,11.31,170815
2022-04-06,11.44,11.94,11.31,11.61,183938
2022-04-07,11.51,11.85,11.39,11.7,173588
2022-04-08,11.7,11.7,11.2,11.52,138171
2022-04-11,11.64,12.1,11.23,11.37,309655
2022-04-12,11.54,12.51,11.37,12.51,506339
2022-04-13,12.55,13.07,12.12,12.13,571877
2022-04-14,11.95,12.39,11.87,12.22,293038
2022-04-15,12.22,12.63,11.95,12.15,255414
2022-04-18,11.92,12.35,11.72,12.15,195912
2022-04-19,12.0,12.1,11.62,11.8,211661
2022-04-20,11.73,12.25,11.72,11.83,199163
2022-04-21,11.71,11.82,11.15,11.21,222020
2022-04-22,11.18,11.6,11.05,11.4,155041
2022-04-25,11.18,11.22,10.26,10.26,191781
2022-04-26,10.5,10.88,10.28,10.28,210451
2022-04-27,10.07,10.41,9.77,10.36,175469
2022-04-28,10.37,10.8,10.11,10.22,144865
2022-04-29,10.3,11.19,10.28,11.17,275565
2022-05-05,11.0,11.05,10.8,10.83,203870
2022-05-06,10.58,10.78,10.47,10.59,172937
2022-05-09,10.51,11.14,10.46,10.94,145011
2022-05-10,10.86,11.41,10.65,11.36,204696
2022-05-11,11.44,12.3,11.36,11.8,285788
2022-05-12,11.68,12.48,11.68,12.22,299265
2022-05-13,12.4,12.46,11.93,12.06,275434
2022-05-16,12.08,12.27,11.64,12.1,263639
2022-05-17,11.82,11.97,11.31,11.42,250669
2022-05-18,11.35,11.85,11.32,11.53,175962
2022-05-19,11.4,11.54,11.22,11.46,124554
2022-05-20,11.44,11.58,11.35,11.44,93309
2022-05-23,11.45,11.47,11.26,11.28,91944
2022-05-24,11.27,11.3,10.7,10.72,146736
2022-05-25,10.7,11.79,10.69,11.79,271971
2022-05-26,11.94,12.29,11.88,12.0,408023
2022-05-27,11.94,12.29,11.8,12.23,266088
2022-05-30,12.49,12.49,12.0,12.26,296314
2022-05-31,12.26,12.48,12.15,12.26,192543
2022-06-01,12.18,12.36,11.83,12.03,220299
2022-06-02,12.02,12.25,11.77,12.15,189134
2022-06-06,12.1,13.04,12.04,12.81,392199
2022-06-07,12.75,14.09,12.75,14.09,565398
2022-06-08,14.04,14.35,12.78,13.3,693184
2022-06-09,12.9,13.16,12.31,12.32,441082
2022-06-10,12.3,12.49,12.12,12.31,268686
2022-06-13,12.16,12.47,12.08,12.24,197714
2022-06-14,12.09,12.25,11.88,12.22,164876
2022-06-15,12.13,12.6,12.13,12.22,223744
2022-06-16,12.26,12.5,12.19,12.39,153310
2022-06-17,12.21,12.43,12.2,12.34,128422
2022-06-20,12.26,12.48,12.16,12.19,141266
2022-06-21,12.19,12.29,11.92,12.04,123978
2022-06-22,12.05,12.09,11.78,11.81,105038
2022-06-23,11.8,12.85,11.69,12.59,283751
2022-06-24,12.44,13.2,12.35,12.93,268956
2022-06-27,12.95,13.33,12.9,12.94,214824
2022-06-28,12.98,13.15,12.73,12.98,174485
2022-06-29,12.99,13.42,12.8,12.81,207254
2022-06-30,12.99,13.32,12.98,13.21,228605
2022-07-01,13.12,13.3,12.81,12.95,165599
2022-07-04,12.91,12.92,12.6,12.66,115504
2022-07-05,12.65,12.78,12.22,12.37,150574
2022-07-06,12.28,12.35,12.05,12.06,83879
2022-07-07,12.11,12.26,12.01,12.01,86141
2022-07-08,12.09,12.24,11.93,11.99,98084
2022-07-11,11.92,11.96,11.73,11.9,99369
2022-07-12,11.9,11.98,11.78,11.79,73415
2022-07-13,11.79,11.88,11.76,11.81,53213
2022-07-14,11.76,11.81,11.6,11.67,70611
2022-07-15,11.6,11.67,11.21,11.28,99164
2022-07-18,11.28,11.46,11.23,11.39,54773
2022-07-19,11.39,11.53,11.24,11.31,68477
2022-07-20,11.37,11.49,11.32,11.37,59776
2022-07-21,11.38,11.48,11.28,11.33,77185
2022-07-22,11.28,11.53,11.06,11.48,132599
2022-07-25,11.35,11.53,11.31,11.44,76939
2022-07-26,11.36,11.44,11.21,11.28,60203
2022-07-27,11.25,11.3,11.13,11.18,59755
2022-07-28,11.22,11.79,11.18,11.51,180906
2022-07-29,11.48,11.68,11.34,11.53,106882
2022-08-01,11.57,11.6,11.01,11.18,120774
2022-08-02,11.06,11.09,10.38,10.49,151701
2022-08-03,10.49,10.73,10.43,10.5,74255
2022-08-04,10.51,10.63,10.38,10.57,56953
2022-08-05,10.55,10.71,10.49,10.67,56321
2022-08-08,10.68,10.72,10.58,10.65,42363
2022-08-09,10.67,10.69,10.5,10.56,42406
2022-08-10,10.56,10.57,10.36,10.4,70110
2022-08-11,10.47,10.58,10.44,10.56,51929
2022-08-12,10.62,10.65,10.5,10.6,56234
2022-08-15,10.56,10.59,10.45,10.52,51390
2022-08-16,10.52,10.59,10.48,10.56,29903
2022-08-17,10.54,11.61,10.52,11.3,223112
2022-08-18,11.28,11.4,11.05,11.25,86184
2022-08-19,11.2,11.52,11.19,11.25,88261
2022-08-22,11.18,11.65,11.18,11.52,126678
2022-08-23,11.52,11.52,11.26,11.42,59552
2022-08-24,11.36,11.44,11.14,11.33,70174
2022-08-25,11.33,11.48,11.28,11.31,57866
2022-08-26,11.37,11.76,11.25,11.32,77219
2022-08-29,11.2,11.42,11.14,11.31,38427
2022-08-30,11.26,11.4,11.2,11.31,46005
2022-08-31,11.23,11.49,11.19,11.31,65559
2022-09-01,11.37,11.46,11.19,11.24,43431
2022-09-02,11.22,11.4,11.21,11.24,34174
2022-09-05,11.21,11.59,11.07,11.37,80897
2022-09-06,11.4,11.44,11.3,11.33,37357
2022-09-07,11.29,11.3,11.13,11.14,50206
2022-09-08,11.16,11.36,11.14,11.21,60255
2022-09-09,11.26,11.3,11.18,11.23,33127
2022-09-13,11.22,11.64,11.18,11.37,105415
2022-09-14,11.25,11.64,11.22,11.42,115298
2022-09-15,11.5,11.61,11.25,11.33,92743
2022-09-16,11.3,11.33,10.8,10.92,115320
2022-09-19,10.85,11.0,10.65,10.9,55466
2022-09-20,10.88,11.28,10.85,11.15,80902
2022-09-21,11.22,11.25,11.06,11.18,42859
2022-09-22,11.1,11.18,10.88,10.89,57361
2022-09-23,10.93,11.02,10.7,10.77,43137
2022-09-26,10.76,10.85,10.26,10.28,87259
2022-09-27,10.3,10.72,10.16,10.69,106185
2022-09-28,10.65,10.65,10.34,10.39,65558
2022-09-29,10.48,10.62,10.19,10.23,52847
2022-09-30,10.21,10.34,10.05,10.1,45807
2022-10-10,10.15,10.29,9.86,9.91,55399
2022-10-11,9.87,9.99,9.78,9.89,43595
2022-10-12,9.89,10.01,9.55,9.98,63399
2022-10-13,9.94,9.96,9.81,9.84,46362
2022-10-14,9.9,10.37,9.89,10.15,80675
2022-10-17,10.09,10.21,10.02,10.2,47526
2022-10-18,10.23,11.2,10.23,10.92,181514
2022-10-19,10.91,11.17,10.86,11.03,108344
2022-10-20,11.0,11.15,10.9,10.95,61250
2022-10-21,11.01,11.08,10.83,10.93,55817
2022-10-24,10.99,11.01,10.18,10.28,132504
2022-10-25,10.21,10.35,9.98,10.1,58790
2022-10-26,10.13,10.51,10.13,10.32,57887
2022-10-27,10.32,10.75,10.26,10.68,86743
2022-10-28,10.64,10.71,10.28,10.37,48994
2022-10-31,10.2,10.29,10.03,10.09,71609
2022-11-01,10.09,10.4,10.04,10.38,80149
2022-11-02,10.32,11.01,10.31,10.8,118693
2022-11-03,10.79,10.87,10.6,10.78,57967
2022-11-04,10.8,11.25,10.69,11.04,154329
2022-11-07,10.92,10.97,10.83,10.87,85027
2022-11-08,10.83,10.86,10.73,10.75,43487
2022-11-09,10.81,10.92,10.72,10.75,43331
2022-11-10,10.68,10.95,10.67,10.85,57509
2022-11-11,11.05,11.3,10.85,11.01,120183
2022-11-14,10.99,11.08,10.79,10.86,71113
2022-11-15,10.84,10.99,10.82,10.9,63242
2022-11-16,10.9,11.39,10.86,11.17,120150
2022-11-17,11.11,11.39,11.1,11.22,60677
2022-11-18,11.26,11.32,11.09,11.13,68596
2022-11-21,10.99,11.02,10.85,10.89,60191
2022-11-22,10.91,10.97,10.69,10.75,53692
2022-11-23,10.78,10.81,10.53,10.63,55965
2022-11-24,10.68,10.82,10.56,10.61,49195
2022-11-25,10.6,10.71,10.53,10.62,41408
2022-11-28,10.57,10.83,10.5,10.77,66382
2022-11-29,10.8,11.21,10.78,11.18,105532
2022-11-30,11.18,11.36,11.07,11.18,89220
2022-12-01,11.46,11.53,11.34,11.35,124918
2022-12-02,11.36,11.6,11.34,11.47,101846
2022-12-05,11.58,11.86,11.58,11.58,115602
2022-12-06,11.57,12.33,11.57,11.94,225473
2022-12-07,12.0,12.34,11.88,12.09,194280
2022-12-08,12.11,12.41,12.01,12.14,158377
2022-12-09,12.15,12.25,11.88,11.96,125907
2022-12-12,11.98,12.29,11.83,12.12,160836
2022-12-13,12.02,12.35,12.02,12.16,121994
2022-12-14,12.2,12.6,12.09,12.47,150274
2022-12-15,12.68,12.73,12.3,12.32,106629
2022-12-16,12.22,12.42,12.15,12.42,77217
2022-12-19,12.4,12.4,12.0,12.09,85804
2022-12-20,12.03,12.06,11.79,11.84,92428
2022-12-21,11.85,12.06,11.83,11.97,60924
2022-12-22,12.06,12.34,11.95,12.07,85483
2022-12-23,12.0,12.12,11.83,11.9,60304
2022-12-26,12.0,12.26,11.82,11.91,69951
2022-12-27,11.99,12.12,11.83,12.02,68327
2022-12-28,11.97,11.99,11.73,11.85,60521
2022-12-29,11.8,12.25,11.75,12.03,119240
2022-12-30,12.0,12.25,11.95,12.12,96764
2023-01-03,12.14,12.21,11.78,11.8,130098
2023-01-04,11.73,12.1,11.73,11.91,101263
2023-01-05,11.83,12.04,11.71,11.74,118064
2023-01-06,11.75,11.79,11.5,11.54,89434
2023-01-09,11.5,11.67,11.5,11.53,72618
2023-01-10,11.5,12.23,11.46,11.91,188642
2023-01-11,11.93,11.96,11.7,11.73,93249
2023-01-12,11.7,11.8,11.5,11.53,72441
2023-01-13,11.5,12.51,11.5,12.28,260165
2023-01-16,12.2,12.5,12.04,12.1,186249
2023-01-17,12.21,12.48,11.84,12.29,214385
2023-01-18,12.22,12.32,12.06,12.1,96639
2023-01-19,12.08,12.12,11.92,11.95,70394
2023-01-20,12.04,12.07,11.93,11.94,56480
2023-01-30,12.05,12.14,11.8,11.82,109758
2023-01-31,11.84,11.88,11.71,11.8,59352
2023-02-01,11.83,11.83,11.66,11.82,92190
2023-02-02,11.83,11.92,11.7,11.92,85159
2023-02-03,11.84,11.87,11.67,11.75,71170
2023-02-06,11.65,11.76,11.52,11.57,75342
2023-02-07,11.59,11.67,11.49,11.57,56440
2023-02-08,11.63,11.63,11.47,11.48,65018
2023-02-09,11.48,11.57,11.42,11.55,53042
2023-02-10,11.54,11.62,11.5,11.61,62599
2023-02-13,11.64,12.05,11.61,11.85,156876
2023-02-14,11.9,12.28,11.87,12.04,179145
2023-02-15,12.05,12.12,11.85,11.85,87160
2023-02-16,11.85,11.97,11.55,11.62,112931
2023-02-17,11.62,11.83,11.6,11.76,92115
2023-02-20,11.77,12.05,11.68,11.96,98838
2023-02-21,11.96,12.06,11.94,12.0,72566
2023-02-22,11.98,12.07,11.86,12.02,56576
2023-02-23,12.03,12.14,11.97,12.02,68910
2023-02-24,12.06,12.13,11.96,12.1,60399
2023-02-27,12.05,12.25,11.98,12.04,86556
2023-02-28,12.08,12.14,12.05,12.13,78640
2023-03-01,12.13,12.21,12.08,12.17,71670
2023-03-02,12.12,12.17,12.03,12.06,80376
2023-03-03,12.06,12.71,12.06,12.61,260926
2023-03-06,12.61,12.98,12.51,12.9,250695
2023-03-07,12.9,13.24,12.88,12.88,300792
2023-03-08,12.89,13.02,12.75,12.92,165844
2023-03-09,12.9,13.01,12.73,12.73,128168
2023-03-10,12.66,12.8,12.45,12.5,118798
2023-03-13,12.55,12.63,12.32,12.54,99525
2023-03-14,12.47,12.54,12.21,12.38,80494
2023-03-15,12.41,12.66,12.38,12.43,67259
2023-03-16,12.36,12.45,12.2,12.24,61294
2023-03-17,12.33,12.44,12.21,12.26,63659
2023-03-20,12.21,12.34,12.08,12.15,86257
2023-03-21,12.17,12.32,12.13,12.27,64226
2023-03-22,12.34,12.36,12.04,12.09,91623
2023-03-23,12.05,12.11,11.87,12.04,104983
2023-03-24,12.12,12.12,11.96,11.99,42989
2023-03-27,12.05,12.58,12.02,12.26,188080
2023-03-28,12.3,13.08,12.27,12.95,260268
2023-03-29,12.97,13.19,12.86,12.97,178390
2023-03-30,12.99,13.29,12.89,13.2,181318
2023-03-31,13.2,13.22,12.9,13.03,128048
2023-04-03,12.94,13.42,12.92,13.23,160890
2023-04-04,13.05,13.37,13.05,13.32,132960
2023-04-06,13.26,13.33,13.04,13.05,88363
2023-04-07,13.15,13.19,13.03,13.04,67642
2023-04-10,13.0,13.05,12.7,12.75,95382
2023-04-11,12.74,12.85,12.71,12.8,78076
2023-04-12,12.86,12.9,12.71,12.73,63860
2023-04-13,12.73,12.82,12.64,12.8,64414
2023-04-14,12.81,12.83,12.5,12.51,83836
2023-04-17,12.55,13.23,12.46,13.06,145263
2023-04-18,13.0,13.13,12.87,13.06,117876
2023-04-19,13.25,13.28,12.83,12.95,153485
2023-04-20,12.92,13.25,12.88,13.2,140758
2023-04-21,13.24,13.75,13.15,13.3,184123
2023-04-24,13.12,13.33,12.96,13.14,108909
2023-04-25,13.17,13.39,12.84,13.07,124402
2023-04-26,12.96,13.19,12.79,13.07,120154
2023-04-27,13.16,13.29,13.01,13.13,71723
2023-04-28,13.13,13.45,13.05,13.35,132515
2023-05-04,13.07,13.25,12.81,12.97,199610
2023-05-05,12.97,13.94,12.75,13.77,338355
2023-05-08,13.77,14.39,13.7,14.24,363977
2023-05-09,14.1,14.42,13.99,14.04,263801
2023-05-10,14.05,14.14,13.75,13.88,140590
2023-05-11,13.87,14.28,13.82,14.14,154667
2023-05-12,14.12,14.35,14.03,14.17,141962
2023-05-15,14.17,14.21,13.77,13.99,137155
2023-05-16,14.19,14.68,13.97,14.02,175648
2023-05-17,13.99,14.46,13.97,14.19,178308
2023-05-18,14.16,14.28,13.78,13.82,163287
2023-05-19,13.85,13.98,13.62,13.76,110113
2023-05-22,13.75,13.76,13.5,13.55,89593
2023-05-23,13.66,13.87,13.47,13.49,92554
2023-05-24,13.58,13.58,13.18,13.19,95297
2023-05-25,13.15,13.25,12.94,13.11,96598
2023-05-26,13.12,14.42,13.01,14.42,327164
2023-05-29,14.25,14.55,13.96,14.05,386666
2023-05-30,14.12,14.16,13.42,13.77,225757
2023-05-31,13.75,13.88,13.57,13.66,123019
2023-06-01,13.61,13.74,13.4,13.53,110847
2023-06-02,13.53,14.08,13.53,13.68,135728
2023-06-05,13.61,13.93,13.55,13.72,87029
2023-06-06,13.69,13.94,13.55,13.65,117975
2023-06-07,13.66,13.97,13.59,13.85,104473
2023-06-08,13.82,14.06,13.69,13.99,125550
2023-06-09,13.91,14.17,13.91,13.97,104559
2023-06-12,13.95,14.31,13.9,14.21,150678
2023-06-13,14.23,14.35,14.13,14.21,90620
2023-06-14,14.28,14.55,14.16,14.48,156395
2023-06-15,14.45,14.67,14.2,14.28,146617
2023-06-16,14.29,14.33,14.08,14.17,101835
2023-06-19,14.16,14.32,13.94,13.95,130068
2023-06-20,13.99,14.05,13.73,13.75,101648
2023-06-21,13.76,13.9,13.6,13.7,88192
2023-06-26,13.65,13.71,13.2,13.39,145128
2023-06-27,13.44,13.81,13.38,13.72,103042
2023-06-28,13.74,13.92,13.65,13.81,68502
2023-06-29,13.75,13.85,13.52,13.53,88450
2023-06-30,13.59,13.65,13.3,13.37,93685
2023-07-03,13.39,13.61,13.31,13.57,111703
2023-07-04,13.6,13.61,12.31,12.57,277217
2023-07-05,12.59,12.96,12.5,12.7,169550
2023-07-06,12.7,12.71,12.55,12.58,70988
2023-07-07,12.54,13.03,12.48,12.9,118318
2023-07-10,12.9,13.05,12.81,13.01,81547
2023-07-11,13.06,13.06,12.61,12.67,126233
2023-07-12,12.67,12.76,12.5,12.54,90325
2023-07-13,12.55,12.8,12.54,12.73,85399
2023-07-14,12.68,12.84,12.64,12.72,63853
2023-07-17,12.69,12.69,12.39,12.58,94353
2023-07-18,12.57,12.7,12.52,12.65,60598
2023-07-19,12.57,12.84,12.57,12.79,65660
2023-07-20,12.8,13.02,12.8,12.93,92625
2023-07-21,12.97,13.05,12.83,12.92,54126
2023-07-24,12.87,12.98,12.68,12.95,61147
2023-07-25,13.1,13.22,12.98,13.02,70883
2023-07-26,12.98,13.07,12.89,13.0,51367
2023-07-27,12.96,13.08,12.92,13.01,45713
2023-07-28,12.96,13.36,12.93,13.33,91531
2023-07-31,13.4,13.79,13.38,13.68,136059
2023-08-01,14.0,14.15,13.66,13.9,275718
2023-08-02,13.91,14.25,13.85,14.03,202066
2023-08-03,14.0,14.25,13.79,14.22,248185
2023-08-04,14.24,14.3,14.1,14.29,231868
2023-08-07,14.0,14.1,13.4,13.88,211078
2023-08-08,13.99,14.05,13.75,13.85,114857
2023-08-09,13.97,13.97,13.62,13.66,117369
2023-08-10,13.71,13.74,13.5,13.54,90349
2023-08-11,13.56,13.62,13.3,13.33,88717
2023-08-14,13.13,13.4,13.13,13.34,66427
2023-08-15,13.45,13.68,13.2,13.24,113964
2023-08-16,13.22,13.34,13.03,13.22,83947
2023-08-17,13.12,13.42,13.1,13.38,72306
2023-08-18,13.32,13.45,12.95,12.99,103391
2023-08-21,12.9,13.05,12.68,12.69,89171
2023-08-22,12.75,12.75,12.42,12.6,82614
2023-08-23,12.6,12.65,12.4,12.42,55011
2023-08-24,12.41,12.64,12.32,12.51,60993
2023-08-25,12.46,12.57,12.29,12.33,72042
2023-08-28,12.99,13.12,12.31,12.33,121751
2023-08-29,12.26,12.52,12.19,12.45,95954
2023-08-30,12.4,12.45,11.97,11.99,165904
2023-08-31,12.05,12.05,11.69,11.71,121555
2023-09-01,11.71,11.94,11.69,11.91,110197
2023-09-04,11.91,12.16,11.8,12.01,110275
2023-09-05,11.95,11.95,11.5,11.54,170266
2023-09-06,11.5,11.53,11.37,11.48,79860
2023-09-07,11.5,11.53,11.31,11.31,76253
2023-09-08,11.35,11.6,11.25,11.49,107529
2023-09-11,11.6,11.66,11.34,11.57,103689
2023-09-12,11.53,11.62,11.46,11.48,51280
2023-09-13,11.41,11.55,11.36,11.44,49089
2023-09-14,11.48,11.49,11.36,11.42,46507
2023-09-15,11.42,11.69,11.42,11.58,111327
2023-09-18,11.57,11.82,11.49,11.81,120108
2023-09-19,11.78,11.8,11.66,11.7,62004
2023-09-20,11.72,11.73,11.57,11.58,47501
2023-09-21,11.51,11.61,11.42,11.44,54298
2023-09-22,11.4,11.59,11.37,11.57,47408
2023-09-25,11.57,11.65,11.42,11.45,55828
2023-09-26,11.38,11.54,11.38,11.42,40831
2023-09-27,11.39,11.52,11.39,11.47,49540
2023-09-28,11.5,11.53,11.25,11.41,73286
2023-10-09,11.32,11.33,10.98,11.04,98816
2023-10-10,11.04,11.2,10.92,10.97,80195
2023-10-11,10.96,11.05,10.86,10.86,68753
2023-10-12,10.94,11.03,10.87,10.88,56876
2023-10-13,10.82,10.87,10.71,10.77,42461
2023-10-16,10.8,10.81,10.66,10.71,45007
2023-10-17,10.71,10.76,10.61,10.69,48509
2023-10-18,10.66,10.7,10.45,10.47,62038
2023-10-19,10.45,10.57,10.4,10.41,45387
2023-10-20,10.36,10.48,10.33,10.39,51924
2023-10-23,10.34,10.39,10.06,10.1,68623
2023-10-24,10.14,10.32,10.1,10.22,81056
2023-10-25,10.27,10.35,10.23,10.27,51847
2023-10-26,10.24,10.27,10.14,10.24,37047
2023-10-27,10.24,10.57,10.22,10.48,69538
2023-10-30,10.43,10.5,10.36,10.45,59878
2023-10-31,10.35,10.44,10.13,10.24,81714
2023-11-01,10.26,10.35,10.18,10.3,75151
2023-11-02,10.3,10.33,10.17,10.19,50311
2023-11-03,10.18,10.35,10.17,10.26,59106
2023-11-06,10.27,10.4,10.27,10.4,70008
2023-11-07,10.39,10.41,10.24,10.34,70514
2023-11-08,10.31,10.45,10.24,10.32,74244
2023-11-09,10.27,10.34,10.19,10.2,65658
2023-11-10,10.21,10.31,10.06,10.29,78880
2023-11-13,10.24,10.3,10.12,10.2,74110
2023-11-14,10.19,10.34,10.12,10.18,86798
2023-11-15,10.22,10.37,10.17,10.19,91583
2023-11-16,10.2,10.2,9.93,10.05,133349
2023-11-17,9.93,10.13,9.91,10.09,79707
2023-11-20,10.12,10.18,10.01,10.15,84569
2023-11-21,10.18,10.37,10.16,10.21,117894
2023-11-22,10.18,10.41,10.16,10.27,134284
2023-11-23,10.28,10.3,9.98,10.12,137272
2023-11-24,10.09,10.22,10.09,10.19,96203
2023-11-27,10.39,10.48,9.98,10.08,150755
2023-11-28,10.13,10.24,10.0,10.15,99503
2023-11-29,10.12,10.21,9.99,10.0,112163
2023-11-30,9.97,10.13,9.87,10.11,115487
2023-12-01,10.11,10.37,10.05,10.18,152853
2023-12-04,10.2,10.22,10.13,10.15,90055
2023-12-05,10.1,10.17,10.04,10.04,67135
2023-12-06,10.02,10.07,9.76,9.79,182936
2023-12-07,9.81,9.88,9.64,9.84,88389
2023-12-08,9.86,9.92,9.72,9.72,83785
2023-12-11,9.66,9.88,9.65,9.86,84460
2023-12-12,9.86,10.05,9.84,9.95,77401
2023-12-13,9.93,10.04,9.81,9.82,91347
2023-12-14,9.86,10.0,9.82,9.84,69747
2023-12-15,9.84,9.93,9.76,9.81,53434
2023-12-18,9.79,9.79,9.63,9.68,69394
2023-12-19,9.65,9.7,9.47,9.56,62255
2023-12-20,9.53,9.57,9.38,9.39,46592
2023-12-21,9.39,9.48,9.3,9.43,48079
2023-12-22,9.41,9.46,9.24,9.29,79001
2023-12-25,9.28,9.35,9.23,9.28,36940
2023-12-26,9.28,9.31,9.06,9.1,66288
2023-12-27,9.09,9.24,9.04,9.24,56919
2023-12-28,9.2,9.41,9.14,9.39,78534
2023-12-29,9.43,9.52,9.39,9.49,59133
2024-01-02,9.48,9.52,9.4,9.42,51939
2024-01-03,9.42,9.5,9.4,9.47,34634
2024-01-04,9.47,9.47,9.38,9.41,38757
2024-01-05,9.4,9.45,9.28,9.31,46902
2024-01-08,9.31,9.35,9.13,9.14,48615
2024-01-09,9.16,9.35,9.13,9.32,54810
2024-01-10,9.31,9.43,9.18,9.4,64595
2024-01-11,9.36,9.44,9.3,9.38,59115
2024-01-12,9.34,9.48,9.33,9.33,44178
2024-01-15,9.35,9.53,9.28,9.46,72743
2024-01-16,9.43,9.48,9.26,9.34,50372
2024-01-17,9.47,9.47,9.1,9.1,55276
2024-01-18,9.08,9.08,8.68,8.91,98830
2024-01-19,8.91,9.09,8.84,8.97,66552
2024-01-22,8.9,8.95,8.33,8.39,95487
2024-01-23,8.39,8.53,8.3,8.52,82137
2024-01-24,8.58,9.08,8.57,9.06,142488
2024-01-25,9.12,9.4,9.0,9.37,135582
2024-01-26,9.35,9.56,9.28,9.48,105606
2024-01-29,9.49,9.51,9.25,9.27,92718
2024-01-30,9.22,9.27,8.94,8.95,84728
2024-01-31,9.03,9.05,8.63,8.68,96146
2024-02-01,8.68,8.78,8.48,8.53,86775
2024-02-02,8.6,8.94,8.1,8.33,137984
2024-02-05,8.25,8.33,7.62,8.0,180389
2024-02-06,7.83,8.8,7.77,8.63,152949
2024-02-07,8.62,9.35,8.62,9.34,231373
2024-02-08,9.39,9.91,9.37,9.46,231482
2024-02-19,9.53,9.58,9.05,9.14,166709
2024-02-20,9.13,9.19,9.03,9.15,95321
2024-02-21,9.1,9.32,9.01,9.08,105897
2024-02-22,9.06,9.15,8.99,9.09,77398
2024-02-23,9.15,9.27,9.04,9.24,112949
2024-02-26,9.27,9.32,9.09,9.17,84612
2024-02-27,9.11,9.32,9.07,9.24,82910
2024-02-28,9.24,9.39,9.05,9.05,137043
2024-02-29,9.05,9.21,9.02,9.19,110804
2024-03-01,9.19,9.3,9.14,9.23,85426
2024-03-04,9.22,9.25,9.06,9.12,82233
2024-03-05,9.1,9.1,8.87,8.9,120039
2024-03-06,8.9,9.0,8.75,8.9,81474
2024-03-07,8.88,8.98,8.76,8.76,68192
2024-03-08,8.76,8.85,8.67,8.82,65624
2024-03-11,8.81,8.92,8.73,8.91,68744
2024-03-12,8.91,9.09,8.89,9.08,83565
2024-03-13,9.07,9.08,8.91,9.01,78753
2024-03-14,8.99,9.15,8.93,8.99,78769
2024-03-15,8.97,9.3,8.96,9.21,132456
2024-03-18,9.24,9.6,9.2,9.41,136568
2024-03-19,9.42,9.43,9.22,9.24,80090
2024-03-20,9.23,9.4,9.21,9.3,59393
2024-03-21,9.32,9.43,9.29,9.34,63411
2024-03-22,9.28,9.33,9.1,9.11,73398
2024-03-25,9.12,9.17,8.97,9.0,65076
2024-03-26,8.95,9.14,8.9,8.95,65374
2024-03-27,9.0,9.0,8.74,8.75,63130
2024-03-28,8.74,8.91,8.71,8.77,58460
2024-03-29,8.79,8.79,8.68,8.74,51575
2024-04-01,8.82,8.97,8.8,8.97,58916
2024-04-02,8.98,8.99,8.88,8.93,43409
2024-04-03,8.93,9.11,8.9,9.09,74312
2024-04-08,9.09,9.09,8.93,8.94,74798
2024-04-09,8.96,9.18,8.92,9.15,63481
2024-04-10,9.14,9.2,9.01,9.12,78207
2024-04-11,9.08,9.26,9.0,9.13,69504
2024-04-12,9.12,9.2,9.02,9.02,60807
2024-04-15,8.85,8.89,8.48,8.67,159482
2024-04-16,8.63,8.78,8.34,8.36,124117
2024-04-17,8.42,8.7,8.42,8.7,89725
2024-04-18,8.71,8.84,8.6,8.61,67987
2024-04-19,8.6,8.68,8.42,8.44,62438
2024-04-22,8.45,8.55,8.25,8.29,79551
2024-04-23,8.29,8.36,8.21,8.21,62281
2024-04-24,8.23,8.25,8.12,8.23,69590
2024-04-25,8.21,8.3,8.12,8.22,54370
2024-04-26,8.23,8.45,8.18,8.45,101355
2024-04-29,8.44,8.93,8.41,8.9,140569
2024-04-30,8.88,9.02,8.81,8.87,95963
2024-05-06,8.91,9.09,8.91,9.04,99016
2024-05-07,9.02,9.1,8.99,9.06,61078
2024-05-08,9.03,9.06,8.85,8.87,67471
2024-05-09,8.89,9.06,8.88,8.98,57714
2024-05-10,9.01,9.05,8.89,8.99,55344
2024-05-13,8.93,9.02,8.88,8.93,53551
2024-05-14,9.0,9.08,8.92,8.97,54625
2024-05-15,9.03,9.04,8.9,8.92,43678
2024-05-16,9.05,9.28,9.0,9.05,108107
2024-05-17,9.05,9.19,9.01,9.17,95041
2024-05-20,9.29,9.31,9.12,9.13,75024
2024-05-21,9.14,9.21,9.08,9.17,58769
2024-05-22,9.16,9.26,9.16,9.18,55063
2024-05-23,9.14,9.18,8.88,8.92,84266
2024-05-24,8.9,9.03,8.82,8.83,60245
2024-05-27,8.82,8.9,8.54,8.72,105623
2024-05-28,8.68,8.72,8.54,8.57,63836
2024-05-29,8.53,8.64,8.47,8.5,72730
2024-05-30,8.45,8.58,8.42,8.44,54127
2024-05-31,8.44,8.52,8.41,8.45,52883
2024-06-03,8.36,8.45,8.2,8.27,90739
2024-06-04,8.27,8.36,8.19,8.33,63844
2024-06-05,8.32,8.35,8.18,8.19,59631
2024-06-06,8.22,8.24,7.96,8.02,93876
2024-06-07,8.05,8.2,8.04,8.16,62876
2024-06-11,8.15,8.26,8.02,8.14,56466
2024-06-12,8.13,8.17,8.07,8.08,49520
2024-06-13,8.08,8.1,7.94,7.98,57059
2024-06-14,7.95,8.01,7.8,7.99,79565
2024-06-17,7.95,8.08,7.91,7.98,50046
2024-06-18,7.98,8.08,7.96,8.04,52456
2024-06-19,8.05,8.06,7.88,7.94,45476
2024-06-20,7.91,7.95,7.69,7.7,79766
2024-06-21,7.71,7.83,7.67,7.72,60070
2024-06-24,7.7,7.72,7.42,7.48,77791
2024-06-25,7.48,7.6,7.46,7.48,57205
2024-06-26,7.47,7.64,7.42,7.62,55052
2024-06-27,7.63,7.63,7.42,7.49,62326
2024-06-28,7.45,7.53,7.35,7.38,79552
2024-07-01,7.43,7.46,7.31,7.42,56108
2024-07-02,7.44,7.52,7.38,7.48,50990
2024-07-03,7.51,8.23,7.49,7.99,288853
2024-07-04,7.8,7.83,7.37,7.39,217856
2024-07-05,7.33,7.52,7.25,7.48,114745
2024-07-08,7.35,7.48,7.34,7.36,75437
2024-07-09,7.34,7.45,7.24,7.4,80909
2024-07-10,7.41,7.46,7.26,7.27,76247
2024-07-11,7.4,7.58,7.33,7.54,115692
2024-07-12,7.54,7.74,7.51,7.69,103964
2024-07-15,7.67,7.67,7.48,7.52,78884
2024-07-16,7.51,7.56,7.47,7.52,39337
2024-07-17,7.52,7.92,7.52,7.75,152028
2024-07-18,7.69,7.98,7.62,7.92,141953
2024-07-19,7.8,7.84,7.65,7.74,110742
2024-07-22,7.61,7.61,7.43,7.55,88245
2024-07-23,7.53,7.63,7.47,7.47,61961
2024-07-24,7.43,7.5,7.34,7.38,50104
2024-07-25,7.33,7.57,7.33,7.49,69459
2024-07-26,7.52,7.62,7.46,7.57,46954
2024-07-29,7.57,7.64,7.47,7.53,43885
2024-07-30,7.59,7.76,7.51,7.75,104635
2024-07-31,7.76,8.05,7.74,7.99,155812
2024-08-01,8.01,8.05,7.88,7.89,79315
2024-08-02,7.88,7.99,7.85,7.86,64818
2024-08-05,7.87,8.01,7.8,7.81,107205
2024-08-06,7.9,8.12,7.82,8.1,136054
2024-08-07,8.05,8.11,7.96,7.98,95268
2024-08-08,7.98,8.26,7.93,8.16,133890
2024-08-09,8.12,8.2,8.02,8.02,88561
2024-08-12,8.01,8.06,7.86,7.9,86798
2024-08-13,7.84,7.95,7.79,7.86,55988
2024-08-14,7.86,7.9,7.78,7.79,53147
2024-08-15,7.77,7.95,7.71,7.87,70200
2024-08-16,7.9,7.98,7.7,7.73,68445
2024-08-19,7.71,7.81,7.68,7.77,42897
2024-08-20,7.73,7.77,7.66,7.67,49650
2024-08-21,7.65,7.69,7.55,7.58,43538
2024-08-22,7.59,7.63,7.43,7.46,50487
2024-08-23,7.45,7.52,7.41,7.47,37339
2024-08-26,7.45,7.64,7.41,7.55,54254
2024-08-27,7.54,7.67,7.48,7.54,47459
2024-08-28,7.86,7.99,7.25,7.27,199914
2024-08-29,7.2,7.34,7.15,7.32,89573
2024-08-30,7.25,7.66,7.25,7.46,117335
2024-09-02,7.46,7.47,7.13,7.13,141393
2024-09-03,7.16,7.26,7.12,7.21,79420
2024-09-04,7.23,7.35,7.15,7.25,77348
2024-09-05,7.25,7.49,7.25,7.46,103194
2024-09-06,7.59,7.82,7.55,7.56,149080
2024-09-09,7.55,7.68,7.4,7.53,110112
2024-09-10,7.57,7.65,7.39,7.54,86781
2024-09-11,7.51,7.52,7.39,7.43,52088
2024-09-12,7.38,7.49,7.33,7.33,58314
2024-09-13,7.35,7.42,7.25,7.26,51029
2024-09-18,7.25,7.36,7.17,7.3,57355
2024-09-19,7.34,7.72,7.31,7.69,135366
2024-09-20,7.72,7.75,7.62,7.72,75802
2024-09-23,7.68,7.74,7.6,7.62,54327
2024-09-24,7.69,7.91,7.67,7.87,109507
2024-09-25,7.93,8.18,7.93,8.01,121045
2024-09-26,8.13,8.49,8.02,8.49,200555
2024-09-27,8.7,8.76,8.49,8.71,161686
2024-09-30,9.31,9.58,9.07,9.58,369066
2024-10-08,10.54,10.54,9.72,10.18,443342
2024-10-09,9.85,9.95,9.26,9.32,342774
2024-10-10,9.6,9.81,8.99,9.22,310494
2024-10-11,9.18,9.44,8.94,9.07,186428
2024-10-14,8.89,9.12,8.6,8.88,240596
2024-10-15,8.86,8.88,8.6,8.6,152663
2024-10-16,8.47,8.71,8.41,8.58,111555
2024-10-17,8.63,8.69,8.4,8.4,129570
2024-10-18,8.37,8.72,8.33,8.58,168045
2024-10-21,8.61,8.64,8.44,8.5,170903
2024-10-22,8.51,8.62,8.46,8.61,134233
2024-10-23,8.65,8.71,8.58,8.62,154920
2024-10-24,8.58,8.72,8.54,8.59,106136
2024-10-25,8.61,8.91,8.61,8.82,146901
2024-10-28,8.85,9.57,8.83,9.55,337193
2024-10-29,9.53,9.55,9.19,9.19,232853
2024-10-30,9.17,9.49,9.13,9.33,189067
2024-10-31,9.75,10.05,9.59,9.77,402136
2024-11-01,9.8,10.25,9.55,10.04,447755
2024-11-04,10.07,10.45,9.94,10.37,334529
2024-11-05,10.38,10.57,10.32,10.42,279772
2024-11-06,10.38,10.47,10.16,10.37,222871
2024-11-07,10.29,10.76,10.23,10.67,242830
2024-11-08,10.72,10.83,10.49,10.59,248328
2024-11-11,10.47,10.53,10.2,10.35,197555
2024-11-12,10.37,10.55,10.31,10.38,176517
2024-11-13,10.4,10.67,10.38,10.41,177913
2024-11-14,10.35,10.36,9.94,9.96,193029
2024-11-15,9.96,10.04,9.77,9.77,109188
2024-11-18,9.87,10.26,9.87,9.96,206899
2024-11-19,10.0,10.12,9.8,9.99,135016
2024-11-20,9.99,10.11,9.87,10.07,101918
2024-11-21,10.01,10.04,9.88,10.0,85035
2024-11-22,9.99,10.02,9.6,9.61,117319
2024-11-25,9.61,9.87,9.59,9.75,97277
2024-11-26,9.77,10.0,9.71,9.85,110133
2024-11-27,9.95,10.01,9.64,10.0,137196
2024-11-28,10.1,10.99,10.1,10.5,394351
2024-11-29,10.5,10.86,10.41,10.71,291962
2024-12-02,10.95,10.98,10.71,10.74,330108
2024-12-03,10.65,10.78,10.55,10.62,172526
2024-12-04,10.5,10.78,10.39,10.49,214135
2024-12-05,10.36,10.7,10.28,10.68,216347
2024-12-06,10.71,11.0,10.54,10.98,323626
2024-12-09,11.15,11.48,10.97,11.24,334812
2024-12-10,11.7,11.78,11.32,11.38,305194
2024-12-11,11.5,12.16,11.38,12.12,423669
2024-12-12,12.12,12.45,11.63,12.27,460695
2024-12-13,12.27,12.75,11.91,12.22,581231
2024-12-16,12.48,12.77,12.21,12.38,456023
2024-12-17,12.2,12.2,11.55,11.59,361487
2024-12-18,11.7,11.83,11.4,11.49,249847
2024-12-19,11.35,11.43,11.06,11.27,195762
2024-12-20,11.34,11.51,11.21,11.25,153249
2024-12-23,11.25,11.27,10.94,10.97,145822
2024-12-24,11.0,11.06,10.73,10.85,213604
2024-12-25,10.82,11.23,10.59,11.12,225141
2024-12-26,11.1,11.28,10.98,11.18,197042
2024-12-27,11.2,11.62,11.08,11.49,283872
2024-12-30,11.5,11.58,11.03,11.19,203272
2024-12-31,11.19,11.48,10.93,10.93,200794
2025-01-02,10.85,11.58,10.85,11.09,330740
2025-01-03,11.02,11.1,10.38,10.43,278727
2025-01-06,10.37,10.58,10.13,10.28,187194
2025-01-07,10.25,10.32,10.09,10.31,127548
2025-01-08,10.26,10.58,10.05,10.42,192501
2025-01-09,10.36,10.4,10.08,10.14,136815
2025-01-10,10.11,10.17,9.9,9.92,134700
2025-01-13,9.9,9.95,9.69,9.83,129658
2025-01-14,9.85,10.33,9.82,10.28,148921
2025-01-15,10.29,10.39,10.13,10.21,108351
2025-01-16,10.25,10.45,10.19,10.28,129500
2025-01-17,10.28,10.3,10.05,10.13,112586
2025-01-20,10.17,10.39,10.1,10.23,105065
2025-01-21,10.23,10.29,10.12,10.25,94694
2025-01-22,10.2,10.21,9.98,10.02,104020
2025-01-23,10.13,10.38,10.05,10.06,107560
2025-01-24,10.07,10.11,9.86,9.98,197299
2025-01-27,10.06,10.17,9.73,9.73,169350
2025-02-05,9.87,9.88,9.42,9.46,164902
2025-02-06,9.46,9.56,9.31,9.54,138276
2025-02-07,9.57,9.81,9.46,9.66,180823
2025-02-10,9.69,10.02,9.66,9.95,209757
2025-02-11,10.06,10.14,9.96,10.12,207533
2025-02-12,10.08,10.19,9.97,10.09,118657
2025-02-13,10.09,10.19,9.99,10.06,131003
2025-02-14,10.05,10.08,9.89,9.97,124571
2025-02-17,9.98,10.36,9.91,10.13,263101
2025-02-18,10.1,10.13,9.66,9.71,183673
2025-02-19,9.71,9.74,9.59,9.68,109789
2025-02-20,9.7,9.82,9.64,9.75,113380
2025-02-21,9.7,9.76,9.5,9.59,160941
2025-02-24,9.55,9.9,9.54,9.69,183455
2025-02-25,9.64,9.85,9.54,9.56,173833
2025-02-26,9.65,9.9,9.52,9.57,245505
2025-02-27,9.55,9.8,9.54,9.77,263548
2025-02-28,9.75,9.87,9.52,9.55,191361
2025-03-03,9.56,9.62,9.41,9.45,147345
2025-03-04,9.35,9.43,9.3,9.35,158978
2025-03-05,9.38,9.39,9.19,9.32,197087
2025-03-06,9.35,9.53,9.25,9.49,160513
2025-03-07,9.48,9.53,9.34,9.39,104446
2025-03-10,9.42,9.44,9.33,9.41,85276
2025-03-11,9.34,9.43,9.28,9.42,76990
2025-03-12,9.42,9.52,9.37,9.39,103874
2025-03-13,9.39,9.4,9.21,9.3,108145
2025-03-14,9.33,9.66,9.25,9.59,207628
2025-03-17,9.76,9.81,9.57,9.67,161651
2025-03-18,9.68,9.7,9.54,9.57,111207
2025-03-19,9.58,9.58,9.45,9.49,97097
2025-03-20,9.49,9.49,9.38,9.41,82370
2025-03-21,9.39,9.41,9.22,9.24,120818
2025-03-24,9.26,9.34,9.17,9.28,122224
2025-03-25,9.3,9.3,9.19,9.29,89737
2025-03-26,9.31,9.42,9.31,9.32,91796
2025-03-27,9.36,9.48,9.31,9.39,144867
2025-03-28,9.36,9.38,9.22,9.26,101433
2025-03-31,9.22,9.26,9.11,9.15,98756
2025-04-01,9.17,9.33,9.13,9.26,92678
2025-04-02,9.26,9.28,9.21,9.26,67483
2025-04-03,9.21,9.44,9.19,9.39,131057
2025-04-07,9.03,9.18,8.45,8.46,222239
2025-04-08,8.58,9.08,8.57,9.06,282537
2025-04-09,9.1,9.96,8.75,9.84,559620
2025-04-10,9.8,10.48,9.51,10.18,829525
2025-04-11,9.99,10.06,9.76,9.79,500924
2025-04-14,9.78,10.59,9.75,10.15,534453
2025-04-15,10.0,10.38,9.94,10.09,542479
2025-04-16,10.0,10.18,9.86,10.1,327103
2025-04-17,10.01,10.25,9.94,10.14,335288
2025-04-18,10.14,10.23,9.96,10.03,271228
2025-04-21,10.0,10.08,9.91,9.97,259819
2025-04-22,9.9,10.15,9.84,10.07,306540
2025-04-23,10.13,10.13,9.74,9.78,328215
2025-04-24,9.72,9.87,9.68,9.74,151083
2025-04-25,9.8,10.02,9.75,9.82,179577
2025-04-28,10.15,10.26,9.89,9.93,334046
2025-04-29,9.81,9.84,9.61,9.7,215962
2025-04-30,9.7,9.78,9.54,9.55,178690
2025-05-06,9.51,9.59,9.4,9.58,186615
2025-05-07,9.64,9.81,9.51,9.56,149612
2025-05-08,9.55,9.6,9.46,9.57,128700
2025-05-09,9.55,9.55,9.31,9.33,155400
2025-05-12,9.39,9.42,9.28,9.4,104366
2025-05-13,9.45,9.48,9.34,9.36,85288
2025-05-14,9.34,9.4,9.28,9.36,100872
2025-05-15,9.32,9.36,9.28,9.3,66048
2025-05-16,9.29,9.39,9.24,9.36,93044
2025-05-19,9.36,9.42,9.31,9.4,82620
2025-05-20,9.4,9.45,9.34,9.39,78734
2025-05-21,9.38,9.43,9.35,9.42,72423
2025-05-22,9.46,9.52,9.29,9.29,117094
2025-05-23,9.27,9.29,9.13,9.14,104384
2025-05-26,9.16,9.19,9.11,9.17,47598
2025-05-27,9.18,9.2,9.13,9.16,48984
2025-05-28,9.18,9.43,9.16,9.37,171252
2025-05-29,9.35,9.4,9.26,9.36,96997
2025-05-30,9.37,9.38,9.24,9.29,64438
2025-06-03,9.25,9.3,9.2,9.21,86866
2025-06-04,9.23,9.34,9.21,9.33,73705
2025-06-05,9.33,9.33,9.21,9.24,70560
2025-06-06,9.41,9.63,9.3,9.31,155922
2025-06-09,9.3,9.32,9.26,9.3,76751
2025-06-10,9.3,9.33,9.16,9.18,90254
2025-06-11,9.2,9.28,9.17,9.24,65284
2025-06-12,9.24,9.29,9.2,9.24,76708
2025-06-13,9.24,9.27,9.16,9.19,88925
2025-06-16,9.17,9.22,9.15,9.16,79534
2025-06-17,9.18,9.18,9.11,9.15,52925
2025-06-18,9.13,9.15,9.06,9.1,49536
2025-06-19,9.1,9.1,8.95,8.98,69897
2025-06-20,8.99,9.04,8.98,9.0,46439
2025-06-23,8.99,9.02,8.95,9.0,41039
2025-06-24,9.02,9.12,9.0,9.1,54634
2025-06-25,9.15,9.28,9.12,9.25,112548
2025-06-26,9.29,9.29,9.19,9.21,74972
2025-06-27,9.19,9.25,9.15,9.15,63454
2025-06-30,9.15,9.17,9.11,9.14,78292
2025-07-01,9.15,9.17,9.1,9.14,57411
2025-07-02,9.14,9.15,9.11,9.13,57867
2025-07-03,9.13,9.16,9.11,9.14,53958
2025-07-04,9.15,9.23,9.13,9.2,94381
2025-07-07,9.16,9.2,9.14,9.15,69085
2025-07-08,9.14,9.19,9.13,9.18,65591
2025-07-09,9.16,9.25,9.15,9.21,105613
2025-07-10,9.2,9.28,9.19,9.26,90110
2025-07-11,9.26,9.67,9.25,9.52,311684
2025-07-14,9.42,9.45,9.31,9.32,174923
2025-07-15,9.34,9.37,9.21,9.26,112830
2025-07-16,9.3,9.41,9.27,9.34,100360
2025-07-17,9.43,9.58,9.35,9.38,163221
2025-07-18,9.47,9.65,9.4,9.58,180218
2025-07-21,9.51,9.74,9.51,9.64,180521
2025-07-22,9.65,9.71,9.57,9.67,114401
2025-07-23,9.7,9.75,9.62,9.62,125478
2025-07-24,9.65,9.87,9.63,9.81,206055
2025-07-25,9.8,9.87,9.72,9.77,123897
2025-07-28,9.79,9.86,9.72,9.8,112012
2025-07-29,9.8,9.85,9.67,9.8,117520
2025-07-30,9.77,9.93,9.7,9.9,141515
2025-07-31,9.85,9.9,9.66,9.84,172778
2025-08-01,9.82,10.02,9.8,9.86,159697
2025-08-04,9.87,9.87,9.68,9.74,114529
2025-08-05,9.75,9.81,9.66,9.74,112260
2025-08-06,9.73,10.33,9.73,10.23,509429
2025-08-07,9.98,10.02,9.68,9.72,234962
2025-08-08,9.71,10.13,9.71,10.03,241271
2025-08-11,10.01,10.06,9.84,9.94,169086
2025-08-12,9.95,10.13,9.89,9.91,142701
2025-08-13,10.03,10.09,9.81,9.83,182356
2025-08-14,9.81,9.86,9.65,9.66,161983
2025-08-15,9.67,9.88,9.62,9.84,146809
2025-08-18,9.83,9.91,9.74,9.77,149256
2025-08-19,9.8,9.93,9.74,9.79,133074
2025-08-20,9.8,9.88,9.72,9.88,118747
2025-08-21,9.88,10.2,9.86,10.05,241354
2025-08-22,10.16,10.37,10.03,10.12,238557
2025-08-25,10.11,10.25,10.05,10.12,208908
2025-08-26,10.11,10.23,10.05,10.08,149319
2025-08-27,10.09,10.13,9.86,9.87,186284
2025-08-28,9.86,10.06,9.68,9.89,225215
2025-08-29,9.89,9.99,9.86,9.88,160633
2025-09-01,9.88,9.97,9.76,9.89,174863
2025-09-02,9.89,9.91,9.75,9.8,120120
2025-09-03,9.81,9.82,9.52,9.52,149467
2025-09-04,9.51,9.67,9.4,9.59,241761
2025-09-05,9.64,9.72,9.35,9.7,191933
2025-09-08,9.68,9.79,9.6,9.64,140432
2025-09-09,9.64,9.67,9.55,9.57,106186
2025-09-10,9.55,9.72,9.53,9.65,99592
2025-09-11,9.66,9.71,9.53,9.7,115042
2025-09-12,9.69,9.84,9.65,9.65,155512
2025-09-15,9.65,9.72,9.55,9.59,113015
2025-09-16,9.63,9.69,9.59,9.63,91903
2025-09-17,9.65,9.69,9.53,9.6,119231
2025-09-18,9.59,9.71,9.41,9.48,199147
2025-09-19,9.46,9.48,9.33,9.41,132597
2025-09-22,9.4,9.42,9.25,9.26,114681
2025-09-23,9.23,9.26,8.94,9.04,160408
2025-09-24,9.05,9.23,9.0,9.11,131246
2025-09-25,9.13,9.13,8.96,8.99,128091
2025-09-26,9.0,9.11,8.97,9.02,97401
2025-09-29,9.0,9.08,8.89,9.03,110311
2025-09-30,9.06,9.08,8.98,8.98,101922
2025-10-09,9.0,9.01,8.9,8.94,109116
2025-10-10,8.94,9.06,8.92,9.02,102490
2025-10-13,8.92,8.98,8.89,8.95,114959
2025-10-14,8.96,9.1,8.95,9.04,125186
2025-10-15,9.03,9.19,9.03,9.1,124312
2025-10-16,9.1,9.22,9.07,9.15,133209
2025-10-17,9.15,9.2,9.01,9.04,91834
2025-10-20,9.04,9.1,8.97,8.98,93549
2025-10-21,9.0,9.13,8.97,9.12,89787
2025-10-22,9.12,9.17,9.08,9.15,69594
2025-10-23,9.14,9.19,9.09,9.18,70463
2025-10-24,9.19,9.22,9.09,9.11,87014
2025-10-27,9.12,9.15,9.07,9.09,95566
2025-10-28,9.09,9.17,9.06,9.13,82818
2025-10-29,9.13,9.18,9.08,9.17,78907
2025-10-30,9.16,9.23,9.1,9.12,89556
2025-10-31,9.06,9.14,8.98,9.03,180736
2025-11-03,9.04,9.07,8.93,8.95,160442
2025-11-04,8.94,8.95,8.83,8.85,127581
2025-11-05,8.85,8.94,8.82,8.89,72505
2025-11-06,8.89,8.95,8.85,8.92,77642
2025-11-07,8.91,9.0,8.89,8.95,79824
2025-11-10,8.93,9.21,8.93,9.17,198641
2025-11-11,9.17,9.28,9.1,9.26,153306
2025-11-12,9.25,9.33,9.16,9.17,110653
2025-11-13,9.2,9.25,9.13,9.23,86459
2025-11-14,9.18,9.35,9.18,9.2,90745
2025-11-17,9.2,9.24,9.14,9.19,75677
2025-11-18,9.17,9.19,9.06,9.13,87874
2025-11-19,9.12,9.17,9.06,9.08,61642
2025-11-20,9.12,9.12,8.96,8.97,94697
2025-11-21,8.93,9.02,8.71,8.71,141488
2025-11-24,8.71,8.79,8.69,8.71,69677
2025-11-25,8.72,8.78,8.7,8.74,69796
2025-11-26,8.75,8.88,8.74,8.87,89383
2025-11-27,8.88,8.96,8.79,8.8,89417
2025-11-28,8.77,9.11,8.72,9.04,162903
2025-12-01,9.04,9.12,9.01,9.1,97171
2025-12-02,9.07,9.16,9.04,9.12,77529
2025-12-03,9.09,9.11,9.01,9.03,88826
2025-12-04,9.03,9.04,8.87,8.9,74497
2025-12-05,8.9,9.0,8.84,8.97,56165
2025-12-08,8.98,9.1,8.96,9.03,78247
2025-12-09,9.01,9.09,8.9,9.03,83709
2025-12-10,9.08,9.22,9.06,9.19,167962
2025-12-11,9.23,9.23,8.92,8.93,153728
2025-12-12,8.93,9.0,8.86,8.9,81553
2025-12-15,8.9,9.08,8.89,9.02,104295
2025-12-16,9.01,9.33,9.0,9.2,217638
2025-12-17,9.2,9.3,9.11,9.23,167650
2025-12-18,9.16,9.46,9.16,9.39,281191
2025-12-19,9.39,9.61,9.29,9.57,330467
2025-12-22,9.52,9.73,9.48,9.58,344097
2025-12-23,9.52,9.53,9.36,9.44,228840
2025-12-24,9.42,9.42,9.3,9.34,174873
2025-12-25,9.35,9.46,9.33,9.38,133078
2025-12-26,9.36,9.43,9.3,9.35,149875
2025-12-29,9.35,9.45,9.13,9.16,167796
2025-12-30,9.15,9.16,8.99,9.01,149256
2025-12-31,9.04,9.1,8.92,8.99,117740
2026-01-05,8.99,9.03,8.96,9.01,145545
2026-01-06,9.01,9.07,9.0,9.04,156026
2026-01-07,9.04,9.26,9.02,9.12,218744
2026-01-08,9.09,9.09,9.02,9.06,163035
2026-01-09,9.05,9.4,9.03,9.25,279139
2026-01-12,9.22,9.38,9.21,9.38,193966
2026-01-13,9.35,9.5,9.23,9.26,270275
2026-01-14,9.28,9.43,9.14,9.22,207490
2026-01-15,9.2,9.29,9.17,9.25,134135
2026-01-16,9.27,9.28,9.03,9.05,189926
2026-01-19,9.06,9.25,9.03,9.17,145730
2026-01-20,9.21,9.35,9.16,9.32,169742
2026-01-21,9.26,9.33,9.13,9.16,146361
2026-01-22,9.18,9.25,9.16,9.19,116077
2026-01-23,9.2,9.29,9.19,9.26,121869
2026-01-26,9.21,9.23,9.06,9.11,172770
2026-01-27,9.1,9.14,8.92,8.94,184594
2026-01-28,8.91,8.99,8.9,8.95,116821
2026-01-29,8.92,9.02,8.84,8.98,123609
2026-01-30,9.02,9.29,9.01,9.14,287835
2026-02-02,9.12,9.21,8.99,8.99,150864
2026-02-03,9.05,9.13,9.02,9.07,108657
2026-02-04,9.07,9.2,9.03,9.16,157154
2026-02-05,9.21,9.28,9.14,9.23,176548
2026-02-06,9.23,9.26,9.12,9.12,146675
2026-02-09,9.17,9.2,9.11,9.2,119637
2026-02-10,9.19,9.2,9.1,9.15,120288
2026-02-11,9.16,9.18,9.1,9.12,84413
2026-02-12,9.11,9.13,8.99,9.01,130679
2026-02-13,9.01,9.05,8.9,8.9,101057
2026-02-24,8.92,8.98,8.87,8.88,112428
2026-02-25,8.89,9.04,8.88,8.95,126474
2026-02-26,8.94,8.95,8.86,8.88,101011
2026-02-27,8.88,8.92,8.87,8.91,64660
2026-03-02,8.85,8.89,8.77,8.8,105617
2026-03-03,8.82,8.85,8.72,8.75,109544
2026-03-04,8.7,8.75,8.51,8.54,124189
2026-03-05,8.6,8.66,8.54,8.57,79006
2026-03-06,8.6,8.67,8.55,8.65,62854
2026-03-09,8.56,8.65,8.54,8.65,81351
2026-03-10,8.65,8.7,8.62,8.67,67060
2026-03-11,8.66,8.68,8.62,8.67,59522
2026-03-12,8.66,8.71,8.63,8.65,75614
2026-03-13,8.63,8.73,8.62,8.67,79261
2026-03-16,8.67,8.71,8.62,8.65,64496
2026-03-17,8.67,8.74,8.65,8.68,89825
2026-03-18,8.69,8.7,8.58,8.63,69307
2026-03-19,8.59,8.64,8.51,8.52,82150
2026-03-20,8.53,8.6,8.45,8.45,70194
2026-03-23,8.43,8.44,8.08,8.13,124922
2026-03-24,8.21,8.24,8.09,8.2,64038
2026-03-25,8.24,8.29,8.2,8.26,61267
2026-03-26,8.25,8.36,8.25,8.31,59701
2026-03-27,8.24,8.37,8.24,8.34,77770
2026-03-30,8.3,8.48,8.28,8.45,89336
2026-03-31,8.44,8.61,8.43,8.49,86634
2026-04-01,8.55,8.56,8.47,8.55,72445
2026-04-02,8.55,8.55,8.45,8.52,49499
2026-04-03,8.5,8.53,8.36,8.37,43152
2026-04-07,8.4,8.41,8.3,8.39,51162
2026-04-08,8.48,8.56,8.47,8.53,65884
2026-04-09,8.52,8.54,8.41,8.45,66290
2026-04-10,8.49,8.51,8.44,8.44,46057
2026-04-13,8.4,8.54,8.4,8.51,61223
2026-04-14,8.54,8.61,8.47,8.57,70656
2026-04-15,8.59,8.61,8.48,8.51,75603
2026-04-16,8.5,8.53,8.36,8.39,114921
2026-04-17,8.38,8.39,8.22,8.23,124608
2026-04-20,8.47,8.48,8.23,8.24,150573
2026-04-21,8.25,8.29,8.18,8.27,92937
2026-04-22,8.26,8.27,8.07,8.07,179895
2026-04-23,8.08,8.13,8.02,8.1,74558
2026-04-24,8.08,8.15,8.03,8.1,101689
2026-04-27,8.1,8.16,8.04,8.12,79290
2026-04-28,8.13,8.28,8.12,8.21,144607
2026-04-29,8.19,8.27,8.19,8.24,132196
