Date,Open,High,Low,Close,Volume
2015-07-16,10.0,11.39,9.88,10.88,160371
2015-07-17,10.88,11.82,10.88,11.61,139049
2015-07-20,11.61,12.15,11.24,11.86,193457
2015-07-21,11.59,12.6,11.36,12.47,191389
2015-07-22,12.31,12.49,11.7,12.2,187455
2015-07-23,12.21,13.16,12.1,12.99,246232
2015-07-24,12.8,13.75,12.73,12.88,300355
2015-07-27,12.3,12.8,11.59,11.59,174940
2015-07-28,10.6,11.96,10.43,10.85,201555
2015-07-29,11.0,11.68,9.77,11.59,136010
2015-07-30,11.5,11.88,10.95,11.18,128370
2015-07-31,10.8,11.31,10.5,10.8,78436
2015-08-03,10.73,10.85,9.91,10.25,71679
2015-08-04,10.31,11.15,10.28,11.15,87222
2015-08-05,11.0,11.31,10.79,10.9,95318
2015-08-06,10.5,11.14,10.42,11.03,71790
2015-08-07,11.17,11.57,11.08,11.54,122207
2015-08-10,11.76,12.46,11.54,12.29,148920
2015-08-11,12.15,12.75,12.08,12.33,177265
2015-08-12,12.01,12.58,11.91,12.35,150060
2015-08-13,12.23,13.05,12.21,13.0,223498
2015-08-14,13.08,13.1,12.66,12.72,185117
2015-08-17,12.52,12.98,12.28,12.91,137391
2015-08-18,13.21,13.43,11.62,11.62,169839
2015-08-19,11.1,11.95,10.46,11.7,143010
2015-08-20,11.49,12.68,11.35,11.72,182879
2015-08-21,11.28,11.69,10.75,10.97,113765
2015-08-24,10.48,10.48,9.87,9.87,66388
2015-08-25,8.88,9.17,8.88,8.88,62313
2015-08-26,8.97,9.23,7.99,7.99,105524
2015-08-27,8.32,8.77,7.9,8.61,79316
2015-08-28,8.77,9.26,8.48,9.24,123758
2015-08-31,9.02,9.14,8.66,8.69,74415
2015-09-01,8.7,8.7,7.87,7.91,67452
2015-09-02,7.19,8.23,7.19,7.59,55350
2015-09-07,7.8,8.04,7.51,7.75,67705
2015-09-08,7.75,8.4,7.52,8.33,65014
2015-09-09,8.4,8.89,8.29,8.76,78720
2015-09-10,8.5,8.73,8.42,8.46,44302
2015-09-11,8.48,8.67,8.28,8.48,46170
2015-09-14,8.52,8.55,7.63,7.63,85251
2015-09-15,7.31,7.9,7.31,7.35,92982
2015-09-16,7.48,8.09,7.41,8.09,77562
2015-09-17,8.05,8.7,7.94,8.06,115983
2015-09-18,8.2,8.46,8.07,8.4,75800
2015-09-21,8.25,8.77,8.16,8.72,64014
2015-09-22,8.74,8.96,8.48,8.71,71545
2015-09-23,8.46,8.56,8.2,8.34,72836
2015-09-24,8.4,8.57,8.21,8.51,76784
2015-09-25,8.43,8.51,8.0,8.07,64394
2015-09-28,8.12,8.28,8.0,8.27,35332
2015-09-29,8.13,8.15,8.01,8.08,29934
2015-09-30,8.16,8.23,8.05,8.14,26067
2015-10-08,8.49,8.52,8.32,8.49,56652
2015-10-09,8.44,8.97,8.44,8.78,91689
2015-10-12,8.9,9.46,8.8,9.3,112828
2015-10-13,9.16,9.36,9.09,9.3,70875
2015-10-14,9.26,9.68,9.05,9.14,95966
2015-10-15,9.06,9.45,9.05,9.44,86232
2015-10-16,9.48,9.87,9.25,9.8,128088
2015-10-19,9.74,10.09,9.66,9.98,139738
2015-10-20,9.84,10.16,9.63,10.0,106554
2015-10-21,9.85,9.98,9.0,9.0,126522
2015-10-22,8.99,9.35,8.8,9.27,88679
2015-10-23,9.28,9.66,9.2,9.57,82980
2015-10-26,9.75,9.85,9.54,9.69,82464
2015-10-27,9.55,10.35,9.11,10.32,165366
2015-10-28,10.0,10.25,9.75,9.89,119167
2015-10-29,9.97,10.1,9.78,10.0,70596
2015-10-30,9.93,10.07,9.65,9.91,65574
2015-11-02,9.65,9.9,9.23,9.31,59537
2015-11-03,9.4,9.5,9.2,9.35,43158
2015-11-04,9.35,10.1,9.35,10.02,98246
2015-11-05,10.02,10.5,9.91,10.28,137951
2015-11-06,10.28,10.6,10.1,10.46,96164
2015-11-09,10.2,10.98,10.05,10.81,129177
2015-11-10,10.63,11.86,10.45,11.57,175572
2015-11-11,11.35,11.73,11.3,11.57,113189
2015-11-12,11.51,12.2,11.39,11.49,111151
2015-11-13,11.49,11.67,10.86,11.0,79934
2015-11-16,10.68,11.68,10.56,11.67,76417
2015-11-17,11.65,11.9,11.45,11.52,93320
2015-11-18,11.52,11.8,11.32,11.4,62542
2015-11-19,11.59,11.88,11.4,11.69,65894
2015-11-20,11.71,12.45,11.69,12.07,109525
2015-11-23,12.15,12.88,11.99,12.29,138394
2015-11-24,12.2,13.52,12.2,13.52,203661
2015-11-25,13.6,14.87,13.3,14.87,204966
2015-11-26,15.17,15.5,14.52,14.57,293156
2015-11-27,14.2,14.78,13.24,13.79,194712
2015-11-30,13.79,14.86,13.0,14.7,244641
2015-12-01,14.4,15.25,14.15,14.93,234042
2015-12-02,14.76,15.0,13.81,14.93,155639
2015-12-03,14.8,15.45,14.64,14.77,169750
2015-12-04,14.77,14.77,14.77,14.77,0
2015-12-07,14.98,15.0,14.11,14.25,137066
2015-12-08,13.95,13.95,13.0,13.17,179511
2015-12-09,13.31,13.78,12.6,13.74,189489
2015-12-10,13.68,13.9,12.96,13.02,115126
2015-12-11,13.08,13.38,12.5,12.99,89068
2015-12-14,13.0,13.49,12.79,13.38,116781
2015-12-15,13.4,14.35,13.09,14.18,128409
2015-12-16,14.03,14.5,13.76,13.86,136588
2015-12-17,13.95,14.19,13.8,13.95,103530
2015-12-18,14.0,14.9,13.65,14.56,163897
2015-12-21,14.45,15.03,14.21,14.7,204076
2015-12-22,14.55,14.79,14.3,14.53,86965
2015-12-23,14.6,14.68,13.75,13.9,87907
2015-12-24,13.71,13.9,12.9,13.14,108401
2015-12-25,13.05,13.44,13.01,13.24,63434
2015-12-28,13.2,13.37,12.5,12.6,77165
2015-12-29,12.7,12.7,12.25,12.66,66586
2015-12-30,12.79,13.17,12.65,13.02,57953
2015-12-31,13.03,13.29,12.56,12.62,45847
2016-01-04,12.52,12.8,11.36,11.36,43308
2016-01-05,10.4,11.6,10.25,10.78,102820
2016-01-06,10.83,11.5,10.8,11.35,88517
2016-01-07,11.1,11.16,10.22,10.22,18376
2016-01-08,10.48,10.88,9.36,10.49,74973
2016-01-11,10.13,10.45,9.44,9.47,70781
2016-01-12,9.66,10.42,9.48,10.08,105592
2016-01-13,9.8,10.24,9.71,9.73,69543
2016-01-14,9.41,10.14,9.29,10.07,60943
2016-01-15,10.1,10.18,9.13,9.39,67976
2016-01-18,8.9,9.79,8.9,9.46,61542
2016-01-19,9.38,9.82,9.37,9.81,65485
2016-01-20,9.68,9.92,9.5,9.68,56860
2016-01-21,9.6,9.88,9.21,9.24,48703
2016-01-22,9.4,10.16,9.4,10.16,128407
2016-01-25,10.16,10.16,10.16,10.16,0
2016-01-26,10.16,10.16,10.16,10.16,0
2016-01-27,10.16,10.16,10.16,10.16,0
2016-01-28,10.16,10.16,10.16,10.16,0
2016-01-29,10.16,10.16,10.16,10.16,0
2016-02-01,10.16,10.16,10.16,10.16,0
2016-02-02,10.16,10.16,10.16,10.16,0
2016-02-03,10.16,10.16,10.16,10.16,0
2016-02-04,10.16,10.16,10.16,10.16,0
2016-02-05,10.16,10.16,10.16,10.16,0
2016-02-15,10.16,10.16,10.16,10.16,0
2016-02-16,10.16,10.16,10.16,10.16,0
2016-02-17,10.16,10.16,10.16,10.16,0
2016-02-18,10.16,10.16,10.16,10.16,0
2016-02-19,10.16,10.16,10.16,10.16,0
2016-02-22,10.16,10.16,10.16,10.16,0
2016-02-23,10.16,10.16,10.16,10.16,0
2016-02-24,10.16,10.16,10.16,10.16,0
2016-02-25,10.16,10.16,10.16,10.16,0
2016-02-26,10.16,10.16,10.16,10.16,0
2016-02-29,10.16,10.16,10.16,10.16,0
2016-03-01,10.16,10.16,10.16,10.16,0
2016-03-02,10.16,10.16,10.16,10.16,0
2016-03-03,10.16,10.16,10.16,10.16,0
2016-03-04,10.16,10.16,10.16,10.16,0
2016-03-07,10.16,10.16,10.16,10.16,0
2016-03-08,10.16,10.16,10.16,10.16,0
2016-03-09,10.16,10.16,10.16,10.16,0
2016-03-10,10.16,10.16,10.16,10.16,0
2016-03-11,10.16,10.16,10.16,10.16,0
2016-03-14,10.16,10.16,10.16,10.16,0
2016-03-15,10.16,10.16,10.16,10.16,0
2016-03-16,10.16,10.16,10.16,10.16,0
2016-03-17,10.16,10.16,10.16,10.16,0
2016-03-18,10.16,10.16,10.16,10.16,0
2016-03-21,10.16,10.16,10.16,10.16,0
2016-03-22,10.16,10.16,10.16,10.16,0
2016-03-23,10.16,10.16,10.16,10.16,0
2016-03-24,10.16,10.16,10.16,10.16,0
2016-03-25,10.16,10.16,10.16,10.16,0
2016-03-28,10.16,10.16,10.16,10.16,0
2016-03-29,10.16,10.16,10.16,10.16,0
2016-03-30,10.16,10.16,10.16,10.16,0
2016-03-31,10.16,10.16,10.16,10.16,0
2016-04-01,10.16,10.16,10.16,10.16,0
2016-04-05,10.16,10.16,10.16,10.16,0
2016-04-06,10.16,10.16,10.16,10.16,0
2016-04-07,10.16,10.16,10.16,10.16,0
2016-04-08,10.16,10.16,10.16,10.16,0
2016-04-11,10.16,10.16,10.16,10.16,0
2016-04-12,10.16,10.16,10.16,10.16,0
2016-04-13,10.16,10.16,10.16,10.16,0
2016-04-14,10.16,10.16,10.16,10.16,0
2016-04-15,10.16,10.16,10.16,10.16,0
2016-04-18,10.16,10.16,10.16,10.16,0
2016-04-19,10.16,10.16,10.16,10.16,0
2016-04-20,10.16,10.16,10.16,10.16,0
2016-04-21,10.16,10.16,10.16,10.16,0
2016-04-22,10.16,10.16,10.16,10.16,0
2016-04-25,10.16,10.16,10.16,10.16,0
2016-04-26,10.16,10.16,10.16,10.16,0
2016-04-27,10.16,10.16,10.16,10.16,0
2016-04-28,10.16,10.16,10.16,10.16,0
2016-04-29,10.16,10.16,10.16,10.16,0
2016-05-03,9.9,11.18,9.8,11.18,191203
2016-05-04,11.0,12.08,10.95,11.64,292727
2016-05-05,11.4,11.65,11.1,11.44,161982
2016-05-06,11.3,11.38,10.51,10.63,171069
2016-05-09,10.71,10.71,9.58,9.73,113166
2016-05-10,9.7,10.03,9.61,9.73,70736
2016-05-11,9.88,10.24,9.39,10.03,146156
2016-05-12,9.82,10.79,9.57,10.61,272791
2016-05-13,10.25,11.67,10.25,11.67,312815
2016-05-16,11.52,12.8,11.38,12.1,384194
2016-05-17,11.96,12.48,11.32,11.44,376384
2016-05-18,11.36,11.36,10.76,11.01,218969
2016-05-19,11.12,12.11,11.02,12.11,302405
2016-05-20,11.85,13.3,11.75,13.05,438478
2016-05-23,12.82,13.0,12.53,12.75,320840
2016-05-24,12.55,13.82,12.46,13.37,343983
2016-05-25,13.3,13.99,13.18,13.33,387358
2016-05-26,13.35,13.69,12.43,13.41,289775
2016-05-27,13.21,13.33,12.86,12.99,209729
2016-05-30,12.67,12.95,12.28,12.5,195605
2016-05-31,12.52,13.27,12.34,13.21,307049
2016-06-01,13.01,13.95,13.0,13.57,378504
2016-06-02,13.29,13.93,13.22,13.67,293418
2016-06-03,13.49,13.72,13.3,13.33,158940
2016-06-06,13.4,13.55,13.18,13.39,136396
2016-06-07,13.39,13.68,13.18,13.39,187487
2016-06-08,13.2,13.24,12.82,12.89,150831
2016-06-13,12.5,13.03,11.6,11.61,141269
2016-06-14,11.52,11.75,11.16,11.41,119909
2016-06-15,11.21,12.21,11.13,12.0,139112
2016-06-16,11.98,12.68,11.88,12.32,161037
2016-06-17,12.24,12.74,12.09,12.47,155644
2016-06-20,12.4,12.45,12.0,12.15,99205
2016-06-21,12.23,12.6,11.66,11.82,140029
2016-06-22,11.78,12.09,11.7,12.0,92966
2016-06-23,11.94,11.97,11.37,11.51,110706
2016-06-24,11.51,11.75,10.72,11.28,107099
2016-06-27,11.16,11.63,11.14,11.61,84166
2016-06-28,11.6,11.74,11.43,11.64,78562
2016-06-29,11.8,12.01,11.62,11.83,124709
2016-06-30,11.7,11.84,11.47,11.49,92270
2016-07-01,11.53,11.73,11.42,11.55,77579
2016-07-04,11.68,12.48,11.68,12.19,196809
2016-07-05,12.19,12.42,12.08,12.4,180069
2016-07-06,12.3,12.94,12.2,12.8,242827
2016-07-07,12.68,13.58,12.54,13.02,360991
2016-07-08,12.6,12.88,12.57,12.64,154134
2016-07-11,12.64,13.84,12.64,13.31,295618
2016-07-12,13.28,13.78,12.95,13.49,271617
2016-07-13,13.4,13.85,13.15,13.37,188975
2016-07-14,13.2,13.3,12.91,13.28,143730
2016-07-15,13.2,13.28,12.97,13.0,96042
2016-07-18,12.92,13.05,12.75,12.92,90447
2016-07-19,12.92,13.05,12.67,12.87,83959
2016-07-20,13.05,13.29,12.91,13.08,132364
2016-07-21,13.03,13.64,12.86,13.59,236404
2016-07-22,13.46,13.54,13.24,13.27,154980
2016-07-25,13.2,13.56,12.91,13.54,159818
2016-07-26,13.56,13.85,13.33,13.42,177433
2016-07-27,13.35,13.51,12.08,12.08,219698
2016-07-28,12.0,12.08,11.47,11.86,109197
2016-07-29,11.8,11.92,11.51,11.56,57941
2016-08-01,11.53,11.53,10.92,11.14,83197
2016-08-02,11.24,11.34,11.13,11.3,42602
2016-08-03,11.28,11.34,11.15,11.21,45702
2016-08-04,11.18,11.38,11.12,11.34,59936
2016-08-05,11.31,11.33,11.08,11.1,61322
2016-08-08,11.05,11.27,10.88,11.23,65841
2016-08-09,11.24,11.34,11.2,11.32,67440
2016-08-10,11.33,11.68,11.25,11.48,90947
2016-08-11,11.4,11.43,11.02,11.07,68992
2016-08-12,11.1,11.23,11.0,11.19,43039
2016-08-15,11.19,11.48,11.02,11.39,77396
2016-08-16,11.43,11.54,11.36,11.48,69780
2016-08-17,11.43,11.66,11.31,11.44,57251
2016-08-18,11.44,11.52,11.36,11.42,50222
2016-08-19,11.44,11.49,11.21,11.3,57614
2016-08-22,11.26,11.3,11.03,11.08,55872
2016-08-23,11.05,11.21,11.02,11.2,43428
2016-08-24,11.17,11.24,10.98,10.99,56252
2016-08-25,10.95,10.95,10.32,10.56,80976
2016-08-26,10.57,10.76,10.52,10.56,52577
2016-08-29,10.35,10.38,9.54,9.7,453173
2016-08-30,9.69,9.83,9.63,9.76,207271
2016-08-31,9.72,9.86,9.63,9.83,155793
2016-09-01,9.83,9.84,9.68,9.71,117788
2016-09-02,9.7,9.85,9.67,9.75,133552
2016-09-05,9.79,10.12,9.73,9.86,250316
2016-09-06,9.85,9.98,9.67,9.97,184870
2016-09-07,9.98,10.08,9.9,10.0,157324
2016-09-08,9.98,10.03,9.91,9.95,113275
2016-09-09,9.93,9.95,9.83,9.83,101171
2016-09-12,9.6,9.69,9.35,9.42,137617
2016-09-13,9.49,9.53,9.39,9.46,58656
2016-09-14,9.38,9.88,9.25,9.8,189677
2016-09-19,9.76,9.89,9.65,9.85,125529
2016-09-20,9.8,9.84,9.7,9.8,73214
2016-09-21,9.76,9.84,9.73,9.76,72533
2016-09-22,9.82,9.86,9.59,9.61,184939
2016-09-23,9.64,9.69,9.54,9.64,93225
2016-09-26,9.62,9.9,9.28,9.3,146105
2016-09-27,9.25,9.44,9.23,9.39,112167
2016-09-28,9.38,9.45,9.27,9.3,76263
2016-09-29,9.3,9.49,9.3,9.45,99965
2016-09-30,9.45,9.64,9.4,9.54,95362
2016-10-10,9.53,10.18,9.52,10.0,259649
2016-10-11,10.04,10.21,9.93,10.2,192392
2016-10-12,10.13,10.42,10.04,10.19,165640
2016-10-13,10.19,10.29,10.07,10.09,129148
2016-10-14,10.09,10.29,10.09,10.19,116820
2016-10-17,10.22,10.51,10.22,10.26,251658
2016-10-18,10.3,10.4,10.16,10.36,106740
2016-10-19,10.35,11.4,10.3,11.21,608222
2016-10-20,11.21,11.21,11.21,11.21,0
2016-10-21,11.21,11.21,11.21,11.21,0
2016-10-24,11.21,11.21,11.21,11.21,0
2016-10-25,11.21,11.21,11.21,11.21,0
2016-10-26,11.21,11.21,11.21,11.21,0
2016-10-27,11.21,11.21,11.21,11.21,0
2016-10-28,11.21,11.21,11.21,11.21,0
2016-10-31,11.21,11.21,11.21,11.21,0
2016-11-01,11.21,11.21,11.21,11.21,0
2016-11-02,11.21,11.21,11.21,11.21,0
2016-11-03,11.21,11.21,11.21,11.21,0
2016-11-04,11.21,11.21,11.21,11.21,0
2016-11-07,11.21,11.21,11.21,11.21,0
2016-11-08,11.21,11.21,11.21,11.21,0
2016-11-09,11.21,11.21,11.21,11.21,0
2016-11-10,11.21,11.21,11.21,11.21,0
2016-11-11,11.21,11.21,11.21,11.21,0
2016-11-14,11.21,11.21,11.21,11.21,0
2016-11-15,11.21,11.21,11.21,11.21,0
2016-11-16,11.21,11.21,11.21,11.21,0
2016-11-17,11.21,11.21,11.21,11.21,0
2016-11-18,11.21,11.21,11.21,11.21,0
2016-11-21,11.21,11.21,11.21,11.21,0
2016-11-22,11.21,11.21,11.21,11.21,0
2016-11-23,11.21,11.21,11.21,11.21,0
2016-11-24,11.21,11.21,11.21,11.21,0
2016-11-25,11.21,11.21,11.21,11.21,0
2016-11-28,11.21,11.21,11.21,11.21,0
2016-11-29,11.21,11.21,11.21,11.21,0
2016-11-30,11.21,11.21,11.21,11.21,0
2016-12-01,11.21,11.21,11.21,11.21,0
2016-12-02,11.21,11.21,11.21,11.21,0
2016-12-05,11.21,11.21,11.21,11.21,0
2016-12-06,11.21,11.21,11.21,11.21,0
2016-12-07,11.21,11.21,11.21,11.21,0
2016-12-08,11.21,11.21,11.21,11.21,0
2016-12-09,11.21,11.21,11.21,11.21,0
2016-12-12,11.21,11.21,11.21,11.21,0
2016-12-13,11.21,11.21,11.21,11.21,0
2016-12-14,11.21,11.21,11.21,11.21,0
2016-12-15,11.21,11.21,11.21,11.21,0
2016-12-16,11.21,11.21,11.21,11.21,0
2016-12-19,11.21,11.21,11.21,11.21,0
2016-12-20,11.21,11.21,11.21,11.21,0
2016-12-21,11.21,11.21,11.21,11.21,0
2016-12-22,11.21,11.21,11.21,11.21,0
2016-12-23,11.21,11.21,11.21,11.21,0
2016-12-26,11.21,11.21,11.21,11.21,0
2016-12-27,11.21,11.21,11.21,11.21,0
2016-12-28,11.21,11.21,11.21,11.21,0
2016-12-29,11.21,11.21,11.21,11.21,0
2016-12-30,11.21,11.21,11.21,11.21,0
2017-01-03,11.21,11.21,11.21,11.21,0
2017-01-04,11.21,11.21,11.21,11.21,0
2017-01-05,11.21,11.21,11.21,11.21,0
2017-01-06,11.21,11.21,11.21,11.21,0
2017-01-09,11.21,11.21,11.21,11.21,0
2017-01-10,11.21,11.21,11.21,11.21,0
2017-01-11,11.21,11.21,11.21,11.21,0
2017-01-12,11.21,11.21,11.21,11.21,0
2017-01-13,11.21,11.21,11.21,11.21,0
2017-01-16,11.21,11.21,11.21,11.21,0
2017-01-17,11.21,11.21,11.21,11.21,0
2017-01-18,11.21,11.21,11.21,11.21,0
2017-01-19,11.21,11.21,11.21,11.21,0
2017-01-20,11.21,11.21,11.21,11.21,0
2017-01-23,11.21,11.21,11.21,11.21,0
2017-01-24,11.21,11.21,11.21,11.21,0
2017-01-25,11.21,11.21,11.21,11.21,0
2017-01-26,11.21,11.21,11.21,11.21,0
2017-02-03,11.21,11.21,11.21,11.21,0
2017-02-06,11.21,11.21,11.21,11.21,0
2017-02-07,11.21,11.21,11.21,11.21,0
2017-02-08,11.21,11.21,11.21,11.21,0
2017-02-09,11.21,11.21,11.21,11.21,0
2017-02-10,11.21,11.21,11.21,11.21,0
2017-02-13,11.21,11.21,11.21,11.21,0
2017-02-14,11.21,11.21,11.21,11.21,0
2017-02-15,11.21,11.21,11.21,11.21,0
2017-02-16,11.21,11.21,11.21,11.21,0
2017-02-17,11.21,11.21,11.21,11.21,0
2017-02-20,11.21,11.21,11.21,11.21,0
2017-02-21,11.21,11.21,11.21,11.21,0
2017-02-22,11.21,11.21,11.21,11.21,0
2017-02-23,11.21,11.21,11.21,11.21,0
2017-02-24,11.21,11.21,11.21,11.21,0
2017-02-27,11.21,11.21,11.21,11.21,0
2017-02-28,11.21,11.21,11.21,11.21,0
2017-03-01,11.21,11.21,11.21,11.21,0
2017-03-02,11.21,11.21,11.21,11.21,0
2017-03-03,11.21,11.21,11.21,11.21,0
2017-03-06,11.21,11.21,11.21,11.21,0
2017-03-07,11.21,11.21,11.21,11.21,0
2017-03-08,11.21,11.21,11.21,11.21,0
2017-03-09,11.21,11.21,11.21,11.21,0
2017-03-10,11.21,11.21,11.21,11.21,0
2017-03-13,11.21,11.21,11.21,11.21,0
2017-03-14,11.21,11.21,11.21,11.21,0
2017-03-15,11.21,11.21,11.21,11.21,0
2017-03-16,11.21,11.21,11.21,11.21,0
2017-03-17,11.21,11.21,11.21,11.21,0
2017-03-20,11.21,11.21,11.21,11.21,0
2017-03-21,11.21,11.21,11.21,11.21,0
2017-03-22,11.21,11.21,11.21,11.21,0
2017-03-23,11.21,11.21,11.21,11.21,0
2017-03-24,11.21,11.21,11.21,11.21,0
2017-03-27,11.21,11.21,11.21,11.21,0
2017-03-28,11.21,11.21,11.21,11.21,0
2017-03-29,11.21,11.21,11.21,11.21,0
2017-03-30,11.21,11.21,11.21,11.21,0
2017-03-31,10.99,10.99,10.09,10.21,625050
2017-04-05,10.07,10.8,10.07,10.47,390173
2017-04-06,10.47,10.47,10.47,10.47,0
2017-04-07,10.47,10.47,10.47,10.47,0
2017-04-10,10.47,10.47,10.47,10.47,0
2017-04-11,10.47,10.47,10.47,10.47,0
2017-04-12,10.47,10.47,10.47,10.47,0
2017-04-13,10.47,10.47,10.47,10.47,0
2017-04-14,10.47,10.47,10.47,10.47,0
2017-04-17,10.44,10.49,9.55,10.3,233098
2017-04-18,10.13,10.87,10.13,10.73,218306
2017-04-19,10.68,11.28,10.3,11.23,265857
2017-04-20,11.16,11.99,11.07,11.72,252938
2017-04-21,11.64,11.66,11.3,11.45,161259
2017-04-24,11.4,11.49,10.74,10.79,131167
2017-04-25,10.73,11.12,10.73,11.06,88428
2017-04-26,11.06,11.1,10.54,10.65,107892
2017-04-27,10.62,10.99,10.29,10.82,116751
2017-04-28,10.75,11.35,10.75,11.3,126260
2017-05-02,11.3,11.46,11.11,11.34,103492
2017-05-03,11.2,11.58,11.12,11.26,115255
2017-05-04,11.17,11.31,10.99,11.01,80140
2017-05-05,10.9,11.07,10.56,10.78,72815
2017-05-08,10.67,10.92,10.41,10.46,58645
2017-05-09,10.46,10.56,10.14,10.53,48950
2017-05-10,10.56,10.59,10.01,10.05,54856
2017-05-11,9.98,10.59,9.96,10.38,82815
2017-05-12,10.58,11.42,10.5,11.42,191753
2017-05-15,11.42,11.88,11.22,11.44,209056
2017-05-16,11.42,11.88,11.16,11.78,194370
2017-05-17,11.6,12.1,11.49,11.69,190166
2017-05-18,11.5,12.07,11.4,11.9,168767
2017-05-19,11.8,12.13,11.63,11.69,145606
2017-05-22,11.71,12.47,11.63,12.14,207154
2017-05-23,12.0,12.3,11.45,11.53,156570
2017-05-24,11.44,11.72,11.28,11.7,121859
2017-05-25,11.57,11.91,11.4,11.86,102554
2017-05-26,11.8,12.27,11.76,12.14,124787
2017-05-31,12.15,12.25,11.95,12.13,95522
2017-06-01,12.14,12.18,11.41,11.58,115835
2017-06-02,11.45,11.72,11.28,11.7,75770
2017-06-05,11.75,11.86,11.57,11.66,49805
2017-06-06,11.63,11.96,11.61,11.95,71215
2017-06-07,11.86,12.1,11.86,12.09,88239
2017-06-08,12.07,12.45,12.01,12.05,124176
2017-06-09,12.01,12.1,11.79,11.94,65139
2017-06-12,11.97,12.45,11.87,12.39,163246
2017-06-13,12.34,12.7,12.23,12.33,144019
2017-06-14,12.29,12.58,12.15,12.18,96528
2017-06-15,12.2,12.45,12.19,12.27,79352
2017-06-16,12.29,12.6,12.15,12.55,111401
2017-06-19,12.39,12.67,12.36,12.49,85679
2017-06-20,12.49,12.58,12.3,12.33,69647
2017-06-21,12.38,12.43,12.16,12.32,54369
2017-06-22,12.35,12.41,11.8,11.81,91147
2017-06-23,11.75,11.97,11.65,11.9,72372
2017-06-26,11.9,12.28,11.76,12.26,72986
2017-06-27,12.27,12.42,12.2,12.41,61484
2017-06-28,12.41,12.41,12.16,12.22,41446
2017-06-29,12.25,12.49,12.16,12.42,62359
2017-06-30,12.39,12.9,12.32,12.69,131591
2017-07-03,12.67,12.8,12.62,12.74,60752
2017-07-04,12.75,12.9,12.64,12.85,75646
2017-07-05,12.89,12.93,12.68,12.87,67006
2017-07-06,12.85,12.97,12.72,12.79,72841
2017-07-07,12.73,13.34,12.65,13.19,115490
2017-07-10,13.07,13.78,13.04,13.54,143930
2017-07-11,13.4,13.62,13.22,13.27,105796
2017-07-12,13.28,13.4,12.98,13.36,71185
2017-07-13,13.36,13.65,13.29,13.51,64583
2017-07-14,13.51,13.69,13.28,13.41,51886
2017-07-17,13.26,13.34,12.6,12.84,119710
2017-07-18,12.68,13.2,12.68,13.19,64166
2017-07-19,13.15,13.79,13.14,13.7,85933
2017-07-20,13.7,13.77,13.54,13.62,61995
2017-07-21,13.72,14.49,13.56,14.21,132562
2017-07-24,14.08,14.97,14.08,14.86,139830
2017-07-25,14.87,14.95,14.48,14.54,96948
2017-07-26,14.5,15.72,14.5,15.24,199537
2017-07-27,15.1,15.34,14.58,14.8,159103
2017-07-28,14.9,15.25,14.32,15.06,131055
2017-07-31,14.9,15.31,14.65,15.17,109393
2017-08-01,15.21,15.68,14.87,14.91,121985
2017-08-02,14.73,15.33,14.63,15.0,100563
2017-08-03,14.91,16.5,14.88,16.26,276485
2017-08-04,16.06,16.17,15.47,15.49,207461
2017-08-07,15.68,16.6,15.45,16.2,204097
2017-08-08,16.1,16.57,15.86,16.09,172319
2017-08-09,15.85,15.97,15.45,15.8,125187
2017-08-10,15.78,15.78,14.9,14.99,144974
2017-08-11,14.87,14.89,13.63,13.8,168270
2017-08-14,13.83,14.25,13.61,14.05,86278
2017-08-15,14.07,14.28,13.96,14.08,54366
2017-08-16,14.05,14.15,13.8,13.9,56026
2017-08-17,14.06,14.27,13.98,14.1,43458
2017-08-18,14.02,14.05,13.71,13.97,46456
2017-08-21,13.99,14.33,13.95,14.19,45629
2017-08-22,14.17,14.7,14.17,14.66,68501
2017-08-23,14.59,14.7,14.41,14.49,48539
2017-08-24,14.49,14.68,14.36,14.42,40809
2017-08-25,14.45,14.66,14.45,14.57,32522
2017-08-28,14.67,14.71,14.47,14.57,38791
2017-08-29,14.58,14.63,14.31,14.41,41694
2017-08-30,14.57,14.63,14.37,14.6,50026
2017-08-31,14.72,15.08,14.55,15.07,100940
2017-09-01,15.01,15.48,14.9,15.19,99375
2017-09-04,15.47,15.86,15.31,15.56,109712
2017-09-05,15.46,15.46,15.1,15.21,69631
2017-09-06,15.08,15.6,15.06,15.34,74002
2017-09-07,15.33,15.34,15.09,15.11,57531
2017-09-08,15.2,15.36,15.13,15.23,46384
2017-09-11,15.2,15.53,15.1,15.47,73925
2017-09-12,15.39,15.98,15.3,15.38,116450
2017-09-13,15.31,15.34,15.1,15.27,54479
2017-09-14,15.3,15.32,14.96,15.08,49213
2017-09-15,15.06,15.06,14.4,14.59,67097
2017-09-18,14.59,14.96,14.59,14.85,39706
2017-09-19,14.8,14.93,14.71,14.86,40320
2017-09-20,14.91,15.44,14.79,15.32,61776
2017-09-21,15.4,15.48,15.0,15.02,44817
2017-09-22,15.0,15.02,14.66,14.89,26140
2017-09-25,14.89,15.2,14.75,15.18,43009
2017-09-26,15.23,15.44,14.91,15.08,43934
2017-09-27,15.1,15.17,14.86,14.96,47352
2017-09-28,14.86,15.07,14.7,14.75,32084
2017-09-29,14.77,14.98,14.73,14.92,21842
2017-10-09,15.0,15.24,14.98,15.01,29439
2017-10-10,15.0,15.07,14.86,15.06,33571
2017-10-11,15.06,15.18,14.91,15.13,32805
2017-10-12,15.13,15.37,15.11,15.25,40875
2017-10-13,15.15,15.35,15.13,15.22,21831
2017-10-16,15.22,15.32,14.55,14.63,56360
2017-10-17,14.63,14.73,14.2,14.67,39043
2017-10-18,14.68,14.76,14.48,14.59,21665
2017-10-19,14.62,14.66,14.06,14.07,31412
2017-10-20,14.0,14.2,13.8,14.07,31545
2017-10-23,14.06,14.42,14.0,14.31,32473
2017-10-24,14.39,14.41,14.2,14.34,19277
2017-10-25,14.3,14.68,14.23,14.66,28486
2017-10-26,14.92,15.02,14.65,14.83,43058
2017-10-27,14.79,14.83,14.57,14.61,21364
2017-10-30,14.35,14.57,13.9,14.23,31424
2017-10-31,14.22,14.62,14.19,14.45,25112
2017-11-01,14.45,14.57,14.22,14.24,16851
2017-11-02,14.24,14.24,14.0,14.13,23396
2017-11-03,14.16,14.23,13.97,14.07,18760
2017-11-06,14.09,14.66,14.0,14.64,36642
2017-11-07,14.53,15.17,14.53,15.08,63430
2017-11-08,15.09,15.27,14.9,15.08,53563
2017-11-09,14.99,15.19,14.94,15.17,32357
2017-11-10,15.18,15.3,15.07,15.13,23384
2017-11-13,15.25,15.3,15.0,15.14,27285
2017-11-14,15.07,15.78,15.07,15.64,89901
2017-11-15,15.55,15.87,15.4,15.68,50832
2017-11-16,15.54,15.93,15.4,15.65,53874
2017-11-17,15.65,15.65,14.8,14.97,47930
2017-11-20,14.84,15.25,14.41,15.17,32538
2017-11-21,15.19,15.55,15.08,15.47,35407
2017-11-22,15.46,15.6,15.35,15.45,31001
2017-11-23,15.37,15.99,15.27,15.54,88300
2017-11-24,15.54,15.64,15.1,15.52,53123
2017-11-27,15.53,16.8,15.5,16.64,164157
2017-11-28,16.4,17.27,16.27,17.21,178723
2017-11-29,17.06,17.48,16.7,17.2,145498
2017-11-30,16.99,17.17,16.61,17.01,101178
2017-12-01,17.02,17.36,16.68,17.23,79172
2017-12-04,17.15,17.67,16.5,16.52,108433
2017-12-05,16.71,16.83,16.17,16.34,108419
2017-12-06,16.3,16.58,16.01,16.56,80692
2017-12-07,16.46,16.52,15.82,15.87,71991
2017-12-08,15.69,15.94,15.54,15.86,53107
2017-12-11,15.89,16.07,15.56,15.96,47723
2017-12-12,15.86,15.98,15.63,15.66,43710
2017-12-13,15.55,15.56,15.05,15.08,67213
2017-12-14,14.94,15.3,14.94,15.15,35719
2017-12-15,15.11,15.25,15.02,15.14,26908
2017-12-18,15.14,15.14,14.64,14.65,39404
2017-12-19,14.58,14.85,14.56,14.8,26379
2017-12-20,14.81,14.85,14.32,14.36,31867
2017-12-21,14.45,14.53,14.33,14.48,22295
2017-12-22,14.42,14.89,14.42,14.47,46426
2017-12-25,14.46,14.84,14.43,14.78,27347
2017-12-26,14.78,14.83,14.51,14.77,23536
2017-12-27,14.79,14.97,14.73,14.9,26149
2017-12-28,14.87,15.35,14.7,15.28,46956
2017-12-29,15.15,15.36,15.14,15.26,28423
2018-01-02,15.32,15.5,15.12,15.31,31145
2018-01-03,15.36,15.49,15.26,15.45,28366
2018-01-04,15.45,15.46,14.98,15.11,52924
2018-01-05,15.1,15.42,14.97,15.22,31743
2018-01-08,15.22,15.58,15.15,15.48,49661
2018-01-09,15.48,15.51,15.2,15.23,26471
2018-01-10,15.2,15.38,15.0,15.37,38257
2018-01-11,15.8,16.17,15.46,15.61,75829
2018-01-12,15.38,15.42,14.65,15.0,63220
2018-01-15,15.0,15.45,15.0,15.06,48336
2018-01-16,14.85,15.19,14.8,15.19,30391
2018-01-17,15.11,15.19,14.85,14.87,29425
2018-01-18,14.81,15.05,14.81,14.92,17743
2018-01-19,14.93,15.15,14.81,14.86,20421
2018-01-22,14.82,14.94,14.7,14.91,20127
2018-01-23,15.0,15.09,14.76,14.79,23189
2018-01-24,14.79,14.79,14.14,14.42,52198
2018-01-25,14.42,14.66,14.3,14.47,27321
2018-01-26,14.5,14.59,14.4,14.53,16574
2018-01-29,14.53,14.61,14.0,14.12,26825
2018-01-30,14.09,14.35,13.89,14.24,14568
2018-01-31,14.8,14.8,14.12,14.48,32998
2018-02-01,14.38,14.4,13.5,14.1,39411
2018-02-02,14.0,14.2,13.77,14.17,15641
2018-02-05,13.97,14.12,13.88,14.0,12795
2018-02-06,14.0,14.4,13.6,13.74,32497
2018-02-07,13.83,14.09,12.98,13.49,30357
2018-02-08,13.25,13.95,13.25,13.8,24698
2018-02-09,13.55,14.09,13.41,14.01,35021
2018-02-12,14.07,14.36,14.07,14.16,14965
2018-02-13,14.16,14.3,13.94,13.98,27544
2018-02-14,14.0,14.14,13.93,14.11,10206
2018-02-22,14.15,14.57,14.15,14.4,22517
2018-02-23,14.39,14.47,14.25,14.41,11925
2018-02-26,14.55,14.65,14.36,14.53,20619
2018-02-27,14.54,14.6,14.08,14.11,46178
2018-02-28,13.95,14.8,13.91,14.78,71891
2018-03-01,14.7,14.97,14.52,14.77,45653
2018-03-02,14.12,14.96,14.11,14.88,58180
2018-03-05,14.87,15.46,14.87,15.41,73210
2018-03-06,15.4,15.6,15.32,15.45,39596
2018-03-07,15.57,15.75,15.37,15.42,41959
2018-03-08,15.65,15.87,15.45,15.56,37925
2018-03-09,15.46,15.99,15.4,15.73,41860
2018-03-12,15.61,16.28,15.61,16.18,77976
2018-03-13,16.06,16.27,15.92,16.01,35868
2018-03-14,16.0,16.19,15.5,15.6,42242
2018-03-15,15.5,16.35,15.5,16.26,88490
2018-03-16,16.25,16.7,16.0,16.04,68288
2018-03-19,16.01,16.26,15.9,16.05,39308
2018-03-20,15.9,16.39,15.85,16.31,40364
2018-03-21,16.31,16.95,16.31,16.63,55517
2018-03-22,16.63,16.95,16.4,16.46,48768
2018-03-23,16.11,16.87,16.03,16.42,109151
2018-03-26,16.29,17.03,16.08,17.0,83180
2018-03-27,17.15,17.36,16.7,16.92,79749
2018-03-28,16.88,17.37,16.75,16.78,59134
2018-03-29,16.8,16.95,16.55,16.71,72896
2018-03-30,16.65,17.74,16.62,17.67,83398
2018-04-02,17.58,18.36,17.55,18.1,61324
2018-04-03,17.9,17.99,17.4,17.77,74089
2018-04-04,18.05,18.96,18.03,18.78,80022
2018-04-09,18.6,18.8,18.21,18.56,47027
2018-04-10,18.53,19.21,18.44,19.14,64364
2018-04-11,19.21,19.32,18.75,18.81,62839
2018-04-12,18.8,18.8,17.29,18.04,150686
2018-04-13,17.76,18.04,17.51,17.73,83975
2018-04-16,17.81,17.85,16.77,17.22,85581
2018-04-17,17.37,17.79,17.15,17.55,59420
2018-04-18,17.52,17.72,16.99,17.14,58806
2018-04-19,17.38,17.48,16.94,17.18,45241
2018-04-20,17.22,17.22,16.41,16.55,60010
2018-04-23,17.01,17.17,16.8,17.1,46894
2018-04-24,17.1,17.83,17.05,17.79,51142
2018-04-25,17.79,18.11,17.55,18.05,53675
2018-04-26,18.06,18.22,17.82,18.04,33162
2018-04-27,18.18,18.38,17.81,18.24,27029
2018-05-02,18.3,18.78,18.3,18.69,41871
2018-05-03,18.67,18.74,18.24,18.7,24454
2018-05-04,18.71,19.15,18.5,18.58,38289
2018-05-07,18.33,18.98,18.26,18.79,22910
2018-05-08,18.92,19.13,18.75,19.09,36527
2018-05-09,19.08,19.17,18.45,18.58,36509
2018-05-10,18.87,19.25,18.59,19.23,53772
2018-05-11,19.21,19.33,18.3,18.35,57692
2018-05-14,18.35,19.97,18.3,19.89,92992
2018-05-15,19.91,19.93,19.29,19.46,83514
2018-05-16,19.62,19.98,19.41,19.64,49551
2018-05-17,19.49,19.66,18.9,19.12,38322
2018-05-18,19.11,19.75,19.04,19.63,29300
2018-05-21,19.64,19.92,19.64,19.66,24875
2018-05-22,19.66,19.86,19.41,19.74,26015
2018-05-23,19.7,19.7,19.31,19.41,15623
2018-05-24,19.54,19.79,19.13,19.69,29113
2018-05-25,19.66,19.66,19.18,19.52,22853
2018-05-28,19.57,19.63,19.2,19.52,27362
2018-05-29,19.39,19.57,18.96,19.12,33412
2018-05-30,19.05,19.06,18.4,18.45,31831
2018-05-31,18.72,19.31,18.72,19.17,26032
2018-06-01,19.38,20.18,19.13,19.48,61962
2018-06-06,19.6,21.09,19.6,20.82,92400
2018-06-07,20.71,21.09,20.66,20.83,43174
2018-06-08,20.91,21.05,19.9,20.28,45769
2018-06-11,20.59,20.6,19.9,20.06,26050
2018-06-12,20.02,20.24,19.78,20.16,32795
2018-06-13,20.16,20.43,19.97,20.23,29956
2018-06-14,20.26,20.31,20.0,20.22,25515
2018-06-15,20.17,20.29,18.8,18.94,55424
2018-06-19,18.88,18.88,17.05,17.05,43201
2018-06-20,15.35,15.35,15.35,15.35,127928
2018-06-21,15.5,16.1,15.35,15.5,134185
2018-06-22,15.57,16.5,14.99,16.42,98128
2018-06-25,17.13,17.15,16.58,16.66,53554
2018-06-26,16.43,16.85,15.5,16.79,73941
2018-06-27,17.29,18.0,16.62,16.84,79603
2018-06-28,16.81,17.0,16.52,16.56,37249
2018-06-29,16.51,17.05,16.32,16.9,57823
2018-07-02,16.9,16.9,16.02,16.39,33763
2018-07-03,16.5,16.5,15.62,16.28,36721
2018-07-04,16.25,16.45,15.96,16.17,19182
2018-07-05,16.17,16.4,15.78,16.08,34697
2018-07-06,16.13,16.25,15.58,16.07,28254
2018-07-09,16.01,16.15,15.75,16.02,26373
2018-07-10,16.02,16.18,15.6,15.69,26032
2018-07-11,15.59,15.59,14.12,14.12,36791
2018-07-12,12.71,14.4,12.71,14.11,197020
2018-07-13,13.47,13.99,13.3,13.83,101253
2018-07-16,13.79,14.05,13.78,13.88,33037
2018-07-17,14.04,14.46,13.89,14.06,38488
2018-07-18,14.11,14.15,13.76,13.8,37551
2018-07-19,13.87,13.87,13.57,13.7,22052
2018-07-20,13.7,14.15,13.32,14.1,35112
2018-07-23,14.0,14.0,13.53,13.61,39444
2018-07-24,13.63,14.07,13.57,14.01,51948
2018-07-25,14.19,14.19,13.75,13.8,29727
2018-07-26,13.88,14.0,13.73,13.9,27510
2018-07-27,13.97,13.97,13.69,13.8,25288
2018-07-30,13.99,14.98,13.83,14.01,56817
2018-07-31,13.9,13.95,13.43,13.71,27025
2018-08-01,13.76,13.77,13.21,13.48,31949
2018-08-02,13.5,13.69,12.99,13.27,38728
2018-08-03,13.18,13.45,12.97,13.39,31172
2018-08-06,13.36,13.38,12.99,13.24,24261
2018-08-07,13.24,13.41,12.98,13.37,35802
2018-08-08,13.35,13.35,13.13,13.2,14635
2018-08-09,13.2,13.5,13.2,13.36,30158
2018-08-10,13.36,13.48,13.26,13.4,12905
2018-08-13,13.29,13.36,13.13,13.28,19173
2018-08-14,13.26,13.34,13.16,13.27,23243
2018-08-15,13.27,13.27,12.98,13.05,33332
2018-08-16,13.05,13.13,12.95,13.01,18203
2018-08-17,13.08,13.11,12.99,13.0,11523
2018-08-20,13.08,13.1,12.98,13.1,20314
2018-08-21,13.1,13.15,13.02,13.08,8733
2018-08-22,13.08,13.11,12.97,13.07,13603
2018-08-23,13.08,13.09,12.99,13.05,6396
2018-08-24,13.07,13.29,13.0,13.1,13417
2018-08-27,13.25,13.25,13.08,13.17,10646
2018-08-28,13.21,13.58,13.12,13.57,28863
2018-08-29,13.6,13.78,13.5,13.61,17434
2018-08-30,13.53,13.72,13.18,13.2,24033
2018-08-31,13.18,13.9,13.18,13.48,42727
2018-09-03,13.4,13.5,13.08,13.18,21868
2018-09-04,13.18,13.28,13.0,13.1,18620
2018-09-05,13.14,13.26,13.01,13.05,13937
2018-09-06,13.05,13.11,12.97,13.04,12486
2018-09-07,13.08,13.1,13.0,13.0,9338
2018-09-10,13.06,13.06,12.98,13.0,23401
2018-09-11,13.0,13.17,12.9,12.96,13707
2018-09-12,12.95,13.01,11.66,11.66,109977
2018-09-13,10.49,10.49,10.49,10.49,21741
2018-09-14,9.95,11.39,9.95,11.04,111869
2018-09-17,10.67,11.26,10.63,11.1,123121
2018-09-18,11.12,11.7,11.04,11.64,66047
2018-09-19,11.64,12.09,11.5,11.89,53788
2018-09-20,12.02,12.1,11.71,11.83,50844
2018-09-21,12.07,12.9,12.06,12.6,70852
2018-09-25,12.64,12.79,12.45,12.56,36062
2018-09-26,12.57,12.9,12.47,12.81,41593
2018-09-27,13.01,13.01,12.58,12.72,28299
2018-09-28,12.75,12.97,12.54,12.95,36389
2018-10-08,12.79,12.79,12.48,12.65,45573
2018-10-09,12.65,12.8,12.62,12.72,19584
2018-10-10,12.82,12.87,12.58,12.68,18747
2018-10-11,12.5,12.5,12.1,12.15,61730
2018-10-12,12.29,12.3,12.01,12.21,32483
2018-10-15,12.3,12.31,12.12,12.15,23109
2018-10-16,12.19,12.26,10.94,10.94,48634
2018-10-17,11.9,11.9,9.85,10.03,134435
2018-10-18,10.03,10.58,9.87,10.49,79463
2018-10-19,10.4,10.62,10.18,10.55,51331
2018-10-22,10.55,11.29,10.55,10.79,47030
2018-10-23,10.82,11.1,10.68,10.92,42288
2018-10-24,10.83,11.05,10.83,10.99,30035
2018-10-25,10.82,10.92,10.3,10.9,40382
2018-10-26,11.01,11.03,10.6,10.7,23938
2018-10-29,10.7,10.9,10.26,10.36,26613
2018-10-30,10.44,10.87,9.89,10.78,59251
2018-10-31,10.72,10.79,10.39,10.6,42367
2018-11-01,10.62,10.77,10.48,10.64,33965
2018-11-02,10.64,10.83,10.6,10.75,40416
2018-11-05,10.74,10.92,10.44,10.8,29445
2018-11-06,10.71,10.75,10.48,10.55,22318
2018-11-07,10.73,11.09,10.67,10.96,51106
2018-11-08,11.31,11.31,10.61,10.64,42926
2018-11-09,10.61,10.61,10.4,10.5,20777
2018-11-12,10.5,10.67,10.36,10.63,16757
2018-11-13,10.6,10.89,10.48,10.84,31913
2018-11-14,10.88,10.95,10.74,10.76,22315
2018-11-15,10.9,10.93,10.7,10.91,22228
2018-11-16,11.0,11.25,10.84,11.1,39466
2018-11-19,11.05,11.15,10.94,11.11,32136
2018-11-20,11.14,11.2,10.92,10.93,21027
2018-11-21,10.75,11.12,10.67,11.05,28052
2018-11-22,11.02,11.25,10.87,11.22,34667
2018-11-23,11.23,11.28,10.69,10.69,36251
2018-11-26,10.68,11.5,10.4,10.75,27363
2018-11-27,10.75,10.89,10.49,10.51,17191
2018-11-28,10.45,10.79,10.42,10.7,41156
2018-11-29,10.68,11.77,10.6,11.0,280595
2018-11-30,10.69,10.72,9.9,9.9,235779
2018-12-03,10.13,10.51,9.84,10.5,119644
2018-12-04,10.39,10.76,10.32,10.62,97721
2018-12-05,10.43,10.72,10.36,10.54,51834
2018-12-06,10.61,10.71,10.41,10.48,43313
2018-12-07,10.59,10.61,10.45,10.59,32345
2018-12-10,10.51,10.56,10.3,10.52,28242
2018-12-11,10.44,10.58,10.37,10.55,23112
2018-12-12,10.54,10.56,10.45,10.55,21456
2018-12-13,10.63,10.63,10.5,10.51,16799
2018-12-14,10.5,10.57,10.25,10.39,26383
2018-12-17,10.42,10.43,9.35,9.35,129815
2018-12-18,9.3,9.3,8.42,9.0,343953
2018-12-19,8.57,9.59,8.54,9.51,253094
2018-12-20,9.3,9.6,9.1,9.52,98063
2018-12-21,9.45,9.7,9.32,9.54,64100
2018-12-24,9.46,9.54,9.41,9.5,43934
2018-12-25,9.43,9.54,9.15,9.51,73085
2018-12-26,9.42,9.53,9.39,9.51,45018
2018-12-27,9.56,9.66,9.33,9.46,38232
2018-12-28,9.41,10.2,9.36,9.82,66383
2019-01-02,9.82,10.0,9.57,9.58,54551
2019-01-03,9.5,9.53,9.28,9.5,44207
2019-01-04,9.38,9.66,9.38,9.53,26349
2019-01-07,9.55,9.91,9.45,9.8,59601
2019-01-08,9.75,9.79,9.61,9.61,30376
2019-01-09,9.6,10.04,9.6,9.85,65507
2019-01-10,9.84,9.91,9.7,9.8,24970
2019-01-11,9.73,9.99,9.73,9.81,27715
2019-01-14,9.82,9.99,9.6,9.88,30800
2019-01-15,9.87,9.98,9.78,9.83,20159
2019-01-16,9.86,9.87,9.73,9.82,26021
2019-01-17,9.82,9.82,9.69,9.7,34933
2019-01-18,9.7,9.9,9.7,9.78,23301
2019-01-21,9.87,9.87,9.75,9.84,19676
2019-01-22,9.84,9.97,9.7,9.73,69245
2019-01-23,9.75,9.82,9.65,9.71,23405
2019-01-24,9.71,10.02,9.65,9.8,41695
2019-01-25,9.79,9.9,9.71,9.75,34524
2019-01-28,9.78,9.81,9.6,9.75,41008
2019-01-29,9.67,9.89,9.6,9.7,34991
2019-01-30,9.65,10.02,9.2,9.93,42683
2019-01-31,9.77,9.95,9.7,9.84,35935
2019-02-01,9.65,9.99,9.65,9.85,23401
2019-02-11,9.84,10.09,9.8,9.92,53899
2019-02-12,9.92,10.01,9.9,9.95,32602
2019-02-13,9.96,10.58,9.9,10.32,94416
2019-02-14,10.3,10.38,10.11,10.22,52526
2019-02-15,10.2,10.4,10.18,10.33,59601
2019-02-18,10.45,11.0,10.33,10.74,96068
2019-02-19,10.66,11.1,10.66,10.85,80641
2019-02-20,10.88,11.13,10.76,10.85,67274
2019-02-21,10.85,11.05,10.69,10.81,70325
2019-02-22,10.8,11.0,10.67,10.84,60585
2019-02-25,10.88,11.71,10.86,11.43,155923
2019-02-26,11.37,11.79,11.23,11.44,125805
2019-02-27,11.4,11.99,11.32,11.7,120234
2019-02-28,11.81,11.87,11.4,11.51,70015
2019-03-01,11.51,11.62,11.05,11.47,84252
2019-03-04,11.41,12.0,11.3,11.57,153320
2019-03-05,11.55,11.86,11.42,11.73,80871
2019-03-06,11.74,12.17,11.7,12.06,161022
2019-03-07,12.05,12.85,11.93,12.68,236034
2019-03-08,12.35,12.92,12.11,12.4,153663
2019-03-11,12.41,13.52,12.41,13.19,208843
2019-03-12,13.3,13.76,13.2,13.4,240334
2019-03-13,13.34,13.6,13.12,13.33,187151
2019-03-14,13.33,13.59,12.45,12.88,188927
2019-03-15,12.93,13.23,12.6,12.8,130145
2019-03-18,12.9,13.1,12.69,12.96,125054
2019-03-19,12.95,13.2,12.66,12.66,73580
2019-03-20,12.61,12.71,12.17,12.39,126521
2019-03-21,12.44,12.48,12.22,12.37,76002
2019-03-22,12.34,12.36,11.9,12.08,92365
2019-03-25,11.98,12.2,11.7,11.92,105689
2019-03-26,11.94,12.05,11.2,11.35,156069
2019-03-27,11.44,11.57,11.01,11.45,79590
2019-03-28,11.41,11.44,11.16,11.24,67464
2019-03-29,11.32,11.72,11.16,11.69,96958
2019-04-01,11.72,12.32,11.65,12.0,132500
2019-04-02,12.01,12.2,11.85,12.03,91770
2019-04-03,12.03,12.16,11.86,12.01,72852
2019-04-04,12.1,12.15,11.9,11.9,66068
2019-04-08,11.98,12.13,11.8,12.09,96207
2019-04-09,12.14,12.57,12.07,12.22,137262
2019-04-10,12.16,12.16,11.49,11.89,76089
2019-04-11,11.92,12.04,11.67,11.89,70809
2019-04-12,11.89,11.98,11.77,11.92,43451
2019-04-15,12.05,12.09,11.87,11.92,46348
2019-04-16,11.8,12.4,11.76,12.33,126759
2019-04-17,12.25,12.53,12.14,12.32,74086
2019-04-18,12.35,12.4,12.18,12.27,49300
2019-04-19,12.28,12.3,12.03,12.09,49346
2019-04-22,11.98,12.0,11.4,11.9,141008
2019-04-23,11.71,13.08,11.64,12.8,317581
2019-04-24,12.9,13.49,12.77,13.22,314393
2019-04-25,13.15,13.82,12.97,13.24,296838
2019-04-26,13.18,13.65,12.68,12.91,186314
2019-04-29,12.96,13.07,12.0,12.57,136194
2019-04-30,11.31,12.7,11.31,12.04,216424
2019-05-06,11.52,12.36,11.33,11.79,131284
2019-05-07,11.83,12.46,11.71,12.09,134682
2019-05-08,11.94,12.6,11.85,12.22,120279
2019-05-09,12.07,12.4,11.95,12.05,54206
2019-05-10,12.05,12.45,12.03,12.37,86461
2019-05-13,12.3,12.5,12.21,12.25,37610
2019-05-14,12.25,12.35,12.01,12.08,55475
2019-05-15,12.21,12.38,12.11,12.21,49189
2019-05-16,12.22,12.8,12.2,12.6,151941
2019-05-17,12.72,12.97,12.4,12.72,203415
2019-05-20,12.88,13.1,12.48,12.81,138354
2019-05-21,12.75,13.2,12.61,12.94,190076
2019-05-22,13.01,13.3,12.78,12.9,140029
2019-05-23,12.8,13.0,12.4,12.45,146191
2019-05-24,12.45,12.65,12.22,12.45,105062
2019-05-27,12.4,12.65,12.35,12.61,145360
2019-05-28,12.6,13.07,12.52,13.0,152761
2019-05-29,12.99,13.28,12.87,13.0,253213
2019-05-30,12.9,13.26,12.78,13.09,157011
2019-05-31,13.08,13.24,12.97,13.0,146557
2019-06-03,13.01,13.05,12.48,12.51,117889
2019-06-04,12.29,12.5,11.72,11.72,170630
2019-06-05,11.92,12.14,11.7,11.92,96168
2019-06-06,11.93,12.08,11.79,11.93,70570
2019-06-10,11.94,12.26,11.85,12.05,101319
2019-06-11,12.05,12.4,12.05,12.29,135816
2019-06-12,12.31,12.41,12.02,12.05,104550
2019-06-13,12.01,12.16,11.83,11.95,137162
2019-06-14,11.95,12.2,11.95,12.0,103982
2019-06-17,12.0,12.11,11.85,11.95,80376
2019-06-18,11.95,12.07,11.77,11.87,73523
2019-06-19,12.0,12.3,11.87,11.92,90853
2019-06-20,11.87,12.02,11.8,11.96,95307
2019-06-21,11.96,12.22,11.82,11.93,85529
2019-06-24,11.88,11.98,11.74,11.84,93325
2019-06-25,11.84,12.26,11.84,12.07,158095
2019-06-26,12.15,12.25,11.75,11.76,107937
2019-06-27,11.74,11.85,11.23,11.54,136793
2019-06-28,11.4,11.54,11.2,11.25,98966
2019-07-01,11.35,11.6,11.25,11.35,81019
2019-07-02,11.34,11.42,11.19,11.3,55399
2019-07-03,11.28,11.44,11.18,11.31,88788
2019-07-04,11.34,11.39,11.2,11.24,45789
2019-07-05,11.27,11.35,11.18,11.22,51032
2019-07-08,11.22,11.27,10.62,10.79,105750
2019-07-09,10.7,10.78,10.63,10.72,46856
2019-07-10,10.72,10.8,10.63,10.69,32953
2019-07-11,10.69,11.09,10.66,10.97,132148
2019-07-12,10.99,11.2,10.9,11.01,87715
2019-07-15,11.06,11.2,10.85,10.94,83025
2019-07-16,10.9,11.15,10.86,10.89,56913
2019-07-17,10.89,11.0,10.7,10.7,44888
2019-07-18,10.62,10.95,10.6,10.9,117139
2019-07-19,10.85,11.15,10.7,10.72,105220
2019-07-22,10.72,10.72,9.7,10.0,117848
2019-07-23,10.0,10.22,9.89,10.17,75920
2019-07-24,10.23,11.05,10.23,10.58,182930
2019-07-25,10.54,10.61,10.35,10.48,57579
2019-07-26,10.42,10.55,10.26,10.31,91654
2019-07-29,10.3,10.45,10.01,10.06,53232
2019-07-30,10.01,10.2,10.01,10.15,60166
2019-07-31,10.15,10.76,10.13,10.66,176510
2019-08-01,10.62,10.93,10.55,10.74,120681
2019-08-02,10.61,10.92,10.51,10.84,110146
2019-08-05,10.83,11.1,10.6,10.62,125268
2019-08-06,10.6,10.7,10.21,10.52,127450
2019-08-07,10.51,11.4,10.49,11.07,220025
2019-08-08,11.08,11.26,10.95,10.99,131985
2019-08-09,10.96,11.2,10.96,11.0,140863
2019-08-12,10.91,10.99,10.74,10.83,133894
2019-08-13,10.83,11.18,10.83,10.95,160513
2019-08-14,10.95,11.2,10.78,10.84,108864
2019-08-15,10.64,10.82,10.58,10.72,85341
2019-08-16,10.72,10.87,10.58,10.59,87695
2019-08-19,10.61,10.85,10.51,10.72,110929
2019-08-20,10.72,11.04,10.68,10.85,163516
2019-08-21,10.85,10.92,10.69,10.7,87077
2019-08-22,10.69,10.76,10.68,10.73,77134
2019-08-23,10.71,11.76,10.69,11.05,176321
2019-08-26,10.89,11.11,10.82,11.03,85097
2019-08-27,11.03,11.34,11.0,11.19,157001
2019-08-28,11.2,11.38,10.98,11.0,115898
2019-08-29,10.9,11.05,10.7,10.83,77933
2019-08-30,10.8,10.96,10.73,10.84,67286
2019-09-02,10.8,11.18,10.8,10.89,145873
2019-09-03,10.89,10.96,10.75,10.82,81079
2019-09-04,10.82,10.99,10.76,10.82,72031
2019-09-05,10.84,11.11,10.84,11.0,151763
2019-09-06,11.05,11.2,10.86,10.96,144900
2019-09-09,10.97,11.7,10.97,11.43,231910
2019-09-10,11.43,11.55,11.36,11.4,114607
2019-09-11,11.4,11.55,11.32,11.38,109528
2019-09-12,11.38,11.47,11.3,11.38,90965
2019-09-16,11.38,11.56,11.33,11.4,98141
2019-09-17,11.45,11.63,11.22,11.3,115386
2019-09-18,11.33,11.72,11.31,11.67,144506
2019-09-19,11.68,11.79,11.63,11.69,94601
2019-09-20,11.74,12.2,11.68,12.11,147285
2019-09-23,12.05,12.3,12.01,12.09,118079
2019-09-24,12.1,12.41,12.09,12.23,168869
2019-09-25,12.17,12.32,12.11,12.13,118194
2019-09-26,12.15,12.25,11.8,12.0,112694
2019-09-27,11.91,12.7,11.91,12.22,209835
2019-09-30,12.21,12.29,11.61,11.61,107245
2019-10-08,11.61,11.95,11.55,11.84,91907
2019-10-09,11.8,12.0,11.8,11.93,53707
2019-10-10,11.93,12.44,11.92,12.39,117288
2019-10-11,12.4,12.62,12.33,12.39,104086
2019-10-14,12.46,12.54,12.34,12.4,73398
2019-10-15,12.35,12.39,11.91,12.01,81450
2019-10-16,12.01,12.1,11.91,12.01,77199
2019-10-17,11.95,12.2,11.92,12.02,56411
2019-10-18,11.69,12.0,11.14,11.78,151225
2019-10-21,11.7,11.93,11.67,11.83,76341
2019-10-22,11.8,12.1,11.8,11.93,73705
2019-10-23,11.93,11.95,11.68,11.68,51277
2019-10-24,11.68,11.84,11.61,11.71,52741
2019-10-25,11.71,11.78,11.45,11.46,63552
2019-10-28,11.42,11.55,11.36,11.44,53297
2019-10-29,11.44,11.49,10.56,10.97,181730
2019-10-30,10.78,11.0,10.63,10.9,47865
2019-10-31,10.9,11.2,10.7,10.77,69956
2019-11-01,10.72,10.85,10.63,10.76,36037
2019-11-04,10.75,10.9,10.6,10.63,53800
2019-11-05,10.66,10.75,10.49,10.49,35786
2019-11-06,10.49,10.82,10.46,10.72,53865
2019-11-07,10.67,10.93,10.67,10.75,46067
2019-11-08,10.76,10.9,10.71,10.76,22741
2019-11-11,10.74,10.87,10.67,10.72,45255
2019-11-12,10.69,10.78,10.37,10.4,59635
2019-11-13,10.47,10.6,10.23,10.38,40433
2019-11-14,10.34,10.55,10.33,10.53,19244
2019-11-15,10.52,10.95,10.5,10.81,68674
2019-11-18,10.82,10.88,10.73,10.79,29676
2019-11-19,10.8,10.97,10.67,10.68,61853
2019-11-20,10.7,10.78,10.55,10.65,36481
2019-11-21,10.65,10.7,10.56,10.65,25168
2019-11-22,10.66,10.83,10.65,10.76,55826
2019-11-25,10.75,11.08,10.68,11.04,61365
2019-11-26,11.04,11.2,10.89,10.95,31189
2019-11-27,10.95,10.97,10.85,10.95,24757
2019-11-28,10.93,11.1,10.49,10.58,98823
2019-11-29,10.55,10.62,10.36,10.47,21651
2019-12-02,10.53,10.59,10.4,10.49,15102
2019-12-03,10.45,10.56,10.34,10.45,26458
2019-12-04,10.4,10.52,10.3,10.42,22082
2019-12-05,10.39,10.43,10.33,10.42,19368
2019-12-06,10.42,10.46,10.31,10.36,26678
2019-12-09,10.33,10.4,10.0,10.04,56834
2019-12-10,10.01,10.35,9.97,10.35,148540
2019-12-11,10.37,10.49,10.25,10.26,77564
2019-12-12,10.23,10.33,10.2,10.24,75474
2019-12-13,10.24,10.35,10.2,10.23,30669
2019-12-16,10.25,10.4,10.0,10.28,177459
2019-12-17,10.26,10.4,10.23,10.33,133260
2019-12-18,10.34,10.37,10.25,10.28,75586
2019-12-19,10.29,10.34,10.24,10.31,74156
2019-12-20,10.33,10.44,10.25,10.33,69687
2019-12-23,10.34,10.39,10.16,10.23,60626
2019-12-24,10.24,10.34,10.17,10.34,91135
2019-12-25,10.35,10.41,10.26,10.3,41244
2019-12-26,10.31,10.39,10.04,10.14,83017
2019-12-27,10.14,11.15,10.02,11.15,187914
2019-12-30,12.27,12.27,12.27,12.27,36701
2019-12-31,12.2,13.5,12.0,13.5,803196
2020-01-02,12.9,13.0,12.15,12.38,957072
2020-01-03,12.0,12.0,11.29,11.3,690753
2020-01-06,11.14,11.31,10.79,11.12,437413
2020-01-07,11.1,11.39,11.01,11.17,308425
2020-01-08,11.09,11.22,10.83,10.83,303790
2020-01-09,10.92,11.02,10.72,10.83,220728
2020-01-10,10.81,10.85,10.48,10.48,246282
2020-01-13,10.5,10.69,10.37,10.64,205550
2020-01-14,10.6,10.81,10.47,10.49,184844
2020-01-15,10.43,10.48,10.22,10.29,147067
2020-01-16,10.28,10.38,10.25,10.3,94464
2020-01-17,10.34,10.44,10.18,10.18,106110
2020-01-20,10.17,10.24,10.01,10.2,128157
2020-01-21,10.15,10.36,10.05,10.05,153129
2020-01-22,10.02,10.2,9.97,9.97,123119
2020-01-23,9.59,9.75,9.25,9.41,238676
2020-02-03,8.98,8.98,8.47,8.47,176305
2020-02-04,8.0,8.61,8.0,8.34,150943
2020-02-05,8.37,8.92,8.36,8.49,197233
2020-02-06,8.5,8.74,8.43,8.58,197670
2020-02-07,8.57,8.7,8.43,8.46,132689
2020-02-10,8.41,8.6,8.4,8.58,117681
2020-02-11,8.58,8.77,8.58,8.69,157600
2020-02-12,8.69,9.09,8.66,9.0,227530
2020-02-13,8.99,9.28,8.95,8.96,183169
2020-02-14,8.9,9.08,8.81,8.91,126258
2020-02-17,8.92,9.13,8.9,9.05,156461
2020-02-18,9.08,9.21,8.96,9.08,139317
2020-02-19,9.07,9.17,8.94,8.94,130815
2020-02-20,8.96,9.06,8.78,9.03,166801
2020-02-21,9.04,9.28,9.0,9.15,191387
2020-02-24,9.15,9.25,9.03,9.08,139971
2020-02-25,8.95,9.13,8.68,8.8,192035
2020-02-26,8.66,8.86,8.56,8.57,121615
2020-02-27,8.58,8.68,8.48,8.61,108470
2020-02-28,8.4,8.57,8.1,8.28,136076
2020-03-02,8.42,9.11,8.41,9.11,239537
2020-03-03,9.16,9.29,9.01,9.11,206298
2020-03-04,9.09,9.17,8.97,9.1,139687
2020-03-05,9.25,9.68,9.23,9.4,326330
2020-03-20,10.34,10.34,10.34,10.34,35006
2020-03-23,11.37,11.37,11.37,11.37,20170
2020-03-24,12.51,12.51,10.23,10.23,1015891
2020-03-25,9.59,9.86,9.21,9.35,872589
2020-03-26,9.05,9.15,8.45,8.65,481379
2020-03-27,8.65,8.65,8.3,8.3,280992
2020-03-30,8.13,8.26,7.77,8.19,283908
2020-03-31,8.13,8.16,7.93,8.06,176792
2020-04-01,7.93,8.14,7.92,8.0,104954
2020-04-02,7.95,8.18,7.91,8.17,113918
2020-04-03,8.15,8.35,8.01,8.05,134124
2020-04-07,8.1,8.2,8.07,8.2,111637
2020-04-08,8.17,8.39,8.05,8.15,154303
2020-04-09,8.17,8.2,8.07,8.07,124771
2020-04-10,8.02,8.18,8.01,8.05,92009
2020-04-13,8.02,8.06,7.9,7.95,73402
2020-04-14,8.0,8.22,7.95,8.18,97540
2020-04-15,8.41,8.58,8.12,8.13,129641
2020-04-16,8.01,8.05,7.93,8.01,73909
2020-04-17,8.01,8.04,7.95,7.96,69342
2020-04-20,7.8,7.93,7.8,7.87,73010
2020-04-21,7.84,7.97,7.82,7.87,57291
2020-04-22,7.83,7.91,7.82,7.87,38837
2020-04-23,7.9,7.98,7.86,7.89,53608
2020-04-24,7.86,7.89,7.8,7.84,44648
2020-04-27,7.8,7.86,7.51,7.6,70802
2020-04-28,7.65,7.65,7.02,7.27,77636
2020-04-29,7.27,7.36,7.22,7.22,36279
2020-04-30,7.26,7.35,7.23,7.24,42015
2020-05-06,7.18,7.36,7.12,7.34,49254
2020-05-07,7.33,7.5,7.23,7.25,58308
2020-05-08,7.25,7.38,7.24,7.35,44706
2020-05-11,7.35,7.42,7.26,7.3,46618
2020-05-12,7.29,7.29,7.16,7.27,45704
2020-05-13,7.24,7.32,7.21,7.27,33548
2020-05-14,7.27,7.87,7.22,7.65,150760
2020-05-15,7.6,7.68,7.44,7.46,68765
2020-05-18,7.49,7.74,7.38,7.69,79565
2020-05-19,7.68,7.73,7.52,7.56,55630
2020-05-20,7.55,7.55,7.36,7.36,62549
2020-05-21,7.42,7.52,7.36,7.38,37732
2020-05-22,7.38,7.45,7.14,7.2,36988
2020-05-25,7.25,7.32,7.14,7.24,26387
2020-05-26,7.25,7.29,7.2,7.28,25372
2020-05-27,7.28,7.34,7.25,7.29,26823
2020-05-28,7.3,7.33,7.17,7.26,25230
2020-05-29,7.26,7.34,7.22,7.3,52596
2020-06-01,7.28,7.41,7.28,7.39,43838
2020-06-02,7.41,7.84,7.38,7.7,119089
2020-06-03,7.68,7.76,7.55,7.69,62645
2020-06-04,7.7,7.71,7.55,7.56,48325
2020-06-05,7.56,7.64,7.49,7.56,38204
2020-06-08,7.56,7.59,7.48,7.48,31287
2020-06-09,7.49,7.7,7.43,7.62,47471
2020-06-10,7.62,7.63,7.52,7.55,24653
2020-06-11,7.53,7.74,7.51,7.63,55172
2020-06-12,7.51,7.81,7.46,7.76,60555
2020-06-15,8.0,8.08,7.75,7.79,110487
2020-06-16,7.8,7.87,7.71,7.84,52359
2020-06-17,7.84,8.08,7.84,7.93,66779
2020-06-18,7.93,7.93,7.8,7.84,44384
2020-06-19,7.8,7.84,7.59,7.65,70778
2020-06-22,7.64,7.7,7.56,7.65,35863
2020-06-23,7.62,7.68,7.57,7.58,24157
2020-06-24,7.56,7.62,7.5,7.5,30635
2020-06-29,7.48,7.5,7.32,7.35,29400
2020-06-30,7.38,7.46,7.36,7.42,26651
2020-07-01,7.49,7.52,7.41,7.43,29491
2020-07-02,7.44,7.59,7.37,7.54,61131
2020-07-03,7.54,7.9,7.5,7.84,94273
2020-07-06,7.83,8.05,7.8,8.04,122723
2020-07-07,8.13,8.2,7.94,7.98,128988
2020-07-08,7.95,8.25,7.89,8.11,162335
2020-07-09,8.15,8.38,8.1,8.35,180276
2020-07-10,8.35,8.37,8.15,8.26,148129
2020-07-13,8.67,9.09,8.57,9.09,266872
2020-07-14,9.15,9.36,8.74,9.0,211550
2020-07-15,8.91,8.99,8.45,8.46,164460
2020-07-16,8.48,8.66,8.12,8.21,122629
2020-07-17,8.18,8.28,7.94,8.01,117686
2020-07-20,8.31,8.8,8.11,8.73,159837
2020-07-21,8.47,8.48,8.14,8.25,196168
2020-07-22,8.25,8.6,8.18,8.45,210383
2020-07-23,8.38,8.68,8.18,8.34,127048
2020-07-24,8.65,9.17,8.46,8.95,468046
2020-07-27,9.18,9.19,8.33,8.6,317479
2020-07-28,8.45,9.29,8.45,8.88,304370
2020-07-29,8.78,8.85,8.53,8.75,199876
2020-07-30,8.75,8.75,8.45,8.45,172871
2020-07-31,8.41,8.55,8.32,8.39,140075
2020-08-03,8.44,9.05,8.4,8.96,225091
2020-08-04,9.0,9.17,8.7,8.73,193798
2020-08-05,8.93,8.93,8.57,8.8,133410
2020-08-06,8.8,8.99,8.54,8.89,158375
2020-08-07,8.95,9.4,8.86,9.32,307302
2020-08-10,9.32,9.32,8.94,9.01,191317
2020-08-11,8.92,9.07,8.7,8.78,136808
2020-08-12,8.75,8.78,8.36,8.59,133428
2020-08-13,8.63,8.72,8.56,8.63,57438
2020-08-14,8.59,8.71,8.53,8.68,66877
2020-08-17,8.67,8.82,8.61,8.79,87093
2020-08-18,8.79,8.8,8.67,8.71,62177
2020-08-19,8.75,8.86,8.56,8.57,86626
2020-08-20,8.42,8.56,8.4,8.41,50252
2020-08-21,8.43,8.51,8.29,8.32,51960
2020-08-24,8.34,8.43,8.2,8.33,37655
2020-08-25,8.41,8.41,8.2,8.25,45459
2020-08-26,8.22,8.25,7.95,7.97,58352
2020-08-27,8.0,8.05,7.84,8.01,30218
2020-08-28,7.97,8.0,7.69,7.81,72442
2020-08-31,7.79,7.92,7.73,7.74,46551
2020-09-01,7.74,7.85,7.69,7.83,37274
2020-09-02,7.84,7.84,7.7,7.79,34008
2020-09-03,7.75,7.8,7.64,7.67,40571
2020-09-04,7.64,7.77,7.54,7.75,40765
2020-09-07,7.78,7.86,7.69,7.72,34223
2020-09-08,7.74,7.82,7.63,7.79,43167
2020-09-09,7.73,8.03,7.69,7.87,58427
2020-09-10,7.85,7.94,7.52,7.58,42832
2020-09-11,7.56,7.62,7.4,7.58,27820
2020-09-14,7.56,7.67,7.55,7.61,16077
2020-09-15,7.61,7.7,7.52,7.57,19661
2020-09-16,7.63,7.63,7.44,7.52,18610
2020-09-17,7.5,7.57,7.44,7.49,14541
2020-09-18,7.48,7.61,7.45,7.58,40101
2020-09-21,7.58,7.65,7.44,7.45,42433
2020-09-22,7.0,7.09,6.71,6.71,242430
2020-09-23,6.6,6.68,6.5,6.62,96438
2020-09-24,6.56,6.62,6.36,6.39,67757
2020-09-25,6.39,6.42,6.2,6.23,53866
2020-09-28,6.22,6.26,5.92,6.0,90226
2020-09-29,6.0,6.14,5.95,6.05,61690
2020-09-30,6.07,6.1,5.89,5.92,54635
2020-10-09,5.99,6.26,5.93,6.2,103878
2020-10-12,6.24,6.38,6.21,6.36,82976
2020-10-13,6.39,6.39,6.21,6.27,98940
2020-10-14,6.32,6.32,6.13,6.16,102787
2020-10-15,6.24,6.28,6.12,6.13,72130
2020-10-16,6.19,6.36,6.07,6.17,126993
2020-10-19,6.18,6.48,6.14,6.27,139966
2020-10-20,6.3,6.38,6.14,6.27,92825
2020-10-21,6.25,6.3,6.11,6.16,81120
2020-10-22,6.16,6.16,6.02,6.1,32570
2020-10-23,6.11,6.17,5.99,6.04,34711
2020-10-26,6.01,6.07,5.93,5.99,32552
2020-10-27,5.95,5.99,5.77,5.8,48104
2020-10-28,5.82,5.84,5.5,5.77,73958
2020-10-29,5.62,5.77,5.61,5.7,39489
2020-10-30,5.74,5.74,5.43,5.43,53733
2020-11-02,5.44,5.88,5.36,5.75,94464
2020-11-03,5.8,5.84,5.72,5.75,54477
2020-11-04,5.75,5.75,5.57,5.61,52115
2020-11-05,5.66,5.81,5.64,5.77,59243
2020-11-06,5.83,5.89,5.6,5.62,75057
2020-11-09,5.68,6.07,5.65,5.99,109911
2020-11-10,6.05,6.05,5.83,5.91,64816
2020-11-11,5.88,5.89,5.78,5.81,46002
2020-11-12,5.84,5.85,5.71,5.77,72874
2020-11-13,5.77,6.0,5.74,5.98,80398
2020-11-16,6.0,6.18,5.95,6.17,125639
2020-11-17,6.1,6.29,6.08,6.23,115366
2020-11-18,6.2,6.3,6.13,6.28,89571
2020-11-19,6.22,6.58,6.1,6.22,156669
2020-11-20,6.18,6.39,6.1,6.36,136144
2020-11-23,6.32,6.56,6.29,6.51,205192
2020-11-24,6.37,6.58,6.29,6.4,143063
2020-11-25,6.38,6.5,6.12,6.15,100431
2020-11-26,6.14,6.25,6.02,6.1,56861
2020-11-27,6.1,6.1,5.85,5.97,68909
2020-11-30,5.93,6.15,5.84,5.98,91413
2020-12-01,5.89,6.0,5.83,5.95,97203
2020-12-02,5.97,6.02,5.9,5.91,98503
2020-12-03,5.92,6.01,5.8,5.84,55169
2020-12-04,5.89,5.89,5.78,5.85,39495
2020-12-07,5.9,5.9,5.71,5.81,63001
2020-12-08,5.8,5.82,5.74,5.78,40007
2020-12-09,5.74,5.79,5.55,5.57,73651
2020-12-10,5.56,5.68,5.44,5.6,67088
2020-12-11,5.56,5.61,5.39,5.42,44552
2020-12-14,5.38,5.42,5.18,5.22,75053
2020-12-15,5.15,5.29,4.83,4.91,127805
2020-12-16,4.95,5.04,4.85,4.85,80322
2020-12-17,4.83,5.1,4.73,5.07,109907
2020-12-18,5.06,5.18,4.98,5.06,95895
2020-12-21,5.05,5.15,5.01,5.08,58374
2020-12-22,5.08,5.09,4.91,4.94,57925
2020-12-23,4.97,5.0,4.86,4.88,57722
2020-12-24,4.88,4.98,4.72,4.74,75683
2020-12-25,4.81,5.04,4.63,4.99,89690
2020-12-28,4.96,5.02,4.78,4.8,64077
2020-12-29,4.75,4.86,4.69,4.75,43984
2020-12-30,4.78,4.81,4.71,4.75,39156
2020-12-31,4.75,4.84,4.73,4.78,50006
2021-01-04,4.71,5.06,4.71,5.02,96443
2021-01-05,4.98,5.0,4.83,4.85,67836
2021-01-06,4.83,4.85,4.6,4.64,73799
2021-01-07,4.61,4.64,4.39,4.45,80609
2021-01-08,4.45,4.58,4.26,4.46,59617
2021-01-11,4.44,4.44,4.15,4.19,79770
2021-01-12,4.19,4.32,4.11,4.14,61053
2021-01-13,4.17,4.18,3.98,4.03,74047
2021-01-14,4.04,4.07,3.97,4.03,43600
2021-01-15,4.02,4.17,4.0,4.12,46460
2021-01-18,4.12,4.29,4.1,4.22,51204
2021-01-19,4.22,4.35,4.21,4.31,70188
2021-01-20,4.33,4.39,4.22,4.25,38345
2021-01-21,4.28,4.36,4.22,4.3,55137
2021-01-22,4.32,4.34,4.13,4.14,53931
2021-01-25,4.05,4.15,4.0,4.01,50681
2021-01-26,3.96,4.09,3.91,3.95,50649
2021-01-27,3.95,3.97,3.86,3.89,47025
2021-01-28,3.89,4.04,3.83,3.91,52266
2021-01-29,3.95,4.13,3.93,4.04,65828
2021-02-01,3.95,3.95,3.68,3.69,82567
2021-02-02,3.7,3.77,3.6,3.68,54299
2021-02-03,3.63,3.71,3.62,3.64,37162
2021-02-04,3.55,3.61,3.33,3.48,70271
2021-02-05,3.45,3.59,3.36,3.36,57485
2021-02-08,3.34,3.35,3.24,3.25,81961
2021-02-09,3.27,3.58,3.26,3.58,45540
2021-02-10,3.94,3.94,3.94,3.94,32334
2021-02-18,4.33,4.33,4.33,4.33,18469
2021-02-19,4.75,4.76,4.31,4.76,428169
2021-02-22,4.71,5.24,4.71,5.24,388056
2021-02-23,5.0,5.66,4.72,5.04,512993
2021-02-24,4.82,5.54,4.77,5.54,445880
2021-02-25,5.9,6.09,5.88,6.09,371771
2021-02-26,6.0,6.7,5.88,5.96,650705
2021-03-11,6.56,6.56,5.56,5.84,736505
2021-03-12,5.61,5.81,5.26,5.33,612837
2021-03-15,5.27,5.54,5.01,5.18,432856
2021-03-16,5.11,5.29,4.96,5.27,427540
2021-03-17,5.18,5.19,4.9,4.95,345501
2021-03-18,4.89,5.08,4.87,4.97,262410
2021-03-19,4.9,5.17,4.81,4.92,252883
2021-03-22,4.87,5.03,4.87,4.91,202081
2021-03-23,4.89,4.92,4.48,4.54,270803
2021-03-24,4.54,4.76,4.5,4.52,185791
2021-03-25,4.51,4.64,4.43,4.58,127842
2021-03-26,4.55,4.66,4.52,4.61,110821
2021-03-29,4.62,4.64,4.48,4.5,147577
2021-03-30,4.46,4.49,4.33,4.36,133449
2021-03-31,4.39,4.48,4.31,4.47,128606
2021-04-01,4.46,4.46,4.31,4.45,99477
2021-04-02,4.45,4.74,4.36,4.39,200463
2021-04-06,4.32,4.43,4.32,4.37,113166
2021-04-07,4.37,4.81,4.36,4.81,193325
2021-04-08,4.94,5.13,4.77,4.88,514910
2021-04-09,4.81,4.81,4.53,4.7,316935
2021-04-12,4.65,4.74,4.58,4.62,174958
2021-04-13,4.42,4.47,4.16,4.16,248857
2021-04-14,4.07,4.16,3.99,4.1,186047
2021-04-15,4.14,4.2,4.02,4.14,139824
2021-04-16,4.13,4.55,4.07,4.55,190277
2021-04-19,4.5,4.64,4.4,4.45,283152
2021-04-20,4.47,4.53,4.36,4.42,161359
2021-04-21,4.41,4.42,4.21,4.32,183068
2021-04-22,4.32,4.53,4.31,4.34,136546
2021-04-23,4.42,4.42,4.18,4.21,103579
2021-04-26,4.2,4.24,4.12,4.12,86942
2021-04-27,4.14,4.18,4.03,4.09,73236
2021-04-28,4.09,4.12,3.99,4.03,62268
2021-04-29,4.01,4.09,3.95,4.03,83562
2021-04-30,4.17,4.25,3.98,4.01,98013
2021-05-06,4.03,4.17,4.03,4.13,121970
2021-05-07,4.12,4.54,4.12,4.54,118609
2021-05-10,4.99,4.99,4.99,4.99,74173
2021-05-11,5.2,5.49,4.93,5.23,604733
2021-05-12,5.06,5.24,4.95,5.03,376245
2021-05-13,4.89,5.12,4.75,5.04,356781
2021-05-14,5.02,5.05,4.75,4.75,239956
2021-05-17,4.79,4.86,4.66,4.69,183334
2021-05-18,4.69,4.85,4.66,4.78,165169
2021-05-19,4.7,4.82,4.59,4.62,170322
2021-05-20,4.55,4.55,4.35,4.47,181196
2021-05-21,4.45,4.65,4.42,4.59,135493
2021-05-24,4.53,5.05,4.52,4.81,274553
2021-05-25,4.78,4.78,4.66,4.69,180883
2021-05-26,4.68,4.83,4.63,4.79,193034
2021-05-27,4.74,4.81,4.72,4.73,119845
2021-05-28,4.77,5.0,4.73,4.84,307271
2021-05-31,4.84,4.92,4.77,4.86,183979
2021-06-01,4.86,4.87,4.71,4.87,141071
2021-06-02,4.83,4.92,4.73,4.74,118305
2021-06-03,4.75,4.81,4.65,4.66,114673
2021-06-04,4.64,4.82,4.58,4.79,124565
2021-06-07,4.82,4.85,4.67,4.7,105898
2021-06-08,4.69,5.17,4.63,5.17,365798
2021-06-09,5.32,5.53,5.0,5.16,490681
2021-06-10,5.21,5.47,5.2,5.25,417313
2021-06-11,5.25,5.43,5.2,5.3,288796
2021-06-15,5.26,5.47,5.22,5.42,271509
2021-06-16,5.42,5.52,5.24,5.29,199999
2021-06-17,5.26,5.82,5.22,5.82,386367
2021-06-18,5.73,5.85,5.53,5.58,349225
2021-06-21,5.58,5.59,5.41,5.5,216652
2021-06-22,5.48,5.59,5.25,5.32,242513
2021-06-23,5.31,5.55,5.26,5.34,240930
2021-06-24,5.33,5.33,5.09,5.09,171509
2021-06-25,5.08,5.18,5.05,5.09,129453
2021-06-28,5.1,5.2,5.0,5.12,160852
2021-06-29,5.12,5.19,4.89,4.9,132376
2021-06-30,4.9,5.02,4.84,4.93,93143
2021-07-01,4.96,4.96,4.74,4.75,109053
2021-07-02,4.75,4.89,4.75,4.84,85824
2021-07-05,4.85,5.1,4.85,5.09,134487
2021-07-06,5.1,5.15,5.0,5.07,110352
2021-07-07,5.07,5.18,5.02,5.14,117710
2021-07-08,5.14,5.32,5.11,5.21,129277
2021-07-09,5.18,5.73,5.15,5.73,321039
2021-07-12,5.7,5.76,5.41,5.51,360769
2021-07-13,5.5,5.53,5.28,5.37,163434
2021-07-14,5.35,5.47,5.24,5.33,156687
2021-07-15,5.3,5.43,5.13,5.4,171837
2021-07-16,5.37,5.76,5.3,5.59,240943
2021-07-19,5.67,5.96,5.49,5.8,282318
2021-07-20,5.65,5.9,5.53,5.83,204995
2021-07-21,5.94,6.41,5.85,6.41,218898
2021-07-22,6.6,6.73,6.1,6.2,473852
2021-07-23,6.12,6.65,6.08,6.29,334193
2021-07-26,6.3,6.49,6.14,6.39,272347
2021-07-27,6.4,6.65,6.05,6.1,321397
2021-07-28,5.9,6.22,5.68,6.07,254183
2021-07-29,6.2,6.4,6.12,6.28,200726
2021-07-30,6.28,6.34,6.01,6.24,202585
2021-08-02,6.19,6.28,6.01,6.15,154325
2021-08-03,6.12,6.16,5.9,5.94,139811
2021-08-04,5.85,6.05,5.85,6.04,110053
2021-08-05,6.01,6.02,5.87,5.93,90536
2021-08-06,5.93,6.52,5.92,6.4,290296
2021-08-09,6.42,6.86,6.27,6.72,263910
2021-08-10,6.7,6.91,6.55,6.73,204750
2021-08-11,6.85,7.01,6.74,6.8,170177
2021-08-12,6.75,7.06,6.71,6.96,159778
2021-08-13,7.0,7.06,6.85,6.92,128086
2021-08-16,6.92,6.99,6.6,6.62,132763
2021-08-17,6.66,6.7,6.37,6.39,117104
2021-08-18,6.53,6.54,6.35,6.44,105683
2021-08-19,6.55,6.55,6.21,6.32,85376
2021-08-20,6.26,6.45,6.12,6.4,105495
2021-08-23,6.45,6.69,6.41,6.56,100273
2021-08-24,6.55,7.22,6.52,6.89,232422
2021-08-25,7.03,7.46,6.81,7.3,267006
2021-08-26,7.32,7.41,7.2,7.25,182157
2021-08-27,7.17,7.5,7.17,7.25,145052
2021-08-30,7.36,7.68,7.23,7.35,149364
2021-08-31,6.99,7.66,6.95,7.57,242182
2021-09-01,7.64,8.21,7.11,7.2,269107
2021-09-02,7.27,7.36,7.05,7.2,202925
2021-09-03,7.13,7.27,6.73,6.96,245235
2021-09-06,6.94,7.0,6.67,6.85,134411
2021-09-07,6.87,7.12,6.74,7.12,211369
2021-09-08,7.13,7.43,7.1,7.29,249399
2021-09-09,7.3,7.3,6.96,7.07,181169
2021-09-10,7.07,7.36,6.86,6.91,226216
2021-09-13,6.91,7.26,6.88,7.24,225548
2021-09-14,7.12,7.21,6.87,6.88,237134
2021-09-15,6.93,7.13,6.63,7.08,220082
2021-09-16,7.06,7.37,6.81,6.83,232399
2021-09-17,6.84,6.89,6.3,6.46,207034
2021-09-22,6.3,6.55,6.27,6.45,107508
2021-09-23,6.5,6.63,6.3,6.38,99217
2021-09-24,6.46,6.46,6.01,6.04,138205
2021-09-27,6.04,6.11,5.63,5.76,140742
2021-09-28,5.74,5.9,5.55,5.73,96293
2021-09-29,5.73,5.81,5.57,5.58,80473
2021-09-30,5.5,5.69,5.5,5.65,54622
2021-10-08,5.69,5.88,5.68,5.73,69465
2021-10-11,5.74,5.79,5.63,5.67,69242
2021-10-12,5.66,5.72,5.58,5.68,63125
2021-10-13,5.68,5.7,5.55,5.63,67568
2021-10-14,5.82,6.19,5.76,5.85,215949
2021-10-15,6.01,6.01,5.55,5.56,203305
2021-10-18,5.53,5.8,5.53,5.75,164716
2021-10-19,5.69,5.82,5.63,5.67,96070
2021-10-20,5.59,5.65,5.56,5.61,67823
2021-10-21,5.6,5.66,5.47,5.51,71763
2021-10-22,5.51,5.51,5.21,5.25,93907
2021-10-25,5.25,5.34,5.12,5.29,80286
2021-10-26,5.27,5.34,5.2,5.33,75543
2021-10-27,5.31,5.5,5.31,5.45,84316
2021-10-28,5.41,5.47,5.24,5.29,74185
2021-10-29,5.29,5.82,5.29,5.82,194550
2021-11-01,5.99,6.4,5.8,6.4,296189
2021-11-02,6.4,6.6,6.19,6.21,309699
2021-11-03,6.35,6.48,6.22,6.48,218479
2021-11-04,6.39,6.81,6.34,6.75,196477
2021-11-05,6.68,7.23,6.66,7.02,257213
2021-11-08,7.0,7.2,6.66,7.09,224693
2021-11-09,7.09,7.22,6.93,7.15,148376
2021-11-10,7.2,7.55,7.07,7.5,249075
2021-11-11,7.36,7.6,7.26,7.41,162119
2021-11-12,7.55,7.84,7.41,7.43,253804
2021-11-15,7.48,7.52,7.03,7.35,258789
2021-11-16,7.46,7.55,7.3,7.36,126488
2021-11-17,7.45,7.46,7.3,7.42,91199
2021-11-18,7.39,7.51,7.32,7.32,87953
2021-11-19,7.48,7.56,7.23,7.25,113836
2021-11-22,7.27,7.45,7.23,7.34,96991
2021-11-23,7.39,8.07,7.35,8.07,124480
2021-11-24,8.11,8.55,7.66,7.74,354864
2021-11-25,7.75,7.78,7.52,7.53,170428
2021-11-26,7.61,8.07,7.61,7.7,215858
2021-11-29,7.6,7.82,7.5,7.77,142085
2021-11-30,7.77,7.89,7.6,7.61,112453
2021-12-01,7.63,7.85,7.4,7.84,140164
2021-12-02,7.8,7.91,7.63,7.71,80759
2021-12-03,7.71,7.85,7.54,7.72,74839
2021-12-06,7.75,7.99,7.4,7.62,141915
2021-12-07,7.7,7.73,7.27,7.38,120144
2021-12-08,7.38,7.83,7.31,7.67,138216
2021-12-09,7.73,7.75,7.4,7.61,103902
2021-12-10,7.64,8.18,7.55,7.93,149178
2021-12-13,7.95,8.2,7.73,7.79,121368
2021-12-14,7.86,7.92,7.67,7.9,76468
2021-12-15,7.9,8.21,7.11,7.24,420868
2021-12-16,7.1,7.44,7.0,7.25,211616
2021-12-17,7.25,7.29,7.08,7.09,99055
2021-12-20,7.17,7.33,6.9,6.94,114747
2021-12-21,6.94,7.03,6.85,7.0,67764
2021-12-22,7.04,7.06,6.92,6.94,66957
2021-12-23,6.93,6.99,6.77,6.86,79059
2021-12-24,6.86,6.88,6.69,6.73,72479
2021-12-27,6.69,6.82,6.51,6.74,68381
2021-12-28,6.75,6.75,6.59,6.67,52709
2021-12-29,6.68,6.73,6.58,6.63,45523
2021-12-30,6.65,6.69,6.6,6.64,50912
2021-12-31,6.66,6.68,6.59,6.61,58134
2022-01-04,6.64,7.18,6.61,6.97,127975
2022-01-05,6.98,7.2,6.87,7.07,132304
2022-01-06,7.07,7.21,6.99,7.17,85383
2022-01-07,7.89,7.89,7.89,7.89,36442
2022-01-10,8.68,8.68,8.59,8.68,267052
2022-01-11,9.49,9.55,8.6,9.55,988036
2022-01-12,9.38,10.51,9.38,10.51,402222
2022-01-13,10.52,11.39,9.46,10.08,1055663
2022-01-14,10.1,10.58,9.62,9.88,827144
2022-01-17,10.05,10.87,9.95,10.65,841839
2022-01-18,10.65,11.25,10.37,10.7,661241
2022-01-19,10.31,10.9,10.14,10.48,514554
2022-01-20,10.3,11.53,10.3,11.53,470466
2022-01-21,11.8,12.68,11.68,12.68,418045
2022-01-24,13.24,13.7,11.41,12.19,960696
2022-01-25,11.78,12.34,10.97,10.98,595994
2022-01-26,11.3,12.08,11.3,12.08,412840
2022-01-27,12.3,12.37,11.35,11.59,625458
2022-01-28,12.0,12.34,10.88,11.4,424422
2022-02-07,11.8,12.33,11.6,11.83,442774
2022-02-08,11.9,12.31,10.99,12.09,373587
2022-02-09,11.94,13.3,11.82,13.3,373071
2022-02-10,13.7,14.63,13.29,13.88,772179
2022-02-11,13.59,14.88,13.45,14.25,602490
2022-02-14,13.97,14.66,13.3,13.6,456322
2022-02-15,13.6,13.85,13.03,13.7,277218
2022-02-16,13.65,13.9,13.15,13.27,303454
2022-02-17,13.3,14.6,13.18,14.6,563754
2022-02-18,14.7,15.1,14.32,14.51,484769
2022-02-21,14.38,15.66,14.2,15.35,474262
2022-02-22,15.56,16.4,14.77,16.12,446068
2022-02-23,16.04,17.73,15.9,17.73,454845
2022-02-24,17.6,19.4,16.44,17.71,740453
2022-02-25,18.1,19.48,17.88,19.48,623875
2022-02-28,19.7,21.43,19.1,21.43,581578
2022-03-01,22.1,23.5,21.4,23.0,834800
2022-03-02,22.54,23.21,20.9,22.11,638146
2022-03-03,22.0,22.16,20.22,20.94,632824
2022-03-04,20.9,21.99,20.39,21.3,591720
2022-03-07,20.65,23.0,20.51,22.48,530768
2022-03-08,22.0,24.73,21.21,23.63,782294
2022-03-09,23.28,25.99,23.2,25.99,675815
2022-03-10,26.5,27.14,23.39,23.39,854858
2022-03-11,21.05,21.05,21.05,21.05,49493
2022-03-14,18.95,23.15,18.95,22.7,822066
2022-03-15,20.83,21.97,20.43,20.43,562052
2022-03-16,19.82,21.22,18.4,19.46,545017
2022-03-17,18.95,19.99,18.4,18.7,542859
2022-03-18,18.8,20.0,17.97,19.5,539576
2022-03-21,19.31,19.93,18.77,19.48,365319
2022-03-22,21.2,21.43,20.5,21.43,351850
2022-03-23,22.43,23.57,22.39,23.57,393043
2022-03-24,23.99,25.93,23.06,24.98,682145
2022-03-25,24.98,27.48,24.9,27.48,473972
2022-03-28,26.93,27.84,24.73,24.73,500528
2022-03-29,23.84,26.71,23.84,25.5,446174
2022-03-30,25.5,26.09,23.81,24.88,351008
2022-03-31,26.33,27.37,25.59,27.37,475194
2022-04-01,26.92,28.88,24.63,25.6,556426
2022-04-06,25.14,25.49,23.8,24.71,440751
2022-04-07,24.35,26.2,23.95,25.75,366492
2022-04-08,25.15,25.5,23.18,23.28,360935
2022-04-11,22.6,23.7,22.3,22.8,231515
2022-04-12,22.51,24.1,22.2,24.09,279573
2022-04-13,23.79,26.5,23.26,26.0,540211
2022-04-14,26.0,26.17,23.88,25.82,340670
2022-04-15,25.8,26.1,24.19,25.22,247928
2022-04-18,25.0,27.6,24.58,27.0,320274
2022-04-19,26.65,28.49,26.38,27.41,496893
2022-04-20,27.0,28.18,24.67,24.67,369568
2022-04-21,24.18,24.7,22.2,22.2,323710
2022-04-22,21.2,22.25,20.6,20.81,276451
2022-04-25,20.38,20.8,18.73,18.73,276589
2022-04-26,18.4,18.92,16.86,17.07,344421
2022-04-27,16.68,18.78,16.58,18.78,311070
2022-04-28,19.47,20.48,19.0,19.93,390481
2022-04-29,19.92,21.68,19.02,20.88,358442
2022-05-05,20.5,20.5,19.31,19.75,290640
2022-05-06,18.9,20.36,18.79,19.45,204806
2022-05-09,19.2,19.88,18.9,19.51,146934
2022-05-10,19.09,20.17,19.0,20.0,177956
2022-05-11,19.75,21.3,19.75,20.42,262668
2022-05-12,19.91,20.5,19.17,19.58,230010
2022-05-13,19.85,19.89,19.07,19.38,166159
2022-05-16,19.5,20.8,19.5,19.85,234302
2022-05-17,19.93,21.84,19.61,21.84,216557
2022-05-18,22.9,23.18,21.37,22.2,438186
2022-05-19,21.75,22.8,21.53,22.35,270699
2022-05-20,22.69,23.36,22.26,23.25,350544
2022-05-23,23.2,24.34,22.62,23.85,290369
2022-05-24,23.8,24.0,22.5,22.63,246238
2022-05-25,22.88,22.99,21.75,22.49,192722
2022-05-26,22.4,22.49,21.39,22.1,162903
2022-05-27,22.59,22.68,21.45,21.88,147099
2022-05-30,21.88,21.88,21.0,21.28,160062
2022-05-31,21.3,21.86,19.86,21.76,255741
2022-06-01,21.75,22.2,20.9,21.18,149052
2022-06-02,20.82,21.63,20.5,20.53,154599
2022-06-06,20.48,22.35,20.35,21.9,225593
2022-06-07,22.18,22.24,21.2,21.31,164681
2022-06-08,21.33,23.44,21.33,23.44,377922
2022-06-09,22.66,23.33,22.03,22.73,335388
2022-06-10,22.73,24.78,22.16,24.46,348963
2022-06-13,24.07,25.34,24.06,24.85,264999
2022-06-14,24.85,24.89,23.4,24.68,254265
2022-06-15,24.7,24.99,23.81,24.0,207721
2022-06-16,24.24,25.83,23.86,25.15,209946
2022-06-17,25.5,26.27,24.9,25.86,218366
2022-06-20,25.88,25.97,24.5,25.26,203076
2022-06-21,25.26,25.4,24.55,25.33,146475
2022-06-22,25.0,27.19,25.0,26.4,314735
2022-06-23,26.2,27.29,25.6,26.83,195479
2022-06-24,26.83,27.39,26.49,26.85,142495
2022-06-27,27.4,29.5,26.57,29.0,268936
2022-06-28,29.16,29.16,26.1,26.7,433050
2022-06-29,27.0,27.0,24.03,24.38,326792
2022-06-30,24.0,25.3,23.8,24.91,214899
2022-07-01,24.82,25.85,24.62,25.02,176157
2022-07-04,25.19,25.23,23.25,24.34,179086
2022-07-05,24.19,25.2,24.05,25.06,170937
2022-07-06,24.55,25.13,24.25,24.69,131057
2022-07-07,24.88,25.57,24.3,25.25,149038
2022-07-08,25.1,25.2,24.45,24.55,141654
2022-07-11,24.56,24.76,23.3,23.83,121975
2022-07-12,23.58,24.18,22.99,23.3,108557
2022-07-13,23.46,23.52,21.88,23.15,178453
2022-07-14,23.0,24.1,22.88,23.34,151921
2022-07-15,22.99,24.2,22.26,22.73,166150
2022-07-18,22.83,23.25,21.4,21.66,281621
2022-07-19,21.38,22.25,20.88,22.03,205689
2022-07-20,21.9,22.78,21.7,22.2,136128
2022-07-21,22.3,22.35,21.0,21.07,176168
2022-07-22,21.05,21.24,20.27,20.6,130540
2022-07-25,21.01,22.66,21.01,22.66,311010
2022-07-26,22.99,23.98,22.45,22.66,366082
2022-07-27,22.73,23.56,22.22,23.03,190983
2022-07-28,22.9,22.9,21.84,22.16,209505
2022-07-29,22.12,22.33,21.4,21.4,131114
2022-08-01,21.3,21.6,20.68,20.9,159227
2022-08-02,20.9,20.91,18.81,19.33,259101
2022-08-03,19.35,20.43,19.05,19.5,183162
2022-08-04,19.5,20.26,19.11,19.85,150897
2022-08-05,19.61,19.9,18.99,19.63,155212
2022-08-08,19.58,21.4,19.3,21.06,226777
2022-08-09,21.05,21.3,20.4,20.87,116585
2022-08-10,20.71,21.59,20.71,20.78,136493
2022-08-11,20.84,21.38,20.18,20.63,110356
2022-08-12,20.6,21.06,19.98,20.04,112926
2022-08-15,19.87,20.76,19.87,20.2,104609
2022-08-16,20.1,20.53,19.92,20.12,93688
2022-08-17,20.21,20.32,19.64,19.81,95565
2022-08-18,19.81,19.94,19.18,19.32,121725
2022-08-19,19.31,19.6,18.82,18.89,154510
2022-08-22,18.84,20.27,18.31,20.15,234575
2022-08-23,20.1,20.25,19.41,19.54,128786
2022-08-24,19.6,19.68,18.62,18.7,113863
2022-08-25,18.73,19.07,18.4,18.84,77643
2022-08-26,18.95,19.81,18.87,19.21,132062
2022-08-29,18.56,19.29,18.4,19.11,111605
2022-08-30,19.04,19.49,18.82,19.2,87081
2022-08-31,19.0,19.54,18.48,19.0,110275
2022-09-01,18.99,19.05,18.4,18.49,72148
2022-09-02,18.3,18.6,17.48,18.5,114774
2022-09-05,18.17,18.44,17.49,17.86,144301
2022-09-06,17.97,18.95,17.8,18.4,156487
2022-09-07,18.42,18.55,18.04,18.11,119081
2022-09-08,18.3,18.3,17.67,17.76,72930
2022-09-09,17.97,18.88,17.74,18.54,164760
2022-09-13,18.5,19.99,18.44,19.5,226863
2022-09-14,19.2,21.45,19.09,20.3,326077
2022-09-15,20.88,20.97,19.02,19.26,290553
2022-09-16,19.04,19.2,18.11,18.5,159023
2022-09-19,18.6,18.79,17.99,18.22,110213
2022-09-20,18.39,20.02,18.39,19.42,196189
2022-09-21,19.18,19.75,19.06,19.46,140489
2022-09-22,19.16,19.6,19.02,19.3,128832
2022-09-23,19.28,19.56,18.51,18.94,127327
2022-09-26,18.81,19.11,18.23,18.32,105516
2022-09-27,18.53,18.99,18.2,18.93,110548
2022-09-28,18.93,18.93,17.99,17.99,93730
2022-09-29,18.26,18.36,16.78,16.9,144458
2022-09-30,17.01,17.75,16.99,17.33,142569
2022-10-10,17.42,17.88,16.71,17.25,105375
2022-10-11,17.34,18.32,17.18,17.97,105578
2022-10-12,18.03,18.77,16.98,18.61,171369
2022-10-13,18.4,18.99,18.18,18.45,123749
2022-10-14,18.2,18.27,17.5,17.86,188516
2022-10-17,17.52,17.64,17.17,17.49,104342
2022-10-18,17.49,17.79,17.24,17.33,89078
2022-10-19,17.4,17.59,17.1,17.17,68037
2022-10-20,16.99,17.06,16.7,16.78,84809
2022-10-21,16.8,16.91,16.2,16.29,89167
2022-10-24,16.43,16.69,15.18,15.21,160365
2022-10-25,15.14,15.2,14.45,14.91,159223
2022-10-26,15.0,15.65,15.0,15.44,140636
2022-10-27,15.43,15.63,14.9,14.95,127616
2022-10-28,14.5,14.84,14.09,14.14,142563
2022-10-31,14.09,14.64,13.95,14.48,110293
2022-11-01,14.5,15.35,14.49,15.21,143699
2022-11-02,15.21,15.52,15.06,15.35,99060
2022-11-03,15.21,15.7,15.1,15.4,75987
2022-11-04,15.48,16.36,15.48,16.3,159771
2022-11-07,16.4,17.62,16.35,17.56,226856
2022-11-08,17.4,18.14,17.35,17.76,229758
2022-11-09,17.88,17.99,17.19,17.26,129373
2022-11-10,17.3,17.35,16.7,16.86,113085
2022-11-11,17.22,17.55,16.58,16.59,107906
2022-11-14,16.71,16.84,16.09,16.21,99814
2022-11-15,16.2,16.49,16.03,16.39,69660
2022-11-16,16.5,16.5,16.02,16.09,75117
2022-11-17,16.12,16.19,15.68,15.86,73270
2022-11-18,15.81,16.0,15.39,15.46,84851
2022-11-21,15.49,15.65,15.25,15.45,62565
2022-11-22,15.39,15.47,15.03,15.08,80457
2022-11-23,15.2,15.39,14.91,15.18,71242
2022-11-24,15.27,15.56,15.11,15.43,90334
2022-11-25,15.33,15.42,15.03,15.05,60115
2022-11-28,15.1,15.1,14.7,14.98,59774
2022-11-29,15.03,15.43,15.03,15.4,65786
2022-11-30,15.44,15.65,15.22,15.28,82354
2022-12-01,15.41,15.59,15.3,15.5,84589
2022-12-02,15.51,16.1,15.43,15.67,99301
2022-12-05,15.69,15.86,15.51,15.6,63787
2022-12-06,15.55,15.82,15.32,15.61,66834
2022-12-07,15.61,15.89,15.3,15.44,84931
2022-12-08,15.39,15.59,15.23,15.27,55691
2022-12-09,15.25,15.36,15.15,15.31,59422
2022-12-12,15.33,15.33,14.81,14.84,70596
2022-12-13,14.84,15.45,14.79,15.05,101557
2022-12-14,15.05,15.24,14.76,14.83,63208
2022-12-15,14.78,15.0,14.55,14.96,57357
2022-12-16,14.86,14.99,14.44,14.5,58072
2022-12-19,14.4,14.87,14.3,14.39,64633
2022-12-20,14.34,14.46,14.13,14.38,46105
2022-12-21,14.36,14.45,14.01,14.09,52501
2022-12-22,14.05,14.2,13.47,13.55,74421
2022-12-23,13.49,13.64,13.28,13.52,52592
2022-12-26,13.57,13.75,13.04,13.75,87906
2022-12-27,13.81,14.77,13.74,14.59,147662
2022-12-28,14.45,14.67,14.03,14.28,112454
2022-12-29,14.24,14.6,14.16,14.3,87679
2022-12-30,14.29,14.53,12.87,13.8,99675
2023-01-03,13.83,14.59,13.81,14.57,126636
2023-01-04,14.34,14.5,13.72,13.88,120419
2023-01-05,13.99,14.45,13.8,14.2,99748
2023-01-06,14.11,14.85,14.08,14.56,126575
2023-01-09,14.57,14.81,14.43,14.55,90530
2023-01-10,14.57,14.7,14.28,14.47,71643
2023-01-11,14.54,14.75,14.35,14.39,79417
2023-01-12,14.41,14.66,14.26,14.37,61989
2023-01-13,14.52,14.58,14.11,14.23,59395
2023-01-16,14.98,15.65,14.74,15.65,168722
2023-01-17,16.0,16.26,15.43,15.5,356432
2023-01-18,15.58,16.17,15.21,15.98,248003
2023-01-19,15.98,16.1,15.42,15.51,191237
2023-01-20,15.54,15.75,15.39,15.58,154018
2023-01-30,15.86,16.34,15.82,15.99,207281
2023-01-31,16.0,17.04,15.96,16.73,252578
2023-02-01,16.6,17.68,16.59,17.25,286756
2023-02-02,17.0,17.48,16.98,17.04,189708
2023-02-03,17.05,17.22,16.71,17.21,147668
2023-02-06,17.19,17.19,16.56,16.57,144799
2023-02-07,16.67,16.99,16.53,16.93,113728
2023-02-08,16.99,17.28,16.69,16.94,122621
2023-02-09,16.95,17.07,16.82,17.07,89574
2023-02-10,17.0,17.03,16.54,16.71,95568
2023-02-13,15.56,16.4,15.56,16.24,197740
2023-02-14,16.32,16.65,16.14,16.16,122250
2023-02-15,16.16,16.38,15.78,15.87,118212
2023-02-16,15.96,15.97,14.92,15.14,158097
2023-02-17,15.12,15.4,15.07,15.13,76224
2023-02-20,15.08,15.18,14.67,15.17,106837
2023-02-21,15.17,15.52,15.15,15.4,92530
2023-02-22,15.39,15.39,15.0,15.1,75848
2023-02-23,15.1,15.27,15.05,15.19,52873
2023-02-24,15.19,15.19,14.83,14.98,56469
2023-02-27,14.99,15.09,14.77,14.79,64455
2023-02-28,14.72,15.01,14.72,14.96,50642
2023-03-01,14.94,15.07,14.9,14.97,59978
2023-03-02,14.94,14.96,14.61,14.73,75472
2023-03-03,14.7,14.8,14.6,14.67,49706
2023-03-06,14.7,14.84,14.6,14.8,62346
2023-03-07,14.87,14.87,14.42,14.42,49382
2023-03-08,14.42,14.53,14.31,14.47,33036
2023-03-09,14.71,14.74,14.47,14.64,46226
2023-03-10,14.64,14.64,14.18,14.19,51775
2023-03-13,14.42,15.0,14.41,14.78,131950
2023-03-14,14.82,14.87,14.0,14.24,124418
2023-03-15,14.15,14.4,13.99,14.03,96843
2023-03-16,14.03,14.06,13.48,13.55,120788
2023-03-17,13.63,13.85,13.38,13.46,83041
2023-03-20,13.46,13.64,13.2,13.57,80770
2023-03-21,13.58,13.8,13.49,13.8,60179
2023-03-22,13.85,14.27,13.8,14.04,78550
2023-03-23,13.99,14.0,13.85,13.91,52078
2023-03-24,13.78,13.89,13.49,13.58,85200
2023-03-27,13.55,13.57,13.28,13.44,72578
2023-03-28,13.43,13.44,13.03,13.04,80691
2023-03-29,13.07,13.34,13.06,13.26,84451
2023-03-30,13.47,14.24,13.41,13.79,227540
2023-03-31,13.6,13.74,13.4,13.58,148568
2023-04-03,13.57,13.75,13.36,13.7,121910
2023-04-04,13.67,13.67,13.16,13.23,134326
2023-04-06,13.08,13.33,13.06,13.18,90322
2023-04-07,13.16,13.27,13.05,13.08,79730
2023-04-10,13.1,13.13,12.8,12.88,130596
2023-04-11,12.95,13.27,12.72,13.27,125105
2023-04-12,13.3,13.34,12.93,13.03,102946
2023-04-13,12.95,13.14,12.8,12.82,83192
2023-04-14,12.89,13.15,12.8,13.09,114094
2023-04-17,13.1,13.12,12.92,13.04,79198
2023-04-18,12.97,13.2,12.83,12.9,100020
2023-04-19,12.89,12.97,12.67,12.93,96011
2023-04-20,12.81,12.85,12.37,12.59,89736
2023-04-21,12.54,12.79,12.19,12.22,71808
2023-04-24,12.16,12.36,11.97,12.19,63585
2023-04-25,12.18,12.23,11.35,11.46,130363
2023-04-26,11.59,12.05,11.45,11.88,124783
2023-04-27,11.92,12.04,11.76,11.8,65144
2023-04-28,11.69,11.83,11.5,11.58,122300
2023-05-04,11.61,11.75,11.51,11.55,90843
2023-05-05,11.5,11.59,11.1,11.2,95201
2023-05-08,11.24,11.46,11.22,11.33,82073
2023-05-09,11.35,11.55,11.18,11.33,111477
2023-05-10,11.32,11.57,11.25,11.46,85080
2023-05-11,11.56,11.68,11.36,11.64,83760
2023-05-12,11.58,11.69,11.17,11.19,124629
2023-05-15,10.85,11.22,10.71,11.22,120239
2023-05-16,11.17,11.19,10.84,10.9,98219
2023-05-17,10.82,10.94,10.75,10.94,56761
2023-05-18,10.93,11.0,10.77,10.82,55634
2023-05-19,10.8,10.91,10.61,10.87,56368
2023-05-22,10.86,10.86,10.68,10.78,58834
2023-05-23,10.75,10.94,10.71,10.74,74650
2023-05-24,10.63,10.77,10.43,10.66,62952
2023-05-25,10.6,10.67,10.46,10.52,52597
2023-05-26,10.45,10.49,10.28,10.39,64727
2023-05-29,10.39,10.48,10.25,10.29,56259
2023-05-30,10.2,10.32,10.13,10.23,51287
2023-05-31,10.22,10.34,10.15,10.19,56751
2023-06-01,10.18,10.47,10.11,10.39,62409
2023-06-02,10.39,11.43,10.39,11.43,113205
2023-06-05,11.99,12.23,11.6,11.9,452393
2023-06-06,11.92,12.85,11.72,12.32,414337
2023-06-07,12.14,12.55,11.9,11.93,249665
2023-06-08,12.1,12.5,12.1,12.18,270703
2023-06-09,12.0,12.39,11.86,12.09,227793
2023-06-12,12.09,12.2,11.9,12.17,159179
2023-06-13,12.25,12.55,12.22,12.31,180432
2023-06-14,12.47,12.47,12.1,12.13,155485
2023-06-15,12.1,12.23,11.91,12.22,141832
2023-06-16,12.22,12.32,12.13,12.2,116977
2023-06-19,12.2,12.23,11.98,12.03,95477
2023-06-20,12.02,12.07,11.82,11.84,86480
2023-06-21,11.8,11.99,11.54,11.58,83333
2023-06-26,11.44,11.58,11.18,11.2,99345
2023-06-27,11.21,11.45,11.2,11.37,72836
2023-06-28,11.37,11.42,11.05,11.15,64388
2023-06-29,11.14,11.29,11.05,11.16,62767
2023-06-30,11.17,11.71,11.16,11.57,128329
2023-07-03,11.61,12.01,11.6,11.7,118018
2023-07-04,11.76,11.9,11.57,11.8,89082
2023-07-05,11.83,12.18,11.69,12.18,213906
2023-07-06,12.26,12.26,11.66,11.76,187636
2023-07-07,11.67,11.78,11.45,11.69,112811
2023-07-10,11.69,12.22,11.69,11.81,115451
2023-07-11,11.94,11.94,11.61,11.82,73564
2023-07-12,11.72,11.84,11.6,11.64,70946
2023-07-13,11.73,11.92,11.7,11.8,70082
2023-07-14,11.6,11.74,11.34,11.39,116298
2023-07-17,11.39,11.39,11.08,11.15,60988
2023-07-18,11.15,11.38,11.11,11.29,61835
2023-07-19,11.3,11.35,11.13,11.26,42620
2023-07-20,11.26,11.4,11.18,11.18,51938
2023-07-21,11.12,11.27,10.92,11.12,48775
2023-07-24,11.12,11.13,10.86,10.91,54858
2023-07-25,11.02,11.28,11.02,11.27,74392
2023-07-26,11.3,11.34,11.19,11.25,50470
2023-07-27,11.24,11.31,11.1,11.12,37177
2023-07-28,11.1,11.28,10.98,11.28,53221
2023-07-31,11.34,11.58,11.31,11.57,74468
2023-08-01,11.6,11.64,11.48,11.62,61352
2023-08-02,11.68,11.96,11.58,11.72,85029
2023-08-03,11.62,11.76,11.5,11.6,52206
2023-08-04,11.6,11.73,11.53,11.59,53621
2023-08-07,11.59,11.67,11.52,11.54,36127
2023-08-08,11.53,11.65,11.39,11.63,46999
2023-08-09,11.55,11.63,11.48,11.55,32577
2023-08-10,11.6,11.65,11.43,11.43,46620
2023-08-11,11.45,11.54,11.2,11.23,46949
2023-08-14,11.16,11.48,10.94,11.48,77891
2023-08-15,11.5,11.56,10.92,11.05,82560
2023-08-16,11.05,11.27,10.92,11.0,42723
2023-08-17,10.95,11.11,10.73,11.07,43154
2023-08-18,10.96,11.1,10.63,10.65,52628
2023-08-21,10.65,10.81,10.46,10.47,47636
2023-08-22,10.51,10.63,10.3,10.57,50054
2023-08-23,10.54,10.62,10.38,10.44,40954
2023-08-24,10.51,10.64,10.25,10.42,40108
2023-08-25,10.48,10.49,10.25,10.27,48700
2023-08-28,10.8,10.83,10.03,10.06,88790
2023-08-29,10.04,10.25,10.03,10.23,70139
2023-08-30,10.26,10.4,10.12,10.2,55193
2023-08-31,10.21,10.22,9.74,9.82,86528
2023-09-01,9.9,9.91,9.73,9.86,45218
2023-09-04,9.87,10.85,9.8,10.85,154999
2023-09-05,11.0,11.08,10.79,10.88,265683
2023-09-06,10.82,10.82,10.59,10.72,130386
2023-09-07,10.72,10.72,10.34,10.37,95597
2023-09-08,10.45,10.51,10.14,10.25,67675
2023-09-11,10.23,10.37,10.08,10.31,80658
2023-09-12,10.26,10.73,10.21,10.39,139407
2023-09-13,10.38,10.38,10.1,10.19,75442
2023-09-14,10.18,10.19,10.01,10.06,46850
2023-09-15,10.16,10.57,10.1,10.26,106713
2023-09-18,10.14,10.47,10.02,10.3,79253
2023-09-19,10.24,10.24,10.03,10.04,62263
2023-09-20,10.04,10.08,9.83,9.86,61870
2023-09-21,9.86,9.96,9.79,9.86,39606
2023-09-22,9.95,10.02,9.82,10.0,46415
2023-09-25,9.96,10.0,9.35,9.48,125549
2023-09-26,9.44,9.44,9.2,9.22,78609
2023-09-27,9.22,9.46,9.1,9.23,62375
2023-09-28,9.3,9.58,9.25,9.35,63894
2023-10-09,9.34,9.34,9.13,9.31,47857
2023-10-10,9.34,9.48,9.27,9.32,75083
2023-10-11,9.32,9.33,9.13,9.19,61090
2023-10-12,9.26,10.11,9.18,10.11,205857
2023-10-13,10.0,10.25,9.96,10.2,316344
2023-10-16,10.08,10.27,9.78,9.86,168134
2023-10-17,9.76,10.02,9.67,9.76,140958
2023-10-18,9.73,9.81,9.41,9.44,113469
2023-10-19,9.44,10.38,9.36,10.38,222463
2023-10-20,10.41,11.42,10.39,11.42,538599
2023-10-23,12.56,12.56,11.43,12.0,434016
2023-10-24,12.0,13.2,12.0,13.2,1176890
2023-10-25,11.88,12.92,11.88,11.88,1011125
2023-10-26,11.24,11.38,10.88,11.3,664900
2023-10-27,10.98,11.86,10.92,11.36,588250
2023-10-30,10.83,11.26,10.83,11.05,437457
2023-10-31,10.96,11.17,10.65,10.84,340535
2023-11-01,10.79,10.97,10.75,10.88,193447
2023-11-02,10.84,10.88,10.55,10.59,199046
2023-11-03,10.57,10.66,10.35,10.45,194850
2023-11-06,10.4,10.76,10.37,10.7,311990
2023-11-07,10.6,10.78,10.5,10.74,242590
2023-11-08,10.71,10.94,10.53,10.92,326097
2023-11-09,11.1,11.18,10.61,10.61,304680
2023-11-10,10.51,10.61,10.27,10.36,239830
2023-11-13,10.33,10.43,10.31,10.43,113804
2023-11-14,10.41,10.43,10.22,10.33,152389
2023-11-15,10.47,10.95,10.43,10.79,407146
2023-11-16,10.67,10.74,10.49,10.5,210906
2023-11-17,10.48,10.65,10.43,10.64,150385
2023-11-20,10.69,10.79,10.5,10.74,149820
2023-11-21,10.74,10.89,10.6,10.63,184591
2023-11-22,10.55,10.67,10.4,10.44,126948
2023-11-23,10.35,10.48,10.27,10.48,94378
2023-11-24,10.45,10.45,10.0,10.12,141413
2023-11-27,10.07,10.18,9.93,10.12,96410
2023-11-28,10.07,10.21,10.0,10.2,69484
2023-11-29,10.21,10.24,10.09,10.1,64582
2023-11-30,10.07,10.15,9.93,10.0,68781
2023-12-01,9.96,10.6,9.93,10.33,186367
2023-12-04,10.33,10.89,10.26,10.65,312780
2023-12-05,10.42,10.94,10.4,10.41,289732
2023-12-06,10.44,11.45,10.39,11.45,253497
2023-12-07,12.39,12.39,11.58,11.68,817401
2023-12-08,11.9,12.2,11.17,11.25,521426
2023-12-11,10.68,10.84,10.14,10.45,524104
2023-12-12,10.15,11.34,10.15,10.69,454832
2023-12-13,10.5,10.65,10.26,10.34,294716
2023-12-14,10.65,10.79,10.34,10.39,299711
2023-12-15,10.22,10.88,10.22,10.44,359832
2023-12-18,10.23,10.5,9.96,10.02,287450
2023-12-19,9.97,10.04,9.72,9.84,169690
2023-12-20,9.85,9.94,9.55,9.58,141869
2023-12-21,9.5,9.73,9.45,9.65,122049
2023-12-22,9.6,10.33,9.43,9.96,280427
2023-12-25,9.85,10.03,9.77,9.88,143249
2023-12-26,9.9,10.3,9.89,10.02,223517
2023-12-27,9.9,9.98,9.58,9.74,170932
2023-12-28,9.69,10.4,9.68,10.26,347344
2023-12-29,10.36,10.4,10.18,10.23,188212
2024-01-02,10.22,10.3,10.11,10.23,113268
2024-01-03,10.2,10.39,10.13,10.25,109352
2024-01-04,10.24,10.27,9.9,9.97,118738
2024-01-05,9.95,10.17,9.72,9.77,124576
2024-01-08,9.74,9.91,9.62,9.62,107200
2024-01-09,9.63,9.88,9.5,9.73,115009
2024-01-10,9.71,10.06,9.44,9.73,143252
2024-01-11,9.67,10.3,9.61,10.12,245477
2024-01-12,9.99,10.19,9.93,9.95,136139
2024-01-15,9.84,9.9,9.63,9.66,124528
2024-01-16,9.6,9.77,9.48,9.64,113547
2024-01-17,9.6,9.63,9.18,9.18,117550
2024-01-18,9.07,9.12,8.7,8.98,155634
2024-01-19,8.91,9.16,8.75,8.75,96938
2024-01-22,8.66,8.66,7.93,8.04,154766
2024-01-23,8.0,8.22,7.83,8.03,92636
2024-01-24,8.07,8.16,7.6,8.01,131243
2024-01-25,7.99,8.2,7.89,8.19,107980
2024-01-26,8.13,8.33,8.1,8.18,90487
2024-01-29,8.13,8.2,7.84,7.84,80369
2024-01-30,7.42,7.75,7.42,7.5,86812
2024-01-31,7.45,7.48,6.83,6.86,165232
2024-02-01,6.92,7.02,6.64,6.8,109183
2024-02-02,6.82,6.99,6.15,6.44,130453
2024-02-05,6.28,6.33,5.8,5.8,145698
2024-02-06,5.39,5.9,5.22,5.64,192251
2024-02-07,5.79,6.14,5.64,5.72,212575
2024-02-08,5.46,6.03,5.39,6.0,201611
2024-02-19,6.1,6.43,6.1,6.37,169338
2024-02-20,6.49,6.66,6.2,6.59,138724
2024-02-21,6.52,7.23,6.47,6.88,181776
2024-02-22,6.83,7.07,6.73,6.99,122156
2024-02-23,7.0,7.22,6.99,7.2,139917
2024-02-26,7.25,7.52,7.11,7.31,133294
2024-02-27,7.32,7.58,7.28,7.58,102209
2024-02-28,7.66,8.34,7.66,7.71,359695
2024-02-29,7.66,8.15,7.33,8.09,343017
2024-03-01,8.0,8.04,7.76,7.88,234402
2024-03-04,7.9,8.02,7.66,7.72,169997
2024-03-05,7.63,7.77,7.46,7.5,144754
2024-03-06,7.4,7.61,7.32,7.47,115644
2024-03-07,7.55,7.86,7.5,7.56,183819
2024-03-08,7.56,7.71,7.38,7.51,102454
2024-03-11,7.57,7.85,7.57,7.78,148082
2024-03-12,7.82,7.84,7.62,7.73,116797
2024-03-13,7.78,7.78,7.63,7.71,86600
2024-03-14,7.71,7.85,7.57,7.65,103025
2024-03-15,7.6,7.87,7.56,7.83,127807
2024-03-18,7.87,7.91,7.76,7.89,104705
2024-03-19,7.89,8.06,7.85,7.87,121304
2024-03-20,7.85,8.1,7.78,8.0,107994
2024-03-21,8.1,8.18,7.93,8.02,109382
2024-03-22,8.0,8.04,7.68,7.75,118973
2024-03-25,7.68,7.84,7.55,7.55,94790
2024-03-26,7.55,7.7,7.38,7.6,95563
2024-03-27,7.6,7.66,7.25,7.26,79519
2024-03-28,7.31,7.5,7.28,7.45,79973
2024-03-29,7.5,7.7,7.4,7.58,66916
2024-04-01,7.6,7.95,7.59,7.83,101189
2024-04-02,7.83,8.6,7.81,8.31,317440
2024-04-03,8.28,8.79,8.09,8.44,337904
2024-04-08,8.34,8.93,8.22,8.57,344539
2024-04-09,8.43,8.75,8.32,8.51,293751
2024-04-10,8.48,8.49,8.1,8.18,226799
2024-04-11,8.02,8.34,7.92,8.14,162555
2024-04-12,8.1,8.16,7.85,7.85,129470
2024-04-15,7.85,7.85,7.07,7.07,226549
2024-04-16,6.87,6.89,6.36,6.36,173311
2024-04-17,6.37,6.89,6.37,6.86,144740
2024-04-18,6.9,6.94,6.51,6.78,118860
2024-04-19,6.78,6.89,6.58,6.6,110913
2024-04-22,6.52,6.77,6.43,6.56,85920
2024-04-23,6.6,6.63,6.47,6.54,58170
2024-04-24,6.4,6.76,6.38,6.69,110808
2024-04-25,6.6,6.8,6.6,6.65,87571
2024-04-26,6.62,6.75,6.56,6.75,88303
2024-04-29,6.7,7.15,6.67,7.15,114748
2024-04-30,7.74,7.87,7.32,7.37,295632
2024-05-06,7.55,7.65,7.42,7.6,184585
2024-05-07,7.5,7.85,7.5,7.68,132766
2024-05-08,7.61,7.84,7.51,7.7,121289
2024-05-09,7.81,8.2,7.79,8.06,217793
2024-05-10,8.06,8.13,7.76,7.79,148183
2024-05-13,7.76,7.77,7.53,7.58,107854
2024-05-14,7.56,7.77,7.56,7.63,70767
2024-05-15,7.65,7.74,7.53,7.62,66776
2024-05-16,7.66,7.79,7.62,7.65,66490
2024-05-17,7.66,7.88,7.58,7.75,89180
2024-05-20,7.77,8.05,7.76,7.99,134479
2024-05-21,7.97,7.98,7.71,7.74,120785
2024-05-22,7.76,7.85,7.7,7.76,67590
2024-05-23,7.73,7.74,7.47,7.49,70632
2024-05-24,7.46,7.53,7.36,7.36,60666
2024-05-27,7.4,7.48,7.27,7.46,62158
2024-05-28,7.5,7.61,7.39,7.46,64834
2024-05-29,7.4,7.78,7.39,7.73,120767
2024-05-30,7.78,7.78,7.48,7.51,95140
2024-05-31,7.4,7.51,7.36,7.36,72488
2024-06-03,7.43,7.43,6.99,7.05,113322
2024-06-04,7.01,7.04,6.84,6.96,79770
2024-06-05,6.97,6.97,6.78,6.79,58338
2024-06-06,6.86,6.96,6.4,6.48,105597
2024-06-07,6.56,6.68,6.49,6.6,66340
2024-06-11,6.55,6.67,6.4,6.64,56257
2024-06-12,6.65,6.77,6.61,6.76,53944
2024-06-13,6.79,6.83,6.69,6.71,50865
2024-06-14,6.71,6.74,6.6,6.69,35955
2024-06-17,6.63,6.69,6.55,6.62,45553
2024-06-18,6.62,6.71,6.57,6.68,38593
2024-06-19,6.68,6.73,6.61,6.65,39129
2024-06-20,6.63,6.69,6.45,6.46,48053
2024-06-21,6.53,6.55,6.38,6.42,42140
2024-06-24,6.38,6.38,6.05,6.06,67400
2024-06-25,6.09,6.22,6.05,6.16,58276
2024-06-26,6.1,6.42,6.08,6.42,91421
2024-06-27,6.4,6.54,6.2,6.21,71726
2024-06-28,6.19,6.32,6.16,6.19,59744
2024-07-01,6.16,6.29,6.14,6.28,64484
2024-07-02,6.3,6.38,6.19,6.29,59769
2024-07-03,6.3,6.73,6.29,6.43,116904
2024-07-04,6.54,6.58,6.11,6.13,103795
2024-07-05,6.11,6.26,6.0,6.23,64716
2024-07-08,6.03,6.27,5.97,5.99,71156
2024-07-09,6.02,6.09,5.85,6.05,74033
2024-07-10,6.28,6.47,6.15,6.24,221773
2024-07-11,6.32,6.65,6.29,6.57,246166
2024-07-12,6.5,6.66,6.5,6.57,149416
2024-07-15,6.56,6.62,6.45,6.57,107522
2024-07-16,6.52,6.73,6.52,6.67,132257
2024-07-17,6.67,6.72,6.45,6.47,101647
2024-07-18,6.4,6.45,6.24,6.37,80656
2024-07-19,6.41,6.46,6.19,6.36,94903
2024-07-22,6.31,6.39,6.25,6.27,71031
2024-07-23,6.29,6.33,6.04,6.05,74609
2024-07-24,6.04,6.08,5.83,5.9,79039
2024-07-25,5.85,6.05,5.8,5.96,59051
2024-07-26,5.93,6.2,5.93,6.09,64375
2024-07-29,6.11,6.13,6.0,6.02,39237
2024-07-30,6.0,6.1,5.97,6.08,43223
2024-07-31,6.08,6.35,6.07,6.33,77759
2024-08-01,6.4,6.43,6.28,6.38,63160
2024-08-02,6.31,6.48,6.3,6.33,52369
2024-08-05,6.3,6.44,6.19,6.19,58471
2024-08-06,6.25,6.33,6.22,6.3,47436
2024-08-07,6.3,6.34,6.19,6.27,41747
2024-08-08,6.26,6.33,6.19,6.25,41965
2024-08-09,6.34,6.34,6.17,6.18,42542
2024-08-12,6.18,6.23,6.07,6.1,33092
2024-08-13,6.16,6.19,6.03,6.18,39402
2024-08-14,6.16,6.25,6.11,6.14,35227
2024-08-15,6.12,6.21,6.04,6.16,49238
2024-08-16,6.37,6.39,6.05,6.05,127554
2024-08-19,5.99,6.11,5.96,6.02,76610
2024-08-20,6.04,6.18,5.96,5.98,69951
2024-08-21,5.96,6.48,5.9,6.32,163351
2024-08-22,6.28,6.29,6.01,6.02,124927
2024-08-23,6.01,6.01,5.77,5.81,94388
2024-08-26,5.79,6.09,5.79,6.06,107934
2024-08-27,6.06,6.11,5.87,5.9,70795
2024-08-28,5.87,6.06,5.87,6.02,64062
2024-08-29,5.99,6.15,5.93,6.14,68138
2024-08-30,6.16,6.33,6.13,6.25,88806
2024-09-02,6.24,6.29,6.07,6.08,55286
2024-09-03,6.1,6.33,6.02,6.22,76561
2024-09-04,6.15,6.29,6.13,6.19,56057
2024-09-05,6.18,6.31,6.14,6.19,53447
2024-09-06,6.25,6.25,6.03,6.06,41462
2024-09-09,5.99,6.13,5.99,6.05,41194
2024-09-10,6.05,6.11,5.95,6.05,43259
2024-09-11,6.01,6.66,6.01,6.66,218512
2024-09-12,7.06,7.12,6.68,6.7,520892
2024-09-13,6.63,6.71,6.34,6.36,290958
2024-09-18,6.35,6.38,6.11,6.26,178105
2024-09-19,6.32,6.46,6.09,6.4,212979
2024-09-20,6.2,6.3,6.13,6.17,190799
2024-09-23,6.14,6.42,6.07,6.3,209702
2024-09-24,6.31,6.6,6.31,6.6,260631
2024-09-25,6.58,6.8,6.54,6.6,266253
2024-09-26,6.54,6.74,6.53,6.74,172612
2024-09-27,6.88,7.39,6.78,7.27,261927
2024-09-30,7.52,7.94,7.33,7.86,455170
2024-10-08,8.65,8.65,7.61,8.16,463577
2024-10-09,7.99,7.99,7.34,7.34,290578
2024-10-10,7.2,7.36,6.97,7.13,232285
2024-10-11,7.09,7.16,6.83,6.92,169128
2024-10-14,6.93,7.09,6.88,7.07,133251
2024-10-15,7.05,7.15,6.93,6.93,165321
2024-10-16,6.86,7.11,6.82,7.07,160406
2024-10-17,7.09,7.32,7.09,7.12,151562
2024-10-18,7.11,7.4,7.06,7.29,197076
2024-10-21,7.3,7.73,7.29,7.52,221424
2024-10-22,7.53,7.89,7.44,7.89,253728
2024-10-23,7.85,8.18,7.76,7.91,309150
2024-10-24,7.87,8.35,7.8,8.14,298061
2024-10-25,8.2,8.5,8.19,8.41,275470
2024-10-28,8.43,8.87,8.38,8.86,319756
2024-10-29,8.8,9.21,8.55,8.68,362080
2024-10-30,8.62,9.08,8.51,8.85,245523
2024-10-31,9.05,9.39,8.87,9.39,453468
2024-11-01,9.32,9.82,8.56,8.98,619584
2024-11-04,8.98,9.6,8.85,9.24,496291
2024-11-05,9.1,9.41,8.97,9.41,421090
2024-11-06,9.3,10.35,9.21,10.28,680313
2024-11-07,9.97,11.31,9.58,11.31,670915
2024-11-08,11.5,12.3,11.03,11.86,550792
2024-11-11,11.86,13.05,11.72,13.05,211875
2024-11-12,14.35,14.36,13.16,14.33,735360
2024-11-13,13.8,14.6,12.9,13.42,602785
2024-11-14,13.51,13.97,12.08,12.08,558082
2024-11-15,11.71,13.2,11.61,12.3,571452
2024-11-18,12.07,12.15,11.07,11.07,420860
2024-11-19,10.92,11.75,10.66,11.45,495773
2024-11-20,11.25,11.55,11.04,11.19,431747
2024-11-21,11.0,11.25,10.87,11.12,281705
2024-11-22,11.02,11.3,10.35,10.38,336762
2024-11-25,10.43,10.6,10.17,10.43,236099
2024-11-26,10.44,10.52,10.05,10.09,180840
2024-11-27,9.99,10.07,9.51,10.02,209257
2024-11-28,10.1,10.21,9.92,9.94,154128
2024-11-29,9.95,10.08,9.68,9.92,200355
2024-12-02,9.93,10.22,9.81,10.2,201461
2024-12-03,10.2,10.29,10.02,10.25,185017
2024-12-04,10.23,10.24,9.94,10.01,167267
2024-12-05,9.93,10.14,9.89,10.12,119980
2024-12-06,10.09,10.2,9.9,10.15,142481
2024-12-09,10.15,10.17,9.86,9.99,142319
2024-12-10,10.21,10.29,9.95,9.97,170526
2024-12-11,9.97,10.25,9.94,10.1,157400
2024-12-12,10.1,10.28,10.0,10.23,191229
2024-12-13,10.2,11.1,9.93,10.78,462512
2024-12-16,10.78,11.86,10.63,11.86,579065
2024-12-17,11.96,12.18,11.18,11.3,435173
2024-12-18,11.28,11.28,10.66,11.03,297848
2024-12-19,10.75,10.88,10.37,10.56,241352
2024-12-20,10.6,10.8,10.41,10.61,184781
2024-12-23,10.69,10.69,9.7,9.78,237140
2024-12-24,9.73,10.17,9.73,9.93,135835
2024-12-25,9.83,9.92,9.11,9.19,197881
2024-12-26,9.2,9.44,9.02,9.02,167331
2024-12-27,9.02,9.25,8.94,9.16,113492
2024-12-30,9.16,9.17,8.9,9.07,81860
2024-12-31,9.13,9.43,8.98,9.0,162327
2025-01-02,9.02,9.16,8.76,8.84,118276
2025-01-03,8.83,8.92,8.33,8.36,135438
2025-01-06,8.35,8.6,8.08,8.37,109936
2025-01-07,8.36,8.66,8.33,8.66,98288
2025-01-08,8.64,8.83,8.48,8.74,122257
2025-01-09,8.67,8.82,8.65,8.68,70316
2025-01-10,8.68,8.75,8.31,8.32,82172
2025-01-13,8.25,8.68,8.14,8.53,97062
2025-01-14,8.5,8.86,8.48,8.86,109725
2025-01-15,8.76,9.11,8.73,8.88,112554
2025-01-16,8.89,9.09,8.83,9.0,109125
2025-01-17,8.98,9.12,8.91,9.03,84573
2025-01-20,9.03,9.11,8.85,8.93,76369
2025-01-21,8.99,9.0,8.66,8.72,92763
2025-01-22,8.73,8.75,8.56,8.59,59036
2025-01-23,8.7,8.88,8.55,8.55,78593
2025-01-24,8.51,8.63,8.45,8.6,62979
2025-01-27,8.64,8.74,8.49,8.51,61884
2025-02-05,8.58,8.83,8.57,8.73,88604
2025-02-06,8.68,8.87,8.57,8.87,96066
2025-02-07,8.9,9.2,8.87,9.06,131822
2025-02-10,9.1,9.25,9.06,9.2,94319
2025-02-11,9.19,9.22,8.95,9.0,101258
2025-02-12,8.97,9.27,8.9,9.14,156204
2025-02-13,9.11,9.3,9.03,9.06,117953
2025-02-14,9.02,9.3,8.92,8.95,110841
2025-02-17,8.93,9.0,8.82,8.91,95050
2025-02-18,8.95,9.06,8.72,8.76,125182
2025-02-19,8.73,8.91,8.71,8.89,93669
2025-02-20,8.86,8.95,8.79,8.86,89050
2025-02-21,8.86,8.91,8.75,8.88,107417
2025-02-24,8.88,9.06,8.8,8.97,117765
2025-02-25,8.88,9.1,8.87,8.93,131756
2025-02-26,8.94,9.16,8.94,9.11,139939
2025-02-27,9.11,9.27,9.03,9.16,193451
2025-02-28,9.09,9.15,8.85,8.86,148898
2025-03-03,8.91,9.75,8.9,9.75,170081
2025-03-04,10.06,10.63,9.83,10.4,745255
2025-03-05,10.01,10.11,9.71,9.8,371923
2025-03-06,9.79,10.23,9.75,10.09,364138
2025-03-07,9.99,10.32,9.83,9.91,296428
2025-03-10,9.85,10.39,9.8,10.28,300390
2025-03-11,10.06,10.35,10.06,10.2,228975
2025-03-12,10.2,10.27,9.97,9.98,201524
2025-03-13,9.98,10.06,9.75,9.86,174340
2025-03-14,9.85,10.06,9.82,9.94,141095
2025-03-17,10.12,10.33,10.08,10.14,234620
2025-03-18,10.1,10.13,10.01,10.05,132581
2025-03-19,10.04,10.04,9.82,9.86,111873
2025-03-20,9.85,9.89,9.71,9.72,106452
2025-03-21,9.7,9.7,9.36,9.41,121178
2025-03-24,9.37,9.4,9.01,9.32,109323
2025-03-25,9.34,9.39,9.16,9.33,83976
2025-03-26,9.31,9.5,9.28,9.47,91165
2025-03-27,9.48,9.5,9.28,9.31,66185
2025-03-28,9.37,9.37,9.1,9.16,57089
2025-03-31,9.13,9.13,8.87,8.96,72961
2025-04-01,9.06,9.13,8.99,9.11,53114
2025-04-02,9.11,9.18,9.05,9.11,41821
2025-04-03,9.03,9.13,8.98,9.08,49164
2025-04-07,8.6,8.6,8.17,8.17,89533
2025-04-08,7.6,8.13,7.52,7.72,129250
2025-04-09,7.61,7.96,7.02,7.87,123961
2025-04-10,8.17,8.18,8.02,8.08,90734
2025-04-11,8.0,8.25,7.98,8.17,65947
2025-04-14,8.25,8.43,8.25,8.35,63096
2025-04-15,8.36,8.44,8.25,8.33,51410
2025-04-16,8.35,8.43,8.04,8.15,71196
2025-04-17,8.1,8.22,8.08,8.1,45555
2025-04-18,8.03,8.19,8.01,8.14,39150
2025-04-21,8.12,8.32,8.1,8.32,53671
2025-04-22,8.3,8.39,8.23,8.32,55431
2025-04-23,8.38,8.39,8.27,8.34,48337
2025-04-24,8.37,9.17,8.35,9.17,117579
2025-04-25,9.0,9.48,8.75,9.18,332338
2025-04-28,8.94,9.01,8.67,8.67,192004
2025-04-29,8.59,8.77,8.59,8.65,108167
2025-04-30,8.31,8.59,8.3,8.46,126930
2025-05-06,8.55,8.67,8.5,8.67,89894
2025-05-07,8.72,8.77,8.57,8.64,92178
2025-05-08,8.65,8.89,8.55,8.84,107611
2025-05-09,8.82,8.83,8.63,8.67,64895
2025-05-12,8.71,8.77,8.67,8.76,62472
2025-05-13,8.9,8.9,8.68,8.7,58120
2025-05-14,8.71,8.95,8.61,8.83,95302
2025-05-15,8.84,8.88,8.65,8.66,62546
2025-05-16,8.8,9.05,8.7,8.72,81690
2025-05-19,8.72,8.82,8.64,8.8,54184
2025-05-20,8.78,8.88,8.73,8.88,67991
2025-05-21,8.87,9.05,8.83,8.99,104241
2025-05-22,9.0,9.32,8.95,9.03,176056
2025-05-23,9.09,9.38,8.88,8.89,141912
2025-05-26,8.79,8.84,8.64,8.76,109066
2025-05-27,8.74,8.81,8.64,8.73,68491
2025-05-28,8.74,8.75,8.54,8.6,66249
2025-05-29,8.59,8.73,8.55,8.72,55163
2025-05-30,8.65,8.73,8.51,8.51,52488
2025-06-03,8.48,8.59,8.45,8.52,35300
2025-06-04,8.5,8.84,8.5,8.73,98637
2025-06-05,8.68,8.8,8.59,8.68,54296
2025-06-06,8.75,8.98,8.7,8.91,122023
2025-06-09,8.89,9.0,8.84,8.97,76085
2025-06-10,8.95,9.08,8.78,8.88,77372
2025-06-11,8.88,9.18,8.88,9.03,121185
2025-06-12,9.02,9.03,8.83,8.93,72956
2025-06-13,8.88,8.97,8.66,8.68,82077
2025-06-16,8.69,8.74,8.62,8.66,45080
2025-06-17,8.63,8.75,8.62,8.67,43155
2025-06-18,8.59,8.68,8.45,8.6,53699
2025-06-19,8.57,8.98,8.55,8.63,129734
2025-06-20,8.61,8.88,8.47,8.49,106136
2025-06-23,8.42,8.77,8.41,8.7,96377
2025-06-24,8.69,9.57,8.61,9.39,486515
2025-06-25,9.22,9.31,9.12,9.25,332367
2025-06-26,9.27,9.43,9.18,9.22,189226
2025-06-27,9.31,9.47,9.21,9.26,172403
2025-06-30,9.23,9.29,9.1,9.23,132543
2025-07-01,9.21,9.24,9.04,9.24,99844
2025-07-02,9.25,9.48,9.15,9.36,212610
2025-07-03,9.47,9.47,9.18,9.35,174584
2025-07-04,9.25,9.34,9.03,9.07,128991
2025-07-07,9.01,9.08,9.01,9.07,54453
2025-07-08,9.1,9.48,9.07,9.42,162931
2025-07-09,9.38,9.44,9.24,9.27,85600
2025-07-10,9.23,9.42,9.23,9.31,67474
2025-07-11,9.35,9.55,9.31,9.41,162938
2025-07-14,9.74,10.35,9.74,10.35,180923
2025-07-15,11.39,11.39,9.96,10.4,902367
2025-07-16,9.97,9.97,9.52,9.53,582522
2025-07-17,9.41,10.3,9.31,9.97,512398
2025-07-18,9.91,10.28,9.85,10.17,483773
2025-07-21,10.08,10.17,9.92,9.95,282345
2025-07-22,9.96,10.1,9.84,10.0,258980
2025-07-23,10.19,10.25,9.76,9.78,297766
2025-07-24,9.71,10.76,9.7,10.76,610139
2025-07-25,10.76,11.11,10.6,10.6,786905
2025-07-28,10.47,10.61,10.32,10.42,361383
2025-07-29,10.35,10.56,10.22,10.35,265057
2025-07-30,10.47,10.66,10.27,10.39,363022
2025-07-31,10.23,10.26,9.96,10.03,284382
2025-08-01,10.03,10.2,9.98,10.15,191213
2025-08-04,10.07,10.14,9.89,10.0,148424
2025-08-05,10.02,10.06,9.88,9.94,141022
2025-08-06,9.92,9.93,9.82,9.91,149416
2025-08-07,9.95,10.18,9.8,10.17,337741
2025-08-08,10.1,10.48,9.95,10.31,311279
2025-08-11,11.34,11.34,10.75,10.91,1017871
2025-08-12,10.51,10.77,10.22,10.45,804087
2025-08-13,10.35,11.16,10.24,10.84,716861
2025-08-14,10.73,10.87,10.46,10.47,368897
2025-08-15,10.44,10.71,10.44,10.59,246438
2025-08-18,10.9,10.98,10.6,10.7,296440
2025-08-19,10.6,10.81,10.56,10.69,234909
2025-08-20,10.55,10.82,10.43,10.59,234529
2025-08-21,10.58,10.67,10.33,10.37,196931
2025-08-22,10.32,10.49,10.32,10.43,154912
2025-08-25,10.43,10.64,10.4,10.52,231156
2025-08-26,10.47,10.5,10.17,10.38,192096
2025-08-27,10.4,10.44,9.96,9.97,276740
2025-08-28,9.85,10.05,9.56,9.88,201370
2025-08-29,9.88,10.15,9.86,9.99,176962
2025-09-01,9.94,10.18,9.85,10.15,145744
2025-09-02,10.15,10.2,9.87,9.95,155538
2025-09-03,9.86,10.11,9.62,9.71,149883
2025-09-04,9.67,10.02,9.63,9.75,162012
2025-09-05,9.71,10.2,9.71,10.2,253158
2025-09-08,10.2,10.39,10.09,10.31,284852
2025-09-09,10.2,10.56,10.17,10.23,258954
2025-09-10,10.05,10.22,9.92,10.03,186391
2025-09-11,10.03,10.05,9.87,9.94,169052
2025-09-12,9.95,10.18,9.9,10.11,191559
2025-09-15,10.12,10.27,10.0,10.02,127170
2025-09-16,10.11,10.13,9.77,9.92,148611
2025-09-17,9.94,10.0,9.76,9.93,110887
2025-09-18,9.88,9.9,9.57,9.67,166678
2025-09-19,9.65,9.87,9.63,9.78,133482
2025-09-22,9.78,9.86,9.45,9.56,119679
2025-09-23,9.51,9.56,9.16,9.35,137788
2025-09-24,9.34,9.51,9.22,9.5,89525
2025-09-25,9.58,9.75,9.48,9.48,99447
2025-09-26,9.39,9.61,9.39,9.5,87731
2025-09-29,9.55,9.88,9.53,9.86,184563
2025-09-30,9.88,10.19,9.85,10.08,183021
2025-10-09,10.25,10.45,10.11,10.38,253483
2025-10-10,10.32,10.43,10.1,10.14,187092
2025-10-13,9.74,10.21,9.64,10.16,175515
2025-10-14,10.21,10.26,9.78,9.84,144190
2025-10-15,9.92,10.25,9.72,9.87,153571
2025-10-16,9.82,9.89,9.61,9.65,106893
2025-10-17,9.66,10.21,9.35,9.36,190559
2025-10-20,9.39,9.47,9.26,9.33,100406
2025-10-21,9.34,9.61,9.31,9.42,100140
2025-10-22,9.37,9.47,9.23,9.36,91538
2025-10-23,9.36,9.65,9.31,9.64,156662
2025-10-24,9.65,10.02,9.64,9.68,205461
2025-10-27,9.69,9.94,9.66,9.86,167781
2025-10-28,9.86,9.99,9.7,9.86,135798
2025-10-29,9.8,10.13,9.77,10.0,154008
2025-10-30,10.01,10.45,10.01,10.36,371284
2025-10-31,10.26,10.98,10.23,10.63,433585
2025-11-03,10.57,10.72,10.42,10.6,251552
2025-11-04,10.55,10.68,10.38,10.51,181939
2025-11-05,10.4,10.76,10.31,10.62,149933
2025-11-06,10.62,10.7,10.5,10.63,116558
2025-11-07,10.66,11.69,10.65,11.48,568282
2025-11-10,11.52,11.78,11.32,11.33,488979
2025-11-11,11.46,11.5,11.1,11.18,257875
2025-11-12,11.13,11.15,10.76,10.92,183923
2025-11-13,10.9,11.69,10.9,11.46,360969
2025-11-14,11.26,11.55,11.21,11.24,226566
2025-11-17,11.6,12.24,11.5,11.95,496383
2025-11-18,12.03,12.31,11.55,11.67,363666
2025-11-19,11.66,12.84,11.66,12.4,1070614
2025-11-20,12.0,12.99,11.83,12.3,919024
2025-11-21,11.52,11.67,11.07,11.07,474526
2025-11-24,10.83,10.93,10.08,10.78,498413
2025-11-25,11.07,11.26,10.76,11.12,334245
2025-11-26,11.3,12.0,11.06,11.42,386640
2025-11-27,11.44,11.66,11.32,11.34,244007
2025-11-28,11.32,11.95,11.28,11.77,293274
2025-12-01,11.95,12.0,11.46,11.53,249973
2025-12-02,11.46,11.57,11.12,11.2,178522
2025-12-03,11.36,11.4,10.79,11.06,226799
2025-12-04,11.0,11.24,10.74,10.83,171014
2025-12-05,10.81,11.02,10.61,10.83,148278
2025-12-08,10.86,11.43,10.84,11.37,226976
2025-12-09,11.29,11.29,10.87,10.9,160943
2025-12-10,10.87,11.18,10.76,11.02,132611
2025-12-11,11.16,11.16,10.77,10.77,135389
2025-12-12,10.88,11.15,10.28,10.35,232941
2025-12-15,10.1,10.3,10.0,10.14,154693
2025-12-16,10.19,10.22,9.84,10.0,131920
2025-12-17,10.2,10.71,10.11,10.68,289657
2025-12-18,10.48,10.8,10.36,10.39,195194
2025-12-19,10.48,10.75,10.13,10.65,217306
2025-12-22,10.7,10.87,10.63,10.7,182682
2025-12-23,10.7,11.1,10.67,10.93,216287
2025-12-24,11.02,11.09,10.75,10.84,168881
2025-12-25,10.56,10.9,10.48,10.74,176866
2025-12-26,10.95,11.18,10.79,11.07,282121
2025-12-29,11.18,11.18,10.54,10.57,231562
2025-12-30,10.41,10.68,10.22,10.49,167874
2025-12-31,10.52,10.66,10.35,10.39,117360
2026-01-05,10.46,10.79,10.32,10.73,212453
2026-01-06,10.89,11.8,10.86,11.38,565269
2026-01-07,11.3,11.73,11.19,11.29,392781
2026-01-08,11.25,11.53,11.02,11.12,272866
2026-01-09,11.03,11.37,11.02,11.23,201988
2026-01-12,11.5,11.69,11.28,11.44,267372
2026-01-13,11.47,11.99,11.28,11.48,374303
2026-01-14,11.39,11.6,11.04,11.25,285113
2026-01-15,11.16,11.58,11.1,11.37,227501
2026-01-16,11.33,11.48,10.92,10.99,216468
2026-01-19,10.95,11.2,10.78,11.16,148357
2026-01-20,11.28,11.37,10.86,11.13,179657
2026-01-21,11.09,11.54,11.09,11.51,287179
2026-01-22,11.53,11.71,11.45,11.55,192737
2026-01-23,11.63,12.04,11.58,12.03,233670
2026-01-26,12.36,12.36,11.88,11.99,272452
2026-01-27,11.99,12.08,11.43,11.71,223432
2026-01-28,11.72,12.37,11.5,12.25,318353
2026-01-29,11.58,12.15,11.48,11.76,316783
2026-01-30,11.5,11.55,10.82,11.1,303079
2026-02-02,10.83,10.98,10.31,10.31,232905
2026-02-03,10.49,10.67,10.36,10.62,152205
2026-02-04,10.61,10.65,10.48,10.59,109977
2026-02-05,10.49,10.53,10.05,10.13,146017
2026-02-06,10.0,10.64,9.94,10.52,161810
2026-02-09,10.56,10.7,10.5,10.56,99629
2026-02-10,10.55,10.56,10.41,10.48,71224
2026-02-11,10.41,10.87,10.41,10.81,143439
2026-02-12,10.8,11.37,10.75,10.89,187903
2026-02-13,10.78,10.88,10.62,10.62,107955
2026-02-24,10.94,11.14,10.8,10.9,123915
2026-02-25,10.99,11.99,10.98,11.71,623847
2026-02-26,12.59,12.67,11.82,11.82,690063
2026-02-27,11.54,12.43,11.54,12.37,507642
2026-03-02,12.2,12.26,11.68,11.96,384941
2026-03-03,11.93,12.01,11.21,11.26,353428
2026-03-04,11.2,11.71,11.05,11.29,266290
2026-03-05,11.62,11.63,11.12,11.2,192892
2026-03-06,11.04,11.29,11.02,11.06,199858
2026-03-09,10.79,11.4,10.54,11.3,275780
2026-03-10,11.38,11.49,11.16,11.23,158103
2026-03-11,11.19,11.48,11.14,11.25,216095
2026-03-12,11.24,11.37,11.07,11.16,151308
2026-03-13,11.1,11.48,10.97,10.99,193180
2026-03-16,10.9,11.08,10.65,10.9,176710
2026-03-17,11.0,11.05,10.61,10.63,115467
2026-03-18,10.62,10.65,10.39,10.59,96704
2026-03-19,10.48,10.48,10.06,10.12,172097
2026-03-20,10.12,10.44,9.85,9.97,198634
2026-03-23,9.7,10.64,9.55,10.13,296504
2026-03-24,10.34,10.48,9.95,10.33,174192
2026-03-25,10.41,10.58,10.23,10.56,186003
2026-03-26,10.43,10.87,10.43,10.65,200909
2026-03-27,10.46,11.72,10.41,11.72,477238
2026-03-30,11.85,11.88,11.48,11.63,474368
2026-03-31,11.49,11.64,11.28,11.29,302465
2026-04-01,11.47,11.59,11.09,11.17,213786
2026-04-02,11.15,11.67,10.89,11.42,422603
2026-04-03,11.37,11.57,10.74,10.9,277481
2026-04-07,11.16,11.66,11.05,11.36,304610
2026-04-08,11.5,11.6,11.24,11.59,339636
2026-04-09,11.59,11.93,11.25,11.74,434437
2026-04-10,11.76,12.06,11.66,11.8,431265
2026-04-13,11.8,12.04,11.56,11.94,427711
2026-04-14,12.0,13.1,11.84,12.76,737914
2026-04-15,12.8,12.86,12.02,12.05,491871
2026-04-16,12.05,13.26,12.05,12.97,893141
2026-04-17,13.09,13.49,12.8,12.85,672188
2026-04-20,12.85,13.2,12.61,12.7,383599
2026-04-21,12.85,13.97,12.42,13.48,894819
2026-04-22,13.38,14.0,13.24,13.35,625835
2026-04-23,13.25,13.92,12.79,13.52,593889
2026-04-24,13.35,14.71,13.3,14.35,719738
2026-04-27,14.36,14.66,14.0,14.57,655421
2026-04-28,15.5,16.03,15.38,16.03,552466
2026-04-29,15.92,17.63,15.73,17.63,615455
